t_s,roll,pitch,err_r,err_p,err_r_filt,err_p_filt,integ_r,integ_p,pi_out_r,pi_out_p,corr_r,corr_p,target_roll,target_pitch,clip_flags,dt_actual
0.0000,-0.05789,-0.08343,-0.05789,-0.08343,-0.05926,-0.08400,-0.41270,1.54817,-0.35344,1.63217,-0.35344,1.63217,0.00000,0.00000,0,0.00079
0.1000,-0.06121,-0.08560,-0.06121,-0.08560,-0.05976,-0.08424,-0.41094,1.55068,-0.35118,1.63492,-0.35118,1.63492,0.00000,0.00000,0,0.00028
0.2004,-0.06503,-0.08829,-0.06503,-0.08829,-0.06322,-0.08686,-0.40908,1.55326,-0.34586,1.64012,-0.34586,1.64012,0.00000,0.00000,0,0.00024
0.3023,-0.07076,-0.08829,-0.07076,-0.08829,-0.06789,-0.08869,-0.40711,1.55591,-0.33922,1.64460,-0.33922,1.64460,0.00000,0.00000,0,0.00093
0.4020,-0.06976,-0.08632,-0.06976,-0.08632,-0.07063,-0.08775,-0.40500,1.55856,-0.33437,1.64631,-0.33437,1.64631,0.00000,0.00000,0,0.00031
0.5026,-0.07029,-0.08592,-0.07029,-0.08592,-0.07085,-0.08684,-0.40288,1.56118,-0.33202,1.64802,-0.33202,1.64802,0.00000,0.00000,0,0.00027
0.6063,-0.07043,-0.08620,-0.07043,-0.08620,-0.07093,-0.08650,-0.40075,1.56378,-0.32982,1.65028,-0.32982,1.65028,0.00000,0.00000,0,0.00135
0.7097,-0.07088,-0.08532,-0.07088,-0.08532,-0.07079,-0.08491,-0.39862,1.56634,-0.32783,1.65125,-0.32783,1.65125,0.00000,0.00000,0,0.00265
0.8080,-0.06995,-0.08457,-0.06995,-0.08457,-0.07002,-0.08488,-0.39652,1.56888,-0.32649,1.65376,-0.32649,1.65376,0.00000,0.00000,0,0.00038
0.9088,-0.06599,-0.08245,-0.06599,-0.08245,-0.06752,-0.08292,-0.39445,1.57139,-0.32693,1.65431,-0.32693,1.65431,0.00000,0.00000,0,0.00034
1.0094,-0.06761,-0.08279,-0.06761,-0.08279,-0.06719,-0.08341,-0.39243,1.57389,-0.32524,1.65730,-0.32524,1.65730,0.00000,0.00000,0,0.00037
1.1098,-0.06432,-0.08046,-0.06432,-0.08046,-0.06589,-0.08140,-0.39043,1.57635,-0.32454,1.65776,-0.32454,1.65776,0.00000,0.00000,0,0.00033
1.2109,-0.07166,-0.08070,-0.07166,-0.08070,-0.06874,-0.08082,-0.38842,1.57878,-0.31969,1.65960,-0.31969,1.65960,0.00000,0.00000,0,0.00029
1.3119,-0.07468,-0.08190,-0.07468,-0.08190,-0.07262,-0.08145,-0.38629,1.58122,-0.31366,1.66267,-0.31366,1.66267,0.00000,0.00000,0,0.00042
1.4138,-0.07224,-0.08285,-0.07224,-0.08285,-0.07326,-0.08203,-0.38408,1.58366,-0.31082,1.66569,-0.31082,1.66569,0.00000,0.00000,0,0.00027
1.5153,-0.07038,-0.08451,-0.07038,-0.08451,-0.07174,-0.08355,-0.38190,1.58615,-0.31016,1.66970,-0.31016,1.66970,0.00000,0.00000,0,0.00030
1.6168,-0.06939,-0.08555,-0.06939,-0.08555,-0.07002,-0.08494,-0.37979,1.58868,-0.30977,1.67361,-0.30977,1.67361,0.00000,0.00000,0,0.00027
1.7195,-0.07275,-0.08565,-0.07275,-0.08565,-0.07167,-0.08514,-0.37766,1.59123,-0.30600,1.67637,-0.30600,1.67637,0.00000,0.00000,0,0.00026
1.8204,-0.07233,-0.08044,-0.07233,-0.08044,-0.07207,-0.08190,-0.37550,1.59373,-0.30343,1.67563,-0.30343,1.67563,0.00000,0.00000,0,0.00026
1.9241,-0.07420,-0.08082,-0.07420,-0.08082,-0.07385,-0.08092,-0.37331,1.59616,-0.29946,1.67708,-0.29946,1.67708,0.00000,0.00000,0,0.00027
2.0278,-0.07582,-0.08476,-0.07582,-0.08476,-0.07494,-0.08331,-0.37108,1.59863,-0.29614,1.68194,-0.29614,1.68194,0.00000,0.00000,0,0.00027
2.1291,-0.06902,-0.08519,-0.06902,-0.08519,-0.07227,-0.08527,-0.36887,1.60116,-0.29659,1.68643,-0.29659,1.68643,0.00000,0.00000,0,0.00031
2.2326,-0.07367,-0.08388,-0.07367,-0.08388,-0.07284,-0.08474,-0.36670,1.60372,-0.29386,1.68846,-0.29386,1.68846,0.00000,0.00000,0,0.00175
2.3320,-0.07824,-0.08102,-0.07824,-0.08102,-0.07638,-0.08205,-0.36446,1.60622,-0.28808,1.68827,-0.28808,1.68827,0.00000,0.00000,0,0.00027
2.4337,-0.07538,-0.08024,-0.07538,-0.08024,-0.07719,-0.08147,-0.36212,1.60868,-0.28493,1.69016,-0.28493,1.69016,0.00000,0.00000,0,0.00027
2.5374,-0.07761,-0.08145,-0.07761,-0.08145,-0.07726,-0.08176,-0.35980,1.61114,-0.28254,1.69289,-0.28254,1.69289,0.00000,0.00000,0,0.00043
2.6397,-0.07023,-0.08067,-0.07023,-0.08067,-0.07335,-0.08125,-0.35754,1.61359,-0.28419,1.69484,-0.28419,1.69484,0.00000,0.00000,0,0.00031
2.7415,-0.06973,-0.08248,-0.06973,-0.08248,-0.07057,-0.08118,-0.35541,1.61600,-0.28483,1.69719,-0.28483,1.69719,0.00000,0.00000,0,0.00109
2.8411,-0.07709,-0.08943,-0.07709,-0.08943,-0.07459,-0.08658,-0.35323,1.61853,-0.27864,1.70511,-0.27864,1.70511,0.00000,0.00000,0,0.00028
2.9419,-0.07642,-0.09201,-0.07642,-0.09201,-0.07651,-0.09069,-0.35095,1.62120,-0.27444,1.71189,-0.27444,1.71189,0.00000,0.00000,0,0.00026
3.0454,-0.07665,-0.08839,-0.07665,-0.08839,-0.07717,-0.08992,-0.34863,1.62393,-0.27147,1.71385,-0.27147,1.71385,0.00000,0.00000,0,0.00038
3.1468,-0.07426,-0.09262,-0.07426,-0.09262,-0.07534,-0.09166,-0.34635,1.62665,-0.27101,1.71831,-0.27101,1.71831,0.00000,0.00000,0,0.00038
3.2472,-0.07072,-0.09552,-0.07072,-0.09552,-0.07299,-0.09379,-0.34413,1.62943,-0.27113,1.72322,-0.27113,1.72322,0.00000,0.00000,0,0.00028
3.3490,-0.07364,-0.09362,-0.07364,-0.09362,-0.07223,-0.09448,-0.34196,1.63227,-0.26974,1.72675,-0.26974,1.72675,0.00000,0.00000,0,0.00027
3.4501,-0.07358,-0.09702,-0.07358,-0.09702,-0.07334,-0.09570,-0.33977,1.63511,-0.26643,1.73081,-0.26643,1.73081,0.00000,0.00000,0,0.00070
3.5515,-0.07309,-0.09822,-0.07309,-0.09822,-0.07365,-0.09748,-0.33755,1.63802,-0.26391,1.73550,-0.26391,1.73550,0.00000,0.00000,0,0.00028
3.6553,-0.07341,-0.09972,-0.07341,-0.09972,-0.07319,-0.09974,-0.33536,1.64099,-0.26217,1.74073,-0.26217,1.74073,0.00000,0.00000,0,0.00048
3.7558,-0.07489,-0.09960,-0.07489,-0.09960,-0.07431,-0.09967,-0.33314,1.64398,-0.25883,1.74365,-0.25883,1.74365,0.00000,0.00000,0,0.00037
3.8584,-0.07852,-0.09876,-0.07852,-0.09876,-0.07640,-0.09897,-0.33089,1.64696,-0.25448,1.74593,-0.25448,1.74593,0.00000,0.00000,0,0.00035
3.9591,-0.07609,-0.10106,-0.07609,-0.10106,-0.07675,-0.10021,-0.32858,1.64994,-0.25182,1.75015,-0.25182,1.75015,0.00000,0.00000,0,0.00032
4.0600,-0.07947,-0.10232,-0.07947,-0.10232,-0.07884,-0.10180,-0.32624,1.65298,-0.24740,1.75478,-0.24740,1.75478,0.00000,0.00000,0,0.00032
4.1612,-0.07923,-0.09877,-0.07923,-0.09877,-0.07941,-0.10067,-0.32386,1.65603,-0.24445,1.75670,-0.24445,1.75670,0.00000,0.00000,0,0.00027
4.2622,-0.07887,-0.09539,-0.07887,-0.09539,-0.07981,-0.09724,-0.32147,1.65898,-0.24166,1.75622,-0.24166,1.75622,0.00000,0.00000,0,0.00037
4.3635,-0.08402,-0.09955,-0.08402,-0.09955,-0.08146,-0.09836,-0.31907,1.66191,-0.23761,1.76027,-0.23761,1.76027,0.00000,0.00000,0,0.00033
4.4657,-0.08325,-0.10099,-0.08325,-0.10099,-0.08268,-0.09985,-0.31661,1.66489,-0.23392,1.76474,-0.23392,1.76474,0.00000,0.00000,0,0.00026
4.5677,-0.08100,-0.10062,-0.08100,-0.10062,-0.08224,-0.10131,-0.31411,1.66792,-0.23187,1.76923,-0.23187,1.76923,0.00000,0.00000,0,0.00025
4.6699,-0.07502,-0.10073,-0.07502,-0.10073,-0.07765,-0.10023,-0.31172,1.67093,-0.23407,1.77116,-0.23407,1.77116,0.00000,0.00000,0,0.00090
4.7703,-0.06877,-0.10129,-0.06877,-0.10129,-0.07238,-0.10113,-0.30948,1.67396,-0.23710,1.77509,-0.23710,1.77509,0.00000,0.00000,0,0.00025
4.8715,-0.06806,-0.10390,-0.06806,-0.10390,-0.06866,-0.10266,-0.30739,1.67701,-0.23874,1.77968,-0.23874,1.77968,0.00000,0.00000,0,0.00024
4.9739,-0.06542,-0.10254,-0.06542,-0.10254,-0.06684,-0.10358,-0.30536,1.68011,-0.23852,1.78369,-0.23852,1.78369,0.00000,0.00000,0,0.00035
5.0759,-0.06543,-0.10635,-0.06543,-0.10635,-0.06624,-0.10508,-0.30335,1.68324,-0.23711,1.78832,-0.23711,1.78832,0.00000,0.00000,0,0.00029
5.1774,-0.06408,-0.10582,-0.06408,-0.10582,-0.06525,-0.10627,-0.30138,1.68642,-0.23613,1.79270,-0.23613,1.79270,0.00000,0.00000,0,0.00026
5.2790,-0.06307,-0.10631,-0.06307,-0.10631,-0.06381,-0.10607,-0.29945,1.68960,-0.23565,1.79567,-0.23565,1.79567,0.00000,0.00000,0,0.00028
5.3810,-0.06038,-0.10858,-0.06038,-0.10858,-0.06041,-0.10775,-0.29762,1.69282,-0.23720,1.80057,-0.23720,1.80057,0.00000,0.00000,0,0.00037
5.4816,-0.05714,-0.10572,-0.05714,-0.10572,-0.05867,-0.10690,-0.29583,1.69604,-0.23716,1.80294,-0.23716,1.80294,0.00000,0.00000,0,0.00038
5.5823,-0.06020,-0.10831,-0.06020,-0.10831,-0.05913,-0.10684,-0.29407,1.69923,-0.23494,1.80607,-0.23494,1.80607,0.00000,0.00000,0,0.00027
5.6837,-0.05961,-0.10801,-0.05961,-0.10801,-0.06021,-0.10816,-0.29227,1.70248,-0.23207,1.81063,-0.23207,1.81063,0.00000,0.00000,0,0.00025
5.7865,-0.05503,-0.10305,-0.05503,-0.10305,-0.05681,-0.10509,-0.29052,1.70567,-0.23371,1.81077,-0.23371,1.81077,0.00000,0.00000,0,0.00027
5.8872,-0.05611,-0.10338,-0.05611,-0.10338,-0.05489,-0.10362,-0.28887,1.70879,-0.23398,1.81241,-0.23398,1.81241,0.00000,0.00000,0,0.00028
5.9887,-0.05221,-0.10306,-0.05221,-0.10306,-0.05331,-0.10297,-0.28725,1.71188,-0.23394,1.81485,-0.23394,1.81485,0.00000,0.00000,0,0.00026
6.0899,-0.05398,-0.10149,-0.05398,-0.10149,-0.05272,-0.10166,-0.28567,1.71495,-0.23295,1.81661,-0.23295,1.81661,0.00000,0.00000,0,0.00028
6.1914,-0.05276,-0.10124,-0.05276,-0.10124,-0.05383,-0.10147,-0.28406,1.71800,-0.23022,1.81947,-0.23022,1.81947,0.00000,0.00000,0,0.00076
6.2918,-0.04979,-0.10418,-0.04979,-0.10418,-0.05161,-0.10339,-0.28248,1.72107,-0.23088,1.82446,-0.23088,1.82446,0.00000,0.00000,0,0.00027
6.3956,-0.05355,-0.10695,-0.05355,-0.10695,-0.05175,-0.10602,-0.28095,1.72423,-0.22919,1.83024,-0.22919,1.83024,0.00000,0.00000,0,0.00038
6.4969,-0.05140,-0.10785,-0.05140,-0.10785,-0.05239,-0.10781,-0.27937,1.72745,-0.22698,1.83526,-0.22698,1.83526,0.00000,0.00000,0,0.00029
6.5987,-0.05189,-0.11071,-0.05189,-0.11071,-0.05074,-0.10999,-0.27784,1.73073,-0.22711,1.84072,-0.22711,1.84072,0.00000,0.00000,0,0.00027
6.6997,-0.05132,-0.10909,-0.05132,-0.10909,-0.05136,-0.10924,-0.27630,1.73402,-0.22494,1.84326,-0.22494,1.84326,0.00000,0.00000,0,0.00026
6.8008,-0.04635,-0.10944,-0.04635,-0.10944,-0.04945,-0.10983,-0.27478,1.73732,-0.22534,1.84714,-0.22534,1.84714,0.00000,0.00000,0,0.00026
6.9018,-0.04611,-0.10924,-0.04611,-0.10924,-0.04592,-0.11024,-0.27338,1.74063,-0.22746,1.85087,-0.22746,1.85087,0.00000,0.00000,0,0.00031
7.0042,-0.04891,-0.11051,-0.04891,-0.11051,-0.04821,-0.10985,-0.27198,1.74392,-0.22377,1.85377,-0.22377,1.85377,0.00000,0.00000,0,0.00037
7.1052,-0.05165,-0.11451,-0.05165,-0.11451,-0.05056,-0.11304,-0.27049,1.74727,-0.21993,1.86031,-0.21993,1.86031,0.00000,0.00000,0,0.00043
7.2079,-0.04878,-0.11624,-0.04878,-0.11624,-0.05029,-0.11523,-0.26896,1.75070,-0.21867,1.86593,-0.21867,1.86593,0.00000,0.00000,0,0.00038
7.3100,-0.04741,-0.11548,-0.04741,-0.11548,-0.04769,-0.11608,-0.26751,1.75418,-0.21982,1.87026,-0.21982,1.87026,0.00000,0.00000,0,0.00029
7.4112,-0.04295,-0.11772,-0.04295,-0.11772,-0.04444,-0.11690,-0.26614,1.75767,-0.22170,1.87457,-0.22170,1.87457,0.00000,0.00000,0,0.00032
7.5124,-0.03906,-0.11818,-0.03906,-0.11818,-0.04062,-0.11806,-0.26488,1.76119,-0.22427,1.87925,-0.22427,1.87925,0.00000,0.00000,0,0.00031
7.6145,-0.03868,-0.11586,-0.03868,-0.11586,-0.03924,-0.11694,-0.26369,1.76472,-0.22445,1.88165,-0.22445,1.88165,0.00000,0.00000,0,0.00026
7.7149,-0.03640,-0.11654,-0.03640,-0.11654,-0.03701,-0.11655,-0.26255,1.76821,-0.22554,1.88476,-0.22554,1.88476,0.00000,0.00000,0,0.00030
7.8168,-0.03263,-0.11696,-0.03263,-0.11696,-0.03434,-0.11699,-0.26149,1.77172,-0.22715,1.88870,-0.22715,1.88870,0.00000,0.00000,0,0.00032
7.9181,-0.03009,-0.11389,-0.03009,-0.11389,-0.03145,-0.11516,-0.26051,1.77520,-0.22906,1.89036,-0.22906,1.89036,0.00000,0.00000,0,0.00028
8.0189,-0.02644,-0.12119,-0.02644,-0.12119,-0.02834,-0.11815,-0.25963,1.77868,-0.23129,1.89684,-0.23129,1.89684,0.00000,0.00000,0,0.00027
8.1207,-0.02636,-0.12118,-0.02636,-0.12118,-0.02684,-0.12109,-0.25882,1.78229,-0.23198,1.90339,-0.23198,1.90339,0.00000,0.00000,0,0.00027
8.2212,-0.02394,-0.12377,-0.02394,-0.12377,-0.02429,-0.12304,-0.25806,1.78596,-0.23377,1.90901,-0.23377,1.90901,0.00000,0.00000,0,0.00037
8.3222,-0.01923,-0.12249,-0.01923,-0.12249,-0.02171,-0.12312,-0.25737,1.78966,-0.23566,1.91278,-0.23566,1.91278,0.00000,0.00000,0,0.00025
8.4230,-0.01368,-0.12262,-0.01368,-0.12262,-0.01579,-0.12337,-0.25724,1.79337,-0.24146,1.91674,-0.24146,1.91674,0.00000,0.00000,16,0.00028
8.5261,-0.00715,-0.12084,-0.00715,-0.12084,-0.00957,-0.12135,-0.25724,1.79704,-0.24768,1.91839,-0.24768,1.91839,0.00000,0.00000,16,0.00030
8.6282,-0.00179,-0.12662,-0.00179,-0.12662,-0.00408,-0.12397,-0.25724,1.80070,-0.25316,1.92467,-0.25316,1.92467,0.00000,0.00000,16,0.00027
8.7314,0.00079,-0.12931,0.00079,-0.12931,-0.00138,-0.12725,-0.25724,1.80449,-0.25587,1.93174,-0.25587,1.93174,0.00000,0.00000,16,0.00029
8.8318,0.00725,-0.13430,0.00725,-0.13430,0.00371,-0.13176,-0.25724,1.80839,-0.26095,1.94014,-0.26095,1.94014,0.00000,0.00000,16,0.00031
8.9356,0.01332,-0.13611,0.01332,-0.13611,0.00990,-0.13559,-0.25724,1.81242,-0.26714,1.94801,-0.26714,1.94801,0.00000,0.00000,16,0.00081
9.0387,0.01662,-0.13529,0.01662,-0.13529,0.01539,-0.13514,-0.25724,1.81648,-0.27264,1.95161,-0.27264,1.95161,0.00000,0.00000,16,0.00153
9.1383,0.02171,-0.13675,0.02171,-0.13675,0.01974,-0.13583,-0.25724,1.82054,-0.27699,1.95637,-0.27699,1.95637,0.00000,0.00000,16,0.00027
9.2392,0.02573,-0.13776,0.02573,-0.13776,0.02360,-0.13686,-0.25790,1.82463,-0.28150,1.96148,-0.28150,1.96148,0.00000,0.00000,0,0.00026
9.3417,0.03293,-0.13735,0.03293,-0.13735,0.02836,-0.13676,-0.25868,1.82873,-0.28704,1.96549,-0.28704,1.96549,0.00000,0.00000,0,0.00101
9.4420,0.03789,-0.13879,0.03789,-0.13879,0.03494,-0.13860,-0.25965,1.83287,-0.29459,1.97147,-0.29459,1.97147,0.00000,0.00000,0,0.00030
9.5441,0.04171,-0.14268,0.04171,-0.14268,0.04009,-0.14089,-0.26080,1.83707,-0.30089,1.97796,-0.30089,1.97796,0.00000,0.00000,0,0.00029
9.6447,0.04700,-0.14145,0.04700,-0.14145,0.04455,-0.14186,-0.26208,1.84133,-0.30663,1.98319,-0.30663,1.98319,0.00000,0.00000,0,0.00027
9.7469,0.06403,-0.13550,0.06403,-0.13550,0.05563,-0.13900,-0.26358,1.84555,-0.31921,1.98455,-0.31921,1.98455,0.00000,0.00000,0,0.00032
9.8481,0.10224,-0.12535,0.10224,-0.12535,0.09057,-0.13026,-0.26589,1.84956,-0.35647,1.97982,-0.35647,1.97982,0.00000,0.00000,0,0.00025
9.9491,0.10998,-0.12250,0.10998,-0.12250,0.10526,-0.12394,-0.26890,1.85334,-0.37417,1.97728,-0.37417,1.97728,0.00000,0.00000,0,0.00027
10.0502,0.11170,-0.12024,0.11170,-0.12024,0.11064,-0.12163,-0.27217,1.85702,-0.38281,1.97865,-0.38281,1.97865,0.00000,0.00000,0,0.00027
10.1534,0.11522,-0.11859,0.11522,-0.11859,0.11404,-0.11992,-0.27555,1.86064,-0.38959,1.98056,-0.38959,1.98056,0.00000,0.00000,0,0.00030
10.2586,0.11197,-0.11849,0.11197,-0.11849,0.11383,-0.11807,-0.27898,1.86419,-0.39281,1.98226,-0.39281,1.98226,0.00000,0.00000,0,0.00112
10.3586,0.11394,-0.11762,0.11394,-0.11762,0.11376,-0.11879,-0.28239,1.86776,-0.39614,1.98655,-0.39614,1.98655,0.00000,0.00000,0,0.00028
10.4599,0.11853,-0.11565,0.11853,-0.11565,0.11599,-0.11735,-0.28583,1.87130,-0.40182,1.98865,-0.40182,1.98865,0.00000,0.00000,0,0.00031
10.5612,0.11981,-0.11729,0.11981,-0.11729,0.11903,-0.11696,-0.28937,1.87481,-0.40840,1.99177,-0.40840,1.99177,0.00000,0.00000,0,0.00028
10.6629,0.12119,-0.11433,0.12119,-0.11433,0.12005,-0.11522,-0.29296,1.87828,-0.41301,1.99350,-0.41301,1.99350,0.00000,0.00000,0,0.00030
10.7645,0.11911,-0.11483,0.11911,-0.11483,0.11979,-0.11460,-0.29656,1.88172,-0.41635,1.99633,-0.41635,1.99633,0.00000,0.00000,0,0.00029
10.8656,0.12109,-0.11338,0.12109,-0.11338,0.11988,-0.11392,-0.30015,1.88515,-0.42003,1.99907,-0.42003,1.99907,0.00000,0.00000,0,0.00033
10.9688,0.12277,-0.11192,0.12277,-0.11192,0.12099,-0.11308,-0.30376,1.88857,-0.42474,2.00165,-0.42474,2.00165,0.00000,0.00000,0,0.00069
11.0704,0.12707,-0.10750,0.12707,-0.10750,0.12519,-0.10939,-0.30746,1.89190,-0.43265,2.00129,-0.43265,2.00129,0.00000,0.00000,0,0.00093
11.1711,0.12994,-0.10781,0.12994,-0.10781,0.12879,-0.10804,-0.31129,1.89515,-0.44008,2.00319,-0.44008,2.00319,0.00000,0.00000,0,0.00031
11.2714,0.14125,-0.09547,0.14125,-0.09547,0.13588,-0.10127,-0.31526,1.89830,-0.45114,1.99957,-0.45114,1.99957,0.00000,0.00000,0,0.00031
11.3737,0.18560,-0.06851,0.18560,-0.06851,0.16746,-0.08189,-0.31985,1.90104,-0.48731,1.98293,-0.48731,1.98293,0.00000,0.00000,0,0.00033
11.4772,0.19472,-0.06905,0.19472,-0.06905,0.18757,-0.07128,-0.32527,1.90327,-0.51284,1.97455,-0.51284,1.97455,0.00000,0.00000,0,0.00028
11.5785,0.19679,-0.06941,0.19679,-0.06941,0.19448,-0.06987,-0.33104,1.90538,-0.52552,1.97524,-0.52552,1.97524,0.00000,0.00000,0,0.00026
11.6803,0.19886,-0.06873,0.19886,-0.06873,0.19840,-0.06928,-0.33697,1.90746,-0.53537,1.97674,-0.53537,1.97674,0.00000,0.00000,0,0.00027
11.7810,0.19699,-0.06569,0.19699,-0.06569,0.19831,-0.06699,-0.34293,1.90951,-0.54124,1.97649,-0.54124,1.97649,0.00000,0.00000,0,0.00032
11.8816,0.19555,-0.06187,0.19555,-0.06187,0.19666,-0.06336,-0.34885,1.91145,-0.54551,1.97481,-0.54551,1.97481,0.00000,0.00000,0,0.00028
11.9825,0.19411,-0.05727,0.19411,-0.05727,0.19506,-0.05966,-0.35472,1.91330,-0.54978,1.97296,-0.54978,1.97296,0.00000,0.00000,0,0.00029
12.0841,0.19567,-0.05102,0.19567,-0.05102,0.19485,-0.05363,-0.36056,1.91497,-0.55541,1.96860,-0.55541,1.96860,0.00000,0.00000,0,0.00047
12.1868,0.19477,-0.04626,0.19477,-0.04626,0.19563,-0.04891,-0.36644,1.91650,-0.56207,1.96541,-0.56207,1.96541,0.00000,0.00000,0,0.00027
12.2875,0.19619,-0.04166,0.19619,-0.04166,0.19528,-0.04321,-0.37229,1.91786,-0.56757,1.96107,-0.56757,1.96107,0.00000,0.00000,0,0.00031
12.3890,0.19686,-0.03499,0.19686,-0.03499,0.19628,-0.03726,-0.37816,1.91904,-0.57444,1.95630,-0.57444,1.95630,0.00000,0.00000,0,0.00029
12.4906,0.19611,-0.03351,0.19611,-0.03351,0.19625,-0.03348,-0.38405,1.92008,-0.58030,1.95356,-0.58030,1.95356,0.00000,0.00000,0,0.00024
12.5929,0.19240,-0.03282,0.19240,-0.03282,0.19333,-0.03340,-0.38988,1.92108,-0.58321,1.95448,-0.58321,1.95448,0.00000,0.00000,0,0.00029
12.6942,0.18990,-0.02694,0.18990,-0.02694,0.19080,-0.02912,-0.39563,1.92201,-0.58643,1.95114,-0.58643,1.95114,0.00000,0.00000,0,0.00025
12.7965,0.18610,-0.01783,0.18610,-0.01783,0.18732,-0.02151,-0.40129,1.92275,-0.58861,1.94426,-0.58861,1.94426,0.00000,0.00000,0,0.00043
12.8968,0.19233,-0.00338,0.19233,-0.00338,0.18935,-0.01024,-0.40693,1.92275,-0.59628,1.93299,-0.59628,1.93299,0.00000,0.00000,32,0.00028
12.9991,0.19526,0.01143,0.19526,0.01143,0.19390,0.00443,-0.41268,1.92275,-0.60658,1.91833,-0.60658,1.91833,0.00000,0.00000,32,0.00027
13.1001,0.19435,0.02377,0.19435,0.02377,0.19458,0.01776,-0.41853,1.92275,-0.61311,1.90500,-0.61311,1.90500,0.00000,0.00000,32,0.00025
13.2011,0.19185,0.03534,0.19185,0.03534,0.19298,0.02996,-0.42434,1.92199,-0.61732,1.89203,-0.61732,1.89203,0.00000,0.00000,0,0.00029
13.3038,0.19224,0.04879,0.19224,0.04879,0.19288,0.04230,-0.43013,1.92087,-0.62301,1.87857,-0.62301,1.87857,0.00000,0.00000,0,0.00029
13.4056,0.19923,0.08587,0.19923,0.08587,0.19506,0.06828,-0.43593,1.91921,-0.63098,1.85093,-0.63098,1.85093,0.00000,0.00000,0,0.00047
13.5072,0.20573,0.11882,0.20573,0.11882,0.20290,0.10496,-0.44191,1.91648,-0.64481,1.81152,-0.64481,1.81152,0.00000,0.00000,0,0.00046
13.6079,0.21012,0.13513,0.21012,0.13513,0.20793,0.12673,-0.44810,1.91290,-0.65603,1.78617,-0.65603,1.78617,0.00000,0.00000,0,0.00036
13.7099,0.20817,0.14655,0.20817,0.14655,0.20826,0.14174,-0.45435,1.90881,-0.66261,1.76707,-0.66261,1.76707,0.00000,0.00000,0,0.00031
13.8119,0.20269,0.14934,0.20269,0.14934,0.20590,0.14782,-0.46056,1.90443,-0.66646,1.75661,-0.66646,1.75661,0.00000,0.00000,0,0.00033
13.9134,0.20268,0.15086,0.20268,0.15086,0.20346,0.14998,-0.46670,1.89995,-0.67016,1.74997,-0.67016,1.74997,0.00000,0.00000,0,0.00028
14.0142,0.19917,0.14897,0.19917,0.14897,0.20098,0.14945,-0.47275,1.89546,-0.67373,1.74601,-0.67373,1.74601,0.00000,0.00000,0,0.00030
14.1155,0.19792,0.14437,0.19792,0.14437,0.19930,0.14585,-0.47876,1.89104,-0.67806,1.74519,-0.67806,1.74519,0.00000,0.00000,0,0.00027
14.2171,0.19364,0.14081,0.19364,0.14081,0.19477,0.14266,-0.48465,1.88672,-0.67943,1.74406,-0.67943,1.74406,0.00000,0.00000,0,0.00128
14.3168,0.18983,0.13947,0.18983,0.13947,0.19223,0.14008,-0.49045,1.88250,-0.68268,1.74242,-0.68268,1.74242,0.00000,0.00000,0,0.00030
14.4191,0.19440,0.13899,0.19440,0.13899,0.19300,0.13990,-0.49623,1.87829,-0.68922,1.73839,-0.68922,1.73839,0.00000,0.00000,0,0.00033
14.5206,0.19418,0.14147,0.19418,0.14147,0.19361,0.14085,-0.50202,1.87408,-0.69563,1.73323,-0.69563,1.73323,0.00000,0.00000,0,0.00100
14.6209,0.18941,0.14192,0.18941,0.14192,0.19146,0.14161,-0.50780,1.86984,-0.69925,1.72824,-0.69925,1.72824,0.00000,0.00000,0,0.00032
14.7214,0.19098,0.14230,0.19098,0.14230,0.18897,0.14190,-0.51347,1.86558,-0.70244,1.72368,-0.70244,1.72368,0.00000,0.00000,0,0.00037
14.8218,0.18920,0.14211,0.18920,0.14211,0.18975,0.14202,-0.51917,1.86132,-0.70891,1.71930,-0.70891,1.71930,0.00000,0.00000,0,0.00031
14.9221,0.19200,0.14339,0.19200,0.14339,0.19191,0.14261,-0.52491,1.85706,-0.71682,1.71445,-0.71682,1.71445,0.00000,0.00000,0,0.00026
15.0248,0.19139,0.14229,0.19139,0.14229,0.19131,0.14290,-0.53065,1.85276,-0.72195,1.70986,-0.72195,1.70986,0.00000,0.00000,0,0.00031
15.1269,0.18977,0.14103,0.18977,0.14103,0.19064,0.14125,-0.53637,1.84851,-0.72701,1.70727,-0.72701,1.70727,0.00000,0.00000,0,0.00031
15.2304,0.17327,0.14917,0.17327,0.14917,0.18376,0.14740,-0.54204,1.84419,-0.72580,1.69679,-0.72580,1.69679,0.00000,0.00000,0,0.00090
15.3306,0.17118,0.15433,0.17118,0.15433,0.17554,0.15392,-0.54739,1.83963,-0.72293,1.68571,-0.72293,1.68571,0.00000,0.00000,0,0.00028
15.4314,0.17515,0.16026,0.17515,0.16026,0.17459,0.15863,-0.55263,1.83491,-0.72722,1.67629,-0.72722,1.67629,0.00000,0.00000,0,0.00034
15.5334,0.16731,0.16192,0.16731,0.16192,0.16980,0.16113,-0.55779,1.83010,-0.72759,1.66898,-0.72759,1.66898,0.00000,0.00000,0,0.00078
15.6354,0.16682,0.16263,0.16682,0.16263,0.16756,0.16235,-0.56283,1.82524,-0.73039,1.66290,-0.73039,1.66290,0.00000,0.00000,0,0.00091
15.7395,0.16649,0.16586,0.16649,0.16586,0.16645,0.16495,-0.56784,1.82032,-0.73429,1.65537,-0.73429,1.65537,0.00000,0.00000,0,0.00100
15.8403,0.16707,0.16465,0.16707,0.16465,0.16733,0.16467,-0.57285,1.81538,-0.74018,1.65070,-0.74018,1.65070,0.00000,0.00000,0,0.00027
15.9415,0.16340,0.16563,0.16340,0.16563,0.16597,0.16573,-0.57787,1.81042,-0.74384,1.64469,-0.74384,1.64469,0.00000,0.00000,0,0.00030
16.0448,0.15549,0.16518,0.15549,0.16518,0.15912,0.16547,-0.58273,1.80545,-0.74184,1.63997,-0.74184,1.63997,0.00000,0.00000,0,0.00032
16.1471,0.15029,0.16653,0.15029,0.16653,0.15209,0.16560,-0.58736,1.80049,-0.73945,1.63489,-0.73945,1.63489,0.00000,0.00000,0,0.00030
16.2502,0.14547,0.16418,0.14547,0.16418,0.14693,0.16414,-0.59182,1.79555,-0.73875,1.63141,-0.73875,1.63141,0.00000,0.00000,0,0.00130
16.3496,0.14171,0.16472,0.14171,0.16472,0.14383,0.16332,-0.59618,1.79065,-0.74000,1.62733,-0.74000,1.62733,0.00000,0.00000,0,0.00027
16.4503,0.13868,0.16795,0.13868,0.16795,0.14110,0.16697,-0.60045,1.78568,-0.74155,1.61871,-0.74155,1.61871,0.00000,0.00000,0,0.00026
16.5514,0.13559,0.16754,0.13559,0.16754,0.13786,0.16792,-0.60463,1.78065,-0.74249,1.61273,-0.74249,1.61273,0.00000,0.00000,0,0.00034
16.6525,0.13370,0.17098,0.13370,0.17098,0.13403,0.16968,-0.60868,1.77559,-0.74271,1.60590,-0.74271,1.60590,0.00000,0.00000,0,0.00026
16.7552,0.13196,0.17341,0.13196,0.17341,0.13241,0.17179,-0.61267,1.77047,-0.74508,1.59869,-0.74508,1.59869,0.00000,0.00000,0,0.00037
16.8573,0.12916,0.17881,0.12916,0.17881,0.13077,0.17561,-0.61663,1.76526,-0.74740,1.58964,-0.74740,1.58964,0.00000,0.00000,0,0.00029
16.9595,0.12389,0.18397,0.12389,0.18397,0.12615,0.18158,-0.62048,1.75987,-0.74662,1.57829,-0.74662,1.57829,0.00000,0.00000,0,0.00122
17.0599,0.10971,0.19341,0.10971,0.19341,0.11562,0.18919,-0.62408,1.75431,-0.73969,1.56511,-0.73969,1.56511,0.00000,0.00000,0,0.00031
17.1613,0.10246,0.19531,0.10246,0.19531,0.10627,0.19473,-0.62737,1.74851,-0.73364,1.55378,-0.73364,1.55378,0.00000,0.00000,0,0.00028
17.2629,0.08983,0.19534,0.08983,0.19534,0.09553,0.19537,-0.63038,1.74265,-0.72591,1.54728,-0.72591,1.54728,0.00000,0.00000,0,0.00031
17.3672,0.07754,0.20345,0.07754,0.20345,0.08518,0.20000,-0.63308,1.73671,-0.71826,1.53671,-0.71826,1.53671,0.00000,0.00000,0,0.00102
17.4678,0.01488,0.26778,0.01488,0.26778,0.03350,0.25359,-0.63467,1.72978,-0.66817,1.47618,-0.66817,1.47618,0.00000,0.00000,0,0.00027
17.5689,-0.00320,0.26499,-0.00320,0.26499,0.00794,0.26468,-0.63482,1.72197,-0.64276,1.45730,-0.64276,1.45730,0.00000,0.00000,16,0.00031
17.6706,-0.00365,0.26280,-0.00365,0.26280,-0.00176,0.26360,-0.63482,1.71404,-0.63306,1.45043,-0.63306,1.45043,0.00000,0.00000,16,0.00028
17.7718,-0.01627,0.26190,-0.01627,0.26190,-0.01189,0.26187,-0.63482,1.70616,-0.62293,1.44430,-0.62293,1.44430,0.00000,0.00000,16,0.00031
17.8733,-0.02302,0.25988,-0.02302,0.25988,-0.01937,0.26137,-0.63482,1.69831,-0.61545,1.43693,-0.61545,1.43693,0.00000,0.00000,16,0.00026
17.9749,-0.03206,0.23745,-0.03206,0.23745,-0.02820,0.24761,-0.63408,1.69065,-0.60588,1.44305,-0.60588,1.44305,0.00000,0.00000,0,0.00032
18.0769,-0.03505,0.22713,-0.03505,0.22713,-0.03294,0.23267,-0.63313,1.68352,-0.60020,1.45085,-0.60020,1.45085,0.00000,0.00000,0,0.00027
18.1796,-0.03658,0.22547,-0.03658,0.22547,-0.03696,0.22716,-0.63205,1.67665,-0.59509,1.44949,-0.59509,1.44949,0.00000,0.00000,0,0.00052
18.2804,-0.04061,0.22238,-0.04061,0.22238,-0.03973,0.22394,-0.63089,1.66990,-0.59116,1.44596,-0.59116,1.44596,0.00000,0.00000,0,0.00027
18.3811,-0.04283,0.21743,-0.04283,0.21743,-0.04098,0.21949,-0.62968,1.66326,-0.58870,1.44377,-0.58870,1.44377,0.00000,0.00000,0,0.00036
18.4825,-0.05665,0.20919,-0.05665,0.20919,-0.05174,0.21314,-0.62827,1.65678,-0.57653,1.44363,-0.57653,1.44363,0.00000,0.00000,0,0.00101
18.5823,-0.06953,0.19812,-0.06953,0.19812,-0.06451,0.20332,-0.62646,1.65054,-0.56195,1.44723,-0.56195,1.44723,0.00000,0.00000,0,0.00028
18.6837,-0.08642,0.14463,-0.08642,0.14463,-0.07686,0.16494,-0.62435,1.64506,-0.54749,1.48013,-0.54749,1.48013,0.00000,0.00000,0,0.00027
18.7857,-0.09031,0.13713,-0.09031,0.13713,-0.08676,0.14307,-0.62183,1.64057,-0.53507,1.49750,-0.53507,1.49750,0.00000,0.00000,0,0.00029
18.8873,-0.09304,0.13526,-0.09304,0.13526,-0.09049,0.13786,-0.61916,1.63638,-0.52867,1.49852,-0.52867,1.49852,0.00000,0.00000,0,0.00028
18.9895,-0.09093,0.13443,-0.09093,0.13443,-0.09201,0.13485,-0.61640,1.63231,-0.52439,1.49746,-0.52439,1.49746,0.00000,0.00000,0,0.00033
19.0901,-0.09743,0.13278,-0.09743,0.13278,-0.09473,0.13360,-0.61360,1.62828,-0.51887,1.49468,-0.51887,1.49468,0.00000,0.00000,0,0.00026
19.1914,-0.10116,0.13153,-0.10116,0.13153,-0.09918,0.13205,-0.61067,1.62430,-0.51149,1.49225,-0.51149,1.49225,0.00000,0.00000,0,0.00034
19.2937,-0.09716,0.13102,-0.09716,0.13102,-0.09938,0.13145,-0.60768,1.62035,-0.50830,1.48890,-0.50830,1.48890,0.00000,0.00000,0,0.00031
19.3960,-0.09722,0.12706,-0.09722,0.12706,-0.09819,0.12869,-0.60472,1.61646,-0.50653,1.48776,-0.50653,1.48776,0.00000,0.00000,0,0.00035
19.4986,-0.08609,0.11863,-0.08609,0.11863,-0.09080,0.12112,-0.60190,1.61274,-0.51110,1.49161,-0.51110,1.49161,0.00000,0.00000,0,0.00027
19.5998,-0.08678,0.10945,-0.08678,0.10945,-0.08751,0.11349,-0.59925,1.60924,-0.51173,1.49575,-0.51173,1.49575,0.00000,0.00000,0,0.00029
19.7014,-0.08159,0.10399,-0.08159,0.10399,-0.08323,0.10622,-0.59670,1.60598,-0.51347,1.49976,-0.51347,1.49976,0.00000,0.00000,0,0.00032
19.8021,-0.08306,0.10118,-0.08306,0.10118,-0.08294,0.10230,-0.59423,1.60287,-0.51129,1.50058,-0.51129,1.50058,0.00000,0.00000,0,0.00031
19.9033,-0.08072,0.09855,-0.08072,0.09855,-0.08170,0.10006,-0.59175,1.59984,-0.51005,1.49978,-0.51005,1.49978,0.00000,0.00000,0,0.00030
20.0064,-0.07823,0.09662,-0.07823,0.09662,-0.07879,0.09815,-0.58936,1.59688,-0.51057,1.49873,-0.51057,1.49873,0.00000,0.00000,0,0.00082
20.1084,-0.07543,0.09823,-0.07543,0.09823,-0.07666,0.09782,-0.58703,1.59395,-0.51037,1.49613,-0.51037,1.49613,0.00000,0.00000,0,0.00109
20.2082,-0.07763,0.09912,-0.07763,0.09912,-0.07636,0.09898,-0.58474,1.59099,-0.50838,1.49201,-0.50838,1.49201,0.00000,0.00000,0,0.00032
20.3092,-0.07866,0.09455,-0.07866,0.09455,-0.07811,0.09594,-0.58241,1.58807,-0.50430,1.49213,-0.50430,1.49213,0.00000,0.00000,0,0.00029
20.4103,-0.08171,0.09565,-0.08171,0.09565,-0.08069,0.09560,-0.58002,1.58521,-0.49934,1.48961,-0.49934,1.48961,0.00000,0.00000,0,0.00072
20.5110,-0.08645,0.09810,-0.08645,0.09810,-0.08442,0.09757,-0.57753,1.58230,-0.49311,1.48473,-0.49311,1.48473,0.00000,0.00000,0,0.00031
20.6118,-0.07866,0.09843,-0.07866,0.09843,-0.08099,0.09845,-0.57505,1.57936,-0.49406,1.48091,-0.49406,1.48091,0.00000,0.00000,0,0.00028
20.7128,-0.07745,0.10063,-0.07745,0.10063,-0.07765,0.09974,-0.57269,1.57639,-0.49504,1.47665,-0.49504,1.47665,0.00000,0.00000,0,0.00029
20.8152,-0.07901,0.09845,-0.07901,0.09845,-0.07815,0.09949,-0.57035,1.57339,-0.49220,1.47390,-0.49220,1.47390,0.00000,0.00000,0,0.00057
20.9170,-0.07530,0.09748,-0.07530,0.09748,-0.07656,0.09782,-0.56804,1.57044,-0.49148,1.47262,-0.49148,1.47262,0.00000,0.00000,0,0.00037
21.0174,-0.08169,0.09458,-0.08169,0.09458,-0.07912,0.09595,-0.56571,1.56753,-0.48659,1.47158,-0.48659,1.47158,0.00000,0.00000,0,0.00026
21.1194,-0.08103,0.09095,-0.08103,0.09095,-0.08055,0.09243,-0.56331,1.56472,-0.48276,1.47229,-0.48276,1.47229,0.00000,0.00000,0,0.00048
21.2196,-0.08163,0.08959,-0.08163,0.08959,-0.08225,0.09051,-0.56085,1.56198,-0.47860,1.47147,-0.47860,1.47147,0.00000,0.00000,0,0.00026
21.3206,-0.08455,0.08877,-0.08455,0.08877,-0.08338,0.08895,-0.55837,1.55930,-0.47499,1.47035,-0.47499,1.47035,0.00000,0.00000,0,0.00026
21.4219,-0.08156,0.08709,-0.08156,0.08709,-0.08302,0.08688,-0.55587,1.55668,-0.47284,1.46980,-0.47284,1.46980,0.00000,0.00000,0,0.00027
21.5241,-0.08146,0.08535,-0.08146,0.08535,-0.08187,0.08570,-0.55339,1.55410,-0.47152,1.46840,-0.47152,1.46840,0.00000,0.00000,0,0.00030
21.6249,-0.07960,0.08915,-0.07960,0.08915,-0.07973,0.08784,-0.55098,1.55149,-0.47125,1.46365,-0.47125,1.46365,0.00000,0.00000,0,0.00037
21.7279,-0.07318,0.09124,-0.07318,0.09124,-0.07598,0.09039,-0.54865,1.54880,-0.47267,1.45841,-0.47267,1.45841,0.00000,0.00000,0,0.00029
21.8297,-0.07378,0.08863,-0.07378,0.08863,-0.07360,0.09013,-0.54643,1.54608,-0.47282,1.45594,-0.47282,1.45594,0.00000,0.00000,0,0.00078
21.9315,-0.07495,0.08473,-0.07495,0.08473,-0.07441,0.08595,-0.54422,1.54345,-0.46980,1.45750,-0.46980,1.45750,0.00000,0.00000,0,0.00107
22.0323,-0.07729,0.08481,-0.07729,0.08481,-0.07689,0.08464,-0.54193,1.54090,-0.46503,1.45626,-0.46503,1.45626,0.00000,0.00000,0,0.00027
22.1333,-0.07890,0.08249,-0.07890,0.08249,-0.07750,0.08328,-0.53962,1.53839,-0.46212,1.45511,-0.46212,1.45511,0.00000,0.00000,0,0.00038
22.2363,-0.07929,0.07756,-0.07929,0.07756,-0.07919,0.07876,-0.53726,1.53598,-0.45807,1.45723,-0.45807,1.45723,0.00000,0.00000,0,0.00035
22.3374,-0.07606,0.07886,-0.07606,0.07886,-0.07653,0.07837,-0.53493,1.53364,-0.45840,1.45527,-0.45840,1.45527,0.00000,0.00000,0,0.00027
22.4392,-0.07145,0.07582,-0.07145,0.07582,-0.07356,0.07686,-0.53269,1.53131,-0.45913,1.45445,-0.45913,1.45445,0.00000,0.00000,0,0.00028
22.5405,-0.07404,0.07519,-0.07404,0.07519,-0.07420,0.07518,-0.53048,1.52904,-0.45628,1.45385,-0.45628,1.45385,0.00000,0.00000,0,0.00030
22.6414,-0.07408,0.07221,-0.07408,0.07221,-0.07353,0.07359,-0.52827,1.52680,-0.45475,1.45320,-0.45475,1.45320,0.00000,0.00000,0,0.00032
22.7426,-0.07026,0.07731,-0.07026,0.07731,-0.07187,0.07526,-0.52609,1.52458,-0.45422,1.44932,-0.45422,1.44932,0.00000,0.00000,0,0.00036
22.8443,-0.07427,0.07912,-0.07427,0.07912,-0.07297,0.07832,-0.52392,1.52226,-0.45095,1.44393,-0.45095,1.44393,0.00000,0.00000,0,0.00025
22.9453,-0.07386,0.08001,-0.07386,0.08001,-0.07445,0.07982,-0.52170,1.51987,-0.44726,1.44005,-0.44726,1.44005,0.00000,0.00000,0,0.00026
23.0479,-0.07315,0.08204,-0.07315,0.08204,-0.07292,0.08169,-0.51951,1.51744,-0.44659,1.43575,-0.44659,1.43575,0.00000,0.00000,0,0.00106
23.1487,-0.07146,0.08178,-0.07146,0.08178,-0.07160,0.08210,-0.51734,1.51498,-0.44574,1.43288,-0.44574,1.43288,0.00000,0.00000,0,0.00027
23.2495,-0.06597,0.08085,-0.06597,0.08085,-0.06792,0.08069,-0.51526,1.51256,-0.44734,1.43186,-0.44734,1.43186,0.00000,0.00000,0,0.00027
23.3509,-0.06763,0.07922,-0.06763,0.07922,-0.06714,0.07932,-0.51324,1.51016,-0.44610,1.43084,-0.44610,1.43084,0.00000,0.00000,0,0.00075
23.4519,-0.07287,0.07870,-0.07287,0.07870,-0.07046,0.07899,-0.51118,1.50778,-0.44072,1.42879,-0.44072,1.42879,0.00000,0.00000,0,0.00029
23.5531,-0.07178,0.08125,-0.07178,0.08125,-0.07201,0.08063,-0.50902,1.50539,-0.43701,1.42476,-0.43701,1.42476,0.00000,0.00000,0,0.00030
23.6553,-0.07412,0.08014,-0.07412,0.08014,-0.07353,0.08093,-0.50684,1.50295,-0.43330,1.42202,-0.43330,1.42202,0.00000,0.00000,0,0.00099
23.7568,-0.06938,0.08127,-0.06938,0.08127,-0.07113,0.08114,-0.50466,1.50052,-0.43352,1.41938,-0.43352,1.41938,0.00000,0.00000,0,0.00034
23.8595,-0.06647,0.08206,-0.06647,0.08206,-0.06809,0.08183,-0.50258,1.49808,-0.43449,1.41625,-0.43449,1.41625,0.00000,0.00000,0,0.00109
23.9591,-0.06580,0.08342,-0.06580,0.08342,-0.06697,0.08286,-0.50057,1.49560,-0.43360,1.41273,-0.43360,1.41273,0.00000,0.00000,0,0.00031
24.0598,-0.07009,0.08357,-0.07009,0.08357,-0.06818,0.08381,-0.49855,1.49310,-0.43037,1.40929,-0.43037,1.40929,0.00000,0.00000,0,0.00029
24.1620,-0.07022,0.07969,-0.07022,0.07969,-0.07017,0.08108,-0.49647,1.49063,-0.42630,1.40955,-0.42630,1.40955,0.00000,0.00000,0,0.00104
24.2618,-0.07364,0.07625,-0.07364,0.07625,-0.07302,0.07740,-0.49429,1.48827,-0.42128,1.41087,-0.42128,1.41087,0.00000,0.00000,0,0.00031
24.3623,-0.07106,0.07563,-0.07106,0.07563,-0.07240,0.07521,-0.49211,1.48600,-0.41970,1.41080,-0.41970,1.41080,0.00000,0.00000,0,0.00026
24.4636,-0.06660,0.07871,-0.06660,0.07871,-0.06915,0.07750,-0.48998,1.48371,-0.42084,1.40621,-0.42084,1.40621,0.00000,0.00000,0,0.00041
24.5668,-0.06978,0.07826,-0.06978,0.07826,-0.06836,0.07896,-0.48793,1.48134,-0.41957,1.40238,-0.41957,1.40238,0.00000,0.00000,0,0.00031
24.6684,-0.06744,0.07579,-0.06744,0.07579,-0.06823,0.07767,-0.48588,1.47898,-0.41765,1.40131,-0.41765,1.40131,0.00000,0.00000,0,0.00025
24.7734,-0.07078,0.07628,-0.07078,0.07628,-0.06916,0.07675,-0.48382,1.47667,-0.41466,1.39992,-0.41466,1.39992,0.00000,0.00000,0,0.00027
24.8753,-0.07292,0.07390,-0.07292,0.07390,-0.07219,0.07456,-0.48167,1.47441,-0.40948,1.39985,-0.40948,1.39985,0.00000,0.00000,0,0.00028
24.9775,-0.07778,0.07388,-0.07778,0.07388,-0.07617,0.07454,-0.47944,1.47217,-0.40327,1.39763,-0.40327,1.39763,0.00000,0.00000,0,0.00025
25.0801,-0.07963,0.07355,-0.07963,0.07355,-0.07720,0.07421,-0.47714,1.46994,-0.39995,1.39573,-0.39995,1.39573,0.00000,0.00000,0,0.00105
25.1799,-0.07300,0.05278,-0.07300,0.05278,-0.07692,0.06276,-0.47482,1.46784,-0.39790,1.40508,-0.39790,1.40508,0.00000,0.00000,0,0.00030
25.2808,-0.08228,0.04994,-0.08228,0.04994,-0.08031,0.05196,-0.47246,1.46620,-0.39214,1.41425,-0.39214,1.41425,0.00000,0.00000,0,0.00026
25.3818,-0.08601,0.04663,-0.08601,0.04663,-0.08342,0.04853,-0.47001,1.46471,-0.38659,1.41619,-0.38659,1.41619,0.00000,0.00000,0,0.00033
25.4821,-0.08837,0.04444,-0.08837,0.04444,-0.08720,0.04536,-0.46745,1.46332,-0.38024,1.41796,-0.38024,1.41796,0.00000,0.00000,0,0.00028
25.5836,-0.09735,0.04410,-0.09735,0.04410,-0.09357,0.04440,-0.46472,1.46198,-0.37116,1.41758,-0.37116,1.41758,0.00000,0.00000,0,0.00029
25.6863,-0.09754,0.04548,-0.09754,0.04548,-0.09664,0.04585,-0.46186,1.46062,-0.36522,1.41477,-0.36522,1.41477,0.00000,0.00000,0,0.00027
25.7891,-0.10335,0.04495,-0.10335,0.04495,-0.10135,0.04545,-0.45887,1.45925,-0.35752,1.41379,-0.35752,1.41379,0.00000,0.00000,0,0.00031
25.8895,-0.10174,0.04290,-0.10174,0.04290,-0.10156,0.04364,-0.45582,1.45791,-0.35426,1.41428,-0.35426,1.41428,0.00000,0.00000,0,0.00028
25.9899,-0.10310,0.04383,-0.10310,0.04383,-0.10325,0.04341,-0.45274,1.45660,-0.34949,1.41319,-0.34949,1.41319,0.00000,0.00000,0,0.00026
26.0909,-0.10722,0.04289,-0.10722,0.04289,-0.10419,0.04299,-0.44964,1.45531,-0.34545,1.41232,-0.34545,1.41232,0.00000,0.00000,0,0.00029
26.1916,-0.10883,0.04283,-0.10883,0.04283,-0.10698,0.04344,-0.44648,1.45401,-0.33950,1.41057,-0.33950,1.41057,0.00000,0.00000,0,0.00039
26.2921,-0.11268,0.04220,-0.11268,0.04220,-0.11111,0.04296,-0.44320,1.45271,-0.33208,1.40975,-0.33208,1.40975,0.00000,0.00000,0,0.00029
26.3933,-0.12103,0.03892,-0.12103,0.03892,-0.11722,0.04035,-0.43976,1.45147,-0.32254,1.41112,-0.32254,1.41112,0.00000,0.00000,0,0.00030
26.4969,-0.12421,0.03860,-0.12421,0.03860,-0.12327,0.03943,-0.43613,1.45027,-0.31286,1.41084,-0.31286,1.41084,0.00000,0.00000,0,0.00035
26.5981,-0.13034,0.03540,-0.13034,0.03540,-0.12769,0.03650,-0.43235,1.44915,-0.30466,1.41265,-0.30466,1.41265,0.00000,0.00000,0,0.00028
26.6997,-0.12928,0.03305,-0.12928,0.03305,-0.12911,0.03406,-0.42849,1.44809,-0.29939,1.41404,-0.29939,1.41404,0.00000,0.00000,0,0.00029
26.8006,-0.12976,0.02846,-0.12976,0.02846,-0.12994,0.03064,-0.42459,1.44712,-0.29466,1.41649,-0.29466,1.41649,0.00000,0.00000,0,0.00026
26.9034,-0.13124,0.02720,-0.13124,0.02720,-0.13082,0.02799,-0.42068,1.44625,-0.28986,1.41826,-0.28986,1.41826,0.00000,0.00000,0,0.00105
27.0051,-0.13382,0.02502,-0.13382,0.02502,-0.13352,0.02618,-0.41671,1.44545,-0.28318,1.41927,-0.28318,1.41927,0.00000,0.00000,0,0.00065
27.1061,-0.14014,0.02039,-0.14014,0.02039,-0.13780,0.02242,-0.41264,1.44473,-0.27484,1.42231,-0.27484,1.42231,0.00000,0.00000,0,0.00049
27.2072,-0.13906,0.01991,-0.13906,0.01991,-0.13872,0.02069,-0.40849,1.44409,-0.26977,1.42340,-0.26977,1.42340,0.00000,0.00000,0,0.00037
27.3099,-0.14252,0.01661,-0.14252,0.01661,-0.14064,0.01743,-0.40430,1.44409,-0.26366,1.42666,-0.26366,1.42666,0.00000,0.00000,32,0.00028
27.4113,-0.14194,0.02029,-0.14194,0.02029,-0.14167,0.01914,-0.40005,1.44409,-0.25838,1.42495,-0.25838,1.42495,0.00000,0.00000,32,0.00030
27.5120,-0.14590,0.01610,-0.14590,0.01610,-0.14358,0.01748,-0.39579,1.44409,-0.25220,1.42661,-0.25220,1.42661,0.00000,0.00000,32,0.00041
27.6142,-0.15161,0.01517,-0.15161,0.01517,-0.14901,0.01517,-0.39138,1.44409,-0.24237,1.42892,-0.24237,1.42892,0.00000,0.00000,32,0.00096
27.7173,-0.15179,0.01243,-0.15179,0.01243,-0.15208,0.01376,-0.38684,1.44409,-0.23476,1.43033,-0.23476,1.43033,0.00000,0.00000,32,0.00114
27.8174,-0.15652,0.00880,-0.15652,0.00880,-0.15472,0.01098,-0.38223,1.44409,-0.22751,1.43311,-0.22751,1.43311,0.00000,0.00000,32,0.00031
27.9190,-0.15868,0.00606,-0.15868,0.00606,-0.15766,0.00762,-0.37753,1.44409,-0.21987,1.43647,-0.21987,1.43647,0.00000,0.00000,32,0.00030
28.0198,-0.16475,0.00080,-0.16475,0.00080,-0.16280,0.00286,-0.37270,1.44409,-0.20990,1.44122,-0.20990,1.44122,0.00000,0.00000,32,0.00025
28.1209,-0.16804,-0.00039,-0.16804,-0.00039,-0.16588,0.00040,-0.36776,1.44409,-0.20188,1.44369,-0.20188,1.44369,0.00000,0.00000,32,0.00029
28.2218,-0.16673,-0.00870,-0.16673,-0.00870,-0.16728,-0.00527,-0.36275,1.44409,-0.19547,1.44936,-0.19547,1.44936,0.00000,0.00000,32,0.00030
28.3232,-0.17147,-0.01807,-0.17147,-0.01807,-0.16933,-0.01319,-0.35770,1.44409,-0.18837,1.45728,-0.18837,1.45728,0.00000,0.00000,32,0.00032
28.4247,-0.17305,-0.02768,-0.17305,-0.02768,-0.17251,-0.02244,-0.35257,1.44434,-0.18006,1.46679,-0.18006,1.46679,0.00000,0.00000,0,0.00028
28.5306,-0.18514,-0.03988,-1.18514,-0.03988,-0.69116,-0.03442,-0.39697,1.44523,0.29419,1.47964,0.29419,1.47964,1.00000,0.00000,0,0.00027
28.6313,-0.24929,-0.53726,-1.24929,-0.53726,-1.13930,-0.35690,-0.36665,1.45076,0.77264,1.80767,0.77264,1.80767,1.00000,0.00000,0,0.00029
28.7325,-0.26052,-0.72919,-1.26052,-0.72919,-1.25187,-0.60399,-0.32986,1.46608,0.92201,2.07007,0.92201,2.07007,1.00000,0.00000,0,0.00029
28.8354,-0.22971,-0.77565,-1.22971,-0.77565,-1.23208,-0.73787,-0.29276,1.48706,0.93932,2.22493,0.93932,2.22493,1.00000,0.00000,0,0.00031
28.9366,-0.09802,-0.84837,-1.09802,-0.84837,-1.15070,-0.81725,-0.25703,1.51066,0.89367,2.32790,0.89367,2.32790,1.00000,0.00000,0,0.00030
29.0383,-0.02350,-0.90246,-1.02350,-0.90246,-1.06046,-0.87552,-0.22419,1.53622,0.83627,2.41174,0.83627,2.41174,1.00000,0.00000,0,0.00028
29.1390,0.04259,-0.94622,-0.95741,-0.94622,-0.99032,-0.92182,-0.19366,1.56330,0.79666,2.48513,0.79666,2.48513,1.00000,0.00000,0,0.00028
29.2399,0.12104,-1.00856,-0.87896,-1.00856,-0.91828,-0.97873,-0.16519,1.59194,0.75309,2.57067,0.75309,2.57067,1.00000,0.00000,0,0.00026
29.3412,0.16639,-1.05539,-0.83361,-1.05539,-0.85519,-1.03366,-0.13886,1.62234,0.71633,2.65600,0.71633,2.65600,1.00000,0.00000,0,0.00030
29.4415,0.21584,-1.09559,-0.78416,-1.09559,-0.80666,-1.07507,-0.11408,1.65408,0.69258,2.72916,0.69258,2.72916,1.00000,0.00000,0,0.00026
29.5420,0.29121,-1.14760,-0.70879,-1.14760,-0.74369,-1.12288,-0.09096,1.68718,0.65273,2.81006,0.65273,2.81006,1.00000,0.00000,0,0.00027
29.6449,0.35865,-1.19630,-0.64135,-1.19630,-0.67160,-1.17341,-0.06994,1.72177,0.60166,2.89518,0.60166,2.89518,1.00000,0.00000,0,0.00180
29.7454,0.42659,-1.23220,-0.57341,-1.23220,-0.60277,-1.21565,-0.05106,1.75777,0.55170,2.97343,0.55170,2.97343,1.00000,0.00000,0,0.00029
29.8471,0.49872,-1.27264,-0.50128,-1.27264,-0.53354,-1.25272,-0.03422,1.79489,0.49932,3.04761,0.49932,3.04761,1.00000,0.00000,0,0.00030
29.9480,0.55652,-1.27423,-0.44348,-1.27423,-0.47138,-1.27193,-0.01934,1.83291,0.45204,3.10484,0.45204,3.10484,1.00000,0.00000,0,0.00029
30.0496,0.66780,-1.23695,-0.33220,-1.23695,-0.38154,-1.25110,-0.00664,1.87078,0.37491,3.12188,0.37491,3.12188,1.00000,0.00000,0,0.00028
30.1514,0.85509,-1.14649,-0.14491,-1.14649,-0.23305,-1.18439,0.00237,1.90721,0.23542,3.09161,0.23542,3.09161,1.00000,0.00000,0,0.00037
30.2516,0.94310,-1.05414,-0.05690,-1.05414,-0.10061,-1.08490,0.00667,1.94078,0.10729,3.02568,0.10729,3.02568,1.00000,0.00000,0,0.00027
30.3531,0.95348,-1.03172,-0.04652,-1.03172,-0.05793,-1.04443,0.00878,1.97249,0.06671,3.01691,0.06671,3.01691,1.00000,0.00000,0,0.00028
30.4570,0.96322,-1.01744,-0.03678,-1.01744,-0.04225,-1.02560,0.01021,2.00346,0.05246,3.02906,0.05246,3.02906,1.00000,0.00000,0,0.00038
30.5584,0.98840,-0.99702,-0.01160,-0.99702,-0.02304,-1.00562,0.01116,2.03387,0.03420,3.03948,0.03420,3.03948,1.00000,0.00000,0,0.00031
30.6601,1.06876,-0.94252,0.06876,-0.94252,0.02351,-0.97127,0.01102,2.06352,-0.01249,3.03480,-0.01249,3.03480,1.00000,0.00000,0,0.00031
30.7613,1.19104,-0.85911,0.19104,-0.85911,0.13780,-0.88427,0.00823,2.09093,-0.12958,2.97520,-0.12958,2.97520,1.00000,0.00000,0,0.00090
30.8639,1.25942,-0.80374,0.25942,-0.80374,0.22910,-0.82321,0.00233,2.11627,-0.22677,2.93948,-0.22677,2.93948,1.00000,0.00000,0,0.00121
30.9633,1.25434,-0.74241,0.25434,-0.74241,0.25233,-0.76987,-0.00510,2.13998,-0.25743,2.90985,-0.25743,2.90985,1.00000,0.00000,0,0.00026
31.0645,1.26169,-0.69588,0.26169,-0.69588,0.25792,-0.71889,-0.01277,2.16212,-0.27068,2.88101,-0.27068,2.88101,1.00000,0.00000,0,0.00031
31.1664,1.25754,-0.66513,0.25754,-0.66513,0.25802,-0.68124,-0.02051,2.18299,-0.27853,2.86423,-0.27853,2.86423,1.00000,0.00000,0,0.00029
31.2692,1.26452,-0.63046,0.26452,-0.63046,0.26273,-0.64792,-0.02832,2.20286,-0.29105,2.85078,-0.29105,2.85078,1.00000,0.00000,0,0.00104
31.3690,1.26713,-0.58715,0.26713,-0.58715,0.26570,-0.60602,-0.03626,2.22153,-0.30196,2.82755,-0.30196,2.82755,1.00000,0.00000,0,0.00027
31.4701,1.26524,-0.54956,0.26524,-0.54956,0.26410,-0.56674,-0.04418,2.23898,-0.30829,2.80572,-0.30829,2.80572,1.00000,0.00000,0,0.00025
31.5724,1.26358,-0.50530,0.26358,-0.50530,0.26473,-0.52693,-0.05213,2.25531,-0.31687,2.78225,-0.31687,2.78225,1.00000,0.00000,0,0.00178
31.6721,1.26397,-0.44969,0.26397,-0.44969,0.26312,-0.47396,-0.06002,2.27017,-0.32314,2.74413,-0.32314,2.74413,1.00000,0.00000,0,0.00030
31.7730,1.28039,-0.35276,0.28039,-0.35276,0.27228,-0.38800,-0.06801,2.28289,-0.34029,2.67088,-0.34029,2.67088,1.00000,0.00000,0,0.00032
31.8774,1.26722,-0.33198,0.26722,-0.33198,0.26971,-0.34345,-0.07618,2.29361,-0.34589,2.63706,-0.34589,2.63706,1.00000,0.00000,0,0.00079
31.9785,1.25821,-0.32151,0.25821,-0.32151,0.26197,-0.32796,-0.08415,2.30362,-0.34612,2.63158,-0.34612,2.63158,1.00000,0.00000,0,0.00025
32.0809,1.23414,-0.30909,0.23414,-0.30909,0.24467,-0.31442,-0.09173,2.31321,-0.33640,2.62763,-0.33640,2.62763,1.00000,0.00000,0,0.00028
32.1844,1.21278,-0.29309,0.21278,-0.29309,0.22224,-0.30090,-0.09868,2.32241,-0.32091,2.62331,-0.32091,2.62331,1.00000,0.00000,0,0.00027
32.2889,1.18711,-0.27232,0.18711,-0.27232,0.19750,-0.27966,-0.10488,2.33104,-0.30238,2.61070,-0.30238,2.61070,1.00000,0.00000,0,0.00027
32.3895,1.18378,-0.26451,0.18378,-0.26451,0.18656,-0.26865,-0.11058,2.33921,-0.29714,2.60786,-0.29714,2.60786,1.00000,0.00000,0,0.00025
32.4918,1.17269,-0.26241,0.17269,-0.26241,0.17778,-0.26369,-0.11602,2.34717,-0.29380,2.61085,-0.29380,2.61085,1.00000,0.00000,0,0.00026
32.5934,1.16861,-0.26076,0.16861,-0.26076,0.17196,-0.26114,-0.12126,2.35503,-0.29322,2.61617,-0.29322,2.61617,1.00000,0.00000,0,0.00034
32.6946,1.16061,-0.26329,0.16061,-0.26329,0.16561,-0.26172,-0.12632,2.36286,-0.29193,2.62458,-0.29193,2.62458,1.00000,0.00000,0,0.00025
32.7973,1.13800,-0.27594,0.13800,-0.27594,0.14749,-0.27040,-0.13098,2.37085,-0.27847,2.64125,-0.27847,2.64125,1.00000,0.00000,0,0.00027
32.8990,1.13090,-0.28285,0.13090,-0.28285,0.13401,-0.28042,-0.13513,2.37916,-0.26914,2.65958,-0.26914,2.65958,1.00000,0.00000,0,0.00029
33.0004,1.12434,-0.28639,0.12434,-0.28639,0.12781,-0.28464,-0.13904,2.38765,-0.26685,2.67229,-0.26685,2.67229,1.00000,0.00000,0,0.00028
33.1015,1.12241,-0.28889,0.12241,-0.28889,0.12527,-0.28675,-0.14284,2.39622,-0.26811,2.68297,-0.26811,2.68297,1.00000,0.00000,0,0.00035
33.2049,1.12201,-0.29120,0.12201,-0.29120,0.12231,-0.28979,-0.14653,2.40488,-0.26884,2.69467,-0.26884,2.69467,1.00000,0.00000,0,0.00043
33.3073,1.11709,-0.29364,0.11709,-0.29364,0.11921,-0.29325,-0.15015,2.41364,-0.26935,2.70689,-0.26935,2.70689,1.00000,0.00000,0,0.00145
33.4096,1.11797,-0.29502,0.11797,-0.29502,0.11701,-0.29514,-0.15368,2.42248,-0.27069,2.71763,-0.27069,2.71763,1.00000,0.00000,0,0.00031
33.5109,1.11686,-0.29469,1.11686,-0.29469,0.41773,-0.29537,-0.10686,2.43135,-0.57673,2.72673,-0.52460,2.72673,0.00000,0.00000,1,0.00029
33.6112,1.03256,-0.17725,1.03256,-0.17725,0.96774,-0.24500,-0.13198,2.43974,-1.09972,2.68473,-1.09972,2.68473,0.00000,0.00000,0,0.00030
33.7120,0.94569,0.04472,0.94569,0.04472,0.94935,-0.04529,-0.16061,2.44341,-1.10996,2.48870,-1.10996,2.48870,0.00000,0.00000,0,0.00034
33.8148,0.87677,0.11494,0.87677,0.11494,0.90190,0.06808,-0.18839,2.44257,-1.09029,2.37449,-1.09029,2.37449,0.00000,0.00000,0,0.00118
33.9163,0.83849,0.14393,0.83849,0.14393,0.85781,0.11963,-0.21466,2.43956,-1.07247,2.31992,-1.07247,2.31992,0.00000,0.00000,0,0.00028
34.0173,0.81955,0.16524,0.81955,0.16524,0.82959,0.15333,-0.23984,2.43528,-1.06943,2.28196,-1.06943,2.28196,0.00000,0.00000,0,0.00041
34.1195,0.81360,0.18094,0.81360,0.18094,0.81724,0.17179,-0.26448,2.43035,-1.08172,2.25855,-1.08172,2.25855,0.00000,0.00000,0,0.00026
34.2212,0.80736,0.19772,0.80736,0.19772,0.80926,0.18847,-0.28884,2.42490,-1.09809,2.23643,-1.09809,2.23643,0.00000,0.00000,0,0.00148
34.3209,0.80105,0.23826,0.80105,0.23826,0.80331,0.21888,-0.31300,2.41877,-1.11630,2.19989,-1.11630,2.19989,0.00000,0.00000,0,0.00028
34.4214,0.76738,0.30769,0.76738,0.30769,0.78313,0.27807,-0.33680,2.41116,-1.11993,2.13309,-1.11993,2.13309,0.00000,0.00000,0,0.00027
34.5251,0.69993,0.39475,0.69993,0.39475,0.73437,0.34914,-0.35951,2.40165,-1.09389,2.05251,-1.09389,2.05251,0.00000,0.00000,0,0.00027
34.6279,0.64325,0.45263,0.64325,0.45263,0.65833,0.42332,-0.37995,2.38974,-1.03828,1.96642,-1.03828,1.96642,0.00000,0.00000,0,0.00071
34.7279,0.62221,0.45103,0.62221,0.45103,0.63339,0.44385,-0.39924,2.37661,-1.03264,1.93276,-1.03264,1.93276,0.00000,0.00000,0,0.00028
34.8298,0.59215,0.44326,0.59215,0.44326,0.60565,0.44385,-0.41775,2.36328,-1.02341,1.91943,-1.02341,1.91943,0.00000,0.00000,0,0.00025
34.9313,0.57149,0.43809,0.57149,0.43809,0.58216,0.43993,-0.43549,2.35004,-1.01766,1.91011,-1.01766,1.91011,0.00000,0.00000,0,0.00074
35.0324,0.55839,0.43446,0.55839,0.43446,0.56575,0.43613,-0.45265,2.33690,-1.01840,1.90077,-1.01840,1.90077,0.00000,0.00000,0,0.00033
35.1341,0.54366,0.42851,0.54366,0.42851,0.54978,0.43132,-0.46933,2.32390,-1.01911,1.89258,-1.01911,1.89258,0.00000,0.00000,0,0.00029
35.2352,0.52641,0.42145,0.52641,0.42145,0.53391,0.42402,-0.48553,2.31109,-1.01945,1.88707,-1.01945,1.88707,0.00000,0.00000,0,0.00028
35.3369,0.51309,0.41274,0.51309,0.41274,0.51887,0.41625,-0.50127,2.29851,-1.02014,1.88226,-1.02014,1.88226,0.00000,0.00000,0,0.00028
35.4385,0.50090,0.40921,0.50090,0.40921,0.50682,0.41147,-0.51663,2.28612,-1.02345,1.87465,-1.02345,1.87465,0.00000,0.00000,0,0.00029
35.5390,0.47588,0.39561,0.47588,0.39561,0.48825,0.40173,-0.53153,2.27393,-1.01978,1.87220,-1.01978,1.87220,0.00000,0.00000,0,0.00029
35.6401,0.44984,0.38199,0.44984,0.38199,0.46226,0.38850,-0.54571,2.26212,-1.00796,1.87362,-1.00796,1.87362,0.00000,0.00000,0,0.00027
35.7427,0.41954,0.36879,0.41954,0.36879,0.43326,0.37475,-0.55904,2.25071,-0.99231,1.87596,-0.99231,1.87596,0.00000,0.00000,0,0.00100
35.8439,0.40815,0.36091,0.40815,0.36091,0.41544,0.36464,-0.57170,2.23967,-0.98714,1.87503,-0.98714,1.87503,0.00000,0.00000,0,0.00027
35.9452,0.39876,0.36037,0.39876,0.36037,0.40307,0.36082,-0.58393,2.22882,-0.98700,1.86800,-0.98700,1.86800,0.00000,0.00000,0,0.00029
36.0472,0.39495,0.36105,0.39495,0.36105,0.39770,0.36095,-0.59592,2.21800,-0.99362,1.85705,-0.99362,1.85705,0.00000,0.00000,0,0.00033
36.1493,0.39029,0.35600,0.39029,0.35600,0.39232,0.35808,-0.60776,2.20721,-1.00008,1.84913,-1.00008,1.84913,0.00000,0.00000,0,0.00070
36.2503,0.38168,0.35374,0.38168,0.35374,0.38546,0.35454,-0.61940,2.19654,-1.00486,1.84201,-1.00486,1.84201,0.00000,0.00000,0,0.00027
36.3511,0.37837,0.35374,0.37837,0.35374,0.38100,0.35413,-0.63090,2.18591,-1.01190,1.83178,-1.01190,1.83178,0.00000,0.00000,0,0.00028
36.4533,0.36904,0.35226,0.36904,0.35226,0.37287,0.35333,-0.64219,2.17530,-1.01506,1.82197,-1.01506,1.82197,0.00000,0.00000,0,0.00110
36.5556,0.35871,0.34934,0.35871,0.34934,0.36394,0.35023,-0.65322,2.16476,-1.01716,1.81453,-1.01716,1.81453,0.00000,0.00000,0,0.00034
36.6604,0.35578,0.34791,0.35578,0.34791,0.35798,0.34901,-0.66404,2.15427,-1.02202,1.80525,-1.02202,1.80525,0.00000,0.00000,0,0.00170
36.7598,0.34801,0.34666,0.34801,0.34666,0.35118,0.34744,-0.67465,2.14383,-1.02584,1.79639,-1.02584,1.79639,0.00000,0.00000,0,0.00031
36.8607,0.34216,0.34150,0.34216,0.34150,0.34512,0.34365,-0.68509,2.13347,-1.03021,1.78982,-1.03021,1.78982,0.00000,0.00000,0,0.00026
36.9629,0.33724,0.34170,0.33724,0.34170,0.33902,0.34182,-0.69532,2.12321,-1.03434,1.78138,-1.03434,1.78138,0.00000,0.00000,0,0.00029
37.0639,0.33417,0.33871,0.33417,0.33871,0.33609,0.33987,-0.70544,2.11298,-1.04153,1.77311,-1.04153,1.77311,0.00000,0.00000,0,0.00034
37.1663,0.33914,0.34369,0.33914,0.34369,0.33700,0.34187,-0.71553,2.10275,-1.05253,1.76089,-1.05253,1.76089,0.00000,0.00000,0,0.00027
37.2674,0.33319,0.34665,0.33319,0.34665,0.33590,0.34563,-0.72563,2.09242,-1.06154,1.74679,-1.06154,1.74679,0.00000,0.00000,0,0.00025
37.3691,0.33371,0.35155,0.33371,0.35155,0.33355,0.34937,-0.73566,2.08199,-1.06921,1.73262,-1.06921,1.73262,0.00000,0.00000,0,0.00032
37.4700,0.32805,0.35471,0.32805,0.35471,0.32942,0.35313,-0.74559,2.07144,-1.07501,1.71832,-1.07501,1.71832,0.00000,0.00000,0,0.00028
37.5714,0.30228,0.37016,0.30228,0.37016,0.31315,0.36218,-0.75523,2.06073,-1.06838,1.69855,-1.06838,1.69855,0.00000,0.00000,0,0.00032
37.6732,0.21665,0.41781,0.21665,0.41781,0.26736,0.38919,-0.76402,2.04949,-1.03138,1.66031,-1.03138,1.66031,0.00000,0.00000,0,0.00030
37.7757,0.17628,0.44248,0.17628,0.44248,0.19883,0.44786,-0.77067,2.03632,-0.96951,1.58847,-0.96951,1.58847,0.00000,0.00000,0,0.00081
37.8798,0.17163,0.43989,0.17163,0.43989,0.17670,0.44663,-0.77617,2.02281,-0.95286,1.57619,-0.95286,1.57619,0.00000,0.00000,0,0.00026
37.9802,0.17347,0.41588,0.17347,0.41588,0.17160,0.42831,-0.78135,2.00966,-0.95295,1.58135,-0.95295,1.58135,0.00000,0.00000,0,0.00026
38.0817,0.16742,0.41032,0.16742,0.41032,0.16855,0.41342,-0.78645,1.99713,-0.95500,1.58371,-0.95500,1.58371,0.00000,0.00000,0,0.00043
38.1840,0.16527,0.40604,0.16527,0.40604,0.16648,0.40854,-0.79147,1.98482,-0.95795,1.57629,-0.95795,1.57629,0.00000,0.00000,0,0.00028
38.2865,0.16167,0.40417,0.16167,0.40417,0.16392,0.40471,-0.79643,1.97265,-0.96035,1.56794,-0.96035,1.56794,0.00000,0.00000,0,0.00029
38.3879,0.15100,0.40038,0.15100,0.40038,0.15539,0.40168,-0.80120,1.96056,-0.95659,1.55888,-0.95659,1.55888,0.00000,0.00000,0,0.00028
38.4891,0.12611,0.39330,0.12611,0.39330,0.13664,0.39626,-0.80555,1.94860,-0.94220,1.55235,-0.94220,1.55235,0.00000,0.00000,0,0.00026
38.5906,0.03130,0.29130,-0.96870,0.29130,-0.74445,0.35426,-0.84668,1.93712,-0.10224,1.58286,-0.10224,1.58286,1.00000,0.00000,0,0.00027
38.6921,-0.03652,0.04345,-1.03652,0.04345,-0.98373,0.13986,-0.81921,1.93014,0.16453,1.79028,0.16453,1.79028,1.00000,0.00000,0,0.00032
38.7935,-0.04087,-0.00598,-1.04087,-0.00598,-1.03870,0.03627,-0.78845,1.92800,0.25025,1.89173,0.25025,1.89173,1.00000,0.00000,0,0.00026
38.8980,-0.03201,-0.20534,-1.03201,-0.20534,-1.03027,-0.11774,-0.75749,1.92961,0.27277,2.04736,0.27277,2.04736,1.00000,0.00000,0,0.00025
38.9996,-0.01764,-0.24527,-1.01764,-0.24527,-1.02642,-0.21142,-0.72653,1.93499,0.29988,2.14641,0.29988,2.14641,1.00000,0.00000,0,0.00026
39.1012,-0.00439,-0.26980,-1.00439,-0.26980,-1.01294,-0.25177,-0.69598,1.94210,0.31695,2.19386,0.31695,2.19386,1.00000,0.00000,0,0.00078
39.2020,0.01209,-0.29108,-0.98791,-0.29108,-0.99484,-0.28027,-0.66592,1.95019,0.32891,2.23046,0.32891,2.23046,1.00000,0.00000,0,0.00043
39.3024,0.02840,-0.32564,-0.97160,-0.32564,-0.97882,-0.30963,-0.63637,1.95911,0.34244,2.26874,0.34244,2.26874,1.00000,0.00000,0,0.00028
39.4063,0.02625,-0.52091,-0.97375,-0.52091,-0.96754,-0.42638,-0.60730,1.97000,0.36024,2.39637,0.36024,2.39637,1.00000,0.00000,0,0.00036
39.5090,0.16522,-0.62156,-0.83478,-0.62156,-0.89852,-0.56149,-0.57906,1.98519,0.31946,2.54668,0.31946,2.54668,1.00000,0.00000,0,0.00032
39.6104,0.29965,-0.71405,-0.70035,-0.71405,-0.75998,-0.67255,-0.55467,2.00417,0.20531,2.67672,0.20531,2.67672,1.00000,0.00000,0,0.00028
39.7112,0.36337,-0.76106,-0.63663,-0.76106,-0.67064,-0.73607,-0.53359,2.02556,0.13705,2.76164,0.13705,2.76164,1.00000,0.00000,0,0.00028
39.8115,0.41346,-0.79602,-0.58654,-0.79602,-0.61057,-0.77781,-0.51464,2.04843,0.09594,2.82624,0.09594,2.82624,1.00000,0.00000,0,0.00028
39.9140,0.45419,-0.81751,-0.54581,-0.81751,-0.56845,-0.80601,-0.49707,2.07230,0.07139,2.87831,0.07139,2.87831,1.00000,0.00000,0,0.00026
40.0173,0.58112,-0.80340,-0.41888,-0.80340,-0.47564,-0.80921,-0.48148,2.09660,-0.00583,2.90582,-0.00583,2.90582,1.00000,0.00000,0,0.00027
40.1184,0.74912,-0.73398,-0.25088,-0.73398,-0.31301,-0.74889,-0.47022,2.11971,-0.15721,2.86860,-0.15721,2.86860,1.00000,0.00000,0,0.00023
40.2196,0.80682,-0.71763,-0.19318,-0.71763,-0.22501,-0.72439,-0.46258,2.14172,-0.23758,2.86611,-0.23758,2.86611,1.00000,0.00000,0,0.00026
40.3212,0.83200,-0.71058,-0.16800,-0.71058,-0.18314,-0.71512,-0.45670,2.16327,-0.27356,2.87839,-0.27356,2.87839,1.00000,0.00000,0,0.00030
40.4231,0.84816,-0.70110,-0.15184,-0.70110,-0.16358,-0.70625,-0.45154,2.18457,-0.28796,2.89082,-0.28796,2.89082,1.00000,0.00000,0,0.00032
40.5263,0.94021,-0.65129,-0.05979,-0.65129,-0.10662,-0.67597,-0.44743,2.20534,-0.34081,2.88131,-0.34081,2.88131,1.00000,0.00000,0,0.00030
40.6269,1.06646,-0.59170,0.06646,-0.59170,0.00737,-0.60991,-0.44632,2.22421,-0.45369,2.83412,-0.45369,2.83412,1.00000,0.00000,16,0.00034
40.7295,1.13479,-0.48329,0.13479,-0.48329,0.10562,-0.52876,-0.44852,2.24102,-0.55414,2.76978,-0.55414,2.76978,1.00000,0.00000,0,0.00026
40.8314,1.16504,-0.34039,0.16504,-0.34039,0.14670,-0.39773,-0.45250,2.25457,-0.59920,2.65230,-0.59920,2.65230,1.00000,0.00000,0,0.00066
40.9333,1.16293,-0.28116,0.16293,-0.28116,0.15975,-0.31674,-0.45718,2.26500,-0.61693,2.58174,-0.61693,2.58174,1.00000,0.00000,0,0.00038
41.0365,1.15807,-0.22502,0.15807,-0.22502,0.16030,-0.25049,-0.46200,2.27327,-0.62229,2.52376,-0.62229,2.52376,1.00000,0.00000,0,0.00031
41.1376,1.16303,-0.19653,0.16303,-0.19653,0.16038,-0.20952,-0.46678,2.27997,-0.62716,2.48950,-0.62716,2.48950,1.00000,0.00000,0,0.00029
41.2391,1.16331,-0.17868,0.16331,-0.17868,0.16436,-0.18833,-0.47168,2.28587,-0.63604,2.47420,-0.63604,2.47420,1.00000,0.00000,0,0.00074
41.3411,1.16571,-0.16141,0.16571,-0.16141,0.16465,-0.16934,-0.47661,2.29117,-0.64126,2.46051,-0.64126,2.46051,1.00000,0.00000,0,0.00107
41.4410,1.16517,-0.13006,0.16517,-0.13006,0.16541,-0.14405,-0.48157,2.29582,-0.64698,2.43987,-0.64698,2.43987,1.00000,0.00000,0,0.00029
41.5418,1.16977,-0.08687,0.16977,-0.08687,0.16914,-0.10400,-0.48660,2.29941,-0.65574,2.40341,-0.65574,2.40341,1.00000,0.00000,0,0.00040
41.6442,1.17222,-0.07035,0.17222,-0.07035,0.17056,-0.07922,-0.49169,2.30204,-0.66226,2.38127,-0.66226,2.38127,1.00000,0.00000,0,0.00102
41.7467,1.16302,-0.05372,0.16302,-0.05372,0.16635,-0.06168,-0.49675,2.30410,-0.66309,2.36578,-0.66309,2.36578,1.00000,0.00000,0,0.00032
41.8482,1.15008,-0.03406,0.15008,-0.03406,0.15757,-0.04340,-0.50162,2.30563,-0.65919,2.34903,-0.65919,2.34903,1.00000,0.00000,0,0.00027
41.9486,1.09658,0.00464,0.09658,0.00464,0.12172,-0.01356,-0.50579,2.30635,-0.62750,2.31991,-0.62750,2.31991,1.00000,0.00000,32,0.00027
42.0501,1.05931,0.01885,0.05931,0.01885,0.07732,0.01197,-0.50857,2.30635,-0.58589,2.29438,-0.58589,2.29438,1.00000,0.00000,32,0.00026
42.1516,1.01985,0.00669,0.01985,0.00669,0.03736,0.00972,-0.51018,2.30635,-0.54753,2.29663,-0.54753,2.29663,1.00000,0.00000,32,0.00035
42.2526,0.99984,0.00259,-0.00016,0.00259,0.00906,0.00445,-0.51049,2.30635,-0.51955,2.30190,-0.51955,2.30190,1.00000,0.00000,48,0.00025
42.3555,0.97974,-0.00309,-0.02026,-0.00309,-0.00970,-0.00034,-0.51049,2.30635,-0.50080,2.30670,-0.50080,2.30670,1.00000,0.00000,48,0.00096
42.4578,0.97187,-0.00571,-0.02813,-0.00571,-0.02338,-0.00365,-0.51022,2.30635,-0.48684,2.31000,-0.48684,2.31000,1.00000,0.00000,32,0.00034
42.5586,0.94389,-0.01075,-0.05611,-0.01075,-0.04376,-0.00834,-0.50919,2.30635,-0.46543,2.31469,-0.46543,2.31469,1.00000,0.00000,32,0.00030
42.6591,0.92267,-0.01415,-0.07733,-0.01415,-0.06852,-0.01171,-0.50740,2.30635,-0.43888,2.31807,-0.43888,2.31807,1.00000,0.00000,32,0.00036
42.7605,0.91226,-0.02001,-0.08774,-0.02001,-0.08298,-0.01797,-0.50507,2.30635,-0.42208,2.32433,-0.42208,2.32433,1.00000,0.00000,32,0.00027
42.8612,0.90026,-0.02459,-0.09974,-0.02459,-0.09489,-0.02262,-0.50236,2.30674,-0.40747,2.32936,-0.40747,2.32936,1.00000,0.00000,0,0.00037
42.9617,0.89345,-0.02803,-0.10655,-0.02803,-0.10262,-0.02639,-0.49937,2.30750,-0.39675,2.33388,-0.39675,2.33388,1.00000,0.00000,0,0.00039
43.0628,0.88658,-0.04179,-0.11342,-0.04179,-0.11036,-0.03583,-0.49615,2.30843,-0.38580,2.34427,-0.38580,2.34427,1.00000,0.00000,0,0.00028
43.1656,0.88229,-0.05312,-0.11771,-0.05312,-0.11470,-0.04750,-0.49276,2.30972,-0.37806,2.35722,-0.37806,2.35722,1.00000,0.00000,0,0.00029
43.2693,0.87346,-0.08979,-0.12654,-0.08979,-0.12271,-0.07074,-0.48919,2.31148,-0.36648,2.38222,-0.36648,2.38222,1.00000,0.00000,0,0.00106
43.3688,0.85625,-0.14041,-0.14375,-0.14041,-0.14116,-0.12423,-0.48514,2.31469,-0.34398,2.43892,-0.34398,2.43892,1.00000,0.00000,0,0.00026
43.4707,0.85252,-0.15117,-0.14748,-0.15117,-0.14437,-0.14726,-0.48088,2.31893,-0.33651,2.46620,-0.33651,2.46620,1.00000,0.00000,0,0.00025
43.5718,0.85204,-0.15182,0.85204,-0.15182,0.50956,-0.15154,-0.43474,2.32344,-0.94429,2.47499,-0.94429,2.47499,0.00000,0.00000,0,0.00037
43.6723,0.81114,-0.10778,0.81114,-0.10778,0.77377,-0.13481,-0.45608,2.32785,-1.22984,2.46267,-1.22984,2.46267,0.00000,0.00000,0,0.00025
43.7772,0.78649,-0.06483,0.78649,-0.06483,0.78960,-0.08910,-0.47976,2.33101,-1.26936,2.42011,-1.26936,2.42011,0.00000,0.00000,0,0.00035
43.8786,0.77096,-0.02313,0.77096,-0.02313,0.77514,-0.04574,-0.50316,2.33286,-1.27830,2.37860,-1.27830,2.37860,0.00000,0.00000,0,0.00025
43.9801,0.77627,0.10371,0.77627,0.10371,0.77461,0.04400,-0.52638,2.33280,-1.30099,2.28880,-1.30099,2.28880,0.00000,0.00000,0,0.00027
44.0812,0.74951,0.21352,0.74951,0.21352,0.76002,0.16330,-0.54942,2.32931,-1.30944,2.16601,-1.30944,2.16601,0.00000,0.00000,0,0.00033
44.1851,0.71213,0.29653,0.71213,0.29653,0.72773,0.26096,-0.57165,2.32257,-1.29938,2.06161,-1.29938,2.06161,0.00000,0.00000,0,0.00032
44.2872,0.69410,0.32003,0.69410,0.32003,0.70542,0.30536,-0.59308,2.31386,-1.29850,2.00850,-1.29850,2.00850,0.00000,0.00000,0,0.00032
44.3884,0.65955,0.35296,0.65955,0.35296,0.67609,0.33815,-0.61373,2.30410,-1.28982,1.96594,-1.28982,1.96594,0.00000,0.00000,0,0.00026
44.4904,0.59572,0.40170,0.59572,0.40170,0.62686,0.37649,-0.63321,2.29332,-1.26007,1.91683,-1.26007,1.91683,0.00000,0.00000,0,0.00095
44.5906,0.53346,0.45942,0.53346,0.45942,0.54749,0.43189,-0.65037,2.28101,-1.19786,1.84912,-1.19786,1.84912,0.00000,0.00000,0,0.00025
44.6915,0.52951,0.45567,0.52951,0.45567,0.53274,0.44693,-0.66646,2.26778,-1.19921,1.82085,-1.19921,1.82085,0.00000,0.00000,0,0.00031
44.7930,0.52322,0.46578,0.52322,0.46578,0.52654,0.45873,-0.68231,2.25417,-1.20886,1.79544,-1.20886,1.79544,0.00000,0.00000,0,0.00028
44.8952,0.52380,0.46694,0.52380,0.46694,0.52427,0.46563,-0.69807,2.24027,-1.22233,1.77464,-1.22233,1.77464,0.00000,0.00000,0,0.00038
44.9975,0.51822,0.47326,0.51822,0.47326,0.52175,0.47116,-0.71376,2.22620,-1.23551,1.75504,-1.23551,1.75504,0.00000,0.00000,0,0.00033
45.0993,0.51386,0.48204,0.51386,0.48204,0.51615,0.47821,-0.72931,2.21195,-1.24545,1.73373,-1.24545,1.73373,0.00000,0.00000,0,0.00031
45.1999,0.50308,0.49274,0.50308,0.49274,0.50817,0.48651,-0.74465,2.19746,-1.25282,1.71095,-1.25282,1.71095,0.00000,0.00000,0,0.00026
45.3007,0.49187,0.50779,0.49187,0.50779,0.49682,0.50085,-0.75969,2.18262,-1.25651,1.68176,-1.25651,1.68176,0.00000,0.00000,0,0.00026
45.4011,0.46000,0.53294,0.46000,0.53294,0.47437,0.52054,-0.77424,2.16727,-1.24861,1.64673,-1.24861,1.64673,0.00000,0.00000,0,0.00027
45.5017,0.33146,0.64568,0.33146,0.64568,0.38817,0.58201,-0.78724,2.15087,-1.17541,1.56886,-1.17541,1.56886,0.00000,0.00000,0,0.00030
45.6036,0.25638,0.61026,0.25638,0.61026,0.30007,0.61163,-0.79738,2.13254,-1.09746,1.52091,-1.09746,1.52091,0.00000,0.00000,0,0.00028
45.7098,0.21881,0.58815,0.21881,0.58815,0.24149,0.59582,-0.80527,2.11444,-1.04676,1.51862,-1.04676,1.51862,0.00000,0.00000,0,0.00137
45.8092,0.18727,0.56813,0.18727,0.56813,0.20230,0.57668,-0.81177,2.09689,-1.01406,1.52021,-1.01406,1.52021,0.00000,0.00000,0,0.00031
45.9106,0.17341,0.56208,0.17341,0.56208,0.18062,0.56555,-0.81741,2.07982,-0.99803,1.51427,-0.99803,1.51427,0.00000,0.00000,0,0.00029
46.0114,0.16572,0.56079,0.16572,0.56079,0.17006,0.56130,-0.82263,2.06295,-0.99268,1.50164,-0.99268,1.50164,0.00000,0.00000,0,0.00029
46.1128,0.15552,0.55785,0.15552,0.55785,0.16121,0.55915,-0.82759,2.04614,-0.98880,1.48699,-0.98880,1.48699,0.00000,0.00000,0,0.00041
46.2137,0.13178,0.54597,0.13178,0.54597,0.14238,0.55099,-0.83211,2.02950,-0.97449,1.47851,-0.97449,1.47851,0.00000,0.00000,0,0.00029
46.3167,0.11479,0.53779,0.11479,0.53779,0.12250,0.54164,-0.83600,2.01315,-0.95851,1.47152,-0.95851,1.47152,0.00000,0.00000,0,0.00031
46.4186,0.10596,0.53654,0.10596,0.53654,0.11081,0.53670,-0.83946,1.99701,-0.95028,1.46031,-0.95028,1.46031,0.00000,0.00000,0,0.00032
46.5198,0.09549,0.53490,0.09549,0.53490,0.10065,0.53550,-0.84262,1.98093,-0.94327,1.44542,-0.94327,1.44542,0.00000,0.00000,0,0.00027
46.6205,0.08094,0.52838,0.08094,0.52838,0.08833,0.53085,-0.84542,1.96494,-0.93375,1.43409,-0.93375,1.43409,0.00000,0.00000,0,0.00027
46.7213,0.04408,0.51700,0.04408,0.51700,0.06224,0.52176,-0.84766,1.94917,-0.90990,1.42740,-0.90990,1.42740,0.00000,0.00000,0,0.00028
46.8237,0.02820,0.51059,0.02820,0.51059,0.03502,0.51349,-0.84897,1.93367,-0.88399,1.42018,-0.88399,1.42018,0.00000,0.00000,0,0.00030
46.9282,0.01952,0.50794,0.01952,0.50794,0.02325,0.50885,-0.84978,1.91837,-0.87304,1.40952,-0.87304,1.40952,0.00000,0.00000,0,0.00205
47.0298,0.01502,0.48083,0.01502,0.48083,0.01596,0.49109,-0.84991,1.90336,-0.86587,1.41226,-0.86587,1.41226,0.00000,0.00000,16,0.00027
47.1307,0.00166,0.45590,0.00166,0.45590,0.00698,0.47108,-0.84991,1.88896,-0.85689,1.41787,-0.85689,1.41787,0.00000,0.00000,16,0.00029
47.2323,-0.01392,0.42342,-0.01392,0.42342,-0.00509,0.43564,-0.84991,1.87551,-0.84482,1.43987,-0.84482,1.43987,0.00000,0.00000,16,0.00101
47.3348,-0.03006,0.41456,-0.03006,0.41456,-0.02397,0.41995,-0.84964,1.86274,-0.82567,1.44278,-0.82567,1.44278,0.00000,0.00000,0,0.00101
47.4372,-0.03282,0.40948,-0.03282,0.40948,-0.03013,0.41197,-0.84880,1.85030,-0.81866,1.43833,-0.81866,1.43833,0.00000,0.00000,0,0.00045
47.5378,-0.03222,0.41194,-0.03222,0.41194,-0.03263,0.41185,-0.84784,1.83795,-0.81521,1.42609,-0.81521,1.42609,0.00000,0.00000,0,0.00030
47.6411,-0.03499,0.41145,-0.03499,0.41145,-0.03234,0.41197,-0.84689,1.82559,-0.81455,1.41361,-0.81455,1.41361,0.00000,0.00000,0,0.00032
47.7422,-0.03143,0.41151,-0.03143,0.41151,-0.03335,0.41201,-0.84588,1.81323,-0.81253,1.40122,-0.81253,1.40122,0.00000,0.00000,0,0.00029
47.8443,-0.03244,0.41034,-0.03244,0.41034,-0.03291,0.41066,-0.84488,1.80089,-0.81197,1.39024,-0.81197,1.39024,0.00000,0.00000,0,0.00034
47.9461,-0.03609,0.40899,-0.03609,0.40899,-0.03493,0.40938,-0.84386,1.78860,-0.80893,1.37922,-0.80893,1.37922,0.00000,0.00000,0,0.00027
48.0491,-0.03712,0.40688,-0.03712,0.40688,-0.03712,0.40782,-0.84276,1.77634,-0.80564,1.36852,-0.80564,1.36852,0.00000,0.00000,0,0.00026
48.1504,-0.03717,0.40608,-0.03717,0.40608,-0.03634,0.40674,-0.84166,1.76413,-0.80532,1.35739,-0.80532,1.35739,0.00000,0.00000,0,0.00090
48.2510,-0.02909,0.40710,-0.02909,0.40710,-0.03243,0.40690,-0.84064,1.75193,-0.80821,1.34503,-0.80821,1.34503,0.00000,0.00000,0,0.00030
48.3520,-0.02854,0.40568,-0.02854,0.40568,-0.02910,0.40648,-0.83973,1.73973,-0.81063,1.33325,-0.81063,1.33325,0.00000,0.00000,0,0.00033
48.4558,-0.02725,0.40710,-0.02725,0.40710,-0.02736,0.40663,-0.83889,1.72754,-0.81153,1.32091,-0.81153,1.32091,0.00000,0.00000,0,0.00074
48.5574,-0.03022,0.40491,-1.03022,0.40491,-0.53954,0.40569,-0.88638,1.71535,-0.34684,1.30966,-0.34684,1.30966,1.00000,0.00000,0,0.00098
48.6602,-0.08917,0.04753,-1.08917,0.04753,-0.97932,0.22713,-0.86082,1.70519,0.11850,1.47806,0.11850,1.47806,1.00000,0.00000,0,0.00119
48.7601,-0.07118,-0.16214,-1.07118,-0.16214,-1.06074,-0.07935,-0.82960,1.70482,0.23114,1.78416,0.23114,1.78416,1.00000,0.00000,0,0.00031
48.8610,-0.05693,-0.19299,-1.05693,-0.19299,-1.05634,-0.16782,-0.79783,1.70902,0.25851,1.87684,0.25851,1.87684,1.00000,0.00000,0,0.00029
48.9639,-0.05002,-0.22140,-1.05002,-0.22140,-1.05317,-0.20238,-0.76619,1.71467,0.28699,1.91704,0.28699,1.91704,1.00000,0.00000,0,0.00031
49.0679,-0.08881,-0.39027,-1.08881,-0.39027,-1.06431,-0.31840,-0.73456,1.72245,0.32975,2.04085,0.32975,2.04085,1.00000,0.00000,0,0.00106
49.1703,-0.02953,-0.43574,-1.02953,-0.43574,-1.04609,-0.40411,-0.70273,1.73365,0.34336,2.13776,0.34336,2.13776,1.00000,0.00000,0,0.00102
49.2710,0.01342,-0.47424,-0.98658,-0.47424,-1.00908,-0.45245,-0.67196,1.74665,0.33713,2.19910,0.33713,2.19910,1.00000,0.00000,0,0.00028
49.3714,0.06735,-0.51411,-0.93265,-0.51411,-0.95921,-0.49428,-0.64257,1.76099,0.31665,2.25527,0.31665,2.25527,1.00000,0.00000,0,0.00026
49.4734,0.10551,-0.54510,-0.89449,-0.54510,-0.91409,-0.52990,-0.61463,1.77647,0.29946,2.30637,0.29946,2.30637,1.00000,0.00000,0,0.00032
49.5765,0.12572,-0.56251,-0.87428,-0.56251,-0.88583,-0.55297,-0.58775,1.79279,0.29809,2.34576,0.29809,2.34576,1.00000,0.00000,0,0.00035
49.6773,0.15188,-0.58372,-0.84812,-0.58372,-0.86054,-0.57383,-0.56161,1.80976,0.29892,2.38359,0.29892,2.38359,1.00000,0.00000,0,0.00031
49.7802,0.21550,-0.61828,-0.78450,-0.61828,-0.81266,-0.60341,-0.53659,1.82749,0.27607,2.43089,0.27607,2.43089,1.00000,0.00000,0,0.00027
49.8812,0.28928,-0.66408,-0.71073,-0.66408,-0.74539,-0.64284,-0.51339,1.84627,0.23199,2.48911,0.23199,2.48911,1.00000,0.00000,0,0.00030
49.9838,0.34381,-0.70458,-0.65619,-0.70458,-0.68146,-0.68542,-0.49223,1.86633,0.18923,2.55174,0.18923,2.55174,1.00000,0.00000,0,0.00031
50.0858,0.38049,-0.72835,-0.61951,-0.72835,-0.63640,-0.71659,-0.47263,1.88748,0.16377,2.60407,0.16377,2.60407,1.00000,0.00000,0,0.00033
50.1867,0.42234,-0.74865,-0.57766,-0.74865,-0.59876,-0.74042,-0.45419,1.90944,0.14456,2.64986,0.14456,2.64986,1.00000,0.00000,0,0.00027
50.2894,0.45529,-0.76064,-0.54471,-0.76064,-0.55967,-0.75556,-0.43698,1.93195,0.12268,2.68751,0.12268,2.68751,1.00000,0.00000,0,0.00025
50.3905,0.51804,-0.74780,-0.48196,-0.74780,-0.51139,-0.75554,-0.42098,1.95471,0.09041,2.71025,0.09041,2.71025,1.00000,0.00000,0,0.00025
50.4913,0.60943,-0.72854,-0.39057,-0.72854,-0.42689,-0.73772,-0.40716,1.97702,0.01973,2.71474,0.01973,2.71474,1.00000,0.00000,0,0.00041
50.5919,0.74313,-0.65114,-0.25687,-0.65114,-0.30590,-0.67525,-0.39655,1.99808,-0.09064,2.67333,-0.09064,2.67333,1.00000,0.00000,0,0.00031
50.6949,0.76823,-0.64641,-0.23177,-0.64641,-0.24653,-0.65411,-0.38860,2.01793,-0.14207,2.67205,-0.14207,2.67205,1.00000,0.00000,0,0.00036
50.7986,0.78197,-0.64505,-0.21803,-0.64505,-0.22295,-0.64652,-0.38170,2.03740,-0.15876,2.68392,-0.15876,2.68392,1.00000,0.00000,0,0.00070
50.9009,0.79015,-0.64201,-0.20985,-0.64201,-0.21295,-0.64339,-0.37521,2.05673,-0.16226,2.70012,-0.16226,2.70012,1.00000,0.00000,0,0.00090
51.0009,0.79535,-0.63704,-0.20465,-0.63704,-0.20823,-0.64024,-0.36890,2.07599,-0.16067,2.71623,-0.16067,2.71623,1.00000,0.00000,0,0.00027
51.1025,0.79344,-0.63159,-0.20656,-0.63159,-0.20606,-0.63362,-0.36271,2.09507,-0.15666,2.72869,-0.15666,2.72869,1.00000,0.00000,0,0.00027
51.2053,0.79806,-0.62871,-0.20194,-0.62871,-0.20391,-0.62960,-0.35657,2.11399,-0.15266,2.74360,-0.15266,2.74360,1.00000,0.00000,0,0.00050
51.3068,0.79952,-0.62398,-0.20048,-0.62398,-0.20169,-0.62620,-0.35048,2.13283,-0.14879,2.75903,-0.14879,2.75903,1.00000,0.00000,0,0.00045
51.4083,0.81027,-0.61066,-0.18973,-0.61066,-0.19304,-0.61652,-0.34458,2.15145,-0.15154,2.76797,-0.15154,2.76797,1.00000,0.00000,0,0.00030
51.5087,0.81919,-0.59378,-0.18081,-0.59378,-0.18540,-0.60223,-0.33892,2.16971,-0.15352,2.77194,-0.15352,2.77194,1.00000,0.00000,0,0.00029
51.6109,0.83498,-0.56429,-0.16502,-0.56429,-0.17347,-0.57817,-0.33354,2.18738,-0.16006,2.76555,-0.16006,2.76555,1.00000,0.00000,0,0.00074
51.7112,0.89125,-0.52084,-0.10875,-0.52084,-0.13615,-0.54080,-0.32889,2.20410,-0.19274,2.74489,-0.19274,2.74489,1.00000,0.00000,0,0.00043
51.8119,0.91956,-0.41879,-0.08044,-0.41879,-0.09415,-0.46934,-0.32565,2.21924,-0.23150,2.68858,-0.23150,2.68858,1.00000,0.00000,0,0.00034
51.9142,0.93022,-0.38354,-0.06978,-0.38354,-0.07146,-0.40443,-0.32335,2.23200,-0.25188,2.63644,-0.25188,2.63644,1.00000,0.00000,0,0.00033
52.0164,0.93775,-0.36764,-0.06225,-0.36764,-0.06623,-0.37626,-0.32129,2.24357,-0.25506,2.61983,-0.25506,2.61983,1.00000,0.00000,0,0.00030
52.1172,0.93597,-0.35953,-0.06403,-0.35953,-0.06477,-0.36377,-0.31933,2.25461,-0.25456,2.61838,-0.25456,2.61838,1.00000,0.00000,0,0.00032
52.2184,0.93729,-0.35400,-0.06271,-0.35400,-0.06346,-0.35678,-0.31741,2.26539,-0.25395,2.62217,-0.25395,2.62217,1.00000,0.00000,0,0.00025
52.3197,0.93282,-0.34634,-0.06718,-0.34634,-0.06609,-0.34978,-0.31546,2.27597,-0.24938,2.62575,-0.24938,2.62575,1.00000,0.00000,0,0.00027
52.4201,0.93785,-0.34134,-0.06215,-0.34134,-0.06324,-0.34402,-0.31352,2.28635,-0.25028,2.63037,-0.25028,2.63037,1.00000,0.00000,0,0.00029
52.5207,0.94160,-0.33276,-0.05840,-0.33276,-0.06045,-0.33716,-0.31167,2.29656,-0.25122,2.63372,-0.25122,2.63372,1.00000,0.00000,0,0.00029
52.6213,0.93971,-0.32310,-0.06029,-0.32310,-0.05958,-0.32860,-0.30988,2.30653,-0.25030,2.63513,-0.25030,2.63513,1.00000,0.00000,0,0.00032
52.7249,0.94235,-0.30472,-0.05765,-0.30472,-0.05775,-0.31319,-0.30814,2.31613,-0.25039,2.62933,-0.25039,2.62933,1.00000,0.00000,0,0.00087
52.8256,0.94587,-0.29258,-0.05413,-0.29258,-0.05545,-0.29843,-0.30644,2.32525,-0.25099,2.62368,-0.25099,2.62368,1.00000,0.00000,0,0.00031
52.9284,0.94445,-0.28954,-0.05555,-0.28954,-0.05575,-0.29202,-0.30476,2.33408,-0.24901,2.62610,-0.24901,2.62610,1.00000,0.00000,0,0.00027
53.0296,0.94989,-0.28743,-0.05011,-0.28743,-0.05257,-0.28932,-0.30314,2.34279,-0.25057,2.63211,-0.25057,2.63211,1.00000,0.00000,0,0.00026
53.1305,0.94755,-0.28448,-0.05245,-0.28448,-0.05240,-0.28614,-0.30157,2.35141,-0.24917,2.63756,-0.24917,2.63756,1.00000,0.00000,0,0.00028
53.2315,0.94417,-0.28505,-0.05583,-0.28505,-0.05405,-0.28475,-0.29997,2.35996,-0.24592,2.64471,-0.24592,2.64471,1.00000,0.00000,0,0.00027
53.3319,0.94382,-0.28777,-0.05618,-0.28777,-0.05619,-0.28703,-0.29831,2.36854,-0.24212,2.65558,-0.24212,2.65558,1.00000,0.00000,0,0.00029
53.4355,0.94215,-0.29200,-0.05785,-0.29200,-0.05735,-0.29026,-0.29659,2.37721,-0.23924,2.66747,-0.23924,2.66747,1.00000,0.00000,0,0.00099
53.5363,0.94032,-0.29260,0.94032,-0.29260,0.24160,-0.29157,-0.24576,2.38595,-0.53826,2.67752,-0.48736,2.67752,0.00000,0.00000,1,0.00032
53.6372,0.96310,-0.15938,0.96310,-0.15938,0.83325,-0.23361,-0.26595,2.39412,-1.09920,2.62773,-1.09920,2.62773,0.00000,0.00000,0,0.00033
53.7383,0.99420,0.18663,0.99420,0.18663,0.96896,0.06150,-0.29390,2.39611,-1.26286,2.33461,-1.26286,2.33461,0.00000,0.00000,0,0.00026
53.8401,0.85289,0.40805,0.85289,0.40805,0.89312,0.30275,-0.32182,2.38992,-1.21494,2.08717,-1.21494,2.08717,0.00000,0.00000,0,0.00027
53.9408,0.82229,0.43572,0.82229,0.43572,0.83930,0.40192,-0.34756,2.37884,-1.18686,1.97692,-1.18686,1.97692,0.00000,0.00000,0,0.00027
54.0418,0.78213,0.45829,0.78213,0.45829,0.80182,0.44235,-0.37208,2.36601,-1.17391,1.92365,-1.17391,1.92365,0.00000,0.00000,0,0.00035
54.1446,0.67169,0.52831,0.67169,0.52831,0.73051,0.49205,-0.39508,2.35197,-1.12559,1.85992,-1.12559,1.85992,0.00000,0.00000,0,0.00025
54.2484,0.65626,0.52981,0.65626,0.52981,0.67084,0.52340,-0.41568,2.33664,-1.08651,1.81324,-1.08651,1.81324,0.00000,0.00000,0,0.00032
54.3508,0.64009,0.53735,0.64009,0.53735,0.64969,0.53432,-0.43538,2.32075,-1.08507,1.78642,-1.08507,1.78642,0.00000,0.00000,0,0.00108
54.4514,0.61104,0.51981,0.61104,0.51981,0.62555,0.52741,-0.45450,2.30480,-1.08004,1.77739,-1.08004,1.77739,0.00000,0.00000,0,0.00038
54.5548,0.58468,0.51062,0.58468,0.51062,0.59695,0.51411,-0.47272,2.28925,-1.06968,1.77514,-1.06968,1.77514,0.00000,0.00000,0,0.00040
54.6568,0.57365,0.50890,0.57365,0.50890,0.57986,0.50954,-0.49031,2.27393,-1.07017,1.76439,-1.07017,1.76439,0.00000,0.00000,0,0.00035
54.7595,0.55515,0.50636,0.55515,0.50636,0.56430,0.50755,-0.50744,2.25867,-1.07174,1.75112,-1.07174,1.75112,0.00000,0.00000,0,0.00027
54.8618,0.54248,0.49910,0.54248,0.49910,0.54861,0.50149,-0.52409,2.24355,-1.07270,1.74206,-1.07270,1.74206,0.00000,0.00000,0,0.00036
54.9629,0.52810,0.49452,0.52810,0.49452,0.53359,0.49655,-0.54026,2.22859,-1.07385,1.73204,-1.07385,1.73204,0.00000,0.00000,0,0.00035
55.0642,0.50591,0.48439,0.50591,0.48439,0.51556,0.48873,-0.55596,2.21383,-1.07152,1.72509,-1.07152,1.72509,0.00000,0.00000,0,0.00026
55.1657,0.48719,0.47767,0.48719,0.47767,0.49557,0.48117,-0.57107,2.19930,-1.06664,1.71813,-1.06664,1.71813,0.00000,0.00000,0,0.00108
55.2678,0.44578,0.45949,0.44578,0.45949,0.46322,0.46739,-0.58539,2.18509,-1.04861,1.71770,-1.04861,1.71770,0.00000,0.00000,0,0.00030
55.3694,0.41630,0.44873,0.41630,0.44873,0.42988,0.45440,-0.59868,2.17131,-1.02856,1.71691,-1.02856,1.71691,0.00000,0.00000,0,0.00026
55.4703,0.39239,0.43606,0.39239,0.43606,0.40414,0.44145,-0.61111,2.15791,-1.01525,1.71647,-1.01525,1.71647,0.00000,0.00000,0,0.00026
55.5722,0.37422,0.43090,0.37422,0.43090,0.38363,0.43360,-0.62286,2.14482,-1.00649,1.71122,-1.00649,1.71122,0.00000,0.00000,0,0.00092
55.6725,0.35388,0.42486,0.35388,0.42486,0.36280,0.42721,-0.63401,2.13193,-0.99681,1.70473,-0.99681,1.70473,0.00000,0.00000,0,0.00033
55.7734,0.32086,0.41611,0.32086,0.41611,0.33489,0.42041,-0.64439,2.11923,-0.97928,1.69882,-0.97928,1.69882,0.00000,0.00000,0,0.00029
55.8755,0.29649,0.41337,0.29649,0.41337,0.30971,0.41467,-0.65399,2.10674,-0.96370,1.69207,-0.96370,1.69207,0.00000,0.00000,0,0.00074
55.9784,0.26933,0.41013,0.26933,0.41013,0.28143,0.41099,-0.66276,2.09437,-0.94419,1.68338,-0.94419,1.68338,0.00000,0.00000,0,0.00030
56.0804,0.25661,0.40924,0.25661,0.40924,0.26401,0.40980,-0.67087,2.08206,-0.93488,1.67226,-0.93488,1.67226,0.00000,0.00000,0,0.00030
56.1808,0.25250,0.41525,0.25250,0.41525,0.25468,0.41246,-0.67860,2.06974,-0.93328,1.65727,-0.93328,1.65727,0.00000,0.00000,0,0.00026
56.2815,0.24250,0.42348,0.24250,0.42348,0.24722,0.41995,-0.68612,2.05722,-0.93334,1.63728,-0.93334,1.63728,0.00000,0.00000,0,0.00028
56.3841,0.15690,0.51899,0.15690,0.51899,0.19376,0.46647,-0.69285,2.04412,-0.88661,1.57765,-0.88661,1.57765,0.00000,0.00000,0,0.00032
56.4883,0.12579,0.48591,0.12579,0.48591,0.14103,0.48421,-0.69764,2.02955,-0.83867,1.54534,-0.83867,1.54534,0.00000,0.00000,0,0.00171
56.5882,0.08787,0.41659,0.08787,0.41659,0.10380,0.43822,-0.70117,2.01576,-0.80497,1.57754,-0.80497,1.57754,0.00000,0.00000,0,0.00027
56.6885,0.06793,0.40878,0.06793,0.40878,0.07531,0.41483,-0.70371,2.00311,-0.77902,1.58828,-0.77902,1.58828,0.00000,0.00000,0,0.00025
56.7898,0.06269,0.40350,0.06269,0.40350,0.06569,0.40661,-0.70578,1.99083,-0.77147,1.58422,-0.77147,1.58422,0.00000,0.00000,0,0.00030
56.8906,0.06009,0.40439,0.06009,0.40439,0.06173,0.40464,-0.70768,1.97869,-0.76942,1.57404,-0.76942,1.57404,0.00000,0.00000,0,0.00027
56.9909,0.05796,0.39995,0.05796,0.39995,0.05873,0.40170,-0.70948,1.96659,-0.76820,1.56489,-0.76820,1.56489,0.00000,0.00000,0,0.00025
57.0916,0.05563,0.40131,0.05563,0.40131,0.05644,0.40038,-0.71119,1.95458,-0.76763,1.55420,-0.76763,1.55420,0.00000,0.00000,0,0.00030
57.1934,0.05282,0.40023,0.05282,0.40023,0.05377,0.40031,-0.71283,1.94257,-0.76661,1.54226,-0.76661,1.54226,0.00000,0.00000,0,0.00027
57.2959,0.05603,0.39949,0.05603,0.39949,0.05481,0.39935,-0.71446,1.93059,-0.76927,1.53125,-0.76927,1.53125,0.00000,0.00000,0,0.00028
57.3965,0.05825,0.40159,0.05825,0.40159,0.05730,0.40107,-0.71615,1.91859,-0.77345,1.51751,-0.77345,1.51751,0.00000,0.00000,0,0.00025
57.4989,0.05941,0.40211,0.05941,0.40211,0.05902,0.40215,-0.71791,1.90653,-0.77693,1.50439,-0.77693,1.50439,0.00000,0.00000,0,0.00027
57.6010,0.06056,0.40181,0.06056,0.40181,0.05998,0.40185,-0.71969,1.89447,-0.77967,1.49262,-0.77967,1.49262,0.00000,0.00000,0,0.00029
57.7021,0.05956,0.40259,0.05956,0.40259,0.05955,0.40244,-0.72148,1.88241,-0.78103,1.47997,-0.78103,1.47997,0.00000,0.00000,0,0.00034
57.8034,0.05873,0.40259,0.05873,0.40259,0.05890,0.40248,-0.72326,1.87034,-0.78216,1.46786,-0.78216,1.46786,0.00000,0.00000,0,0.00027
57.9057,0.06303,0.40342,0.06303,0.40342,0.06149,0.40343,-0.72507,1.85825,-0.78656,1.45481,-0.78656,1.45481,0.00000,0.00000,0,0.00042
58.0069,0.06296,0.40605,0.06296,0.40605,0.06256,0.40476,-0.72693,1.84613,-0.78949,1.44137,-0.78949,1.44137,0.00000,0.00000,0,0.00035
58.1075,0.06557,0.40541,0.06557,0.40541,0.06450,0.40518,-0.72884,1.83398,-0.79334,1.42881,-0.79334,1.42881,0.00000,0.00000,0,0.00032
58.2106,0.06625,0.40631,0.06625,0.40631,0.06502,0.40567,-0.73078,1.82182,-0.79580,1.41615,-0.79580,1.41615,0.00000,0.00000,0,0.00113
58.3125,0.06619,0.40649,0.06619,0.40649,0.06617,0.40683,-0.73275,1.80962,-0.79892,1.40280,-0.79892,1.40280,0.00000,0.00000,0,0.00106
58.4128,0.06467,0.40481,0.06467,0.40481,0.06584,0.40552,-0.73474,1.79744,-0.80059,1.39192,-0.80059,1.39192,0.00000,0.00000,0,0.00029
58.5130,0.05715,0.39847,0.05715,0.39847,0.06025,0.40093,-0.73662,1.78535,-0.79687,1.38442,-0.79687,1.38442,0.00000,0.00000,0,0.00028
58.6168,0.02521,0.37390,-0.97479,0.37390,-0.71576,0.39035,-0.77867,1.77343,-0.06291,1.38309,-0.06291,1.38309,1.00000,0.00000,0,0.00151
58.7170,-0.05820,-0.11572,-1.05820,-0.11572,-0.99879,0.04375,-0.75117,1.76719,0.24762,1.72344,0.24762,1.72344,1.00000,0.00000,0,0.00113
58.8170,-0.03478,-0.21205,-1.03478,-0.21205,-1.02825,-0.15908,-0.72052,1.77000,0.30773,1.92908,0.30773,1.92908,1.00000,0.00000,0,0.00029
58.9193,-0.04361,-0.38078,-1.04361,-0.38078,-1.03478,-0.31649,-0.68964,1.77754,0.34514,2.09403,0.34514,2.09403,1.00000,0.00000,0,0.00031
59.0217,-0.01001,-0.41898,-1.01001,-0.41898,-1.01754,-0.39681,-0.65883,1.78868,0.35871,2.18549,0.35871,2.18549,1.00000,0.00000,0,0.00040
59.1246,0.02241,-0.45371,-0.97759,-0.45371,-0.99238,-0.43594,-0.62869,1.80129,0.36369,2.23723,0.36369,2.23723,1.00000,0.00000,0,0.00180
59.2271,0.07286,-0.49255,-0.92714,-0.49255,-0.95115,-0.47519,-0.59959,1.81507,0.35156,2.29026,0.35156,2.29026,1.00000,0.00000,0,0.00033
59.3288,0.11880,-0.53372,-0.88120,-0.53372,-0.90054,-0.51556,-0.57200,1.83005,0.32854,2.34561,0.32854,2.34561,1.00000,0.00000,0,0.00026
59.4292,0.15630,-0.55746,-0.84370,-0.55746,-0.86290,-0.54625,-0.54566,1.84610,0.31724,2.39235,0.31724,2.39235,1.00000,0.00000,0,0.00025
59.5303,0.21195,-0.58630,-0.78805,-0.58630,-0.81516,-0.57274,-0.52056,1.86294,0.29460,2.43568,0.29460,2.43568,1.00000,0.00000,0,0.00028
59.6307,0.27972,-0.63052,-0.72028,-0.63052,-0.75006,-0.60996,-0.49728,1.88076,0.25278,2.49072,0.25278,2.49072,1.00000,0.00000,0,0.00026
59.7317,0.34367,-0.67477,-0.65633,-0.67477,-0.68575,-0.65419,-0.47596,1.89986,0.20979,2.55406,0.20979,2.55406,1.00000,0.00000,0,0.00027
59.8331,0.37641,-0.70385,-0.62359,-0.70385,-0.63961,-0.69029,-0.45628,1.92017,0.18333,2.61046,0.18333,2.61046,1.00000,0.00000,0,0.00033
59.9351,0.41307,-0.72507,-0.58693,-0.72507,-0.60334,-0.71514,-0.43775,1.94135,0.16559,2.65649,0.16559,2.65649,1.00000,0.00000,0,0.00030
60.0360,0.44497,-0.74366,-0.55503,-0.74366,-0.57106,-0.73497,-0.42024,1.96317,0.15082,2.69813,0.15082,2.69813,1.00000,0.00000,0,0.00029
60.1376,0.53532,-0.73618,-0.46468,-0.73618,-0.50332,-0.73630,-0.40420,1.98527,0.09912,2.72157,0.09912,2.72157,1.00000,0.00000,0,0.00032
60.2397,0.64476,-0.68833,-0.35524,-0.68833,-0.41629,-0.71257,-0.39049,2.00708,0.02580,2.71965,0.02580,2.71965,1.00000,0.00000,0,0.00100
60.3396,0.75336,-0.63742,-0.24664,-0.63742,-0.28505,-0.65270,-0.38072,2.02726,-0.09568,2.67996,-0.09568,2.67996,1.00000,0.00000,0,0.00026
60.4406,0.79626,-0.62238,-0.20374,-0.62238,-0.22263,-0.63056,-0.37343,2.04640,-0.15080,2.67696,-0.15080,2.67696,1.00000,0.00000,0,0.00027
60.5422,0.81098,-0.61888,-0.18902,-0.61888,-0.19775,-0.62169,-0.36726,2.06514,-0.16951,2.68683,-0.16951,2.68683,1.00000,0.00000,0,0.00026
60.6430,0.81851,-0.61459,-0.18149,-0.61459,-0.18583,-0.61667,-0.36155,2.08369,-0.17573,2.70036,-0.17573,2.70036,1.00000,0.00000,0,0.00033
60.7453,0.82643,-0.60777,-0.17357,-0.60777,-0.17783,-0.61037,-0.35613,2.10207,-0.17830,2.71244,-0.17830,2.71244,1.00000,0.00000,0,0.00030
60.8475,0.83144,-0.60857,-0.16856,-0.60857,-0.17177,-0.60986,-0.35090,2.12038,-0.17914,2.73024,-0.17914,2.73024,1.00000,0.00000,0,0.00026
60.9503,0.83887,-0.59997,-0.16113,-0.59997,-0.16506,-0.60365,-0.34586,2.13857,-0.18080,2.74222,-0.18080,2.74222,1.00000,0.00000,0,0.00028
61.0511,0.84311,-0.59301,-0.15689,-0.59301,-0.15916,-0.59661,-0.34102,2.15656,-0.18187,2.75317,-0.18187,2.75317,1.00000,0.00000,0,0.00026
61.1516,0.84782,-0.58304,-0.15218,-0.58304,-0.15457,-0.58876,-0.33633,2.17434,-0.18177,2.76309,-0.18177,2.76309,1.00000,0.00000,0,0.00028
61.2524,0.86019,-0.55990,-0.13981,-0.55990,-0.14624,-0.57117,-0.33182,2.19171,-0.18558,2.76288,-0.18558,2.76288,1.00000,0.00000,0,0.00029
61.3562,0.87973,-0.52499,-0.12027,-0.52499,-0.12880,-0.54146,-0.32774,2.20835,-0.19894,2.74981,-0.19894,2.74981,1.00000,0.00000,0,0.00135
61.4564,0.94353,-0.47486,-0.05647,-0.47486,-0.08305,-0.49655,-0.32461,2.22381,-0.24156,2.72035,-0.24156,2.72035,1.00000,0.00000,0,0.00033
61.5578,0.96560,-0.36830,-0.03440,-0.36830,-0.04932,-0.40805,-0.32275,2.23720,-0.27343,2.64525,-0.27343,2.64525,1.00000,0.00000,0,0.00032
61.6603,0.96400,-0.34233,-0.03600,-0.34233,-0.03856,-0.35911,-0.32153,2.24849,-0.28297,2.60760,-0.28297,2.60760,1.00000,0.00000,0,0.00078
61.7619,0.96642,-0.32707,-0.03358,-0.32707,-0.03482,-0.33586,-0.32045,2.25881,-0.28563,2.59467,-0.28563,2.59467,1.00000,0.00000,0,0.00172
61.8608,0.96646,-0.32151,-0.03354,-0.32151,-0.03426,-0.32528,-0.31941,2.26867,-0.28515,2.59395,-0.28515,2.59395,1.00000,0.00000,0,0.00029
61.9616,0.97339,-0.31227,-0.02661,-0.31227,-0.02936,-0.31682,-0.31847,2.27828,-0.28911,2.59510,-0.28911,2.59510,1.00000,0.00000,0,0.00026
62.0643,0.97328,-0.29975,-0.02672,-0.29975,-0.02528,-0.30587,-0.31769,2.28760,-0.29240,2.59347,-0.29240,2.59347,1.00000,0.00000,0,0.00094
62.1664,0.97136,-0.27442,-0.02864,-0.27442,-0.02679,-0.28432,-0.31691,2.29641,-0.29013,2.58074,-0.29013,2.58074,1.00000,0.00000,0,0.00035
62.2702,0.97455,-0.26296,-0.02545,-0.26296,-0.02587,-0.26900,-0.31612,2.30464,-0.29025,2.57365,-0.29025,2.57365,1.00000,0.00000,0,0.00026
62.3708,0.97655,-0.25819,-0.02345,-0.25819,-0.02479,-0.26062,-0.31535,2.31255,-0.29056,2.57317,-0.29056,2.57317,1.00000,0.00000,0,0.00025
62.4723,0.97763,-0.25378,-0.02237,-0.25378,-0.02313,-0.25580,-0.31464,2.32027,-0.29151,2.57608,-0.29151,2.57608,1.00000,0.00000,0,0.00026
62.5750,0.97715,-0.25550,-0.02285,-0.25550,-0.02230,-0.25546,-0.31397,2.32793,-0.29167,2.58339,-0.29167,2.58339,1.00000,0.00000,0,0.00030
62.6766,0.98081,-0.25509,-0.01919,-0.25509,-0.01995,-0.25459,-0.31346,2.33557,-0.29352,2.59016,-0.29352,2.59016,1.00000,0.00000,16,0.00026
62.7775,0.97928,-0.25584,-0.02072,-0.25584,-0.02061,-0.25594,-0.31298,2.34325,-0.29237,2.59919,-0.29237,2.59919,1.00000,0.00000,0,0.00029
62.8780,0.97348,-0.25571,-0.02652,-0.25571,-0.02396,-0.25600,-0.31231,2.35094,-0.28836,2.60694,-0.28836,2.60694,1.00000,0.00000,0,0.00026
62.9785,0.97583,-0.25962,-0.02417,-0.25962,-0.02384,-0.25791,-0.31159,2.35864,-0.28775,2.61655,-0.28775,2.61655,1.00000,0.00000,0,0.00030
63.0806,0.98012,-0.25800,-0.01988,-0.25800,-0.02170,-0.25868,-0.31091,2.36640,-0.28920,2.62508,-0.28920,2.62508,1.00000,0.00000,0,0.00026
63.1812,0.97951,-0.26005,-0.02049,-0.26005,-0.02060,-0.25924,-0.31029,2.37416,-0.28969,2.63340,-0.28969,2.63340,1.00000,0.00000,0,0.00030
63.2837,0.97806,-0.25855,-0.02194,-0.25855,-0.02236,-0.25965,-0.30964,2.38196,-0.28728,2.64161,-0.28728,2.64161,1.00000,0.00000,0,0.00028
63.3890,0.97688,-0.25577,-0.02312,-0.25577,-0.02286,-0.25720,-0.30895,2.38971,-0.28609,2.64691,-0.28609,2.64691,1.00000,0.00000,0,0.00032
63.4900,0.97243,-0.25790,-0.02757,-0.25790,-0.02629,-0.25777,-0.30822,2.39743,-0.28193,2.65521,-0.28193,2.65521,1.00000,0.00000,0,0.00029
63.5905,0.97589,-0.25736,0.97589,-0.25736,0.48468,-0.25778,-0.26068,2.40517,-0.74537,2.66296,-0.74537,2.66296,0.00000,0.00000,0,0.00027
63.6915,0.94041,-0.02727,0.94041,-0.02727,0.88056,-0.14883,-0.28415,2.41176,-1.16471,2.56059,-1.16471,2.56059,0.00000,0.00000,0,0.00027
63.7933,0.88654,0.18565,0.88654,0.18565,0.90255,0.09003,-0.31125,2.41175,-1.21380,2.32172,-1.21380,2.32172,0.00000,0.00000,0,0.00028
63.8956,0.80457,0.30712,0.80457,0.30712,0.82931,0.25530,-0.33695,2.40577,-1.16627,2.15047,-1.16627,2.15047,0.00000,0.00000,0,0.00028
63.9976,0.77461,0.33687,0.77461,0.33687,0.78865,0.31664,-0.36103,2.39687,-1.14968,2.08023,-1.14968,2.08023,0.00000,0.00000,0,0.00030
64.0993,0.74392,0.38914,0.74392,0.38914,0.75973,0.36307,-0.38418,2.38657,-1.14391,2.02350,-1.14391,2.02350,0.00000,0.00000,0,0.00031
64.2014,0.69129,0.43897,0.69129,0.43897,0.71646,0.41363,-0.40625,2.37477,-1.12271,1.96114,-1.12271,1.96114,0.00000,0.00000,0,0.00099
64.3016,0.60764,0.49197,0.60764,0.49197,0.63130,0.46588,-0.42612,2.36136,-1.05741,1.89548,-1.05741,1.89548,0.00000,0.00000,0,0.00030
64.4026,0.60479,0.49176,0.60479,0.49176,0.60877,0.48448,-0.44458,2.34694,-1.05336,1.86246,-1.05336,1.86246,0.00000,0.00000,0,0.00026
64.5050,0.59781,0.49659,0.59781,0.49659,0.60144,0.49240,-0.46270,2.33225,-1.06414,1.83985,-1.06414,1.83985,0.00000,0.00000,0,0.00182
64.6055,0.59590,0.50095,0.59590,0.50095,0.59702,0.49868,-0.48065,2.31735,-1.07767,1.81867,-1.07767,1.81867,0.00000,0.00000,0,0.00046
64.7074,0.58818,0.50211,0.58818,0.50211,0.59134,0.50146,-0.49846,2.30234,-1.08980,1.80088,-1.08980,1.80088,0.00000,0.00000,0,0.00038
64.8081,0.58601,0.50325,0.58601,0.50325,0.58756,0.50342,-0.51613,2.28725,-1.10369,1.78383,-1.10369,1.78383,0.00000,0.00000,0,0.00030
64.9103,0.57963,0.50574,0.57963,0.50574,0.58205,0.50488,-0.53365,2.27212,-1.11570,1.76724,-1.11570,1.76724,0.00000,0.00000,0,0.00027
65.0110,0.57297,0.50916,0.57297,0.50916,0.57628,0.50688,-0.55100,2.25695,-1.12729,1.75007,-1.12729,1.75007,0.00000,0.00000,0,0.00030
65.1129,0.56953,0.51442,0.56953,0.51442,0.57130,0.51199,-0.56820,2.24165,-1.13950,1.72966,-1.13950,1.72966,0.00000,0.00000,0,0.00030
65.2165,0.56049,0.51537,0.56049,0.51537,0.56550,0.51407,-0.58525,2.22625,-1.15075,1.71217,-1.15075,1.71217,0.00000,0.00000,0,0.00024
65.3189,0.55372,0.52148,0.55372,0.52148,0.55763,0.51946,-0.60208,2.21072,-1.15971,1.69126,-1.15971,1.69126,0.00000,0.00000,0,0.00069
65.4198,0.53850,0.53225,0.53850,0.53225,0.54440,0.52695,-0.61858,2.19503,-1.16298,1.66808,-1.16298,1.66808,0.00000,0.00000,0,0.00123
65.5202,0.49899,0.54858,0.49899,0.54858,0.51545,0.54116,-0.63442,2.17898,-1.14988,1.63782,-1.14988,1.63782,0.00000,0.00000,0,0.00026
65.6206,0.37274,0.60846,0.37274,0.60846,0.44569,0.57158,-0.64896,2.16237,-1.09465,1.59079,-1.09465,1.59079,0.00000,0.00000,0,0.00025
65.7233,0.30401,0.61007,0.30401,0.61007,0.35009,0.61562,-0.66060,2.14398,-1.01069,1.52836,-1.01069,1.52836,0.00000,0.00000,0,0.00120
65.8259,0.23892,0.58191,0.23892,0.58191,0.27229,0.59339,-0.66963,2.12587,-0.94192,1.53248,-0.94192,1.53248,0.00000,0.00000,0,0.00028
65.9287,0.19088,0.55485,0.19088,0.55485,0.21250,0.56745,-0.67665,2.10852,-0.88915,1.54107,-0.88915,1.54107,0.00000,0.00000,0,0.00025
66.0297,0.17303,0.55270,0.17303,0.55270,0.18216,0.55533,-0.68240,2.09176,-0.86457,1.53642,-0.86457,1.53642,0.00000,0.00000,0,0.00029
66.1317,0.15994,0.54762,0.15994,0.54762,0.16592,0.55022,-0.68756,2.07519,-0.85348,1.52497,-0.85348,1.52497,0.00000,0.00000,0,0.00031
66.2348,0.12510,0.53854,0.12510,0.53854,0.14317,0.54381,-0.69221,2.05878,-0.83538,1.51497,-0.83538,1.51497,0.00000,0.00000,0,0.00029
66.3385,0.09069,0.52645,0.09069,0.52645,0.10433,0.53146,-0.69577,2.04270,-0.80010,1.51124,-0.80010,1.51124,0.00000,0.00000,0,0.00109
66.4401,0.08511,0.51771,0.08511,0.51771,0.08883,0.52227,-0.69859,2.02691,-0.78742,1.50464,-0.78742,1.50464,0.00000,0.00000,0,0.00031
66.5405,0.07785,0.50308,0.07785,0.50308,0.08198,0.50883,-0.70113,2.01149,-0.78311,1.50266,-0.78311,1.50266,0.00000,0.00000,0,0.00026
66.6426,0.08016,0.48541,0.08016,0.48541,0.07963,0.49486,-0.70353,1.99646,-0.78316,1.50159,-0.78316,1.50159,0.00000,0.00000,0,0.00048
66.7450,0.07549,0.45949,0.07549,0.45949,0.07947,0.46748,-0.70594,1.98214,-0.78541,1.51466,-0.78541,1.51466,0.00000,0.00000,0,0.00032
66.8464,0.07633,0.45618,0.07633,0.45618,0.07767,0.45932,-0.70828,1.96826,-0.78596,1.50894,-0.78596,1.50894,0.00000,0.00000,0,0.00027
66.9478,0.07093,0.45490,0.07093,0.45490,0.07237,0.45606,-0.71050,1.95455,-0.78287,1.49850,-0.78287,1.49850,0.00000,0.00000,0,0.00037
67.0509,0.06357,0.45125,0.06357,0.45125,0.06748,0.45245,-0.71260,1.94094,-0.78008,1.48849,-0.78008,1.48849,0.00000,0.00000,0,0.00026
67.1519,0.06351,0.44835,0.06351,0.44835,0.06321,0.44926,-0.71453,1.92743,-0.77774,1.47817,-0.77774,1.47817,0.00000,0.00000,0,0.00042
67.2550,0.06524,0.45041,0.06524,0.45041,0.06393,0.44923,-0.71642,1.91397,-0.78035,1.46473,-0.78035,1.46473,0.00000,0.00000,0,0.00063
67.3565,0.06406,0.45100,0.06406,0.45100,0.06399,0.45096,-0.71835,1.90045,-0.78234,1.44949,-0.78234,1.44949,0.00000,0.00000,0,0.00035
67.4579,0.06346,0.44981,0.06346,0.44981,0.06364,0.45020,-0.72027,1.88694,-0.78391,1.43673,-0.78391,1.43673,0.00000,0.00000,0,0.00031
67.5601,0.06043,0.44779,0.06043,0.44779,0.06180,0.44881,-0.72214,1.87346,-0.78394,1.42464,-0.78394,1.42464,0.00000,0.00000,0,0.00031
67.6611,0.04960,0.44195,0.04960,0.44195,0.05378,0.44463,-0.72388,1.86005,-0.77766,1.41542,-0.77766,1.41542,0.00000,0.00000,0,0.00040
67.7618,0.02492,0.43538,0.02492,0.43538,0.03350,0.43862,-0.72512,1.84682,-0.75862,1.40820,-0.75862,1.40820,0.00000,0.00000,0,0.00042
67.8622,0.02023,0.42997,0.02023,0.42997,0.02293,0.43206,-0.72591,1.83379,-0.74884,1.40173,-0.74884,1.40173,0.00000,0.00000,0,0.00026
67.9634,0.01995,0.42864,0.01995,0.42864,0.02011,0.42945,-0.72653,1.82088,-0.74664,1.39143,-0.74664,1.39143,0.00000,0.00000,0,0.00037
68.0638,0.01923,0.42980,0.01923,0.42980,0.01972,0.42862,-0.72665,1.80803,-0.74637,1.37940,-0.74637,1.37940,0.00000,0.00000,16,0.00028
68.1658,0.02296,0.42907,0.02296,0.42907,0.02086,0.42955,-0.72677,1.79515,-0.74763,1.36560,-0.74763,1.36560,0.00000,0.00000,0,0.00025
68.2691,0.01717,0.42961,0.01717,0.42961,0.01917,0.42982,-0.72727,1.78225,-0.74644,1.35243,-0.74644,1.35243,0.00000,0.00000,16,0.00033
68.3704,0.01493,0.43105,0.01493,0.43105,0.01620,0.43052,-0.72727,1.76935,-0.74347,1.33883,-0.74347,1.33883,0.00000,0.00000,16,0.00026
68.4720,0.00955,0.43432,0.00955,0.43432,0.01151,0.43276,-0.72727,1.75640,-0.73878,1.32364,-0.73878,1.32364,0.00000,0.00000,16,0.00029
68.5736,0.00690,0.43392,-0.99310,0.43392,-0.29175,0.43388,-0.77784,1.74339,-0.43377,1.30952,-0.48609,1.30952,1.00000,0.00000,1,0.00030
68.6754,-0.05287,0.01574,-1.05287,0.01574,-0.90123,0.26340,-0.75599,1.73185,0.14525,1.46845,0.14525,1.46845,1.00000,0.00000,0,0.00028
68.7781,-0.02585,-0.27337,-1.02585,-0.27337,-1.01253,-0.12531,-0.72624,1.73163,0.28629,1.85694,0.28629,1.85694,1.00000,0.00000,0,0.00031
68.8805,-0.04280,-0.38137,-1.04280,-0.38137,-1.04891,-0.32133,-0.69503,1.73943,0.35389,2.06076,0.35389,2.06076,1.00000,0.00000,0,0.00101
68.9807,-0.01974,-0.38859,-1.01974,-0.38859,-1.02572,-0.37279,-0.66410,1.75013,0.36162,2.12291,0.36162,2.12291,1.00000,0.00000,0,0.00025
69.0834,0.02560,-0.42011,-0.97440,-0.42011,-0.98912,-0.40603,-0.63402,1.76195,0.35510,2.16797,0.35510,2.16797,1.00000,0.00000,0,0.00025
69.1870,0.07003,-0.45547,-0.92997,-0.45547,-0.94766,-0.44021,-0.60510,1.77475,0.34257,2.21497,0.34257,2.21497,1.00000,0.00000,0,0.00028
69.2899,0.11372,-0.49055,-0.88628,-0.49055,-0.90486,-0.47406,-0.57744,1.78856,0.32742,2.26261,0.32742,2.26261,1.00000,0.00000,0,0.00026
69.3911,0.13697,-0.50402,-0.86303,-0.50402,-0.87521,-0.49680,-0.55085,1.80323,0.32435,2.30003,0.32435,2.30003,1.00000,0.00000,0,0.00028
69.4930,0.15948,-0.52200,-0.84052,-0.52200,-0.85116,-0.51434,-0.52504,1.81846,0.32612,2.33280,0.32612,2.33280,1.00000,0.00000,0,0.00038
69.5949,0.19011,-0.54071,-0.80989,-0.54071,-0.82501,-0.53150,-0.49996,1.83419,0.32505,2.36570,0.32505,2.36570,1.00000,0.00000,0,0.00028
69.6971,0.25398,-0.57516,-0.74602,-0.57516,-0.77573,-0.55958,-0.47601,1.85061,0.29971,2.41019,0.29971,2.41019,1.00000,0.00000,0,0.00092
69.7997,0.31769,-0.61682,-0.68231,-0.61682,-0.71311,-0.59892,-0.45385,1.86810,0.25926,2.46701,0.25926,2.46701,1.00000,0.00000,0,0.00110
69.9000,0.37142,-0.65070,-0.62858,-0.65070,-0.65365,-0.63447,-0.43357,1.88671,0.22008,2.52118,0.22008,2.52118,1.00000,0.00000,0,0.00027
70.0003,0.40686,-0.67515,-0.59314,-0.67515,-0.61042,-0.66323,-0.41478,1.90629,0.19564,2.56952,0.19564,2.56952,1.00000,0.00000,0,0.00024
70.1014,0.43624,-0.69420,-0.56376,-0.69420,-0.57867,-0.68436,-0.39705,1.92657,0.18163,2.61093,0.18163,2.61093,1.00000,0.00000,0,0.00028
70.2025,0.47681,-0.69893,-0.52319,-0.69893,-0.54535,-0.69781,-0.38023,1.94740,0.16511,2.64520,0.16511,2.64520,1.00000,0.00000,0,0.00034
70.3054,0.52747,-0.69732,-0.47253,-0.69732,-0.49371,-0.69991,-0.36486,1.96841,0.12886,2.66832,0.12886,2.66832,1.00000,0.00000,0,0.00055
70.4065,0.62376,-0.67401,-0.37624,-0.67401,-0.41705,-0.67846,-0.35128,1.98903,0.06577,2.66750,0.06577,2.66750,1.00000,0.00000,0,0.00034
70.5098,0.72246,-0.62082,-0.27754,-0.62082,-0.33393,-0.64648,-0.34013,2.00894,-0.00620,2.65542,-0.00620,2.65542,1.00000,0.00000,0,0.00031
70.6108,0.78526,-0.58839,-0.21474,-0.58839,-0.24419,-0.59583,-0.33194,2.02721,-0.08775,2.62305,-0.08775,2.62305,1.00000,0.00000,0,0.00028
70.7115,0.80005,-0.57372,-0.19995,-0.57372,-0.21116,-0.57954,-0.32531,2.04475,-0.11415,2.62429,-0.11415,2.62429,1.00000,0.00000,0,0.00033
70.8136,0.81092,-0.57024,-0.18908,-0.57024,-0.19441,-0.57301,-0.31933,2.06201,-0.12492,2.63502,-0.12492,2.63502,1.00000,0.00000,0,0.00026
70.9158,0.81732,-0.56862,-0.18268,-0.56862,-0.18667,-0.56980,-0.31363,2.07915,-0.12696,2.64895,-0.12696,2.64895,1.00000,0.00000,0,0.00028
71.0202,0.81889,-0.56397,-0.18111,-0.56397,-0.18255,-0.56653,-0.30811,2.09619,-0.12556,2.66272,-0.12556,2.66272,1.00000,0.00000,0,0.00090
71.1205,0.81863,-0.56323,-0.18137,-0.56323,-0.18146,-0.56409,-0.30267,2.11314,-0.12120,2.67723,-0.12120,2.67723,1.00000,0.00000,0,0.00026
71.2213,0.81919,-0.55722,-0.18081,-0.55722,-0.18084,-0.55979,-0.29724,2.13000,-0.11640,2.68979,-0.11640,2.68979,1.00000,0.00000,0,0.00035
71.3219,0.82582,-0.55140,-0.17418,-0.55140,-0.17711,-0.55480,-0.29187,2.14671,-0.11476,2.70151,-0.11476,2.70151,1.00000,0.00000,0,0.00044
71.4225,0.83294,-0.54631,-0.16706,-0.54631,-0.17017,-0.54858,-0.28668,2.16324,-0.11651,2.71182,-0.11651,2.71182,1.00000,0.00000,0,0.00027
71.5251,0.83432,-0.53836,-0.16568,-0.53836,-0.16620,-0.54254,-0.28165,2.17960,-0.11545,2.72214,-0.11545,2.72214,1.00000,0.00000,0,0.00030
71.6260,0.83882,-0.52438,-0.16118,-0.52438,-0.16348,-0.53089,-0.27671,2.19568,-0.11323,2.72656,-0.11323,2.72656,1.00000,0.00000,0,0.00028
71.7296,0.84554,-0.50295,-0.15446,-0.50295,-0.15789,-0.51332,-0.27191,2.21132,-0.11402,2.72464,-0.11402,2.72464,1.00000,0.00000,0,0.00049
71.8330,0.85393,-0.47963,-0.14607,-0.47963,-0.14937,-0.49021,-0.26732,2.22630,-0.11796,2.71651,-0.11796,2.71651,1.00000,0.00000,0,0.00031
71.9342,0.85847,-0.45386,-0.14153,-0.45386,-0.14339,-0.46754,-0.26296,2.24063,-0.11957,2.70817,-0.11957,2.70817,1.00000,0.00000,0,0.00030
72.0353,0.87402,-0.39023,-0.12598,-0.39023,-0.13198,-0.40993,-0.25883,2.25359,-0.12685,2.66352,-0.12685,2.66352,1.00000,0.00000,0,0.00031
72.1360,0.86962,-0.37553,-0.13038,-0.37553,-0.13053,-0.38467,-0.25491,2.26540,-0.12438,2.65007,-0.12438,2.65007,1.00000,0.00000,0,0.00034
72.2367,0.87293,-0.36334,-0.12707,-0.36334,-0.12902,-0.36958,-0.25100,2.27666,-0.12198,2.64624,-0.12198,2.64624,1.00000,0.00000,0,0.00027
72.3388,0.87363,-0.36018,-0.12637,-0.36018,-0.12680,-0.36165,-0.24719,2.28758,-0.12038,2.64923,-0.12038,2.64923,1.00000,0.00000,0,0.00027
72.4412,0.87329,-0.35485,-0.12671,-0.35485,-0.12695,-0.35748,-0.24338,2.29836,-0.11643,2.65584,-0.11643,2.65584,1.00000,0.00000,0,0.00033
72.5423,0.87135,-0.35144,-0.12865,-0.35144,-0.12786,-0.35267,-0.23955,2.30899,-0.11169,2.66166,-0.11169,2.66166,1.00000,0.00000,0,0.00030
72.6437,0.86911,-0.35002,-0.13089,-0.35002,-0.13037,-0.35089,-0.23567,2.31954,-0.10529,2.67043,-0.10529,2.67043,1.00000,0.00000,0,0.00026
72.7461,0.87157,-0.35049,-0.12843,-0.35049,-0.12890,-0.35103,-0.23178,2.33007,-0.10288,2.68110,-0.10288,2.68110,1.00000,0.00000,0,0.00040
72.8491,0.87578,-0.34549,-0.12422,-0.34549,-0.12667,-0.34778,-0.22794,2.34055,-0.10127,2.68833,-0.10127,2.68833,1.00000,0.00000,0,0.00028
72.9499,0.87401,-0.34586,-0.12599,-0.34586,-0.12524,-0.34599,-0.22418,2.35094,-0.09894,2.69693,-0.09894,2.69693,1.00000,0.00000,0,0.00025
73.0516,0.87428,-0.34719,-0.12572,-0.34719,-0.12477,-0.34633,-0.22044,2.36132,-0.09567,2.70766,-0.09567,2.70766,1.00000,0.00000,0,0.00030
73.1555,0.87237,-0.35073,-0.12763,-0.35073,-0.12703,-0.34911,-0.21665,2.37176,-0.08963,2.72087,-0.08963,2.72087,1.00000,0.00000,0,0.00102
73.2557,0.86966,-0.35194,-0.13034,-0.35194,-0.12961,-0.35088,-0.21280,2.38226,-0.08319,2.73314,-0.08319,2.73314,1.00000,0.00000,0,0.00034
73.3583,0.87503,-0.34932,-0.12497,-0.34932,-0.12774,-0.35033,-0.20893,2.39279,-0.08119,2.74312,-0.08119,2.74312,1.00000,0.00000,0,0.00028
73.4589,0.87537,-0.35045,-0.12463,-0.35045,-0.12435,-0.34977,-0.20517,2.40327,-0.08083,2.75304,-0.08083,2.75304,1.00000,0.00000,0,0.00032
73.5593,0.87786,-0.34783,-0.12214,-0.34783,-0.12317,-0.34910,-0.20146,2.41377,-0.07829,2.76287,-0.07829,2.76287,1.00000,0.00000,0,0.00029
73.6601,1.05937,-0.19161,1.05937,-0.19161,0.78134,-0.28733,-0.16492,2.42370,-0.94626,2.71104,-0.94626,2.71104,0.00000,0.00000,0,0.00027
73.7616,1.21122,0.17671,1.21122,0.17671,1.12581,0.01217,-0.19562,2.42750,-1.32143,2.41533,-1.32143,2.41533,0.00000,0.00000,32,0.00099
73.8620,1.05735,0.46677,1.05735,0.46677,1.10254,0.35114,-0.22963,2.42073,-1.33216,2.06958,-1.33216,2.06958,0.00000,0.00000,0,0.00041
73.9655,0.97128,0.55043,0.97128,0.55043,1.00379,0.52376,-0.26072,2.40647,-1.26451,1.88271,-1.26451,1.88271,0.00000,0.00000,0,0.00026
74.0666,0.93980,0.58010,0.93980,0.58010,0.95759,0.57044,-0.28993,2.38982,-1.24752,1.81938,-1.24752,1.81938,0.00000,0.00000,0,0.00024
74.1683,0.87796,0.62263,0.87796,0.62263,0.90769,0.60209,-0.31784,2.37219,-1.22552,1.77011,-1.22552,1.77011,0.00000,0.00000,0,0.00024
74.2705,0.78183,0.67466,0.78183,0.67466,0.81345,0.64911,-0.34336,2.35325,-1.15681,1.70414,-1.15681,1.70414,0.00000,0.00000,0,0.00093
74.3704,0.77654,0.67242,0.77654,0.67242,0.78397,0.66741,-0.36717,2.33331,-1.15114,1.66590,-1.15114,1.66590,0.00000,0.00000,0,0.00026
74.4712,0.74905,0.67131,0.74905,0.67131,0.76344,0.67222,-0.39036,2.31314,-1.15380,1.64092,-1.15380,1.64092,0.00000,0.00000,0,0.00027
74.5728,0.71240,0.65546,0.71240,0.65546,0.72756,0.65951,-0.41262,2.29319,-1.14018,1.63368,-1.14018,1.63368,0.00000,0.00000,0,0.00029
74.6733,0.68793,0.64260,0.68793,0.64260,0.70020,0.64882,-0.43394,2.27359,-1.13414,1.62477,-1.13414,1.62477,0.00000,0.00000,0,0.00027
74.7756,0.63373,0.62912,0.63373,0.62912,0.65524,0.63471,-0.45414,2.25439,-1.10938,1.61968,-1.10938,1.61968,0.00000,0.00000,0,0.00028
74.8776,0.56533,0.60659,0.56533,0.60659,0.60013,0.61725,-0.47290,2.23564,-1.07303,1.61839,-1.07303,1.61839,0.00000,0.00000,0,0.00032
74.9801,0.50840,0.58468,0.50840,0.58468,0.53430,0.59504,-0.48966,2.21752,-1.02396,1.62247,-1.02396,1.62247,0.00000,0.00000,0,0.00029
75.0814,0.44297,0.55137,0.44297,0.55137,0.47163,0.56621,-0.50457,2.20016,-0.97620,1.63396,-0.97620,1.63396,0.00000,0.00000,0,0.00029
75.1836,0.39561,0.53407,0.39561,0.53407,0.41878,0.54313,-0.51774,2.18363,-0.93652,1.64050,-0.93652,1.64050,0.00000,0.00000,0,0.00025
75.2855,0.33056,0.50603,0.33056,0.50603,0.36195,0.51951,-0.52931,2.16774,-0.89126,1.64823,-0.89126,1.64823,0.00000,0.00000,0,0.00031
75.3876,0.29995,0.49751,0.29995,0.49751,0.31527,0.50263,-0.53926,2.15250,-0.85454,1.64987,-0.85454,1.64987,0.00000,0.00000,0,0.00030
75.4879,0.28555,0.48930,0.28555,0.48930,0.29322,0.49300,-0.54829,2.13760,-0.84151,1.64461,-0.84151,1.64461,0.00000,0.00000,0,0.00028
75.5896,0.27413,0.48564,0.27413,0.48564,0.28054,0.48826,-0.55685,2.12291,-0.83739,1.63465,-0.83739,1.63465,0.00000,0.00000,0,0.00030
75.6902,0.26147,0.48309,0.26147,0.48309,0.26742,0.48441,-0.56503,2.10833,-0.83245,1.62392,-0.83245,1.62392,0.00000,0.00000,0,0.00025
75.7921,0.24938,0.48070,0.24938,0.48070,0.25377,0.48171,-0.57279,2.09385,-0.82656,1.61214,-0.82656,1.61214,0.00000,0.00000,0,0.00036
75.8934,0.20807,0.47396,0.20807,0.47396,0.22572,0.47635,-0.57995,2.07949,-0.80567,1.60314,-0.80567,1.60314,0.00000,0.00000,0,0.00026
75.9990,0.17935,0.44683,0.17935,0.44683,0.19066,0.46393,-0.58606,2.06532,-0.77672,1.60138,-0.77672,1.60138,0.00000,0.00000,0,0.00027
76.1002,0.16765,0.38581,0.16765,0.38581,0.17499,0.40717,-0.59147,2.05242,-0.76646,1.64525,-0.76646,1.64525,0.00000,0.00000,0,0.00027
76.2025,0.16383,0.38168,0.16383,0.38168,0.16440,0.38702,-0.59650,2.04065,-0.76090,1.65363,-0.76090,1.65363,0.00000,0.00000,0,0.00105
76.3037,0.16559,0.38558,0.16559,0.38558,0.16421,0.38469,-0.60141,2.02910,-0.76562,1.64441,-0.76562,1.64441,0.00000,0.00000,0,0.00031
76.4054,0.16602,0.38696,0.16602,0.38696,0.16629,0.38682,-0.60638,2.01752,-0.77268,1.63070,-0.77268,1.63070,0.00000,0.00000,0,0.00041
76.5080,0.16709,0.38503,0.16709,0.38503,0.16667,0.38584,-0.61138,2.00592,-0.77805,1.62008,-0.77805,1.62008,0.00000,0.00000,0,0.00033
76.6094,0.16282,0.38364,0.16282,0.38364,0.16503,0.38482,-0.61637,1.99436,-0.78140,1.60954,-0.78140,1.60954,0.00000,0.00000,0,0.00032
76.7120,0.16851,0.38153,0.16851,0.38153,0.16585,0.38234,-0.62132,1.98286,-0.78717,1.60051,-0.78717,1.60051,0.00000,0.00000,0,0.00034
76.8133,0.16915,0.38214,0.16915,0.38214,0.16794,0.38194,-0.62633,1.97140,-0.79427,1.58946,-0.79427,1.58946,0.00000,0.00000,0,0.00030
76.9168,0.16720,0.38158,0.16720,0.38158,0.16788,0.38220,-0.63137,1.95993,-0.79925,1.57773,-0.79925,1.57773,0.00000,0.00000,0,0.00027
77.0204,0.16996,0.38047,0.16996,0.38047,0.16908,0.38078,-0.63642,1.94849,-0.80551,1.56772,-0.80551,1.56772,0.00000,0.00000,0,0.00026
77.1218,0.16648,0.37727,0.16648,0.37727,0.16856,0.37844,-0.64151,1.93711,-0.81007,1.55867,-0.81007,1.55867,0.00000,0.00000,0,0.00031
77.2274,0.16628,0.37972,0.16628,0.37972,0.16620,0.37874,-0.64650,1.92576,-0.81271,1.54701,-0.81271,1.54701,0.00000,0.00000,0,0.00027
77.3286,0.16672,0.37908,0.16672,0.37908,0.16701,0.37893,-0.65151,1.91439,-0.81852,1.53546,-0.81852,1.53546,0.00000,0.00000,0,0.00025
77.4302,0.17019,0.37942,0.17019,0.37942,0.16935,0.37873,-0.65656,1.90304,-0.82591,1.52431,-0.82591,1.52431,0.00000,0.00000,0,0.00055
77.5305,0.17089,0.38414,0.17089,0.38414,0.17063,0.38255,-0.66166,1.89160,-0.83230,1.50905,-0.83230,1.50905,0.00000,0.00000,0,0.00028
77.6320,0.16411,0.38738,0.16411,0.38738,0.16715,0.38500,-0.66673,1.88009,-0.83388,1.49510,-0.83388,1.49510,0.00000,0.00000,0,0.00045
77.7340,0.09732,0.48274,0.09732,0.48274,0.11801,0.43885,-0.67100,1.86789,-0.78902,1.42904,-0.78902,1.42904,0.00000,0.00000,0,0.00033
77.8357,0.08376,0.48256,0.08376,0.48256,0.08611,0.46373,-0.67383,1.85427,-0.75995,1.39055,-0.75995,1.39055,0.00000,0.00000,0,0.00035
77.9368,0.08431,0.47568,0.08431,0.47568,0.08429,0.46914,-0.67636,1.84029,-0.76065,1.37115,-0.76065,1.37115,0.00000,0.00000,0,0.00027
78.0381,0.08163,0.46452,0.08163,0.46452,0.08252,0.46654,-0.67885,1.82627,-0.76136,1.35973,-0.76136,1.35973,0.00000,0.00000,0,0.00038
78.1403,0.08556,0.46936,0.08556,0.46936,0.08464,0.46785,-0.68136,1.81227,-0.76600,1.34442,-0.76600,1.34442,0.00000,0.00000,0,0.00086
78.2403,0.08145,0.47066,0.08145,0.47066,0.08369,0.47016,-0.68391,1.79818,-0.76760,1.32802,-0.76760,1.32802,0.00000,0.00000,0,0.00027
78.3410,0.07462,0.47258,0.07462,0.47258,0.07813,0.47176,-0.68633,1.78405,-0.76446,1.31229,-0.76446,1.31229,0.00000,0.00000,0,0.00041
78.4429,0.05509,0.46464,0.05509,0.46464,0.06540,0.46782,-0.68849,1.76995,-0.75388,1.30213,-0.75388,1.30213,0.00000,0.00000,0,0.00031
78.5450,0.03378,0.45941,0.03378,0.45941,0.04043,0.46224,-0.68997,1.75601,-0.73039,1.29377,-0.73039,1.29377,0.00000,0.00000,0,0.00032
78.6452,0.02493,0.40861,-0.97507,0.40861,-0.72950,0.44426,-0.73132,1.74230,-0.00181,1.29804,-0.00181,1.29804,1.00000,0.00000,0,0.00024
78.7475,-0.08735,-0.19278,-1.08735,-0.19278,-1.02108,0.03103,-0.70334,1.73616,0.31774,1.70513,0.31774,1.70513,1.00000,0.00000,0,0.00034
78.8495,-0.09542,-0.27791,-1.09542,-0.27791,-1.09031,-0.21140,-0.67115,1.74034,0.41916,1.95174,0.41916,1.95174,1.00000,0.00000,0,0.00107
78.9508,-0.04869,-0.32556,-1.04869,-0.32556,-1.05959,-0.30272,-0.63902,1.74859,0.42057,2.05131,0.42057,2.05131,1.00000,0.00000,0,0.00029
79.0511,-0.02973,-0.33597,-1.02973,-0.33597,-1.03710,-0.33024,-0.60766,1.75826,0.42944,2.08850,0.42944,2.08850,1.00000,0.00000,0,0.00032
79.1522,-0.01421,-0.34993,-1.01421,-0.34993,-1.02088,-0.34281,-0.57686,1.76839,0.44401,2.11120,0.44401,2.11120,1.00000,0.00000,0,0.00027
79.2527,-0.00619,-0.36715,-1.00619,-0.36715,-1.00974,-0.35968,-0.54645,1.77897,0.46329,2.13865,0.46329,2.13865,1.00000,0.00000,0,0.00026
79.3553,0.01640,-0.38569,-0.98360,-0.38569,-0.99241,-0.37737,-0.51646,1.79008,0.47595,2.16745,0.47595,2.16745,1.00000,0.00000,0,0.00217
79.4571,0.04280,-0.40326,-0.95720,-0.40326,-0.96966,-0.39506,-0.48707,1.80172,0.48259,2.19678,0.48259,2.19678,1.00000,0.00000,0,0.00129
79.5599,0.10292,-0.45315,-0.89708,-0.45315,-0.92525,-0.42959,-0.45870,1.81412,0.46655,2.24371,0.46655,2.24371,1.00000,0.00000,0,0.00040
79.6611,0.19801,-0.52453,-0.80199,-0.52453,-0.84581,-0.49255,-0.43228,1.82810,0.41353,2.32064,0.41353,2.32064,1.00000,0.00000,0,0.00027
79.7632,0.27369,-0.57897,-0.72631,-0.57897,-0.76242,-0.55448,-0.40843,1.84403,0.35399,2.39851,0.35399,2.39851,1.00000,0.00000,0,0.00042
79.8641,0.32509,-0.60826,-0.67491,-0.60826,-0.69927,-0.59414,-0.38677,1.86144,0.31250,2.45558,0.31250,2.45558,1.00000,0.00000,0,0.00030
79.9655,0.36163,-0.63353,-0.63837,-0.63353,-0.65727,-0.62120,-0.36656,1.87976,0.29071,2.50097,0.29071,2.50097,1.00000,0.00000,0,0.00087
80.0677,0.39409,-0.66047,-0.60591,-0.66047,-0.62042,-0.64822,-0.34754,1.89889,0.27289,2.54710,0.27289,2.54710,1.00000,0.00000,0,0.00032
80.1691,0.42171,-0.68076,-0.57829,-0.68076,-0.59024,-0.67169,-0.32950,1.91877,0.26075,2.59046,0.26075,2.59046,1.00000,0.00000,0,0.00027
80.2716,0.43825,-0.69353,-0.56175,-0.69353,-0.57107,-0.68792,-0.31214,1.93923,0.25892,2.62715,0.25892,2.62715,1.00000,0.00000,0,0.00040
80.3725,0.45509,-0.71205,-0.54491,-0.71205,-0.55340,-0.70435,-0.29534,1.96016,0.25806,2.66451,0.25806,2.66451,1.00000,0.00000,0,0.00028
80.4758,0.50573,-0.70654,-0.49427,-0.70654,-0.51942,-0.71003,-0.27924,1.98146,0.24018,2.69149,0.24018,2.69149,1.00000,0.00000,0,0.00038
80.5799,0.57204,-0.68901,-0.42796,-0.68901,-0.45596,-0.69791,-0.26480,2.00256,0.19116,2.70048,0.19116,2.70048,1.00000,0.00000,0,0.00066
80.6809,0.73869,-0.61160,-0.26131,-0.61160,-0.34103,-0.64955,-0.25280,2.02284,0.08824,2.67240,0.08824,2.67240,1.00000,0.00000,0,0.00028
80.7811,0.76101,-0.60675,-0.23899,-0.60675,-0.26344,-0.61791,-0.24414,2.04166,0.01929,2.65956,0.01929,2.65956,1.00000,0.00000,0,0.00027
80.8836,0.79711,-0.59403,-0.20289,-0.59403,-0.22124,-0.60107,-0.23701,2.05988,-0.01577,2.66095,-0.01577,2.66095,1.00000,0.00000,0,0.00077
80.9852,0.80821,-0.59319,-0.19179,-0.59319,-0.19825,-0.59418,-0.23083,2.07775,-0.03258,2.67193,-0.03258,2.67193,1.00000,0.00000,0,0.00037
81.0882,0.81196,-0.59274,-0.18804,-0.59274,-0.19070,-0.59320,-0.22502,2.09556,-0.03432,2.68876,-0.03432,2.68876,1.00000,0.00000,0,0.00027
81.1891,0.81769,-0.58922,-0.18231,-0.58922,-0.18541,-0.59082,-0.21940,2.11331,-0.03399,2.70413,-0.03399,2.70413,1.00000,0.00000,0,0.00030
81.2906,0.82489,-0.58939,-0.17511,-0.58939,-0.17878,-0.58951,-0.21395,2.13101,-0.03517,2.72052,-0.03517,2.72052,1.00000,0.00000,0,0.00026
81.3929,0.82809,-0.58650,-0.17191,-0.58650,-0.17338,-0.58762,-0.20869,2.14867,-0.03531,2.73630,-0.03531,2.73630,1.00000,0.00000,0,0.00028
81.4936,0.82545,-0.58500,-0.17455,-0.58500,-0.17371,-0.58564,-0.20349,2.16626,-0.02978,2.75190,-0.02978,2.75190,1.00000,0.00000,0,0.00028
81.5949,0.82865,-0.58264,-0.17135,-0.58264,-0.17211,-0.58323,-0.19830,2.18379,-0.02619,2.76701,-0.02619,2.76701,1.00000,0.00000,0,0.00027
81.6965,0.83774,-0.58063,-0.16226,-0.58063,-0.16627,-0.58168,-0.19322,2.20127,-0.02695,2.78294,-0.02695,2.78294,1.00000,0.00000,0,0.00033
81.7991,0.84166,-0.57255,-0.15834,-0.57255,-0.16060,-0.57613,-0.18834,2.21863,-0.02774,2.79476,-0.02774,2.79476,1.00000,0.00000,0,0.00027
81.8998,0.84416,-0.57042,-0.15584,-0.57042,-0.15694,-0.57264,-0.18360,2.23585,-0.02665,2.80849,-0.02665,2.80849,1.00000,0.00000,0,0.00026
82.0007,0.85262,-0.56728,-0.14738,-0.56728,-0.15088,-0.56849,-0.17899,2.25294,-0.02811,2.82143,-0.02811,2.82143,1.00000,0.00000,0,0.00026
82.1033,0.86375,-0.55999,-0.13625,-0.55999,-0.14121,-0.56348,-0.17462,2.26991,-0.03341,2.83339,-0.03341,2.83339,1.00000,0.00000,0,0.00076
82.2071,0.87754,-0.55133,-0.12246,-0.55133,-0.12869,-0.55609,-0.17060,2.28670,-0.04191,2.84279,-0.04191,2.84279,1.00000,0.00000,0,0.00270
82.3065,0.93785,-0.51506,-0.06215,-0.51506,-0.08937,-0.52963,-0.16732,2.30296,-0.07794,2.83258,-0.07794,2.83258,1.00000,0.00000,0,0.00032
82.4078,0.96640,-0.47625,-0.03360,-0.47625,-0.04704,-0.49488,-0.16549,2.31825,-0.11845,2.81313,-0.11845,2.81313,1.00000,0.00000,0,0.00041
82.5102,0.98637,-0.42871,-0.01363,-0.42871,-0.02229,-0.45029,-0.16457,2.33229,-0.14228,2.78258,-0.14228,2.78258,1.00000,0.00000,0,0.00035
82.6124,1.00815,-0.33490,0.00815,-0.33490,-0.00398,-0.37792,-0.16457,2.34466,-0.16059,2.72258,-0.16059,2.72258,1.00000,0.00000,16,0.00120
82.7125,1.00609,-0.30924,0.00609,-0.30924,0.00592,-0.32607,-0.16457,2.35496,-0.17049,2.68102,-0.17049,2.68102,1.00000,0.00000,16,0.00029
82.8134,1.00738,-0.29538,0.00738,-0.29538,0.00723,-0.30333,-0.16457,2.36429,-0.17180,2.66761,-0.17180,2.66761,1.00000,0.00000,16,0.00027
82.9166,1.00859,-0.28875,0.00859,-0.28875,0.00899,-0.29247,-0.16457,2.37317,-0.17356,2.66563,-0.17356,2.66563,1.00000,0.00000,16,0.00080
83.0200,1.00764,-0.28617,0.00764,-0.28617,0.00790,-0.28745,-0.16457,2.38183,-0.17247,2.66929,-0.17247,2.66929,1.00000,0.00000,16,0.00178
83.1188,1.01091,-0.28204,0.01091,-0.28204,0.00969,-0.28422,-0.16457,2.39040,-0.17426,2.67462,-0.17426,2.67462,1.00000,0.00000,16,0.00026
83.2200,1.00636,-0.28210,0.00636,-0.28210,0.00799,-0.28261,-0.16457,2.39890,-0.17256,2.68151,-0.17256,2.68151,1.00000,0.00000,16,0.00025
83.3232,1.00788,-0.28171,0.00788,-0.28171,0.00722,-0.28143,-0.16457,2.40735,-0.17179,2.68878,-0.17179,2.68878,1.00000,0.00000,16,0.00259
83.4215,1.00805,-0.27970,0.00805,-0.27970,0.00784,-0.28067,-0.16457,2.41578,-0.17241,2.69645,-0.17241,2.69645,1.00000,0.00000,16,0.00042
83.5234,1.01162,-0.27829,0.01162,-0.27829,0.01090,-0.27893,-0.16457,2.42416,-0.17548,2.70309,-0.17548,2.70309,1.00000,0.00000,16,0.00033
83.6257,1.01479,-0.27097,1.01479,-0.27097,0.67116,-0.27451,-0.12116,2.43246,-0.79232,2.70697,-0.79232,2.70697,0.00000,0.00000,0,0.00030
83.7289,1.11455,0.10867,1.11455,0.10867,1.00055,-0.05514,-0.14810,2.43755,-1.14865,2.49269,-1.14865,2.49269,0.00000,0.00000,0,0.00027
83.8301,1.09551,0.32659,1.09551,0.32659,1.10253,0.22243,-0.18060,2.43380,-1.28313,2.21137,-1.28313,2.21137,0.00000,0.00000,0,0.00029
83.9308,0.96367,0.45246,0.96367,0.45246,1.00344,0.39167,-0.21190,2.42370,-1.21534,2.03203,-1.21534,2.03203,0.00000,0.00000,0,0.00026
84.0316,0.90382,0.50907,0.90382,0.50907,0.93015,0.48229,-0.24061,2.41007,-1.17075,1.92778,-1.17075,1.92778,0.00000,0.00000,0,0.00034
84.1332,0.88216,0.51524,0.88216,0.51524,0.89556,0.50811,-0.26783,2.39505,-1.16339,1.88694,-1.16339,1.88694,0.00000,0.00000,0,0.00030
84.2335,0.86428,0.52917,0.86428,0.52917,0.87375,0.52355,-0.29428,2.37951,-1.16803,1.85596,-1.16803,1.85596,0.00000,0.00000,0,0.00030
84.3356,0.82792,0.55130,0.82792,0.55130,0.84527,0.54005,-0.32002,2.36355,-1.16529,1.82350,-1.16529,1.82350,0.00000,0.00000,0,0.00025
84.4370,0.72388,0.62023,0.72388,0.62023,0.77594,0.58590,-0.34434,2.34667,-1.12029,1.76077,-1.12029,1.76077,0.00000,0.00000,0,0.00118
84.5369,0.65851,0.59977,0.65851,0.59977,0.68544,0.60478,-0.36576,2.32866,-1.05120,1.72388,-1.05120,1.72388,0.00000,0.00000,0,0.00029
84.6377,0.62311,0.59163,0.62311,0.59163,0.63965,0.59614,-0.38544,2.31069,-1.02509,1.71455,-1.02509,1.71455,0.00000,0.00000,0,0.00026
84.7391,0.60021,0.58198,0.60021,0.58198,0.61277,0.58572,-0.40415,2.29300,-1.01692,1.70728,-1.01692,1.70728,0.00000,0.00000,0,0.00031
84.8404,0.58325,0.57783,0.58325,0.57783,0.59202,0.58047,-0.42215,2.27553,-1.01416,1.69506,-1.01416,1.69506,0.00000,0.00000,0,0.00029
84.9415,0.56529,0.57074,0.56529,0.57074,0.57414,0.57314,-0.43959,2.25825,-1.01373,1.68511,-1.01373,1.68511,0.00000,0.00000,0,0.00029
85.0423,0.53562,0.56176,0.53562,0.56176,0.55073,0.56734,-0.45643,2.24113,-1.00716,1.67379,-1.00716,1.67379,0.00000,0.00000,0,0.00026
85.1440,0.49006,0.54016,0.49006,0.54016,0.51041,0.55003,-0.47226,2.22439,-0.98268,1.67437,-0.98268,1.67437,0.00000,0.00000,0,0.00103
85.2459,0.45698,0.52611,0.45698,0.52611,0.47180,0.53264,-0.48684,2.20823,-0.95864,1.67558,-0.95864,1.67558,0.00000,0.00000,0,0.00027
85.3476,0.43267,0.51383,0.43267,0.51383,0.44429,0.51928,-0.50048,2.19250,-0.94476,1.67322,-0.94476,1.67322,0.00000,0.00000,0,0.00027
85.4492,0.40316,0.50001,0.40316,0.50001,0.41678,0.50663,-0.51331,2.17714,-0.93009,1.67051,-0.93009,1.67051,0.00000,0.00000,0,0.00025
85.5513,0.37700,0.49063,0.37700,0.49063,0.38878,0.49458,-0.52531,2.16218,-0.91409,1.66760,-0.91409,1.66760,0.00000,0.00000,0,0.00094
85.6510,0.35340,0.48405,0.35340,0.48405,0.36410,0.48784,-0.53652,2.14746,-0.90061,1.65962,-0.90061,1.65962,0.00000,0.00000,0,0.00027
85.7533,0.33838,0.47713,0.33838,0.47713,0.34508,0.47965,-0.54707,2.13299,-0.89216,1.65334,-0.89216,1.65334,0.00000,0.00000,0,0.00034
85.8535,0.33446,0.47613,0.33446,0.47613,0.33655,0.47617,-0.55725,2.11868,-0.89380,1.64250,-0.89380,1.64250,0.00000,0.00000,0,0.00027
85.9547,0.32608,0.47829,0.32608,0.47829,0.32923,0.47747,-0.56721,2.10437,-0.89645,1.62690,-0.89645,1.62690,0.00000,0.00000,0,0.00038
86.0607,0.30697,0.48936,0.30697,0.48936,0.31499,0.48560,-0.57686,2.08991,-0.89185,1.60431,-0.89185,1.60431,0.00000,0.00000,0,0.00054
86.1609,0.26468,0.48785,0.26468,0.48785,0.28430,0.49343,-0.58582,2.07513,-0.87012,1.58170,-0.87012,1.58170,0.00000,0.00000,0,0.00029
86.2614,0.15303,0.50022,0.15303,0.50022,0.19705,0.51860,-0.59276,2.05973,-0.78981,1.54113,-0.78981,1.54113,0.00000,0.00000,0,0.00027
86.3640,0.10480,0.47678,0.10480,0.47678,0.13368,0.48469,-0.59756,2.04496,-0.73123,1.56027,-0.73123,1.56027,0.00000,0.00000,0,0.00042
86.4683,0.09736,0.46363,0.09736,0.46363,0.10740,0.46926,-0.60103,2.03073,-0.70843,1.56147,-0.70843,1.56147,0.00000,0.00000,0,0.00074
86.5681,0.09690,0.46019,0.09690,0.46019,0.09992,0.46237,-0.60410,2.01680,-0.70402,1.55443,-0.70402,1.55443,0.00000,0.00000,0,0.00025
86.6701,0.08683,0.46235,0.08683,0.46235,0.09141,0.46223,-0.60696,2.00293,-0.69836,1.54070,-0.69836,1.54070,0.00000,0.00000,0,0.00026
86.7716,0.07955,0.45967,0.07955,0.45967,0.08396,0.46081,-0.60956,1.98908,-0.69352,1.52827,-0.69352,1.52827,0.00000,0.00000,0,0.00093
86.8716,0.06811,0.45379,0.06811,0.45379,0.07378,0.45604,-0.61192,1.97533,-0.68570,1.51930,-0.68570,1.51930,0.00000,0.00000,0,0.00029
86.9731,0.04688,0.44909,0.04688,0.44909,0.05559,0.45121,-0.61381,1.96174,-0.66939,1.51052,-0.66939,1.51052,0.00000,0.00000,0,0.00038
87.0753,0.04204,0.45188,0.04204,0.45188,0.04555,0.45039,-0.61527,1.94823,-0.66082,1.49785,-0.66082,1.49785,0.00000,0.00000,0,0.00027
87.1771,0.04042,0.45366,0.04042,0.45366,0.04100,0.45258,-0.61654,1.93469,-0.65754,1.48210,-0.65754,1.48210,0.00000,0.00000,0,0.00032
87.2785,0.03429,0.45380,0.03429,0.45380,0.03714,0.45344,-0.61770,1.92109,-0.65484,1.46766,-0.65484,1.46766,0.00000,0.00000,0,0.00026
87.3791,0.03773,0.45654,0.03773,0.45654,0.03619,0.45538,-0.61878,1.90746,-0.65497,1.45208,-0.65497,1.45208,0.00000,0.00000,0,0.00025
87.4804,0.03659,0.45298,0.03659,0.45298,0.03665,0.45485,-0.61988,1.89379,-0.65653,1.43894,-0.65653,1.43894,0.00000,0.00000,0,0.00069
87.5810,0.03337,0.44978,0.03337,0.44978,0.03496,0.45156,-0.62094,1.88020,-0.65590,1.42864,-0.65590,1.42864,0.00000,0.00000,0,0.00026
87.6824,0.03333,0.44892,0.03333,0.44892,0.03431,0.44986,-0.62199,1.86669,-0.65630,1.41684,-0.65630,1.41684,0.00000,0.00000,0,0.00026
87.7851,0.03000,0.44645,0.03000,0.44645,0.03176,0.44811,-0.62297,1.85322,-0.65473,1.40510,-0.65473,1.40510,0.00000,0.00000,0,0.00027
87.8876,0.03713,0.44658,0.03713,0.44658,0.03506,0.44731,-0.62397,1.83978,-0.65904,1.39248,-0.65904,1.39248,0.00000,0.00000,0,0.00200
87.9863,0.03777,0.44384,0.03777,0.44384,0.03598,0.44520,-0.62504,1.82640,-0.66102,1.38120,-0.66102,1.38120,0.00000,0.00000,0,0.00025
88.0876,0.03229,0.43966,0.03229,0.43966,0.03401,0.44114,-0.62609,1.81312,-0.66010,1.37198,-0.66010,1.37198,0.00000,0.00000,0,0.00034
88.1900,0.02972,0.43854,0.02972,0.43854,0.03109,0.43962,-0.62706,1.79991,-0.65815,1.36030,-0.65815,1.36030,0.00000,0.00000,0,0.00029
88.2908,0.02550,0.43514,0.02550,0.43514,0.02720,0.43675,-0.62792,1.78677,-0.65512,1.35002,-0.65512,1.35002,0.00000,0.00000,0,0.00025
88.3911,0.02008,0.42781,0.02008,0.42781,0.02250,0.43055,-0.62866,1.77378,-0.65115,1.34323,-0.65115,1.34323,0.00000,0.00000,0,0.00030
88.4919,0.01829,0.41800,0.01829,0.41800,0.01878,0.42239,-0.62878,1.76101,-0.64756,1.33862,-0.64756,1.33862,0.00000,0.00000,16,0.00035
88.5947,0.01124,0.38498,-0.98876,0.38498,-0.28555,0.40068,-0.68016,1.74865,-0.34152,1.34797,-0.39461,1.34797,1.00000,0.00000,1,0.00029
88.6963,-0.06069,-0.04678,-1.06069,-0.04678,-0.90097,0.17509,-0.65840,1.73914,0.24257,1.56405,0.24257,1.56405,1.00000,0.00000,0,0.00035
88.7975,-0.05257,-0.37433,-1.05257,-0.37433,-1.02423,-0.25122,-0.62873,1.74268,0.39550,1.99390,0.39550,1.99390,1.00000,0.00000,0,0.00026
88.9005,0.00102,-0.39955,-0.99898,-0.39955,-1.00304,-0.37092,-0.59836,1.75274,0.40469,2.12366,0.40469,2.12366,1.00000,0.00000,0,0.00025
89.0012,0.03833,-0.42623,-0.96167,-0.42623,-0.97791,-0.41172,-0.56867,1.76468,0.40923,2.17640,0.40923,2.17640,1.00000,0.00000,0,0.00028
89.1021,0.07324,-0.45733,-0.92676,-0.45733,-0.94296,-0.44262,-0.53992,1.77756,0.40304,2.22019,0.40304,2.22019,1.00000,0.00000,0,0.00028
89.2029,0.12734,-0.49768,-0.87266,-0.49768,-0.89819,-0.47925,-0.51240,1.79149,0.38579,2.27073,0.38579,2.27073,1.00000,0.00000,0,0.00028
89.3037,0.16159,-0.52291,-0.83841,-0.52291,-0.85632,-0.51087,-0.48624,1.80647,0.37008,2.31734,0.37008,2.31734,1.00000,0.00000,0,0.00028
89.4054,0.20068,-0.54700,-0.79932,-0.54700,-0.81792,-0.53603,-0.46122,1.82225,0.35670,2.35828,0.35670,2.35828,1.00000,0.00000,0,0.00043
89.5061,0.27262,-0.58347,-0.72738,-0.58347,-0.75933,-0.56761,-0.43768,1.83889,0.32165,2.40650,0.32165,2.40650,1.00000,0.00000,0,0.00032
89.6073,0.33387,-0.62464,-0.66613,-0.62464,-0.69632,-0.60716,-0.41603,1.85664,0.28028,2.46380,0.28028,2.46380,1.00000,0.00000,0,0.00035
89.7106,0.37820,-0.65656,-0.62180,-0.65656,-0.64301,-0.64158,-0.39614,1.87547,0.24686,2.51706,0.24686,2.51706,1.00000,0.00000,0,0.00125
89.8105,0.41228,-0.67934,-0.58772,-0.67934,-0.60435,-0.66870,-0.37757,1.89523,0.22678,2.56393,0.22678,2.56393,1.00000,0.00000,0,0.00031
89.9112,0.44101,-0.69466,-0.55899,-0.69466,-0.57216,-0.68725,-0.36005,1.91564,0.21211,2.60289,0.21211,2.60289,1.00000,0.00000,0,0.00031
90.0128,0.46776,-0.71215,-0.53224,-0.71215,-0.54561,-0.70410,-0.34336,1.93655,0.20225,2.64065,0.20225,2.64065,1.00000,0.00000,0,0.00027
90.1188,0.50246,-0.71780,-0.49754,-0.71780,-0.51590,-0.71500,-0.32748,1.95790,0.18842,2.67291,0.18842,2.67291,1.00000,0.00000,0,0.00234
90.2180,0.53947,-0.71710,-0.46053,-0.71710,-0.47732,-0.71935,-0.31271,1.97949,0.16461,2.69884,0.16461,2.69884,1.00000,0.00000,0,0.00033
90.3200,0.62558,-0.67918,-0.37442,-0.67918,-0.41679,-0.69809,-0.29936,2.00078,0.11743,2.69886,0.11743,2.69886,1.00000,0.00000,0,0.00027
90.4211,0.73684,-0.63948,-0.26316,-0.63948,-0.32197,-0.66786,-0.28850,2.02132,0.03347,2.68918,0.03347,2.68918,1.00000,0.00000,0,0.00028
90.5218,0.80489,-0.60618,-0.19511,-0.60618,-0.22677,-0.61534,-0.28073,2.04021,-0.05396,2.65555,-0.05396,2.65555,1.00000,0.00000,0,0.00031
90.6227,0.83060,-0.58976,-0.16940,-0.58976,-0.18376,-0.59572,-0.27482,2.05828,-0.09106,2.65399,-0.09106,2.65399,1.00000,0.00000,0,0.00026
90.7230,0.83411,-0.58318,-0.16589,-0.58318,-0.16985,-0.58631,-0.26960,2.07595,-0.09975,2.66226,-0.09975,2.66226,1.00000,0.00000,0,0.00024
90.8242,0.83828,-0.58322,-0.16172,-0.58322,-0.16439,-0.58441,-0.26460,2.09351,-0.10022,2.67792,-0.10022,2.67792,1.00000,0.00000,0,0.00040
90.9270,0.84208,-0.57806,-0.15792,-0.57806,-0.16008,-0.57948,-0.25974,2.11094,-0.09966,2.69042,-0.09966,2.69042,1.00000,0.00000,0,0.00029
91.0277,0.84757,-0.57041,-0.15243,-0.57041,-0.15505,-0.57368,-0.25503,2.12823,-0.09998,2.70191,-0.09998,2.70191,1.00000,0.00000,0,0.00033
91.1298,0.85174,-0.56463,-0.14826,-0.56463,-0.15045,-0.56778,-0.25045,2.14534,-0.10000,2.71312,-0.10000,2.71312,1.00000,0.00000,0,0.00024
91.2325,0.85493,-0.55745,-0.14507,-0.55745,-0.14638,-0.56138,-0.24602,2.16227,-0.09964,2.72365,-0.09964,2.72365,1.00000,0.00000,0,0.00027
91.3356,0.85691,-0.54432,-0.14309,-0.54432,-0.14416,-0.54965,-0.24166,2.17891,-0.09750,2.72856,-0.09750,2.72856,1.00000,0.00000,0,0.00033
91.4363,0.85912,-0.53276,-0.14088,-0.53276,-0.14150,-0.53785,-0.23739,2.19519,-0.09589,2.73303,-0.09589,2.73303,1.00000,0.00000,0,0.00035
91.5378,0.86231,-0.52176,-0.13769,-0.52176,-0.13785,-0.52692,-0.23322,2.21113,-0.09538,2.73804,-0.09538,2.73804,1.00000,0.00000,0,0.00030
91.6400,0.86948,-0.50170,-0.13052,-0.50170,-0.13390,-0.51126,-0.22914,2.22667,-0.09524,2.73793,-0.09524,2.73793,1.00000,0.00000,0,0.00029
91.7415,0.87718,-0.47524,-0.12282,-0.47524,-0.12612,-0.48738,-0.22526,2.24160,-0.09914,2.72898,-0.09914,2.72898,1.00000,0.00000,0,0.00035
91.8436,0.88312,-0.45227,-0.11688,-0.45227,-0.11909,-0.46266,-0.22162,2.25577,-0.10253,2.71843,-0.10253,2.71843,1.00000,0.00000,0,0.00031
91.9458,0.88615,-0.41296,-0.11385,-0.41296,-0.11525,-0.43266,-0.21812,2.26915,-0.10286,2.70181,-0.10286,2.70181,1.00000,0.00000,0,0.00027
92.0479,0.90132,-0.35208,-0.09868,-0.35208,-0.10174,-0.37136,-0.21491,2.28093,-0.11316,2.65230,-0.11316,2.65230,1.00000,0.00000,0,0.00034
92.1494,0.90197,-0.33673,-0.09803,-0.33673,-0.10035,-0.34578,-0.21186,2.29157,-0.11151,2.63735,-0.11151,2.63735,1.00000,0.00000,0,0.00027
92.2499,0.90364,-0.32448,-0.09636,-0.32448,-0.09715,-0.33011,-0.20890,2.30164,-0.11175,2.63175,-0.11175,2.63175,1.00000,0.00000,0,0.00026
92.3514,0.90702,-0.31564,-0.09298,-0.31564,-0.09476,-0.31942,-0.20603,2.31134,-0.11126,2.63075,-0.11126,2.63075,1.00000,0.00000,0,0.00031
92.4531,0.90657,-0.31434,-0.09343,-0.31434,-0.09371,-0.31496,-0.20320,2.32082,-0.10950,2.63579,-0.10950,2.63579,1.00000,0.00000,0,0.00084
92.5548,0.90863,-0.31443,-0.09137,-0.31443,-0.09176,-0.31427,-0.20043,2.33025,-0.10867,2.64452,-0.10867,2.64452,1.00000,0.00000,0,0.00039
92.6569,0.90778,-0.31278,-0.09222,-0.31278,-0.09239,-0.31270,-0.19766,2.33965,-0.10527,2.65235,-0.10527,2.65235,1.00000,0.00000,0,0.00029
92.7578,0.90748,-0.31493,-0.09252,-0.31493,-0.09245,-0.31461,-0.19489,2.34906,-0.10244,2.66367,-0.10244,2.66367,1.00000,0.00000,0,0.00031
92.8593,0.90557,-0.31091,-0.09443,-0.31091,-0.09431,-0.31234,-0.19209,2.35846,-0.09777,2.67080,-0.09777,2.67080,1.00000,0.00000,0,0.00027
92.9608,0.90441,-0.30833,-0.09559,-0.30833,-0.09447,-0.30925,-0.18925,2.36778,-0.09479,2.67703,-0.09479,2.67703,1.00000,0.00000,0,0.00030
93.0616,0.90586,-0.30708,-0.09414,-0.30708,-0.09441,-0.30725,-0.18642,2.37701,-0.09200,2.68426,-0.09200,2.68426,1.00000,0.00000,0,0.00029
93.1644,0.90954,-0.30996,-0.09046,-0.30996,-0.09146,-0.30894,-0.18364,2.38625,-0.09218,2.69519,-0.09218,2.69519,1.00000,0.00000,0,0.00028
93.2677,0.91058,-0.30755,-0.08942,-0.30755,-0.09018,-0.30801,-0.18092,2.39551,-0.09075,2.70352,-0.09075,2.70352,1.00000,0.00000,0,0.00035
93.3684,0.91189,-0.30622,-0.08811,-0.30622,-0.08921,-0.30652,-0.17823,2.40473,-0.08902,2.71125,-0.08902,2.71125,1.00000,0.00000,0,0.00030
93.4697,0.90470,-0.30998,-0.09530,-0.30998,-0.09278,-0.30863,-0.17551,2.41395,-0.08273,2.72258,-0.08273,2.72258,1.00000,0.00000,0,0.00026
93.5708,0.90191,-0.31489,-0.09809,-0.31489,-0.09621,-0.31231,-0.17266,2.42327,-0.07645,2.73558,-0.07645,2.73558,1.00000,0.00000,0,0.00028
93.6713,0.93083,-0.28535,0.93083,-0.28535,0.67091,-0.30600,-0.13202,2.43264,-0.80294,2.73864,-0.80294,2.73864,0.00000,0.00000,0,0.00031
93.7723,1.23181,0.02854,1.23181,0.02854,1.09342,-0.08745,-0.16039,2.43820,-1.25380,2.52565,-1.25380,2.52565,0.00000,0.00000,0,0.00030
93.8734,1.10481,0.45388,1.10481,0.45388,1.14941,0.28631,-0.19500,2.43403,-1.34441,2.14772,-1.34441,2.14772,0.00000,0.00000,0,0.00033
93.9760,0.99943,0.59175,0.99943,0.59175,1.04039,0.52951,-0.22739,2.42060,-1.26778,1.89108,-1.26778,1.89108,0.00000,0.00000,0,0.00033
94.0785,0.94913,0.62385,0.94913,0.62385,0.97647,0.59765,-0.25740,2.40348,-1.23387,1.80583,-1.23387,1.80583,0.00000,0.00000,0,0.00031
94.1801,0.87242,0.66493,0.87242,0.66493,0.91452,0.63663,-0.28571,2.38494,-1.20022,1.74832,-1.20022,1.74832,0.00000,0.00000,0,0.00029
94.2809,0.81740,0.71063,0.81740,0.71063,0.83069,0.68466,-0.31133,2.36495,-1.14201,1.68029,-1.14201,1.68029,0.00000,0.00000,0,0.00027
94.3823,0.80093,0.69993,0.80093,0.69993,0.80757,0.69140,-0.33577,2.34432,-1.14334,1.65292,-1.14334,1.65292,0.00000,0.00000,0,0.00025
94.4864,0.76166,0.68301,0.76166,0.68301,0.78046,0.68785,-0.35957,2.32359,-1.14003,1.63574,-1.14003,1.63574,0.00000,0.00000,0,0.00083
94.5873,0.73324,0.66659,0.73324,0.66659,0.74650,0.67342,-0.38235,2.30322,-1.12885,1.62980,-1.12885,1.62980,0.00000,0.00000,0,0.00028
94.6885,0.70561,0.65724,0.70561,0.65724,0.71904,0.66240,-0.40425,2.28321,-1.12330,1.62082,-1.12330,1.62082,0.00000,0.00000,0,0.00027
94.7897,0.65932,0.64066,0.65932,0.64066,0.67943,0.64713,-0.42513,2.26362,-1.10456,1.61650,-1.10456,1.61650,0.00000,0.00000,0,0.00027
94.8916,0.58674,0.61691,0.58674,0.61691,0.62222,0.62856,-0.44457,2.24451,-1.06679,1.61595,-1.06679,1.61595,0.00000,0.00000,0,0.00073
94.9917,0.52517,0.59575,0.52517,0.59575,0.55512,0.60622,-0.46201,2.22605,-1.01714,1.61983,-1.01714,1.61983,0.00000,0.00000,0,0.00038
95.0958,0.46045,0.56428,0.46045,0.56428,0.48920,0.57870,-0.47747,2.20833,-0.96667,1.62963,-0.96667,1.62963,0.00000,0.00000,0,0.00023
95.1971,0.41055,0.54949,0.41055,0.54949,0.43359,0.55651,-0.49110,2.19142,-0.92470,1.63491,-0.92470,1.63491,0.00000,0.00000,0,0.00026
95.2998,0.35300,0.51962,0.35300,0.51962,0.37915,0.53313,-0.50314,2.17511,-0.88229,1.64198,-0.88229,1.64198,0.00000,0.00000,0,0.00024
95.4031,0.32017,0.50778,0.32017,0.50778,0.33570,0.51311,-0.51368,2.15952,-0.84938,1.64642,-0.84938,1.64642,0.00000,0.00000,0,0.00217
95.5021,0.30654,0.49963,0.30654,0.49963,0.31293,0.50296,-0.52329,2.14432,-0.83622,1.64136,-0.83622,1.64136,0.00000,0.00000,0,0.00042
95.6032,0.29551,0.49578,0.29551,0.49578,0.30105,0.49776,-0.53245,2.12933,-0.83351,1.63157,-0.83351,1.63157,0.00000,0.00000,0,0.00029
95.7055,0.28057,0.48991,0.28057,0.48991,0.28728,0.49265,-0.54123,2.11449,-0.82851,1.62185,-0.82851,1.62185,0.00000,0.00000,0,0.00044
95.8062,0.26877,0.48329,0.26877,0.48329,0.27515,0.48672,-0.54964,2.09980,-0.82478,1.61309,-0.82478,1.61309,0.00000,0.00000,0,0.00045
95.9078,0.23792,0.47260,0.23792,0.47260,0.25119,0.47689,-0.55750,2.08537,-0.80870,1.60848,-0.80870,1.60848,0.00000,0.00000,0,0.00047
96.0092,0.22328,0.42801,0.22328,0.42801,0.22765,0.45117,-0.56456,2.07141,-0.79221,1.62023,-0.79221,1.62023,0.00000,0.00000,0,0.00029
96.1114,0.22164,0.37317,0.22164,0.37317,0.22161,0.39259,-0.57124,2.05898,-0.79285,1.66639,-0.79285,1.66639,0.00000,0.00000,0,0.00160
96.2109,0.21802,0.36792,0.21802,0.36792,0.21768,0.37445,-0.57780,2.04758,-0.79548,1.67313,-0.79548,1.67313,0.00000,0.00000,0,0.00030
96.3116,0.21039,0.36663,0.21039,0.36663,0.21271,0.36830,-0.58424,2.03646,-0.79696,1.66816,-0.79696,1.66816,0.00000,0.00000,0,0.00026
96.4138,0.20939,0.36403,0.20939,0.36403,0.20949,0.36608,-0.59055,2.02545,-0.80004,1.65938,-0.80004,1.65938,0.00000,0.00000,0,0.00024
96.5171,0.21227,0.36609,0.21227,0.36609,0.21122,0.36572,-0.59687,2.01449,-0.80809,1.64877,-0.80809,1.64877,0.00000,0.00000,0,0.00030
96.6200,0.21032,0.36236,0.21032,0.36236,0.20940,0.36409,-0.60316,2.00353,-0.81256,1.63944,-0.81256,1.63944,0.00000,0.00000,0,0.00050
96.7206,0.20776,0.36482,0.20776,0.36482,0.20835,0.36351,-0.60943,1.99263,-0.81778,1.62912,-0.81778,1.62912,0.00000,0.00000,0,0.00026
96.8214,0.20981,0.36617,0.20981,0.36617,0.20920,0.36566,-0.61570,1.98168,-0.82490,1.61602,-0.82490,1.61602,0.00000,0.00000,0,0.00038
96.9236,0.20993,0.36582,0.20993,0.36582,0.20950,0.36518,-0.62198,1.97072,-0.83148,1.60554,-0.83148,1.60554,0.00000,0.00000,0,0.00157
97.0252,0.21186,0.36844,0.21186,0.36844,0.21045,0.36714,-0.62826,1.95974,-0.83871,1.59260,-0.83871,1.59260,0.00000,0.00000,0,0.00033
97.1264,0.21620,0.36758,0.21620,0.36758,0.21421,0.36767,-0.63465,1.94871,-0.84886,1.58104,-0.84886,1.58104,0.00000,0.00000,0,0.00037
97.2272,0.21516,0.36292,0.21516,0.36292,0.21486,0.36458,-0.64109,1.93773,-0.85595,1.57315,-0.85595,1.57315,0.00000,0.00000,0,0.00024
97.3303,0.21318,0.36798,0.21318,0.36798,0.21417,0.36602,-0.64754,1.92678,-0.86171,1.56076,-0.86171,1.56076,0.00000,0.00000,0,0.00026
97.4309,0.17716,0.38974,0.17716,0.38974,0.19518,0.37915,-0.65372,1.91562,-0.84889,1.53646,-0.84889,1.53646,0.00000,0.00000,0,0.00027
97.5314,0.09862,0.44941,0.09862,0.44941,0.12443,0.44935,-0.65813,1.90276,-0.78257,1.45341,-0.78257,1.45341,0.00000,0.00000,0,0.00034
97.6327,0.10473,0.45720,0.10473,0.45720,0.10816,0.46483,-0.66148,1.88892,-0.76964,1.42409,-0.76964,1.42409,0.00000,0.00000,0,0.00031
97.7376,0.10574,0.46521,0.10574,0.46521,0.10693,0.46886,-0.66470,1.87487,-0.77163,1.40601,-0.77163,1.40601,0.00000,0.00000,0,0.00101
97.8389,0.10344,0.46904,0.10344,0.46904,0.10445,0.46953,-0.66787,1.86076,-0.77232,1.39123,-0.77232,1.39123,0.00000,0.00000,0,0.00031
97.9405,0.10370,0.47044,0.10370,0.47044,0.10316,0.46994,-0.67097,1.84667,-0.77412,1.37673,-0.77412,1.37673,0.00000,0.00000,0,0.00026
98.0414,0.10275,0.46982,0.10275,0.46982,0.10331,0.47050,-0.67406,1.83256,-0.77737,1.36206,-0.77737,1.36206,0.00000,0.00000,0,0.00039
98.1428,0.10369,0.46880,0.10369,0.46880,0.10335,0.46892,-0.67717,1.81848,-0.78052,1.34956,-0.78052,1.34956,0.00000,0.00000,0,0.00113
98.2442,0.10464,0.46667,0.10464,0.46667,0.10527,0.46677,-0.68030,1.80446,-0.78557,1.33769,-0.78557,1.33769,0.00000,0.00000,0,0.00031
98.3453,0.10271,0.46745,0.10271,0.46745,0.10431,0.46766,-0.68346,1.79044,-0.78777,1.32277,-0.78777,1.32277,0.00000,0.00000,0,0.00024
98.4459,0.09761,0.46533,0.09761,0.46533,0.09950,0.46571,-0.68650,1.77644,-0.78600,1.31073,-0.78600,1.31073,0.00000,0.00000,0,0.00027
98.5482,0.08476,0.46724,0.08476,0.46724,0.09081,0.46708,-0.68935,1.76245,-0.78016,1.29536,-0.78016,1.29536,0.00000,0.00000,0,0.00033
98.6499,0.05567,0.46046,-0.94433,0.46046,-0.58872,0.46270,-0.74006,1.74851,-0.15135,1.28580,-0.15135,1.28580,1.00000,0.00000,0,0.00026
98.7511,-0.07525,0.05816,-1.07525,0.05816,-0.95442,0.20895,-0.71497,1.73825,0.23945,1.52930,0.23945,1.52930,1.00000,0.00000,0,0.00024
98.8540,-0.10223,-0.23504,-1.10223,-0.23504,-1.05644,-0.11899,-0.68425,1.73812,0.37220,1.85711,0.37220,1.85711,1.00000,0.00000,0,0.00038
98.9566,-0.02795,-0.31665,-1.02795,-0.31665,-1.05179,-0.26235,-0.65228,1.74440,0.39951,2.00674,0.39951,2.00674,1.00000,0.00000,0,0.00038
99.0576,-0.01538,-0.33690,-1.01538,-0.33690,-1.02855,-0.31914,-0.62113,1.75341,0.40743,2.07255,0.40743,2.07255,1.00000,0.00000,0,0.00039
99.1589,0.00207,-0.34974,-0.99793,-0.34974,-1.00853,-0.34038,-0.59065,1.76338,0.41789,2.10376,0.41789,2.10376,1.00000,0.00000,0,0.00036
99.2611,0.01586,-0.36604,-0.98414,-0.36604,-0.99229,-0.35748,-0.56069,1.77390,0.43161,2.13138,0.43161,2.13138,1.00000,0.00000,0,0.00147
99.3605,0.02986,-0.38321,-0.97014,-0.38321,-0.97635,-0.37569,-0.53123,1.78495,0.44512,2.16064,0.44512,2.16064,1.00000,0.00000,0,0.00029
99.4610,0.05124,-0.40604,-0.94876,-0.40604,-0.96028,-0.39527,-0.50219,1.79656,0.45809,2.19183,0.45809,2.19183,1.00000,0.00000,0,0.00029
99.5618,0.09761,-0.44885,-0.90239,-0.44885,-0.92443,-0.42847,-0.47397,1.80897,0.45046,2.23744,0.45046,2.23744,1.00000,0.00000,0,0.00029
99.6643,0.17447,-0.50915,-0.82553,-0.50915,-0.86186,-0.48166,-0.44727,1.82273,0.41458,2.30439,0.41458,2.30439,1.00000,0.00000,0,0.00121
99.7683,0.27090,-0.57457,-0.72910,-0.57457,-0.76881,-0.54692,-0.42310,1.83837,0.34571,2.38529,0.34571,2.38529,1.00000,0.00000,0,0.00097
99.8680,0.32840,-0.61073,-0.67160,-0.61073,-0.69811,-0.59352,-0.40140,1.85568,0.29671,2.44919,0.29671,2.44919,1.00000,0.00000,0,0.00029
99.9693,0.36612,-0.63754,-0.63388,-0.63754,-0.65340,-0.62408,-0.38130,1.87405,0.27211,2.49813,0.27211,2.49813,1.00000,0.00000,0,0.00025
100.0705,0.39963,-0.66186,-0.60037,-0.66186,-0.61565,-0.65057,-0.36239,1.89326,0.25326,2.54383,0.25326,2.54383,1.00000,0.00000,0,0.00067
100.1724,0.42857,-0.68415,-0.57143,-0.68415,-0.58415,-0.67411,-0.34451,1.91320,0.23965,2.58732,0.23965,2.58732,1.00000,0.00000,0,0.00028
100.2760,0.44724,-0.69907,-0.55276,-0.69907,-0.56182,-0.69267,-0.32741,1.93379,0.23441,2.62645,0.23441,2.62645,1.00000,0.00000,0,0.00030
100.3771,0.46805,-0.71065,-0.53195,-0.71065,-0.54093,-0.70467,-0.31094,1.95477,0.22999,2.65944,0.22999,2.65944,1.00000,0.00000,0,0.00026
100.4783,0.51500,-0.70437,-0.48500,-0.70437,-0.50615,-0.70660,-0.29528,1.97600,0.21087,2.68260,0.21087,2.68260,1.00000,0.00000,0,0.00028
100.5810,0.58761,-0.69138,-0.41239,-0.69138,-0.44173,-0.69806,-0.28123,1.99704,0.16050,2.69511,0.16050,2.69511,1.00000,0.00000,0,0.00028
100.6813,0.76144,-0.60681,-0.23856,-0.60681,-0.31611,-0.64302,-0.26992,2.01719,0.04620,2.66022,0.04620,2.66022,1.00000,0.00000,0,0.00029
100.7832,0.77801,-0.60276,-0.22199,-0.60276,-0.24162,-0.61306,-0.26196,2.03586,-0.02034,2.64893,-0.02034,2.64893,1.00000,0.00000,0,0.00039
100.8862,0.81773,-0.59931,-0.18227,-0.59931,-0.19916,-0.60161,-0.25550,2.05403,-0.05634,2.65564,-0.05634,2.65564,1.00000,0.00000,0,0.00043
100.9882,0.83437,-0.59056,-0.16563,-0.59056,-0.17489,-0.59412,-0.24999,2.07193,-0.07510,2.66605,-0.07510,2.66605,1.00000,0.00000,0,0.00028
101.0891,0.84182,-0.58627,-0.15818,-0.58627,-0.16242,-0.58882,-0.24498,2.08966,-0.08256,2.67849,-0.08256,2.67849,1.00000,0.00000,0,0.00026
101.1901,0.84383,-0.58210,-0.15617,-0.58210,-0.15780,-0.58392,-0.24020,2.10723,-0.08241,2.69116,-0.08241,2.69116,1.00000,0.00000,0,0.00028
101.2921,0.84392,-0.57708,-0.15608,-0.57708,-0.15648,-0.57940,-0.23550,2.12468,-0.07903,2.70408,-0.07903,2.70408,1.00000,0.00000,0,0.00135
101.3916,0.84333,-0.57616,-0.15667,-0.57616,-0.15632,-0.57733,-0.23081,2.14202,-0.07449,2.71934,-0.07449,2.71934,1.00000,0.00000,0,0.00026
101.4926,0.84605,-0.57438,-0.15395,-0.57438,-0.15506,-0.57532,-0.22614,2.15930,-0.07108,2.73462,-0.07108,2.73462,1.00000,0.00000,0,0.00023
101.5943,0.84851,-0.56973,-0.15149,-0.56973,-0.15237,-0.57191,-0.22154,2.17650,-0.06917,2.74841,-0.06917,2.74841,1.00000,0.00000,0,0.00029
101.6962,0.84858,-0.56828,-0.15142,-0.56828,-0.15190,-0.56943,-0.21698,2.19360,-0.06508,2.76303,-0.06508,2.76303,1.00000,0.00000,0,0.00030
101.7972,0.85410,-0.56364,-0.14590,-0.56364,-0.14735,-0.56545,-0.21250,2.21062,-0.06515,2.77606,-0.06515,2.77606,1.00000,0.00000,0,0.00027
101.8998,0.85591,-0.55441,-0.14409,-0.55441,-0.14526,-0.55870,-0.20812,2.22747,-0.06285,2.78617,-0.06285,2.78617,1.00000,0.00000,0,0.00026
102.0017,0.85963,-0.54536,-0.14037,-0.54536,-0.14206,-0.54976,-0.20381,2.24407,-0.06176,2.79382,-0.06176,2.79382,1.00000,0.00000,0,0.00038
102.1075,0.86739,-0.53386,-0.13261,-0.53386,-0.13678,-0.53963,-0.19963,2.26040,-0.06284,2.80003,-0.06284,2.80003,1.00000,0.00000,0,0.00134
102.2086,0.87858,-0.51304,-0.12142,-0.51304,-0.12647,-0.52225,-0.19571,2.27629,-0.06924,2.79854,-0.06924,2.79854,1.00000,0.00000,0,0.00038
102.3089,0.90879,-0.47652,-0.09121,-0.47652,-0.10558,-0.49219,-0.19224,2.29145,-0.08666,2.78364,-0.08666,2.78364,1.00000,0.00000,0,0.00032
102.4099,0.95692,-0.43343,-0.04308,-0.43343,-0.05898,-0.45410,-0.18995,2.30553,-0.13097,2.75963,-0.13097,2.75963,1.00000,0.00000,0,0.00030
102.5111,0.98012,-0.34534,-0.01988,-0.34534,-0.03345,-0.38671,-0.18863,2.31810,-0.15519,2.70481,-0.15519,2.70481,1.00000,0.00000,0,0.00030
102.6135,0.97988,-0.32143,-0.02012,-0.32143,-0.02180,-0.33733,-0.18790,2.32873,-0.16611,2.66606,-0.16611,2.66606,1.00000,0.00000,0,0.00204
102.7128,0.98037,-0.30946,-0.01963,-0.30946,-0.01859,-0.31563,-0.18778,2.33841,-0.16919,2.65404,-0.16919,2.65404,1.00000,0.00000,16,0.00028
102.8132,0.98164,-0.30904,-0.01836,-0.30904,-0.01902,-0.31035,-0.18778,2.34776,-0.16876,2.65812,-0.16876,2.65812,1.00000,0.00000,16,0.00025
102.9166,0.98333,-0.30303,-0.01667,-0.30303,-0.01700,-0.30623,-0.18778,2.35701,-0.17078,2.66324,-0.17078,2.66324,1.00000,0.00000,16,0.00030
103.0175,0.98362,-0.29668,-0.01638,-0.29668,-0.01579,-0.29917,-0.18778,2.36606,-0.17199,2.66523,-0.17199,2.66523,1.00000,0.00000,16,0.00025
103.1204,0.98551,-0.29762,-0.01449,-0.29762,-0.01512,-0.29661,-0.18778,2.37497,-0.17266,2.67158,-0.17266,2.67158,1.00000,0.00000,16,0.00025
103.2229,0.97991,-0.29581,-0.02009,-0.29581,-0.01823,-0.29642,-0.18778,2.38387,-0.16955,2.68029,-0.16955,2.68029,1.00000,0.00000,16,0.00025
103.3236,0.98247,-0.29633,-0.01753,-0.29633,-0.01895,-0.29639,-0.18778,2.39275,-0.16883,2.68914,-0.16883,2.68914,1.00000,0.00000,16,0.00028
103.4255,0.98134,-0.29169,-0.01866,-0.29169,-0.01862,-0.29443,-0.18778,2.40163,-0.16916,2.69605,-0.16916,2.69605,1.00000,0.00000,16,0.00035
103.5302,0.98436,-0.29211,-0.01564,-0.29211,-0.01655,-0.29188,-0.18778,2.41039,-0.17123,2.70227,-0.17123,2.70227,1.00000,0.00000,16,0.00026
103.6309,0.98060,-0.28667,0.98060,-0.28667,0.49226,-0.28849,-0.14163,2.41909,-0.63389,2.70758,-0.63389,2.70758,0.00000,0.00000,0,0.00028
103.7326,1.07694,-0.00079,1.07694,-0.00079,0.93982,-0.14186,-0.16578,2.42603,-1.10561,2.56789,-1.10561,2.56789,0.00000,0.00000,0,0.00029
103.8339,1.11120,0.30960,1.11120,0.30960,1.09259,0.18497,-0.19738,2.42409,-1.28997,2.23912,-1.28997,2.23912,0.00000,0.00000,0,0.00030
103.9381,0.93405,0.48297,0.93405,0.48297,0.98407,0.40443,-0.22838,2.41427,-1.21244,2.00984,-1.21244,2.00984,0.00000,0.00000,0,0.00034
104.0393,0.88312,0.51952,0.88312,0.51952,0.91018,0.50015,-0.25646,2.40004,-1.16664,1.89988,-1.16664,1.89988,0.00000,0.00000,0,0.00027
104.1402,0.86824,0.53606,0.86824,0.53606,0.88131,0.52853,-0.28318,2.38440,-1.16449,1.85587,-1.16449,1.85587,0.00000,0.00000,0,0.00025
104.2410,0.84283,0.56308,0.84283,0.56308,0.85697,0.55220,-0.30920,2.36813,-1.16618,1.81594,-1.16618,1.81594,0.00000,0.00000,0,0.00027
104.3421,0.76342,0.61490,0.76342,0.61490,0.79987,0.58865,-0.33400,2.35099,-1.13387,1.76234,-1.13387,1.76234,0.00000,0.00000,0,0.00033
104.4439,0.69799,0.65414,0.69799,0.65414,0.71452,0.63449,-0.35617,2.33247,-1.07069,1.69797,-1.07069,1.69797,0.00000,0.00000,0,0.00028
104.5486,0.64507,0.61886,0.64507,0.61886,0.66793,0.62767,-0.37681,2.31348,-1.04474,1.68581,-1.04474,1.68581,0.00000,0.00000,0,0.00026
104.6497,0.60690,0.60755,0.60690,0.60755,0.62553,0.61258,-0.39606,2.29495,-1.02159,1.68237,-1.02159,1.68237,0.00000,0.00000,0,0.00030
104.7511,0.58220,0.59469,0.58220,0.59469,0.59423,0.59966,-0.41424,2.27681,-1.00846,1.67715,-1.00846,1.67715,0.00000,0.00000,0,0.00030
104.8532,0.55452,0.58399,0.55452,0.58399,0.56682,0.58975,-0.43157,2.25898,-0.99839,1.66923,-0.99839,1.66923,0.00000,0.00000,0,0.00043
104.9553,0.52884,0.57387,0.52884,0.57387,0.54109,0.57856,-0.44811,2.24150,-0.98920,1.66294,-0.98920,1.66294,0.00000,0.00000,0,0.00039
105.0598,0.49171,0.55692,0.49171,0.55692,0.50923,0.56460,-0.46379,2.22438,-0.97302,1.65978,-0.97302,1.65978,0.00000,0.00000,0,0.00030
105.1612,0.45085,0.53707,0.45085,0.53707,0.46976,0.54532,-0.47836,2.20780,-0.94812,1.66248,-0.94812,1.66248,0.00000,0.00000,0,0.00074
105.2626,0.42457,0.52034,0.42457,0.52034,0.43790,0.52797,-0.49186,2.19175,-0.92975,1.66378,-0.92975,1.66378,0.00000,0.00000,0,0.00030
105.3655,0.39017,0.50659,0.39017,0.50659,0.40496,0.51209,-0.50441,2.17621,-0.90937,1.66412,-0.90937,1.66412,0.00000,0.00000,0,0.00029
105.4666,0.36402,0.49295,0.36402,0.49295,0.37557,0.49859,-0.51601,2.16109,-0.89158,1.66250,-0.89158,1.66250,0.00000,0.00000,0,0.00035
105.5695,0.33567,0.48362,0.33567,0.48362,0.34924,0.48740,-0.52680,2.14635,-0.87604,1.65895,-0.87604,1.65895,0.00000,0.00000,0,0.00025
105.6708,0.32397,0.47728,0.32397,0.47728,0.33109,0.48079,-0.53693,2.13185,-0.86801,1.65106,-0.86801,1.65106,0.00000,0.00000,0,0.00026
105.7735,0.31343,0.48407,0.31343,0.48407,0.31872,0.48168,-0.54663,2.11744,-0.86535,1.63576,-0.86535,1.63576,0.00000,0.00000,0,0.00027
105.8761,0.30227,0.48857,0.30227,0.48857,0.30696,0.48620,-0.55597,2.10291,-0.86293,1.61671,-0.86293,1.61671,0.00000,0.00000,0,0.00030
105.9775,0.28014,0.50461,0.28014,0.50461,0.28990,0.49795,-0.56489,2.08813,-0.85479,1.59018,-0.85479,1.59018,0.00000,0.00000,0,0.00027
106.0782,0.25122,0.45676,0.25122,0.45676,0.26601,0.47344,-0.57316,2.07357,-0.83917,1.60013,-0.83917,1.60013,0.00000,0.00000,0,0.00027
106.1806,0.18031,0.51068,0.18031,0.51068,0.20597,0.49237,-0.58012,2.05935,-0.78609,1.56698,-0.78609,1.56698,0.00000,0.00000,0,0.00095
106.2812,0.11286,0.48815,0.11286,0.48815,0.13763,0.48833,-0.58496,2.04467,-0.72258,1.55634,-0.72258,1.55634,0.00000,0.00000,0,0.00032
106.3824,0.09224,0.46653,0.09224,0.46653,0.10291,0.47255,-0.58837,2.03034,-0.69128,1.55779,-0.69128,1.55779,0.00000,0.00000,0,0.00025
106.4850,0.08756,0.46091,0.08756,0.46091,0.09102,0.46307,-0.59121,2.01638,-0.68223,1.55331,-0.68223,1.55331,0.00000,0.00000,0,0.00028
106.5867,0.07883,0.45831,0.07883,0.45831,0.08342,0.45975,-0.59382,2.00254,-0.67724,1.54279,-0.67724,1.54279,0.00000,0.00000,0,0.00104
106.6878,0.07407,0.45486,0.07407,0.45486,0.07742,0.45645,-0.59622,1.98881,-0.67364,1.53236,-0.67364,1.53236,0.00000,0.00000,0,0.00032
106.7890,0.05314,0.44992,0.05314,0.44992,0.06173,0.45246,-0.59828,1.97518,-0.66001,1.52273,-0.66001,1.52273,0.00000,0.00000,0,0.00031
106.8904,0.03495,0.44519,0.03495,0.44519,0.04337,0.44681,-0.59979,1.96172,-0.64315,1.51491,-0.64315,1.51491,0.00000,0.00000,0,0.00026
106.9926,0.03445,0.44213,0.03445,0.44213,0.03557,0.44365,-0.60094,1.94837,-0.63651,1.50472,-0.63651,1.50472,0.00000,0.00000,0,0.00029
107.0937,0.03148,0.43847,0.03148,0.43847,0.03280,0.43961,-0.60195,1.93514,-0.63475,1.49553,-0.63475,1.49553,0.00000,0.00000,0,0.00027
107.1955,0.03407,0.43707,0.03407,0.43707,0.03353,0.43844,-0.60294,1.92198,-0.63647,1.48353,-0.63647,1.48353,0.00000,0.00000,0,0.00034
107.2977,0.03515,0.43977,0.03515,0.43977,0.03442,0.43883,-0.60396,1.90883,-0.63838,1.47000,-0.63838,1.47000,0.00000,0.00000,0,0.00033
107.3998,0.03235,0.43859,0.03235,0.43859,0.03413,0.43875,-0.60499,1.89566,-0.63912,1.45691,-0.63912,1.45691,0.00000,0.00000,0,0.00105
107.5009,0.03537,0.43218,0.03537,0.43218,0.03431,0.43410,-0.60602,1.88257,-0.64033,1.44847,-0.64033,1.44847,0.00000,0.00000,0,0.00026
107.6014,0.02908,0.42484,0.02908,0.42484,0.03097,0.42865,-0.60699,1.86963,-0.63796,1.44098,-0.63796,1.44098,0.00000,0.00000,0,0.00032
107.7020,0.02865,0.42117,0.02865,0.42117,0.03013,0.42358,-0.60791,1.85687,-0.63804,1.43329,-0.63804,1.43329,0.00000,0.00000,0,0.00029
107.8034,0.02991,0.41627,0.02991,0.41627,0.02943,0.41897,-0.60880,1.84424,-0.63823,1.42527,-0.63823,1.42527,0.00000,0.00000,0,0.00048
107.9062,0.02955,0.41185,0.02955,0.41185,0.02949,0.41423,-0.60967,1.83177,-0.63916,1.41753,-0.63916,1.41753,0.00000,0.00000,0,0.00049
108.0081,0.02879,0.40766,0.02879,0.40766,0.02795,0.40978,-0.61052,1.81941,-0.63847,1.40963,-0.63847,1.40963,0.00000,0.00000,0,0.00032
108.1108,0.02078,0.39522,0.02078,0.39522,0.02431,0.40089,-0.61131,1.80727,-0.63562,1.40637,-0.63562,1.40637,0.00000,0.00000,0,0.00027
108.2136,0.01147,0.35614,0.01147,0.35614,0.01662,0.37325,-0.61171,1.79567,-0.62833,1.42241,-0.62833,1.42241,0.00000,0.00000,16,0.00098
108.3152,0.01115,0.34022,0.01115,0.34022,0.01122,0.34771,-0.61171,1.78498,-0.62293,1.43728,-0.62293,1.43728,0.00000,0.00000,16,0.00033
108.4172,0.00575,0.33100,0.00575,0.33100,0.00739,0.33533,-0.61171,1.77480,-0.61910,1.43947,-0.61910,1.43947,0.00000,0.00000,16,0.00027
108.5182,0.00998,0.32410,0.00998,0.32410,0.00733,0.32813,-0.61171,1.76486,-0.61904,1.43673,-0.61904,1.43673,0.00000,0.00000,16,0.00033
108.6204,0.00983,0.31046,0.00983,0.31046,0.01047,0.31668,-0.61171,1.75521,-0.62218,1.43853,-0.62218,1.43853,0.00000,0.00000,16,0.00028
