t_s,roll,pitch,yaw,err_r,err_p,err_r_filt,err_p_filt,integ_r,integ_p,pi_out_r,pi_out_p,corr_r,corr_p,target_roll,target_pitch,clip_flags,dt_actual,mt_0,enc_0,vel_0,iq_sp_0,iq_0,state_0,aerr_0,fmode_0,mt_1,enc_1,vel_1,iq_sp_1,iq_1,state_1,aerr_1,fmode_1,mt_2,enc_2,vel_2,iq_sp_2,iq_2,state_2,aerr_2,fmode_2,mt_3,enc_3,vel_3,iq_sp_3,iq_3,state_3,aerr_3,fmode_3,mt_4,enc_4,vel_4,iq_sp_4,iq_4,state_4,aerr_4,fmode_4,mt_5,enc_5,vel_5,iq_sp_5,iq_5,state_5,aerr_5,fmode_5
0.0000,-0.33928,-0.16150,-38.99535,-0.33928,-0.16150,-0.34333,-0.15618,0.11544,0.16245,0.45877,0.31863,0.45877,0.31863,0.00000,0.00000,0,0.00052,-0.44003,-0.43274,-0.05142,3.30503,3.33532,8,0x00000000,1,-0.37010,-0.36643,0.00065,2.46156,2.56785,8,0x00000000,1,-0.38186,-0.38751,0.00080,-0.96863,-0.71818,8,0x00000000,1,-0.40793,-0.41899,0.00165,2.46760,2.55578,8,0x00000000,1,-0.38906,-0.40108,-0.00057,1.72718,1.63955,8,0x00000000,1,-0.46424,-0.45861,-0.01226,3.65152,3.69773,8,0x00000000,1
0.1084,-0.31983,-0.18413,-39.01847,-0.31983,-0.18413,-0.32881,-0.17315,0.12450,0.16688,0.45332,0.34004,0.45332,0.34004,0.00000,0.00000,0,0.00051,-0.44081,-0.43836,-0.03249,3.07889,3.03207,8,0x00000000,1,-0.37043,-0.36663,-0.00242,2.51802,2.64099,8,0x00000000,1,-0.38204,-0.38706,0.00539,-0.98900,-1.05882,8,0x00000000,1,-0.40693,-0.41891,0.00620,2.26796,2.34879,8,0x00000000,1,-0.38811,-0.40106,0.00321,1.47806,1.41452,8,0x00000000,1,-0.46491,-0.45896,-0.00384,3.76838,3.77632,8,0x00000000,1
0.2058,-0.31147,-0.19713,-39.01991,-0.31147,-0.19713,-0.31488,-0.18919,0.13316,0.17181,0.44804,0.36100,0.44804,0.36100,0.00000,0.00000,0,0.00040,-0.44157,-0.44019,-0.01634,3.11300,3.15609,8,0x00000000,1,-0.37075,-0.36692,-0.00203,2.60200,2.66543,8,0x00000000,1,-0.38221,-0.38674,0.00654,-1.00729,-0.96513,8,0x00000000,1,-0.40596,-0.41882,-0.00190,2.03788,2.15574,8,0x00000000,1,-0.38718,-0.40105,0.00114,1.30333,1.26766,8,0x00000000,1,-0.46556,-0.45934,0.00186,3.85291,3.85551,8,0x00000000,1
0.3070,-0.30546,-0.20186,-39.02197,-0.30546,-0.20186,-0.30947,-0.19892,0.14158,0.17708,0.45105,0.37600,0.45105,0.37600,0.00000,0.00000,0,0.00190,-0.44226,-0.44063,0.00526,3.16550,3.19408,8,0x00000000,1,-0.37066,-0.36715,-0.00980,2.59728,2.52905,8,0x00000000,1,-0.38203,-0.38637,0.00948,-1.03817,-0.81517,8,0x00000000,1,-0.40539,-0.41872,0.00122,1.85814,1.89853,8,0x00000000,1,-0.38669,-0.40093,-0.00680,1.09577,1.09891,8,0x00000000,1,-0.46621,-0.45974,-0.00566,3.93653,4.02516,8,0x00000000,1
0.4013,-0.30488,-0.20987,-39.01344,-0.30488,-0.20987,-0.30667,-0.20485,0.14988,0.18253,0.45656,0.38738,0.45656,0.38738,0.00000,0.00000,0,0.00038,-0.44284,-0.44096,-0.00821,3.21573,3.20005,8,0x00000000,1,-0.37045,-0.36726,0.00176,2.61679,2.71306,8,0x00000000,1,-0.38174,-0.38536,0.01313,-1.01547,-0.99050,8,0x00000000,1,-0.40503,-0.41860,0.00202,1.71134,1.87877,8,0x00000000,1,-0.38640,-0.40077,0.00703,0.94577,0.91010,8,0x00000000,1,-0.46678,-0.46004,0.00108,4.04779,3.91626,8,0x00000000,1
0.4987,-0.30497,-0.22384,-38.99983,-0.30497,-0.22384,-0.30553,-0.21599,0.15814,0.18820,0.46367,0.40420,0.46367,0.40420,0.00000,0.00000,0,0.00034,-0.44368,-0.44120,-0.00309,3.23190,3.23434,8,0x00000000,1,-0.37019,-0.36742,-0.01103,2.60005,2.64652,8,0x00000000,1,-0.38136,-0.38306,0.03181,-0.87158,-0.83167,8,0x00000000,1,-0.40447,-0.41848,0.00077,1.50225,1.52932,8,0x00000000,1,-0.38594,-0.40066,0.00436,0.73279,0.79718,8,0x00000000,1,-0.46760,-0.46045,-0.01126,4.13106,4.21220,8,0x00000000,1
0.6037,-0.30534,-0.24526,-38.97572,-0.30534,-0.24526,-0.30485,-0.23362,0.16637,0.19427,0.47123,0.42790,0.47123,0.42790,0.00000,0.00000,0,0.00041,-0.44481,-0.44147,0.00423,3.33761,3.32974,8,0x00000000,1,-0.36993,-0.36754,-0.00188,2.64009,2.67072,8,0x00000000,1,-0.38093,-0.38003,0.02752,-0.69540,-0.64385,8,0x00000000,1,-0.40363,-0.41826,-0.00244,1.27648,1.29315,8,0x00000000,1,-0.38524,-0.40053,0.00036,0.53506,0.45959,8,0x00000000,1,-0.46869,-0.46102,-0.00114,4.25946,4.24278,8,0x00000000,1
0.7047,-0.30089,-0.26700,-38.95806,-0.30089,-0.26700,-0.30373,-0.25513,0.17460,0.20089,0.47832,0.45602,0.47832,0.45602,0.00000,0.00000,0,0.00027,-0.44612,-0.44184,-0.01149,3.42623,3.39419,8,0x00000000,1,-0.36970,-0.36768,0.00098,2.64429,2.69017,8,0x00000000,1,-0.38052,-0.37770,0.01223,-0.61521,-0.67913,8,0x00000000,1,-0.40261,-0.41800,0.00469,1.03758,1.14277,8,0x00000000,1,-0.38436,-0.40036,-0.00108,0.25885,0.43269,8,0x00000000,1,-0.46994,-0.46160,-0.00558,4.39922,4.40113,8,0x00000000,1
0.8018,-0.29541,-0.27566,-38.94077,-0.29541,-0.27566,-0.29935,-0.26970,0.18274,0.20801,0.48210,0.47771,0.48210,0.47771,0.00000,0.00000,0,0.00031,-0.44710,-0.44223,-0.00988,3.50593,3.78857,8,0x00000000,1,-0.36961,-0.36778,-0.00844,2.63564,2.59992,8,0x00000000,1,-0.38027,-0.37682,0.00895,-0.53023,-0.63068,8,0x00000000,1,-0.40178,-0.41769,0.01272,0.84481,0.76687,8,0x00000000,1,-0.38363,-0.40003,-0.00078,0.08466,0.10965,8,0x00000000,1,-0.47086,-0.46224,-0.00296,4.52516,4.53936,8,0x00000000,1
0.8992,-0.29218,-0.27913,-38.93272,-0.29218,-0.27913,-0.29344,-0.27583,0.19073,0.21538,0.48417,0.49121,0.48417,0.49121,0.00000,0.00000,0,0.00041,-0.44770,-0.44260,-0.00439,3.58515,3.56173,8,0x00000000,1,-0.36956,-0.36786,-0.00243,2.65694,2.75331,8,0x00000000,1,-0.38014,-0.37641,0.00033,-0.50220,-0.50575,8,0x00000000,1,-0.40126,-0.41745,-0.00238,0.64437,0.63362,8,0x00000000,1,-0.38317,-0.39958,0.00305,-0.10344,-0.17723,8,0x00000000,1,-0.47142,-0.46305,-0.01552,4.59072,4.57821,8,0x00000000,1
0.9975,-0.28234,-0.28092,-38.93376,-0.28234,-0.28092,-0.28665,-0.27935,0.19856,0.22289,0.48521,0.50225,0.48521,0.50225,0.00000,0.00000,0,0.00028,-0.44818,-0.44303,0.00117,3.67122,3.59066,8,0x00000000,1,-0.36956,-0.36791,-0.00115,2.68562,2.66541,8,0x00000000,1,-0.38005,-0.37636,-0.00448,-0.47474,-0.46870,8,0x00000000,1,-0.40082,-0.41710,-0.00097,0.44131,0.42570,8,0x00000000,1,-0.38278,-0.39910,-0.00207,-0.32785,-0.25289,8,0x00000000,1,-0.47187,-0.46389,-0.01122,4.64775,4.69304,8,0x00000000,1
1.0988,-0.28187,-0.28726,-38.92573,-0.28187,-0.28726,-0.28180,-0.28386,0.20622,0.23050,0.48801,0.51436,0.48801,0.51436,0.00000,0.00000,0,0.00102,-0.44874,-0.44339,0.01724,3.76021,3.55472,8,0x00000000,1,-0.36947,-0.36797,0.00606,2.71316,2.76649,8,0x00000000,1,-0.37988,-0.37635,-0.00502,-0.40897,-0.39820,8,0x00000000,1,-0.40037,-0.41670,0.00940,0.25957,0.29103,8,0x00000000,1,-0.38239,-0.39820,0.00998,-0.46333,-0.42347,8,0x00000000,1,-0.47240,-0.46465,-0.01216,4.71456,4.99555,8,0x00000000,1
1.1937,-0.27482,-0.29032,-38.92290,-0.27482,-0.29032,-0.27687,-0.28756,0.21377,0.23822,0.49064,0.52579,0.49064,0.52579,0.00000,0.00000,0,0.00041,-0.44927,-0.44389,-0.00809,3.79779,3.94675,8,0x00000000,1,-0.36939,-0.36807,0.00193,2.68889,2.72625,8,0x00000000,1,-0.37973,-0.37634,0.00342,-0.37880,-0.38319,8,0x00000000,1,-0.39995,-0.41618,0.00089,0.05786,0.15921,8,0x00000000,1,-0.38203,-0.39713,0.00939,-0.55736,-0.57895,8,0x00000000,1,-0.47290,-0.46525,-0.00841,4.81793,4.59754,8,0x00000000,1
1.2955,-0.26860,-0.29130,-38.92072,-0.26860,-0.29130,-0.27087,-0.28973,0.22116,0.24602,0.49203,0.53575,0.49203,0.53575,0.00000,0.00000,0,0.00264,-0.44971,-0.44431,0.00821,3.88703,3.86985,8,0x00000000,1,-0.36936,-0.36821,-0.00238,2.70366,2.77244,8,0x00000000,1,-0.37963,-0.37634,0.00126,-0.35334,-0.26049,8,0x00000000,1,-0.39956,-0.41539,0.01268,-0.06754,0.05587,8,0x00000000,1,-0.38169,-0.39325,0.06881,-0.34586,-0.39138,8,0x00000000,1,-0.47331,-0.46565,0.00610,4.94970,5.03950,8,0x00000000,1
1.3877,-0.25775,-0.29376,-38.92241,-0.25775,-0.29376,-0.26443,-0.29164,0.22839,0.25387,0.49282,0.54551,0.49282,0.54551,0.00000,0.00000,0,0.00096,-0.45013,-0.44471,-0.00776,3.94283,4.05117,8,0x00000000,1,-0.36936,-0.36832,0.00212,2.69199,2.72875,8,0x00000000,1,-0.37956,-0.37634,0.00410,-0.30914,-0.34474,8,0x00000000,1,-0.39917,-0.41452,0.00391,-0.22017,-0.03233,8,0x00000000,1,-0.38134,-0.38999,0.01704,-0.36161,-0.39049,8,0x00000000,1,-0.47370,-0.46618,-0.01321,4.95439,4.78501,8,0x00000000,1
1.4870,-0.25034,-0.29435,-38.91792,-0.25034,-0.29435,-0.25532,-0.29378,0.23539,0.26178,0.49071,0.55556,0.49071,0.55556,0.00000,0.00000,0,0.00033,-0.45051,-0.44510,0.00536,4.04270,4.02421,8,0x00000000,1,-0.36950,-0.36840,0.00712,2.75081,2.61987,8,0x00000000,1,-0.37963,-0.37637,-0.00693,-0.28386,-0.32482,8,0x00000000,1,-0.39872,-0.41319,0.01870,-0.34267,-0.17557,8,0x00000000,1,-0.38090,-0.38805,0.00790,-0.41215,-0.36765,8,0x00000000,1,-0.47402,-0.46671,0.00373,5.09127,5.09565,8,0x00000000,1
1.5858,-0.24362,-0.29848,-38.90735,-0.24362,-0.29848,-0.24756,-0.29645,0.24217,0.26975,0.48973,0.56619,0.48973,0.56619,0.00000,0.00000,0,0.00158,-0.45093,-0.44548,-0.00443,4.03615,4.23718,8,0x00000000,1,-0.36958,-0.36852,-0.00516,2.72193,2.64387,8,0x00000000,1,-0.37964,-0.37636,-0.00321,-0.26422,-0.22489,8,0x00000000,1,-0.39826,-0.41090,0.02878,-0.33566,-0.42684,8,0x00000000,1,-0.38047,-0.38728,0.01216,-0.46221,-0.35456,8,0x00000000,1,-0.47440,-0.46745,-0.00771,5.11089,5.21329,8,0x00000000,1
1.6830,-0.23589,-0.29816,-38.90419,-0.23589,-0.29816,-0.24018,-0.29832,0.24874,0.27778,0.48892,0.57611,0.48892,0.57611,0.00000,0.00000,0,0.00028,-0.45132,-0.44588,-0.00161,4.15038,4.18112,8,0x00000000,1,-0.36965,-0.36863,0.00199,2.72512,2.80970,8,0x00000000,1,-0.37964,-0.37634,0.00846,-0.17769,-0.08254,8,0x00000000,1,-0.39783,-0.40803,0.02227,-0.32486,-0.30931,8,0x00000000,1,-0.38007,-0.38600,0.02554,-0.44929,-0.47541,8,0x00000000,1,-0.47475,-0.46819,-0.01176,5.17559,5.20118,8,0x00000000,1
1.7814,-0.21991,-0.29739,-38.90363,-0.21991,-0.29739,-0.23036,-0.29771,0.25510,0.28583,0.48547,0.58354,0.48547,0.58354,0.00000,0.00000,0,0.00129,-0.45156,-0.44623,-0.00142,4.18563,4.12582,8,0x00000000,1,-0.36984,-0.36877,-0.00881,2.77357,2.75657,8,0x00000000,1,-0.37977,-0.37637,-0.00285,-0.14650,-0.02687,8,0x00000000,1,-0.39745,-0.40511,0.03499,-0.23430,-0.19744,8,0x00000000,1,-0.37970,-0.38408,0.01117,-0.45171,-0.36815,8,0x00000000,1,-0.47494,-0.46935,-0.00896,5.12040,5.00475,8,0x00000000,1
1.8799,-0.16598,-0.28173,-38.86632,-0.16598,-0.28173,-0.19835,-0.29015,0.26095,0.29379,0.45930,0.58395,0.45930,0.58395,0.00000,0.00000,0,0.00031,-0.45106,-0.44647,0.00707,4.18884,4.26127,8,0x00000000,1,-0.37104,-0.36914,-0.01197,2.82292,2.82197,8,0x00000000,1,-0.38096,-0.37639,-0.00631,-0.02822,0.07694,8,0x00000000,1,-0.39692,-0.40240,0.02287,-0.21991,-0.29928,8,0x00000000,1,-0.37900,-0.37572,0.00679,0.01973,0.15007,8,0x00000000,1,-0.47427,-0.47104,-0.01906,5.04677,5.14066,8,0x00000000,1
1.9799,-0.14504,-0.28275,-38.85636,-0.14504,-0.28275,-0.15892,-0.28548,0.26566,0.30156,0.42458,0.58704,0.42458,0.58704,0.00000,0.00000,0,0.00385,-0.45050,-0.44667,0.00223,4.18086,4.13723,8,0x00000000,1,-0.37265,-0.37158,-0.04417,2.68440,2.61761,8,0x00000000,1,-0.38254,-0.37641,0.00536,0.17365,0.10632,8,0x00000000,1,-0.39612,-0.40125,0.01112,-0.26741,-0.23778,8,0x00000000,1,-0.37798,-0.37519,0.00821,0.01165,0.07463,8,0x00000000,1,-0.47348,-0.47227,-0.00256,4.95678,5.03452,8,0x00000000,1
2.0760,-0.13179,-0.27837,-38.85455,-0.13179,-0.27837,-0.14047,-0.28233,0.26966,0.30924,0.41013,0.59157,0.41013,0.59157,0.00000,0.00000,0,0.00037,-0.45040,-0.44687,-0.00601,4.18591,4.23426,8,0x00000000,1,-0.37333,-0.37793,-0.03099,2.29347,2.39030,8,0x00000000,1,-0.38318,-0.37648,-0.00395,0.24361,0.17986,8,0x00000000,1,-0.39565,-0.40038,0.00954,-0.29582,-0.30831,8,0x00000000,1,-0.37744,-0.37506,0.01406,0.04256,0.09806,8,0x00000000,1,-0.47327,-0.47354,-0.00078,4.88633,4.92545,8,0x00000000,1
2.1729,-0.12111,-0.27390,-38.84649,-0.12111,-0.27390,-0.12834,-0.27706,0.27329,0.31680,0.40163,0.59386,0.40163,0.59386,0.00000,0.00000,0,0.00035,-0.45032,-0.44697,0.01379,4.28788,4.40345,8,0x00000000,1,-0.37373,-0.37982,-0.00770,2.18990,2.24863,8,0x00000000,1,-0.38356,-0.37652,-0.00110,0.34941,0.29674,8,0x00000000,1,-0.39539,-0.39980,0.00473,-0.35490,-0.26602,8,0x00000000,1,-0.37713,-0.37507,-0.00909,0.01478,0.03699,8,0x00000000,1,-0.47313,-0.47441,-0.01131,4.77675,4.75060,8,0x00000000,1
2.2716,-0.11748,-0.27241,-38.83414,-0.11748,-0.27241,-0.11977,-0.27403,0.27662,0.32423,0.39639,0.59826,0.39639,0.59826,0.00000,0.00000,0,0.00196,-0.45040,-0.44712,0.00252,4.30076,4.31613,8,0x00000000,1,-0.37399,-0.38033,-0.00508,2.13133,2.09660,8,0x00000000,1,-0.38379,-0.37657,-0.00044,0.44906,0.33093,8,0x00000000,1,-0.39510,-0.39950,0.00984,-0.38306,-0.39388,8,0x00000000,1,-0.37683,-0.37502,-0.00292,0.03881,0.10904,8,0x00000000,1,-0.47316,-0.47518,-0.00448,4.73959,4.88462,8,0x00000000,1
2.3653,-0.10998,-0.26875,-38.83112,-0.10998,-0.26875,-0.11303,-0.27020,0.27976,0.33157,0.39280,0.60177,0.39280,0.60177,0.00000,0.00000,0,0.00030,-0.45047,-0.44728,-0.00764,4.25433,4.30984,8,0x00000000,1,-0.37416,-0.38054,-0.00409,2.03703,2.18141,8,0x00000000,1,-0.38394,-0.37666,-0.00224,0.52341,0.55332,8,0x00000000,1,-0.39488,-0.39916,0.00149,-0.43696,-0.43151,8,0x00000000,1,-0.37660,-0.37499,0.00175,0.04176,0.05280,8,0x00000000,1,-0.47320,-0.47580,-0.01357,4.63821,4.69712,8,0x00000000,1
2.4659,-0.10162,-0.27086,-38.83252,-0.10162,-0.27086,-0.10658,-0.27036,0.28273,0.33886,0.38931,0.60923,0.38931,0.60923,0.00000,0.00000,0,0.00118,-0.45072,-0.44739,-0.00548,4.34304,4.42945,8,0x00000000,1,-0.37435,-0.38059,0.00712,1.97911,2.02795,8,0x00000000,1,-0.38407,-0.37675,-0.00066,0.62046,0.65596,8,0x00000000,1,-0.39451,-0.39874,0.00725,-0.47488,-0.48416,8,0x00000000,1,-0.37623,-0.37497,0.01395,0.05590,0.14154,8,0x00000000,1,-0.47339,-0.47626,-0.00264,4.64297,4.64451,8,0x00000000,1
2.5642,-0.09373,-0.26944,-38.82798,-0.09373,-0.26944,-0.09898,-0.27031,0.28549,0.34617,0.38448,0.61648,0.38448,0.61648,0.00000,0.00000,0,0.00041,-0.45092,-0.44754,-0.00619,4.40369,4.47403,8,0x00000000,1,-0.37460,-0.38062,0.00377,1.92293,1.86608,8,0x00000000,1,-0.38427,-0.37684,0.00129,0.69370,0.73941,8,0x00000000,1,-0.39411,-0.39827,0.01237,-0.51014,-0.47627,8,0x00000000,1,-0.37582,-0.37500,-0.00554,0.02611,0.10154,8,0x00000000,1,-0.47354,-0.47665,0.00264,4.57884,4.60549,8,0x00000000,1
2.6620,-0.08543,-0.26997,-38.82502,-0.08543,-0.26997,-0.09040,-0.27039,0.28805,0.35347,0.37845,0.62386,0.37845,0.62386,0.00000,0.00000,0,0.00037,-0.45111,-0.44766,0.01496,4.48700,4.32559,8,0x00000000,1,-0.37490,-0.38061,0.01201,1.90726,1.89170,8,0x00000000,1,-0.38452,-0.37694,-0.00208,0.80489,0.87980,8,0x00000000,1,-0.39369,-0.39787,-0.00164,-0.58594,-0.56280,8,0x00000000,1,-0.37539,-0.37495,-0.00472,0.00959,-0.18281,8,0x00000000,1,-0.47366,-0.47688,0.00107,4.54853,4.55500,8,0x00000000,1
2.7577,-0.07863,-0.26764,-38.83031,-0.07863,-0.26764,-0.08242,-0.26825,0.29037,0.36074,0.37278,0.62899,0.37278,0.62899,0.00000,0.00000,0,0.00042,-0.45121,-0.44779,-0.00172,4.48170,4.36013,8,0x00000000,1,-0.37518,-0.38064,-0.00565,1.82383,1.86475,8,0x00000000,1,-0.38476,-0.37710,-0.00175,0.92665,0.97961,8,0x00000000,1,-0.39336,-0.39750,0.00433,-0.64170,-0.55437,8,0x00000000,1,-0.37505,-0.37489,0.00371,-0.00758,0.04529,8,0x00000000,1,-0.47370,-0.47710,-0.00716,4.48363,4.75420,8,0x00000000,1
2.8537,-0.07677,-0.26721,-38.83242,-0.07677,-0.26721,-0.07856,-0.26723,0.29253,0.36797,0.37109,0.63520,0.37109,0.63520,0.00000,0.00000,0,0.00036,-0.45143,-0.44794,-0.01796,4.51112,4.56824,8,0x00000000,1,-0.37528,-0.38063,0.00022,1.78519,1.82174,8,0x00000000,1,-0.38482,-0.37718,-0.00739,0.97464,0.91168,8,0x00000000,1,-0.39307,-0.39696,0.00899,-0.62504,-0.65789,8,0x00000000,1,-0.37477,-0.37485,0.00258,-0.04101,0.08276,8,0x00000000,1,-0.47389,-0.47723,-0.01134,4.43425,4.70337,8,0x00000000,1
2.9500,-0.06882,-0.26776,-38.83858,-0.06882,-0.26776,-0.07416,-0.26796,0.29460,0.37519,0.36877,0.64315,0.36877,0.64315,0.00000,0.00000,0,0.00027,-0.45172,-0.44806,0.00882,4.61969,4.49545,8,0x00000000,1,-0.37542,-0.38063,-0.00223,1.72498,1.70184,8,0x00000000,1,-0.38490,-0.37728,-0.00576,1.07755,0.88485,8,0x00000000,1,-0.39270,-0.39656,0.00118,-0.71101,-0.65987,8,0x00000000,1,-0.37440,-0.37480,0.00588,-0.03108,-0.14999,8,0x00000000,1,-0.47413,-0.47730,0.00647,4.45926,4.50412,8,0x00000000,1
3.0465,-0.06799,-0.26463,-38.83387,-0.06799,-0.26463,-0.06912,-0.26568,0.29652,0.38239,0.36564,0.64807,0.36564,0.64807,0.00000,0.00000,0,0.00119,-0.45186,-0.44818,0.00379,4.60922,4.55604,8,0x00000000,1,-0.37558,-0.38064,-0.00378,1.67034,1.71920,8,0x00000000,1,-0.38502,-0.37743,-0.00478,1.19483,1.20147,8,0x00000000,1,-0.39243,-0.39609,0.00086,-0.71620,-0.64003,8,0x00000000,1,-0.37414,-0.37473,0.01007,-0.06298,-0.07803,8,0x00000000,1,-0.47424,-0.47743,0.00358,4.40237,4.20522,8,0x00000000,1
3.1419,-0.06580,-0.26507,-38.82948,-0.06580,-0.26507,-0.06545,-0.26480,0.29833,0.38955,0.36378,0.65435,0.36378,0.65435,0.00000,0.00000,0,0.00041,-0.45208,-0.44836,-0.01181,4.67548,4.80274,8,0x00000000,1,-0.37569,-0.38061,0.00853,1.62715,1.62750,8,0x00000000,1,-0.38509,-0.37749,-0.00180,1.25456,1.32908,8,0x00000000,1,-0.39214,-0.39572,-0.00192,-0.76188,-0.84185,8,0x00000000,1,-0.37385,-0.37467,-0.00672,-0.10845,-0.15134,8,0x00000000,1,-0.47442,-0.47750,-0.00527,4.34273,4.25226,8,0x00000000,1
3.2383,-0.06390,-0.26553,-38.83592,-0.06390,-0.26553,-0.06436,-0.26475,0.30008,0.39669,0.36445,0.66145,0.36445,0.66145,0.00000,0.00000,0,0.00028,-0.45239,-0.44852,-0.00479,4.70214,4.56953,8,0x00000000,1,-0.37569,-0.38062,0.00199,1.55541,1.54610,8,0x00000000,1,-0.38503,-0.37762,-0.00450,1.31771,1.35763,8,0x00000000,1,-0.39186,-0.39530,-0.00173,-0.78336,-0.64496,8,0x00000000,1,-0.37360,-0.37459,-0.00195,-0.07611,0.04906,8,0x00000000,1,-0.47471,-0.47755,0.00536,4.36228,4.19757,8,0x00000000,1
3.3380,-0.05841,-0.26373,-38.84362,-0.05841,-0.26373,-0.06188,-0.26520,0.30179,0.40385,0.36367,0.66906,0.36367,0.66906,0.00000,0.00000,0,0.00043,-0.45269,-0.44868,-0.00030,4.74953,4.74349,8,0x00000000,1,-0.37575,-0.38062,0.00393,1.50539,1.39367,8,0x00000000,1,-0.38504,-0.37772,0.00176,1.43012,1.38806,8,0x00000000,1,-0.39153,-0.39486,0.00652,-0.82673,-0.83976,8,0x00000000,1,-0.37329,-0.37451,-0.00012,-0.14568,-0.06415,8,0x00000000,1,-0.47498,-0.47761,-0.01004,4.32963,4.40722,8,0x00000000,1
3.4355,-0.05622,-0.26212,-38.84045,-0.05622,-0.26212,-0.05832,-0.26301,0.30341,0.41098,0.36174,0.67398,0.36174,0.67398,0.00000,0.00000,0,0.00029,-0.45286,-0.44882,0.00771,4.84478,4.74185,8,0x00000000,1,-0.37586,-0.38063,-0.00348,1.45908,1.41631,8,0x00000000,1,-0.38511,-0.37786,0.00056,1.49923,1.55203,8,0x00000000,1,-0.39128,-0.39439,0.01048,-0.84399,-0.67338,8,0x00000000,1,-0.37305,-0.37441,-0.00648,-0.13394,-0.19947,8,0x00000000,1,-0.47511,-0.47763,0.00006,4.29232,4.30594,8,0x00000000,1
3.5384,-0.05394,-0.26132,-38.84356,-0.05394,-0.26132,-0.05496,-0.26218,0.30494,0.41807,0.35990,0.68025,0.35990,0.68025,0.00000,0.00000,0,0.00161,-0.45308,-0.44902,-0.00138,4.85707,4.92841,8,0x00000000,1,-0.37596,-0.38063,-0.00213,1.41273,1.35496,8,0x00000000,1,-0.38518,-0.37798,0.00076,1.58707,1.70834,8,0x00000000,1,-0.39099,-0.39402,0.01270,-0.87283,-0.95973,8,0x00000000,1,-0.37276,-0.37428,-0.00326,-0.21095,-0.17450,8,0x00000000,1,-0.47530,-0.47767,-0.00119,4.28247,4.39240,8,0x00000000,1
3.6328,-0.04499,-0.25941,-38.85187,-0.04499,-0.25941,-0.04979,-0.26063,0.30635,0.42513,0.35614,0.68576,0.35614,0.68576,0.00000,0.00000,0,0.00028,-0.45323,-0.44916,0.00409,4.91734,4.96828,8,0x00000000,1,-0.37616,-0.38063,-0.00276,1.34084,1.41472,8,0x00000000,1,-0.38533,-0.37811,0.00451,1.67536,1.57149,8,0x00000000,1,-0.39069,-0.39366,0.01424,-0.86887,-0.92977,8,0x00000000,1,-0.37246,-0.37417,0.00044,-0.23597,-0.21508,8,0x00000000,1,-0.47541,-0.47770,-0.00426,4.26194,4.30546,8,0x00000000,1
3.7319,-0.04068,-0.25618,-38.84951,-0.04068,-0.25618,-0.04458,-0.25768,0.30762,0.43212,0.35220,0.68981,0.35220,0.68981,0.00000,0.00000,0,0.00036,-0.45332,-0.44935,-0.00144,4.96660,4.83690,8,0x00000000,1,-0.37635,-0.38064,-0.00850,1.31058,1.31793,8,0x00000000,1,-0.38550,-0.37825,0.00258,1.75056,1.65486,8,0x00000000,1,-0.39044,-0.39336,0.00398,-0.93228,-0.92060,8,0x00000000,1,-0.37220,-0.37402,-0.00388,-0.23102,-0.11481,8,0x00000000,1,-0.47546,-0.47772,-0.00889,4.21537,4.29058,8,0x00000000,1
3.8306,-0.04210,-0.25611,-38.84010,-0.04210,-0.25611,-0.04180,-0.25642,0.30878,0.43906,0.35058,0.69547,0.35058,0.69547,0.00000,0.00000,0,0.00046,-0.45353,-0.44953,0.00106,5.02712,5.01757,8,0x00000000,1,-0.37645,-0.38062,-0.00080,1.26614,1.27363,8,0x00000000,1,-0.38555,-0.37843,-0.00570,1.80106,1.75967,8,0x00000000,1,-0.39017,-0.39302,0.00286,-0.97753,-1.10016,8,0x00000000,1,-0.37194,-0.37384,0.00638,-0.26167,-0.30776,8,0x00000000,1,-0.47563,-0.47770,0.00316,4.25025,4.10516,8,0x00000000,1
3.9251,-0.04453,-0.25616,-38.83777,-0.04453,-0.25616,-0.04167,-0.25586,0.30990,0.44597,0.35157,0.70183,0.35157,0.70183,0.00000,0.00000,0,0.00034,-0.45381,-0.44972,-0.00109,5.06264,4.92419,8,0x00000000,1,-0.37643,-0.38061,0.00350,1.23448,1.21578,8,0x00000000,1,-0.38549,-0.37858,0.00450,1.92284,1.89179,8,0x00000000,1,-0.38993,-0.39262,-0.00249,-1.02347,-1.07111,8,0x00000000,1,-0.37173,-0.37376,-0.00477,-0.31468,-0.31408,8,0x00000000,1,-0.47590,-0.47772,0.00366,4.22566,4.33218,8,0x00000000,1
4.0193,-0.04404,-0.25031,-38.83702,-0.04404,-0.25031,-0.04275,-0.25334,0.31104,0.45285,0.35379,0.70619,0.35379,0.70619,0.00000,0.00000,0,0.00026,-0.45404,-0.44999,-0.00756,5.11268,5.24849,8,0x00000000,1,-0.37634,-0.38062,0.00172,1.16967,1.19836,8,0x00000000,1,-0.38537,-0.37874,-0.00221,1.96452,1.97884,8,0x00000000,1,-0.38979,-0.39228,0.00388,-1.00744,-0.89672,8,0x00000000,1,-0.37162,-0.37364,-0.00330,-0.33175,-0.36367,8,0x00000000,1,-0.47612,-0.47775,-0.00121,4.19796,4.35437,8,0x00000000,1
4.1179,-0.04095,-0.25007,-38.85040,-0.04095,-0.25007,-0.04270,-0.25063,0.31219,0.45964,0.35488,0.71027,0.35488,0.71027,0.00000,0.00000,0,0.00237,-0.45423,-0.45021,-0.00906,5.12992,5.10266,8,0x00000000,1,-0.37631,-0.38058,0.01118,1.13910,1.06999,8,0x00000000,1,-0.38531,-0.37893,0.00159,2.00239,2.03366,8,0x00000000,1,-0.38964,-0.39200,0.00141,-1.01354,-1.11968,8,0x00000000,1,-0.37149,-0.37357,-0.00552,-0.35520,-0.29769,8,0x00000000,1,-0.47630,-0.47776,-0.00742,4.16076,4.12051,8,0x00000000,1
4.2135,-0.04079,-0.25040,-38.85386,-0.04079,-0.25040,-0.04304,-0.25019,0.31335,0.46640,0.35638,0.71659,0.35638,0.71659,0.00000,0.00000,0,0.00040,-0.45452,-0.45047,-0.00352,5.22738,5.19215,8,0x00000000,1,-0.37626,-0.38057,0.00090,1.08519,0.98493,8,0x00000000,1,-0.38522,-0.37915,-0.00650,2.04111,2.08672,8,0x00000000,1,-0.38941,-0.39173,0.00588,-1.03901,-0.96807,8,0x00000000,1,-0.37129,-0.37347,-0.00510,-0.37113,-0.28729,8,0x00000000,1,-0.47658,-0.47778,-0.01412,4.19443,4.22326,8,0x00000000,1
4.3095,-0.04401,-0.25177,-38.85185,-0.04401,-0.25177,-0.04275,-0.25033,0.31450,0.47315,0.35725,0.72348,0.35725,0.72348,0.00000,0.00000,0,0.00025,-0.45483,-0.45080,-0.00756,5.20405,5.03028,8,0x00000000,1,-0.37625,-0.38056,-0.00315,1.03573,0.95134,8,0x00000000,1,-0.38515,-0.37944,-0.00962,2.08911,2.15684,8,0x00000000,1,-0.38914,-0.39144,0.00408,-1.08274,-1.13176,8,0x00000000,1,-0.37105,-0.37336,-0.00140,-0.43263,-0.36539,8,0x00000000,1,-0.47686,-0.47776,0.00506,4.20443,4.17312,8,0x00000000,1
4.4055,-0.04298,-0.25359,-38.84821,-0.04298,-0.25359,-0.04303,-0.25255,0.31567,0.47994,0.35870,0.73249,0.35870,0.73249,0.00000,0.00000,0,0.00037,-0.45523,-0.45120,-0.00603,5.30896,5.30040,8,0x00000000,1,-0.37621,-0.38054,0.00356,0.98095,0.91100,8,0x00000000,1,-0.38506,-0.37982,-0.00576,2.12109,2.12787,8,0x00000000,1,-0.38880,-0.39114,0.00687,-1.06821,-1.06143,8,0x00000000,1,-0.37075,-0.37318,0.00191,-0.45978,-0.53779,8,0x00000000,1,-0.47724,-0.47780,-0.00744,4.23424,4.10222,8,0x00000000,1
4.5033,-0.03945,-0.25611,-38.85794,-0.03945,-0.25611,-0.04147,-0.25398,0.31681,0.48678,0.35828,0.74076,0.35828,0.74076,0.00000,0.00000,0,0.00036,-0.45556,-0.45161,0.00894,5.33716,5.34322,8,0x00000000,1,-0.37626,-0.38055,-0.00857,0.92648,0.92291,8,0x00000000,1,-0.38505,-0.38026,-0.00697,2.13934,2.28006,8,0x00000000,1,-0.38845,-0.39074,0.01160,-1.09740,-1.11876,8,0x00000000,1,-0.37042,-0.37302,-0.00519,-0.49876,-0.42274,8,0x00000000,1,-0.47754,-0.47781,-0.00907,4.23248,4.16640,8,0x00000000,1
4.6075,-0.03395,-0.25110,-38.86407,-0.03395,-0.25110,-0.03647,-0.25345,0.31786,0.49364,0.35433,0.74708,0.35433,0.74708,0.00000,0.00000,0,0.00104,-0.45575,-0.45209,-0.00173,5.36628,5.25962,8,0x00000000,1,-0.37647,-0.38051,0.00125,0.90873,1.02232,8,0x00000000,1,-0.38521,-0.38078,-0.01054,2.17999,2.27084,8,0x00000000,1,-0.38811,-0.39035,0.00095,-1.17420,-1.02070,8,0x00000000,1,-0.37008,-0.37282,0.00230,-0.54420,-0.66427,8,0x00000000,1,-0.47768,-0.47780,0.00559,4.25666,4.19369,8,0x00000000,1
4.7030,-0.03206,-0.25150,-38.86306,-0.03206,-0.25150,-0.03185,-0.25259,0.31877,0.50046,0.35062,0.75306,0.35062,0.75306,0.00000,0.00000,0,0.00026,-0.45592,-0.45252,-0.00568,5.38030,5.41899,8,0x00000000,1,-0.37666,-0.38051,-0.00212,0.86690,0.89878,8,0x00000000,1,-0.38536,-0.38141,-0.00288,2.20992,2.18879,8,0x00000000,1,-0.38779,-0.39003,0.00857,-1.17213,-1.17620,8,0x00000000,1,-0.36976,-0.37262,0.01486,-0.53971,-0.62675,8,0x00000000,1,-0.47780,-0.47781,0.00457,4.28162,4.29300,8,0x00000000,1
4.8019,-0.02720,-0.24326,-38.86586,-0.02720,-0.24326,-0.02885,-0.24713,0.31960,0.50722,0.34845,0.75435,0.34845,0.75435,0.00000,0.00000,0,0.00146,-0.45593,-0.45295,-0.00302,5.36524,5.40679,8,0x00000000,1,-0.37676,-0.38047,0.00220,0.82930,0.75780,8,0x00000000,1,-0.38545,-0.38217,-0.01352,2.18860,2.16557,8,0x00000000,1,-0.38769,-0.38963,-0.00480,-1.19357,-1.20628,8,0x00000000,1,-0.36965,-0.37246,-0.00025,-0.58821,-0.65836,8,0x00000000,1,-0.47780,-0.47786,-0.00983,4.21313,4.11588,8,0x00000000,1
4.9013,-0.01726,-0.23925,-38.88694,-0.01726,-0.23925,-0.02276,-0.24177,0.32030,0.51382,0.34306,0.75558,0.34306,0.75558,0.00000,0.00000,0,0.00027,-0.45588,-0.45346,-0.00771,5.39096,5.55943,8,0x00000000,1,-0.37702,-0.38045,0.00956,0.82387,0.79769,8,0x00000000,1,-0.38569,-0.38310,-0.01328,2.17969,2.17043,8,0x00000000,1,-0.38754,-0.38917,0.00642,-1.17149,-1.21605,8,0x00000000,1,-0.36947,-0.37230,-0.00611,-0.65594,-0.51981,8,0x00000000,1,-0.47770,-0.47784,0.00607,4.22109,4.21132,8,0x00000000,1
5.0009,-0.01109,-0.22808,-38.89317,-0.01109,-0.22808,-0.01463,-0.23456,0.32046,0.52025,0.33509,0.75481,0.33509,0.75481,0.00000,0.00000,16,0.00041,-0.45569,-0.45397,-0.01860,5.36123,5.40962,8,0x00000000,1,-0.37738,-0.38045,-0.00329,0.78663,0.81861,8,0x00000000,1,-0.38606,-0.38482,-0.01928,2.09062,2.28441,8,0x00000000,1,-0.38741,-0.38860,0.00303,-1.16432,-1.22834,8,0x00000000,1,-0.36929,-0.37202,0.00916,-0.62040,-0.68445,8,0x00000000,1,-0.47746,-0.47788,-0.00337,4.22298,4.24000,8,0x00000000,1
5.0978,-0.00447,-0.21736,-38.90153,-0.00447,-0.21736,-0.00682,-0.22304,0.32046,0.52642,0.32728,0.74946,0.32728,0.74946,0.00000,0.00000,16,0.00030,-0.45531,-0.45435,-0.00623,5.28792,5.18967,8,0x00000000,1,-0.37772,-0.38044,0.00129,0.77880,0.83470,8,0x00000000,1,-0.38643,-0.38615,-0.00697,2.07636,2.05607,8,0x00000000,1,-0.38748,-0.38794,0.00937,-1.11609,-0.98030,8,0x00000000,1,-0.36929,-0.37184,0.00102,-0.66162,-0.66096,8,0x00000000,1,-0.47706,-0.47788,0.00075,4.20720,4.27102,8,0x00000000,1
5.1972,0.00577,-0.21140,-38.91830,0.00577,-0.21140,0.00117,-0.21431,0.32046,0.53230,0.31929,0.74661,0.31929,0.74661,0.00000,0.00000,16,0.00122,-0.45503,-0.45463,0.00669,5.31108,5.42625,8,0x00000000,1,-0.37808,-0.38043,0.00732,0.78365,0.74769,8,0x00000000,1,-0.38681,-0.38664,-0.01072,2.05236,2.23673,8,0x00000000,1,-0.38744,-0.38735,0.00248,-1.09857,-1.03859,8,0x00000000,1,-0.36919,-0.37164,0.00266,-0.69797,-0.67648,8,0x00000000,1,-0.47674,-0.47790,-0.01128,4.11799,4.04114,8,0x00000000,1
5.2930,0.01819,-0.20637,-38.92843,0.01819,-0.20637,0.00990,-0.20940,0.32046,0.53803,0.31056,0.74743,0.31056,0.74743,0.00000,0.00000,16,0.00028,-0.45489,-0.45490,0.01580,5.33987,5.30675,8,0x00000000,1,-0.37848,-0.38043,0.00332,0.76770,0.69315,8,0x00000000,1,-0.38720,-0.38690,-0.00546,2.06893,1.99202,8,0x00000000,1,-0.38724,-0.38655,0.01605,-1.01921,-1.02327,8,0x00000000,1,-0.36893,-0.37132,0.00948,-0.72859,-0.71862,8,0x00000000,1,-0.47654,-0.47789,0.00040,4.13873,3.96900,8,0x00000000,1
5.3923,0.02683,-0.20366,-38.93349,0.02683,-0.20366,0.01984,-0.20539,0.32046,0.54361,0.30062,0.74901,0.30062,0.74901,0.00000,0.00000,16,0.00208,-0.45476,-0.45522,-0.00229,5.20904,5.25607,8,0x00000000,1,-0.37894,-0.38044,-0.00083,0.75874,0.84737,8,0x00000000,1,-0.38765,-0.38706,-0.00318,2.11691,2.20126,8,0x00000000,1,-0.38698,-0.38558,0.01218,-0.97282,-0.90063,8,0x00000000,1,-0.36861,-0.37090,0.00538,-0.69965,-0.77547,8,0x00000000,1,-0.47634,-0.47791,-0.00368,4.08223,4.10601,8,0x00000000,1
5.4876,0.03636,-0.19659,-38.92647,0.03636,-0.19659,0.02995,-0.20100,0.31979,0.54910,0.28984,0.75010,0.28984,0.75010,0.00000,0.00000,0,0.00039,-0.45459,-0.45543,-0.01819,5.21768,5.15014,8,0x00000000,1,-0.37944,-0.38044,-0.00437,0.79689,0.81813,8,0x00000000,1,-0.38814,-0.38721,-0.00520,2.13537,2.16488,8,0x00000000,1,-0.38672,-0.38438,0.01496,-0.86291,-0.85435,8,0x00000000,1,-0.36829,-0.37033,0.00847,-0.75145,-0.68672,8,0x00000000,1,-0.47610,-0.47790,-0.00026,4.06503,4.03900,8,0x00000000,1
5.5848,0.05239,-0.18815,-38.94011,0.05239,-0.18815,0.04413,-0.19248,0.31878,0.55441,0.27466,0.74689,0.27466,0.74689,0.00000,0.00000,0,0.00026,-0.45415,-0.45557,0.00491,5.14945,5.21724,8,0x00000000,1,-0.38013,-0.38042,0.00457,0.84513,0.84288,8,0x00000000,1,-0.38884,-0.38735,-0.00309,2.21327,2.24870,8,0x00000000,1,-0.38656,-0.38185,0.03207,-0.59411,-0.70485,8,0x00000000,1,-0.36802,-0.36984,-0.00141,-0.75255,-0.65256,8,0x00000000,1,-0.47558,-0.47788,0.00127,4.01010,3.90772,8,0x00000000,1
5.6797,0.08087,-0.16768,-38.97478,0.08087,-0.16768,0.06655,-0.17874,0.31731,0.55944,0.25075,0.73818,0.25075,0.73818,0.00000,0.00000,0,0.00030,-0.45331,-0.45567,0.00169,5.07297,5.25326,8,0x00000000,1,-0.38120,-0.38043,0.00046,0.92842,0.80323,8,0x00000000,1,-0.38996,-0.38752,-0.00294,2.29996,2.18401,8,0x00000000,1,-0.38645,-0.37682,0.01524,-0.24669,-0.33333,8,0x00000000,1,-0.36773,-0.36940,0.00655,-0.76825,-0.68096,8,0x00000000,1,-0.47463,-0.47789,0.00266,3.89181,3.81230,8,0x00000000,1
5.7783,0.09180,-0.16190,-38.98812,0.09180,-0.16190,0.08415,-0.16725,0.31522,0.56407,0.23108,0.73132,0.23108,0.73132,0.00000,0.00000,0,0.00034,-0.45263,-0.45573,-0.00191,4.98018,5.15135,8,0x00000000,1,-0.38208,-0.38043,-0.00044,0.97216,1.03343,8,0x00000000,1,-0.39088,-0.38792,-0.00442,2.35167,2.15791,8,0x00000000,1,-0.38635,-0.37634,-0.00537,-0.17759,-0.13391,8,0x00000000,1,-0.36748,-0.36921,0.00147,-0.79508,-0.74958,8,0x00000000,1,-0.47385,-0.47789,0.00435,3.79301,3.73352,8,0x00000000,1
5.8772,0.10011,-0.15787,-38.98727,0.10011,-0.15787,0.09449,-0.16069,0.31281,0.56848,0.21832,0.72917,0.21832,0.72917,0.00000,0.00000,0,0.00029,-0.45229,-0.45575,-0.00863,4.91886,4.84488,8,0x00000000,1,-0.38266,-0.38044,-0.00003,1.02053,1.04398,8,0x00000000,1,-0.39147,-0.38831,-0.00607,2.37332,2.37084,8,0x00000000,1,-0.38619,-0.37635,-0.00167,-0.06610,0.05366,8,0x00000000,1,-0.36723,-0.36893,-0.00078,-0.80204,-0.66866,8,0x00000000,1,-0.47344,-0.47787,0.00567,3.73746,3.86790,8,0x00000000,1
5.9765,0.10363,-0.15555,-38.99088,0.10363,-0.15555,0.10138,-0.15620,0.31014,0.57275,0.20876,0.72895,0.20876,0.72895,0.00000,0.00000,0,0.00089,-0.45209,-0.45573,0.01367,4.91725,5.12788,8,0x00000000,1,-0.38310,-0.38044,-0.00350,1.10127,1.12364,8,0x00000000,1,-0.39190,-0.38862,-0.01199,2.42688,2.41239,8,0x00000000,1,-0.38601,-0.37638,-0.00065,0.02591,0.07017,8,0x00000000,1,-0.36699,-0.36879,-0.00230,-0.82882,-0.81369,8,0x00000000,1,-0.47318,-0.47790,-0.00048,3.66950,3.64315,8,0x00000000,1
6.0726,0.10398,-0.15311,-38.99425,0.10398,-0.15311,0.10343,-0.15412,0.30737,0.57694,0.20393,0.73105,0.20393,0.73105,0.00000,0.00000,0,0.00037,-0.45208,-0.45574,0.00937,4.88799,4.93914,8,0x00000000,1,-0.38333,-0.38044,0.00008,1.15567,1.09982,8,0x00000000,1,-0.39212,-0.38884,0.00093,2.47968,2.48179,8,0x00000000,1,-0.38583,-0.37644,0.00008,0.16209,0.14976,8,0x00000000,1,-0.36678,-0.36861,0.00205,-0.86620,-0.80366,8,0x00000000,1,-0.47313,-0.47789,-0.00691,3.59994,3.68104,8,0x00000000,1
6.1736,0.10893,-0.14622,-38.99430,0.10893,-0.14622,0.10627,-0.14963,0.30454,0.58104,0.19827,0.73067,0.19827,0.73067,0.00000,0.00000,0,0.00055,-0.45195,-0.45579,-0.01086,4.78061,4.38874,8,0x00000000,1,-0.38359,-0.38043,0.00329,1.15140,1.12714,8,0x00000000,1,-0.39238,-0.38909,-0.01117,2.47880,2.52485,8,0x00000000,1,-0.38574,-0.37650,-0.00286,0.25564,0.30084,8,0x00000000,1,-0.36665,-0.36847,0.01115,-0.85055,-0.82095,8,0x00000000,1,-0.47297,-0.47788,0.00254,3.56735,3.38174,8,0x00000000,1
6.2725,0.10693,-0.14535,-38.99198,0.10693,-0.14535,0.10732,-0.14686,0.30165,0.58504,0.19432,0.73190,0.19432,0.73190,0.00000,0.00000,0,0.00057,-0.45192,-0.45576,0.00598,4.76563,4.66414,8,0x00000000,1,-0.38377,-0.38043,0.00698,1.25611,1.25436,8,0x00000000,1,-0.39255,-0.38930,0.00401,2.54498,2.65931,8,0x00000000,1,-0.38561,-0.37657,-0.00483,0.34230,0.21377,8,0x00000000,1,-0.36650,-0.36843,-0.00416,-0.90895,-1.06842,8,0x00000000,1,-0.47291,-0.47788,0.00157,3.46907,3.47580,8,0x00000000,1
6.3723,0.11341,-0.13903,-38.99591,0.11341,-0.13903,0.11112,-0.14149,0.29869,0.58892,0.18757,0.73042,0.18757,0.73042,0.00000,0.00000,0,0.00121,-0.45172,-0.45579,-0.01240,4.66247,4.46903,8,0x00000000,1,-0.38408,-0.38044,-0.00127,1.27604,1.45387,8,0x00000000,1,-0.39286,-0.38955,-0.00611,2.58805,2.52047,8,0x00000000,1,-0.38554,-0.37668,-0.00363,0.43831,0.33805,8,0x00000000,1,-0.36638,-0.36834,0.00197,-0.92304,-0.95165,8,0x00000000,1,-0.47268,-0.47789,-0.00649,3.36282,3.42687,8,0x00000000,1
6.4730,0.11420,-0.13626,-38.99735,0.11420,-0.13626,0.11302,-0.13812,0.29566,0.59269,0.18264,0.73081,0.18264,0.73081,0.00000,0.00000,0,0.00053,-0.45164,-0.45576,0.00225,4.60443,4.55304,8,0x00000000,1,-0.38431,-0.38044,0.00067,1.34293,1.31845,8,0x00000000,1,-0.39309,-0.38979,-0.00892,2.59185,2.65329,8,0x00000000,1,-0.38543,-0.37674,0.00700,0.54702,0.41021,8,0x00000000,1,-0.36624,-0.36820,0.00264,-0.96758,-0.94257,8,0x00000000,1,-0.47257,-0.47786,0.00484,3.34307,3.27844,8,0x00000000,1
6.5682,0.11216,-0.13162,-38.99722,0.11216,-0.13162,0.11356,-0.13347,0.29259,0.59635,0.17903,0.72982,0.17903,0.72982,0.00000,0.00000,0,0.00042,-0.45153,-0.45575,0.00699,4.60818,4.52367,8,0x00000000,1,-0.38447,-0.38045,0.00040,1.42874,1.50661,8,0x00000000,1,-0.39326,-0.39000,0.00150,2.67465,2.86652,8,0x00000000,1,-0.38540,-0.37686,-0.00027,0.61110,0.60779,8,0x00000000,1,-0.36619,-0.36808,-0.00137,-0.97022,-1.06410,8,0x00000000,1,-0.47243,-0.47787,-0.00650,3.22691,3.24255,8,0x00000000,1
6.6635,0.11193,-0.12914,-38.99633,0.11193,-0.12914,0.11230,-0.13137,0.28955,0.59993,0.17725,0.73130,0.17725,0.73130,0.00000,0.00000,0,0.00041,-0.45156,-0.45577,-0.00651,4.53688,4.54241,8,0x00000000,1,-0.38456,-0.38047,0.00255,1.47612,1.45956,8,0x00000000,1,-0.39333,-0.39025,-0.01826,2.66329,2.76147,8,0x00000000,1,-0.38530,-0.37702,-0.00059,0.70071,0.76941,8,0x00000000,1,-0.36608,-0.36795,0.00178,-1.00597,-0.93877,8,0x00000000,1,-0.47244,-0.47783,0.01384,3.22838,3.27600,8,0x00000000,1
6.7600,0.11175,-0.12769,-38.99776,0.11175,-0.12769,0.11203,-0.12868,0.28652,0.60344,0.17449,0.73212,0.17449,0.73212,0.00000,0.00000,0,0.00028,-0.45153,-0.45578,-0.00660,4.44965,4.37407,8,0x00000000,1,-0.38469,-0.38049,0.00247,1.51426,1.45262,8,0x00000000,1,-0.39345,-0.39043,0.00416,2.73575,2.65245,8,0x00000000,1,-0.38521,-0.37713,-0.00435,0.78271,0.67684,8,0x00000000,1,-0.36598,-0.36785,0.00115,-1.04358,-1.05500,8,0x00000000,1,-0.47240,-0.47784,-0.00240,3.13678,3.07142,8,0x00000000,1
6.8609,0.11583,-0.12629,-39.00028,0.11583,-0.12629,0.11374,-0.12751,0.28347,0.60689,0.16973,0.73440,0.16973,0.73440,0.00000,0.00000,0,0.00030,-0.45153,-0.45575,0.00263,4.44794,4.45009,8,0x00000000,1,-0.38491,-0.38053,-0.00489,1.59760,1.67073,8,0x00000000,1,-0.39366,-0.39061,0.00100,2.75571,2.74532,8,0x00000000,1,-0.38503,-0.37729,-0.00086,0.86817,0.90102,8,0x00000000,1,-0.36577,-0.36770,0.01310,-1.02029,-0.98131,8,0x00000000,1,-0.47236,-0.47783,0.00203,3.05126,3.00990,8,0x00000000,1
6.9605,0.11834,-0.12540,-39.00056,0.11834,-0.12540,0.11663,-0.12632,0.28037,0.61032,0.16374,0.73664,0.16374,0.73664,0.00000,0.00000,0,0.00043,-0.45151,-0.45577,-0.01190,4.33226,4.33137,8,0x00000000,1,-0.38520,-0.38055,-0.00045,1.67883,1.66750,8,0x00000000,1,-0.39393,-0.39084,-0.00133,2.80680,2.85844,8,0x00000000,1,-0.38482,-0.37743,-0.00907,0.90465,0.93270,8,0x00000000,1,-0.36553,-0.36761,-0.00514,-1.09623,-0.96314,8,0x00000000,1,-0.47229,-0.47784,-0.01209,2.96178,2.85607,8,0x00000000,1
7.0555,0.12077,-0.12185,-38.99903,0.12077,-0.12185,0.11923,-0.12355,0.27718,0.61370,0.15795,0.73724,0.15795,0.73724,0.00000,0.00000,0,0.00084,-0.45142,-0.45578,-0.01119,4.27895,4.16070,8,0x00000000,1,-0.38547,-0.38058,0.00297,1.71817,1.78887,8,0x00000000,1,-0.39419,-0.39107,-0.00453,2.84052,2.85084,8,0x00000000,1,-0.38468,-0.37756,-0.00374,0.98704,0.93230,8,0x00000000,1,-0.36536,-0.36752,0.00062,-1.12157,-1.02426,8,0x00000000,1,-0.47216,-0.47783,-0.00655,2.92158,2.77857,8,0x00000000,1
7.1530,0.12406,-0.11817,-38.99971,0.12406,-0.11817,0.12251,-0.12015,0.27391,0.61698,0.15140,0.73713,0.15140,0.73713,0.00000,0.00000,0,0.00033,-0.45128,-0.45574,0.01100,4.24205,4.28285,8,0x00000000,1,-0.38577,-0.38065,-0.00968,1.77486,1.85646,8,0x00000000,1,-0.39449,-0.39131,0.00762,2.88868,2.90768,8,0x00000000,1,-0.38455,-0.37772,-0.00054,1.04326,0.92304,8,0x00000000,1,-0.36519,-0.36735,-0.00142,-1.12343,-1.23007,8,0x00000000,1,-0.47199,-0.47780,0.00188,2.82585,2.92312,8,0x00000000,1
7.2539,0.12410,-0.11516,-39.00483,0.12410,-0.11516,0.12346,-0.11746,0.27059,0.62019,0.14712,0.73765,0.14712,0.73765,0.00000,0.00000,0,0.00042,-0.45122,-0.45577,-0.01079,4.19144,4.09584,8,0x00000000,1,-0.38597,-0.38069,-0.00507,1.87459,1.87245,8,0x00000000,1,-0.39468,-0.39160,-0.00402,2.89367,3.00657,8,0x00000000,1,-0.38445,-0.37787,-0.00621,1.10610,1.00200,8,0x00000000,1,-0.36506,-0.36722,0.00456,-1.16337,-1.13607,8,0x00000000,1,-0.47190,-0.47778,0.00399,2.78002,2.68397,8,0x00000000,1
7.3502,0.12845,-0.11139,-39.00815,0.12845,-0.11139,0.12535,-0.11392,0.26723,0.62331,0.14188,0.73723,0.14188,0.73723,0.00000,0.00000,0,0.00028,-0.45110,-0.45574,0.00905,4.14580,4.01009,8,0x00000000,1,-0.38621,-0.38074,0.00367,1.94636,1.93118,8,0x00000000,1,-0.39492,-0.39177,0.00302,2.95966,3.02638,8,0x00000000,1,-0.38436,-0.37801,0.00265,1.18859,1.13785,8,0x00000000,1,-0.36494,-0.36711,-0.00410,-1.21792,-1.13490,8,0x00000000,1,-0.47174,-0.47776,-0.00219,2.66919,2.59626,8,0x00000000,1
7.4490,0.12649,-0.11079,-39.00453,0.12649,-0.11079,0.12720,-0.11133,0.26381,0.62635,0.13661,0.73767,0.13661,0.73767,0.00000,0.00000,0,0.00041,-0.45101,-0.45577,-0.00884,4.07180,4.17530,8,0x00000000,1,-0.38645,-0.38093,-0.00077,1.99703,2.01179,8,0x00000000,1,-0.39516,-0.39203,-0.00524,2.96453,2.96637,8,0x00000000,1,-0.38424,-0.37816,-0.00521,1.23315,1.27856,8,0x00000000,1,-0.36479,-0.36698,0.00045,-1.21403,-1.08773,8,0x00000000,1,-0.47162,-0.47774,0.00393,2.61600,2.49209,8,0x00000000,1
7.5454,0.12424,-0.10824,-39.00516,0.12424,-0.10824,0.12481,-0.11033,0.26041,0.62934,0.13559,0.73967,0.13559,0.73967,0.00000,0.00000,0,0.00030,-0.45107,-0.45575,0.00273,4.01564,4.03402,8,0x00000000,1,-0.38650,-0.38127,-0.00492,2.04155,2.08795,8,0x00000000,1,-0.39520,-0.39224,-0.00362,3.00428,2.84714,8,0x00000000,1,-0.38414,-0.37835,-0.00580,1.28278,1.29057,8,0x00000000,1,-0.36468,-0.36686,-0.00074,-1.22067,-1.36236,8,0x00000000,1,-0.47167,-0.47771,0.00955,2.55771,2.54051,8,0x00000000,1
7.6420,0.12206,-0.10819,-39.00523,0.12206,-0.10819,0.12410,-0.10878,0.25704,0.63230,0.13295,0.74108,0.13295,0.74108,0.00000,0.00000,0,0.00032,-0.45108,-0.45575,-0.00667,3.95993,3.88789,8,0x00000000,1,-0.38663,-0.38163,-0.00439,2.09737,2.14343,8,0x00000000,1,-0.39532,-0.39238,0.00240,3.04614,3.16100,8,0x00000000,1,-0.38403,-0.37858,0.00169,1.32588,1.31645,8,0x00000000,1,-0.36456,-0.36675,0.00015,-1.25387,-1.31144,8,0x00000000,1,-0.47165,-0.47771,0.00309,2.50057,2.57514,8,0x00000000,1
7.7405,0.12245,-0.11009,-39.01664,0.12245,-0.11009,0.12185,-0.10929,0.25373,0.63523,0.13188,0.74452,0.13188,0.74452,0.00000,0.00000,0,0.00165,-0.45120,-0.45574,-0.00720,3.88670,3.96795,8,0x00000000,1,-0.38669,-0.38190,0.00325,2.17200,2.23034,8,0x00000000,1,-0.39535,-0.39254,0.00071,3.04781,3.05260,8,0x00000000,1,-0.38387,-0.37875,-0.00444,1.38125,1.40962,8,0x00000000,1,-0.36440,-0.36668,-0.00130,-1.28530,-1.32023,8,0x00000000,1,-0.47176,-0.47770,-0.00116,2.42802,2.41875,8,0x00000000,1
7.8392,0.12039,-0.10635,-39.01511,0.12039,-0.10635,0.12098,-0.10796,0.25045,0.63818,0.12947,0.74614,0.12947,0.74614,0.00000,0.00000,0,0.00027,-0.45122,-0.45571,-0.00082,3.89683,4.00514,8,0x00000000,1,-0.38681,-0.38221,-0.00645,2.18927,2.17748,8,0x00000000,1,-0.39546,-0.39272,-0.00557,3.09111,2.99397,8,0x00000000,1,-0.38375,-0.37891,0.00919,1.44675,1.46578,8,0x00000000,1,-0.36428,-0.36659,0.00504,-1.34310,-1.36678,8,0x00000000,1,-0.47175,-0.47764,0.01498,2.37267,2.28941,8,0x00000000,1
7.9382,0.11337,-0.10701,-39.01042,0.11337,-0.10701,0.11733,-0.10743,0.24723,0.64108,0.12990,0.74851,0.12990,0.74851,0.00000,0.00000,0,0.00030,-0.45133,-0.45573,-0.00591,3.79662,3.79930,8,0x00000000,1,-0.38680,-0.38258,-0.00461,2.18567,2.16462,8,0x00000000,1,-0.39543,-0.39289,0.00239,3.10844,3.05793,8,0x00000000,1,-0.38366,-0.37910,0.00397,1.46190,1.51334,8,0x00000000,1,-0.36420,-0.36650,0.00060,-1.37158,-1.22672,8,0x00000000,1,-0.47185,-0.47765,-0.00037,2.28956,2.28972,8,0x00000000,1
8.0363,0.11299,-0.10277,-39.01170,0.11299,-0.10277,0.11352,-0.10598,0.24413,0.64397,0.13062,0.74995,0.13062,0.74995,0.00000,0.00000,0,0.00032,-0.45140,-0.45571,0.00023,3.78333,3.68948,8,0x00000000,1,-0.38677,-0.38293,0.00212,2.23432,2.27912,8,0x00000000,1,-0.39539,-0.39305,-0.00012,3.12222,3.09645,8,0x00000000,1,-0.38362,-0.37930,0.00960,1.50228,1.57878,8,0x00000000,1,-0.36416,-0.36639,-0.00344,-1.38021,-1.31878,8,0x00000000,1,-0.47193,-0.47765,-0.00400,2.18931,2.16795,8,0x00000000,1
8.1359,0.11543,-0.09811,-39.01863,0.11543,-0.09811,0.11360,-0.10128,0.24107,0.64677,0.12747,0.74805,0.12747,0.74805,0.00000,0.00000,0,0.00094,-0.45126,-0.45570,0.00343,3.73505,3.77224,8,0x00000000,1,-0.38691,-0.38349,-0.00743,2.25335,2.26651,8,0x00000000,1,-0.39554,-0.39320,-0.00148,3.14127,3.23599,8,0x00000000,1,-0.38363,-0.37968,-0.00658,1.51257,1.44062,8,0x00000000,1,-0.36415,-0.36631,0.00254,-1.36645,-1.31272,8,0x00000000,1,-0.47177,-0.47757,0.01103,2.13091,2.16132,8,0x00000000,1
8.2330,0.11378,-0.09613,-39.01175,0.11378,-0.09613,0.11416,-0.09842,0.23800,0.64946,0.12384,0.74788,0.12384,0.74788,0.00000,0.00000,0,0.00027,-0.45118,-0.45568,0.00657,3.66408,3.72414,8,0x00000000,1,-0.38708,-0.38525,-0.03812,2.09246,2.05105,8,0x00000000,1,-0.39571,-0.39337,0.00269,3.18189,2.94663,8,0x00000000,1,-0.38357,-0.38001,-0.00054,1.56199,1.48371,8,0x00000000,1,-0.36407,-0.36621,0.00589,-1.39474,-1.42953,8,0x00000000,1,-0.47167,-0.47757,0.00254,2.06812,2.03965,8,0x00000000,1
8.3326,0.10904,-0.07564,-38.98887,0.10904,-0.07564,0.11198,-0.08687,0.23494,0.65199,0.12296,0.73885,0.12296,0.73885,0.00000,0.00000,0,0.00159,-0.45078,-0.45566,0.00274,3.61011,3.50052,8,0x00000000,1,-0.38708,-0.38848,-0.02796,1.91480,1.92142,8,0x00000000,1,-0.39578,-0.39366,-0.00849,3.16856,3.27248,8,0x00000000,1,-0.38393,-0.38028,0.00873,1.54630,1.53008,8,0x00000000,1,-0.36439,-0.36612,-0.00174,-1.42707,-1.48695,8,0x00000000,1,-0.47131,-0.47750,0.00793,1.99308,1.91478,8,0x00000000,1
8.4291,0.10501,-0.06463,-38.98910,0.10501,-0.06463,0.10755,-0.07135,0.23197,0.65409,0.12442,0.72543,0.12442,0.72543,0.00000,0.00000,0,0.00038,-0.45026,-0.45566,-0.01286,3.46704,3.43771,8,0x00000000,1,-0.38696,-0.38973,-0.01481,1.82285,1.89689,8,0x00000000,1,-0.39576,-0.39393,-0.00090,3.18589,3.09309,8,0x00000000,1,-0.38451,-0.38071,-0.00144,1.65761,1.50005,8,0x00000000,1,-0.36493,-0.36613,-0.00778,-1.41397,-1.46998,8,0x00000000,1,-0.47084,-0.47746,0.00548,1.89540,1.87904,8,0x00000000,1
8.5266,0.10687,-0.05749,-38.98843,0.10687,-0.05749,0.10656,-0.06193,0.22909,0.65587,0.12253,0.71780,0.12253,0.71780,0.00000,0.00000,0,0.00065,-0.44990,-0.45563,0.00560,3.39229,3.36867,8,0x00000000,1,-0.38702,-0.39013,-0.00141,1.78666,1.70906,8,0x00000000,1,-0.39587,-0.39431,-0.00742,3.19207,3.14760,8,0x00000000,1,-0.38479,-0.38131,-0.00420,1.66873,1.68308,8,0x00000000,1,-0.36518,-0.36611,0.00070,-1.39159,-1.29706,8,0x00000000,1,-0.47050,-0.47743,0.00111,1.76934,1.75918,8,0x00000000,1
8.6221,0.10884,-0.04836,-38.98907,0.10884,-0.04836,0.10746,-0.05434,0.22621,0.65744,0.11875,0.71178,0.11875,0.71178,0.00000,0.00000,0,0.00059,-0.44958,-0.45559,0.00329,3.34729,3.20713,8,0x00000000,1,-0.38717,-0.39030,-0.00559,1.75814,1.72283,8,0x00000000,1,-0.39606,-0.39468,-0.00541,3.19332,3.25553,8,0x00000000,1,-0.38496,-0.38203,-0.00447,1.64344,1.62355,8,0x00000000,1,-0.36531,-0.36607,-0.00307,-1.38731,-1.39975,8,0x00000000,1,-0.47018,-0.47738,0.00481,1.67396,1.61250,8,0x00000000,1
8.7214,0.10453,-0.04217,-38.98281,0.10453,-0.04217,0.10593,-0.04508,0.22333,0.65876,0.11740,0.70384,0.11740,0.70384,0.00000,0.00000,0,0.00038,-0.44922,-0.45557,-0.00010,3.23047,3.26412,8,0x00000000,1,-0.38721,-0.39040,-0.00345,1.73293,1.81206,8,0x00000000,1,-0.39615,-0.39524,0.00291,3.19088,3.17749,8,0x00000000,1,-0.38527,-0.38282,-0.00855,1.64257,1.68832,8,0x00000000,1,-0.36557,-0.36607,-0.00174,-1.37127,-1.38320,8,0x00000000,1,-0.46984,-0.47734,-0.00809,1.57858,1.54643,8,0x00000000,1
8.8249,0.10279,-0.03534,-38.99426,0.10279,-0.03534,0.10413,-0.03961,0.22049,0.65990,0.11636,0.69951,0.11636,0.69951,0.00000,0.00000,0,0.00041,-0.44902,-0.45553,-0.00195,3.14432,3.21328,8,0x00000000,1,-0.38724,-0.39045,-0.00121,1.68963,1.61589,8,0x00000000,1,-0.39621,-0.39598,-0.00548,3.13096,3.11874,8,0x00000000,1,-0.38543,-0.38335,-0.00646,1.63705,1.74661,8,0x00000000,1,-0.36571,-0.36607,0.00108,-1.38266,-1.31878,8,0x00000000,1,-0.46965,-0.47726,0.00949,1.45131,1.43643,8,0x00000000,1
8.9193,0.10264,-0.03101,-38.99975,0.10264,-0.03101,0.10338,-0.03369,0.21769,0.66088,0.11430,0.69457,0.11430,0.69457,0.00000,0.00000,0,0.00027,-0.44877,-0.45552,-0.01649,3.01304,3.00272,8,0x00000000,1,-0.38731,-0.39044,0.00661,1.65685,1.66729,8,0x00000000,1,-0.39633,-0.39674,-0.00379,3.11340,2.95768,8,0x00000000,1,-0.38559,-0.38370,-0.00104,1.68900,1.55175,8,0x00000000,1,-0.36584,-0.36606,0.00527,-1.36957,-1.45857,8,0x00000000,1,-0.46941,-0.47721,0.00252,1.35521,1.40541,8,0x00000000,1
9.0169,0.09945,-0.02296,-38.99964,0.09945,-0.02296,0.10091,-0.02664,0.21494,0.66169,0.11403,0.68833,0.11403,0.68833,0.00000,0.00000,0,0.00126,-0.44851,-0.45543,0.01365,2.94363,2.77218,8,0x00000000,1,-0.38730,-0.39046,0.00008,1.58658,1.69822,8,0x00000000,1,-0.39636,-0.39764,-0.01294,2.98791,3.05567,8,0x00000000,1,-0.38584,-0.38401,-0.00372,1.69542,1.52226,8,0x00000000,1,-0.36607,-0.36607,-0.00189,-1.34720,-1.43845,8,0x00000000,1,-0.46917,-0.47718,-0.00616,1.24123,1.20570,8,0x00000000,1
9.1127,0.09911,-0.01820,-38.99926,0.09911,-0.01820,0.09984,-0.02055,0.21223,0.66231,0.11239,0.68287,0.11239,0.68287,0.00000,0.00000,0,0.00157,-0.44825,-0.45544,-0.01137,2.81615,2.86877,8,0x00000000,1,-0.38736,-0.39046,0.00141,1.58776,1.50260,8,0x00000000,1,-0.39645,-0.39818,-0.00090,2.99108,3.03658,8,0x00000000,1,-0.38604,-0.38435,-0.00463,1.68534,1.68899,8,0x00000000,1,-0.36624,-0.36606,0.00088,-1.35349,-1.32889,8,0x00000000,1,-0.46892,-0.47709,0.00267,1.14972,1.23342,8,0x00000000,1
9.2073,0.09871,-0.01276,-39.00654,0.09871,-0.01276,0.09827,-0.01574,0.20956,0.66238,0.11128,0.67812,0.11128,0.67812,0.00000,0.00000,32,0.00114,-0.44803,-0.45539,0.00160,2.73825,2.73678,8,0x00000000,1,-0.38739,-0.39047,-0.00644,1.52491,1.46445,8,0x00000000,1,-0.39652,-0.39856,0.00147,2.94452,2.94618,8,0x00000000,1,-0.38621,-0.38461,0.00612,1.72104,1.57897,8,0x00000000,1,-0.36639,-0.36609,-0.00885,-1.35471,-1.37826,8,0x00000000,1,-0.46871,-0.47703,-0.00374,1.02383,0.94068,8,0x00000000,1
9.3041,0.09632,-0.00974,-39.00931,0.09632,-0.00974,0.09786,-0.01207,0.20690,0.66238,0.10904,0.67444,0.10904,0.67444,0.00000,0.00000,32,0.00033,-0.44783,-0.45535,-0.00551,2.66684,2.68185,8,0x00000000,1,-0.38748,-0.39045,0.00431,1.50881,1.52302,8,0x00000000,1,-0.39663,-0.39886,-0.00634,2.88375,2.90994,8,0x00000000,1,-0.38632,-0.38487,-0.00407,1.71613,1.78700,8,0x00000000,1,-0.36647,-0.36608,-0.00367,-1.32994,-1.34702,8,0x00000000,1,-0.46851,-0.47690,0.00531,0.94530,1.04104,8,0x00000000,1
9.4016,0.09735,-0.00790,-39.01231,0.09735,-0.00790,0.09669,-0.00948,0.20429,0.66238,0.10761,0.67186,0.10761,0.67186,0.00000,0.00000,32,0.00035,-0.44769,-0.45529,0.00007,2.55337,2.51337,8,0x00000000,1,-0.38754,-0.39045,0.00429,1.50351,1.51740,8,0x00000000,1,-0.39671,-0.39899,0.00056,2.87071,2.94590,8,0x00000000,1,-0.38640,-0.38502,0.00341,1.74076,1.65960,8,0x00000000,1,-0.36653,-0.36607,-0.00124,-1.30466,-1.37112,8,0x00000000,1,-0.46838,-0.47683,-0.00119,0.87713,0.85472,8,0x00000000,1
9.4964,0.09159,-0.00728,-39.00843,0.09159,-0.00728,0.09454,-0.00748,0.20170,0.66238,0.10717,0.66986,0.10717,0.66986,0.00000,0.00000,32,0.00037,-0.44760,-0.45524,0.00421,2.50974,2.35831,8,0x00000000,1,-0.38755,-0.39046,0.00100,1.43184,1.52898,8,0x00000000,1,-0.39673,-0.39907,-0.00113,2.82561,2.74024,8,0x00000000,1,-0.38647,-0.38515,0.00149,1.74182,1.88866,8,0x00000000,1,-0.36660,-0.36608,-0.00452,-1.31318,-1.31012,8,0x00000000,1,-0.46829,-0.47668,0.00468,0.75322,0.76646,8,0x00000000,1
9.5925,0.09289,-0.00576,-39.00596,0.09289,-0.00576,0.09402,-0.00693,0.19916,0.66238,0.10514,0.66930,0.10514,0.66930,0.00000,0.00000,32,0.00029,-0.44754,-0.45523,-0.00518,2.39148,2.34335,8,0x00000000,1,-0.38764,-0.39044,0.00624,1.42743,1.41384,8,0x00000000,1,-0.39683,-0.39910,-0.00084,2.82466,2.87335,8,0x00000000,1,-0.38646,-0.38531,-0.00250,1.74344,1.68745,8,0x00000000,1,-0.36657,-0.36607,-0.00215,-1.29722,-1.27016,8,0x00000000,1,-0.46822,-0.47654,-0.00047,0.65249,0.56865,8,0x00000000,1
9.6907,0.09247,-0.00580,-39.00874,0.09247,-0.00580,0.09363,-0.00565,0.19662,0.66238,0.10299,0.66803,0.10299,0.66803,0.00000,0.00000,32,0.00203,-0.44744,-0.45509,0.01643,2.34016,2.26102,8,0x00000000,1,-0.38774,-0.39047,-0.00643,1.38391,1.19910,8,0x00000000,1,-0.39693,-0.39909,0.00997,2.84338,2.95666,8,0x00000000,1,-0.38647,-0.38543,0.00401,1.73468,1.90810,8,0x00000000,1,-0.36656,-0.36606,0.00615,-1.29076,-1.35125,8,0x00000000,1,-0.46811,-0.47635,0.00031,0.55902,0.65977,8,0x00000000,1
9.7845,0.09513,-0.00709,-39.01340,0.09513,-0.00709,0.09312,-0.00708,0.19411,0.66238,0.10099,0.66946,0.10099,0.66946,0.00000,0.00000,32,0.00036,-0.44746,-0.45509,-0.00778,2.22467,2.27036,8,0x00000000,1,-0.38783,-0.39046,-0.00200,1.37666,1.35729,8,0x00000000,1,-0.39702,-0.39913,-0.00145,2.79453,2.83848,8,0x00000000,1,-0.38637,-0.38556,0.00475,1.75845,1.77757,8,0x00000000,1,-0.36645,-0.36607,0.00045,-1.31712,-1.22939,8,0x00000000,1,-0.46811,-0.47611,0.00412,0.53400,0.62048,8,0x00000000,1
9.8895,0.09001,-0.00661,-39.01188,0.09001,-0.00661,0.09221,-0.00672,0.19159,0.66238,0.09938,0.66909,0.09938,0.66909,0.00000,0.00000,32,0.00135,-0.44742,-0.45498,0.00715,2.13049,2.12122,8,0x00000000,1,-0.38791,-0.39046,-0.00011,1.35828,1.41984,8,0x00000000,1,-0.39709,-0.39913,0.00332,2.75343,2.75470,8,0x00000000,1,-0.38635,-0.38566,0.00893,1.78715,1.75479,8,0x00000000,1,-0.36643,-0.36607,-0.00244,-1.32589,-1.39360,8,0x00000000,1,-0.46806,-0.47562,0.00720,0.43472,0.52298,8,0x00000000,1
9.9852,0.08976,-0.00635,-39.01802,0.08976,-0.00635,0.09082,-0.00631,0.18912,0.66238,0.09830,0.66868,0.09830,0.66868,0.00000,0.00000,32,0.00027,-0.44738,-0.45493,0.00605,2.04299,1.99476,8,0x00000000,1,-0.38795,-0.39046,0.00010,1.32800,1.33321,8,0x00000000,1,-0.39714,-0.39914,0.00191,2.72672,2.70738,8,0x00000000,1,-0.38635,-0.38575,0.00138,1.74995,1.85022,8,0x00000000,1,-0.36641,-0.36608,-0.00423,-1.29815,-1.24248,8,0x00000000,1,-0.46801,-0.47501,-0.00128,0.38815,0.33999,8,0x00000000,1
10.0872,0.08843,-0.00480,-39.01991,0.08843,-0.00480,0.08878,-0.00582,0.18670,0.66238,0.09793,0.66820,0.09793,0.66820,0.00000,0.00000,32,0.00259,-0.44735,-0.45488,0.00033,1.96110,1.85524,8,0x00000000,1,-0.38797,-0.39046,-0.00276,1.28693,1.39619,8,0x00000000,1,-0.39716,-0.39914,-0.00073,2.72137,2.69715,8,0x00000000,1,-0.38636,-0.38585,0.00349,1.77062,1.69157,8,0x00000000,1,-0.36642,-0.36609,-0.00846,-1.30861,-1.25507,8,0x00000000,1,-0.46799,-0.47387,0.01577,0.43074,0.40228,8,0x00000000,1
10.1815,0.08888,-0.00497,-39.01815,0.08888,-0.00497,0.08896,-0.00570,0.18431,0.66238,0.09535,0.66807,0.09535,0.66807,0.00000,0.00000,32,0.00031,-0.44729,-0.45476,0.01509,1.88551,1.75912,8,0x00000000,1,-0.38809,-0.39043,0.01224,1.26702,1.19022,8,0x00000000,1,-0.39728,-0.39916,-0.00256,2.69783,2.69023,8,0x00000000,1,-0.38632,-0.38595,0.00014,1.76360,1.59173,8,0x00000000,1,-0.36636,-0.36607,-0.00106,-1.31222,-1.33645,8,0x00000000,1,-0.46791,-0.47231,0.02460,0.48093,0.35658,8,0x00000000,1
10.2834,0.08798,-0.00491,-39.01742,0.08798,-0.00491,0.08802,-0.00554,0.18193,0.66238,0.09391,0.66792,0.09391,0.66792,0.00000,0.00000,32,0.00038,-0.44726,-0.45468,0.00762,1.75550,1.73882,8,0x00000000,1,-0.38815,-0.39045,0.00122,1.23697,1.17299,8,0x00000000,1,-0.39735,-0.39914,-0.00014,2.70399,2.89898,8,0x00000000,1,-0.38630,-0.38603,-0.00268,1.74722,1.71627,8,0x00000000,1,-0.36633,-0.36607,-0.00032,-1.27315,-1.25014,8,0x00000000,1,-0.46787,-0.47076,0.00381,0.52132,0.63789,8,0x00000000,1
10.3791,0.09048,-0.00354,-39.02138,0.09048,-0.00354,0.08875,-0.00407,0.17954,0.66238,0.09078,0.66645,0.09078,0.66645,0.00000,0.00000,32,0.00070,-0.44713,-0.45456,0.00574,1.71226,1.69158,8,0x00000000,1,-0.38829,-0.39045,0.00310,1.23104,1.30664,8,0x00000000,1,-0.39749,-0.39915,0.00036,2.68589,2.50971,8,0x00000000,1,-0.38630,-0.38609,-0.00632,1.73444,1.72225,8,0x00000000,1,-0.36630,-0.36606,0.00261,-1.29029,-1.30273,8,0x00000000,1,-0.46773,-0.46987,0.01072,0.51655,0.49583,8,0x00000000,1
10.4768,0.08873,-0.00349,-39.02164,0.08873,-0.00349,0.08907,-0.00350,0.17713,0.66238,0.08806,0.66588,0.08806,0.66588,0.00000,0.00000,32,0.00033,-0.44706,-0.45449,0.00335,1.56552,1.58090,8,0x00000000,1,-0.38841,-0.39046,-0.00323,1.20713,1.20363,8,0x00000000,1,-0.39762,-0.39915,-0.00138,2.66223,2.66613,8,0x00000000,1,-0.38627,-0.38615,-0.01007,1.71907,1.94414,8,0x00000000,1,-0.36625,-0.36606,0.00159,-1.28376,-1.32252,8,0x00000000,1,-0.46764,-0.46934,0.00431,0.49684,0.50264,8,0x00000000,1
10.5766,0.08694,-0.00259,-39.01359,0.08694,-0.00259,0.08867,-0.00227,0.17473,0.66238,0.08607,0.66465,0.08607,0.66465,0.00000,0.00000,32,0.00064,-0.44696,-0.45439,0.00341,1.53659,1.38904,8,0x00000000,1,-0.38850,-0.39046,0.00053,1.17219,1.18084,8,0x00000000,1,-0.39771,-0.39915,0.00203,2.63105,2.62183,8,0x00000000,1,-0.38628,-0.38621,-0.00789,1.72444,1.76057,8,0x00000000,1,-0.36625,-0.36607,0.00031,-1.29873,-1.38848,8,0x00000000,1,-0.46754,-0.46906,0.00428,0.50995,0.55099,8,0x00000000,1
10.6791,0.08873,-0.00312,-39.01616,0.08873,-0.00312,0.08770,-0.00328,0.17237,0.66238,0.08467,0.66566,0.08467,0.66566,0.00000,0.00000,32,0.00296,-0.44698,-0.45427,0.00028,1.41471,1.34576,8,0x00000000,1,-0.38857,-0.39045,0.00656,1.17606,1.26024,8,0x00000000,1,-0.39778,-0.39916,-0.00202,2.63240,2.64735,8,0x00000000,1,-0.38621,-0.38625,-0.00677,1.72682,1.72803,8,0x00000000,1,-0.36617,-0.36607,-0.00537,-1.29245,-1.22896,8,0x00000000,1,-0.46754,-0.46884,-0.00240,0.47582,0.38408,8,0x00000000,1
10.7718,0.09163,-0.00246,-39.02119,0.09163,-0.00246,0.08914,-0.00317,0.16998,0.66238,0.08084,0.66555,0.08084,0.66555,0.00000,0.00000,32,0.00060,-0.44690,-0.45418,0.00166,1.34447,1.36276,8,0x00000000,1,-0.38874,-0.39045,0.00238,1.14978,1.03034,8,0x00000000,1,-0.39795,-0.39916,0.00066,2.64075,2.85791,8,0x00000000,1,-0.38614,-0.38626,0.00666,1.72440,1.87090,8,0x00000000,1,-0.36608,-0.36607,0.00328,-1.30085,-1.29236,8,0x00000000,1,-0.46744,-0.46869,0.00164,0.45747,0.45399,8,0x00000000,1
10.8714,0.09274,0.00168,-39.01964,0.09274,0.00168,0.09164,0.00028,0.16754,0.66238,0.07589,0.66209,0.07589,0.66209,0.00000,0.00000,32,0.00089,-0.44665,-0.45405,0.01085,1.25045,1.27326,8,0x00000000,1,-0.38896,-0.39046,-0.00214,1.12964,1.12480,8,0x00000000,1,-0.39819,-0.39915,-0.00169,2.63510,2.60651,8,0x00000000,1,-0.38618,-0.38633,-0.00649,1.71236,1.82576,8,0x00000000,1,-0.36608,-0.36607,0.00152,-1.27196,-1.36191,8,0x00000000,1,-0.46718,-0.46863,-0.00917,0.42612,0.40746,8,0x00000000,1
10.9702,0.09346,0.00434,-39.01387,0.09346,0.00434,0.09418,0.00294,0.16502,0.66238,0.07084,0.65944,0.07084,0.65944,0.00000,0.00000,32,0.00118,-0.44644,-0.45389,0.00964,1.14205,1.05045,8,0x00000000,1,-0.38918,-0.39045,0.00180,1.14445,1.17269,8,0x00000000,1,-0.39843,-0.39914,0.00311,2.66679,2.49060,8,0x00000000,1,-0.38620,-0.38635,0.00495,1.73406,1.74785,8,0x00000000,1,-0.36605,-0.36607,-0.00275,-1.28752,-1.33125,8,0x00000000,1,-0.46695,-0.46849,0.00449,0.41472,0.37553,8,0x00000000,1
11.0667,0.09452,0.00644,-39.02312,0.09452,0.00644,0.09576,0.00536,0.16245,0.66238,0.06669,0.65701,0.06669,0.65701,0.00000,0.00000,32,0.00026,-0.44626,-0.45375,0.00485,1.07425,1.02346,8,0x00000000,1,-0.38936,-0.39045,-0.00120,1.13476,1.18782,8,0x00000000,1,-0.39862,-0.39916,-0.00023,2.65552,3.03167,8,0x00000000,1,-0.38621,-0.38640,-0.00155,1.68364,1.82937,8,0x00000000,1,-0.36604,-0.36605,0.00600,-1.28210,-1.28985,8,0x00000000,1,-0.46675,-0.46834,0.01303,0.43760,0.48722,8,0x00000000,1
11.1672,0.09307,0.01087,-39.02353,0.09307,0.01087,0.09345,0.00814,0.15991,0.66238,0.06646,0.65423,0.06646,0.65423,0.00000,0.00000,32,0.00076,-0.44614,-0.45365,-0.01056,0.93931,0.88395,8,0x00000000,1,-0.38936,-0.39044,0.00746,1.14690,1.15681,8,0x00000000,1,-0.39864,-0.39915,-0.00178,2.63812,2.76227,8,0x00000000,1,-0.38633,-0.38642,0.00216,1.72102,1.69695,8,0x00000000,1,-0.36614,-0.36607,0.00551,-1.28721,-1.27624,8,0x00000000,1,-0.46664,-0.46825,-0.00370,0.38699,0.38381,8,0x00000000,1
11.2658,0.09428,0.01130,-39.01786,0.09428,0.01130,0.09535,0.01068,0.15735,0.66238,0.06200,0.65170,0.06200,0.65170,0.00000,0.00000,32,0.00032,-0.44595,-0.45343,0.00340,0.90388,0.93311,8,0x00000000,1,-0.38956,-0.39045,0.00280,1.13795,1.03377,8,0x00000000,1,-0.39886,-0.39915,-0.00041,2.62618,2.71659,8,0x00000000,1,-0.38634,-0.38644,-0.00016,1.73324,1.83393,8,0x00000000,1,-0.36612,-0.36607,-0.00003,-1.30822,-1.29313,8,0x00000000,1,-0.46642,-0.46812,0.00357,0.35205,0.42469,8,0x00000000,1
11.3607,0.09085,0.01162,-39.01674,0.09085,0.01162,0.09403,0.01164,0.15478,0.66238,0.06075,0.65074,0.06075,0.65074,0.00000,0.00000,32,0.00047,-0.44588,-0.45323,0.00531,0.77802,0.87933,8,0x00000000,1,-0.38961,-0.39045,0.00058,1.15174,1.10326,8,0x00000000,1,-0.39892,-0.39915,-0.00271,2.65059,2.73822,8,0x00000000,1,-0.38636,-0.38646,-0.00118,1.71628,1.51653,8,0x00000000,1,-0.36612,-0.36608,-0.00586,-1.29559,-1.30228,8,0x00000000,1,-0.46636,-0.46802,0.00588,0.36573,0.31240,8,0x00000000,1
11.4599,0.09445,0.01153,-39.02729,0.09445,0.01153,0.09244,0.01101,0.15227,0.66238,0.05983,0.65137,0.05983,0.65137,0.00000,0.00000,32,0.00030,-0.44589,-0.45310,-0.00388,0.74437,0.76861,8,0x00000000,1,-0.38966,-0.39045,0.00030,1.13786,1.09780,8,0x00000000,1,-0.39896,-0.39916,-0.00283,2.64193,3.14377,8,0x00000000,1,-0.38631,-0.38652,-0.01082,1.68324,1.89297,8,0x00000000,1,-0.36607,-0.36609,-0.00898,-1.31526,-1.29963,8,0x00000000,1,-0.46635,-0.46791,-0.00212,0.32722,0.36769,8,0x00000000,1
11.5626,0.08597,0.00952,-39.02091,0.08597,0.00952,0.08961,0.01028,0.14981,0.66238,0.06020,0.65209,0.06020,0.65209,0.00000,0.00000,32,0.00192,-0.44593,-0.45289,0.00466,0.68174,0.65244,8,0x00000000,1,-0.38964,-0.39046,-0.00056,1.12496,1.33557,8,0x00000000,1,-0.39894,-0.39916,-0.00170,2.64474,2.66724,8,0x00000000,1,-0.38629,-0.38652,-0.00528,1.66185,1.63549,8,0x00000000,1,-0.36606,-0.36608,-0.00736,-1.30666,-1.30944,8,0x00000000,1,-0.46639,-0.46779,0.00335,0.33164,0.35762,8,0x00000000,1
11.6593,0.07890,0.00978,-39.01507,0.07890,0.00978,0.08280,0.00914,0.14749,0.66238,0.06470,0.65324,0.06470,0.65324,0.00000,0.00000,32,0.00030,-0.44606,-0.45268,0.00174,0.59348,0.47728,8,0x00000000,1,-0.38944,-0.39046,-0.00284,1.08818,1.07234,8,0x00000000,1,-0.39873,-0.39916,0.00088,2.63122,2.60290,8,0x00000000,1,-0.38633,-0.38653,0.00643,1.69398,1.69664,8,0x00000000,1,-0.36613,-0.36605,0.01109,-1.25655,-1.37137,8,0x00000000,1,-0.46655,-0.46771,0.01068,0.36679,0.26417,8,0x00000000,1
11.7544,0.07875,0.01195,-39.01448,0.07875,0.01195,0.08129,0.01108,0.14528,0.66238,0.06399,0.65130,0.06399,0.65130,0.00000,0.00000,32,0.00038,-0.44597,-0.45248,0.00034,0.53331,0.56993,8,0x00000000,1,-0.38947,-0.39046,-0.00637,1.06809,1.08596,8,0x00000000,1,-0.39877,-0.39914,0.00650,2.65732,2.59093,8,0x00000000,1,-0.38640,-0.38657,-0.00843,1.69186,1.59185,8,0x00000000,1,-0.36618,-0.36607,0.00387,-1.28362,-1.22598,8,0x00000000,1,-0.46646,-0.46768,0.00049,0.29839,0.40831,8,0x00000000,1
11.8514,0.08394,0.01042,-39.02603,0.08394,0.01042,0.08100,0.01066,0.14309,0.66238,0.06210,0.65171,0.06210,0.65171,0.00000,0.00000,32,0.00033,-0.44595,-0.45207,0.00592,0.52521,0.43184,8,0x00000000,1,-0.38956,-0.39044,0.00466,1.07701,1.05048,8,0x00000000,1,-0.39885,-0.39916,0.00435,2.64538,2.55694,8,0x00000000,1,-0.38634,-0.38657,0.00133,1.71113,1.70578,8,0x00000000,1,-0.36612,-0.36606,0.00216,-1.29314,-1.33405,8,0x00000000,1,-0.46643,-0.46762,0.00317,0.32644,0.25103,8,0x00000000,1
11.9494,0.08039,0.01153,-39.02580,0.08039,0.01153,0.08060,0.01076,0.14090,0.66238,0.06030,0.65161,0.06030,0.65161,0.00000,0.00000,32,0.00029,-0.44591,-0.45161,0.00264,0.45205,0.45849,8,0x00000000,1,-0.38964,-0.39048,-0.01465,1.05345,1.05807,8,0x00000000,1,-0.39893,-0.39916,-0.00298,2.61857,2.56791,8,0x00000000,1,-0.38631,-0.38658,0.00579,1.71589,1.68912,8,0x00000000,1,-0.36608,-0.36608,-0.00449,-1.29452,-1.35117,8,0x00000000,1,-0.46638,-0.46756,0.00588,0.29040,0.32636,8,0x00000000,1
12.0449,0.08000,0.01223,-39.01842,0.08000,0.01223,0.07918,0.01185,0.13875,0.66238,0.05957,0.65053,0.05957,0.65053,0.00000,0.00000,32,0.00026,-0.44585,-0.45113,-0.00103,0.42590,0.47464,8,0x00000000,1,-0.38967,-0.39045,0.00097,1.04783,0.95431,8,0x00000000,1,-0.39897,-0.39916,0.00413,2.64753,2.61730,8,0x00000000,1,-0.38634,-0.38660,0.00214,1.69424,1.66634,8,0x00000000,1,-0.36610,-0.36606,0.00333,-1.28867,-1.32995,8,0x00000000,1,-0.46632,-0.46750,0.00675,0.27752,0.22392,8,0x00000000,1
12.1430,0.07781,0.01147,-39.02090,0.07781,0.01147,0.07917,0.01191,0.13660,0.66238,0.05743,0.65047,0.05743,0.65047,0.00000,0.00000,32,0.00040,-0.44580,-0.45074,0.00408,0.34017,0.28980,8,0x00000000,1,-0.38976,-0.39045,-0.00013,1.04415,1.10347,8,0x00000000,1,-0.39907,-0.39917,0.00266,2.64186,2.37824,8,0x00000000,1,-0.38630,-0.38661,0.00072,1.67388,1.58302,8,0x00000000,1,-0.36605,-0.36607,-0.00309,-1.28469,-1.25240,8,0x00000000,1,-0.46626,-0.46744,0.00325,0.25228,0.21976,8,0x00000000,1
12.2408,0.08115,0.00924,-39.02517,0.08115,0.00924,0.07901,0.01096,0.13447,0.66238,0.05546,0.65142,0.05546,0.65142,0.00000,0.00000,32,0.00025,-0.44580,-0.45057,-0.00018,0.32788,0.35677,8,0x00000000,1,-0.38986,-0.39048,-0.00935,1.03232,1.09319,8,0x00000000,1,-0.39916,-0.39916,0.00052,2.64580,2.70920,8,0x00000000,1,-0.38623,-0.38662,-0.00074,1.65456,1.70815,8,0x00000000,1,-0.36596,-0.36607,-0.00084,-1.31763,-1.29890,8,0x00000000,1,-0.46624,-0.46741,-0.00470,0.23336,0.12324,8,0x00000000,1
12.3405,0.08232,0.01116,-39.01877,0.08232,0.01116,0.08052,0.01017,0.13233,0.66238,0.05181,0.65221,0.05181,0.65221,0.00000,0.00000,32,0.00030,-0.44576,-0.45033,-0.00061,0.28333,0.34535,8,0x00000000,1,-0.39003,-0.39045,0.00090,1.05299,1.16523,8,0x00000000,1,-0.39932,-0.39917,-0.00370,2.64044,2.74480,8,0x00000000,1,-0.38612,-0.38662,0.00513,1.66023,1.84374,8,0x00000000,1,-0.36583,-0.36606,0.00293,-1.31266,-1.35200,8,0x00000000,1,-0.46618,-0.46734,-0.00670,0.18747,0.22594,8,0x00000000,1
12.4419,0.08412,0.01096,-39.01486,0.08412,0.01096,0.08306,0.01076,0.13012,0.66238,0.04707,0.65161,0.04707,0.65161,0.00000,0.00000,32,0.00037,-0.44564,-0.45010,0.00925,0.22738,0.28058,8,0x00000000,1,-0.39025,-0.39045,0.00189,1.06115,1.12678,8,0x00000000,1,-0.39954,-0.39916,0.00362,2.67991,2.69875,8,0x00000000,1,-0.38605,-0.38662,0.00451,1.64521,1.59653,8,0x00000000,1,-0.36573,-0.36606,0.00162,-1.29244,-1.27594,8,0x00000000,1,-0.46603,-0.46726,-0.00010,0.22877,0.08303,8,0x00000000,1
12.5380,0.08934,0.01004,-39.02504,0.08934,0.01004,0.08683,0.01032,0.12782,0.66238,0.04099,0.65205,0.04099,0.65205,0.00000,0.00000,32,0.00029,-0.44554,-0.44973,-0.00682,0.20610,0.16841,8,0x00000000,1,-0.39053,-0.39045,0.00330,1.09124,1.06017,8,0x00000000,1,-0.39981,-0.39916,0.00478,2.70989,2.62262,8,0x00000000,1,-0.38592,-0.38664,-0.00008,1.63687,1.90933,8,0x00000000,1,-0.36556,-0.36606,0.00632,-1.32994,-1.37038,8,0x00000000,1,-0.46589,-0.46717,0.00084,0.19123,0.19836,8,0x00000000,1
12.6363,0.08963,0.01167,-39.02782,0.08963,0.01167,0.08798,0.01098,0.12545,0.66238,0.03747,0.65140,0.03747,0.65140,0.00000,0.00000,32,0.00031,-0.44544,-0.44955,0.00116,0.18789,0.06823,8,0x00000000,1,-0.39069,-0.39046,-0.00288,1.10365,1.20492,8,0x00000000,1,-0.39998,-0.39920,-0.00619,2.70516,2.63167,8,0x00000000,1,-0.38588,-0.38664,-0.00208,1.61970,1.53765,8,0x00000000,1,-0.36549,-0.36607,-0.00257,-1.34130,-1.37496,8,0x00000000,1,-0.46577,-0.46708,0.00018,0.19168,0.17777,8,0x00000000,1
12.7349,0.09008,0.01525,-39.01846,0.09008,0.01525,0.09059,0.01370,0.12304,0.66238,0.03245,0.64868,0.03245,0.64868,0.00000,0.00000,32,0.00098,-0.44523,-0.44940,-0.00633,0.13099,0.10296,8,0x00000000,1,-0.39091,-0.39046,-0.00056,1.13425,1.17360,8,0x00000000,1,-0.40021,-0.39921,-0.01267,2.70817,2.64421,8,0x00000000,1,-0.38589,-0.38664,0.00116,1.62483,1.56907,8,0x00000000,1,-0.36547,-0.36607,-0.00136,-1.37333,-1.35687,8,0x00000000,1,-0.46554,-0.46702,-0.00661,0.13755,0.11418,8,0x00000000,1
12.8324,0.09050,0.01766,-39.01857,0.09050,0.01766,0.09112,0.01637,0.12059,0.66238,0.02947,0.64601,0.02947,0.64601,0.00000,0.00000,32,0.00028,-0.44506,-0.44911,-0.00352,0.05096,0.00212,8,0x00000000,1,-0.39103,-0.39046,-0.00466,1.13570,1.09011,8,0x00000000,1,-0.40036,-0.39921,0.00458,2.78114,2.78859,8,0x00000000,1,-0.38594,-0.38667,-0.01137,1.59617,1.71909,8,0x00000000,1,-0.36549,-0.36607,-0.00243,-1.38270,-1.47728,8,0x00000000,1,-0.46536,-0.46691,0.00319,0.11384,0.17979,8,0x00000000,1
12.9319,0.09084,0.01887,-39.02458,0.09084,0.01887,0.09038,0.01785,0.11813,0.66238,0.02776,0.64453,0.02776,0.64453,0.00000,0.00000,32,0.00213,-0.44496,-0.44888,0.01186,0.05221,0.08139,8,0x00000000,1,-0.39111,-0.39045,-0.00185,1.12505,1.18297,8,0x00000000,1,-0.40044,-0.39921,-0.00009,2.78070,2.85400,8,0x00000000,1,-0.38597,-0.38665,-0.00347,1.56335,1.68842,8,0x00000000,1,-0.36550,-0.36607,-0.00072,-1.34988,-1.25841,8,0x00000000,1,-0.46526,-0.46677,-0.00134,0.09088,0.02196,8,0x00000000,1
13.0227,0.09071,0.01898,-39.02333,0.09071,0.01898,0.09126,0.01922,0.11567,0.66238,0.02440,0.64315,0.02440,0.64315,0.00000,0.00000,32,0.00039,-0.44484,-0.44878,0.00833,-0.01364,0.08976,8,0x00000000,1,-0.39126,-0.39043,0.00717,1.18359,1.15023,8,0x00000000,1,-0.40060,-0.39924,-0.00258,2.78622,2.53574,8,0x00000000,1,-0.38596,-0.38664,-0.00203,1.59390,1.52823,8,0x00000000,1,-0.36547,-0.36605,0.00133,-1.37045,-1.29464,8,0x00000000,1,-0.46512,-0.46668,0.00011,0.09134,0.06434,8,0x00000000,1
13.1210,0.09462,0.02086,-39.02161,0.09462,0.02086,0.09283,0.01997,0.11319,0.66238,0.02036,0.64240,0.02036,0.64240,0.00000,0.00000,32,0.00041,-0.44473,-0.44863,-0.00121,-0.06807,-0.13851,8,0x00000000,1,-0.39144,-0.39045,0.00411,1.18554,1.05804,8,0x00000000,1,-0.40079,-0.39924,0.00406,2.86034,2.74266,8,0x00000000,1,-0.38591,-0.38663,0.00484,1.57880,1.53069,8,0x00000000,1,-0.36539,-0.36605,-0.01042,-1.38976,-1.36706,8,0x00000000,1,-0.46498,-0.46661,-0.00725,0.05146,0.06188,8,0x00000000,1
13.2181,0.09583,0.02408,-39.02263,0.09583,0.02408,0.09470,0.02252,0.11066,0.66180,0.01595,0.63928,0.01595,0.63928,0.00000,0.00000,0,0.00025,-0.44451,-0.44840,0.00536,-0.07255,-0.02875,8,0x00000000,1,-0.39163,-0.39045,0.00371,1.21099,1.09368,8,0x00000000,1,-0.40100,-0.39925,0.00892,2.87176,2.85569,8,0x00000000,1,-0.38596,-0.38664,0.00089,1.58863,1.41062,8,0x00000000,1,-0.36540,-0.36602,0.00328,-1.40112,-1.38937,8,0x00000000,1,-0.46475,-0.46653,-0.00716,0.02989,-0.06068,8,0x00000000,1
13.3161,0.09756,0.02601,-39.02335,0.09756,0.02601,0.09589,0.02521,0.10808,0.66114,0.01219,0.63593,0.01219,0.63593,0.00000,0.00000,0,0.00036,-0.44430,-0.44826,0.01268,-0.15658,-0.11075,8,0x00000000,1,-0.39179,-0.39045,0.00395,1.23960,1.18372,8,0x00000000,1,-0.40118,-0.39930,-0.00126,2.88434,3.06110,8,0x00000000,1,-0.38602,-0.38663,0.00696,1.61071,1.59102,8,0x00000000,1,-0.36542,-0.36602,0.00063,-1.37964,-1.28753,8,0x00000000,1,-0.46453,-0.46639,0.01360,0.01209,0.20321,8,0x00000000,1
13.4153,0.09578,0.02487,-39.02855,0.09578,0.02487,0.09644,0.02582,0.10547,0.66044,0.00904,0.63462,0.00904,0.63462,0.00000,0.00000,0,0.00027,-0.44418,-0.44809,0.00277,-0.17155,-0.18812,8,0x00000000,1,-0.39193,-0.39046,-0.00393,1.26331,1.18347,8,0x00000000,1,-0.40133,-0.39934,-0.00947,2.93017,2.89414,8,0x00000000,1,-0.38601,-0.38664,-0.00039,1.57328,1.52411,8,0x00000000,1,-0.36539,-0.36600,0.00659,-1.39560,-1.60472,8,0x00000000,1,-0.46439,-0.46630,0.00349,-0.03111,-0.01047,8,0x00000000,1
13.5163,0.09537,0.02467,-39.02316,0.09537,0.02467,0.09612,0.02519,0.10288,0.65975,0.00677,0.63456,0.00677,0.63456,0.00000,0.00000,0,0.00037,-0.44413,-0.44793,-0.00889,-0.25374,-0.24599,8,0x00000000,1,-0.39204,-0.39046,-0.00254,1.28987,1.33959,8,0x00000000,1,-0.40143,-0.39936,0.00308,2.95499,3.06419,8,0x00000000,1,-0.38597,-0.38664,0.00505,1.57712,1.43738,8,0x00000000,1,-0.36534,-0.36600,0.00156,-1.38620,-1.46909,8,0x00000000,1,-0.46433,-0.46623,0.00352,-0.04503,0.00671,8,0x00000000,1
13.6118,0.09484,0.02192,-39.02454,0.09484,0.02192,0.09620,0.02300,0.10029,0.65910,0.00408,0.63610,0.00408,0.63610,0.00000,0.00000,0,0.00026,-0.44414,-0.44771,-0.01123,-0.30131,-0.19252,8,0x00000000,1,-0.39216,-0.39046,-0.00401,1.31853,1.32158,8,0x00000000,1,-0.40155,-0.39940,-0.00337,2.97150,3.01977,8,0x00000000,1,-0.38586,-0.38664,0.00814,1.57124,1.62104,8,0x00000000,1,-0.36521,-0.36601,-0.00654,-1.43990,-1.59917,8,0x00000000,1,-0.46432,-0.46618,-0.00940,-0.07303,-0.04544,8,0x00000000,1
13.7075,0.09587,0.02543,-39.02596,0.09587,0.02543,0.09580,0.02337,0.09769,0.65849,0.00189,0.63512,0.00189,0.63512,0.00000,0.00000,0,0.00027,-0.44406,-0.44749,0.00744,-0.28962,-0.27823,8,0x00000000,1,-0.39226,-0.39046,-0.00501,1.33575,1.28678,8,0x00000000,1,-0.40166,-0.39943,0.00396,3.01173,3.14404,8,0x00000000,1,-0.38585,-0.38664,-0.00089,1.52999,1.27974,8,0x00000000,1,-0.36519,-0.36595,0.00050,-1.45720,-1.45535,8,0x00000000,1,-0.46423,-0.46608,-0.00213,-0.05179,-0.07749,8,0x00000000,1
13.8055,0.09592,0.02565,-39.02929,0.09592,0.02565,0.09580,0.02539,0.09510,0.65782,-0.00070,0.63243,-0.00070,0.63243,0.00000,0.00000,0,0.00044,-0.44389,-0.44726,0.00884,-0.34659,-0.33233,8,0x00000000,1,-0.39237,-0.39045,0.00124,1.36094,1.55543,8,0x00000000,1,-0.40178,-0.39950,0.00504,3.05569,3.09007,8,0x00000000,1,-0.38591,-0.38665,-0.00591,1.51060,1.62340,8,0x00000000,1,-0.36522,-0.36595,-0.00676,-1.44383,-1.50423,8,0x00000000,1,-0.46406,-0.46600,-0.00232,-0.11087,-0.16088,8,0x00000000,1
13.9003,0.09547,0.02699,-39.02899,0.09547,0.02699,0.09585,0.02655,0.09251,0.65713,-0.00333,0.63058,-0.00333,0.63058,0.00000,0.00000,0,0.00035,-0.44376,-0.44699,0.01680,-0.33276,-0.38672,8,0x00000000,1,-0.39249,-0.39047,-0.00351,1.42624,1.35759,8,0x00000000,1,-0.40191,-0.39956,0.00284,3.04925,3.11766,8,0x00000000,1,-0.38594,-0.38662,0.00906,1.53403,1.42291,8,0x00000000,1,-0.36523,-0.36593,-0.00358,-1.44887,-1.42639,8,0x00000000,1,-0.46392,-0.46592,-0.00148,-0.17121,-0.05437,8,0x00000000,1
14.0001,0.09311,0.02590,-39.02740,0.09311,0.02590,0.09453,0.02640,0.08995,0.65641,-0.00458,0.63001,-0.00458,0.63001,0.00000,0.00000,0,0.00042,-0.44371,-0.44681,0.01370,-0.36303,-0.24221,8,0x00000000,1,-0.39254,-0.39046,0.00021,1.44144,1.47555,8,0x00000000,1,-0.40197,-0.39971,-0.00832,3.07095,3.11639,8,0x00000000,1,-0.38594,-0.38667,-0.01404,1.49337,1.46118,8,0x00000000,1,-0.36522,-0.36590,0.00575,-1.42915,-1.49052,8,0x00000000,1,-0.46386,-0.46581,0.00754,-0.15308,-0.14655,8,0x00000000,1
14.0972,0.09631,0.02633,-39.03720,0.09631,0.02633,0.09406,0.02580,0.08740,0.65570,-0.00665,0.62989,-0.00665,0.62989,0.00000,0.00000,0,0.00034,-0.44367,-0.44669,0.00052,-0.39936,-0.41537,8,0x00000000,1,-0.39264,-0.39045,0.00511,1.45939,1.42211,8,0x00000000,1,-0.40206,-0.39991,-0.00084,3.10197,2.94480,8,0x00000000,1,-0.38590,-0.38666,-0.00950,1.49965,1.46157,8,0x00000000,1,-0.36517,-0.36588,0.00276,-1.46929,-1.45019,8,0x00000000,1,-0.46381,-0.46572,0.00526,-0.16085,-0.19464,8,0x00000000,1
14.1916,0.09591,0.02635,-39.03867,0.09591,0.02635,0.09477,0.02670,0.08485,0.65498,-0.00992,0.62828,-0.00992,0.62828,0.00000,0.00000,0,0.00036,-0.44354,-0.44647,-0.00359,-0.42596,-0.36811,8,0x00000000,1,-0.39278,-0.39045,0.00280,1.48981,1.54811,8,0x00000000,1,-0.40222,-0.40021,0.00150,3.12405,3.15235,8,0x00000000,1,-0.38591,-0.38663,-0.00016,1.47331,1.46683,8,0x00000000,1,-0.36514,-0.36585,-0.00411,-1.48113,-1.28360,8,0x00000000,1,-0.46366,-0.46563,0.01245,-0.15254,-0.25356,8,0x00000000,1
14.2898,0.09378,0.02950,-39.03545,0.09378,0.02950,0.09486,0.02802,0.08229,0.65425,-0.01257,0.62623,-0.01257,0.62623,0.00000,0.00000,0,0.00034,-0.44340,-0.44623,0.01427,-0.43063,-0.47133,8,0x00000000,1,-0.39289,-0.39048,-0.00524,1.51907,1.63184,8,0x00000000,1,-0.40235,-0.40056,-0.00090,3.13323,3.16373,8,0x00000000,1,-0.38594,-0.38662,0.00290,1.50865,1.39589,8,0x00000000,1,-0.36515,-0.36582,0.00813,-1.46735,-1.45240,8,0x00000000,1,-0.46351,-0.46555,0.00029,-0.20962,-0.16760,8,0x00000000,1
14.3883,0.08869,0.02885,-39.03281,0.08869,0.02885,0.09128,0.02865,0.07978,0.65348,-0.01151,0.62482,-0.01151,0.62482,0.00000,0.00000,0,0.00027,-0.44336,-0.44606,0.00098,-0.46741,-0.57955,8,0x00000000,1,-0.39284,-0.39051,-0.00525,1.55024,1.67399,8,0x00000000,1,-0.40230,-0.40084,-0.00724,3.12029,3.37131,8,0x00000000,1,-0.38602,-0.38665,-0.00879,1.48824,1.54044,8,0x00000000,1,-0.36523,-0.36585,-0.00498,-1.49423,-1.44157,8,0x00000000,1,-0.46349,-0.46545,0.00429,-0.25486,-0.40599,8,0x00000000,1
14.4889,0.09219,0.03238,-39.04616,0.09219,0.03238,0.09049,0.03030,0.07732,0.65268,-0.01316,0.62239,-0.01316,0.62239,0.00000,0.00000,0,0.00037,-0.44323,-0.44588,0.00233,-0.48448,-0.42328,8,0x00000000,1,-0.39291,-0.39052,0.00186,1.57325,1.51122,8,0x00000000,1,-0.40239,-0.40099,0.00038,3.14647,3.20071,8,0x00000000,1,-0.38609,-0.38662,0.00421,1.48069,1.57510,8,0x00000000,1,-0.36528,-0.36582,-0.00244,-1.48887,-1.55814,8,0x00000000,1,-0.46335,-0.46537,0.00251,-0.28102,-0.25352,8,0x00000000,1
14.5901,0.09320,0.03336,-39.04700,0.09320,0.03336,0.09197,0.03258,0.07486,0.65182,-0.01711,0.61925,-0.01711,0.61925,0.00000,0.00000,0,0.00028,-0.44302,-0.44572,-0.00945,-0.61352,-0.64364,8,0x00000000,1,-0.39308,-0.39055,-0.00065,1.61658,1.69064,8,0x00000000,1,-0.40258,-0.40112,-0.00639,3.14236,3.03821,8,0x00000000,1,-0.38614,-0.38663,-0.00093,1.48686,1.54195,8,0x00000000,1,-0.36530,-0.36581,0.00130,-1.49644,-1.48188,8,0x00000000,1,-0.46313,-0.46528,0.00758,-0.28632,-0.22656,8,0x00000000,1
14.6900,0.08870,0.03344,-39.03828,0.08870,0.03344,0.09155,0.03370,0.07238,0.65093,-0.01918,0.61724,-0.01918,0.61724,0.00000,0.00000,0,0.00029,-0.44289,-0.44552,-0.01378,-0.64158,-0.53679,8,0x00000000,1,-0.39316,-0.39058,0.00777,1.66516,1.70947,8,0x00000000,1,-0.40268,-0.40127,-0.00300,3.18699,3.22649,8,0x00000000,1,-0.38618,-0.38662,0.00462,1.47402,1.46737,8,0x00000000,1,-0.36532,-0.36581,-0.00110,-1.47885,-1.54906,8,0x00000000,1,-0.46300,-0.46516,0.00198,-0.33324,-0.29160,8,0x00000000,1
14.7888,0.08687,0.03602,-39.04159,0.08687,0.03602,0.08854,0.03473,0.06995,0.65001,-0.01860,0.61528,-0.01860,0.61528,0.00000,0.00000,0,0.00207,-0.44282,-0.44533,-0.00518,-0.63471,-0.54344,8,0x00000000,1,-0.39313,-0.39063,0.00700,1.69171,1.64883,8,0x00000000,1,-0.40266,-0.40138,-0.00573,3.16035,3.39255,8,0x00000000,1,-0.38627,-0.38666,-0.00779,1.44904,1.40195,8,0x00000000,1,-0.36541,-0.36580,-0.00738,-1.51958,-1.41489,8,0x00000000,1,-0.46294,-0.46508,-0.00860,-0.37681,-0.35675,8,0x00000000,1
14.8876,0.08215,0.03569,-39.04960,0.08215,0.03569,0.08377,0.03596,0.06762,0.64905,-0.01615,0.61309,-0.01615,0.61309,0.00000,0.00000,0,0.00031,-0.44278,-0.44515,0.00724,-0.61929,-0.71260,8,0x00000000,1,-0.39301,-0.39067,0.00031,1.69170,1.68097,8,0x00000000,1,-0.40255,-0.40147,-0.00314,3.18067,3.09390,8,0x00000000,1,-0.38641,-0.38665,-0.00607,1.47028,1.47758,8,0x00000000,1,-0.36556,-0.36580,-0.00511,-1.50253,-1.38870,8,0x00000000,1,-0.46292,-0.46498,0.00032,-0.37474,-0.38803,8,0x00000000,1
14.9858,0.08230,0.03967,-39.04541,0.08230,0.03967,0.08260,0.03773,0.06538,0.64806,-0.01722,0.61033,-0.01722,0.61033,0.00000,0.00000,0,0.00038,-0.44264,-0.44509,-0.00158,-0.67724,-0.65146,8,0x00000000,1,-0.39305,-0.39074,0.00096,1.72206,1.74775,8,0x00000000,1,-0.40261,-0.40157,0.00184,3.18876,3.29675,8,0x00000000,1,-0.38651,-0.38663,0.00563,1.48314,1.43405,8,0x00000000,1,-0.36564,-0.36577,0.00323,-1.46209,-1.46701,8,0x00000000,1,-0.46279,-0.46486,-0.00249,-0.41594,-0.43151,8,0x00000000,1
15.0829,0.07660,0.03777,-39.04352,0.07660,0.03777,0.08047,0.03830,0.06317,0.64703,-0.01731,0.60873,-0.01731,0.60873,0.00000,0.00000,0,0.00148,-0.44258,-0.44496,-0.00533,-0.71437,-0.80203,8,0x00000000,1,-0.39305,-0.39081,0.00133,1.73933,1.74374,8,0x00000000,1,-0.40262,-0.40166,0.00407,3.21678,3.17791,8,0x00000000,1,-0.38657,-0.38663,0.00484,1.48620,1.39719,8,0x00000000,1,-0.36569,-0.36575,0.01361,-1.45028,-1.50682,8,0x00000000,1,-0.46273,-0.46477,-0.00439,-0.45616,-0.54863,8,0x00000000,1
15.1783,0.07759,0.03716,-39.05403,0.07759,0.03716,0.07799,0.03709,0.06103,0.64602,-0.01695,0.60893,-0.01695,0.60893,0.00000,0.00000,0,0.00031,-0.44259,-0.44477,0.00850,-0.70847,-0.72455,8,0x00000000,1,-0.39303,-0.39085,0.00630,1.78641,1.79993,8,0x00000000,1,-0.40261,-0.40175,0.00274,3.20347,3.20544,8,0x00000000,1,-0.38657,-0.38665,-0.00212,1.48197,1.45555,8,0x00000000,1,-0.36570,-0.36578,0.00286,-1.46789,-1.61222,8,0x00000000,1,-0.46275,-0.46464,0.00395,-0.44219,-0.44342,8,0x00000000,1
15.2796,0.07541,0.03856,-39.05622,0.07541,0.03856,0.07545,0.03689,0.05897,0.64503,-0.01648,0.60814,-0.01648,0.60814,0.00000,0.00000,0,0.00218,-0.44257,-0.44468,0.00368,-0.69966,-0.69825,8,0x00000000,1,-0.39300,-0.39091,0.00107,1.78833,1.73465,8,0x00000000,1,-0.40259,-0.40184,0.00250,3.21714,3.05605,8,0x00000000,1,-0.38661,-0.38665,-0.00541,1.47200,1.66926,8,0x00000000,1,-0.36574,-0.36578,0.00037,-1.47405,-1.49576,8,0x00000000,1,-0.46273,-0.46458,-0.00246,-0.44432,-0.37546,8,0x00000000,1
15.3770,0.07197,0.03593,-39.04610,0.07197,0.03593,0.07357,0.03734,0.05697,0.64401,-0.01660,0.60667,-0.01660,0.60667,0.00000,0.00000,0,0.00030,-0.44250,-0.44463,-0.01225,-0.77733,-0.79082,8,0x00000000,1,-0.39301,-0.39096,0.00294,1.82470,1.86818,8,0x00000000,1,-0.40260,-0.40191,0.00243,3.21990,3.29171,8,0x00000000,1,-0.38667,-0.38664,0.00218,1.47685,1.54789,8,0x00000000,1,-0.36579,-0.36579,-0.00537,-1.49057,-1.53180,8,0x00000000,1,-0.46267,-0.46450,0.00265,-0.44422,-0.43912,8,0x00000000,1
15.4783,0.07668,0.03398,-39.05167,0.07668,0.03398,0.07476,0.03460,0.05497,0.64305,-0.01979,0.60844,-0.01979,0.60844,0.00000,0.00000,0,0.00182,-0.44251,-0.44449,0.00256,-0.73508,-0.81564,8,0x00000000,1,-0.39316,-0.39101,-0.00197,1.85158,1.98307,8,0x00000000,1,-0.40274,-0.40198,0.00293,3.23422,3.15280,8,0x00000000,1,-0.38653,-0.38664,0.00408,1.49894,1.45206,8,0x00000000,1,-0.36564,-0.36578,-0.00340,-1.49355,-1.55887,8,0x00000000,1,-0.46265,-0.46446,-0.00505,-0.52850,-0.62356,8,0x00000000,1
15.5788,0.08098,0.03178,-39.06168,0.08098,0.03178,0.07828,0.03306,0.05289,0.64213,-0.02539,0.60907,-0.02539,0.60907,0.00000,0.00000,0,0.00176,-0.44243,-0.44437,-0.00554,-0.75761,-0.88622,8,0x00000000,1,-0.39342,-0.39110,-0.00325,1.86968,1.84619,8,0x00000000,1,-0.40299,-0.40210,-0.00753,3.25316,3.43778,8,0x00000000,1,-0.38640,-0.38666,-0.00852,1.44445,1.60380,8,0x00000000,1,-0.36547,-0.36575,0.00224,-1.47588,-1.48989,8,0x00000000,1,-0.46253,-0.46440,-0.00423,-0.55539,-0.45866,8,0x00000000,1
15.6737,0.07809,0.03325,-39.05721,0.07809,0.03325,0.07797,0.03259,0.05079,0.64125,-0.02717,0.60866,-0.02717,0.60866,0.00000,0.00000,0,0.00047,-0.44238,-0.44422,0.00752,-0.81137,-0.92456,8,0x00000000,1,-0.39350,-0.39118,-0.00548,1.90615,1.95836,8,0x00000000,1,-0.40307,-0.40215,0.00858,3.28202,3.19149,8,0x00000000,1,-0.38638,-0.38664,-0.00213,1.46413,1.38836,8,0x00000000,1,-0.36544,-0.36574,0.00872,-1.51868,-1.63938,8,0x00000000,1,-0.46247,-0.46432,0.00531,-0.50452,-0.47583,8,0x00000000,1
15.7709,0.07428,0.03268,-39.04636,0.07428,0.03268,0.07700,0.03380,0.04870,0.64034,-0.02830,0.60654,-0.02830,0.60654,0.00000,0.00000,0,0.00144,-0.44227,-0.44407,0.00861,-0.81716,-0.76467,8,0x00000000,1,-0.39354,-0.39126,-0.00515,1.92358,1.85241,8,0x00000000,1,-0.40313,-0.40225,0.00886,3.26907,3.33873,8,0x00000000,1,-0.38645,-0.38664,0.00204,1.45392,1.46174,8,0x00000000,1,-0.36549,-0.36573,0.00349,-1.49291,-1.52427,8,0x00000000,1,-0.46236,-0.46427,0.00237,-0.54131,-0.69599,8,0x00000000,1
15.8685,0.07588,0.03250,-39.04924,0.07588,0.03250,0.07704,0.03275,0.04662,0.63945,-0.03042,0.60670,-0.03042,0.60670,0.00000,0.00000,0,0.00045,-0.44223,-0.44395,0.00388,-0.87848,-0.73351,8,0x00000000,1,-0.39364,-0.39131,0.00284,1.95723,2.09988,8,0x00000000,1,-0.40323,-0.40237,-0.00207,3.28034,3.36001,8,0x00000000,1,-0.38640,-0.38663,-0.00014,1.47359,1.45429,8,0x00000000,1,-0.36543,-0.36574,-0.00633,-1.50544,-1.48791,8,0x00000000,1,-0.46231,-0.46419,0.00230,-0.59034,-0.58024,8,0x00000000,1
15.9655,0.08178,0.03362,-39.06231,0.08178,0.03362,0.07874,0.03263,0.04451,0.63857,-0.03423,0.60593,-0.03423,0.60593,0.00000,0.00000,0,0.00043,-0.44212,-0.44385,0.00148,-0.81957,-0.83476,8,0x00000000,1,-0.39381,-0.39143,-0.00596,1.96145,2.03708,8,0x00000000,1,-0.40340,-0.40251,-0.00675,3.26923,3.03849,8,0x00000000,1,-0.38635,-0.38664,-0.00418,1.45216,1.39853,8,0x00000000,1,-0.36536,-0.36570,0.00444,-1.48908,-1.42846,8,0x00000000,1,-0.46218,-0.46413,0.00173,-0.61738,-0.50231,8,0x00000000,1
16.0624,0.08331,0.03254,-39.06207,0.08331,0.03254,0.08050,0.03255,0.04236,0.63769,-0.03814,0.60514,-0.03814,0.60514,0.00000,0.00000,0,0.00030,-0.44201,-0.44367,0.00293,-0.86071,-0.94052,8,0x00000000,1,-0.39399,-0.39149,-0.00029,2.04182,1.96187,8,0x00000000,1,-0.40358,-0.40261,-0.00008,3.30377,3.33923,8,0x00000000,1,-0.38631,-0.38665,-0.00574,1.43919,1.48803,8,0x00000000,1,-0.36529,-0.36571,-0.00240,-1.52515,-1.49534,8,0x00000000,1,-0.46205,-0.46410,-0.00177,-0.65925,-0.65632,8,0x00000000,1
16.1614,0.08097,0.03316,-39.04963,0.08097,0.03316,0.08206,0.03326,0.04017,0.63680,-0.04190,0.60354,-0.04190,0.60354,0.00000,0.00000,0,0.00123,-0.44187,-0.44350,0.00649,-0.84715,-0.90360,8,0x00000000,1,-0.39416,-0.39156,0.00180,2.07254,2.01077,8,0x00000000,1,-0.40376,-0.40275,-0.00832,3.31181,3.27842,8,0x00000000,1,-0.38630,-0.38662,0.00627,1.45095,1.52861,8,0x00000000,1,-0.36525,-0.36572,-0.01048,-1.55878,-1.61898,8,0x00000000,1,-0.46189,-0.46401,0.00972,-0.70900,-0.74913,8,0x00000000,1
16.2571,0.08244,0.03770,-39.05934,0.08244,0.03770,0.08306,0.03505,0.03793,0.63589,-0.04513,0.60084,-0.04513,0.60084,0.00000,0.00000,0,0.00035,-0.44169,-0.44327,0.01713,-0.90238,-0.80715,8,0x00000000,1,-0.39430,-0.39168,-0.00664,2.10943,2.01754,8,0x00000000,1,-0.40392,-0.40286,0.00235,3.30634,3.29314,8,0x00000000,1,-0.38635,-0.38662,0.00616,1.46811,1.45923,8,0x00000000,1,-0.36527,-0.36568,-0.00448,-1.54834,-1.57145,8,0x00000000,1,-0.46170,-0.46388,-0.00239,-0.71653,-0.89690,8,0x00000000,1
16.3550,0.08203,0.03919,-39.06455,0.08203,0.03919,0.08213,0.03726,0.03570,0.63491,-0.04643,0.59765,-0.04643,0.59765,0.00000,0.00000,0,0.00025,-0.44153,-0.44318,0.00026,-0.92619,-0.75105,8,0x00000000,1,-0.39434,-0.39175,0.00120,2.10680,2.13715,8,0x00000000,1,-0.40399,-0.40297,0.00701,3.34856,3.14218,8,0x00000000,1,-0.38646,-0.38663,0.00125,1.43443,1.43812,8,0x00000000,1,-0.36536,-0.36569,-0.01305,-1.54901,-1.34301,8,0x00000000,1,-0.46155,-0.46378,0.00359,-0.73619,-0.63941,8,0x00000000,1
16.4552,0.08183,0.04190,-39.06556,0.08183,0.04190,0.08197,0.03982,0.03349,0.63387,-0.04848,0.59405,-0.04848,0.59405,0.00000,0.00000,0,0.00028,-0.44134,-0.44300,0.00312,-0.94115,-0.94531,8,0x00000000,1,-0.39442,-0.39185,-0.00499,2.16220,2.19304,8,0x00000000,1,-0.40410,-0.40316,-0.01503,3.31914,3.33101,8,0x00000000,1,-0.38657,-0.38664,-0.00004,1.46422,1.61109,8,0x00000000,1,-0.36544,-0.36566,-0.00588,-1.53959,-1.60261,8,0x00000000,1,-0.46136,-0.46366,0.00280,-0.76975,-0.82903,8,0x00000000,1
16.5501,0.08258,0.03969,-39.06691,0.08258,0.03969,0.08233,0.04018,0.03128,0.63279,-0.05106,0.59261,-0.05106,0.59261,0.00000,0.00000,0,0.00028,-0.44123,-0.44287,-0.00291,-0.93757,-1.01334,8,0x00000000,1,-0.39454,-0.39192,0.00334,2.21379,2.09076,8,0x00000000,1,-0.40422,-0.40325,0.00010,3.35990,3.31566,8,0x00000000,1,-0.38658,-0.38663,0.00053,1.46980,1.47047,8,0x00000000,1,-0.36543,-0.36564,-0.00015,-1.51453,-1.53364,8,0x00000000,1,-0.46124,-0.46352,0.00066,-0.76395,-0.69367,8,0x00000000,1
16.6486,0.07627,0.04484,-39.06747,0.07627,0.04484,0.07897,0.04241,0.02909,0.63168,-0.04988,0.58927,-0.04988,0.58927,0.00000,0.00000,0,0.00167,-0.44112,-0.44272,-0.00030,-0.99065,-0.87794,8,0x00000000,1,-0.39447,-0.39201,0.00183,2.20861,2.16216,8,0x00000000,1,-0.40418,-0.40339,-0.00219,3.37624,3.39403,8,0x00000000,1,-0.38674,-0.38663,0.00405,1.45853,1.46839,8,0x00000000,1,-0.36559,-0.36566,-0.00669,-1.54210,-1.57625,8,0x00000000,1,-0.46114,-0.46343,-0.00166,-0.84546,-0.77894,8,0x00000000,1
16.7454,0.08035,0.04593,-39.07306,0.08035,0.04593,0.07894,0.04455,0.02697,0.63049,-0.05197,0.58595,-0.05197,0.58595,0.00000,0.00000,0,0.00032,-0.44094,-0.44260,-0.00084,-0.98658,-1.04533,8,0x00000000,1,-0.39455,-0.39213,-0.00420,2.22383,2.25570,8,0x00000000,1,-0.40428,-0.40350,0.00401,3.37550,3.34999,8,0x00000000,1,-0.38684,-0.38663,0.00534,1.50530,1.47407,8,0x00000000,1,-0.36566,-0.36565,0.00242,-1.52895,-1.43765,8,0x00000000,1,-0.46096,-0.46330,0.00120,-0.85888,-0.74332,8,0x00000000,1
16.8418,0.07961,0.04546,-39.07550,0.07961,0.04546,0.07889,0.04511,0.02484,0.62928,-0.05405,0.58417,-0.05405,0.58417,0.00000,0.00000,0,0.00024,-0.44082,-0.44245,-0.00408,-1.03317,-0.99629,8,0x00000000,1,-0.39464,-0.39223,-0.00248,2.23519,2.30946,8,0x00000000,1,-0.40438,-0.40365,-0.00450,3.36997,3.20965,8,0x00000000,1,-0.38687,-0.38664,0.00081,1.48691,1.51622,8,0x00000000,1,-0.36567,-0.36567,-0.01334,-1.56203,-1.47042,8,0x00000000,1,-0.46084,-0.46321,0.00362,-0.86221,-0.76280,8,0x00000000,1
16.9404,0.08005,0.04651,-39.06575,0.08005,0.04651,0.07966,0.04531,0.02271,0.62807,-0.05695,0.58276,-0.05695,0.58276,0.00000,0.00000,0,0.00031,-0.44071,-0.44227,0.00609,-0.99002,-1.05201,8,0x00000000,1,-0.39477,-0.39233,0.00234,2.29013,2.18976,8,0x00000000,1,-0.40452,-0.40383,-0.00031,3.39495,3.41497,8,0x00000000,1,-0.38687,-0.38667,-0.00867,1.44557,1.40974,8,0x00000000,1,-0.36565,-0.36564,-0.00169,-1.50970,-1.50989,8,0x00000000,1,-0.46071,-0.46313,-0.00022,-0.89514,-0.56869,8,0x00000000,1
17.0354,0.08046,0.04935,-39.06824,0.08046,0.04935,0.08045,0.04821,0.02055,0.62680,-0.05990,0.57859,-0.05990,0.57859,0.00000,0.00000,0,0.00037,-0.44047,-0.44218,-0.00810,-1.11123,-1.00811,8,0x00000000,1,-0.39489,-0.39247,-0.00411,2.32431,2.32400,8,0x00000000,1,-0.40467,-0.40402,0.00354,3.37745,3.39811,8,0x00000000,1,-0.38698,-0.38666,-0.00284,1.48062,1.45531,8,0x00000000,1,-0.36574,-0.36565,0.00178,-1.49408,-1.68485,8,0x00000000,1,-0.46048,-0.46302,-0.00559,-0.96643,-1.02579,8,0x00000000,1
17.1317,0.08375,0.05216,-39.07121,0.08375,0.05216,0.08235,0.05027,0.01835,0.62548,-0.06400,0.57520,-0.06400,0.57520,0.00000,0.00000,0,0.00032,-0.44025,-0.44205,-0.00186,-1.10878,-1.09404,8,0x00000000,1,-0.39507,-0.39259,-0.00828,2.34967,2.35847,8,0x00000000,1,-0.40487,-0.40421,0.00156,3.37407,3.29569,8,0x00000000,1,-0.38704,-0.38666,-0.00418,1.48567,1.46659,8,0x00000000,1,-0.36576,-0.36564,0.00105,-1.49375,-1.63223,8,0x00000000,1,-0.46024,-0.46286,0.00470,-0.97135,-1.03466,8,0x00000000,1
17.2269,0.08921,0.05379,-39.07498,0.08921,0.05379,0.08638,0.05218,0.01607,0.62409,-0.07032,0.57191,-0.07032,0.57191,0.00000,0.00000,0,0.00032,-0.43999,-0.44185,0.00229,-1.08503,-1.04653,8,0x00000000,1,-0.39534,-0.39271,-0.00966,2.38255,2.22732,8,0x00000000,1,-0.40517,-0.40448,-0.00649,3.37544,3.37457,8,0x00000000,1,-0.38706,-0.38664,0.00312,1.52303,1.58802,8,0x00000000,1,-0.36572,-0.36566,-0.00691,-1.52748,-1.58169,8,0x00000000,1,-0.45995,-0.46273,0.00559,-1.00956,-0.93508,8,0x00000000,1
17.3226,0.09101,0.05523,-39.07937,0.09101,0.05523,0.08909,0.05478,0.01369,0.62263,-0.07540,0.56785,-0.07540,0.56785,0.00000,0.00000,0,0.00045,-0.43972,-0.44169,0.01648,-1.11576,-1.06829,8,0x00000000,1,-0.39556,-0.39285,-0.00418,2.41673,2.42226,8,0x00000000,1,-0.40541,-0.40477,-0.00467,3.38904,3.35135,8,0x00000000,1,-0.38713,-0.38666,0.00040,1.50973,1.40690,8,0x00000000,1,-0.36574,-0.36563,0.00353,-1.51097,-1.52890,8,0x00000000,1,-0.45967,-0.46260,0.00336,-1.05121,-1.01801,8,0x00000000,1
17.4221,0.09170,0.06116,-39.08427,0.09170,0.06116,0.09002,0.05746,0.01128,0.62113,-0.07874,0.56366,-0.07874,0.56366,0.00000,0.00000,0,0.00053,-0.43948,-0.44159,0.00388,-1.19460,-1.18619,8,0x00000000,1,-0.39570,-0.39300,0.00598,2.46386,2.48515,8,0x00000000,1,-0.40558,-0.40528,-0.00392,3.35995,3.29838,8,0x00000000,1,-0.38723,-0.38666,-0.00255,1.51272,1.46374,8,0x00000000,1,-0.36581,-0.36565,-0.00675,-1.51924,-1.41320,8,0x00000000,1,-0.45942,-0.46241,0.01061,-1.06456,-1.22585,8,0x00000000,1
17.5191,0.09350,0.07238,-39.08748,0.09350,0.07238,0.09321,0.06650,0.00880,0.61946,-0.08442,0.55296,-0.08442,0.55296,0.00000,0.00000,0,0.00041,-0.43892,-0.44144,-0.00018,-1.21960,-1.17280,8,0x00000000,1,-0.39592,-0.39320,0.00527,2.49287,2.30020,8,0x00000000,1,-0.40588,-0.40626,-0.01761,3.31221,3.70009,8,0x00000000,1,-0.38757,-0.38668,0.00209,1.57960,1.52114,8,0x00000000,1,-0.36607,-0.36563,0.00189,-1.49168,-1.57914,8,0x00000000,1,-0.45887,-0.46221,0.01052,-1.15168,-1.26141,8,0x00000000,1
17.6167,0.10053,0.09935,-39.10588,0.10053,0.09935,0.09746,0.08285,0.00622,0.61746,-0.09124,0.53461,-0.09124,0.53461,0.00000,0.00000,0,0.00092,-0.43802,-0.44091,0.01437,-1.27640,-1.47174,8,0x00000000,1,-0.39616,-0.39344,0.00173,2.51960,2.45822,8,0x00000000,1,-0.40625,-0.41037,-0.09208,2.81329,2.71160,8,0x00000000,1,-0.38819,-0.38673,-0.01129,1.60060,1.52689,8,0x00000000,1,-0.36659,-0.36566,-0.00887,-1.46162,-1.41374,8,0x00000000,1,-0.45800,-0.46193,-0.00732,-1.24087,-1.24967,8,0x00000000,1
17.7126,0.11708,0.18094,-39.17678,0.11708,0.18094,0.10693,0.13663,0.00349,0.61458,-0.10344,0.47795,-0.10344,0.47795,0.00000,0.00000,0,0.00030,-0.43543,-0.44033,0.01463,-1.47865,-1.47396,8,0x00000000,1,-0.39651,-0.39378,-0.00312,2.54776,2.47839,8,0x00000000,1,-0.40701,-0.42144,-0.07423,2.03342,2.05943,8,0x00000000,1,-0.39030,-0.38684,-0.00898,1.77267,1.68370,8,0x00000000,1,-0.36843,-0.36563,0.00670,-1.26716,-1.31709,8,0x00000000,1,-0.45554,-0.46130,0.01858,-1.38280,-1.41210,8,0x00000000,1
17.8122,0.11445,0.21701,-39.19191,0.11445,0.21701,0.11567,0.19322,0.00041,0.60997,-0.11526,0.41675,-0.11526,0.41675,0.00000,0.00000,0,0.00098,-0.43265,-0.43826,0.01501,-1.56264,-1.56228,8,0x00000000,1,-0.39682,-0.39417,-0.00407,2.56560,2.66334,8,0x00000000,1,-0.40776,-0.42306,-0.00354,2.04832,2.08903,8,0x00000000,1,-0.39261,-0.38719,0.00365,1.98111,1.91057,8,0x00000000,1,-0.37045,-0.36563,0.00378,-1.10227,-1.23496,8,0x00000000,1,-0.45292,-0.46013,-0.00004,-1.60861,-1.64294,8,0x00000000,1
17.9066,0.10849,0.22817,-39.19273,0.10849,0.22817,0.11258,0.21865,-0.00268,0.60436,-0.11525,0.38571,-0.11525,0.38571,0.00000,0.00000,0,0.00037,-0.43137,-0.43705,0.01469,-1.63648,-1.60783,8,0x00000000,1,-0.39670,-0.39454,-0.01395,2.51760,2.50183,8,0x00000000,1,-0.40787,-0.42309,0.00157,1.84677,1.86793,8,0x00000000,1,-0.39389,-0.38788,-0.01654,2.01036,2.05924,8,0x00000000,1,-0.37163,-0.36567,-0.01016,-0.96347,-0.89556,8,0x00000000,1,-0.45175,-0.45948,0.00152,-1.71588,-1.67216,8,0x00000000,1
18.0025,0.10608,0.23100,-39.18503,0.10608,0.23100,0.10848,0.22707,-0.00565,0.59831,-0.11413,0.37124,-0.11413,0.37124,0.00000,0.00000,0,0.00028,-0.43079,-0.43590,0.01702,-1.57173,-1.50641,8,0x00000000,1,-0.39659,-0.39481,0.00344,2.55338,2.53185,8,0x00000000,1,-0.40786,-0.42309,0.00606,1.72072,1.54801,8,0x00000000,1,-0.39452,-0.38860,-0.00798,2.09334,2.27377,8,0x00000000,1,-0.37221,-0.36566,-0.00353,-0.87802,-0.84063,8,0x00000000,1,-0.45123,-0.45916,-0.00940,-1.82410,-1.90080,8,0x00000000,1
18.1005,0.10166,0.23556,-39.17907,0.10166,0.23556,0.10448,0.23291,-0.00852,0.59209,-0.11299,0.35917,-0.11299,0.35917,0.00000,0.00000,0,0.00040,-0.43031,-0.43188,0.11436,-1.10036,-1.13313,8,0x00000000,1,-0.39650,-0.39500,-0.00169,2.56764,2.49081,8,0x00000000,1,-0.40785,-0.42306,0.00707,1.52710,1.38869,8,0x00000000,1,-0.39504,-0.38912,-0.00841,2.13652,2.29398,8,0x00000000,1,-0.37270,-0.36565,0.00518,-0.76135,-0.90934,8,0x00000000,1,-0.45080,-0.45878,0.00171,-1.87604,-1.88296,8,0x00000000,1
18.1955,0.08313,0.26555,-39.15082,0.08313,0.26555,0.08959,0.25246,-0.01114,0.58558,-0.10073,0.33313,-0.10073,0.33313,0.00000,0.00000,0,0.00034,-0.42948,-0.42551,0.01747,-1.03871,-1.17638,8,0x00000000,1,-0.39583,-0.39516,0.00065,2.50819,2.38979,8,0x00000000,1,-0.40738,-0.42307,0.00124,1.28151,1.26089,8,0x00000000,1,-0.39636,-0.38961,0.00385,2.29938,2.27705,8,0x00000000,1,-0.37400,-0.36565,-0.00268,-0.59139,-0.56583,8,0x00000000,1,-0.45014,-0.45849,-0.00339,-2.01401,-2.05194,8,0x00000000,1
18.2927,0.08300,0.26532,-39.14985,0.08300,0.26532,0.08416,0.26227,-0.01346,0.57860,-0.09762,0.31633,-0.09762,0.31633,0.00000,0.00000,0,0.00023,-0.42884,-0.42508,0.00496,-1.01291,-0.95680,8,0x00000000,1,-0.39563,-0.39523,0.00454,2.50684,2.47474,8,0x00000000,1,-0.40730,-0.42306,0.00060,1.11295,1.04761,8,0x00000000,1,-0.39712,-0.39031,-0.00222,2.38905,2.43025,8,0x00000000,1,-0.37472,-0.36568,-0.00665,-0.46555,-0.44747,8,0x00000000,1,-0.44959,-0.45806,0.01366,-2.10251,-2.30897,8,0x00000000,1
18.3917,0.07827,0.26533,-39.14865,0.07827,0.26533,0.08160,0.26465,-0.01570,0.57149,-0.09730,0.30684,-0.09730,0.30684,0.00000,0.00000,0,0.00040,-0.42845,-0.42503,0.00275,-0.96946,-1.03099,8,0x00000000,1,-0.39558,-0.39530,-0.00013,2.52025,2.45555,8,0x00000000,1,-0.40732,-0.42305,0.00152,0.93778,0.86322,8,0x00000000,1,-0.39752,-0.39089,-0.00764,2.45320,2.39927,8,0x00000000,1,-0.37509,-0.36566,0.00811,-0.31297,-0.24163,8,0x00000000,1,-0.44923,-0.45756,-0.00181,-2.23288,-2.32370,8,0x00000000,1
18.4890,0.07232,0.26815,-39.14374,0.07232,0.26815,0.07587,0.26591,-0.01782,0.56434,-0.09370,0.29843,-0.09370,0.29843,0.00000,0.00000,0,0.00027,-0.42818,-0.42503,0.00011,-0.98261,-1.02418,8,0x00000000,1,-0.39538,-0.39537,-0.00512,2.48367,2.38948,8,0x00000000,1,-0.40718,-0.42299,0.00638,0.75454,0.83729,8,0x00000000,1,-0.39794,-0.39153,-0.01453,2.47733,2.51484,8,0x00000000,1,-0.37550,-0.36569,-0.00064,-0.18005,-0.25912,8,0x00000000,1,-0.44901,-0.45705,0.00724,-2.26996,-2.41764,8,0x00000000,1
18.5887,0.06975,0.27142,-39.14677,0.06975,0.27142,0.07259,0.26978,-0.01984,0.55709,-0.09242,0.28731,-0.09242,0.28731,0.00000,0.00000,0,0.00102,-0.42774,-0.42498,0.01157,-0.94946,-1.07585,8,0x00000000,1,-0.39528,-0.39539,0.01111,2.51295,2.49936,8,0x00000000,1,-0.40716,-0.42292,0.00451,0.56101,0.60261,8,0x00000000,1,-0.39842,-0.39204,0.00265,2.58032,2.42963,8,0x00000000,1,-0.37596,-0.36569,0.00132,0.00445,-0.07124,8,0x00000000,1,-0.44862,-0.45654,0.00860,-2.34006,-2.32495,8,0x00000000,1
18.6856,0.06777,0.27513,-39.15633,0.06777,0.27513,0.06883,0.27336,-0.02174,0.54975,-0.09057,0.27640,-0.09057,0.27640,0.00000,0.00000,0,0.00039,-0.42733,-0.42499,0.00806,-0.99813,-0.96444,8,0x00000000,1,-0.39515,-0.39543,0.00059,2.48100,2.39251,8,0x00000000,1,-0.40712,-0.42285,0.00377,0.34631,0.31931,8,0x00000000,1,-0.39891,-0.39259,-0.00065,2.64616,2.60429,8,0x00000000,1,-0.37642,-0.36572,-0.00174,0.12423,0.11808,8,0x00000000,1,-0.44826,-0.45601,0.00925,-2.43400,-2.39624,8,0x00000000,1
18.7834,0.06301,0.27747,-39.15213,0.06301,0.27747,0.06520,0.27563,-0.02355,0.54234,-0.08875,0.26672,-0.08875,0.26672,0.00000,0.00000,0,0.00042,-0.42696,-0.42502,-0.00406,-0.98053,-0.99557,8,0x00000000,1,-0.39503,-0.39546,0.00035,2.44766,2.46028,8,0x00000000,1,-0.40707,-0.42276,-0.00078,0.18262,0.19476,8,0x00000000,1,-0.39935,-0.39305,-0.00153,2.73371,2.60814,8,0x00000000,1,-0.37683,-0.36575,0.00885,0.29367,0.26307,8,0x00000000,1,-0.44794,-0.45540,0.00491,-2.50644,-2.72100,8,0x00000000,1
18.8826,0.05446,0.27726,-39.14253,0.05446,0.27726,0.06013,0.27593,-0.02524,0.53490,-0.08537,0.25897,-0.08537,0.25897,0.00000,0.00000,0,0.00027,-0.42671,-0.42503,-0.01545,-1.01432,-0.88169,8,0x00000000,1,-0.39485,-0.39547,0.00231,2.43425,2.44678,8,0x00000000,1,-0.40694,-0.42262,0.00658,0.02547,0.08340,8,0x00000000,1,-0.39974,-0.39353,-0.00571,2.78601,2.89677,8,0x00000000,1,-0.37722,-0.36596,-0.01033,0.39230,0.27160,8,0x00000000,1,-0.44774,-0.45467,0.00890,-2.54567,-2.63679,8,0x00000000,1
18.9832,0.04949,0.27867,-39.15696,0.04949,0.27867,0.05317,0.27754,-0.02677,0.52743,-0.07994,0.24989,-0.07994,0.24989,0.00000,0.00000,0,0.00109,-0.42644,-0.42501,-0.00486,-0.97096,-1.10031,8,0x00000000,1,-0.39456,-0.39546,0.00501,2.41297,2.38776,8,0x00000000,1,-0.40672,-0.42250,0.00203,-0.19064,-0.16323,8,0x00000000,1,-0.40022,-0.39393,0.00186,2.87659,3.05810,8,0x00000000,1,-0.37770,-0.36621,-0.00911,0.55204,0.49921,8,0x00000000,1,-0.44754,-0.45369,0.00983,-2.57079,-2.72900,8,0x00000000,1
19.0775,0.04060,0.27705,-39.16056,0.04060,0.27705,0.04467,0.27785,-0.02809,0.51992,-0.07276,0.24207,-0.07276,0.24207,0.00000,0.00000,0,0.00037,-0.42626,-0.42500,-0.00080,-0.94614,-1.00952,8,0x00000000,1,-0.39420,-0.39548,0.00169,2.39275,2.20783,8,0x00000000,1,-0.40642,-0.42233,0.00271,-0.36433,-0.29064,8,0x00000000,1,-0.40069,-0.39431,-0.00858,2.91923,2.81409,8,0x00000000,1,-0.37818,-0.36639,-0.00495,0.72604,0.63994,8,0x00000000,1,-0.44743,-0.45229,0.01966,-2.52230,-2.65101,8,0x00000000,1
19.1727,0.03361,0.28207,-39.16280,0.03361,0.28207,0.03764,0.28000,-0.02919,0.51240,-0.06683,0.23240,-0.06683,0.23240,0.00000,0.00000,0,0.00038,-0.42598,-0.42498,0.00847,-0.92992,-0.89881,8,0x00000000,1,-0.39389,-0.39547,-0.00120,2.32605,2.37773,8,0x00000000,1,-0.40618,-0.42217,0.00626,-0.56155,-0.52601,8,0x00000000,1,-0.40121,-0.39474,-0.00033,3.01889,3.08763,8,0x00000000,1,-0.37870,-0.36662,-0.00247,0.89060,0.92652,8,0x00000000,1,-0.44722,-0.45085,0.02174,-2.49465,-2.48800,8,0x00000000,1
19.2676,0.02332,0.28526,-39.16197,0.02332,0.28526,0.02916,0.28315,-0.03008,0.50480,-0.05924,0.22165,-0.05924,0.22165,0.00000,0.00000,0,0.00029,-0.42568,-0.42499,0.00353,-0.97352,-1.02475,8,0x00000000,1,-0.39351,-0.39547,0.00423,2.28640,2.31212,8,0x00000000,1,-0.40587,-0.42199,-0.00531,-0.78327,-0.79412,8,0x00000000,1,-0.40180,-0.39511,0.00103,3.10575,3.06981,8,0x00000000,1,-0.37931,-0.36691,0.00142,1.04415,0.93318,8,0x00000000,1,-0.44701,-0.44934,0.01406,-2.44561,-2.40228,8,0x00000000,1
19.3675,0.01169,0.28625,-39.16978,0.01169,0.28625,0.01909,0.28596,-0.03067,0.49711,-0.04976,0.21114,-0.04976,0.21114,0.00000,0.00000,16,0.00082,-0.42544,-0.42500,0.00243,-0.95926,-1.08800,8,0x00000000,1,-0.39303,-0.39550,-0.01235,2.19422,2.21471,8,0x00000000,1,-0.40548,-0.42171,0.00633,-0.96432,-0.90007,8,0x00000000,1,-0.40242,-0.39561,-0.00684,3.19164,3.07966,8,0x00000000,1,-0.37995,-0.36715,0.00246,1.20551,1.11255,8,0x00000000,1,-0.44686,-0.44824,0.00660,-2.43174,-2.59589,8,0x00000000,1
19.4622,0.00698,0.28657,-39.18194,0.00698,0.28657,0.01031,0.28587,-0.03067,0.48939,-0.04099,0.20352,-0.04099,0.20352,0.00000,0.00000,16,0.00035,-0.42530,-0.42500,0.00000,-1.03277,-1.12957,8,0x00000000,1,-0.39260,-0.39548,-0.00467,2.17419,2.10801,8,0x00000000,1,-0.40510,-0.42148,0.00516,-1.15965,-1.00755,8,0x00000000,1,-0.40291,-0.39611,-0.01487,3.27213,3.22909,8,0x00000000,1,-0.38047,-0.36745,0.00438,1.38746,1.47753,8,0x00000000,1,-0.44680,-0.44763,-0.00964,-2.44512,-2.43850,8,0x00000000,1
19.5584,0.00394,0.28585,-39.18365,0.00394,0.28585,0.00506,0.28573,-0.03067,0.48166,-0.03573,0.19594,-0.03573,0.19594,0.00000,0.00000,16,0.00037,-0.42509,-0.42501,-0.01170,-1.02518,-0.88955,8,0x00000000,1,-0.39233,-0.39546,0.00402,2.12916,2.11756,8,0x00000000,1,-0.40489,-0.42118,0.00919,-1.33851,-1.34820,8,0x00000000,1,-0.40333,-0.39654,-0.00098,3.32021,3.33721,8,0x00000000,1,-0.38089,-0.36776,0.00329,1.54448,1.52613,8,0x00000000,1,-0.44665,-0.44711,0.00411,-2.40693,-2.43768,8,0x00000000,1
19.6630,-0.00506,0.28547,-39.17115,-0.00506,0.28547,-0.00112,0.28514,-0.03067,0.47396,-0.02955,0.18882,-0.02955,0.18882,0.00000,0.00000,16,0.00037,-0.42491,-0.42501,-0.00723,-1.01822,-0.99111,8,0x00000000,1,-0.39202,-0.39548,-0.00287,2.06357,2.16902,8,0x00000000,1,-0.40463,-0.42092,-0.00180,-1.56129,-1.47779,8,0x00000000,1,-0.40375,-0.39709,-0.00656,3.41718,3.55117,8,0x00000000,1,-0.38132,-0.36812,0.00532,1.71266,1.59472,8,0x00000000,1,-0.44655,-0.44679,0.00175,-2.39121,-2.33763,8,0x00000000,1
19.7603,-0.00661,0.28596,-39.17529,-0.00661,0.28596,-0.00412,0.28604,-0.03067,0.46625,-0.02656,0.18021,-0.02656,0.18021,0.00000,0.00000,16,0.00036,-0.42462,-0.42497,0.00234,-1.02672,-1.07092,8,0x00000000,1,-0.39185,-0.39547,-0.00260,2.02383,1.94359,8,0x00000000,1,-0.40452,-0.42043,0.00289,-1.71391,-1.69971,8,0x00000000,1,-0.40416,-0.39763,-0.00297,3.50294,3.55983,8,0x00000000,1,-0.38173,-0.36850,-0.00456,1.83431,1.86234,8,0x00000000,1,-0.44630,-0.44647,0.00430,-2.37838,-2.35164,8,0x00000000,1
19.8569,-0.01108,0.28285,-39.18438,-0.01108,0.28285,-0.00923,0.28402,-0.03067,0.45855,-0.02144,0.17453,-0.02144,0.17453,0.00000,0.00000,16,0.00035,-0.42448,-0.42484,0.00374,-1.05480,-1.06993,8,0x00000000,1,-0.39159,-0.39547,-0.00046,1.96589,1.96716,8,0x00000000,1,-0.40431,-0.41978,0.01342,-1.86117,-1.95775,8,0x00000000,1,-0.40450,-0.39813,-0.00488,3.54936,3.37495,8,0x00000000,1,-0.38208,-0.36904,-0.00001,1.98232,1.78164,8,0x00000000,1,-0.44622,-0.44610,0.00165,-2.36317,-2.37848,8,0x00000000,1
19.9547,-0.02059,0.27335,-39.17521,-0.02059,0.27335,-0.01599,0.27907,-0.03067,0.45093,-0.01469,0.17186,-0.01469,0.17186,0.00000,0.00000,16,0.00028,-0.42451,-0.42457,-0.00866,-1.02733,-0.96138,8,0x00000000,1,-0.39127,-0.39548,-0.00527,1.87264,1.95887,8,0x00000000,1,-0.40401,-0.41685,0.05177,-1.74876,-1.71173,8,0x00000000,1,-0.40474,-0.39861,-0.00404,3.60970,3.44576,8,0x00000000,1,-0.38235,-0.36980,-0.00420,2.10611,2.11858,8,0x00000000,1,-0.44630,-0.44581,0.00002,-2.34507,-2.37598,8,0x00000000,1
20.0547,-0.03245,0.24636,-39.14246,-0.03245,0.24636,-0.02581,0.25993,-0.03026,0.44365,-0.00444,0.18372,-0.00444,0.18372,0.00000,0.00000,0,0.00035,-0.42520,-0.42455,-0.00533,-0.97619,-1.01881,8,0x00000000,1,-0.39085,-0.39545,0.00075,1.79417,1.77736,8,0x00000000,1,-0.40350,-0.41334,0.04864,-1.66216,-1.71574,8,0x00000000,1,-0.40445,-0.39905,0.00066,3.63632,3.71857,8,0x00000000,1,-0.38217,-0.37052,-0.01418,2.16433,2.25215,8,0x00000000,1,-0.44701,-0.44562,0.00911,-2.22812,-2.15294,8,0x00000000,1
20.1515,-0.04378,0.15146,-39.06745,-0.04378,0.15146,-0.03520,0.21441,-0.02944,0.43709,0.00576,0.22267,0.00576,0.22267,0.00000,0.00000,0,0.00045,-0.42702,-0.42452,0.00768,-0.80367,-0.87457,8,0x00000000,1,-0.39053,-0.39542,0.00598,1.72033,1.70463,8,0x00000000,1,-0.40290,-0.39692,0.23427,-0.10787,-0.30950,8,0x00000000,1,-0.40303,-0.39939,-0.01185,3.57444,3.63256,8,0x00000000,1,-0.38095,-0.37105,-0.00262,2.23732,2.35258,8,0x00000000,1,-0.44875,-0.44562,-0.00107,-2.15110,-2.09308,8,0x00000000,1
20.2494,-0.07428,0.09081,-38.99718,-0.07428,0.09081,-0.06835,0.12174,-0.02799,0.43284,0.04037,0.31110,0.04037,0.31110,0.00000,0.00000,0,0.00123,-0.43138,-0.42458,-0.01280,-0.42809,-0.41883,8,0x00000000,1,-0.38927,-0.39539,0.00305,1.56275,1.52932,8,0x00000000,1,-0.40101,-0.39098,0.00150,-0.45082,-0.48896,8,0x00000000,1,-0.40004,-0.39938,0.00986,3.36858,3.26171,8,0x00000000,1,-0.37849,-0.37109,0.00054,2.11156,2.08830,8,0x00000000,1,-0.45300,-0.44565,0.00253,-1.71857,-1.76253,8,0x00000000,1
20.3442,-0.07665,0.09057,-38.99459,-0.07665,0.09057,-0.07235,0.09586,-0.02615,0.43002,0.04620,0.33416,0.04620,0.33416,0.00000,0.00000,0,0.00033,-0.43245,-0.42455,0.00256,-0.31648,-0.29286,8,0x00000000,1,-0.38909,-0.39538,-0.00675,1.47596,1.58354,8,0x00000000,1,-0.40066,-0.39096,-0.00085,-0.30649,-0.04310,8,0x00000000,1,-0.39920,-0.39942,0.00897,3.35957,3.25441,8,0x00000000,1,-0.37777,-0.37108,0.00704,2.18013,2.24603,8,0x00000000,1,-0.45402,-0.44565,-0.00216,-1.62838,-1.67029,8,0x00000000,1
20.4436,-0.08142,0.08915,-38.99353,-0.08142,0.08915,-0.07488,0.08956,-0.02417,0.42754,0.05070,0.33799,0.05070,0.33799,0.00000,0.00000,0,0.00028,-0.43270,-0.42456,0.00082,-0.20381,-0.29721,8,0x00000000,1,-0.38890,-0.39531,0.00794,1.44536,1.41021,8,0x00000000,1,-0.40044,-0.39096,0.00390,-0.20524,-0.14608,8,0x00000000,1,-0.39913,-0.39950,-0.00206,3.34644,3.47149,8,0x00000000,1,-0.37774,-0.37119,0.00292,2.26628,2.20624,8,0x00000000,1,-0.45428,-0.44568,0.00259,-1.50857,-1.50063,8,0x00000000,1
20.5395,-0.07757,0.09311,-38.99248,-0.07757,0.09311,-0.07533,0.09146,-0.02213,0.42510,0.05320,0.33363,0.05320,0.33363,0.00000,0.00000,0,0.00036,-0.43257,-0.42455,0.01072,-0.11966,-0.13273,8,0x00000000,1,-0.38877,-0.39527,0.00711,1.36610,1.42178,8,0x00000000,1,-0.40035,-0.39099,-0.00677,-0.13511,-0.07937,8,0x00000000,1,-0.39936,-0.39956,-0.00112,3.37012,3.41924,8,0x00000000,1,-0.37797,-0.37143,0.00528,2.33364,2.31239,8,0x00000000,1,-0.45418,-0.44568,0.00708,-1.42440,-1.39028,8,0x00000000,1
20.6364,-0.07568,0.09037,-39.00035,-0.07568,0.09037,-0.07553,0.09179,-0.02009,0.42261,0.05544,0.33081,0.05544,0.33081,0.00000,0.00000,0,0.00039,-0.43250,-0.42461,0.00225,-0.08507,0.04212,8,0x00000000,1,-0.38865,-0.39524,0.00699,1.29423,1.31914,8,0x00000000,1,-0.40025,-0.39096,0.00466,0.01539,-0.06942,8,0x00000000,1,-0.39952,-0.39963,-0.00413,3.35465,3.27154,8,0x00000000,1,-0.37813,-0.37172,-0.00288,2.38090,2.47801,8,0x00000000,1,-0.45414,-0.44573,-0.00295,-1.34560,-1.43540,8,0x00000000,1
20.7310,-0.07845,0.09144,-39.00084,-0.07845,0.09144,-0.07740,0.09118,-0.01802,0.42014,0.05938,0.32896,0.05938,0.32896,0.00000,0.00000,0,0.00029,-0.43250,-0.42467,-0.00188,-0.02575,0.15298,8,0x00000000,1,-0.38847,-0.39522,-0.00916,1.17656,1.18603,8,0x00000000,1,-0.40008,-0.39098,0.00111,0.09231,-0.05393,8,0x00000000,1,-0.39967,-0.39970,-0.00277,3.32391,3.48629,8,0x00000000,1,-0.37831,-0.37195,0.00791,2.47201,2.48059,8,0x00000000,1,-0.45417,-0.44575,0.00277,-1.20685,-1.27719,8,0x00000000,1
20.8274,-0.08082,0.09172,-39.00096,-0.08082,0.09172,-0.07981,0.09153,-0.01589,0.41768,0.06393,0.32615,0.06393,0.32615,0.00000,0.00000,0,0.00033,-0.43247,-0.42473,0.00305,0.12179,0.08633,8,0x00000000,1,-0.38825,-0.39514,0.00584,1.10164,1.07579,8,0x00000000,1,-0.39988,-0.39100,-0.00715,0.17571,0.07751,8,0x00000000,1,-0.39988,-0.39972,0.00894,3.39999,3.55680,8,0x00000000,1,-0.37853,-0.37222,-0.00198,2.54927,2.61487,8,0x00000000,1,-0.45418,-0.44576,0.00142,-1.12548,-1.07668,8,0x00000000,1
20.9234,-0.08570,0.09105,-39.00028,-0.08570,0.09105,-0.08355,0.09077,-0.01368,0.41521,0.06986,0.32444,0.06986,0.32444,0.00000,0.00000,0,0.00053,-0.43252,-0.42479,0.00747,0.18787,0.22819,8,0x00000000,1,-0.38797,-0.39510,-0.00007,0.97964,0.99113,8,0x00000000,1,-0.39961,-0.39101,-0.00203,0.26147,0.18910,8,0x00000000,1,-0.40007,-0.39979,0.00530,3.38896,3.35692,8,0x00000000,1,-0.37875,-0.37251,-0.00008,2.62483,2.55834,8,0x00000000,1,-0.45427,-0.44581,-0.00074,-1.06322,-0.95033,8,0x00000000,1
21.0214,-0.08967,0.08724,-38.99814,-0.08967,0.08724,-0.08811,0.08843,-0.01135,0.41279,0.07676,0.32436,0.07676,0.32436,0.00000,0.00000,0,0.00053,-0.43265,-0.42491,0.00520,0.30923,0.23585,8,0x00000000,1,-0.38765,-0.39503,-0.00096,0.87827,0.95552,8,0x00000000,1,-0.39930,-0.39101,0.00504,0.33248,0.32846,8,0x00000000,1,-0.40021,-0.39988,-0.00525,3.38556,3.21853,8,0x00000000,1,-0.37893,-0.37277,-0.00872,2.66094,2.66684,8,0x00000000,1,-0.45445,-0.44583,0.00199,-0.94721,-0.93476,8,0x00000000,1
21.1242,-0.09304,0.08767,-38.99745,-0.09304,0.08767,-0.09091,0.08772,-0.00895,0.41041,0.08197,0.32269,0.08197,0.32269,0.00000,0.00000,0,0.00036,-0.43269,-0.42514,-0.01662,0.33275,0.37187,8,0x00000000,1,-0.38741,-0.39493,0.00768,0.79995,0.74250,8,0x00000000,1,-0.39907,-0.39104,-0.00247,0.41262,0.33736,8,0x00000000,1,-0.40038,-0.39995,-0.00945,3.37799,3.36106,8,0x00000000,1,-0.37913,-0.37293,-0.00219,2.73887,2.82105,8,0x00000000,1,-0.45452,-0.44587,0.00622,-0.81924,-1.00926,8,0x00000000,1
21.2223,-0.09255,0.08472,-38.99763,-0.09255,0.08472,-0.09208,0.08642,-0.00646,0.40805,0.08561,0.32163,0.08561,0.32163,0.00000,0.00000,0,0.00115,-0.43272,-0.42529,-0.01139,0.41123,0.40327,8,0x00000000,1,-0.38723,-0.39480,0.00520,0.69552,0.77194,8,0x00000000,1,-0.39890,-0.39106,0.00263,0.49739,0.53332,8,0x00000000,1,-0.40049,-0.39999,0.01072,3.43007,3.42796,8,0x00000000,1,-0.37927,-0.37313,-0.00232,2.82893,2.94296,8,0x00000000,1,-0.45458,-0.44590,0.00500,-0.73126,-0.73539,8,0x00000000,1
21.3180,-0.09392,0.08529,-38.99350,-0.09392,0.08529,-0.09366,0.08430,-0.00395,0.40577,0.08971,0.32146,0.08971,0.32146,0.00000,0.00000,0,0.00035,-0.43279,-0.42544,-0.00390,0.56071,0.55044,8,0x00000000,1,-0.38705,-0.39467,-0.00014,0.62300,0.69727,8,0x00000000,1,-0.39872,-0.39110,0.00162,0.58379,0.54716,8,0x00000000,1,-0.40058,-0.40005,0.00738,3.42133,3.31675,8,0x00000000,1,-0.37938,-0.37335,-0.00594,2.86476,2.95646,8,0x00000000,1,-0.45468,-0.44594,0.00092,-0.59453,-0.66181,8,0x00000000,1
21.4155,-0.09207,0.08485,-38.99842,-0.09207,0.08485,-0.09389,0.08512,-0.00141,0.40347,0.09247,0.31835,0.09247,0.31835,0.00000,0.00000,0,0.00036,-0.43272,-0.42561,-0.00559,0.56768,0.35268,8,0x00000000,1,-0.38691,-0.39452,-0.00097,0.51126,0.63569,8,0x00000000,1,-0.39860,-0.39117,-0.00135,0.65122,0.69161,8,0x00000000,1,-0.40076,-0.40012,-0.00208,3.44125,3.33325,8,0x00000000,1,-0.37957,-0.37351,-0.00583,2.94296,3.03483,8,0x00000000,1,-0.45463,-0.44599,0.00272,-0.51773,-0.52035,8,0x00000000,1
21.5167,-0.09339,0.08947,-38.99456,-0.09339,0.08947,-0.09312,0.08686,0.00111,0.40116,0.09423,0.31431,0.09423,0.31431,0.00000,0.00000,0,0.00198,-0.43259,-0.42576,-0.00513,0.68225,0.71719,8,0x00000000,1,-0.38681,-0.39428,0.01190,0.43279,0.54413,8,0x00000000,1,-0.39854,-0.39122,-0.00055,0.73046,0.78842,8,0x00000000,1,-0.40097,-0.40019,-0.01385,3.41749,3.36968,8,0x00000000,1,-0.37977,-0.37374,-0.00393,2.99136,2.94927,8,0x00000000,1,-0.45453,-0.44604,0.00023,-0.42706,-0.41235,8,0x00000000,1
21.6139,-0.09552,0.08937,-38.99183,-0.09552,0.08937,-0.09427,0.08891,0.00364,0.39879,0.09791,0.30988,0.09791,0.30988,0.00000,0.00000,0,0.00029,-0.43248,-0.42593,-0.01183,0.73406,0.63929,8,0x00000000,1,-0.38663,-0.39412,-0.00153,0.35445,0.23898,8,0x00000000,1,-0.39838,-0.39131,-0.00402,0.81644,0.88390,8,0x00000000,1,-0.40122,-0.40024,-0.00213,3.44819,3.35720,8,0x00000000,1,-0.38003,-0.37397,-0.00978,3.09148,3.08405,8,0x00000000,1,-0.45446,-0.44614,-0.00700,-0.34656,-0.37848,8,0x00000000,1
21.7099,-0.09817,0.08978,-38.99377,-0.09817,0.08978,-0.09655,0.08861,0.00621,0.39639,0.10276,0.30779,0.10276,0.30779,0.00000,0.00000,0,0.00024,-0.43249,-0.42604,-0.00572,0.76987,0.84593,8,0x00000000,1,-0.38640,-0.39389,0.01487,0.28805,0.33380,8,0x00000000,1,-0.39817,-0.39136,-0.00048,0.86196,0.74623,8,0x00000000,1,-0.40140,-0.40029,0.00879,3.50783,3.24250,8,0x00000000,1,-0.38024,-0.37415,0.00072,3.16520,3.11881,8,0x00000000,1,-0.45450,-0.44617,0.00236,-0.26694,-0.32027,8,0x00000000,1
21.8069,-0.10287,0.09132,-38.99641,-0.10287,0.09132,-0.10048,0.09058,0.00888,0.39397,0.10936,0.30339,0.10936,0.30339,0.00000,0.00000,0,0.00029,-0.43243,-0.42623,-0.00224,0.86714,0.94976,8,0x00000000,1,-0.38608,-0.39375,-0.00752,0.15431,0.23156,8,0x00000000,1,-0.39788,-0.39141,-0.00079,0.92250,0.79705,8,0x00000000,1,-0.40172,-0.40039,-0.00077,3.52180,3.56760,8,0x00000000,1,-0.38057,-0.37440,0.00142,3.28048,3.32965,8,0x00000000,1,-0.45451,-0.44624,-0.00347,-0.16432,-0.22804,8,0x00000000,1
21.9047,-0.10636,0.08937,-38.99048,-0.10636,0.08937,-0.10363,0.08978,0.01164,0.39154,0.11527,0.30175,0.11527,0.30175,0.00000,0.00000,0,0.00027,-0.43248,-0.42641,-0.01242,0.92793,0.80529,8,0x00000000,1,-0.38580,-0.39356,-0.00521,0.06073,0.08643,8,0x00000000,1,-0.39762,-0.39145,-0.00147,0.95328,0.95270,8,0x00000000,1,-0.40190,-0.40047,0.00312,3.54179,3.64318,8,0x00000000,1,-0.38079,-0.37461,-0.01112,3.29101,3.40307,8,0x00000000,1,-0.45460,-0.44632,-0.00387,-0.04225,-0.11592,8,0x00000000,1
22.0031,-0.10804,0.08529,-38.98971,-0.10804,0.08529,-0.10638,0.08697,0.01449,0.38915,0.12086,0.30218,0.12086,0.30218,0.00000,0.00000,0,0.00137,-0.43261,-0.42651,0.01057,1.02089,0.95890,8,0x00000000,1,-0.38554,-0.39332,0.00259,-0.03002,-0.06875,8,0x00000000,1,-0.39736,-0.39149,-0.00423,1.00612,0.99812,8,0x00000000,1,-0.40199,-0.40057,0.00977,3.55997,3.52364,8,0x00000000,1,-0.38092,-0.37480,0.00840,3.38240,3.34894,8,0x00000000,1,-0.45477,-0.44640,-0.00445,0.04417,0.06590,8,0x00000000,1
22.1004,-0.10939,0.08574,-38.99876,-0.10939,0.08574,-0.10849,0.08542,0.01738,0.38684,0.12588,0.30142,0.12588,0.30142,0.00000,0.00000,0,0.00029,-0.43268,-0.42676,-0.00492,1.06543,1.10354,8,0x00000000,1,-0.38531,-0.39308,0.00188,-0.09515,-0.07228,8,0x00000000,1,-0.39713,-0.39153,-0.00031,1.07693,1.13383,8,0x00000000,1,-0.40212,-0.40066,-0.00923,3.57228,3.63402,8,0x00000000,1,-0.38108,-0.37501,-0.00203,3.47234,3.28083,8,0x00000000,1,-0.45487,-0.44648,-0.00231,0.14029,0.22602,8,0x00000000,1
22.1964,-0.11354,0.08814,-38.99792,-0.11354,0.08814,-0.11227,0.08664,0.02037,0.38452,0.13264,0.29788,0.13264,0.29788,0.00000,0.00000,0,0.00029,-0.43267,-0.42696,-0.00140,1.11902,1.13968,8,0x00000000,1,-0.38499,-0.39290,-0.00936,-0.23740,-0.23700,8,0x00000000,1,-0.39684,-0.39158,-0.00604,1.10951,1.17523,8,0x00000000,1,-0.40240,-0.40078,-0.00609,3.57204,3.61177,8,0x00000000,1,-0.38139,-0.37524,0.00180,3.54370,3.67077,8,0x00000000,1,-0.45491,-0.44654,0.00219,0.25484,0.23868,8,0x00000000,1
22.2945,-0.11780,0.08585,-38.98894,-0.11780,0.08585,-0.11530,0.08678,0.02345,0.38217,0.13876,0.29539,0.13876,0.29539,0.00000,0.00000,0,0.00035,-0.43269,-0.42711,-0.00480,1.14715,1.05874,8,0x00000000,1,-0.38470,-0.39263,0.01127,-0.29209,-0.18407,8,0x00000000,1,-0.39656,-0.39162,0.00287,1.15653,1.15066,8,0x00000000,1,-0.40262,-0.40086,0.00785,3.66830,3.73378,8,0x00000000,1,-0.38164,-0.37549,-0.00234,3.61014,3.74941,8,0x00000000,1,-0.45498,-0.44661,0.00955,0.37264,0.23242,8,0x00000000,1
22.3922,-0.12051,0.08850,-38.98512,-0.12051,0.08850,-0.11706,0.08780,0.02659,0.37982,0.14364,0.29202,0.14364,0.29202,0.00000,0.00000,0,0.00025,-0.43265,-0.42734,-0.00348,1.17460,1.33024,8,0x00000000,1,-0.38446,-0.39242,-0.00280,-0.41127,-0.31511,8,0x00000000,1,-0.39635,-0.39165,0.00350,1.18966,1.09831,8,0x00000000,1,-0.40286,-0.40100,-0.00036,3.66190,3.51947,8,0x00000000,1,-0.38189,-0.37580,-0.00975,3.71316,3.59390,8,0x00000000,1,-0.45498,-0.44671,-0.00588,0.43007,0.42560,8,0x00000000,1
22.4925,-0.12170,0.08650,-39.00137,-0.12170,0.08650,-0.12065,0.08784,0.02980,0.37744,0.15045,0.28960,0.15045,0.28960,0.00000,0.00000,0,0.00033,-0.43268,-0.42766,-0.00727,1.23785,1.34003,8,0x00000000,1,-0.38414,-0.39216,0.00312,-0.51784,-0.48855,8,0x00000000,1,-0.39605,-0.39168,-0.00440,1.25984,1.10515,8,0x00000000,1,-0.40309,-0.40117,-0.00354,3.68914,3.82307,8,0x00000000,1,-0.38216,-0.37614,0.00437,3.74517,3.78361,8,0x00000000,1,-0.45507,-0.44678,-0.00155,0.53106,0.56005,8,0x00000000,1
22.5888,-0.12625,0.08559,-39.00028,-0.12625,0.08559,-0.12496,0.08621,0.03312,0.37510,0.15808,0.28889,0.15808,0.28889,0.00000,0.00000,0,0.00030,-0.43280,-0.42789,-0.01088,1.31438,1.33831,8,0x00000000,1,-0.38379,-0.39186,0.00653,-0.60447,-0.54320,8,0x00000000,1,-0.39570,-0.39171,0.00175,1.26218,1.31349,8,0x00000000,1,-0.40327,-0.40129,0.00568,3.71427,3.74901,8,0x00000000,1,-0.38239,-0.37650,-0.01034,3.81416,3.96252,8,0x00000000,1,-0.45524,-0.44689,-0.00748,0.62287,0.66888,8,0x00000000,1
22.6847,-0.12415,0.08676,-38.99486,-0.12415,0.08676,-0.12471,0.08636,0.03650,0.37277,0.16121,0.28642,0.16121,0.28642,0.00000,0.00000,0,0.00028,-0.43276,-0.42813,-0.00040,1.31692,1.46757,8,0x00000000,1,-0.38363,-0.39149,-0.00114,-0.70870,-0.69261,8,0x00000000,1,-0.39557,-0.39175,-0.00228,1.30448,1.28052,8,0x00000000,1,-0.40344,-0.40146,-0.00487,3.74097,3.63383,8,0x00000000,1,-0.38256,-0.37692,-0.00426,3.84662,3.74514,8,0x00000000,1,-0.45523,-0.44698,0.00101,0.76011,0.81303,8,0x00000000,1
22.7843,-0.12823,0.08617,-38.99184,-0.12823,0.08617,-0.12518,0.08705,0.03986,0.37042,0.16505,0.28338,0.16505,0.28338,0.00000,0.00000,0,0.00181,-0.43271,-0.42834,0.00374,1.38660,1.37588,8,0x00000000,1,-0.38345,-0.39115,0.01015,-0.73688,-0.63083,8,0x00000000,1,-0.39540,-0.39176,0.00021,1.33334,1.30435,8,0x00000000,1,-0.40364,-0.40163,-0.00008,3.75290,3.90278,8,0x00000000,1,-0.38278,-0.37745,0.00002,3.88079,3.91931,8,0x00000000,1,-0.45521,-0.44708,-0.00209,0.80269,0.73020,8,0x00000000,1
22.8823,-0.13081,0.08273,-39.00544,-0.13081,0.08273,-0.12875,0.08480,0.04328,0.36810,0.17203,0.28330,0.17203,0.28330,0.00000,0.00000,0,0.00032,-0.43285,-0.42873,0.00973,1.42415,1.31951,8,0x00000000,1,-0.38313,-0.39081,0.00674,-0.85200,-0.84629,8,0x00000000,1,-0.39508,-0.39178,-0.00096,1.33917,1.38267,8,0x00000000,1,-0.40378,-0.40183,-0.00233,3.79156,3.79998,8,0x00000000,1,-0.38296,-0.37818,-0.00408,3.92182,3.92678,8,0x00000000,1,-0.45539,-0.44720,-0.00578,0.90136,0.99934,8,0x00000000,1
22.9835,-0.13832,0.08261,-39.00665,-0.13832,0.08261,-0.13494,0.08329,0.04684,0.36584,0.18178,0.28255,0.18178,0.28255,0.00000,0.00000,0,0.00050,-0.43301,-0.42906,-0.00903,1.46142,1.51951,8,0x00000000,1,-0.38268,-0.39041,0.00559,-0.94287,-0.97251,8,0x00000000,1,-0.39464,-0.39182,-0.00956,1.34760,1.60750,8,0x00000000,1,-0.40400,-0.40207,-0.01043,3.79015,3.65501,8,0x00000000,1,-0.38324,-0.37903,-0.00125,3.91792,4.01816,8,0x00000000,1,-0.45562,-0.44735,0.00037,1.02408,0.93107,8,0x00000000,1
23.0784,-0.14710,0.08269,-39.00388,-0.14710,0.08269,-0.14196,0.08262,0.05059,0.36360,0.19255,0.28098,0.19255,0.28098,0.00000,0.00000,0,0.00037,-0.43316,-0.42932,0.00834,1.50242,1.54325,8,0x00000000,1,-0.38218,-0.38998,0.01213,-1.00324,-0.86460,8,0x00000000,1,-0.39415,-0.39182,0.00138,1.36451,1.38330,8,0x00000000,1,-0.40428,-0.40234,-0.01074,3.76693,3.87279,8,0x00000000,1,-0.38358,-0.38075,-0.03909,3.78179,3.79959,8,0x00000000,1,-0.45584,-0.44757,0.00068,1.12189,1.07847,8,0x00000000,1
23.1767,-0.16765,0.07541,-39.02064,-0.16765,0.07541,-0.15516,0.07956,0.05458,0.36140,0.20974,0.28184,0.20974,0.28184,0.00000,0.00000,0,0.00040,-0.43354,-0.42968,-0.01462,1.48733,1.58066,8,0x00000000,1,-0.38139,-0.38949,0.00721,-1.13450,-1.07635,8,0x00000000,1,-0.39337,-0.39183,-0.00286,1.31332,1.26227,8,0x00000000,1,-0.40458,-0.40261,-0.00835,3.81394,3.87249,8,0x00000000,1,-0.38399,-0.38475,-0.02713,3.57794,3.47899,8,0x00000000,1,-0.45632,-0.44817,-0.00441,1.20588,1.27796,8,0x00000000,1
23.2753,-0.18016,0.07025,-39.04296,-0.18016,0.07025,-0.17187,0.07307,0.05901,0.35935,0.23088,0.28628,0.23088,0.28628,0.00000,0.00000,0,0.00033,-0.43415,-0.43019,-0.00209,1.53972,1.46915,8,0x00000000,1,-0.38044,-0.38880,0.00675,-1.24665,-1.35466,8,0x00000000,1,-0.39238,-0.39182,0.00258,1.27887,1.28860,8,0x00000000,1,-0.40481,-0.40299,0.00342,3.85129,4.04770,8,0x00000000,1,-0.38437,-0.38756,-0.02569,3.41524,3.39932,8,0x00000000,1,-0.45705,-0.44950,-0.01475,1.21214,1.17900,8,0x00000000,1
23.3717,-0.19567,0.06339,-39.05188,-0.19567,0.06339,-0.18914,0.06685,0.06390,0.35746,0.25304,0.29061,0.25304,0.29061,0.00000,0.00000,0,0.00096,-0.43477,-0.43102,-0.02539,1.58483,1.52816,8,0x00000000,1,-0.37944,-0.38799,0.00753,-1.33405,-1.45959,8,0x00000000,1,-0.39136,-0.39183,-0.00317,1.19633,1.24621,8,0x00000000,1,-0.40506,-0.40352,-0.00906,3.83350,3.76182,8,0x00000000,1,-0.38479,-0.38886,-0.01624,3.33017,3.27497,8,0x00000000,1,-0.45779,-0.45078,-0.00167,1.29344,1.23139,8,0x00000000,1
23.4686,-0.20818,0.05723,-39.03439,-0.20818,0.05723,-0.20131,0.06093,0.06920,0.35574,0.27051,0.29481,0.27051,0.29481,0.00000,0.00000,0,0.00039,-0.43529,-0.43189,0.00308,1.64292,1.59271,8,0x00000000,1,-0.37865,-0.38655,0.01507,-1.38261,-1.43565,8,0x00000000,1,-0.39054,-0.39180,0.00896,1.15023,1.10511,8,0x00000000,1,-0.40523,-0.40415,-0.00499,3.81178,3.88783,8,0x00000000,1,-0.38508,-0.38962,-0.01050,3.25290,3.19945,8,0x00000000,1,-0.45841,-0.45200,-0.01187,1.33939,1.32094,8,0x00000000,1
23.5641,-0.21422,0.05453,-39.03391,-0.21422,0.05453,-0.20850,0.05664,0.07475,0.35417,0.28325,0.29752,0.28325,0.29752,0.00000,0.00000,0,0.00032,-0.43566,-0.43370,-0.03455,1.50353,1.42321,8,0x00000000,1,-0.37808,-0.38172,0.10588,-0.92827,-0.81704,8,0x00000000,1,-0.38995,-0.39181,0.00049,1.06636,1.05134,8,0x00000000,1,-0.40537,-0.40507,-0.01417,3.77348,3.69107,8,0x00000000,1,-0.38531,-0.38991,-0.01281,3.19463,3.44083,8,0x00000000,1,-0.45884,-0.45285,-0.01837,1.33203,1.40253,8,0x00000000,1
23.6597,-0.21823,0.00629,-39.08149,-0.21823,0.00629,-0.21497,0.03212,0.08049,0.35288,0.29546,0.32076,0.29546,0.32076,0.00000,0.00000,0,0.00025,-0.43686,-0.43599,-0.01403,1.46903,1.55042,8,0x00000000,1,-0.37760,-0.36833,0.45690,1.01795,0.35964,8,0x00000000,1,-0.38932,-0.39183,-0.00705,1.00263,1.09108,8,0x00000000,1,-0.40464,-0.40585,0.00959,3.70616,3.51997,8,0x00000000,1,-0.38474,-0.39010,0.00453,3.09858,3.05756,8,0x00000000,1,-0.46004,-0.45359,-0.01710,1.46499,1.42944,8,0x00000000,1
23.7600,-0.21890,-0.06236,-39.15147,-0.21890,-0.06236,-0.21602,-0.03380,0.08634,0.35298,0.30237,0.38678,0.30237,0.38678,0.00000,0.00000,0,0.00030,-0.43974,-0.43711,-0.01695,1.65409,1.52451,8,0x00000000,1,-0.37753,-0.36096,-0.00663,0.32291,0.38580,8,0x00000000,1,-0.38878,-0.39182,-0.00163,0.95975,0.94732,8,0x00000000,1,-0.40204,-0.40611,-0.00247,3.42541,3.35391,8,0x00000000,1,-0.38241,-0.39012,-0.00104,2.82678,2.83743,8,0x00000000,1,-0.46271,-0.45483,-0.00661,1.67165,1.70680,8,0x00000000,1
23.8581,-0.21532,-0.06682,-39.15560,-0.21532,-0.06682,-0.22052,-0.05504,0.09228,0.35424,0.31280,0.40929,0.31280,0.40929,0.00000,0.00000,0,0.00030,-0.44088,-0.43775,-0.01151,1.67486,1.71488,8,0x00000000,1,-0.37713,-0.36097,0.00192,0.50133,0.43901,8,0x00000000,1,-0.38823,-0.39181,-0.00198,0.87731,0.89314,8,0x00000000,1,-0.40131,-0.40616,0.00003,3.39192,3.48207,8,0x00000000,1,-0.38183,-0.39010,0.00811,2.75296,2.66732,8,0x00000000,1,-0.46384,-0.45548,-0.00276,1.77846,1.75306,8,0x00000000,1
23.9538,-0.22330,-0.06646,-39.14040,-0.22330,-0.06646,-0.22147,-0.06493,0.09824,0.35589,0.31972,0.42082,0.31972,0.42082,0.00000,0.00000,0,0.00039,-0.44150,-0.43795,0.01095,1.76573,1.79100,8,0x00000000,1,-0.37686,-0.36109,-0.00618,0.65304,0.65887,8,0x00000000,1,-0.38787,-0.39179,0.00419,0.82185,0.89390,8,0x00000000,1,-0.40096,-0.40620,0.00587,3.29783,3.20528,8,0x00000000,1,-0.38157,-0.39010,0.00217,2.64774,2.75202,8,0x00000000,1,-0.46445,-0.45585,-0.00802,1.89792,1.84643,8,0x00000000,1
24.0529,-0.22078,-0.07354,-39.15118,-0.22078,-0.07354,-0.22175,-0.07000,0.10422,0.35772,0.32597,0.42771,0.32597,0.42771,0.00000,0.00000,0,0.00039,-0.44191,-0.43822,-0.00530,1.81837,1.78489,8,0x00000000,1,-0.37659,-0.36125,0.00494,0.82772,0.80632,8,0x00000000,1,-0.38757,-0.39181,-0.00900,0.73319,0.73679,8,0x00000000,1,-0.40080,-0.40620,0.00553,3.22625,3.08645,8,0x00000000,1,-0.38147,-0.39012,-0.00774,2.53255,2.42237,8,0x00000000,1,-0.46488,-0.45619,-0.00811,1.98840,1.98302,8,0x00000000,1
24.1479,-0.22135,-0.07220,-39.15488,-0.22135,-0.07220,-0.22193,-0.07194,0.11020,0.35965,0.33213,0.43159,0.33213,0.43159,0.00000,0.00000,0,0.00027,-0.44220,-0.43845,-0.00188,1.85010,1.79067,8,0x00000000,1,-0.37633,-0.36152,-0.01138,0.92516,0.81293,8,0x00000000,1,-0.38727,-0.39178,0.00585,0.69895,0.73743,8,0x00000000,1,-0.40076,-0.40623,-0.01109,3.13148,3.09383,8,0x00000000,1,-0.38149,-0.39008,0.00821,2.43925,2.50043,8,0x00000000,1,-0.46519,-0.45650,-0.00199,2.09971,2.12024,8,0x00000000,1
24.2473,-0.22034,-0.07309,-39.15834,-0.22034,-0.07309,-0.22148,-0.07367,0.11619,0.36162,0.33767,0.43529,0.33767,0.43529,0.00000,0.00000,0,0.00264,-0.44246,-0.43863,-0.00287,1.92308,1.84858,8,0x00000000,1,-0.37608,-0.36173,-0.01205,1.08715,0.99460,8,0x00000000,1,-0.38701,-0.39180,-0.01034,0.62103,0.62735,8,0x00000000,1,-0.40071,-0.40621,-0.00491,3.05591,3.10332,8,0x00000000,1,-0.38149,-0.39011,-0.00488,2.32065,2.25709,8,0x00000000,1,-0.46547,-0.45677,0.00182,2.23904,2.17125,8,0x00000000,1
24.3427,-0.22334,-0.06813,-39.15136,-0.22334,-0.06813,-0.22202,-0.07053,0.12217,0.36357,0.34419,0.43410,0.34419,0.43410,0.00000,0.00000,0,0.00032,-0.44254,-0.43884,-0.00471,1.93802,1.87357,8,0x00000000,1,-0.37578,-0.36194,-0.00346,1.23298,1.17020,8,0x00000000,1,-0.38671,-0.39177,0.00027,0.53637,0.57255,8,0x00000000,1,-0.40089,-0.40619,-0.00636,3.01596,2.91176,8,0x00000000,1,-0.38170,-0.39008,0.00551,2.25714,2.16097,8,0x00000000,1,-0.46560,-0.45700,-0.00437,2.27717,2.49222,8,0x00000000,1
24.4435,-0.22040,-0.07099,-39.15679,-0.22040,-0.07099,-0.22112,-0.06954,0.12815,0.36544,0.34927,0.43498,0.34927,0.43498,0.00000,0.00000,0,0.00039,-0.44268,-0.43902,-0.01598,1.99539,1.92238,8,0x00000000,1,-0.37555,-0.36217,0.00315,1.36453,1.34553,8,0x00000000,1,-0.38648,-0.39175,0.00073,0.46146,0.49239,8,0x00000000,1,-0.40095,-0.40617,-0.00029,2.95609,2.96473,8,0x00000000,1,-0.38180,-0.39008,0.00781,2.15796,2.19032,8,0x00000000,1,-0.46576,-0.45725,0.00142,2.39463,2.31075,8,0x00000000,1
24.5424,-0.21991,-0.07142,-39.15766,-0.21991,-0.07142,-0.22081,-0.07081,0.13412,0.36734,0.35493,0.43815,0.35493,0.43815,0.00000,0.00000,0,0.00029,-0.44292,-0.43924,-0.01609,2.06109,2.03638,8,0x00000000,1,-0.37530,-0.36242,-0.00054,1.47730,1.46121,8,0x00000000,1,-0.38621,-0.39173,-0.00189,0.38227,0.43052,8,0x00000000,1,-0.40093,-0.40614,0.00099,2.90294,2.84337,8,0x00000000,1,-0.38183,-0.39010,-0.00570,2.04232,2.11051,8,0x00000000,1,-0.46603,-0.45750,-0.00288,2.51255,2.45494,8,0x00000000,1
24.6434,-0.22258,-0.07312,-39.15290,-0.22258,-0.07312,-0.22120,-0.07151,0.14009,0.36925,0.36128,0.44076,0.36128,0.44076,0.00000,0.00000,0,0.00120,-0.44316,-0.43940,0.00025,2.08057,2.02227,8,0x00000000,1,-0.37502,-0.36266,-0.00118,1.60965,1.56772,8,0x00000000,1,-0.38591,-0.39170,0.00220,0.30477,0.32136,8,0x00000000,1,-0.40095,-0.40613,-0.00161,2.85133,2.68883,8,0x00000000,1,-0.38189,-0.39010,-0.00659,1.94681,1.81557,8,0x00000000,1,-0.46630,-0.45773,0.00342,2.60978,2.61319,8,0x00000000,1
24.7377,-0.22262,-0.07446,-39.15754,-0.22262,-0.07446,-0.22195,-0.07364,0.14607,0.37121,0.36802,0.44486,0.36802,0.44486,0.00000,0.00000,0,0.00028,-0.44346,-0.43962,-0.00366,2.10695,2.27064,8,0x00000000,1,-0.37473,-0.36291,-0.00723,1.69919,1.55185,8,0x00000000,1,-0.38559,-0.39167,-0.00288,0.21479,0.25736,8,0x00000000,1,-0.40091,-0.40610,0.00571,2.82751,2.69309,8,0x00000000,1,-0.38191,-0.39011,-0.01077,1.83117,1.88802,8,0x00000000,1,-0.46663,-0.45808,-0.01167,2.67766,2.63200,8,0x00000000,1
24.8327,-0.22114,-0.07442,-39.16242,-0.22114,-0.07442,-0.22105,-0.07397,0.15205,0.37321,0.37309,0.44718,0.37309,0.44718,0.00000,0.00000,0,0.00029,-0.44366,-0.43981,-0.01233,2.17659,2.22726,8,0x00000000,1,-0.37450,-0.36321,-0.01341,1.79087,1.88085,8,0x00000000,1,-0.38535,-0.39162,0.00321,0.14847,0.08807,8,0x00000000,1,-0.40091,-0.40610,-0.00035,2.75044,2.73145,8,0x00000000,1,-0.38196,-0.39010,-0.00665,1.79748,1.65030,8,0x00000000,1,-0.46685,-0.45830,-0.00296,2.80188,2.88613,8,0x00000000,1
24.9338,-0.21586,-0.07298,-39.15981,-0.21586,-0.07298,-0.21882,-0.07428,0.15800,0.37522,0.37682,0.44950,0.37682,0.44950,0.00000,0.00000,0,0.00092,-0.44383,-0.44003,-0.00684,2.22306,2.35276,8,0x00000000,1,-0.37434,-0.36344,-0.00559,1.89116,1.84473,8,0x00000000,1,-0.38517,-0.39156,0.00957,0.05302,0.01934,8,0x00000000,1,-0.40089,-0.40605,0.00074,2.68740,2.73762,8,0x00000000,1,-0.38197,-0.39007,0.00166,1.70550,1.66991,8,0x00000000,1,-0.46703,-0.45861,-0.00534,2.86179,2.85034,8,0x00000000,1
25.0288,-0.21834,-0.07477,-39.16136,-0.21834,-0.07477,-0.21807,-0.07411,0.16389,0.37721,0.38196,0.45132,0.38196,0.45132,0.00000,0.00000,0,0.00033,-0.44401,-0.44022,0.00506,2.26161,2.25094,8,0x00000000,1,-0.37411,-0.36374,-0.00474,1.98495,1.99604,8,0x00000000,1,-0.38493,-0.39153,0.00074,-0.04554,0.02632,8,0x00000000,1,-0.40091,-0.40604,0.00316,2.61074,2.60610,8,0x00000000,1,-0.38203,-0.39008,-0.00496,1.59139,1.52516,8,0x00000000,1,-0.46724,-0.45890,-0.00184,3.00456,3.04767,8,0x00000000,1
25.1306,-0.22019,-0.07662,-39.16171,-0.22019,-0.07662,-0.21902,-0.07559,0.16978,0.37923,0.38880,0.45482,0.38880,0.45482,0.00000,0.00000,0,0.00306,-0.44429,-0.44044,0.00197,2.32043,2.28710,8,0x00000000,1,-0.37381,-0.36395,0.00096,2.07641,2.12260,8,0x00000000,1,-0.38461,-0.39147,0.00053,-0.14573,-0.06636,8,0x00000000,1,-0.40090,-0.40602,-0.00174,2.54492,2.54002,8,0x00000000,1,-0.38208,-0.38998,0.00413,1.51298,1.64653,8,0x00000000,1,-0.46755,-0.45926,-0.01373,3.04014,3.01148,8,0x00000000,1
25.2234,-0.22029,-0.07485,-39.16428,-0.22029,-0.07485,-0.21894,-0.07547,0.17569,0.38127,0.39463,0.45674,0.39463,0.45674,0.00000,0.00000,0,0.00046,-0.44449,-0.44060,0.00427,2.34802,2.35819,8,0x00000000,1,-0.37355,-0.36420,-0.00711,2.15376,2.10418,8,0x00000000,1,-0.38434,-0.39141,-0.00215,-0.24327,-0.23316,8,0x00000000,1,-0.40094,-0.40597,0.00400,2.49939,2.48295,8,0x00000000,1,-0.38215,-0.38990,0.00224,1.44152,1.52335,8,0x00000000,1,-0.46777,-0.45956,-0.00513,3.14443,3.21269,8,0x00000000,1
25.3210,-0.22011,-0.07667,-39.16731,-0.22011,-0.07667,-0.21992,-0.07636,0.18161,0.38331,0.40154,0.45967,0.40154,0.45967,0.00000,0.00000,0,0.00045,-0.44475,-0.44082,-0.00113,2.41948,2.42873,8,0x00000000,1,-0.37324,-0.36445,-0.00735,2.22457,2.18891,8,0x00000000,1,-0.38401,-0.39130,0.00352,-0.33183,-0.27469,8,0x00000000,1,-0.40095,-0.40598,-0.00218,2.42027,2.33029,8,0x00000000,1,-0.38222,-0.38986,-0.00262,1.33193,1.39958,8,0x00000000,1,-0.46807,-0.45990,0.00519,3.28723,3.37909,8,0x00000000,1
25.4193,-0.22202,-0.07666,-39.16218,-0.22202,-0.07666,-0.22132,-0.07698,0.18758,0.38539,0.40891,0.46237,0.40891,0.46237,0.00000,0.00000,0,0.00134,-0.44500,-0.44102,0.01079,2.46668,2.53515,8,0x00000000,1,-0.37291,-0.36468,-0.00548,2.29594,2.24044,8,0x00000000,1,-0.38366,-0.39122,-0.00097,-0.45187,-0.50996,8,0x00000000,1,-0.40098,-0.40595,-0.00438,2.37664,2.29953,8,0x00000000,1,-0.38231,-0.38981,0.00413,1.26839,1.34846,8,0x00000000,1,-0.46836,-0.46030,-0.00455,3.36595,3.42599,8,0x00000000,1
25.5147,-0.22191,-0.08032,-39.16305,-0.22191,-0.08032,-0.22178,-0.07875,0.19357,0.38749,0.41535,0.46624,0.41535,0.46624,0.00000,0.00000,0,0.00028,-0.44529,-0.44126,-0.01095,2.49079,2.49679,8,0x00000000,1,-0.37263,-0.36488,-0.00329,2.35848,2.29814,8,0x00000000,1,-0.38336,-0.39109,-0.00177,-0.54945,-0.50884,8,0x00000000,1,-0.40095,-0.40591,0.00013,2.31839,2.38064,8,0x00000000,1,-0.38233,-0.38976,-0.00263,1.19230,1.26823,8,0x00000000,1,-0.46868,-0.46069,-0.00025,3.45871,3.39697,8,0x00000000,1
25.6155,-0.22153,-0.07944,-39.17188,-0.22153,-0.07944,-0.22130,-0.07957,0.19954,0.38963,0.42084,0.46920,0.42084,0.46920,0.00000,0.00000,0,0.00109,-0.44553,-0.44149,-0.00097,2.53907,2.62894,8,0x00000000,1,-0.37239,-0.36507,0.00456,2.44438,2.56293,8,0x00000000,1,-0.38310,-0.39098,-0.00018,-0.63626,-0.56029,8,0x00000000,1,-0.40093,-0.40589,0.00155,2.27368,2.27037,8,0x00000000,1,-0.38236,-0.38966,0.00792,1.13320,1.15777,8,0x00000000,1,-0.46893,-0.46104,0.00338,3.53536,3.71492,8,0x00000000,1
25.7146,-0.22190,-0.07727,-39.16784,-0.22190,-0.07727,-0.22111,-0.07782,0.20551,0.39176,0.42662,0.46957,0.42662,0.46957,0.00000,0.00000,0,0.00028,-0.44566,-0.44176,-0.00318,2.58776,2.55600,8,0x00000000,1,-0.37213,-0.36528,-0.00087,2.49847,2.61308,8,0x00000000,1,-0.38283,-0.39062,0.01225,-0.71235,-0.67786,8,0x00000000,1,-0.40103,-0.40585,0.00271,2.22046,2.20571,8,0x00000000,1,-0.38250,-0.38959,0.00298,1.05303,1.01327,8,0x00000000,1,-0.46910,-0.46141,-0.01319,3.59352,3.43031,8,0x00000000,1
25.8144,-0.22441,-0.09002,-39.16103,-0.22441,-0.09002,-0.22347,-0.08442,0.21152,0.39393,0.43498,0.47835,0.43498,0.47835,0.00000,0.00000,0,0.00103,-0.44619,-0.44203,-0.00634,2.63059,2.76899,8,0x00000000,1,-0.37177,-0.36550,-0.00518,2.50824,2.45051,8,0x00000000,1,-0.38242,-0.38976,0.00409,-0.77552,-0.76061,8,0x00000000,1,-0.40083,-0.40582,0.00327,2.16412,2.22017,8,0x00000000,1,-0.38238,-0.38950,0.00674,0.96000,1.03915,8,0x00000000,1,-0.46965,-0.46174,-0.00640,3.69843,3.80180,8,0x00000000,1
25.9128,-0.22693,-0.09856,-39.16302,-0.22693,-0.09856,-0.22549,-0.09275,0.21757,0.39633,0.44306,0.48908,0.44306,0.48908,0.00000,0.00000,0,0.00036,-0.44679,-0.44231,-0.00639,2.75477,2.85363,8,0x00000000,1,-0.37144,-0.36572,-0.00270,2.56827,2.46814,8,0x00000000,1,-0.38202,-0.38926,-0.00333,-0.87383,-0.81359,8,0x00000000,1,-0.40054,-0.40577,0.00170,2.07379,2.00607,8,0x00000000,1,-0.38218,-0.38941,0.00162,0.86239,0.84818,8,0x00000000,1,-0.47026,-0.46229,-0.02356,3.78341,3.80805,8,0x00000000,1
26.0116,-0.22691,-0.10315,-39.15827,-0.22691,-0.10315,-0.22641,-0.10028,0.22368,0.39896,0.45009,0.49924,0.45009,0.49924,0.00000,0.00000,0,0.00153,-0.44736,-0.44261,0.00114,2.79343,2.77070,8,0x00000000,1,-0.37116,-0.36582,0.00876,2.61189,2.56203,8,0x00000000,1,-0.38166,-0.38871,0.00061,-0.93817,-0.87212,8,0x00000000,1,-0.40026,-0.40572,0.00034,2.01248,2.02128,8,0x00000000,1,-0.38198,-0.38926,-0.00015,0.74542,0.74697,8,0x00000000,1,-0.47083,-0.46282,-0.02630,3.85371,3.88852,8,0x00000000,1
26.1064,-0.22728,-0.11177,-39.14587,-0.22728,-0.11177,-0.22631,-0.10687,0.22980,0.40175,0.45611,0.50862,0.45611,0.50862,0.00000,0.00000,0,0.00044,-0.44787,-0.44296,-0.00229,2.85958,2.83392,8,0x00000000,1,-0.37091,-0.36602,-0.00320,2.64194,2.52996,8,0x00000000,1,-0.38136,-0.38800,-0.00093,-0.97448,-1.08849,8,0x00000000,1,-0.39999,-0.40565,0.00538,1.92392,1.92069,8,0x00000000,1,-0.38178,-0.38913,-0.00326,0.70437,0.71346,8,0x00000000,1,-0.47134,-0.46330,0.00574,4.00961,4.06324,8,0x00000000,1
26.2036,-0.22654,-0.12015,-39.14402,-0.22654,-0.12015,-0.22661,-0.11596,0.23592,0.40477,0.46253,0.52073,0.46253,0.52073,0.00000,0.00000,0,0.00033,-0.44850,-0.44324,0.00053,2.92581,3.00468,8,0x00000000,1,-0.37066,-0.36619,-0.00450,2.63605,2.63612,8,0x00000000,1,-0.38103,-0.38720,0.00473,-1.03316,-0.90967,8,0x00000000,1,-0.39961,-0.40559,0.00298,1.82992,1.59960,8,0x00000000,1,-0.38149,-0.38890,0.00684,0.59018,0.51572,8,0x00000000,1,-0.47197,-0.46382,-0.00127,4.12009,4.03269,8,0x00000000,1
26.2994,-0.22624,-0.12898,-39.14397,-0.22624,-0.12898,-0.22661,-0.12397,0.24204,0.40801,0.46865,0.53198,0.46865,0.53198,0.00000,0.00000,0,0.00042,-0.44909,-0.44363,0.00079,3.04937,2.88363,8,0x00000000,1,-0.37042,-0.36636,-0.01251,2.67146,2.81907,8,0x00000000,1,-0.38071,-0.38647,0.01253,-1.04735,-0.96546,8,0x00000000,1,-0.39926,-0.40551,0.00616,1.76719,1.71270,8,0x00000000,1,-0.38122,-0.38862,0.00396,0.50814,0.52616,8,0x00000000,1,-0.47255,-0.46431,-0.00459,4.20005,4.02728,8,0x00000000,1
26.3970,-0.22240,-0.14019,-39.14145,-0.22240,-0.14019,-0.22501,-0.13446,0.24813,0.41151,0.47314,0.54596,0.47314,0.54596,0.00000,0.00000,0,0.00037,-0.44976,-0.44393,0.00056,3.11015,3.22537,8,0x00000000,1,-0.37027,-0.36654,-0.01261,2.69233,2.78851,8,0x00000000,1,-0.38046,-0.38568,0.00605,-1.08549,-1.17478,8,0x00000000,1,-0.39877,-0.40542,0.00258,1.66251,1.66957,8,0x00000000,1,-0.38081,-0.38843,-0.00325,0.40018,0.39023,8,0x00000000,1,-0.47320,-0.46483,-0.00270,4.32936,4.30889,8,0x00000000,1
26.4923,-0.22726,-0.15266,-39.12793,-0.22726,-0.15266,-0.22547,-0.14456,0.25421,0.41527,0.47967,0.55983,0.47967,0.55983,0.00000,0.00000,0,0.00030,-0.45046,-0.44436,-0.00771,3.17567,3.10271,8,0x00000000,1,-0.37002,-0.36670,-0.00436,2.71270,2.76109,8,0x00000000,1,-0.38011,-0.38373,0.02060,-0.99046,-0.86998,8,0x00000000,1,-0.39832,-0.40525,0.01496,1.56103,1.63954,8,0x00000000,1,-0.38045,-0.38812,-0.00127,0.27234,0.46225,8,0x00000000,1,-0.47389,-0.46525,-0.00216,4.40045,4.39530,8,0x00000000,1
26.5917,-0.23414,-0.17651,-39.10583,-0.23414,-0.17651,-0.23077,-0.16366,0.26037,0.41942,0.49114,0.58309,0.49114,0.58309,0.00000,0.00000,0,0.00218,-0.45166,-0.44474,-0.00482,3.33052,3.29805,8,0x00000000,1,-0.36958,-0.36678,-0.00054,2.71388,2.72799,8,0x00000000,1,-0.37952,-0.38033,0.03512,-0.76693,-0.72432,8,0x00000000,1,-0.39758,-0.40511,0.01188,1.44472,1.48556,8,0x00000000,1,-0.37987,-0.38771,0.00067,0.19741,0.22219,8,0x00000000,1,-0.47507,-0.46573,-0.00712,4.54908,4.54837,8,0x00000000,1
26.6901,-0.24192,-0.21057,-39.07993,-0.24192,-0.21057,-0.23680,-0.19093,0.26668,0.42421,0.50348,0.61514,0.50348,0.61514,0.00000,0.00000,0,0.00027,-0.45324,-0.44521,-0.00322,3.51101,3.45566,8,0x00000000,1,-0.36913,-0.36684,-0.00194,2.71020,2.77667,8,0x00000000,1,-0.37885,-0.37603,0.04165,-0.50729,-0.54071,8,0x00000000,1,-0.39649,-0.40492,0.00348,1.26165,1.28050,8,0x00000000,1,-0.37897,-0.38722,0.00766,0.09497,0.17688,8,0x00000000,1,-0.47661,-0.46639,0.00447,4.76604,4.62240,8,0x00000000,1
26.7880,-0.24076,-0.23136,-39.06630,-0.24076,-0.23136,-0.24087,-0.21850,0.27314,0.42978,0.51401,0.64829,0.51401,0.64829,0.00000,0.00000,0,0.00123,-0.45483,-0.44583,0.00736,3.65914,3.61957,8,0x00000000,1,-0.36876,-0.36687,0.00541,2.74372,2.75530,8,0x00000000,1,-0.37826,-0.37303,0.01259,-0.38479,-0.32575,8,0x00000000,1,-0.39532,-0.40468,-0.00018,1.11160,1.16516,8,0x00000000,1,-0.37798,-0.38625,0.01922,0.01259,-0.00128,8,0x00000000,1,-0.47813,-0.46727,-0.01137,4.92584,4.94555,8,0x00000000,1
26.8859,-0.24010,-0.24353,-39.04903,-0.24010,-0.24353,-0.24035,-0.23571,0.27966,0.43595,0.52001,0.67166,0.52001,0.67166,0.00000,0.00000,0,0.00040,-0.45592,-0.44641,0.00408,3.81513,3.78281,8,0x00000000,1,-0.36857,-0.36691,0.00262,2.72186,2.71928,8,0x00000000,1,-0.37791,-0.37226,-0.00359,-0.31610,-0.39691,8,0x00000000,1,-0.39447,-0.40441,0.00018,0.95134,1.01185,8,0x00000000,1,-0.37725,-0.38488,0.01399,-0.02851,-0.08121,8,0x00000000,1,-0.47917,-0.46839,-0.01114,5.02198,4.97702,8,0x00000000,1
26.9844,-0.23500,-0.25057,-39.04358,-0.23500,-0.25057,-0.23640,-0.24480,0.28610,0.44245,0.52251,0.68725,0.52251,0.68725,0.00000,0.00000,0,0.00160,-0.45662,-0.44690,-0.01335,3.88106,3.88016,8,0x00000000,1,-0.36851,-0.36699,-0.00396,2.71115,2.65645,8,0x00000000,1,-0.37774,-0.37221,-0.00752,-0.27361,-0.28728,8,0x00000000,1,-0.39387,-0.40413,0.00062,0.84086,1.01671,8,0x00000000,1,-0.37673,-0.38265,0.02769,0.06765,0.07821,8,0x00000000,1,-0.47983,-0.47025,-0.02241,5.04417,5.06261,8,0x00000000,1
27.0806,-0.21632,-0.25560,-39.02396,-0.21632,-0.25560,-0.22716,-0.25202,0.29239,0.44918,0.51955,0.70120,0.51955,0.70120,0.00000,0.00000,0,0.00116,-0.45714,-0.44733,-0.00997,4.04373,3.92941,8,0x00000000,1,-0.36870,-0.36703,-0.00652,2.76315,2.89158,8,0x00000000,1,-0.37783,-0.37220,0.00003,-0.20902,-0.16887,8,0x00000000,1,-0.39324,-0.40374,0.00895,0.69817,0.72816,8,0x00000000,1,-0.37612,-0.37672,0.01383,0.32509,0.32794,8,0x00000000,1,-0.48028,-0.47236,-0.02305,5.00514,5.09826,8,0x00000000,1
27.1769,-0.20955,-0.26209,-39.02300,-0.20955,-0.26209,-0.21610,-0.25812,0.29833,0.45607,0.51442,0.71420,0.51442,0.71420,0.00000,0.00000,0,0.00040,-0.45757,-0.44767,0.00000,4.10393,4.18446,8,0x00000000,1,-0.36898,-0.36716,0.00221,2.79660,2.71454,8,0x00000000,1,-0.37802,-0.37221,0.00040,-0.12487,-0.08260,8,0x00000000,1,-0.39260,-0.40335,-0.00673,0.53123,0.61338,8,0x00000000,1,-0.37549,-0.37626,0.01439,0.25179,0.25621,8,0x00000000,1,-0.48063,-0.47452,-0.02235,4.95413,4.89677,8,0x00000000,1
27.2773,-0.20390,-0.26725,-39.00977,-0.20390,-0.26725,-0.20773,-0.26371,0.30403,0.46312,0.51176,0.72683,0.51176,0.72683,0.00000,0.00000,0,0.00038,-0.45805,-0.44814,-0.00489,4.21044,4.26654,8,0x00000000,1,-0.36915,-0.36733,0.00432,2.82671,2.65906,8,0x00000000,1,-0.37810,-0.37222,-0.00190,-0.06000,-0.14809,8,0x00000000,1,-0.39202,-0.40277,0.00880,0.43645,0.50401,8,0x00000000,1,-0.37494,-0.37605,-0.00109,0.23025,0.24448,8,0x00000000,1,-0.48104,-0.47648,-0.01961,4.92140,4.93740,8,0x00000000,1
27.3722,-0.19992,-0.27364,-38.99324,-0.19992,-0.27364,-0.20293,-0.26929,0.30958,0.47032,0.51251,0.73961,0.51251,0.73961,0.00000,0.00000,0,0.00047,-0.45859,-0.44855,0.00349,4.44292,4.49769,8,0x00000000,1,-0.36916,-0.36747,-0.00016,2.84445,2.76484,8,0x00000000,1,-0.37803,-0.37220,0.01071,0.04412,0.04545,8,0x00000000,1,-0.39151,-0.40203,0.01028,0.33841,0.24743,8,0x00000000,1,-0.37448,-0.37590,0.00870,0.21219,0.15588,8,0x00000000,1,-0.48154,-0.47804,-0.01139,4.92929,4.89434,8,0x00000000,1
27.4762,-0.19393,-0.28324,-38.99301,-0.19393,-0.28324,-0.19594,-0.27806,0.31495,0.47771,0.51090,0.75577,0.51090,0.75577,0.00000,0.00000,0,0.00689,-0.45923,-0.44899,0.01227,4.56727,4.36892,8,0x00000000,1,-0.36930,-0.36762,0.00373,2.86545,2.79542,8,0x00000000,1,-0.37805,-0.37223,0.00293,0.07702,0.09403,8,0x00000000,1,-0.39081,-0.40073,0.01317,0.23294,0.22407,8,0x00000000,1,-0.37382,-0.37578,-0.00131,0.12162,0.16713,8,0x00000000,1,-0.48211,-0.47952,-0.00942,4.90495,4.94312,8,0x00000000,1
27.5669,-0.18652,-0.29237,-38.99570,-0.18652,-0.29237,-0.19049,-0.28805,0.32016,0.48536,0.51065,0.77341,0.51065,0.77341,0.00000,0.00000,0,0.00126,-0.45996,-0.44959,-0.00775,4.62068,4.58131,8,0x00000000,1,-0.36937,-0.36778,-0.00597,2.86051,2.81028,8,0x00000000,1,-0.37800,-0.37223,0.00286,0.14554,0.12193,8,0x00000000,1,-0.39007,-0.39973,0.00897,0.17140,0.22319,8,0x00000000,1,-0.37314,-0.37553,0.00679,0.07942,0.04749,8,0x00000000,1,-0.48277,-0.48085,-0.00568,4.87371,4.85882,8,0x00000000,1
27.6625,-0.17894,-0.30152,-38.98913,-0.17894,-0.30152,-0.18389,-0.29560,0.32521,0.49324,0.50910,0.78884,0.50910,0.78884,0.00000,0.00000,0,0.00039,-0.46057,-0.45019,-0.02041,4.79140,4.64088,8,0x00000000,1,-0.36950,-0.36795,-0.00098,2.86342,2.88687,8,0x00000000,1,-0.37802,-0.37226,-0.00101,0.21037,0.20635,8,0x00000000,1,-0.38940,-0.39897,0.01221,0.06260,0.21145,8,0x00000000,1,-0.37252,-0.37535,-0.00026,0.01378,0.03711,8,0x00000000,1,-0.48331,-0.48248,-0.02529,4.78760,4.81294,8,0x00000000,1
27.7619,-0.17166,-0.30858,-38.97899,-0.17166,-0.30858,-0.17693,-0.30419,0.33008,0.50134,0.50701,0.80553,0.50701,0.80553,0.00000,0.00000,0,0.00026,-0.46123,-0.45077,0.00315,4.90530,4.93452,8,0x00000000,1,-0.36966,-0.36815,0.00081,2.88167,2.82254,8,0x00000000,1,-0.37806,-0.37228,-0.00230,0.26432,0.28292,8,0x00000000,1,-0.38867,-0.39832,0.00325,-0.08933,0.00113,8,0x00000000,1,-0.37183,-0.37504,0.00875,-0.00605,-0.05919,8,0x00000000,1,-0.48388,-0.48441,-0.02307,4.71874,4.86886,8,0x00000000,1
27.8615,-0.15994,-0.31761,-38.96374,-0.15994,-0.31761,-0.16678,-0.31246,0.33472,0.50967,0.50150,0.82213,0.50150,0.82213,0.00000,0.00000,0,0.00032,-0.46181,-0.45153,-0.00274,4.98571,4.85576,8,0x00000000,1,-0.36997,-0.36839,0.00035,2.90319,2.90524,8,0x00000000,1,-0.37826,-0.37231,0.00218,0.37744,0.33945,8,0x00000000,1,-0.38787,-0.39766,0.00532,-0.19042,0.00962,8,0x00000000,1,-0.37106,-0.37477,-0.00522,-0.11709,-0.05532,8,0x00000000,1,-0.48436,-0.48620,-0.02262,4.60811,4.58591,8,0x00000000,1
27.9615,-0.14724,-0.32560,-38.96018,-0.14724,-0.32560,-0.15507,-0.32120,0.33905,0.51824,0.49412,0.83943,0.49412,0.83943,0.00000,0.00000,0,0.00109,-0.46238,-0.45255,-0.02073,5.06765,5.07063,8,0x00000000,1,-0.37037,-0.36871,-0.00550,2.93413,2.87191,8,0x00000000,1,-0.37854,-0.37236,-0.00331,0.45667,0.47043,8,0x00000000,1,-0.38701,-0.39701,0.00532,-0.32861,-0.40834,8,0x00000000,1,-0.37021,-0.37445,0.00341,-0.19252,-0.14793,8,0x00000000,1,-0.48482,-0.48766,-0.01624,4.52998,4.51730,8,0x00000000,1
28.0567,-0.13675,-0.33528,-38.95880,-0.13675,-0.33528,-0.14326,-0.32982,0.34307,0.52703,0.48634,0.85685,0.48634,0.85685,0.00000,0.00000,0,0.00035,-0.46295,-0.45366,-0.00740,5.13169,5.16870,8,0x00000000,1,-0.37080,-0.36953,0.00031,2.93067,3.00301,8,0x00000000,1,-0.37884,-0.37243,-0.00171,0.55264,0.38929,8,0x00000000,1,-0.38614,-0.39626,0.01065,-0.46245,-0.39228,8,0x00000000,1,-0.36934,-0.37417,-0.00461,-0.27949,-0.21227,8,0x00000000,1,-0.48528,-0.48882,-0.01789,4.44321,4.39738,8,0x00000000,1
28.1534,-0.12669,-0.34308,-38.95528,-0.12669,-0.34308,-0.13256,-0.33865,0.34679,0.53606,0.47935,0.87471,0.47935,0.87471,0.00000,0.00000,0,0.00038,-0.46355,-0.45482,-0.00967,5.19605,5.19827,8,0x00000000,1,-0.37118,-0.37058,-0.01848,2.85601,2.94768,8,0x00000000,1,-0.37910,-0.37249,0.00169,0.65467,0.59433,8,0x00000000,1,-0.38526,-0.39547,0.00482,-0.59770,-0.47324,8,0x00000000,1,-0.36848,-0.37369,0.00861,-0.32935,-0.26206,8,0x00000000,1,-0.48577,-0.48963,-0.00958,4.39039,4.40439,8,0x00000000,1
28.2543,-0.11917,-0.34841,-38.94984,-0.11917,-0.34841,-0.12395,-0.34461,0.35025,0.54529,0.47420,0.88991,0.47420,0.88991,0.00000,0.00000,0,0.00037,-0.46408,-0.45567,-0.01770,5.29210,5.09977,8,0x00000000,1,-0.37147,-0.37277,-0.03543,2.64750,2.44791,8,0x00000000,1,-0.37928,-0.37255,0.00059,0.72666,0.68954,8,0x00000000,1,-0.38453,-0.39463,0.00550,-0.71679,-0.56445,8,0x00000000,1,-0.36777,-0.37332,0.00951,-0.44291,-0.55226,8,0x00000000,1,-0.48620,-0.49021,-0.00183,4.34118,4.37142,8,0x00000000,1
28.3496,-0.11404,-0.34309,-38.94582,-0.11404,-0.34309,-0.11836,-0.34570,0.35351,0.55464,0.47187,0.90034,0.47187,0.90034,0.00000,0.00000,0,0.00028,-0.46447,-0.45673,-0.01494,5.34153,5.46383,8,0x00000000,1,-0.37162,-0.37733,-0.03201,2.35331,2.44248,8,0x00000000,1,-0.37935,-0.37267,-0.00902,0.77578,0.79689,8,0x00000000,1,-0.38405,-0.39361,0.00850,-0.76750,-0.71532,8,0x00000000,1,-0.36731,-0.37292,0.00709,-0.50566,-0.46855,8,0x00000000,1,-0.48654,-0.49069,-0.00694,4.30583,4.31094,8,0x00000000,1
28.4448,-0.09970,-0.33979,-38.95030,-0.09970,-0.33979,-0.10781,-0.34084,0.35657,0.56389,0.46438,0.90473,0.46438,0.90473,0.00000,0.00000,0,0.00029,-0.46450,-0.45873,-0.02590,5.22408,5.21867,8,0x00000000,1,-0.37198,-0.37914,-0.01652,2.23813,2.18699,8,0x00000000,1,-0.37968,-0.37274,-0.00159,0.90108,0.80299,8,0x00000000,1,-0.38373,-0.39287,0.01118,-0.81430,-0.85014,8,0x00000000,1,-0.36695,-0.37264,-0.00220,-0.56196,-0.51398,8,0x00000000,1,-0.48651,-0.49099,-0.00160,4.23951,4.22856,8,0x00000000,1
28.5437,-0.07841,-0.34756,-38.95927,-1.07841,-0.34756,-0.60028,-0.34355,0.31555,0.57311,0.91583,0.91666,0.91583,0.91666,1.00000,0.00000,0,0.00106,-0.47400,-0.46235,-0.11270,5.32642,5.38314,8,0x00000000,1,-0.35125,-0.37968,-0.00281,-0.13517,0.59075,8,0x00000000,1,-0.35911,-0.37281,-0.00021,-0.13111,0.30300,8,0x00000000,1,-0.39203,-0.39218,0.00199,-0.44858,-0.51999,8,0x00000000,1,-0.37826,-0.37218,0.00250,0.00695,-0.35105,8,0x00000000,1,-0.49880,-0.49156,-0.04861,4.64400,4.51187,8,0x00000000,1
28.6397,0.03710,-0.58529,-38.88173,-0.96290,-0.58529,-0.91862,-0.43887,0.33791,0.58313,1.25653,1.02199,1.25653,1.02199,1.00000,0.00000,0,0.00029,-0.48518,-0.48040,-0.08233,5.29476,5.24727,8,0x00000000,1,-0.33594,-0.36516,0.44391,1.30886,0.84240,8,0x00000000,1,-0.34331,-0.35239,0.00748,-0.57167,-0.30728,8,0x00000000,1,-0.39429,-0.39289,-0.00164,-0.04268,0.02811,8,0x00000000,1,-0.38315,-0.37227,-0.00823,0.79178,0.93333,8,0x00000000,1,-0.51174,-0.50148,-0.06992,5.22114,5.06145,8,0x00000000,1
28.7404,0.10789,-0.64026,-38.91748,-0.89211,-0.64026,-0.93209,-0.58706,0.36331,0.59735,1.29540,1.18440,1.29540,1.18440,1.00000,0.00000,0,0.00182,-0.49273,-0.48651,-0.05393,5.48316,5.66584,8,0x00000000,1,-0.33471,-0.36146,0.00319,0.13260,0.13359,8,0x00000000,1,-0.34106,-0.35149,0.00412,-0.51105,-0.56454,8,0x00000000,1,-0.38831,-0.39260,0.00134,-0.67345,-0.70722,8,0x00000000,1,-0.37800,-0.37226,-0.00077,0.28356,0.40906,8,0x00000000,1,-0.51888,-0.50703,-0.08665,5.33740,5.36193,8,0x00000000,1
28.8371,0.19721,-0.74080,-38.89507,-0.80279,-0.74080,-0.87552,-0.66836,0.38774,0.61433,1.26326,1.28268,1.26326,1.28268,1.00000,0.00000,0,0.00027,-0.49619,-0.49853,-0.22624,4.40338,4.36580,8,0x00000000,1,-0.33653,-0.36133,0.01017,0.04514,-0.02297,8,0x00000000,1,-0.34222,-0.35145,0.00515,-0.47881,-0.42821,8,0x00000000,1,-0.38361,-0.39200,0.01486,-0.97986,-0.94274,8,0x00000000,1,-0.37343,-0.37227,-0.00925,0.03826,0.18463,8,0x00000000,1,-0.52173,-0.52342,-0.26537,3.86150,4.03513,8,0x00000000,1
28.9387,0.36514,-0.82110,-38.88283,-0.63486,-0.82110,-0.71020,-0.78094,0.40893,0.63416,1.11913,1.41510,1.11913,1.41510,1.00000,0.00000,0,0.00149,-0.49885,-0.50767,-0.03474,4.39040,4.22681,8,0x00000000,1,-0.34363,-0.36134,-0.00191,0.31678,0.46502,8,0x00000000,1,-0.34835,-0.35151,0.00194,-0.06673,-0.25500,8,0x00000000,1,-0.37534,-0.38668,0.11169,-1.05040,-1.05405,8,0x00000000,1,-0.36463,-0.37223,-0.00435,-0.62588,-0.55291,8,0x00000000,1,-0.52292,-0.53440,-0.01093,3.87376,3.95335,8,0x00000000,1
29.0337,0.47399,-0.78835,-38.96391,-0.52601,-0.78835,-0.59819,-0.80560,0.42650,0.65582,1.02470,1.46143,1.02470,1.46143,1.00000,0.00000,0,0.00036,-0.49890,-0.50993,-0.00251,4.24600,4.18217,8,0x00000000,1,-0.34815,-0.36133,0.00406,0.39733,0.30486,8,0x00000000,1,-0.35248,-0.35162,0.00023,0.17057,0.11311,8,0x00000000,1,-0.37159,-0.36757,0.19068,0.18867,0.05424,8,0x00000000,1,-0.36040,-0.37013,0.03943,-0.70811,-0.79410,8,0x00000000,1,-0.52219,-0.53523,-0.00295,3.59137,3.85208,8,0x00000000,1
29.1323,0.52657,-0.76871,-38.99636,-0.47343,-0.76871,-0.50500,-0.77588,0.44114,0.67710,0.94613,1.45297,0.94613,1.45297,1.00000,0.00000,0,0.00027,-0.49698,-0.51008,-0.00543,3.91689,3.76932,8,0x00000000,1,-0.35175,-0.36139,0.00349,0.46432,0.44256,8,0x00000000,1,-0.35606,-0.35189,-0.00772,0.35029,0.09188,8,0x00000000,1,-0.37041,-0.36428,-0.00616,-0.11152,-0.07146,8,0x00000000,1,-0.35867,-0.36873,0.01397,-0.83749,-0.78773,8,0x00000000,1,-0.51980,-0.53527,-0.00833,3.23931,3.21069,8,0x00000000,1
29.2297,0.54001,-0.76554,-39.00193,-0.45999,-0.76554,-0.47237,-0.76806,0.45423,0.69791,0.92660,1.46597,0.92660,1.46597,1.00000,0.00000,0,0.00108,-0.49713,-0.51013,-0.00588,3.70546,3.73377,8,0x00000000,1,-0.35269,-0.36142,-0.00396,0.36953,0.38371,8,0x00000000,1,-0.35691,-0.35198,-0.00531,0.44003,0.45556,8,0x00000000,1,-0.36950,-0.36423,0.00082,-0.08973,-0.08132,8,0x00000000,1,-0.35767,-0.36809,0.00173,-1.02364,-1.00283,8,0x00000000,1,-0.51978,-0.53523,0.00383,3.11170,3.18975,8,0x00000000,1
29.3263,0.54595,-0.76426,-38.99704,-0.45405,-0.76426,-0.45942,-0.76470,0.46676,0.71860,0.92618,1.48330,0.92618,1.48330,1.00000,0.00000,0,0.00042,-0.49785,-0.51012,-0.00224,3.69422,3.69298,8,0x00000000,1,-0.35278,-0.36141,-0.00580,0.24699,0.29343,8,0x00000000,1,-0.35687,-0.35202,-0.00094,0.49739,0.49784,8,0x00000000,1,-0.36877,-0.36418,-0.00149,-0.05621,-0.01282,8,0x00000000,1,-0.35700,-0.36744,0.01696,-1.11130,-1.18679,8,0x00000000,1,-0.52042,-0.53523,0.00615,2.99636,2.90272,8,0x00000000,1
29.4279,0.54874,-0.76646,-38.98473,-0.45126,-0.76646,-0.45311,-0.76510,0.47908,0.73925,0.93219,1.50435,0.93219,1.50435,1.00000,0.00000,0,0.00037,-0.49885,-0.51011,0.00383,3.58886,3.60056,8,0x00000000,1,-0.35257,-0.36140,-0.00126,0.11302,0.15466,8,0x00000000,1,-0.35653,-0.35205,0.00091,0.51337,0.50063,8,0x00000000,1,-0.36802,-0.36415,0.00347,-0.00933,-0.14678,8,0x00000000,1,-0.35636,-0.36706,0.00866,-1.25087,-1.17582,8,0x00000000,1,-0.52137,-0.53524,-0.00205,2.89358,2.83558,8,0x00000000,1
29.5265,0.55135,-0.76373,-38.98808,-0.44865,-0.76373,-0.44923,-0.76443,0.49125,0.75991,0.94049,1.52433,0.94049,1.52433,1.00000,0.00000,0,0.00032,-0.49985,-0.51007,0.01376,3.57124,3.41102,8,0x00000000,1,-0.35226,-0.36136,0.00176,0.01666,0.05761,8,0x00000000,1,-0.35610,-0.35206,0.00397,0.53764,0.55848,8,0x00000000,1,-0.36735,-0.36417,-0.00957,-0.02464,-0.05625,8,0x00000000,1,-0.35581,-0.36652,0.01210,-1.39452,-1.39301,8,0x00000000,1,-0.52234,-0.53522,0.00523,2.79070,2.75100,8,0x00000000,1
29.6249,0.55595,-0.76327,-38.98999,-0.44405,-0.76327,-0.44660,-0.76355,0.50333,0.78052,0.94993,1.54407,0.94993,1.54407,1.00000,0.00000,0,0.00042,-0.50086,-0.51009,0.00990,3.48930,3.41040,8,0x00000000,1,-0.35189,-0.36115,-0.00173,-0.10285,-0.20644,8,0x00000000,1,-0.35561,-0.35210,-0.00546,0.53978,0.51246,8,0x00000000,1,-0.36672,-0.36415,-0.00201,-0.06339,0.02655,8,0x00000000,1,-0.35531,-0.36607,0.00144,-1.55564,-1.55430,8,0x00000000,1,-0.52333,-0.53522,0.00552,2.68398,2.68447,8,0x00000000,1
29.7227,0.56218,-0.76295,-38.99648,-0.43782,-0.76295,-0.44184,-0.76250,0.51533,0.80112,0.95717,1.56361,0.95717,1.56361,1.00000,0.00000,0,0.00043,-0.50182,-0.51009,0.00735,3.48060,3.44909,8,0x00000000,1,-0.35163,-0.36072,0.00379,-0.18295,-0.15283,8,0x00000000,1,-0.35522,-0.35212,-0.00319,0.53888,0.52465,8,0x00000000,1,-0.36605,-0.36412,0.00002,-0.05537,0.05937,8,0x00000000,1,-0.35476,-0.36561,0.00907,-1.65210,-1.65367,8,0x00000000,1,-0.52426,-0.53522,-0.00728,2.60135,2.70375,8,0x00000000,1
29.8195,0.56367,-0.76133,-38.98497,-0.43633,-0.76133,-0.43712,-0.76202,0.52720,0.82170,0.96432,1.58372,0.96432,1.58372,1.00000,0.00000,0,0.00115,-0.50281,-0.51013,-0.01076,3.44754,3.37325,8,0x00000000,1,-0.35137,-0.36027,0.00639,-0.27291,-0.18619,8,0x00000000,1,-0.35483,-0.35210,0.00957,0.60518,0.59072,8,0x00000000,1,-0.36536,-0.36408,-0.00639,-0.11133,-0.15449,8,0x00000000,1,-0.35418,-0.36502,0.00445,-1.81262,-1.74808,8,0x00000000,1,-0.52520,-0.53519,0.00179,2.54138,2.69287,8,0x00000000,1
29.9139,0.56783,-0.75978,-38.97367,-0.43217,-0.75978,-0.43368,-0.76065,0.53896,0.84225,0.97263,1.60290,0.97263,1.60290,1.00000,0.00000,0,0.00040,-0.50377,-0.51013,-0.01432,3.34661,3.39813,8,0x00000000,1,-0.35105,-0.35984,0.00530,-0.37824,-0.32738,8,0x00000000,1,-0.35440,-0.35213,0.00311,0.59456,0.61730,8,0x00000000,1,-0.36473,-0.36397,0.00201,-0.11295,-0.06000,8,0x00000000,1,-0.35367,-0.36440,0.01779,-1.86664,-1.78814,8,0x00000000,1,-0.52614,-0.53517,0.01069,2.52920,2.29540,8,0x00000000,1
30.0105,0.57385,-0.76051,-38.97576,-0.42615,-0.76051,-0.42767,-0.76004,0.55057,0.86277,0.97824,1.62281,0.97824,1.62281,1.00000,0.00000,0,0.00027,-0.50472,-0.51013,-0.00964,3.38551,3.52419,8,0x00000000,1,-0.35087,-0.35929,0.00440,-0.44765,-0.54591,8,0x00000000,1,-0.35408,-0.35216,-0.00864,0.55018,0.58969,8,0x00000000,1,-0.36402,-0.36392,-0.00189,-0.17061,-0.06034,8,0x00000000,1,-0.35306,-0.36359,0.00617,-2.00917,-1.98575,8,0x00000000,1,-0.52704,-0.53518,0.00377,2.46241,2.47611,8,0x00000000,1
30.1051,0.58069,-0.75776,-38.98103,-0.41931,-0.75776,-0.42335,-0.75890,0.56205,0.88328,0.98541,1.64218,0.98541,1.64218,1.00000,0.00000,0,0.00029,-0.50567,-0.51012,-0.00840,3.39697,3.50431,8,0x00000000,1,-0.35060,-0.35877,0.01067,-0.50334,-0.52554,8,0x00000000,1,-0.35370,-0.35214,0.00571,0.56471,0.62710,8,0x00000000,1,-0.36336,-0.36378,0.00395,-0.18411,-0.30269,8,0x00000000,1,-0.35251,-0.36284,-0.00005,-2.11241,-2.08007,8,0x00000000,1,-0.52796,-0.53520,-0.00658,2.43063,2.24785,8,0x00000000,1
30.2004,0.58621,-0.75760,-38.98285,-0.41379,-0.75760,-0.41843,-0.75751,0.57342,0.90375,0.99185,1.66126,0.99185,1.66126,1.00000,0.00000,0,0.00024,-0.50660,-0.51011,0.00017,3.37764,3.31923,8,0x00000000,1,-0.35037,-0.35819,0.00563,-0.59044,-0.66173,8,0x00000000,1,-0.35335,-0.35215,0.00484,0.55694,0.56744,8,0x00000000,1,-0.36269,-0.36366,0.00543,-0.21697,-0.13945,8,0x00000000,1,-0.35195,-0.36141,0.01488,-2.14516,-2.21791,8,0x00000000,1,-0.52884,-0.53518,-0.00292,2.39187,2.36970,8,0x00000000,1
30.2979,0.60227,-0.75112,-38.95411,-0.39773,-0.75112,-0.40958,-0.75524,0.58463,0.92418,0.99420,1.67942,0.99420,1.67942,1.00000,0.00000,0,0.00034,-0.50740,-0.51010,0.01064,3.40949,3.49140,8,0x00000000,1,-0.35033,-0.35771,0.00455,-0.63738,-0.67102,8,0x00000000,1,-0.35319,-0.35216,-0.00138,0.55552,0.72005,8,0x00000000,1,-0.36199,-0.36349,-0.00141,-0.29044,-0.27846,8,0x00000000,1,-0.35132,-0.35666,0.09831,-1.80777,-1.79058,8,0x00000000,1,-0.52959,-0.53517,0.00190,2.39839,2.44608,8,0x00000000,1
30.3937,0.68196,-0.71375,-38.85543,-0.31804,-0.71375,-0.36543,-0.73905,0.59518,0.94440,0.96061,1.68345,0.96061,1.68345,1.00000,0.00000,0,0.00061,-0.50690,-0.51013,-0.00632,3.31810,3.27887,8,0x00000000,1,-0.35189,-0.35752,-0.00293,-0.61595,-0.72742,8,0x00000000,1,-0.35469,-0.35221,-0.01176,0.68665,0.64272,8,0x00000000,1,-0.36117,-0.36307,0.00733,-0.29741,-0.32779,8,0x00000000,1,-0.35029,-0.33957,0.40832,0.28550,-0.37478,8,0x00000000,1,-0.52886,-0.53516,-0.00288,2.24658,2.30093,8,0x00000000,1
30.4935,0.74390,-0.70172,-38.80913,-0.25610,-0.70172,-0.28183,-0.71574,0.60364,0.96398,0.88547,1.67972,0.88547,1.67972,1.00000,0.00000,0,0.00042,-0.50524,-0.51010,0.00609,3.13626,3.24873,8,0x00000000,1,-0.35535,-0.35751,0.00673,-0.37092,-0.47333,8,0x00000000,1,-0.35810,-0.35256,0.00355,0.99035,1.00763,8,0x00000000,1,-0.35987,-0.36253,0.00531,-0.38947,-0.37027,8,0x00000000,1,-0.34847,-0.33753,0.00865,-0.83092,-0.95363,8,0x00000000,1,-0.52675,-0.53511,-0.00111,2.00651,2.12566,8,0x00000000,1
30.5935,0.74595,-0.70064,-38.83388,-0.25405,-0.70064,-0.26089,-0.71121,0.61095,0.98323,0.87184,1.69444,0.87184,1.69444,1.00000,0.00000,0,0.00031,-0.50559,-0.51010,-0.00315,3.16930,3.18433,8,0x00000000,1,-0.35604,-0.35754,-0.00247,-0.43338,-0.50028,8,0x00000000,1,-0.35867,-0.35267,0.00113,1.03427,0.99579,8,0x00000000,1,-0.35899,-0.36215,0.00320,-0.45288,-0.42708,8,0x00000000,1,-0.34756,-0.33753,0.00431,-0.72484,-0.66706,8,0x00000000,1,-0.52694,-0.53506,0.00835,1.97625,2.04446,8,0x00000000,1
30.6888,0.75371,-0.70611,-38.82588,-0.24629,-0.70611,-0.25204,-0.70831,0.61788,1.00239,0.86992,1.71071,0.86992,1.71071,1.00000,0.00000,0,0.00032,-0.50623,-0.51008,0.00460,3.13369,3.13867,8,0x00000000,1,-0.35618,-0.35753,-0.00522,-0.43225,-0.44543,8,0x00000000,1,-0.35871,-0.35272,0.00021,1.09019,1.12386,8,0x00000000,1,-0.35829,-0.36185,0.00526,-0.53094,-0.45443,8,0x00000000,1,-0.34689,-0.33755,-0.00598,-0.67665,-0.69657,8,0x00000000,1,-0.52750,-0.53504,0.01010,1.95207,1.87694,8,0x00000000,1
30.7856,0.75018,-0.70652,-38.81987,-0.24982,-0.70652,-0.24840,-0.70876,0.62464,1.02154,0.87305,1.73030,0.87305,1.73030,1.00000,0.00000,0,0.00046,-0.50711,-0.51010,-0.00337,3.18271,3.15370,8,0x00000000,1,-0.35611,-0.35753,-0.00525,-0.45478,-0.40483,8,0x00000000,1,-0.35850,-0.35280,-0.00033,1.12225,1.15387,8,0x00000000,1,-0.35754,-0.36153,0.00589,-0.59273,-0.56450,8,0x00000000,1,-0.34622,-0.33754,0.00232,-0.58206,-0.64661,8,0x00000000,1,-0.52832,-0.53503,0.00180,1.88142,1.77327,8,0x00000000,1
30.8831,0.75154,-0.70403,-38.82420,-0.24846,-0.70403,-0.24797,-0.70630,0.63135,1.04064,0.87932,1.74694,0.87932,1.74694,1.00000,0.00000,0,0.00039,-0.50793,-0.51008,0.00139,3.19076,3.13249,8,0x00000000,1,-0.35588,-0.35753,-0.00436,-0.52001,-0.51184,8,0x00000000,1,-0.35817,-0.35285,0.00762,1.19448,1.22041,8,0x00000000,1,-0.35697,-0.36120,0.01397,-0.62274,-0.59453,8,0x00000000,1,-0.34576,-0.33755,-0.00148,-0.49539,-0.66117,8,0x00000000,1,-0.52911,-0.53501,0.00812,1.89912,1.78250,8,0x00000000,1
30.9844,0.75821,-0.70303,-38.83262,-0.24179,-0.70303,-0.24549,-0.70377,0.63801,1.05966,0.88351,1.76343,0.88351,1.76343,1.00000,0.00000,0,0.00223,-0.50870,-0.51010,-0.00082,3.23239,3.24491,8,0x00000000,1,-0.35574,-0.35753,0.00119,-0.53559,-0.53397,8,0x00000000,1,-0.35793,-0.35291,0.00199,1.21985,1.20823,8,0x00000000,1,-0.35637,-0.36082,0.01026,-0.71530,-0.62111,8,0x00000000,1,-0.34524,-0.33756,-0.00367,-0.43858,-0.33694,8,0x00000000,1,-0.52984,-0.53502,-0.00162,1.85149,1.90728,8,0x00000000,1
31.0782,0.76037,-0.69758,-38.82991,-0.23963,-0.69758,-0.24318,-0.70102,0.64462,1.07863,0.88780,1.77965,0.88780,1.77965,1.00000,0.00000,0,0.00039,-0.50947,-0.51008,0.00608,3.24450,3.19008,8,0x00000000,1,-0.35560,-0.35750,0.00635,-0.53053,-0.49126,8,0x00000000,1,-0.35768,-0.35297,-0.00127,1.24706,1.34031,8,0x00000000,1,-0.35579,-0.36045,0.00350,-0.76455,-0.72017,8,0x00000000,1,-0.34473,-0.33755,0.00083,-0.40953,-0.32772,8,0x00000000,1,-0.53057,-0.53501,-0.00690,1.83338,1.99438,8,0x00000000,1
31.1781,0.76036,-0.69835,-38.82728,-0.23964,-0.69835,-0.24043,-0.69875,0.65114,1.09751,0.89157,1.79627,0.89157,1.79627,1.00000,0.00000,0,0.00037,-0.51024,-0.51008,0.00478,3.31507,3.30778,8,0x00000000,1,-0.35549,-0.35752,-0.00134,-0.59407,-0.57372,8,0x00000000,1,-0.35746,-0.35304,-0.00668,1.26336,1.36672,8,0x00000000,1,-0.35517,-0.36009,-0.00053,-0.85211,-0.83955,8,0x00000000,1,-0.34420,-0.33753,0.01147,-0.30782,-0.26420,8,0x00000000,1,-0.53129,-0.53501,-0.00493,1.83414,1.75581,8,0x00000000,1
31.2795,0.76350,-0.69727,-38.83501,-0.23650,-0.69727,-0.23692,-0.69745,0.65757,1.11636,0.89449,1.81381,0.89449,1.81381,1.00000,0.00000,0,0.00029,-0.51103,-0.51009,0.00375,3.36217,3.40729,8,0x00000000,1,-0.35541,-0.35751,-0.00121,-0.61410,-0.51761,8,0x00000000,1,-0.35727,-0.35309,0.00092,1.33240,1.33821,8,0x00000000,1,-0.35451,-0.35957,0.00878,-0.91240,-1.02536,8,0x00000000,1,-0.34361,-0.33755,0.00183,-0.28357,-0.31795,8,0x00000000,1,-0.53203,-0.53499,0.00144,1.83796,1.88461,8,0x00000000,1
31.3744,0.76864,-0.69419,-38.84216,-0.23136,-0.69419,-0.23381,-0.69545,0.66392,1.13516,0.89773,1.83061,0.89773,1.83061,1.00000,0.00000,0,0.00036,-0.51180,-0.51009,0.01206,3.41451,3.46225,8,0x00000000,1,-0.35532,-0.35750,0.00610,-0.65448,-0.77195,8,0x00000000,1,-0.35708,-0.35315,0.00013,1.35930,1.39708,8,0x00000000,1,-0.35388,-0.35919,0.00288,-0.99298,-1.17078,8,0x00000000,1,-0.34306,-0.33754,0.00244,-0.27412,-0.22496,8,0x00000000,1,-0.53274,-0.53499,0.00282,1.90040,1.93298,8,0x00000000,1
31.4729,0.77190,-0.68679,-38.84107,-0.22810,-0.68679,-0.23099,-0.68992,0.67021,1.15387,0.90120,1.84379,0.90120,1.84379,1.00000,0.00000,0,0.00344,-0.51242,-0.51012,-0.00709,3.47112,3.41799,8,0x00000000,1,-0.35521,-0.35743,0.00784,-0.63936,-0.61763,8,0x00000000,1,-0.35688,-0.35320,0.00106,1.39557,1.50052,8,0x00000000,1,-0.35340,-0.35881,0.00227,-1.05154,-1.03122,8,0x00000000,1,-0.34264,-0.33755,-0.00027,-0.21613,-0.28195,8,0x00000000,1,-0.53333,-0.53498,0.00554,1.88923,1.80165,8,0x00000000,1
31.5660,0.78033,-0.68334,-38.84497,0.78033,-0.68334,0.43166,-0.68695,0.71992,1.17245,0.28827,1.85941,0.28827,1.85941,0.00000,0.00000,0,0.00040,-0.50079,-0.50998,0.00744,2.50122,2.43042,8,0x00000000,1,-0.38364,-0.35887,-0.09367,1.45623,1.02544,8,0x00000000,1,-0.38452,-0.35681,-0.11686,3.31323,3.43777,8,0x00000000,1,-0.34086,-0.35633,0.08808,-1.80355,-1.71334,8,0x00000000,1,-0.32608,-0.33625,0.13933,-1.15905,-1.19616,8,0x00000000,1,-0.51787,-0.53429,0.03176,0.58120,0.69862,8,0x00000000,1
31.6622,0.87904,-0.60361,-38.90062,0.87904,-0.60361,0.76696,-0.64004,0.70273,1.19046,-0.06423,1.83051,-0.06423,1.83051,0.00000,0.00000,0,0.00032,-0.49250,-0.50981,0.01180,1.87278,1.86572,8,0x00000000,1,-0.39986,-0.36374,-0.02003,2.54758,2.51636,8,0x00000000,1,-0.40056,-0.36515,-0.19680,3.69530,3.75353,8,0x00000000,1,-0.33520,-0.34666,0.08013,-1.60730,-1.62802,8,0x00000000,1,-0.31802,-0.32913,0.00341,-1.54622,-1.56858,8,0x00000000,1,-0.50758,-0.53243,0.02286,-0.06811,-0.08011,8,0x00000000,1
31.7622,1.01475,-0.42851,-39.12201,1.01475,-0.42851,0.91414,-0.51756,0.67985,1.20615,-0.23428,1.72371,-0.23428,1.72371,0.00000,0.00000,0,0.00189,-0.48463,-0.50951,0.00888,1.16924,1.31064,8,0x00000000,1,-0.40733,-0.36564,-0.01952,3.01326,2.98163,8,0x00000000,1,-0.40863,-0.38343,-0.15394,3.28420,3.23354,8,0x00000000,1,-0.33628,-0.32863,0.21148,0.15959,-0.05448,8,0x00000000,1,-0.31768,-0.32828,0.01766,-1.45119,-1.56441,8,0x00000000,1,-0.49913,-0.53016,0.03205,-0.59329,-0.52958,8,0x00000000,1
31.8590,1.05503,-0.31637,-39.24000,1.05503,-0.31637,1.02162,-0.36572,0.65337,1.21768,-0.36825,1.58340,-0.36825,1.58340,0.00000,0.00000,0,0.00025,-0.47609,-0.50887,-0.00785,0.30018,0.47637,8,0x00000000,1,-0.41299,-0.37049,-0.07905,3.40082,3.41985,8,0x00000000,1,-0.41520,-0.39379,-0.06104,3.47942,3.43380,8,0x00000000,1,-0.33945,-0.32755,0.00437,-0.00389,-0.04430,8,0x00000000,1,-0.31955,-0.32820,0.00749,-1.41812,-1.45841,8,0x00000000,1,-0.49035,-0.52651,0.03273,-1.42260,-1.41648,8,0x00000000,1
31.9614,1.06164,-0.20855,-39.21035,1.06164,-0.20855,1.05398,-0.27201,0.62523,1.22628,-0.42875,1.49829,-0.42875,1.49829,0.00000,0.00000,0,0.00035,-0.47132,-0.50803,0.01130,-0.23905,-0.08244,8,0x00000000,1,-0.41546,-0.38853,-0.15974,2.56222,2.49667,8,0x00000000,1,-0.41824,-0.39990,-0.05642,3.48927,3.40288,8,0x00000000,1,-0.34177,-0.32772,-0.00099,0.26080,0.26235,8,0x00000000,1,-0.32122,-0.32814,0.00305,-1.44783,-1.42735,8,0x00000000,1,-0.48557,-0.52173,0.09186,-1.60889,-1.65001,8,0x00000000,1
32.0584,1.05485,-0.10811,-39.19374,1.05485,-0.10811,1.05985,-0.16146,0.59663,1.23198,-0.46322,1.39344,-0.46322,1.39344,0.00000,0.00000,0,0.00038,-0.46627,-0.50631,0.02290,-0.90135,-0.94558,8,0x00000000,1,-0.41664,-0.39441,-0.02872,2.87875,3.05406,8,0x00000000,1,-0.42018,-0.40435,-0.02410,3.61130,3.53694,8,0x00000000,1,-0.34542,-0.32801,-0.00684,0.64279,0.61084,8,0x00000000,1,-0.32432,-0.32817,-0.00312,-1.28136,-1.22578,8,0x00000000,1,-0.48071,-0.50592,0.44435,-0.20960,-0.72652,8,0x00000000,1
32.1566,0.96698,0.00098,-39.31306,0.96698,0.00098,1.00185,-0.06409,0.56872,1.23488,-0.43313,1.29898,-0.43313,1.29898,0.00000,0.00000,0,0.00048,-0.46294,-0.50149,0.03453,-1.13969,-1.12273,8,0x00000000,1,-0.41488,-0.39636,-0.00941,2.87756,2.78360,8,0x00000000,1,-0.41915,-0.41186,-0.12894,2.81430,3.29228,8,0x00000000,1,-0.34990,-0.32872,-0.00782,1.11647,1.05748,8,0x00000000,1,-0.32869,-0.32815,0.00850,-0.97659,-0.96211,8,0x00000000,1,-0.47793,-0.49059,0.00245,-0.83239,-0.80087,8,0x00000000,1
32.2526,0.98932,0.10297,-39.40693,0.98932,0.10297,0.98755,0.04614,0.54198,1.23500,-0.44557,1.18886,-0.44557,1.18886,0.00000,0.00000,0,0.00036,-0.45811,-0.49475,0.13273,-1.28385,-1.28127,8,0x00000000,1,-0.41502,-0.39773,-0.01080,3.06437,2.98241,8,0x00000000,1,-0.42011,-0.42324,-0.03453,2.42604,2.37638,8,0x00000000,1,-0.35420,-0.32977,-0.00979,1.60744,1.58596,8,0x00000000,1,-0.33256,-0.32819,-0.00498,-0.72248,-0.72818,8,0x00000000,1,-0.47345,-0.48883,0.04204,-1.07151,-1.23482,8,0x00000000,1
32.3474,0.93225,0.16974,-39.35836,0.93225,0.16974,0.95509,0.12469,0.51562,1.23263,-0.43947,1.10794,-0.43947,1.10794,0.00000,0.00000,0,0.00028,-0.45486,-0.47633,-0.00321,-0.90343,-0.83062,8,0x00000000,1,-0.41442,-0.39872,-0.00312,3.12394,3.17271,8,0x00000000,1,-0.42012,-0.42414,-0.00558,2.43967,2.44651,8,0x00000000,1,-0.35766,-0.33088,-0.02044,1.95885,2.03814,8,0x00000000,1,-0.33579,-0.32820,-0.00628,-0.48041,-0.56786,8,0x00000000,1,-0.47056,-0.48513,0.04512,-1.16484,-1.12873,8,0x00000000,1
32.4473,0.85263,0.21605,-39.42946,0.85263,0.21605,0.90009,0.17849,0.49053,1.22846,-0.40956,1.04997,-0.40956,1.04997,0.00000,0.00000,0,0.00035,-0.45305,-0.47457,0.00883,-1.08721,-1.02543,8,0x00000000,1,-0.41282,-0.39916,-0.00470,3.18253,3.03337,8,0x00000000,1,-0.41896,-0.42421,-0.00060,2.30410,2.50479,8,0x00000000,1,-0.36064,-0.33234,-0.02199,2.38400,2.34231,8,0x00000000,1,-0.33877,-0.32822,-0.00565,-0.20080,-0.17772,8,0x00000000,1,-0.46915,-0.47108,0.24610,0.15491,-0.05577,8,0x00000000,1
32.5438,0.79514,0.25632,-39.46142,0.79514,0.25632,0.82071,0.23018,0.46750,1.22281,-0.35320,0.99263,-0.35320,0.99263,0.00000,0.00000,0,0.00026,-0.45180,-0.47283,0.01855,-1.24220,-1.28373,8,0x00000000,1,-0.40999,-0.39935,0.00054,3.08904,2.95931,8,0x00000000,1,-0.41660,-0.42419,0.00274,2.00510,2.02720,8,0x00000000,1,-0.36411,-0.33454,-0.03689,2.79604,2.88833,8,0x00000000,1,-0.34241,-0.32828,-0.00208,0.19364,0.12606,8,0x00000000,1,-0.46845,-0.46722,0.01043,-0.27107,-0.31143,8,0x00000000,1
32.6396,0.78779,0.25577,-39.46189,0.78779,0.25577,0.79728,0.24818,0.44572,1.21627,-0.35155,0.96809,-0.35155,0.96809,0.00000,0.00000,0,0.00026,-0.45081,-0.47057,0.02007,-1.39833,-1.32306,8,0x00000000,1,-0.40982,-0.39959,-0.00462,3.21256,3.17570,8,0x00000000,1,-0.41661,-0.42419,-0.00346,1.98358,1.83083,8,0x00000000,1,-0.36515,-0.33717,-0.03259,2.97199,3.00330,8,0x00000000,1,-0.34338,-0.32850,0.00280,0.40446,0.31259,8,0x00000000,1,-0.46757,-0.46706,-0.00259,-0.36581,-0.41654,8,0x00000000,1
32.7384,0.76394,0.27236,-39.44178,0.76394,0.27236,0.78167,0.26060,0.42440,1.20939,-0.35727,0.94878,-0.35727,0.94878,0.00000,0.00000,0,0.00045,-0.44990,-0.46178,0.26893,-0.29428,-0.62028,8,0x00000000,1,-0.41001,-0.40006,-0.00233,3.32523,3.38992,8,0x00000000,1,-0.41694,-0.42421,-0.00616,1.91784,1.92371,8,0x00000000,1,-0.36584,-0.34102,-0.06930,2.95263,3.07183,8,0x00000000,1,-0.34397,-0.32876,-0.00340,0.55319,0.55346,8,0x00000000,1,-0.46669,-0.46689,0.00123,-0.40606,-0.42315,8,0x00000000,1
32.8357,0.66230,0.37870,-39.28544,0.66230,0.37870,0.70286,0.33029,0.40432,1.20156,-0.29854,0.87127,-0.29854,0.87127,0.00000,0.00000,0,0.00041,-0.44785,-0.44803,0.02114,-0.35806,-0.14684,8,0x00000000,1,-0.40700,-0.40034,0.00540,3.18763,3.26283,8,0x00000000,1,-0.41454,-0.42416,0.00677,1.64103,1.55489,8,0x00000000,1,-0.37020,-0.34826,-0.07052,3.12356,3.14822,8,0x00000000,1,-0.34843,-0.32951,-0.03240,0.99953,0.81200,8,0x00000000,1,-0.46530,-0.46665,-0.00006,-0.42451,-0.32933,8,0x00000000,1
32.9339,0.62015,0.35348,-39.26479,0.62015,0.35348,0.64284,0.34884,0.38626,1.19226,-0.25658,0.84342,-0.25658,0.84342,0.00000,0.00000,0,0.00191,-0.44754,-0.44746,-0.00110,-0.40145,-0.31335,8,0x00000000,1,-0.40496,-0.40036,-0.00426,3.12353,3.11460,8,0x00000000,1,-0.41272,-0.42417,-0.00669,1.40732,1.41156,8,0x00000000,1,-0.37217,-0.35419,-0.04404,3.11739,3.04990,8,0x00000000,1,-0.35058,-0.33092,-0.02245,1.28966,1.33721,8,0x00000000,1,-0.46534,-0.46639,0.01033,-0.43532,-0.48706,8,0x00000000,1
33.0277,0.59857,0.34087,-39.24110,0.59857,0.34087,0.61198,0.34245,0.36937,1.18291,-0.24261,0.84046,-0.24261,0.84046,0.00000,0.00000,0,0.00040,-0.44769,-0.44744,-0.00258,-0.34341,-0.42560,8,0x00000000,1,-0.40430,-0.40035,0.00896,3.16676,3.18088,8,0x00000000,1,-0.41209,-0.42413,-0.00166,1.24943,1.34825,8,0x00000000,1,-0.37256,-0.35707,-0.01909,3.17084,3.18886,8,0x00000000,1,-0.35105,-0.33177,-0.01960,1.41793,1.42495,8,0x00000000,1,-0.46559,-0.46632,0.00359,-0.43025,-0.50793,8,0x00000000,1
33.1282,0.59105,0.33577,-39.22958,0.59105,0.33577,0.59755,0.33799,0.35307,1.17373,-0.24448,0.83574,-0.24448,0.83574,0.00000,0.00000,0,0.00046,-0.44746,-0.44743,0.00751,-0.35850,-0.32900,8,0x00000000,1,-0.40437,-0.40044,-0.00084,3.21639,3.21061,8,0x00000000,1,-0.41220,-0.42411,-0.00370,1.13026,1.11927,8,0x00000000,1,-0.37272,-0.35850,-0.01996,3.27462,3.15679,8,0x00000000,1,-0.35118,-0.33274,-0.00162,1.66220,1.69625,8,0x00000000,1,-0.46537,-0.46631,-0.00836,-0.49266,-0.47013,8,0x00000000,1
33.2291,0.58744,0.33361,-39.24173,0.58744,0.33361,0.58999,0.33476,0.33705,1.16466,-0.25293,0.82989,-0.25293,0.82989,0.00000,0.00000,0,0.00265,-0.44705,-0.44744,-0.00346,-0.42793,-0.31589,8,0x00000000,1,-0.40474,-0.40062,-0.01252,3.25289,3.28586,8,0x00000000,1,-0.41260,-0.42408,0.00207,1.04505,1.14252,8,0x00000000,1,-0.37280,-0.35938,-0.00817,3.40598,3.39257,8,0x00000000,1,-0.35119,-0.33362,-0.00475,1.77155,1.70641,8,0x00000000,1,-0.46493,-0.46623,0.00138,-0.49649,-0.50690,8,0x00000000,1
33.3228,0.58478,0.33519,-39.23026,0.58478,0.33519,0.58598,0.33479,0.32119,1.15562,-0.26479,0.82084,-0.26479,0.82084,0.00000,0.00000,0,0.00060,-0.44643,-0.44736,0.00671,-0.40749,-0.46448,8,0x00000000,1,-0.40525,-0.40080,-0.00369,3.35071,3.22083,8,0x00000000,1,-0.41317,-0.42401,0.01116,0.95217,0.89593,8,0x00000000,1,-0.37294,-0.36023,-0.00445,3.53743,3.50937,8,0x00000000,1,-0.35123,-0.33461,-0.01633,1.88039,1.92697,8,0x00000000,1,-0.46427,-0.46619,-0.00250,-0.58060,-0.52662,8,0x00000000,1
33.4240,0.57933,0.33340,-39.21791,0.57933,0.33340,0.58279,0.33341,0.30541,1.14660,-0.27738,0.81320,-0.27738,0.81320,0.00000,0.00000,0,0.00150,-0.44586,-0.44727,-0.01259,-0.49404,-0.38441,8,0x00000000,1,-0.40580,-0.40112,0.00004,3.42076,3.40792,8,0x00000000,1,-0.41377,-0.42400,0.00395,0.87554,0.89847,8,0x00000000,1,-0.37301,-0.36094,-0.00744,3.64026,3.75200,8,0x00000000,1,-0.35119,-0.33544,-0.01129,2.03822,1.88901,8,0x00000000,1,-0.46366,-0.46604,0.00539,-0.59370,-0.67810,8,0x00000000,1
33.5175,0.57981,0.33186,-39.22480,0.57981,0.33186,0.58045,0.33288,0.28972,1.13760,-0.29073,0.80472,-0.29073,0.80472,0.00000,0.00000,0,0.00038,-0.44525,-0.44708,0.00559,-0.53568,-0.51424,8,0x00000000,1,-0.40638,-0.40151,-0.00014,3.47368,3.58016,8,0x00000000,1,-0.41441,-0.42396,0.00736,0.80768,1.20287,8,0x00000000,1,-0.37310,-0.36148,-0.00057,3.73730,3.80282,8,0x00000000,1,-0.35117,-0.33622,-0.01578,2.12154,2.14917,8,0x00000000,1,-0.46299,-0.46588,0.00191,-0.68227,-0.59928,8,0x00000000,1
33.6135,0.57516,0.33109,-39.22292,0.57516,0.33109,0.57596,0.33134,0.27410,1.12864,-0.30187,0.79730,-0.30187,0.79730,0.00000,0.00000,0,0.00027,-0.44471,-0.44683,-0.00451,-0.54414,-0.62757,8,0x00000000,1,-0.40687,-0.40207,-0.00085,3.52618,3.34566,8,0x00000000,1,-0.41495,-0.42395,0.00022,0.70610,0.74557,8,0x00000000,1,-0.37319,-0.36214,-0.00554,3.82482,3.73516,8,0x00000000,1,-0.35116,-0.33681,-0.01189,2.27841,2.20787,8,0x00000000,1,-0.46242,-0.46566,0.00193,-0.75434,-0.80551,8,0x00000000,1
33.7097,0.57267,0.33325,-39.21824,0.57267,0.33325,0.57321,0.33276,0.25859,1.11967,-0.31462,0.78691,-0.31462,0.78691,0.00000,0.00000,0,0.00036,-0.44403,-0.44663,0.00145,-0.65072,-0.59034,8,0x00000000,1,-0.40741,-0.40262,-0.00703,3.58660,3.49936,8,0x00000000,1,-0.41557,-0.42392,-0.00168,0.66946,0.55227,8,0x00000000,1,-0.37337,-0.36271,0.00007,3.96790,3.88080,8,0x00000000,1,-0.35123,-0.33744,-0.00768,2.44940,2.35736,8,0x00000000,1,-0.46169,-0.46545,-0.00200,-0.81998,-0.66753,8,0x00000000,1
33.8055,0.56149,0.33631,-39.20754,0.56149,0.33631,0.56653,0.33482,0.24320,1.11067,-0.32333,0.77585,-0.32333,0.77585,0.00000,0.00000,0,0.00037,-0.44339,-0.44635,-0.00464,-0.65903,-0.70339,8,0x00000000,1,-0.40777,-0.40348,-0.01230,3.58987,3.47871,8,0x00000000,1,-0.41600,-0.42389,0.00214,0.59191,0.67472,8,0x00000000,1,-0.37366,-0.36325,-0.00574,4.02047,3.97035,8,0x00000000,1,-0.35142,-0.33789,-0.01072,2.55927,2.53423,8,0x00000000,1,-0.46105,-0.46506,-0.00181,-0.87124,-0.85540,8,0x00000000,1
33.9022,0.55019,0.34041,-39.19054,0.55019,0.34041,0.55787,0.33878,0.22803,1.10157,-0.32985,0.76279,-0.32985,0.76279,0.00000,0.00000,0,0.00030,-0.44272,-0.44600,0.01521,-0.69867,-0.63276,8,0x00000000,1,-0.40802,-0.40448,-0.01138,3.57324,3.56332,8,0x00000000,1,-0.41634,-0.42383,0.00969,0.55077,0.43165,8,0x00000000,1,-0.37407,-0.36385,-0.00045,4.15304,4.13374,8,0x00000000,1,-0.35175,-0.33841,0.00204,2.73343,2.62360,8,0x00000000,1,-0.46039,-0.46465,0.00740,-0.94849,-0.85539,8,0x00000000,1
34.0025,0.54369,0.34553,-39.18925,0.54369,0.34553,0.54995,0.34309,0.21307,1.09236,-0.33688,0.74927,-0.33688,0.74927,0.00000,0.00000,0,0.00190,-0.44202,-0.44564,0.00623,-0.82735,-0.82906,8,0x00000000,1,-0.40829,-0.40567,-0.00557,3.55081,3.41681,8,0x00000000,1,-0.41671,-0.42384,-0.00201,0.45108,0.49733,8,0x00000000,1,-0.37449,-0.36449,-0.00252,4.27302,4.29394,8,0x00000000,1,-0.35208,-0.33896,-0.01032,2.87144,2.75417,8,0x00000000,1,-0.45969,-0.46425,0.00827,-0.99915,-0.93481,8,0x00000000,1
34.0974,0.53945,0.35646,-39.19072,0.53945,0.35646,0.54083,0.35077,0.19836,1.08299,-0.34247,0.73222,-0.34247,0.73222,0.00000,0.00000,0,0.00036,-0.44120,-0.44517,-0.00504,-0.86292,-0.91833,8,0x00000000,1,-0.40849,-0.40742,-0.02113,3.43019,3.51550,8,0x00000000,1,-0.41703,-0.42383,-0.00896,0.37013,0.45547,8,0x00000000,1,-0.37509,-0.36513,-0.00697,4.35100,4.29361,8,0x00000000,1,-0.35258,-0.33945,-0.01711,2.96233,2.89674,8,0x00000000,1,-0.45890,-0.46382,0.00342,-1.09472,-1.27881,8,0x00000000,1
34.1929,0.52855,0.36626,-39.17234,0.52855,0.36626,0.53312,0.36094,0.18386,1.07337,-0.34926,0.71243,-0.34926,0.71243,0.00000,0.00000,0,0.00033,-0.44024,-0.44454,0.00708,-0.92882,-0.95707,8,0x00000000,1,-0.40872,-0.40953,-0.01371,3.34891,3.35716,8,0x00000000,1,-0.41741,-0.42377,0.00140,0.35583,0.31911,8,0x00000000,1,-0.37577,-0.36591,-0.01400,4.44779,4.50767,8,0x00000000,1,-0.35316,-0.34005,-0.01332,3.13677,3.12810,8,0x00000000,1,-0.45798,-0.46347,-0.00428,-1.19083,-1.20561,8,0x00000000,1
34.2911,0.51570,0.37704,-39.15300,0.51570,0.37704,0.52161,0.37125,0.16963,1.06348,-0.35197,0.69223,-0.35197,0.69223,0.00000,0.00000,0,0.00042,-0.43935,-0.44361,0.00182,-0.94524,-0.96249,8,0x00000000,1,-0.40877,-0.41064,-0.00416,3.24364,3.26957,8,0x00000000,1,-0.41760,-0.42372,0.00590,0.29792,0.16933,8,0x00000000,1,-0.37655,-0.36674,-0.00530,4.57197,4.41437,8,0x00000000,1,-0.35386,-0.34074,-0.01378,3.31665,3.30567,8,0x00000000,1,-0.45714,-0.46303,0.01233,-1.25089,-1.30425,8,0x00000000,1
34.3889,0.49882,0.38774,-39.13607,0.49882,0.38774,0.50894,0.38220,0.15571,1.05330,-0.35322,0.67110,-0.35322,0.67110,0.00000,0.00000,0,0.00027,-0.43845,-0.44299,0.01054,-1.02225,-1.09893,8,0x00000000,1,-0.40874,-0.41127,-0.01161,3.17765,3.23768,8,0x00000000,1,-0.41774,-0.42369,0.00291,0.25214,0.16442,8,0x00000000,1,-0.37740,-0.36768,-0.00487,4.69863,4.72641,8,0x00000000,1,-0.35463,-0.34151,-0.00870,3.46927,3.42366,8,0x00000000,1,-0.45631,-0.46263,-0.00424,-1.41702,-1.39291,8,0x00000000,1
34.4822,0.48573,0.38730,-39.13354,0.48573,0.38730,0.49564,0.38671,0.14215,1.04289,-0.35349,0.65618,-0.35349,0.65618,0.00000,0.00000,0,0.00030,-0.43782,-0.44258,-0.00127,-1.10673,-1.22707,8,0x00000000,1,-0.40870,-0.41167,-0.00185,3.12713,3.11985,8,0x00000000,1,-0.41780,-0.42365,0.00381,0.18388,0.09279,8,0x00000000,1,-0.37802,-0.36879,-0.01215,4.74447,4.76246,8,0x00000000,1,-0.35519,-0.34236,-0.00572,3.60882,3.70226,8,0x00000000,1,-0.45574,-0.46221,0.00121,-1.45064,-1.48399,8,0x00000000,1
34.5818,0.45551,0.37832,-39.13942,-0.54449,0.37832,-0.23646,0.38679,0.08683,1.03243,0.32328,0.64564,0.32328,0.64564,1.00000,0.00000,0,0.00136,-0.45091,-0.44256,-0.00596,-0.01722,-0.21195,8,0x00000000,1,-0.37752,-0.41011,0.05795,0.64978,0.65331,8,0x00000000,1,-0.38696,-0.41944,0.16569,-1.84286,-1.97261,8,0x00000000,1,-0.39171,-0.37525,-0.13287,5.30150,5.07334,8,0x00000000,1,-0.37313,-0.35368,-0.37710,3.46120,3.65466,8,0x00000000,1,-0.47303,-0.46222,-0.00874,-0.02922,-0.23034,8,0x00000000,1
34.6776,0.19530,0.11425,-39.02122,-0.80470,0.11425,-0.62511,0.26772,0.09916,1.02323,0.72427,0.75551,0.72427,0.75551,1.00000,0.00000,0,0.00042,-0.46348,-0.44370,-0.01538,0.70619,0.49799,8,0x00000000,1,-0.35948,-0.40009,0.09954,0.03656,0.17814,8,0x00000000,1,-0.36834,-0.38728,0.36897,-0.46488,-0.49557,8,0x00000000,1,-0.39498,-0.39145,-0.07989,4.54061,4.65754,8,0x00000000,1,-0.37938,-0.37262,-0.01817,3.58409,3.69616,8,0x00000000,1,-0.48770,-0.46270,-0.00846,1.00135,0.94998,8,0x00000000,1
34.7729,0.10850,-0.08964,-38.81057,-0.89150,-0.08964,-0.83642,0.03242,0.11955,1.01948,0.95596,0.98706,0.95596,0.98706,1.00000,0.00000,0,0.00049,-0.47774,-0.44710,-0.02590,1.88199,1.97430,8,0x00000000,1,-0.34965,-0.39489,0.07291,-0.66607,-0.60317,8,0x00000000,1,-0.35707,-0.36690,0.21007,-0.37968,-0.40832,8,0x00000000,1,-0.38989,-0.39586,-0.00083,3.89399,3.93429,8,0x00000000,1,-0.37663,-0.37282,0.01246,3.36158,3.25573,8,0x00000000,1,-0.50251,-0.46405,-0.01561,2.25159,2.14415,8,0x00000000,1
34.8674,0.04641,-0.21375,-38.70259,-0.95359,-0.21375,-0.91617,-0.14546,0.14325,1.02129,1.05941,1.16675,1.05941,1.16675,1.00000,0.00000,0,0.00032,-0.48729,-0.44940,-0.03013,2.66452,2.59529,8,0x00000000,1,-0.34552,-0.39198,0.02360,-1.27493,-1.08630,8,0x00000000,1,-0.35181,-0.35395,0.01478,-0.34330,-0.17958,8,0x00000000,1,-0.38446,-0.39625,-0.00629,3.43269,3.53546,8,0x00000000,1,-0.37251,-0.37283,0.00334,3.03891,2.86250,8,0x00000000,1,-0.51200,-0.46698,-0.04515,3.06140,3.08756,8,0x00000000,1
34.9653,0.04746,-0.23800,-38.73073,-0.95254,-0.23800,-0.93924,-0.21085,0.16839,1.02629,1.10763,1.23714,1.10763,1.23714,1.00000,0.00000,0,0.00113,-0.49119,-0.45122,-0.01173,3.09791,3.01133,8,0x00000000,1,-0.34354,-0.38906,0.03448,-1.64646,-1.67280,8,0x00000000,1,-0.34941,-0.35339,0.00730,-0.43237,-0.43486,8,0x00000000,1,-0.38248,-0.39626,-0.00550,3.17165,3.21191,8,0x00000000,1,-0.37109,-0.37283,0.00309,3.00251,2.93670,8,0x00000000,1,-0.51592,-0.47048,-0.05890,3.35856,3.37612,8,0x00000000,1
35.0612,0.04702,-0.27328,-38.75034,-0.95298,-0.27328,-0.94987,-0.24315,0.19396,1.03242,1.14382,1.27558,1.14382,1.27558,1.00000,0.00000,0,0.00033,-0.49352,-0.45356,-0.03096,3.43505,3.38528,8,0x00000000,1,-0.34201,-0.37711,0.26370,-0.98539,-0.90428,8,0x00000000,1,-0.34765,-0.35288,0.00942,-0.51277,-0.47644,8,0x00000000,1,-0.38159,-0.39622,0.00050,2.99454,2.96106,8,0x00000000,1,-0.37058,-0.37282,0.00993,2.97523,2.85665,8,0x00000000,1,-0.51832,-0.47564,-0.04787,3.66586,3.51451,8,0x00000000,1
35.1605,0.07622,-0.41636,-38.91271,-0.92378,-0.41636,-0.94515,-0.35510,0.21967,1.04035,1.16482,1.39545,1.16482,1.39545,1.00000,0.00000,0,0.00026,-0.49894,-0.45816,-0.07502,3.99525,3.93687,8,0x00000000,1,-0.34146,-0.35733,0.00345,-0.48836,-0.44335,8,0x00000000,1,-0.34634,-0.35187,0.00240,-0.64111,-0.49716,8,0x00000000,1,-0.37704,-0.39601,0.00629,2.44760,2.50014,8,0x00000000,1,-0.36657,-0.37284,-0.00005,2.57607,2.60069,8,0x00000000,1,-0.52339,-0.48077,-0.08452,4.11336,4.08225,8,0x00000000,1
35.2574,0.06011,-0.44019,-38.86090,-0.93989,-0.44019,-0.94353,-0.41765,0.24510,1.05100,1.18863,1.46864,1.18863,1.46864,1.00000,0.00000,0,0.00119,-0.50248,-0.46449,-0.11487,4.01970,3.97620,8,0x00000000,1,-0.34061,-0.35713,0.00106,-0.76045,-0.70419,8,0x00000000,1,-0.34504,-0.35118,0.00205,-0.73817,-0.72623,8,0x00000000,1,-0.37447,-0.39581,0.00708,2.13412,2.20277,8,0x00000000,1,-0.36441,-0.37282,0.00165,2.41362,2.47101,8,0x00000000,1,-0.52677,-0.48803,-0.06967,4.33604,4.46904,8,0x00000000,1
35.3549,0.10733,-0.48936,-38.89515,-0.89267,-0.48936,-0.91098,-0.46242,0.27010,1.06293,1.18108,1.52535,1.18108,1.52535,1.00000,0.00000,0,0.00027,-0.50470,-0.47391,-0.04724,4.10717,4.21908,8,0x00000000,1,-0.34116,-0.35639,0.00890,-0.83738,-0.72058,8,0x00000000,1,-0.34521,-0.35065,0.00156,-0.73141,-0.55579,8,0x00000000,1,-0.37198,-0.39556,0.00410,1.75262,1.60292,8,0x00000000,1,-0.36206,-0.37282,0.00442,2.15284,2.07812,8,0x00000000,1,-0.52870,-0.49303,-0.02816,4.63993,4.66112,8,0x00000000,1
35.4574,0.14548,-0.51761,-38.88839,-0.85452,-0.51761,-0.87448,-0.49914,0.29420,1.07597,1.16868,1.57511,1.16868,1.57511,1.00000,0.00000,0,0.00042,-0.50653,-0.47702,-0.01719,4.47759,4.49969,8,0x00000000,1,-0.34190,-0.35578,0.00216,-0.90855,-0.93572,8,0x00000000,1,-0.34562,-0.35034,0.00691,-0.74087,-0.78424,8,0x00000000,1,-0.36968,-0.39520,0.00530,1.31429,1.28029,8,0x00000000,1,-0.35985,-0.37281,0.00619,1.86339,1.80848,8,0x00000000,1,-0.53025,-0.49844,-0.05251,4.76544,4.71677,8,0x00000000,1
35.5533,0.17797,-0.54165,-38.86683,-0.82203,-0.54165,-0.83902,-0.52750,0.31730,1.08987,1.15632,1.61737,1.15632,1.61737,1.00000,0.00000,0,0.00039,-0.50805,-0.47946,-0.03198,4.68796,4.77663,8,0x00000000,1,-0.34262,-0.35520,0.00072,-0.97335,-1.00398,8,0x00000000,1,-0.34605,-0.35016,0.00054,-0.75372,-0.90559,8,0x00000000,1,-0.36769,-0.39473,0.00478,0.88319,0.85512,8,0x00000000,1,-0.35792,-0.37265,0.00441,1.61318,1.68331,8,0x00000000,1,-0.53151,-0.50222,-0.03246,5.02514,5.12215,8,0x00000000,1
35.6494,0.20857,-0.56650,-38.87380,-0.79143,-0.56650,-0.80750,-0.55259,0.33949,1.10447,1.14699,1.65705,1.14699,1.65705,1.00000,0.00000,0,0.00030,-0.50952,-0.48213,-0.02636,4.97271,4.82831,8,0x00000000,1,-0.34319,-0.35439,0.00694,-1.03373,-1.08980,8,0x00000000,1,-0.34635,-0.34998,-0.00110,-0.77825,-0.71663,8,0x00000000,1,-0.36587,-0.39419,0.01193,0.51063,0.50754,8,0x00000000,1,-0.35616,-0.37250,0.00350,1.33972,1.34591,8,0x00000000,1,-0.53276,-0.50449,-0.03768,5.23197,5.17757,8,0x00000000,1
35.7478,0.24309,-0.59440,-38.87503,-0.75691,-0.59440,-0.77854,-0.57782,0.36090,1.11974,1.13944,1.69756,1.13944,1.69756,1.00000,0.00000,0,0.00026,-0.51106,-0.48519,-0.04072,5.14912,5.22623,8,0x00000000,1,-0.34368,-0.35321,0.00510,-1.02918,-1.05841,8,0x00000000,1,-0.34657,-0.34975,0.00239,-0.79270,-0.67132,8,0x00000000,1,-0.36405,-0.39357,0.00664,0.10555,0.21308,8,0x00000000,1,-0.35443,-0.37225,0.01142,1.03089,0.97336,8,0x00000000,1,-0.53409,-0.50839,-0.04365,5.34953,5.27940,8,0x00000000,1
35.8457,0.32734,-0.65948,-38.85789,-0.67266,-0.65948,-0.72607,-0.61947,0.38131,1.13584,1.10738,1.75531,1.10738,1.75531,1.00000,0.00000,0,0.00040,-0.51284,-0.49447,-0.20975,4.71096,4.70148,8,0x00000000,1,-0.34537,-0.35167,0.00735,-0.90533,-0.98624,8,0x00000000,1,-0.34784,-0.34964,-0.00127,-0.71280,-0.71189,8,0x00000000,1,-0.36105,-0.39207,0.02525,-0.29089,-0.26379,8,0x00000000,1,-0.35139,-0.37191,-0.00236,0.63264,0.74395,8,0x00000000,1,-0.53542,-0.52522,-0.35064,3.64990,4.05112,8,0x00000000,1
35.9392,0.50103,-0.77114,-38.83283,-0.49897,-0.77114,-0.56937,-0.72183,0.39865,1.15407,0.96802,1.87590,0.96802,1.87590,1.00000,0.00000,0,0.00024,-0.51510,-0.50617,-0.06252,4.37811,4.07357,8,0x00000000,1,-0.35223,-0.35161,0.00087,-0.46509,-0.54662,8,0x00000000,1,-0.35376,-0.34963,0.00676,-0.27284,-0.33200,8,0x00000000,1,-0.35337,-0.38768,0.08210,-0.84730,-0.72232,8,0x00000000,1,-0.34317,-0.36980,0.03687,-0.08261,0.14237,8,0x00000000,1,-0.53629,-0.53542,-0.01647,4.03624,4.09315,8,0x00000000,1
36.0382,0.56895,-0.78688,-38.90044,-0.43105,-0.78688,-0.48619,-0.77891,0.41278,1.17453,0.89897,1.95344,0.89897,1.95344,1.00000,0.00000,0,0.00204,-0.51696,-0.51043,-0.01597,4.44366,4.25033,8,0x00000000,1,-0.35571,-0.35181,-0.00436,-0.25754,-0.32835,8,0x00000000,1,-0.35664,-0.34979,0.00229,-0.05106,-0.09211,8,0x00000000,1,-0.34883,-0.37113,0.20900,0.06208,-0.23013,8,0x00000000,1,-0.33842,-0.36769,0.00493,-0.55100,-0.44833,8,0x00000000,1,-0.53740,-0.53634,-0.00390,4.13314,4.30283,8,0x00000000,1
36.1322,0.62093,-0.75443,-38.96239,-0.37907,-0.75443,-0.40851,-0.75941,0.42468,1.19531,0.83319,1.95472,0.83319,1.95472,1.00000,0.00000,0,0.00029,-0.51570,-0.51124,-0.00417,4.31548,4.38259,8,0x00000000,1,-0.35875,-0.35225,-0.00414,-0.01354,0.02230,8,0x00000000,1,-0.35960,-0.35000,-0.00511,0.23769,0.16095,8,0x00000000,1,-0.34751,-0.36341,0.00773,-0.23813,-0.28707,8,0x00000000,1,-0.33665,-0.36665,0.00320,-0.89378,-0.88954,8,0x00000000,1,-0.53572,-0.53664,-0.00255,3.96303,3.95352,8,0x00000000,1
36.2294,0.63371,-0.75283,-38.97798,-0.36629,-0.75283,-0.37672,-0.75521,0.43518,1.21577,0.81190,1.97098,0.81190,1.97098,1.00000,0.00000,0,0.00035,-0.51595,-0.51162,-0.00084,4.43042,4.42851,8,0x00000000,1,-0.35980,-0.35250,0.00142,0.08774,0.00353,8,0x00000000,1,-0.36051,-0.35021,-0.00241,0.35467,0.28686,8,0x00000000,1,-0.34642,-0.36250,0.00287,-0.45568,-0.38522,8,0x00000000,1,-0.33548,-0.36549,0.00676,-1.26082,-1.22567,8,0x00000000,1,-0.53577,-0.53672,0.00160,3.95115,3.73090,8,0x00000000,1
36.3269,0.63902,-0.75479,-38.98589,-0.36098,-0.75479,-0.36515,-0.75446,0.44514,1.23614,0.81030,1.99061,0.81030,1.99061,1.00000,0.00000,0,0.00041,-0.51674,-0.51195,-0.00641,4.48148,4.60433,8,0x00000000,1,-0.35994,-0.35277,-0.00139,0.15750,0.07598,8,0x00000000,1,-0.36052,-0.35037,-0.00768,0.44158,0.42980,8,0x00000000,1,-0.34558,-0.36158,0.01132,-0.58497,-0.56499,8,0x00000000,1,-0.33469,-0.36451,0.01664,-1.55137,-1.63603,8,0x00000000,1,-0.53647,-0.53689,0.00791,4.01996,4.08564,8,0x00000000,1
36.4243,0.65114,-0.75251,-38.98936,-0.34886,-0.75251,-0.35570,-0.75372,0.45488,1.25651,0.81058,2.01024,0.81058,2.01024,1.00000,0.00000,0,0.00058,-0.51757,-0.51229,-0.00944,4.58015,4.63033,8,0x00000000,1,-0.36000,-0.35305,-0.00726,0.18709,0.16157,8,0x00000000,1,-0.36045,-0.35043,0.00200,0.55093,0.57403,8,0x00000000,1,-0.34478,-0.36048,0.01320,-0.76094,-0.67191,8,0x00000000,1,-0.33395,-0.36292,0.02190,-1.84444,-1.69826,8,0x00000000,1,-0.53722,-0.53712,-0.00043,4.04137,4.02886,8,0x00000000,1
36.5220,0.66454,-0.74516,-38.99080,-0.33546,-0.74516,-0.34301,-0.74893,0.46430,1.27680,0.80731,2.02573,0.80731,2.02573,1.00000,0.00000,0,0.00097,-0.51815,-0.51265,-0.00888,4.63001,4.90525,8,0x00000000,1,-0.36021,-0.35341,-0.00836,0.23930,0.32621,8,0x00000000,1,-0.36055,-0.35056,-0.00271,0.67209,0.69603,8,0x00000000,1,-0.34408,-0.35948,0.01471,-0.89914,-0.91729,8,0x00000000,1,-0.33328,-0.35976,0.05710,-1.87422,-1.86650,8,0x00000000,1,-0.53771,-0.53733,0.00438,4.05585,3.96662,8,0x00000000,1
36.6192,0.73435,-0.72152,-38.92938,-0.26565,-0.72152,-0.30596,-0.73564,0.47315,1.29687,0.77912,2.03251,0.77912,2.03251,1.00000,0.00000,0,0.00029,-0.51787,-0.51298,0.00064,4.69454,4.80045,8,0x00000000,1,-0.36154,-0.35396,-0.00992,0.40207,0.49507,8,0x00000000,1,-0.36180,-0.35080,-0.00455,0.86535,0.77584,8,0x00000000,1,-0.34325,-0.35836,0.01202,-1.05779,-1.02460,8,0x00000000,1,-0.33228,-0.34242,0.47512,0.19660,-0.56982,8,0x00000000,1,-0.53723,-0.53748,0.00922,4.03856,4.12962,8,0x00000000,1
36.7161,0.81791,-0.69887,-38.88271,-0.18209,-0.69887,-0.21178,-0.71203,0.47993,1.31632,0.69171,2.02835,0.69171,2.02835,1.00000,0.00000,0,0.00023,-0.51594,-0.51316,-0.00458,4.55522,4.58862,8,0x00000000,1,-0.36557,-0.35577,-0.02603,0.66621,0.74745,8,0x00000000,1,-0.36575,-0.35151,0.00311,1.30341,1.33062,8,0x00000000,1,-0.34173,-0.35717,0.02026,-1.25651,-1.21935,8,0x00000000,1,-0.33016,-0.33599,0.01947,-0.99417,-1.00415,8,0x00000000,1,-0.53478,-0.53754,0.00138,3.79805,3.92097,8,0x00000000,1
36.8150,0.83590,-0.69521,-38.88191,-0.16410,-0.69521,-0.17855,-0.70250,0.48514,1.33533,0.66370,2.03783,0.66370,2.03783,1.00000,0.00000,0,0.00040,-0.51578,-0.51335,0.00774,4.58575,4.43133,8,0x00000000,1,-0.36690,-0.35656,-0.00694,0.80430,0.97698,8,0x00000000,1,-0.36699,-0.35188,-0.00737,1.41073,1.13994,8,0x00000000,1,-0.34080,-0.35611,0.01532,-1.40191,-1.45978,8,0x00000000,1,-0.32907,-0.33493,0.01625,-0.98053,-0.95994,8,0x00000000,1,-0.53441,-0.53754,0.00001,3.76862,3.76074,8,0x00000000,1
36.9117,0.84139,-0.68732,-38.88240,-0.15861,-0.68732,-0.16770,-0.69412,0.48981,1.35419,0.65751,2.04830,0.65751,2.04830,1.00000,0.00000,0,0.00028,-0.51609,-0.51358,-0.00299,4.64127,4.79644,8,0x00000000,1,-0.36723,-0.35694,-0.00246,0.89734,0.95858,8,0x00000000,1,-0.36723,-0.35213,-0.00164,1.60087,1.57716,8,0x00000000,1,-0.34025,-0.35474,0.00699,-1.57587,-1.62209,8,0x00000000,1,-0.32851,-0.33409,0.01296,-1.05662,-1.05727,8,0x00000000,1,-0.53464,-0.53755,-0.00465,3.74151,3.70692,8,0x00000000,1
37.0102,0.85331,-0.68657,-38.89359,-0.14669,-0.68657,-0.15621,-0.68902,0.49417,1.37285,0.65038,2.06187,0.65038,2.06187,1.00000,0.00000,0,0.00127,-0.51652,-0.51376,-0.00315,4.71689,4.56643,8,0x00000000,1,-0.36761,-0.35741,-0.00740,0.99725,1.02092,8,0x00000000,1,-0.36751,-0.35247,-0.01265,1.75773,1.68197,8,0x00000000,1,-0.33955,-0.35334,0.01972,-1.64196,-1.64024,8,0x00000000,1,-0.32781,-0.33317,0.01380,-1.12765,-1.14989,8,0x00000000,1,-0.53496,-0.53755,-0.00200,3.73118,3.72013,8,0x00000000,1
37.1054,0.86977,-0.67350,-38.90055,-0.13023,-0.67350,-0.14133,-0.68063,0.49819,1.39135,0.63951,2.07198,0.63951,2.07198,1.00000,0.00000,0,0.00122,-0.51672,-0.51390,-0.00243,4.71283,4.63196,8,0x00000000,1,-0.36815,-0.35777,0.00278,1.17684,1.10493,8,0x00000000,1,-0.36797,-0.35275,-0.00869,1.92513,1.84972,8,0x00000000,1,-0.33892,-0.35043,0.04817,-1.56558,-1.63858,8,0x00000000,1,-0.32714,-0.33237,0.00475,-1.16205,-1.19851,8,0x00000000,1,-0.53506,-0.53755,-0.00056,3.73793,3.68380,8,0x00000000,1
37.2031,0.89695,-0.66033,-38.92096,-0.10305,-0.66033,-0.11763,-0.66778,0.50167,1.40955,0.61930,2.07733,0.61930,2.07733,1.00000,0.00000,0,0.00036,-0.51654,-0.51403,0.01876,4.74544,4.64350,8,0x00000000,1,-0.36911,-0.35836,-0.00618,1.35969,1.32213,8,0x00000000,1,-0.36886,-0.35321,-0.00852,2.16271,2.28571,8,0x00000000,1,-0.33831,-0.34620,0.04571,-1.43720,-1.42374,8,0x00000000,1,-0.32641,-0.33131,0.00181,-1.23296,-1.17027,8,0x00000000,1,-0.53473,-0.53756,0.00088,3.64804,3.63215,8,0x00000000,1
37.3017,0.94847,-0.63494,-38.97547,-0.05153,-0.63494,-0.08366,-0.64990,0.50440,1.42735,0.58805,2.07725,0.58805,2.07725,1.00000,0.00000,0,0.00226,-0.51591,-0.51419,-0.01033,4.67557,4.78960,8,0x00000000,1,-0.37055,-0.35896,-0.00285,1.52016,1.53638,8,0x00000000,1,-0.37027,-0.35382,-0.01475,2.38821,2.29772,8,0x00000000,1,-0.33771,-0.33123,0.42256,0.61621,-0.10745,8,0x00000000,1,-0.32560,-0.33036,0.01543,-1.22731,-1.19582,8,0x00000000,1,-0.53391,-0.53755,0.00306,3.57250,3.64545,8,0x00000000,1
37.3952,1.01321,-0.58957,-39.04937,0.01321,-0.58957,-0.00966,-0.59967,0.50540,1.44417,0.51506,2.04383,0.51506,2.04383,1.00000,0.00000,16,0.00118,-0.51305,-0.51422,-0.00892,4.45164,4.36437,8,0x00000000,1,-0.37381,-0.35999,-0.01302,1.84104,1.76377,8,0x00000000,1,-0.37367,-0.35484,-0.01379,2.79302,2.76487,8,0x00000000,1,-0.33767,-0.32722,0.00107,-0.24494,-0.23647,8,0x00000000,1,-0.32497,-0.32967,-0.00157,-1.30328,-1.33706,8,0x00000000,1,-0.53074,-0.53754,0.00273,3.22870,3.21139,8,0x00000000,1
37.4925,1.01639,-0.58305,-39.05489,0.01639,-0.58305,0.01483,-0.58539,0.50540,1.46018,0.49057,2.04557,0.49057,2.04557,1.00000,0.00000,16,0.00035,-0.51263,-0.51420,0.00325,4.42717,4.60317,8,0x00000000,1,-0.37496,-0.36077,-0.00092,1.99038,1.93658,8,0x00000000,1,-0.37477,-0.35581,-0.00075,3.01666,3.10935,8,0x00000000,1,-0.33713,-0.32720,-0.00226,-0.20521,-0.18694,8,0x00000000,1,-0.32426,-0.32923,-0.01234,-1.41654,-1.35935,8,0x00000000,1,-0.53017,-0.53752,0.00176,3.17894,3.13138,8,0x00000000,1
37.5868,1.02784,-0.56166,-39.05587,1.02784,-0.56166,0.70911,-0.57636,0.54966,1.47590,-0.15945,2.05226,-0.15945,2.05226,0.00000,0.00000,0,0.00025,-0.49985,-0.51411,-0.00001,3.32410,3.14162,8,0x00000000,1,-0.40513,-0.36703,-0.16796,3.89973,3.98408,8,0x00000000,1,-0.40411,-0.36359,-0.28885,4.49197,4.43906,8,0x00000000,1,-0.32423,-0.32560,0.10173,-0.81936,-0.76349,8,0x00000000,1,-0.30712,-0.31983,0.43765,-1.04587,-1.11718,8,0x00000000,1,-0.51346,-0.53715,0.00859,1.66360,1.61349,8,0x00000000,1
37.6857,1.20384,-0.16160,-39.18998,1.20384,-0.16160,1.06172,-0.36906,0.52472,1.48912,-0.53699,1.85818,-0.53699,1.85818,0.00000,0.00000,0,0.00038,-0.48415,-0.51368,0.02761,2.14939,2.16514,8,0x00000000,1,-0.42189,-0.39330,-0.15325,3.44511,3.58675,8,0x00000000,1,-0.42187,-0.39962,-0.31072,3.31396,3.46543,8,0x00000000,1,-0.32485,-0.32122,-0.01143,-0.60233,-0.62941,8,0x00000000,1,-0.30472,-0.29877,0.02787,-0.93794,-1.04330,8,0x00000000,1,-0.49632,-0.53587,0.02299,0.30792,0.70930,8,0x00000000,1
37.7818,1.18781,0.03401,-39.18746,1.18781,0.03401,1.16619,-0.10617,0.49418,1.49509,-0.67202,1.60125,-0.67202,1.60125,0.00000,0.00000,0,0.00029,-0.47072,-0.51276,0.00754,0.84250,0.95680,8,0x00000000,1,-0.42713,-0.40112,-0.06673,3.60441,3.65392,8,0x00000000,1,-0.42891,-0.41682,-0.23966,2.80288,2.75211,8,0x00000000,1,-0.33278,-0.32176,-0.01139,0.15005,0.25233,8,0x00000000,1,-0.31101,-0.29875,-0.00009,-0.12604,-0.34542,8,0x00000000,1,-0.48312,-0.53198,0.04059,-0.52646,-0.42740,8,0x00000000,1
37.8782,1.23205,0.12374,-39.27925,1.23205,0.12374,1.21140,0.06635,0.46205,1.49510,-0.74935,1.42875,-0.74935,1.42875,0.00000,0.00000,0,0.00042,-0.46198,-0.51154,0.02426,-0.01261,0.15891,8,0x00000000,1,-0.43002,-0.40507,-0.03186,3.80357,3.80287,8,0x00000000,1,-0.43305,-0.42580,-0.00104,3.17155,3.04115,8,0x00000000,1,-0.33837,-0.32261,-0.00672,0.60785,0.55670,8,0x00000000,1,-0.31558,-0.29907,-0.01658,0.29674,0.38264,8,0x00000000,1,-0.47461,-0.52776,0.04843,-1.37909,-1.39578,8,0x00000000,1
37.9742,1.22475,0.17235,-39.22393,1.22475,0.17235,1.21860,0.14038,0.42922,1.49216,-0.78938,1.35178,-0.78938,1.35178,0.00000,0.00000,0,0.00048,-0.45797,-0.50996,0.02644,-0.66522,-0.59179,8,0x00000000,1,-0.43156,-0.41165,-0.04845,3.67152,3.69248,8,0x00000000,1,-0.43515,-0.42632,-0.01586,3.30332,3.28589,8,0x00000000,1,-0.34075,-0.32314,-0.00964,0.84219,0.78228,8,0x00000000,1,-0.31748,-0.29959,-0.01484,0.52127,0.54258,8,0x00000000,1,-0.47066,-0.52382,0.07149,-1.76153,-1.79569,8,0x00000000,1
38.0680,1.20618,0.20981,-39.20745,1.20618,0.20981,1.21722,0.18408,0.39628,1.48772,-0.82094,1.30365,-0.82094,1.30365,0.00000,0.00000,0,0.00043,-0.45534,-0.50710,0.03182,-1.15348,-1.11608,8,0x00000000,1,-0.43283,-0.41496,-0.03542,3.78381,3.77963,8,0x00000000,1,-0.43677,-0.42679,-0.00861,3.51600,3.53832,8,0x00000000,1,-0.34212,-0.32378,-0.00179,1.03370,1.09817,8,0x00000000,1,-0.31849,-0.30050,-0.01130,0.66253,0.70567,8,0x00000000,1,-0.46803,-0.51166,0.25770,-1.21176,-1.35560,8,0x00000000,1
38.1645,1.10862,0.27453,-39.31393,1.10862,0.27453,1.15542,0.24508,0.36407,1.48190,-0.79135,1.23682,-0.79135,1.23682,0.00000,0.00000,0,0.00035,-0.45315,-0.50146,0.07330,-1.36752,-1.31538,8,0x00000000,1,-0.43119,-0.41917,-0.05243,3.51331,3.46206,8,0x00000000,1,-0.43567,-0.42715,0.00582,3.50257,3.56219,8,0x00000000,1,-0.34545,-0.32484,-0.02025,1.43577,1.39010,8,0x00000000,1,-0.32180,-0.30202,-0.03470,0.98658,1.02163,8,0x00000000,1,-0.46627,-0.49010,0.05654,-0.79775,-0.89640,8,0x00000000,1
38.2608,1.09642,0.32673,-39.27306,1.09642,0.32673,1.11662,0.30616,0.33353,1.47432,-0.78310,1.16816,-0.78310,1.16816,0.00000,0.00000,0,0.00037,-0.45047,-0.49006,0.29750,-0.70026,-0.81188,8,0x00000000,1,-0.43054,-0.42354,-0.02637,3.37739,3.62347,8,0x00000000,1,-0.43554,-0.42735,-0.00497,3.54639,3.62528,8,0x00000000,1,-0.34844,-0.32640,-0.02574,1.74446,1.79105,8,0x00000000,1,-0.32462,-0.30403,-0.02635,1.32712,1.37854,8,0x00000000,1,-0.46389,-0.48788,0.04069,-1.13837,-1.13447,8,0x00000000,1
38.3592,1.02184,0.42394,-39.22165,1.02184,0.42394,1.05348,0.38328,0.30425,1.46508,-0.74923,1.08180,-0.74923,1.08180,0.00000,0.00000,0,0.00242,-0.44756,-0.47532,0.03529,-1.02972,-0.95614,8,0x00000000,1,-0.42862,-0.42491,-0.00963,3.23270,3.29035,8,0x00000000,1,-0.43431,-0.42751,0.00113,3.54508,3.56732,8,0x00000000,1,-0.35267,-0.32764,-0.02513,2.16938,2.18267,8,0x00000000,1,-0.32878,-0.30610,-0.03446,1.71776,1.69507,8,0x00000000,1,-0.46151,-0.48142,0.11946,-0.87962,-0.99265,8,0x00000000,1
38.4533,0.89992,0.49079,-39.32872,0.89992,0.49079,0.96756,0.45022,0.27685,1.45388,-0.69071,1.00366,-0.69071,1.00366,0.00000,0.00000,0,0.00035,-0.44549,-0.47270,0.03208,-1.22945,-1.16712,8,0x00000000,1,-0.42561,-0.42537,-0.00556,3.08923,3.02441,8,0x00000000,1,-0.43193,-0.42765,-0.00402,3.47034,3.54186,8,0x00000000,1,-0.35704,-0.32934,-0.02329,2.64696,2.74509,8,0x00000000,1,-0.33327,-0.31142,-0.11323,1.54649,1.51836,8,0x00000000,1,-0.46008,-0.46690,0.00438,-0.44825,-0.48923,8,0x00000000,1
38.5500,0.89052,0.51647,-39.29867,0.89052,0.51647,0.91361,0.49495,0.25166,1.44106,-0.66195,0.94611,-0.66195,0.94611,0.00000,0.00000,0,0.00028,-0.44367,-0.46923,0.05471,-1.37608,-1.26342,8,0x00000000,1,-0.42405,-0.42546,-0.01211,2.93830,2.93414,8,0x00000000,1,-0.43083,-0.42765,0.00535,3.43449,3.50069,8,0x00000000,1,-0.35998,-0.33122,-0.01545,3.08721,3.02211,8,0x00000000,1,-0.33620,-0.31512,-0.01727,2.08062,2.06910,8,0x00000000,1,-0.45866,-0.46653,0.00480,-0.59109,-0.65961,8,0x00000000,1
38.6483,0.79306,0.58795,-39.20572,0.79306,0.58795,0.86398,0.53175,0.22752,1.42729,-0.63646,0.89554,-0.63646,0.89554,0.00000,0.00000,0,0.00146,-0.44209,-0.44748,-0.00173,-0.42396,0.07131,8,0x00000000,1,-0.42268,-0.42550,0.00793,2.89751,3.13547,8,0x00000000,1,-0.42985,-0.42771,-0.00031,3.41589,3.34843,8,0x00000000,1,-0.36257,-0.33259,-0.01635,3.45414,3.39290,8,0x00000000,1,-0.33878,-0.31655,-0.02348,2.30035,2.23092,8,0x00000000,1,-0.45741,-0.46587,0.00906,-0.74890,-0.71811,8,0x00000000,1
38.7456,0.74617,0.62224,-39.16342,0.74617,0.62224,0.78442,0.60981,0.20546,1.41155,-0.57897,0.80173,-0.57897,0.80173,0.00000,0.00000,0,0.00031,-0.43934,-0.44656,-0.00023,-0.60912,-0.59720,8,0x00000000,1,-0.41965,-0.42550,0.00504,2.57456,2.58405,8,0x00000000,1,-0.42757,-0.42771,-0.00048,3.25828,3.22105,8,0x00000000,1,-0.36757,-0.33627,-0.06377,3.86276,3.86656,8,0x00000000,1,-0.34383,-0.32324,-0.14623,2.35040,2.47367,8,0x00000000,1,-0.45536,-0.46482,0.02699,-0.88761,-1.03552,8,0x00000000,1
38.8423,0.72945,0.62270,-39.15486,0.72945,0.62270,0.74794,0.62690,0.18487,1.39476,-0.56307,0.76786,-0.56307,0.76786,0.00000,0.00000,0,0.00028,-0.43826,-0.44587,0.00525,-0.70960,-0.70356,8,0x00000000,1,-0.41879,-0.42551,-0.00185,2.45571,2.65421,8,0x00000000,1,-0.42697,-0.42769,0.00466,3.23685,3.20377,8,0x00000000,1,-0.36928,-0.34438,-0.11604,3.52928,3.58420,8,0x00000000,1,-0.34553,-0.32930,-0.00478,2.49010,2.48586,8,0x00000000,1,-0.45450,-0.46399,0.00383,-1.02138,-0.99324,8,0x00000000,1
38.9391,0.68054,0.59881,-39.11916,0.68054,0.59881,0.70306,0.61186,0.16533,1.37800,-0.53773,0.76615,-0.53773,0.76615,0.00000,0.00000,0,0.00131,-0.43869,-0.44557,-0.00930,-0.72316,-0.69699,8,0x00000000,1,-0.41761,-0.42552,-0.00647,2.30774,2.29698,8,0x00000000,1,-0.42582,-0.42772,-0.00384,3.09585,3.13039,8,0x00000000,1,-0.36985,-0.35312,-0.06960,3.33196,3.31138,8,0x00000000,1,-0.34625,-0.33036,-0.02661,2.62092,2.51237,8,0x00000000,1,-0.45509,-0.46341,-0.00295,-1.01956,-1.09401,8,0x00000000,1
39.0355,0.64092,0.57836,-39.06908,0.64092,0.57836,0.66088,0.59106,0.14698,1.36179,-0.51391,0.77073,-0.51391,0.77073,0.00000,0.00000,0,0.00034,-0.43936,-0.44543,0.00211,-0.76233,-0.68958,8,0x00000000,1,-0.41653,-0.42547,-0.00096,2.14811,2.17040,8,0x00000000,1,-0.42471,-0.42769,-0.00029,3.01674,2.92949,8,0x00000000,1,-0.37013,-0.35768,-0.03498,3.35500,3.42488,8,0x00000000,1,-0.34669,-0.33157,-0.01719,2.71688,2.81211,8,0x00000000,1,-0.45589,-0.46320,0.00471,-1.04061,-1.15020,8,0x00000000,1
39.1301,0.62168,0.57121,-39.07390,0.62168,0.57121,0.63515,0.57707,0.12952,1.34606,-0.50563,0.76900,-0.50563,0.76900,0.00000,0.00000,0,0.00029,-0.43946,-0.44529,0.00453,-0.83983,-0.80310,8,0x00000000,1,-0.41615,-0.42544,0.00110,2.03515,2.04788,8,0x00000000,1,-0.42434,-0.42769,0.00205,2.98770,2.95394,8,0x00000000,1,-0.37036,-0.35946,-0.01668,3.40804,3.51223,8,0x00000000,1,-0.34697,-0.33290,-0.02066,2.79384,2.86591,8,0x00000000,1,-0.45604,-0.46311,-0.00719,-1.16351,-1.15305,8,0x00000000,1
39.2308,0.60299,0.56210,-39.08320,0.60299,0.56210,0.61450,0.56870,0.11267,1.33060,-0.50184,0.76190,-0.50184,0.76190,0.00000,0.00000,0,0.00112,-0.43924,-0.44487,0.00107,-0.85292,-0.84994,8,0x00000000,1,-0.41594,-0.42538,-0.00125,1.90702,1.81546,8,0x00000000,1,-0.42419,-0.42769,0.00148,2.93758,2.97704,8,0x00000000,1,-0.37073,-0.36037,-0.00949,3.54609,3.57869,8,0x00000000,1,-0.34734,-0.33469,-0.01501,2.90577,2.84156,8,0x00000000,1,-0.45587,-0.46287,0.00832,-1.17713,-1.17031,8,0x00000000,1
39.3296,0.58531,0.55792,-39.07969,0.58531,0.55792,0.59574,0.56065,0.09634,1.31537,-0.49940,0.75473,-0.49940,0.75473,0.00000,0.00000,0,0.00174,-0.43899,-0.44452,-0.00296,-0.93345,-0.73342,8,0x00000000,1,-0.41580,-0.42534,-0.00633,1.79445,1.75367,8,0x00000000,1,-0.42411,-0.42769,0.00421,2.87020,2.87157,8,0x00000000,1,-0.37108,-0.36117,-0.01241,3.61751,3.56680,8,0x00000000,1,-0.34767,-0.33615,-0.00654,2.96592,2.89379,8,0x00000000,1,-0.45566,-0.46264,-0.00032,-1.29492,-1.38811,8,0x00000000,1
39.4285,0.56861,0.55107,-39.08839,0.56861,0.55107,0.57751,0.55485,0.08053,1.30031,-0.49698,0.74547,-0.49698,0.74547,0.00000,0.00000,0,0.00042,-0.43865,-0.44417,-0.00255,-0.98184,-0.76691,8,0x00000000,1,-0.41565,-0.42526,-0.00366,1.69035,1.64282,8,0x00000000,1,-0.42403,-0.42769,-0.00109,2.83208,2.89206,8,0x00000000,1,-0.37151,-0.36184,-0.01699,3.71690,3.69064,8,0x00000000,1,-0.34809,-0.33732,-0.00527,3.08758,3.06123,8,0x00000000,1,-0.45537,-0.46238,0.00301,-1.36343,-1.33213,8,0x00000000,1
39.5231,0.55673,0.54717,-39.08364,0.55673,0.54717,0.56496,0.55073,0.06512,1.28539,-0.49985,0.73466,-0.49985,0.73466,0.00000,0.00000,0,0.00037,-0.43815,-0.44366,0.00464,-1.04191,-0.91291,8,0x00000000,1,-0.41574,-0.42520,-0.00361,1.55832,1.64202,8,0x00000000,1,-0.42420,-0.42768,0.00331,2.83086,2.86618,8,0x00000000,1,-0.37190,-0.36246,-0.00105,3.82684,3.89955,8,0x00000000,1,-0.34842,-0.33795,-0.00161,3.18651,3.15857,8,0x00000000,1,-0.45489,-0.46211,0.01264,-1.48867,-1.39248,8,0x00000000,1
39.6183,0.55271,0.54944,-39.08207,0.55271,0.54944,0.55680,0.54945,0.04999,1.27055,-0.50681,0.72110,-0.50681,0.72110,0.00000,0.00000,0,0.00045,-0.43744,-0.44310,0.00808,-1.09474,-1.04650,8,0x00000000,1,-0.41601,-0.42512,0.00361,1.49001,1.46005,8,0x00000000,1,-0.42457,-0.42769,0.00003,2.80212,2.78463,8,0x00000000,1,-0.37232,-0.36307,-0.00696,3.90882,3.86413,8,0x00000000,1,-0.34876,-0.33855,-0.00345,3.25580,3.25205,8,0x00000000,1,-0.45420,-0.46185,-0.00342,-1.57873,-1.53678,8,0x00000000,1
39.7189,0.54729,0.55283,-39.09259,0.54729,0.55283,0.55063,0.55127,0.03504,1.25569,-0.51558,0.70443,-0.51558,0.70443,0.00000,0.00000,0,0.00175,-0.43658,-0.44239,0.02366,-1.17561,-1.10912,8,0x00000000,1,-0.41635,-0.42507,0.00120,1.42020,1.51626,8,0x00000000,1,-0.42503,-0.42769,-0.00240,2.79291,2.69207,8,0x00000000,1,-0.37284,-0.36356,-0.00545,4.01246,3.99146,8,0x00000000,1,-0.34917,-0.33908,-0.00726,3.36849,3.45026,8,0x00000000,1,-0.45334,-0.46147,0.00634,-1.72890,-1.75696,8,0x00000000,1
39.8135,0.53253,0.55207,-39.08830,0.53253,0.55207,0.53902,0.55244,0.02033,1.24078,-0.51869,0.68835,-0.51869,0.68835,0.00000,0.00000,0,0.00032,-0.43585,-0.44191,-0.00308,-1.30705,-1.14854,8,0x00000000,1,-0.41643,-0.42498,0.00011,1.33457,1.41874,8,0x00000000,1,-0.42523,-0.42769,-0.00496,2.76051,2.83787,8,0x00000000,1,-0.37344,-0.36410,0.00120,4.15334,3.99687,8,0x00000000,1,-0.34970,-0.33953,-0.00014,3.49658,3.49270,8,0x00000000,1,-0.45265,-0.46103,-0.00087,-1.82777,-1.85636,8,0x00000000,1
39.9117,0.52321,0.55285,-39.08870,0.52321,0.55285,0.52897,0.55227,0.00592,1.22588,-0.52305,0.67361,-0.52305,0.67361,0.00000,0.00000,0,0.00031,-0.43515,-0.44142,-0.00036,-1.38535,-1.37140,8,0x00000000,1,-0.41657,-0.42491,0.00225,1.25920,1.41082,8,0x00000000,1,-0.42548,-0.42769,-0.00070,2.76611,2.84443,8,0x00000000,1,-0.37397,-0.36475,0.00399,4.27220,4.21859,8,0x00000000,1,-0.35014,-0.34013,-0.01147,3.59895,3.66129,8,0x00000000,1,-0.45198,-0.46056,0.00410,-1.91598,-1.85259,8,0x00000000,1
40.0080,0.51007,0.55400,-39.08337,0.51007,0.55400,0.51692,0.55382,-0.00818,1.21094,-0.52510,0.65713,-0.52510,0.65713,0.00000,0.00000,0,0.00043,-0.43442,-0.44087,-0.00851,-1.46391,-1.40764,8,0x00000000,1,-0.41660,-0.42484,-0.00557,1.12183,1.25123,8,0x00000000,1,-0.42563,-0.42768,-0.00025,2.75611,2.90689,8,0x00000000,1,-0.37461,-0.36535,-0.00452,4.35721,4.34038,8,0x00000000,1,-0.35072,-0.34087,-0.01602,3.68937,3.64934,8,0x00000000,1,-0.45131,-0.46006,0.01399,-2.03258,-1.89206,8,0x00000000,1
40.1053,0.49453,0.55485,-39.08164,0.49453,0.55485,0.50398,0.55480,-0.02197,1.19598,-0.52595,0.64118,-0.52595,0.64118,0.00000,0.00000,0,0.00040,-0.43375,-0.44036,0.00595,-1.52630,-1.46440,8,0x00000000,1,-0.41658,-0.42471,0.00664,1.07449,0.99441,8,0x00000000,1,-0.42573,-0.42769,-0.00413,2.71992,2.68218,8,0x00000000,1,-0.37525,-0.36604,-0.00669,4.44634,4.55702,8,0x00000000,1,-0.35130,-0.34166,-0.00688,3.79167,3.71618,8,0x00000000,1,-0.45068,-0.45963,-0.00816,-2.19011,-2.05932,8,0x00000000,1
40.2001,0.48265,0.55197,-39.08625,0.48265,0.55197,0.49038,0.55319,-0.03538,1.18102,-0.52577,0.62783,-0.52577,0.62783,0.00000,0.00000,0,0.00026,-0.43320,-0.43966,0.01087,-1.58586,-1.48763,8,0x00000000,1,-0.41652,-0.42462,-0.00653,0.96014,1.10287,8,0x00000000,1,-0.42577,-0.42769,-0.00456,2.69858,2.81880,8,0x00000000,1,-0.37581,-0.36689,-0.00386,4.55062,4.61479,8,0x00000000,1,-0.35181,-0.34254,-0.00925,3.88936,3.89802,8,0x00000000,1,-0.45018,-0.45917,0.01104,-2.26522,-2.12209,8,0x00000000,1
40.2971,0.46545,0.54914,-39.09248,0.46545,0.54914,0.47514,0.55031,-0.04842,1.16613,-0.52356,0.61582,-0.52356,0.61582,0.00000,0.00000,0,0.00127,-0.43274,-0.43904,0.01004,-1.64150,-1.59502,8,0x00000000,1,-0.41637,-0.42441,0.00166,0.90537,0.90544,8,0x00000000,1,-0.42571,-0.42766,0.00733,2.69411,2.69086,8,0x00000000,1,-0.37635,-0.36771,-0.01616,4.57158,4.49290,8,0x00000000,1,-0.35233,-0.34355,-0.01433,3.95389,4.03089,8,0x00000000,1,-0.44978,-0.45872,0.00298,-2.38476,-2.26669,8,0x00000000,1
40.3922,0.44375,0.54994,-39.07631,0.44375,0.54994,0.45716,0.55036,-0.06099,1.15127,-0.51816,0.60092,-0.51816,0.60092,0.00000,0.00000,0,0.00032,-0.43223,-0.43812,0.00698,-1.66446,-1.62065,8,0x00000000,1,-0.41606,-0.42417,0.00125,0.76799,0.77585,8,0x00000000,1,-0.42552,-0.42766,0.00452,2.68075,2.55702,8,0x00000000,1,-0.37707,-0.36880,-0.01158,4.66750,4.76488,8,0x00000000,1,-0.35303,-0.34634,-0.05782,3.76479,3.80495,8,0x00000000,1,-0.44936,-0.45829,0.00262,-2.44137,-2.40648,8,0x00000000,1
40.4898,0.38343,0.52945,-39.11415,0.38343,0.52945,0.42135,0.54145,-0.07292,1.13650,-0.49426,0.59505,-0.49426,0.59505,0.00000,0.00000,0,0.00025,-0.43247,-0.43725,0.00530,-1.64480,-1.66633,8,0x00000000,1,-0.41494,-0.42392,0.00093,0.64509,0.63590,8,0x00000000,1,-0.42445,-0.42767,-0.00119,2.54355,2.45428,8,0x00000000,1,-0.37778,-0.37088,-0.03035,4.64150,4.55855,8,0x00000000,1,-0.35387,-0.35711,-0.12422,2.92281,2.88272,8,0x00000000,1,-0.44976,-0.45786,-0.00247,-2.53475,-2.65337,8,0x00000000,1
40.5888,0.29116,0.49847,-39.18803,-0.70884,0.49847,-0.21280,0.51487,-0.15099,1.12225,0.06181,0.60737,0.06181,0.60737,1.00000,0.00000,0,0.00033,-0.44410,-0.43718,-0.00217,-0.63850,-0.84587,8,0x00000000,1,-0.38940,-0.42102,0.23184,-0.38065,-0.32928,8,0x00000000,1,-0.39902,-0.42670,0.00276,0.18493,0.76548,8,0x00000000,1,-0.38818,-0.37491,-0.10407,4.90078,4.84998,8,0x00000000,1,-0.36780,-0.36791,-0.06677,3.59606,3.61167,8,0x00000000,1,-0.46475,-0.45785,0.00352,-1.56607,-1.54906,8,0x00000000,1
40.6859,0.17807,0.37297,-39.21799,-0.82193,0.37297,-0.67405,0.44627,-0.13754,1.10904,0.53651,0.66276,0.53651,0.66276,1.00000,0.00000,0,0.00036,-0.45588,-0.43832,-0.00860,0.05307,-0.03825,8,0x00000000,1,-0.36778,-0.39353,0.07769,-1.10832,-1.10567,8,0x00000000,1,-0.37719,-0.42410,0.04448,-1.19041,-1.28095,8,0x00000000,1,-0.39516,-0.39129,-0.12468,4.49772,4.39736,8,0x00000000,1,-0.37802,-0.37358,-0.01272,3.94900,3.98547,8,0x00000000,1,-0.47927,-0.45821,-0.01085,-0.27996,-0.33507,8,0x00000000,1
40.7838,0.11793,0.31118,-39.17639,-0.88207,0.31118,-0.82585,0.34484,-0.11685,1.09858,0.70900,0.75374,0.70900,0.75374,1.00000,0.00000,0,0.00034,-0.46310,-0.44017,-0.01120,0.54272,0.36852,8,0x00000000,1,-0.36018,-0.39044,0.02082,-1.59827,-1.54033,8,0x00000000,1,-0.36904,-0.42162,0.01450,-1.80804,-1.71059,8,0x00000000,1,-0.39476,-0.39682,-0.02645,4.20851,4.21887,8,0x00000000,1,-0.37905,-0.37371,0.01524,3.86698,3.88714,8,0x00000000,1,-0.48723,-0.45864,-0.00675,0.32527,0.33675,8,0x00000000,1
40.8783,0.10225,0.25217,-39.16474,-0.89775,0.25217,-0.88107,0.28792,-0.09361,1.09005,0.78746,0.80213,0.78746,0.80213,1.00000,0.00000,0,0.00047,-0.46668,-0.44157,-0.01407,0.94162,0.84571,8,0x00000000,1,-0.35675,-0.38690,0.06048,-1.71483,-1.76966,8,0x00000000,1,-0.36531,-0.41580,0.10186,-2.01839,-1.86331,8,0x00000000,1,-0.39428,-0.39794,-0.01426,4.15086,4.17606,8,0x00000000,1,-0.37926,-0.37398,-0.00046,3.90635,3.83032,8,0x00000000,1,-0.49111,-0.45903,-0.00283,0.86756,0.85292,8,0x00000000,1
40.9744,0.06061,-0.02595,-39.06326,-0.93939,-0.02595,-0.91092,0.14603,-0.06942,1.08375,0.84151,0.93772,0.84151,0.93772,1.00000,0.00000,0,0.00044,-0.47340,-0.44331,-0.02459,1.40294,1.33161,8,0x00000000,1,-0.35474,-0.36247,0.73272,0.59301,-0.26881,8,0x00000000,1,-0.36242,-0.38766,0.08654,-0.30482,-0.32410,8,0x00000000,1,-0.38971,-0.39825,0.00900,3.75424,3.79955,8,0x00000000,1,-0.37552,-0.37410,-0.00433,3.67858,3.74975,8,0x00000000,1,-0.49765,-0.45966,-0.01811,1.54409,1.55172,8,0x00000000,1
41.0719,0.06462,-0.15682,-39.14241,-0.93538,-0.15682,-0.93973,-0.08279,-0.04418,1.08356,0.89555,1.16634,0.89555,1.16634,1.00000,0.00000,0,0.00047,-0.48401,-0.44694,-0.03521,2.43517,2.49793,8,0x00000000,1,-0.35306,-0.35801,-0.00633,-0.49482,-0.57258,8,0x00000000,1,-0.35925,-0.38350,0.06077,-1.11995,-1.13172,8,0x00000000,1,-0.38129,-0.39796,0.00718,2.93252,3.06273,8,0x00000000,1,-0.36824,-0.37408,0.00136,3.04445,3.13414,8,0x00000000,1,-0.50768,-0.46309,-0.02657,2.58884,2.45033,8,0x00000000,1
41.1724,0.03209,-0.26724,-39.03867,-0.96791,-0.26724,-0.96078,-0.19605,-0.01854,1.08741,0.94224,1.28347,0.94224,1.28347,1.00000,0.00000,0,0.00101,-0.48983,-0.44863,-0.00377,3.07283,3.11766,8,0x00000000,1,-0.35133,-0.35777,0.01030,-0.61125,-0.59345,8,0x00000000,1,-0.35677,-0.36917,0.13810,-0.24411,-0.38433,8,0x00000000,1,-0.37735,-0.39779,0.00330,2.53825,2.62741,8,0x00000000,1,-0.36501,-0.37406,0.00085,2.89478,2.98684,8,0x00000000,1,-0.51332,-0.46571,-0.01176,3.18500,3.24948,8,0x00000000,1
41.2720,0.01246,-0.34864,-38.96320,-0.98754,-0.34864,-0.97931,-0.29429,0.00769,1.09416,0.98700,1.38845,0.98700,1.38845,1.00000,0.00000,0,0.00049,-0.49510,-0.45116,-0.04668,3.67672,3.50235,8,0x00000000,1,-0.34963,-0.35692,0.00995,-0.75440,-0.77942,8,0x00000000,1,-0.35441,-0.35612,0.06651,0.13689,0.17104,8,0x00000000,1,-0.37388,-0.39749,0.00713,2.15925,2.08349,8,0x00000000,1,-0.36219,-0.37406,0.00109,2.57819,2.48593,8,0x00000000,1,-0.51845,-0.46877,-0.04066,3.87527,3.80280,8,0x00000000,1
41.3678,0.00025,-0.38487,-38.93035,-0.99975,-0.38487,-1.00081,-0.36086,0.03451,1.10324,1.03532,1.46410,1.03532,1.46410,1.00000,0.00000,0,0.00036,-0.49923,-0.45462,-0.03899,4.25504,4.29294,8,0x00000000,1,-0.34767,-0.35606,-0.00008,-0.95134,-0.88044,8,0x00000000,1,-0.35199,-0.35463,-0.00491,-0.16538,-0.08662,8,0x00000000,1,-0.37168,-0.39718,-0.00886,1.72175,1.74355,8,0x00000000,1,-0.36058,-0.37405,0.00381,2.34472,2.12293,8,0x00000000,1,-0.52257,-0.47625,-0.08013,4.11236,4.14408,8,0x00000000,1
41.4673,0.01173,-0.40472,-38.93426,-0.98827,-0.40472,-0.99660,-0.38875,0.06148,1.11339,1.05808,1.50214,1.05808,1.50214,1.00000,0.00000,0,0.00031,-0.50127,-0.45983,-0.04717,4.52109,4.54204,8,0x00000000,1,-0.34675,-0.35477,0.00557,-0.99184,-0.95428,8,0x00000000,1,-0.35084,-0.35431,0.00246,-0.23285,-0.22598,8,0x00000000,1,-0.37055,-0.39682,0.00113,1.37196,1.42427,8,0x00000000,1,-0.35973,-0.37405,0.00312,2.12034,2.08985,8,0x00000000,1,-0.52459,-0.48219,-0.05448,4.44344,4.55501,8,0x00000000,1
41.5649,0.05046,-0.43437,-38.95348,-0.94954,-0.43437,-0.97359,-0.41490,0.08811,1.12425,1.06170,1.53915,1.06170,1.53915,1.00000,0.00000,0,0.00034,-0.50289,-0.46809,-0.15839,4.15875,3.92553,8,0x00000000,1,-0.34672,-0.35331,0.01836,-0.94481,-0.99240,8,0x00000000,1,-0.35057,-0.35408,0.00539,-0.26433,-0.29324,8,0x00000000,1,-0.36909,-0.39632,0.01307,1.03939,1.07246,8,0x00000000,1,-0.35842,-0.37401,0.00712,1.88495,1.78240,8,0x00000000,1,-0.52608,-0.48785,-0.06413,4.55675,4.36579,8,0x00000000,1
41.6615,0.10713,-0.48723,-38.96574,-0.89287,-0.48723,-0.92027,-0.46161,0.11364,1.13610,1.03391,1.59770,1.03391,1.59770,1.00000,0.00000,0,0.00030,-0.50478,-0.47647,-0.04732,4.43562,4.40260,8,0x00000000,1,-0.34821,-0.35276,0.00768,-0.86634,-0.91372,8,0x00000000,1,-0.35164,-0.35398,0.00443,-0.17390,-0.25324,8,0x00000000,1,-0.36613,-0.39566,0.00737,0.53395,0.51444,8,0x00000000,1,-0.35547,-0.37374,-0.00607,1.48507,1.41303,8,0x00000000,1,-0.52756,-0.49309,-0.04637,4.79298,4.80752,8,0x00000000,1
41.7579,0.15122,-0.51625,-38.95095,-0.84878,-0.51625,-0.87402,-0.49730,0.13782,1.14908,1.01184,1.64638,1.01184,1.64638,1.00000,0.00000,0,0.00039,-0.50638,-0.47939,-0.04110,4.66990,4.74599,8,0x00000000,1,-0.34940,-0.35279,-0.00465,-0.88153,-0.84944,8,0x00000000,1,-0.35249,-0.35400,-0.00578,-0.18639,-0.19117,8,0x00000000,1,-0.36369,-0.39476,0.00917,0.10699,0.15803,8,0x00000000,1,-0.35304,-0.37340,0.01216,1.13138,1.11638,8,0x00000000,1,-0.52881,-0.49965,-0.05131,4.79046,4.87862,8,0x00000000,1
41.8578,0.19521,-0.54132,-38.95699,-0.80479,-0.54132,-0.82935,-0.52561,0.16076,1.16293,0.99011,1.68854,0.99011,1.68854,1.00000,0.00000,0,0.00043,-0.50770,-0.48190,-0.02707,4.93494,4.91601,8,0x00000000,1,-0.35055,-0.35277,-0.00123,-0.85123,-0.86184,8,0x00000000,1,-0.35334,-0.35398,-0.00037,-0.15075,-0.06457,8,0x00000000,1,-0.36153,-0.39285,0.02086,-0.26206,-0.21664,8,0x00000000,1,-0.35087,-0.37302,0.00868,0.79435,0.80951,8,0x00000000,1,-0.52982,-0.50287,-0.01997,5.06647,5.10001,8,0x00000000,1
41.9517,0.22045,-0.55668,-38.94584,-0.77955,-0.55668,-0.79787,-0.54562,0.18268,1.17742,0.98055,1.72304,0.98055,1.72304,1.00000,0.00000,0,0.00029,-0.50896,-0.48401,-0.02470,5.20956,5.38297,8,0x00000000,1,-0.35111,-0.35277,0.00089,-0.83387,-0.83913,8,0x00000000,1,-0.35367,-0.35398,-0.00046,-0.10624,-0.09432,8,0x00000000,1,-0.35992,-0.39083,0.01231,-0.63494,-0.55295,8,0x00000000,1,-0.34931,-0.37252,-0.00342,0.41169,0.52292,8,0x00000000,1,-0.53087,-0.50507,-0.02764,5.24599,5.16622,8,0x00000000,1
42.0508,0.24914,-0.58126,-38.95318,-0.75086,-0.58126,-0.76946,-0.56647,0.20383,1.19243,0.97329,1.75891,0.97329,1.75891,1.00000,0.00000,0,0.00041,-0.51031,-0.48835,-0.06749,5.12592,4.97633,8,0x00000000,1,-0.35158,-0.35278,-0.00387,-0.81900,-0.85598,8,0x00000000,1,-0.35388,-0.35397,0.00160,-0.09292,-0.08675,8,0x00000000,1,-0.35830,-0.38810,0.04378,-0.80298,-0.65345,8,0x00000000,1,-0.34775,-0.37148,0.02091,0.16817,0.35696,8,0x00000000,1,-0.53203,-0.50936,-0.07839,5.20685,5.08978,8,0x00000000,1
42.1491,0.43373,-0.71860,-38.94287,-0.56627,-0.71860,-0.68128,-0.63582,0.22372,1.20844,0.90500,1.84426,0.90500,1.84426,1.00000,0.00000,0,0.00029,-0.51251,-0.50444,-0.14679,4.14257,4.23891,8,0x00000000,1,-0.35504,-0.35278,-0.00236,-0.65029,-0.78271,8,0x00000000,1,-0.35670,-0.35399,0.00447,0.07587,-0.20381,8,0x00000000,1,-0.35345,-0.37592,0.28616,0.10806,-0.26457,8,0x00000000,1,-0.34273,-0.36940,0.02867,-0.23317,-0.09019,8,0x00000000,1,-0.53345,-0.53048,-0.21005,3.65874,3.67134,8,0x00000000,1
42.2467,0.58998,-0.69781,-39.02764,-0.41002,-0.69781,-0.48214,-0.69221,0.23905,1.22677,0.72119,1.91898,0.72119,1.91898,1.00000,0.00000,0,0.00043,-0.51196,-0.50971,-0.01506,4.15595,4.17852,8,0x00000000,1,-0.36381,-0.35361,-0.01688,0.08900,-0.02344,8,0x00000000,1,-0.36477,-0.35428,-0.00192,0.80868,0.63221,8,0x00000000,1,-0.34681,-0.36209,0.04403,-0.44178,-0.36495,8,0x00000000,1,-0.33509,-0.36647,0.01697,-1.09158,-1.06699,8,0x00000000,1,-0.53144,-0.53506,-0.02161,3.75699,3.60784,8,0x00000000,1
42.3459,0.62906,-0.70109,-39.05190,-0.37094,-0.70109,-0.39839,-0.70179,0.25070,1.24564,0.64910,1.94743,0.64910,1.94743,1.00000,0.00000,0,0.00051,-0.51171,-0.51070,-0.00420,4.18127,4.18523,8,0x00000000,1,-0.36725,-0.35466,-0.01465,0.34676,0.33289,8,0x00000000,1,-0.36793,-0.35462,0.00293,1.05890,1.06122,8,0x00000000,1,-0.34424,-0.36060,0.01010,-0.72404,-0.69600,8,0x00000000,1,-0.33213,-0.36498,0.00419,-1.52487,-1.43519,8,0x00000000,1,-0.53062,-0.53538,-0.00435,3.65656,3.88110,8,0x00000000,1
42.4406,0.64420,-0.70179,-39.05648,-0.35580,-0.70179,-0.36810,-0.70341,0.26098,1.26462,0.62908,1.96803,0.62908,1.96803,1.00000,0.00000,0,0.00034,-0.51217,-0.51111,-0.00267,4.21806,4.10273,8,0x00000000,1,-0.36825,-0.35531,-0.00875,0.42361,0.52007,8,0x00000000,1,-0.36877,-0.35479,0.00383,1.21127,1.12177,8,0x00000000,1,-0.34300,-0.35950,0.01755,-0.90743,-0.83386,8,0x00000000,1,-0.33082,-0.36356,0.01565,-1.81589,-1.85600,8,0x00000000,1,-0.53087,-0.53562,-0.00874,3.64691,3.57853,8,0x00000000,1
42.5391,0.65601,-0.70019,-39.04418,-0.34399,-0.70019,-0.35145,-0.70166,0.27068,1.28359,0.62213,1.98525,0.62213,1.98525,1.00000,0.00000,0,0.00110,-0.51275,-0.51143,-0.00600,4.23890,4.17460,8,0x00000000,1,-0.36864,-0.35594,-0.00178,0.58528,0.53376,8,0x00000000,1,-0.36903,-0.35495,0.00762,1.36069,1.33170,8,0x00000000,1,-0.34216,-0.35850,0.01241,-1.03021,-0.95652,8,0x00000000,1,-0.32999,-0.36079,0.04259,-1.96159,-1.91787,8,0x00000000,1,-0.53134,-0.53575,-0.00753,3.61171,3.71362,8,0x00000000,1
42.6369,0.71257,-0.67431,-39.01180,-0.28743,-0.67431,-0.32255,-0.68970,0.27986,1.30242,0.60241,1.99212,0.60241,1.99212,1.00000,0.00000,0,0.00048,-0.51264,-0.51170,-0.01006,4.20768,4.10743,8,0x00000000,1,-0.36958,-0.35655,-0.00774,0.72954,0.80241,8,0x00000000,1,-0.36990,-0.35516,-0.00566,1.56487,1.53519,8,0x00000000,1,-0.34149,-0.35718,0.01742,-1.18912,-1.26579,8,0x00000000,1,-0.32921,-0.34692,0.31437,-0.66445,-1.00337,8,0x00000000,1,-0.53108,-0.53584,0.00000,3.55803,3.47219,8,0x00000000,1
42.7312,0.80533,-0.65102,-38.94933,-0.19467,-0.65102,-0.23011,-0.66279,0.28725,1.32059,0.51736,1.98338,0.51736,1.98338,1.00000,0.00000,0,0.00029,-0.51057,-0.51169,0.01580,4.07219,3.88177,8,0x00000000,1,-0.37349,-0.35789,-0.02384,1.08795,0.96959,8,0x00000000,1,-0.37377,-0.35571,-0.00550,1.97186,2.03286,8,0x00000000,1,-0.34021,-0.35612,0.01877,-1.39088,-1.48563,8,0x00000000,1,-0.32733,-0.33554,0.01583,-0.97168,-0.91690,8,0x00000000,1,-0.52853,-0.53583,0.00548,3.30529,3.21800,8,0x00000000,1
42.8307,0.83382,-0.64253,-38.94009,-0.16618,-0.64253,-0.19315,-0.64708,0.29289,1.33819,0.48604,1.98527,0.48604,1.98527,1.00000,0.00000,0,0.00184,-0.51002,-0.51174,0.01118,4.03641,3.89849,8,0x00000000,1,-0.37494,-0.35871,-0.00758,1.30346,1.20296,8,0x00000000,1,-0.37517,-0.35609,0.00053,2.25724,2.16333,8,0x00000000,1,-0.33952,-0.35476,0.00379,-1.54725,-1.48744,8,0x00000000,1,-0.32644,-0.33411,0.00778,-1.04451,-0.98976,8,0x00000000,1,-0.52778,-0.53584,0.00006,3.15628,3.09982,8,0x00000000,1
42.9246,0.83923,-0.62812,-38.93812,-0.16077,-0.62812,-0.17355,-0.63540,0.29779,1.35548,0.47134,1.99088,0.47134,1.99088,1.00000,0.00000,0,0.00045,-0.50996,-0.51179,-0.00343,4.00967,4.00354,8,0x00000000,1,-0.37565,-0.35930,-0.00052,1.47469,1.48946,8,0x00000000,1,-0.37582,-0.35640,-0.00841,2.44722,2.29607,8,0x00000000,1,-0.33900,-0.35311,0.01458,-1.61881,-1.64333,8,0x00000000,1,-0.32584,-0.33312,0.01468,-1.06179,-1.07618,8,0x00000000,1,-0.52761,-0.53583,-0.00106,3.07042,3.15802,8,0x00000000,1
43.0220,0.85908,-0.61595,-38.94566,-0.14092,-0.61595,-0.15293,-0.62499,0.30218,1.37251,0.45510,1.99749,0.45510,1.99749,1.00000,0.00000,0,0.00094,-0.50991,-0.51181,-0.00009,3.98788,3.85082,8,0x00000000,1,-0.37642,-0.36008,-0.00819,1.68030,1.69133,8,0x00000000,1,-0.37653,-0.35678,-0.00233,2.71554,2.70464,8,0x00000000,1,-0.33842,-0.35010,0.03812,-1.53458,-1.51716,8,0x00000000,1,-0.32517,-0.33178,0.01793,-1.13123,-1.04519,8,0x00000000,1,-0.52743,-0.53584,-0.00401,2.94467,2.92721,8,0x00000000,1
43.1179,0.89172,-0.59694,-38.97321,-0.10828,-0.59694,-0.12520,-0.60759,0.30592,1.38915,0.43111,1.99673,0.43111,1.99673,1.00000,0.00000,0,0.00033,-0.50940,-0.51182,-0.00060,3.87896,3.92608,8,0x00000000,1,-0.37753,-0.36072,-0.01253,1.88363,2.00094,8,0x00000000,1,-0.37762,-0.35734,-0.01177,2.98674,2.95014,8,0x00000000,1,-0.33798,-0.34627,0.04014,-1.41179,-1.31897,8,0x00000000,1,-0.32457,-0.33085,0.01126,-1.16281,-1.04622,8,0x00000000,1,-0.52678,-0.53583,-0.01079,2.77942,2.70154,8,0x00000000,1
43.2141,0.93447,-0.57367,-39.00860,-0.06553,-0.57367,-0.09172,-0.58757,0.30886,1.40528,0.40059,1.99285,0.40059,1.99285,1.00000,0.00000,0,0.00120,-0.50862,-0.51183,-0.00410,3.81671,3.84431,8,0x00000000,1,-0.37893,-0.36149,-0.01020,2.12346,2.09798,8,0x00000000,1,-0.37901,-0.35803,-0.01398,3.24363,3.12372,8,0x00000000,1,-0.33755,-0.33326,0.43018,0.54531,-0.13231,8,0x00000000,1,-0.32393,-0.33012,0.00226,-1.25142,-1.28124,8,0x00000000,1,-0.52583,-0.53581,-0.00140,2.62273,2.51586,8,0x00000000,1
43.3112,1.00855,-0.52466,-39.09782,0.00855,-0.52466,-0.01766,-0.53344,0.31015,1.42036,0.32780,1.95379,0.32780,1.95379,1.00000,0.00000,16,0.00030,-0.50553,-0.51181,-0.00150,3.53845,3.42464,8,0x00000000,1,-0.38216,-0.36268,-0.01132,2.54030,2.75865,8,0x00000000,1,-0.38242,-0.36010,-0.03259,3.58827,3.59355,8,0x00000000,1,-0.33775,-0.32729,0.00567,-0.18417,-0.29820,8,0x00000000,1,-0.32352,-0.32937,0.00147,-1.31399,-1.24151,8,0x00000000,1,-0.52246,-0.53573,0.00786,2.23561,2.23320,8,0x00000000,1
43.4109,1.02204,-0.48417,-39.13542,0.02204,-0.48417,0.01267,-0.50334,0.31015,1.43441,0.29747,1.93775,0.29747,1.93775,1.00000,0.00000,16,0.00182,-0.50425,-0.51180,0.00154,3.39646,3.41788,8,0x00000000,1,-0.38351,-0.36355,-0.01294,2.76035,2.76456,8,0x00000000,1,-0.38385,-0.36698,-0.09252,3.25611,3.26023,8,0x00000000,1,-0.33782,-0.32730,0.00626,-0.06980,-0.19025,8,0x00000000,1,-0.32334,-0.32889,0.00010,-1.37635,-1.46763,8,0x00000000,1,-0.52106,-0.53571,-0.00235,2.01804,2.02103,8,0x00000000,1
43.5076,1.03841,-0.43232,-39.17812,0.03841,-0.43232,0.03209,-0.45670,0.30966,1.44735,0.27757,1.90405,0.27757,1.90405,1.00000,0.00000,0,0.00039,-0.50244,-0.51180,-0.01170,3.18646,3.13242,8,0x00000000,1,-0.38430,-0.36421,-0.00793,2.98860,2.98348,8,0x00000000,1,-0.38486,-0.37399,-0.04744,3.14995,3.20201,8,0x00000000,1,-0.33882,-0.32740,0.00243,0.11832,-0.06157,8,0x00000000,1,-0.32410,-0.32872,-0.00244,-1.34585,-1.30124,8,0x00000000,1,-0.51927,-0.53560,0.00541,1.73156,1.79114,8,0x00000000,1
43.6056,1.04321,-0.38906,-39.20647,1.04321,-0.38906,0.63036,-0.41875,0.35666,1.45915,-0.27370,1.87790,-0.27370,1.87790,0.00000,0.00000,0,0.00040,-0.49027,-0.51150,0.00290,2.07914,2.08291,8,0x00000000,1,-0.40975,-0.37011,-0.28556,4.15195,4.31185,8,0x00000000,1,-0.40988,-0.38434,-0.34318,3.76956,3.70587,8,0x00000000,1,-0.32917,-0.32726,0.01562,-0.52930,-0.44516,8,0x00000000,1,-0.31079,-0.32660,0.16517,-1.90111,-1.85176,8,0x00000000,1,-0.50391,-0.53475,0.03728,0.40912,0.64066,8,0x00000000,1
43.7043,1.12301,0.00749,-39.30479,1.12301,0.00749,1.00621,-0.19271,0.33330,1.46790,-0.67292,1.66061,-0.67292,1.66061,0.00000,0.00000,0,0.00033,-0.47317,-0.51076,0.01727,0.74949,1.00824,8,0x00000000,1,-0.42741,-0.40031,-0.09169,4.10938,3.91969,8,0x00000000,1,-0.42874,-0.41564,-0.45952,2.65353,2.80359,8,0x00000000,1,-0.33032,-0.32452,0.00545,-0.18609,-0.41412,8,0x00000000,1,-0.30873,-0.30112,0.00032,-0.74800,-0.80827,8,0x00000000,1,-0.48534,-0.53055,0.05260,-0.85578,-0.60550,8,0x00000000,1
43.7994,1.14631,0.16200,-39.33522,1.14631,0.16200,1.11288,0.06852,0.30436,1.46883,-0.80852,1.40031,-0.80852,1.40031,0.00000,0.00000,0,0.00030,-0.45961,-0.50893,0.02475,-0.62768,-0.42807,8,0x00000000,1,-0.43264,-0.40968,-0.08714,3.89311,3.89931,8,0x00000000,1,-0.43585,-0.42721,-0.01223,3.63775,3.83424,8,0x00000000,1,-0.33838,-0.32531,-0.01118,0.60742,0.40202,8,0x00000000,1,-0.31514,-0.30118,-0.00614,0.05965,-0.11961,8,0x00000000,1,-0.47200,-0.52374,0.08964,-1.78384,-1.73313,8,0x00000000,1
43.8960,1.12420,0.22830,-39.28065,1.12420,0.22830,1.12583,0.18228,0.27402,1.46520,-0.85181,1.28293,-0.85181,1.28293,0.00000,0.00000,0,0.00025,-0.45385,-0.50580,0.05613,-1.16630,-1.10434,8,0x00000000,1,-0.43417,-0.41678,-0.06030,3.76846,3.83419,8,0x00000000,1,-0.43825,-0.42774,-0.00354,3.78202,3.64775,8,0x00000000,1,-0.34237,-0.32581,-0.01277,0.86509,0.99050,8,0x00000000,1,-0.31849,-0.30138,-0.01252,0.38370,0.43299,8,0x00000000,1,-0.46644,-0.51054,0.28261,-1.03568,-1.23083,8,0x00000000,1
43.9924,1.01167,0.32575,-39.36424,1.01167,0.32575,1.06922,0.26979,0.24415,1.45904,-0.82507,1.18925,-0.82507,1.18925,0.00000,0.00000,0,0.00046,-0.45050,-0.49993,0.06328,-1.39918,-1.43401,8,0x00000000,1,-0.43256,-0.42361,-0.04013,3.38620,3.35861,8,0x00000000,1,-0.43737,-0.42826,-0.00444,3.73596,3.65753,8,0x00000000,1,-0.34675,-0.32674,-0.02254,1.31481,1.24879,8,0x00000000,1,-0.32274,-0.30196,-0.01656,0.77014,0.66691,8,0x00000000,1,-0.46360,-0.49001,0.07088,-0.79347,-0.81373,8,0x00000000,1
44.0908,0.99377,0.36392,-39.33701,0.99377,0.36392,1.01923,0.34323,0.21610,1.45053,-0.80313,1.10730,-0.80313,1.10730,0.00000,0.00000,0,0.00043,-0.44753,-0.47970,0.44820,0.37392,-0.10718,8,0x00000000,1,-0.43122,-0.42579,-0.00483,3.33133,3.40227,8,0x00000000,1,-0.43668,-0.42840,-0.00803,3.78509,3.70485,8,0x00000000,1,-0.35056,-0.32808,-0.01712,1.72521,1.63460,8,0x00000000,1,-0.32642,-0.30376,-0.01559,1.18380,1.20639,8,0x00000000,1,-0.46108,-0.48691,0.04704,-1.16762,-1.03001,8,0x00000000,1
44.1918,0.91280,0.43794,-39.33092,0.91280,0.43794,0.95182,0.41344,0.18958,1.44025,-0.76224,1.02681,-0.76224,1.02681,0.00000,0.00000,0,0.00150,-0.44501,-0.47462,0.02989,-1.09583,-0.99144,8,0x00000000,1,-0.42901,-0.42657,-0.01183,3.15151,3.11219,8,0x00000000,1,-0.43511,-0.42849,0.00090,3.75812,3.67557,8,0x00000000,1,-0.35468,-0.32958,-0.02464,2.19247,2.05185,8,0x00000000,1,-0.33054,-0.30569,-0.02025,1.62284,1.54579,8,0x00000000,1,-0.45910,-0.47897,0.11544,-0.83705,-0.80992,8,0x00000000,1
44.2878,0.81782,0.48788,-39.40729,0.81782,0.48788,0.86605,0.46913,0.16501,1.42833,-0.70104,0.95921,-0.70104,0.95921,0.00000,0.00000,0,0.00030,-0.44343,-0.47207,0.01986,-1.35212,-1.31632,8,0x00000000,1,-0.42591,-0.42674,-0.00708,2.99259,3.05529,8,0x00000000,1,-0.43257,-0.42855,0.00314,3.67563,3.53849,8,0x00000000,1,-0.35867,-0.33097,-0.01787,2.59956,2.57717,8,0x00000000,1,-0.33469,-0.30993,-0.10588,1.60408,1.63824,8,0x00000000,1,-0.45814,-0.46729,0.00407,-0.60932,-0.54142,8,0x00000000,1
44.3882,0.79857,0.51029,-39.37325,0.79857,0.51029,0.81984,0.50173,0.14239,1.41517,-0.67746,0.91344,-0.67746,0.91344,0.00000,0.00000,0,0.00037,-0.44201,-0.46780,0.08319,-1.32562,-1.24130,8,0x00000000,1,-0.42464,-0.42672,0.00457,2.90577,2.58161,8,0x00000000,1,-0.43166,-0.42858,0.00780,3.65797,3.72281,8,0x00000000,1,-0.36102,-0.33261,-0.01080,2.99192,2.99835,8,0x00000000,1,-0.33704,-0.31931,-0.06966,1.48537,1.60173,8,0x00000000,1,-0.45702,-0.46687,0.00681,-0.75189,-0.71879,8,0x00000000,1
44.4841,0.68431,0.62517,-39.23932,0.68431,0.62517,0.75090,0.55449,0.12096,1.40116,-0.62993,0.84667,-0.62993,0.84667,0.00000,0.00000,0,0.00028,-0.44019,-0.44734,0.00111,-0.44178,-0.23802,8,0x00000000,1,-0.42218,-0.42675,-0.00741,2.68601,2.65830,8,0x00000000,1,-0.42973,-0.42861,0.00082,3.54722,3.43256,8,0x00000000,1,-0.36472,-0.33433,-0.03165,3.39244,3.39754,8,0x00000000,1,-0.34081,-0.32841,-0.02338,1.40149,1.36236,8,0x00000000,1,-0.45574,-0.46615,0.00840,-0.86695,-0.86945,8,0x00000000,1
44.5802,0.65208,0.62329,-39.24580,0.65208,0.62329,0.68422,0.61217,0.10171,1.38507,-0.58251,0.77290,-0.58251,0.77290,0.00000,0.00000,0,0.00029,-0.43808,-0.44618,0.01308,-0.62754,-0.55340,8,0x00000000,1,-0.41970,-0.42672,0.00277,2.44737,2.53454,8,0x00000000,1,-0.42784,-0.42861,-0.00016,3.43201,3.38242,8,0x00000000,1,-0.36869,-0.34049,-0.10226,3.43225,3.47905,8,0x00000000,1,-0.34483,-0.33039,-0.01296,1.73752,1.74790,8,0x00000000,1,-0.45418,-0.46478,0.00139,-1.03016,-0.98315,8,0x00000000,1
44.6775,0.62412,0.61934,-39.20891,0.62412,0.61934,0.64973,0.62492,0.08372,1.36825,-0.56601,0.74333,-0.56601,0.74333,0.00000,0.00000,0,0.00045,-0.43718,-0.44554,0.01072,-0.73670,-0.62905,8,0x00000000,1,-0.41883,-0.42673,-0.00995,2.34633,2.40328,8,0x00000000,1,-0.42719,-0.42861,0.00254,3.40461,3.24658,8,0x00000000,1,-0.37024,-0.34945,-0.08394,3.20735,3.14343,8,0x00000000,1,-0.34638,-0.33143,0.00311,1.88296,1.91070,8,0x00000000,1,-0.45350,-0.46390,0.01596,-1.07347,-0.96911,8,0x00000000,1
44.7753,0.59068,0.60153,-39.17296,0.59068,0.60153,0.61217,0.61273,0.06674,1.35152,-0.54543,0.73879,-0.54543,0.73879,0.00000,0.00000,0,0.00036,-0.43741,-0.44522,0.00791,-0.76966,-0.70022,8,0x00000000,1,-0.41786,-0.42673,-0.01128,2.17280,2.03780,8,0x00000000,1,-0.42627,-0.42862,-0.00458,3.28032,3.30810,8,0x00000000,1,-0.37083,-0.35569,-0.04724,3.15565,3.31410,8,0x00000000,1,-0.34709,-0.33233,-0.01551,2.03733,1.91483,8,0x00000000,1,-0.45386,-0.46349,-0.00130,-1.17028,-1.12809,8,0x00000000,1
44.8735,0.56840,0.59315,-39.14589,0.56840,0.59315,0.58226,0.59886,0.05067,1.33520,-0.53159,0.73633,-0.53159,0.73633,0.00000,0.00000,0,0.00066,-0.43758,-0.44504,0.00023,-0.85723,-0.76995,8,0x00000000,1,-0.41721,-0.42669,-0.00562,2.04808,2.06952,8,0x00000000,1,-0.42564,-0.42861,-0.00417,3.22257,3.21841,8,0x00000000,1,-0.37121,-0.35840,-0.01918,3.23294,3.22513,8,0x00000000,1,-0.34754,-0.33333,-0.00626,2.17627,2.11252,8,0x00000000,1,-0.45413,-0.46323,0.00250,-1.24895,-1.28875,8,0x00000000,1
44.9712,0.56010,0.59926,-39.14991,0.56010,0.59926,0.56678,0.59607,0.03518,1.31910,-0.53160,0.72302,-0.53160,0.72302,0.00000,0.00000,0,0.00057,-0.43703,-0.44458,0.00529,-0.95759,-0.87978,8,0x00000000,1,-0.41716,-0.42661,0.01076,1.96770,1.83818,8,0x00000000,1,-0.42569,-0.42860,0.00008,3.22122,3.31922,8,0x00000000,1,-0.37176,-0.35963,-0.01324,3.33841,3.32970,8,0x00000000,1,-0.34805,-0.33429,-0.00697,2.31789,2.25696,8,0x00000000,1,-0.45363,-0.46290,-0.01077,-1.37210,-1.30030,8,0x00000000,1
45.0677,0.55599,0.60290,-39.14697,0.55599,0.60290,0.55822,0.60032,0.02002,1.30294,-0.53821,0.70263,-0.53821,0.70263,0.00000,0.00000,0,0.00027,-0.43605,-0.44365,0.01221,-1.03144,-1.10427,8,0x00000000,1,-0.41739,-0.42657,0.00871,1.85646,1.69266,8,0x00000000,1,-0.42607,-0.42861,-0.00172,3.19926,3.37143,8,0x00000000,1,-0.37247,-0.36048,-0.00999,3.47614,3.51397,8,0x00000000,1,-0.34865,-0.33548,0.00126,2.45997,2.41596,8,0x00000000,1,-0.45268,-0.46239,0.01374,-1.46778,-1.53050,8,0x00000000,1
45.1677,0.53880,0.60252,-39.12844,0.53880,0.60252,0.54812,0.60301,0.00508,1.28669,-0.54305,0.68369,-0.54305,0.68369,0.00000,0.00000,0,0.00041,-0.43517,-0.44295,0.01905,-1.12585,-1.13937,8,0x00000000,1,-0.41753,-0.42653,0.00642,1.77492,1.67790,8,0x00000000,1,-0.42636,-0.42859,-0.00036,3.20802,3.16481,8,0x00000000,1,-0.37316,-0.36124,-0.00206,3.66092,3.45797,8,0x00000000,1,-0.34924,-0.33634,-0.01871,2.52101,2.63359,8,0x00000000,1,-0.45184,-0.46185,0.01316,-1.64740,-1.56982,8,0x00000000,1
45.2622,0.53185,0.59935,-39.12502,0.53185,0.59935,0.53845,0.60092,-0.00958,1.27044,-0.54803,0.66952,-0.54803,0.66952,0.00000,0.00000,0,0.00028,-0.43448,-0.44243,0.00546,-1.22230,-1.23940,8,0x00000000,1,-0.41771,-0.42649,0.00217,1.69149,1.83585,8,0x00000000,1,-0.42663,-0.42858,0.00702,3.19858,3.15754,8,0x00000000,1,-0.37365,-0.36200,-0.00168,3.76840,3.79224,8,0x00000000,1,-0.34965,-0.33725,-0.00063,2.72564,2.80771,8,0x00000000,1,-0.45118,-0.46134,0.00111,-1.76009,-1.82345,8,0x00000000,1
45.3608,0.52023,0.60019,-39.13415,0.52023,0.60019,0.52743,0.59931,-0.02398,1.25424,-0.55140,0.65493,-0.55140,0.65493,0.00000,0.00000,0,0.00035,-0.43381,-0.44183,0.00765,-1.32442,-1.26541,8,0x00000000,1,-0.41781,-0.42645,-0.00659,1.56887,1.54239,8,0x00000000,1,-0.42684,-0.42862,-0.00766,3.15273,3.10084,8,0x00000000,1,-0.37418,-0.36270,0.00140,3.89381,3.81374,8,0x00000000,1,-0.35012,-0.33783,0.00393,2.86273,2.86802,8,0x00000000,1,-0.45054,-0.46078,0.00993,-1.87243,-1.95350,8,0x00000000,1
45.4573,0.50949,0.60452,-39.13209,0.50949,0.60452,0.51601,0.60230,-0.03806,1.23801,-0.55407,0.63571,-0.55407,0.63571,0.00000,0.00000,0,0.00029,-0.43296,-0.44108,0.01104,-1.43905,-1.36747,8,0x00000000,1,-0.41785,-0.42636,-0.00259,1.46522,1.49301,8,0x00000000,1,-0.42703,-0.42861,-0.00286,3.16784,3.21578,8,0x00000000,1,-0.37493,-0.36339,-0.01412,3.99203,4.12370,8,0x00000000,1,-0.35078,-0.33840,-0.00050,2.99673,2.92491,8,0x00000000,1,-0.44974,-0.46030,-0.00595,-2.08365,-2.08223,8,0x00000000,1
45.5558,0.49898,0.60060,-39.12786,0.49898,0.60060,0.50360,0.60128,-0.05180,1.22176,-0.55540,0.62048,-0.55540,0.62048,0.00000,0.00000,0,0.00030,-0.43230,-0.44036,0.00798,-1.47562,-1.53249,8,0x00000000,1,-0.41785,-0.42630,0.00047,1.37051,1.45337,8,0x00000000,1,-0.42715,-0.42860,-0.00320,3.15498,3.08432,8,0x00000000,1,-0.37553,-0.36408,0.00437,4.10752,4.26855,8,0x00000000,1,-0.35133,-0.33896,0.00393,3.14888,3.18377,8,0x00000000,1,-0.44913,-0.45977,0.00760,-2.14586,-1.77541,8,0x00000000,1
45.6534,0.48127,0.59761,-39.10896,0.48127,0.59761,0.49120,0.59905,-0.06523,1.20555,-0.55643,0.60650,-0.55643,0.60650,0.00000,0.00000,0,0.00078,-0.43170,-0.43971,0.01612,-1.58280,-1.60071,8,0x00000000,1,-0.41785,-0.42620,-0.00452,1.29988,1.34624,8,0x00000000,1,-0.42725,-0.42862,-0.00799,3.13087,3.04108,8,0x00000000,1,-0.37609,-0.36478,-0.00200,4.26529,4.29143,8,0x00000000,1,-0.35183,-0.33952,-0.00538,3.27810,3.22755,8,0x00000000,1,-0.44858,-0.45934,0.01283,-2.28072,-2.16897,8,0x00000000,1
45.7502,0.46798,0.60055,-39.10461,0.46798,0.60055,0.47814,0.59909,-0.07832,1.18938,-0.55645,0.59029,-0.55645,0.59029,0.00000,0.00000,0,0.00029,-0.43102,-0.43886,0.01154,-1.65162,-1.62172,8,0x00000000,1,-0.41778,-0.42612,0.00183,1.19778,1.10452,8,0x00000000,1,-0.42730,-0.42859,0.01025,3.15520,3.02524,8,0x00000000,1,-0.37676,-0.36556,0.00799,4.39921,4.50726,8,0x00000000,1,-0.35245,-0.34013,0.00216,3.40886,3.40976,8,0x00000000,1,-0.44796,-0.45882,0.00383,-2.42616,-2.47106,8,0x00000000,1
45.8498,0.44811,0.60204,-39.10318,0.44811,0.60204,0.46112,0.60034,-0.09100,1.17319,-0.55212,0.57285,-0.55212,0.57285,0.00000,0.00000,0,0.00039,-0.43039,-0.43781,-0.00287,-1.74380,-1.72652,8,0x00000000,1,-0.41752,-0.42600,0.00062,1.08341,1.03459,8,0x00000000,1,-0.42717,-0.42858,0.00165,3.13987,3.15831,8,0x00000000,1,-0.37757,-0.36642,-0.01758,4.48828,4.46393,8,0x00000000,1,-0.35322,-0.34092,0.00460,3.56924,3.42618,8,0x00000000,1,-0.44742,-0.45832,0.01223,-2.53062,-2.64841,8,0x00000000,1
45.9443,0.43144,0.60459,-39.09562,0.43144,0.60459,0.44212,0.60293,-0.10317,1.15694,-0.54529,0.55402,-0.54529,0.55402,0.00000,0.00000,0,0.00030,-0.42974,-0.43614,0.02716,-1.65283,-1.67323,8,0x00000000,1,-0.41713,-0.42580,-0.00009,0.96387,0.91763,8,0x00000000,1,-0.42692,-0.42859,0.00027,3.08707,3.04457,8,0x00000000,1,-0.37848,-0.36728,-0.00454,4.63507,4.60513,8,0x00000000,1,-0.35412,-0.34183,-0.01567,3.65126,3.64782,8,0x00000000,1,-0.44688,-0.45774,0.01306,-2.63762,-2.59814,8,0x00000000,1
46.0418,0.39205,0.61870,-39.06252,0.39205,0.61870,0.41572,0.60919,-0.11478,1.14061,-0.53050,0.53142,-0.53050,0.53142,0.00000,0.00000,0,0.00027,-0.42910,-0.42752,0.14156,-0.82050,-0.93727,8,0x00000000,1,-0.41636,-0.42551,0.01454,0.86156,0.98160,8,0x00000000,1,-0.42633,-0.42859,0.00021,3.02816,2.96479,8,0x00000000,1,-0.37971,-0.36880,-0.01963,4.70832,4.69530,8,0x00000000,1,-0.35536,-0.34294,-0.01060,3.84594,3.78975,8,0x00000000,1,-0.44641,-0.45716,0.01892,-2.78374,-2.81379,8,0x00000000,1
46.1405,0.33106,0.63237,-39.03345,0.33106,0.63237,0.36326,0.63182,-0.12526,1.12380,-0.48852,0.49198,-0.48852,0.49198,0.00000,0.00000,0,0.00080,-0.42831,-0.42386,0.01653,-1.03441,-1.06770,8,0x00000000,1,-0.41427,-0.42505,-0.00104,0.60504,0.57868,8,0x00000000,1,-0.42455,-0.42856,0.00545,2.86463,2.82270,8,0x00000000,1,-0.38216,-0.37192,-0.03852,4.79448,4.58686,8,0x00000000,1,-0.35794,-0.34668,-0.07979,3.72986,3.75813,8,0x00000000,1,-0.44602,-0.45646,0.00453,-2.89770,-2.95629,8,0x00000000,1
46.2361,0.23293,0.59248,-39.07550,0.23293,0.59248,0.29592,0.61495,-0.13423,1.10690,-0.43015,0.49195,-0.43015,0.49195,0.00000,0.00000,0,0.00070,-0.42948,-0.42377,-0.00232,-0.88764,-0.87582,8,0x00000000,1,-0.41159,-0.42420,0.00719,0.36796,0.52519,8,0x00000000,1,-0.42189,-0.42854,-0.00324,2.61126,2.51775,8,0x00000000,1,-0.38331,-0.37694,-0.05443,4.54130,4.56333,8,0x00000000,1,-0.35945,-0.36169,-0.18036,2.68948,2.70842,8,0x00000000,1,-0.44754,-0.45582,-0.00192,-2.85069,-2.77677,8,0x00000000,1
46.3320,0.13784,0.55675,-39.10405,0.13784,0.55675,0.18738,0.57638,-0.14061,1.09087,-0.32799,0.51449,-0.32799,0.51449,0.00000,0.00000,0,0.00028,-0.43245,-0.42375,0.01162,-0.52240,-0.75967,8,0x00000000,1,-0.40697,-0.42200,0.03924,0.04011,0.20410,8,0x00000000,1,-0.41714,-0.42839,0.00633,2.15610,2.08576,8,0x00000000,1,-0.38438,-0.38455,-0.09098,4.04576,3.97534,8,0x00000000,1,-0.36123,-0.36698,-0.01512,2.78750,2.83091,8,0x00000000,1,-0.45106,-0.45571,0.01314,-2.63867,-2.59495,8,0x00000000,1
46.4289,0.08685,0.52749,-39.05212,0.08685,0.52749,0.11826,0.54320,-0.14462,1.07580,-0.26288,0.53260,-0.26288,0.53260,0.00000,0.00000,0,0.00030,-0.43451,-0.42376,0.00362,-0.36748,-0.47567,8,0x00000000,1,-0.40405,-0.41890,0.06014,0.02952,-0.04399,8,0x00000000,1,-0.41410,-0.42823,-0.00010,1.86200,1.95688,8,0x00000000,1,-0.38491,-0.39147,-0.03567,3.68174,3.60887,8,0x00000000,1,-0.36223,-0.36728,0.00650,2.77891,2.75307,8,0x00000000,1,-0.45344,-0.45571,0.00843,-2.55178,-2.36258,8,0x00000000,1
46.5250,0.06549,0.51873,-39.02814,0.06549,0.51873,0.08087,0.52452,-0.14721,1.06145,-0.22808,0.53693,-0.22808,0.53693,0.00000,0.00000,0,0.00046,-0.43538,-0.42384,-0.01686,-0.21719,-0.29808,8,0x00000000,1,-0.40247,-0.41369,0.01737,0.02582,-0.03911,8,0x00000000,1,-0.41249,-0.42809,0.00037,1.61459,1.61365,8,0x00000000,1,-0.38541,-0.39337,-0.01161,3.63129,3.44431,8,0x00000000,1,-0.36296,-0.36744,-0.00178,2.74090,2.62153,8,0x00000000,1,-0.45451,-0.45570,0.00625,-2.48267,-2.56394,8,0x00000000,1
46.6217,0.05896,0.51474,-39.02439,-0.94104,0.51474,-0.59064,0.51972,-0.19550,1.04736,0.39513,0.52764,0.39513,0.52764,1.00000,0.00000,0,0.00044,-0.44744,-0.42471,-0.03918,0.76190,0.51409,8,0x00000000,1,-0.37379,-0.40725,0.31443,-1.22632,-0.94142,8,0x00000000,1,-0.38408,-0.42670,0.03755,-0.78488,0.00177,8,0x00000000,1,-0.39801,-0.39548,-0.05110,4.31787,4.33428,8,0x00000000,1,-0.37948,-0.36973,-0.11357,3.63194,3.53439,8,0x00000000,1,-0.47046,-0.45600,-0.02201,-1.24189,-1.36268,8,0x00000000,1
46.7185,0.02621,0.37495,-39.14698,-0.97379,0.37495,-0.89632,0.43119,-0.17422,1.03435,0.72209,0.60316,0.72209,0.60316,1.00000,0.00000,0,0.00053,-0.45709,-0.42966,-0.04732,1.38585,1.32858,8,0x00000000,1,-0.35904,-0.38650,0.06878,-1.66355,-1.63700,8,0x00000000,1,-0.36892,-0.42182,0.02033,-1.89815,-2.05246,8,0x00000000,1,-0.40126,-0.39835,-0.00103,4.41710,4.37356,8,0x00000000,1,-0.38511,-0.37423,-0.00952,3.97711,4.09099,8,0x00000000,1,-0.48189,-0.45640,0.00322,-0.33163,-0.43061,8,0x00000000,1
46.8166,-0.01259,0.25085,-39.17010,-1.01259,0.25085,-0.98624,0.33494,-0.14855,1.02404,0.83769,0.68910,0.83769,0.68910,1.00000,0.00000,0,0.00086,-0.46297,-0.43469,-0.10917,1.38179,1.39292,8,0x00000000,1,-0.35404,-0.36085,0.66802,1.52194,0.55001,8,0x00000000,1,-0.36338,-0.41519,0.13316,-1.89812,-1.80815,8,0x00000000,1,-0.39995,-0.39921,-0.01743,4.17966,4.11459,8,0x00000000,1,-0.38486,-0.37438,-0.00848,3.95165,3.91573,8,0x00000000,1,-0.48817,-0.45681,-0.00313,0.22498,0.10169,8,0x00000000,1
46.9146,-0.02225,-0.03548,-39.14238,-1.02225,-0.03548,-1.00096,0.11130,-0.12165,1.01806,0.87931,0.90675,0.87931,0.90675,1.00000,0.00000,0,0.00031,-0.47286,-0.44069,-0.04792,2.19406,2.16542,8,0x00000000,1,-0.35289,-0.35773,-0.00745,-0.33963,-0.33688,8,0x00000000,1,-0.36080,-0.38823,0.08600,-0.78340,-0.66337,8,0x00000000,1,-0.39173,-0.39922,-0.00324,3.52509,3.36932,8,0x00000000,1,-0.37768,-0.37448,-0.01276,3.44259,3.24287,8,0x00000000,1,-0.49747,-0.45755,-0.00227,1.22619,1.24234,8,0x00000000,1
47.0088,-0.03240,-0.10812,-39.08271,-1.03240,-0.10812,-1.04698,-0.04390,-0.09368,1.01758,0.95330,1.06148,0.95330,1.06148,1.00000,0.00000,0,0.00025,-0.48079,-0.44445,-0.02491,3.04144,3.07497,8,0x00000000,1,-0.35003,-0.35752,0.00757,-0.62644,-0.52597,8,0x00000000,1,-0.35696,-0.38209,0.06813,-1.05373,-1.00244,8,0x00000000,1,-0.38676,-0.39905,0.00852,3.13059,3.03480,8,0x00000000,1,-0.37373,-0.37447,-0.00627,3.24770,3.40570,8,0x00000000,1,-0.50525,-0.45957,-0.02729,2.04802,2.20807,8,0x00000000,1
47.1063,-0.07655,-0.18612,-38.98492,-1.07655,-0.18612,-1.05867,-0.12501,-0.06541,1.01983,0.99326,1.14485,0.99326,1.14485,1.00000,0.00000,0,0.00216,-0.48506,-0.44606,-0.01435,3.41755,3.47721,8,0x00000000,1,-0.34849,-0.35705,0.01526,-0.73801,-0.76377,8,0x00000000,1,-0.35488,-0.36956,0.19834,-0.07564,-0.27445,8,0x00000000,1,-0.38408,-0.39897,-0.00714,2.85646,2.91844,8,0x00000000,1,-0.37161,-0.37447,-0.00586,3.11548,3.21621,8,0x00000000,1,-0.50944,-0.46161,-0.03834,2.66552,2.63393,8,0x00000000,1
47.2019,-0.07799,-0.26874,-38.93675,-1.07799,-0.26874,-1.07373,-0.21419,-0.03659,1.02457,1.03714,1.23876,1.03714,1.23876,1.00000,0.00000,0,0.00042,-0.48985,-0.44827,-0.01298,4.12276,3.96934,8,0x00000000,1,-0.34680,-0.35609,0.00702,-0.88680,-0.87047,8,0x00000000,1,-0.35260,-0.35674,0.17799,0.40006,0.29458,8,0x00000000,1,-0.38104,-0.39879,-0.00534,2.45281,2.32522,8,0x00000000,1,-0.36919,-0.37445,-0.00061,2.92078,3.05192,8,0x00000000,1,-0.51413,-0.46497,-0.03607,3.24738,3.18727,8,0x00000000,1
47.2980,-0.08546,-0.30401,-38.89216,-1.08546,-0.30401,-1.08797,-0.28272,-0.00734,1.03150,1.08063,1.31422,1.08063,1.31422,1.00000,0.00000,0,0.00045,-0.49387,-0.45094,-0.02828,4.73202,4.67503,8,0x00000000,1,-0.34506,-0.35494,0.01359,-0.99521,-0.84936,8,0x00000000,1,-0.35040,-0.35481,0.00610,-0.17135,-0.22249,8,0x00000000,1,-0.37876,-0.39854,0.00595,2.11830,2.02746,8,0x00000000,1,-0.36746,-0.37446,-0.00439,2.74378,2.85399,8,0x00000000,1,-0.51811,-0.46753,-0.02879,3.98099,4.17145,8,0x00000000,1
47.3963,-0.07905,-0.32492,-38.91375,-1.07905,-0.32492,-1.08365,-0.31083,0.02197,1.03956,1.10562,1.35039,1.10562,1.35039,1.00000,0.00000,0,0.00047,-0.49588,-0.45401,-0.05062,5.02166,4.85767,8,0x00000000,1,-0.34403,-0.35250,0.03767,-0.95743,-1.03753,8,0x00000000,1,-0.34916,-0.35437,0.00365,-0.28749,-0.10787,8,0x00000000,1,-0.37775,-0.39833,0.00493,1.85682,1.98394,8,0x00000000,1,-0.36674,-0.37444,0.00519,2.65181,2.64283,8,0x00000000,1,-0.52013,-0.47146,-0.05698,4.30806,4.27571,8,0x00000000,1
47.4936,-0.06270,-0.36251,-38.93778,-1.06270,-0.36251,-1.07253,-0.34035,0.05109,1.04834,1.12361,1.38869,1.12361,1.38869,1.00000,0.00000,0,0.00035,-0.49784,-0.45918,-0.08685,5.14741,5.16421,8,0x00000000,1,-0.34333,-0.34836,0.09976,-0.60751,-0.89829,8,0x00000000,1,-0.34822,-0.35395,0.00391,-0.37824,-0.33734,8,0x00000000,1,-0.37652,-0.39804,0.00957,1.57294,1.54498,8,0x00000000,1,-0.36575,-0.37444,0.00764,2.50976,2.50685,8,0x00000000,1,-0.52205,-0.47865,-0.05628,4.48342,4.44297,8,0x00000000,1
47.5887,0.02344,-0.52796,-39.07734,-0.97656,-0.52796,-1.03091,-0.43815,0.07962,1.05860,1.11053,1.49675,1.11053,1.49675,1.00000,0.00000,0,0.00026,-0.50209,-0.47439,-0.14316,4.64866,4.78961,8,0x00000000,1,-0.34431,-0.33258,0.06246,0.44258,0.40425,8,0x00000000,1,-0.34849,-0.35339,-0.00595,-0.41745,-0.25818,8,0x00000000,1,-0.37179,-0.39750,0.00819,1.00934,0.95782,8,0x00000000,1,-0.36130,-0.37441,0.01391,2.10571,2.25198,8,0x00000000,1,-0.52577,-0.48482,-0.09164,4.68042,4.71023,8,0x00000000,1
47.6855,0.09804,-0.61029,-39.12565,-0.90196,-0.61029,-0.94633,-0.56096,0.10616,1.07241,1.05249,1.63337,1.05249,1.63337,1.00000,0.00000,0,0.00042,-0.50664,-0.48153,-0.03754,5.13502,5.08861,8,0x00000000,1,-0.34747,-0.33212,-0.00824,0.71089,0.59529,8,0x00000000,1,-0.35069,-0.35333,-0.00050,-0.24035,-0.21484,8,0x00000000,1,-0.36502,-0.39625,0.02521,0.30659,0.33813,8,0x00000000,1,-0.35460,-0.37404,0.00148,1.41470,1.40967,8,0x00000000,1,-0.52939,-0.49346,-0.07393,4.90236,4.93826,8,0x00000000,1
47.7796,0.15787,-0.65337,-39.09016,-0.84213,-0.65337,-0.87900,-0.62500,0.13072,1.08855,1.00972,1.71354,1.00972,1.71354,1.00000,0.00000,0,0.00038,-0.50914,-0.48497,-0.02234,5.36999,5.32785,8,0x00000000,1,-0.34973,-0.33233,-0.00503,1.02610,0.87773,8,0x00000000,1,-0.35238,-0.35333,0.00094,-0.14902,-0.15685,8,0x00000000,1,-0.36088,-0.39390,0.03374,-0.15959,-0.17295,8,0x00000000,1,-0.35043,-0.37359,0.01883,0.97133,1.00503,8,0x00000000,1,-0.53128,-0.50096,-0.05501,4.87682,4.66378,8,0x00000000,1
47.8758,0.20625,-0.68851,-39.09810,-0.79375,-0.68851,-0.82401,-0.66672,0.15364,1.10603,0.97765,1.77275,0.97765,1.77275,1.00000,0.00000,0,0.00044,-0.51098,-0.49086,-0.09754,5.11725,5.03955,8,0x00000000,1,-0.35142,-0.33278,-0.00962,1.29233,1.25002,8,0x00000000,1,-0.35365,-0.35334,-0.00052,-0.08342,-0.15004,8,0x00000000,1,-0.35781,-0.39201,0.02795,-0.56433,-0.41025,8,0x00000000,1,-0.34734,-0.37312,0.01151,0.56079,0.61208,8,0x00000000,1,-0.53267,-0.50393,-0.03075,5.13652,5.18305,8,0x00000000,1
47.9760,0.29189,-0.76783,-39.18546,-0.70811,-0.76783,-0.75449,-0.72504,0.17497,1.12476,0.92946,1.84980,0.92946,1.84980,1.00000,0.00000,0,0.00220,-0.51324,-0.50547,-0.09218,4.42951,4.47075,8,0x00000000,1,-0.35393,-0.33358,-0.01755,1.60312,1.53336,8,0x00000000,1,-0.35558,-0.35335,0.00145,0.06042,0.02677,8,0x00000000,1,-0.35370,-0.38841,0.06577,-0.88932,-0.93884,8,0x00000000,1,-0.34315,-0.37183,0.02421,0.11811,0.09489,8,0x00000000,1,-0.53430,-0.50829,-0.05771,5.21426,5.15811,8,0x00000000,1
48.0727,0.45599,-0.83515,-39.15796,-0.54401,-0.83515,-0.65491,-0.78957,0.19412,1.14524,0.84903,1.93481,0.84903,1.93481,1.00000,0.00000,0,0.00066,-0.51518,-0.51079,-0.05243,4.43863,4.50412,8,0x00000000,1,-0.35795,-0.33596,-0.05332,1.88178,1.86953,8,0x00000000,1,-0.35895,-0.35343,-0.00336,0.25677,-0.01482,8,0x00000000,1,-0.34864,-0.37148,0.27123,0.09522,-0.12136,8,0x00000000,1,-0.33782,-0.36910,0.01825,-0.37848,-0.37197,8,0x00000000,1,-0.53539,-0.52976,-0.24094,3.58651,3.53372,8,0x00000000,1
48.1733,0.60266,-0.82335,-39.19143,-0.39734,-0.82335,-0.46224,-0.81003,0.20880,1.16700,0.67103,1.97703,0.67103,1.97703,1.00000,0.00000,0,0.00071,-0.51338,-0.51228,-0.00435,4.26595,4.37421,8,0x00000000,1,-0.36634,-0.34135,-0.05684,2.41217,2.30247,8,0x00000000,1,-0.36685,-0.35397,-0.01583,0.99261,0.73960,8,0x00000000,1,-0.34345,-0.36163,0.01719,-0.57150,-0.50758,8,0x00000000,1,-0.33157,-0.36659,0.02221,-1.12876,-1.13934,8,0x00000000,1,-0.53231,-0.53461,-0.01476,3.66727,3.71524,8,0x00000000,1
48.2720,0.62905,-0.81663,-39.21005,-0.37095,-0.81663,-0.39379,-0.81762,0.22015,1.18907,0.61395,2.00670,0.61395,2.00670,1.00000,0.00000,0,0.00139,-0.51348,-0.51256,0.00028,4.30973,4.37901,8,0x00000000,1,-0.36910,-0.34567,-0.03441,2.60037,2.65715,8,0x00000000,1,-0.36933,-0.35431,-0.00223,1.21845,1.30196,8,0x00000000,1,-0.34112,-0.36002,0.02340,-0.76719,-0.81108,8,0x00000000,1,-0.32896,-0.36491,0.00926,-1.57689,-1.46882,8,0x00000000,1,-0.53193,-0.53500,-0.01015,3.64714,3.57944,8,0x00000000,1
48.3679,0.64321,-0.81122,-39.19763,-0.35679,-0.81122,-0.36776,-0.81475,0.23038,1.21112,0.59814,2.02587,0.59814,2.02587,1.00000,0.00000,0,0.00033,-0.51396,-0.51279,-0.00849,4.42373,4.54338,8,0x00000000,1,-0.36990,-0.35215,-0.06389,2.28528,2.32888,8,0x00000000,1,-0.36998,-0.35451,0.00301,1.42698,1.33546,8,0x00000000,1,-0.34002,-0.35897,-0.00284,-0.98356,-0.97053,8,0x00000000,1,-0.32781,-0.36323,0.01899,-1.92431,-1.89349,8,0x00000000,1,-0.53224,-0.53524,-0.00527,3.64547,3.60301,8,0x00000000,1
48.4662,0.66107,-0.78781,-39.17981,-0.33893,-0.78781,-0.35084,-0.80141,0.24007,1.23296,0.59092,2.03437,0.59092,2.03437,1.00000,0.00000,0,0.00035,-0.51418,-0.51290,0.00498,4.40241,4.46994,8,0x00000000,1,-0.37026,-0.35570,-0.01416,2.43275,2.62288,8,0x00000000,1,-0.37028,-0.35476,-0.00340,1.55580,1.54151,8,0x00000000,1,-0.33953,-0.35780,0.01149,-1.14080,-1.21431,8,0x00000000,1,-0.32730,-0.35993,0.07129,-1.96799,-1.97038,8,0x00000000,1,-0.53237,-0.53540,-0.00673,3.58975,3.74174,8,0x00000000,1
48.5687,0.76512,-0.72504,-39.07629,-0.23488,-0.72504,-0.29948,-0.76587,0.24899,1.25418,0.54846,2.02005,0.54846,2.02005,1.00000,0.00000,0,0.00156,-0.51273,-0.51300,-0.01045,4.32020,4.48979,8,0x00000000,1,-0.37218,-0.35735,-0.01018,2.62756,2.74225,8,0x00000000,1,-0.37224,-0.35505,-0.00516,1.88229,1.90625,8,0x00000000,1,-0.33930,-0.35652,0.02275,-1.23998,-1.17724,8,0x00000000,1,-0.32674,-0.33645,0.12287,-0.60026,-0.39928,8,0x00000000,1,-0.53072,-0.53546,0.00724,3.45084,3.49816,8,0x00000000,1
48.6615,0.81217,-0.71069,-39.02581,-0.18783,-0.71069,-0.21741,-0.73266,0.25570,1.27434,0.47311,2.00700,0.47311,2.00700,1.00000,0.00000,0,0.00037,-0.51067,-0.51302,-0.01106,4.11468,4.19699,8,0x00000000,1,-0.37562,-0.35897,-0.00628,2.97706,3.05587,8,0x00000000,1,-0.37569,-0.35574,0.00246,2.30744,2.04452,8,0x00000000,1,-0.33837,-0.35506,0.02942,-1.42313,-1.37883,8,0x00000000,1,-0.32528,-0.33444,0.02424,-0.99444,-0.93954,8,0x00000000,1,-0.52826,-0.53549,-0.00597,3.19100,3.21729,8,0x00000000,1
48.7594,0.82379,-0.69672,-39.03761,-0.17621,-0.69672,-0.18662,-0.71118,0.26112,1.29381,0.44774,2.00498,0.44774,2.00498,1.00000,0.00000,0,0.00029,-0.51007,-0.51299,-0.00150,4.06846,4.02504,8,0x00000000,1,-0.37679,-0.36014,-0.00735,3.13391,3.08664,8,0x00000000,1,-0.37684,-0.35615,0.00223,2.57176,2.44268,8,0x00000000,1,-0.33797,-0.35364,0.01921,-1.55663,-1.73407,8,0x00000000,1,-0.32469,-0.33298,0.00484,-1.05216,-1.00202,8,0x00000000,1,-0.52752,-0.53546,0.00184,3.07976,3.10022,8,0x00000000,1
48.8586,0.84400,-0.68742,-39.02642,-0.15600,-0.68742,-0.16809,-0.69596,0.26591,1.31279,0.43400,2.00875,0.43400,2.00875,1.00000,0.00000,0,0.00035,-0.50996,-0.51299,-0.00165,4.03783,4.15386,8,0x00000000,1,-0.37744,-0.36120,-0.01314,3.25065,3.26303,8,0x00000000,1,-0.37745,-0.35658,-0.00774,2.78300,2.84090,8,0x00000000,1,-0.33754,-0.35136,0.02899,-1.54099,-1.57228,8,0x00000000,1,-0.32419,-0.33199,0.01375,-1.10372,-1.12203,8,0x00000000,1,-0.52730,-0.53545,0.00411,2.99148,2.97982,8,0x00000000,1
48.9556,0.87189,-0.66295,-39.05182,-0.12811,-0.66295,-0.14324,-0.67530,0.27011,1.33131,0.41334,2.00661,0.41334,2.00661,1.00000,0.00000,0,0.00048,-0.50945,-0.51301,-0.01077,3.94828,3.95189,8,0x00000000,1,-0.37839,-0.36209,-0.01792,3.45625,3.58765,8,0x00000000,1,-0.37839,-0.35713,-0.00195,3.08705,3.07709,8,0x00000000,1,-0.33723,-0.34747,0.02903,-1.43720,-1.51842,8,0x00000000,1,-0.32373,-0.33102,0.02034,-1.11179,-1.17709,8,0x00000000,1,-0.52668,-0.53545,0.00069,2.83269,2.81679,8,0x00000000,1
49.0526,0.90650,-0.63902,-39.08147,-0.09350,-0.63902,-0.11344,-0.65274,0.27357,1.34922,0.38702,2.00196,0.38702,2.00196,1.00000,0.00000,0,0.00029,-0.50873,-0.51296,0.00995,3.89654,3.76245,8,0x00000000,1,-0.37959,-0.36283,0.00055,3.74189,3.83281,8,0x00000000,1,-0.37959,-0.35812,-0.01855,3.27979,3.19587,8,0x00000000,1,-0.33691,-0.34073,0.14493,-0.79634,-0.83154,8,0x00000000,1,-0.32323,-0.33011,0.00485,-1.17063,-1.18016,8,0x00000000,1,-0.52582,-0.53544,-0.00388,2.66492,2.67722,8,0x00000000,1
49.1514,1.00792,-0.55489,-39.16073,0.00792,-0.55489,-0.03962,-0.59680,0.27571,1.36623,0.31533,1.96302,0.31533,1.96302,1.00000,0.00000,0,0.00169,-0.50566,-0.51294,0.01437,3.62375,3.48885,8,0x00000000,1,-0.38277,-0.36391,-0.01798,4.04611,4.06917,8,0x00000000,1,-0.38296,-0.36009,-0.02261,3.67249,3.69757,8,0x00000000,1,-0.33712,-0.32721,0.01343,-0.18553,-0.19540,8,0x00000000,1,-0.32284,-0.32933,-0.00356,-1.30382,-1.34762,8,0x00000000,1,-0.52248,-0.53539,0.00186,2.27818,2.22578,8,0x00000000,1
49.2499,1.00820,-0.52001,-39.18386,0.00820,-0.52001,-0.00196,-0.55531,0.27601,1.38178,0.27797,1.93709,0.27797,1.93709,1.00000,0.00000,16,0.00029,-0.50383,-0.51294,-0.00277,3.41028,3.45414,8,0x00000000,1,-0.38441,-0.36577,-0.01435,4.22890,4.28035,8,0x00000000,1,-0.38473,-0.36734,-0.09490,3.29314,3.32096,8,0x00000000,1,-0.33747,-0.32718,-0.00277,-0.08883,-0.17057,8,0x00000000,1,-0.32286,-0.32902,-0.00756,-1.37558,-1.38940,8,0x00000000,1,-0.52053,-0.53537,-0.01087,2.01453,2.17518,8,0x00000000,1
49.3475,1.02445,-0.46312,-39.24155,0.02445,-0.46312,0.01576,-0.49766,0.27601,1.39596,0.26025,1.89362,0.26025,1.89362,1.00000,0.00000,16,0.00053,-0.50166,-0.51294,-0.01243,3.17586,3.22807,8,0x00000000,1,-0.38507,-0.36793,-0.02576,4.30243,4.32470,8,0x00000000,1,-0.38567,-0.37482,-0.05847,3.13467,3.30657,8,0x00000000,1,-0.33891,-0.32729,0.00374,0.15060,0.13557,8,0x00000000,1,-0.32405,-0.32875,0.00835,-1.28021,-1.34944,8,0x00000000,1,-0.51843,-0.53526,-0.00079,1.70570,1.56788,8,0x00000000,1
49.4426,1.03108,-0.40372,-39.24701,0.03108,-0.40372,0.02588,-0.43987,0.27558,1.40858,0.24970,1.84846,0.24970,1.84846,1.00000,0.00000,0,0.00031,-0.49956,-0.51282,0.01141,2.91742,2.89750,8,0x00000000,1,-0.38539,-0.37513,-0.16416,3.58963,3.41430,8,0x00000000,1,-0.38630,-0.37966,-0.05103,2.95268,3.09242,8,0x00000000,1,-0.34057,-0.32743,0.00835,0.39864,0.42947,8,0x00000000,1,-0.32549,-0.32878,-0.00338,-1.24832,-1.29288,8,0x00000000,1,-0.51645,-0.53510,0.00772,1.39797,1.46682,8,0x00000000,1
49.5383,1.02872,-0.29357,-39.18737,0.02872,-0.29357,0.02884,-0.35317,0.27482,1.41932,0.24598,1.77249,0.24598,1.77249,1.00000,0.00000,0,0.00028,-0.49631,-0.51271,0.00175,2.48761,2.35250,8,0x00000000,1,-0.38527,-0.38947,-0.13868,2.73396,2.80724,8,0x00000000,1,-0.38672,-0.38330,-0.03117,2.86648,2.83691,8,0x00000000,1,-0.34362,-0.32774,-0.00448,0.75687,0.68625,8,0x00000000,1,-0.32829,-0.32875,0.00227,-1.07913,-1.04147,8,0x00000000,1,-0.51349,-0.53485,0.00257,1.01132,0.94687,8,0x00000000,1
49.6396,1.03391,-0.20066,-39.18251,1.03391,-0.20066,0.68779,-0.25612,0.31826,1.42743,-0.36953,1.68355,-0.36953,1.68355,0.00000,0.00000,0,0.00393,-0.48023,-0.51181,0.00161,0.90471,1.00426,8,0x00000000,1,-0.41344,-0.39934,-0.24952,4.33861,4.26809,8,0x00000000,1,-0.41490,-0.39398,-0.28928,4.04738,4.23805,8,0x00000000,1,-0.33530,-0.32796,0.00669,0.11293,0.30743,8,0x00000000,1,-0.31570,-0.32579,0.15600,-1.66121,-1.78972,8,0x00000000,1,-0.49409,-0.53277,0.10723,-0.59412,-0.15912,8,0x00000000,1
49.7321,1.10151,0.20319,-39.25998,1.10151,0.20319,1.00079,-0.01149,0.29435,1.43127,-0.70644,1.44275,-0.70644,1.44275,0.00000,0.00000,32,0.00039,-0.46343,-0.51040,0.03962,-0.39655,-0.06662,8,0x00000000,1,-0.42809,-0.41699,-0.15139,4.27680,4.43134,8,0x00000000,1,-0.43105,-0.42560,-0.17709,3.05272,3.12905,8,0x00000000,1,-0.33863,-0.32783,0.00070,0.70066,0.52453,8,0x00000000,1,-0.31616,-0.30368,-0.00423,-0.24016,-0.31333,8,0x00000000,1,-0.47625,-0.52643,0.07645,-1.57876,-1.61605,8,0x00000000,1
49.8334,1.09175,0.29553,-39.22318,1.09175,0.29553,1.08511,0.20068,0.26578,1.42816,-0.81933,1.22748,-0.81933,1.22748,0.00000,0.00000,0,0.00144,-0.45220,-0.50589,0.06682,-1.16171,-1.28281,8,0x00000000,1,-0.43245,-0.42757,-0.06050,3.84894,3.95129,8,0x00000000,1,-0.43697,-0.42797,-0.01232,3.69687,4.10136,8,0x00000000,1,-0.34529,-0.32860,-0.01193,1.19436,1.30438,8,0x00000000,1,-0.32143,-0.30372,-0.00563,0.30115,0.23774,8,0x00000000,1,-0.46519,-0.51094,0.31837,-1.15203,-1.35614,8,0x00000000,1
49.9277,0.97922,0.36512,-39.34936,0.97922,0.36512,1.02316,0.32384,0.23714,1.42069,-0.78602,1.09685,-0.78602,1.09685,0.00000,0.00000,0,0.00038,-0.44744,-0.49752,0.09158,-1.44451,-1.29324,8,0x00000000,1,-0.43038,-0.42995,-0.00767,3.60696,3.59732,8,0x00000000,1,-0.43594,-0.42824,-0.00142,3.58376,3.62769,8,0x00000000,1,-0.35133,-0.32970,-0.01600,1.77043,1.90006,8,0x00000000,1,-0.32726,-0.30417,-0.01815,0.96593,0.93318,8,0x00000000,1,-0.46113,-0.48835,0.04478,-1.04487,-1.03205,8,0x00000000,1
50.0237,0.92408,0.43623,-39.27161,0.92408,0.43623,0.96848,0.39594,0.21025,1.41085,-0.75823,1.01491,-0.75823,1.01491,0.00000,0.00000,0,0.00035,-0.44460,-0.47576,0.00473,-0.81108,-0.44458,8,0x00000000,1,-0.42877,-0.43087,-0.01035,3.44357,3.46440,8,0x00000000,1,-0.43497,-0.42831,-0.00269,3.60399,3.50528,8,0x00000000,1,-0.35525,-0.33106,-0.01144,2.17559,2.24105,8,0x00000000,1,-0.33110,-0.30523,-0.01004,1.38053,1.24068,8,0x00000000,1,-0.45875,-0.48396,0.08939,-1.02108,-1.04523,8,0x00000000,1
50.1189,0.85789,0.48778,-39.32044,0.85789,0.48778,0.89819,0.46406,0.18509,1.39910,-0.71310,0.93504,-0.71310,0.93504,0.00000,0.00000,0,0.00027,-0.44219,-0.47397,0.01618,-1.21586,-1.10082,8,0x00000000,1,-0.42637,-0.43117,0.00170,3.27901,3.28933,8,0x00000000,1,-0.43320,-0.42833,0.00294,3.56274,3.72971,8,0x00000000,1,-0.35943,-0.33282,-0.02176,2.63994,2.63821,8,0x00000000,1,-0.33530,-0.30800,-0.05099,1.63941,1.61433,8,0x00000000,1,-0.45691,-0.47361,0.22066,-0.29134,-0.59413,8,0x00000000,1
50.2169,0.78834,0.53849,-39.35200,0.78834,0.53849,0.81678,0.51823,0.16206,1.38571,-0.65471,0.86748,-0.65471,0.86748,0.00000,0.00000,0,0.00222,-0.44055,-0.47141,0.02446,-1.40355,-1.35367,8,0x00000000,1,-0.42341,-0.43117,0.00796,2.97323,2.95304,8,0x00000000,1,-0.43079,-0.42836,-0.00790,3.37850,3.28414,8,0x00000000,1,-0.36337,-0.33503,-0.01738,3.00641,3.03381,8,0x00000000,1,-0.33937,-0.31768,-0.06753,1.53863,1.56193,8,0x00000000,1,-0.45588,-0.46704,0.00772,-0.65618,-0.67758,8,0x00000000,1
50.3151,0.75269,0.55948,-39.31905,0.75269,0.55948,0.78006,0.54637,0.14052,1.37125,-0.63955,0.82488,-0.63955,0.82488,0.00000,0.00000,0,0.00036,-0.43909,-0.46147,0.31043,-0.32146,-0.73950,8,0x00000000,1,-0.42254,-0.43118,0.00046,2.84519,2.85397,8,0x00000000,1,-0.43025,-0.42836,-0.00023,3.44406,3.55526,8,0x00000000,1,-0.36543,-0.33824,-0.04295,3.18197,2.96020,8,0x00000000,1,-0.34139,-0.32824,-0.01522,1.25469,1.12110,8,0x00000000,1,-0.45466,-0.46659,0.01796,-0.84598,-0.79580,8,0x00000000,1
50.4144,0.64345,0.66547,-39.18941,0.64345,0.66547,0.68697,0.63040,0.12078,1.35541,-0.56619,0.72502,-0.56619,0.72502,0.00000,0.00000,0,0.00061,-0.43642,-0.44698,0.01394,-0.62387,-0.51415,8,0x00000000,1,-0.41876,-0.43115,-0.00168,2.41208,2.48948,8,0x00000000,1,-0.42726,-0.42836,-0.00241,3.21985,3.29213,8,0x00000000,1,-0.37099,-0.34649,-0.08285,3.26432,3.29369,8,0x00000000,1,-0.34708,-0.32998,-0.03127,1.74739,1.80364,8,0x00000000,1,-0.45280,-0.46577,0.01600,-1.08184,-1.01790,8,0x00000000,1
50.5104,0.58557,0.64392,-39.14229,0.58557,0.64392,0.61528,0.64032,0.10331,1.33819,-0.51197,0.69787,-0.51197,0.69787,0.00000,0.00000,0,0.00035,-0.43638,-0.44606,-0.00775,-0.62037,-0.72190,8,0x00000000,1,-0.41616,-0.43107,0.00014,2.15876,2.19503,8,0x00000000,1,-0.42489,-0.42834,-0.00165,3.05139,2.96444,8,0x00000000,1,-0.37318,-0.35518,-0.04436,3.10456,3.26256,8,0x00000000,1,-0.34951,-0.33173,-0.01092,1.94280,1.91119,8,0x00000000,1,-0.45319,-0.46451,0.00256,-1.08961,-1.13983,8,0x00000000,1
50.6059,0.55531,0.62460,-39.11551,0.55531,0.62460,0.57185,0.62984,0.08736,1.32103,-0.48450,0.69119,-0.48450,0.69119,0.00000,0.00000,0,0.00032,-0.43665,-0.44570,-0.00275,-0.70871,-0.61897,8,0x00000000,1,-0.41487,-0.43092,0.00014,1.89968,1.92123,8,0x00000000,1,-0.42366,-0.42833,0.00238,2.92646,2.92739,8,0x00000000,1,-0.37400,-0.35821,-0.02737,3.16754,3.17342,8,0x00000000,1,-0.35047,-0.33285,-0.00753,2.12582,2.08895,8,0x00000000,1,-0.45365,-0.46419,0.00371,-1.15775,-1.21647,8,0x00000000,1
50.7025,0.54336,0.62065,-39.10479,0.54336,0.62065,0.55096,0.62308,0.07225,1.30413,-0.47871,0.68105,-0.47871,0.68105,0.00000,0.00000,0,0.00053,-0.43635,-0.44532,0.01092,-0.79130,-0.75299,8,0x00000000,1,-0.41456,-0.43077,-0.00037,1.72474,1.66354,8,0x00000000,1,-0.42343,-0.42836,-0.01294,2.84360,2.90472,8,0x00000000,1,-0.37453,-0.35966,-0.01447,3.30495,3.40553,8,0x00000000,1,-0.35101,-0.33394,-0.01484,2.25233,2.21917,8,0x00000000,1,-0.45342,-0.46383,-0.00080,-1.29452,-1.27562,8,0x00000000,1
50.7999,0.52752,0.61732,-39.09893,0.52752,0.61732,0.53700,0.61947,0.05756,1.28736,-0.47944,0.66789,-0.47944,0.66789,0.00000,0.00000,0,0.00031,-0.43579,-0.44462,0.00259,-0.91286,-0.87685,8,0x00000000,1,-0.41454,-0.43062,-0.00148,1.54844,1.48682,8,0x00000000,1,-0.42351,-0.42833,0.00014,2.82857,2.81612,8,0x00000000,1,-0.37506,-0.36064,-0.00213,3.48284,3.15902,8,0x00000000,1,-0.35149,-0.33525,-0.01532,2.41545,2.38413,8,0x00000000,1,-0.45290,-0.46310,0.00109,-1.41021,-1.50288,8,0x00000000,1
50.9028,0.51570,0.62062,-39.09932,0.51570,0.62062,0.52285,0.61889,0.04327,1.27066,-0.47958,0.65177,-0.47958,0.65177,0.00000,0.00000,0,0.00098,-0.43511,-0.44388,0.01958,-0.95520,-0.96548,8,0x00000000,1,-0.41449,-0.43038,0.00326,1.35429,1.43891,8,0x00000000,1,-0.42357,-0.42831,0.00360,2.79433,2.77458,8,0x00000000,1,-0.37572,-0.36156,-0.00855,3.62152,3.61042,8,0x00000000,1,-0.35210,-0.33637,-0.01683,2.55551,2.52766,8,0x00000000,1,-0.45229,-0.46250,0.00442,-1.48673,-1.52082,8,0x00000000,1
50.9973,0.50339,0.62216,-39.08975,0.50339,0.62216,0.51156,0.62119,0.02931,1.25391,-0.48225,0.63273,-0.48225,0.63273,0.00000,0.00000,0,0.00049,-0.43427,-0.44303,0.01145,-1.10845,-1.13366,8,0x00000000,1,-0.41453,-0.43015,-0.00287,1.21682,1.15460,8,0x00000000,1,-0.42376,-0.42830,0.00718,2.76733,2.64299,8,0x00000000,1,-0.37646,-0.36232,-0.01153,3.77070,3.79207,8,0x00000000,1,-0.35275,-0.33735,-0.00475,2.73745,2.71748,8,0x00000000,1,-0.45150,-0.46188,0.01242,-1.62861,-1.79125,8,0x00000000,1
51.0986,0.48887,0.62313,-39.08304,0.48887,0.62313,0.49797,0.62282,0.01569,1.23711,-0.48228,0.61429,-0.48228,0.61429,0.00000,0.00000,0,0.00126,-0.43351,-0.44235,0.01559,-1.21574,-1.23623,8,0x00000000,1,-0.41446,-0.42968,0.00583,1.07121,1.13541,8,0x00000000,1,-0.42383,-0.42829,0.01006,2.69860,2.76110,8,0x00000000,1,-0.37722,-0.36315,-0.01148,3.94925,3.94603,8,0x00000000,1,-0.35345,-0.33819,0.00056,2.92375,2.88166,8,0x00000000,1,-0.45080,-0.46132,-0.00260,-1.80594,-1.69669,8,0x00000000,1
51.1941,0.47774,0.61908,-39.08856,0.47774,0.61908,0.48518,0.62063,0.00242,1.22032,-0.48276,0.59969,-0.48276,0.59969,0.00000,0.00000,0,0.00036,-0.43289,-0.44187,-0.00840,-1.36339,-1.22302,8,0x00000000,1,-0.41443,-0.42917,0.00382,0.89620,0.87489,8,0x00000000,1,-0.42390,-0.42830,0.00014,2.65059,2.61013,8,0x00000000,1,-0.37782,-0.36405,-0.00559,4.09541,3.97224,8,0x00000000,1,-0.35399,-0.33878,-0.00589,3.10367,3.09896,8,0x00000000,1,-0.45024,-0.46079,0.00330,-1.89222,-1.88171,8,0x00000000,1
51.2899,0.46852,0.62330,-39.08827,0.46852,0.62330,0.47365,0.62135,-0.01051,1.20356,-0.48416,0.58221,-0.48416,0.58221,0.00000,0.00000,0,0.00028,-0.43214,-0.44120,0.00712,-1.43470,-1.42725,8,0x00000000,1,-0.41442,-0.42876,0.01479,0.78694,0.74943,8,0x00000000,1,-0.42403,-0.42829,-0.00410,2.59582,2.62141,8,0x00000000,1,-0.37851,-0.36496,-0.00194,4.26522,4.12038,8,0x00000000,1,-0.35462,-0.33953,-0.00665,3.27343,3.14342,8,0x00000000,1,-0.44954,-0.46031,0.01376,-2.01971,-2.09034,8,0x00000000,1
51.3881,0.46005,0.62371,-39.07986,0.46005,0.62371,0.46531,0.62361,-0.02318,1.18675,-0.48850,0.56314,-0.48850,0.56314,0.00000,0.00000,0,0.00044,-0.43126,-0.44037,0.01643,-1.52556,-1.62188,8,0x00000000,1,-0.41455,-0.42828,0.00101,0.64403,0.65087,8,0x00000000,1,-0.42430,-0.42828,-0.00210,2.55185,2.53805,8,0x00000000,1,-0.37922,-0.36590,-0.00833,4.38851,4.31296,8,0x00000000,1,-0.35524,-0.34038,-0.00266,3.41405,3.50251,8,0x00000000,1,-0.44871,-0.45981,0.00063,-2.21597,-2.38150,8,0x00000000,1
51.4842,0.44602,0.62197,-39.07326,0.44602,0.62197,0.45354,0.62259,-0.03557,1.16993,-0.48911,0.54734,-0.48911,0.54734,0.00000,0.00000,0,0.00038,-0.43059,-0.43953,0.00867,-1.64060,-1.59560,8,0x00000000,1,-0.41452,-0.42784,0.00277,0.48774,0.55527,8,0x00000000,1,-0.42438,-0.42827,-0.00281,2.51544,2.57026,8,0x00000000,1,-0.37986,-0.36678,-0.00483,4.55682,4.45446,8,0x00000000,1,-0.35582,-0.34108,-0.00614,3.57295,3.61150,8,0x00000000,1,-0.44809,-0.45933,-0.00022,-2.32737,-2.38507,8,0x00000000,1
51.5823,0.43342,0.62356,-39.05460,0.43342,0.62356,0.44176,0.62366,-0.04765,1.15310,-0.48941,0.52945,-0.48941,0.52945,0.00000,0.00000,0,0.00045,-0.42984,-0.43867,0.01256,-1.69968,-1.83546,8,0x00000000,1,-0.41446,-0.42727,0.00871,0.39371,0.46511,8,0x00000000,1,-0.42446,-0.42827,-0.00231,2.47611,2.58921,8,0x00000000,1,-0.38059,-0.36795,-0.01737,4.64128,4.68881,8,0x00000000,1,-0.35649,-0.34210,-0.00971,3.72642,3.76833,8,0x00000000,1,-0.44741,-0.45876,0.01103,-2.47094,-2.51567,8,0x00000000,1
51.6782,0.41641,0.62840,-39.05824,0.41641,0.62840,0.42703,0.62551,-0.05939,1.13625,-0.48643,0.51074,-0.48643,0.51074,0.00000,0.00000,0,0.00042,-0.42913,-0.43730,0.00847,-1.78530,-1.81693,8,0x00000000,1,-0.41425,-0.42679,0.00098,0.27059,0.25948,8,0x00000000,1,-0.42439,-0.42826,-0.00473,2.45453,2.74563,8,0x00000000,1,-0.38143,-0.36963,-0.01180,4.69703,4.70962,8,0x00000000,1,-0.35728,-0.34332,-0.02321,3.83641,3.72810,8,0x00000000,1,-0.44678,-0.45825,-0.00104,-2.61429,-2.66037,8,0x00000000,1
51.7759,0.38575,0.62834,-39.05063,0.38575,0.62834,0.40419,0.62821,-0.07064,1.11930,-0.47483,0.49109,-0.47483,0.49109,0.00000,0.00000,0,0.00127,-0.42855,-0.43392,0.08894,-1.45735,-1.48954,8,0x00000000,1,-0.41364,-0.42593,0.01031,0.18152,0.20039,8,0x00000000,1,-0.42393,-0.42823,-0.00082,2.38416,2.29480,8,0x00000000,1,-0.38247,-0.37231,-0.04423,4.63937,4.47341,8,0x00000000,1,-0.35833,-0.34663,-0.05686,3.71238,3.61069,8,0x00000000,1,-0.44634,-0.45774,0.01071,-2.71989,-2.84381,8,0x00000000,1
51.8721,0.25744,0.63579,-39.01931,0.25744,0.63579,0.32663,0.63415,-0.08065,1.10228,-0.40727,0.46812,-0.40727,0.46812,0.00000,0.00000,0,0.00045,-0.42895,-0.42465,0.01399,-0.99887,-0.94085,8,0x00000000,1,-0.41044,-0.42452,0.01866,-0.10070,0.01739,8,0x00000000,1,-0.42092,-0.42816,0.00884,2.13582,2.12937,8,0x00000000,1,-0.38475,-0.37765,-0.05589,4.50204,4.52980,8,0x00000000,1,-0.36095,-0.36001,-0.18010,2.74095,2.57824,8,0x00000000,1,-0.44724,-0.45724,0.01268,-2.70859,-2.62200,8,0x00000000,1
51.9673,0.14698,0.59927,-39.05503,0.14698,0.59927,0.20382,0.61277,-0.08766,1.08542,-0.29147,0.47266,-0.29147,0.47266,0.00000,0.00000,0,0.00026,-0.43145,-0.42460,0.00841,-0.72916,-0.75692,8,0x00000000,1,-0.40513,-0.42096,0.05347,-0.36818,-0.29810,8,0x00000000,1,-0.41562,-0.42789,0.00769,1.57295,1.67459,8,0x00000000,1,-0.38683,-0.38522,-0.10655,4.06718,4.13134,8,0x00000000,1,-0.36377,-0.36761,-0.00825,2.90920,2.92813,8,0x00000000,1,-0.45043,-0.45713,0.00611,-2.59172,-2.48353,8,0x00000000,1
52.0648,0.09265,0.55977,-39.00376,0.09265,0.55977,0.12769,0.57909,-0.09201,1.06935,-0.21970,0.49026,-0.21970,0.49026,0.00000,0.00000,0,0.00121,-0.43361,-0.42458,0.01560,-0.49951,-0.52934,8,0x00000000,1,-0.40190,-0.41261,0.02526,-0.22938,-0.13902,8,0x00000000,1,-0.41227,-0.42767,0.00193,1.28798,1.31318,8,0x00000000,1,-0.38751,-0.39259,-0.02818,3.78897,3.66445,8,0x00000000,1,-0.36495,-0.36795,-0.00332,2.91018,2.81379,8,0x00000000,1,-0.45297,-0.45714,-0.00524,-2.47934,-2.45621,8,0x00000000,1
52.1618,0.08360,0.53840,-39.00994,0.08360,0.53840,0.09527,0.55048,-0.09493,1.05414,-0.19020,0.50366,-0.19020,0.50366,0.00000,0.00000,0,0.00035,-0.43476,-0.42463,-0.00649,-0.37970,-0.53809,8,0x00000000,1,-0.40060,-0.41061,0.01448,-0.28394,-0.37924,8,0x00000000,1,-0.41088,-0.42751,-0.00765,1.04704,1.11051,8,0x00000000,1,-0.38754,-0.39429,-0.01183,3.64087,3.74611,8,0x00000000,1,-0.36521,-0.36814,-0.00820,2.86232,2.79784,8,0x00000000,1,-0.45424,-0.45713,-0.00145,-2.50298,-2.45629,8,0x00000000,1
52.2608,0.07929,0.52696,-39.01332,0.07929,0.52696,0.08198,0.53478,-0.09727,1.03951,-0.17925,0.50473,-0.17925,0.50473,0.00000,0.00000,0,0.00169,-0.43502,-0.42465,-0.00957,-0.24205,-0.17742,8,0x00000000,1,-0.40010,-0.40944,0.01855,-0.30264,-0.31837,8,0x00000000,1,-0.41038,-0.42732,-0.00256,0.83945,0.81203,8,0x00000000,1,-0.38771,-0.39491,-0.00774,3.54221,3.46639,8,0x00000000,1,-0.36545,-0.36826,-0.01272,2.85725,2.67607,8,0x00000000,1,-0.45457,-0.45712,0.00117,-2.49688,-2.38372,8,0x00000000,1
52.3560,0.07194,0.51409,-38.99552,0.07194,0.51409,0.07583,0.52213,-0.09939,1.02525,-0.17522,0.50313,-0.17522,0.50313,0.00000,0.00000,0,0.00057,-0.43504,-0.42465,0.00043,-0.13758,-0.21188,8,0x00000000,1,-0.39991,-0.40665,0.06290,-0.11103,-0.09346,8,0x00000000,1,-0.41020,-0.42714,-0.00016,0.62691,0.64261,8,0x00000000,1,-0.38785,-0.39520,-0.00682,3.45549,3.53058,8,0x00000000,1,-0.36562,-0.36828,-0.00324,2.80228,2.90519,8,0x00000000,1,-0.45461,-0.45709,-0.00011,-2.57801,-2.69875,8,0x00000000,1
52.4517,0.07309,0.48858,-39.02457,0.07309,0.48858,0.07416,0.50294,-0.10140,1.01139,-0.17556,0.50846,-0.17556,0.50846,0.00000,0.00000,0,0.00028,-0.43525,-0.42473,-0.01350,-0.02433,-0.13869,8,0x00000000,1,-0.39994,-0.40166,0.03345,0.10964,0.06297,8,0x00000000,1,-0.41019,-0.42699,0.00256,0.47412,0.50246,8,0x00000000,1,-0.38762,-0.39533,-0.00355,3.35019,3.40678,8,0x00000000,1,-0.36540,-0.36827,0.00434,2.78484,2.72265,8,0x00000000,1,-0.45481,-0.45708,-0.00214,-2.59484,-2.62765,8,0x00000000,1
52.5478,0.06906,0.47937,-39.03415,0.06906,0.47937,0.07246,0.48649,-0.10339,0.99808,-0.17585,0.51159,-0.17585,0.51159,0.00000,0.00000,0,0.00034,-0.43538,-0.42479,0.00236,0.09359,0.12026,8,0x00000000,1,-0.39997,-0.40046,0.00522,0.09169,0.17650,8,0x00000000,1,-0.41020,-0.42680,0.00208,0.26359,0.40424,8,0x00000000,1,-0.38749,-0.39535,0.00271,3.25997,3.26157,8,0x00000000,1,-0.36528,-0.36827,0.00550,2.70451,2.77177,8,0x00000000,1,-0.45492,-0.45705,0.00989,-2.55542,-2.47032,8,0x00000000,1
52.6461,0.06961,0.47459,-39.04363,-0.93039,0.47459,-0.55510,0.47879,-0.15060,0.98507,0.40450,0.50629,0.40450,0.50629,1.00000,0.00000,0,0.00041,-0.44674,-0.42569,-0.06192,1.06642,0.73126,8,0x00000000,1,-0.37328,-0.39552,0.28098,-1.29860,-0.87596,8,0x00000000,1,-0.38372,-0.42443,0.06632,-2.09025,-1.45324,8,0x00000000,1,-0.39907,-0.39587,-0.00718,4.21487,4.16345,8,0x00000000,1,-0.38053,-0.36975,-0.04652,3.36427,3.50687,8,0x00000000,1,-0.46990,-0.45726,-0.01505,-1.19111,-1.47302,8,0x00000000,1
52.7450,0.01984,0.26351,-39.09063,-0.98016,0.26351,-0.88314,0.36495,-0.12997,0.97339,0.75316,0.60844,0.75316,0.60844,1.00000,0.00000,0,0.00036,-0.45793,-0.43256,-0.10007,1.45266,1.38345,8,0x00000000,1,-0.35763,-0.37356,0.38003,-0.37314,-0.64454,8,0x00000000,1,-0.36749,-0.40287,0.54535,-0.35447,-0.79648,8,0x00000000,1,-0.40165,-0.39809,-0.00437,4.13301,4.05954,8,0x00000000,1,-0.38572,-0.37414,0.00360,3.98520,3.82833,8,0x00000000,1,-0.48291,-0.45761,-0.00150,-0.36293,-0.37113,8,0x00000000,1
52.8385,-0.03041,-0.06314,-39.05923,-1.03041,-0.06314,-0.99021,0.05561,-0.10438,0.96809,0.88583,0.91248,0.88583,0.91248,1.00000,0.00000,0,0.00027,-0.47323,-0.44166,-0.07404,2.32840,2.29770,8,0x00000000,1,-0.35261,-0.35679,0.00025,-0.54612,-0.54476,8,0x00000000,1,-0.36049,-0.38395,0.11656,-0.94546,-0.99166,8,0x00000000,1,-0.39162,-0.39806,0.00120,3.07537,3.04771,8,0x00000000,1,-0.37763,-0.37418,-0.00017,3.18567,3.13368,8,0x00000000,1,-0.49786,-0.45829,-0.02701,0.99223,0.72919,8,0x00000000,1
52.9353,-0.03729,-0.16970,-38.97763,-1.03729,-0.16970,-1.02068,-0.08682,-0.07719,0.96876,0.94350,1.05558,0.94350,1.05558,1.00000,0.00000,0,0.00074,-0.48035,-0.44393,-0.02035,2.93163,2.92302,8,0x00000000,1,-0.35047,-0.35668,0.00543,-0.66369,-0.67468,8,0x00000000,1,-0.35742,-0.37258,0.16465,-0.37428,-0.54711,8,0x00000000,1,-0.38681,-0.39796,0.00478,2.84650,2.79797,8,0x00000000,1,-0.37370,-0.37418,0.00176,3.01793,3.16902,8,0x00000000,1,-0.50477,-0.45921,-0.01690,1.69766,1.58772,8,0x00000000,1
53.0322,-0.03959,-0.24477,-38.92199,-1.03959,-0.24477,-1.03977,-0.18985,-0.04930,0.97266,0.99047,1.16251,0.99047,1.16251,1.00000,0.00000,0,0.00030,-0.48574,-0.44639,-0.01669,3.47865,3.37631,8,0x00000000,1,-0.34868,-0.35621,0.00563,-0.84257,-0.86259,8,0x00000000,1,-0.35495,-0.35890,0.22951,0.46224,0.25910,8,0x00000000,1,-0.38330,-0.39780,0.00778,2.50011,2.73524,8,0x00000000,1,-0.37087,-0.37417,0.00542,2.89238,2.79899,8,0x00000000,1,-0.51003,-0.46101,-0.02368,2.36932,2.34604,8,0x00000000,1
53.1290,-0.04796,-0.28491,-38.87925,-1.04796,-0.28491,-1.05195,-0.26252,-0.02104,0.97898,1.03091,1.24150,1.03091,1.24150,1.00000,0.00000,0,0.00029,-0.48984,-0.44862,-0.02400,4.16816,4.22344,8,0x00000000,1,-0.34709,-0.35537,0.00265,-0.94905,-0.95744,8,0x00000000,1,-0.35288,-0.35503,0.00106,-0.09962,-0.40821,8,0x00000000,1,-0.38081,-0.39763,-0.00391,2.16081,2.05732,8,0x00000000,1,-0.36892,-0.37417,0.00432,2.68959,2.73895,8,0x00000000,1,-0.51407,-0.46420,-0.03826,2.96670,3.03400,8,0x00000000,1
53.2275,-0.04867,-0.29961,-38.88682,-1.04867,-0.29961,-1.05035,-0.28848,0.00729,0.98648,1.05764,1.27496,1.05764,1.27496,1.00000,0.00000,0,0.00041,-0.49177,-0.45026,-0.01995,4.55642,4.63788,8,0x00000000,1,-0.34598,-0.35398,0.01697,-0.98205,-0.99519,8,0x00000000,1,-0.35156,-0.35474,0.00411,-0.16729,-0.23650,8,0x00000000,1,-0.37994,-0.39749,0.00586,1.96623,1.94893,8,0x00000000,1,-0.36835,-0.37418,-0.00915,2.59360,2.65567,8,0x00000000,1,-0.51603,-0.46620,-0.02148,3.54509,3.47538,8,0x00000000,1
53.3233,-0.04205,-0.31265,-38.89192,-1.04205,-0.31265,-1.04550,-0.30305,0.03558,0.99448,1.08108,1.29754,1.08108,1.29754,1.00000,0.00000,0,0.00084,-0.49318,-0.45275,-0.04427,4.90266,5.02674,8,0x00000000,1,-0.34498,-0.35149,0.03248,-0.93537,-1.00762,8,0x00000000,1,-0.35043,-0.35437,0.00711,-0.25759,-0.21576,8,0x00000000,1,-0.37946,-0.39734,-0.00864,1.71830,1.74245,8,0x00000000,1,-0.36810,-0.37415,0.00716,2.55728,2.62475,8,0x00000000,1,-0.51750,-0.46851,-0.02165,4.04999,3.83567,8,0x00000000,1
53.4187,-0.02963,-0.35402,-38.92529,-1.02963,-0.35402,-1.03400,-0.32839,0.06365,1.00296,1.09765,1.33135,1.09765,1.33135,1.00000,0.00000,0,0.00024,-0.49493,-0.45733,-0.06746,5.08115,5.11478,8,0x00000000,1,-0.34433,-0.34190,0.31536,0.47451,0.09232,8,0x00000000,1,-0.34958,-0.35397,0.01646,-0.30649,-0.26390,8,0x00000000,1,-0.37839,-0.39705,0.00578,1.47279,1.50120,8,0x00000000,1,-0.36725,-0.37415,0.00488,2.43985,2.40496,8,0x00000000,1,-0.51921,-0.47362,-0.10180,4.13529,4.05931,8,0x00000000,1
53.5179,0.04337,-0.49997,-39.08126,-0.95663,-0.49997,-0.99629,-0.43606,0.09118,1.01327,1.08747,1.44932,1.08747,1.44932,1.00000,0.00000,0,0.00107,-0.49965,-0.46813,-0.21493,4.63633,4.62314,8,0x00000000,1,-0.34521,-0.33181,0.00227,0.39377,0.44396,8,0x00000000,1,-0.34967,-0.35356,-0.00397,-0.38767,-0.32650,8,0x00000000,1,-0.37331,-0.39648,0.00817,0.89999,0.81400,8,0x00000000,1,-0.36250,-0.37414,0.00404,1.96438,1.78452,8,0x00000000,1,-0.52338,-0.48172,-0.07975,4.47608,4.42783,8,0x00000000,1
53.6133,0.12269,-0.57846,-39.13894,-0.87731,-0.57846,-0.92456,-0.53243,0.11707,1.02646,1.04163,1.55889,1.04163,1.55889,1.00000,0.00000,0,0.00029,-0.50331,-0.48021,-0.03479,4.90603,4.83063,8,0x00000000,1,-0.34771,-0.33190,-0.01290,0.74144,0.66160,8,0x00000000,1,-0.35141,-0.35345,0.00376,-0.22272,-0.21702,8,0x00000000,1,-0.36789,-0.39552,0.00807,0.37267,0.41363,8,0x00000000,1,-0.35714,-0.37384,-0.00038,1.50541,1.41083,8,0x00000000,1,-0.52630,-0.48935,-0.06907,4.69206,4.66287,8,0x00000000,1
53.7089,0.16630,-0.60673,-39.11688,-0.83370,-0.60673,-0.86346,-0.58323,0.14110,1.04162,1.00455,1.62485,1.00455,1.62485,1.00000,0.00000,0,0.00029,-0.50533,-0.48315,-0.03670,5.14524,5.07269,8,0x00000000,1,-0.34966,-0.33209,-0.00384,1.04360,0.91567,8,0x00000000,1,-0.35289,-0.35347,-0.00189,-0.17213,-0.20609,8,0x00000000,1,-0.36444,-0.39374,0.01939,-0.07871,-0.06756,8,0x00000000,1,-0.35367,-0.37348,0.00729,1.08619,0.97610,8,0x00000000,1,-0.52781,-0.49526,-0.08414,4.66446,4.63155,8,0x00000000,1
53.8081,0.22097,-0.63768,-39.08921,-0.77903,-0.63768,-0.81101,-0.61854,0.16368,1.05790,0.97469,1.67643,0.97469,1.67643,1.00000,0.00000,0,0.00121,-0.50689,-0.48593,-0.04078,5.26206,5.46617,8,0x00000000,1,-0.35122,-0.33250,-0.00089,1.31899,1.44563,8,0x00000000,1,-0.35408,-0.35348,-0.00505,-0.08571,-0.01638,8,0x00000000,1,-0.36173,-0.39210,0.01823,-0.47117,-0.31132,8,0x00000000,1,-0.35093,-0.37316,0.00673,0.69126,0.69705,8,0x00000000,1,-0.52896,-0.50121,-0.04536,4.82943,4.85178,8,0x00000000,1
53.9048,0.27296,-0.67697,-39.10815,-0.72704,-0.67697,-0.76075,-0.65313,0.18486,1.07509,0.94560,1.72822,0.94560,1.72822,1.00000,0.00000,0,0.00040,-0.50847,-0.49477,-0.18285,4.56472,4.44873,8,0x00000000,1,-0.35275,-0.33313,-0.00582,1.60143,1.53826,8,0x00000000,1,-0.35523,-0.35347,0.00252,-0.00706,0.15922,8,0x00000000,1,-0.35903,-0.38962,0.04004,-0.77490,-0.74807,8,0x00000000,1,-0.34820,-0.37227,0.00761,0.34129,0.35916,8,0x00000000,1,-0.53015,-0.50393,-0.02909,5.10843,5.07973,8,0x00000000,1
54.0003,0.35001,-0.73695,-39.17761,-0.64999,-0.73695,-0.68894,-0.70744,0.20438,1.09347,0.89332,1.80091,0.89332,1.80091,1.00000,0.00000,0,0.00028,-0.51047,-0.50641,-0.06195,4.39225,4.50374,8,0x00000000,1,-0.35542,-0.33465,-0.02731,1.81575,1.73932,8,0x00000000,1,-0.35737,-0.35351,0.00035,0.15530,0.13055,8,0x00000000,1,-0.35502,-0.38205,0.15967,-0.57206,-0.64013,8,0x00000000,1,-0.34407,-0.37048,0.02721,-0.03027,0.06799,8,0x00000000,1,-0.53151,-0.50719,-0.04219,5.18449,5.16630,8,0x00000000,1
54.0961,0.49844,-0.72699,-39.25579,-0.50156,-0.72699,-0.58210,-0.72799,0.22163,1.11300,0.80373,1.84099,0.80373,1.84099,1.00000,0.00000,0,0.00153,-0.51035,-0.50968,-0.02435,4.29301,4.32830,8,0x00000000,1,-0.35971,-0.33852,-0.03654,2.07574,1.97931,8,0x00000000,1,-0.36129,-0.35368,-0.00631,0.48145,0.45881,8,0x00000000,1,-0.35163,-0.36399,0.03103,-0.15084,-0.05548,8,0x00000000,1,-0.34021,-0.36835,0.01912,-0.51858,-0.37996,8,0x00000000,1,-0.53067,-0.51915,-0.24710,3.96405,4.09013,8,0x00000000,1
54.1914,0.64692,-0.77456,-39.16891,-0.35308,-0.77456,-0.43005,-0.75702,0.23519,1.13300,0.66524,1.89003,0.66524,1.89003,1.00000,0.00000,0,0.00045,-0.50963,-0.51080,-0.01074,4.16627,4.22797,8,0x00000000,1,-0.36630,-0.34188,-0.04682,2.49491,2.42002,8,0x00000000,1,-0.36739,-0.35407,0.00053,0.96129,0.97140,8,0x00000000,1,-0.34692,-0.36196,0.02474,-0.53429,-0.35165,8,0x00000000,1,-0.33473,-0.36656,0.01903,-1.14977,-1.02616,8,0x00000000,1,-0.52889,-0.53239,-0.02440,3.63812,3.65744,8,0x00000000,1
54.2884,0.66346,-0.77575,-39.18998,-0.33654,-0.77575,-0.36451,-0.77386,0.24572,1.15374,0.61023,1.92760,0.61023,1.92760,1.00000,0.00000,0,0.00027,-0.51010,-0.51134,0.00256,4.21138,4.15873,8,0x00000000,1,-0.36898,-0.34665,-0.05683,2.62558,2.49324,8,0x00000000,1,-0.36975,-0.35443,0.00266,1.28751,1.22816,8,0x00000000,1,-0.34430,-0.36032,0.02043,-0.76142,-0.65560,8,0x00000000,1,-0.33187,-0.36478,0.00424,-1.59421,-1.50308,8,0x00000000,1,-0.52886,-0.53323,-0.00145,3.59034,3.59938,8,0x00000000,1
54.3880,0.67451,-0.75728,-39.17590,-0.32549,-0.75728,-0.33806,-0.76770,0.25513,1.17460,0.59320,1.94229,0.59320,1.94229,1.00000,0.00000,0,0.00039,-0.51037,-0.51161,-0.00013,4.20363,4.20505,8,0x00000000,1,-0.36982,-0.35407,-0.05396,2.36926,2.45322,8,0x00000000,1,-0.37047,-0.35463,-0.00143,1.44914,1.42354,8,0x00000000,1,-0.34337,-0.35917,0.00469,-0.90628,-0.88117,8,0x00000000,1,-0.33087,-0.36312,0.01547,-1.88830,-1.86894,8,0x00000000,1,-0.52897,-0.53360,-0.01403,3.51742,3.62429,8,0x00000000,1
54.4836,0.69226,-0.74328,-39.15658,-0.30774,-0.74328,-0.31986,-0.75219,0.26400,1.19510,0.58386,1.94729,0.58386,1.94729,1.00000,0.00000,0,0.00030,-0.51039,-0.51175,0.00974,4.19016,4.11972,8,0x00000000,1,-0.37027,-0.35653,-0.01561,2.52010,2.56737,8,0x00000000,1,-0.37088,-0.35485,-0.00197,1.65718,1.75597,8,0x00000000,1,-0.34298,-0.35836,0.00697,-1.02898,-1.00621,8,0x00000000,1,-0.33043,-0.36056,0.04634,-1.98057,-1.98291,8,0x00000000,1,-0.52891,-0.53373,-0.00757,3.42173,3.22099,8,0x00000000,1
54.5849,0.75952,-0.70169,-39.09328,-0.24048,-0.70169,-0.28301,-0.72651,0.27222,1.21510,0.55523,1.94160,0.55523,1.94160,1.00000,0.00000,0,0.00114,-0.50958,-0.51181,0.00617,4.09873,4.33201,8,0x00000000,1,-0.37158,-0.35779,-0.00916,2.72479,2.72924,8,0x00000000,1,-0.37219,-0.35512,-0.00460,1.88889,1.95814,8,0x00000000,1,-0.34266,-0.35728,0.00635,-1.16897,-1.23072,8,0x00000000,1,-0.32990,-0.34609,0.35113,-0.44368,-0.70461,8,0x00000000,1,-0.52795,-0.53378,0.00626,3.33511,3.38148,8,0x00000000,1
54.6839,0.85030,-0.66119,-39.00505,-0.14970,-0.66119,-0.18374,-0.68512,0.27834,1.23404,0.46208,1.91916,0.46208,1.91916,1.00000,0.00000,0,0.00028,-0.50677,-0.51183,0.00192,3.77595,3.82808,8,0x00000000,1,-0.37581,-0.35960,-0.01560,3.10481,3.07679,8,0x00000000,1,-0.37647,-0.35596,0.00051,2.43188,2.44259,8,0x00000000,1,-0.34178,-0.35619,0.02854,-1.32400,-1.33962,8,0x00000000,1,-0.32833,-0.33539,0.01576,-0.96992,-0.93267,8,0x00000000,1,-0.52467,-0.53379,-0.00254,2.94528,3.06679,8,0x00000000,1
54.7830,0.87266,-0.64910,-39.00239,-0.12734,-0.64910,-0.14579,-0.66030,0.28271,1.25211,0.42850,1.91242,0.42850,1.91242,1.00000,0.00000,0,0.00286,-0.50582,-0.51183,0.00076,3.70427,3.67606,8,0x00000000,1,-0.37734,-0.36079,-0.01123,3.22143,3.18617,8,0x00000000,1,-0.37801,-0.35637,-0.00836,2.67197,2.71917,8,0x00000000,1,-0.34140,-0.35506,0.01032,-1.46175,-1.40589,8,0x00000000,1,-0.32771,-0.33427,0.01569,-0.99051,-1.10926,8,0x00000000,1,-0.52353,-0.53379,-0.00008,2.81420,2.92899,8,0x00000000,1
54.8781,0.87910,-0.63439,-38.99492,-0.12090,-0.63439,-0.13162,-0.64281,0.28645,1.26966,0.41806,1.91247,0.41806,1.91247,1.00000,0.00000,0,0.00034,-0.50561,-0.51183,0.00183,3.64457,3.68800,8,0x00000000,1,-0.37782,-0.36175,0.00044,3.41651,3.34795,8,0x00000000,1,-0.37848,-0.35677,0.00491,2.94765,2.94696,8,0x00000000,1,-0.34120,-0.35405,0.01567,-1.50310,-1.69420,8,0x00000000,1,-0.32744,-0.33352,0.00652,-1.05358,-0.98255,8,0x00000000,1,-0.52326,-0.53377,0.00579,2.71678,2.60553,8,0x00000000,1
54.9726,0.89233,-0.62227,-38.99888,-0.10767,-0.62227,-0.11791,-0.63036,0.28979,1.28686,0.40769,1.91722,0.40769,1.91722,1.00000,0.00000,0,0.00052,-0.50560,-0.51179,0.01186,3.59160,3.71326,8,0x00000000,1,-0.37832,-0.36249,0.00148,3.59333,3.40220,8,0x00000000,1,-0.37893,-0.35733,-0.00309,3.13898,3.27987,8,0x00000000,1,-0.34080,-0.35208,0.01618,-1.54079,-1.52038,8,0x00000000,1,-0.32699,-0.33260,0.00873,-1.04992,-0.96519,8,0x00000000,1,-0.52317,-0.53379,-0.00126,2.60069,2.63670,8,0x00000000,1
55.0736,0.91520,-0.60131,-39.01909,-0.08480,-0.60131,-0.09904,-0.61369,0.29273,1.30366,0.39178,1.91735,0.39178,1.91735,1.00000,0.00000,0,0.00363,-0.50529,-0.51180,0.01142,3.48082,3.37827,8,0x00000000,1,-0.37906,-0.36317,-0.00942,3.76478,3.73116,8,0x00000000,1,-0.37965,-0.35828,-0.01385,3.37130,3.41971,8,0x00000000,1,-0.34049,-0.34908,0.03523,-1.44972,-1.52151,8,0x00000000,1,-0.32657,-0.33175,0.00034,-1.12034,-1.14895,8,0x00000000,1,-0.52276,-0.53375,0.00745,2.45445,2.55020,8,0x00000000,1
55.1665,0.93503,-0.58052,-39.03387,-0.06497,-0.58052,-0.07780,-0.59380,0.29511,1.31995,0.37291,1.91376,0.37291,1.91376,1.00000,0.00000,0,0.00121,-0.50476,-0.51180,0.00565,3.39196,3.49537,8,0x00000000,1,-0.37992,-0.36400,-0.00220,3.96169,3.92935,8,0x00000000,1,-0.38052,-0.35991,-0.02763,3.54376,3.54933,8,0x00000000,1,-0.34027,-0.34635,0.04043,-1.32267,-1.33536,8,0x00000000,1,-0.32621,-0.33118,-0.00218,-1.12546,-1.23557,8,0x00000000,1,-0.52213,-0.53375,-0.01140,2.24400,2.37646,8,0x00000000,1
55.2610,0.96481,-0.54557,-39.05939,-0.03519,-0.54557,-0.05259,-0.56620,0.29686,1.33561,0.34945,1.90181,0.34945,1.90181,1.00000,0.00000,0,0.00035,-0.50379,-0.51179,0.00414,3.20106,3.25957,8,0x00000000,1,-0.38096,-0.36501,-0.01416,4.10609,3.98226,8,0x00000000,1,-0.38162,-0.36323,-0.06236,3.48416,3.63826,8,0x00000000,1,-0.34031,-0.34068,0.12944,-0.75790,-0.88860,8,0x00000000,1,-0.32606,-0.33065,0.00756,-1.19407,-1.30558,8,0x00000000,1,-0.52107,-0.53372,0.00416,2.05411,2.02182,8,0x00000000,1
55.3577,1.07389,-0.42121,-39.19799,0.07389,-0.42121,0.01989,-0.48647,0.29745,1.35002,0.27755,1.83649,0.27755,1.83649,1.00000,0.00000,16,0.00039,-0.49962,-0.51173,0.00607,2.82760,2.80406,8,0x00000000,1,-0.38405,-0.36687,-0.03869,4.34428,4.30344,8,0x00000000,1,-0.38508,-0.37205,-0.09269,3.26650,3.44603,8,0x00000000,1,-0.34160,-0.32811,-0.01056,-0.07536,-0.13971,8,0x00000000,1,-0.32667,-0.33011,0.00565,-1.15063,-1.05780,8,0x00000000,1,-0.51673,-0.53365,-0.00501,1.58072,1.52144,8,0x00000000,1
55.4563,1.08057,-0.33879,-39.22395,0.08057,-0.33879,0.06402,-0.40225,0.29619,1.36199,0.23217,1.76423,0.23217,1.76423,1.00000,0.00000,0,0.00037,-0.49569,-0.51162,0.01201,2.38524,2.37456,8,0x00000000,1,-0.38588,-0.37413,-0.18771,3.71952,3.64618,8,0x00000000,1,-0.38737,-0.38036,-0.06901,3.05408,3.02496,8,0x00000000,1,-0.34369,-0.32821,-0.00130,0.21033,0.06297,8,0x00000000,1,-0.32824,-0.33012,0.00003,-1.08094,-1.04894,8,0x00000000,1,-0.51282,-0.53344,0.00341,1.10241,1.31671,8,0x00000000,1
55.5525,1.08297,-0.20150,-39.17541,0.08297,-0.20150,0.07566,-0.28799,0.29426,1.37133,0.21860,1.65931,0.21860,1.65931,1.00000,0.00000,0,0.00037,-0.49104,-0.51142,0.00102,1.82431,1.92979,8,0x00000000,1,-0.38612,-0.39147,-0.08682,2.86252,3.00076,8,0x00000000,1,-0.38834,-0.38612,-0.06051,2.75388,2.79376,8,0x00000000,1,-0.34776,-0.32847,0.00159,0.72557,0.57756,8,0x00000000,1,-0.33188,-0.33012,0.00220,-0.78248,-0.94787,8,0x00000000,1,-0.50852,-0.53311,0.00354,0.52410,0.59493,8,0x00000000,1
55.6488,1.08571,-0.13900,-39.16107,1.08571,-0.13900,0.63383,-0.18068,0.34055,1.37740,-0.29328,1.55808,-0.29328,1.55808,0.00000,0.00000,0,0.00027,-0.47654,-0.51068,0.00713,0.66160,0.70402,8,0x00000000,1,-0.40942,-0.39719,-0.18724,3.71397,3.72323,8,0x00000000,1,-0.41188,-0.39221,-0.16888,3.65946,3.77447,8,0x00000000,1,-0.34195,-0.32895,0.00185,0.19044,0.54515,8,0x00000000,1,-0.32245,-0.33006,0.01373,-1.38327,-1.41695,8,0x00000000,1,-0.49135,-0.53171,0.07698,-0.56822,-0.24416,8,0x00000000,1
55.7512,1.16495,0.25113,-39.17572,1.16495,0.25113,1.02915,0.04346,0.31676,1.37967,-0.71239,1.33621,-0.71239,1.33621,0.00000,0.00000,0,0.00028,-0.45887,-0.50855,0.03383,-0.81676,-0.56885,8,0x00000000,1,-0.42794,-0.41763,-0.18565,4.05531,4.04327,8,0x00000000,1,-0.43171,-0.42498,-0.28204,2.88328,3.15570,8,0x00000000,1,-0.34290,-0.32874,-0.00393,0.52913,0.50424,8,0x00000000,1,-0.32006,-0.31708,0.31058,-0.08992,-0.60253,8,0x00000000,1,-0.47208,-0.52319,0.12917,-1.70323,-1.55127,8,0x00000000,1
55.8457,1.19566,0.42187,-39.16733,1.19566,0.42187,1.18365,0.29307,0.28623,1.37455,-0.89743,1.08148,-0.89743,1.08148,0.00000,0.00000,0,0.00035,-0.44456,-0.49717,0.13286,-1.40849,-1.47575,8,0x00000000,1,-0.43547,-0.42827,-0.06013,4.11154,4.01915,8,0x00000000,1,-0.44107,-0.42891,-0.00272,4.05859,4.05599,8,0x00000000,1,-0.34977,-0.32935,-0.00468,1.30231,1.28250,8,0x00000000,1,-0.32497,-0.31302,-0.00242,-0.10316,-0.07935,8,0x00000000,1,-0.45765,-0.48869,0.27084,-0.50891,-0.33565,8,0x00000000,1
55.9456,1.02308,0.57207,-39.17085,1.02308,0.57207,1.08609,0.46328,0.25552,1.36407,-0.83057,0.90079,-0.83057,0.90079,0.00000,0.00000,0,0.00035,-0.43841,-0.47497,0.00372,-1.07015,-0.71685,8,0x00000000,1,-0.43165,-0.43239,-0.02044,3.52703,3.45377,8,0x00000000,1,-0.43869,-0.42917,-0.00927,3.78990,3.91290,8,0x00000000,1,-0.35854,-0.33111,-0.02672,2.06920,1.97487,8,0x00000000,1,-0.33357,-0.31306,0.00399,0.57569,0.45143,8,0x00000000,1,-0.45256,-0.47767,0.09702,-0.85450,-0.78716,8,0x00000000,1
56.0443,0.91259,0.59901,-39.24963,0.91259,0.59901,0.98634,0.56988,0.22747,1.34978,-0.75887,0.77990,-0.75887,0.77990,0.00000,0.00000,0,0.00032,-0.43483,-0.47167,0.04342,-1.38353,-1.54198,8,0x00000000,1,-0.42786,-0.43294,-0.00146,3.19566,3.18111,8,0x00000000,1,-0.43586,-0.42918,0.00215,3.66195,3.56423,8,0x00000000,1,-0.36494,-0.33367,-0.02985,2.64007,2.74121,8,0x00000000,1,-0.34002,-0.31342,0.00236,1.40189,1.22442,8,0x00000000,1,-0.44986,-0.46677,0.01039,-0.79788,-0.72750,8,0x00000000,1
56.1421,0.90880,0.64214,-39.21856,0.90880,0.64214,0.92911,0.62574,0.20183,1.33350,-0.72728,0.70776,-0.72728,0.70776,0.00000,0.00000,0,0.00196,-0.43247,-0.46372,0.25196,-0.74839,-0.97509,8,0x00000000,1,-0.42612,-0.43295,-0.00127,3.08610,3.10428,8,0x00000000,1,-0.43468,-0.42921,-0.00449,3.68244,3.69859,8,0x00000000,1,-0.36855,-0.33661,-0.03615,3.00526,3.09697,8,0x00000000,1,-0.34357,-0.31446,-0.01402,1.81087,1.68153,8,0x00000000,1,-0.44796,-0.46634,0.01711,-1.02966,-1.00642,8,0x00000000,1
56.2369,0.79870,0.76721,-39.04878,0.79870,0.76721,0.83900,0.70554,0.17791,1.31577,-0.66109,0.61023,-0.66109,0.61023,0.00000,0.00000,0,0.00043,-0.42975,-0.44647,0.01137,-0.67820,-0.56735,8,0x00000000,1,-0.42268,-0.43294,0.00044,2.72035,2.64115,8,0x00000000,1,-0.43201,-0.42919,-0.00815,3.53242,3.55433,8,0x00000000,1,-0.37388,-0.34209,-0.11997,3.07024,3.11066,8,0x00000000,1,-0.34899,-0.31602,-0.04140,2.28198,2.10638,8,0x00000000,1,-0.44599,-0.46477,0.01728,-1.22542,-1.22601,8,0x00000000,1
56.3337,0.74089,0.75255,-39.03783,0.74089,0.75255,0.77228,0.73777,0.15620,1.29613,-0.61608,0.55836,-0.61608,0.55836,0.00000,0.00000,0,0.00027,-0.42851,-0.44498,-0.00281,-0.91539,-0.87742,8,0x00000000,1,-0.42040,-0.43293,0.00139,2.45859,2.29156,8,0x00000000,1,-0.43014,-0.42920,-0.00261,3.45936,3.36452,8,0x00000000,1,-0.37691,-0.35201,-0.06208,3.11150,3.18026,8,0x00000000,1,-0.35212,-0.31981,-0.05059,2.58077,2.50257,8,0x00000000,1,-0.44520,-0.46291,0.00271,-1.42373,-1.58046,8,0x00000000,1
56.4312,0.69857,0.72349,-39.01944,0.69857,0.72349,0.72785,0.73431,0.13595,1.27613,-0.59190,0.54183,-0.59190,0.54183,0.00000,0.00000,0,0.00117,-0.42830,-0.44387,0.01555,-0.97073,-0.95520,8,0x00000000,1,-0.41922,-0.43290,0.00455,2.29102,2.21650,8,0x00000000,1,-0.42910,-0.42919,-0.00265,3.45334,3.54152,8,0x00000000,1,-0.37807,-0.35703,-0.03828,3.11934,3.07434,8,0x00000000,1,-0.35338,-0.32798,-0.03574,2.47678,2.32434,8,0x00000000,1,-0.44521,-0.46191,0.01681,-1.54412,-1.62450,8,0x00000000,1
56.5269,0.66357,0.71470,-39.00812,0.66357,0.71470,0.68500,0.72090,0.11695,1.25652,-0.56805,0.53562,-0.56805,0.53562,0.00000,0.00000,0,0.00058,-0.42853,-0.44326,0.01962,-1.09687,-0.94760,8,0x00000000,1,-0.41810,-0.43285,0.00197,2.06028,2.08567,8,0x00000000,1,-0.42803,-0.42919,-0.00345,3.36338,3.19293,8,0x00000000,1,-0.37879,-0.35913,-0.02025,3.33913,3.40579,8,0x00000000,1,-0.35423,-0.33005,-0.01952,2.69809,2.80714,8,0x00000000,1,-0.44560,-0.46133,0.00861,-1.65291,-1.65523,8,0x00000000,1
56.6237,0.64060,0.71023,-39.00549,0.64060,0.71023,0.65623,0.71415,0.09889,1.23716,-0.55734,0.52301,-0.55734,0.52301,0.00000,0.00000,0,0.00037,-0.42822,-0.44250,-0.00313,-1.24565,-1.24274,8,0x00000000,1,-0.41756,-0.43273,-0.00331,1.84046,1.86213,8,0x00000000,1,-0.42759,-0.42919,-0.00303,3.32343,3.50231,8,0x00000000,1,-0.37953,-0.36057,-0.01120,3.53979,3.39227,8,0x00000000,1,-0.35498,-0.33197,-0.02273,2.88418,2.94294,8,0x00000000,1,-0.44540,-0.46068,0.01713,-1.81265,-1.88068,8,0x00000000,1
56.7183,0.62198,0.70849,-39.01442,0.62198,0.70849,0.63463,0.71104,0.08149,1.21793,-0.55314,0.50689,-0.55314,0.50689,0.00000,0.00000,0,0.00026,-0.42763,-0.44154,0.01974,-1.36367,-1.48527,8,0x00000000,1,-0.41730,-0.43259,0.00159,1.66662,1.86538,8,0x00000000,1,-0.42745,-0.42917,0.00579,3.31089,3.33721,8,0x00000000,1,-0.38028,-0.36169,-0.01300,3.72221,3.58780,8,0x00000000,1,-0.35570,-0.33472,-0.03374,2.97937,3.04112,8,0x00000000,1,-0.44490,-0.46018,0.00334,-1.98281,-2.14973,8,0x00000000,1
56.8189,0.59094,0.70036,-39.02777,0.59094,0.70036,0.60698,0.70504,0.06472,1.19881,-0.54226,0.49377,-0.54226,0.49377,0.00000,0.00000,0,0.00030,-0.42731,-0.44070,0.00015,-1.52772,-1.53238,8,0x00000000,1,-0.41675,-0.43241,0.00157,1.46043,1.39641,8,0x00000000,1,-0.42700,-0.42919,-0.00231,3.23931,3.29942,8,0x00000000,1,-0.38103,-0.36284,-0.01370,3.89093,3.89811,8,0x00000000,1,-0.35648,-0.33707,-0.02317,3.17544,2.98211,8,0x00000000,1,-0.44469,-0.45952,0.00349,-2.13564,-2.21863,8,0x00000000,1
56.9156,0.57211,0.69486,-39.02522,0.57211,0.69486,0.58332,0.69749,0.04869,1.17989,-0.53463,0.48240,-0.53463,0.48240,0.00000,0.00000,0,0.00032,-0.42699,-0.43980,0.01343,-1.60487,-1.63725,8,0x00000000,1,-0.41635,-0.43215,0.00798,1.27819,1.29598,8,0x00000000,1,-0.42670,-0.42919,-0.00189,3.19876,3.16612,8,0x00000000,1,-0.38165,-0.36401,-0.01486,4.08275,4.16580,8,0x00000000,1,-0.35711,-0.33854,-0.01000,3.34169,3.34370,8,0x00000000,1,-0.44446,-0.45897,0.00318,-2.31430,-2.34926,8,0x00000000,1
57.0136,0.54793,0.69447,-39.02107,0.54793,0.69447,0.56268,0.69552,0.03323,1.16109,-0.52945,0.46557,-0.52945,0.46557,0.00000,0.00000,0,0.00039,-0.42639,-0.43883,0.00312,-1.79005,-1.75316,8,0x00000000,1,-0.41605,-0.43176,0.01232,1.10134,1.28583,8,0x00000000,1,-0.42652,-0.42918,-0.00190,3.15612,3.10027,8,0x00000000,1,-0.38245,-0.36508,-0.01641,4.26778,4.46255,8,0x00000000,1,-0.35789,-0.33970,-0.01191,3.51035,3.38907,8,0x00000000,1,-0.44395,-0.45833,0.00980,-2.45776,-2.47413,8,0x00000000,1
57.1093,0.52776,0.69823,-39.01934,0.52776,0.69823,0.54118,0.69651,0.01834,1.14231,-0.52284,0.44579,-0.52284,0.44579,0.00000,0.00000,0,0.00030,-0.42571,-0.43670,0.02662,-1.68736,-1.71694,8,0x00000000,1,-0.41567,-0.43117,0.01070,0.95271,0.85209,8,0x00000000,1,-0.42629,-0.42916,0.00312,3.12015,3.12325,8,0x00000000,1,-0.38340,-0.36622,-0.02038,4.46245,4.57536,8,0x00000000,1,-0.35881,-0.34082,-0.00021,3.74668,3.81088,8,0x00000000,1,-0.44338,-0.45775,0.00050,-2.65636,-2.81413,8,0x00000000,1
57.2101,0.48133,0.71850,-38.98454,0.48133,0.71850,0.50971,0.70631,0.00412,1.12339,-0.50559,0.41708,-0.50559,0.41708,0.00000,0.00000,0,0.00295,-0.42486,-0.42612,0.12878,-0.91221,-0.82265,8,0x00000000,1,-0.41476,-0.43033,0.00829,0.77133,0.72524,8,0x00000000,1,-0.42560,-0.42917,-0.00043,3.00883,3.21743,8,0x00000000,1,-0.38493,-0.36762,-0.01373,4.62954,4.55640,8,0x00000000,1,-0.36034,-0.34224,-0.02733,3.92653,3.96676,8,0x00000000,1,-0.44274,-0.45709,0.01072,-2.80221,-2.79116,8,0x00000000,1
57.3039,0.41782,0.73413,-38.95112,0.41782,0.73413,0.45203,0.73169,-0.00882,1.10391,-0.46085,0.37222,-0.46085,0.37222,0.00000,0.00000,0,0.00037,-0.42390,-0.42254,0.02298,-1.00829,-1.00063,8,0x00000000,1,-0.41253,-0.42897,0.01315,0.47693,0.51244,8,0x00000000,1,-0.42372,-0.42913,0.01444,2.87097,2.79591,8,0x00000000,1,-0.38767,-0.37068,-0.04923,4.77950,4.57469,8,0x00000000,1,-0.36320,-0.34599,-0.09260,3.89613,4.03687,8,0x00000000,1,-0.44221,-0.45634,0.01470,-2.93918,-2.85033,8,0x00000000,1
57.3996,0.29189,0.68542,-38.99312,0.29189,0.68542,0.37018,0.71284,-0.02001,1.08432,-0.39019,0.37147,-0.39019,0.37147,0.00000,0.00000,0,0.00026,-0.42528,-0.42188,0.00008,-0.92624,-0.95117,8,0x00000000,1,-0.40928,-0.42778,0.02731,0.21298,0.19291,8,0x00000000,1,-0.42049,-0.42907,0.00223,2.57331,2.43761,8,0x00000000,1,-0.38909,-0.37731,-0.07122,4.49875,4.38072,8,0x00000000,1,-0.36506,-0.36368,-0.19794,2.62401,2.56194,8,0x00000000,1,-0.44403,-0.45577,0.00177,-2.94700,-2.81092,8,0x00000000,1
57.4941,0.19706,0.65255,-39.01941,0.19706,0.65255,0.24992,0.67349,-0.02815,1.06568,-0.27807,0.39219,-0.27807,0.39219,0.00000,0.00000,0,0.00027,-0.42838,-0.42188,-0.00340,-0.59012,-0.56912,8,0x00000000,1,-0.40421,-0.42462,0.04369,-0.18181,-0.01461,8,0x00000000,1,-0.41529,-0.42883,-0.00071,2.02742,2.05990,8,0x00000000,1,-0.39043,-0.38558,-0.10830,4.01136,4.17161,8,0x00000000,1,-0.36717,-0.36815,-0.01191,2.99045,3.11783,8,0x00000000,1,-0.44774,-0.45559,0.00172,-2.73987,-2.71101,8,0x00000000,1
57.5906,0.14553,0.62302,-38.95623,0.14553,0.62302,0.17838,0.63947,-0.03382,1.04800,-0.21221,0.40853,-0.21221,0.40853,0.00000,0.00000,0,0.00028,-0.43037,-0.42185,0.01533,-0.43046,-0.41347,8,0x00000000,1,-0.40124,-0.42160,0.03692,-0.37906,-0.46823,8,0x00000000,1,-0.41222,-0.42866,-0.00246,1.73815,1.72153,8,0x00000000,1,-0.39105,-0.39263,-0.03265,3.81129,3.70408,8,0x00000000,1,-0.36825,-0.36867,-0.00499,3.04677,2.95836,8,0x00000000,1,-0.45007,-0.45556,0.00249,-2.69553,-2.54577,8,0x00000000,1
57.6882,0.12508,0.60627,-38.95966,0.12508,0.60627,0.14266,0.61741,-0.03808,1.03108,-0.18075,0.41368,-0.18075,0.41368,0.00000,0.00000,0,0.00038,-0.43122,-0.42189,-0.00410,-0.25946,-0.23133,8,0x00000000,1,-0.39982,-0.41398,0.09693,0.07843,0.01230,8,0x00000000,1,-0.41076,-0.42847,0.00390,1.45084,1.49390,8,0x00000000,1,-0.39145,-0.39466,-0.01202,3.72024,3.84908,8,0x00000000,1,-0.36887,-0.36892,0.00132,3.05100,3.10787,8,0x00000000,1,-0.45109,-0.45556,-0.00832,-2.68876,-2.53818,8,0x00000000,1
57.7860,0.11812,0.58332,-38.96125,0.11812,0.58332,0.12451,0.59458,-0.04164,1.01474,-0.16615,0.42016,-0.16615,0.42016,0.00000,0.00000,0,0.00029,-0.43178,-0.42187,0.01756,-0.06749,-0.09919,8,0x00000000,1,-0.39917,-0.41160,0.02660,-0.18977,-0.06413,8,0x00000000,1,-0.41007,-0.42828,-0.00540,1.22160,1.13297,8,0x00000000,1,-0.39147,-0.39553,-0.00234,3.63871,3.69181,8,0x00000000,1,-0.36900,-0.36908,0.00382,3.05775,3.03793,8,0x00000000,1,-0.45172,-0.45553,0.00063,-2.73288,-2.76734,8,0x00000000,1
57.8845,0.11289,0.57692,-38.95707,0.11289,0.57692,0.11745,0.58137,-0.04488,0.99890,-0.16233,0.41753,-0.16233,0.41753,0.00000,0.00000,0,0.00119,-0.43174,-0.42194,-0.00115,-0.00215,-0.08247,8,0x00000000,1,-0.39899,-0.41045,0.01556,-0.30036,-0.23629,8,0x00000000,1,-0.40991,-0.42811,0.00658,1.06645,1.17843,8,0x00000000,1,-0.39165,-0.39597,-0.00323,3.55996,3.46643,8,0x00000000,1,-0.36920,-0.36923,-0.00829,3.03915,3.04451,8,0x00000000,1,-0.45172,-0.45549,0.00731,-2.77135,-2.57817,8,0x00000000,1
57.9814,0.11317,0.57347,-38.95990,0.11317,0.57347,0.11317,0.57771,-0.04798,0.98325,-0.16115,0.40554,-0.16115,0.40554,0.00000,0.00000,0,0.00032,-0.43127,-0.42198,-0.00778,0.02122,0.09721,8,0x00000000,1,-0.39889,-0.40926,0.01744,-0.34094,-0.27617,8,0x00000000,1,-0.40990,-0.42790,0.00696,0.83988,0.81705,8,0x00000000,1,-0.39217,-0.39616,0.00849,3.57289,3.62978,8,0x00000000,1,-0.36969,-0.36933,0.00113,3.08253,2.96271,8,0x00000000,1,-0.45130,-0.45545,-0.00304,-2.82439,-2.68933,8,0x00000000,1
58.0817,0.11165,0.55780,-38.96861,0.11165,0.55780,0.11268,0.56626,-0.05104,0.96780,-0.16372,0.40154,-0.16372,0.40154,0.00000,0.00000,0,0.00194,-0.43105,-0.42200,0.00430,0.14800,0.03919,8,0x00000000,1,-0.39899,-0.40653,0.06900,-0.10509,-0.34980,8,0x00000000,1,-0.41003,-0.42774,-0.00433,0.63390,0.67717,8,0x00000000,1,-0.39229,-0.39634,-0.00085,3.51326,3.49962,8,0x00000000,1,-0.36977,-0.36943,-0.00025,3.08557,3.09288,8,0x00000000,1,-0.45108,-0.45530,0.01432,-2.88219,-2.80284,8,0x00000000,1
58.1793,0.11172,0.52907,-38.99113,0.11172,0.52907,0.11159,0.54375,-0.05405,0.95281,-0.16564,0.40906,-0.16564,0.40906,0.00000,0.00000,0,0.00028,-0.43133,-0.42213,-0.00373,0.28139,0.18444,8,0x00000000,1,-0.39911,-0.40138,0.02102,0.06283,0.10469,8,0x00000000,1,-0.41009,-0.42751,0.01136,0.44819,0.46919,8,0x00000000,1,-0.39194,-0.39641,0.00256,3.40134,3.34600,8,0x00000000,1,-0.36944,-0.36950,0.00453,3.06386,3.13152,8,0x00000000,1,-0.45131,-0.45510,0.01004,-2.89667,-2.91357,8,0x00000000,1
58.2790,0.11130,0.51951,-39.00393,0.11130,0.51951,0.11107,0.52664,-0.05704,0.93840,-0.16812,0.41176,-0.16812,0.41176,0.00000,0.00000,0,0.00121,-0.43139,-0.42245,-0.01619,0.36017,0.23589,8,0x00000000,1,-0.39923,-0.40029,0.00462,0.07024,0.08760,8,0x00000000,1,-0.41019,-0.42730,-0.00163,0.26912,0.28841,8,0x00000000,1,-0.39178,-0.39645,-0.00396,3.36102,3.27743,8,0x00000000,1,-0.36927,-0.36954,-0.00901,3.04959,3.02738,8,0x00000000,1,-0.45135,-0.45486,0.01529,-2.91099,-2.82808,8,0x00000000,1
58.3761,0.11388,0.51431,-39.00748,0.11388,0.51431,0.11292,0.51793,-0.06007,0.92432,-0.17299,0.40639,-0.17299,0.40639,0.00000,0.00000,0,0.00055,-0.43107,-0.42263,0.01703,0.45475,0.39492,8,0x00000000,1,-0.39943,-0.40006,-0.00159,0.09494,-0.04036,8,0x00000000,1,-0.41043,-0.42703,0.00571,0.12359,0.21914,8,0x00000000,1,-0.39190,-0.39649,-0.00571,3.29343,3.28831,8,0x00000000,1,-0.36935,-0.36954,0.00497,3.06651,3.11253,8,0x00000000,1,-0.45102,-0.45452,0.00651,-2.95428,-3.07710,8,0x00000000,1
58.4689,0.11531,0.51047,-39.00987,0.11531,0.51047,0.11395,0.51277,-0.06314,0.91042,-0.17709,0.39764,-0.17709,0.39764,0.00000,0.00000,0,0.00028,-0.43063,-0.42283,-0.00270,0.46918,0.46590,8,0x00000000,1,-0.39959,-0.40002,0.00099,0.10107,0.14019,8,0x00000000,1,-0.41065,-0.42679,0.00653,-0.04610,-0.07064,8,0x00000000,1,-0.39219,-0.39650,-0.00651,3.25279,3.09974,8,0x00000000,1,-0.36958,-0.36959,0.00472,3.05374,3.07531,8,0x00000000,1,-0.45058,-0.45369,0.02346,-2.93884,-2.89582,8,0x00000000,1
58.5694,0.10640,0.51710,-39.02604,0.10640,0.51710,0.11130,0.51358,-0.06621,0.89659,-0.17750,0.38300,-0.17750,0.38300,0.00000,0.00000,0,0.00201,-0.43001,-0.42299,-0.00389,0.48631,0.54719,8,0x00000000,1,-0.39955,-0.40001,-0.00954,0.06725,0.07849,8,0x00000000,1,-0.41072,-0.42654,0.01121,-0.19491,-0.17784,8,0x00000000,1,-0.39279,-0.39650,0.00377,3.26924,3.25400,8,0x00000000,1,-0.37012,-0.36962,0.00355,3.09765,3.23062,8,0x00000000,1,-0.45002,-0.45074,0.04703,-2.72285,-2.58614,8,0x00000000,1
58.6635,0.08335,0.52844,-39.05460,-0.91665,0.52844,-0.45707,0.52276,-0.11898,0.88260,0.33809,0.35984,0.33809,0.35984,1.00000,0.00000,0,0.00038,-0.43934,-0.42391,-0.07587,0.78494,0.79320,8,0x00000000,1,-0.37579,-0.39708,0.19968,-1.50336,-0.58546,8,0x00000000,1,-0.38724,-0.42527,0.10256,-1.24418,-0.95165,8,0x00000000,1,-0.40385,-0.39683,0.00051,4.27820,4.21522,8,0x00000000,1,-0.38436,-0.37099,-0.07751,3.51514,3.61587,8,0x00000000,1,-0.46263,-0.44713,0.00297,-1.98678,-1.88510,8,0x00000000,1
58.7610,0.02914,0.24934,-39.03933,-0.97086,0.24934,-0.85300,0.39621,-0.09984,0.86968,0.75316,0.47347,0.75316,0.47347,1.00000,0.00000,0,0.00025,-0.45232,-0.43089,-0.06666,1.69230,1.69304,8,0x00000000,1,-0.35715,-0.37385,0.40438,-0.47148,-0.74739,8,0x00000000,1,-0.36792,-0.39307,0.56517,-0.12721,-0.70064,8,0x00000000,1,-0.40725,-0.39917,-0.01167,4.14967,4.18956,8,0x00000000,1,-0.39084,-0.37615,-0.02084,4.41417,4.20985,8,0x00000000,1,-0.47782,-0.44765,0.00390,-0.35209,-0.61757,8,0x00000000,1
58.8602,-0.00627,-0.10471,-39.01028,-1.00627,-0.10471,-0.99150,0.05279,-0.07444,0.86410,0.91706,0.81131,0.91706,0.81131,1.00000,0.00000,0,0.00038,-0.46964,-0.44189,-0.04335,2.61889,2.47084,8,0x00000000,1,-0.35082,-0.35636,0.00973,-0.71135,-0.62056,8,0x00000000,1,-0.35939,-0.37142,0.16117,-0.47695,-0.49885,8,0x00000000,1,-0.39642,-0.39910,-0.00432,3.29334,3.36951,8,0x00000000,1,-0.38229,-0.37621,0.00282,3.66825,3.58554,8,0x00000000,1,-0.49487,-0.44913,-0.03239,1.14085,0.94875,8,0x00000000,1
58.9556,-0.05191,-0.24332,-38.90961,-1.05191,-0.24332,-1.03353,-0.13402,-0.04711,0.86554,0.98642,0.99957,0.98642,0.99957,1.00000,0.00000,0,0.00030,-0.47887,-0.44488,-0.02011,3.26157,3.35908,8,0x00000000,1,-0.34829,-0.35611,0.00565,-0.82518,-0.76453,8,0x00000000,1,-0.35565,-0.35552,0.00653,-0.05193,0.20673,8,0x00000000,1,-0.38997,-0.39894,0.00835,2.90442,2.95717,8,0x00000000,1,-0.37695,-0.37622,-0.00251,3.36752,3.40973,8,0x00000000,1,-0.50378,-0.45513,-0.04520,1.66970,1.59216,8,0x00000000,1
59.0512,-0.05023,-0.23978,-38.91339,-1.05023,-0.23978,-1.04825,-0.21834,-0.01894,0.87064,1.02931,1.08897,1.02931,1.08897,1.00000,0.00000,0,0.00026,-0.48345,-0.44679,-0.01059,3.77233,3.82495,8,0x00000000,1,-0.34663,-0.35525,0.01128,-0.94391,-0.92128,8,0x00000000,1,-0.35342,-0.35487,0.00188,-0.13973,-0.09412,8,0x00000000,1,-0.38710,-0.39882,0.00020,2.63715,2.66025,8,0x00000000,1,-0.37467,-0.37621,-0.00201,3.25172,3.36943,8,0x00000000,1,-0.50828,-0.45747,-0.01709,2.38211,2.44662,8,0x00000000,1
59.1489,-0.04435,-0.25155,-38.89669,-1.04435,-0.25155,-1.04889,-0.24134,0.00939,0.87692,1.05829,1.11826,1.05829,1.11826,1.00000,0.00000,0,0.00037,-0.48525,-0.44822,-0.00314,4.25617,4.03686,8,0x00000000,1,-0.34540,-0.35398,0.02058,-0.97695,-1.06106,8,0x00000000,1,-0.35202,-0.35455,0.00188,-0.21639,-0.22059,8,0x00000000,1,-0.38645,-0.39875,0.00325,2.50565,2.55804,8,0x00000000,1,-0.37432,-0.37619,0.00254,3.27266,3.46218,8,0x00000000,1,-0.51015,-0.45913,-0.01530,2.92440,2.92195,8,0x00000000,1
59.2448,-0.03868,-0.26855,-38.92466,-1.03868,-0.26855,-1.04146,-0.25791,0.03760,0.88367,1.07906,1.14158,1.07906,1.14158,1.00000,0.00000,0,0.00046,-0.48663,-0.44968,-0.01925,4.59355,4.72802,8,0x00000000,1,-0.34453,-0.35147,0.03889,-0.91674,-0.96010,8,0x00000000,1,-0.35100,-0.35429,0.00740,-0.29660,-0.29960,8,0x00000000,1,-0.38588,-0.39866,0.00319,2.30812,2.33170,8,0x00000000,1,-0.37398,-0.37621,-0.00672,3.22952,3.27270,8,0x00000000,1,-0.51157,-0.46153,-0.02051,3.43001,3.28681,8,0x00000000,1
59.3411,-0.03379,-0.30725,-38.95126,-1.03379,-0.30725,-1.03678,-0.27961,0.06566,0.89089,1.10244,1.17049,1.10244,1.17049,1.00000,0.00000,0,0.00027,-0.48831,-0.45196,-0.03455,4.87920,5.08230,8,0x00000000,1,-0.34355,-0.33850,0.30968,0.65137,0.15380,8,0x00000000,1,-0.34985,-0.35380,0.00816,-0.33897,-0.41727,8,0x00000000,1,-0.38514,-0.39855,0.00376,2.15961,2.23816,8,0x00000000,1,-0.37349,-0.37620,0.00126,3.18034,3.19945,8,0x00000000,1,-0.51327,-0.46414,-0.03149,3.85669,3.78893,8,0x00000000,1
59.4390,0.00106,-0.42171,-39.06335,-0.99894,-0.42171,-1.01407,-0.37605,0.09341,0.89980,1.10748,1.27585,1.10748,1.27585,1.00000,0.00000,0,0.00121,-0.49280,-0.45676,-0.05824,5.32709,5.23840,8,0x00000000,1,-0.34368,-0.33146,0.00382,0.33613,0.38043,8,0x00000000,1,-0.34930,-0.35341,-0.00046,-0.43863,-0.44243,8,0x00000000,1,-0.38087,-0.39826,0.00215,1.66706,1.78861,8,0x00000000,1,-0.36962,-0.37619,-0.00352,2.84139,2.85661,8,0x00000000,1,-0.51737,-0.46674,-0.02717,4.58836,4.75912,8,0x00000000,1
59.5376,0.05197,-0.46913,-39.12162,-0.94803,-0.46913,-0.98634,-0.43299,0.12050,0.91079,1.10684,1.34378,1.10684,1.34378,1.00000,0.00000,0,0.00032,-0.49563,-0.46905,-0.21387,4.56054,4.60099,8,0x00000000,1,-0.34395,-0.33145,0.00594,0.49737,0.37959,8,0x00000000,1,-0.34912,-0.35293,0.00477,-0.46901,-0.51267,8,0x00000000,1,-0.37805,-0.39784,0.00406,1.31386,1.36765,8,0x00000000,1,-0.36702,-0.37615,0.00010,2.57437,2.53837,8,0x00000000,1,-0.51992,-0.47145,-0.09772,4.88828,4.88251,8,0x00000000,1
59.6333,0.13162,-0.54354,-39.15342,-0.86838,-0.54354,-0.91239,-0.50598,0.14609,0.92349,1.05847,1.42946,1.05847,1.42946,1.00000,0.00000,0,0.00030,-0.49824,-0.47891,-0.04993,4.83801,4.84468,8,0x00000000,1,-0.34648,-0.33161,-0.00886,0.84369,0.81948,8,0x00000000,1,-0.35105,-0.35290,0.00190,-0.31231,-0.24005,8,0x00000000,1,-0.37357,-0.39716,0.00845,0.76330,0.69528,8,0x00000000,1,-0.36250,-0.37592,0.00887,2.13075,2.14662,8,0x00000000,1,-0.52187,-0.48251,-0.09931,4.76322,4.72882,8,0x00000000,1
59.7302,0.20038,-0.57776,-39.10719,-0.79962,-0.57776,-0.83704,-0.55514,0.16961,0.93789,1.00665,1.49303,1.00665,1.49303,1.00000,0.00000,0,0.00165,-0.49986,-0.48182,-0.01950,5.01544,5.00780,8,0x00000000,1,-0.34910,-0.33190,-0.00115,1.14145,1.12433,8,0x00000000,1,-0.35320,-0.35290,0.00390,-0.19488,-0.14736,8,0x00000000,1,-0.36993,-0.39624,0.01915,0.31010,0.58692,8,0x00000000,1,-0.35873,-0.37567,0.00295,1.74706,1.64458,8,0x00000000,1,-0.52290,-0.49133,-0.07603,4.66919,4.45534,8,0x00000000,1
59.8269,0.25541,-0.60581,-39.08383,-0.74459,-0.60581,-0.77541,-0.58994,0.19132,0.95341,0.96673,1.54335,0.96673,1.54335,1.00000,0.00000,0,0.00071,-0.50117,-0.48422,-0.02516,5.17160,5.13756,8,0x00000000,1,-0.35112,-0.33249,-0.01166,1.46431,1.53686,8,0x00000000,1,-0.35485,-0.35294,-0.00326,-0.08369,-0.24920,8,0x00000000,1,-0.36708,-0.39480,0.02052,-0.00723,0.11359,8,0x00000000,1,-0.35578,-0.37535,0.01363,1.43922,1.43461,8,0x00000000,1,-0.52375,-0.49867,-0.05897,4.62298,4.71516,8,0x00000000,1
59.9218,0.30504,-0.63512,-39.06599,-0.69496,-0.63512,-0.72108,-0.61839,0.21142,0.96974,0.93250,1.58813,0.93250,1.58813,1.00000,0.00000,0,0.00035,-0.50236,-0.48683,-0.05869,5.15253,5.04576,8,0x00000000,1,-0.35286,-0.33343,-0.02301,1.70183,1.76696,8,0x00000000,1,-0.35626,-0.35296,-0.00481,0.05643,0.06774,8,0x00000000,1,-0.36456,-0.39283,0.02050,-0.39876,-0.29983,8,0x00000000,1,-0.35318,-0.37485,0.00459,1.04696,0.97517,8,0x00000000,1,-0.52453,-0.50240,-0.02044,4.77843,4.85768,8,0x00000000,1
60.0167,0.35744,-0.67019,-39.09402,-0.64256,-0.67019,-0.67529,-0.64843,0.23028,0.98685,0.90556,1.63527,0.90556,1.63527,1.00000,0.00000,0,0.00025,-0.50379,-0.49730,-0.16167,4.35484,4.28219,8,0x00000000,1,-0.35427,-0.33465,-0.01395,1.91916,1.72550,8,0x00000000,1,-0.35733,-0.35297,0.00062,0.14174,0.13234,8,0x00000000,1,-0.36209,-0.39120,0.02964,-0.68460,-0.64733,8,0x00000000,1,-0.35069,-0.37425,0.00775,0.63180,0.73678,8,0x00000000,1,-0.52560,-0.50451,-0.02540,4.97248,5.02479,8,0x00000000,1
60.1143,0.43107,-0.73094,-39.15546,-0.56893,-0.73094,-0.60659,-0.70276,0.24752,1.00512,0.85411,1.70788,0.85411,1.70788,1.00000,0.00000,0,0.00039,-0.50579,-0.50602,-0.05058,4.31372,4.52258,8,0x00000000,1,-0.35690,-0.33810,-0.03380,2.08887,2.24021,8,0x00000000,1,-0.35943,-0.35309,-0.00468,0.31768,0.36033,8,0x00000000,1,-0.35810,-0.38672,0.07854,-0.87787,-0.86047,8,0x00000000,1,-0.34658,-0.37307,0.02491,0.23662,0.33372,8,0x00000000,1,-0.52698,-0.50791,-0.05340,4.99720,5.03957,8,0x00000000,1
60.2118,0.56758,-0.75267,-39.18755,-0.43242,-0.75267,-0.51814,-0.73981,0.26284,1.02469,0.78098,1.76450,0.78098,1.76450,1.00000,0.00000,0,0.00027,-0.50670,-0.50947,-0.03029,4.14353,3.94921,8,0x00000000,1,-0.36049,-0.34039,-0.02146,2.38000,2.30780,8,0x00000000,1,-0.36256,-0.35323,-0.00899,0.58659,0.52590,8,0x00000000,1,-0.35434,-0.36798,0.22267,0.29013,0.10657,8,0x00000000,1,-0.34252,-0.37054,0.04014,-0.14360,-0.00894,8,0x00000000,1,-0.52720,-0.52068,-0.23287,3.80458,3.97371,8,0x00000000,1
60.3111,0.73068,-0.76984,-39.15609,-0.26932,-0.76984,-0.34308,-0.75620,0.27428,1.04489,0.61736,1.80110,0.61736,1.80110,1.00000,0.00000,0,0.00145,-0.50495,-0.51035,-0.00070,3.96859,3.96002,8,0x00000000,1,-0.36819,-0.34488,-0.07638,2.82057,2.86336,8,0x00000000,1,-0.36983,-0.35399,-0.01526,1.27938,1.32348,8,0x00000000,1,-0.34966,-0.36233,0.00999,-0.44884,-0.35121,8,0x00000000,1,-0.33687,-0.36822,0.03379,-0.79482,-0.63258,8,0x00000000,1,-0.52429,-0.53235,-0.00370,3.37467,3.30031,8,0x00000000,1
60.4094,0.74458,-0.75233,-39.15947,-0.25542,-0.75233,-0.27819,-0.76134,0.28245,1.06552,0.56064,1.82686,0.56064,1.82686,1.00000,0.00000,0,0.00027,-0.50489,-0.51056,-0.00080,3.88431,3.83928,8,0x00000000,1,-0.37091,-0.35474,-0.05851,2.50738,2.64771,8,0x00000000,1,-0.37232,-0.35433,0.00106,1.54232,1.58532,8,0x00000000,1,-0.34749,-0.36093,0.00012,-0.63479,-0.74427,8,0x00000000,1,-0.33441,-0.36632,0.00433,-1.22483,-1.24682,8,0x00000000,1,-0.52377,-0.53269,-0.00176,3.26405,3.35234,8,0x00000000,1
60.5099,0.75727,-0.73697,-39.13868,-0.24273,-0.73697,-0.25222,-0.74389,0.28954,1.08583,0.54176,1.82971,0.54176,1.82971,1.00000,0.00000,0,0.00040,-0.50463,-0.51062,0.00616,3.77826,3.73813,8,0x00000000,1,-0.37179,-0.35728,-0.01205,2.67103,2.44658,8,0x00000000,1,-0.37316,-0.35462,-0.01145,1.73041,1.48108,8,0x00000000,1,-0.34701,-0.36023,0.00674,-0.73694,-0.73477,8,0x00000000,1,-0.33381,-0.36508,0.01872,-1.49615,-1.43941,8,0x00000000,1,-0.52338,-0.53275,0.00052,3.16549,3.20928,8,0x00000000,1
60.6043,0.76748,-0.72530,-39.13482,-0.23252,-0.72530,-0.23942,-0.73292,0.29616,1.10576,0.53558,1.83868,0.53558,1.83868,1.00000,0.00000,0,0.00083,-0.50488,-0.51066,0.00003,3.72874,3.75689,8,0x00000000,1,-0.37211,-0.35831,-0.00819,2.80329,2.68363,8,0x00000000,1,-0.37341,-0.35487,-0.00512,1.93430,1.70146,8,0x00000000,1,-0.34652,-0.35950,0.00603,-0.86224,-0.92145,8,0x00000000,1,-0.33331,-0.36399,0.01464,-1.80159,-1.89465,8,0x00000000,1,-0.52356,-0.53279,-0.00412,3.08301,3.12918,8,0x00000000,1
60.7071,0.78498,-0.71497,-39.12425,-0.21502,-0.71497,-0.22508,-0.72001,0.30243,1.12536,0.52751,1.84537,0.52751,1.84537,1.00000,0.00000,0,0.00042,-0.50500,-0.51065,0.00483,3.68858,3.72479,8,0x00000000,1,-0.37251,-0.35917,-0.00591,2.92699,2.87672,8,0x00000000,1,-0.37375,-0.35519,0.00146,2.19896,2.26269,8,0x00000000,1,-0.34609,-0.35864,0.01111,-0.96654,-0.96012,8,0x00000000,1,-0.33284,-0.36178,0.03254,-2.01842,-2.04661,8,0x00000000,1,-0.52360,-0.53277,0.00553,2.97114,3.01763,8,0x00000000,1
60.8039,0.82641,-0.69169,-39.09239,-0.17359,-0.69169,-0.19911,-0.70586,0.30820,1.14463,0.50731,1.85049,0.50731,1.85049,1.00000,0.00000,0,0.00028,-0.50481,-0.51068,-0.00082,3.58121,3.44900,8,0x00000000,1,-0.37346,-0.35995,-0.01211,3.08400,3.04846,8,0x00000000,1,-0.37465,-0.35559,-0.00230,2.44147,2.49702,8,0x00000000,1,-0.34549,-0.35763,0.01799,-1.08660,-1.08276,8,0x00000000,1,-0.33212,-0.35324,0.16294,-1.37946,-1.46004,8,0x00000000,1,-0.52326,-0.53279,-0.00357,2.81003,2.80495,8,0x00000000,1
60.9006,0.94367,-0.66859,-38.95554,-0.05633,-0.66859,-0.10592,-0.67185,0.31244,1.16317,0.41835,1.83502,0.41835,1.83502,1.00000,0.00000,0,0.00025,-0.50238,-0.51067,-0.00166,3.32098,3.19009,8,0x00000000,1,-0.37753,-0.36140,-0.02116,3.45537,3.39808,8,0x00000000,1,-0.37872,-0.35626,-0.01682,2.92854,2.90099,8,0x00000000,1,-0.34440,-0.35679,0.00428,-1.27486,-1.35793,8,0x00000000,1,-0.33039,-0.33611,0.03984,-0.84510,-0.91349,8,0x00000000,1,-0.52036,-0.53276,0.00459,2.45046,2.46906,8,0x00000000,1
61.0010,0.95306,-0.62961,-38.96775,-0.04694,-0.62961,-0.05958,-0.63857,0.31448,1.18081,0.37406,1.81938,0.37406,1.81938,1.00000,0.00000,0,0.00030,-0.50084,-0.51065,0.00421,3.15570,3.03232,8,0x00000000,1,-0.37952,-0.36287,-0.01094,3.70892,3.79939,8,0x00000000,1,-0.38077,-0.35743,-0.00689,3.23980,3.29841,8,0x00000000,1,-0.34418,-0.35566,0.00445,-1.34763,-1.35627,8,0x00000000,1,-0.32983,-0.33475,0.00946,-0.93831,-1.02452,8,0x00000000,1,-0.51861,-0.53278,-0.01129,2.16858,2.11670,8,0x00000000,1
61.0981,0.97240,-0.61363,-38.96175,-0.02760,-0.61363,-0.03814,-0.62027,0.31572,1.19779,0.35386,1.81806,0.35386,1.81806,1.00000,0.00000,0,0.00029,-0.50038,-0.51065,-0.00169,3.00880,3.01954,8,0x00000000,1,-0.38045,-0.36373,-0.00767,3.87208,3.84291,8,0x00000000,1,-0.38169,-0.35859,-0.00104,3.48999,3.41737,8,0x00000000,1,-0.34384,-0.35489,0.01013,-1.41991,-1.35530,8,0x00000000,1,-0.32936,-0.33395,0.00396,-1.01460,-1.11360,8,0x00000000,1,-0.51803,-0.53274,0.00187,2.01452,2.07355,8,0x00000000,1
61.1965,0.98586,-0.58651,-38.96760,-0.01414,-0.58651,-0.02113,-0.60206,0.31649,1.21428,0.33762,1.81633,0.33762,1.81633,1.00000,0.00000,0,0.00037,-0.49998,-0.51061,0.00240,2.90764,2.88195,8,0x00000000,1,-0.38119,-0.36461,0.00409,4.09173,3.98920,8,0x00000000,1,-0.38243,-0.36078,-0.02551,3.60374,3.70707,8,0x00000000,1,-0.34360,-0.35404,0.01090,-1.53346,-1.47662,8,0x00000000,1,-0.32900,-0.33330,0.01528,-1.02643,-1.07577,8,0x00000000,1,-0.51754,-0.53271,0.00190,1.81753,1.67031,8,0x00000000,1
61.2945,1.00262,-0.55601,-38.98824,0.00262,-0.55601,-0.00635,-0.57646,0.31653,1.23020,0.32288,1.80666,0.32288,1.80666,1.00000,0.00000,16,0.00033,-0.49928,-0.51061,-0.00039,2.73352,2.52271,8,0x00000000,1,-0.38184,-0.36595,-0.01999,4.19016,4.19070,8,0x00000000,1,-0.38313,-0.36661,-0.09479,3.29791,3.27256,8,0x00000000,1,-0.34371,-0.35267,0.01463,-1.53411,-1.58283,8,0x00000000,1,-0.32899,-0.33278,0.00527,-1.06138,-1.05416,8,0x00000000,1,-0.51679,-0.53267,-0.00200,1.59799,1.49830,8,0x00000000,1
61.3896,1.02948,-0.49920,-39.03017,0.02948,-0.49920,0.01581,-0.52709,0.31653,1.24508,0.30071,1.77217,0.30071,1.77217,1.00000,0.00000,16,0.00060,-0.49740,-0.51055,-0.00477,2.39360,2.38219,8,0x00000000,1,-0.38274,-0.36798,-0.02512,4.25419,4.18463,8,0x00000000,1,-0.38425,-0.37266,-0.06089,3.21784,3.21329,8,0x00000000,1,-0.34470,-0.35157,0.01262,-1.46940,-1.48206,8,0x00000000,1,-0.32972,-0.33244,0.01369,-0.99299,-1.00575,8,0x00000000,1,-0.51491,-0.53257,0.00920,1.27408,1.23933,8,0x00000000,1
61.4855,1.03774,-0.42283,-39.02841,0.03774,-0.42283,0.03012,-0.46966,0.31600,1.25853,0.28588,1.72819,0.28588,1.72819,1.00000,0.00000,0,0.00038,-0.49526,-0.51044,0.00831,2.16998,2.21675,8,0x00000000,1,-0.38326,-0.37691,-0.20349,3.31198,3.60448,8,0x00000000,1,-0.38506,-0.37765,-0.06080,3.05524,3.06216,8,0x00000000,1,-0.34622,-0.35087,0.00202,-1.40732,-1.48556,8,0x00000000,1,-0.33101,-0.33240,-0.00294,-0.96040,-0.97322,8,0x00000000,1,-0.51287,-0.53246,0.00438,0.90496,0.74116,8,0x00000000,1
61.5841,1.04401,-0.30401,-38.96408,0.04401,-0.30401,0.04018,-0.36892,0.31502,1.26987,0.27484,1.63879,0.27484,1.63879,1.00000,0.00000,0,0.00029,-0.49131,-0.51026,0.00891,1.70791,1.72656,8,0x00000000,1,-0.38344,-0.39154,-0.06623,2.70599,2.66073,8,0x00000000,1,-0.38586,-0.38185,-0.03392,2.95306,2.95309,8,0x00000000,1,-0.34970,-0.35081,-0.00289,-1.22447,-1.35992,8,0x00000000,1,-0.33412,-0.33242,-0.00847,-0.72301,-0.73644,8,0x00000000,1,-0.50921,-0.53217,0.01072,0.42637,0.49624,8,0x00000000,1
61.6846,1.05224,-0.21787,-38.97490,1.05224,-0.21787,0.63655,-0.27382,0.36075,1.27839,-0.27580,1.55221,-0.27580,1.55221,0.00000,0.00000,0,0.00041,-0.47664,-0.50953,0.00970,0.49435,0.62188,8,0x00000000,1,-0.40859,-0.39804,-0.15150,4.24511,4.18174,8,0x00000000,1,-0.41111,-0.39151,-0.23332,4.07333,4.14469,8,0x00000000,1,-0.34254,-0.35007,0.05726,-1.58607,-1.59044,8,0x00000000,1,-0.32313,-0.33139,0.10358,-1.40292,-1.28558,8,0x00000000,1,-0.49158,-0.53013,0.08905,-1.04624,-0.59088,8,0x00000000,1
61.7820,1.17576,0.14452,-39.07968,1.17576,0.14452,1.03194,-0.04417,0.33706,1.28299,-0.69488,1.32716,-0.69488,1.32716,0.00000,0.00000,0,0.00029,-0.45885,-0.50709,0.04821,-1.06894,-0.89546,8,0x00000000,1,-0.42709,-0.41591,-0.16318,4.14111,4.41134,8,0x00000000,1,-0.43095,-0.42282,-0.45559,2.55845,2.71007,8,0x00000000,1,-0.34362,-0.33486,0.39680,0.45552,-0.31927,8,0x00000000,1,-0.32085,-0.32531,0.01947,-1.31969,-1.25080,8,0x00000000,1,-0.47219,-0.52011,0.19085,-1.63895,-1.63657,8,0x00000000,1
61.8793,1.15079,0.43455,-39.24190,1.15079,0.43455,1.19385,0.27387,0.30614,1.27930,-0.88771,1.00542,-0.88771,1.00542,0.00000,0.00000,0,0.00032,-0.44160,-0.49074,0.39797,-0.77846,-0.92226,8,0x00000000,1,-0.43471,-0.42759,-0.07154,4.06083,3.99184,8,0x00000000,1,-0.44091,-0.42918,-0.00543,4.11309,4.18739,8,0x00000000,1,-0.35310,-0.32906,-0.01043,0.67515,0.49392,8,0x00000000,1,-0.32812,-0.32496,0.00771,-0.67066,-0.70003,8,0x00000000,1,-0.45503,-0.48839,0.00759,-1.72628,-1.54913,8,0x00000000,1
61.9766,1.02346,0.56961,-39.22720,1.02346,0.56961,1.08715,0.46693,0.27530,1.26916,-0.81184,0.80223,-0.81184,0.80223,0.00000,0.00000,0,0.00034,-0.43469,-0.47278,0.04764,-1.28724,-1.37933,8,0x00000000,1,-0.43039,-0.43139,-0.00700,3.42390,3.54781,8,0x00000000,1,-0.43820,-0.42938,0.00354,3.74233,3.73890,8,0x00000000,1,-0.36298,-0.33019,-0.01489,1.63209,1.44968,8,0x00000000,1,-0.33780,-0.32504,-0.00706,0.19173,0.03522,8,0x00000000,1,-0.44933,-0.46770,0.12518,-0.47993,-0.36385,8,0x00000000,1
62.0716,0.95474,0.60310,-39.26863,0.95474,0.60310,0.99072,0.56007,0.24744,1.25498,-0.74328,0.69491,-0.74328,0.69491,0.00000,0.00000,0,0.00043,-0.43162,-0.46756,0.08174,-1.31638,-1.32224,8,0x00000000,1,-0.42680,-0.43166,0.00601,3.18784,3.13859,8,0x00000000,1,-0.43546,-0.42940,-0.00309,3.60456,3.59524,8,0x00000000,1,-0.36876,-0.33232,-0.02007,2.16363,2.10860,8,0x00000000,1,-0.34365,-0.32578,-0.02775,0.52345,0.40825,8,0x00000000,1,-0.44705,-0.46647,0.00133,-1.02609,-0.99861,8,0x00000000,1
62.1665,0.83447,0.70547,-39.14595,0.83447,0.70547,0.90072,0.63604,0.22180,1.23887,-0.67892,0.60283,-0.67892,0.60283,0.00000,0.00000,0,0.00033,-0.42909,-0.44663,-0.00703,-0.63172,-0.46460,8,0x00000000,1,-0.42347,-0.43172,0.00290,2.93635,2.94823,8,0x00000000,1,-0.43285,-0.42938,0.00217,3.56860,3.43779,8,0x00000000,1,-0.37383,-0.33433,-0.04137,2.63177,2.68515,8,0x00000000,1,-0.34881,-0.32707,-0.01998,0.92539,0.83955,8,0x00000000,1,-0.44525,-0.46513,0.01569,-1.19701,-1.20733,8,0x00000000,1
62.2634,0.80563,0.71074,-39.13765,0.80563,0.71074,0.83072,0.69787,0.19863,1.22050,-0.63209,0.52263,-0.63209,0.52263,0.00000,0.00000,0,0.00101,-0.42670,-0.44496,0.01335,-0.88581,-0.91221,8,0x00000000,1,-0.42100,-0.43171,0.00133,2.64025,2.51994,8,0x00000000,1,-0.43101,-0.42939,-0.00177,3.45117,3.51089,8,0x00000000,1,-0.37807,-0.34012,-0.09970,2.83358,2.84296,8,0x00000000,1,-0.35307,-0.32938,-0.00861,1.37648,1.36567,8,0x00000000,1,-0.44344,-0.46344,0.01567,-1.46377,-1.38941,8,0x00000000,1
62.3600,0.77554,0.71652,-39.11590,0.77554,0.71652,0.79919,0.71667,0.17664,1.20129,-0.62255,0.48461,-0.62255,0.48461,0.00000,0.00000,0,0.00029,-0.42532,-0.44339,0.00986,-1.04776,-1.06841,8,0x00000000,1,-0.42041,-0.43171,-0.00018,2.52590,2.58908,8,0x00000000,1,-0.43071,-0.42939,0.00157,3.49104,3.45242,8,0x00000000,1,-0.37983,-0.34888,-0.06942,2.81861,2.82436,8,0x00000000,1,-0.35476,-0.33047,-0.01221,1.65742,1.68597,8,0x00000000,1,-0.44225,-0.46176,0.01170,-1.69255,-1.74392,8,0x00000000,1
62.4574,0.74298,0.71141,-39.08937,0.74298,0.71141,0.76375,0.71508,0.15557,1.18194,-0.60818,0.46686,-0.60818,0.46686,0.00000,0.00000,0,0.00028,-0.42487,-0.44243,-0.00178,-1.21046,-1.16325,8,0x00000000,1,-0.41968,-0.43171,-0.00279,2.32527,2.27824,8,0x00000000,1,-0.43011,-0.42937,0.00526,3.45214,3.31561,8,0x00000000,1,-0.38085,-0.35386,-0.05370,2.90302,2.90361,8,0x00000000,1,-0.35581,-0.33165,-0.00806,1.91822,1.96897,8,0x00000000,1,-0.44195,-0.46080,-0.00370,-1.87821,-1.96430,8,0x00000000,1
62.5541,0.71190,0.69701,-39.06762,0.71190,0.69701,0.73028,0.70228,0.13543,1.16281,-0.59485,0.46054,-0.59485,0.46054,0.00000,0.00000,0,0.00035,-0.42488,-0.44178,-0.00968,-1.37943,-1.16313,8,0x00000000,1,-0.41904,-0.43166,0.00555,2.15458,1.98721,8,0x00000000,1,-0.42953,-0.42937,0.00420,3.41258,3.35361,8,0x00000000,1,-0.38138,-0.35777,-0.02203,3.05585,3.09883,8,0x00000000,1,-0.35639,-0.33272,-0.00750,2.12024,2.10648,8,0x00000000,1,-0.44206,-0.46004,0.00617,-2.01795,-2.07033,8,0x00000000,1
62.6520,0.69680,0.69945,-39.06533,0.69680,0.69945,0.70555,0.69974,0.11610,1.14390,-0.58945,0.44416,-0.58945,0.44416,0.00000,0.00000,0,0.00035,-0.42431,-0.44081,0.00188,-1.56255,-1.56476,8,0x00000000,1,-0.41873,-0.43158,-0.00028,1.98133,2.01892,8,0x00000000,1,-0.42934,-0.42940,-0.00785,3.37808,3.34908,8,0x00000000,1,-0.38216,-0.35950,-0.01531,3.32204,3.50784,8,0x00000000,1,-0.35715,-0.33440,-0.02108,2.31116,2.26028,8,0x00000000,1,-0.44158,-0.45946,0.00848,-2.17359,-2.13723,8,0x00000000,1
62.7453,0.67790,0.70224,-39.04814,0.67790,0.70224,0.68741,0.70125,0.09731,1.12498,-0.59010,0.42373,-0.59010,0.42373,0.00000,0.00000,0,0.00035,-0.42345,-0.43937,0.01135,-1.67777,-1.64774,8,0x00000000,1,-0.41867,-0.43150,0.00193,1.83820,1.79709,8,0x00000000,1,-0.42944,-0.42940,-0.00547,3.40631,3.58600,8,0x00000000,1,-0.38299,-0.36074,-0.01800,3.51215,3.45467,8,0x00000000,1,-0.35791,-0.33596,-0.00958,2.54473,2.66048,8,0x00000000,1,-0.44079,-0.45885,-0.00396,-2.45964,-2.43790,8,0x00000000,1
62.8406,0.65149,0.70248,-39.04978,0.65149,0.70248,0.66512,0.70214,0.07905,1.10603,-0.58607,0.40389,-0.58607,0.40389,0.00000,0.00000,0,0.00039,-0.42271,-0.43798,0.02024,-1.78308,-1.79857,8,0x00000000,1,-0.41841,-0.43137,0.00075,1.66859,1.66683,8,0x00000000,1,-0.42933,-0.42940,-0.00622,3.39438,3.36527,8,0x00000000,1,-0.38389,-0.36208,-0.01867,3.74972,3.69615,8,0x00000000,1,-0.35877,-0.33729,-0.00415,2.74313,2.82713,8,0x00000000,1,-0.44015,-0.45814,0.01769,-2.62317,-2.68386,8,0x00000000,1
62.9374,0.61959,0.70360,-39.01359,0.61959,0.70360,0.63982,0.70142,0.06145,1.08710,-0.57837,0.38567,-0.57837,0.38567,0.00000,0.00000,0,0.00033,-0.42210,-0.43430,0.07849,-1.57085,-1.50486,8,0x00000000,1,-0.41799,-0.43126,-0.00783,1.51442,1.54488,8,0x00000000,1,-0.42904,-0.42939,-0.00028,3.39970,3.38559,8,0x00000000,1,-0.38480,-0.36329,-0.01321,3.97476,3.89617,8,0x00000000,1,-0.35966,-0.33836,-0.00351,2.92996,2.88023,8,0x00000000,1,-0.43966,-0.45735,0.01061,-2.80851,-2.78082,8,0x00000000,1
63.0343,0.55246,0.75478,-38.95762,0.55246,0.75478,0.58677,0.73030,0.04484,1.06786,-0.54192,0.33755,-0.54192,0.33755,0.00000,0.00000,0,0.00035,-0.42084,-0.42283,0.05689,-1.00530,-1.16346,8,0x00000000,1,-0.41612,-0.43090,0.00964,1.27993,1.36657,8,0x00000000,1,-0.42755,-0.42939,-0.00665,3.25175,3.40651,8,0x00000000,1,-0.38751,-0.36496,-0.03273,4.29221,4.37781,8,0x00000000,1,-0.36243,-0.33939,-0.00835,3.35990,3.32932,8,0x00000000,1,-0.43879,-0.45635,0.00453,-3.01680,-3.10353,8,0x00000000,1
63.1286,0.49929,0.76559,-38.93272,0.49929,0.76559,0.53188,0.75141,0.02977,1.04781,-0.50211,0.29640,-0.50211,0.29640,0.00000,0.00000,0,0.00032,-0.41993,-0.41510,0.03822,-0.63566,-0.54051,8,0x00000000,1,-0.41413,-0.43015,0.00909,1.02500,1.03518,8,0x00000000,1,-0.42588,-0.42938,-0.00515,3.14296,3.16871,8,0x00000000,1,-0.39000,-0.36699,-0.02263,4.59850,4.56337,8,0x00000000,1,-0.36502,-0.34124,-0.00065,3.69660,3.60681,8,0x00000000,1,-0.43827,-0.45459,0.01495,-3.08876,-3.12618,8,0x00000000,1
63.2298,0.43018,0.78487,-38.92999,0.43018,0.78487,0.47469,0.77327,0.01620,1.02717,-0.45849,0.25390,-0.45849,0.25390,0.00000,0.00000,0,0.00194,-0.41905,-0.41337,-0.00081,-0.59565,-0.65774,8,0x00000000,1,-0.41196,-0.42917,0.00840,0.74434,0.78093,8,0x00000000,1,-0.42403,-0.42938,-0.01470,2.93730,2.91405,8,0x00000000,1,-0.39262,-0.37015,-0.04432,4.77092,4.87525,8,0x00000000,1,-0.36776,-0.34369,-0.04414,3.89662,3.89683,8,0x00000000,1,-0.43780,-0.44867,0.11908,-2.60456,-2.67076,8,0x00000000,1
63.3282,0.29831,0.80110,-39.00371,0.29831,0.80110,0.37535,0.79040,0.00467,1.00604,-0.37069,0.21564,-0.37069,0.21564,0.00000,0.00000,0,0.00041,-0.41922,-0.41333,-0.00588,-0.52152,-0.52870,8,0x00000000,1,-0.40778,-0.42788,0.02184,0.38006,0.47303,8,0x00000000,1,-0.42015,-0.42930,0.00106,2.63230,2.51176,8,0x00000000,1,-0.39593,-0.37681,-0.08351,4.74654,4.76779,8,0x00000000,1,-0.37148,-0.35562,-0.20208,3.11260,3.13685,8,0x00000000,1,-0.43865,-0.43076,0.36835,-0.64690,-0.77735,8,0x00000000,1
63.4284,0.00623,0.79154,-39.17286,0.00623,0.79154,0.12668,0.79265,-0.00201,0.98455,-0.12869,0.19191,-0.12869,0.19191,0.00000,0.00000,0,0.00037,-0.42306,-0.41332,0.00224,-0.06644,-0.07125,8,0x00000000,1,-0.39658,-0.42330,0.07809,-0.24813,-0.23413,8,0x00000000,1,-0.40915,-0.42879,0.00276,1.70093,1.76495,8,0x00000000,1,-0.40167,-0.39087,-0.09046,4.27399,4.41151,8,0x00000000,1,-0.37864,-0.36984,-0.03319,3.32311,3.46825,8,0x00000000,1,-0.44407,-0.42125,0.00236,-0.49145,-0.62430,8,0x00000000,1
63.5303,-0.06407,0.74145,-39.12530,-0.06407,0.74145,-0.01001,0.75890,-0.00323,0.96358,0.00678,0.20468,0.00678,0.20468,0.00000,0.00000,16,0.00303,-0.42630,-0.41338,-0.01420,0.24389,0.32145,8,0x00000000,1,-0.39041,-0.41153,0.01162,-0.33890,-0.17309,8,0x00000000,1,-0.40291,-0.42830,-0.00183,1.04372,1.18491,8,0x00000000,1,-0.40380,-0.39657,-0.03543,4.32306,4.22955,8,0x00000000,1,-0.38166,-0.37145,0.00685,3.58101,3.45252,8,0x00000000,1,-0.44810,-0.42137,0.00429,0.08014,0.03982,8,0x00000000,1
63.6245,-0.08668,0.69865,-39.13824,-0.08668,0.69865,-0.06346,0.72202,-0.00211,0.94359,0.06134,0.22156,0.06134,0.22156,0.00000,0.00000,0,0.00103,-0.42808,-0.41345,-0.00224,0.47484,0.33926,8,0x00000000,1,-0.38797,-0.40727,0.07923,-0.20059,-0.35383,8,0x00000000,1,-0.40036,-0.42794,0.00123,0.70228,0.68775,8,0x00000000,1,-0.40417,-0.39867,-0.02098,4.29189,4.16989,8,0x00000000,1,-0.38244,-0.37235,-0.00284,3.66310,3.79853,8,0x00000000,1,-0.45016,-0.42152,0.00218,0.42331,0.38017,8,0x00000000,1
63.7216,-0.09876,0.65212,-39.17717,-0.09876,0.65212,-0.08976,0.68162,0.00003,0.92462,0.08980,0.24300,0.08980,0.24300,0.00000,0.00000,0,0.00105,-0.42954,-0.41381,-0.00402,0.67680,0.76731,8,0x00000000,1,-0.38675,-0.39957,0.02272,-0.08494,-0.04243,8,0x00000000,1,-0.39898,-0.42754,0.00395,0.32611,0.39448,8,0x00000000,1,-0.40384,-0.39976,-0.00951,4.28548,4.15269,8,0x00000000,1,-0.38236,-0.37297,-0.01541,3.68402,3.63122,8,0x00000000,1,-0.45172,-0.42183,-0.01085,0.84676,0.87252,8,0x00000000,1
63.8179,-0.10864,0.63669,-39.18185,-0.10864,0.63669,-0.10104,0.64776,0.00261,0.90678,0.10365,0.25903,0.10365,0.25903,0.00000,0.00000,0,0.00041,-0.43048,-0.41430,0.00078,0.94744,0.78580,8,0x00000000,1,-0.38617,-0.39832,0.00077,-0.24600,-0.33442,8,0x00000000,1,-0.39829,-0.42700,0.00534,-0.00301,0.07780,8,0x00000000,1,-0.40345,-0.40026,-0.00569,4.22456,4.21035,8,0x00000000,1,-0.38211,-0.37337,-0.00775,3.72631,3.64884,8,0x00000000,1,-0.45269,-0.42255,0.00013,1.23489,1.09019,8,0x00000000,1
63.9128,-0.11119,0.62493,-39.20407,-0.11119,0.62493,-0.10858,0.63243,0.00545,0.88952,0.11402,0.25709,0.11402,0.25709,0.00000,0.00000,0,0.00081,-0.43061,-0.41471,0.00661,1.07965,1.15647,8,0x00000000,1,-0.38569,-0.39741,0.00725,-0.31898,-0.40116,8,0x00000000,1,-0.39783,-0.42651,-0.00330,-0.33484,-0.40573,8,0x00000000,1,-0.40373,-0.40077,-0.01398,4.29082,4.12838,8,0x00000000,1,-0.38245,-0.37377,-0.00341,3.85891,3.80583,8,0x00000000,1,-0.45288,-0.42360,-0.02147,1.44197,1.35730,8,0x00000000,1
64.0078,-0.11489,0.61645,-39.20641,-0.11489,0.61645,-0.11411,0.62207,0.00846,0.87260,0.12257,0.25052,0.12257,0.25052,0.00000,0.00000,0,0.00049,-0.43051,-0.41522,-0.00229,1.18626,1.31710,8,0x00000000,1,-0.38527,-0.39662,0.01341,-0.43059,-0.45184,8,0x00000000,1,-0.39746,-0.42598,0.00933,-0.63863,-0.57808,8,0x00000000,1,-0.40417,-0.40124,-0.01511,4.32356,4.37618,8,0x00000000,1,-0.38292,-0.37436,-0.00727,3.95716,3.78881,8,0x00000000,1,-0.45286,-0.42516,-0.02091,1.66539,1.73913,8,0x00000000,1
64.1034,-0.11924,0.60600,-39.20407,-0.11924,0.60600,-0.11590,0.61312,0.01156,0.85592,0.12746,0.24280,0.12746,0.24280,0.00000,0.00000,0,0.00054,-0.43028,-0.41583,-0.00219,1.35425,1.32631,8,0x00000000,1,-0.38502,-0.39574,0.01226,-0.51187,-0.47049,8,0x00000000,1,-0.39726,-0.42504,0.00770,-0.91995,-0.95765,8,0x00000000,1,-0.40459,-0.40172,-0.00622,4.36516,4.18193,8,0x00000000,1,-0.38334,-0.37484,-0.00462,4.05821,4.05237,8,0x00000000,1,-0.45270,-0.42689,-0.01673,1.88835,1.82483,8,0x00000000,1
64.2002,-0.12227,0.60226,-39.20294,-0.12227,0.60226,-0.12145,0.60561,0.01479,0.83949,0.13624,0.23387,0.13624,0.23387,0.00000,0.00000,0,0.00041,-0.43009,-0.41638,0.00681,1.47375,1.33699,8,0x00000000,1,-0.38458,-0.39492,0.00528,-0.61336,-0.56858,8,0x00000000,1,-0.39689,-0.42415,0.01570,-1.18231,-1.22528,8,0x00000000,1,-0.40513,-0.40235,-0.00597,4.34808,4.20457,8,0x00000000,1,-0.38391,-0.37538,-0.00339,4.13613,4.16878,8,0x00000000,1,-0.45259,-0.42825,-0.01502,2.06525,2.25203,8,0x00000000,1
64.2996,-0.12523,0.59085,-39.20362,-0.12523,0.59085,-0.12369,0.59626,0.01810,0.82326,0.14179,0.22701,0.14179,0.22701,0.00000,0.00000,0,0.00031,-0.42991,-0.41710,-0.01384,1.48310,1.56147,8,0x00000000,1,-0.38430,-0.39399,0.01302,-0.68006,-0.82587,8,0x00000000,1,-0.39666,-0.42335,0.00913,-1.48048,-1.53556,8,0x00000000,1,-0.40552,-0.40300,0.00399,4.39798,4.65094,8,0x00000000,1,-0.38431,-0.37598,0.00264,4.27812,4.23229,8,0x00000000,1,-0.45247,-0.42957,-0.00237,2.27110,2.27716,8,0x00000000,1
64.3953,-0.13046,0.58023,-39.20560,-0.13046,0.58023,-0.12788,0.58695,0.02149,0.80730,0.14937,0.22035,0.14937,0.22035,0.00000,0.00000,0,0.00027,-0.42979,-0.41783,-0.00892,1.59645,1.72512,8,0x00000000,1,-0.38393,-0.39352,0.00590,-0.79195,-0.87595,8,0x00000000,1,-0.39633,-0.42225,0.01030,-1.74351,-1.84156,8,0x00000000,1,-0.40595,-0.40364,0.00223,4.41652,4.42345,8,0x00000000,1,-0.38476,-0.37660,-0.00022,4.35215,4.22885,8,0x00000000,1,-0.45242,-0.43067,-0.00275,2.45760,2.46185,8,0x00000000,1
64.4932,-0.13408,0.56439,-39.20006,-0.13408,0.56439,-0.13284,0.57419,0.02501,0.79162,0.15785,0.21742,0.15785,0.21742,0.00000,0.00000,0,0.00037,-0.42984,-0.41865,-0.00843,1.68748,1.64110,8,0x00000000,1,-0.38353,-0.39296,0.00875,-0.88700,-0.79100,8,0x00000000,1,-0.39596,-0.42118,0.01388,-1.97615,-1.90655,8,0x00000000,1,-0.40624,-0.40440,-0.00968,4.39558,4.29334,8,0x00000000,1,-0.38509,-0.37726,-0.00890,4.39028,4.43832,8,0x00000000,1,-0.45253,-0.43139,0.00462,2.63264,2.46943,8,0x00000000,1
64.5897,-0.14760,0.54409,-39.18476,-0.14760,0.54409,-0.14036,0.55586,0.02870,0.77637,0.16906,0.22051,0.16906,0.22051,0.00000,0.00000,0,0.00027,-0.43019,-0.42015,-0.02082,1.75830,1.73182,8,0x00000000,1,-0.38303,-0.39251,0.00788,-1.03232,-0.99761,8,0x00000000,1,-0.39543,-0.41868,0.03628,-2.08642,-2.19346,8,0x00000000,1,-0.40633,-0.40517,-0.00862,4.33910,4.23135,8,0x00000000,1,-0.38527,-0.37803,-0.01366,4.42592,4.44372,8,0x00000000,1,-0.45294,-0.43216,-0.00310,2.89755,2.93382,8,0x00000000,1
64.6843,-0.16077,0.50394,-39.15180,-1.16077,0.50394,-0.74259,0.52754,-0.01643,0.76171,0.72615,0.23418,0.72615,0.23418,1.00000,0.00000,0,0.00029,-0.44184,-0.42276,-0.13751,2.00050,2.02438,8,0x00000000,1,-0.35754,-0.38854,0.21263,-1.85850,-1.75694,8,0x00000000,1,-0.36992,-0.40488,0.67869,-2.22746,-1.83628,8,0x00000000,1,-0.41667,-0.40660,-0.04619,4.82143,4.93002,8,0x00000000,1,-0.39922,-0.38092,-0.19092,4.62809,4.65920,8,0x00000000,1,-0.46807,-0.43452,-0.08674,3.67466,3.74994,8,0x00000000,1
64.7828,-0.44976,-0.37563,-39.08846,-1.44976,-0.37563,-1.22094,0.03631,0.01084,0.75267,1.23178,0.71636,1.23178,0.71636,1.00000,0.00000,0,0.00045,-0.47195,-0.43626,-0.32850,3.26128,3.16708,8,0x00000000,1,-0.33603,-0.33366,0.47889,0.54660,0.18076,8,0x00000000,1,-0.34537,-0.34772,0.00976,-1.53921,-0.77319,8,0x00000000,1,-0.40649,-0.41433,-0.01765,3.77194,3.91170,8,0x00000000,1,-0.39411,-0.40400,-0.01090,3.46995,3.45127,8,0x00000000,1,-0.49957,-0.45564,-0.48820,4.00078,4.34121,8,0x00000000,1
64.8821,-0.27196,-0.60544,-39.07314,-1.27196,-0.60544,-1.30008,-0.42817,0.04586,0.75903,1.34594,1.18720,1.34594,1.18720,1.00000,0.00000,0,0.00031,-0.49385,-0.44966,-0.03011,5.08553,4.80266,8,0x00000000,1,-0.33240,-0.32659,0.00030,-0.25840,-0.35990,8,0x00000000,1,-0.33876,-0.34019,0.00633,-1.18155,-1.39834,8,0x00000000,1,-0.38918,-0.41386,-0.01025,2.28632,2.35704,8,0x00000000,1,-0.37922,-0.40433,0.00145,2.06402,2.31433,8,0x00000000,1,-0.52031,-0.47565,-0.26422,5.15544,5.24053,8,0x00000000,1
64.9775,-0.15823,-0.70454,-38.98996,-1.15823,-0.70454,-1.22613,-0.61995,0.08013,0.77367,1.30626,1.39363,1.30626,1.39363,1.00000,0.00000,0,0.00036,-0.50169,-0.45682,-0.06869,5.34259,5.20889,8,0x00000000,1,-0.33493,-0.32675,0.00358,0.11063,-0.05225,8,0x00000000,1,-0.33994,-0.34016,0.00477,-0.97400,-1.12102,8,0x00000000,1,-0.37985,-0.41335,0.00519,1.58307,1.48516,8,0x00000000,1,-0.37034,-0.40400,0.00653,1.30765,1.32584,8,0x00000000,1,-0.52704,-0.49395,-0.15831,4.92693,5.11482,8,0x00000000,1
65.0754,-0.06005,-0.76810,-38.96711,-1.06005,-0.76810,-1.11644,-0.71866,0.11157,0.79192,1.22802,1.51058,1.22802,1.51058,1.00000,0.00000,0,0.00048,-0.50501,-0.46731,-0.23272,4.72857,4.66247,8,0x00000000,1,-0.33894,-0.32720,-0.00293,0.41316,0.43453,8,0x00000000,1,-0.34313,-0.34024,-0.00786,-0.75312,-0.91551,8,0x00000000,1,-0.37350,-0.41244,0.01570,0.85221,0.84456,8,0x00000000,1,-0.36385,-0.40341,0.01348,0.54738,0.60968,8,0x00000000,1,-0.52938,-0.50283,-0.04399,5.03786,4.88611,8,0x00000000,1
65.1722,0.03702,-0.85373,-39.03501,-0.96298,-0.85373,-1.00938,-0.81153,0.14008,0.81270,1.14945,1.62423,1.14945,1.62423,1.00000,0.00000,0,0.00044,-0.50820,-0.48075,-0.04183,4.96386,4.89534,8,0x00000000,1,-0.34296,-0.32791,-0.01845,0.83046,0.85762,8,0x00000000,1,-0.34634,-0.34036,0.00238,-0.47939,-0.58506,8,0x00000000,1,-0.36728,-0.41051,0.04946,0.14806,0.28534,8,0x00000000,1,-0.35748,-0.40147,0.03785,-0.22682,-0.16866,8,0x00000000,1,-0.53159,-0.50668,-0.05777,5.18575,5.01010,8,0x00000000,1
65.2734,0.11304,-0.90732,-39.01414,-0.88696,-0.90732,-0.93978,-0.86696,0.16632,0.83542,1.10610,1.70238,1.10610,1.70238,1.00000,0.00000,0,0.00048,-0.51060,-0.48457,-0.04358,5.13487,5.08953,8,0x00000000,1,-0.34524,-0.32851,-0.00165,1.04720,1.01921,8,0x00000000,1,-0.34806,-0.34049,0.00346,-0.34000,-0.25203,8,0x00000000,1,-0.36321,-0.40380,0.06769,-0.03269,-0.06526,8,0x00000000,1,-0.35337,-0.39897,0.02993,-0.78882,-0.72227,8,0x00000000,1,-0.53339,-0.51938,-0.25649,4.13649,4.14154,8,0x00000000,1
65.3709,0.28240,-0.97049,-38.94002,-0.71760,-0.97049,-0.80185,-0.94234,0.18986,0.85998,0.99171,1.80231,0.99171,1.80231,1.00000,0.00000,0,0.00042,-0.51249,-0.49565,-0.17287,4.45820,4.30688,8,0x00000000,1,-0.35088,-0.32983,-0.01795,1.62289,1.50525,8,0x00000000,1,-0.35292,-0.34087,-0.01335,0.10610,0.12442,8,0x00000000,1,-0.35686,-0.39744,0.06367,-0.58471,-0.50413,8,0x00000000,1,-0.34659,-0.38768,0.21305,-0.53937,-0.54554,8,0x00000000,1,-0.53415,-0.53376,-0.02922,3.94351,4.06928,8,0x00000000,1
65.4695,0.46783,-1.01438,-38.94404,-0.53217,-1.01438,-0.62720,-0.99175,0.20909,0.88613,0.83628,1.87788,0.83628,1.87788,1.00000,0.00000,0,0.00177,-0.51255,-0.50726,-0.06074,4.04980,4.28779,8,0x00000000,1,-0.35834,-0.33217,-0.02976,2.14710,2.10274,8,0x00000000,1,-0.35970,-0.34173,-0.01757,0.63590,0.50570,8,0x00000000,1,-0.35074,-0.39267,0.05493,-1.08965,-1.00426,8,0x00000000,1,-0.33965,-0.37082,0.04835,-0.77794,-0.58584,8,0x00000000,1,-0.53291,-0.53502,-0.00254,3.81531,3.77667,8,0x00000000,1
65.5626,0.53632,-0.98770,-38.98495,-0.46368,-0.98770,-0.51843,-0.99187,0.22429,0.91299,0.74272,1.90486,0.74272,1.90486,1.00000,0.00000,0,0.00034,-0.51180,-0.50930,-0.01004,4.08871,4.03070,8,0x00000000,1,-0.36276,-0.33588,-0.05236,2.44298,2.49434,8,0x00000000,1,-0.36384,-0.34262,-0.00591,1.07235,1.06814,8,0x00000000,1,-0.34781,-0.38375,0.14013,-0.86865,-0.83519,8,0x00000000,1,-0.33619,-0.36772,0.03634,-1.13302,-1.20845,8,0x00000000,1,-0.53147,-0.53517,-0.00173,3.66557,3.78993,8,0x00000000,1
65.6583,0.68135,-0.90613,-39.12274,-0.31865,-0.90613,-0.39931,-0.95409,0.23672,0.93944,0.63604,1.89352,0.63604,1.89352,1.00000,0.00000,0,0.00030,-0.50919,-0.50985,0.01963,3.93614,3.94541,8,0x00000000,1,-0.36766,-0.33990,-0.03896,2.81948,2.71043,8,0x00000000,1,-0.36870,-0.34358,-0.01799,1.57046,1.52072,8,0x00000000,1,-0.34621,-0.36325,-0.00004,-0.31514,-0.14185,8,0x00000000,1,-0.33384,-0.36570,0.00074,-1.58798,-1.51727,8,0x00000000,1,-0.52825,-0.53519,0.00416,3.38869,3.52186,8,0x00000000,1
65.7537,0.71023,-0.91014,-39.13430,-0.28977,-0.91014,-0.32149,-0.91796,0.24625,0.96449,0.56774,1.88245,0.56774,1.88245,1.00000,0.00000,0,0.00026,-0.50736,-0.50991,0.00422,3.73037,3.84389,8,0x00000000,1,-0.37078,-0.34394,-0.03772,3.08561,3.06070,8,0x00000000,1,-0.37182,-0.34499,-0.00466,2.01663,1.72042,8,0x00000000,1,-0.34534,-0.36216,0.01252,-0.42364,-0.27133,8,0x00000000,1,-0.33248,-0.36435,0.01202,-1.82964,-1.85689,8,0x00000000,1,-0.52605,-0.53520,-0.00196,3.15984,3.12404,8,0x00000000,1
65.8510,0.72680,-0.88107,-39.12655,-0.27320,-0.88107,-0.28977,-0.89623,0.25446,0.98894,0.54423,1.88517,0.54423,1.88517,1.00000,0.00000,0,0.00114,-0.50700,-0.51000,0.00701,3.73667,3.56548,8,0x00000000,1,-0.37188,-0.35005,-0.11364,2.73752,2.75227,8,0x00000000,1,-0.37287,-0.34652,-0.01900,2.17031,2.02291,8,0x00000000,1,-0.34477,-0.36113,-0.00165,-0.62650,-0.57744,8,0x00000000,1,-0.33176,-0.36224,0.03250,-2.11025,-2.05265,8,0x00000000,1,-0.52554,-0.53518,0.00859,3.07556,3.18527,8,0x00000000,1
65.9472,0.75969,-0.82257,-39.06867,-0.24031,-0.82257,-0.26521,-0.85704,0.26195,1.01266,0.52716,1.86970,0.52716,1.86970,1.00000,0.00000,0,0.00030,-0.50601,-0.51002,0.01206,3.63963,3.54375,8,0x00000000,1,-0.37261,-0.35654,-0.03640,2.77144,2.83361,8,0x00000000,1,-0.37369,-0.34874,-0.02561,2.36935,2.43612,8,0x00000000,1,-0.34508,-0.36032,0.00547,-0.68472,-0.52898,8,0x00000000,1,-0.33191,-0.35394,0.15357,-1.47423,-1.55319,8,0x00000000,1,-0.52451,-0.53518,0.00432,2.87063,2.96325,8,0x00000000,1
66.0421,0.90225,-0.78380,-38.90661,-0.09775,-0.78380,-0.16776,-0.79297,0.26799,1.03489,0.43575,1.82787,0.43575,1.82787,1.00000,0.00000,0,0.00030,-0.50243,-0.51005,-0.00359,3.17275,3.12935,8,0x00000000,1,-0.37669,-0.35907,-0.03203,3.17200,3.02436,8,0x00000000,1,-0.37796,-0.35105,-0.01975,2.74120,2.85470,8,0x00000000,1,-0.34503,-0.35954,0.00066,-0.81355,-0.71560,8,0x00000000,1,-0.33112,-0.33661,0.01346,-0.89658,-0.69256,8,0x00000000,1,-0.52054,-0.53515,0.00373,2.52232,2.34697,8,0x00000000,1
66.1404,0.90904,-0.71182,-38.94487,-0.09096,-0.71182,-0.10568,-0.73934,0.27145,1.05557,0.37713,1.79491,0.37713,1.79491,1.00000,0.00000,0,0.00065,-0.49988,-0.51002,-0.00129,3.02470,3.00795,8,0x00000000,1,-0.37928,-0.36101,-0.01269,3.42519,3.48583,8,0x00000000,1,-0.38072,-0.35424,-0.01537,3.13902,3.15051,8,0x00000000,1,-0.34525,-0.35861,0.00379,-0.91738,-0.80444,8,0x00000000,1,-0.33085,-0.33535,0.00462,-0.94626,-0.94797,8,0x00000000,1,-0.51777,-0.53508,0.00024,2.05159,2.04219,8,0x00000000,1
66.2379,0.92582,-0.69620,-38.94184,-0.07418,-0.69620,-0.08692,-0.70585,0.27399,1.07504,0.36091,1.78089,0.36091,1.78089,1.00000,0.00000,0,0.00033,-0.49897,-0.51003,-0.00717,2.83328,2.81007,8,0x00000000,1,-0.37998,-0.36218,-0.01559,3.55031,3.50217,8,0x00000000,1,-0.38150,-0.35563,-0.01306,3.34962,3.40904,8,0x00000000,1,-0.34551,-0.35812,0.00996,-1.01674,-1.08477,8,0x00000000,1,-0.33096,-0.33481,0.00428,-0.96588,-0.98809,8,0x00000000,1,-0.51682,-0.53502,-0.00738,1.81221,1.86445,8,0x00000000,1
66.3329,0.93024,-0.67935,-38.94559,-0.06976,-0.67935,-0.07447,-0.68718,0.27615,1.09381,0.35061,1.78100,0.35061,1.78100,1.00000,0.00000,0,0.00035,-0.49877,-0.51000,0.00172,2.71075,2.81528,8,0x00000000,1,-0.38046,-0.36297,-0.00464,3.79844,3.77165,8,0x00000000,1,-0.38196,-0.35686,-0.00712,3.64980,3.65066,8,0x00000000,1,-0.34531,-0.35752,0.00975,-1.11601,-0.99562,8,0x00000000,1,-0.33068,-0.33437,0.00746,-0.99209,-1.00954,8,0x00000000,1,-0.51655,-0.53491,0.01320,1.61745,1.59430,8,0x00000000,1
66.4278,0.92733,-0.66147,-38.94444,-0.07267,-0.66147,-0.07222,-0.67090,0.27811,1.11213,0.35033,1.78303,0.35033,1.78303,1.00000,0.00000,0,0.00050,-0.49884,-0.50998,0.00316,2.62463,2.65813,8,0x00000000,1,-0.38048,-0.36388,-0.01663,3.89048,3.74499,8,0x00000000,1,-0.38197,-0.35780,-0.00993,3.82713,3.79072,8,0x00000000,1,-0.34522,-0.35676,0.00569,-1.24352,-1.10360,8,0x00000000,1,-0.33060,-0.33400,0.01008,-1.01224,-1.14299,8,0x00000000,1,-0.51662,-0.53486,-0.00735,1.43248,1.53114,8,0x00000000,1
66.5263,0.93483,-0.65014,-38.94919,-0.06517,-0.65014,-0.06830,-0.65834,0.28003,1.13007,0.34833,1.78841,0.34833,1.78841,1.00000,0.00000,0,0.00118,-0.49903,-0.50999,-0.01369,2.52649,2.53631,8,0x00000000,1,-0.38059,-0.36466,-0.00561,4.04209,4.22366,8,0x00000000,1,-0.38204,-0.35998,-0.03159,3.90526,3.70825,8,0x00000000,1,-0.34496,-0.35621,0.00575,-1.34754,-1.33867,8,0x00000000,1,-0.33034,-0.33334,0.00363,-1.01264,-1.09885,8,0x00000000,1,-0.51677,-0.53471,0.00367,1.25718,1.19698,8,0x00000000,1
66.6236,0.94300,-0.60868,-38.97501,-0.05700,-0.60868,-0.06100,-0.63277,0.28177,1.14753,0.34277,1.78030,0.34277,1.78030,1.00000,0.00000,0,0.00126,-0.49858,-0.50998,-0.01651,2.29090,2.40544,8,0x00000000,1,-0.38082,-0.36568,-0.01482,4.16464,4.24395,8,0x00000000,1,-0.38232,-0.36485,-0.10324,3.61314,3.66296,8,0x00000000,1,-0.34518,-0.35535,0.00428,-1.40668,-1.47339,8,0x00000000,1,-0.33051,-0.33294,-0.00750,-1.05414,-0.90344,8,0x00000000,1,-0.51632,-0.53452,-0.00157,1.04995,0.99991,8,0x00000000,1
66.7182,0.96795,-0.53836,-39.02496,-0.03205,-0.53836,-0.04431,-0.57429,0.28321,1.16382,0.32752,1.73811,0.32752,1.73811,1.00000,0.00000,0,0.00028,-0.49651,-0.50983,0.01443,2.02009,2.01164,8,0x00000000,1,-0.38137,-0.36742,-0.03031,4.19594,4.23998,8,0x00000000,1,-0.38315,-0.37415,-0.09221,3.21447,3.18527,8,0x00000000,1,-0.34663,-0.35498,0.00588,-1.35911,-1.33100,8,0x00000000,1,-0.33172,-0.33294,-0.00995,-0.98779,-1.02944,8,0x00000000,1,-0.51433,-0.53421,0.00765,0.68345,0.67901,8,0x00000000,1
66.8146,0.97322,-0.47139,-39.06112,-0.02678,-0.47139,-0.03045,-0.50838,0.28419,1.17838,0.31464,1.68676,0.31464,1.68676,1.00000,0.00000,0,0.00064,-0.49411,-0.50973,0.00807,1.76004,1.67468,8,0x00000000,1,-0.38178,-0.37219,-0.10957,3.82101,3.71982,8,0x00000000,1,-0.38390,-0.38054,-0.04574,3.07634,3.00814,8,0x00000000,1,-0.34849,-0.35491,-0.00782,-1.36280,-1.31865,8,0x00000000,1,-0.33333,-0.33292,-0.00177,-0.88377,-0.89383,8,0x00000000,1,-0.51206,-0.53369,-0.00027,0.29263,0.34664,8,0x00000000,1
66.9133,0.97662,-0.35471,-39.00703,-0.02338,-0.35471,-0.02567,-0.41894,0.28494,1.19095,0.31061,1.60988,0.31061,1.60988,1.00000,0.00000,0,0.00048,-0.49082,-0.50956,0.00345,1.33152,1.40697,8,0x00000000,1,-0.38168,-0.38769,-0.17448,2.59487,2.59619,8,0x00000000,1,-0.38434,-0.38503,-0.05531,2.80344,2.85434,8,0x00000000,1,-0.35158,-0.35492,0.00364,-1.21012,-1.25839,8,0x00000000,1,-0.33615,-0.33294,-0.00922,-0.66856,-0.74327,8,0x00000000,1,-0.50906,-0.53260,0.01357,-0.07090,0.07257,8,0x00000000,1
67.0097,0.98219,-0.26363,-38.97314,-0.01781,-0.26363,-0.02034,-0.31168,0.28556,1.20065,0.30590,1.51233,0.30590,1.51233,1.00000,0.00000,0,0.00023,-0.48665,-0.50923,0.00154,0.78164,0.87517,8,0x00000000,1,-0.38153,-0.39326,-0.02372,2.54781,2.56307,8,0x00000000,1,-0.38487,-0.38818,-0.00961,2.71732,2.92893,8,0x00000000,1,-0.35552,-0.35506,-0.00502,-0.95984,-0.92479,8,0x00000000,1,-0.33974,-0.33292,0.00547,-0.32634,-0.31012,8,0x00000000,1,-0.50526,-0.53104,0.00322,-0.52458,-0.38921,8,0x00000000,1
67.1070,0.98339,-0.23955,-38.97051,-0.01661,-0.23955,-0.01646,-0.25781,0.28559,1.20817,0.30205,1.46599,0.30205,1.46599,1.00000,0.00000,16,0.00038,-0.48464,-0.50892,0.00605,0.46281,0.53594,8,0x00000000,1,-0.38154,-0.39424,-0.00942,2.38317,2.62939,8,0x00000000,1,-0.38520,-0.38913,-0.00338,2.66460,2.74455,8,0x00000000,1,-0.35735,-0.35512,-0.00213,-0.84933,-0.82679,8,0x00000000,1,-0.34140,-0.33295,0.00007,-0.16221,-0.07350,8,0x00000000,1,-0.50341,-0.52940,0.01391,-0.82885,-0.90983,8,0x00000000,1
67.2032,0.99175,-0.23101,-38.97812,-0.00825,-0.23101,-0.01194,-0.23882,0.28559,1.21483,0.29753,1.45365,0.29753,1.45365,1.00000,0.00000,16,0.00028,-0.48404,-0.50859,0.00295,0.15277,0.24071,8,0x00000000,1,-0.38170,-0.39443,-0.00168,2.28273,2.35924,8,0x00000000,1,-0.38545,-0.38947,-0.00324,2.62122,2.55474,8,0x00000000,1,-0.35778,-0.35516,-0.00553,-0.82551,-0.70347,8,0x00000000,1,-0.34175,-0.33298,-0.00993,-0.08142,-0.02306,8,0x00000000,1,-0.50283,-0.52842,0.01291,-1.04751,-0.95765,8,0x00000000,1
67.3030,0.98827,-0.22606,-38.97661,-0.01173,-0.22606,-0.01165,-0.22966,0.28559,1.22113,0.29724,1.45078,0.29724,1.45078,1.00000,0.00000,16,0.00218,-0.48391,-0.50822,0.00155,-0.08911,-0.05707,8,0x00000000,1,-0.38170,-0.39444,-0.00287,2.11624,2.21137,8,0x00000000,1,-0.38547,-0.38953,0.00860,2.57663,2.63166,8,0x00000000,1,-0.35789,-0.35518,-0.00528,-0.80458,-0.90700,8,0x00000000,1,-0.34185,-0.33297,-0.00144,0.02093,0.04055,8,0x00000000,1,-0.50272,-0.52754,0.00623,-1.27011,-1.27031,8,0x00000000,1
67.3984,0.99103,-0.22652,-38.97389,-0.00897,-0.22652,-0.00990,-0.22665,0.28559,1.22728,0.29549,1.45393,0.29549,1.45393,1.00000,0.00000,16,0.00042,-0.48401,-0.50784,0.00776,-0.34439,-0.27573,8,0x00000000,1,-0.38180,-0.39443,-0.00299,1.98730,2.01250,8,0x00000000,1,-0.38554,-0.38957,-0.00059,2.50967,2.52079,8,0x00000000,1,-0.35772,-0.35520,0.00125,-0.77761,-0.82926,8,0x00000000,1,-0.34169,-0.33298,-0.00259,0.13559,0.26579,8,0x00000000,1,-0.50279,-0.52645,0.01060,-1.47202,-1.45397,8,0x00000000,1
67.4972,0.98965,-0.22604,-38.97648,-0.01035,-0.22604,-0.00880,-0.22646,0.28559,1.23340,0.29439,1.45986,0.29439,1.45986,1.00000,0.00000,16,0.00027,-0.48423,-0.50739,0.01516,-0.55157,-0.51589,8,0x00000000,1,-0.38187,-0.39444,-0.00285,1.84154,1.76793,8,0x00000000,1,-0.38557,-0.38958,0.00498,2.47541,2.51149,8,0x00000000,1,-0.35746,-0.35518,0.00978,-0.73849,-0.76983,8,0x00000000,1,-0.34144,-0.33298,0.00215,0.20424,0.09072,8,0x00000000,1,-0.50298,-0.52516,0.01188,-1.67258,-1.88735,8,0x00000000,1
67.5953,0.99474,-0.22432,-38.97407,-0.00526,-0.22432,-0.00686,-0.22434,0.28559,1.23948,0.29245,1.46382,0.29245,1.46382,1.00000,0.00000,16,0.00045,-0.48436,-0.50675,0.02422,-0.76133,-0.82232,8,0x00000000,1,-0.38197,-0.39442,-0.00081,1.70984,1.71934,8,0x00000000,1,-0.38564,-0.38960,-0.00502,2.42350,2.30119,8,0x00000000,1,-0.35726,-0.35521,0.00259,-0.75974,-0.77856,8,0x00000000,1,-0.34123,-0.33300,-0.00056,0.33967,0.33687,8,0x00000000,1,-0.50308,-0.52227,0.05820,-1.57595,-1.58118,8,0x00000000,1
67.6928,0.99410,-0.21732,-38.98543,0.99410,-0.21732,0.61873,-0.22295,0.33055,1.24554,-0.28818,1.46849,-0.28818,1.46849,0.00000,0.00000,0,0.00028,-0.47291,-0.50324,0.17862,-1.17652,-1.23187,8,0x00000000,1,-0.40884,-0.39736,-0.11422,3.80679,3.88569,8,0x00000000,1,-0.41197,-0.39389,-0.15558,4.36359,4.45171,8,0x00000000,1,-0.34574,-0.35476,0.02664,-1.55787,-1.53472,8,0x00000000,1,-0.32599,-0.33298,0.00056,-0.82923,-0.53758,8,0x00000000,1,-0.48810,-0.51042,0.44518,-1.38216,-1.34398,8,0x00000000,1
67.7900,0.89992,0.11490,-39.26847,0.89992,0.11490,0.86695,-0.05096,0.30907,1.24959,-0.55787,1.30055,-0.55787,1.30055,0.00000,0.00000,0,0.00034,-0.46050,-0.47496,0.28290,-0.14921,-0.21454,8,0x00000000,1,-0.42065,-0.40436,-0.04952,3.77471,3.86766,8,0x00000000,1,-0.42481,-0.42013,-0.35823,2.34858,2.88098,8,0x00000000,1,-0.34739,-0.35041,-0.00756,-1.22075,-1.17672,8,0x00000000,1,-0.32540,-0.33205,0.00167,-0.81082,-0.73656,8,0x00000000,1,-0.47475,-0.48143,0.21633,-0.84318,-0.91295,8,0x00000000,1
67.8851,0.77118,0.31418,-39.33596,0.77118,0.31418,0.84397,0.21280,0.28579,1.24682,-0.55818,1.03403,-0.55818,1.03403,0.00000,0.00000,0,0.00036,-0.44941,-0.47026,0.07787,-1.45122,-1.35645,8,0x00000000,1,-0.41961,-0.40948,-0.02330,3.37832,3.31049,8,0x00000000,1,-0.42579,-0.42618,0.00223,2.89743,2.96593,8,0x00000000,1,-0.35838,-0.35094,-0.00194,-0.27288,-0.43212,8,0x00000000,1,-0.33553,-0.33208,0.00381,-0.02814,-0.02502,8,0x00000000,1,-0.46468,-0.46644,0.01794,-1.10190,-0.95497,8,0x00000000,1
67.9795,0.65834,0.43647,-39.20970,0.65834,0.43647,0.74383,0.34523,0.26442,1.23921,-0.47941,0.89397,-0.47941,0.89397,0.00000,0.00000,0,0.00033,-0.44517,-0.44768,0.25197,0.35310,0.44120,8,0x00000000,1,-0.41543,-0.41219,-0.01496,2.94294,2.87671,8,0x00000000,1,-0.42270,-0.42623,0.00408,2.56053,2.48577,8,0x00000000,1,-0.36571,-0.35210,-0.01345,0.21457,-0.00934,8,0x00000000,1,-0.34289,-0.33219,-0.00627,0.53450,0.49034,8,0x00000000,1,-0.46144,-0.46482,0.00539,-1.07029,-0.97270,8,0x00000000,1
68.0751,0.61209,0.47093,-39.16506,0.61209,0.47093,0.65418,0.45236,0.24579,1.22805,-0.40838,0.77568,-0.40838,0.77568,0.00000,0.00000,0,0.00047,-0.44168,-0.44640,0.01423,-0.57820,-0.50983,8,0x00000000,1,-0.41169,-0.41238,-0.00293,2.70126,2.64860,8,0x00000000,1,-0.41988,-0.42623,0.00074,2.28394,2.27983,8,0x00000000,1,-0.37200,-0.35394,-0.02874,0.57633,0.43333,8,0x00000000,1,-0.34923,-0.33313,-0.01653,1.06324,1.01230,8,0x00000000,1,-0.45882,-0.46390,0.00559,-1.28332,-1.17305,8,0x00000000,1
68.1720,0.61694,0.48861,-39.16333,0.61694,0.48861,0.62546,0.48570,0.22867,1.21530,-0.39679,0.72960,-0.39679,0.72960,0.00000,0.00000,0,0.00042,-0.44000,-0.44583,0.00066,-0.75803,-0.73185,8,0x00000000,1,-0.41098,-0.41238,0.00061,2.68094,2.70473,8,0x00000000,1,-0.41952,-0.42625,-0.00648,2.20335,2.32585,8,0x00000000,1,-0.37413,-0.35533,-0.01263,0.82112,0.73220,8,0x00000000,1,-0.35128,-0.33379,-0.00481,1.29486,1.17086,8,0x00000000,1,-0.45739,-0.46314,0.01281,-1.32170,-1.29433,8,0x00000000,1
68.2720,0.61536,0.49336,-39.16607,0.61536,0.49336,0.61704,0.49418,0.21194,1.20207,-0.40510,0.70789,-0.40510,0.70789,0.00000,0.00000,0,0.00043,-0.43893,-0.44525,0.00065,-0.80147,-0.74164,8,0x00000000,1,-0.41128,-0.41240,0.00291,2.71486,2.72160,8,0x00000000,1,-0.41997,-0.42623,-0.00002,2.16699,2.22191,8,0x00000000,1,-0.37486,-0.35601,-0.00704,1.02038,1.07504,8,0x00000000,1,-0.35189,-0.33445,-0.00648,1.46014,1.43327,8,0x00000000,1,-0.45635,-0.46264,-0.00559,-1.42983,-1.25009,8,0x00000000,1
68.3686,0.60738,0.49788,-39.15662,0.60738,0.49788,0.61266,0.49688,0.19533,1.18870,-0.41733,0.69181,-0.41733,0.69181,0.00000,0.00000,0,0.00026,-0.43802,-0.44469,0.00750,-0.88011,-0.79646,8,0x00000000,1,-0.41178,-0.41248,0.00001,2.75126,2.75940,8,0x00000000,1,-0.42059,-0.42622,0.00208,2.16364,2.10999,8,0x00000000,1,-0.37529,-0.35668,-0.00930,1.21035,1.12823,8,0x00000000,1,-0.35218,-0.33544,-0.00818,1.56957,1.66347,8,0x00000000,1,-0.45542,-0.46215,-0.00142,-1.52681,-1.57619,8,0x00000000,1
68.4657,0.60085,0.49876,-39.15496,0.60085,0.49876,0.60536,0.49827,0.17889,1.17526,-0.42646,0.67700,-0.42646,0.67700,0.00000,0.00000,0,0.00090,-0.43722,-0.44416,-0.01037,-1.03440,-0.84424,8,0x00000000,1,-0.41214,-0.41256,-0.00348,2.73997,2.71801,8,0x00000000,1,-0.42106,-0.42622,0.00282,2.12934,2.19400,8,0x00000000,1,-0.37572,-0.35728,-0.01231,1.39853,1.43473,8,0x00000000,1,-0.35251,-0.33635,-0.00369,1.74720,1.73564,8,0x00000000,1,-0.45463,-0.46165,-0.00333,-1.62687,-1.48732,8,0x00000000,1
68.5604,0.59256,0.50248,-39.16441,0.59256,0.50248,0.59827,0.50078,0.16264,1.16177,-0.43564,0.66099,-0.43564,0.66099,0.00000,0.00000,0,0.00084,-0.43638,-0.44332,0.01151,-1.06229,-1.04974,8,0x00000000,1,-0.41250,-0.41263,0.00341,2.79929,2.79497,8,0x00000000,1,-0.42153,-0.42622,0.00039,2.09740,2.01247,8,0x00000000,1,-0.37621,-0.35787,-0.01131,1.59442,1.69276,8,0x00000000,1,-0.35288,-0.33704,-0.02076,1.90030,1.80363,8,0x00000000,1,-0.45378,-0.46128,0.01096,-1.71613,-1.53631,8,0x00000000,1
68.6556,0.58456,0.50623,-39.16139,0.58456,0.50623,0.58817,0.50357,0.14663,1.14821,-0.44154,0.64464,-0.44154,0.64464,0.00000,0.00000,0,0.00028,-0.43558,-0.44286,0.00447,-1.19302,-1.20076,8,0x00000000,1,-0.41271,-0.41271,-0.00799,2.75882,2.81089,8,0x00000000,1,-0.42186,-0.42622,0.00153,2.06246,1.98410,8,0x00000000,1,-0.37677,-0.35849,-0.00143,1.80925,1.76232,8,0x00000000,1,-0.35335,-0.33766,-0.01626,2.05633,2.11111,8,0x00000000,1,-0.45301,-0.46092,0.00032,-1.86498,-1.69317,8,0x00000000,1
68.7522,0.58050,0.50774,-39.15865,0.58050,0.50774,0.58353,0.50681,0.13082,1.13457,-0.45272,0.62775,-0.45272,0.62775,0.00000,0.00000,0,0.00043,-0.43466,-0.44233,0.02785,-1.22057,-1.30473,8,0x00000000,1,-0.41315,-0.41278,-0.00011,2.81076,2.79261,8,0x00000000,1,-0.42243,-0.42623,-0.00140,2.05624,2.12267,8,0x00000000,1,-0.37725,-0.35917,-0.00307,2.00560,2.04520,8,0x00000000,1,-0.35370,-0.33807,0.00048,2.28343,2.33155,8,0x00000000,1,-0.45208,-0.46043,0.00361,-1.96235,-1.94830,8,0x00000000,1
68.8497,0.56907,0.51366,-39.14640,0.56907,0.51366,0.57686,0.51051,0.11515,1.12084,-0.46171,0.61033,-0.46171,0.61033,0.00000,0.00000,0,0.00077,-0.43375,-0.44168,0.00658,-1.40362,-1.33908,8,0x00000000,1,-0.41350,-0.41289,-0.00320,2.79630,2.67227,8,0x00000000,1,-0.42290,-0.42623,0.00103,2.04518,2.04852,8,0x00000000,1,-0.37779,-0.35983,-0.00887,2.21100,2.21552,8,0x00000000,1,-0.35413,-0.33861,-0.01050,2.40485,2.38688,8,0x00000000,1,-0.45119,-0.46002,0.00806,-2.06852,-2.07310,8,0x00000000,1
68.9446,0.56554,0.51435,-39.13601,0.56554,0.51435,0.56925,0.51412,0.09969,1.10699,-0.46956,0.59287,-0.46956,0.59287,0.00000,0.00000,0,0.00031,-0.43287,-0.44101,0.01447,-1.46754,-1.60823,8,0x00000000,1,-0.41379,-0.41297,-0.00364,2.79977,2.71081,8,0x00000000,1,-0.42333,-0.42622,0.00116,2.02986,1.98335,8,0x00000000,1,-0.37836,-0.36045,-0.00614,2.42893,2.50482,8,0x00000000,1,-0.35460,-0.33916,-0.01218,2.62790,2.71591,8,0x00000000,1,-0.45032,-0.45956,-0.00008,-2.24339,-2.19024,8,0x00000000,1
69.0405,0.55858,0.51854,-39.14086,0.55858,0.51854,0.56384,0.51601,0.08439,1.09310,-0.47945,0.57709,-0.47945,0.57709,0.00000,0.00000,0,0.00027,-0.43202,-0.44026,0.01728,-1.55822,-1.52277,8,0x00000000,1,-0.41419,-0.41309,-0.00673,2.82789,2.99994,8,0x00000000,1,-0.42383,-0.42622,-0.00026,2.03150,2.12054,8,0x00000000,1,-0.37882,-0.36116,-0.01226,2.59691,2.72004,8,0x00000000,1,-0.35494,-0.33962,-0.00171,2.77364,2.65656,8,0x00000000,1,-0.44947,-0.45913,0.00860,-2.35929,-2.14236,8,0x00000000,1
69.1379,0.55375,0.51955,-39.14506,0.55375,0.51955,0.55697,0.51798,0.06927,1.07913,-0.48770,0.56115,-0.48770,0.56115,0.00000,0.00000,0,0.00037,-0.43119,-0.43948,0.01137,-1.65913,-1.76752,8,0x00000000,1,-0.41450,-0.41319,0.00011,2.91398,2.93593,8,0x00000000,1,-0.42427,-0.42624,-0.00838,2.00449,2.08455,8,0x00000000,1,-0.37932,-0.36177,-0.00992,2.77096,2.84468,8,0x00000000,1,-0.35533,-0.34022,-0.00683,2.91576,2.89674,8,0x00000000,1,-0.44865,-0.45869,-0.00049,-2.51764,-2.30904,8,0x00000000,1
69.2336,0.54499,0.52352,-39.14183,0.54499,0.52352,0.54976,0.52021,0.05433,1.06512,-0.49543,0.54490,-0.49543,0.54490,0.00000,0.00000,0,0.00031,-0.43036,-0.43858,-0.00214,-1.78353,-1.72273,8,0x00000000,1,-0.41480,-0.41331,0.00082,2.94881,2.95956,8,0x00000000,1,-0.42468,-0.42622,0.00118,2.04571,1.97281,8,0x00000000,1,-0.37984,-0.36244,-0.00836,2.97866,2.89603,8,0x00000000,1,-0.35575,-0.34083,-0.00984,3.08151,3.22400,8,0x00000000,1,-0.44784,-0.45817,-0.00265,-2.64169,-2.67978,8,0x00000000,1
69.3301,0.53270,0.53366,-39.13630,0.53270,0.53366,0.53892,0.52830,0.03964,1.05096,-0.49928,0.52266,-0.49928,0.52266,0.00000,0.00000,0,0.00044,-0.42936,-0.43670,0.02820,-1.74267,-1.70859,8,0x00000000,1,-0.41489,-0.41350,-0.00704,2.92365,2.79091,8,0x00000000,1,-0.42494,-0.42622,-0.00000,2.04017,1.76081,8,0x00000000,1,-0.38068,-0.36315,-0.01315,3.20225,3.27568,8,0x00000000,1,-0.35650,-0.34156,-0.00942,3.30875,3.20822,8,0x00000000,1,-0.44690,-0.45772,-0.00078,-2.77748,-2.85365,8,0x00000000,1
69.4283,0.49809,0.55954,-39.08702,0.49809,0.55954,0.52120,0.54288,0.02528,1.03653,-0.49592,0.49365,-0.49592,0.49365,0.00000,0.00000,0,0.00045,-0.42823,-0.42668,0.13907,-0.87480,-1.01086,8,0x00000000,1,-0.41462,-0.41357,-0.00658,2.92855,3.07771,8,0x00000000,1,-0.42489,-0.42622,0.00252,2.03885,2.02393,8,0x00000000,1,-0.38195,-0.36384,-0.00527,3.42055,3.45081,8,0x00000000,1,-0.35768,-0.34260,-0.02044,3.43252,3.41235,8,0x00000000,1,-0.44589,-0.45712,0.01300,-2.88424,-3.03120,8,0x00000000,1
69.5261,0.45890,0.58871,-39.05975,0.45890,0.58871,0.47862,0.57837,0.01183,1.02133,-0.46678,0.44295,-0.46678,0.44295,0.00000,0.00000,0,0.00127,-0.42671,-0.42282,0.01362,-1.08138,-0.95548,8,0x00000000,1,-0.41308,-0.41360,0.00265,2.81302,2.79982,8,0x00000000,1,-0.42374,-0.42622,-0.00154,1.90107,1.92524,8,0x00000000,1,-0.38462,-0.36501,-0.01106,3.77515,3.80567,8,0x00000000,1,-0.36036,-0.34492,-0.05159,3.58270,3.62357,8,0x00000000,1,-0.44473,-0.45641,0.01270,-3.09957,-3.04765,8,0x00000000,1
69.6192,0.42168,0.58935,-39.07283,0.42168,0.58935,0.44658,0.58881,-0.00066,1.00554,-0.44723,0.41672,-0.44723,0.41672,0.00000,0.00000,0,0.00029,-0.42602,-0.42051,0.01212,-0.88521,-0.83567,8,0x00000000,1,-0.41208,-0.41361,0.00265,2.73167,2.69858,8,0x00000000,1,-0.42293,-0.42622,0.00085,1.83288,1.84186,8,0x00000000,1,-0.38609,-0.36627,-0.01626,4.00540,4.13102,8,0x00000000,1,-0.36187,-0.35412,-0.10383,2.99769,2.99870,8,0x00000000,1,-0.44425,-0.45510,0.01514,-3.11927,-3.11223,8,0x00000000,1
69.7213,0.32672,0.58105,-39.15054,0.32672,0.58105,0.38257,0.58485,-0.01192,0.98968,-0.39449,0.40484,-0.39449,0.40484,0.00000,0.00000,0,0.00190,-0.42658,-0.41987,0.01256,-0.72173,-0.74795,8,0x00000000,1,-0.40961,-0.41360,0.00174,2.57485,2.49463,8,0x00000000,1,-0.42057,-0.42619,-0.00317,1.62798,1.53269,8,0x00000000,1,-0.38762,-0.36778,-0.01948,4.24293,4.36299,8,0x00000000,1,-0.36368,-0.36487,-0.05026,2.59429,2.53188,8,0x00000000,1,-0.44518,-0.45200,0.05371,-2.85592,-2.96121,8,0x00000000,1
69.8157,0.25872,0.58461,-39.19001,0.25872,0.58461,0.29937,0.58511,-0.02098,0.97389,-0.32035,0.38877,-0.32035,0.38877,0.00000,0.00000,0,0.00035,-0.42739,-0.41990,-0.00187,-0.60470,-0.66913,8,0x00000000,1,-0.40614,-0.41360,-0.00668,2.22074,2.27285,8,0x00000000,1,-0.41723,-0.42604,0.00342,1.30406,1.22129,8,0x00000000,1,-0.38974,-0.37015,-0.03825,4.38604,4.35804,8,0x00000000,1,-0.36621,-0.36678,-0.00095,2.81705,2.75128,8,0x00000000,1,-0.44650,-0.44578,0.04637,-2.38830,-2.31898,8,0x00000000,1
69.9126,0.21277,0.59540,-39.20686,0.21277,0.59540,0.24583,0.59035,-0.02829,0.95804,-0.27412,0.36768,-0.27412,0.36768,0.00000,0.00000,0,0.00032,-0.42744,-0.41990,0.00140,-0.52145,-0.47998,8,0x00000000,1,-0.40393,-0.41357,0.00044,2.00929,2.15472,8,0x00000000,1,-0.41519,-0.42596,-0.00131,1.07536,1.00543,8,0x00000000,1,-0.39152,-0.37507,-0.06396,4.31765,4.20406,8,0x00000000,1,-0.36820,-0.36728,-0.01274,2.82373,2.87420,8,0x00000000,1,-0.44691,-0.43803,0.20017,-1.38738,-1.41485,8,0x00000000,1
70.0112,0.07534,0.63682,-39.30269,0.07534,0.63682,0.14198,0.62250,-0.03361,0.94166,-0.17559,0.31916,-0.17559,0.31916,0.00000,0.00000,0,0.00178,-0.42740,-0.41993,-0.01271,-0.50082,-0.51542,8,0x00000000,1,-0.39922,-0.41335,0.00826,1.66728,1.77339,8,0x00000000,1,-0.41086,-0.42576,0.00169,0.72261,0.69413,8,0x00000000,1,-0.39547,-0.38129,-0.10464,4.24488,4.42359,8,0x00000000,1,-0.37259,-0.36809,-0.00965,3.16974,3.26183,8,0x00000000,1,-0.44765,-0.42426,0.02159,-0.75178,-0.70296,8,0x00000000,1
70.1054,0.02694,0.62158,-39.26069,0.02694,0.62158,0.06768,0.63151,-0.03629,0.92459,-0.10398,0.29308,-0.10398,0.29308,0.00000,0.00000,0,0.00054,-0.42775,-0.41990,0.00247,-0.34255,-0.36235,8,0x00000000,1,-0.39583,-0.41290,0.00288,1.20924,1.17892,8,0x00000000,1,-0.40767,-0.42545,-0.00122,0.25975,0.16061,8,0x00000000,1,-0.39796,-0.39041,-0.08652,3.96528,4.00652,8,0x00000000,1,-0.37544,-0.36960,0.00054,3.26482,3.18683,8,0x00000000,1,-0.44854,-0.42385,-0.00071,-0.43242,-0.52289,8,0x00000000,1
70.2017,-0.00442,0.60358,-39.22729,-0.00442,0.60358,0.01473,0.61461,-0.03719,0.90778,-0.05193,0.29317,-0.05193,0.29317,0.00000,0.00000,16,0.00032,-0.42879,-0.41988,0.01146,-0.10726,-0.14883,8,0x00000000,1,-0.39344,-0.41209,0.01340,0.90251,1.01460,8,0x00000000,1,-0.40529,-0.42512,0.00157,-0.05431,-0.08244,8,0x00000000,1,-0.39898,-0.39442,-0.01509,3.99342,3.84941,8,0x00000000,1,-0.37678,-0.37031,0.00755,3.39872,3.40700,8,0x00000000,1,-0.44990,-0.42394,-0.00006,-0.05576,-0.19678,8,0x00000000,1
70.3016,-0.02146,0.60129,-39.20733,-0.02146,0.60129,-0.00989,0.60507,-0.03719,0.89135,-0.02730,0.28628,-0.02730,0.28628,0.00000,0.00000,16,0.00114,-0.42900,-0.41992,-0.00251,-0.06444,0.02135,8,0x00000000,1,-0.39228,-0.41143,0.01170,0.71436,0.60008,8,0x00000000,1,-0.40419,-0.42483,0.00014,-0.34053,-0.27621,8,0x00000000,1,-0.39975,-0.39603,-0.00834,3.98497,4.09019,8,0x00000000,1,-0.37768,-0.37100,0.00057,3.48225,3.41459,8,0x00000000,1,-0.45029,-0.42406,-0.00106,0.26135,0.17342,8,0x00000000,1
70.3990,-0.03142,0.59797,-39.20443,-0.03142,0.59797,-0.02417,0.60062,-0.03696,0.87508,-0.01279,0.27446,-0.01279,0.27446,0.00000,0.00000,0,0.00028,-0.42880,-0.41991,0.01301,0.01985,0.08713,8,0x00000000,1,-0.39157,-0.41064,0.01767,0.48337,0.58267,8,0x00000000,1,-0.40357,-0.42454,0.00942,-0.57991,-0.56591,8,0x00000000,1,-0.40052,-0.39712,-0.00620,4.01462,4.17865,8,0x00000000,1,-0.37851,-0.37157,-0.00552,3.54282,3.46862,8,0x00000000,1,-0.45022,-0.42414,0.01102,0.58088,0.50784,8,0x00000000,1
70.4989,-0.03774,0.59719,-39.20222,-0.03774,0.59719,-0.03282,0.59843,-0.03618,0.85890,-0.00336,0.26047,-0.00336,0.26047,0.00000,0.00000,0,0.00316,-0.42841,-0.41992,0.01155,0.11132,0.22414,8,0x00000000,1,-0.39109,-0.40974,0.00769,0.28061,0.11565,8,0x00000000,1,-0.40318,-0.42416,0.00693,-0.82952,-0.76491,8,0x00000000,1,-0.40129,-0.39783,-0.00020,4.05112,4.11631,8,0x00000000,1,-0.37928,-0.37216,-0.00169,3.65532,3.54481,8,0x00000000,1,-0.44994,-0.42438,-0.00821,0.82845,0.79150,8,0x00000000,1
70.5926,-0.04606,0.59587,-39.19596,-0.04606,0.59587,-0.04138,0.59640,-0.03517,0.84277,0.00621,0.24637,0.00621,0.24637,0.00000,0.00000,0,0.00032,-0.42801,-0.41997,0.00191,0.17736,0.23116,8,0x00000000,1,-0.39060,-0.40850,0.01016,0.12171,0.21782,8,0x00000000,1,-0.40279,-0.42378,0.00460,-1.07729,-1.16458,8,0x00000000,1,-0.40206,-0.39862,-0.01173,4.09270,4.09754,8,0x00000000,1,-0.38007,-0.37259,-0.00312,3.75190,3.71685,8,0x00000000,1,-0.44966,-0.42469,0.00321,1.09651,0.87869,8,0x00000000,1
70.6895,-0.05149,0.59253,-39.19220,-1.05149,0.59253,-0.46211,0.59373,-0.08458,0.82670,0.37753,0.23298,0.37753,0.23298,1.00000,0.00000,0,0.00029,-0.43486,-0.42004,-0.00958,0.94057,0.29725,8,0x00000000,1,-0.37351,-0.40491,0.07767,0.27114,0.24353,8,0x00000000,1,-0.38586,-0.42309,0.08615,-2.84674,-2.03577,8,0x00000000,1,-0.40990,-0.39957,-0.06913,4.59683,4.41888,8,0x00000000,1,-0.39020,-0.37341,-0.09091,4.64162,4.86833,8,0x00000000,1,-0.45888,-0.42549,-0.03839,1.25454,1.19344,8,0x00000000,1
70.7889,-0.14362,0.25605,-39.03307,-1.14362,0.25605,-0.96627,0.44609,-0.06353,0.81187,0.90273,0.36578,0.90273,0.36578,1.00000,0.00000,0,0.00113,-0.45082,-0.42637,-0.06760,1.65302,1.51020,8,0x00000000,1,-0.34991,-0.38583,0.16592,-1.57787,-1.63174,8,0x00000000,1,-0.36144,-0.38033,0.26462,-1.17052,-1.04278,8,0x00000000,1,-0.41465,-0.40461,-0.04450,4.83710,4.66669,8,0x00000000,1,-0.39883,-0.38463,-0.12618,4.41328,4.21666,8,0x00000000,1,-0.47768,-0.43362,-0.05431,3.10357,3.18595,8,0x00000000,1
70.8851,-0.32932,-0.17663,-39.02449,-1.32932,-0.17663,-1.22346,0.06284,-0.03350,0.80488,1.18995,0.74204,1.18995,0.74204,1.00000,0.00000,0,0.00038,-0.47218,-0.43678,-0.15869,2.32107,2.35364,8,0x00000000,1,-0.33804,-0.35575,-0.00301,-0.86652,-0.55789,8,0x00000000,1,-0.34719,-0.35157,0.02544,-0.71256,-0.88474,8,0x00000000,1,-0.40461,-0.40684,0.00183,4.00716,4.12489,8,0x00000000,1,-0.39204,-0.39584,-0.11952,3.04403,3.06569,8,0x00000000,1,-0.49943,-0.44348,-0.27315,3.77481,3.96620,8,0x00000000,1
70.9812,-0.25696,-0.27344,-38.97506,-1.25696,-0.27344,-1.25766,-0.18697,0.00038,0.80723,1.25804,0.99420,1.25804,0.99420,1.00000,0.00000,0,0.00025,-0.48405,-0.44421,-0.00757,3.52850,3.52268,8,0x00000000,1,-0.33578,-0.35362,0.01233,-0.94983,-0.85418,8,0x00000000,1,-0.34333,-0.34911,0.03303,-0.73612,-0.74720,8,0x00000000,1,-0.39547,-0.40666,-0.00174,3.10799,3.11633,8,0x00000000,1,-0.38425,-0.39756,-0.00283,2.44312,2.37475,8,0x00000000,1,-0.51073,-0.46161,-0.05943,4.53315,4.40713,8,0x00000000,1
71.0780,-0.24234,-0.30820,-38.99508,-1.24234,-0.30820,-1.25042,-0.27847,0.03432,0.81377,1.28474,1.09224,1.28474,1.09224,1.00000,0.00000,0,0.00039,-0.48867,-0.44660,-0.03545,3.93695,4.12183,8,0x00000000,1,-0.33489,-0.35143,0.03924,-0.91563,-0.93037,8,0x00000000,1,-0.34182,-0.34838,0.00351,-0.87463,-0.83582,8,0x00000000,1,-0.39192,-0.40659,-0.00042,2.90114,2.95567,8,0x00000000,1,-0.38122,-0.39757,-0.00715,2.19317,2.18408,8,0x00000000,1,-0.51512,-0.46532,-0.03063,5.09735,5.28448,8,0x00000000,1
71.1742,-0.23070,-0.40650,-39.02387,-1.23070,-0.40650,-1.23840,-0.33770,0.06792,0.82203,1.30632,1.15973,1.30632,1.15973,1.00000,0.00000,0,0.00038,-0.49192,-0.44824,-0.02130,4.41822,4.45980,8,0x00000000,1,-0.33413,-0.33702,0.29712,0.62722,0.24602,8,0x00000000,1,-0.34064,-0.34724,0.03484,-0.85369,-0.93644,8,0x00000000,1,-0.38954,-0.40645,0.00669,2.67221,2.41440,8,0x00000000,1,-0.37922,-0.39756,-0.00737,1.96065,2.05936,8,0x00000000,1,-0.51823,-0.46840,-0.04256,5.51887,5.54438,8,0x00000000,1
71.2718,-0.15434,-0.52785,-39.06194,-1.15434,-0.52785,-1.19197,-0.46679,0.10083,0.83306,1.29280,1.29985,1.29280,1.29985,1.00000,0.00000,0,0.00038,-0.49750,-0.45189,-0.05233,5.07682,5.11578,8,0x00000000,1,-0.33523,-0.33066,-0.00267,0.28939,0.20046,8,0x00000000,1,-0.34083,-0.34544,0.01913,-0.82464,-0.84538,8,0x00000000,1,-0.38348,-0.40598,0.02229,1.99095,1.87181,8,0x00000000,1,-0.37355,-0.39754,-0.00583,1.24636,1.33347,8,0x00000000,1,-0.52315,-0.48235,-0.17833,5.14647,5.28474,8,0x00000000,1
71.3712,-0.02896,-0.62050,-39.00090,-1.02896,-0.62050,-1.10028,-0.56443,0.13183,0.84706,1.23211,1.41148,1.23211,1.41148,1.00000,0.00000,0,0.00047,-0.50095,-0.45970,-0.10250,5.17320,5.01389,8,0x00000000,1,-0.33841,-0.33069,-0.00209,0.58896,0.42593,8,0x00000000,1,-0.34324,-0.34446,-0.00007,-0.68049,-0.71173,8,0x00000000,1,-0.37768,-0.40524,0.01441,1.32691,1.34213,8,0x00000000,1,-0.36772,-0.39719,-0.00037,0.59140,0.74672,8,0x00000000,1,-0.52576,-0.49721,-0.12129,4.86688,5.01115,8,0x00000000,1
71.4638,0.08433,-0.70328,-39.02109,-0.91567,-0.70328,-0.98906,-0.64845,0.15998,0.86351,1.14904,1.51196,1.14904,1.51196,1.00000,0.00000,0,0.00029,-0.50350,-0.47519,-0.10880,4.59086,4.76354,8,0x00000000,1,-0.34259,-0.33099,-0.00503,0.98990,0.83421,8,0x00000000,1,-0.34670,-0.34447,0.00065,-0.38372,-0.58776,8,0x00000000,1,-0.37191,-0.40403,0.01989,0.78662,0.67067,8,0x00000000,1,-0.36173,-0.39656,0.01032,-0.02756,0.15603,8,0x00000000,1,-0.52736,-0.50403,-0.04545,5.03432,5.02860,8,0x00000000,1
71.5610,0.13494,-0.74692,-39.06284,-0.86506,-0.74692,-0.90331,-0.71956,0.18533,0.88216,1.08864,1.60172,1.08864,1.60172,1.00000,0.00000,0,0.00028,-0.50604,-0.48175,-0.02368,4.89570,4.84890,8,0x00000000,1,-0.34569,-0.33144,-0.00609,1.27373,1.30104,8,0x00000000,1,-0.34916,-0.34454,-0.00017,-0.23595,-0.22551,8,0x00000000,1,-0.36703,-0.40105,0.02771,0.28485,0.29382,8,0x00000000,1,-0.35674,-0.38984,0.05079,-0.21750,-0.14594,8,0x00000000,1,-0.52915,-0.50803,-0.06252,5.07542,5.10535,8,0x00000000,1
71.6606,0.21263,-0.79680,-39.00614,-0.78737,-0.79680,-0.83848,-0.76473,0.20884,0.90222,1.04732,1.66695,1.04732,1.66695,1.00000,0.00000,0,0.00316,-0.50794,-0.48512,-0.05906,4.97289,5.04371,8,0x00000000,1,-0.34783,-0.33191,-0.00790,1.51565,1.40194,8,0x00000000,1,-0.35082,-0.34462,-0.00268,-0.10237,-0.23863,8,0x00000000,1,-0.36353,-0.39828,0.04255,-0.05912,-0.07817,8,0x00000000,1,-0.35318,-0.38530,0.07027,-0.47868,-0.43891,8,0x00000000,1,-0.53051,-0.52289,-0.23631,3.81372,3.88118,8,0x00000000,1
71.7556,0.38805,-0.85536,-38.88323,-0.61195,-0.85536,-0.69586,-0.81964,0.22958,0.92371,0.92544,1.74336,0.92544,1.74336,1.00000,0.00000,0,0.00121,-0.50870,-0.49145,-0.09359,4.69495,4.69986,8,0x00000000,1,-0.35373,-0.33388,-0.04167,1.98198,1.93381,8,0x00000000,1,-0.35609,-0.34492,-0.00511,0.29858,0.31958,8,0x00000000,1,-0.35801,-0.39496,0.03150,-0.73523,-0.52484,8,0x00000000,1,-0.34710,-0.37282,0.05274,-0.34962,-0.31756,8,0x00000000,1,-0.53019,-0.53281,-0.01525,3.76338,3.67970,8,0x00000000,1
71.8551,0.48463,-0.89536,-38.97213,-0.51537,-0.89536,-0.57710,-0.87217,0.24658,0.94662,0.82369,1.81880,0.82369,1.81880,1.00000,0.00000,0,0.00127,-0.50982,-0.50534,-0.06058,4.06024,3.99041,8,0x00000000,1,-0.35871,-0.33842,-0.03378,2.23261,2.24180,8,0x00000000,1,-0.36046,-0.34556,0.00113,0.77749,0.68188,8,0x00000000,1,-0.35293,-0.39030,0.05731,-1.03931,-0.96213,8,0x00000000,1,-0.34157,-0.36923,0.03263,-0.90594,-0.84477,8,0x00000000,1,-0.53036,-0.53359,0.00517,3.78682,3.62708,8,0x00000000,1
71.9502,0.57610,-0.89591,-39.00463,-0.42390,-0.89591,-0.48116,-0.89339,0.26075,0.97057,0.74192,1.86395,0.74192,1.86395,1.00000,0.00000,0,0.00040,-0.51007,-0.50866,-0.02064,4.03379,4.08454,8,0x00000000,1,-0.36265,-0.34095,-0.02304,2.50337,2.59165,8,0x00000000,1,-0.36401,-0.34623,-0.00733,1.10215,1.08306,8,0x00000000,1,-0.34948,-0.37716,0.30470,-0.11812,-0.51654,8,0x00000000,1,-0.33772,-0.36645,0.03560,-1.31419,-1.28012,8,0x00000000,1,-0.52991,-0.53400,0.00062,3.68653,3.50220,8,0x00000000,1
72.0488,0.70523,-0.81744,-39.14235,-0.29477,-0.81744,-0.35470,-0.84841,0.27195,0.99421,0.62666,1.84261,0.62666,1.84261,1.00000,0.00000,0,0.00027,-0.50687,-0.50957,-0.00647,3.72896,3.62763,8,0x00000000,1,-0.36791,-0.34466,-0.05806,2.82091,3.02331,8,0x00000000,1,-0.36928,-0.34744,-0.02395,1.58231,1.66477,8,0x00000000,1,-0.34813,-0.36270,0.01815,-0.27911,-0.28095,8,0x00000000,1,-0.33553,-0.36496,0.01537,-1.75085,-1.70980,8,0x00000000,1,-0.52609,-0.53407,0.00654,3.30000,3.47136,8,0x00000000,1
72.1461,0.72972,-0.80199,-39.12451,-0.27028,-0.80199,-0.29166,-0.82303,0.28051,1.01675,0.57217,1.83979,0.57217,1.83979,1.00000,0.00000,0,0.00086,-0.50566,-0.50963,-0.01127,3.62815,3.63930,8,0x00000000,1,-0.37042,-0.35368,-0.07598,2.53955,2.44929,8,0x00000000,1,-0.37175,-0.34867,-0.00396,1.94367,1.94669,8,0x00000000,1,-0.34719,-0.36191,0.02017,-0.44016,-0.41951,8,0x00000000,1,-0.33422,-0.36318,0.02804,-2.01515,-1.95454,8,0x00000000,1,-0.52456,-0.53408,0.00245,3.11735,3.23110,8,0x00000000,1
72.2440,0.74729,-0.76851,-39.09904,-0.25271,-0.76851,-0.26750,-0.78801,0.28803,1.03848,0.55554,1.82649,0.55554,1.82649,1.00000,0.00000,0,0.00037,-0.50477,-0.50962,0.01194,3.57854,3.64464,8,0x00000000,1,-0.37114,-0.35722,-0.01541,2.66229,2.63823,8,0x00000000,1,-0.37255,-0.34993,-0.01197,2.13469,2.18555,8,0x00000000,1,-0.34741,-0.36119,0.00998,-0.54837,-0.56236,8,0x00000000,1,-0.33429,-0.36097,0.04881,-2.08645,-2.07679,8,0x00000000,1,-0.52362,-0.53409,0.00314,2.94353,2.93719,8,0x00000000,1
72.3410,0.81300,-0.73245,-39.03661,-0.18700,-0.73245,-0.22728,-0.75439,0.29480,1.05929,0.52208,1.81369,0.52208,1.81369,1.00000,0.00000,0,0.00026,-0.50357,-0.50964,0.00388,3.40290,3.54721,8,0x00000000,1,-0.37264,-0.35846,-0.00323,2.85618,2.75218,8,0x00000000,1,-0.37410,-0.35126,-0.00733,2.39412,2.51313,8,0x00000000,1,-0.34729,-0.36057,0.01591,-0.65517,-0.77794,8,0x00000000,1,-0.33390,-0.34860,0.23731,-0.95982,-1.19583,8,0x00000000,1,-0.52227,-0.53408,0.00005,2.77842,2.66692,8,0x00000000,1
72.4402,0.92079,-0.68508,-38.94487,-0.07921,-0.68508,-0.11537,-0.70706,0.29930,1.07892,0.41467,1.78598,0.41467,1.78598,1.00000,0.00000,0,0.00218,-0.50026,-0.50966,-0.00704,3.05283,3.13385,8,0x00000000,1,-0.37751,-0.36033,-0.01087,3.29099,3.13297,8,0x00000000,1,-0.37905,-0.35346,-0.02390,2.92152,2.92089,8,0x00000000,1,-0.34635,-0.35951,0.02004,-0.81656,-0.74019,8,0x00000000,1,-0.33216,-0.33547,0.00790,-0.97796,-0.92674,8,0x00000000,1,-0.51841,-0.53404,-0.00877,2.27340,2.49663,8,0x00000000,1
72.5351,0.95465,-0.66540,-38.93509,-0.04535,-0.66540,-0.07305,-0.67161,0.30171,1.09736,0.37477,1.76897,0.37477,1.76897,1.00000,0.00000,0,0.00036,-0.49875,-0.50963,0.00291,2.87303,2.74764,8,0x00000000,1,-0.37930,-0.36195,-0.00552,3.46025,3.43829,8,0x00000000,1,-0.38091,-0.35509,-0.02115,3.18899,3.22020,8,0x00000000,1,-0.34627,-0.35881,0.00386,-0.91336,-0.82903,8,0x00000000,1,-0.33177,-0.33469,-0.00098,-0.91105,-0.84777,8,0x00000000,1,-0.51673,-0.53396,0.01057,2.02979,2.18539,8,0x00000000,1
72.6354,0.94938,-0.63419,-38.93543,-0.05062,-0.63419,-0.05608,-0.64919,0.30339,1.11514,0.35948,1.76433,0.35948,1.76433,1.00000,0.00000,0,0.00184,-0.49825,-0.50963,0.00186,2.75319,2.61254,8,0x00000000,1,-0.37999,-0.36284,-0.01523,3.61172,3.72962,8,0x00000000,1,-0.38161,-0.35621,-0.00993,3.46688,3.43406,8,0x00000000,1,-0.34617,-0.35814,0.00556,-1.03071,-1.01226,8,0x00000000,1,-0.33155,-0.33403,0.01001,-0.99122,-1.00092,8,0x00000000,1,-0.51615,-0.53397,-0.01030,1.77292,1.85849,8,0x00000000,1
72.7325,0.96046,-0.62222,-38.91925,-0.03954,-0.62222,-0.04436,-0.63036,0.30472,1.13238,0.34907,1.76275,0.34907,1.76275,1.00000,0.00000,0,0.00035,-0.49797,-0.50961,0.00317,2.60835,2.67861,8,0x00000000,1,-0.38046,-0.36362,-0.00600,3.82099,3.78948,8,0x00000000,1,-0.38209,-0.35726,-0.00169,3.69291,3.75701,8,0x00000000,1,-0.34603,-0.35740,0.00117,-1.13261,-1.24444,8,0x00000000,1,-0.33134,-0.33383,0.00393,-1.02127,-0.88825,8,0x00000000,1,-0.51582,-0.53389,0.00294,1.59320,1.52990,8,0x00000000,1
72.8281,0.96710,-0.60999,-38.94090,-0.03290,-0.60999,-0.03552,-0.61675,0.30578,1.14921,0.34129,1.76595,0.34129,1.76595,1.00000,0.00000,0,0.00037,-0.49795,-0.50957,0.00854,2.48941,2.51106,8,0x00000000,1,-0.38084,-0.36448,-0.01881,3.95561,3.87789,8,0x00000000,1,-0.38243,-0.35852,-0.01419,3.91635,3.94987,8,0x00000000,1,-0.34575,-0.35686,0.01175,-1.20847,-1.26965,8,0x00000000,1,-0.33101,-0.33360,0.01217,-1.06369,-1.07847,8,0x00000000,1,-0.51574,-0.53380,-0.00266,1.36449,1.34618,8,0x00000000,1
72.9275,0.97891,-0.58142,-38.94897,-0.02109,-0.58142,-0.02856,-0.59827,0.30666,1.16562,0.33522,1.76389,0.33522,1.76389,1.00000,0.00000,0,0.00065,-0.49774,-0.50956,0.00040,2.32405,2.26770,8,0x00000000,1,-0.38111,-0.36545,-0.01183,4.08841,4.15973,8,0x00000000,1,-0.38271,-0.36113,-0.04550,3.94452,3.89995,8,0x00000000,1,-0.34571,-0.35623,0.00298,-1.31776,-1.23041,8,0x00000000,1,-0.33093,-0.33324,0.00266,-1.06608,-1.10616,8,0x00000000,1,-0.51550,-0.53369,-0.00825,1.15368,1.15912,8,0x00000000,1
73.0249,0.99677,-0.51394,-38.98272,-0.00323,-0.51394,-0.01397,-0.55479,0.30706,1.18128,0.32103,1.73607,0.32103,1.73607,1.00000,0.00000,16,0.00055,-0.49630,-0.50949,-0.00278,2.01573,2.08282,8,0x00000000,1,-0.38166,-0.36725,-0.02061,4.18105,4.13340,8,0x00000000,1,-0.38345,-0.37067,-0.09030,3.43860,3.47416,8,0x00000000,1,-0.34658,-0.35555,0.01159,-1.32506,-1.18326,8,0x00000000,1,-0.33162,-0.33298,0.00119,-1.00358,-1.07060,8,0x00000000,1,-0.51408,-0.53348,-0.00277,0.82669,0.73649,8,0x00000000,1
73.1247,1.00713,-0.43922,-39.02421,0.00713,-0.43922,0.00111,-0.48051,0.30706,1.19521,0.30594,1.67572,0.30594,1.67572,1.00000,0.00000,16,0.00333,-0.49347,-0.50938,0.00040,1.70365,1.61432,8,0x00000000,1,-0.38214,-0.37156,-0.09762,3.84299,3.75214,8,0x00000000,1,-0.38433,-0.37761,-0.07057,3.20449,3.14806,8,0x00000000,1,-0.34878,-0.35547,0.00199,-1.25511,-1.27569,8,0x00000000,1,-0.33353,-0.33300,-0.00422,-0.87720,-0.89370,8,0x00000000,1,-0.51142,-0.53310,0.00049,0.44134,0.57420,8,0x00000000,1
73.2180,1.01354,-0.31783,-38.98850,0.01354,-0.31783,0.01122,-0.38587,0.30706,1.20691,0.29584,1.59278,0.29584,1.59278,1.00000,0.00000,16,0.00048,-0.48981,-0.50920,-0.00337,1.30497,1.39230,8,0x00000000,1,-0.38230,-0.38667,-0.16338,2.66325,2.57171,8,0x00000000,1,-0.38506,-0.38372,-0.05213,2.94063,2.97444,8,0x00000000,1,-0.35200,-0.35550,0.00192,-1.12365,-1.22774,8,0x00000000,1,-0.33642,-0.33302,-0.01162,-0.73338,-0.74763,8,0x00000000,1,-0.50803,-0.53232,0.00865,0.04951,0.18749,8,0x00000000,1
73.3170,1.01680,-0.22473,-38.95471,0.01679,-0.22473,0.01386,-0.27637,0.30706,1.21574,0.29320,1.49210,0.29320,1.49210,1.00000,0.00000,16,0.00025,-0.48556,-0.50885,0.01148,0.74390,0.69921,8,0x00000000,1,-0.38204,-0.39338,-0.01761,2.54787,2.55174,8,0x00000000,1,-0.38551,-0.38811,-0.02546,2.74540,2.69870,8,0x00000000,1,-0.35610,-0.35561,-0.00169,-0.83817,-0.94350,8,0x00000000,1,-0.34018,-0.33300,0.00580,-0.34084,-0.43656,8,0x00000000,1,-0.50417,-0.53080,0.01078,-0.44406,-0.33854,8,0x00000000,1
73.4155,1.01207,-0.20210,-38.95212,0.01207,-0.20210,0.01319,-0.22039,0.30706,1.22227,0.29386,1.44267,0.29386,1.44267,1.00000,0.00000,16,0.00083,-0.48351,-0.50857,-0.01322,0.33832,0.45291,8,0x00000000,1,-0.38183,-0.39434,-0.00493,2.34112,2.31070,8,0x00000000,1,-0.38565,-0.38913,-0.00701,2.71775,2.73858,8,0x00000000,1,-0.35816,-0.35570,0.00518,-0.71546,-0.81521,8,0x00000000,1,-0.34208,-0.33303,-0.00472,-0.17687,-0.26720,8,0x00000000,1,-0.50232,-0.52944,0.00837,-0.80331,-0.75306,8,0x00000000,1
73.5111,1.01157,-0.20033,-38.94774,0.01157,-0.20033,0.01404,-0.20438,0.30706,1.22795,0.29302,1.43233,0.29302,1.43233,1.00000,0.00000,16,0.00029,-0.48306,-0.50820,0.00370,0.08322,0.11519,8,0x00000000,1,-0.38183,-0.39445,-0.00150,2.20379,2.15893,8,0x00000000,1,-0.38572,-0.38948,0.00819,2.67677,2.60109,8,0x00000000,1,-0.35857,-0.35575,0.00040,-0.70415,-0.66702,8,0x00000000,1,-0.34245,-0.33303,-0.00176,-0.02847,0.03592,8,0x00000000,1,-0.50191,-0.52857,0.00305,-1.01592,-0.96805,8,0x00000000,1
73.6107,1.01399,-0.20106,-38.94431,0.01399,-0.20106,0.01416,-0.20190,0.30706,1.23342,0.29290,1.43532,0.29290,1.43532,1.00000,0.00000,16,0.00193,-0.48318,-0.50783,0.00978,-0.14856,-0.05905,8,0x00000000,1,-0.38185,-0.39444,0.00449,2.09136,2.02062,8,0x00000000,1,-0.38572,-0.38959,0.00507,2.61253,2.56386,8,0x00000000,1,-0.35844,-0.35577,0.00095,-0.69835,-0.71387,8,0x00000000,1,-0.34233,-0.33302,0.00958,0.07669,-0.02949,8,0x00000000,1,-0.50202,-0.52762,0.01276,-1.22593,-1.23654,8,0x00000000,1
73.7055,1.01336,-0.20041,-38.95573,1.01336,-0.20041,0.42790,-0.20074,0.35566,1.23885,-0.07224,1.43959,-0.07224,1.43959,0.00000,0.00000,0,0.00083,-0.47604,-0.50748,0.01849,-0.87289,-0.42549,8,0x00000000,1,-0.39874,-0.39514,-0.08931,2.79582,2.86770,8,0x00000000,1,-0.40227,-0.38966,-0.01320,3.69562,3.49245,8,0x00000000,1,-0.35115,-0.35576,-0.00026,-1.18543,-0.76982,8,0x00000000,1,-0.33269,-0.33305,-0.00011,-0.55038,-0.02241,8,0x00000000,1,-0.49264,-0.52589,0.11050,-1.81304,-2.03935,8,0x00000000,1
73.8000,1.03279,0.03082,-39.07367,1.03279,0.03082,0.90225,-0.10782,0.33580,1.24353,-0.56644,1.35136,-0.56644,1.35136,0.00000,0.00000,0,0.00042,-0.46244,-0.49854,0.09375,-1.59558,-1.49790,8,0x00000000,1,-0.42125,-0.40668,-0.11727,3.96539,4.01774,8,0x00000000,1,-0.42502,-0.41119,-0.37778,3.18663,3.10415,8,0x00000000,1,-0.34513,-0.35137,0.04156,-1.35305,-1.25771,8,0x00000000,1,-0.32325,-0.33071,0.01684,-1.31141,-1.16303,8,0x00000000,1,-0.47644,-0.49443,0.50086,-0.01947,-0.26547,8,0x00000000,1
73.8948,0.90730,0.31404,-39.20395,0.90730,0.31404,0.94460,0.15828,0.31030,1.24251,-0.63430,1.08423,-0.63430,1.08423,0.00000,0.00000,0,0.00043,-0.44997,-0.47334,-0.01005,-1.24109,-1.21456,8,0x00000000,1,-0.42333,-0.41393,-0.02853,3.66756,3.69999,8,0x00000000,1,-0.42907,-0.42698,-0.00303,3.26524,3.31454,8,0x00000000,1,-0.35482,-0.35142,-0.01248,-0.72232,-0.77017,8,0x00000000,1,-0.33166,-0.33066,0.00520,-0.46286,-0.46908,8,0x00000000,1,-0.46459,-0.47879,0.16070,-0.99961,-1.09295,8,0x00000000,1
73.9902,0.77830,0.38086,-39.28234,0.77830,0.38086,0.84754,0.33718,0.28600,1.23527,-0.56154,0.89808,-0.56154,0.89808,0.00000,0.00000,0,0.00031,-0.44369,-0.46902,0.05717,-1.41548,-1.37987,8,0x00000000,1,-0.41923,-0.41635,-0.01661,3.14726,3.21612,8,0x00000000,1,-0.42643,-0.42701,0.00387,2.94362,2.96744,8,0x00000000,1,-0.36393,-0.35238,-0.02236,0.03519,0.07246,8,0x00000000,1,-0.34062,-0.33074,-0.00608,0.31662,0.23729,8,0x00000000,1,-0.45946,-0.46666,0.02343,-0.99992,-0.96834,8,0x00000000,1
74.0885,0.67222,0.51296,-39.10368,0.67222,0.51296,0.75430,0.43395,0.26435,1.22490,-0.48995,0.79095,-0.48995,0.79095,0.00000,0.00000,0,0.00040,-0.44068,-0.44715,0.00283,-0.45878,-0.18017,8,0x00000000,1,-0.41551,-0.41722,-0.00516,2.85910,2.91673,8,0x00000000,1,-0.42355,-0.42699,0.00102,2.72420,2.58628,8,0x00000000,1,-0.36976,-0.35331,-0.01295,0.28751,0.19455,8,0x00000000,1,-0.34654,-0.33101,-0.00433,0.73987,0.58645,8,0x00000000,1,-0.45728,-0.46588,0.00857,-1.11824,-1.17896,8,0x00000000,1
74.1846,0.64473,0.53351,-39.11137,0.64473,0.53351,0.67460,0.51504,0.24528,1.21173,-0.42932,0.69669,-0.42932,0.69669,0.00000,0.00000,0,0.00039,-0.43798,-0.44635,0.00945,-0.60563,-0.61201,8,0x00000000,1,-0.41235,-0.41730,-0.00241,2.65344,2.74333,8,0x00000000,1,-0.42112,-0.42698,0.00029,2.52521,2.29258,8,0x00000000,1,-0.37485,-0.35548,-0.01788,0.77958,0.79848,8,0x00000000,1,-0.35169,-0.33218,-0.00487,1.18812,1.13407,8,0x00000000,1,-0.45530,-0.46483,0.00979,-1.30856,-1.19667,8,0x00000000,1
74.2809,0.64002,0.54188,-39.09366,0.64002,0.54188,0.64959,0.53922,0.22747,1.19741,-0.42212,0.65819,-0.42212,0.65819,0.00000,0.00000,0,0.00031,-0.43653,-0.44553,0.01767,-0.75491,-0.80871,8,0x00000000,1,-0.41187,-0.41727,0.00983,2.62035,2.66018,8,0x00000000,1,-0.42093,-0.42697,0.00728,2.46574,2.52437,8,0x00000000,1,-0.37659,-0.35653,-0.00669,1.02579,0.96064,8,0x00000000,1,-0.35334,-0.33305,-0.02384,1.42610,1.40984,8,0x00000000,1,-0.45403,-0.46406,0.02039,-1.42518,-1.59327,8,0x00000000,1
74.3779,0.63523,0.54870,-39.10481,0.63523,0.54870,0.63961,0.54701,0.21009,1.18273,-0.42951,0.63572,-0.42951,0.63572,0.00000,0.00000,0,0.00158,-0.43545,-0.44478,0.00245,-0.87468,-0.91430,8,0x00000000,1,-0.41212,-0.41731,-0.00015,2.57665,2.62006,8,0x00000000,1,-0.42134,-0.42698,0.00141,2.43044,2.38261,8,0x00000000,1,-0.37737,-0.35709,0.00266,1.25501,1.27522,8,0x00000000,1,-0.35400,-0.33425,-0.01575,1.54371,1.38344,8,0x00000000,1,-0.45299,-0.46327,0.00322,-1.55900,-1.47468,8,0x00000000,1
74.4752,0.62297,0.55197,-39.10104,0.62297,0.55197,0.63022,0.55123,0.19296,1.16789,-0.43726,0.61666,-0.43726,0.61666,0.00000,0.00000,0,0.00044,-0.43451,-0.44403,0.02568,-0.95614,-1.13672,8,0x00000000,1,-0.41240,-0.41731,-0.00130,2.53358,2.73216,8,0x00000000,1,-0.42177,-0.42696,0.00755,2.41922,2.36722,8,0x00000000,1,-0.37801,-0.35776,-0.01552,1.47073,1.61905,8,0x00000000,1,-0.35453,-0.33529,-0.01042,1.75802,1.72567,8,0x00000000,1,-0.45207,-0.46240,0.01197,-1.62529,-1.54786,8,0x00000000,1
74.5723,0.61209,0.55909,-39.09151,0.61209,0.55909,0.61928,0.55549,0.17610,1.15297,-0.44318,0.59748,-0.44318,0.59748,0.00000,0.00000,0,0.00146,-0.43359,-0.44328,0.01022,-1.08816,-1.15230,8,0x00000000,1,-0.41260,-0.41730,-0.00079,2.49054,2.44408,8,0x00000000,1,-0.42210,-0.42699,-0.00326,2.36467,2.31263,8,0x00000000,1,-0.37869,-0.35846,0.00988,1.73565,1.55978,8,0x00000000,1,-0.35510,-0.33640,-0.01323,1.93554,2.01792,8,0x00000000,1,-0.45119,-0.46155,-0.00225,-1.79741,-1.71376,8,0x00000000,1
74.6690,0.60366,0.56274,-39.10528,0.60366,0.56274,0.60937,0.56101,0.15952,1.13788,-0.44986,0.57687,-0.44986,0.57687,0.00000,0.00000,0,0.00188,-0.43260,-0.44250,0.00312,-1.25254,-1.37534,8,0x00000000,1,-0.41282,-0.41730,-0.00053,2.45992,2.45215,8,0x00000000,1,-0.42248,-0.42697,0.00113,2.32803,2.24994,8,0x00000000,1,-0.37941,-0.35917,-0.00975,1.93724,1.94820,8,0x00000000,1,-0.35571,-0.33722,-0.00706,2.15353,2.16027,8,0x00000000,1,-0.45023,-0.46071,0.01441,-1.92507,-1.93205,8,0x00000000,1
74.7639,0.59988,0.56845,-39.10743,0.59988,0.56845,0.60128,0.56493,0.14318,1.12268,-0.45810,0.55775,-0.45810,0.55775,0.00000,0.00000,0,0.00036,-0.43164,-0.44173,0.01833,-1.35923,-1.23568,8,0x00000000,1,-0.41313,-0.41730,-0.00296,2.41577,2.22699,8,0x00000000,1,-0.42293,-0.42698,-0.00131,2.28997,2.13447,8,0x00000000,1,-0.38004,-0.35996,-0.01713,2.15915,2.21158,8,0x00000000,1,-0.35623,-0.33789,0.00378,2.33675,2.18962,8,0x00000000,1,-0.44930,-0.46006,0.00560,-2.01849,-1.93915,8,0x00000000,1
74.8596,0.59169,0.57017,-39.09822,0.59169,0.57017,0.59577,0.56839,0.12701,1.10737,-0.46876,0.53898,-0.46876,0.53898,0.00000,0.00000,0,0.00024,-0.43065,-0.44086,0.00426,-1.50192,-1.40950,8,0x00000000,1,-0.41355,-0.41731,-0.00536,2.39267,2.41106,8,0x00000000,1,-0.42348,-0.42697,-0.00496,2.31524,2.37778,8,0x00000000,1,-0.38061,-0.36076,-0.01832,2.36987,2.43726,8,0x00000000,1,-0.35666,-0.33854,-0.01405,2.53559,2.38467,8,0x00000000,1,-0.44831,-0.45943,0.00740,-2.19621,-2.21850,8,0x00000000,1
74.9579,0.58397,0.57255,-39.10107,0.58397,0.57255,0.58806,0.57084,0.11105,1.09200,-0.47701,0.52116,-0.47701,0.52116,0.00000,0.00000,0,0.00119,-0.42975,-0.44010,0.01522,-1.61347,-1.75970,8,0x00000000,1,-0.41386,-0.41727,0.01051,2.40048,2.33883,8,0x00000000,1,-0.42392,-0.42696,0.00351,2.29899,2.32605,8,0x00000000,1,-0.38118,-0.36140,-0.01283,2.58044,2.64255,8,0x00000000,1,-0.35713,-0.33913,-0.00321,2.75173,2.81666,8,0x00000000,1,-0.44742,-0.45889,0.00628,-2.35437,-2.03785,8,0x00000000,1
75.0540,0.57229,0.57977,-39.08811,0.57229,0.57977,0.57911,0.57570,0.09528,1.07653,-0.48383,0.50083,-0.48383,0.50083,0.00000,0.00000,0,0.00036,-0.42877,-0.43916,0.01482,-1.71503,-1.80791,8,0x00000000,1,-0.41409,-0.41730,-0.00235,2.35501,2.39482,8,0x00000000,1,-0.42431,-0.42696,0.00271,2.28902,2.18414,8,0x00000000,1,-0.38189,-0.36210,-0.00302,2.83051,2.75642,8,0x00000000,1,-0.35772,-0.33975,-0.01674,2.93703,2.91485,8,0x00000000,1,-0.44648,-0.45830,0.00206,-2.51743,-2.35411,8,0x00000000,1
75.1510,0.55842,0.58413,-39.08987,0.55842,0.58413,0.56662,0.58042,0.07981,1.06092,-0.48681,0.48050,-0.48681,0.48050,0.00000,0.00000,0,0.00025,-0.42787,-0.43763,0.02448,-1.78653,-1.69132,8,0x00000000,1,-0.41415,-0.41730,-0.00132,2.32132,2.14653,8,0x00000000,1,-0.42452,-0.42696,0.00345,2.27243,2.34152,8,0x00000000,1,-0.38267,-0.36292,-0.00637,3.07884,3.07677,8,0x00000000,1,-0.35842,-0.34046,-0.00502,3.15684,3.29887,8,0x00000000,1,-0.44563,-0.45780,-0.00377,-2.66908,-2.65763,8,0x00000000,1
75.2495,0.53695,0.59749,-39.08016,0.53695,0.59749,0.54980,0.58994,0.06473,1.04512,-0.48507,0.45518,-0.48507,0.45518,0.00000,0.00000,0,0.00124,-0.42685,-0.43229,0.13484,-1.23028,-1.28232,8,0x00000000,1,-0.41397,-0.41730,-0.00311,2.24179,2.16068,8,0x00000000,1,-0.42453,-0.42694,0.00681,2.26801,2.17556,8,0x00000000,1,-0.38376,-0.36370,-0.00452,3.30850,3.38000,8,0x00000000,1,-0.35943,-0.34135,-0.00233,3.37212,3.37101,8,0x00000000,1,-0.44472,-0.45716,0.00830,-2.81896,-2.65792,8,0x00000000,1
75.3460,0.48514,0.64927,-39.00890,0.48514,0.64927,0.50877,0.62368,0.05042,1.02881,-0.45835,0.40513,-0.45835,0.40513,0.00000,0.00000,0,0.00029,-0.42531,-0.42293,0.04286,-1.03899,-1.10427,8,0x00000000,1,-0.41254,-0.41728,0.00070,2.09597,2.11764,8,0x00000000,1,-0.42349,-0.42696,-0.00125,2.10887,2.00271,8,0x00000000,1,-0.38635,-0.36465,-0.01675,3.67380,3.68060,8,0x00000000,1,-0.36202,-0.34291,-0.02325,3.67581,3.59094,8,0x00000000,1,-0.44352,-0.45640,0.00663,-2.98761,-3.05081,8,0x00000000,1
75.4458,0.44470,0.65954,-39.00153,0.44470,0.65954,0.47295,0.64605,0.03718,1.01162,-0.43577,0.36557,-0.43577,0.36557,0.00000,0.00000,0,0.00046,-0.42412,-0.41878,0.07113,-0.69146,-0.81153,8,0x00000000,1,-0.41135,-0.41727,0.00534,1.98410,1.81017,8,0x00000000,1,-0.42259,-0.42694,-0.00552,2.00646,1.94590,8,0x00000000,1,-0.38844,-0.36601,-0.01856,3.97110,3.83313,8,0x00000000,1,-0.36411,-0.34680,-0.07262,3.57918,3.57566,8,0x00000000,1,-0.44262,-0.45498,0.02590,-3.07957,-2.84551,8,0x00000000,1
75.5403,0.35346,0.65667,-39.04771,0.35346,0.65667,0.40892,0.65923,0.02521,0.99392,-0.38371,0.33468,-0.38371,0.33468,0.00000,0.00000,0,0.00036,-0.42389,-0.41571,-0.00199,-0.61075,-0.57404,8,0x00000000,1,-0.40884,-0.41717,0.00592,1.69523,1.63699,8,0x00000000,1,-0.42032,-0.42687,0.00173,1.82596,1.81957,8,0x00000000,1,-0.39074,-0.36794,-0.03138,4.25230,4.30073,8,0x00000000,1,-0.36662,-0.35957,-0.15652,2.77350,2.54137,8,0x00000000,1,-0.44281,-0.45298,0.03315,-3.02397,-3.01422,8,0x00000000,1
75.6403,0.24701,0.64990,-39.13513,0.24701,0.64990,0.30088,0.65092,0.01570,0.97627,-0.28517,0.32535,-0.28517,0.32535,0.00000,0.00000,0,0.00036,-0.42547,-0.41567,0.01554,-0.28340,-0.39849,8,0x00000000,1,-0.40428,-0.41676,0.00877,1.26412,1.32884,8,0x00000000,1,-0.41585,-0.42668,-0.00216,1.39477,1.38319,8,0x00000000,1,-0.39306,-0.37135,-0.04879,4.35726,4.22647,8,0x00000000,1,-0.36953,-0.36741,-0.00716,2.94228,3.10509,8,0x00000000,1,-0.44503,-0.44763,0.04699,-2.50733,-2.52584,8,0x00000000,1
75.7376,0.20106,0.64134,-39.13639,0.20106,0.64134,0.23489,0.64395,0.00860,0.95880,-0.22628,0.31485,-0.22628,0.31485,0.00000,0.00000,0,0.00085,-0.42621,-0.41572,-0.00224,-0.20770,-0.17190,8,0x00000000,1,-0.40153,-0.41603,0.01787,1.05270,1.00328,8,0x00000000,1,-0.41319,-0.42651,0.00097,1.10649,1.15196,8,0x00000000,1,-0.39465,-0.37698,-0.04953,4.26994,4.29686,8,0x00000000,1,-0.37145,-0.36814,-0.00768,3.04389,2.84996,8,0x00000000,1,-0.44617,-0.44429,0.04588,-2.26051,-2.19692,8,0x00000000,1
75.8337,0.13822,0.64798,-39.14261,0.13822,0.64798,0.18145,0.64286,0.00299,0.94145,-0.17846,0.29859,-0.17846,0.29859,0.00000,0.00000,0,0.00028,-0.42649,-0.41572,0.00311,-0.06614,-0.04894,8,0x00000000,1,-0.39927,-0.41476,0.01721,0.86108,0.89914,8,0x00000000,1,-0.41106,-0.42635,0.00448,0.83626,0.82226,8,0x00000000,1,-0.39627,-0.38435,-0.09672,3.99843,3.92474,8,0x00000000,1,-0.37330,-0.36888,-0.01644,3.13254,3.09225,8,0x00000000,1,-0.44680,-0.43397,0.22278,-0.92313,-1.11581,8,0x00000000,1
75.9322,-0.00075,0.66065,-39.16529,-0.00075,0.66065,0.06512,0.65710,-0.00035,0.92385,-0.06547,0.26675,-0.06547,0.26675,0.00000,0.00000,0,0.00040,-0.42743,-0.41572,-0.00374,0.09293,0.08634,8,0x00000000,1,-0.39396,-0.41286,0.02837,0.38313,0.46512,8,0x00000000,1,-0.40600,-0.42604,0.00129,0.32187,0.65773,8,0x00000000,1,-0.39981,-0.39229,-0.05118,3.93643,3.81525,8,0x00000000,1,-0.37744,-0.37009,-0.01302,3.40345,3.24819,8,0x00000000,1,-0.44855,-0.42525,0.00419,-0.66776,-0.73877,8,0x00000000,1
76.0283,-0.03187,0.64775,-39.15570,-0.03187,0.64775,-0.00234,0.65307,-0.00094,0.90611,0.00140,0.25304,0.00140,0.25304,0.00000,0.00000,16,0.00090,-0.42819,-0.41576,0.00106,0.27877,0.27176,8,0x00000000,1,-0.39084,-0.41118,0.01669,0.09636,0.08428,8,0x00000000,1,-0.40299,-0.42554,0.00217,-0.10035,-0.14850,8,0x00000000,1,-0.40169,-0.39522,-0.01809,3.99127,3.84688,8,0x00000000,1,-0.37969,-0.37144,-0.00987,3.54584,3.41418,8,0x00000000,1,-0.44978,-0.42515,0.00534,-0.28582,-0.40086,8,0x00000000,1
76.1256,-0.04901,0.63657,-39.15044,-0.04901,0.63657,-0.03597,0.64230,-0.00046,0.88864,0.03551,0.24634,0.03551,0.24634,0.00000,0.00000,0,0.00036,-0.42860,-0.41586,-0.00052,0.46917,0.36528,8,0x00000000,1,-0.38925,-0.40961,0.02246,-0.09230,-0.25028,8,0x00000000,1,-0.40145,-0.42515,0.00916,-0.43097,-0.38157,8,0x00000000,1,-0.40264,-0.39689,-0.00671,4.05451,4.21801,8,0x00000000,1,-0.38083,-0.37221,-0.00616,3.67991,3.54460,8,0x00000000,1,-0.45042,-0.42523,0.00904,0.07766,0.09858,8,0x00000000,1
76.2223,-0.05971,0.63280,-39.14977,-0.05971,0.63280,-0.05273,0.63595,0.00077,0.87139,0.05350,0.23544,0.05350,0.23544,0.00000,0.00000,0,0.00046,-0.42850,-0.41595,0.00458,0.61766,0.51782,8,0x00000000,1,-0.38839,-0.40634,0.07096,0.00675,-0.06513,8,0x00000000,1,-0.40067,-0.42482,0.00713,-0.70291,-0.54169,8,0x00000000,1,-0.40344,-0.39808,-0.01905,4.07112,3.90880,8,0x00000000,1,-0.38171,-0.37282,-0.01586,3.75113,3.85096,8,0x00000000,1,-0.45048,-0.42536,-0.00307,0.26214,0.44523,8,0x00000000,1
76.3182,-0.06731,0.62062,-39.14786,-0.06731,0.62062,-0.06254,0.62848,0.00235,0.85431,0.06489,0.22583,0.06489,0.22583,0.00000,0.00000,0,0.00199,-0.42833,-0.41608,-0.01009,0.69381,0.77087,8,0x00000000,1,-0.38783,-0.40105,0.03439,0.05462,0.06989,8,0x00000000,1,-0.40018,-0.42432,0.00480,-0.98383,-0.88648,8,0x00000000,1,-0.40406,-0.39892,-0.00969,4.10882,4.13672,8,0x00000000,1,-0.38237,-0.37347,-0.01477,3.87418,3.99510,8,0x00000000,1,-0.45042,-0.42549,-0.01006,0.55132,0.62246,8,0x00000000,1
76.4144,-0.07771,0.60396,-39.15058,-0.07771,0.60396,-0.07084,0.61176,0.00415,0.83759,0.07498,0.22583,0.07498,0.22583,0.00000,0.00000,0,0.00033,-0.42853,-0.41632,0.00683,0.88905,0.87105,8,0x00000000,1,-0.38736,-0.39920,0.00744,-0.09991,0.04642,8,0x00000000,1,-0.39972,-0.42375,0.00655,-1.27941,-1.24294,8,0x00000000,1,-0.40426,-0.39960,-0.00435,4.16574,4.29042,8,0x00000000,1,-0.38263,-0.37394,-0.00366,3.95548,4.04491,8,0x00000000,1,-0.45068,-0.42567,0.00789,0.89357,0.86625,8,0x00000000,1
76.5094,-0.08262,0.59363,-39.16429,-0.08262,0.59363,-0.07789,0.60066,0.00617,0.82123,0.08406,0.22056,0.08406,0.22056,0.00000,0.00000,0,0.00029,-0.42850,-0.41670,-0.01275,0.93414,0.93403,8,0x00000000,1,-0.38693,-0.39841,-0.00386,-0.20878,-0.06477,8,0x00000000,1,-0.39932,-0.42306,0.00643,-1.47925,-1.52356,8,0x00000000,1,-0.40466,-0.40039,-0.01304,4.17957,4.13632,8,0x00000000,1,-0.38306,-0.37440,0.00270,4.05819,4.11802,8,0x00000000,1,-0.45072,-0.42603,0.00140,1.15177,1.15551,8,0x00000000,1
76.6085,-0.08906,0.58427,-39.16370,-0.08906,0.58427,-0.08521,0.59028,0.00837,0.80516,0.09359,0.21488,0.09359,0.21488,0.00000,0.00000,0,0.00177,-0.42845,-0.41709,-0.00821,1.08015,1.22409,8,0x00000000,1,-0.38647,-0.39760,0.00522,-0.28681,-0.26638,8,0x00000000,1,-0.39890,-0.42197,0.00332,-1.73180,-1.60310,8,0x00000000,1,-0.40508,-0.40102,-0.01059,4.17560,4.09527,8,0x00000000,1,-0.38353,-0.37512,-0.01081,4.11126,4.18265,8,0x00000000,1,-0.45075,-0.42675,0.00119,1.37530,1.37157,8,0x00000000,1
