t_s,roll,pitch,yaw,err_r,err_p,err_r_filt,err_p_filt,integ_r,integ_p,pi_out_r,pi_out_p,corr_r,corr_p,target_roll,target_pitch,clip_flags,dt_actual,mt_0,enc_0,vel_0,iq_sp_0,iq_0,state_0,aerr_0,fmode_0,mt_1,enc_1,vel_1,iq_sp_1,iq_1,state_1,aerr_1,fmode_1,mt_2,enc_2,vel_2,iq_sp_2,iq_2,state_2,aerr_2,fmode_2,mt_3,enc_3,vel_3,iq_sp_3,iq_3,state_3,aerr_3,fmode_3,mt_4,enc_4,vel_4,iq_sp_4,iq_4,state_4,aerr_4,fmode_4,mt_5,enc_5,vel_5,iq_sp_5,iq_5,state_5,aerr_5,fmode_5
0.0000,-0.04952,0.32221,-39.51729,-0.04952,0.32221,-0.04481,0.32591,-0.03243,0.65570,0.01237,0.32979,0.01237,0.32979,0.00000,0.00000,0,0.00033,-0.62929,-0.64122,0.00559,1.33941,1.32228,8,0x00000000,1,-0.58840,-0.59425,-0.00140,2.75895,2.70894,8,0x00000000,1,-0.59989,-0.60292,-0.00379,2.80191,2.82190,8,0x00000000,1,-0.59646,-0.58703,-0.02050,5.69550,5.72663,8,0x00000000,1,-0.57470,-0.58089,-0.00727,2.54050,2.57728,8,0x00000000,1,-0.65077,-0.66181,0.00333,1.02799,1.01139,8,0x00000000,1
0.0991,-0.06086,0.31878,-39.51345,-0.06086,0.31878,-0.05454,0.32190,-0.03102,0.64647,0.02352,0.32456,0.02352,0.32456,0.00000,0.00000,0,0.00045,-0.62930,-0.64116,0.00094,1.18514,1.07688,8,0x00000000,1,-0.58787,-0.59424,0.00345,2.64540,2.61949,8,0x00000000,1,-0.59939,-0.60291,-0.00446,2.71776,2.69313,8,0x00000000,1,-0.59690,-0.58858,-0.00376,5.76446,5.61145,8,0x00000000,1,-0.57518,-0.58087,0.00490,2.51234,2.46744,8,0x00000000,1,-0.65086,-0.66173,0.00320,0.88424,0.83592,8,0x00000000,1
0.2042,-0.07005,0.31549,-39.49850,-0.07005,0.31549,-0.06356,0.31880,-0.02932,0.63733,0.03423,0.31852,0.03423,0.31852,0.00000,0.00000,0,0.00036,-0.62926,-0.64107,-0.00383,1.04027,1.03613,8,0x00000000,1,-0.58735,-0.59425,0.00307,2.55825,2.65566,8,0x00000000,1,-0.59892,-0.60290,0.00032,2.65214,2.64989,8,0x00000000,1,-0.59736,-0.59069,-0.02829,5.70952,5.84284,8,0x00000000,1,-0.57569,-0.58087,0.00367,2.44142,2.53158,8,0x00000000,1,-0.65092,-0.66167,0.00191,0.75465,0.77822,8,0x00000000,1
0.3073,-0.08219,0.30876,-39.48650,-0.08219,0.30876,-0.07561,0.31214,-0.02733,0.62835,0.04828,0.31620,0.04828,0.31620,0.00000,0.00000,0,0.00040,-0.62944,-0.64100,-0.01003,0.91106,1.05678,8,0x00000000,1,-0.58670,-0.59425,-0.00089,2.40502,2.34971,8,0x00000000,1,-0.59829,-0.60288,0.00495,2.55229,2.46364,8,0x00000000,1,-0.59773,-0.59386,-0.05388,5.53260,5.63238,8,0x00000000,1,-0.57614,-0.58088,0.00315,2.43181,2.40682,8,0x00000000,1,-0.65120,-0.66160,-0.00338,0.64627,0.61234,8,0x00000000,1
0.4097,-0.11724,0.29032,-39.45260,-0.11724,0.29032,-0.09910,0.29975,-0.02487,0.61961,0.07422,0.31986,0.07422,0.31986,0.00000,0.00000,0,0.00224,-0.63012,-0.64089,-0.00025,0.81923,0.82696,8,0x00000000,1,-0.58552,-0.59424,0.00459,2.21667,2.07494,8,0x00000000,1,-0.59709,-0.60287,0.00448,2.41522,2.13277,8,0x00000000,1,-0.59809,-0.60142,-0.09404,4.90917,4.88068,8,0x00000000,1,-0.57668,-0.58089,-0.00607,2.41350,2.47759,8,0x00000000,1,-0.65202,-0.66148,0.00329,0.63585,0.63377,8,0x00000000,1
0.5083,-0.16504,0.25822,-39.39308,-0.16504,0.25822,-0.14308,0.27248,-0.02140,0.61146,0.12168,0.33898,0.12168,0.33898,0.00000,0.00000,0,0.00039,-0.63186,-0.64084,0.00772,0.85743,0.72900,8,0x00000000,1,-0.58341,-0.59425,-0.00309,1.91344,1.96151,8,0x00000000,1,-0.59485,-0.60283,-0.00363,2.16299,2.19437,8,0x00000000,1,-0.59822,-0.60720,-0.02984,4.65316,4.66461,8,0x00000000,1,-0.57718,-0.58088,-0.00501,2.40592,2.32176,8,0x00000000,1,-0.65398,-0.66146,-0.00021,0.64422,0.64201,8,0x00000000,1
0.6119,-0.18397,0.25161,-39.37939,-0.18397,0.25161,-0.17290,0.25663,-0.01683,0.60397,0.15607,0.34733,0.15607,0.34733,0.00000,0.00000,0,0.00030,-0.63289,-0.64083,0.00396,0.82741,0.86340,8,0x00000000,1,-0.58185,-0.59423,0.00053,1.70157,1.72165,8,0x00000000,1,-0.59324,-0.60271,0.00833,1.96420,1.97484,8,0x00000000,1,-0.59855,-0.60888,-0.00466,4.49792,4.27352,8,0x00000000,1,-0.57776,-0.58086,0.00479,2.41007,2.43105,8,0x00000000,1,-0.65520,-0.66144,0.00820,0.63900,0.75248,8,0x00000000,1
0.7140,-0.18932,0.25188,-39.36555,-0.18932,0.25188,-0.18514,0.25268,-0.01168,0.59673,0.17346,0.34405,0.17346,0.34405,0.00000,0.00000,0,0.00036,-0.63310,-0.64077,0.00740,0.74679,0.72445,8,0x00000000,1,-0.58104,-0.59421,-0.00350,1.50474,1.47616,8,0x00000000,1,-0.59246,-0.60264,0.00545,1.80624,1.83443,8,0x00000000,1,-0.59903,-0.60964,0.00320,4.35595,4.30274,8,0x00000000,1,-0.57834,-0.58087,0.00090,2.39416,2.45648,8,0x00000000,1,-0.65553,-0.66143,0.00286,0.59528,0.56354,8,0x00000000,1
0.8175,-0.18980,0.25357,-39.36318,-0.18980,0.25357,-0.18852,0.25329,-0.00635,0.58953,0.18216,0.33624,0.18216,0.33624,0.00000,0.00000,0,0.00042,-0.63295,-0.64071,-0.00224,0.61335,0.64661,8,0x00000000,1,-0.58061,-0.59418,0.00103,1.32645,1.41775,8,0x00000000,1,-0.59209,-0.60254,0.00433,1.68905,1.68318,8,0x00000000,1,-0.59953,-0.61003,-0.00254,4.24546,4.28940,8,0x00000000,1,-0.57886,-0.58088,0.00328,2.39502,2.44257,8,0x00000000,1,-0.65547,-0.66141,-0.01333,0.46811,0.53724,8,0x00000000,1
0.9179,-0.18850,0.25539,-39.35718,-0.18850,0.25539,-0.18925,0.25431,-0.00096,0.58229,0.18829,0.32798,0.18829,0.32798,0.00000,0.00000,0,0.00113,-0.63273,-0.64060,0.01596,0.52682,0.45169,8,0x00000000,1,-0.58030,-0.59411,0.01108,1.16396,1.21387,8,0x00000000,1,-0.59183,-0.60246,0.00482,1.56474,1.56553,8,0x00000000,1,-0.59999,-0.61022,0.00397,4.10986,3.91902,8,0x00000000,1,-0.57933,-0.58088,-0.00131,2.42912,2.28932,8,0x00000000,1,-0.65532,-0.66131,-0.00074,0.42125,0.48300,8,0x00000000,1
1.0181,-0.19125,0.25450,-39.35889,-0.19125,0.25450,-0.19041,0.25469,0.00444,0.57504,0.19486,0.32035,0.19486,0.32035,0.00000,0.00000,0,0.00028,-0.63255,-0.64051,0.00106,0.36137,0.50019,8,0x00000000,1,-0.57997,-0.59404,-0.00185,0.97282,1.02342,8,0x00000000,1,-0.59156,-0.60236,0.00540,1.41543,1.39975,8,0x00000000,1,-0.60044,-0.61031,-0.01002,4.01735,3.83610,8,0x00000000,1,-0.57980,-0.58089,-0.00516,2.42532,2.38687,8,0x00000000,1,-0.65520,-0.66118,-0.00413,0.33568,0.33364,8,0x00000000,1
1.1228,-0.18925,0.25324,-39.35744,-0.18925,0.25324,-0.18915,0.25508,0.00985,0.56776,0.19900,0.31268,0.19900,0.31268,0.00000,0.00000,0,0.00025,-0.63231,-0.64038,0.00347,0.29059,0.21961,8,0x00000000,1,-0.57975,-0.59388,0.00702,0.78591,0.90972,8,0x00000000,1,-0.59139,-0.60222,0.00667,1.25306,1.18846,8,0x00000000,1,-0.60084,-0.61031,0.00178,3.96538,3.96547,8,0x00000000,1,-0.58020,-0.58087,0.00406,2.44250,2.52307,8,0x00000000,1,-0.65502,-0.66098,0.00749,0.27454,0.42015,8,0x00000000,1
1.2253,-0.18737,0.25091,-39.35776,-0.18737,0.25091,-0.18794,0.25222,0.01523,0.56054,0.20317,0.30831,0.20317,0.30831,0.00000,0.00000,0,0.00033,-0.63221,-0.64026,-0.00309,0.17472,0.22462,8,0x00000000,1,-0.57954,-0.59367,0.00464,0.60391,0.54354,8,0x00000000,1,-0.59122,-0.60211,-0.00032,1.12023,1.20741,8,0x00000000,1,-0.60110,-0.61030,0.00593,3.84138,3.78915,8,0x00000000,1,-0.58047,-0.58089,-0.00501,2.44476,2.50791,8,0x00000000,1,-0.65496,-0.66084,0.00586,0.18643,0.09916,8,0x00000000,1
1.3297,-0.19170,0.25277,-39.35444,-0.19170,0.25277,-0.19053,0.25210,0.02062,0.55336,0.21114,0.30126,0.21114,0.30126,0.00000,0.00000,0,0.00039,-0.63208,-0.64013,0.00041,0.11799,0.12586,8,0x00000000,1,-0.57915,-0.59333,0.00900,0.43241,0.35615,8,0x00000000,1,-0.59088,-0.60198,-0.00751,0.94697,1.00261,8,0x00000000,1,-0.60155,-0.61029,-0.00402,3.70594,3.73694,8,0x00000000,1,-0.58095,-0.58088,0.00064,2.49261,2.49434,8,0x00000000,1,-0.65490,-0.66066,-0.00273,0.12672,0.08319,8,0x00000000,1
1.4344,-0.19031,0.25345,-39.35801,-0.19031,0.25345,-0.19003,0.25299,0.02604,0.54616,0.21607,0.29317,0.21607,0.29317,0.00000,0.00000,0,0.00043,-0.63184,-0.63997,0.00494,-0.01972,-0.09279,8,0x00000000,1,-0.57889,-0.59260,0.00468,0.31861,0.33831,8,0x00000000,1,-0.59068,-0.60178,0.00507,0.82891,0.88942,8,0x00000000,1,-0.60199,-0.61026,0.00024,3.68079,3.61389,8,0x00000000,1,-0.58138,-0.58088,0.00412,2.50712,2.50600,8,0x00000000,1,-0.65473,-0.66042,0.00750,0.08562,0.03137,8,0x00000000,1
1.5384,-0.19208,0.25187,-39.35804,-0.19208,0.25187,-0.19077,0.25272,0.03146,0.53894,0.22223,0.28622,0.22223,0.28622,0.00000,0.00000,0,0.00096,-0.63167,-0.63977,0.00665,-0.09971,-0.16686,8,0x00000000,1,-0.57858,-0.59145,0.01519,0.19285,0.42419,8,0x00000000,1,-0.59042,-0.60161,0.00022,0.69817,0.75262,8,0x00000000,1,-0.60239,-0.61024,0.00723,3.64559,3.42463,8,0x00000000,1,-0.58181,-0.58095,0.00239,2.52320,2.60230,8,0x00000000,1,-0.65463,-0.66010,-0.00094,0.01556,0.16069,8,0x00000000,1
1.6405,-0.19424,0.25065,-39.35613,-0.19424,0.25065,-0.19190,0.25202,0.03691,0.53173,0.22881,0.27972,0.22881,0.27972,0.00000,0.00000,0,0.00034,-0.63154,-0.63958,0.00876,-0.21238,-0.16488,8,0x00000000,1,-0.57826,-0.59013,0.01788,0.14213,0.19233,8,0x00000000,1,-0.59014,-0.60138,0.00356,0.53711,0.60422,8,0x00000000,1,-0.60280,-0.61023,0.00489,3.51276,3.51173,8,0x00000000,1,-0.58222,-0.58104,-0.00874,2.54023,2.57077,8,0x00000000,1,-0.65455,-0.65983,-0.00358,-0.06890,-0.00444,8,0x00000000,1
1.7442,-0.19765,0.25256,-39.35961,-0.19765,0.25256,-0.19537,0.25294,0.04242,0.52454,0.23779,0.27160,0.23779,0.27160,0.00000,0.00000,0,0.00225,-0.63138,-0.63931,0.01916,-0.26877,-0.28838,8,0x00000000,1,-0.57781,-0.58908,0.01589,0.03896,0.06321,8,0x00000000,1,-0.58976,-0.60109,0.00583,0.40036,0.45338,8,0x00000000,1,-0.60331,-0.61020,0.00729,3.48258,3.57259,8,0x00000000,1,-0.58277,-0.58114,0.00361,2.60864,2.67912,8,0x00000000,1,-0.65448,-0.65949,-0.00331,-0.09463,-0.09188,8,0x00000000,1
1.8427,-0.19699,0.25319,-39.35849,-0.19699,0.25319,-0.19706,0.25325,0.04803,0.51732,0.24509,0.26407,0.24509,0.26407,0.00000,0.00000,0,0.00026,-0.63121,-0.63909,-0.00061,-0.40331,-0.32943,8,0x00000000,1,-0.57745,-0.58768,0.01563,-0.01875,-0.16118,8,0x00000000,1,-0.58945,-0.60075,0.00024,0.26781,0.27490,8,0x00000000,1,-0.60377,-0.61020,0.00252,3.41771,3.42121,8,0x00000000,1,-0.58324,-0.58130,-0.00178,2.64864,2.55181,8,0x00000000,1,-0.65439,-0.65922,-0.00034,-0.14950,-0.22765,8,0x00000000,1
1.9429,-0.19847,0.25647,-39.35750,-0.19847,0.25647,-0.19856,0.25563,0.05367,0.51007,0.25222,0.25444,0.25222,0.25444,0.00000,0.00000,0,0.00031,-0.63095,-0.63882,0.00164,-0.46199,-0.53785,8,0x00000000,1,-0.57709,-0.58431,0.06760,0.20680,0.17849,8,0x00000000,1,-0.58915,-0.60040,0.00723,0.16796,0.17022,8,0x00000000,1,-0.60431,-0.61019,-0.00035,3.38379,3.35071,8,0x00000000,1,-0.58379,-0.58144,-0.00635,2.67100,2.66958,8,0x00000000,1,-0.65421,-0.65892,0.00269,-0.16092,-0.24444,8,0x00000000,1
2.0460,-0.19499,0.25694,-39.36015,-0.19499,0.25694,-0.19749,0.25676,0.05932,0.50277,0.25681,0.24601,0.25681,0.24601,0.00000,0.00000,0,0.00045,-0.63069,-0.63832,0.00924,-0.55704,-0.61684,8,0x00000000,1,-0.57684,-0.58167,0.01625,0.12850,0.16811,8,0x00000000,1,-0.58897,-0.59987,-0.00328,0.03292,0.05042,8,0x00000000,1,-0.60475,-0.61018,-0.00071,3.34496,3.10315,8,0x00000000,1,-0.58424,-0.58160,0.00697,2.78053,2.81787,8,0x00000000,1,-0.65401,-0.65851,0.01463,-0.20465,-0.16397,8,0x00000000,1
2.1469,-0.19908,0.25280,-39.35847,-0.19908,0.25280,-0.19768,0.25441,0.06494,0.49548,0.26262,0.24107,0.26262,0.24107,0.00000,0.00000,0,0.00025,-0.63060,-0.63770,0.01117,-0.59588,-0.67859,8,0x00000000,1,-0.57656,-0.58106,-0.00207,0.06790,0.05493,8,0x00000000,1,-0.58872,-0.59916,0.01848,-0.04468,-0.08832,8,0x00000000,1,-0.60507,-0.61016,-0.00329,3.29147,3.22860,8,0x00000000,1,-0.58457,-0.58178,0.00121,2.76788,2.81637,8,0x00000000,1,-0.65398,-0.65816,-0.00258,-0.25903,-0.29894,8,0x00000000,1
2.2519,-0.20157,0.24120,-39.35139,-0.20157,0.24120,-0.20038,0.24689,0.07061,0.48832,0.27099,0.24144,0.27099,0.24144,0.00000,0.00000,0,0.00037,-0.63079,-0.63621,0.01835,-0.53185,-0.59443,8,0x00000000,1,-0.57618,-0.58052,0.01234,0.03240,0.09689,8,0x00000000,1,-0.58834,-0.59720,0.02013,-0.06074,0.04608,8,0x00000000,1,-0.60522,-0.61014,0.00356,3.24263,3.30761,8,0x00000000,1,-0.58478,-0.58199,0.00195,2.82281,2.88257,8,0x00000000,1,-0.65421,-0.65787,-0.00440,-0.25689,-0.17022,8,0x00000000,1
2.3546,-0.20374,0.23008,-39.34327,-0.20374,0.23008,-0.20246,0.23606,0.07635,0.48144,0.27881,0.24539,0.27881,0.24539,0.00000,0.00000,0,0.00037,-0.63111,-0.63041,0.01667,-0.15723,-0.22000,8,0x00000000,1,-0.57583,-0.58002,0.00350,0.00538,0.02490,8,0x00000000,1,-0.58796,-0.59541,0.01322,-0.07330,-0.15530,8,0x00000000,1,-0.60521,-0.61013,0.00440,3.21304,2.99051,8,0x00000000,1,-0.58483,-0.58214,-0.00512,2.83944,2.79306,8,0x00000000,1,-0.65457,-0.65769,-0.00528,-0.29884,-0.40466,8,0x00000000,1
2.4594,-0.20443,0.22337,-39.34082,-0.20443,0.22337,-0.20458,0.22681,0.08217,0.47487,0.28675,0.24806,0.28675,0.24806,0.00000,0.00000,0,0.00051,-0.63138,-0.62954,0.01728,-0.14809,-0.09604,8,0x00000000,1,-0.57548,-0.57952,0.00914,-0.01560,0.00770,8,0x00000000,1,-0.58759,-0.59427,-0.00345,-0.14251,-0.17828,8,0x00000000,1,-0.60525,-0.61009,0.00656,3.11870,3.27576,8,0x00000000,1,-0.58494,-0.58233,-0.01525,2.86624,2.85634,8,0x00000000,1,-0.65488,-0.65757,0.00650,-0.27032,-0.27837,8,0x00000000,1
2.5605,-0.20543,0.22113,-39.33944,-0.20543,0.22113,-0.20515,0.22283,0.08800,0.46847,0.29315,0.24564,0.29315,0.24564,0.00000,0.00000,0,0.00035,-0.63140,-0.62949,0.01592,-0.10428,-0.09713,8,0x00000000,1,-0.57517,-0.57919,0.00845,-0.11209,-0.00291,8,0x00000000,1,-0.58731,-0.59361,0.00551,-0.17436,-0.12063,8,0x00000000,1,-0.60548,-0.61008,0.00222,3.07509,3.10774,8,0x00000000,1,-0.58519,-0.58250,-0.00988,2.90018,2.94981,8,0x00000000,1,-0.65495,-0.65748,-0.00358,-0.31090,-0.38033,8,0x00000000,1
2.6628,-0.21097,0.21579,-39.33017,-0.21097,0.21579,-0.20734,0.21869,0.09388,0.46218,0.30122,0.24350,0.30122,0.24350,0.00000,0.00000,0,0.00086,-0.63148,-0.62951,0.00251,-0.06798,-0.05147,8,0x00000000,1,-0.57479,-0.57883,0.00522,-0.14590,-0.16721,8,0x00000000,1,-0.58694,-0.59308,0.00654,-0.23979,-0.14970,8,0x00000000,1,-0.60573,-0.61010,-0.01385,3.00990,2.92462,8,0x00000000,1,-0.58549,-0.58270,0.00114,2.92945,2.89892,8,0x00000000,1,-0.65508,-0.65734,0.00905,-0.30933,-0.43343,8,0x00000000,1
2.7658,-0.21250,0.21005,-39.33828,-0.21250,0.21005,-0.21050,0.21324,0.09984,0.45604,0.31034,0.24279,0.31034,0.24279,0.00000,0.00000,0,0.00038,-0.63163,-0.62950,0.00995,-0.03572,-0.09082,8,0x00000000,1,-0.57437,-0.57850,0.00895,-0.17561,-0.30199,8,0x00000000,1,-0.58653,-0.59247,0.00446,-0.31265,-0.14951,8,0x00000000,1,-0.60593,-0.61007,-0.00704,3.00786,2.96299,8,0x00000000,1,-0.58575,-0.58296,-0.00500,3.00369,3.01234,8,0x00000000,1,-0.65530,-0.65730,-0.00970,-0.35051,-0.37556,8,0x00000000,1
2.8675,-0.22020,0.20513,-39.33393,-0.22020,0.20513,-0.21710,0.20775,0.10593,0.45004,0.32303,0.24229,0.32303,0.24229,0.00000,0.00000,0,0.00027,-0.63186,-0.62953,0.00243,-0.02740,-0.03032,8,0x00000000,1,-0.57379,-0.57801,0.00333,-0.25634,-0.21668,8,0x00000000,1,-0.58595,-0.59180,0.00733,-0.36756,-0.41766,8,0x00000000,1,-0.60620,-0.61004,-0.00178,2.93911,2.95151,8,0x00000000,1,-0.58610,-0.58324,-0.01693,2.98745,3.05637,8,0x00000000,1,-0.65561,-0.65717,0.00448,-0.29877,-0.30773,8,0x00000000,1
2.9672,-0.22163,0.20650,-39.32962,-0.22163,0.20650,-0.22007,0.20567,0.11217,0.44417,0.33224,0.23850,0.33224,0.23850,0.00000,0.00000,0,0.00037,-0.63189,-0.62954,-0.00771,0.02346,0.01151,8,0x00000000,1,-0.57335,-0.57774,0.00530,-0.33790,-0.24942,8,0x00000000,1,-0.58554,-0.59137,0.00083,-0.45305,-0.42187,8,0x00000000,1,-0.60654,-0.61003,-0.00583,2.94717,2.90520,8,0x00000000,1,-0.58648,-0.58351,-0.00961,3.03724,3.06782,8,0x00000000,1,-0.65571,-0.65712,-0.00023,-0.35856,-0.22489,8,0x00000000,1
3.0709,-0.22245,0.20085,-39.33457,-0.22245,0.20085,-0.22143,0.20355,0.11846,0.43832,0.33988,0.23477,0.33988,0.23477,0.00000,0.00000,0,0.00042,-0.63188,-0.62952,0.00315,0.06679,0.05775,8,0x00000000,1,-0.57298,-0.57745,-0.00680,-0.39681,-0.31443,8,0x00000000,1,-0.58520,-0.59070,0.00196,-0.50210,-0.57596,8,0x00000000,1,-0.60685,-0.61003,-0.00503,2.93298,2.83106,8,0x00000000,1,-0.58682,-0.58381,0.00406,3.11357,3.00990,8,0x00000000,1,-0.65577,-0.65704,0.00185,-0.35169,-0.30804,8,0x00000000,1
3.1729,-0.22333,0.19748,-39.33003,-0.22333,0.19748,-0.22178,0.20002,0.12478,0.43258,0.34655,0.23256,0.34655,0.23256,0.00000,0.00000,0,0.00083,-0.63193,-0.62952,0.00483,0.13529,0.00798,8,0x00000000,1,-0.57267,-0.57706,0.00030,-0.44421,-0.57930,8,0x00000000,1,-0.58490,-0.59018,0.00973,-0.54434,-0.46375,8,0x00000000,1,-0.60707,-0.61001,0.00435,2.91136,2.83082,8,0x00000000,1,-0.58708,-0.58421,0.00073,3.15114,3.13100,8,0x00000000,1,-0.65586,-0.65697,0.00683,-0.33483,-0.28931,8,0x00000000,1
3.2734,-0.22452,0.19006,-39.33670,-0.22452,0.19006,-0.22291,0.19458,0.13111,0.42695,0.35402,0.23237,0.35402,0.23237,0.00000,0.00000,0,0.00025,-0.63207,-0.62953,0.00338,0.10390,0.03989,8,0x00000000,1,-0.57233,-0.57673,0.01015,-0.48351,-0.49515,8,0x00000000,1,-0.58456,-0.58956,0.01952,-0.54832,-0.55519,8,0x00000000,1,-0.60723,-0.61001,-0.00430,2.86718,2.98837,8,0x00000000,1,-0.58728,-0.58456,-0.00579,3.13120,3.26338,8,0x00000000,1,-0.65605,-0.65694,-0.00621,-0.35659,-0.39106,8,0x00000000,1
3.3752,-0.22290,0.18158,-39.33404,-0.22290,0.18158,-0.22289,0.18647,0.13746,0.42152,0.36035,0.23505,0.36035,0.23505,0.00000,0.00000,0,0.00033,-0.63231,-0.62954,0.00000,0.19944,0.17834,8,0x00000000,1,-0.57205,-0.57638,0.00798,-0.51436,-0.48239,8,0x00000000,1,-0.58426,-0.58870,0.01464,-0.58068,-0.58394,8,0x00000000,1,-0.60724,-0.60998,0.00131,2.85898,2.96253,8,0x00000000,1,-0.58735,-0.58481,0.00946,3.22535,3.07766,8,0x00000000,1,-0.65632,-0.65684,0.01448,-0.28531,-0.33060,8,0x00000000,1
3.4795,-0.22783,0.17430,-39.33573,-0.22783,0.17430,-0.22591,0.17809,0.14385,0.41634,0.36976,0.23825,0.36976,0.23825,0.00000,0.00000,0,0.00040,-0.63263,-0.62955,-0.00599,0.28035,0.34980,8,0x00000000,1,-0.57162,-0.57585,0.01143,-0.56634,-0.54158,8,0x00000000,1,-0.58382,-0.58783,0.01017,-0.61300,-0.69228,8,0x00000000,1,-0.60729,-0.60998,0.00103,2.83201,2.77521,8,0x00000000,1,-0.58747,-0.58511,0.00037,3.18450,3.22144,8,0x00000000,1,-0.65669,-0.65683,0.01101,-0.30389,-0.32539,8,0x00000000,1
3.5814,-0.23542,0.15871,-39.33528,-0.23542,0.15871,-0.23217,0.16736,0.15038,0.41140,0.38254,0.24404,0.38254,0.24404,0.00000,0.00000,0,0.00029,-0.63312,-0.62956,-0.00331,0.34275,0.36617,8,0x00000000,1,-0.57106,-0.57538,-0.00107,-0.63806,-0.57648,8,0x00000000,1,-0.58322,-0.58643,0.01804,-0.58551,-0.61765,8,0x00000000,1,-0.60730,-0.60994,0.00419,2.79760,2.72236,8,0x00000000,1,-0.58758,-0.58544,-0.01035,3.18671,3.32894,8,0x00000000,1,-0.65724,-0.65686,-0.00689,-0.30146,-0.29649,8,0x00000000,1
3.6845,-0.23984,0.14046,-39.32040,-0.23984,0.14046,-0.23646,0.15129,0.15705,0.40685,0.39352,0.25556,0.39352,0.25556,0.00000,0.00000,0,0.00127,-0.63382,-0.62958,0.00388,0.38591,0.47755,8,0x00000000,1,-0.57060,-0.57449,0.00924,-0.64071,-0.74029,8,0x00000000,1,-0.58267,-0.58429,0.01616,-0.51247,-0.51394,8,0x00000000,1,-0.60704,-0.60993,0.00082,2.73842,2.78467,8,0x00000000,1,-0.58743,-0.58562,-0.00199,3.20971,3.22731,8,0x00000000,1,-0.65797,-0.65683,0.00247,-0.19766,-0.15001,8,0x00000000,1
3.7861,-0.24562,0.12326,-39.32180,-0.24562,0.12326,-0.24201,0.13246,0.16387,0.40283,0.40588,0.27037,0.40588,0.27037,0.00000,0.00000,0,0.00033,-0.63468,-0.62959,0.01422,0.52524,0.59133,8,0x00000000,1,-0.57008,-0.57355,0.00714,-0.65118,-0.65249,8,0x00000000,1,-0.58206,-0.58280,0.00788,-0.50776,-0.47693,8,0x00000000,1,-0.60666,-0.60989,0.00839,2.68616,2.67254,8,0x00000000,1,-0.58719,-0.58577,0.00746,3.21582,3.29854,8,0x00000000,1,-0.65885,-0.65686,-0.00645,-0.16744,-0.17344,8,0x00000000,1
3.8892,-0.24818,0.10970,-39.32819,-0.24818,0.10970,-0.24527,0.11731,0.17081,0.39929,0.41608,0.28198,0.41608,0.28198,0.00000,0.00000,0,0.00029,-0.63537,-0.62970,-0.01437,0.61122,0.44733,8,0x00000000,1,-0.56966,-0.57267,0.01214,-0.66282,-0.77094,8,0x00000000,1,-0.58155,-0.58168,0.01341,-0.44304,-0.63821,8,0x00000000,1,-0.60638,-0.60987,0.00146,2.61570,2.60004,8,0x00000000,1,-0.58701,-0.58590,-0.00125,3.18256,3.18481,8,0x00000000,1,-0.65956,-0.65684,0.00162,-0.02707,-0.15953,8,0x00000000,1
3.9914,-0.25278,0.09123,-39.31632,-0.25278,0.09123,-0.25053,0.10121,0.17788,0.39618,0.42841,0.29497,0.42841,0.29497,0.00000,0.00000,0,0.00026,-0.63616,-0.62973,-0.00125,0.76488,0.75306,8,0x00000000,1,-0.56914,-0.57191,0.01604,-0.68975,-0.87986,8,0x00000000,1,-0.58095,-0.57961,0.02160,-0.31470,-0.40373,8,0x00000000,1,-0.60608,-0.60984,-0.00443,2.55688,2.64941,8,0x00000000,1,-0.58684,-0.58597,0.00040,3.21101,3.25296,8,0x00000000,1,-0.66037,-0.65685,-0.00068,0.02318,-0.30817,8,0x00000000,1
4.0930,-0.25478,0.05114,-39.29889,-0.25478,0.05114,-0.25388,0.07481,0.18507,0.39365,0.43896,0.31884,0.43896,0.31884,0.00000,0.00000,0,0.00115,-0.63736,-0.62981,-0.00603,0.89704,0.76746,8,0x00000000,1,-0.56874,-0.57122,0.01370,-0.69265,-0.63076,8,0x00000000,1,-0.58038,-0.57318,0.08607,0.32126,0.18878,8,0x00000000,1,-0.60529,-0.60977,0.00523,2.46162,2.40153,8,0x00000000,1,-0.58620,-0.58601,0.00670,3.18722,3.28258,8,0x00000000,1,-0.66155,-0.65687,0.00156,0.17358,0.15568,8,0x00000000,1
4.1949,-0.26088,0.03458,-39.28155,-0.26088,0.03458,-0.26114,0.04285,0.19244,0.39209,0.45358,0.34924,0.45358,0.34924,0.00000,0.00000,0,0.00118,-0.63891,-0.63001,0.00396,1.12447,1.01560,8,0x00000000,1,-0.56818,-0.57061,-0.00121,-0.73735,-0.73338,8,0x00000000,1,-0.57961,-0.57211,0.00181,0.16106,0.13327,8,0x00000000,1,-0.60431,-0.60969,-0.00542,2.30611,2.32497,8,0x00000000,1,-0.58543,-0.58601,0.01037,3.11942,3.15848,8,0x00000000,1,-0.66309,-0.65691,-0.00039,0.35644,0.42467,8,0x00000000,1
4.3005,-0.25712,0.02817,-39.28673,-0.25712,0.02817,-0.26103,0.03242,0.19989,0.39104,0.46092,0.35862,0.46092,0.35862,0.00000,0.00000,0,0.00091,-0.63945,-0.63012,0.01059,1.26633,1.28116,8,0x00000000,1,-0.56787,-0.56987,0.00159,-0.75053,-0.80844,8,0x00000000,1,-0.57925,-0.57210,-0.00024,0.23850,0.19301,8,0x00000000,1,-0.60407,-0.60960,0.00380,2.25473,2.42406,8,0x00000000,1,-0.58526,-0.58605,-0.00384,3.08211,3.14417,8,0x00000000,1,-0.66364,-0.65696,-0.00600,0.41097,0.34053,8,0x00000000,1
4.4023,-0.25893,0.02422,-39.29542,-0.25893,0.02422,-0.25972,0.02609,0.20730,0.39023,0.46702,0.36414,0.46702,0.36414,0.00000,0.00000,0,0.00055,-0.63980,-0.63030,0.00420,1.34969,1.33771,8,0x00000000,1,-0.56761,-0.56926,0.00230,-0.71368,-0.64771,8,0x00000000,1,-0.57895,-0.57212,-0.00349,0.31902,0.32372,8,0x00000000,1,-0.60396,-0.60953,0.00446,2.19485,2.21638,8,0x00000000,1,-0.58521,-0.58604,-0.00245,3.08034,2.90861,8,0x00000000,1,-0.66401,-0.65698,-0.00685,0.53350,0.56514,8,0x00000000,1
4.5020,-0.25212,0.02345,-39.29769,-0.25212,0.02345,-0.25536,0.02365,0.21464,0.38953,0.47000,0.36588,0.47000,0.36588,0.00000,0.00000,0,0.00051,-0.63994,-0.63047,-0.00625,1.43163,1.48035,8,0x00000000,1,-0.56748,-0.56871,0.00441,-0.69627,-0.74917,8,0x00000000,1,-0.57881,-0.57212,0.00047,0.37643,0.40226,8,0x00000000,1,-0.60394,-0.60948,-0.00099,2.14245,2.12815,8,0x00000000,1,-0.58522,-0.58603,0.00318,3.04651,3.05557,8,0x00000000,1,-0.66415,-0.65696,0.00455,0.63460,0.63115,8,0x00000000,1
4.6055,-0.24997,0.02307,-39.30592,-0.24997,0.02307,-0.25223,0.02299,0.22186,0.38886,0.47409,0.36587,0.47409,0.36587,0.00000,0.00000,0,0.00113,-0.64002,-0.63062,-0.01123,1.61496,1.61694,8,0x00000000,1,-0.56730,-0.56803,0.00521,-0.69939,-0.78609,8,0x00000000,1,-0.57862,-0.57213,0.00275,0.47774,0.45199,8,0x00000000,1,-0.60402,-0.60940,0.00315,2.07842,1.90123,8,0x00000000,1,-0.58533,-0.58606,-0.00918,3.03305,3.08427,8,0x00000000,1,-0.66426,-0.65701,-0.01251,0.68410,0.62753,8,0x00000000,1
4.7058,-0.24975,0.01461,-39.30887,-0.24975,0.01461,-0.25054,0.01919,0.22901,0.38830,0.47955,0.36911,0.47955,0.36911,0.00000,0.00000,32,0.00041,-0.64026,-0.63079,-0.01076,1.66841,1.71381,8,0x00000000,1,-0.56706,-0.56721,0.01170,-0.66086,-0.80750,8,0x00000000,1,-0.57836,-0.57217,-0.00675,0.51178,0.56099,8,0x00000000,1,-0.60400,-0.60935,-0.00570,1.98940,1.98507,8,0x00000000,1,-0.58535,-0.58603,0.00645,3.05874,3.13522,8,0x00000000,1,-0.66452,-0.65703,0.00285,0.83056,0.83681,8,0x00000000,1
4.8070,-0.24690,0.01316,-39.31370,-0.24690,0.01316,-0.24806,0.01411,0.23611,0.38830,0.48418,0.37418,0.48418,0.37418,0.00000,0.00000,32,0.00118,-0.64056,-0.63101,-0.01193,1.83536,1.78555,8,0x00000000,1,-0.56686,-0.56662,0.00543,-0.62833,-0.69662,8,0x00000000,1,-0.57813,-0.57219,-0.00091,0.58484,0.62149,8,0x00000000,1,-0.60388,-0.60925,0.00630,1.94793,1.93373,8,0x00000000,1,-0.58528,-0.58604,0.00289,3.02749,3.09455,8,0x00000000,1,-0.66484,-0.65705,0.00418,0.93006,1.01452,8,0x00000000,1
4.9102,-0.24494,0.00867,-39.31493,-0.24494,0.00867,-0.24628,0.01072,0.24317,0.38830,0.48944,0.37758,0.48944,0.37758,0.00000,0.00000,32,0.00034,-0.64081,-0.63123,-0.00958,1.91539,2.02380,8,0x00000000,1,-0.56663,-0.56623,0.00685,-0.63144,-0.77061,8,0x00000000,1,-0.57788,-0.57221,0.00269,0.63848,0.58710,8,0x00000000,1,-0.60384,-0.60918,-0.00236,1.84699,1.86281,8,0x00000000,1,-0.58528,-0.58603,0.00676,3.03790,3.02784,8,0x00000000,1,-0.66510,-0.65708,0.00719,1.07660,1.02681,8,0x00000000,1
5.0126,-0.24243,0.01173,-39.32158,-0.24243,0.01173,-0.24311,0.01057,0.25013,0.38830,0.49324,0.37772,0.49324,0.37772,0.00000,0.00000,32,0.00027,-0.64089,-0.63145,-0.00632,2.03960,2.14216,8,0x00000000,1,-0.56646,-0.56609,-0.00359,-0.62199,-0.49323,8,0x00000000,1,-0.57770,-0.57226,-0.00515,0.67312,0.65318,8,0x00000000,1,-0.60391,-0.60911,-0.00224,1.83047,1.85619,8,0x00000000,1,-0.58538,-0.58606,-0.01418,3.01755,3.05721,8,0x00000000,1,-0.66521,-0.65714,-0.00594,1.13395,1.21462,8,0x00000000,1
5.1156,-0.24589,0.00971,-39.32254,-0.24589,0.00971,-0.24454,0.01057,0.25708,0.38830,0.50162,0.37772,0.50162,0.37772,0.00000,0.00000,32,0.00030,-0.64106,-0.63168,-0.00825,2.12457,2.17208,8,0x00000000,1,-0.56607,-0.56591,0.00619,-0.63453,-0.74755,8,0x00000000,1,-0.57732,-0.57227,0.00099,0.72532,0.66247,8,0x00000000,1,-0.60407,-0.60903,0.00698,1.78910,1.73218,8,0x00000000,1,-0.58560,-0.58604,0.00130,3.02212,3.12656,8,0x00000000,1,-0.66543,-0.65718,-0.00535,1.25918,1.15855,8,0x00000000,1
5.2149,-0.24392,0.01131,-39.32211,-0.24392,0.01131,-0.24424,0.01133,0.26405,0.38830,0.50829,0.37697,0.50829,0.37697,0.00000,0.00000,32,0.00036,-0.64116,-0.63191,-0.00479,2.27514,2.37315,8,0x00000000,1,-0.56576,-0.56569,0.00164,-0.63612,-0.48350,8,0x00000000,1,-0.57702,-0.57229,0.00221,0.75471,0.75608,8,0x00000000,1,-0.60423,-0.60898,0.00142,1.72717,1.74588,8,0x00000000,1,-0.58580,-0.58605,-0.00665,3.03224,3.12955,8,0x00000000,1,-0.66558,-0.65723,-0.00119,1.35092,1.36416,8,0x00000000,1
5.3177,-0.24216,0.01166,-39.33239,-0.24216,0.01166,-0.24314,0.01143,0.27099,0.38830,0.51414,0.37687,0.51414,0.37687,0.00000,0.00000,32,0.00027,-0.64127,-0.63219,-0.00586,2.31810,2.28601,8,0x00000000,1,-0.56549,-0.56545,0.00521,-0.62746,-0.62704,8,0x00000000,1,-0.57675,-0.57232,0.00295,0.81316,0.82853,8,0x00000000,1,-0.60435,-0.60891,0.00500,1.69080,1.72956,8,0x00000000,1,-0.58595,-0.58605,-0.00169,3.08485,3.09943,8,0x00000000,1,-0.66573,-0.65725,0.01048,1.48654,1.39669,8,0x00000000,1
5.4204,-0.24145,0.01036,-39.32964,-0.24145,0.01036,-0.24213,0.01061,0.27791,0.38830,0.52004,0.37769,0.52004,0.37769,0.00000,0.00000,32,0.00031,-0.64143,-0.63265,-0.00234,2.44022,2.44505,8,0x00000000,1,-0.56523,-0.56524,0.00417,-0.64782,-0.60593,8,0x00000000,1,-0.57648,-0.57234,0.00171,0.83911,0.74782,8,0x00000000,1,-0.60443,-0.60886,-0.00435,1.61042,1.71517,8,0x00000000,1,-0.58608,-0.58606,-0.00599,3.04563,3.11385,8,0x00000000,1,-0.66591,-0.65735,-0.00626,1.59945,1.48880,8,0x00000000,1
5.5210,-0.24220,0.00949,-39.33942,-0.24220,0.00949,-0.24218,0.00907,0.28481,0.38830,0.52699,0.37923,0.52699,0.37923,0.00000,0.00000,32,0.00098,-0.64163,-0.63313,0.00505,2.54339,2.45536,8,0x00000000,1,-0.56491,-0.56507,-0.00732,-0.67183,-0.65173,8,0x00000000,1,-0.57615,-0.57236,-0.00594,0.85615,1.00866,8,0x00000000,1,-0.60450,-0.60878,0.00170,1.59950,1.63159,8,0x00000000,1,-0.58620,-0.58608,0.00890,3.08521,3.14917,8,0x00000000,1,-0.66615,-0.65740,0.00343,1.71640,1.82099,8,0x00000000,1
5.6264,-0.24867,0.00808,-39.34119,-0.24867,0.00808,-0.24516,0.00801,0.29174,0.38830,0.53690,0.38029,0.53690,0.38029,0.00000,0.00000,32,0.00223,-0.64187,-0.63411,-0.00551,2.54181,2.71005,8,0x00000000,1,-0.56446,-0.56475,-0.00097,-0.65790,-0.69787,8,0x00000000,1,-0.57570,-0.57238,0.00397,0.88920,0.87510,8,0x00000000,1,-0.60466,-0.60872,0.00462,1.56872,1.55823,8,0x00000000,1,-0.58642,-0.58610,-0.00190,3.06164,2.99292,8,0x00000000,1,-0.66645,-0.65747,0.00160,1.86027,1.89144,8,0x00000000,1
5.7249,-0.24536,0.00573,-39.34222,-0.24536,0.00573,-0.24551,0.00584,0.29875,0.38830,0.54425,0.38245,0.54425,0.38245,0.00000,0.00000,32,0.00039,-0.64211,-0.63516,-0.00527,2.59705,2.59321,8,0x00000000,1,-0.56413,-0.56444,0.00376,-0.67088,-0.68006,8,0x00000000,1,-0.57535,-0.57239,0.00002,0.88860,0.88088,8,0x00000000,1,-0.60471,-0.60866,0.00361,1.51388,1.65194,8,0x00000000,1,-0.58653,-0.58612,-0.00934,3.06930,3.07545,8,0x00000000,1,-0.66673,-0.65757,0.00143,1.95801,2.09895,8,0x00000000,1
5.8257,-0.24187,0.00779,-39.35028,-0.24187,0.00779,-0.24401,0.00698,0.30572,0.38830,0.54973,0.38132,0.54973,0.38132,0.00000,0.00000,32,0.00032,-0.64217,-0.63593,0.00087,2.65598,2.72895,8,0x00000000,1,-0.56387,-0.56411,0.00900,-0.64189,-0.58487,8,0x00000000,1,-0.57511,-0.57242,-0.01083,0.87475,0.91757,8,0x00000000,1,-0.60486,-0.60860,0.00753,1.50246,1.60344,8,0x00000000,1,-0.58671,-0.58613,0.00122,3.07992,3.09201,8,0x00000000,1,-0.66683,-0.65769,0.00789,2.09243,2.08436,8,0x00000000,1
5.9255,-0.23924,0.00324,-39.35846,-0.23924,0.00324,-0.24121,0.00523,0.31264,0.38830,0.55385,0.38307,0.55385,0.38307,0.00000,0.00000,32,0.00038,-0.64232,-0.63637,0.00873,2.72625,2.67797,8,0x00000000,1,-0.56369,-0.56134,0.10364,-0.20180,-0.49667,8,0x00000000,1,-0.57491,-0.57241,-0.00310,0.90714,0.99073,8,0x00000000,1,-0.60487,-0.60856,-0.00275,1.41638,1.41569,8,0x00000000,1,-0.58675,-0.58616,-0.00858,3.10489,3.08653,8,0x00000000,1,-0.66701,-0.65790,-0.00980,2.12708,2.07729,8,0x00000000,1
6.0270,-0.23672,-0.03185,-39.38300,-0.23672,-0.03185,-0.23830,-0.01989,0.31951,0.38830,0.55781,0.40818,0.55781,0.40818,0.00000,0.00000,32,0.00028,-0.64345,-0.63690,-0.01201,2.84136,2.78994,8,0x00000000,1,-0.56360,-0.55708,0.00705,-0.10812,-0.20525,8,0x00000000,1,-0.57465,-0.57242,-0.00229,0.94630,0.76715,8,0x00000000,1,-0.60390,-0.60845,0.00297,1.33687,1.32129,8,0x00000000,1,-0.58590,-0.58611,0.01475,3.07422,3.19753,8,0x00000000,1,-0.66806,-0.65815,0.00586,2.35253,2.26368,8,0x00000000,1
6.1298,-0.23570,-0.03243,-39.39631,-0.23570,-0.03243,-0.23883,-0.03024,0.32632,0.38905,0.56515,0.41929,0.56515,0.41929,0.00000,0.00000,0,0.00036,-0.64406,-0.63746,-0.00199,2.86824,2.98178,8,0x00000000,1,-0.56330,-0.55709,-0.00370,-0.09782,-0.12068,8,0x00000000,1,-0.57428,-0.57245,-0.00560,0.91521,1.06299,8,0x00000000,1,-0.60359,-0.60830,0.00225,1.25798,1.31268,8,0x00000000,1,-0.58567,-0.58615,-0.00718,3.04005,3.08298,8,0x00000000,1,-0.66867,-0.65858,-0.00989,2.46918,2.40693,8,0x00000000,1
6.2320,-0.24057,-0.03095,-39.38705,-0.24057,-0.03095,-0.23875,-0.03050,0.33314,0.38992,0.57188,0.42042,0.57188,0.42042,0.00000,0.00000,0,0.00038,-0.64424,-0.63788,0.00586,2.96330,3.14667,8,0x00000000,1,-0.56300,-0.55709,-0.00349,-0.04558,-0.04625,8,0x00000000,1,-0.57397,-0.57243,0.00200,0.92406,0.85749,8,0x00000000,1,-0.60367,-0.60822,-0.00111,1.22377,1.28615,8,0x00000000,1,-0.58580,-0.58614,0.00047,3.04528,3.15042,8,0x00000000,1,-0.66889,-0.65888,-0.00512,2.59579,2.64337,8,0x00000000,1
6.3354,-0.23215,-0.02892,-39.39791,-0.23215,-0.02892,-0.23569,-0.02965,0.33990,0.39078,0.57559,0.42043,0.57559,0.42043,0.00000,0.00000,0,0.00067,-0.64431,-0.63819,0.00874,3.05702,3.05563,8,0x00000000,1,-0.56283,-0.55709,-0.00552,0.04429,-0.02086,8,0x00000000,1,-0.57380,-0.57245,-0.00180,0.94373,0.95192,8,0x00000000,1,-0.60374,-0.60811,0.01419,1.18144,1.21938,8,0x00000000,1,-0.58590,-0.58615,0.00531,3.02767,2.95803,8,0x00000000,1,-0.66899,-0.65926,-0.00757,2.68287,2.69995,8,0x00000000,1
6.4394,-0.23427,-0.02943,-39.38971,-0.23427,-0.02943,-0.23371,-0.02990,0.34658,0.39163,0.58029,0.42153,0.58029,0.42153,0.00000,0.00000,0,0.00045,-0.64445,-0.63850,0.00113,3.09430,3.02018,8,0x00000000,1,-0.56261,-0.55707,0.00778,0.12703,0.06225,8,0x00000000,1,-0.57358,-0.57245,-0.00004,0.95215,0.78787,8,0x00000000,1,-0.60379,-0.60805,-0.00833,1.09629,1.16974,8,0x00000000,1,-0.58598,-0.58616,-0.00364,3.05881,2.96355,8,0x00000000,1,-0.66916,-0.65965,0.00509,2.81616,2.80037,8,0x00000000,1
6.5432,-0.23139,-0.02755,-39.39221,-0.23139,-0.02755,-0.23237,-0.02925,0.35323,0.39248,0.58560,0.42173,0.58560,0.42173,0.00000,0.00000,0,0.00037,-0.64457,-0.63880,-0.00957,3.15581,3.25561,8,0x00000000,1,-0.56237,-0.55708,0.00226,0.14859,-0.00686,8,0x00000000,1,-0.57333,-0.57244,0.00106,0.94884,0.96942,8,0x00000000,1,-0.60388,-0.60796,-0.00292,1.09371,1.11516,8,0x00000000,1,-0.58611,-0.58614,0.00479,3.06914,3.07466,8,0x00000000,1,-0.66930,-0.66016,-0.00790,2.89208,2.93760,8,0x00000000,1
6.6453,-0.23045,-0.02681,-39.39999,-0.23045,-0.02681,-0.23218,-0.02843,0.35985,0.39330,0.59203,0.42173,0.59203,0.42173,0.00000,0.00000,0,0.00037,-0.64470,-0.63909,-0.00527,3.21377,3.36555,8,0x00000000,1,-0.56207,-0.55709,-0.00096,0.17942,0.14125,8,0x00000000,1,-0.57304,-0.57245,-0.00023,0.93297,1.16230,8,0x00000000,1,-0.60401,-0.60789,0.00145,1.04515,1.07645,8,0x00000000,1,-0.58628,-0.58617,-0.00787,3.05623,3.02227,8,0x00000000,1,-0.66947,-0.66062,-0.00268,2.94559,3.11202,8,0x00000000,1
6.7535,-0.23314,-0.02657,-39.38815,-0.23314,-0.02657,-0.23161,-0.02685,0.36646,0.39408,0.59807,0.42093,0.59807,0.42093,0.00000,0.00000,0,0.00297,-0.64478,-0.63934,-0.00464,3.25903,3.17960,8,0x00000000,1,-0.56179,-0.55707,0.00756,0.22920,0.28014,8,0x00000000,1,-0.57277,-0.57245,-0.00018,0.92089,0.88851,8,0x00000000,1,-0.60416,-0.60781,0.00341,1.02689,1.08930,8,0x00000000,1,-0.58647,-0.58618,-0.00363,3.11593,3.16224,8,0x00000000,1,-0.66960,-0.66106,-0.00951,3.07305,3.06783,8,0x00000000,1
6.8520,-0.23287,-0.02823,-39.39575,-0.23287,-0.02823,-0.23219,-0.02794,0.37306,0.39485,0.60525,0.42279,0.60525,0.42279,0.00000,0.00000,0,0.00038,-0.64500,-0.63963,-0.00814,3.32672,3.25066,8,0x00000000,1,-0.56147,-0.55707,0.00675,0.29323,0.26548,8,0x00000000,1,-0.57243,-0.57245,0.00136,0.90288,0.82670,8,0x00000000,1,-0.60423,-0.60777,-0.00573,0.95025,0.92608,8,0x00000000,1,-0.58658,-0.58619,-0.00406,3.09016,3.09660,8,0x00000000,1,-0.66986,-0.66143,-0.00483,3.18447,3.15945,8,0x00000000,1
6.9537,-0.23133,-0.02764,-39.39138,-0.23133,-0.02764,-0.23079,-0.02709,0.37967,0.39563,0.61046,0.42272,0.61046,0.42272,0.00000,0.00000,0,0.00046,-0.64510,-0.63981,-0.00317,3.36211,3.20731,8,0x00000000,1,-0.56123,-0.55710,-0.00169,0.31876,0.43426,8,0x00000000,1,-0.57219,-0.57245,0.00097,0.89069,0.90069,8,0x00000000,1,-0.60433,-0.60767,0.00574,0.97585,0.73093,8,0x00000000,1,-0.58672,-0.58621,-0.00890,3.10306,2.99465,8,0x00000000,1,-0.67000,-0.66187,0.00485,3.27711,3.35605,8,0x00000000,1
7.0570,-0.23371,-0.03045,-39.38947,-0.23371,-0.03045,-0.23179,-0.02992,0.38626,0.39645,0.61804,0.42637,0.61804,0.42637,0.00000,0.00000,0,0.00309,-0.64541,-0.64008,-0.00654,3.45157,3.63000,8,0x00000000,1,-0.56090,-0.55710,-0.00195,0.31270,0.17590,8,0x00000000,1,-0.57183,-0.57245,-0.00142,0.85235,0.90137,8,0x00000000,1,-0.60433,-0.60757,0.00534,0.92509,0.90131,8,0x00000000,1,-0.58678,-0.58623,-0.00687,3.11102,3.05159,8,0x00000000,1,-0.67033,-0.66231,-0.01828,3.32304,3.43093,8,0x00000000,1
7.1555,-0.23461,-0.02985,-39.40100,-0.23461,-0.02985,-0.23369,-0.03038,0.39289,0.39731,0.62658,0.42769,0.62658,0.42769,0.00000,0.00000,0,0.00040,-0.64563,-0.64035,-0.01207,3.50432,3.51166,8,0x00000000,1,-0.56051,-0.55708,0.00646,0.36599,0.36463,8,0x00000000,1,-0.57144,-0.57243,0.00439,0.81458,0.70224,8,0x00000000,1,-0.60444,-0.60753,-0.00202,0.86848,1.04114,8,0x00000000,1,-0.58695,-0.58622,-0.00424,3.13659,3.02621,8,0x00000000,1,-0.67061,-0.66289,-0.01815,3.38395,3.43482,8,0x00000000,1
7.2582,-0.23601,-0.02831,-39.39568,-0.23601,-0.02831,-0.23511,-0.02947,0.39956,0.39817,0.63468,0.42764,0.63468,0.42764,0.00000,0.00000,0,0.00030,-0.64579,-0.64059,0.00125,3.57579,3.63849,8,0x00000000,1,-0.56013,-0.55710,0.00188,0.35769,0.38114,8,0x00000000,1,-0.57107,-0.57244,0.00335,0.79974,0.84806,8,0x00000000,1,-0.60460,-0.60746,-0.00315,0.87957,0.83002,8,0x00000000,1,-0.58716,-0.58626,-0.00362,3.14271,3.30842,8,0x00000000,1,-0.67082,-0.66346,-0.01786,3.43959,3.40843,8,0x00000000,1
7.3580,-0.23173,-0.03140,-39.39260,-0.23173,-0.03140,-0.23233,-0.02987,0.40623,0.39901,0.63856,0.42888,0.63856,0.42888,0.00000,0.00000,0,0.00037,-0.64592,-0.64079,0.01085,3.64850,3.60565,8,0x00000000,1,-0.55996,-0.55710,-0.00206,0.37249,0.36602,8,0x00000000,1,-0.57089,-0.57244,-0.00322,0.74965,0.79365,8,0x00000000,1,-0.60462,-0.60738,-0.00076,0.83587,0.89229,8,0x00000000,1,-0.58722,-0.58626,0.00697,3.19296,3.22711,8,0x00000000,1,-0.67097,-0.66414,0.00034,3.53531,3.53250,8,0x00000000,1
7.4606,-0.21952,-0.03080,-39.39452,-0.21952,-0.03080,-0.22516,-0.03085,0.41275,0.39987,0.63791,0.43072,0.63791,0.43072,0.00000,0.00000,0,0.00038,-0.64598,-0.64097,0.00728,3.72117,3.71849,8,0x00000000,1,-0.56000,-0.55709,0.00595,0.44823,0.33573,8,0x00000000,1,-0.57091,-0.57244,-0.00051,0.74593,0.77744,8,0x00000000,1,-0.60454,-0.60732,0.00057,0.80386,0.78815,8,0x00000000,1,-0.58713,-0.58630,-0.00062,3.17819,3.11715,8,0x00000000,1,-0.67102,-0.66506,-0.00794,3.55281,3.58315,8,0x00000000,1
7.5640,-0.21778,-0.03196,-39.38074,-0.21778,-0.03196,-0.21995,-0.03163,0.41908,0.40076,0.63903,0.43239,0.63903,0.43239,0.00000,0.00000,0,0.00046,-0.64608,-0.64119,0.00601,3.73034,3.72991,8,0x00000000,1,-0.55995,-0.55711,-0.00386,0.46531,0.42573,8,0x00000000,1,-0.57085,-0.57245,0.00083,0.72040,0.78236,8,0x00000000,1,-0.60449,-0.60727,-0.00758,0.73483,0.79781,8,0x00000000,1,-0.58710,-0.58633,0.00366,3.18314,3.04674,8,0x00000000,1,-0.67111,-0.66587,-0.00624,3.54771,3.49547,8,0x00000000,1
7.6646,-0.21301,-0.03608,-39.38147,-0.21301,-0.03608,-0.21505,-0.03344,0.42527,0.40167,0.64033,0.43511,0.64033,0.43511,0.00000,0.00000,0,0.00035,-0.64622,-0.64138,0.01040,3.85744,3.67076,8,0x00000000,1,-0.55990,-0.55711,-0.00101,0.51104,0.61619,8,0x00000000,1,-0.57079,-0.57243,0.00062,0.70656,0.91933,8,0x00000000,1,-0.60440,-0.60715,0.00766,0.78514,0.75648,8,0x00000000,1,-0.58703,-0.58634,-0.00233,3.19481,3.28094,8,0x00000000,1,-0.67125,-0.66670,-0.01875,3.56254,3.38055,8,0x00000000,1
7.7686,-0.20698,-0.03899,-39.37776,-0.20698,-0.03899,-0.21027,-0.03588,0.43134,0.40265,0.64160,0.43853,0.64160,0.43853,0.00000,0.00000,0,0.00028,-0.64638,-0.64165,0.00230,3.83405,4.01060,8,0x00000000,1,-0.55986,-0.55712,-0.00469,0.52529,0.49764,8,0x00000000,1,-0.57072,-0.57241,0.00243,0.66500,0.66636,8,0x00000000,1,-0.60428,-0.60710,-0.00741,0.69250,0.87498,8,0x00000000,1,-0.58693,-0.58642,-0.00463,3.14310,3.07999,8,0x00000000,1,-0.67141,-0.66751,-0.00714,3.57867,3.60951,8,0x00000000,1
7.8688,-0.20650,-0.04251,-39.37288,-0.20650,-0.04251,-0.20570,-0.03999,0.43724,0.40374,0.64295,0.44373,0.64295,0.44373,0.00000,0.00000,0,0.00036,-0.64663,-0.64190,0.01077,3.91515,3.84125,8,0x00000000,1,-0.55981,-0.55709,0.00445,0.56899,0.60963,8,0x00000000,1,-0.57064,-0.57241,0.00088,0.66874,0.63513,8,0x00000000,1,-0.60409,-0.60701,0.00479,0.66548,0.59499,8,0x00000000,1,-0.58677,-0.58642,-0.00132,3.17405,3.07883,8,0x00000000,1,-0.67164,-0.66811,-0.00516,3.62628,3.79354,8,0x00000000,1
7.9719,-0.20539,-0.04683,-39.37341,-0.20539,-0.04683,-0.20416,-0.04298,0.44307,0.40493,0.64724,0.44790,0.64724,0.44790,0.00000,0.00000,0,0.00231,-0.64689,-0.64223,0.00104,3.95451,4.10634,8,0x00000000,1,-0.55963,-0.55714,-0.01141,0.54466,0.56825,8,0x00000000,1,-0.57043,-0.57241,-0.00218,0.59423,0.58795,8,0x00000000,1,-0.60400,-0.60690,0.00769,0.63730,0.74077,8,0x00000000,1,-0.58672,-0.58639,0.01228,3.20862,3.14015,8,0x00000000,1,-0.67192,-0.66877,-0.00382,3.61883,3.74266,8,0x00000000,1
8.0712,-0.19956,-0.04925,-39.37573,-0.19956,-0.04925,-0.20100,-0.04731,0.44884,0.40621,0.64984,0.45352,0.64984,0.45352,0.00000,0.00000,0,0.00047,-0.64717,-0.64260,-0.00166,4.00569,4.06538,8,0x00000000,1,-0.55953,-0.55712,-0.00311,0.59929,0.62467,8,0x00000000,1,-0.57029,-0.57240,-0.00573,0.57657,0.52453,8,0x00000000,1,-0.60382,-0.60683,-0.00488,0.55972,0.55672,8,0x00000000,1,-0.58657,-0.58643,-0.00497,3.15238,3.07106,8,0x00000000,1,-0.67220,-0.66943,-0.00521,3.63735,3.62690,8,0x00000000,1
8.1736,-0.19633,-0.05393,-39.37255,-0.19633,-0.05393,-0.19796,-0.05125,0.45452,0.40762,0.65248,0.45887,0.65248,0.45887,0.00000,0.00000,0,0.00028,-0.64745,-0.64300,-0.00146,4.06544,3.92893,8,0x00000000,1,-0.55943,-0.55712,0.00270,0.64005,0.63906,8,0x00000000,1,-0.57015,-0.57239,0.00023,0.54033,0.52993,8,0x00000000,1,-0.60365,-0.60673,-0.00314,0.54595,0.53056,8,0x00000000,1,-0.58644,-0.58643,-0.00237,3.15436,3.13379,8,0x00000000,1,-0.67247,-0.67000,-0.00442,3.64017,3.73417,8,0x00000000,1
8.2768,-0.19205,-0.05651,-39.37020,-0.19205,-0.05651,-0.19480,-0.05480,0.46012,0.40915,0.65492,0.46395,0.65492,0.46395,0.00000,0.00000,0,0.00056,-0.64771,-0.64349,-0.00717,4.04656,3.94168,8,0x00000000,1,-0.55933,-0.55713,0.00223,0.65910,0.62731,8,0x00000000,1,-0.57003,-0.57237,0.00271,0.52282,0.55317,8,0x00000000,1,-0.60349,-0.60660,0.00467,0.50057,0.40961,8,0x00000000,1,-0.58631,-0.58644,-0.00490,3.13310,3.30166,8,0x00000000,1,-0.67272,-0.67038,-0.00351,3.65281,3.68296,8,0x00000000,1
8.3762,-0.18743,-0.06248,-39.39022,-0.18743,-0.06248,-0.18963,-0.06007,0.46559,0.41079,0.65522,0.47086,0.65522,0.47086,0.00000,0.00000,0,0.00131,-0.64800,-0.64397,0.00478,4.12642,4.12219,8,0x00000000,1,-0.55935,-0.55716,0.00082,0.66368,0.71031,8,0x00000000,1,-0.56999,-0.57234,0.00686,0.49269,0.38060,8,0x00000000,1,-0.60320,-0.60648,0.00722,0.46479,0.50480,8,0x00000000,1,-0.58606,-0.58644,0.00306,3.13851,3.26063,8,0x00000000,1,-0.67299,-0.67072,-0.00034,3.72710,3.64910,8,0x00000000,1
8.4797,-0.18425,-0.06628,-39.37059,-0.18425,-0.06628,-0.18537,-0.06519,0.47093,0.41259,0.65630,0.47778,0.65630,0.47778,0.00000,0.00000,0,0.00041,-0.64831,-0.64456,-0.00807,4.15603,4.21593,8,0x00000000,1,-0.55932,-0.55717,-0.00280,0.70637,0.77037,8,0x00000000,1,-0.56992,-0.57236,-0.00474,0.44640,0.40670,8,0x00000000,1,-0.60294,-0.60631,0.00396,0.42317,0.35162,8,0x00000000,1,-0.58582,-0.58643,0.00020,3.11247,3.08446,8,0x00000000,1,-0.67328,-0.67115,-0.00793,3.69052,3.68530,8,0x00000000,1
8.5804,-0.17511,-0.06566,-39.37853,-0.17511,-0.06566,-0.17854,-0.06595,0.47612,0.41448,0.65466,0.48043,0.65466,0.48043,0.00000,0.00000,0,0.00041,-0.64839,-0.64509,-0.01352,4.15933,4.13790,8,0x00000000,1,-0.55941,-0.55716,0.00396,0.73390,0.81109,8,0x00000000,1,-0.56998,-0.57232,-0.00007,0.42683,0.31124,8,0x00000000,1,-0.60279,-0.60619,0.00865,0.36352,0.35707,8,0x00000000,1,-0.58568,-0.58644,-0.00213,3.10477,3.13312,8,0x00000000,1,-0.67334,-0.67146,-0.00765,3.72449,3.67920,8,0x00000000,1
8.6824,-0.17341,-0.07439,-39.36177,-0.17341,-0.07439,-0.17379,-0.07033,0.48113,0.41641,0.65492,0.48674,0.65492,0.48674,0.00000,0.00000,0,0.00094,-0.64866,-0.64566,-0.01836,4.14989,4.24161,8,0x00000000,1,-0.55942,-0.55719,-0.00065,0.75956,0.67699,8,0x00000000,1,-0.56995,-0.57233,-0.00179,0.38555,0.45099,8,0x00000000,1,-0.60254,-0.60605,0.00739,0.32076,0.40326,8,0x00000000,1,-0.58544,-0.58645,-0.00486,3.04753,2.95502,8,0x00000000,1,-0.67359,-0.67170,0.00109,3.75225,3.68648,8,0x00000000,1
8.7850,-0.16500,-0.07875,-39.37373,-0.16500,-0.07875,-0.16903,-0.07590,0.48603,0.41850,0.65506,0.49440,0.65506,0.49440,0.00000,0.00000,0,0.00114,-0.64898,-0.64695,-0.02426,4.07039,4.09961,8,0x00000000,1,-0.55944,-0.55720,0.00155,0.78641,0.72112,8,0x00000000,1,-0.56992,-0.57229,0.00420,0.36007,0.37897,8,0x00000000,1,-0.60222,-0.60588,-0.00672,0.24924,0.29851,8,0x00000000,1,-0.58516,-0.58644,0.00036,3.02831,3.10048,8,0x00000000,1,-0.67388,-0.67195,-0.00723,3.74457,3.67498,8,0x00000000,1
8.8848,-0.15668,-0.08616,-39.39651,-0.15668,-0.08616,-0.16190,-0.08287,0.49074,0.42077,0.65265,0.50364,0.65265,0.50364,0.00000,0.00000,0,0.00027,-0.64932,-0.64888,-0.02051,4.03704,3.93365,8,0x00000000,1,-0.55958,-0.55720,0.00529,0.83358,0.81625,8,0x00000000,1,-0.57000,-0.57229,-0.00514,0.33951,0.24669,8,0x00000000,1,-0.60179,-0.60565,0.00429,0.21723,0.27106,8,0x00000000,1,-0.58474,-0.58643,-0.00091,2.98256,3.08055,8,0x00000000,1,-0.67417,-0.67214,-0.00017,3.82755,3.63512,8,0x00000000,1
8.9833,-0.14736,-0.09290,-39.39347,-0.14736,-0.09290,-0.15215,-0.09030,0.49523,0.42324,0.64738,0.51354,0.64738,0.51354,0.00000,0.00000,0,0.00035,-0.64962,-0.65000,-0.00624,3.97129,3.93070,8,0x00000000,1,-0.55986,-0.55724,-0.00561,0.86495,0.92734,8,0x00000000,1,-0.57021,-0.57228,-0.00190,0.32218,0.21669,8,0x00000000,1,-0.60127,-0.60534,0.01108,0.15036,0.22957,8,0x00000000,1,-0.58423,-0.58645,-0.00638,2.92957,2.82556,8,0x00000000,1,-0.67440,-0.67234,-0.00748,3.82022,3.84799,8,0x00000000,1
9.0837,-0.14668,-0.09576,-39.39570,-0.14668,-0.09576,-0.14736,-0.09432,0.49947,0.42588,0.64683,0.52020,0.64683,0.52020,0.00000,0.00000,0,0.00026,-0.64989,-0.65062,0.00276,3.97071,3.83119,8,0x00000000,1,-0.55991,-0.55728,-0.00445,0.90893,0.93711,8,0x00000000,1,-0.57021,-0.57226,-0.00199,0.29653,0.29969,8,0x00000000,1,-0.60099,-0.60506,0.00835,0.08313,0.15279,8,0x00000000,1,-0.58396,-0.58643,-0.00281,2.87613,2.81117,8,0x00000000,1,-0.67464,-0.67260,-0.00947,3.82252,3.95994,8,0x00000000,1
9.1843,-0.13696,-0.10343,-39.41350,-0.13696,-0.10343,-0.14161,-0.10076,0.50360,0.42866,0.64521,0.52942,0.64521,0.52942,0.00000,0.00000,0,0.00032,-0.65024,-0.65103,0.00282,3.97040,3.99955,8,0x00000000,1,-0.56002,-0.55730,-0.00136,0.91780,0.82757,8,0x00000000,1,-0.57026,-0.57223,-0.00136,0.26094,0.28737,8,0x00000000,1,-0.60057,-0.60482,-0.00853,0.02954,0.17052,8,0x00000000,1,-0.58357,-0.58643,-0.00588,2.81549,2.78993,8,0x00000000,1,-0.67495,-0.67283,-0.00536,3.90744,3.90178,8,0x00000000,1
9.2865,-0.14430,-0.10475,-39.38620,-0.14430,-0.10475,-0.14071,-0.10239,0.50760,0.43156,0.64831,0.53395,0.64831,0.53395,0.00000,0.00000,0,0.00037,-0.65049,-0.65132,-0.00569,3.95913,3.93307,8,0x00000000,1,-0.55989,-0.55734,0.00253,0.95568,1.02020,8,0x00000000,1,-0.57010,-0.57221,-0.00021,0.24945,0.21621,8,0x00000000,1,-0.60044,-0.60445,0.00913,0.02100,-0.03734,8,0x00000000,1,-0.58348,-0.58642,0.00438,2.77918,2.81320,8,0x00000000,1,-0.67520,-0.67305,0.00383,3.91083,3.88821,8,0x00000000,1
9.3881,-0.13399,-0.10176,-39.40736,-0.13399,-0.10176,-0.13791,-0.10340,0.51158,0.43450,0.64949,0.53791,0.64949,0.53791,0.00000,0.00000,0,0.00045,-0.65068,-0.65145,0.00346,3.98113,3.90871,8,0x00000000,1,-0.55985,-0.55735,0.00591,1.01804,0.99322,8,0x00000000,1,-0.57003,-0.57218,0.00396,0.21332,0.27654,8,0x00000000,1,-0.60030,-0.60412,0.00878,-0.03064,-0.02024,8,0x00000000,1,-0.58336,-0.58643,-0.01065,2.71499,2.75109,8,0x00000000,1,-0.67538,-0.67326,0.00675,3.96388,4.05597,8,0x00000000,1
9.4929,-0.13219,-0.10477,-39.39899,-0.13219,-0.10477,-0.13533,-0.10467,0.51547,0.43747,0.65080,0.54214,0.65080,0.54214,0.00000,0.00000,0,0.00188,-0.65088,-0.65160,-0.01147,3.94275,4.01883,8,0x00000000,1,-0.55981,-0.55743,-0.00388,1.00330,0.99044,8,0x00000000,1,-0.56996,-0.57212,0.00311,0.21487,0.14728,8,0x00000000,1,-0.60015,-0.60381,-0.00058,-0.03138,-0.06692,8,0x00000000,1,-0.58323,-0.58640,0.00499,2.72011,2.79963,8,0x00000000,1,-0.67557,-0.67353,0.00163,3.95515,3.82527,8,0x00000000,1
9.5943,-0.13036,-0.10475,-39.39264,-0.13036,-0.10475,-0.13196,-0.10617,0.51927,0.44049,0.65123,0.54666,0.65123,0.54666,0.00000,0.00000,0,0.00026,-0.65108,-0.65168,-0.01211,3.93984,4.06040,8,0x00000000,1,-0.55980,-0.55747,-0.00191,1.04528,1.16666,8,0x00000000,1,-0.56993,-0.57213,-0.00701,0.15130,0.15011,8,0x00000000,1,-0.59997,-0.60347,0.00596,-0.09487,-0.01483,8,0x00000000,1,-0.58307,-0.58641,-0.00570,2.63695,2.52349,8,0x00000000,1,-0.67576,-0.67375,-0.00751,3.99455,4.15390,8,0x00000000,1
9.6954,-0.12421,-0.10537,-39.40249,-0.12421,-0.10537,-0.12774,-0.10566,0.52297,0.44351,0.65071,0.54917,0.65071,0.54917,0.00000,0.00000,0,0.00026,-0.65117,-0.65173,0.00437,3.92234,4.01196,8,0x00000000,1,-0.55984,-0.55750,-0.00189,1.05523,0.97989,8,0x00000000,1,-0.56994,-0.57206,0.00213,0.15617,0.15193,8,0x00000000,1,-0.59986,-0.60318,-0.00205,-0.15062,-0.20808,8,0x00000000,1,-0.58296,-0.58640,0.00671,2.60920,2.55273,8,0x00000000,1,-0.67584,-0.67391,-0.00425,3.99795,3.88187,8,0x00000000,1
9.7971,-0.12477,-0.10082,-39.39577,-0.12477,-0.10082,-0.12574,-0.10262,0.52658,0.44648,0.65232,0.54910,0.65232,0.54910,0.00000,0.00000,0,0.00176,-0.65120,-0.65178,0.00497,3.91689,3.93455,8,0x00000000,1,-0.55976,-0.55756,-0.00549,1.09916,1.08412,8,0x00000000,1,-0.56987,-0.57198,-0.00729,0.11570,0.19667,8,0x00000000,1,-0.59989,-0.60287,-0.00753,-0.14601,-0.14478,8,0x00000000,1,-0.58300,-0.58639,0.00006,2.55200,2.43764,8,0x00000000,1,-0.67588,-0.67406,-0.00754,3.98917,4.10403,8,0x00000000,1
9.8990,-0.11938,-0.10340,-39.38229,-0.11938,-0.10340,-0.12116,-0.10268,0.53010,0.44940,0.65126,0.55207,0.65126,0.55207,0.00000,0.00000,0,0.00030,-0.65131,-0.65185,-0.00104,3.92495,3.74797,8,0x00000000,1,-0.55982,-0.55765,-0.00479,1.11411,1.11946,8,0x00000000,1,-0.56991,-0.57183,0.00127,0.11303,0.09996,8,0x00000000,1,-0.59975,-0.60245,0.00889,-0.15261,-0.22566,8,0x00000000,1,-0.58286,-0.58640,0.00324,2.51147,2.55915,8,0x00000000,1,-0.67596,-0.67425,-0.01509,4.00817,4.04717,8,0x00000000,1
10.0031,-0.11469,-0.10273,-39.40158,-0.11469,-0.10273,-0.11735,-0.10313,0.53349,0.45233,0.65084,0.55547,0.65084,0.55547,0.00000,0.00000,0,0.00061,-0.65144,-0.65186,0.00083,3.95606,3.87444,8,0x00000000,1,-0.55985,-0.55774,0.00012,1.13729,1.15436,8,0x00000000,1,-0.56992,-0.57172,0.00313,0.10085,0.12755,8,0x00000000,1,-0.59960,-0.60210,0.01572,-0.16246,-0.21465,8,0x00000000,1,-0.58272,-0.58641,-0.00644,2.44790,2.41832,8,0x00000000,1,-0.67608,-0.67442,-0.00531,4.03136,4.12982,8,0x00000000,1
10.1064,-0.11512,-0.10651,-39.38156,-0.11512,-0.10651,-0.11541,-0.10483,0.53680,0.45529,0.65222,0.56011,0.65222,0.56011,0.00000,0.00000,0,0.00046,-0.65166,-0.65193,-0.01224,3.92027,3.90648,8,0x00000000,1,-0.55981,-0.55777,0.00085,1.13998,1.14631,8,0x00000000,1,-0.56984,-0.57154,0.00379,0.08174,0.13507,8,0x00000000,1,-0.59943,-0.60179,-0.00383,-0.20990,-0.21499,8,0x00000000,1,-0.58258,-0.58638,0.00245,2.40618,2.31682,8,0x00000000,1,-0.67629,-0.67459,-0.00086,4.04309,3.99053,8,0x00000000,1
10.2051,-0.11123,-0.10685,-39.38499,-0.11123,-0.10685,-0.11362,-0.10723,0.54007,0.45832,0.65369,0.56555,0.65369,0.56555,0.00000,0.00000,0,0.00043,-0.65192,-0.65196,-0.00271,3.91573,3.94064,8,0x00000000,1,-0.55976,-0.55784,-0.00780,1.15589,1.27539,8,0x00000000,1,-0.56975,-0.57142,0.00663,0.07380,0.21604,8,0x00000000,1,-0.59923,-0.60144,0.00131,-0.21646,-0.21466,8,0x00000000,1,-0.58241,-0.58639,-0.00397,2.35771,2.35964,8,0x00000000,1,-0.67653,-0.67481,-0.00938,4.09156,4.05380,8,0x00000000,1
10.3069,-0.11109,-0.11047,-39.38677,-0.11109,-0.11047,-0.11240,-0.11007,0.54329,0.46142,0.65568,0.57149,0.65568,0.57149,0.00000,0.00000,0,0.00059,-0.65220,-0.65200,-0.00323,3.93978,3.98744,8,0x00000000,1,-0.55969,-0.55787,0.00670,1.20294,1.18762,8,0x00000000,1,-0.56964,-0.57133,-0.00047,0.04398,-0.01614,8,0x00000000,1,-0.59902,-0.60107,0.00356,-0.21897,-0.18521,8,0x00000000,1,-0.58224,-0.58637,-0.00693,2.29413,2.22238,8,0x00000000,1,-0.67681,-0.67497,-0.00692,4.10657,4.06248,8,0x00000000,1
10.4054,-0.11679,-0.10884,-39.37628,-0.11679,-0.10884,-0.11380,-0.10906,0.54651,0.46454,0.66030,0.57360,0.66030,0.57360,0.00000,0.00000,0,0.00032,-0.65238,-0.65204,-0.01142,3.93731,3.85624,8,0x00000000,1,-0.55948,-0.55790,-0.00039,1.20258,1.27119,8,0x00000000,1,-0.56942,-0.57125,0.00082,-0.00553,0.03414,8,0x00000000,1,-0.59903,-0.60064,0.00764,-0.22888,-0.18654,8,0x00000000,1,-0.58228,-0.58634,0.00075,2.22786,2.27233,8,0x00000000,1,-0.67701,-0.67514,-0.00617,4.13553,4.18505,8,0x00000000,1
10.5064,-0.11864,-0.11055,-39.37311,-0.11864,-0.11055,-0.11713,-0.10894,0.54979,0.46763,0.66692,0.57658,0.66692,0.57658,0.00000,0.00000,0,0.00123,-0.65264,-0.65204,0.00674,4.01388,3.88283,8,0x00000000,1,-0.55919,-0.55791,0.00624,1.18154,1.28885,8,0x00000000,1,-0.56911,-0.57118,0.00108,-0.03981,0.02570,8,0x00000000,1,-0.59903,-0.60030,0.00875,-0.23350,-0.30249,8,0x00000000,1,-0.58234,-0.58633,0.00014,2.19235,2.20803,8,0x00000000,1,-0.67730,-0.67534,-0.00894,4.11385,4.19852,8,0x00000000,1
10.6102,-0.12119,-0.10877,-39.37159,-0.12119,-0.10877,-0.12004,-0.10852,0.55318,0.47074,0.67322,0.57925,0.67322,0.57925,0.00000,0.00000,0,0.00037,-0.65288,-0.65211,0.00269,4.01803,3.92114,8,0x00000000,1,-0.55891,-0.55793,-0.00075,1.17349,1.17607,8,0x00000000,1,-0.56882,-0.57107,-0.00494,-0.10261,-0.10516,8,0x00000000,1,-0.59905,-0.60004,0.00992,-0.18905,-0.21471,8,0x00000000,1,-0.58240,-0.58632,-0.00921,2.12476,2.01813,8,0x00000000,1,-0.67757,-0.67554,-0.00864,4.19953,4.24954,8,0x00000000,1
10.7152,-0.12045,-0.10860,-39.37294,-0.12045,-0.10860,-0.12103,-0.10917,0.55662,0.47384,0.67764,0.58301,0.67764,0.58301,0.00000,0.00000,0,0.00028,-0.65312,-0.65218,-0.00793,4.03276,3.93564,8,0x00000000,1,-0.55872,-0.55793,0.00657,1.19848,1.09162,8,0x00000000,1,-0.56860,-0.57089,0.00987,-0.08800,-0.12271,8,0x00000000,1,-0.59898,-0.59978,0.01067,-0.20785,-0.18769,8,0x00000000,1,-0.58237,-0.58628,0.00119,2.08891,2.00743,8,0x00000000,1,-0.67783,-0.67575,-0.00697,4.21467,4.18593,8,0x00000000,1
10.8178,-0.12564,-0.10608,-39.36340,-0.12564,-0.10608,-0.12339,-0.10655,0.56009,0.47691,0.68348,0.58346,0.68348,0.58346,0.00000,0.00000,0,0.00040,-0.65326,-0.65224,-0.01539,4.05706,3.99511,8,0x00000000,1,-0.55845,-0.55793,0.00410,1.18160,1.06653,8,0x00000000,1,-0.56833,-0.57082,-0.00433,-0.16499,-0.21558,8,0x00000000,1,-0.59907,-0.59955,-0.00494,-0.21191,-0.31683,8,0x00000000,1,-0.58251,-0.58628,-0.00586,2.06465,2.03426,8,0x00000000,1,-0.67800,-0.67595,0.00187,4.24948,4.17831,8,0x00000000,1
10.9171,-0.12284,-0.10267,-39.36289,-0.12284,-0.10267,-0.12355,-0.10501,0.56363,0.47993,0.68718,0.58494,0.68718,0.58494,0.00000,0.00000,0,0.00037,-0.65339,-0.65225,0.00778,4.08284,4.08980,8,0x00000000,1,-0.55829,-0.55796,-0.00301,1.15168,1.11885,8,0x00000000,1,-0.56816,-0.57064,0.00154,-0.18753,-0.18240,8,0x00000000,1,-0.59908,-0.59940,-0.00300,-0.19010,-0.12876,8,0x00000000,1,-0.58255,-0.58626,0.00184,2.05315,2.13609,8,0x00000000,1,-0.67815,-0.67615,-0.00246,4.29283,4.16577,8,0x00000000,1
11.0180,-0.11702,-0.10349,-39.36296,-0.11702,-0.10349,-0.12012,-0.10284,0.56710,0.48288,0.68722,0.58573,0.68722,0.58573,0.00000,0.00000,0,0.00030,-0.65343,-0.65232,-0.00363,4.05380,4.28310,8,0x00000000,1,-0.55829,-0.55794,0.00303,1.16997,1.11138,8,0x00000000,1,-0.56815,-0.57051,0.00110,-0.19988,-0.18274,8,0x00000000,1,-0.59905,-0.59923,0.00363,-0.19971,-0.19046,8,0x00000000,1,-0.58252,-0.58624,0.00610,2.00281,2.00575,8,0x00000000,1,-0.67818,-0.67632,0.00494,4.29369,3.96832,8,0x00000000,1
11.1232,-0.11918,-0.10397,-39.35070,-0.11918,-0.10397,-0.11945,-0.10434,0.57051,0.48585,0.68997,0.59018,0.68997,0.59018,0.00000,0.00000,0,0.00060,-0.65367,-0.65238,0.00343,4.12725,4.15546,8,0x00000000,1,-0.55818,-0.55795,0.00032,1.14825,1.19556,8,0x00000000,1,-0.56802,-0.57040,0.00589,-0.22847,-0.16819,8,0x00000000,1,-0.59892,-0.59906,-0.00613,-0.20762,-0.18913,8,0x00000000,1,-0.58242,-0.58622,-0.00266,1.90752,1.89792,8,0x00000000,1,-0.67842,-0.67656,0.00563,4.33294,4.26011,8,0x00000000,1
11.2240,-0.11669,-0.10159,-39.35178,-0.11669,-0.10159,-0.11720,-0.10279,0.57388,0.48880,0.69108,0.59159,0.69108,0.59159,0.00000,0.00000,0,0.00064,-0.65375,-0.65248,-0.00339,4.14226,4.05051,8,0x00000000,1,-0.55813,-0.55796,-0.00200,1.17718,1.08907,8,0x00000000,1,-0.56796,-0.57033,0.00216,-0.25546,-0.18036,8,0x00000000,1,-0.59888,-0.59884,0.00174,-0.15293,-0.26860,8,0x00000000,1,-0.58240,-0.58622,-0.01158,1.88732,1.79664,8,0x00000000,1,-0.67850,-0.67676,-0.00364,4.30270,4.49120,8,0x00000000,1
11.3265,-0.11824,-0.09810,-39.35396,-0.11824,-0.09810,-0.11754,-0.09973,0.57722,0.49169,0.69476,0.59142,0.69476,0.59142,0.00000,0.00000,0,0.00039,-0.65381,-0.65252,-0.00609,4.15654,4.07749,8,0x00000000,1,-0.55796,-0.55795,0.00329,1.15054,1.06362,8,0x00000000,1,-0.56779,-0.57023,0.00359,-0.30312,-0.36944,8,0x00000000,1,-0.59896,-0.59871,-0.00162,-0.17230,-0.20037,8,0x00000000,1,-0.58250,-0.58617,0.00670,1.84045,1.72845,8,0x00000000,1,-0.67859,-0.67690,-0.00265,4.34789,4.47567,8,0x00000000,1
11.4276,-0.11690,-0.09553,-39.34077,-0.11690,-0.09553,-0.11707,-0.09677,0.58057,0.49448,0.69764,0.59125,0.69764,0.59125,0.00000,0.00000,0,0.00034,-0.65386,-0.65260,-0.01620,4.13355,4.20083,8,0x00000000,1,-0.55783,-0.55798,-0.00814,1.12459,1.07804,8,0x00000000,1,-0.56766,-0.57010,0.00196,-0.32972,-0.29456,8,0x00000000,1,-0.59902,-0.59855,0.00345,-0.11709,-0.14744,8,0x00000000,1,-0.58258,-0.58615,0.00625,1.84237,1.86258,8,0x00000000,1,-0.67866,-0.67703,-0.00235,4.35787,4.33534,8,0x00000000,1
11.5292,-0.11585,-0.09420,-39.34772,-0.11585,-0.09420,-0.11625,-0.09535,0.58390,0.49722,0.70014,0.59257,0.70014,0.59257,0.00000,0.00000,0,0.00029,-0.65397,-0.65266,-0.00530,4.15599,4.15566,8,0x00000000,1,-0.55772,-0.55796,-0.00004,1.11652,1.09668,8,0x00000000,1,-0.56754,-0.56999,0.00358,-0.36254,-0.40471,8,0x00000000,1,-0.59902,-0.59847,-0.00308,-0.14812,-0.16492,8,0x00000000,1,-0.58260,-0.58615,-0.00439,1.76987,1.57779,8,0x00000000,1,-0.67878,-0.67720,-0.00534,4.37343,4.47049,8,0x00000000,1
11.6320,-0.11949,-0.09608,-39.33566,-0.11949,-0.09608,-0.11804,-0.09485,0.58723,0.49992,0.70527,0.59478,0.70527,0.59478,0.00000,0.00000,0,0.00195,-0.65416,-0.65271,-0.00197,4.16717,3.97735,8,0x00000000,1,-0.55749,-0.55797,-0.00661,1.10349,1.20243,8,0x00000000,1,-0.56730,-0.56983,0.00046,-0.38752,-0.06559,8,0x00000000,1,-0.59903,-0.59837,-0.00492,-0.15314,-0.19709,8,0x00000000,1,-0.58265,-0.58613,-0.00641,1.73492,1.70917,8,0x00000000,1,-0.67900,-0.67733,0.00702,4.40310,4.41709,8,0x00000000,1
11.7303,-0.12375,-0.09470,-39.33117,-0.12375,-0.09470,-0.12099,-0.09533,0.59063,0.50264,0.71162,0.59797,0.71162,0.59797,0.00000,0.00000,0,0.00029,-0.65442,-0.65279,-0.00001,4.25847,4.26811,8,0x00000000,1,-0.55721,-0.55796,0.00031,1.10341,1.05406,8,0x00000000,1,-0.56700,-0.56971,0.00286,-0.42338,-0.55260,8,0x00000000,1,-0.59902,-0.59833,-0.00364,-0.15082,-0.09830,8,0x00000000,1,-0.58269,-0.58609,0.00903,1.70434,1.80848,8,0x00000000,1,-0.67929,-0.67747,0.00511,4.45048,4.43962,8,0x00000000,1
11.8317,-0.12524,-0.09477,-39.32787,-0.12524,-0.09477,-0.12434,-0.09472,0.59413,0.50534,0.71847,0.60006,0.71847,0.60006,0.00000,0.00000,0,0.00037,-0.65465,-0.65290,-0.00951,4.26161,4.23428,8,0x00000000,1,-0.55690,-0.55796,0.00169,1.07835,1.07620,8,0x00000000,1,-0.56668,-0.56958,-0.00165,-0.48403,-0.38957,8,0x00000000,1,-0.59906,-0.59831,0.00035,-0.08141,-0.22996,8,0x00000000,1,-0.58279,-0.58609,0.00015,1.63606,1.63846,8,0x00000000,1,-0.67954,-0.67762,-0.00971,4.45476,4.54094,8,0x00000000,1
11.9326,-0.12378,-0.09516,-39.32911,-0.12378,-0.09516,-0.12424,-0.09495,0.59768,0.50804,0.72191,0.60299,0.72191,0.60299,0.00000,0.00000,0,0.00040,-0.65484,-0.65295,0.00351,4.30120,4.26495,8,0x00000000,1,-0.55675,-0.55794,0.00785,1.05584,1.10731,8,0x00000000,1,-0.56651,-0.56946,0.00005,-0.51241,-0.42234,8,0x00000000,1,-0.59901,-0.59826,-0.00046,-0.08170,-0.01068,8,0x00000000,1,-0.58277,-0.58607,-0.00103,1.63977,1.66737,8,0x00000000,1,-0.67975,-0.67775,-0.00123,4.46950,4.49407,8,0x00000000,1
12.0332,-0.12605,-0.09782,-39.32069,-0.12605,-0.09782,-0.12493,-0.09686,0.60122,0.51078,0.72615,0.60764,0.72615,0.60764,0.00000,0.00000,0,0.00026,-0.65512,-0.65306,-0.00066,4.33852,4.43154,8,0x00000000,1,-0.55657,-0.55797,-0.00488,1.00469,0.96789,8,0x00000000,1,-0.56631,-0.56934,0.00582,-0.54307,-0.58647,8,0x00000000,1,-0.59890,-0.59820,0.00797,-0.08173,0.02043,8,0x00000000,1,-0.58270,-0.58603,0.00819,1.57528,1.53417,8,0x00000000,1,-0.68003,-0.67787,0.01061,4.54548,4.43986,8,0x00000000,1
12.1364,-0.12781,-0.09504,-39.32581,-0.12781,-0.09504,-0.12640,-0.09646,0.60480,0.51355,0.73120,0.61001,0.73120,0.61001,0.00000,0.00000,0,0.00043,-0.65532,-0.65318,-0.00702,4.34904,4.55176,8,0x00000000,1,-0.55635,-0.55794,0.00604,0.98268,0.89978,8,0x00000000,1,-0.56607,-0.56924,0.00138,-0.58325,-0.52088,8,0x00000000,1,-0.59890,-0.59818,-0.00270,-0.06319,-0.17468,8,0x00000000,1,-0.58274,-0.58604,-0.00746,1.52163,1.45687,8,0x00000000,1,-0.68026,-0.67803,0.00031,4.58562,4.50869,8,0x00000000,1
12.2404,-0.13000,-0.10112,-39.31695,-0.13000,-0.10112,-0.12921,-0.09853,0.60844,0.51631,0.73765,0.61484,0.73765,0.61484,0.00000,0.00000,0,0.00028,-0.65565,-0.65329,-0.00172,4.41610,4.36622,8,0x00000000,1,-0.55607,-0.55796,0.00036,0.91732,0.81410,8,0x00000000,1,-0.56576,-0.56901,0.00875,-0.64570,-0.64867,8,0x00000000,1,-0.59883,-0.59817,-0.00259,-0.05246,-0.11839,8,0x00000000,1,-0.58273,-0.58602,-0.00152,1.47671,1.46782,8,0x00000000,1,-0.68061,-0.67822,-0.00349,4.58221,4.40719,8,0x00000000,1
12.3425,-0.12904,-0.10005,-39.31723,-0.12904,-0.10005,-0.12849,-0.10021,0.61212,0.51916,0.74061,0.61936,0.74061,0.61936,0.00000,0.00000,0,0.00037,-0.65589,-0.65345,0.00151,4.43610,4.38532,8,0x00000000,1,-0.55595,-0.55795,0.00151,0.89885,0.96293,8,0x00000000,1,-0.56561,-0.56887,-0.00398,-0.67210,-0.75671,8,0x00000000,1,-0.59870,-0.59813,-0.00481,-0.06868,-0.27170,8,0x00000000,1,-0.58263,-0.58595,0.00906,1.46893,1.49155,8,0x00000000,1,-0.68086,-0.67835,-0.00047,4.65190,4.72129,8,0x00000000,1
12.4451,-0.12771,-0.10000,-39.31466,-0.12771,-0.10000,-0.12722,-0.09977,0.61576,0.52200,0.74298,0.62177,0.74298,0.62177,0.00000,0.00000,0,0.00031,-0.65604,-0.65364,-0.00150,4.48012,4.58366,8,0x00000000,1,-0.55585,-0.55796,-0.00067,0.88961,0.82353,8,0x00000000,1,-0.56549,-0.56870,-0.00679,-0.72932,-0.68617,8,0x00000000,1,-0.59864,-0.59810,0.00976,-0.03354,-0.10105,8,0x00000000,1,-0.58260,-0.58595,-0.00230,1.39483,1.41972,8,0x00000000,1,-0.68101,-0.67855,-0.00176,4.63161,4.59729,8,0x00000000,1
12.5529,-0.12847,-0.07419,-39.40546,-0.12847,-0.07419,-0.12688,-0.08932,0.61937,0.52479,0.74625,0.61411,0.74625,0.61411,0.00000,0.00000,0,0.00129,-0.65579,-0.65380,-0.00101,4.40515,4.40598,8,0x00000000,1,-0.55567,-0.55795,0.00302,0.83800,0.83994,8,0x00000000,1,-0.56537,-0.56854,0.00043,-0.75722,-0.84892,8,0x00000000,1,-0.59902,-0.59809,-0.00457,-0.04744,0.01349,8,0x00000000,1,-0.58298,-0.58590,0.01047,1.40596,1.37261,8,0x00000000,1,-0.68081,-0.67879,-0.00147,4.67287,4.73153,8,0x00000000,1
12.6541,-0.12767,-0.07801,-39.39433,-0.12767,-0.07801,-0.12702,-0.07852,0.62299,0.52711,0.75001,0.60563,0.75001,0.60563,0.00000,0.00000,0,0.00240,-0.65551,-0.65387,-0.00184,4.47529,4.45108,8,0x00000000,1,-0.55547,-0.55795,-0.00048,0.80717,0.69055,8,0x00000000,1,-0.56522,-0.56836,0.00361,-0.78280,-0.71547,8,0x00000000,1,-0.59945,-0.59808,0.00439,0.01049,-0.04439,8,0x00000000,1,-0.58340,-0.58592,-0.00404,1.38870,1.33474,8,0x00000000,1,-0.68059,-0.67887,0.00981,4.65027,4.63354,8,0x00000000,1
12.7532,-0.12056,-0.07298,-39.39795,-0.12056,-0.07298,-0.12406,-0.07502,0.62658,0.52929,0.75064,0.60431,0.75064,0.60431,0.00000,0.00000,0,0.00035,-0.65547,-0.65397,-0.00102,4.44714,4.21320,8,0x00000000,1,-0.55543,-0.55795,-0.00138,0.74451,0.73787,8,0x00000000,1,-0.56520,-0.56823,-0.00408,-0.83293,-0.81777,8,0x00000000,1,-0.59952,-0.59809,-0.00015,0.04282,0.08336,8,0x00000000,1,-0.58347,-0.58590,-0.00117,1.34411,1.36004,8,0x00000000,1,-0.68055,-0.67902,0.00004,4.69137,4.76111,8,0x00000000,1
12.8586,-0.11887,-0.07517,-39.39017,-0.11887,-0.07517,-0.12108,-0.07517,0.63006,0.53143,0.75114,0.60660,0.75114,0.60660,0.00000,0.00000,0,0.00031,-0.65557,-0.65406,-0.01105,4.48374,4.37069,8,0x00000000,1,-0.55542,-0.55796,-0.00754,0.71511,0.64473,8,0x00000000,1,-0.56517,-0.56813,-0.00138,-0.84044,-0.54485,8,0x00000000,1,-0.59943,-0.59809,0.00224,0.02626,-0.02277,8,0x00000000,1,-0.58339,-0.58588,0.00702,1.34457,1.32606,8,0x00000000,1,-0.68065,-0.67914,-0.00537,4.66061,4.75924,8,0x00000000,1
12.9633,-0.11870,-0.07328,-39.38630,-0.11870,-0.07328,-0.11984,-0.07408,0.63349,0.53356,0.75333,0.60763,0.75333,0.60763,0.00000,0.00000,0,0.00029,-0.65566,-0.65414,-0.00284,4.52389,4.32586,8,0x00000000,1,-0.55532,-0.55795,0.00084,0.67929,0.74439,8,0x00000000,1,-0.56506,-0.56799,0.00440,-0.88282,-0.76203,8,0x00000000,1,-0.59943,-0.59809,-0.00245,0.06061,0.13859,8,0x00000000,1,-0.58341,-0.58588,-0.00095,1.32218,1.16770,8,0x00000000,1,-0.68075,-0.67930,-0.01371,4.69187,4.66915,8,0x00000000,1
13.0628,-0.11974,-0.07219,-39.38203,-0.11974,-0.07219,-0.11880,-0.07281,0.63689,0.53565,0.75568,0.60846,0.75568,0.60846,0.00000,0.00000,0,0.00035,-0.65574,-0.65424,-0.01644,4.47389,4.47170,8,0x00000000,1,-0.55522,-0.55795,-0.00428,0.65732,0.70095,8,0x00000000,1,-0.56495,-0.56786,-0.00200,-0.92472,-0.99127,8,0x00000000,1,-0.59944,-0.59810,-0.00480,0.06301,-0.00413,8,0x00000000,1,-0.58344,-0.58585,-0.00180,1.27797,1.22776,8,0x00000000,1,-0.68084,-0.67946,-0.00653,4.67826,4.67836,8,0x00000000,1
13.1643,-0.12237,-0.07478,-39.37564,-0.12237,-0.07478,-0.12079,-0.07344,0.64030,0.53773,0.76110,0.61116,0.76110,0.61116,0.00000,0.00000,0,0.00131,-0.65596,-0.65430,0.00427,4.56847,4.72001,8,0x00000000,1,-0.55498,-0.55796,-0.00335,0.60242,0.65578,8,0x00000000,1,-0.56470,-0.56763,0.00016,-0.96962,-0.95235,8,0x00000000,1,-0.59944,-0.59811,-0.00166,0.08608,0.18780,8,0x00000000,1,-0.58348,-0.58583,0.00142,1.23956,1.21719,8,0x00000000,1,-0.68109,-0.67969,-0.02034,4.69256,4.82402,8,0x00000000,1
13.2623,-0.12173,-0.07273,-39.37564,-0.12173,-0.07273,-0.12225,-0.07315,0.64376,0.53981,0.76601,0.61297,0.76601,0.61297,0.00000,0.00000,0,0.00035,-0.65613,-0.65444,-0.01431,4.55796,4.69903,8,0x00000000,1,-0.55476,-0.55794,0.00039,0.53856,0.50402,8,0x00000000,1,-0.56447,-0.56745,0.00309,-0.99867,-1.05908,8,0x00000000,1,-0.59946,-0.59811,-0.00361,0.09532,0.01941,8,0x00000000,1,-0.58354,-0.58583,-0.00229,1.21052,1.25141,8,0x00000000,1,-0.68128,-0.67987,-0.00408,4.72731,4.62019,8,0x00000000,1
13.3654,-0.12404,-0.07545,-39.37304,-0.12404,-0.07545,-0.12303,-0.07357,0.64725,0.54189,0.77028,0.61546,0.77028,0.61546,0.00000,0.00000,0,0.00370,-0.65632,-0.65449,0.00629,4.60127,4.72918,8,0x00000000,1,-0.55457,-0.55793,0.00394,0.50653,0.44657,8,0x00000000,1,-0.56427,-0.56728,0.00018,-1.04656,-0.92657,8,0x00000000,1,-0.59944,-0.59811,-0.00367,0.14191,0.10458,8,0x00000000,1,-0.58356,-0.58578,0.00908,1.21156,1.12919,8,0x00000000,1,-0.68149,-0.68006,0.00776,4.81351,4.72030,8,0x00000000,1
13.4668,-0.12478,-0.07495,-39.36264,-0.12478,-0.07495,-0.12392,-0.07470,0.65077,0.54401,0.77470,0.61870,0.77470,0.61870,0.00000,0.00000,0,0.00105,-0.65655,-0.65459,-0.00120,4.64786,4.65151,8,0x00000000,1,-0.55438,-0.55793,0.00095,0.44239,0.44874,8,0x00000000,1,-0.56405,-0.56708,0.00689,-1.06349,-1.09257,8,0x00000000,1,-0.59939,-0.59811,0.00091,0.17197,0.16268,8,0x00000000,1,-0.58355,-0.58578,0.00295,1.19867,1.17144,8,0x00000000,1,-0.68173,-0.68029,-0.00562,4.79255,4.80736,8,0x00000000,1
13.5654,-0.12527,-0.07637,-39.36121,-0.12527,-0.07637,-0.12475,-0.07590,0.65432,0.54615,0.77907,0.62204,0.77907,0.62204,0.00000,0.00000,0,0.00025,-0.65677,-0.65467,0.01222,4.71331,4.74894,8,0x00000000,1,-0.55419,-0.55793,-0.00276,0.37761,0.57578,8,0x00000000,1,-0.56384,-0.56690,0.00029,-1.11563,-1.10842,8,0x00000000,1,-0.59934,-0.59811,0.00140,0.18246,0.16775,8,0x00000000,1,-0.58353,-0.58576,0.00183,1.14510,1.16489,8,0x00000000,1,-0.68197,-0.68053,0.01291,4.83581,4.78195,8,0x00000000,1
13.6703,-0.12599,-0.07675,-39.35836,-0.12599,-0.07675,-0.12635,-0.07680,0.65790,0.54832,0.78425,0.62512,0.78425,0.62512,0.00000,0.00000,0,0.00034,-0.65700,-0.65481,-0.00097,4.69005,4.68937,8,0x00000000,1,-0.55396,-0.55792,-0.00679,0.30262,0.31153,8,0x00000000,1,-0.56360,-0.56668,0.00909,-1.14425,-0.89980,8,0x00000000,1,-0.59931,-0.59811,0.00011,0.15913,0.06697,8,0x00000000,1,-0.58355,-0.58572,0.00902,1.13127,1.15445,8,0x00000000,1,-0.68222,-0.68087,-0.00471,4.82137,4.69787,8,0x00000000,1
13.7721,-0.12334,-0.07495,-39.35372,-0.12334,-0.07495,-0.12465,-0.07576,0.66148,0.55049,0.78613,0.62626,0.78613,0.62626,0.00000,0.00000,0,0.00036,-0.65709,-0.65493,0.00083,4.72041,4.56806,8,0x00000000,1,-0.55388,-0.55788,0.00521,0.28183,0.28732,8,0x00000000,1,-0.56351,-0.56640,-0.00266,-1.18771,-1.17423,8,0x00000000,1,-0.59930,-0.59814,-0.01072,0.15888,0.16006,8,0x00000000,1,-0.58356,-0.58573,-0.00094,1.09000,1.15914,8,0x00000000,1,-0.68232,-0.68116,-0.00246,4.79275,4.84896,8,0x00000000,1
13.8750,-0.12029,-0.07456,-39.34951,-0.12029,-0.07456,-0.12165,-0.07496,0.66497,0.55264,0.78662,0.62760,0.78662,0.62760,0.00000,0.00000,0,0.00038,-0.65716,-0.65503,0.00833,4.77950,4.92631,8,0x00000000,1,-0.55386,-0.55785,0.01298,0.23736,0.33462,8,0x00000000,1,-0.56348,-0.56621,-0.00456,-1.21211,-1.23918,8,0x00000000,1,-0.59925,-0.59812,-0.00481,0.19577,0.13452,8,0x00000000,1,-0.58352,-0.58571,-0.00031,1.04670,1.04318,8,0x00000000,1,-0.68238,-0.68144,0.00283,4.82133,4.76196,8,0x00000000,1
13.9760,-0.11864,-0.07643,-39.34432,-0.11864,-0.07643,-0.11927,-0.07606,0.66841,0.55479,0.78767,0.63085,0.78767,0.63085,0.00000,0.00000,0,0.00036,-0.65731,-0.65518,-0.00203,4.76196,4.66979,8,0x00000000,1,-0.55382,-0.55785,-0.00789,0.18994,0.04276,8,0x00000000,1,-0.56342,-0.56604,-0.00015,-1.22801,-1.25591,8,0x00000000,1,-0.59914,-0.59813,-0.00380,0.20099,0.15037,8,0x00000000,1,-0.58342,-0.58568,-0.00319,1.02614,1.02882,8,0x00000000,1,-0.68253,-0.68180,-0.00949,4.81436,4.79680,8,0x00000000,1
14.0791,-0.11587,-0.07332,-39.34422,-0.11587,-0.07332,-0.11671,-0.07445,0.67177,0.55694,0.78848,0.63139,0.78848,0.63139,0.00000,0.00000,0,0.00027,-0.65735,-0.65531,0.01144,4.81541,4.72776,8,0x00000000,1,-0.55379,-0.55779,-0.00040,0.12902,0.17507,8,0x00000000,1,-0.56338,-0.56592,0.00014,-1.25238,-1.29215,8,0x00000000,1,-0.59913,-0.59811,0.00406,0.21750,0.34363,8,0x00000000,1,-0.58343,-0.58564,0.00306,1.01150,1.02194,8,0x00000000,1,-0.68257,-0.68215,-0.00349,4.79286,4.75865,8,0x00000000,1
14.1806,-0.11909,-0.07858,-39.33789,-0.11909,-0.07858,-0.11844,-0.07685,0.67512,0.55909,0.79356,0.63594,0.79356,0.63594,0.00000,0.00000,0,0.00032,-0.65764,-0.65546,0.00686,4.85321,4.92520,8,0x00000000,1,-0.55357,-0.55776,-0.00441,0.03729,0.05928,8,0x00000000,1,-0.56314,-0.56570,0.00942,-1.27160,-1.19595,8,0x00000000,1,-0.59904,-0.59811,0.00349,0.21664,0.24009,8,0x00000000,1,-0.58338,-0.58563,0.00698,0.97162,0.93964,8,0x00000000,1,-0.68288,-0.68260,-0.00332,4.81121,4.77493,8,0x00000000,1
14.2815,-0.11783,-0.08067,-39.33454,-0.11783,-0.08067,-0.11850,-0.07855,0.67851,0.56131,0.79700,0.63986,0.79700,0.63986,0.00000,0.00000,0,0.00103,-0.65787,-0.65563,-0.00037,4.86749,4.92381,8,0x00000000,1,-0.55343,-0.55771,-0.01226,-0.01810,0.14129,8,0x00000000,1,-0.56297,-0.56525,0.00938,-1.27320,-1.11900,8,0x00000000,1,-0.59895,-0.59814,-0.00355,0.21754,0.18435,8,0x00000000,1,-0.58333,-0.58561,-0.00772,0.93814,1.00559,8,0x00000000,1,-0.68312,-0.68304,-0.00707,4.74664,4.62814,8,0x00000000,1
14.3842,-0.11807,-0.08755,-39.32544,-0.11807,-0.08755,-0.11760,-0.08307,0.68186,0.56361,0.79946,0.64668,0.79946,0.64668,0.00000,0.00000,0,0.00036,-0.65821,-0.65580,0.00530,4.89307,4.95612,8,0x00000000,1,-0.55334,-0.55762,0.00201,-0.03942,-0.02633,8,0x00000000,1,-0.56283,-0.56458,0.01540,-1.23882,-1.11317,8,0x00000000,1,-0.59871,-0.59812,0.00248,0.23568,0.06278,8,0x00000000,1,-0.58313,-0.58557,0.00260,0.93519,0.97499,8,0x00000000,1,-0.68344,-0.68367,-0.00608,4.75668,4.81779,8,0x00000000,1
14.4883,-0.12111,-0.09089,-39.31519,-0.12111,-0.09089,-0.11966,-0.08820,0.68525,0.56606,0.80491,0.65426,0.80491,0.65426,0.00000,0.00000,0,0.00129,-0.65863,-0.65607,-0.00382,4.96891,4.87101,8,0x00000000,1,-0.55311,-0.55744,0.00145,-0.09733,-0.03446,8,0x00000000,1,-0.56256,-0.56391,0.00691,-1.26106,-1.34873,8,0x00000000,1,-0.59850,-0.59814,-0.00135,0.21050,0.15004,8,0x00000000,1,-0.58298,-0.58554,-0.00155,0.88141,0.92535,8,0x00000000,1,-0.68387,-0.68427,-0.00504,4.71607,4.64926,8,0x00000000,1
14.5896,-0.12110,-0.10298,-39.30362,-0.12110,-0.10298,-0.12107,-0.09671,0.68868,0.56869,0.80976,0.66540,0.80976,0.66540,0.00000,0.00000,0,0.00028,-0.65919,-0.65630,-0.01158,4.99971,5.09537,8,0x00000000,1,-0.55293,-0.55713,0.00946,-0.12240,-0.20120,8,0x00000000,1,-0.56230,-0.56219,0.03648,-1.07586,-1.25333,8,0x00000000,1,-0.59813,-0.59813,-0.00186,0.18419,0.28599,8,0x00000000,1,-0.58269,-0.58551,-0.00257,0.81452,0.81857,8,0x00000000,1,-0.68442,-0.68491,-0.00346,4.75657,4.78118,8,0x00000000,1
14.6910,-0.12681,-0.13610,-39.26793,-0.12681,-0.13610,-0.12437,-0.11984,0.69217,0.57175,0.81654,0.69159,0.81654,0.69159,0.00000,0.00000,0,0.00024,-0.66042,-0.65668,-0.02401,5.08203,5.25276,8,0x00000000,1,-0.55271,-0.55695,0.00448,-0.19382,-0.21326,8,0x00000000,1,-0.56191,-0.55760,0.03255,-0.80530,-0.48212,8,0x00000000,1,-0.59718,-0.59812,0.00168,0.09552,0.08996,8,0x00000000,1,-0.58187,-0.58543,0.00165,0.71704,0.76738,8,0x00000000,1,-0.68559,-0.68592,-0.00937,4.71129,4.64562,8,0x00000000,1
14.7928,-0.12217,-0.14599,-39.25539,-0.12217,-0.14599,-0.12345,-0.13852,0.69572,0.57548,0.81917,0.71400,0.81917,0.71400,0.00000,0.00000,0,0.00129,-0.66141,-0.65713,-0.01267,5.16975,5.23701,8,0x00000000,1,-0.55267,-0.55649,-0.00031,-0.20501,-0.17842,8,0x00000000,1,-0.56172,-0.55679,0.00447,-0.75318,-0.86027,8,0x00000000,1,-0.59629,-0.59808,0.00287,0.04850,0.04042,8,0x00000000,1,-0.58108,-0.58530,0.01350,0.63035,0.55589,8,0x00000000,1,-0.68650,-0.68696,-0.00281,4.72420,4.62572,8,0x00000000,1
14.8950,-0.11989,-0.15886,-39.25919,-0.11989,-0.15886,-0.12150,-0.15105,0.69920,0.57961,0.82071,0.73067,0.82071,0.73067,0.00000,0.00000,0,0.00041,-0.66213,-0.65771,-0.01055,5.24688,5.45453,8,0x00000000,1,-0.55266,-0.55603,0.00329,-0.22431,-0.29910,8,0x00000000,1,-0.56160,-0.55673,-0.00521,-0.74927,-0.64236,8,0x00000000,1,-0.59563,-0.59806,0.00328,-0.02937,0.11253,8,0x00000000,1,-0.58049,-0.58521,-0.00363,0.53756,0.40157,8,0x00000000,1,-0.68717,-0.68799,-0.02483,4.60692,4.58690,8,0x00000000,1
14.9952,-0.11477,-0.17040,-39.25869,-0.11477,-0.17040,-0.11769,-0.16457,0.70262,0.58413,0.82031,0.74870,0.82031,0.74870,0.00000,0.00000,0,0.00029,-0.66288,-0.65820,0.01191,5.36130,5.41834,8,0x00000000,1,-0.55274,-0.55536,-0.00013,-0.22364,-0.12925,8,0x00000000,1,-0.56156,-0.55673,-0.00231,-0.65324,-0.69203,8,0x00000000,1,-0.59487,-0.59797,-0.00304,-0.10658,-0.10629,8,0x00000000,1,-0.57979,-0.58510,0.00296,0.44542,0.56497,8,0x00000000,1,-0.68784,-0.68877,-0.02024,4.61807,4.69052,8,0x00000000,1
15.0946,-0.10634,-0.18095,-39.26205,-0.10634,-0.18095,-0.10965,-0.17488,0.70586,0.58898,0.81550,0.76385,0.81550,0.76385,0.00000,0.00000,0,0.00037,-0.66341,-0.65877,0.00480,5.39775,5.55242,8,0x00000000,1,-0.55302,-0.55495,0.00849,-0.18486,-0.21037,8,0x00000000,1,-0.56173,-0.55672,0.00388,-0.59207,-0.69200,8,0x00000000,1,-0.59415,-0.59772,0.00253,-0.19023,-0.32509,8,0x00000000,1,-0.57909,-0.58496,0.00453,0.37204,0.30907,8,0x00000000,1,-0.68829,-0.68946,-0.00858,4.63577,4.60874,8,0x00000000,1
15.1972,-0.09762,-0.18973,-39.26513,-0.09762,-0.18973,-0.10185,-0.18444,0.70887,0.59410,0.81072,0.77854,0.81072,0.77854,0.00000,0.00000,0,0.00141,-0.66393,-0.65941,-0.01430,5.37737,5.61769,8,0x00000000,1,-0.55329,-0.55475,0.00750,-0.20595,-0.19339,8,0x00000000,1,-0.56190,-0.55677,-0.00348,-0.53184,-0.49384,8,0x00000000,1,-0.59345,-0.59446,0.11025,0.13428,0.06935,8,0x00000000,1,-0.57841,-0.58481,0.00574,0.26486,0.23944,8,0x00000000,1,-0.68872,-0.69014,-0.01432,4.58148,4.57457,8,0x00000000,1
15.2965,-0.04413,-0.16291,-39.32047,-0.04413,-0.16291,-0.07102,-0.18000,0.71146,0.59940,0.78248,0.77940,0.78248,0.77940,0.00000,0.00000,0,0.00030,-0.66340,-0.65994,-0.01002,5.39135,5.43900,8,0x00000000,1,-0.55459,-0.55472,-0.00982,-0.15620,-0.08482,8,0x00000000,1,-0.56318,-0.55680,-0.00066,-0.36481,-0.41971,8,0x00000000,1,-0.59286,-0.58221,0.01349,0.83727,0.89298,8,0x00000000,1,-0.57764,-0.58463,0.00306,0.12716,0.00524,8,0x00000000,1,-0.68801,-0.69069,-0.01037,4.51981,4.57202,8,0x00000000,1
15.3967,-0.03021,-0.17389,-39.32022,-0.03021,-0.17389,-0.03982,-0.17571,0.71296,0.60440,0.75278,0.78011,0.75278,0.78011,0.00000,0.00000,0,0.00056,-0.66284,-0.66023,-0.00071,5.37789,5.44212,8,0x00000000,1,-0.55596,-0.55469,0.00746,0.01658,-0.06371,8,0x00000000,1,-0.56454,-0.55696,-0.00148,-0.20384,-0.11089,8,0x00000000,1,-0.59225,-0.58185,0.00234,0.92467,0.98470,8,0x00000000,1,-0.57683,-0.58450,0.00845,-0.00338,-0.07932,8,0x00000000,1,-0.68725,-0.69092,-0.00881,4.37807,4.45000,8,0x00000000,1
15.4983,-0.02491,-0.17751,-39.32510,-0.02491,-0.17751,-0.02854,-0.17690,0.71392,0.60943,0.74246,0.78633,0.74246,0.78633,0.00000,0.00000,0,0.00115,-0.66289,-0.66048,0.00179,5.37928,5.19040,8,0x00000000,1,-0.55646,-0.55472,-0.00382,0.00719,0.03191,8,0x00000000,1,-0.56499,-0.55707,0.00147,-0.08260,-0.04185,8,0x00000000,1,-0.59179,-0.58185,0.00499,0.99721,0.93960,8,0x00000000,1,-0.57633,-0.58445,-0.00138,-0.12977,-0.23141,8,0x00000000,1,-0.68722,-0.69119,-0.00901,4.30655,4.31608,8,0x00000000,1
15.5983,-0.01853,-0.17984,-39.32035,-0.01853,-0.17984,-0.02168,-0.17923,0.71464,0.61452,0.73633,0.79375,0.73633,0.79375,0.00000,0.00000,0,0.00030,-0.66308,-0.66068,-0.01512,5.41306,5.32548,8,0x00000000,1,-0.55677,-0.55470,0.00284,0.07735,0.05212,8,0x00000000,1,-0.56524,-0.55716,-0.00188,-0.00938,-0.04064,8,0x00000000,1,-0.59136,-0.58191,-0.00694,1.09208,1.06904,8,0x00000000,1,-0.57589,-0.58439,-0.00205,-0.28342,-0.28278,8,0x00000000,1,-0.68734,-0.69141,0.00534,4.28076,4.06304,8,0x00000000,1
15.7017,-0.01610,-0.18012,-39.31767,-0.01610,-0.18012,-0.01783,-0.18018,0.71486,0.61965,0.73269,0.79983,0.73269,0.79983,0.00000,0.00000,16,0.00171,-0.66326,-0.66081,-0.00805,5.43277,5.36152,8,0x00000000,1,-0.55696,-0.55472,-0.00261,0.08479,0.06383,8,0x00000000,1,-0.56539,-0.55726,0.00594,0.12534,0.08773,8,0x00000000,1,-0.59104,-0.58192,0.00361,1.21355,1.29773,8,0x00000000,1,-0.57556,-0.58432,0.00192,-0.38525,-0.26120,8,0x00000000,1,-0.68747,-0.69162,-0.00945,4.19761,4.24854,8,0x00000000,1
15.8023,-0.01335,-0.18123,-39.31857,-0.01335,-0.18123,-0.01452,-0.18057,0.71486,0.62479,0.72938,0.80536,0.72938,0.80536,0.00000,0.00000,16,0.00051,-0.66343,-0.66092,-0.00058,5.49219,5.62444,8,0x00000000,1,-0.55713,-0.55471,-0.00125,0.16211,0.00380,8,0x00000000,1,-0.56552,-0.55739,-0.00226,0.19589,0.15335,8,0x00000000,1,-0.59074,-0.58199,-0.01075,1.24913,1.32463,8,0x00000000,1,-0.57526,-0.58427,0.00497,-0.50288,-0.59360,8,0x00000000,1,-0.68759,-0.69174,-0.00258,4.17206,4.24295,8,0x00000000,1
15.9036,-0.01728,-0.18301,-39.31108,-0.01728,-0.18301,-0.01474,-0.18097,0.71486,0.62994,0.72960,0.81091,0.72960,0.81091,0.00000,0.00000,16,0.00039,-0.66366,-0.66107,-0.01118,5.48724,5.49866,8,0x00000000,1,-0.55714,-0.55470,0.00924,0.16965,0.08132,8,0x00000000,1,-0.56549,-0.55750,-0.00509,0.28557,0.29149,8,0x00000000,1,-0.59052,-0.58203,-0.00605,1.36380,1.27182,8,0x00000000,1,-0.57506,-0.58426,0.00461,-0.63453,-0.71345,8,0x00000000,1,-0.68781,-0.69185,0.00571,4.11900,4.32713,8,0x00000000,1
16.0074,-0.01948,-0.18243,-39.31058,-0.01948,-0.18243,-0.01778,-0.18206,0.71486,0.63511,0.73263,0.81718,0.73263,0.81718,0.00000,0.00000,16,0.00033,-0.66398,-0.66117,-0.00104,5.57745,5.55695,8,0x00000000,1,-0.55703,-0.55471,-0.00041,0.18106,0.18486,8,0x00000000,1,-0.56534,-0.55760,-0.00248,0.38423,0.31156,8,0x00000000,1,-0.59031,-0.58208,-0.00320,1.46261,1.43536,8,0x00000000,1,-0.57490,-0.58425,0.00748,-0.76882,-0.64945,8,0x00000000,1,-0.68812,-0.69198,0.00123,4.09960,4.13764,8,0x00000000,1
16.1096,-0.02187,-0.18445,-39.30999,-0.02187,-0.18445,-0.02007,-0.18308,0.71489,0.64031,0.73495,0.82340,0.73495,0.82340,0.00000,0.00000,0,0.00056,-0.66429,-0.66131,-0.01309,5.57202,5.63459,8,0x00000000,1,-0.55694,-0.55473,-0.00681,0.20647,0.36554,8,0x00000000,1,-0.56521,-0.55768,-0.00227,0.45321,0.45404,8,0x00000000,1,-0.59010,-0.58210,-0.00018,1.55230,1.47332,8,0x00000000,1,-0.57472,-0.58406,0.00465,-0.85872,-0.89241,8,0x00000000,1,-0.68842,-0.69209,0.00577,4.05350,3.88850,8,0x00000000,1
16.2129,-0.02433,-0.18704,-39.31115,-0.02433,-0.18704,-0.02273,-0.18498,0.71549,0.64556,0.73822,0.83053,0.73822,0.83053,0.00000,0.00000,0,0.00034,-0.66465,-0.66146,-0.00595,5.66500,5.54269,8,0x00000000,1,-0.55682,-0.55470,0.00479,0.24719,0.29507,8,0x00000000,1,-0.56504,-0.55779,-0.00629,0.51615,0.58858,8,0x00000000,1,-0.58987,-0.58218,-0.00260,1.64593,1.79624,8,0x00000000,1,-0.57453,-0.58374,0.00692,-0.94339,-1.04976,8,0x00000000,1,-0.68878,-0.69222,-0.00282,4.02835,3.89036,8,0x00000000,1
16.3157,-0.02771,-0.19046,-39.30251,-0.02771,-0.19046,-0.02531,-0.18837,0.71618,0.65088,0.74149,0.83925,0.74149,0.83925,0.00000,0.00000,0,0.00103,-0.66508,-0.66162,0.00297,5.72689,5.76639,8,0x00000000,1,-0.55670,-0.55473,-0.00653,0.24711,0.22314,8,0x00000000,1,-0.56486,-0.55787,0.00008,0.59854,0.58510,8,0x00000000,1,-0.58957,-0.58220,0.01020,1.71111,1.73306,8,0x00000000,1,-0.57429,-0.58336,0.00287,-1.04964,-1.01337,8,0x00000000,1,-0.68919,-0.69227,0.00433,4.00943,4.11730,8,0x00000000,1
16.4185,-0.02668,-0.19254,-39.30765,-0.02668,-0.19254,-0.02650,-0.19090,0.71692,0.65629,0.74342,0.84719,0.74342,0.84719,0.00000,0.00000,0,0.00040,-0.66545,-0.66180,0.00607,5.80087,5.88534,8,0x00000000,1,-0.55664,-0.55472,-0.00223,0.28443,0.19390,8,0x00000000,1,-0.56475,-0.55799,-0.00155,0.66926,0.62585,8,0x00000000,1,-0.58928,-0.58230,-0.01117,1.71842,1.73813,8,0x00000000,1,-0.57404,-0.58305,0.00951,-1.17539,-1.19580,8,0x00000000,1,-0.68954,-0.69234,-0.00183,3.96518,3.99955,8,0x00000000,1
16.5233,-0.02576,-0.19459,-39.30097,-0.02576,-0.19459,-0.02558,-0.19340,0.71767,0.66178,0.74324,0.85518,0.74324,0.85518,0.00000,0.00000,0,0.00040,-0.66578,-0.66200,-0.00866,5.82662,5.81995,8,0x00000000,1,-0.55667,-0.55473,-0.00556,0.29818,0.23712,8,0x00000000,1,-0.56473,-0.55808,-0.00448,0.74924,0.77691,8,0x00000000,1,-0.58894,-0.58236,-0.00739,1.79267,1.84052,8,0x00000000,1,-0.57373,-0.58272,-0.00176,-1.24501,-1.16227,8,0x00000000,1,-0.68984,-0.69241,-0.01193,3.94211,3.96402,8,0x00000000,1
16.6267,-0.02513,-0.19298,-39.30503,-0.02513,-0.19298,-0.02528,-0.19388,0.71839,0.66731,0.74367,0.86119,0.74367,0.86119,0.00000,0.00000,0,0.00105,-0.66604,-0.66222,0.00396,5.86892,5.84046,8,0x00000000,1,-0.55667,-0.55472,-0.00165,0.33958,0.30046,8,0x00000000,1,-0.56469,-0.55819,0.00073,0.85061,0.85086,8,0x00000000,1,-0.58870,-0.58239,-0.00380,1.87877,1.88511,8,0x00000000,1,-0.57351,-0.58231,0.01305,-1.34413,-1.39286,8,0x00000000,1,-0.69008,-0.69247,-0.00692,3.93985,3.81972,8,0x00000000,1
16.7262,-0.02738,-0.19353,-39.30472,-0.02738,-0.19353,-0.02653,-0.19353,0.71913,0.67282,0.74566,0.86635,0.74566,0.86635,0.00000,0.00000,0,0.00028,-0.66630,-0.66247,-0.00538,5.91993,5.94693,8,0x00000000,1,-0.55660,-0.55472,-0.00227,0.35552,0.41498,8,0x00000000,1,-0.56458,-0.55830,0.00123,0.88870,0.87170,8,0x00000000,1,-0.58853,-0.58244,-0.00055,1.96116,1.86038,8,0x00000000,1,-0.57337,-0.58209,-0.00254,-1.50257,-1.51938,8,0x00000000,1,-0.69033,-0.69252,-0.01429,3.90298,3.81719,8,0x00000000,1
16.8293,-0.02420,-0.19045,-39.30664,-0.02420,-0.19045,-0.02507,-0.19180,0.71986,0.67832,0.74493,0.87011,0.74493,0.87011,0.00000,0.00000,0,0.00029,-0.66644,-0.66272,0.00097,5.93642,5.98142,8,0x00000000,1,-0.55665,-0.55471,0.00201,0.36633,0.34698,8,0x00000000,1,-0.56461,-0.55842,-0.00281,0.94964,0.91979,8,0x00000000,1,-0.58835,-0.58251,-0.00560,1.96618,2.02975,8,0x00000000,1,-0.57320,-0.58177,0.00210,-1.57950,-1.42946,8,0x00000000,1,-0.69045,-0.69253,-0.00102,3.92021,3.87803,8,0x00000000,1
16.9321,-0.02199,-0.19438,-39.30984,-0.02199,-0.19438,-0.02365,-0.19335,0.72055,0.68379,0.74421,0.87714,0.74421,0.87714,0.00000,0.00000,0,0.00101,-0.66672,-0.66305,-0.00719,6.00242,6.04696,8,0x00000000,1,-0.55671,-0.55473,-0.00558,0.39159,0.50960,8,0x00000000,1,-0.56462,-0.55854,-0.00062,1.02401,1.03020,8,0x00000000,1,-0.58805,-0.58258,-0.00525,2.03736,2.00970,8,0x00000000,1,-0.57292,-0.58147,-0.00131,-1.69105,-1.69165,8,0x00000000,1,-0.69070,-0.69258,0.00230,3.88773,3.88849,8,0x00000000,1
17.0323,-0.02155,-0.19332,-39.31603,-0.02155,-0.19332,-0.02121,-0.19402,0.72118,0.68933,0.74239,0.88335,0.74239,0.88335,0.00000,0.00000,0,0.00150,-0.66694,-0.66339,-0.00952,6.01336,6.01098,8,0x00000000,1,-0.55681,-0.55471,0.00614,0.44460,0.39213,8,0x00000000,1,-0.56468,-0.55865,-0.00004,1.10424,0.97449,8,0x00000000,1,-0.58775,-0.58263,0.00521,2.11882,1.98416,8,0x00000000,1,-0.57263,-0.58104,0.01268,-1.74517,-1.73398,8,0x00000000,1,-0.69088,-0.69262,-0.00164,3.87740,3.89723,8,0x00000000,1
17.1307,-0.01823,-0.19152,-39.31324,-0.01823,-0.19152,-0.01940,-0.19230,0.72162,0.69482,0.74102,0.88712,0.74102,0.88712,0.00000,0.00000,16,0.00034,-0.66707,-0.66370,-0.00837,6.04322,6.16812,8,0x00000000,1,-0.55689,-0.55473,-0.00537,0.45612,0.39672,8,0x00000000,1,-0.56473,-0.55878,-0.00337,1.15443,1.08769,8,0x00000000,1,-0.58757,-0.58267,0.00683,2.15280,2.25994,8,0x00000000,1,-0.57245,-0.58065,-0.00074,-1.85518,-1.91024,8,0x00000000,1,-0.69099,-0.69266,-0.00776,3.85090,3.85719,8,0x00000000,1
17.2323,-0.01418,-0.18957,-39.31761,-0.01418,-0.18957,-0.01698,-0.19061,0.72162,0.70028,0.73860,0.89089,0.73860,0.89089,0.00000,0.00000,16,0.00115,-0.66718,-0.66400,0.00224,6.07523,6.12607,8,0x00000000,1,-0.55701,-0.55472,0.00493,0.49906,0.48211,8,0x00000000,1,-0.56483,-0.55893,-0.00405,1.20409,1.35152,8,0x00000000,1,-0.58737,-0.58272,0.00511,2.19300,2.15687,8,0x00000000,1,-0.57225,-0.58030,0.00103,-1.94298,-1.94689,8,0x00000000,1,-0.69107,-0.69268,-0.00259,3.84233,3.90068,8,0x00000000,1
17.3332,-0.01214,-0.19187,-39.31822,-0.01214,-0.19187,-0.01347,-0.19189,0.72162,0.70573,0.73509,0.89762,0.73509,0.89762,0.00000,0.00000,16,0.00026,-0.66739,-0.66430,-0.00232,6.12696,6.03580,8,0x00000000,1,-0.55720,-0.55472,0.00532,0.57607,0.40394,8,0x00000000,1,-0.56497,-0.55915,-0.00287,1.29117,1.25314,8,0x00000000,1,-0.58702,-0.58279,-0.00804,2.20844,2.26259,8,0x00000000,1,-0.57190,-0.57977,0.01536,-1.98624,-1.99769,8,0x00000000,1,-0.69123,-0.69269,0.00290,3.84475,3.61935,8,0x00000000,1
17.4338,-0.01026,-0.19293,-39.31183,-0.01026,-0.19293,-0.01148,-0.19215,0.72162,0.71120,0.73310,0.90335,0.73310,0.90335,0.00000,0.00000,16,0.00039,-0.66759,-0.66462,-0.00891,6.13164,6.26186,8,0x00000000,1,-0.55731,-0.55473,0.00481,0.57426,0.67194,8,0x00000000,1,-0.56504,-0.55933,0.00081,1.36915,1.32208,8,0x00000000,1,-0.58674,-0.58282,-0.00066,2.24347,2.28822,8,0x00000000,1,-0.57163,-0.57898,0.02103,-2.08137,-2.07159,8,0x00000000,1,-0.69139,-0.69269,0.00708,3.85075,4.01025,8,0x00000000,1
17.5379,-0.00480,-0.19258,-39.31504,-0.00480,-0.19258,-0.00672,-0.19246,0.72162,0.71668,0.72834,0.90914,0.72834,0.90914,0.00000,0.00000,16,0.00032,-0.66774,-0.66490,0.00728,6.17919,6.03168,8,0x00000000,1,-0.55755,-0.55475,-0.00039,0.62370,0.60865,8,0x00000000,1,-0.56524,-0.55958,-0.00065,1.43148,1.43490,8,0x00000000,1,-0.58641,-0.58285,0.00697,2.27527,2.08759,8,0x00000000,1,-0.57128,-0.57789,0.02321,-2.08157,-1.99965,8,0x00000000,1,-0.69149,-0.69271,0.00348,3.84738,3.81755,8,0x00000000,1
17.6393,0.00594,-0.18678,-39.30026,0.00594,-0.18678,-0.00153,-0.18998,0.72162,0.72213,0.72315,0.91212,0.72315,0.91212,0.00000,0.00000,16,0.00030,-0.66776,-0.66525,-0.00119,6.18380,6.20675,8,0x00000000,1,-0.55780,-0.55477,-0.00122,0.65972,0.78301,8,0x00000000,1,-0.56546,-0.55985,0.00265,1.48358,1.41830,8,0x00000000,1,-0.58618,-0.58292,0.00133,2.28217,2.21744,8,0x00000000,1,-0.57104,-0.57283,0.08455,-1.63552,-1.64605,8,0x00000000,1,-0.69146,-0.69275,-0.00641,3.78101,3.82456,8,0x00000000,1
17.7416,0.02949,-0.18158,-39.28431,0.02949,-0.18158,0.01970,-0.18431,0.72162,0.72746,0.70192,0.91177,0.70192,0.91177,0.00000,0.00000,16,0.00038,-0.66732,-0.66555,-0.00212,6.18300,6.22917,8,0x00000000,1,-0.55878,-0.55481,-0.00200,0.78644,0.76984,8,0x00000000,1,-0.56643,-0.56040,-0.00808,1.56325,1.72854,8,0x00000000,1,-0.58578,-0.58296,-0.01712,2.26961,2.30110,8,0x00000000,1,-0.57049,-0.56869,0.01966,-1.59675,-1.74308,8,0x00000000,1,-0.69089,-0.69274,0.00291,3.72018,3.90329,8,0x00000000,1
17.8427,0.03462,-0.18020,-39.28703,0.03462,-0.18020,0.03084,-0.18083,0.72087,0.73265,0.69003,0.91349,0.69003,0.91349,0.00000,0.00000,0,0.00029,-0.66715,-0.66587,0.00768,6.11315,5.98010,8,0x00000000,1,-0.55934,-0.55489,-0.00874,0.86529,0.82814,8,0x00000000,1,-0.56697,-0.56185,-0.02612,1.59030,1.54163,8,0x00000000,1,-0.58548,-0.58294,0.00137,2.32061,2.21991,8,0x00000000,1,-0.57012,-0.56828,-0.00962,-1.61874,-1.49692,8,0x00000000,1,-0.69064,-0.69275,0.00244,3.70339,3.65016,8,0x00000000,1
17.9453,0.03195,-0.17039,-39.29235,0.03195,-0.17039,0.03246,-0.17587,0.71996,0.73776,0.68750,0.91363,0.68750,0.91363,0.00000,0.00000,0,0.00025,-0.66711,-0.66621,-0.00481,6.16162,6.12340,8,0x00000000,1,-0.55945,-0.55496,-0.00026,0.90936,0.88367,8,0x00000000,1,-0.56708,-0.56460,-0.01611,1.41944,1.52800,8,0x00000000,1,-0.58542,-0.58296,0.00395,2.33939,2.34489,8,0x00000000,1,-0.57005,-0.56804,0.00255,-1.56463,-1.65597,8,0x00000000,1,-0.69058,-0.69277,-0.00957,3.66447,3.71941,8,0x00000000,1
18.0450,0.03719,-0.16526,-39.30989,0.03719,-0.16526,0.03609,-0.16783,0.71898,0.74264,0.68289,0.91047,0.68289,0.91047,0.00000,0.00000,0,0.00037,-0.66688,-0.66644,-0.00386,6.14261,6.16435,8,0x00000000,1,-0.55965,-0.55508,0.00171,0.97634,0.98036,8,0x00000000,1,-0.56730,-0.56551,-0.00578,1.42941,1.46364,8,0x00000000,1,-0.58547,-0.58302,0.00066,2.37217,2.35393,8,0x00000000,1,-0.57005,-0.56802,-0.00275,-1.56851,-1.53921,8,0x00000000,1,-0.69034,-0.69274,0.00098,3.63159,3.40710,8,0x00000000,1
18.1458,0.04081,-0.16839,-39.31207,0.04081,-0.16839,0.03828,-0.16746,0.71792,0.74740,0.67964,0.91486,0.67964,0.91486,0.00000,0.00000,0,0.00028,-0.66700,-0.66669,0.00263,6.12752,6.00665,8,0x00000000,1,-0.55982,-0.55524,-0.00122,1.03021,0.96250,8,0x00000000,1,-0.56744,-0.56589,0.00618,1.45930,1.32943,8,0x00000000,1,-0.58522,-0.58306,0.00142,2.38644,2.35426,8,0x00000000,1,-0.56980,-0.56803,-0.01032,-1.56039,-1.48343,8,0x00000000,1,-0.69042,-0.69274,-0.00236,3.60470,3.40677,8,0x00000000,1
18.2451,0.04421,-0.16569,-39.31348,0.04421,-0.16569,0.04244,-0.16741,0.71677,0.75219,0.67433,0.91960,0.67433,0.91960,0.00000,0.00000,0,0.00029,-0.66709,-0.66705,0.00182,6.11737,6.14614,8,0x00000000,1,-0.56008,-0.55540,-0.00520,1.09741,1.19091,8,0x00000000,1,-0.56766,-0.56610,-0.00358,1.46934,1.57515,8,0x00000000,1,-0.58492,-0.58308,0.00038,2.37013,2.33177,8,0x00000000,1,-0.56948,-0.56801,-0.00151,-1.55965,-1.42627,8,0x00000000,1,-0.69046,-0.69273,0.00587,3.57888,3.51059,8,0x00000000,1
18.3496,0.05181,-0.16649,-39.32703,0.05181,-0.16649,0.04716,-0.16675,0.71549,0.75694,0.66833,0.92369,0.66833,0.92369,0.00000,0.00000,0,0.00039,-0.66714,-0.66738,-0.00669,6.08820,5.91687,8,0x00000000,1,-0.56037,-0.55559,-0.00227,1.16773,1.12699,8,0x00000000,1,-0.56793,-0.56621,-0.00353,1.50140,1.40671,8,0x00000000,1,-0.58463,-0.58309,0.00319,2.38220,2.47057,8,0x00000000,1,-0.56916,-0.56801,-0.00275,-1.56601,-1.50293,8,0x00000000,1,-0.69046,-0.69274,-0.00287,3.54641,3.48339,8,0x00000000,1
18.4526,0.05152,-0.16700,-39.31783,0.05152,-0.16700,0.05041,-0.16683,0.71408,0.76169,0.66368,0.92852,0.66368,0.92852,0.00000,0.00000,0,0.00204,-0.66725,-0.66763,0.00830,6.08228,6.22981,8,0x00000000,1,-0.56061,-0.55576,-0.00149,1.21121,1.24885,8,0x00000000,1,-0.56812,-0.56635,-0.00525,1.51482,1.39568,8,0x00000000,1,-0.58434,-0.58312,-0.00696,2.36169,2.37710,8,0x00000000,1,-0.56886,-0.56800,0.00447,-1.54486,-1.49786,8,0x00000000,1,-0.69052,-0.69275,-0.00850,3.53439,3.62317,8,0x00000000,1
18.5531,0.04995,-0.16854,-39.32137,0.04995,-0.16854,0.05136,-0.16825,0.71263,0.76647,0.66128,0.93472,0.66128,0.93472,0.00000,0.00000,0,0.00038,-0.66746,-0.66789,0.00661,6.09398,6.33610,8,0x00000000,1,-0.56074,-0.55595,-0.01061,1.26431,1.13753,8,0x00000000,1,-0.56821,-0.56642,-0.00344,1.53638,1.37955,8,0x00000000,1,-0.58404,-0.58311,0.00130,2.35581,2.52618,8,0x00000000,1,-0.56856,-0.56803,-0.00817,-1.57875,-1.60557,8,0x00000000,1,-0.69069,-0.69272,0.00290,3.50354,3.36465,8,0x00000000,1
18.6579,0.05435,-0.16825,-39.32793,0.05435,-0.16825,0.05207,-0.16886,0.71117,0.77127,0.65910,0.94013,0.65910,0.94013,0.00000,0.00000,0,0.00059,-0.66764,-0.66822,-0.00672,6.02634,6.15520,8,0x00000000,1,-0.56086,-0.55610,-0.00980,1.33783,1.51419,8,0x00000000,1,-0.56829,-0.56649,-0.00041,1.56152,1.58210,8,0x00000000,1,-0.58377,-0.58310,0.00531,2.36369,2.49744,8,0x00000000,1,-0.56830,-0.56800,0.00067,-1.58102,-1.50708,8,0x00000000,1,-0.69084,-0.69271,0.00768,3.51722,3.38098,8,0x00000000,1
18.7607,0.05116,-0.17067,-39.31800,0.05116,-0.17067,0.05181,-0.17035,0.70968,0.77611,0.65788,0.94646,0.65788,0.94646,0.00000,0.00000,0,0.00028,-0.66788,-0.66844,-0.00528,6.03373,6.10908,8,0x00000000,1,-0.56094,-0.55625,0.00034,1.37810,1.32248,8,0x00000000,1,-0.56833,-0.56660,-0.00928,1.55858,1.72175,8,0x00000000,1,-0.58348,-0.58314,-0.00898,2.31916,2.40249,8,0x00000000,1,-0.56802,-0.56792,0.00113,-1.57379,-1.64110,8,0x00000000,1,-0.69104,-0.69274,-0.00630,3.50711,3.45268,8,0x00000000,1
18.8629,0.05422,-0.17282,-39.32798,0.05422,-0.17282,0.05174,-0.17176,0.70821,0.78099,0.65647,0.95274,0.65647,0.95274,0.00000,0.00000,0,0.00054,-0.66812,-0.66865,-0.00155,6.02696,6.09992,8,0x00000000,1,-0.56103,-0.55643,-0.00603,1.44325,1.44004,8,0x00000000,1,-0.56837,-0.56664,0.00117,1.62529,1.88756,8,0x00000000,1,-0.58319,-0.58314,-0.01090,2.33282,2.37904,8,0x00000000,1,-0.56775,-0.56781,-0.00047,-1.59316,-1.59594,8,0x00000000,1,-0.69124,-0.69274,-0.00448,3.47487,3.47206,8,0x00000000,1
18.9641,0.05522,-0.17395,-39.32846,0.05522,-0.17395,0.05431,-0.17367,0.70670,0.78592,0.65239,0.95958,0.65239,0.95958,0.00000,0.00000,0,0.00153,-0.66832,-0.66889,-0.00524,6.01072,5.91694,8,0x00000000,1,-0.56124,-0.55662,0.00061,1.52015,1.50392,8,0x00000000,1,-0.56854,-0.56668,0.00438,1.67298,1.66445,8,0x00000000,1,-0.58283,-0.58312,-0.00019,2.31684,2.33581,8,0x00000000,1,-0.56738,-0.56775,-0.00720,-1.63906,-1.68204,8,0x00000000,1,-0.69140,-0.69271,0.00739,3.49011,3.53811,8,0x00000000,1
19.0626,0.05861,-0.17370,-39.31907,0.05861,-0.17370,0.05734,-0.17342,0.70511,0.79086,0.64777,0.96428,0.64777,0.96428,0.00000,0.00000,0,0.00049,-0.66843,-0.66917,0.00435,6.03079,6.02954,8,0x00000000,1,-0.56147,-0.55683,-0.00827,1.53884,1.50731,8,0x00000000,1,-0.56873,-0.56678,-0.00380,1.65752,1.84611,8,0x00000000,1,-0.58254,-0.58310,0.00711,2.30006,2.31719,8,0x00000000,1,-0.56708,-0.56754,-0.00190,-1.61900,-1.56497,8,0x00000000,1,-0.69145,-0.69273,-0.00150,3.43758,3.36204,8,0x00000000,1
19.1619,0.06871,-0.17384,-39.33495,0.06871,-0.17384,0.06372,-0.17372,0.70339,0.79581,0.63967,0.96954,0.63967,0.96954,0.00000,0.00000,0,0.00038,-0.66848,-0.66944,0.00038,5.97929,6.03928,8,0x00000000,1,-0.56186,-0.55706,-0.00782,1.61461,1.57841,8,0x00000000,1,-0.56908,-0.56684,0.00046,1.71347,1.63566,8,0x00000000,1,-0.58217,-0.58311,0.00084,2.23522,2.34102,8,0x00000000,1,-0.56667,-0.56730,0.01343,-1.59373,-1.56007,8,0x00000000,1,-0.69144,-0.69271,0.00475,3.47656,3.31432,8,0x00000000,1
19.2647,0.07489,-0.17438,-39.33321,0.07489,-0.17438,0.06995,-0.17517,0.70149,0.80078,0.63154,0.97595,0.63154,0.97595,0.00000,0.00000,0,0.00045,-0.66859,-0.66969,-0.00369,5.94389,6.00727,8,0x00000000,1,-0.56226,-0.55728,0.00037,1.68881,1.51906,8,0x00000000,1,-0.56943,-0.56694,0.00482,1.78012,1.81269,8,0x00000000,1,-0.58174,-0.58310,0.00261,2.20826,2.17435,8,0x00000000,1,-0.56621,-0.56691,0.00080,-1.63264,-1.58541,8,0x00000000,1,-0.69147,-0.69272,0.00142,3.45340,3.13562,8,0x00000000,1
19.3665,0.07979,-0.17503,-39.32721,0.07979,-0.17503,0.07740,-0.17483,0.69937,0.80577,0.62197,0.98059,0.62197,0.98059,0.00000,0.00000,0,0.00030,-0.66859,-0.66988,0.00388,5.96489,6.13957,8,0x00000000,1,-0.56272,-0.55755,-0.00245,1.76687,1.80668,8,0x00000000,1,-0.56985,-0.56709,-0.00069,1.80863,1.71303,8,0x00000000,1,-0.58136,-0.58310,-0.00587,2.14177,2.16387,8,0x00000000,1,-0.56579,-0.56587,0.01641,-1.57925,-1.56782,8,0x00000000,1,-0.69139,-0.69274,-0.00739,3.39305,3.35028,8,0x00000000,1
19.4662,0.09329,-0.16985,-39.33236,0.09329,-0.16985,0.08601,-0.17194,0.69704,0.81071,0.61103,0.98266,0.61103,0.98266,0.00000,0.00000,0,0.00031,-0.66846,-0.66999,0.01317,5.93200,5.98191,8,0x00000000,1,-0.56323,-0.55790,-0.00371,1.81768,1.84053,8,0x00000000,1,-0.57035,-0.56726,-0.00524,1.85681,1.94680,8,0x00000000,1,-0.58106,-0.58306,-0.00527,2.12184,2.22970,8,0x00000000,1,-0.56542,-0.56250,0.09210,-1.13328,-1.19890,8,0x00000000,1,-0.69118,-0.69271,0.00362,3.38243,3.26257,8,0x00000000,1
19.5667,0.12886,-0.15439,-39.29380,0.12886,-0.15439,0.11384,-0.16157,0.69422,0.81547,0.58038,0.97705,0.58038,0.97705,0.00000,0.00000,0,0.00051,-0.66761,-0.67010,-0.01399,5.75648,5.78352,8,0x00000000,1,-0.56462,-0.55863,-0.00427,1.94679,1.70585,8,0x00000000,1,-0.57176,-0.56749,-0.00730,1.99687,2.11455,8,0x00000000,1,-0.58070,-0.58304,0.00235,2.07409,1.96461,8,0x00000000,1,-0.56484,-0.55755,0.00979,-1.01278,-1.00343,8,0x00000000,1,-0.69016,-0.69270,0.00409,3.31451,3.43254,8,0x00000000,1
19.6668,0.12970,-0.15063,-39.28097,0.12970,-0.15063,0.12682,-0.15388,0.69074,0.81994,0.56392,0.97382,0.56392,0.97382,0.00000,0.00000,0,0.00030,-0.66715,-0.67007,0.00772,5.74971,5.72358,8,0x00000000,1,-0.56537,-0.56036,-0.02480,1.89468,1.81309,8,0x00000000,1,-0.57252,-0.56784,-0.00793,2.07580,2.09055,8,0x00000000,1,-0.58051,-0.58302,0.00453,2.05463,2.04142,8,0x00000000,1,-0.56453,-0.55721,0.01355,-0.91912,-0.96943,8,0x00000000,1,-0.68961,-0.69271,-0.00198,3.22839,3.28277,8,0x00000000,1
19.7707,0.12978,-0.14690,-39.29152,0.12978,-0.14690,0.12872,-0.14950,0.68710,0.82426,0.55838,0.97376,0.55838,0.97376,0.00000,0.00000,0,0.00031,-0.66703,-0.67011,0.00131,5.70478,5.76032,8,0x00000000,1,-0.56563,-0.56193,-0.00595,1.88989,1.97506,8,0x00000000,1,-0.57277,-0.56810,-0.00307,2.12753,2.22644,8,0x00000000,1,-0.58040,-0.58300,0.00384,1.99124,2.07740,8,0x00000000,1,-0.56439,-0.55724,-0.00171,-0.86875,-0.93033,8,0x00000000,1,-0.68946,-0.69268,0.00817,3.20186,2.92302,8,0x00000000,1
19.8717,0.12849,-0.14452,-39.28279,0.12849,-0.14452,0.12940,-0.14596,0.68342,0.82846,0.55402,0.97441,0.55402,0.97441,0.00000,0.00000,0,0.00038,-0.66697,-0.67012,-0.00684,5.63549,5.54533,8,0x00000000,1,-0.56583,-0.56274,-0.00826,1.87072,1.90765,8,0x00000000,1,-0.57297,-0.56830,-0.00268,2.17031,2.23403,8,0x00000000,1,-0.58029,-0.58299,0.00497,1.99655,1.97002,8,0x00000000,1,-0.56425,-0.55724,-0.00078,-0.81988,-0.77998,8,0x00000000,1,-0.68937,-0.69270,-0.00241,3.11528,3.20514,8,0x00000000,1
19.9730,0.12914,-0.14540,-39.29044,0.12914,-0.14540,0.12919,-0.14556,0.67973,0.83260,0.55054,0.97817,0.55054,0.97817,0.00000,0.00000,0,0.00046,-0.66706,-0.67010,0.00680,5.62429,5.68359,8,0x00000000,1,-0.56601,-0.56332,-0.00754,1.90200,1.88429,8,0x00000000,1,-0.57312,-0.56850,0.00268,2.23071,2.22957,8,0x00000000,1,-0.58007,-0.58298,0.00392,1.91951,1.93190,8,0x00000000,1,-0.56402,-0.55722,0.00961,-0.70855,-0.60409,8,0x00000000,1,-0.68942,-0.69271,-0.01083,3.08109,3.07914,8,0x00000000,1
20.0775,0.12916,-0.14249,-39.29151,0.12916,-0.14249,0.12861,-0.14403,0.67607,0.83674,0.54746,0.98077,0.54746,0.98077,0.00000,0.00000,0,0.00110,-0.66711,-0.67010,0.00507,5.61387,5.58453,8,0x00000000,1,-0.56616,-0.56359,-0.00103,1.92338,1.90680,8,0x00000000,1,-0.57325,-0.56874,-0.00527,2.25878,2.23690,8,0x00000000,1,-0.57990,-0.58297,-0.00993,1.86973,1.92059,8,0x00000000,1,-0.56384,-0.55724,-0.00497,-0.65314,-0.70202,8,0x00000000,1,-0.68944,-0.69265,0.01415,3.08762,2.97446,8,0x00000000,1
20.1763,0.12628,-0.13970,-39.28532,0.12628,-0.13970,0.12792,-0.14132,0.67241,0.84080,0.54449,0.98212,0.54449,0.98212,0.00000,0.00000,0,0.00028,-0.66710,-0.67010,0.00573,5.54581,5.55381,8,0x00000000,1,-0.56630,-0.56388,0.00071,1.99413,1.88164,8,0x00000000,1,-0.57338,-0.56894,0.00101,2.32433,2.25028,8,0x00000000,1,-0.57979,-0.58293,0.00275,1.85295,1.75880,8,0x00000000,1,-0.56371,-0.55724,-0.00329,-0.57758,-0.43667,8,0x00000000,1,-0.68941,-0.69267,0.00098,2.99337,2.97448,8,0x00000000,1
20.2776,0.13209,-0.13639,-39.29453,0.13209,-0.13639,0.12936,-0.13891,0.66876,0.84479,0.53940,0.98371,0.53940,0.98371,0.00000,0.00000,0,0.00031,-0.66707,-0.67010,0.00098,5.52325,5.63955,8,0x00000000,1,-0.56654,-0.56413,-0.00002,2.01706,2.12537,8,0x00000000,1,-0.57361,-0.56915,-0.00927,2.36699,2.36808,8,0x00000000,1,-0.57962,-0.58292,0.00227,1.77290,1.72322,8,0x00000000,1,-0.56352,-0.55724,-0.00530,-0.52406,-0.42212,8,0x00000000,1,-0.68934,-0.69267,-0.00682,2.95606,3.07156,8,0x00000000,1
20.3796,0.13351,-0.13095,-39.29655,0.13351,-0.13095,0.13143,-0.13484,0.66504,0.84870,0.53361,0.98354,0.53361,0.98354,0.00000,0.00000,0,0.00055,-0.66695,-0.67011,-0.00476,5.45497,5.59723,8,0x00000000,1,-0.56681,-0.56445,-0.00242,1.99878,1.98183,8,0x00000000,1,-0.57387,-0.56933,-0.00008,2.45670,2.47112,8,0x00000000,1,-0.57951,-0.58288,-0.00048,1.73725,1.69569,8,0x00000000,1,-0.56337,-0.55723,-0.00073,-0.43771,-0.46875,8,0x00000000,1,-0.68918,-0.69262,0.01068,2.95096,3.02990,8,0x00000000,1
20.4804,0.13180,-0.13090,-39.28730,0.13180,-0.13090,0.13273,-0.13157,0.66127,0.85248,0.52854,0.98406,0.52854,0.98406,0.00000,0.00000,0,0.00027,-0.66687,-0.67010,0.00137,5.43191,5.38976,8,0x00000000,1,-0.56704,-0.56469,0.00065,2.04292,2.07239,8,0x00000000,1,-0.57410,-0.56951,-0.00395,2.49925,2.38898,8,0x00000000,1,-0.57939,-0.58286,0.00577,1.69192,1.65456,8,0x00000000,1,-0.56322,-0.55725,-0.00658,-0.36646,-0.39775,8,0x00000000,1,-0.68907,-0.69264,0.00237,2.87186,2.71122,8,0x00000000,1
20.5818,0.13622,-0.12845,-39.29593,0.13622,-0.12845,0.13370,-0.13080,0.65747,0.85623,0.52378,0.98703,0.52378,0.98703,0.00000,0.00000,0,0.00038,-0.66690,-0.67012,-0.01443,5.40645,5.41178,8,0x00000000,1,-0.56727,-0.56490,0.00126,2.08738,2.12846,8,0x00000000,1,-0.57431,-0.56969,-0.00749,2.54609,2.52398,8,0x00000000,1,-0.57918,-0.58284,-0.00358,1.61416,1.52310,8,0x00000000,1,-0.56298,-0.55725,-0.00138,-0.32763,-0.38514,8,0x00000000,1,-0.68905,-0.69262,0.00410,2.84265,2.84921,8,0x00000000,1
20.6852,0.13708,-0.12729,-39.28847,0.13708,-0.12729,0.13661,-0.12889,0.65362,0.85993,0.51701,0.98883,0.51701,0.98883,0.00000,0.00000,0,0.00037,-0.66683,-0.67008,0.00592,5.38246,5.39291,8,0x00000000,1,-0.56759,-0.56513,0.00024,2.09384,2.10478,8,0x00000000,1,-0.57461,-0.56986,-0.00166,2.60454,2.55998,8,0x00000000,1,-0.57897,-0.58278,0.00334,1.57798,1.46509,8,0x00000000,1,-0.56274,-0.55724,-0.00030,-0.26544,-0.30703,8,0x00000000,1,-0.68894,-0.69262,-0.00235,2.76628,2.62028,8,0x00000000,1
20.7866,0.12867,-0.13022,-39.29114,0.12867,-0.13022,0.13277,-0.12870,0.64976,0.86359,0.51700,0.99228,0.51700,0.99228,0.00000,0.00000,0,0.00107,-0.66698,-0.67010,-0.00498,5.34120,5.33087,8,0x00000000,1,-0.56761,-0.56538,-0.00464,2.12144,2.09770,8,0x00000000,1,-0.57460,-0.57007,-0.00490,2.65635,2.65168,8,0x00000000,1,-0.57883,-0.58277,0.00118,1.49540,1.55296,8,0x00000000,1,-0.56261,-0.55723,0.00956,-0.17070,-0.11458,8,0x00000000,1,-0.68907,-0.69259,0.00279,2.72964,2.68481,8,0x00000000,1
20.8854,0.12763,-0.13100,-39.30000,0.12763,-0.13100,0.12881,-0.13096,0.64604,0.86730,0.51723,0.99826,0.51723,0.99826,0.00000,0.00000,0,0.00028,-0.66723,-0.67009,-0.00415,5.30068,5.35914,8,0x00000000,1,-0.56762,-0.56558,-0.00012,2.13420,1.91263,8,0x00000000,1,-0.57457,-0.57023,-0.01078,2.69361,2.70656,8,0x00000000,1,-0.57858,-0.58272,-0.00894,1.42259,1.38140,8,0x00000000,1,-0.56238,-0.55726,-0.00308,-0.17937,-0.24417,8,0x00000000,1,-0.68930,-0.69260,-0.00229,2.69239,2.73325,8,0x00000000,1
20.9868,0.12194,-0.13036,-39.29224,0.12194,-0.13036,0.12496,-0.12996,0.64243,0.87101,0.51747,1.00096,0.51747,1.00096,0.00000,0.00000,0,0.00039,-0.66735,-0.67009,-0.00628,5.24945,5.18638,8,0x00000000,1,-0.56762,-0.56576,-0.00972,2.11642,2.19012,8,0x00000000,1,-0.57455,-0.57033,0.00347,2.76179,2.72768,8,0x00000000,1,-0.57848,-0.58269,-0.00960,1.39021,1.39703,8,0x00000000,1,-0.56229,-0.55726,-0.00522,-0.09263,-0.08667,8,0x00000000,1,-0.68941,-0.69258,0.00002,2.69832,2.63998,8,0x00000000,1
21.0871,0.12233,-0.12584,-39.29799,0.12233,-0.12584,0.12341,-0.12830,0.63890,0.87470,0.51549,1.00299,0.51549,1.00299,0.00000,0.00000,0,0.00034,-0.66740,-0.67007,0.00491,5.24885,5.34179,8,0x00000000,1,-0.56771,-0.56593,0.00322,2.14969,2.20213,8,0x00000000,1,-0.57463,-0.57047,-0.00071,2.78289,2.64061,8,0x00000000,1,-0.57835,-0.58263,-0.00207,1.33606,1.29981,8,0x00000000,1,-0.56216,-0.55725,0.00625,-0.03360,-0.14130,8,0x00000000,1,-0.68944,-0.69258,-0.00039,2.66904,2.70986,8,0x00000000,1
21.1881,0.12345,-0.12500,-39.30406,0.12345,-0.12500,0.12217,-0.12589,0.63541,0.87831,0.51323,1.00421,0.51323,1.00421,0.00000,0.00000,0,0.00030,-0.66740,-0.67008,-0.00321,5.21497,5.11599,8,0x00000000,1,-0.56782,-0.56612,0.00227,2.18461,2.26175,8,0x00000000,1,-0.57473,-0.57062,-0.00023,2.84830,2.92752,8,0x00000000,1,-0.57826,-0.58257,-0.00591,1.31037,1.34730,8,0x00000000,1,-0.56205,-0.55727,-0.00202,-0.03332,-0.09549,8,0x00000000,1,-0.68942,-0.69258,-0.00012,2.60491,2.70336,8,0x00000000,1
21.2911,0.12345,-0.12600,-39.30024,0.12345,-0.12600,0.12346,-0.12681,0.63190,0.88192,0.50845,1.00873,0.50845,1.00873,0.00000,0.00000,0,0.00028,-0.66749,-0.67009,-0.00928,5.14831,5.27104,8,0x00000000,1,-0.56806,-0.56631,0.00388,2.21740,2.14796,8,0x00000000,1,-0.57494,-0.57078,-0.00544,2.91930,2.84303,8,0x00000000,1,-0.57798,-0.58250,-0.00697,1.21040,1.28785,8,0x00000000,1,-0.56176,-0.55726,0.00046,0.04998,0.04469,8,0x00000000,1,-0.68947,-0.69257,-0.00060,2.57882,2.83343,8,0x00000000,1
21.3929,0.12753,-0.12367,-39.30852,0.12753,-0.12367,0.12559,-0.12580,0.62835,0.88553,0.50276,1.01133,0.50276,1.01133,0.00000,0.00000,0,0.00033,-0.66749,-0.67004,0.00801,5.18186,5.10017,8,0x00000000,1,-0.56833,-0.56652,0.00506,2.26802,2.08557,8,0x00000000,1,-0.57519,-0.57089,0.00347,2.93701,3.07968,8,0x00000000,1,-0.57776,-0.58241,0.00856,1.17955,1.15287,8,0x00000000,1,-0.56151,-0.55727,0.00143,0.05773,0.10257,8,0x00000000,1,-0.68942,-0.69255,-0.00466,2.52345,2.59343,8,0x00000000,1
21.4966,0.12794,-0.12170,-39.30331,0.12794,-0.12170,0.12811,-0.12336,0.62473,0.88907,0.49661,1.01243,0.49661,1.01243,0.00000,0.00000,0,0.00042,-0.66741,-0.67007,-0.00852,5.15903,5.20103,8,0x00000000,1,-0.56862,-0.56677,-0.00522,2.25835,2.27195,8,0x00000000,1,-0.57546,-0.57114,-0.01263,2.99385,3.14204,8,0x00000000,1,-0.57759,-0.58232,-0.00186,1.10659,1.13063,8,0x00000000,1,-0.56131,-0.55729,-0.00561,0.13642,0.06210,8,0x00000000,1,-0.68930,-0.69254,-0.00281,2.48601,2.54670,8,0x00000000,1
21.5993,0.13403,-0.12183,-39.30376,0.13403,-0.12183,0.13166,-0.12217,0.62103,0.89256,0.48937,1.01473,0.48937,1.01473,0.00000,0.00000,0,0.00210,-0.66736,-0.67005,-0.00945,5.07941,5.09590,8,0x00000000,1,-0.56896,-0.56711,0.00011,2.27856,2.14265,8,0x00000000,1,-0.57579,-0.57131,-0.00009,3.07413,3.13394,8,0x00000000,1,-0.57736,-0.58219,0.00218,1.02766,1.09741,8,0x00000000,1,-0.56103,-0.55731,0.00619,0.15754,0.15085,8,0x00000000,1,-0.68920,-0.69253,-0.00123,2.42026,2.47738,8,0x00000000,1
21.7055,0.13477,-0.11875,-39.31411,0.13477,-0.11875,0.13344,-0.12026,0.61725,0.89602,0.48381,1.01629,0.48381,1.01629,0.00000,0.00000,0,0.00045,-0.66732,-0.67002,0.00973,5.09026,5.11024,8,0x00000000,1,-0.56923,-0.56747,-0.00450,2.28346,2.32998,8,0x00000000,1,-0.57603,-0.57155,-0.01637,3.11317,3.08763,8,0x00000000,1,-0.57718,-0.58207,0.00479,0.99640,0.93037,8,0x00000000,1,-0.56083,-0.55733,0.00225,0.16506,0.16638,8,0x00000000,1,-0.68911,-0.69253,-0.00836,2.38453,2.49022,8,0x00000000,1
21.8098,0.13267,-0.11849,-39.31121,0.13267,-0.11849,0.13357,-0.11926,0.61344,0.89943,0.47986,1.01869,0.47986,1.01869,0.00000,0.00000,0,0.00108,-0.66734,-0.67001,0.00197,5.03543,4.97484,8,0x00000000,1,-0.56942,-0.56779,-0.00938,2.30304,2.22826,8,0x00000000,1,-0.57621,-0.57178,-0.00551,3.17676,3.10695,8,0x00000000,1,-0.57701,-0.58193,0.00806,0.90352,0.90048,8,0x00000000,1,-0.56063,-0.55734,0.00537,0.19817,0.17050,8,0x00000000,1,-0.68910,-0.69250,0.00374,2.36138,2.31938,8,0x00000000,1
21.9121,0.13061,-0.11715,-39.31741,0.13061,-0.11715,0.13151,-0.11814,0.60965,0.90282,0.47814,1.02095,0.47814,1.02095,0.00000,0.00000,0,0.00105,-0.66740,-0.67001,0.00023,5.00819,5.01956,8,0x00000000,1,-0.56950,-0.56811,-0.00545,2.31068,2.32449,8,0x00000000,1,-0.57628,-0.57199,0.00052,3.25428,3.15626,8,0x00000000,1,-0.57688,-0.58176,0.00241,0.83386,0.90038,8,0x00000000,1,-0.56050,-0.55736,0.00096,0.24241,0.18297,8,0x00000000,1,-0.68914,-0.69249,-0.00500,2.33378,2.47344,8,0x00000000,1
22.0122,0.12728,-0.11448,-39.31446,0.12728,-0.11448,0.12907,-0.11595,0.60594,0.90615,0.47687,1.02210,0.47687,1.02210,0.00000,0.00000,0,0.00040,-0.66742,-0.67001,-0.00595,4.98418,4.96251,8,0x00000000,1,-0.56957,-0.56842,0.00397,2.30833,2.47094,8,0x00000000,1,-0.57633,-0.57219,-0.00131,3.28098,3.23069,8,0x00000000,1,-0.57681,-0.58160,0.00346,0.77795,0.84610,8,0x00000000,1,-0.56042,-0.55738,0.00392,0.26931,0.33261,8,0x00000000,1,-0.68915,-0.69247,-0.00343,2.24041,2.34534,8,0x00000000,1
22.1147,0.12943,-0.11172,-39.31910,0.12943,-0.11172,0.12878,-0.11398,0.60227,0.90943,0.47349,1.02342,0.47349,1.02342,0.00000,0.00000,0,0.00035,-0.66741,-0.66998,0.00744,4.91397,4.85415,8,0x00000000,1,-0.56973,-0.56866,-0.00884,2.31011,2.34023,8,0x00000000,1,-0.57648,-0.57245,-0.00067,3.31901,3.31905,8,0x00000000,1,-0.57668,-0.58147,-0.00162,0.71074,0.66269,8,0x00000000,1,-0.56029,-0.55741,-0.00036,0.28201,0.35402,8,0x00000000,1,-0.68911,-0.69245,0.00528,2.23996,2.16018,8,0x00000000,1
22.2179,0.13041,-0.10700,-39.32333,0.13041,-0.10700,0.13013,-0.10995,0.59858,0.91263,0.46845,1.02258,0.46845,1.02258,0.00000,0.00000,0,0.00033,-0.66727,-0.67000,-0.00098,4.86542,5.19739,8,0x00000000,1,-0.56996,-0.56889,0.00310,2.33088,2.32159,8,0x00000000,1,-0.57671,-0.57274,0.00151,3.38164,3.48858,8,0x00000000,1,-0.57662,-0.58123,0.00225,0.70276,0.69626,8,0x00000000,1,-0.56019,-0.55742,-0.00024,0.31947,0.36833,8,0x00000000,1,-0.68894,-0.69247,-0.00731,2.13442,2.10960,8,0x00000000,1
22.3178,0.13112,-0.10661,-39.32592,0.13112,-0.10661,0.13100,-0.10621,0.59486,0.91569,0.46386,1.02189,0.46386,1.02189,0.00000,0.00000,0,0.00032,-0.66715,-0.66999,-0.00786,4.83821,4.79263,8,0x00000000,1,-0.57017,-0.56907,0.01111,2.37280,2.37806,8,0x00000000,1,-0.57692,-0.57306,-0.01137,3.37383,3.53469,8,0x00000000,1,-0.57656,-0.58111,0.00286,0.62770,0.63448,8,0x00000000,1,-0.56009,-0.55745,0.00227,0.37086,0.26573,8,0x00000000,1,-0.68880,-0.69243,-0.00390,2.10999,2.00997,8,0x00000000,1
22.4181,0.13364,-0.10298,-39.32949,0.13364,-0.10298,0.13138,-0.10486,0.59112,0.91870,0.45974,1.02356,0.45974,1.02356,0.00000,0.00000,0,0.00028,-0.66714,-0.66998,-0.00448,4.82817,4.89161,8,0x00000000,1,-0.57036,-0.56932,0.00841,2.36846,2.24827,8,0x00000000,1,-0.57711,-0.57343,-0.00161,3.43395,3.43380,8,0x00000000,1,-0.57641,-0.58097,-0.00032,0.56310,0.57598,8,0x00000000,1,-0.55992,-0.55748,-0.00554,0.34910,0.42676,8,0x00000000,1,-0.68875,-0.69240,0.00188,2.07518,2.19388,8,0x00000000,1
22.5194,0.13558,-0.09691,-39.33212,0.13558,-0.09691,0.13416,-0.10031,0.58733,0.92161,0.45316,1.02192,0.45316,1.02192,0.00000,0.00000,0,0.00155,-0.66694,-0.66994,-0.00416,4.76582,4.78987,8,0x00000000,1,-0.57066,-0.56956,0.00229,2.37086,2.35522,8,0x00000000,1,-0.57741,-0.57391,-0.00129,3.47377,3.72109,8,0x00000000,1,-0.57635,-0.58077,-0.00140,0.51893,0.55220,8,0x00000000,1,-0.55981,-0.55748,-0.00483,0.37421,0.43015,8,0x00000000,1,-0.68852,-0.69239,-0.00551,2.02285,1.96532,8,0x00000000,1
22.6224,0.14127,-0.09410,-39.33702,0.14127,-0.09410,0.14020,-0.09532,0.58341,0.92438,0.44321,1.01970,0.44321,1.01970,0.00000,0.00000,0,0.00317,-0.66665,-0.66993,-0.00016,4.72344,4.74375,8,0x00000000,1,-0.57111,-0.56982,-0.00172,2.39180,2.41164,8,0x00000000,1,-0.57787,-0.57453,-0.00749,3.47856,3.54567,8,0x00000000,1,-0.57625,-0.58050,0.00536,0.48201,0.59563,8,0x00000000,1,-0.55964,-0.55749,-0.00300,0.38821,0.35490,8,0x00000000,1,-0.68817,-0.69235,0.00668,1.95974,1.95759,8,0x00000000,1
22.7190,0.14700,-0.08994,-39.34333,0.14700,-0.08994,0.14354,-0.09277,0.57937,0.92707,0.43583,1.01983,0.43583,1.01983,0.00000,0.00000,0,0.00037,-0.66650,-0.66993,-0.00321,4.67274,4.58584,8,0x00000000,1,-0.57145,-0.57009,-0.01004,2.41511,2.40653,8,0x00000000,1,-0.57821,-0.57539,-0.01186,3.48941,3.52171,8,0x00000000,1,-0.57610,-0.58027,-0.00535,0.45923,0.49004,8,0x00000000,1,-0.55944,-0.55750,0.00441,0.41206,0.31832,8,0x00000000,1,-0.68798,-0.69232,0.00363,1.87690,1.91636,8,0x00000000,1
22.8198,0.14802,-0.07907,-39.35275,0.14802,-0.07907,0.14628,-0.08592,0.57524,0.92962,0.42895,1.01554,0.42895,1.01554,0.00000,0.00000,0,0.00104,-0.66619,-0.66988,-0.00111,4.60597,4.69067,8,0x00000000,1,-0.57176,-0.57036,0.00328,2.43691,2.43227,8,0x00000000,1,-0.57854,-0.57699,-0.02759,3.37726,3.44948,8,0x00000000,1,-0.57614,-0.58012,-0.00640,0.39177,0.47075,8,0x00000000,1,-0.55942,-0.55751,0.00301,0.41609,0.44243,8,0x00000000,1,-0.68764,-0.69230,0.00027,1.82810,1.82306,8,0x00000000,1
22.9198,0.15280,-0.05358,-39.37381,0.15280,-0.05358,0.15067,-0.06781,0.57100,0.93183,0.42033,0.99964,0.42033,0.99964,0.00000,0.00000,0,0.00047,-0.66535,-0.66986,0.00017,4.54297,4.65597,8,0x00000000,1,-0.57209,-0.57062,0.00795,2.46743,2.52160,8,0x00000000,1,-0.57898,-0.58103,-0.05924,3.01936,3.04256,8,0x00000000,1,-0.57663,-0.57999,-0.00106,0.40709,0.37214,8,0x00000000,1,-0.55981,-0.55754,0.00395,0.46984,0.38903,8,0x00000000,1,-0.68681,-0.69221,0.01544,1.70973,1.71531,8,0x00000000,1
23.0211,0.16151,-0.01863,-39.40735,0.16151,-0.01863,0.15804,-0.03546,0.56660,0.93328,0.40856,0.96875,0.40856,0.96875,0.00000,0.00000,0,0.00029,-0.66383,-0.66977,0.01285,4.29002,4.23428,8,0x00000000,1,-0.57252,-0.57099,-0.00752,2.47482,2.43121,8,0x00000000,1,-0.57962,-0.58520,-0.01865,2.87891,2.94868,8,0x00000000,1,-0.57768,-0.57995,0.00210,0.45714,0.47007,8,0x00000000,1,-0.56067,-0.55763,-0.01098,0.58062,0.64552,8,0x00000000,1,-0.68534,-0.69212,0.00558,1.52938,1.63588,8,0x00000000,1
23.1232,0.16307,-0.00605,-39.41454,0.16307,-0.00605,0.16172,-0.01442,0.56204,0.93377,0.40031,0.94818,0.40031,0.94818,0.00000,0.00000,32,0.00032,-0.66280,-0.66973,0.00135,4.16758,4.33292,8,0x00000000,1,-0.57283,-0.57133,0.00135,2.48552,2.50267,8,0x00000000,1,-0.58006,-0.58680,-0.00516,2.75249,2.83107,8,0x00000000,1,-0.57838,-0.57995,-0.00277,0.47714,0.44903,8,0x00000000,1,-0.56124,-0.55765,0.01113,0.65774,0.56749,8,0x00000000,1,-0.68434,-0.69195,0.00779,1.43270,1.37115,8,0x00000000,1
23.2233,0.16335,-0.00327,-39.41875,0.16335,-0.00327,0.16358,-0.00590,0.55739,0.93377,0.39381,0.93967,0.39381,0.93967,0.00000,0.00000,32,0.00028,-0.66232,-0.66969,0.00790,4.09207,3.87748,8,0x00000000,1,-0.57310,-0.57176,-0.00844,2.50237,2.50419,8,0x00000000,1,-0.58039,-0.58743,-0.00805,2.63513,2.55139,8,0x00000000,1,-0.57860,-0.57994,-0.00262,0.44123,0.48248,8,0x00000000,1,-0.56140,-0.55774,-0.00553,0.66941,0.72829,8,0x00000000,1,-0.68385,-0.69181,0.01008,1.31498,1.28483,8,0x00000000,1
23.3236,0.16473,0.00130,-39.42146,0.16473,0.00130,0.16373,-0.00132,0.55272,0.93377,0.38899,0.93509,0.38899,0.93509,0.00000,0.00000,32,0.00042,-0.66203,-0.66966,0.00141,3.95595,4.04555,8,0x00000000,1,-0.57330,-0.57214,-0.00854,2.49725,2.43361,8,0x00000000,1,-0.58062,-0.58763,-0.00738,2.56879,2.43440,8,0x00000000,1,-0.57870,-0.57992,0.00229,0.45677,0.42984,8,0x00000000,1,-0.56145,-0.55774,0.01017,0.70162,0.71549,8,0x00000000,1,-0.68355,-0.69169,-0.00241,1.16463,1.33805,8,0x00000000,1
23.4298,0.16179,0.00498,-39.42262,0.16179,0.00498,0.16338,0.00383,0.54805,0.93377,0.38467,0.92993,0.38467,0.92993,0.00000,0.00000,32,0.00048,-0.66173,-0.66956,0.01109,3.84567,3.79254,8,0x00000000,1,-0.57348,-0.57246,-0.00362,2.52079,2.54463,8,0x00000000,1,-0.58084,-0.58767,0.00655,2.48829,2.56317,8,0x00000000,1,-0.57883,-0.57991,-0.00497,0.42957,0.53093,8,0x00000000,1,-0.56153,-0.55781,0.00164,0.79032,0.71815,8,0x00000000,1,-0.68324,-0.69150,0.01135,1.07418,1.12503,8,0x00000000,1
23.5325,0.16311,0.00991,-39.41796,0.16311,0.00991,0.16297,0.00749,0.54341,0.93377,0.38044,0.92627,0.38044,0.92627,0.00000,0.00000,32,0.00037,-0.66149,-0.66952,0.01152,3.73823,3.71301,8,0x00000000,1,-0.57367,-0.57271,-0.00444,2.54207,2.50917,8,0x00000000,1,-0.58104,-0.58772,-0.00965,2.45595,2.53425,8,0x00000000,1,-0.57890,-0.57991,-0.00963,0.41103,0.27843,8,0x00000000,1,-0.56156,-0.55782,0.00794,0.83041,0.87524,8,0x00000000,1,-0.68299,-0.69122,0.00646,0.97611,1.00418,8,0x00000000,1
23.6336,0.16502,0.01679,-39.41622,0.16502,0.01679,0.16399,0.01289,0.53875,0.93377,0.37476,0.92087,0.37476,0.92087,0.00000,0.00000,32,0.00050,-0.66115,-0.66948,-0.00050,3.67409,3.72386,8,0x00000000,1,-0.57391,-0.57291,0.00133,2.53160,2.58784,8,0x00000000,1,-0.58132,-0.58771,0.00327,2.35973,2.35375,8,0x00000000,1,-0.57901,-0.57988,-0.00040,0.45063,0.50650,8,0x00000000,1,-0.56162,-0.55789,0.00119,0.86144,0.89904,8,0x00000000,1,-0.68264,-0.69087,0.00621,0.87967,0.91252,8,0x00000000,1
23.7362,0.16959,0.02223,-39.41738,0.16959,0.02223,0.16747,0.01926,0.53403,0.93377,0.36656,0.91450,0.36656,0.91450,0.00000,0.00000,32,0.00063,-0.66072,-0.66940,0.00269,3.51505,3.53092,8,0x00000000,1,-0.57426,-0.57321,-0.00663,2.52849,2.40183,8,0x00000000,1,-0.58172,-0.58772,-0.00427,2.29861,2.38148,8,0x00000000,1,-0.57911,-0.57987,-0.00645,0.43699,0.46280,8,0x00000000,1,-0.56165,-0.55794,-0.00300,0.93038,0.84398,8,0x00000000,1,-0.68218,-0.69037,0.00884,0.77689,0.80603,8,0x00000000,1
23.8393,0.16786,0.02449,-39.41816,0.16786,0.02449,0.16861,0.02242,0.52923,0.93326,0.36062,0.91083,0.36062,0.91083,0.00000,0.00000,0,0.00044,-0.66045,-0.66932,0.00570,3.42072,3.50328,8,0x00000000,1,-0.57452,-0.57349,-0.00915,2.56486,2.45127,8,0x00000000,1,-0.58200,-0.58772,-0.00125,2.25594,2.20298,8,0x00000000,1,-0.57915,-0.57984,0.00104,0.40909,0.56986,8,0x00000000,1,-0.56163,-0.55798,0.00634,0.97920,0.89022,8,0x00000000,1,-0.68189,-0.68988,0.00791,0.67751,0.69728,8,0x00000000,1
23.9401,0.16548,0.02450,-39.41827,0.16548,0.02450,0.16693,0.02465,0.52444,0.93257,0.35751,0.90793,0.35751,0.90793,0.00000,0.00000,0,0.00035,-0.66027,-0.66927,-0.00799,3.27098,3.20324,8,0x00000000,1,-0.57466,-0.57370,0.00595,2.55485,2.33025,8,0x00000000,1,-0.58215,-0.58771,0.00085,2.19843,2.16816,8,0x00000000,1,-0.57921,-0.57983,0.00107,0.44043,0.45787,8,0x00000000,1,-0.56166,-0.55803,0.00181,1.03438,1.03047,8,0x00000000,1,-0.68170,-0.68916,0.00318,0.64932,0.52345,8,0x00000000,1
24.0411,0.16819,0.02705,-39.41625,0.16819,0.02705,0.16765,0.02540,0.51968,0.93187,0.35202,0.90646,0.35202,0.90646,0.00000,0.00000,0,0.00046,-0.66010,-0.66921,-0.00791,3.14084,3.31553,8,0x00000000,1,-0.57490,-0.57390,0.00504,2.58389,2.63347,8,0x00000000,1,-0.58241,-0.58771,-0.00060,2.15409,2.19053,8,0x00000000,1,-0.57916,-0.57982,0.00279,0.40666,0.35752,8,0x00000000,1,-0.56157,-0.55804,0.01051,1.06916,1.01400,8,0x00000000,1,-0.68150,-0.68797,0.01196,0.67196,0.53670,8,0x00000000,1
24.1431,0.16605,0.02500,-39.41514,0.16605,0.02500,0.16672,0.02563,0.51491,0.93113,0.34819,0.90550,0.34819,0.90550,0.00000,0.00000,0,0.00037,-0.65998,-0.66914,-0.00417,3.01099,3.15233,8,0x00000000,1,-0.57508,-0.57411,-0.00654,2.57443,2.73627,8,0x00000000,1,-0.58258,-0.58772,-0.00659,2.10533,2.12543,8,0x00000000,1,-0.57913,-0.57979,0.00629,0.42353,0.44915,8,0x00000000,1,-0.56151,-0.55808,0.00718,1.10435,1.09294,8,0x00000000,1,-0.68136,-0.68660,0.01291,0.63373,0.65923,8,0x00000000,1
24.2479,0.16416,0.02253,-39.41510,0.16416,0.02253,0.16472,0.02375,0.51019,0.93042,0.34547,0.90668,0.34547,0.90668,0.00000,0.00000,0,0.00046,-0.65997,-0.66904,0.00444,2.91125,3.08636,8,0x00000000,1,-0.57521,-0.57429,-0.00187,2.59643,2.59712,8,0x00000000,1,-0.58270,-0.58771,-0.00147,2.03567,2.07089,8,0x00000000,1,-0.57902,-0.57975,0.00771,0.40177,0.38502,8,0x00000000,1,-0.56140,-0.55812,0.00479,1.14629,1.32494,8,0x00000000,1,-0.68133,-0.68541,0.01111,0.66362,0.68319,8,0x00000000,1
24.3497,0.16017,0.02693,-39.41317,0.16017,0.02693,0.16192,0.02549,0.50553,0.92973,0.34361,0.90424,0.34361,0.90424,0.00000,0.00000,0,0.00027,-0.65984,-0.66895,0.00617,2.81952,2.86057,8,0x00000000,1,-0.57528,-0.57447,-0.00457,2.59539,2.59296,8,0x00000000,1,-0.58280,-0.58771,-0.00851,1.96294,1.96303,8,0x00000000,1,-0.57909,-0.57974,0.00427,0.39783,0.27195,8,0x00000000,1,-0.56144,-0.55819,-0.00024,1.16764,1.11244,8,0x00000000,1,-0.68119,-0.68427,0.01255,0.67689,0.73517,8,0x00000000,1
24.4540,0.16112,0.03283,-39.41380,0.16112,0.03283,0.16189,0.03031,0.50092,0.92893,0.33903,0.89862,0.33903,0.89862,0.00000,0.00000,0,0.00048,-0.65951,-0.66888,-0.00026,2.67445,2.57751,8,0x00000000,1,-0.57547,-0.57460,-0.00637,2.60223,2.67130,8,0x00000000,1,-0.58302,-0.58771,-0.00407,1.93370,1.91074,8,0x00000000,1,-0.57923,-0.57975,-0.00203,0.37337,0.31888,8,0x00000000,1,-0.56153,-0.55822,0.00456,1.17373,1.15244,8,0x00000000,1,-0.68086,-0.68290,0.00999,0.71735,0.61314,8,0x00000000,1
24.5598,0.16034,0.03163,-39.41296,0.16034,0.03163,0.16077,0.03176,0.49632,0.92804,0.33555,0.89628,0.33555,0.89628,0.00000,0.00000,0,0.00045,-0.65934,-0.66876,-0.00461,2.53231,2.67728,8,0x00000000,1,-0.57563,-0.57471,-0.00390,2.62408,2.77039,8,0x00000000,1,-0.58319,-0.58767,0.00311,1.89325,1.70064,8,0x00000000,1,-0.57926,-0.57971,0.01078,0.42989,0.37187,8,0x00000000,1,-0.56153,-0.55831,-0.00439,1.23500,1.20179,8,0x00000000,1,-0.68068,-0.68228,0.01518,0.71706,0.83161,8,0x00000000,1
24.6627,0.16338,0.03491,-39.40911,0.16338,0.03491,0.16193,0.03314,0.49173,0.92712,0.32980,0.89399,0.32980,0.89399,0.00000,0.00000,0,0.00030,-0.65913,-0.66865,-0.00075,2.45412,2.34282,8,0x00000000,1,-0.57588,-0.57485,-0.00724,2.62957,2.62430,8,0x00000000,1,-0.58346,-0.58768,-0.00281,1.86780,1.91050,8,0x00000000,1,-0.57924,-0.57972,0.00269,0.39406,0.36069,8,0x00000000,1,-0.56147,-0.55834,0.00515,1.27684,1.40703,8,0x00000000,1,-0.68044,-0.68197,-0.00339,0.68614,0.61689,8,0x00000000,1
24.7622,0.16238,0.03653,-39.40850,0.16238,0.03653,0.16212,0.03495,0.48710,0.92615,0.32498,0.89120,0.32498,0.89120,0.00000,0.00000,0,0.00032,-0.65892,-0.66851,0.00484,2.35432,2.33743,8,0x00000000,1,-0.57610,-0.57494,0.00424,2.66737,2.40198,8,0x00000000,1,-0.58369,-0.58767,-0.00199,1.81146,1.81779,8,0x00000000,1,-0.57927,-0.57970,-0.00384,0.38118,0.38092,8,0x00000000,1,-0.56145,-0.55840,0.00458,1.30656,1.33900,8,0x00000000,1,-0.68021,-0.68173,-0.00487,0.65829,0.74689,8,0x00000000,1
24.8658,0.15978,0.03856,-39.40469,0.15978,0.03856,0.15982,0.03741,0.48252,0.92512,0.32270,0.88770,0.32270,0.88770,0.00000,0.00000,0,0.00032,-0.65873,-0.66839,0.01131,2.21016,2.27357,8,0x00000000,1,-0.57619,-0.57507,-0.00019,2.69344,2.88954,8,0x00000000,1,-0.58381,-0.58765,0.00408,1.79482,1.90722,8,0x00000000,1,-0.57937,-0.57968,0.00176,0.38028,0.34573,8,0x00000000,1,-0.56152,-0.55849,-0.00453,1.30899,1.33772,8,0x00000000,1,-0.68002,-0.68144,0.00327,0.66435,0.60494,8,0x00000000,1
24.9676,0.16180,0.04034,-39.40693,0.16180,0.04034,0.16074,0.03834,0.47796,0.92404,0.31722,0.88570,0.31722,0.88570,0.00000,0.00000,0,0.00100,-0.65853,-0.66823,0.00954,2.07475,2.01472,8,0x00000000,1,-0.57643,-0.57517,0.00193,2.70016,2.73124,8,0x00000000,1,-0.58406,-0.58765,0.00055,1.76138,1.71690,8,0x00000000,1,-0.57934,-0.57969,-0.00610,0.37309,0.24872,8,0x00000000,1,-0.56146,-0.55853,0.00343,1.36478,1.40457,8,0x00000000,1,-0.67980,-0.68112,-0.00334,0.63956,0.71904,8,0x00000000,1
25.0682,0.16180,0.04192,-39.40664,0.16180,0.04192,0.16172,0.04105,0.47336,0.92290,0.31164,0.88184,0.31164,0.88184,0.00000,0.00000,0,0.00026,-0.65826,-0.66808,-0.00452,1.92158,1.99789,8,0x00000000,1,-0.57668,-0.57530,-0.00252,2.70404,2.78959,8,0x00000000,1,-0.58433,-0.58764,0.00198,1.74222,1.66101,8,0x00000000,1,-0.57939,-0.57967,-0.00070,0.37426,0.32301,8,0x00000000,1,-0.56146,-0.55856,-0.00494,1.39356,1.55847,8,0x00000000,1,-0.67951,-0.68085,0.00192,0.62139,0.57804,8,0x00000000,1
25.1713,0.16017,0.04139,-39.40433,0.16017,0.04139,0.16078,0.04259,0.46876,0.92169,0.30798,0.87910,0.30798,0.87910,0.00000,0.00000,0,0.00027,-0.65807,-0.66789,0.00389,1.83015,1.85578,8,0x00000000,1,-0.57684,-0.57543,-0.00754,2.70925,2.67947,8,0x00000000,1,-0.58451,-0.58764,-0.00308,1.69816,1.78485,8,0x00000000,1,-0.57944,-0.57967,-0.00535,0.39098,0.32158,8,0x00000000,1,-0.56147,-0.55860,-0.00368,1.44461,1.46476,8,0x00000000,1,-0.67931,-0.68065,0.00958,0.63625,0.61199,8,0x00000000,1
25.2728,0.16092,0.04143,-39.40248,0.16092,0.04143,0.15934,0.04084,0.46420,0.92051,0.30486,0.87967,0.30486,0.87967,0.00000,0.00000,0,0.00041,-0.65803,-0.66778,-0.00175,1.73025,1.73152,8,0x00000000,1,-0.57698,-0.57555,-0.00045,2.74944,2.79108,8,0x00000000,1,-0.58465,-0.58763,-0.00264,1.67282,1.54986,8,0x00000000,1,-0.57935,-0.57962,0.01197,0.39428,0.47238,8,0x00000000,1,-0.56137,-0.55865,0.00350,1.46107,1.41166,8,0x00000000,1,-0.67925,-0.68047,-0.00181,0.62660,0.55926,8,0x00000000,1
25.3781,0.16470,0.04323,-39.40324,0.16470,0.04323,0.16235,0.04222,0.45962,0.91933,0.29727,0.87712,0.29727,0.87712,0.00000,0.00000,0,0.00188,-0.65778,-0.66760,-0.00884,1.59691,1.64681,8,0x00000000,1,-0.57732,-0.57567,0.00065,2.82058,2.83108,8,0x00000000,1,-0.58500,-0.58763,-0.00252,1.66855,1.73912,8,0x00000000,1,-0.57931,-0.57964,-0.00642,0.35642,0.27378,8,0x00000000,1,-0.56127,-0.55870,0.00461,1.47805,1.52878,8,0x00000000,1,-0.67895,-0.68034,-0.00611,0.58664,0.52196,8,0x00000000,1
25.4755,0.16639,0.04239,-39.40214,0.16639,0.04239,0.16520,0.04295,0.45495,0.91811,0.28975,0.87516,0.28975,0.87516,0.00000,0.00000,0,0.00027,-0.65754,-0.66736,-0.00273,1.46702,1.64271,8,0x00000000,1,-0.57766,-0.57583,0.00276,2.83534,2.86486,8,0x00000000,1,-0.58535,-0.58762,0.00287,1.65296,1.72084,8,0x00000000,1,-0.57924,-0.57961,0.00780,0.37927,0.28757,8,0x00000000,1,-0.56114,-0.55875,0.00112,1.50738,1.55890,8,0x00000000,1,-0.67868,-0.68021,-0.00282,0.54453,0.69527,8,0x00000000,1
25.5796,0.17035,0.04241,-39.40339,0.17035,0.04241,0.16815,0.04244,0.45020,0.91690,0.28205,0.87445,0.28205,0.87445,0.00000,0.00000,0,0.00026,-0.65736,-0.66718,0.00473,1.33808,1.35221,8,0x00000000,1,-0.57801,-0.57601,-0.00939,2.83554,2.89529,8,0x00000000,1,-0.58570,-0.58760,0.00458,1.66050,1.61719,8,0x00000000,1,-0.57912,-0.57958,-0.00256,0.34570,0.30335,8,0x00000000,1,-0.56097,-0.55882,-0.00943,1.48611,1.54151,8,0x00000000,1,-0.67845,-0.68000,0.00725,0.53992,0.55996,8,0x00000000,1
25.6820,0.16975,0.04432,-39.39851,0.16975,0.04432,0.17039,0.04365,0.44536,0.91567,0.27497,0.87202,0.27497,0.87202,0.00000,0.00000,0,0.00026,-0.65712,-0.66696,0.00674,1.24629,1.33382,8,0x00000000,1,-0.57833,-0.57616,0.00185,2.92691,2.87572,8,0x00000000,1,-0.58604,-0.58762,-0.00547,1.65114,1.77182,8,0x00000000,1,-0.57908,-0.57955,0.00450,0.37769,0.35470,8,0x00000000,1,-0.56088,-0.55883,-0.00461,1.51291,1.55262,8,0x00000000,1,-0.67817,-0.67990,0.00196,0.48231,0.45742,8,0x00000000,1
25.7831,0.16944,0.04546,-39.40205,0.16944,0.04546,0.17001,0.04527,0.44051,0.91441,0.27049,0.86914,0.27049,0.86914,0.00000,0.00000,0,0.00040,-0.65691,-0.66674,-0.00257,1.08974,1.13592,8,0x00000000,1,-0.57853,-0.57631,0.00323,2.94376,3.04374,8,0x00000000,1,-0.58625,-0.58762,-0.00611,1.64654,1.52632,8,0x00000000,1,-0.57912,-0.57955,0.00476,0.35012,0.29749,8,0x00000000,1,-0.56087,-0.55886,-0.00290,1.55718,1.51693,8,0x00000000,1,-0.67795,-0.67970,0.00336,0.47285,0.57459,8,0x00000000,1
25.8871,0.17205,0.04800,-39.39947,0.17205,0.04800,0.17114,0.04637,0.43565,0.91310,0.26451,0.86673,0.26451,0.86673,0.00000,0.00000,0,0.00089,-0.65669,-0.66641,0.00868,0.96181,0.96022,8,0x00000000,1,-0.57879,-0.57647,-0.00450,2.96728,2.93134,8,0x00000000,1,-0.58653,-0.58760,0.00151,1.64925,1.62931,8,0x00000000,1,-0.57910,-0.57953,0.00713,0.35587,0.23166,8,0x00000000,1,-0.56081,-0.55891,-0.00556,1.57074,1.57622,8,0x00000000,1,-0.67770,-0.67953,-0.00685,0.43552,0.37139,8,0x00000000,1
25.9876,0.17411,0.04892,-39.39904,0.17411,0.04892,0.17248,0.04796,0.43076,0.91175,0.25828,0.86379,0.25828,0.86379,0.00000,0.00000,0,0.00031,-0.65644,-0.66592,0.00924,0.91739,0.86820,8,0x00000000,1,-0.57907,-0.57667,-0.00793,2.97924,2.96066,8,0x00000000,1,-0.58683,-0.58762,-0.00372,1.65845,1.60877,8,0x00000000,1,-0.57910,-0.57952,0.00129,0.33992,0.28247,8,0x00000000,1,-0.56076,-0.55896,-0.00300,1.57631,1.76805,8,0x00000000,1,-0.67742,-0.67935,0.00463,0.44346,0.52947,8,0x00000000,1
26.0879,0.17303,0.04865,-39.39895,0.17303,0.04865,0.17359,0.04884,0.42582,0.91036,0.25223,0.86152,0.25223,0.86152,0.00000,0.00000,0,0.00029,-0.65622,-0.66487,0.00620,0.82716,0.93534,8,0x00000000,1,-0.57934,-0.57679,0.00126,3.05305,3.04025,8,0x00000000,1,-0.58711,-0.58760,-0.00139,1.65827,1.76568,8,0x00000000,1,-0.57907,-0.57950,0.00698,0.33419,0.24902,8,0x00000000,1,-0.56069,-0.55900,0.00388,1.58643,1.63974,8,0x00000000,1,-0.67718,-0.67916,0.00323,0.41455,0.47155,8,0x00000000,1
26.1909,0.17477,0.04875,-39.39517,0.17477,0.04875,0.17450,0.04918,0.42086,0.90896,0.24636,0.85978,0.24636,0.85978,0.00000,0.00000,0,0.00036,-0.65603,-0.66355,0.01074,0.83852,0.89861,8,0x00000000,1,-0.57961,-0.57701,0.00027,3.06269,3.00289,8,0x00000000,1,-0.58738,-0.58761,-0.00030,1.67099,1.80606,8,0x00000000,1,-0.57903,-0.57951,-0.00132,0.32578,0.33427,8,0x00000000,1,-0.56060,-0.55900,0.00854,1.64472,1.55739,8,0x00000000,1,-0.67696,-0.67909,-0.00764,0.35568,0.35754,8,0x00000000,1
26.2962,0.17871,0.04779,-39.39598,0.17871,0.04779,0.17667,0.04868,0.41586,0.90757,0.23919,0.85889,0.23919,0.85889,0.00000,0.00000,0,0.00173,-0.65585,-0.66290,-0.00206,0.73109,0.83597,8,0x00000000,1,-0.57993,-0.57720,-0.00121,3.13503,2.92437,8,0x00000000,1,-0.58771,-0.58760,-0.00186,1.68756,1.67773,8,0x00000000,1,-0.57893,-0.57948,0.00041,0.29867,0.37075,8,0x00000000,1,-0.56045,-0.55902,0.00704,1.63816,1.52811,8,0x00000000,1,-0.67674,-0.67890,-0.00284,0.34116,0.36169,8,0x00000000,1
26.3938,0.18020,0.04530,-39.39409,0.18020,0.04530,0.17910,0.04686,0.41079,0.90621,0.23168,0.85935,0.23168,0.85935,0.00000,0.00000,0,0.00030,-0.65572,-0.66255,0.00535,0.68096,0.56357,8,0x00000000,1,-0.58028,-0.57742,0.00007,3.15544,3.18306,8,0x00000000,1,-0.58805,-0.58762,-0.00351,1.69965,1.71469,8,0x00000000,1,-0.57876,-0.57947,-0.00242,0.28068,0.22226,8,0x00000000,1,-0.56024,-0.55907,-0.00509,1.63339,1.61261,8,0x00000000,1,-0.67656,-0.67877,-0.00255,0.31669,0.38074,8,0x00000000,1
26.4958,0.18444,0.04829,-39.39062,0.18444,0.04829,0.18133,0.04731,0.40566,0.90487,0.22433,0.85756,0.22433,0.85756,0.00000,0.00000,0,0.00034,-0.65550,-0.66222,0.01322,0.63583,0.55440,8,0x00000000,1,-0.58061,-0.57765,0.00027,3.17086,3.28557,8,0x00000000,1,-0.58840,-0.58761,-0.00072,1.73993,1.76258,8,0x00000000,1,-0.57869,-0.57942,0.00263,0.27676,0.19779,8,0x00000000,1,-0.56011,-0.55908,-0.00254,1.61471,1.58546,8,0x00000000,1,-0.67630,-0.67859,-0.00721,0.27049,0.08233,8,0x00000000,1
26.6025,0.13935,-0.02631,-39.47551,0.13935,-0.02631,0.15017,-0.00721,0.40093,0.90435,0.25076,0.91157,0.25076,0.91157,0.00000,0.00000,32,0.00114,-0.65828,-0.66213,0.00304,0.76535,0.68870,8,0x00000000,1,-0.57960,-0.57781,-0.00037,3.09681,3.03335,8,0x00000000,1,-0.58701,-0.58760,-0.00461,1.64943,1.59975,8,0x00000000,1,-0.57697,-0.57923,0.00297,0.12104,0.23190,8,0x00000000,1,-0.55874,-0.55910,-0.00319,1.48819,1.61093,8,0x00000000,1,-0.67903,-0.67848,0.00557,0.53076,0.42205,8,0x00000000,1
26.7047,0.14399,-0.02218,-39.47401,0.14399,-0.02218,0.14401,-0.02108,0.39679,0.90454,0.25278,0.92562,0.25278,0.92562,0.00000,0.00000,0,0.00044,-0.65891,-0.66211,0.00620,0.73478,0.74957,8,0x00000000,1,-0.57956,-0.57789,0.00298,3.17574,3.06836,8,0x00000000,1,-0.58687,-0.58760,0.00473,1.65558,1.61415,8,0x00000000,1,-0.57642,-0.57902,0.00068,0.11513,0.17581,8,0x00000000,1,-0.55826,-0.55910,-0.00332,1.48961,1.40587,8,0x00000000,1,-0.67962,-0.67848,0.00440,0.53476,0.55019,8,0x00000000,1
26.8095,0.14288,-0.02166,-39.47504,0.14288,-0.02166,0.14323,-0.02180,0.39270,0.90516,0.24947,0.92695,0.24947,0.92695,0.00000,0.00000,0,0.00102,-0.65890,-0.66210,0.00761,0.69513,0.81847,8,0x00000000,1,-0.57971,-0.57801,-0.00157,3.19097,3.21317,8,0x00000000,1,-0.58702,-0.58760,0.00265,1.65813,1.67393,8,0x00000000,1,-0.57630,-0.57892,-0.00249,0.09531,0.19220,8,0x00000000,1,-0.55812,-0.55910,-0.00480,1.47973,1.45832,8,0x00000000,1,-0.67958,-0.67849,-0.00055,0.50950,0.49137,8,0x00000000,1
26.9122,0.14137,-0.02246,-39.47440,0.14137,-0.02246,0.14252,-0.02271,0.38863,0.90580,0.24611,0.92850,0.24611,0.92850,0.00000,0.00000,0,0.00028,-0.65889,-0.66208,-0.00320,0.63440,0.62878,8,0x00000000,1,-0.57987,-0.57816,0.00221,3.20769,3.24792,8,0x00000000,1,-0.58716,-0.58758,0.00983,1.65887,1.60658,8,0x00000000,1,-0.57617,-0.57879,-0.00657,0.02192,0.04184,8,0x00000000,1,-0.55798,-0.55908,0.00566,1.46746,1.46974,8,0x00000000,1,-0.67955,-0.67849,0.00081,0.52686,0.44828,8,0x00000000,1
27.0150,0.14136,-0.02437,-39.47479,0.14136,-0.02437,0.14136,-0.02296,0.38459,0.90644,0.24323,0.92940,0.24323,0.92940,0.00000,0.00000,0,0.00182,-0.65887,-0.66202,0.00560,0.62899,0.45994,8,0x00000000,1,-0.58001,-0.57831,0.00033,3.23850,3.08219,8,0x00000000,1,-0.58729,-0.58760,0.00061,1.68315,1.59133,8,0x00000000,1,-0.57608,-0.57867,-0.00279,0.00739,0.01230,8,0x00000000,1,-0.55787,-0.55911,-0.01094,1.44939,1.45821,8,0x00000000,1,-0.67951,-0.67848,0.00691,0.53055,0.57416,8,0x00000000,1
27.1154,0.14414,-0.02306,-39.47705,0.14414,-0.02306,0.14204,-0.02386,0.38055,0.90712,0.23852,0.93098,0.23852,0.93098,0.00000,0.00000,0,0.00048,-0.65885,-0.66200,-0.01899,0.49279,0.62872,8,0x00000000,1,-0.58023,-0.57847,-0.00232,3.23564,3.19745,8,0x00000000,1,-0.58750,-0.58760,-0.00080,1.66174,1.53550,8,0x00000000,1,-0.57592,-0.57849,-0.00091,-0.02095,-0.10839,8,0x00000000,1,-0.55769,-0.55908,0.00401,1.41457,1.34446,8,0x00000000,1,-0.67945,-0.67849,0.00015,0.54370,0.43708,8,0x00000000,1
27.2184,0.14524,-0.02197,-39.47646,0.14524,-0.02197,0.14444,-0.02289,0.37646,0.90779,0.23202,0.93068,0.23202,0.93068,0.00000,0.00000,0,0.00026,-0.65870,-0.66189,-0.00580,0.51574,0.50918,8,0x00000000,1,-0.58053,-0.57861,-0.00462,3.28425,3.22147,8,0x00000000,1,-0.58780,-0.58759,0.00490,1.70560,1.74940,8,0x00000000,1,-0.57581,-0.57830,0.00731,-0.04955,-0.13351,8,0x00000000,1,-0.55753,-0.55910,-0.00049,1.36602,1.30509,8,0x00000000,1,-0.67926,-0.67849,0.00978,0.54003,0.59629,8,0x00000000,1
27.3231,0.14657,-0.02337,-39.47963,0.14657,-0.02337,0.14582,-0.02255,0.37233,0.90843,0.22651,0.93098,0.22651,0.93098,0.00000,0.00000,0,0.00030,-0.65860,-0.66178,0.00406,0.49778,0.55565,8,0x00000000,1,-0.58079,-0.57879,0.00364,3.34778,3.39406,8,0x00000000,1,-0.58805,-0.58761,-0.00219,1.69446,1.68399,8,0x00000000,1,-0.57569,-0.57820,-0.00322,-0.06665,-0.00508,8,0x00000000,1,-0.55737,-0.55907,0.00917,1.34376,1.39782,8,0x00000000,1,-0.67913,-0.67849,0.00289,0.54926,0.52565,8,0x00000000,1
27.4250,0.14550,-0.02284,-39.47679,0.14550,-0.02284,0.14584,-0.02233,0.36817,0.90907,0.22233,0.93140,0.22233,0.93140,0.00000,0.00000,0,0.00046,-0.65854,-0.66165,-0.01092,0.45173,0.43586,8,0x00000000,1,-0.58098,-0.57896,-0.00295,3.32400,3.54684,8,0x00000000,1,-0.58824,-0.58760,0.00376,1.73592,1.60787,8,0x00000000,1,-0.57559,-0.57804,0.01204,-0.08297,-0.03696,8,0x00000000,1,-0.55725,-0.55910,-0.00456,1.32097,1.24455,8,0x00000000,1,-0.67904,-0.67850,0.00169,0.54326,0.55778,8,0x00000000,1
27.5296,0.14434,-0.02358,-39.48144,0.14434,-0.02358,0.14453,-0.02340,0.36404,0.90973,0.21951,0.93313,0.21951,0.93313,0.00000,0.00000,0,0.00044,-0.65855,-0.66145,0.00295,0.42043,0.28062,8,0x00000000,1,-0.58112,-0.57909,0.00563,3.36694,3.45430,8,0x00000000,1,-0.58836,-0.58762,-0.00953,1.72719,1.67700,8,0x00000000,1,-0.57546,-0.57798,0.00173,-0.15316,-0.18604,8,0x00000000,1,-0.55711,-0.55909,-0.00012,1.27755,1.30933,8,0x00000000,1,-0.67903,-0.67848,0.00638,0.57955,0.72738,8,0x00000000,1
27.6326,0.14752,-0.02265,-39.47794,0.14752,-0.02265,0.14583,-0.02326,0.35991,0.91040,0.21408,0.93365,0.21408,0.93365,0.00000,0.00000,0,0.00028,-0.65847,-0.66132,0.01153,0.38323,0.53646,8,0x00000000,1,-0.58137,-0.57927,-0.00205,3.40810,3.49976,8,0x00000000,1,-0.58861,-0.58762,-0.00229,1.77644,1.74575,8,0x00000000,1,-0.57533,-0.57790,-0.00650,-0.17101,-0.24522,8,0x00000000,1,-0.55695,-0.55908,0.00695,1.23809,1.26273,8,0x00000000,1,-0.67891,-0.67849,0.00068,0.55092,0.38980,8,0x00000000,1
27.7350,0.14782,-0.02273,-39.47551,0.14782,-0.02273,0.14784,-0.02291,0.35572,0.91106,0.20788,0.93397,0.20788,0.93397,0.00000,0.00000,0,0.00252,-0.65836,-0.66122,-0.00114,0.36530,0.35361,8,0x00000000,1,-0.58166,-0.57950,-0.00194,3.42022,3.36996,8,0x00000000,1,-0.58889,-0.58762,-0.00427,1.80311,1.72983,8,0x00000000,1,-0.57520,-0.57776,0.00202,-0.19798,-0.18480,8,0x00000000,1,-0.55677,-0.55907,0.00420,1.22708,1.22397,8,0x00000000,1,-0.67876,-0.67850,-0.00133,0.53512,0.58983,8,0x00000000,1
27.8393,0.14581,-0.02038,-39.47680,0.14581,-0.02038,0.14673,-0.02165,0.35152,0.91170,0.20478,0.93334,0.20478,0.93334,0.00000,0.00000,0,0.00101,-0.65827,-0.66101,0.00114,0.32105,0.34438,8,0x00000000,1,-0.58180,-0.57971,-0.00605,3.43930,3.47915,8,0x00000000,1,-0.58903,-0.58763,-0.00350,1.82602,1.93126,8,0x00000000,1,-0.57516,-0.57764,-0.00318,-0.23997,-0.18120,8,0x00000000,1,-0.55672,-0.55908,0.00170,1.18334,1.24932,8,0x00000000,1,-0.67865,-0.67851,-0.00997,0.49672,0.52060,8,0x00000000,1
27.9400,0.14689,-0.01893,-39.47517,0.14689,-0.01893,0.14633,-0.01960,0.34735,0.91217,0.20102,0.93176,0.20102,0.93176,0.00000,0.00000,32,0.00024,-0.65813,-0.66083,-0.00456,0.30683,0.29216,8,0x00000000,1,-0.58197,-0.57995,-0.00182,3.47137,3.42194,8,0x00000000,1,-0.58921,-0.58762,0.00303,1.84778,1.87941,8,0x00000000,1,-0.57516,-0.57752,0.00657,-0.23360,-0.27111,8,0x00000000,1,-0.55668,-0.55909,-0.00800,1.14632,1.13457,8,0x00000000,1,-0.67849,-0.67850,-0.00241,0.51697,0.61046,8,0x00000000,1
28.0432,0.14543,-0.02055,-39.47718,0.14543,-0.02055,0.14513,-0.01967,0.34320,0.91217,0.19807,0.93184,0.19807,0.93184,0.00000,0.00000,32,0.00032,-0.65807,-0.66070,0.00613,0.28071,0.26581,8,0x00000000,1,-0.58210,-0.58017,0.00457,3.49456,3.36257,8,0x00000000,1,-0.58934,-0.58761,0.00884,1.90099,1.99416,8,0x00000000,1,-0.57510,-0.57743,0.00200,-0.25985,-0.31146,8,0x00000000,1,-0.55660,-0.55910,-0.00696,1.11554,1.11447,8,0x00000000,1,-0.67842,-0.67848,0.00665,0.51898,0.47187,8,0x00000000,1
28.1444,0.14551,-0.01943,-39.47311,0.14551,-0.01943,0.14482,-0.01968,0.33908,0.91223,0.19426,0.93191,0.19426,0.93191,0.00000,0.00000,32,0.00034,-0.65800,-0.66061,0.00392,0.23099,0.28622,8,0x00000000,1,-0.58228,-0.58033,-0.00023,3.51281,3.57636,8,0x00000000,1,-0.58952,-0.58764,-0.00276,1.91213,1.84437,8,0x00000000,1,-0.57502,-0.57736,0.00164,-0.31920,-0.13954,8,0x00000000,1,-0.55650,-0.55908,-0.01006,1.07322,1.00422,8,0x00000000,1,-0.67832,-0.67849,-0.00127,0.51307,0.54068,8,0x00000000,1
28.2454,0.14550,-0.02061,-39.47414,0.14550,-0.02061,0.14558,-0.01999,0.33493,0.91223,0.18936,0.93222,0.18936,0.93222,0.00000,0.00000,32,0.00034,-0.65791,-0.66052,0.00406,0.21716,0.32984,8,0x00000000,1,-0.58251,-0.58058,-0.00451,3.52118,3.55416,8,0x00000000,1,-0.58974,-0.58764,0.00247,1.96820,2.06696,8,0x00000000,1,-0.57491,-0.57726,-0.00168,-0.36451,-0.32709,8,0x00000000,1,-0.55636,-0.55909,-0.01258,1.02277,0.99233,8,0x00000000,1,-0.67820,-0.67849,-0.00217,0.49847,0.53129,8,0x00000000,1
28.3492,0.14820,-0.01718,-39.47662,0.14820,-0.01718,0.14653,-0.01811,0.33078,0.91244,0.18425,0.93055,0.18425,0.93055,0.00000,0.00000,32,0.00111,-0.65774,-0.66042,-0.00290,0.17575,0.11517,8,0x00000000,1,-0.58274,-0.58081,-0.00427,3.55306,3.55845,8,0x00000000,1,-0.58998,-0.58764,0.00265,2.01654,2.09448,8,0x00000000,1,-0.57488,-0.57711,0.00430,-0.35092,-0.25467,8,0x00000000,1,-0.55629,-0.55909,-0.01032,0.95733,0.95501,8,0x00000000,1,-0.67801,-0.67849,-0.00389,0.47461,0.41911,8,0x00000000,1
28.4495,0.14504,-0.01658,-39.47143,0.14504,-0.01658,0.14520,-0.01713,0.32662,0.91244,0.18143,0.92957,0.18143,0.92957,0.00000,0.00000,32,0.00026,-0.65764,-0.66027,0.00152,0.11178,0.16853,8,0x00000000,1,-0.58286,-0.58106,-0.00237,3.56645,3.48495,8,0x00000000,1,-0.59011,-0.58766,-0.00453,2.04414,2.00730,8,0x00000000,1,-0.57486,-0.57702,-0.00543,-0.38747,-0.37943,8,0x00000000,1,-0.55625,-0.55906,0.00163,0.97174,0.98365,8,0x00000000,1,-0.67790,-0.67850,-0.00753,0.44851,0.25854,8,0x00000000,1
28.5520,0.14194,-0.04473,-39.45345,-0.85806,-0.04473,-0.31982,-0.02753,0.27405,0.91262,0.59388,0.94015,0.59388,0.94015,1.00000,0.00000,0,0.00051,-0.66634,-0.66015,-0.02001,0.76916,0.36159,8,0x00000000,1,-0.56387,-0.58129,-0.00418,2.09780,2.38188,8,0x00000000,1,-0.57127,-0.58748,0.04439,0.72821,1.10962,8,0x00000000,1,-0.58249,-0.57696,-0.00590,0.19289,-0.00030,8,0x00000000,1,-0.56660,-0.55909,-0.00950,1.70215,1.29214,8,0x00000000,1,-0.68912,-0.67847,0.00411,1.33253,0.77829,8,0x00000000,1
28.6548,0.13579,-0.07810,-39.43991,-0.86421,-0.07810,-0.75916,-0.05008,0.29143,0.91371,1.05059,0.96379,1.05059,0.96379,1.00000,0.00000,0,0.00041,-0.67645,-0.66071,-0.00013,1.59929,1.48387,8,0x00000000,1,-0.54289,-0.57870,0.01321,0.42256,0.48316,8,0x00000000,1,-0.55038,-0.57966,0.12738,-0.29752,-0.25499,8,0x00000000,1,-0.59043,-0.57755,-0.00837,0.85901,0.82587,8,0x00000000,1,-0.57763,-0.56618,-0.04048,2.09419,2.06087,8,0x00000000,1,-0.70204,-0.67935,-0.00849,2.40494,2.52463,8,0x00000000,1
28.7584,0.10242,-0.14340,-39.36944,-0.89758,-0.14340,-0.86449,-0.11860,0.31490,0.91616,1.17939,1.03476,1.17939,1.03476,1.00000,0.00000,0,0.00118,-0.68199,-0.66115,-0.02327,2.06931,2.08002,8,0x00000000,1,-0.53720,-0.57697,0.02170,0.03803,0.09500,8,0x00000000,1,-0.54430,-0.56953,0.02254,-0.35934,-0.41024,8,0x00000000,1,-0.58999,-0.57760,0.00372,0.81458,0.87394,8,0x00000000,1,-0.57830,-0.56731,0.00508,2.12628,2.18912,8,0x00000000,1,-0.70811,-0.68045,-0.01336,2.91028,2.99750,8,0x00000000,1
28.8594,0.10954,-0.15287,-39.37960,-0.89046,-0.15287,-0.87981,-0.14485,0.33980,0.92001,1.21961,1.06486,1.21961,1.06486,1.00000,0.00000,0,0.00149,-0.68405,-0.66145,-0.00516,2.40230,2.46566,8,0x00000000,1,-0.53545,-0.57497,0.01815,-0.36096,-0.31806,8,0x00000000,1,-0.54238,-0.56860,0.00914,-0.71739,-0.58224,8,0x00000000,1,-0.58952,-0.57768,0.00059,0.90618,0.88296,8,0x00000000,1,-0.57820,-0.56786,-0.01086,2.13823,2.19549,8,0x00000000,1,-0.71031,-0.68166,-0.02205,3.21541,3.08160,8,0x00000000,1
28.9609,0.11029,-0.15989,-39.37012,-0.88971,-0.15989,-0.88400,-0.15448,0.36496,0.92429,1.24896,1.07876,1.24896,1.07876,1.00000,0.00000,0,0.00035,-0.68522,-0.66174,-0.00328,2.69686,2.71431,8,0x00000000,1,-0.53414,-0.57170,0.02971,-0.66981,-0.54581,8,0x00000000,1,-0.54100,-0.56721,0.02055,-0.99201,-0.82403,8,0x00000000,1,-0.58951,-0.57783,-0.00476,1.06149,1.08605,8,0x00000000,1,-0.57844,-0.56854,-0.01245,2.22938,2.30711,8,0x00000000,1,-0.71161,-0.68306,-0.01004,3.57068,3.55993,8,0x00000000,1
29.0600,0.11147,-0.17755,-39.37847,-0.88853,-0.17755,-0.88700,-0.16459,0.39021,0.92882,1.27722,1.09342,1.27722,1.09342,1.00000,0.00000,0,0.00039,-0.68639,-0.66206,-0.00604,3.08573,3.07129,8,0x00000000,1,-0.53289,-0.56687,0.08075,-0.71577,-0.75645,8,0x00000000,1,-0.53967,-0.56559,0.02299,-1.29599,-1.36636,8,0x00000000,1,-0.58946,-0.57796,-0.00450,1.18302,1.16531,8,0x00000000,1,-0.57862,-0.56928,-0.00598,2.33316,2.40239,8,0x00000000,1,-0.71291,-0.68573,-0.02626,3.72909,3.59017,8,0x00000000,1
29.1644,0.10374,-0.27314,-39.42106,-0.89626,-0.27314,-0.89152,-0.21502,0.41554,0.93409,1.30706,1.14911,1.30706,1.14911,1.00000,0.00000,0,0.00198,-0.68932,-0.66255,-0.00105,3.58445,3.61269,8,0x00000000,1,-0.53171,-0.55317,0.07025,-0.26137,0.05703,8,0x00000000,1,-0.53815,-0.56060,0.12858,-1.05842,-1.17133,8,0x00000000,1,-0.58772,-0.57809,-0.00060,1.18936,1.14804,8,0x00000000,1,-0.57729,-0.57009,0.00223,2.29870,2.43640,8,0x00000000,1,-0.71580,-0.68801,-0.02019,4.13604,4.17451,8,0x00000000,1
29.2638,0.08387,-0.42238,-39.37770,-0.91613,-0.42238,-0.90294,-0.33619,0.44103,0.94194,1.34397,1.27812,1.34397,1.27812,1.00000,0.00000,0,0.00050,-0.69545,-0.66379,-0.03206,4.19921,4.36987,8,0x00000000,1,-0.53045,-0.54396,0.02297,-0.12216,0.12782,8,0x00000000,1,-0.53608,-0.54407,0.32389,0.33783,-0.16779,8,0x00000000,1,-0.58308,-0.57805,-0.00373,0.93984,0.93504,8,0x00000000,1,-0.57334,-0.57028,0.00573,2.05807,1.90104,8,0x00000000,1,-0.72164,-0.69167,-0.05879,4.66357,4.71118,8,0x00000000,1
29.3648,0.11056,-0.53498,-39.30376,-0.88944,-0.53498,-0.91149,-0.47784,0.46698,0.95392,1.37848,1.43176,1.37848,1.43176,1.00000,0.00000,0,0.00034,-0.70257,-0.66638,-0.01126,4.99389,4.94856,8,0x00000000,1,-0.52938,-0.54123,0.01505,-0.17423,-0.19776,8,0x00000000,1,-0.53406,-0.53769,0.01648,-0.40047,-0.35115,8,0x00000000,1,-0.57737,-0.57793,-0.00046,0.55363,0.60389,8,0x00000000,1,-0.56840,-0.57026,0.00235,1.71522,1.86100,8,0x00000000,1,-0.72835,-0.70390,-0.18608,4.22117,4.38671,8,0x00000000,1
29.4665,0.17569,-0.58336,-39.22363,-0.82431,-0.58336,-0.85015,-0.55260,0.49203,0.96878,1.34218,1.52138,1.34218,1.52138,1.00000,0.00000,0,0.00031,-0.70560,-0.66796,-0.02163,5.48587,5.60946,8,0x00000000,1,-0.53137,-0.54051,0.00673,-0.08086,-0.14102,8,0x00000000,1,-0.53544,-0.53752,-0.00480,-0.29636,-0.27541,8,0x00000000,1,-0.57295,-0.57780,0.00025,0.27710,0.42082,8,0x00000000,1,-0.56404,-0.57023,-0.00268,1.40203,1.27978,8,0x00000000,1,-0.73077,-0.71276,-0.03958,4.39916,4.49663,8,0x00000000,1
29.5688,0.19840,-0.59675,-39.21218,-0.80160,-0.59675,-0.81647,-0.58328,0.51569,0.98504,1.33217,1.56832,1.33217,1.56832,1.00000,0.00000,0,0.00103,-0.70737,-0.66939,-0.01722,5.94749,6.10021,8,0x00000000,1,-0.53199,-0.54050,0.00194,-0.16961,-0.13331,8,0x00000000,1,-0.53575,-0.53750,0.00186,-0.31916,-0.31694,8,0x00000000,1,-0.57081,-0.57767,-0.00035,0.14863,0.17544,8,0x00000000,1,-0.56199,-0.57017,-0.00556,1.20985,1.23593,8,0x00000000,1,-0.73227,-0.71541,-0.02900,4.56984,4.47530,8,0x00000000,1
29.6679,0.21256,-0.60315,-39.19957,-0.78744,-0.60315,-0.79788,-0.59769,0.53867,1.00191,1.33655,1.59960,1.33655,1.59960,1.00000,0.00000,0,0.00024,-0.70877,-0.67116,-0.01277,6.34455,6.45528,8,0x00000000,1,-0.53190,-0.53987,0.02394,-0.20801,-0.34212,8,0x00000000,1,-0.53546,-0.53744,0.00868,-0.34322,-0.43489,8,0x00000000,1,-0.56960,-0.57755,-0.00183,-0.03434,-0.14390,8,0x00000000,1,-0.56091,-0.57013,-0.00990,1.03236,1.13566,8,0x00000000,1,-0.73357,-0.71774,-0.02602,4.65478,4.46926,8,0x00000000,1
29.7704,0.25495,-0.63566,-39.19884,-0.74505,-0.63566,-0.77054,-0.61477,0.56107,1.01913,1.33161,1.63390,1.33161,1.63390,1.00000,0.00000,0,0.00026,-0.71011,-0.67535,-0.09459,6.37946,6.41820,8,0x00000000,1,-0.53224,-0.53907,0.01451,-0.26299,-0.38428,8,0x00000000,1,-0.53558,-0.53737,0.00166,-0.37957,-0.35472,8,0x00000000,1,-0.56808,-0.57740,0.00102,-0.23073,-0.19338,8,0x00000000,1,-0.55947,-0.57003,0.01289,0.91056,0.82142,8,0x00000000,1,-0.73473,-0.72171,-0.03629,4.60357,4.48769,8,0x00000000,1
29.8737,0.41149,-0.75474,-39.26211,-0.58851,-0.75474,-0.68219,-0.68578,0.58197,1.03753,1.26416,1.72330,1.26416,1.72330,1.00000,0.00000,0,0.00042,-0.71251,-0.69236,-0.14973,5.53644,5.57205,8,0x00000000,1,-0.53567,-0.53865,-0.00008,-0.02412,-0.10598,8,0x00000000,1,-0.53836,-0.53737,0.00109,-0.21837,-0.24130,8,0x00000000,1,-0.56307,-0.57671,0.02023,-0.70269,-0.58529,8,0x00000000,1,-0.55430,-0.56985,0.01588,0.44841,0.47878,8,0x00000000,1,-0.73632,-0.73304,-0.14502,3.75322,3.79708,8,0x00000000,1
29.9773,0.50781,-0.80375,-39.26236,-0.49219,-0.80375,-0.54787,-0.77554,0.59924,1.05861,1.14711,1.83415,1.14711,1.83415,1.00000,0.00000,0,0.00211,-0.71481,-0.69992,-0.03301,5.77693,5.71047,8,0x00000000,1,-0.54148,-0.53867,-0.00205,0.35202,0.32896,8,0x00000000,1,-0.54333,-0.53747,0.00324,0.23988,0.06667,8,0x00000000,1,-0.55621,-0.57371,0.01480,-1.08430,-1.13628,8,0x00000000,1,-0.54701,-0.56890,0.01087,-0.37752,-0.25254,8,0x00000000,1,-0.73742,-0.73932,-0.01636,3.80028,3.77256,8,0x00000000,1
30.0760,0.54909,-0.82735,-39.28469,-0.45091,-0.82735,-0.47739,-0.81306,0.61368,1.08133,1.09107,1.89439,1.09107,1.89439,1.00000,0.00000,0,0.00025,-0.71622,-0.70453,-0.04074,5.69680,5.84077,8,0x00000000,1,-0.54429,-0.53874,-0.00394,0.53773,0.51262,8,0x00000000,1,-0.54568,-0.53767,0.00101,0.43729,0.36578,8,0x00000000,1,-0.55263,-0.57190,0.01675,-1.34856,-1.40252,8,0x00000000,1,-0.54324,-0.56844,0.00207,-0.80990,-0.68037,8,0x00000000,1,-0.73822,-0.74026,-0.00244,3.77623,3.72975,8,0x00000000,1
30.1787,0.60505,-0.85908,-39.35221,-0.39495,-0.85908,-0.42925,-0.83928,0.62659,1.10488,1.05583,1.94416,1.05583,1.94416,1.00000,0.00000,0,0.00030,-0.71760,-0.71327,-0.12570,5.06802,5.13505,8,0x00000000,1,-0.54610,-0.53888,-0.00390,0.71470,0.66646,8,0x00000000,1,-0.54712,-0.53783,-0.00460,0.58295,0.47967,8,0x00000000,1,-0.54989,-0.57035,0.01591,-1.69213,-1.71754,8,0x00000000,1,-0.54043,-0.56758,0.02299,-1.13810,-1.15848,8,0x00000000,1,-0.73916,-0.74077,-0.00278,3.77400,3.77754,8,0x00000000,1
30.2802,0.68646,-0.91425,-39.44365,-0.31354,-0.91425,-0.35747,-0.88802,0.63778,1.12949,0.99525,2.01752,0.99525,2.01752,1.00000,0.00000,0,0.00032,-0.71946,-0.72415,-0.04872,4.69536,4.66399,8,0x00000000,1,-0.54917,-0.53948,-0.01468,0.91699,0.96524,8,0x00000000,1,-0.54963,-0.53813,-0.01132,0.83060,0.88606,8,0x00000000,1,-0.54568,-0.56762,0.03699,-1.94398,-1.96901,8,0x00000000,1,-0.53604,-0.56216,0.13487,-1.05071,-1.05361,8,0x00000000,1,-0.74033,-0.74124,-0.00509,3.80061,3.71157,8,0x00000000,1
30.3829,0.78191,-0.89686,-39.45580,-0.21809,-0.89686,-0.26424,-0.89944,0.64660,1.15509,0.91085,2.05453,0.91085,2.05453,1.00000,0.00000,0,0.00134,-0.71932,-0.72612,-0.01366,4.60682,4.54569,8,0x00000000,1,-0.55322,-0.54057,-0.01512,1.25477,1.30636,8,0x00000000,1,-0.55333,-0.53864,-0.01105,1.19916,1.42925,8,0x00000000,1,-0.54251,-0.56027,0.04983,-1.89643,-1.99975,8,0x00000000,1,-0.53242,-0.55405,0.03848,-1.32831,-1.35292,8,0x00000000,1,-0.73951,-0.74155,-0.00261,3.71503,3.75119,8,0x00000000,1
30.4863,0.88551,-0.85545,-39.45305,-0.11449,-0.85545,-0.18037,-0.87716,0.65297,1.18046,0.83333,2.05762,0.83333,2.05762,1.00000,0.00000,0,0.00049,-0.71789,-0.72632,0.00173,4.39434,4.25115,8,0x00000000,1,-0.55683,-0.54170,-0.01168,1.55873,1.61761,8,0x00000000,1,-0.55683,-0.53920,-0.01255,1.53697,1.55166,8,0x00000000,1,-0.54088,-0.55087,0.19193,-1.10231,-1.27171,8,0x00000000,1,-0.53028,-0.54508,0.07070,-0.97770,-1.06254,8,0x00000000,1,-0.73759,-0.74159,0.00242,3.57751,3.81691,8,0x00000000,1
30.5871,0.97164,-0.80570,-39.49209,-0.02836,-0.80570,-0.07042,-0.82552,0.65633,1.20467,0.72675,2.03019,0.72675,2.03019,1.00000,0.00000,0,0.00029,-0.71460,-0.72630,-0.01103,3.96698,3.97741,8,0x00000000,1,-0.56167,-0.54368,-0.02264,2.00068,1.97832,8,0x00000000,1,-0.56173,-0.54046,-0.01118,2.12014,2.01254,8,0x00000000,1,-0.53994,-0.54210,0.00465,-1.20000,-1.21927,8,0x00000000,1,-0.52854,-0.54113,0.06539,-1.00216,-1.08321,8,0x00000000,1,-0.73376,-0.74158,0.00218,3.18927,3.16496,8,0x00000000,1
30.6908,1.07570,-0.77854,-39.41635,0.07570,-0.77854,0.02354,-0.78945,0.65705,1.22765,0.63351,2.01710,0.63351,2.01710,1.00000,0.00000,0,0.00028,-0.71218,-0.72621,-0.00298,3.71609,3.67216,8,0x00000000,1,-0.56596,-0.54542,-0.02842,2.35686,2.37430,8,0x00000000,1,-0.56599,-0.54231,-0.02914,2.44800,2.43323,8,0x00000000,1,-0.53867,-0.54049,0.00942,-1.20277,-1.20980,8,0x00000000,1,-0.52660,-0.52693,0.12345,-0.10129,-0.16613,8,0x00000000,1,-0.73082,-0.74152,0.00937,2.92476,2.89975,8,0x00000000,1
30.7933,1.13291,-0.73963,-39.37928,0.13291,-0.73963,0.10519,-0.75493,0.65503,1.24960,0.54983,2.00453,0.54983,2.00453,1.00000,0.00000,0,0.00033,-0.70997,-0.72610,-0.00241,3.40450,3.43902,8,0x00000000,1,-0.56979,-0.54800,-0.03235,2.67864,2.61765,8,0x00000000,1,-0.56982,-0.54517,-0.02139,2.83653,2.85887,8,0x00000000,1,-0.53757,-0.53919,0.00840,-1.19996,-1.14312,8,0x00000000,1,-0.52489,-0.52086,-0.00591,-0.16463,-0.04037,8,0x00000000,1,-0.72815,-0.74146,0.01172,2.63366,2.68501,8,0x00000000,1
30.8965,1.15073,-0.70707,-39.41148,0.15073,-0.70707,0.13716,-0.72544,0.65147,1.27065,0.51431,1.99609,0.51431,1.99609,1.00000,0.00000,0,0.00037,-0.70891,-0.72603,-0.00412,3.15961,3.09015,8,0x00000000,1,-0.57141,-0.55166,-0.03485,2.74804,2.81551,8,0x00000000,1,-0.57145,-0.54820,-0.02626,2.95706,2.93977,8,0x00000000,1,-0.53722,-0.53821,0.00702,-1.14604,-1.04966,8,0x00000000,1,-0.52429,-0.52070,-0.00770,-0.14657,-0.09061,8,0x00000000,1,-0.72690,-0.74143,0.00098,2.37639,2.55533,8,0x00000000,1
30.9992,1.15827,-0.64914,-39.43527,0.15827,-0.64914,0.15141,-0.68430,0.64733,1.29079,0.49592,1.97509,0.49592,1.97509,1.00000,0.00000,0,0.00169,-0.70766,-0.72591,0.00071,2.89205,3.02317,8,0x00000000,1,-0.57219,-0.55419,-0.01888,2.91231,2.81956,8,0x00000000,1,-0.57235,-0.55692,-0.12134,2.40682,2.25055,8,0x00000000,1,-0.53773,-0.53749,0.00921,-1.07730,-1.00184,8,0x00000000,1,-0.52461,-0.52070,-0.00490,-0.07513,0.00049,8,0x00000000,1,-0.72563,-0.74141,-0.01100,2.10831,2.03951,8,0x00000000,1
31.0994,1.17947,-0.56498,-39.49323,0.17947,-0.56498,0.16962,-0.60665,0.64276,1.30916,0.47314,1.91581,0.47314,1.91581,1.00000,0.00000,0,0.00029,-0.70471,-0.72571,0.01049,2.45231,2.39071,8,0x00000000,1,-0.57303,-0.55652,-0.02417,2.99490,3.09230,8,0x00000000,1,-0.57358,-0.56661,-0.04561,2.20064,2.22411,8,0x00000000,1,-0.53974,-0.53740,0.00297,-0.92662,-0.87483,8,0x00000000,1,-0.52627,-0.52071,-0.01033,0.13224,0.12458,8,0x00000000,1,-0.72279,-0.74130,-0.00781,1.67006,1.59665,8,0x00000000,1
31.2021,1.18317,-0.53754,-39.50150,0.18317,-0.53754,0.18077,-0.55694,0.63771,1.32559,0.45694,1.88253,0.45694,1.88253,1.00000,0.00000,0,0.00243,-0.70299,-0.72555,-0.00381,2.06214,2.09404,8,0x00000000,1,-0.57366,-0.55872,-0.02553,3.07881,3.28932,8,0x00000000,1,-0.57442,-0.56809,-0.00929,2.37126,2.23623,8,0x00000000,1,-0.54080,-0.53742,0.00615,-0.82903,-0.81279,8,0x00000000,1,-0.52712,-0.52070,-0.00533,0.27589,0.11775,8,0x00000000,1,-0.72111,-0.74118,0.00466,1.37054,1.37964,8,0x00000000,1
31.3048,1.18972,-0.51804,-39.48214,0.18972,-0.51804,0.18631,-0.53083,0.63248,1.34105,0.44618,1.87189,0.44618,1.87189,1.00000,0.00000,0,0.00043,-0.70233,-0.72537,0.00111,1.78776,1.69404,8,0x00000000,1,-0.57412,-0.56371,-0.07656,2.81103,2.67949,8,0x00000000,1,-0.57494,-0.56850,-0.01092,2.41752,2.43279,8,0x00000000,1,-0.54103,-0.53747,-0.00587,-0.78224,-0.71176,8,0x00000000,1,-0.52724,-0.52069,0.00059,0.34454,0.40394,8,0x00000000,1,-0.72043,-0.74111,0.00154,1.07867,1.03066,8,0x00000000,1
31.4087,1.19275,-0.47634,-39.45756,0.19275,-0.47634,0.18954,-0.49659,0.62711,1.35569,0.43757,1.85228,0.43757,1.85228,1.00000,0.00000,0,0.00036,-0.70134,-0.72513,0.00519,1.46866,1.41004,8,0x00000000,1,-0.57444,-0.56793,-0.03251,2.76978,2.64040,8,0x00000000,1,-0.57540,-0.56883,0.00009,2.55790,2.56637,8,0x00000000,1,-0.54167,-0.53747,0.00590,-0.69324,-0.68579,8,0x00000000,1,-0.52777,-0.52071,-0.00204,0.45510,0.48339,8,0x00000000,1,-0.71946,-0.74100,0.00878,0.81243,0.73632,8,0x00000000,1
31.5134,1.19130,-0.45766,-39.43055,0.19130,-0.45766,0.19165,-0.47061,0.62167,1.36943,0.43002,1.84005,0.43002,1.84005,1.00000,0.00000,0,0.00028,-0.70067,-0.72487,0.00180,1.09417,1.17060,8,0x00000000,1,-0.57475,-0.57083,-0.01426,2.71112,2.58340,8,0x00000000,1,-0.57578,-0.56922,-0.00262,2.62305,2.63807,8,0x00000000,1,-0.54203,-0.53755,-0.00743,-0.62924,-0.69969,8,0x00000000,1,-0.52804,-0.52069,-0.00140,0.56318,0.54068,8,0x00000000,1,-0.71880,-0.74091,0.00175,0.47530,0.51430,8,0x00000000,1
31.6141,1.20409,-0.34034,-39.42403,1.20409,-0.34034,0.99366,-0.42146,0.65494,1.38237,-0.33872,1.80383,-0.33872,1.80383,0.00000,0.00000,0,0.00041,-0.68369,-0.72351,0.02351,-0.39581,-0.14615,8,0x00000000,1,-0.61030,-0.58452,-0.22935,4.39814,4.29922,8,0x00000000,1,-0.61077,-0.58017,-0.32633,4.01385,4.03189,8,0x00000000,1,-0.52853,-0.53356,0.12268,-1.18717,-1.23515,8,0x00000000,1,-0.50941,-0.51870,0.05060,-0.73418,-0.55352,8,0x00000000,1,-0.69733,-0.73871,0.08019,-1.21814,-1.06933,8,0x00000000,1
31.7145,1.33839,0.05058,-39.54209,1.33839,0.05058,1.24433,-0.12539,0.62241,1.39023,-0.62192,1.51562,-0.62192,1.51562,0.00000,0.00000,0,0.00029,-0.66594,-0.71712,0.11667,-1.60463,-1.57259,8,0x00000000,1,-0.62231,-0.60737,-0.08441,3.85456,3.98710,8,0x00000000,1,-0.62467,-0.60555,-0.08755,3.93776,4.04935,8,0x00000000,1,-0.53488,-0.52082,0.07881,0.38042,0.26031,8,0x00000000,1,-0.51306,-0.51706,0.01100,-0.17891,-0.33521,8,0x00000000,1,-0.67906,-0.72884,0.09899,-2.14481,-2.20080,8,0x00000000,1
31.8161,1.25841,0.20575,-39.55995,1.25841,0.20575,1.29654,0.10729,0.58550,1.39000,-0.71103,1.28271,-0.71103,1.28271,0.00000,0.00000,0,0.00032,-0.65443,-0.68836,0.01007,-1.17851,-0.75423,8,0x00000000,1,-0.62551,-0.61102,-0.00113,4.02721,4.00478,8,0x00000000,1,-0.62958,-0.61038,-0.03898,4.12166,4.14716,8,0x00000000,1,-0.54275,-0.51978,-0.00342,0.97534,0.78814,8,0x00000000,1,-0.51964,-0.51707,0.00885,0.29136,0.21753,8,0x00000000,1,-0.66793,-0.70758,0.05456,-2.20122,-2.16326,8,0x00000000,1
31.9167,1.15523,0.37460,-39.51870,1.15523,0.37460,1.22661,0.27055,0.54942,1.38448,-0.67720,1.11394,-0.67720,1.11394,0.00000,0.00000,0,0.00046,-0.64808,-0.66308,0.10328,0.23411,0.49476,8,0x00000000,1,-0.62327,-0.61147,0.00144,3.96673,3.95925,8,0x00000000,1,-0.62865,-0.61876,-0.11724,3.40181,3.63256,8,0x00000000,1,-0.55039,-0.52082,-0.01301,1.67245,1.52615,8,0x00000000,1,-0.52695,-0.51710,0.00659,0.74507,0.53381,8,0x00000000,1,-0.66242,-0.70070,0.12395,-2.21758,-2.27524,8,0x00000000,1
32.0177,0.96856,0.62804,-39.72126,0.96856,0.62804,1.08957,0.49499,0.51627,1.37354,-0.57330,0.87854,-0.57330,0.87854,0.00000,0.00000,0,0.00030,-0.64037,-0.65841,0.03981,-0.40323,-0.38406,8,0x00000000,1,-0.61753,-0.61158,0.00408,3.75692,3.82056,8,0x00000000,1,-0.62475,-0.63174,-0.08065,2.33067,2.21535,8,0x00000000,1,-0.56217,-0.52519,-0.08365,2.29153,2.27319,8,0x00000000,1,-0.53861,-0.51810,-0.00487,1.71779,1.62300,8,0x00000000,1,-0.65623,-0.67094,-0.01778,-1.36465,-0.93157,8,0x00000000,1
32.1207,0.93271,0.67330,-39.71883,0.93271,0.67330,0.96453,0.62511,0.48756,1.35733,-0.47697,0.73222,-0.47697,0.73222,0.00000,0.00000,0,0.00037,-0.63622,-0.65591,0.01879,-0.69719,-0.56423,8,0x00000000,1,-0.61251,-0.61157,0.00464,3.32832,3.28200,8,0x00000000,1,-0.62088,-0.63294,-0.00854,2.06353,2.10355,8,0x00000000,1,-0.57013,-0.53353,-0.04341,2.93161,2.75674,8,0x00000000,1,-0.54668,-0.51981,-0.00519,2.32827,2.24791,8,0x00000000,1,-0.65320,-0.66891,0.00232,-1.44359,-1.46091,8,0x00000000,1
32.2208,0.90070,0.68991,-39.72595,0.90070,0.68991,0.92178,0.66608,0.46076,1.33887,-0.46102,0.67279,-0.46102,0.67279,0.00000,0.00000,0,0.00044,-0.63407,-0.65404,0.00854,-0.95604,-1.00764,8,0x00000000,1,-0.61154,-0.61158,-0.00089,3.33571,3.56022,8,0x00000000,1,-0.62036,-0.63330,0.00008,1.93615,1.86135,8,0x00000000,1,-0.57291,-0.53653,-0.02804,3.21409,3.15265,8,0x00000000,1,-0.54936,-0.52099,-0.03095,2.61835,2.72852,8,0x00000000,1,-0.65137,-0.66623,0.03682,-1.50760,-1.58172,8,0x00000000,1
32.3226,0.86481,0.69807,-39.74093,0.86481,0.69807,0.89080,0.68464,0.43489,1.31959,-0.45591,0.63495,-0.45591,0.63495,0.00000,0.00000,0,0.00037,-0.63259,-0.65239,0.01214,-1.17013,-1.12924,8,0x00000000,1,-0.61115,-0.61158,-0.00388,3.35820,3.55296,8,0x00000000,1,-0.62026,-0.63333,0.00259,1.81937,1.88487,8,0x00000000,1,-0.57458,-0.53932,-0.02465,3.55924,3.66497,8,0x00000000,1,-0.55093,-0.52195,-0.00960,3.04627,3.09127,8,0x00000000,1,-0.65007,-0.66139,0.04558,-1.38136,-1.46543,8,0x00000000,1
32.4275,0.82321,0.71626,-39.73239,0.82321,0.71626,0.84869,0.70328,0.41015,1.29980,-0.43854,0.59653,-0.43854,0.59653,0.00000,0.00000,0,0.00106,-0.63135,-0.65075,0.01231,-1.33795,-1.47079,8,0x00000000,1,-0.61020,-0.61156,0.00474,3.26713,3.13013,8,0x00000000,1,-0.61960,-0.63331,0.00609,1.58585,1.22716,8,0x00000000,1,-0.57651,-0.54267,-0.02662,3.90266,3.72931,8,0x00000000,1,-0.55285,-0.52367,-0.02308,3.41638,3.45742,8,0x00000000,1,-0.64907,-0.65750,0.03602,-1.34556,-1.39709,8,0x00000000,1
32.5284,0.78333,0.72495,-39.72832,0.78333,0.72495,0.80654,0.71737,0.38659,1.27953,-0.41995,0.56216,-0.41995,0.56216,0.00000,0.00000,0,0.00022,-0.63029,-0.64842,0.02407,-1.46908,-1.38727,8,0x00000000,1,-0.60921,-0.61155,0.00803,3.20919,3.14850,8,0x00000000,1,-0.61887,-0.63331,-0.00454,1.34369,1.23846,8,0x00000000,1,-0.57830,-0.54574,-0.03641,4.15287,4.22085,8,0x00000000,1,-0.55464,-0.52746,-0.03502,3.58754,3.39766,8,0x00000000,1,-0.64825,-0.65456,0.02641,-1.31372,-1.29272,8,0x00000000,1
32.6309,0.70156,0.74527,-39.70605,0.70156,0.74527,0.74391,0.73484,0.36446,1.25883,-0.37945,0.52399,-0.37945,0.52399,0.00000,0.00000,0,0.00035,-0.62952,-0.64291,0.03704,-1.33119,-1.31899,8,0x00000000,1,-0.60719,-0.61156,0.00252,3.02805,3.01540,8,0x00000000,1,-0.61716,-0.63330,-0.00345,1.06341,1.07750,8,0x00000000,1,-0.58068,-0.55051,-0.06896,4.38216,4.47499,8,0x00000000,1,-0.55714,-0.53191,-0.03569,3.77815,3.78919,8,0x00000000,1,-0.64787,-0.65008,0.04164,-1.05162,-1.02677,8,0x00000000,1
32.7346,0.59512,0.73044,-39.66585,0.59512,0.73044,0.65471,0.73982,0.34451,1.23771,-0.31020,0.49789,-0.31020,0.49789,0.00000,0.00000,0,0.00038,-0.62982,-0.64088,0.00813,-1.38989,-1.45995,8,0x00000000,1,-0.60390,-0.61157,-0.00081,2.68008,2.69059,8,0x00000000,1,-0.61408,-0.63314,0.00569,0.60871,0.77637,8,0x00000000,1,-0.58313,-0.56239,-0.11017,3.96725,3.74061,8,0x00000000,1,-0.55993,-0.53523,-0.03440,4.02126,4.19879,8,0x00000000,1,-0.64869,-0.64713,0.00699,-0.91577,-0.77390,8,0x00000000,1
32.8362,0.48634,0.68901,-39.65875,0.48634,0.68901,0.54897,0.71112,0.32742,1.21700,-0.22155,0.50587,-0.22155,0.50587,0.00000,0.00000,0,0.00307,-0.63193,-0.64034,-0.00644,-1.38277,-1.33696,8,0x00000000,1,-0.59984,-0.61153,-0.00549,2.26138,2.29145,8,0x00000000,1,-0.60999,-0.63281,0.00629,0.16741,0.27167,8,0x00000000,1,-0.58454,-0.57072,-0.07641,3.77780,3.77494,8,0x00000000,1,-0.56192,-0.54506,-0.09177,3.56950,3.42386,8,0x00000000,1,-0.65131,-0.64699,0.00396,-0.70685,-0.58989,8,0x00000000,1
32.9340,0.40176,0.65137,-39.68141,0.40176,0.65137,0.44614,0.67156,0.31343,1.19734,-0.13271,0.52577,-0.13271,0.52577,0.00000,0.00000,0,0.00028,-0.63453,-0.64031,0.00590,-1.27248,-1.33059,8,0x00000000,1,-0.59583,-0.61144,0.00906,1.86271,1.85667,8,0x00000000,1,-0.60585,-0.63200,0.00436,-0.37798,-0.25538,8,0x00000000,1,-0.58546,-0.57467,-0.01445,3.87231,3.79844,8,0x00000000,1,-0.56347,-0.55101,-0.07631,3.51878,3.44772,8,0x00000000,1,-0.65439,-0.64707,-0.00491,-0.40830,-0.56052,8,0x00000000,1
33.0339,0.34584,0.63073,-39.71021,0.34584,0.63073,0.37708,0.64329,0.30181,1.17867,-0.07527,0.53537,-0.07527,0.53537,0.00000,0.00000,0,0.00040,-0.63608,-0.64035,-0.00998,-1.28866,-1.20424,8,0x00000000,1,-0.59322,-0.61138,0.00009,1.57690,1.54536,8,0x00000000,1,-0.60319,-0.63085,0.02079,-0.72774,-0.78920,8,0x00000000,1,-0.58619,-0.57634,-0.00632,3.96745,4.04881,8,0x00000000,1,-0.56459,-0.55586,-0.03402,3.51646,3.57111,8,0x00000000,1,-0.65626,-0.64715,0.00114,-0.20625,-0.37229,8,0x00000000,1
33.1345,0.33031,0.62183,-39.71640,0.33031,0.62183,0.34271,0.62767,0.29164,1.16059,-0.05107,0.53292,-0.05107,0.53292,0.00000,0.00000,0,0.00040,-0.63647,-0.64034,-0.00470,-1.26793,-1.33547,8,0x00000000,1,-0.59209,-0.61122,0.00899,1.26459,1.32348,8,0x00000000,1,-0.60209,-0.62911,0.02385,-1.00618,-1.03976,8,0x00000000,1,-0.58677,-0.57728,0.00010,4.06112,3.86438,8,0x00000000,1,-0.56532,-0.55780,-0.02794,3.55545,3.61172,8,0x00000000,1,-0.65680,-0.64724,0.00318,-0.04927,-0.06383,8,0x00000000,1
33.2347,0.30422,0.59367,-39.71632,0.30422,0.59367,0.31921,0.60766,0.28223,1.14298,-0.03698,0.53532,-0.03698,0.53532,0.00000,0.00000,0,0.00030,-0.63685,-0.64033,-0.00448,-1.28773,-1.35295,8,0x00000000,1,-0.59145,-0.61101,0.00282,1.01160,1.00734,8,0x00000000,1,-0.60144,-0.62596,0.02470,-1.11919,-1.05657,8,0x00000000,1,-0.58695,-0.57788,-0.00573,4.13536,4.04381,8,0x00000000,1,-0.56559,-0.56223,-0.06567,3.21061,3.22117,8,0x00000000,1,-0.65726,-0.64734,0.00250,0.07410,0.17946,8,0x00000000,1
33.3386,0.26038,0.54592,-39.73590,0.26038,0.54592,0.28245,0.57264,0.27367,1.12615,-0.00879,0.55351,-0.00879,0.55351,0.00000,0.00000,0,0.00025,-0.63817,-0.64032,0.00568,-1.23632,-1.43153,8,0x00000000,1,-0.59022,-0.61056,0.00316,0.73601,0.75271,8,0x00000000,1,-0.60008,-0.61982,0.10084,-0.88152,-0.89337,8,0x00000000,1,-0.58674,-0.57842,-0.00489,4.19830,4.29404,8,0x00000000,1,-0.56563,-0.56837,-0.02622,2.93767,2.87952,8,0x00000000,1,-0.65868,-0.64741,0.01598,0.32303,0.24447,8,0x00000000,1
33.4408,0.22840,0.42025,-39.63640,0.22840,0.42025,0.24580,0.49824,0.26621,1.11076,0.02041,0.61252,0.02041,0.61252,0.00000,0.00000,0,0.00038,-0.64121,-0.64033,0.01035,-1.04921,-1.10946,8,0x00000000,1,-0.58910,-0.60993,0.01428,0.48232,0.53721,8,0x00000000,1,-0.59855,-0.60187,0.03284,-0.15442,0.04056,8,0x00000000,1,-0.58487,-0.57872,-0.00515,4.16713,4.25080,8,0x00000000,1,-0.56414,-0.57024,-0.03216,2.68051,2.55006,8,0x00000000,1,-0.66168,-0.64759,0.00757,0.62847,0.57159,8,0x00000000,1
33.5427,0.21664,0.41202,-39.63423,0.21664,0.41202,0.21327,0.42591,0.25986,1.09790,0.04659,0.67199,0.04659,0.67199,0.00000,0.00000,0,0.00126,-0.64421,-0.64047,0.00713,-0.76817,-0.89854,8,0x00000000,1,-0.58812,-0.60917,0.00896,0.16131,0.14788,8,0x00000000,1,-0.59714,-0.60023,-0.00463,-0.32727,-0.26180,8,0x00000000,1,-0.58291,-0.57876,-0.00136,4.03168,3.93907,8,0x00000000,1,-0.56256,-0.57058,-0.00822,2.46832,2.41499,8,0x00000000,1,-0.66462,-0.64805,-0.00516,1.03342,1.10072,8,0x00000000,1
33.6443,0.20147,0.40024,-39.62055,0.20147,0.40024,0.20208,0.40573,0.25394,1.08611,0.05187,0.68038,0.05187,0.68038,0.00000,0.00000,0,0.00038,-0.64467,-0.64048,0.00304,-0.74302,-0.84892,8,0x00000000,1,-0.58791,-0.60850,0.00419,-0.06995,-0.01772,8,0x00000000,1,-0.59687,-0.59953,0.00518,-0.24983,-0.21356,8,0x00000000,1,-0.58267,-0.57885,0.00378,4.12915,4.09098,8,0x00000000,1,-0.56237,-0.57071,0.00008,2.39732,2.29748,8,0x00000000,1,-0.66507,-0.64836,-0.00314,1.19133,1.14124,8,0x00000000,1
33.7441,0.19804,0.39493,-39.62077,0.19804,0.39493,0.19801,0.39756,0.24822,1.07468,0.05022,0.67712,0.05022,0.67712,0.00000,0.00000,0,0.00027,-0.64450,-0.64052,-0.00454,-0.72970,-0.83546,8,0x00000000,1,-0.58797,-0.60789,0.00763,-0.21828,-0.25067,8,0x00000000,1,-0.59696,-0.59921,0.00936,-0.25075,-0.20208,8,0x00000000,1,-0.58277,-0.57900,0.00317,4.12463,4.02539,8,0x00000000,1,-0.56246,-0.57072,-0.00303,2.31738,2.30286,8,0x00000000,1,-0.66491,-0.64890,-0.01468,1.26829,1.35942,8,0x00000000,1
33.8457,0.19685,0.39092,-39.61434,0.19685,0.39092,0.19732,0.39323,0.24257,1.06341,0.04525,0.67018,0.04525,0.67018,0.00000,0.00000,0,0.00163,-0.64411,-0.64053,-0.00565,-0.72468,-0.68632,8,0x00000000,1,-0.58817,-0.60729,0.01773,-0.40235,-0.37776,8,0x00000000,1,-0.59721,-0.59900,0.00448,-0.24111,-0.21354,8,0x00000000,1,-0.58296,-0.57917,-0.00584,4.19023,4.48324,8,0x00000000,1,-0.56259,-0.57071,0.00567,2.23247,2.20578,8,0x00000000,1,-0.66451,-0.64985,-0.01615,1.34795,1.42232,8,0x00000000,1
33.9510,0.19243,0.38735,-39.61926,0.19243,0.38735,0.19455,0.38833,0.23698,1.05227,0.04242,0.66394,0.04242,0.66394,0.00000,0.00000,0,0.00131,-0.64379,-0.64052,0.00194,-0.70503,-0.78638,8,0x00000000,1,-0.58828,-0.60660,0.00005,-0.62135,-0.65179,8,0x00000000,1,-0.59736,-0.59886,0.00948,-0.21893,-0.24923,8,0x00000000,1,-0.58316,-0.57928,-0.00057,4.22560,4.39159,8,0x00000000,1,-0.56275,-0.57070,0.00517,2.10479,2.01442,8,0x00000000,1,-0.66420,-0.65077,-0.01734,1.48834,1.54459,8,0x00000000,1
34.0560,0.19225,0.38447,-39.61940,0.19225,0.38447,0.19192,0.38571,0.23147,1.04124,0.03955,0.65552,0.03955,0.65552,0.00000,0.00000,0,0.00362,-0.64338,-0.64053,0.00132,-0.66982,-0.74808,8,0x00000000,1,-0.58838,-0.60574,0.00818,-0.77375,-0.71319,8,0x00000000,1,-0.59752,-0.59875,0.00011,-0.25754,-0.20318,8,0x00000000,1,-0.58346,-0.57943,0.00199,4.32162,4.47432,8,0x00000000,1,-0.56300,-0.57070,0.00414,2.02532,2.02287,8,0x00000000,1,-0.66381,-0.65184,-0.02384,1.51790,1.60273,8,0x00000000,1
34.1577,0.18850,0.38201,-39.62251,0.18850,0.38201,0.19015,0.38198,0.22602,1.03031,0.03588,0.64833,0.03588,0.64833,0.00000,0.00000,0,0.00042,-0.64301,-0.64055,0.00062,-0.67237,-0.72109,8,0x00000000,1,-0.58852,-0.60507,0.00142,-0.94953,-0.80756,8,0x00000000,1,-0.59772,-0.59863,0.00181,-0.24024,-0.28037,8,0x00000000,1,-0.58368,-0.57959,-0.00341,4.33154,4.33665,8,0x00000000,1,-0.56318,-0.57069,0.00499,1.94242,2.06515,8,0x00000000,1,-0.66344,-0.65303,-0.01661,1.57165,1.66565,8,0x00000000,1
34.2585,0.18679,0.37929,-39.61761,0.18679,0.37929,0.18791,0.38055,0.22064,1.01944,0.03273,0.63888,0.03273,0.63888,0.00000,0.00000,0,0.00029,-0.64255,-0.64054,0.00240,-0.69652,-0.71992,8,0x00000000,1,-0.58863,-0.60438,-0.00087,-1.09479,-0.96315,8,0x00000000,1,-0.59789,-0.59859,-0.00755,-0.24223,-0.20820,8,0x00000000,1,-0.58401,-0.57972,0.00405,4.44540,4.41830,8,0x00000000,1,-0.56346,-0.57069,0.00333,1.86400,1.90478,8,0x00000000,1,-0.66300,-0.65410,-0.01340,1.58649,1.66470,8,0x00000000,1
34.3606,0.18766,0.38058,-39.61829,0.18766,0.38058,0.18753,0.38061,0.21530,1.00859,0.02777,0.62798,0.02777,0.62798,0.00000,0.00000,0,0.00059,-0.64200,-0.64055,-0.00095,-0.72554,-0.68171,8,0x00000000,1,-0.58882,-0.60355,0.01476,-1.15344,-1.13735,8,0x00000000,1,-0.59816,-0.59850,0.01167,-0.22148,-0.22573,8,0x00000000,1,-0.58437,-0.57988,0.00570,4.52561,4.54215,8,0x00000000,1,-0.56374,-0.57072,-0.00963,1.77632,1.87359,8,0x00000000,1,-0.66246,-0.65491,-0.00728,1.63781,1.10329,8,0x00000000,1
34.4613,0.18979,0.38280,-39.61745,0.18979,0.38280,0.18705,0.38089,0.20998,0.99775,0.02293,0.61686,0.02293,0.61686,0.00000,0.00000,0,0.00049,-0.64144,-0.64054,0.00824,-0.68461,-0.77945,8,0x00000000,1,-0.58900,-0.60274,-0.00043,-1.30468,-1.33723,8,0x00000000,1,-0.59842,-0.59851,0.00187,-0.20530,-0.09784,8,0x00000000,1,-0.58474,-0.58007,0.00356,4.55743,4.66035,8,0x00000000,1,-0.56404,-0.57069,-0.00229,1.72191,1.83081,8,0x00000000,1,-0.66191,-0.65560,-0.01629,1.63514,1.85455,8,0x00000000,1
34.5620,0.19107,0.38406,-39.61852,-0.80893,0.38406,-0.16968,0.38379,0.15688,0.98684,0.32655,0.60305,0.32655,0.60305,1.00000,0.00000,0,0.00045,-0.64694,-0.64059,-0.01372,-0.62782,-0.71253,8,0x00000000,1,-0.57496,-0.60069,0.08338,-1.60869,-1.57673,8,0x00000000,1,-0.58458,-0.59847,0.01168,-0.52940,-0.28433,8,0x00000000,1,-0.59126,-0.58038,-0.00737,4.78559,4.69120,8,0x00000000,1,-0.57246,-0.57070,-0.00849,1.88399,1.98266,8,0x00000000,1,-0.66935,-0.65612,-0.00903,1.81057,1.65358,8,0x00000000,1
34.6622,0.12376,-0.19527,-39.68856,-0.87624,-0.19527,-0.71851,0.14463,0.17173,0.97762,0.89024,0.83299,0.89024,0.83299,1.00000,0.00000,0,0.00038,-0.66779,-0.64386,-0.04797,1.08547,0.70229,8,0x00000000,1,-0.54982,-0.54611,0.45410,0.41692,0.10326,8,0x00000000,1,-0.55810,-0.56587,-0.01761,-1.39369,-0.81607,8,0x00000000,1,-0.59274,-0.58306,-0.01511,5.22986,5.19560,8,0x00000000,1,-0.57841,-0.57891,-0.05777,2.15932,2.30862,8,0x00000000,1,-0.69287,-0.66752,-0.08852,3.23031,3.26948,8,0x00000000,1
34.7639,0.12879,-0.30062,-39.74292,-0.87121,-0.30062,-0.84580,-0.19055,0.19474,0.97937,1.04054,1.16992,1.04054,1.16992,1.00000,0.00000,0,0.00032,-0.68487,-0.65230,-0.03747,2.06992,2.03204,8,0x00000000,1,-0.54408,-0.53649,-0.00058,-0.20981,-0.23420,8,0x00000000,1,-0.55020,-0.56235,0.05602,-1.23628,-1.39398,8,0x00000000,1,-0.58167,-0.58280,0.00031,4.23046,4.19112,8,0x00000000,1,-0.56952,-0.57882,0.00329,1.32978,1.30352,8,0x00000000,1,-0.70956,-0.67621,-0.04257,4.20759,4.08010,8,0x00000000,1
34.8621,0.12287,-0.36282,-39.68654,-0.87713,-0.36282,-0.87127,-0.31427,0.21930,0.98687,1.09057,1.30114,1.09057,1.30114,1.00000,0.00000,0,0.00033,-0.69136,-0.65413,-0.02638,2.61111,2.60657,8,0x00000000,1,-0.54223,-0.53642,-0.00543,-0.18368,-0.15377,8,0x00000000,1,-0.54752,-0.55448,0.04905,-0.91487,-0.86264,8,0x00000000,1,-0.57720,-0.58272,-0.01050,4.00561,3.96600,8,0x00000000,1,-0.56583,-0.57875,-0.00378,1.04809,1.06240,8,0x00000000,1,-0.71583,-0.67884,-0.02064,4.68489,4.69819,8,0x00000000,1
34.9616,0.11907,-0.45120,-39.59769,-0.88093,-0.45120,-0.87648,-0.38933,0.24423,0.99690,1.12071,1.38622,1.12071,1.38622,1.00000,0.00000,0,0.00031,-0.69552,-0.65598,-0.03648,3.06132,3.07699,8,0x00000000,1,-0.54113,-0.53631,0.00349,-0.14106,-0.15390,8,0x00000000,1,-0.54589,-0.54221,0.11191,0.00420,-0.15934,8,0x00000000,1,-0.57425,-0.58260,-0.00152,3.80521,3.77491,8,0x00000000,1,-0.56338,-0.57864,0.00072,0.80668,0.85031,8,0x00000000,1,-0.71983,-0.68160,-0.02114,5.09552,5.17179,8,0x00000000,1
35.0665,0.13350,-0.48460,-39.55611,-0.86650,-0.48460,-0.88072,-0.46001,0.26940,1.00923,1.15012,1.46924,1.15012,1.46924,1.00000,0.00000,0,0.00257,-0.69958,-0.65857,-0.02988,3.70627,3.68148,8,0x00000000,1,-0.54006,-0.53611,-0.00319,-0.15584,-0.12067,8,0x00000000,1,-0.54430,-0.53975,0.00061,-0.24119,-0.29146,8,0x00000000,1,-0.57138,-0.58240,0.00764,3.52830,3.32546,8,0x00000000,1,-0.56099,-0.57851,-0.00275,0.42637,0.40502,8,0x00000000,1,-0.72374,-0.68882,-0.08904,5.28413,5.44601,8,0x00000000,1
35.1684,0.19233,-0.53150,-39.48300,-0.80767,-0.53150,-0.84314,-0.50323,0.29402,1.02295,1.13717,1.52618,1.13717,1.52618,1.00000,0.00000,0,0.00033,-0.70171,-0.66087,-0.03237,4.23785,4.32969,8,0x00000000,1,-0.54086,-0.53608,0.00260,-0.01721,-0.18357,8,0x00000000,1,-0.54472,-0.53956,-0.00261,-0.10100,0.05086,8,0x00000000,1,-0.56877,-0.58225,-0.00560,3.23201,3.16551,8,0x00000000,1,-0.55848,-0.57833,0.00394,0.00682,0.05745,8,0x00000000,1,-0.72555,-0.70291,-0.24460,4.26426,4.24194,8,0x00000000,1
35.2681,0.28781,-0.57659,-39.39209,-0.71219,-0.57659,-0.75315,-0.55505,0.31671,1.03814,1.06986,1.59318,1.06986,1.59318,1.00000,0.00000,0,0.00029,-0.70317,-0.66302,-0.01443,4.67399,4.60986,8,0x00000000,1,-0.54421,-0.53610,-0.00148,0.35127,0.17910,8,0x00000000,1,-0.54756,-0.53961,-0.00182,0.23427,0.16468,8,0x00000000,1,-0.56469,-0.58181,0.00137,2.76686,2.90745,8,0x00000000,1,-0.55417,-0.57797,0.00510,-0.56366,-0.43997,8,0x00000000,1,-0.72630,-0.71361,-0.01888,4.46558,4.50275,8,0x00000000,1
35.3692,0.30810,-0.59498,-39.39267,-0.69190,-0.59498,-0.71183,-0.58211,0.33748,1.05441,1.04932,1.63651,1.04932,1.63651,1.00000,0.00000,0,0.00042,-0.70457,-0.66602,-0.03175,4.93210,4.84258,8,0x00000000,1,-0.54531,-0.53615,-0.00731,0.42500,0.47868,8,0x00000000,1,-0.54836,-0.53969,-0.00044,0.31615,0.33274,8,0x00000000,1,-0.56249,-0.58139,0.00799,2.51571,2.34813,8,0x00000000,1,-0.55198,-0.57738,0.01284,-0.85023,-0.85594,8,0x00000000,1,-0.72739,-0.71556,-0.00376,4.58212,4.55436,8,0x00000000,1
35.4689,0.33098,-0.61479,-39.39711,-0.66902,-0.61479,-0.68397,-0.60278,0.35734,1.07130,1.04131,1.67408,1.04131,1.67408,1.00000,0.00000,0,0.00033,-0.70598,-0.67083,-0.05706,5.17176,5.17618,8,0x00000000,1,-0.54582,-0.53622,-0.00851,0.57024,0.65271,8,0x00000000,1,-0.54861,-0.53981,-0.00014,0.42934,0.25328,8,0x00000000,1,-0.56078,-0.58101,-0.00369,2.20954,2.01216,8,0x00000000,1,-0.55034,-0.57687,0.00648,-1.26493,-1.16056,8,0x00000000,1,-0.72860,-0.71702,-0.00676,4.68933,4.69658,8,0x00000000,1
35.5688,0.36242,-0.63988,-39.41896,-0.63758,-0.63988,-0.65626,-0.62504,0.37641,1.08880,1.03267,1.71384,1.03267,1.71384,1.00000,0.00000,0,0.00029,-0.70748,-0.67626,-0.06635,5.23580,5.33000,8,0x00000000,1,-0.54636,-0.53628,0.00542,0.73408,0.72846,8,0x00000000,1,-0.54887,-0.53992,0.00223,0.55472,0.57523,8,0x00000000,1,-0.55897,-0.58055,0.00067,1.86291,1.91347,8,0x00000000,1,-0.54859,-0.57234,0.05681,-1.24100,-1.15292,8,0x00000000,1,-0.72987,-0.71895,-0.02405,4.73977,4.74818,8,0x00000000,1
35.6711,0.42584,-0.67370,-39.43275,-0.57416,-0.67370,-0.61216,-0.65255,0.39452,1.10701,1.00668,1.75956,1.00668,1.75956,1.00000,0.00000,0,0.00076,-0.70887,-0.68557,-0.13575,4.81837,4.89867,8,0x00000000,1,-0.54772,-0.53659,-0.00500,0.92591,0.85697,8,0x00000000,1,-0.54991,-0.54005,-0.00150,0.71347,0.66113,8,0x00000000,1,-0.55657,-0.57991,0.02544,1.50823,1.48409,8,0x00000000,1,-0.54617,-0.56914,0.02958,-1.52673,-1.44664,8,0x00000000,1,-0.73091,-0.72184,-0.03870,4.68083,4.55227,8,0x00000000,1
35.7736,0.53927,-0.73299,-39.41855,-0.46073,-0.73299,-0.52794,-0.70146,0.41083,1.12628,0.93878,1.82774,0.93878,1.82774,1.00000,0.00000,0,0.00039,-0.71037,-0.69427,-0.05483,4.83567,4.81915,8,0x00000000,1,-0.55111,-0.53743,-0.00709,1.22521,1.23590,8,0x00000000,1,-0.55277,-0.54041,-0.00940,1.00209,0.87820,8,0x00000000,1,-0.55243,-0.57889,0.01030,0.97420,1.14903,8,0x00000000,1,-0.54180,-0.56272,0.15395,-1.29493,-1.33982,8,0x00000000,1,-0.73170,-0.73125,-0.10837,3.98797,4.02925,8,0x00000000,1
35.8797,0.67992,-0.74407,-39.30539,-0.32008,-0.74407,-0.39055,-0.73366,0.42382,1.14681,0.81438,1.88047,0.81438,1.88047,1.00000,0.00000,0,0.00123,-0.71008,-0.69742,-0.01963,4.85770,4.95450,8,0x00000000,1,-0.55707,-0.53996,0.00120,1.75683,1.78503,8,0x00000000,1,-0.55824,-0.54140,-0.01406,1.52572,1.60497,8,0x00000000,1,-0.54783,-0.57754,0.01997,0.39394,0.52333,8,0x00000000,1,-0.53653,-0.54895,0.11526,-1.09422,-1.07199,8,0x00000000,1,-0.73041,-0.73668,-0.01135,3.71834,3.70375,8,0x00000000,1
35.9794,0.75250,-0.74558,-39.25621,-0.24750,-0.74558,-0.28990,-0.74190,0.43337,1.16785,0.72327,1.90976,0.72327,1.90976,1.00000,0.00000,0,0.00028,-0.70948,-0.69916,-0.01075,4.87492,4.81366,8,0x00000000,1,-0.56140,-0.54172,-0.01601,2.06265,1.98916,8,0x00000000,1,-0.56227,-0.54225,-0.00167,1.96963,1.91341,8,0x00000000,1,-0.54485,-0.57617,0.01413,-0.08084,-0.13403,8,0x00000000,1,-0.53304,-0.54203,0.03953,-1.15770,-1.29220,8,0x00000000,1,-0.72913,-0.73733,0.00387,3.55434,3.57389,8,0x00000000,1
36.0834,0.84896,-0.71887,-39.15866,-0.15104,-0.71887,-0.21607,-0.72846,0.44069,1.18887,0.65676,1.91733,0.65676,1.91733,1.00000,0.00000,0,0.00029,-0.70847,-0.70017,-0.00431,4.87501,5.00128,8,0x00000000,1,-0.56451,-0.54332,-0.00770,2.35036,2.36637,8,0x00000000,1,-0.56526,-0.54319,-0.01617,2.24122,2.33514,8,0x00000000,1,-0.54325,-0.57477,0.01266,-0.45140,-0.28517,8,0x00000000,1,-0.53101,-0.52892,0.10067,-0.24567,-0.39647,8,0x00000000,1,-0.72767,-0.73758,0.00172,3.35594,3.25339,8,0x00000000,1
36.1857,0.90052,-0.70223,-39.11427,-0.09948,-0.70223,-0.13161,-0.70888,0.44546,1.20936,0.57707,1.91823,0.57707,1.91823,1.00000,0.00000,0,0.00051,-0.70690,-0.70078,0.00054,4.76372,4.56208,8,0x00000000,1,-0.56821,-0.54567,-0.02342,2.72321,2.60930,8,0x00000000,1,-0.56886,-0.54531,-0.01164,2.68095,2.65126,8,0x00000000,1,-0.54166,-0.57291,0.01547,-0.81971,-0.77327,8,0x00000000,1,-0.52889,-0.52144,0.01592,-0.09945,-0.01851,8,0x00000000,1,-0.72561,-0.73762,-0.00590,3.01574,2.91517,8,0x00000000,1
36.2895,0.91777,-0.68762,-39.12355,-0.08223,-0.68762,-0.09480,-0.69313,0.44854,1.22931,0.54335,1.92244,0.54335,1.92244,1.00000,0.00000,0,0.00047,-0.70640,-0.70138,-0.01043,4.81770,4.78433,8,0x00000000,1,-0.56979,-0.54764,-0.01688,2.94457,2.82782,8,0x00000000,1,-0.57038,-0.54802,-0.03595,2.81662,2.72151,8,0x00000000,1,-0.54083,-0.57140,0.01217,-1.12041,-1.11334,8,0x00000000,1,-0.52785,-0.52118,-0.00265,-0.08997,-0.07409,8,0x00000000,1,-0.72488,-0.73761,-0.00641,2.84358,2.88802,8,0x00000000,1
36.3890,0.92810,-0.65675,-39.14449,-0.07190,-0.65675,-0.07923,-0.67454,0.45098,1.24882,0.53021,1.92336,0.53021,1.92336,1.00000,0.00000,0,0.00120,-0.70618,-0.70184,-0.00271,4.82835,5.02957,8,0x00000000,1,-0.57041,-0.55063,-0.03667,2.95988,2.97799,8,0x00000000,1,-0.57097,-0.55420,-0.11713,2.41004,2.47729,8,0x00000000,1,-0.54054,-0.56993,0.02113,-1.37689,-1.36205,8,0x00000000,1,-0.52748,-0.52119,-0.00448,-0.04369,-0.06750,8,0x00000000,1,-0.72457,-0.73759,0.00030,2.72545,2.73875,8,0x00000000,1
36.4934,0.94911,-0.57294,-39.20360,-0.05089,-0.57294,-0.06062,-0.61308,0.45298,1.26719,0.51360,1.88026,0.51360,1.88026,1.00000,0.00000,0,0.00132,-0.70404,-0.70206,-0.00944,4.66973,4.76173,8,0x00000000,1,-0.57102,-0.55383,-0.02234,3.07272,3.13412,8,0x00000000,1,-0.57186,-0.56367,-0.07301,2.12537,2.16349,8,0x00000000,1,-0.54199,-0.56847,0.01110,-1.54019,-1.52860,8,0x00000000,1,-0.52868,-0.52118,-0.00313,0.15354,0.05895,8,0x00000000,1,-0.72251,-0.73753,0.00858,2.42039,2.50183,8,0x00000000,1
36.5950,0.96050,-0.53315,-39.21670,-0.03950,-0.53315,-0.04519,-0.55545,0.45446,1.28372,0.49964,1.83917,0.49964,1.83917,1.00000,0.00000,0,0.00034,-0.70204,-0.70203,0.02065,4.63054,4.67112,8,0x00000000,1,-0.57152,-0.55686,-0.01887,3.10587,2.97142,8,0x00000000,1,-0.57263,-0.56705,-0.00337,2.21675,2.22773,8,0x00000000,1,-0.54342,-0.56701,0.02672,-1.66004,-1.59831,8,0x00000000,1,-0.52989,-0.52118,-0.00087,0.33626,0.29934,8,0x00000000,1,-0.72060,-0.73749,0.00157,2.07438,1.97768,8,0x00000000,1
36.6941,0.97495,-0.50752,-39.21767,-0.02505,-0.50752,-0.03341,-0.52275,0.45559,1.29902,0.48900,1.82177,0.48900,1.82177,1.00000,0.00000,0,0.00028,-0.70109,-0.70208,0.00350,4.52901,4.60535,8,0x00000000,1,-0.57194,-0.55914,-0.02872,3.13477,3.39742,8,0x00000000,1,-0.57317,-0.56780,-0.01297,2.25931,2.23216,8,0x00000000,1,-0.54393,-0.56387,0.03385,-1.62926,-1.54631,8,0x00000000,1,-0.53027,-0.52116,0.00528,0.48922,0.37476,8,0x00000000,1,-0.71966,-0.73745,-0.00521,1.81846,1.91700,8,0x00000000,1
36.7970,0.99501,-0.47923,-39.22083,-0.00499,-0.47923,-0.01654,-0.49725,0.45618,1.31354,0.47272,1.81079,0.47272,1.81079,1.00000,0.00000,16,0.00033,-0.70031,-0.70209,-0.00215,4.44623,4.45252,8,0x00000000,1,-0.57266,-0.56381,-0.05550,2.91493,2.80451,8,0x00000000,1,-0.57394,-0.56820,-0.01161,2.36644,2.41831,8,0x00000000,1,-0.54407,-0.56090,0.03875,-1.69016,-1.64109,8,0x00000000,1,-0.53027,-0.52117,0.00403,0.55063,0.56226,8,0x00000000,1,-0.71882,-0.73739,-0.00581,1.50444,1.47933,8,0x00000000,1
36.9004,1.00625,-0.44083,-39.20660,0.00625,-0.44083,-0.00225,-0.46116,0.45618,1.32718,0.45843,1.78834,0.45843,1.78834,1.00000,0.00000,16,0.00076,-0.69908,-0.70207,0.00198,4.35010,4.35682,8,0x00000000,1,-0.57324,-0.56771,-0.03635,2.84193,2.93803,8,0x00000000,1,-0.57466,-0.56860,-0.00073,2.47861,2.41489,8,0x00000000,1,-0.54472,-0.55834,0.02746,-1.65312,-1.66100,8,0x00000000,1,-0.53075,-0.52121,-0.00848,0.68221,0.69474,8,0x00000000,1,-0.71760,-0.73728,-0.00545,1.18480,1.27599,8,0x00000000,1
37.0018,1.02284,-0.40973,-39.20280,0.02284,-0.40973,0.01265,-0.42772,0.45618,1.33981,0.44354,1.76753,0.44354,1.76753,1.00000,0.00000,16,0.00051,-0.69791,-0.70208,-0.00898,4.23034,4.21156,8,0x00000000,1,-0.57385,-0.57034,-0.02248,2.80027,2.86198,8,0x00000000,1,-0.57540,-0.56900,-0.00331,2.58334,2.76628,8,0x00000000,1,-0.54529,-0.55356,0.10913,-1.19311,-1.28714,8,0x00000000,1,-0.53115,-0.52116,0.01341,0.88934,0.80335,8,0x00000000,1,-0.71642,-0.73716,-0.00220,0.88873,0.93957,8,0x00000000,1
37.1047,1.08547,-0.35033,-39.25893,0.08547,-0.35033,0.05995,-0.37764,0.45527,1.35131,0.39532,1.72895,0.39532,1.72895,1.00000,0.00000,0,0.00037,-0.69533,-0.70198,0.01284,3.99364,4.13121,8,0x00000000,1,-0.57595,-0.57242,-0.02395,2.87164,2.87719,8,0x00000000,1,-0.57772,-0.56947,-0.00731,2.78834,2.93515,8,0x00000000,1,-0.54594,-0.54431,0.00535,-0.85165,-0.86591,8,0x00000000,1,-0.53137,-0.52120,0.00062,0.99171,0.91433,8,0x00000000,1,-0.71370,-0.73699,0.00313,0.46451,0.46587,8,0x00000000,1
37.2056,1.09229,-0.33798,-39.25300,0.09229,-0.33798,0.08580,-0.34860,0.45311,1.36159,0.36731,1.71019,0.36731,1.71019,1.00000,0.00000,0,0.00052,-0.69398,-0.70195,0.00193,3.82498,3.80637,8,0x00000000,1,-0.57718,-0.57391,-0.01091,2.92378,2.97773,8,0x00000000,1,-0.57905,-0.57008,-0.00293,2.92907,2.89205,8,0x00000000,1,-0.54617,-0.54400,-0.00326,-0.81885,-0.84892,8,0x00000000,1,-0.53135,-0.52119,0.00736,1.13737,1.07584,8,0x00000000,1,-0.71226,-0.73682,-0.00212,0.12955,0.04576,8,0x00000000,1
37.3066,1.09669,-0.32690,-39.25307,0.09669,-0.32690,0.09499,-0.33254,0.45050,1.37126,0.35552,1.70380,0.35552,1.70380,1.00000,0.00000,0,0.00050,-0.69347,-0.70192,0.00121,3.75939,3.97631,8,0x00000000,1,-0.57770,-0.57487,-0.01837,2.87650,2.92968,8,0x00000000,1,-0.57960,-0.57060,-0.00229,3.04200,3.00660,8,0x00000000,1,-0.54621,-0.54389,-0.00113,-0.82626,-0.81479,8,0x00000000,1,-0.53129,-0.52133,-0.00727,1.23065,1.28158,8,0x00000000,1,-0.71171,-0.73663,0.00630,-0.20915,-0.21968,8,0x00000000,1
37.4124,1.09859,-0.31847,-39.25577,0.09859,-0.31847,0.09646,-0.32304,0.44778,1.38058,0.35132,1.70362,0.35132,1.70362,1.00000,0.00000,0,0.00205,-0.69338,-0.70187,-0.00269,3.63630,3.60296,8,0x00000000,1,-0.57789,-0.57526,-0.00145,2.95524,2.89511,8,0x00000000,1,-0.57980,-0.57106,-0.00532,3.10542,3.06491,8,0x00000000,1,-0.54613,-0.54384,-0.00297,-0.77864,-0.85572,8,0x00000000,1,-0.53118,-0.52141,-0.00692,1.33319,1.32990,8,0x00000000,1,-0.71159,-0.73642,0.00374,-0.48644,-0.36200,8,0x00000000,1
37.5118,1.09752,-0.31133,-39.24753,0.09752,-0.31133,0.09798,-0.31458,0.44500,1.38965,0.34701,1.70423,0.34701,1.70423,1.00000,0.00000,0,0.00031,-0.69332,-0.70189,-0.02100,3.49691,3.55455,8,0x00000000,1,-0.57809,-0.57566,-0.01094,2.96242,3.13690,8,0x00000000,1,-0.57999,-0.57134,0.00412,3.21839,3.21198,8,0x00000000,1,-0.54602,-0.54385,-0.01004,-0.78592,-0.84334,8,0x00000000,1,-0.53105,-0.52147,-0.00083,1.45360,1.52503,8,0x00000000,1,-0.71150,-0.73610,0.00034,-0.80253,-0.77443,8,0x00000000,1
37.6136,1.09498,-0.29164,-39.26314,1.09498,-0.29164,0.72244,-0.30717,0.48770,1.39853,-0.23474,1.70570,-0.23474,1.70570,0.00000,0.00000,0,0.00029,-0.68168,-0.70130,0.01489,2.36919,2.31701,8,0x00000000,1,-0.60509,-0.58169,-0.20734,4.55328,4.62642,8,0x00000000,1,-0.60639,-0.57655,-0.28042,4.61773,4.63569,8,0x00000000,1,-0.53461,-0.54176,0.12977,-1.27844,-1.29156,8,0x00000000,1,-0.51586,-0.52152,0.00009,0.13913,0.57756,8,0x00000000,1,-0.69634,-0.73260,0.12865,-1.88579,-1.60370,8,0x00000000,1
37.7189,1.19637,0.20522,-39.41071,1.19637,0.20522,1.08939,-0.02091,0.46068,1.40402,-0.62871,1.42494,-0.62871,1.42494,0.00000,0.00000,0,0.00051,-0.66202,-0.69971,0.03685,0.93027,1.08266,8,0x00000000,1,-0.62226,-0.60890,-0.08626,4.05280,3.99229,8,0x00000000,1,-0.62531,-0.61255,-0.20493,3.59241,3.39146,8,0x00000000,1,-0.53849,-0.53468,-0.00569,-0.73255,-0.83460,8,0x00000000,1,-0.51635,-0.52126,0.00187,0.40926,0.23707,8,0x00000000,1,-0.67545,-0.70860,0.15552,-1.95970,-1.83683,8,0x00000000,1
37.8195,1.13081,0.43726,-39.55851,1.13081,0.43726,1.13298,0.28652,0.42864,1.39978,-0.70434,1.11326,-0.70434,1.11326,0.00000,0.00000,0,0.00179,-0.64750,-0.69571,0.06912,-0.06684,0.12293,8,0x00000000,1,-0.62453,-0.61225,-0.00742,4.09148,4.19262,8,0x00000000,1,-0.62989,-0.62954,-0.17697,2.67193,2.69252,8,0x00000000,1,-0.54988,-0.53556,-0.01774,0.26225,0.26471,8,0x00000000,1,-0.52627,-0.52129,0.00160,1.28512,1.21432,8,0x00000000,1,-0.66169,-0.68234,0.71319,0.21990,-0.45928,8,0x00000000,1
37.9181,0.99349,0.57041,-39.79053,0.99349,0.57041,1.03749,0.49093,0.39759,1.38813,-0.63990,0.89720,-0.63990,0.89720,0.00000,0.00000,0,0.00027,-0.63981,-0.68931,0.07546,-0.66824,-0.70678,8,0x00000000,1,-0.62068,-0.61247,0.00409,3.82374,3.67512,8,0x00000000,1,-0.62773,-0.63843,0.00356,2.20868,2.27959,8,0x00000000,1,-0.56009,-0.53766,-0.03881,0.94582,0.83648,8,0x00000000,1,-0.53618,-0.52187,-0.00567,2.01724,1.99112,8,0x00000000,1,-0.65519,-0.66967,0.01264,-1.41145,-1.46274,8,0x00000000,1
38.0214,0.95865,0.59056,-39.78240,0.95865,0.59056,1.00203,0.56425,0.36850,1.37276,-0.63353,0.80851,-0.63353,0.80851,0.00000,0.00000,0,0.00032,-0.63624,-0.66602,0.28118,0.84783,0.67206,8,0x00000000,1,-0.62004,-0.61253,0.00438,3.97621,4.03788,8,0x00000000,1,-0.62776,-0.63851,0.00411,2.18808,2.26314,8,0x00000000,1,-0.56389,-0.53982,-0.01690,1.23659,1.22328,8,0x00000000,1,-0.53972,-0.52224,-0.00134,2.27476,2.26899,8,0x00000000,1,-0.65200,-0.66780,0.03021,-1.61762,-1.79225,8,0x00000000,1
38.1239,0.90995,0.65570,-39.70905,0.90995,0.65570,0.93863,0.63442,0.34104,1.35549,-0.59759,0.72107,-0.59759,0.72107,0.00000,0.00000,0,0.00032,-0.63333,-0.66096,0.02125,-0.12632,-0.14532,8,0x00000000,1,-0.61803,-0.61260,0.00567,3.88805,3.82407,8,0x00000000,1,-0.62643,-0.63852,0.00221,1.92004,2.01125,8,0x00000000,1,-0.56822,-0.54177,-0.01807,1.74677,1.89706,8,0x00000000,1,-0.54398,-0.52338,-0.00432,2.73752,2.82589,8,0x00000000,1,-0.64963,-0.66447,0.05319,-1.66727,-1.42567,8,0x00000000,1
38.2300,0.86631,0.68972,-39.73128,0.86631,0.68972,0.88952,0.67376,0.31505,1.33681,-0.57447,0.66305,-0.57447,0.66305,0.00000,0.00000,0,0.00027,-0.63138,-0.65818,0.03843,-0.36555,-0.31463,8,0x00000000,1,-0.61673,-0.61266,0.00256,3.85046,3.86157,8,0x00000000,1,-0.62559,-0.63851,0.00075,1.66293,1.77894,8,0x00000000,1,-0.57108,-0.54335,-0.01510,2.14157,2.06505,8,0x00000000,1,-0.54679,-0.52660,-0.05718,2.84325,2.84797,8,0x00000000,1,-0.64804,-0.65887,0.04290,-1.54191,-1.56515,8,0x00000000,1
38.3356,0.81922,0.72065,-39.75996,0.81922,0.72065,0.84249,0.70443,0.29039,1.31718,-0.55210,0.61275,-0.55210,0.61275,0.00000,0.00000,0,0.00027,-0.62974,-0.65600,0.02716,-0.64056,-0.56821,8,0x00000000,1,-0.61550,-0.61271,-0.00316,3.80925,3.77895,8,0x00000000,1,-0.62474,-0.63851,-0.00172,1.47779,1.42819,8,0x00000000,1,-0.57360,-0.54507,-0.02278,2.51418,2.43233,8,0x00000000,1,-0.54929,-0.52921,-0.01330,3.12087,3.19064,8,0x00000000,1,-0.64672,-0.65297,0.06874,-1.26945,-1.23283,8,0x00000000,1
38.4351,0.76462,0.75357,-39.76847,0.76462,0.75357,0.79646,0.73250,0.26703,1.29672,-0.52942,0.56422,-0.52942,0.56422,0.00000,0.00000,0,0.00035,-0.62818,-0.65385,0.01586,-0.96788,-0.92218,8,0x00000000,1,-0.61427,-0.61270,0.00286,3.78058,3.66957,8,0x00000000,1,-0.62388,-0.63848,0.00169,1.24933,1.37943,8,0x00000000,1,-0.57606,-0.54680,-0.03158,2.87584,2.87662,8,0x00000000,1,-0.55172,-0.53123,-0.01323,3.42055,3.27765,8,0x00000000,1,-0.64547,-0.64687,0.03836,-1.08006,-1.04141,8,0x00000000,1
38.5392,0.73916,0.76662,-39.78405,0.73916,0.76662,0.75744,0.75519,0.24497,1.27546,-0.51247,0.52027,-0.51247,0.52027,0.00000,0.00000,0,0.00037,-0.62669,-0.65162,0.01871,-1.21225,-1.24802,8,0x00000000,1,-0.61331,-0.61270,0.00261,3.73410,3.58010,8,0x00000000,1,-0.62326,-0.63844,0.00100,1.05211,0.93783,8,0x00000000,1,-0.57822,-0.54922,-0.03112,3.21428,3.29959,8,0x00000000,1,-0.55384,-0.53334,-0.01242,3.66667,3.58604,8,0x00000000,1,-0.64425,-0.64504,-0.00236,-1.16079,-1.17520,8,0x00000000,1
38.6420,0.70894,0.77229,-39.77548,0.70894,0.77229,0.72674,0.76913,0.22384,1.25370,-0.50291,0.48457,-0.50291,0.48457,0.00000,0.00000,0,0.00103,-0.62540,-0.64928,0.02400,-1.45777,-1.46434,8,0x00000000,1,-0.61273,-0.61272,-0.00248,3.71114,3.84435,8,0x00000000,1,-0.62295,-0.63834,0.00498,0.81214,0.82286,8,0x00000000,1,-0.57989,-0.55329,-0.05689,3.29722,3.29411,8,0x00000000,1,-0.55544,-0.53558,-0.02683,3.82659,3.82303,8,0x00000000,1,-0.64315,-0.64437,0.00100,-1.19433,-1.00069,8,0x00000000,1
38.7433,0.62662,0.76046,-39.72895,0.62662,0.76046,0.67226,0.76674,0.20381,1.23177,-0.46844,0.46503,-0.46844,0.46503,0.00000,0.00000,0,0.00026,-0.62528,-0.64432,0.05544,-1.27962,-1.27650,8,0x00000000,1,-0.61106,-0.61272,-0.00660,3.57481,3.67626,8,0x00000000,1,-0.62144,-0.63825,-0.00381,0.53760,0.51866,8,0x00000000,1,-0.58138,-0.56139,-0.06727,3.12794,3.05338,8,0x00000000,1,-0.55708,-0.54259,-0.09307,3.48187,3.54092,8,0x00000000,1,-0.64331,-0.64399,0.00352,-1.16853,-1.17420,8,0x00000000,1
38.8469,0.53834,0.74709,-39.72385,0.53834,0.74709,0.58155,0.75549,0.18606,1.21008,-0.39549,0.45460,-0.39549,0.45460,0.00000,0.00000,0,0.00036,-0.62631,-0.64176,0.00845,-1.41083,-1.43548,8,0x00000000,1,-0.60766,-0.61270,0.00225,3.28083,3.22520,8,0x00000000,1,-0.61814,-0.63787,0.00863,0.08488,-0.18093,8,0x00000000,1,-0.58325,-0.56641,-0.06041,3.19243,3.24795,8,0x00000000,1,-0.55937,-0.54739,-0.02122,3.68511,3.76700,8,0x00000000,1,-0.64482,-0.64394,0.00390,-1.04206,-1.13223,8,0x00000000,1
38.9497,0.48451,0.72561,-39.70886,0.48451,0.72561,0.51680,0.73722,0.17051,1.18882,-0.34629,0.45160,-0.34629,0.45160,0.00000,0.00000,0,0.00033,-0.62717,-0.64068,0.02565,-1.42685,-1.36653,8,0x00000000,1,-0.60538,-0.61270,-0.00487,3.06458,2.97910,8,0x00000000,1,-0.61589,-0.63748,-0.00246,-0.28971,-0.21077,8,0x00000000,1,-0.58434,-0.57111,-0.03423,3.16349,3.12234,8,0x00000000,1,-0.56075,-0.55052,-0.05618,3.59887,3.70125,8,0x00000000,1,-0.64599,-0.64391,0.01089,-0.92514,-0.97429,8,0x00000000,1
39.0478,0.42970,0.70702,-39.71534,0.42970,0.70702,0.46002,0.71667,0.15662,1.16813,-0.30340,0.45146,-0.30340,0.45146,0.00000,0.00000,0,0.00044,-0.62803,-0.63910,0.01744,-1.40446,-1.39678,8,0x00000000,1,-0.60341,-0.61269,-0.00679,2.83243,2.91057,8,0x00000000,1,-0.61393,-0.63697,0.00224,-0.66281,-0.50532,8,0x00000000,1,-0.58519,-0.57322,-0.01427,3.27304,3.15935,8,0x00000000,1,-0.56187,-0.55556,-0.02907,3.49254,3.43638,8,0x00000000,1,-0.64711,-0.64397,-0.00549,-0.86328,-0.87151,8,0x00000000,1
39.1488,0.38810,0.69801,-39.72574,0.38810,0.69801,0.41211,0.70197,0.14427,1.14795,-0.26784,0.44598,-0.26784,0.44598,0.00000,0.00000,0,0.00030,-0.62851,-0.63509,0.09328,-1.00586,-1.02279,8,0x00000000,1,-0.60175,-0.61267,0.00048,2.61570,2.70058,8,0x00000000,1,-0.61232,-0.63614,0.00580,-0.95603,-0.91573,8,0x00000000,1,-0.58612,-0.57455,-0.01481,3.38496,3.40283,8,0x00000000,1,-0.56300,-0.55772,-0.01281,3.55597,3.49012,8,0x00000000,1,-0.64783,-0.64398,0.00332,-0.75924,-0.66715,8,0x00000000,1
39.2492,0.29260,0.76770,-39.60971,0.29260,0.76770,0.34249,0.72650,0.13340,1.12778,-0.20909,0.40127,-0.20909,0.40127,0.00000,0.00000,0,0.00030,-0.62783,-0.62046,0.02607,-0.24836,-0.11012,8,0x00000000,1,-0.59887,-0.61264,-0.00189,2.25373,2.23778,8,0x00000000,1,-0.60979,-0.63446,0.03457,-1.26583,-1.40958,8,0x00000000,1,-0.58913,-0.57580,-0.01180,3.75249,3.86199,8,0x00000000,1,-0.56623,-0.55946,-0.02780,3.71269,3.80048,8,0x00000000,1,-0.64767,-0.64397,0.00550,-0.72854,-0.73207,8,0x00000000,1
39.3555,0.23160,0.70629,-39.60957,0.23160,0.70629,0.27330,0.72997,0.12469,1.10674,-0.14861,0.37677,-0.14861,0.37677,0.00000,0.00000,0,0.00124,-0.62802,-0.61964,0.00293,-0.13710,-0.09023,8,0x00000000,1,-0.59599,-0.61254,-0.00050,1.95709,1.96729,8,0x00000000,1,-0.60710,-0.62761,0.07017,-1.11408,-1.15696,8,0x00000000,1,-0.59134,-0.57730,-0.01975,3.87803,3.86672,8,0x00000000,1,-0.56873,-0.56723,-0.10897,3.16402,3.14184,8,0x00000000,1,-0.64833,-0.64397,0.00657,-0.63493,-0.72228,8,0x00000000,1
39.4578,0.16501,0.64231,-39.61738,0.16501,0.64231,0.19893,0.67823,0.11811,1.08669,-0.08081,0.40846,-0.08081,0.40846,0.00000,0.00000,0,0.00047,-0.63070,-0.61973,0.00001,0.17187,0.02730,8,0x00000000,1,-0.59299,-0.61236,0.00201,1.48797,1.53369,8,0x00000000,1,-0.60388,-0.62083,0.10422,-0.98454,-1.09752,8,0x00000000,1,-0.59136,-0.57805,-0.01171,4.00587,4.09845,8,0x00000000,1,-0.56928,-0.57302,-0.09942,2.80418,2.82063,8,0x00000000,1,-0.65131,-0.64412,-0.00122,-0.33941,-0.39422,8,0x00000000,1
39.5612,0.10046,0.50449,-39.54577,0.10046,0.50449,0.13558,0.58664,0.11336,1.06853,-0.02222,0.48188,-0.02222,0.48188,0.00000,0.00000,0,0.00177,-0.63492,-0.62014,-0.01773,0.54815,0.48423,8,0x00000000,1,-0.59057,-0.61200,0.00541,1.15587,1.16083,8,0x00000000,1,-0.60095,-0.60156,0.02208,-0.29708,-0.13330,8,0x00000000,1,-0.58946,-0.57854,0.00102,3.99447,4.01651,8,0x00000000,1,-0.56801,-0.57921,-0.00568,2.45889,2.38203,8,0x00000000,1,-0.65562,-0.64432,0.00110,0.03769,-0.10899,8,0x00000000,1
39.6598,0.08491,0.48267,-39.53591,0.08491,0.48267,0.08954,0.50490,0.11043,1.05330,0.02088,0.54840,0.02088,0.54840,0.00000,0.00000,0,0.00028,-0.63855,-0.62110,-0.01204,0.93226,1.12606,8,0x00000000,1,-0.58883,-0.61132,0.00706,0.81610,0.77692,8,0x00000000,1,-0.59874,-0.59943,0.00117,-0.36495,-0.34410,8,0x00000000,1,-0.58754,-0.57869,0.00432,3.97563,4.14926,8,0x00000000,1,-0.56659,-0.57934,0.00148,2.19813,2.23090,8,0x00000000,1,-0.65927,-0.64461,-0.00406,0.42709,0.32711,8,0x00000000,1
39.7626,0.07536,0.47848,-39.51653,0.07536,0.47848,0.07573,0.48247,0.10813,1.03932,0.03241,0.55685,0.03241,0.55685,0.00000,0.00000,0,0.00027,-0.63913,-0.62164,-0.00995,1.10028,1.12910,8,0x00000000,1,-0.58834,-0.61090,0.00480,0.55036,0.55349,8,0x00000000,1,-0.59819,-0.59830,0.00612,-0.29662,-0.25322,8,0x00000000,1,-0.58741,-0.57896,-0.00682,4.05465,4.05601,8,0x00000000,1,-0.56657,-0.57932,0.01305,2.08260,2.13848,8,0x00000000,1,-0.65989,-0.64471,0.01274,0.61342,0.63249,8,0x00000000,1
39.8623,0.06736,0.47674,-39.52224,0.06736,0.47674,0.06848,0.47736,0.10608,1.02566,0.03760,0.54830,0.03760,0.54830,0.00000,0.00000,0,0.00121,-0.63888,-0.62210,-0.01026,1.25455,1.22113,8,0x00000000,1,-0.58806,-0.61034,0.00432,0.30670,0.41281,8,0x00000000,1,-0.59798,-0.59804,0.00363,-0.29143,-0.18088,8,0x00000000,1,-0.58787,-0.57920,-0.00041,4.18555,4.10856,8,0x00000000,1,-0.56703,-0.57936,-0.00396,1.93219,1.82720,8,0x00000000,1,-0.65970,-0.64485,0.00564,0.73480,0.76394,8,0x00000000,1
39.9627,0.05911,0.47070,-39.51090,0.05911,0.47070,0.06161,0.47324,0.10423,1.01211,0.04262,0.53888,0.04262,0.53888,0.00000,0.00000,0,0.00031,-0.63859,-0.62258,-0.00225,1.39378,1.40082,8,0x00000000,1,-0.58780,-0.60965,0.01169,0.10700,0.13943,8,0x00000000,1,-0.59778,-0.59795,-0.00409,-0.30114,-0.23132,8,0x00000000,1,-0.58836,-0.57953,0.00307,4.34832,4.36108,8,0x00000000,1,-0.56752,-0.57932,0.00526,1.83142,1.83269,8,0x00000000,1,-0.65948,-0.64504,-0.01280,0.85028,0.90121,8,0x00000000,1
40.0662,0.05676,0.47120,-39.50834,0.05676,0.47120,0.05815,0.47174,0.10254,0.99866,0.04439,0.52692,0.04439,0.52692,0.00000,0.00000,0,0.00030,-0.63813,-0.62326,0.00352,1.52111,1.50738,8,0x00000000,1,-0.58767,-0.60885,0.00814,-0.14027,-0.10327,8,0x00000000,1,-0.59774,-0.59784,0.00296,-0.28487,-0.31772,8,0x00000000,1,-0.58889,-0.57985,-0.00992,4.45598,4.51202,8,0x00000000,1,-0.56802,-0.57933,-0.00015,1.70171,1.77438,8,0x00000000,1,-0.65907,-0.64528,-0.01377,0.98496,0.97421,8,0x00000000,1
40.1679,0.05724,0.47236,-39.51777,0.05724,0.47236,0.05730,0.47217,0.10090,0.98521,0.04359,0.51304,0.04359,0.51304,0.00000,0.00000,0,0.00302,-0.63754,-0.62379,-0.00047,1.58480,1.62716,8,0x00000000,1,-0.58766,-0.60821,0.00412,-0.34494,-0.22494,8,0x00000000,1,-0.59783,-0.59780,0.00328,-0.29326,-0.35677,8,0x00000000,1,-0.58945,-0.58018,0.00384,4.58128,4.62605,8,0x00000000,1,-0.56853,-0.57934,-0.01214,1.61958,1.60762,8,0x00000000,1,-0.65852,-0.64551,-0.01972,1.08486,1.11671,8,0x00000000,1
40.2652,0.05262,0.47170,-39.50486,0.05262,0.47170,0.05438,0.47243,0.09931,0.97175,0.04492,0.49932,0.04492,0.49932,0.00000,0.00000,0,0.00024,-0.63699,-0.62448,-0.01313,1.62625,1.52977,8,0x00000000,1,-0.58754,-0.60727,0.00727,-0.54814,-0.45427,8,0x00000000,1,-0.59781,-0.59779,-0.00142,-0.27592,-0.29521,8,0x00000000,1,-0.59005,-0.58059,-0.00458,4.68263,4.76123,8,0x00000000,1,-0.56909,-0.57931,0.00107,1.51574,1.59724,8,0x00000000,1,-0.65804,-0.64579,-0.01848,1.23010,1.18660,8,0x00000000,1
40.3668,0.04771,0.47078,-39.50547,0.04771,0.47078,0.05036,0.47192,0.09782,0.95829,0.04746,0.48636,0.04746,0.48636,0.00000,0.00000,0,0.00036,-0.63650,-0.62506,-0.01491,1.73116,1.80549,8,0x00000000,1,-0.58738,-0.60639,0.00063,-0.73248,-0.79611,8,0x00000000,1,-0.59774,-0.59772,0.00146,-0.27976,-0.30936,8,0x00000000,1,-0.59064,-0.58096,0.00334,4.80317,4.88123,8,0x00000000,1,-0.56965,-0.57927,0.00627,1.44604,1.42428,8,0x00000000,1,-0.65762,-0.64612,0.00236,1.31554,1.43556,8,0x00000000,1
40.4685,0.04732,0.47211,-39.50768,0.04732,0.47211,0.04865,0.47191,0.09641,0.94484,0.04776,0.47294,0.04776,0.47294,0.00000,0.00000,0,0.00052,-0.63595,-0.62566,-0.00269,1.82762,1.87197,8,0x00000000,1,-0.58731,-0.60574,0.00784,-0.92417,-0.89777,8,0x00000000,1,-0.59777,-0.59769,-0.00051,-0.26029,-0.27041,8,0x00000000,1,-0.59120,-0.58138,0.00150,4.95244,4.99803,8,0x00000000,1,-0.57017,-0.57924,0.00751,1.38557,1.40251,8,0x00000000,1,-0.65712,-0.64650,0.00108,1.42327,1.46206,8,0x00000000,1
40.5686,0.04703,0.47100,-39.49869,-0.95297,0.47100,-0.11576,0.47122,0.05674,0.93140,0.18826,0.46019,0.17250,0.46019,1.00000,0.00000,1,0.00028,-0.63792,-0.62613,-0.00219,1.87533,1.95366,8,0x00000000,1,-0.58152,-0.60494,-0.00179,-1.09561,-1.04285,8,0x00000000,1,-0.59211,-0.59767,-0.00181,-0.28409,-0.32039,8,0x00000000,1,-0.59418,-0.58191,-0.01274,5.04111,5.04907,8,0x00000000,1,-0.57389,-0.57924,-0.00327,1.30030,1.33414,8,0x00000000,1,-0.65991,-0.64687,-0.01457,1.44113,1.51496,8,0x00000000,1
40.6674,-0.00730,0.01570,-39.47768,-1.00730,0.01570,-0.81395,0.33615,0.06049,0.91870,0.87444,0.58255,0.87444,0.58255,1.00000,0.00000,0,0.00041,-0.65703,-0.63537,-0.12581,2.70990,2.66043,8,0x00000000,1,-0.54966,-0.56111,0.34294,-0.48399,-0.27360,8,0x00000000,1,-0.55961,-0.56482,-0.00220,-1.28175,-0.61827,8,0x00000000,1,-0.60284,-0.58561,-0.00928,6.01257,6.03136,8,0x00000000,1,-0.58753,-0.58100,-0.00951,2.65481,2.70779,8,0x00000000,1,-0.68299,-0.65921,-0.11481,2.54691,2.48508,8,0x00000000,1
40.7696,0.03477,-0.18807,-39.62931,-0.96523,-0.18807,-0.96342,-0.04998,0.08672,0.91565,1.05014,0.96563,1.05014,0.96563,1.00000,0.00000,0,0.00115,-0.67652,-0.64720,-0.08921,3.70625,3.65953,8,0x00000000,1,-0.54292,-0.54075,0.01751,-0.14749,-0.18792,8,0x00000000,1,-0.55040,-0.56129,0.07405,-1.23441,-1.28003,8,0x00000000,1,-0.59034,-0.58600,-0.00074,4.88492,5.14208,8,0x00000000,1,-0.57754,-0.58085,-0.00534,1.62522,1.74482,8,0x00000000,1,-0.70210,-0.67160,-0.04632,3.51449,3.48256,8,0x00000000,1
40.8736,0.03288,-0.28628,-39.54512,-0.96712,-0.28628,-0.97147,-0.22192,0.11437,0.91994,1.08584,1.14186,1.08584,1.14186,1.00000,0.00000,0,0.00127,-0.68460,-0.65431,-0.05399,4.15361,4.20252,8,0x00000000,1,-0.54189,-0.54032,0.00533,-0.06576,0.05759,8,0x00000000,1,-0.54823,-0.55331,0.04592,-0.82078,-0.75640,8,0x00000000,1,-0.58372,-0.58587,0.00653,4.55017,4.41975,8,0x00000000,1,-0.57177,-0.58070,0.00400,1.15208,1.16819,8,0x00000000,1,-0.70969,-0.67506,-0.03033,4.08223,4.16888,8,0x00000000,1
40.9747,0.05913,-0.37098,-39.51395,-0.94087,-0.37098,-0.95005,-0.31449,0.14168,0.92768,1.09174,1.24217,1.09174,1.24217,1.00000,0.00000,0,0.00028,-0.68891,-0.65688,-0.02672,4.54499,4.57847,8,0x00000000,1,-0.54197,-0.54032,0.00545,-0.02020,-0.05073,8,0x00000000,1,-0.54765,-0.54328,0.10136,0.00174,-0.20114,8,0x00000000,1,-0.57967,-0.58579,-0.00621,4.28264,4.48610,8,0x00000000,1,-0.56811,-0.58060,-0.00538,0.84767,0.94553,8,0x00000000,1,-0.71363,-0.67781,-0.03205,4.44407,4.54957,8,0x00000000,1
41.0790,0.07752,-0.40413,-39.48502,-0.92248,-0.40413,-0.93671,-0.38423,0.16866,0.93788,1.10537,1.32210,1.10537,1.32210,1.00000,0.00000,0,0.00027,-0.69253,-0.65991,-0.02043,5.06306,5.15613,8,0x00000000,1,-0.54162,-0.54033,-0.00265,-0.05457,-0.06569,8,0x00000000,1,-0.54678,-0.54136,-0.00195,-0.15181,-0.20791,8,0x00000000,1,-0.57662,-0.58563,0.00656,4.04395,3.91265,8,0x00000000,1,-0.56542,-0.58039,0.00521,0.52996,0.69949,8,0x00000000,1,-0.71701,-0.68089,-0.03447,4.97299,5.02810,8,0x00000000,1
41.1810,0.10511,-0.42545,-39.47548,-0.89489,-0.42545,-0.91316,-0.41292,0.19499,0.94929,1.10815,1.36221,1.10815,1.36221,1.00000,0.00000,0,0.00026,-0.69426,-0.66209,-0.02360,5.35339,5.46346,8,0x00000000,1,-0.54163,-0.54033,-0.00033,-0.02972,-0.09570,8,0x00000000,1,-0.54653,-0.54127,0.00269,-0.09569,-0.09398,8,0x00000000,1,-0.57500,-0.58555,0.00066,3.81450,3.83936,8,0x00000000,1,-0.56396,-0.58027,0.00867,0.29550,0.25024,8,0x00000000,1,-0.71860,-0.68505,-0.06313,5.07492,5.19691,8,0x00000000,1
41.2841,0.16130,-0.45713,-39.45008,-0.83870,-0.45713,-0.87021,-0.43721,0.22044,0.96138,1.09065,1.39858,1.09065,1.39858,1.00000,0.00000,0,0.00028,-0.69543,-0.66439,-0.02631,5.64840,5.76374,8,0x00000000,1,-0.54256,-0.54031,0.00926,0.10376,0.02196,8,0x00000000,1,-0.54722,-0.54129,-0.00644,0.01974,0.03584,8,0x00000000,1,-0.57316,-0.58534,0.01375,3.58943,3.77777,8,0x00000000,1,-0.56212,-0.58008,-0.00252,-0.04889,-0.05210,8,0x00000000,1,-0.71951,-0.69239,-0.10884,4.91664,5.05749,8,0x00000000,1
41.3880,0.28418,-0.53478,-39.38415,-0.71582,-0.53478,-0.78946,-0.49240,0.24422,0.97456,1.03368,1.46696,1.03368,1.46696,1.00000,0.00000,0,0.00041,-0.69716,-0.66960,-0.08666,5.58668,5.67133,8,0x00000000,1,-0.54544,-0.54035,-0.00496,0.27750,0.25969,8,0x00000000,1,-0.54959,-0.54133,-0.00228,0.25507,0.20483,8,0x00000000,1,-0.56921,-0.58501,0.00248,3.14708,2.94490,8,0x00000000,1,-0.55803,-0.57972,0.01167,-0.49922,-0.28598,8,0x00000000,1,-0.72059,-0.70980,-0.08960,4.08992,4.07236,8,0x00000000,1
41.4910,0.34773,-0.58275,-39.39256,-0.65227,-0.58275,-0.69329,-0.55155,0.26512,0.98950,0.95840,1.54105,0.95840,1.54105,1.00000,0.00000,0,0.00064,-0.69875,-0.67728,-0.10597,5.44992,5.23697,8,0x00000000,1,-0.54918,-0.54040,-0.00484,0.65258,0.62239,8,0x00000000,1,-0.55278,-0.54165,0.00275,0.62249,0.50963,8,0x00000000,1,-0.56468,-0.58432,0.00212,2.69599,2.54339,8,0x00000000,1,-0.55323,-0.57899,-0.00656,-1.17536,-1.04002,8,0x00000000,1,-0.72140,-0.71283,-0.00987,4.28663,4.32485,8,0x00000000,1
41.5935,0.41327,-0.63482,-39.44925,-0.58673,-0.63482,-0.62572,-0.60073,0.28388,1.00593,0.90960,1.60666,0.90960,1.60666,1.00000,0.00000,0,0.00043,-0.70052,-0.68930,-0.10923,4.92848,5.11061,8,0x00000000,1,-0.55167,-0.54055,-0.00262,0.90824,0.84005,8,0x00000000,1,-0.55479,-0.54193,-0.00617,0.83510,0.78684,8,0x00000000,1,-0.56101,-0.58357,0.00725,2.27845,2.24102,8,0x00000000,1,-0.54946,-0.57828,0.03153,-1.53169,-1.56979,8,0x00000000,1,-0.72259,-0.71440,-0.00470,4.35780,4.44161,8,0x00000000,1
41.6924,0.46493,-0.66319,-39.48258,-0.53507,-0.66319,-0.56498,-0.64956,0.30075,1.02387,0.86573,1.67342,0.86573,1.67342,1.00000,0.00000,0,0.00028,-0.70244,-0.69502,-0.01294,5.09913,5.01038,8,0x00000000,1,-0.55394,-0.54109,-0.01164,1.14250,1.04476,8,0x00000000,1,-0.55656,-0.54224,-0.00503,1.08999,0.98839,8,0x00000000,1,-0.55739,-0.58242,0.02021,1.85304,1.87059,8,0x00000000,1,-0.54577,-0.57022,0.06744,-1.44219,-1.43779,8,0x00000000,1,-0.72396,-0.71580,-0.00757,4.45752,4.46379,8,0x00000000,1
41.7954,0.50592,-0.67356,-39.46074,-0.49408,-0.67356,-0.51537,-0.66777,0.31604,1.04270,0.83141,1.71047,0.83141,1.71047,1.00000,0.00000,0,0.00028,-0.70330,-0.69680,0.00704,5.14707,5.19204,8,0x00000000,1,-0.55567,-0.54187,-0.00070,1.38877,1.29512,8,0x00000000,1,-0.55800,-0.54266,-0.00381,1.34612,1.32289,8,0x00000000,1,-0.55519,-0.58118,0.00312,1.43802,1.46468,8,0x00000000,1,-0.54346,-0.56533,0.06468,-1.55525,-1.56199,8,0x00000000,1,-0.72445,-0.71729,-0.01815,4.47901,4.36560,8,0x00000000,1
41.8982,0.58988,-0.66721,-39.39901,-0.41012,-0.66721,-0.45184,-0.66902,0.32991,1.06177,0.78175,1.73079,0.78175,1.73079,1.00000,0.00000,0,0.00036,-0.70316,-0.69815,-0.00659,5.02082,5.28632,8,0x00000000,1,-0.55804,-0.54271,-0.01634,1.62329,1.58456,8,0x00000000,1,-0.56019,-0.54317,-0.01550,1.60463,1.75006,8,0x00000000,1,-0.55339,-0.58014,0.01213,1.14769,1.22897,8,0x00000000,1,-0.54139,-0.55390,0.03235,-1.21604,-1.32809,8,0x00000000,1,-0.72391,-0.71878,-0.01836,4.36793,4.47694,8,0x00000000,1
42.0044,0.63669,-0.66165,-39.36415,-0.36331,-0.66165,-0.39916,-0.66593,0.34196,1.08081,0.74112,1.74674,0.74112,1.74674,1.00000,0.00000,0,0.00169,-0.70301,-0.69934,-0.01121,5.03132,4.90449,8,0x00000000,1,-0.55998,-0.54389,-0.01203,1.85027,1.85294,8,0x00000000,1,-0.56198,-0.54401,-0.00895,1.90769,1.82241,8,0x00000000,1,-0.55194,-0.57927,0.00241,0.70834,0.77731,8,0x00000000,1,-0.53972,-0.54766,0.09860,-0.85900,-0.98700,8,0x00000000,1,-0.72345,-0.71962,-0.00882,4.41070,4.26889,8,0x00000000,1
42.1032,0.66434,-0.65882,-39.31818,-0.33566,-0.65882,-0.35135,-0.66048,0.35252,1.09969,0.70387,1.76017,0.70387,1.76017,1.00000,0.00000,0,0.00083,-0.70283,-0.70002,-0.00500,5.01996,5.05297,8,0x00000000,1,-0.56176,-0.54508,-0.01099,2.11707,2.06211,8,0x00000000,1,-0.56363,-0.54482,-0.00576,2.19519,2.24014,8,0x00000000,1,-0.55066,-0.57829,0.01101,0.34723,0.38724,8,0x00000000,1,-0.53823,-0.54440,0.02362,-1.03369,-1.06906,8,0x00000000,1,-0.72297,-0.72031,-0.00102,4.34604,4.35443,8,0x00000000,1
42.2024,0.67953,-0.65694,-39.31517,-0.32047,-0.65694,-0.32747,-0.65660,0.36213,1.11844,0.68960,1.77504,0.68960,1.77504,1.00000,0.00000,0,0.00068,-0.70316,-0.70058,-0.00830,5.08299,5.01229,8,0x00000000,1,-0.56247,-0.54610,-0.01774,2.23756,2.16130,8,0x00000000,1,-0.56423,-0.54592,-0.01523,2.31414,2.20863,8,0x00000000,1,-0.54977,-0.57734,0.01165,0.07973,0.08505,8,0x00000000,1,-0.53729,-0.54304,0.01187,-1.12525,-1.04891,8,0x00000000,1,-0.72316,-0.72099,-0.00737,4.32855,4.49179,8,0x00000000,1
42.3014,0.68938,-0.65628,-39.31717,-0.31062,-0.65628,-0.31757,-0.65698,0.37131,1.13717,0.68888,1.79415,0.68888,1.79415,1.00000,0.00000,0,0.00051,-0.70395,-0.70107,-0.00314,5.10925,4.91249,8,0x00000000,1,-0.56257,-0.54706,-0.01011,2.38126,2.52016,8,0x00000000,1,-0.56420,-0.54722,-0.01114,2.48046,2.42529,8,0x00000000,1,-0.54896,-0.57631,0.01166,-0.23659,-0.20200,8,0x00000000,1,-0.53654,-0.54102,0.03693,-1.01586,-0.99282,8,0x00000000,1,-0.72386,-0.72199,-0.01620,4.34012,4.33598,8,0x00000000,1
42.4056,0.77692,-0.64455,-39.20790,-0.22308,-0.64455,-0.27070,-0.64479,0.37990,1.15575,0.65060,1.80054,0.65060,1.80054,1.00000,0.00000,0,0.00039,-0.70345,-0.70151,0.00614,5.03845,5.20424,8,0x00000000,1,-0.56437,-0.54833,-0.01044,2.67892,2.45706,8,0x00000000,1,-0.56591,-0.54881,-0.02689,2.62876,2.51139,8,0x00000000,1,-0.54795,-0.57487,0.02158,-0.50655,-0.46646,8,0x00000000,1,-0.53530,-0.53010,0.05714,-0.29999,-0.60285,8,0x00000000,1,-0.72310,-0.72387,-0.01534,4.12093,4.52336,8,0x00000000,1
42.5071,0.80481,-0.60024,-39.23948,-0.19519,-0.60024,-0.21731,-0.62169,0.38669,1.17386,0.60400,1.79555,0.60400,1.79555,1.00000,0.00000,0,0.00056,-0.70231,-0.70188,-0.00868,4.97822,5.14645,8,0x00000000,1,-0.56652,-0.55197,-0.02869,2.66778,2.63856,8,0x00000000,1,-0.56804,-0.55613,-0.08894,2.31543,2.27719,8,0x00000000,1,-0.54725,-0.57342,0.00332,-0.88583,-0.90859,8,0x00000000,1,-0.53427,-0.52839,0.01387,-0.32387,-0.31152,8,0x00000000,1,-0.72169,-0.72729,-0.03242,3.74165,3.85956,8,0x00000000,1
42.6093,0.84452,-0.54617,-39.26070,-0.15548,-0.54617,-0.17412,-0.57340,0.39221,1.19086,0.56632,1.76426,0.56632,1.76426,1.00000,0.00000,0,0.00031,-0.70024,-0.70203,-0.00817,4.76405,4.84428,8,0x00000000,1,-0.56815,-0.55418,-0.02913,2.81419,2.76715,8,0x00000000,1,-0.56985,-0.56452,-0.04917,2.07981,2.03502,8,0x00000000,1,-0.54781,-0.57246,0.00646,-1.03347,-1.03302,8,0x00000000,1,-0.53448,-0.52774,-0.00017,-0.18774,-0.32656,8,0x00000000,1,-0.71952,-0.72983,-0.00849,3.37648,3.87058,8,0x00000000,1
42.7099,0.85667,-0.52207,-39.26050,-0.14333,-0.52207,-0.14953,-0.53750,0.39676,1.20662,0.54628,1.74412,0.54628,1.74412,1.00000,0.00000,0,0.00102,-0.69899,-0.70201,0.00965,4.75756,4.84005,8,0x00000000,1,-0.56900,-0.55594,-0.00619,2.95437,2.80612,8,0x00000000,1,-0.57082,-0.56696,-0.00801,2.14886,2.15783,8,0x00000000,1,-0.54826,-0.57153,0.01950,-1.21928,-1.26903,8,0x00000000,1,-0.53473,-0.52772,0.00926,-0.07916,-0.01963,8,0x00000000,1,-0.71823,-0.73040,-0.00521,3.14750,3.11141,8,0x00000000,1
42.8107,0.86736,-0.50929,-39.26355,-0.13264,-0.50929,-0.13957,-0.51713,0.40088,1.22159,0.54045,1.73872,0.54045,1.73872,1.00000,0.00000,0,0.00030,-0.69865,-0.70205,-0.00822,4.63585,4.52311,8,0x00000000,1,-0.56925,-0.55758,-0.02208,2.98624,2.92768,8,0x00000000,1,-0.57110,-0.56760,-0.00069,2.16431,2.01811,8,0x00000000,1,-0.54836,-0.57052,0.00634,-1.41812,-1.29594,8,0x00000000,1,-0.53478,-0.52775,-0.00310,-0.01285,-0.05956,8,0x00000000,1,-0.71788,-0.73060,-0.00510,2.97685,3.04489,8,0x00000000,1
42.9129,0.87209,-0.49897,-39.25890,-0.12791,-0.49897,-0.13198,-0.50526,0.40473,1.23615,0.53671,1.74141,0.53671,1.74141,1.00000,0.00000,0,0.00025,-0.69869,-0.70205,-0.00178,4.65585,4.73468,8,0x00000000,1,-0.56944,-0.55906,-0.02683,3.00666,3.14209,8,0x00000000,1,-0.57126,-0.56787,-0.00810,2.18815,2.30460,8,0x00000000,1,-0.54818,-0.56889,0.01975,-1.58181,-1.64191,8,0x00000000,1,-0.53458,-0.52774,-0.00054,0.06301,0.00105,8,0x00000000,1,-0.71788,-0.73063,-0.00354,2.81608,2.71936,8,0x00000000,1
43.0176,0.87909,-0.48473,-39.25423,-0.12091,-0.48473,-0.12544,-0.49284,0.40840,1.25037,0.53384,1.74321,0.53384,1.74321,1.00000,0.00000,0,0.00040,-0.69871,-0.70204,-0.00243,4.61593,4.48135,8,0x00000000,1,-0.56958,-0.56256,-0.05658,2.80270,2.88998,8,0x00000000,1,-0.57139,-0.56806,-0.00288,2.23432,2.30906,8,0x00000000,1,-0.54805,-0.56679,0.02028,-1.70847,-1.58694,8,0x00000000,1,-0.53444,-0.52773,0.00872,0.14721,0.11960,8,0x00000000,1,-0.71787,-0.73064,-0.00845,2.66087,2.71840,8,0x00000000,1
43.1229,0.89054,-0.45499,-39.25617,-0.10946,-0.45499,-0.11549,-0.47020,0.41183,1.26410,0.52732,1.73430,0.52732,1.73430,1.00000,0.00000,0,0.00039,-0.69820,-0.70205,-0.00748,4.48444,4.55324,8,0x00000000,1,-0.56985,-0.56569,-0.01513,2.79896,2.83401,8,0x00000000,1,-0.57171,-0.56827,-0.00123,2.28007,2.43878,8,0x00000000,1,-0.54829,-0.56330,0.03707,-1.62636,-1.53611,8,0x00000000,1,-0.53461,-0.52775,0.00061,0.24306,0.21614,8,0x00000000,1,-0.71736,-0.73061,-0.00490,2.49483,2.93785,8,0x00000000,1
43.2287,0.89994,-0.43502,-39.25623,-0.10006,-0.43502,-0.10485,-0.44529,0.41495,1.27710,0.51980,1.72238,0.51980,1.72238,1.00000,0.00000,0,0.00031,-0.69755,-0.70203,-0.00837,4.38719,4.44123,8,0x00000000,1,-0.57015,-0.56765,-0.01821,2.75298,2.74259,8,0x00000000,1,-0.57209,-0.56852,-0.00079,2.36638,2.32498,8,0x00000000,1,-0.54864,-0.56137,0.01635,-1.68162,-1.67581,8,0x00000000,1,-0.53486,-0.52772,0.01058,0.36706,0.29796,8,0x00000000,1,-0.71672,-0.73059,-0.00565,2.24361,2.34016,8,0x00000000,1
43.3308,0.90775,-0.41847,-39.25124,-0.09225,-0.41847,-0.09680,-0.42794,0.41781,1.28952,0.51462,1.71746,0.51462,1.71746,1.00000,0.00000,0,0.00027,-0.69724,-0.70203,-0.00398,4.30249,4.31274,8,0x00000000,1,-0.57037,-0.56909,-0.01192,2.69247,2.61037,8,0x00000000,1,-0.57234,-0.56869,-0.00097,2.38626,2.34054,8,0x00000000,1,-0.54874,-0.55977,0.01856,-1.74079,-1.81841,8,0x00000000,1,-0.53492,-0.52773,0.00706,0.43778,0.52786,8,0x00000000,1,-0.71640,-0.73056,-0.00291,2.05020,2.05257,8,0x00000000,1
43.4339,0.92307,-0.40029,-39.26008,-0.07693,-0.40029,-0.08528,-0.40920,0.42042,1.30143,0.50569,1.71063,0.50569,1.71063,1.00000,0.00000,0,0.00042,-0.69678,-0.70199,0.00409,4.25695,4.10591,8,0x00000000,1,-0.57076,-0.57016,-0.01202,2.65493,2.59474,8,0x00000000,1,-0.57277,-0.56891,-0.00202,2.45273,2.41579,8,0x00000000,1,-0.54885,-0.55667,0.04613,-1.54826,-1.59632,8,0x00000000,1,-0.53494,-0.52774,0.00029,0.50588,0.59772,8,0x00000000,1,-0.71590,-0.73053,0.00756,1.86412,1.71483,8,0x00000000,1
43.5355,0.98217,-0.36299,-39.32367,-0.01783,-0.36299,-0.05405,-0.38690,0.42250,1.31281,0.47654,1.69972,0.47654,1.69972,1.00000,0.00000,0,0.00038,-0.69573,-0.70198,-0.00140,4.12895,4.05622,8,0x00000000,1,-0.57207,-0.57088,-0.00846,2.74229,2.77021,8,0x00000000,1,-0.57413,-0.56919,-0.00814,2.52252,2.52528,8,0x00000000,1,-0.54873,-0.54574,0.09582,-0.75877,-0.80058,8,0x00000000,1,-0.53460,-0.52775,-0.00069,0.55535,0.48804,8,0x00000000,1,-0.71473,-0.73050,-0.00108,1.61358,1.62028,8,0x00000000,1
43.6334,1.01007,-0.31785,-39.35292,1.01007,-0.31785,0.70395,-0.34855,0.47584,1.32324,-0.22811,1.67178,-0.22811,1.67178,0.00000,0.00000,0,0.00028,-0.68040,-0.70142,-0.00040,2.76239,2.56461,8,0x00000000,1,-0.60465,-0.57846,-0.24478,4.29891,4.49337,8,0x00000000,1,-0.60621,-0.57543,-0.25275,4.25797,4.32105,8,0x00000000,1,-0.53614,-0.53989,0.15210,-1.24127,-1.33364,8,0x00000000,1,-0.51732,-0.52746,0.06596,-0.63448,-0.50855,8,0x00000000,1,-0.69523,-0.72996,0.00776,-0.17652,0.16852,8,0x00000000,1
43.7356,1.17826,0.16368,-39.43291,1.17826,0.16368,1.05902,-0.04824,0.44979,1.32943,-0.60923,1.37767,-0.60923,1.37767,0.00000,0.00000,0,0.00026,-0.66044,-0.70013,0.03409,1.36658,1.35186,8,0x00000000,1,-0.62117,-0.60726,-0.15583,3.71429,3.76032,8,0x00000000,1,-0.62459,-0.60637,-0.19524,3.55217,3.58417,8,0x00000000,1,-0.54082,-0.53232,-0.00258,-0.65210,-0.58928,8,0x00000000,1,-0.51865,-0.51904,-0.00038,-0.01231,-0.09194,8,0x00000000,1,-0.67417,-0.72682,0.14535,-1.34849,-1.37775,8,0x00000000,1
43.8386,1.17355,0.31729,-39.42759,1.17355,0.31729,1.15461,0.21322,0.41774,1.32638,-0.73687,1.11316,-0.73687,1.11316,0.00000,0.00000,0,0.00110,-0.64684,-0.69705,0.04241,0.15809,0.35490,8,0x00000000,1,-0.62603,-0.61175,-0.01847,4.11707,3.98509,8,0x00000000,1,-0.63137,-0.61691,-0.17299,3.37785,3.42587,8,0x00000000,1,-0.54925,-0.53304,-0.00345,0.13518,0.14670,8,0x00000000,1,-0.52544,-0.51907,-0.00497,0.64431,0.63929,8,0x00000000,1,-0.66084,-0.70967,0.04558,-1.90807,-1.90608,8,0x00000000,1
43.9417,1.19234,0.46621,-39.56977,1.19234,0.46621,1.18334,0.38386,0.38436,1.31764,-0.79897,0.93378,-0.79897,0.93378,0.00000,0.00000,0,0.00174,-0.63813,-0.69134,0.05801,-0.64723,-0.50877,8,0x00000000,1,-0.62819,-0.61272,-0.01437,4.29115,4.40430,8,0x00000000,1,-0.63487,-0.63658,-0.11667,2.49124,2.56567,8,0x00000000,1,-0.55545,-0.53409,-0.02252,0.61715,0.47084,8,0x00000000,1,-0.53067,-0.51924,0.00871,1.14193,0.98627,8,0x00000000,1,-0.65243,-0.70224,0.12266,-2.29557,-2.27560,8,0x00000000,1
44.0408,1.02309,0.60041,-39.77637,1.02309,0.60041,1.12594,0.52565,0.35096,1.30457,-0.77498,0.77892,-0.77498,0.77892,0.00000,0.00000,0,0.00028,-0.63217,-0.67532,0.56044,0.98239,0.26288,8,0x00000000,1,-0.62645,-0.61358,-0.00115,4.39892,4.43330,8,0x00000000,1,-0.63434,-0.63944,-0.00296,2.59666,2.51527,8,0x00000000,1,-0.56233,-0.53623,-0.03034,1.10745,1.08316,8,0x00000000,1,-0.53719,-0.51971,0.00444,1.53511,1.59467,8,0x00000000,1,-0.64719,-0.67097,0.01681,-1.30676,-1.01596,8,0x00000000,1
44.1438,0.97545,0.68146,-39.66769,0.97545,0.68146,1.00358,0.63228,0.32108,1.28807,-0.68249,0.65579,-0.68249,0.65579,0.00000,0.00000,0,0.00044,-0.62891,-0.66069,0.03714,-0.12205,-0.07587,8,0x00000000,1,-0.62169,-0.61365,-0.01099,4.03669,4.12251,8,0x00000000,1,-0.63056,-0.63945,-0.00568,2.03922,1.91934,8,0x00000000,1,-0.56925,-0.53996,-0.03275,1.81416,1.79608,8,0x00000000,1,-0.54427,-0.52091,-0.01445,2.28507,2.33304,8,0x00000000,1,-0.64494,-0.66975,0.02866,-1.52435,-1.45600,8,0x00000000,1
44.2463,0.92419,0.70529,-39.67684,0.92419,0.70529,0.94860,0.67835,0.29333,1.26934,-0.65526,0.59099,-0.65526,0.59099,0.00000,0.00000,0,0.00033,-0.62676,-0.65784,0.02783,-0.40024,-0.38346,8,0x00000000,1,-0.62018,-0.61372,0.00144,4.10670,4.19570,8,0x00000000,1,-0.62955,-0.63943,0.00280,1.97081,1.95191,8,0x00000000,1,-0.57247,-0.54188,-0.01252,2.19968,2.17484,8,0x00000000,1,-0.54745,-0.52173,-0.01156,2.60263,2.67294,8,0x00000000,1,-0.64320,-0.66731,0.01324,-1.77941,-1.76595,8,0x00000000,1
44.3530,0.88698,0.72332,-39.69672,0.88698,0.72332,0.91440,0.70417,0.26674,1.24963,-0.64766,0.54546,-0.64766,0.54546,0.00000,0.00000,0,0.00041,-0.62503,-0.65505,0.00718,-0.81477,-0.79332,8,0x00000000,1,-0.61965,-0.61385,-0.00142,4.14329,4.27915,8,0x00000000,1,-0.62936,-0.63944,0.00351,1.84447,1.90477,8,0x00000000,1,-0.57451,-0.54348,-0.01474,2.53260,2.56152,8,0x00000000,1,-0.54938,-0.52316,-0.02133,2.95875,2.85995,8,0x00000000,1,-0.64167,-0.66154,0.06167,-1.68822,-1.82126,8,0x00000000,1
44.4557,0.82846,0.75421,-39.72547,0.82846,0.75421,0.86321,0.73620,0.24144,1.22906,-0.62178,0.49286,-0.62178,0.49286,0.00000,0.00000,0,0.00039,-0.62336,-0.65273,0.01497,-1.11755,-1.19593,8,0x00000000,1,-0.61824,-0.61396,-0.00617,4.10806,4.22630,8,0x00000000,1,-0.62837,-0.63944,-0.00777,1.61700,1.18958,8,0x00000000,1,-0.57721,-0.54551,-0.02113,3.00426,2.96494,8,0x00000000,1,-0.55205,-0.52628,-0.04732,3.15206,3.15429,8,0x00000000,1,-0.64036,-0.65449,0.06631,-1.49107,-1.51560,8,0x00000000,1
44.5565,0.76358,0.78847,-39.76348,0.76358,0.78847,0.80125,0.76952,0.21774,1.20756,-0.58351,0.43804,-0.58351,0.43804,0.00000,0.00000,0,0.00046,-0.62185,-0.65042,0.02101,-1.42302,-1.31073,8,0x00000000,1,-0.61626,-0.61397,-0.00132,3.99612,3.91647,8,0x00000000,1,-0.62681,-0.63939,0.00190,1.40142,1.36669,8,0x00000000,1,-0.58023,-0.54783,-0.03003,3.43286,3.62384,8,0x00000000,1,-0.55513,-0.53057,-0.03142,3.42166,3.27745,8,0x00000000,1,-0.63928,-0.64668,0.05996,-1.14698,-1.18764,8,0x00000000,1
44.6583,0.70465,0.80215,-39.75538,0.70465,0.80215,0.73717,0.79427,0.19589,1.18522,-0.54128,0.39095,-0.54128,0.39095,0.00000,0.00000,0,0.00034,-0.62074,-0.64495,0.08036,-1.26621,-1.29267,8,0x00000000,1,-0.61413,-0.61398,-0.00336,3.85957,3.77094,8,0x00000000,1,-0.62505,-0.63930,-0.00154,1.10790,1.19243,8,0x00000000,1,-0.58302,-0.55255,-0.07624,3.54140,3.37956,8,0x00000000,1,-0.55802,-0.53356,-0.02261,3.79733,3.74335,8,0x00000000,1,-0.63860,-0.64435,0.00339,-1.29402,-1.27881,8,0x00000000,1
44.7653,0.60851,0.80551,-39.69116,0.60851,0.80551,0.65781,0.80586,0.17601,1.16237,-0.48180,0.35651,-0.48180,0.35651,0.00000,0.00000,0,0.00239,-0.62051,-0.64035,0.02791,-1.43259,-1.36166,8,0x00000000,1,-0.61125,-0.61398,-0.00492,3.72551,3.79114,8,0x00000000,1,-0.62244,-0.63915,-0.00241,0.73207,0.81331,8,0x00000000,1,-0.58562,-0.56261,-0.07196,3.39284,3.36866,8,0x00000000,1,-0.56087,-0.53787,-0.07539,3.80344,3.76251,8,0x00000000,1,-0.63885,-0.64362,0.01568,-1.28641,-1.42422,8,0x00000000,1
44.8633,0.48946,0.77155,-39.68845,0.48946,0.77155,0.55440,0.78556,0.15874,1.13965,-0.39565,0.35410,-0.39565,0.35410,0.00000,0.00000,0,0.00030,-0.62213,-0.63715,0.05096,-1.19830,-1.35387,8,0x00000000,1,-0.60728,-0.61397,-0.00081,3.39779,3.40250,8,0x00000000,1,-0.61850,-0.63890,0.00072,0.22691,0.24503,8,0x00000000,1,-0.58742,-0.56947,-0.06028,3.36030,3.31354,8,0x00000000,1,-0.56319,-0.54696,-0.04422,3.69398,3.79935,8,0x00000000,1,-0.64101,-0.64342,0.00598,-1.13276,-1.21663,8,0x00000000,1
44.9654,0.35433,0.80301,-39.59288,0.35433,0.80301,0.44078,0.77821,0.14460,1.11750,-0.29618,0.33929,-0.29618,0.33929,0.00000,0.00000,0,0.00037,-0.62351,-0.62121,0.05500,-0.12898,-0.02270,8,0x00000000,1,-0.60264,-0.61393,0.00295,3.00325,2.98002,8,0x00000000,1,-0.61400,-0.63832,0.00566,-0.22422,-0.07719,8,0x00000000,1,-0.58999,-0.57377,-0.01884,3.55621,3.60145,8,0x00000000,1,-0.56633,-0.55105,-0.06482,3.69210,3.70272,8,0x00000000,1,-0.64305,-0.64344,-0.00522,-1.04931,-1.06273,8,0x00000000,1
45.0684,0.26732,0.79224,-39.59668,0.26732,0.79224,0.31957,0.79755,0.13395,1.09481,-0.18562,0.29727,-0.18562,0.29727,0.00000,0.00000,0,0.00036,-0.62398,-0.62009,0.01797,-0.17482,-0.21439,8,0x00000000,1,-0.59739,-0.61382,0.00929,2.42215,2.44948,8,0x00000000,1,-0.60907,-0.63744,0.01181,-0.80205,-0.84445,8,0x00000000,1,-0.59392,-0.57635,-0.01890,3.82024,3.67106,8,0x00000000,1,-0.57080,-0.55858,-0.03737,3.79278,3.88540,8,0x00000000,1,-0.64435,-0.64341,0.00744,-0.95311,-1.11547,8,0x00000000,1
45.1678,0.21889,0.76806,-39.63466,0.21889,0.76806,0.25291,0.78167,0.12590,1.07228,-0.12701,0.29062,-0.12701,0.29062,0.00000,0.00000,0,0.00040,-0.62487,-0.62017,-0.01339,-0.05523,-0.12280,8,0x00000000,1,-0.59467,-0.61374,-0.00689,2.02778,2.13865,8,0x00000000,1,-0.60641,-0.63610,0.02024,-1.18879,-1.19104,8,0x00000000,1,-0.59535,-0.57781,-0.01450,4.04918,4.04423,8,0x00000000,1,-0.57257,-0.56662,-0.12003,3.26404,3.25869,8,0x00000000,1,-0.64563,-0.64345,-0.00890,-0.89158,-0.95660,8,0x00000000,1
45.2682,0.14008,0.71607,-39.67849,0.14008,0.71607,0.17957,0.74689,0.11979,1.05047,-0.05978,0.30358,-0.05978,0.30358,0.00000,0.00000,0,0.00041,-0.62676,-0.62017,0.00659,0.14032,0.08710,8,0x00000000,1,-0.59162,-0.61342,0.00607,1.64630,1.54728,8,0x00000000,1,-0.60328,-0.63030,0.09932,-1.15192,-1.32430,8,0x00000000,1,-0.59613,-0.57874,-0.00416,4.26194,4.08777,8,0x00000000,1,-0.57382,-0.57509,-0.10775,2.86720,2.87675,8,0x00000000,1,-0.64789,-0.64349,-0.00077,-0.68672,-0.69287,8,0x00000000,1
45.3707,0.06819,0.63855,-39.66226,0.06819,0.63855,0.10304,0.67960,0.11584,1.03018,0.01280,0.35058,0.01280,0.35058,0.00000,0.00000,0,0.00092,-0.63016,-0.62042,-0.01443,0.43528,0.32215,8,0x00000000,1,-0.58846,-0.61270,-0.00259,1.19799,1.19549,8,0x00000000,1,-0.59979,-0.62240,0.11913,-1.08980,-1.14956,8,0x00000000,1,-0.59560,-0.57953,-0.00529,4.32240,4.41710,8,0x00000000,1,-0.57392,-0.58042,-0.00532,2.65006,2.81314,8,0x00000000,1,-0.65157,-0.64362,-0.00095,-0.36543,-0.39738,8,0x00000000,1
45.4729,0.05359,0.53088,-39.56187,0.05359,0.53088,0.06491,0.59988,0.11356,1.01190,0.04865,0.41202,0.04865,0.41202,0.00000,0.00000,0,0.00064,-0.63343,-0.62087,-0.01218,0.73573,0.59804,8,0x00000000,1,-0.58704,-0.61208,0.00564,0.89804,1.08275,8,0x00000000,1,-0.59794,-0.60160,0.09705,-0.05360,0.18360,8,0x00000000,1,-0.59375,-0.57993,-0.00030,4.39572,4.43924,8,0x00000000,1,-0.57251,-0.58058,0.00400,2.50878,2.43847,8,0x00000000,1,-0.65483,-0.64381,-0.00288,-0.07715,-0.17637,8,0x00000000,1
45.5740,0.03935,0.50274,-39.52467,0.03935,0.50274,0.03679,0.51879,0.11229,0.99632,0.07549,0.47752,0.07549,0.47752,0.00000,0.00000,0,0.00031,-0.63670,-0.62190,-0.01237,1.11172,1.09598,8,0x00000000,1,-0.58605,-0.61129,0.00666,0.56202,0.64986,8,0x00000000,1,-0.59649,-0.59978,0.00087,-0.38484,-0.30668,8,0x00000000,1,-0.59156,-0.58012,-0.00489,4.37831,4.37894,8,0x00000000,1,-0.57071,-0.58058,-0.00294,2.21611,2.21825,8,0x00000000,1,-0.65802,-0.64404,-0.00857,0.32069,0.20794,8,0x00000000,1
45.6741,0.02854,0.48011,-39.50681,0.02854,0.48011,0.02408,0.49062,0.11141,0.98197,0.08733,0.49135,0.08733,0.49135,0.00000,0.00000,0,0.00043,-0.63751,-0.62231,-0.00190,1.26314,1.25396,8,0x00000000,1,-0.58556,-0.61070,0.01477,0.28872,0.45563,8,0x00000000,1,-0.59590,-0.59841,0.01040,-0.32824,-0.31207,8,0x00000000,1,-0.59121,-0.58042,-0.01280,4.48282,4.36767,8,0x00000000,1,-0.57049,-0.58057,-0.00188,2.12458,2.17211,8,0x00000000,1,-0.65885,-0.64416,-0.00764,0.48289,0.38590,8,0x00000000,1
45.7787,0.02473,0.48028,-39.50115,0.02473,0.48028,0.02532,0.48177,0.11067,0.96813,0.08534,0.48636,0.08534,0.48636,0.00000,0.00000,0,0.00180,-0.63726,-0.62280,-0.00770,1.35759,1.42022,8,0x00000000,1,-0.58563,-0.60999,0.00236,0.03521,0.16591,8,0x00000000,1,-0.59601,-0.59792,0.00017,-0.29064,-0.37667,8,0x00000000,1,-0.59138,-0.58066,0.01181,4.65923,4.68907,8,0x00000000,1,-0.57063,-0.58057,-0.00558,2.02937,2.04414,8,0x00000000,1,-0.65861,-0.64427,-0.00685,0.59684,0.57420,8,0x00000000,1
45.8779,0.02428,0.47644,-39.49746,0.02428,0.47644,0.02428,0.47863,0.10995,0.95445,0.08567,0.47582,0.08567,0.47582,0.00000,0.00000,0,0.00030,-0.63683,-0.62331,-0.00359,1.42366,1.52981,8,0x00000000,1,-0.58558,-0.60915,0.01447,-0.17112,-0.08576,8,0x00000000,1,-0.59603,-0.59761,0.00302,-0.31024,-0.27257,8,0x00000000,1,-0.59183,-0.58104,-0.00293,4.74487,4.54346,8,0x00000000,1,-0.57104,-0.58054,-0.00048,1.93942,1.90185,8,0x00000000,1,-0.65822,-0.64438,0.00331,0.77031,0.75044,8,0x00000000,1
45.9820,0.03007,0.47998,-39.49704,0.03007,0.47998,0.02812,0.47877,0.10919,0.94081,0.08107,0.46205,0.08107,0.46205,0.00000,0.00000,0,0.00031,-0.63616,-0.62381,-0.00235,1.57509,1.59617,8,0x00000000,1,-0.58574,-0.60838,0.00680,-0.42526,-0.36469,8,0x00000000,1,-0.59629,-0.59747,-0.00040,-0.29621,-0.28395,8,0x00000000,1,-0.59231,-0.58141,0.00185,4.91887,4.94051,8,0x00000000,1,-0.57145,-0.58053,0.00068,1.82419,1.71025,8,0x00000000,1,-0.65758,-0.64451,-0.00513,0.85529,0.96717,8,0x00000000,1
46.0829,0.02361,0.47546,-39.49291,0.02361,0.47546,0.02645,0.47716,0.10840,0.92719,0.08195,0.45003,0.08195,0.45003,0.00000,0.00000,0,0.00038,-0.63568,-0.62427,-0.00623,1.59906,1.66123,8,0x00000000,1,-0.58565,-0.60741,0.01069,-0.59674,-0.51298,8,0x00000000,1,-0.59629,-0.59740,0.00258,-0.29488,-0.30578,8,0x00000000,1,-0.59283,-0.58186,0.00088,5.04396,5.25617,8,0x00000000,1,-0.57193,-0.58053,0.00132,1.76023,1.70070,8,0x00000000,1,-0.65715,-0.64465,0.00116,0.97949,0.97165,8,0x00000000,1
46.1850,0.02207,0.47392,-39.49416,0.02207,0.47392,0.02249,0.47478,0.10771,0.91363,0.08521,0.43885,0.08521,0.43885,0.00000,0.00000,0,0.00076,-0.63528,-0.62485,-0.00339,1.69266,1.78057,8,0x00000000,1,-0.58546,-0.60648,0.00867,-0.83354,-0.76702,8,0x00000000,1,-0.59618,-0.59729,-0.00030,-0.32456,-0.32387,8,0x00000000,1,-0.59335,-0.58246,-0.00460,5.15661,4.98304,8,0x00000000,1,-0.57244,-0.58051,0.00028,1.69226,1.79655,8,0x00000000,1,-0.65681,-0.64482,-0.00512,1.11163,1.11032,8,0x00000000,1
46.2893,0.01494,0.47205,-39.48460,0.01494,0.47205,0.01930,0.47331,0.10719,0.90012,0.08790,0.42681,0.08790,0.42681,0.00000,0.00000,16,0.00032,-0.63484,-0.62546,0.00138,1.79963,1.76324,8,0x00000000,1,-0.58529,-0.60556,0.00884,-1.03442,-1.08487,8,0x00000000,1,-0.59609,-0.59717,0.00211,-0.32607,-0.22586,8,0x00000000,1,-0.59391,-0.58319,-0.00945,5.24484,5.02165,8,0x00000000,1,-0.57296,-0.58047,-0.00392,1.63496,1.63719,8,0x00000000,1,-0.65642,-0.64501,0.01065,1.24742,1.19825,8,0x00000000,1
46.3923,0.01683,0.47052,-39.47731,0.01683,0.47052,0.01703,0.47060,0.10719,0.88668,0.09016,0.41607,0.09016,0.41607,0.00000,0.00000,16,0.00165,-0.63443,-0.62596,-0.00480,1.79318,1.79629,8,0x00000000,1,-0.58515,-0.60449,0.01379,-1.22143,-1.20497,8,0x00000000,1,-0.59603,-0.59697,0.00268,-0.32231,-0.30520,8,0x00000000,1,-0.59440,-0.58395,-0.00676,5.39577,5.45511,8,0x00000000,1,-0.57343,-0.58047,-0.00569,1.56993,1.78765,8,0x00000000,1,-0.65608,-0.64524,-0.00925,1.29220,1.22071,8,0x00000000,1
46.4937,0.01148,0.46344,-39.47726,0.01148,0.46344,0.01356,0.46604,0.10719,0.87332,0.09363,0.40729,0.09363,0.40729,0.00000,0.00000,16,0.00034,-0.63414,-0.62641,-0.00006,1.87946,1.78011,8,0x00000000,1,-0.58495,-0.60337,0.00081,-1.37350,-1.34006,8,0x00000000,1,-0.59590,-0.59671,-0.00122,-0.33153,-0.45517,8,0x00000000,1,-0.59483,-0.58495,-0.01991,5.42428,5.49552,8,0x00000000,1,-0.57386,-0.58044,0.00061,1.55442,1.49029,8,0x00000000,1,-0.65583,-0.64563,0.00040,1.40231,1.42750,8,0x00000000,1
46.5953,0.00532,0.45533,-39.46485,-0.99468,0.45533,-0.22597,0.46103,0.05926,0.86010,0.29476,0.39907,0.28522,0.39907,1.00000,0.00000,1,0.00029,-0.63763,-0.62678,-0.00410,1.90277,1.88278,8,0x00000000,1,-0.57610,-0.60109,0.02449,-1.43225,-1.40049,8,0x00000000,1,-0.58715,-0.59631,-0.00068,-0.32756,-0.30685,8,0x00000000,1,-0.59894,-0.58581,-0.00585,5.58592,5.45937,8,0x00000000,1,-0.57915,-0.58043,-0.00691,1.48220,1.55090,8,0x00000000,1,-0.66055,-0.64600,0.00214,1.47628,1.54902,8,0x00000000,1
46.6967,-0.04178,-0.13203,-39.53561,-1.04178,-0.13203,-0.87631,0.24001,0.07415,0.84854,0.95046,0.60853,0.95046,0.60853,1.00000,0.00000,0,0.00048,-0.65963,-0.63689,-0.15972,2.90764,2.92429,8,0x00000000,1,-0.54625,-0.55232,0.45803,-0.05783,-0.03265,8,0x00000000,1,-0.55606,-0.56489,-0.02615,-1.60468,-0.70288,8,0x00000000,1,-0.60325,-0.59154,-0.03622,6.02802,6.04697,8,0x00000000,1,-0.58853,-0.58189,-0.00752,2.62793,2.75084,8,0x00000000,1,-0.68598,-0.65878,-0.10650,2.85960,2.62382,8,0x00000000,1
46.7960,-0.02937,-0.30443,-39.57412,-1.02937,-0.30443,-1.01243,-0.15532,0.10188,0.84839,1.11431,1.00371,1.11431,1.00371,1.00000,0.00000,0,0.00033,-0.67939,-0.65071,-0.08334,3.88904,3.86551,8,0x00000000,1,-0.54009,-0.53426,-0.00067,-0.25060,-0.40663,8,0x00000000,1,-0.54736,-0.55542,0.10703,-0.86380,-0.96178,8,0x00000000,1,-0.59001,-0.59342,0.00288,4.75702,4.76254,8,0x00000000,1,-0.57777,-0.58170,0.00265,1.70213,1.66971,8,0x00000000,1,-0.70523,-0.67238,-0.04206,3.63902,3.52882,8,0x00000000,1
46.9013,-0.01631,-0.46085,-39.46031,-1.01631,-0.46085,-1.02099,-0.36358,0.13100,0.85613,1.15199,1.21971,1.15199,1.21971,1.00000,0.00000,0,0.00161,-0.68918,-0.65657,-0.03092,4.52275,4.57361,8,0x00000000,1,-0.53911,-0.53425,0.00099,-0.17459,-0.16973,8,0x00000000,1,-0.54498,-0.54096,0.01391,-0.24413,-0.17332,8,0x00000000,1,-0.58177,-0.59351,0.00478,4.22384,4.21476,8,0x00000000,1,-0.57054,-0.58149,0.00834,1.06894,1.10399,8,0x00000000,1,-0.71437,-0.67668,-0.03954,4.33836,4.40743,8,0x00000000,1
47.0022,0.01074,-0.49503,-39.47226,-0.98926,-0.49503,-1.00728,-0.46251,0.16000,0.86821,1.16728,1.33072,1.16728,1.33072,1.00000,0.00000,0,0.00098,-0.69413,-0.65982,-0.03738,4.91501,4.93831,8,0x00000000,1,-0.53879,-0.53428,-0.00974,-0.11126,-0.24908,8,0x00000000,1,-0.54395,-0.53987,-0.00116,-0.21180,-0.27501,8,0x00000000,1,-0.57746,-0.59336,0.00763,3.85408,3.76346,8,0x00000000,1,-0.56671,-0.58130,0.00883,0.72078,0.67695,8,0x00000000,1,-0.71897,-0.67984,-0.02409,4.86037,4.81684,8,0x00000000,1
47.1021,0.02744,-0.51501,-39.45980,-0.97256,-0.51501,-0.98724,-0.49960,0.18842,0.88201,1.17566,1.38161,1.17566,1.38161,1.00000,0.00000,0,0.00190,-0.69642,-0.66190,-0.01969,5.32332,5.50647,8,0x00000000,1,-0.53858,-0.53425,0.00400,-0.07685,-0.23159,8,0x00000000,1,-0.54341,-0.53975,0.00342,-0.17004,-0.21410,8,0x00000000,1,-0.57551,-0.59323,0.00110,3.54892,3.58168,8,0x00000000,1,-0.56499,-0.58117,0.00543,0.45381,0.50624,8,0x00000000,1,-0.72111,-0.68380,-0.07202,5.02517,5.03832,8,0x00000000,1
47.2039,0.07176,-0.55694,-39.43211,-0.92824,-0.55694,-0.95545,-0.53215,0.21615,0.89669,1.17160,1.42884,1.17160,1.42884,1.00000,0.00000,0,0.00049,-0.69832,-0.66479,-0.03079,5.60826,5.62139,8,0x00000000,1,-0.53893,-0.53426,0.00081,0.00905,-0.04073,8,0x00000000,1,-0.54345,-0.53973,0.00159,-0.11232,0.04220,8,0x00000000,1,-0.57348,-0.59305,0.00734,3.26716,3.20139,8,0x00000000,1,-0.56309,-0.58102,-0.00141,0.16790,0.24380,8,0x00000000,1,-0.72278,-0.69171,-0.08602,4.93535,4.95603,8,0x00000000,1
47.3075,0.19499,-0.63730,-39.37642,-0.80501,-0.63730,-0.87539,-0.59117,0.24236,0.91262,1.11775,1.50380,1.11775,1.50380,1.00000,0.00000,0,0.00045,-0.70038,-0.67108,-0.08718,5.56908,5.50344,8,0x00000000,1,-0.54168,-0.53427,0.00238,0.32920,0.27363,8,0x00000000,1,-0.54566,-0.53976,-0.00259,0.09879,-0.06058,8,0x00000000,1,-0.56932,-0.59261,0.02058,2.71078,2.69182,8,0x00000000,1,-0.55882,-0.58062,0.00870,-0.38195,-0.25392,8,0x00000000,1,-0.72419,-0.70847,-0.12249,4.08504,4.04539,8,0x00000000,1
47.4086,0.26054,-0.69508,-39.38017,-0.73946,-0.69508,-0.77774,-0.65917,0.26567,0.93054,1.04341,1.58970,1.04341,1.58970,1.00000,0.00000,0,0.00047,-0.70249,-0.68050,-0.15842,5.21485,5.18721,8,0x00000000,1,-0.54542,-0.53444,-0.01278,0.65850,0.56070,8,0x00000000,1,-0.54877,-0.53998,-0.00328,0.39393,0.28014,8,0x00000000,1,-0.56432,-0.59165,0.00400,2.06652,1.98984,8,0x00000000,1,-0.55361,-0.57990,0.00933,-1.02446,-0.90690,8,0x00000000,1,-0.72547,-0.71329,-0.01679,4.35218,4.71433,8,0x00000000,1
47.5094,0.34448,-0.75660,-39.45578,-0.65552,-0.75660,-0.70135,-0.71970,0.28672,0.95022,0.98807,1.66992,0.98807,1.66992,1.00000,0.00000,0,0.00084,-0.70474,-0.69215,-0.08553,4.96562,5.30645,8,0x00000000,1,-0.54827,-0.53485,-0.00983,0.93393,0.87025,8,0x00000000,1,-0.55103,-0.54014,-0.00078,0.60218,0.59228,8,0x00000000,1,-0.55992,-0.58981,0.03724,1.67560,1.63853,8,0x00000000,1,-0.54910,-0.57969,0.02893,-1.45476,-1.40516,8,0x00000000,1,-0.72704,-0.71508,-0.00340,4.54551,4.40224,8,0x00000000,1
47.6140,0.37566,-0.78247,-39.46984,-0.62434,-0.78247,-0.64566,-0.76414,0.30578,0.97148,0.95144,1.73562,0.95144,1.73562,1.00000,0.00000,0,0.00047,-0.70676,-0.69687,-0.02538,5.11091,5.16835,8,0x00000000,1,-0.55020,-0.53556,-0.00415,1.18162,1.08127,8,0x00000000,1,-0.55249,-0.54046,-0.00209,0.85421,0.79386,8,0x00000000,1,-0.55649,-0.58437,0.04759,1.50113,1.51316,8,0x00000000,1,-0.54564,-0.57441,0.10841,-1.53105,-1.56394,8,0x00000000,1,-0.72856,-0.71662,-0.01195,4.64229,4.62507,8,0x00000000,1
47.7145,0.42356,-0.78862,-39.44736,-0.57644,-0.78862,-0.60102,-0.78182,0.32355,0.99356,0.92457,1.77538,0.92457,1.77538,1.00000,0.00000,0,0.00054,-0.70789,-0.69914,-0.02202,5.13441,5.05921,8,0x00000000,1,-0.55158,-0.53634,-0.00758,1.37011,1.46071,8,0x00000000,1,-0.55358,-0.54067,0.00290,1.04193,1.10054,8,0x00000000,1,-0.55432,-0.58198,0.01125,1.09885,1.05921,8,0x00000000,1,-0.54342,-0.56709,0.04778,-1.64853,-1.65614,8,0x00000000,1,-0.72935,-0.71828,-0.01360,4.70234,4.74926,8,0x00000000,1
47.8147,0.50930,-0.77981,-39.38672,-0.49070,-0.77981,-0.54488,-0.78305,0.33994,1.01592,0.88482,1.79896,0.88482,1.79896,1.00000,0.00000,0,0.00029,-0.70808,-0.70091,-0.02527,5.16736,5.13543,8,0x00000000,1,-0.55351,-0.53780,-0.01512,1.56997,1.70094,8,0x00000000,1,-0.55531,-0.54104,0.00045,1.25144,1.19793,8,0x00000000,1,-0.55257,-0.58067,0.00686,0.75036,0.90366,8,0x00000000,1,-0.54148,-0.55543,0.06229,-1.17091,-0.95059,8,0x00000000,1,-0.72919,-0.72001,-0.01027,4.71832,4.66137,8,0x00000000,1
47.9188,0.55044,-0.77460,-39.34313,-0.44956,-0.77460,-0.48047,-0.78055,0.35441,1.03823,0.83488,1.81877,0.83488,1.81877,1.00000,0.00000,0,0.00036,-0.70791,-0.70207,-0.00769,5.18251,5.14476,8,0x00000000,1,-0.55590,-0.53986,-0.00766,1.82085,1.87453,8,0x00000000,1,-0.55751,-0.54170,-0.00590,1.56236,1.50670,8,0x00000000,1,-0.55078,-0.57945,0.01327,0.35514,0.36466,8,0x00000000,1,-0.53942,-0.54920,0.09980,-0.96625,-0.99187,8,0x00000000,1,-0.72863,-0.72172,-0.03071,4.60366,4.50105,8,0x00000000,1
48.0210,0.62366,-0.77126,-39.30074,-0.37634,-0.77126,-0.41203,-0.77377,0.36704,1.06034,0.77908,1.83411,0.77908,1.83411,1.00000,0.00000,0,0.00082,-0.70743,-0.70272,-0.01382,5.08914,4.96707,8,0x00000000,1,-0.55854,-0.54113,-0.00839,2.10913,2.33941,8,0x00000000,1,-0.55998,-0.54233,-0.00599,1.88287,1.81667,8,0x00000000,1,-0.54906,-0.57823,0.00640,-0.00055,0.10862,8,0x00000000,1,-0.53738,-0.54427,0.02004,-1.06920,-1.04684,8,0x00000000,1,-0.72774,-0.72541,-0.05962,4.25580,4.22899,8,0x00000000,1
48.1259,0.67830,-0.78232,-39.24750,-0.32170,-0.78232,-0.35647,-0.77742,0.37798,1.08241,0.73445,1.85983,0.73445,1.85983,1.00000,0.00000,0,0.00046,-0.70762,-0.70358,-0.00454,5.14122,5.22817,8,0x00000000,1,-0.56070,-0.54234,-0.01505,2.36501,2.38660,8,0x00000000,1,-0.56192,-0.54329,-0.01220,2.16899,2.03074,8,0x00000000,1,-0.54713,-0.57682,0.01910,-0.42128,-0.41511,8,0x00000000,1,-0.53523,-0.54227,0.02997,-1.13720,-1.02208,8,0x00000000,1,-0.72754,-0.73167,-0.05472,3.82013,3.68663,8,0x00000000,1
48.2287,0.80719,-0.76506,-39.15425,-0.19281,-0.76506,-0.27393,-0.77242,0.38710,1.10460,0.66103,1.87702,0.66103,1.87702,1.00000,0.00000,0,0.00042,-0.70686,-0.70443,-0.01445,5.11336,4.88953,8,0x00000000,1,-0.56417,-0.54402,-0.02398,2.68208,2.71325,8,0x00000000,1,-0.56519,-0.54465,-0.01328,2.54096,2.45389,8,0x00000000,1,-0.54499,-0.57456,0.02350,-0.74884,-0.53803,8,0x00000000,1,-0.53266,-0.52907,0.08372,-0.38959,-0.28348,8,0x00000000,1,-0.72626,-0.73468,-0.00068,3.63121,3.68770,8,0x00000000,1
48.3310,0.88310,-0.73210,-39.11733,-0.11690,-0.73210,-0.16966,-0.74888,0.39328,1.12634,0.56294,1.87523,0.56294,1.87523,1.00000,0.00000,0,0.00115,-0.70482,-0.70534,-0.00780,4.88937,4.70221,8,0x00000000,1,-0.56871,-0.54665,-0.03400,3.06293,2.97890,8,0x00000000,1,-0.56964,-0.54788,-0.02851,2.85472,2.85534,8,0x00000000,1,-0.54316,-0.57256,0.01840,-1.10999,-1.02764,8,0x00000000,1,-0.53016,-0.52108,0.00698,-0.07380,-0.14987,8,0x00000000,1,-0.72362,-0.73501,0.00277,3.27551,3.24573,8,0x00000000,1
48.4312,0.90700,-0.68037,-39.15421,-0.09300,-0.68037,-0.11115,-0.71143,0.39709,1.14723,0.50824,1.85866,0.50824,1.85866,1.00000,0.00000,0,0.00030,-0.70303,-0.70613,-0.01360,4.69297,4.69689,8,0x00000000,1,-0.57119,-0.55072,-0.07410,3.11212,3.30923,8,0x00000000,1,-0.57217,-0.55711,-0.11111,2.35847,2.46858,8,0x00000000,1,-0.54278,-0.57109,0.01575,-1.35120,-1.51988,8,0x00000000,1,-0.52937,-0.52077,0.00913,-0.00379,0.04729,8,0x00000000,1,-0.72156,-0.73504,-0.00185,3.00662,2.84577,8,0x00000000,1
48.5341,0.93621,-0.58843,-39.21179,-0.06379,-0.58843,-0.07860,-0.63392,0.39973,1.16639,0.47833,1.80031,0.47833,1.80031,1.00000,0.00000,0,0.00039,-0.69998,-0.70635,0.01495,4.47175,4.59405,8,0x00000000,1,-0.57236,-0.55491,-0.03425,3.18083,3.19828,8,0x00000000,1,-0.57372,-0.56568,-0.03758,2.23867,2.24675,8,0x00000000,1,-0.54461,-0.57003,0.00081,-1.54500,-1.47417,8,0x00000000,1,-0.53081,-0.52079,-0.00199,0.19626,0.29909,8,0x00000000,1,-0.71857,-0.73500,0.01037,2.65290,2.72396,8,0x00000000,1
48.6371,0.94476,-0.55138,-39.20815,-0.05524,-0.55138,-0.06093,-0.57420,0.40169,1.18346,0.46262,1.75766,0.46262,1.75766,1.00000,0.00000,0,0.00043,-0.69788,-0.70637,-0.00232,4.25223,4.09433,8,0x00000000,1,-0.57293,-0.55840,-0.01933,3.21037,3.19582,8,0x00000000,1,-0.57457,-0.56766,0.00015,2.33646,2.28202,8,0x00000000,1,-0.54607,-0.56922,-0.00037,-1.65200,-1.51290,8,0x00000000,1,-0.53203,-0.52078,0.00092,0.45188,0.45277,8,0x00000000,1,-0.71655,-0.73500,-0.00680,2.26705,2.19598,8,0x00000000,1
48.7409,0.95082,-0.52637,-39.20301,-0.04918,-0.52637,-0.05422,-0.54342,0.40332,1.19934,0.45754,1.74276,0.45754,1.74276,1.00000,0.00000,0,0.00110,-0.69715,-0.70635,0.00249,4.09476,4.04737,8,0x00000000,1,-0.57311,-0.56293,-0.06782,2.96720,2.89226,8,0x00000000,1,-0.57485,-0.56832,-0.01007,2.35696,2.33436,8,0x00000000,1,-0.54658,-0.56743,0.02387,-1.73759,-1.70415,8,0x00000000,1,-0.53246,-0.52078,0.00280,0.58064,0.63949,8,0x00000000,1,-0.71585,-0.73493,0.01030,2.05756,1.92969,8,0x00000000,1
48.8410,0.96361,-0.48783,-39.18625,-0.03639,-0.48783,-0.04385,-0.50779,0.40472,1.21431,0.44858,1.72210,0.44858,1.72210,1.00000,0.00000,0,0.00025,-0.69611,-0.70633,-0.00248,3.91936,3.75161,8,0x00000000,1,-0.57345,-0.56732,-0.02930,2.88225,3.02865,8,0x00000000,1,-0.57532,-0.56870,-0.00513,2.48976,2.53292,8,0x00000000,1,-0.54726,-0.56384,0.03475,-1.65160,-1.70416,8,0x00000000,1,-0.53302,-0.52079,-0.00241,0.78511,0.64778,8,0x00000000,1,-0.71484,-0.73491,-0.00796,1.70772,1.64517,8,0x00000000,1
48.9411,0.97359,-0.45295,-39.17660,-0.02642,-0.45295,-0.03173,-0.47249,0.40578,1.22824,0.43751,1.70073,0.43751,1.70073,1.00000,0.00000,0,0.00028,-0.69499,-0.70628,-0.00367,3.67868,3.83283,8,0x00000000,1,-0.57389,-0.57051,-0.02651,2.79059,2.87306,8,0x00000000,1,-0.57589,-0.56906,-0.00551,2.56234,2.59962,8,0x00000000,1,-0.54793,-0.56161,0.01492,-1.71927,-1.63486,8,0x00000000,1,-0.53354,-0.52078,0.00458,0.99328,0.92663,8,0x00000000,1,-0.71374,-0.73481,0.01039,1.43996,1.54524,8,0x00000000,1
49.0452,0.98373,-0.43296,-39.18671,-0.01627,-0.43296,-0.02139,-0.44480,0.40653,1.24126,0.42792,1.68606,0.42792,1.68606,1.00000,0.00000,0,0.00029,-0.69419,-0.70621,-0.01045,3.50426,3.42283,8,0x00000000,1,-0.57428,-0.57202,-0.02096,2.77857,2.66806,8,0x00000000,1,-0.57638,-0.56946,0.00293,2.65567,2.45202,8,0x00000000,1,-0.54835,-0.56000,0.01016,-1.76108,-1.54998,8,0x00000000,1,-0.53385,-0.52079,0.00360,1.15503,1.14941,8,0x00000000,1,-0.71294,-0.73469,0.00642,1.12532,1.08568,8,0x00000000,1
49.1478,0.99051,-0.41974,-39.18547,-0.00949,-0.41974,-0.01403,-0.42856,0.40665,1.25368,0.42068,1.68224,0.42068,1.68224,1.00000,0.00000,16,0.00041,-0.69388,-0.70611,0.01470,3.39379,3.52104,8,0x00000000,1,-0.57460,-0.57290,-0.01067,2.77464,2.71403,8,0x00000000,1,-0.57672,-0.56980,-0.01093,2.73204,2.80743,8,0x00000000,1,-0.54837,-0.55777,0.02132,-1.69637,-1.72229,8,0x00000000,1,-0.53381,-0.52094,-0.00015,1.26820,1.16223,8,0x00000000,1,-0.71260,-0.73458,0.00193,0.81298,0.72420,8,0x00000000,1
49.2508,1.03025,-0.39324,-39.23003,0.03025,-0.39324,0.00387,-0.40983,0.40665,1.26564,0.40278,1.67547,0.40278,1.67547,1.00000,0.00000,16,0.00042,-0.69324,-0.70607,0.00253,3.16125,3.28481,8,0x00000000,1,-0.57540,-0.57377,0.00176,2.81462,2.89971,8,0x00000000,1,-0.57755,-0.57004,-0.00449,2.84141,2.98112,8,0x00000000,1,-0.54830,-0.54913,0.16987,-0.78371,-0.95620,8,0x00000000,1,-0.53360,-0.52107,0.00341,1.37715,1.39746,8,0x00000000,1,-0.71188,-0.73444,0.00694,0.54037,0.36647,8,0x00000000,1
49.3491,1.06343,-0.36002,-39.27876,0.06343,-0.36002,0.04984,-0.37207,0.40590,1.27672,0.35606,1.64880,0.35606,1.64880,1.00000,0.00000,0,0.00030,-0.69118,-0.70588,0.00864,2.83317,2.95459,8,0x00000000,1,-0.57747,-0.57465,-0.00006,2.94424,3.04083,8,0x00000000,1,-0.57976,-0.57077,-0.00852,3.11951,3.12271,8,0x00000000,1,-0.54849,-0.54389,0.00339,-0.84544,-0.92750,8,0x00000000,1,-0.53340,-0.52119,-0.00436,1.52461,1.51079,8,0x00000000,1,-0.70965,-0.73428,-0.00214,0.02525,0.12050,8,0x00000000,1
49.4529,1.06744,-0.34859,-39.27485,0.06744,-0.34859,0.06412,-0.35523,0.40421,1.28705,0.34009,1.64228,0.34009,1.64228,1.00000,0.00000,0,0.00037,-0.69059,-0.70577,0.00319,2.66222,2.59864,8,0x00000000,1,-0.57818,-0.57525,0.00813,2.98527,3.00363,8,0x00000000,1,-0.58051,-0.57130,-0.00915,3.18451,3.33587,8,0x00000000,1,-0.54845,-0.54359,-0.00425,-0.83619,-0.77117,8,0x00000000,1,-0.53323,-0.52129,-0.00360,1.67001,1.69337,8,0x00000000,1,-0.70898,-0.73409,0.00475,-0.24159,-0.12134,8,0x00000000,1
49.5531,1.06937,-0.34239,-39.28044,0.06937,-0.34239,0.06780,-0.34658,0.40231,1.29703,0.33451,1.64362,0.33451,1.64362,1.00000,0.00000,0,0.00048,-0.69053,-0.70562,0.01616,2.52060,2.49985,8,0x00000000,1,-0.57845,-0.57569,-0.00307,2.98872,2.87386,8,0x00000000,1,-0.58076,-0.57176,-0.00539,3.29550,3.35902,8,0x00000000,1,-0.54828,-0.54358,-0.01020,-0.77765,-0.86166,8,0x00000000,1,-0.53303,-0.52142,-0.01013,1.76364,1.90318,8,0x00000000,1,-0.70889,-0.73390,0.00436,-0.49173,-0.50886,8,0x00000000,1
49.6531,1.06672,-0.33271,-39.28547,1.06672,-0.33271,0.72447,-0.34127,0.44453,1.30684,-0.27994,1.64811,-0.27994,1.64811,0.00000,0.00000,0,0.00039,-0.67836,-0.70459,0.03976,1.32110,1.34254,8,0x00000000,1,-0.60696,-0.58073,-0.22559,4.71863,4.64634,8,0x00000000,1,-0.60865,-0.57925,-0.39010,4.37365,4.24039,8,0x00000000,1,-0.53610,-0.54216,0.10543,-1.44386,-1.30786,8,0x00000000,1,-0.51688,-0.52144,0.00564,0.40286,0.70803,8,0x00000000,1,-0.69299,-0.73124,0.15687,-1.67436,-1.58852,8,0x00000000,1
49.7552,1.18482,0.18751,-39.44106,1.18482,0.18751,1.07982,-0.02991,0.41774,1.31281,-0.66208,1.34272,-0.66208,1.34272,0.00000,0.00000,0,0.00046,-0.65792,-0.70046,0.13477,-0.04366,0.34809,8,0x00000000,1,-0.62348,-0.61019,-0.06318,4.17137,4.03123,8,0x00000000,1,-0.62713,-0.61598,-0.27941,3.38382,3.23338,8,0x00000000,1,-0.54123,-0.53403,-0.00634,-0.42624,-0.62872,8,0x00000000,1,-0.51862,-0.52130,-0.00652,0.92263,0.69832,8,0x00000000,1,-0.67147,-0.70941,0.14138,-2.22404,-1.90864,8,0x00000000,1
49.8593,1.13623,0.44453,-39.61830,1.13623,0.44453,1.13568,0.29430,0.38583,1.30847,-0.74985,1.01417,-0.74985,1.01417,0.00000,0.00000,0,0.00032,-0.64246,-0.68991,0.08353,-0.78828,-0.67466,8,0x00000000,1,-0.62624,-0.61293,-0.01230,4.15096,4.05853,8,0x00000000,1,-0.63233,-0.63789,-0.14478,2.32929,2.43765,8,0x00000000,1,-0.55309,-0.53528,-0.02585,0.39819,0.32712,8,0x00000000,1,-0.52887,-0.52135,0.00026,1.73517,1.67962,8,0x00000000,1,-0.65676,-0.68138,0.78305,0.37959,-0.46707,8,0x00000000,1
49.9607,0.92282,0.58382,-39.74567,0.92282,0.58382,1.01331,0.49761,0.35504,1.29656,-0.65827,0.79895,-0.65827,0.79895,0.00000,0.00000,0,0.00192,-0.63535,-0.66287,0.22307,0.64318,0.61437,8,0x00000000,1,-0.62114,-0.61310,0.00019,3.85322,3.75019,8,0x00000000,1,-0.62893,-0.63994,-0.00098,2.25654,2.38035,8,0x00000000,1,-0.56380,-0.53793,-0.03857,1.11838,1.07793,8,0x00000000,1,-0.53945,-0.52213,-0.01634,2.39481,2.27361,8,0x00000000,1,-0.65100,-0.66910,0.00889,-1.56093,-1.47609,8,0x00000000,1
50.0623,0.87817,0.63740,-39.70270,0.87817,0.63740,0.93131,0.61448,0.32760,1.28020,-0.60370,0.66572,-0.60370,0.66572,0.00000,0.00000,0,0.00058,-0.63091,-0.65898,0.02947,-0.34488,-0.20046,8,0x00000000,1,-0.61809,-0.61310,-0.00406,3.76529,3.78087,8,0x00000000,1,-0.62691,-0.63991,0.00163,1.92248,1.85591,8,0x00000000,1,-0.57039,-0.54092,-0.01264,1.69283,1.64560,8,0x00000000,1,-0.54593,-0.52535,-0.02946,2.80156,2.85320,8,0x00000000,1,-0.64737,-0.66724,0.04234,-1.77701,-1.91635,8,0x00000000,1
50.1682,0.87629,0.66635,-39.67836,0.87629,0.66635,0.88651,0.65481,0.30193,1.26203,-0.58459,0.60722,-0.58459,0.60722,0.00000,0.00000,0,0.00382,-0.62886,-0.65679,0.03651,-0.60290,-0.48238,8,0x00000000,1,-0.61698,-0.61310,0.00399,3.78544,3.86927,8,0x00000000,1,-0.62625,-0.63989,0.00683,1.74297,1.66672,8,0x00000000,1,-0.57319,-0.54272,-0.02222,2.08971,2.21459,8,0x00000000,1,-0.54866,-0.52858,-0.01107,3.01602,2.95393,8,0x00000000,1,-0.64566,-0.66366,0.03921,-1.81114,-1.70174,8,0x00000000,1
50.2668,0.81611,0.70621,-39.72296,0.81611,0.70621,0.84449,0.68730,0.27720,1.24294,-0.56729,0.55565,-0.56729,0.55565,0.00000,0.00000,0,0.00027,-0.62706,-0.65451,0.03025,-0.90298,-0.91622,8,0x00000000,1,-0.61598,-0.61310,0.00692,3.74480,3.80479,8,0x00000000,1,-0.62565,-0.63988,0.00392,1.53776,1.58725,8,0x00000000,1,-0.57567,-0.54428,-0.01795,2.50681,2.49688,8,0x00000000,1,-0.55107,-0.53050,-0.02166,3.25824,3.35682,8,0x00000000,1,-0.64416,-0.65693,0.05505,-1.60214,-1.69785,8,0x00000000,1
50.3680,0.75900,0.73405,-39.74665,0.75900,0.73405,0.79230,0.71712,0.25387,1.22294,-0.53843,0.50583,-0.53843,0.50583,0.00000,0.00000,0,0.00040,-0.62557,-0.65239,0.02239,-1.17290,-1.12499,8,0x00000000,1,-0.61445,-0.61310,-0.00057,3.67080,3.80129,8,0x00000000,1,-0.62450,-0.63981,-0.00073,1.29433,1.29957,8,0x00000000,1,-0.57831,-0.54613,-0.01519,2.96415,2.86926,8,0x00000000,1,-0.55371,-0.53251,-0.00766,3.53659,3.55618,8,0x00000000,1,-0.64302,-0.64923,0.06236,-1.26027,-1.10583,8,0x00000000,1
50.4745,0.70825,0.75526,-39.76091,0.70825,0.75526,0.73799,0.74205,0.23213,1.20211,-0.50587,0.46006,-0.50587,0.46006,0.00000,0.00000,0,0.00029,-0.62432,-0.64985,0.03119,-1.41125,-1.37897,8,0x00000000,1,-0.61277,-0.61311,-0.00240,3.55761,3.51548,8,0x00000000,1,-0.62318,-0.63966,0.00473,0.98139,1.05202,8,0x00000000,1,-0.58085,-0.54900,-0.03477,3.26749,3.07253,8,0x00000000,1,-0.55630,-0.53532,-0.03889,3.74809,3.44672,8,0x00000000,1,-0.64214,-0.64533,0.00832,-1.26122,-1.27743,8,0x00000000,1
50.5756,0.65375,0.75722,-39.76220,0.65375,0.75722,0.68970,0.75343,0.21180,1.18075,-0.47790,0.42732,-0.47790,0.42732,0.00000,0.00000,0,0.00037,-0.62352,-0.64497,0.06101,-1.30035,-1.35586,8,0x00000000,1,-0.61135,-0.61313,-0.00807,3.43988,3.39644,8,0x00000000,1,-0.62201,-0.63955,-0.00280,0.72033,0.38825,8,0x00000000,1,-0.58276,-0.55383,-0.08248,3.34924,3.55846,8,0x00000000,1,-0.55827,-0.54166,-0.09891,3.49623,3.53434,8,0x00000000,1,-0.64163,-0.64441,-0.00161,-1.29494,-1.24712,8,0x00000000,1
50.6812,0.54378,0.74737,-39.73187,0.54378,0.74737,0.59875,0.75527,0.19343,1.15920,-0.40532,0.40393,-0.40532,0.40393,0.00000,0.00000,0,0.00118,-0.62401,-0.64089,0.01914,-1.36375,-1.35953,8,0x00000000,1,-0.60792,-0.61310,-0.00054,3.17883,3.29899,8,0x00000000,1,-0.61877,-0.63929,0.00699,0.33724,0.49971,8,0x00000000,1,-0.58516,-0.56227,-0.05456,3.27642,3.22192,8,0x00000000,1,-0.56104,-0.54748,-0.03937,3.66240,3.66068,8,0x00000000,1,-0.64264,-0.64411,-0.00033,-1.25105,-1.17423,8,0x00000000,1
50.7856,0.47737,0.72591,-39.71199,0.47737,0.72591,0.51848,0.73607,0.17761,1.13797,-0.34087,0.40191,-0.34087,0.40191,0.00000,0.00000,0,0.00258,-0.62522,-0.63972,0.02029,-1.40278,-1.41972,8,0x00000000,1,-0.60494,-0.61309,-0.00341,2.90768,2.86198,8,0x00000000,1,-0.61582,-0.63878,0.00590,-0.15621,-0.00251,8,0x00000000,1,-0.58651,-0.56823,-0.06466,3.14667,3.24325,8,0x00000000,1,-0.56279,-0.55168,-0.05898,3.57706,3.57777,8,0x00000000,1,-0.64425,-0.64409,0.00508,-1.10860,-1.16129,8,0x00000000,1
50.8889,0.39980,0.69574,-39.70657,0.39980,0.69574,0.44275,0.70871,0.16398,1.11741,-0.27877,0.40870,-0.27877,0.40870,0.00000,0.00000,0,0.00162,-0.62674,-0.63743,0.03271,-1.23748,-1.25588,8,0x00000000,1,-0.60211,-0.61307,-0.00104,2.58706,2.74473,8,0x00000000,1,-0.61295,-0.63818,0.01471,-0.57308,-0.50881,8,0x00000000,1,-0.58745,-0.57281,-0.01829,3.28866,3.29907,8,0x00000000,1,-0.56414,-0.55634,-0.03352,3.55236,3.55389,8,0x00000000,1,-0.64613,-0.64412,-0.00658,-0.98645,-0.99567,8,0x00000000,1
50.9883,0.31624,0.73354,-39.64061,0.31624,0.73354,0.37005,0.71095,0.15239,1.09733,-0.21766,0.38638,-0.21766,0.38638,0.00000,0.00000,0,0.00033,-0.62704,-0.62192,0.18167,0.13217,0.12725,8,0x00000000,1,-0.59920,-0.61300,0.00901,2.32709,2.40040,8,0x00000000,1,-0.61023,-0.63725,0.01222,-0.96851,-0.87123,8,0x00000000,1,-0.58958,-0.57471,-0.01886,3.44955,3.52753,8,0x00000000,1,-0.56657,-0.55859,-0.02116,3.63434,3.57808,8,0x00000000,1,-0.64689,-0.64411,0.00130,-0.92332,-0.79528,8,0x00000000,1
51.0896,0.23821,0.73898,-39.60019,0.23821,0.73898,0.28539,0.74612,0.14318,1.07632,-0.14221,0.33020,-0.14221,0.33020,0.00000,0.00000,0,0.00042,-0.62622,-0.61999,0.00550,-0.23793,-0.30726,8,0x00000000,1,-0.59552,-0.61289,0.00058,1.83302,1.74204,8,0x00000000,1,-0.60697,-0.63447,0.04409,-1.28101,-1.21148,8,0x00000000,1,-0.59340,-0.57667,-0.02907,3.80360,3.75482,8,0x00000000,1,-0.57067,-0.56651,-0.10982,3.29209,3.46115,8,0x00000000,1,-0.64673,-0.64412,-0.00617,-0.93588,-0.87206,8,0x00000000,1
51.1908,0.15777,0.67148,-39.61704,0.15777,0.67148,0.20169,0.70892,0.13632,1.05549,-0.06537,0.34657,-0.06537,0.34657,0.00000,0.00000,0,0.00128,-0.62843,-0.62001,0.00049,-0.03032,-0.18470,8,0x00000000,1,-0.59204,-0.61261,0.00661,1.39738,1.44025,8,0x00000000,1,-0.60339,-0.62709,0.08150,-1.15648,-1.24995,8,0x00000000,1,-0.59423,-0.57806,-0.00529,3.99300,4.13288,8,0x00000000,1,-0.57204,-0.57397,-0.07940,2.93864,2.90177,8,0x00000000,1,-0.64937,-0.64414,0.00417,-0.64922,-0.66090,8,0x00000000,1
51.2889,0.09397,0.60261,-39.61912,0.09397,0.60261,0.12912,0.63946,0.13168,1.03632,0.00256,0.39686,0.00256,0.39686,0.00000,0.00000,0,0.00040,-0.63188,-0.62017,-0.00247,0.41252,0.18859,8,0x00000000,1,-0.58911,-0.61207,0.00797,0.97726,1.06671,8,0x00000000,1,-0.60010,-0.61783,0.11692,-0.91210,-1.04599,8,0x00000000,1,-0.59348,-0.57873,-0.00315,4.03881,3.95209,8,0x00000000,1,-0.57189,-0.58029,-0.00798,2.62200,2.68342,8,0x00000000,1,-0.65305,-0.64431,-0.01487,-0.30988,-0.34156,8,0x00000000,1
51.3914,0.03757,0.47623,-39.46840,0.03757,0.47623,0.07740,0.53550,0.12877,1.01949,0.05137,0.48399,0.05137,0.48399,0.00000,0.00000,0,0.00029,-0.63648,-0.62069,-0.01043,0.83230,0.65677,8,0x00000000,1,-0.58719,-0.61143,-0.00113,0.66222,0.64142,8,0x00000000,1,-0.59757,-0.60034,0.04754,-0.26876,-0.20064,8,0x00000000,1,-0.59081,-0.57908,-0.00930,3.95150,3.91124,8,0x00000000,1,-0.56984,-0.58050,0.00321,2.31773,2.21764,8,0x00000000,1,-0.65763,-0.64450,-0.00269,0.13534,-0.01915,8,0x00000000,1
51.4931,0.06201,0.46995,-39.48654,0.06201,0.46995,0.06189,0.48455,0.12699,1.00519,0.06510,0.52063,0.06510,0.52063,0.00000,0.00000,0,0.00187,-0.63828,-0.62164,-0.00478,1.02589,1.15840,8,0x00000000,1,-0.58669,-0.61076,0.00477,0.39101,0.37051,8,0x00000000,1,-0.59682,-0.59851,0.00073,-0.31354,-0.33911,8,0x00000000,1,-0.58956,-0.57923,0.00056,4.04915,3.92060,8,0x00000000,1,-0.56880,-0.58050,0.00033,2.15179,2.12128,8,0x00000000,1,-0.65938,-0.64466,0.00546,0.35281,0.06413,8,0x00000000,1
51.5905,0.05409,0.45626,-39.47723,0.05409,0.45626,0.05150,0.46152,0.12545,0.99179,0.07395,0.53027,0.07395,0.53027,0.00000,0.00000,0,0.00029,-0.63886,-0.62212,0.00745,1.22535,1.21765,8,0x00000000,1,-0.58632,-0.61010,0.00610,0.11471,0.15637,8,0x00000000,1,-0.59638,-0.59773,0.00293,-0.30800,-0.36596,8,0x00000000,1,-0.58933,-0.57951,0.00338,4.15292,4.25488,8,0x00000000,1,-0.56866,-0.58047,0.00758,2.02682,2.00927,8,0x00000000,1,-0.65997,-0.64477,0.00081,0.53290,0.50936,8,0x00000000,1
51.6966,0.04737,0.44980,-39.46018,0.04737,0.44980,0.04673,0.45326,0.12409,0.97878,0.07735,0.52552,0.07735,0.52552,0.00000,0.00000,0,0.00026,-0.63873,-0.62265,0.00109,1.37012,1.48343,8,0x00000000,1,-0.58615,-0.60928,0.01251,-0.14068,-0.06526,8,0x00000000,1,-0.59624,-0.59728,0.00210,-0.29722,-0.24885,8,0x00000000,1,-0.58960,-0.57987,-0.00558,4.27168,4.19189,8,0x00000000,1,-0.56893,-0.58046,0.00275,1.89980,1.88451,8,0x00000000,1,-0.65988,-0.64486,0.00744,0.68811,0.65567,8,0x00000000,1
51.7982,0.04362,0.44868,-39.47537,0.04362,0.44868,0.04402,0.45092,0.12281,0.96589,0.07880,0.51498,0.07880,0.51498,0.00000,0.00000,0,0.00036,-0.63832,-0.62322,-0.01810,1.45083,1.46656,8,0x00000000,1,-0.58604,-0.60849,0.00254,-0.33328,-0.40463,8,0x00000000,1,-0.59621,-0.59713,-0.00285,-0.32616,-0.25876,8,0x00000000,1,-0.59006,-0.58017,-0.00646,4.40149,4.44171,8,0x00000000,1,-0.56937,-0.58048,-0.00721,1.78460,1.85243,8,0x00000000,1,-0.65952,-0.64497,0.00142,0.84366,0.80991,8,0x00000000,1
51.9022,0.03981,0.45004,-39.46042,0.03981,0.45004,0.04041,0.44984,0.12162,0.95306,0.08122,0.50322,0.08122,0.50322,0.00000,0.00000,0,0.00261,-0.63788,-0.62380,-0.00745,1.57275,1.58957,8,0x00000000,1,-0.58588,-0.60754,0.00929,-0.54775,-0.51246,8,0x00000000,1,-0.59614,-0.59696,0.00332,-0.32259,-0.23513,8,0x00000000,1,-0.59060,-0.58048,0.00133,4.55588,4.60360,8,0x00000000,1,-0.56988,-0.58045,0.00312,1.73545,1.65824,8,0x00000000,1,-0.65914,-0.64514,-0.00437,0.98472,1.09654,8,0x00000000,1
52.0021,0.03518,0.44973,-39.45338,0.03518,0.44973,0.03895,0.45049,0.12048,0.94023,0.08153,0.48975,0.08153,0.48975,0.00000,0.00000,0,0.00123,-0.63733,-0.62440,-0.01134,1.69449,1.66810,8,0x00000000,1,-0.58582,-0.60666,0.00748,-0.77308,-0.74829,8,0x00000000,1,-0.59617,-0.59689,-0.00571,-0.30899,-0.32897,8,0x00000000,1,-0.59117,-0.58087,0.01044,4.70343,4.68331,8,0x00000000,1,-0.57040,-0.58040,0.00865,1.61848,1.68709,8,0x00000000,1,-0.65864,-0.64527,-0.00517,1.10047,1.10974,8,0x00000000,1
52.1077,0.03810,0.44864,-39.47105,0.03810,0.44864,0.03740,0.44989,0.11941,0.92740,0.08201,0.47751,0.08201,0.47751,0.00000,0.00000,0,0.00041,-0.63683,-0.62511,-0.00313,1.77052,1.70803,8,0x00000000,1,-0.58575,-0.60575,-0.00456,-1.00038,-1.01864,8,0x00000000,1,-0.59619,-0.59680,-0.00067,-0.31371,-0.43746,8,0x00000000,1,-0.59168,-0.58140,-0.01142,4.81899,4.88928,8,0x00000000,1,-0.57088,-0.58039,-0.00016,1.50402,1.37044,8,0x00000000,1,-0.65819,-0.64545,-0.00192,1.24134,1.35743,8,0x00000000,1
52.2115,0.03794,0.44618,-39.45325,0.03794,0.44618,0.03782,0.44739,0.11835,0.91462,0.08052,0.46723,0.08052,0.46723,0.00000,0.00000,0,0.00066,-0.63637,-0.62581,-0.00297,1.82682,1.73297,8,0x00000000,1,-0.58578,-0.60493,0.01094,-1.15385,-1.25806,8,0x00000000,1,-0.59629,-0.59674,-0.00131,-0.31176,-0.37162,8,0x00000000,1,-0.59208,-0.58187,-0.00539,4.92460,4.93933,8,0x00000000,1,-0.57123,-0.58035,0.00420,1.43899,1.28988,8,0x00000000,1,-0.65776,-0.64575,-0.00765,1.30601,1.29966,8,0x00000000,1
52.3114,0.04029,0.44379,-39.45582,0.04029,0.44379,0.03976,0.44559,0.11723,0.90189,0.07747,0.45631,0.07747,0.45631,0.00000,0.00000,0,0.00026,-0.63585,-0.62634,0.01200,1.90763,1.88956,8,0x00000000,1,-0.58588,-0.60386,0.01347,-1.28698,-1.16508,8,0x00000000,1,-0.59647,-0.59667,0.00047,-0.28940,-0.33707,8,0x00000000,1,-0.59248,-0.58233,0.00115,5.07499,5.00399,8,0x00000000,1,-0.57157,-0.58033,0.00198,1.35808,1.24197,8,0x00000000,1,-0.65727,-0.64601,-0.00333,1.40311,1.32607,8,0x00000000,1
52.4116,0.03797,0.43814,-39.45963,0.03797,0.43814,0.03818,0.44129,0.11611,0.88926,0.07793,0.44797,0.07793,0.44797,0.00000,0.00000,0,0.00042,-0.63552,-0.62679,-0.01466,1.89761,1.90629,8,0x00000000,1,-0.58583,-0.60257,0.01360,-1.39483,-1.29757,8,0x00000000,1,-0.59648,-0.59665,-0.00151,-0.28590,-0.40452,8,0x00000000,1,-0.59283,-0.58287,-0.00724,5.13644,5.16585,8,0x00000000,1,-0.57190,-0.58032,0.00189,1.23873,1.19572,8,0x00000000,1,-0.65696,-0.64651,-0.00798,1.47006,1.46882,8,0x00000000,1
52.5140,0.03102,0.42965,-39.45361,0.03102,0.42965,0.03417,0.43418,0.11508,0.87678,0.08091,0.44261,0.08091,0.44261,0.00000,0.00000,0,0.00038,-0.63535,-0.62734,-0.01281,1.99933,2.08438,8,0x00000000,1,-0.58567,-0.60011,0.05502,-1.31802,-1.40830,8,0x00000000,1,-0.59636,-0.59660,0.00239,-0.29244,-0.35971,8,0x00000000,1,-0.59311,-0.58344,0.00494,5.28892,5.26690,8,0x00000000,1,-0.57218,-0.58030,-0.00297,1.13478,1.17325,8,0x00000000,1,-0.65684,-0.64714,-0.00018,1.58967,1.62354,8,0x00000000,1
52.6138,0.03898,0.35604,-39.52393,-0.96102,0.35604,-0.20157,0.39707,0.06829,0.86477,0.27849,0.46770,0.26986,0.46770,1.00000,0.00000,1,0.00027,-0.64017,-0.62797,-0.01014,2.12782,2.12482,8,0x00000000,1,-0.57707,-0.58451,0.17828,-0.00115,-0.13348,8,0x00000000,1,-0.58763,-0.59631,0.00039,-0.30110,-0.21918,8,0x00000000,1,-0.59578,-0.58405,-0.00845,5.25270,5.22783,8,0x00000000,1,-0.57614,-0.58025,-0.00287,1.00229,0.86665,8,0x00000000,1,-0.66274,-0.64780,0.00142,1.71565,1.61516,8,0x00000000,1
52.7168,-0.01802,-0.12137,-39.49696,-1.01802,-0.12137,-0.83907,0.17310,0.08319,0.85580,0.92226,0.68270,0.92226,0.68270,1.00000,0.00000,0,0.00029,-0.66216,-0.64071,-0.14655,2.94621,3.05035,8,0x00000000,1,-0.54781,-0.54365,0.58211,0.83749,0.36797,8,0x00000000,1,-0.55711,-0.56510,0.06358,-1.23912,-0.48799,8,0x00000000,1,-0.59961,-0.58786,-0.02012,5.83744,5.81476,8,0x00000000,1,-0.58497,-0.58053,0.00593,2.19979,2.22509,8,0x00000000,1,-0.68804,-0.66224,-0.11253,2.93022,2.78963,8,0x00000000,1
52.8193,0.05034,-0.33354,-39.57943,-0.94966,-0.33354,-0.95972,-0.18308,0.10979,0.85691,1.06951,1.03999,1.06951,1.03999,1.00000,0.00000,0,0.00048,-0.68002,-0.65298,-0.04749,3.95834,3.92707,8,0x00000000,1,-0.54228,-0.53447,0.00476,-0.18477,-0.15180,8,0x00000000,1,-0.54929,-0.55704,0.07912,-0.92844,-0.97557,8,0x00000000,1,-0.58763,-0.58805,-0.00662,4.79178,4.92040,8,0x00000000,1,-0.57522,-0.58037,0.00377,1.19765,1.20432,8,0x00000000,1,-0.70541,-0.67432,-0.05282,3.80426,3.90248,8,0x00000000,1
52.9226,0.05333,-0.41467,-39.53308,-0.94667,-0.41467,-0.96167,-0.35081,0.13725,0.86492,1.09892,1.21573,1.09892,1.21573,1.00000,0.00000,0,0.00033,-0.68795,-0.65741,-0.02458,4.51437,4.71921,8,0x00000000,1,-0.54154,-0.53448,-0.00036,-0.04687,-0.14619,8,0x00000000,1,-0.54741,-0.55005,0.10159,-0.43258,-0.55360,8,0x00000000,1,-0.58090,-0.58795,-0.00544,4.37730,4.40273,8,0x00000000,1,-0.56930,-0.58025,-0.00698,0.72151,0.73230,8,0x00000000,1,-0.71282,-0.67713,-0.02564,4.43243,4.35929,8,0x00000000,1
53.0254,0.04487,-0.49728,-39.46368,-0.95513,-0.49728,-0.95648,-0.45025,0.16446,0.87646,1.12094,1.32671,1.12094,1.32671,1.00000,0.00000,0,0.00175,-0.69303,-0.65995,-0.03856,4.87198,4.93049,8,0x00000000,1,-0.54091,-0.53449,0.00171,0.02613,0.11516,8,0x00000000,1,-0.54606,-0.54155,0.00350,-0.20252,-0.16573,8,0x00000000,1,-0.57673,-0.58781,0.00165,4.08217,4.16014,8,0x00000000,1,-0.56565,-0.58010,0.00049,0.39956,0.47975,8,0x00000000,1,-0.71759,-0.67988,-0.03606,4.92207,4.95096,8,0x00000000,1
53.1248,0.07886,-0.51449,-39.46219,-0.92114,-0.51449,-0.93250,-0.49724,0.19135,0.89010,1.12385,1.38734,1.12385,1.38734,1.00000,0.00000,0,0.00027,-0.69563,-0.66225,-0.01999,5.32271,5.10886,8,0x00000000,1,-0.54099,-0.53449,-0.00028,0.13099,0.03261,8,0x00000000,1,-0.54575,-0.54114,0.00241,-0.15324,-0.26008,8,0x00000000,1,-0.57427,-0.58767,-0.00657,3.76508,3.83226,8,0x00000000,1,-0.56342,-0.57989,0.01069,0.06521,0.05175,8,0x00000000,1,-0.71996,-0.68434,-0.04768,5.08622,5.01012,8,0x00000000,1
53.2253,0.14342,-0.56041,-39.41081,-0.85658,-0.56041,-0.89211,-0.53362,0.21743,0.90478,1.10954,1.43840,1.10954,1.43840,1.00000,0.00000,0,0.00035,-0.69748,-0.66538,-0.04236,5.56429,5.67987,8,0x00000000,1,-0.54183,-0.53450,-0.00243,0.25628,0.22132,8,0x00000000,1,-0.54624,-0.54105,0.00116,-0.07653,-0.08395,8,0x00000000,1,-0.57187,-0.58746,0.00880,3.50761,3.42279,8,0x00000000,1,-0.56110,-0.57968,0.00718,-0.22665,-0.12550,8,0x00000000,1,-0.72151,-0.69407,-0.15528,4.68681,4.75371,8,0x00000000,1
53.3289,0.28978,-0.64263,-39.34605,-0.71022,-0.64263,-0.78643,-0.60053,0.24145,0.92091,1.02788,1.52144,1.02788,1.52144,1.00000,0.00000,0,0.00041,-0.69932,-0.67196,-0.04996,5.58092,5.46403,8,0x00000000,1,-0.54590,-0.53460,-0.00439,0.65560,0.49205,8,0x00000000,1,-0.54969,-0.54111,-0.00006,0.27497,0.23169,8,0x00000000,1,-0.56684,-0.58692,0.00294,2.95716,2.98156,8,0x00000000,1,-0.55580,-0.57912,0.00938,-0.79177,-0.58720,8,0x00000000,1,-0.72249,-0.71051,-0.06968,4.11034,4.11918,8,0x00000000,1
53.4333,0.34526,-0.69255,-39.38409,-0.65474,-0.69255,-0.69534,-0.66297,0.26236,0.93900,0.95770,1.60198,0.95770,1.60198,1.00000,0.00000,0,0.00098,-0.70129,-0.68170,-0.12440,5.15988,5.21916,8,0x00000000,1,-0.54943,-0.53521,-0.01793,0.96497,0.91354,8,0x00000000,1,-0.55262,-0.54140,-0.00600,0.56708,0.54816,8,0x00000000,1,-0.56214,-0.58609,0.00612,2.47222,2.46680,8,0x00000000,1,-0.55089,-0.57857,0.00062,-1.44824,-1.37986,8,0x00000000,1,-0.72368,-0.71320,-0.01927,4.26466,4.07073,8,0x00000000,1
53.5329,0.41652,-0.75276,-39.43891,-0.58348,-0.75276,-0.61987,-0.72102,0.28104,0.95874,0.90091,1.67976,0.90091,1.67976,1.00000,0.00000,0,0.00029,-0.70341,-0.69320,-0.06034,4.92048,4.86494,8,0x00000000,1,-0.55234,-0.53612,-0.01831,1.27949,1.31160,8,0x00000000,1,-0.55495,-0.54169,0.00461,0.87690,0.80919,8,0x00000000,1,-0.55782,-0.58472,0.02682,1.98496,2.11417,8,0x00000000,1,-0.54645,-0.57311,0.11467,-1.36220,-1.44727,8,0x00000000,1,-0.72512,-0.71494,-0.00026,4.31751,4.40983,8,0x00000000,1
53.6348,0.47302,-0.76532,-39.44674,-0.52698,-0.76532,-0.55767,-0.75415,0.29774,0.97988,0.85541,1.73403,0.85541,1.73403,1.00000,0.00000,0,0.00050,-0.70477,-0.69678,-0.01369,4.99054,5.14618,8,0x00000000,1,-0.55464,-0.53768,-0.01669,1.52758,1.36125,8,0x00000000,1,-0.55684,-0.54211,-0.00839,1.11936,1.14694,8,0x00000000,1,-0.55469,-0.58223,0.02158,1.60871,1.62690,8,0x00000000,1,-0.54319,-0.56624,0.05330,-1.58728,-1.57844,8,0x00000000,1,-0.72597,-0.71646,-0.02210,4.43545,4.31693,8,0x00000000,1
53.7369,0.55340,-0.76707,-39.37226,-0.44660,-0.76707,-0.49778,-0.76100,0.31286,1.00154,0.81064,1.76254,0.81064,1.76254,1.00000,0.00000,0,0.00036,-0.70507,-0.69836,-0.02390,5.01363,5.08670,8,0x00000000,1,-0.55682,-0.53940,-0.02238,1.72124,1.68859,8,0x00000000,1,-0.55878,-0.54248,-0.01105,1.35524,1.25012,8,0x00000000,1,-0.55264,-0.58117,0.00143,1.23527,1.23545,8,0x00000000,1,-0.54093,-0.55495,0.06780,-1.14643,-1.09463,8,0x00000000,1,-0.72587,-0.71791,-0.01142,4.45448,4.50367,8,0x00000000,1
53.8390,0.58721,-0.74944,-39.33395,-0.41279,-0.74944,-0.43923,-0.75572,0.32606,1.02319,0.76529,1.77891,0.76529,1.77891,1.00000,0.00000,0,0.00136,-0.70484,-0.69941,-0.00664,4.98475,5.08308,8,0x00000000,1,-0.55898,-0.54087,-0.00112,2.07844,2.10709,8,0x00000000,1,-0.56078,-0.54308,-0.01147,1.67461,1.56359,8,0x00000000,1,-0.55108,-0.57998,0.01784,0.85223,0.97890,8,0x00000000,1,-0.53912,-0.54950,0.08827,-0.99746,-0.91214,8,0x00000000,1,-0.72530,-0.71881,-0.01483,4.42053,4.16336,8,0x00000000,1
53.9364,0.64200,-0.74529,-39.29731,-0.35800,-0.74529,-0.38214,-0.74852,0.33768,1.04460,0.71982,1.79313,0.71982,1.79313,1.00000,0.00000,0,0.00028,-0.70453,-0.70010,-0.00653,4.93418,5.15036,8,0x00000000,1,-0.56114,-0.54204,-0.01901,2.34358,2.46610,8,0x00000000,1,-0.56280,-0.54385,-0.00654,1.97902,2.05311,8,0x00000000,1,-0.54961,-0.57910,0.00462,0.43688,0.50594,8,0x00000000,1,-0.53739,-0.54454,0.02221,-1.09849,-1.03324,8,0x00000000,1,-0.72464,-0.71971,-0.00121,4.39742,4.38038,8,0x00000000,1
54.0394,0.65365,-0.74514,-39.28422,-0.34635,-0.74514,-0.35468,-0.74640,0.34812,1.06590,0.70280,1.81230,0.70280,1.81230,1.00000,0.00000,0,0.00030,-0.70499,-0.70076,-0.02211,4.97532,4.98547,8,0x00000000,1,-0.56200,-0.54312,-0.01389,2.52120,2.52600,8,0x00000000,1,-0.56351,-0.54466,-0.01018,2.15279,2.05503,8,0x00000000,1,-0.54848,-0.57804,0.00069,0.08961,0.20272,8,0x00000000,1,-0.53622,-0.54254,0.03007,-1.06598,-1.20108,8,0x00000000,1,-0.72491,-0.72099,-0.01373,4.36816,4.31129,8,0x00000000,1
54.1395,0.67453,-0.74217,-39.25991,-0.32547,-0.74217,-0.33927,-0.74517,0.35802,1.08717,0.69729,1.83234,0.69729,1.83234,1.00000,0.00000,0,0.00043,-0.70572,-0.70127,0.00538,5.11471,5.10222,8,0x00000000,1,-0.56232,-0.54410,-0.00940,2.69491,2.69384,8,0x00000000,1,-0.56369,-0.54555,-0.00524,2.33902,2.44181,8,0x00000000,1,-0.54755,-0.57688,0.01627,-0.23457,-0.10918,8,0x00000000,1,-0.53531,-0.53897,0.11193,-0.69966,-0.77366,8,0x00000000,1,-0.72552,-0.72282,-0.01959,4.33381,4.12638,8,0x00000000,1
54.2391,0.78125,-0.73109,-39.17738,-0.21875,-0.73109,-0.26440,-0.73430,0.36673,1.10820,0.63113,1.84251,0.63113,1.84251,1.00000,0.00000,0,0.00037,-0.70482,-0.70188,-0.01309,5.02516,5.07075,8,0x00000000,1,-0.56543,-0.54574,-0.02085,2.99079,3.12244,8,0x00000000,1,-0.56666,-0.54734,-0.03136,2.55483,2.65329,8,0x00000000,1,-0.54584,-0.57548,0.01518,-0.59507,-0.43632,8,0x00000000,1,-0.53319,-0.52918,0.02449,-0.45313,-0.26523,8,0x00000000,1,-0.72417,-0.72872,-0.04152,3.76083,3.72818,8,0x00000000,1
54.3396,0.84559,-0.70667,-39.13565,-0.15441,-0.70667,-0.19885,-0.72335,0.37328,1.12902,0.57212,1.85237,0.57212,1.85237,1.00000,0.00000,0,0.00050,-0.70405,-0.70245,-0.00122,5.00260,5.02758,8,0x00000000,1,-0.56820,-0.54868,-0.03972,3.16514,3.12849,8,0x00000000,1,-0.56930,-0.55116,-0.06892,2.60771,2.49606,8,0x00000000,1,-0.54428,-0.57330,0.01416,-0.90366,-0.81753,8,0x00000000,1,-0.53128,-0.52310,0.12393,0.20690,-0.00575,8,0x00000000,1,-0.72299,-0.73105,-0.01991,3.52707,3.51096,8,0x00000000,1
54.4414,0.88208,-0.62960,-39.15094,-0.11792,-0.62960,-0.14142,-0.66853,0.37800,1.14893,0.51942,1.81747,0.51942,1.81747,1.00000,0.00000,0,0.00157,-0.70152,-0.70272,0.00286,4.75091,4.87367,8,0x00000000,1,-0.57052,-0.55364,-0.04305,3.20116,3.08336,8,0x00000000,1,-0.57180,-0.56226,-0.08955,2.19096,2.20089,8,0x00000000,1,-0.54470,-0.57205,0.01551,-1.14236,-1.26617,8,0x00000000,1,-0.53123,-0.52146,-0.00331,0.08881,0.14317,8,0x00000000,1,-0.72030,-0.73135,0.00399,3.26329,3.20390,8,0x00000000,1
54.5400,0.89562,-0.56948,-39.17788,-0.10438,-0.56948,-0.11486,-0.60038,0.38158,1.16693,0.49645,1.76731,0.49645,1.76731,1.00000,0.00000,0,0.00035,-0.69896,-0.70274,-0.00137,4.58005,4.65877,8,0x00000000,1,-0.57140,-0.55703,-0.03496,3.21951,3.26477,8,0x00000000,1,-0.57300,-0.56708,-0.01406,2.23190,2.31388,8,0x00000000,1,-0.54633,-0.57132,0.00348,-1.26730,-1.25133,8,0x00000000,1,-0.53254,-0.52146,-0.00549,0.33500,0.26011,8,0x00000000,1,-0.71780,-0.73137,0.00647,2.91733,2.98909,8,0x00000000,1
54.6423,0.90095,-0.54243,-39.16267,-0.09905,-0.54243,-0.10391,-0.55937,0.38466,1.18338,0.48857,1.74275,0.48857,1.74275,1.00000,0.00000,0,0.00180,-0.69778,-0.70270,0.00703,4.53234,4.49612,8,0x00000000,1,-0.57167,-0.56069,-0.05238,3.08538,3.32394,8,0x00000000,1,-0.57344,-0.56779,-0.00339,2.30045,2.31044,8,0x00000000,1,-0.54719,-0.57047,0.01408,-1.45798,-1.38224,8,0x00000000,1,-0.53327,-0.52145,0.00185,0.49086,0.53941,8,0x00000000,1,-0.71667,-0.73138,-0.00367,2.66277,2.78813,8,0x00000000,1
54.7435,0.90159,-0.50620,-39.13161,-0.09841,-0.50620,-0.09876,-0.52675,0.38753,1.19886,0.48628,1.72561,0.48628,1.72561,1.00000,0.00000,0,0.00075,-0.69701,-0.70268,0.01770,4.40317,4.52266,8,0x00000000,1,-0.57172,-0.56580,-0.04416,2.88768,2.84983,8,0x00000000,1,-0.57360,-0.56826,-0.00153,2.33249,2.36033,8,0x00000000,1,-0.54785,-0.56925,0.02478,-1.58749,-1.56516,8,0x00000000,1,-0.53387,-0.52144,0.01005,0.70906,0.67927,8,0x00000000,1,-0.71596,-0.73135,0.00119,2.51076,2.54746,8,0x00000000,1
54.8447,0.90859,-0.47679,-39.12019,-0.09141,-0.47679,-0.09557,-0.49236,0.39032,1.21333,0.48589,1.70569,0.48589,1.70569,1.00000,0.00000,0,0.00032,-0.69617,-0.70269,0.01140,4.25057,4.18542,8,0x00000000,1,-0.57166,-0.56889,-0.02492,2.76226,2.69819,8,0x00000000,1,-0.57368,-0.56855,-0.00489,2.37451,2.24236,8,0x00000000,1,-0.54867,-0.56793,0.01836,-1.68194,-1.69921,8,0x00000000,1,-0.53462,-0.52147,-0.00472,0.89162,0.97444,8,0x00000000,1,-0.71520,-0.73134,-0.00087,2.23958,2.25079,8,0x00000000,1
54.9462,0.92220,-0.45278,-39.12769,-0.07780,-0.45278,-0.08708,-0.46742,0.39294,1.22697,0.48003,1.69439,0.48003,1.69439,1.00000,0.00000,0,0.00030,-0.69558,-0.70268,-0.01095,4.10622,4.34363,8,0x00000000,1,-0.57189,-0.57074,-0.01067,2.74683,2.93975,8,0x00000000,1,-0.57399,-0.56883,-0.00134,2.42987,2.45093,8,0x00000000,1,-0.54902,-0.56483,0.03636,-1.62650,-1.64163,8,0x00000000,1,-0.53489,-0.52147,-0.00182,1.07550,1.05740,8,0x00000000,1,-0.71462,-0.73130,0.00066,2.00696,2.10941,8,0x00000000,1
55.0484,0.93568,-0.43281,-39.12595,-0.06432,-0.43281,-0.07251,-0.44424,0.39521,1.23993,0.46772,1.68417,0.46772,1.68417,1.00000,0.00000,0,0.00103,-0.69491,-0.70260,0.00968,4.00969,4.00007,8,0x00000000,1,-0.57242,-0.57178,-0.00974,2.73211,2.79216,8,0x00000000,1,-0.57458,-0.56908,-0.00233,2.51883,2.42065,8,0x00000000,1,-0.54920,-0.56199,0.03287,-1.65462,-1.56507,8,0x00000000,1,-0.53496,-0.52149,-0.00792,1.20500,1.28622,8,0x00000000,1,-0.71391,-0.73124,0.00137,1.75129,1.71234,8,0x00000000,1
55.1489,0.94555,-0.41848,-39.13744,-0.05445,-0.41848,-0.05984,-0.42687,0.39708,1.25233,0.45692,1.67920,0.45692,1.67920,1.00000,0.00000,0,0.00033,-0.69448,-0.70261,-0.01170,3.85362,3.91701,8,0x00000000,1,-0.57291,-0.57246,-0.00201,2.74441,2.81491,8,0x00000000,1,-0.57508,-0.56936,0.00071,2.62249,2.62628,8,0x00000000,1,-0.54920,-0.56033,0.01799,-1.73247,-1.83360,8,0x00000000,1,-0.53487,-0.52160,-0.00403,1.37037,1.31024,8,0x00000000,1,-0.71344,-0.73123,-0.00733,1.50524,1.45687,8,0x00000000,1
55.2522,0.95582,-0.40356,-39.14876,-0.04418,-0.40356,-0.05028,-0.41181,0.39864,1.26427,0.44891,1.67608,0.44891,1.67608,1.00000,0.00000,0,0.00036,-0.69419,-0.70253,0.00715,3.76861,3.64052,8,0x00000000,1,-0.57327,-0.57304,-0.00141,2.71004,2.82661,8,0x00000000,1,-0.57546,-0.56964,-0.00240,2.70137,2.82033,8,0x00000000,1,-0.54917,-0.55825,0.02734,-1.65702,-1.48084,8,0x00000000,1,-0.53478,-0.52173,-0.00799,1.51383,1.45485,8,0x00000000,1,-0.71311,-0.73118,-0.01135,1.25548,1.23600,8,0x00000000,1
55.3525,0.98128,-0.38691,-39.17103,-0.01872,-0.38691,-0.03429,-0.39704,0.39987,1.27579,0.43415,1.67283,0.43415,1.67283,1.00000,0.00000,0,0.00039,-0.69376,-0.70250,-0.00115,3.68017,3.69190,8,0x00000000,1,-0.57394,-0.57351,-0.00948,2.71963,2.70407,8,0x00000000,1,-0.57614,-0.56989,-0.00363,2.77737,2.77176,8,0x00000000,1,-0.54902,-0.55215,0.14260,-1.03825,-1.03144,8,0x00000000,1,-0.53452,-0.52185,-0.00462,1.65347,1.53355,8,0x00000000,1,-0.71260,-0.73109,-0.00578,1.04046,1.01121,8,0x00000000,1
55.4534,1.02937,-0.35060,-39.23491,0.02937,-0.35060,0.01071,-0.36385,0.40015,1.28665,0.38944,1.65050,0.38944,1.65050,1.00000,0.00000,16,0.00105,-0.69193,-0.70237,0.01212,3.35121,3.33709,8,0x00000000,1,-0.57593,-0.57412,-0.02548,2.83767,2.86767,8,0x00000000,1,-0.57824,-0.57035,-0.00604,3.02957,2.90810,8,0x00000000,1,-0.54907,-0.54404,0.01166,-0.82685,-0.84178,8,0x00000000,1,-0.53420,-0.52195,-0.00631,1.78740,1.92366,8,0x00000000,1,-0.71059,-0.73093,-0.00529,0.63549,0.66367,8,0x00000000,1
55.5536,1.03282,-0.34837,-39.23986,0.03282,-0.34837,0.02919,-0.35153,0.39965,1.29681,0.37046,1.64833,0.37046,1.64833,1.00000,0.00000,0,0.00036,-0.69145,-0.70232,0.00414,3.22976,3.13737,8,0x00000000,1,-0.57680,-0.57473,-0.01076,2.86690,2.89678,8,0x00000000,1,-0.57911,-0.57089,-0.00708,3.09916,3.13200,8,0x00000000,1,-0.54879,-0.54382,0.00337,-0.81623,-0.86659,8,0x00000000,1,-0.53379,-0.52207,-0.00565,1.89934,1.85360,8,0x00000000,1,-0.71001,-0.73081,0.00379,0.37732,0.41422,8,0x00000000,1
55.6573,1.03235,-0.34457,-39.23889,1.03235,-0.34457,0.62249,-0.34721,0.44509,1.30676,-0.17739,1.65397,-0.17739,1.65397,0.00000,0.00000,0,0.00030,-0.68067,-0.70183,0.00570,2.09588,2.13347,8,0x00000000,1,-0.60223,-0.57943,-0.23417,4.47235,4.45244,8,0x00000000,1,-0.60397,-0.57376,-0.14242,5.05240,5.10456,8,0x00000000,1,-0.53786,-0.54266,0.10401,-1.43694,-1.42167,8,0x00000000,1,-0.51932,-0.52212,-0.00568,1.12269,1.21033,8,0x00000000,1,-0.69588,-0.73046,0.01328,-0.67221,-0.25607,8,0x00000000,1
55.7597,1.15300,0.14519,-39.39747,1.15300,0.14519,1.02028,-0.08181,0.42043,1.31380,-0.59985,1.39562,-0.59985,1.39562,0.00000,0.00000,0,0.00040,-0.66138,-0.69972,0.04022,0.91097,1.04084,8,0x00000000,1,-0.62081,-0.60788,-0.13133,3.86865,3.82335,8,0x00000000,1,-0.62410,-0.60929,-0.17875,3.66551,3.61257,8,0x00000000,1,-0.54026,-0.53389,-0.01255,-0.60928,-0.74360,8,0x00000000,1,-0.51821,-0.52201,-0.00472,0.91314,0.69321,8,0x00000000,1,-0.67510,-0.71530,0.35045,-1.04411,-1.10006,8,0x00000000,1
55.8627,1.13729,0.35702,-39.46458,1.13729,0.35702,1.11047,0.21531,0.38960,1.31140,-0.72087,1.09609,-0.72087,1.09609,0.00000,0.00000,0,0.00034,-0.64646,-0.69460,0.07921,-0.13969,-0.07273,8,0x00000000,1,-0.62522,-0.61205,-0.00273,4.08435,4.09835,8,0x00000000,1,-0.63071,-0.62782,-0.17719,2.75114,2.98933,8,0x00000000,1,-0.55027,-0.53467,-0.00921,0.22553,0.03483,8,0x00000000,1,-0.52650,-0.52201,-0.00057,1.54803,1.57280,8,0x00000000,1,-0.66061,-0.70465,0.10254,-2.34994,-2.42212,8,0x00000000,1
55.9662,1.04931,0.51513,-39.68378,1.04931,0.51513,1.10959,0.40806,0.35763,1.30227,-0.75196,0.89421,-0.75196,0.89421,0.00000,0.00000,0,0.00114,-0.63743,-0.68719,0.12191,-0.71320,-0.73949,8,0x00000000,1,-0.62585,-0.61278,-0.01114,4.21113,4.11280,8,0x00000000,1,-0.63286,-0.63917,-0.00922,2.52685,2.57755,8,0x00000000,1,-0.55801,-0.53598,-0.01809,0.69965,0.62090,8,0x00000000,1,-0.53339,-0.52219,-0.00853,2.00377,1.90857,8,0x00000000,1,-0.65216,-0.67067,0.15879,-0.74116,-0.47543,8,0x00000000,1
56.0674,0.92087,0.62427,-39.65351,0.92087,0.62427,0.97119,0.53806,0.32823,1.28865,-0.64296,0.75059,-0.64296,0.75059,0.00000,0.00000,0,0.00031,-0.63365,-0.66383,0.00885,-0.02887,0.16036,8,0x00000000,1,-0.62024,-0.61290,0.00343,3.82547,3.74838,8,0x00000000,1,-0.62840,-0.63930,0.00813,2.08526,2.04286,8,0x00000000,1,-0.56610,-0.53919,-0.01743,1.39563,1.34870,8,0x00000000,1,-0.54168,-0.52357,-0.01992,2.57442,2.67947,8,0x00000000,1,-0.64956,-0.67029,0.00414,-1.43592,-1.37106,8,0x00000000,1
56.1673,0.87889,0.63502,-39.63802,0.87889,0.63502,0.91175,0.60427,0.30139,1.27206,-0.61036,0.66779,-0.61036,0.66779,0.00000,0.00000,0,0.00029,-0.63086,-0.65935,0.01646,-0.29614,-0.15927,8,0x00000000,1,-0.61841,-0.61293,-0.00987,3.82736,3.74295,8,0x00000000,1,-0.62721,-0.63931,-0.00233,1.87660,1.92889,8,0x00000000,1,-0.57017,-0.54157,-0.01368,1.81028,1.87334,8,0x00000000,1,-0.54568,-0.52783,-0.03016,2.80101,2.86663,8,0x00000000,1,-0.64728,-0.66809,0.02688,-1.68945,-1.69647,8,0x00000000,1
56.2692,0.86505,0.64900,-39.64764,0.86505,0.64900,0.88464,0.63458,0.27590,1.25425,-0.60874,0.61968,-0.60874,0.61968,0.00000,0.00000,0,0.00085,-0.62889,-0.65692,0.02332,-0.59070,-0.56219,8,0x00000000,1,-0.61814,-0.61297,-0.00092,3.94680,3.98969,8,0x00000000,1,-0.62731,-0.63932,-0.00610,1.74232,1.78839,8,0x00000000,1,-0.57220,-0.54305,-0.00722,2.12987,2.08529,8,0x00000000,1,-0.54756,-0.52994,-0.02099,2.95426,2.92096,8,0x00000000,1,-0.64550,-0.66490,0.06113,-1.73100,-1.72934,8,0x00000000,1
56.3682,0.82402,0.67464,-39.67384,0.82402,0.67464,0.84652,0.66483,0.25125,1.23569,-0.59527,0.57086,-0.59527,0.57086,0.00000,0.00000,0,0.00025,-0.62713,-0.65461,0.02115,-0.83631,-0.78016,8,0x00000000,1,-0.61733,-0.61307,0.00693,3.93276,4.05688,8,0x00000000,1,-0.62687,-0.63928,0.00231,1.57687,1.63711,8,0x00000000,1,-0.57449,-0.54463,-0.01635,2.50564,2.49911,8,0x00000000,1,-0.54977,-0.53151,-0.02853,3.23057,2.94527,8,0x00000000,1,-0.64400,-0.65876,0.08497,-1.55267,-1.62935,8,0x00000000,1
56.4694,0.77639,0.70810,-39.69765,0.77639,0.70810,0.80151,0.69136,0.22779,1.21636,-0.57372,0.52500,-0.57372,0.52500,0.00000,0.00000,0,0.00045,-0.62566,-0.65272,0.01362,-1.17992,-1.12467,8,0x00000000,1,-0.61615,-0.61315,0.00018,3.86842,3.88196,8,0x00000000,1,-0.62605,-0.63926,0.00209,1.37751,1.48840,8,0x00000000,1,-0.57682,-0.54640,-0.02534,2.87714,2.90265,8,0x00000000,1,-0.55207,-0.53328,-0.02187,3.50750,3.62197,8,0x00000000,1,-0.64283,-0.65248,0.05144,-1.45974,-1.50965,8,0x00000000,1
56.5706,0.71591,0.73612,-39.72745,0.71591,0.73612,0.75063,0.72014,0.20565,1.19624,-0.54497,0.47610,-0.54497,0.47610,0.00000,0.00000,0,0.00052,-0.62421,-0.65011,0.02761,-1.36755,-1.35971,8,0x00000000,1,-0.61464,-0.61316,-0.00283,3.79689,3.76346,8,0x00000000,1,-0.62491,-0.63921,-0.00302,1.13201,1.20320,8,0x00000000,1,-0.57941,-0.54873,-0.03633,3.23353,3.10535,8,0x00000000,1,-0.55468,-0.53575,-0.03712,3.71129,3.73795,8,0x00000000,1,-0.64173,-0.64629,0.01632,-1.29095,-1.23879,8,0x00000000,1
56.6739,0.64876,0.73941,-39.72392,0.64876,0.73941,0.69153,0.73628,0.18511,1.17543,-0.50642,0.43914,-0.50642,0.43914,0.00000,0.00000,0,0.00115,-0.62344,-0.64532,0.08597,-1.24423,-1.26852,8,0x00000000,1,-0.61271,-0.61315,0.00199,3.70021,3.57834,8,0x00000000,1,-0.62328,-0.63908,0.00586,0.86985,0.84389,8,0x00000000,1,-0.58171,-0.55361,-0.07927,3.29814,3.41684,8,0x00000000,1,-0.55708,-0.54308,-0.08026,3.42693,3.50807,8,0x00000000,1,-0.64133,-0.64506,0.00415,-1.32397,-1.27760,8,0x00000000,1
56.7745,0.54487,0.73303,-39.69389,0.54487,0.73303,0.59536,0.73869,0.16681,1.15437,-0.42855,0.41568,-0.42855,0.41568,0.00000,0.00000,0,0.00023,-0.62403,-0.64138,0.00880,-1.38029,-1.31476,8,0x00000000,1,-0.60903,-0.61314,0.00240,3.41230,3.43337,8,0x00000000,1,-0.61979,-0.63887,0.00296,0.38919,0.51388,8,0x00000000,1,-0.58421,-0.56208,-0.07826,3.22473,3.24982,8,0x00000000,1,-0.55999,-0.54740,-0.03656,3.63650,3.69865,8,0x00000000,1,-0.64248,-0.64475,0.00528,-1.24082,-1.46534,8,0x00000000,1
56.8777,0.47799,0.70625,-39.66481,0.47799,0.70625,0.51654,0.71739,0.15109,1.13365,-0.36546,0.41626,-0.36546,0.41626,0.00000,0.00000,0,0.00029,-0.62532,-0.64036,0.01492,-1.39563,-1.37122,8,0x00000000,1,-0.60613,-0.61315,-0.00499,3.12304,3.03744,8,0x00000000,1,-0.61690,-0.63852,0.00483,-0.02698,0.16826,8,0x00000000,1,-0.58543,-0.56864,-0.06244,3.15351,3.06746,8,0x00000000,1,-0.56160,-0.55096,-0.05195,3.60106,3.58712,8,0x00000000,1,-0.64415,-0.64473,0.00489,-1.15179,-1.10084,8,0x00000000,1
56.9800,0.40363,0.67525,-39.67321,0.40363,0.67525,0.44237,0.68955,0.13747,1.11362,-0.30489,0.42407,-0.30489,0.42407,0.00000,0.00000,0,0.00043,-0.62686,-0.63935,0.01184,-1.41757,-1.54486,8,0x00000000,1,-0.60337,-0.61312,0.00624,2.90678,2.84273,8,0x00000000,1,-0.61409,-0.63808,0.00805,-0.42789,-0.36316,8,0x00000000,1,-0.58630,-0.57260,-0.01305,3.22497,3.14451,8,0x00000000,1,-0.56288,-0.55618,-0.03239,3.47175,3.51266,8,0x00000000,1,-0.64603,-0.64474,-0.00252,-0.99539,-0.94341,8,0x00000000,1
57.0830,0.36319,0.66387,-39.66545,0.36319,0.66387,0.38967,0.67105,0.12572,1.09427,-0.26395,0.42322,-0.26395,0.42322,0.00000,0.00000,0,0.00043,-0.62764,-0.63758,0.02906,-1.30294,-1.49247,8,0x00000000,1,-0.60148,-0.61309,0.00315,2.66299,2.57978,8,0x00000000,1,-0.61222,-0.63735,0.01449,-0.77504,-0.71995,8,0x00000000,1,-0.58714,-0.57437,-0.00825,3.33426,3.37505,8,0x00000000,1,-0.56397,-0.55833,-0.01345,3.49346,3.55395,8,0x00000000,1,-0.64707,-0.64476,0.00474,-0.92437,-0.88406,8,0x00000000,1
57.1851,0.26573,0.71746,-39.56808,0.26573,0.71746,0.32591,0.68467,0.11540,1.07512,-0.21051,0.39044,-0.21051,0.39044,0.00000,0.00000,0,0.00036,-0.62735,-0.62029,0.00753,-0.32544,-0.16016,8,0x00000000,1,-0.59889,-0.61306,0.00096,2.36690,2.25408,8,0x00000000,1,-0.60989,-0.63631,0.00976,-1.14076,-1.12419,8,0x00000000,1,-0.58955,-0.57562,-0.01026,3.54614,3.39083,8,0x00000000,1,-0.56660,-0.56042,-0.02976,3.53308,3.57407,8,0x00000000,1,-0.64723,-0.64477,-0.00171,-0.92080,-1.01364,8,0x00000000,1
57.2901,0.19231,0.69318,-39.56823,0.19231,0.69318,0.23984,0.70647,0.10740,1.05496,-0.13244,0.34848,-0.13244,0.34848,0.00000,0.00000,0,0.00044,-0.62717,-0.61954,0.00281,-0.25697,-0.33033,8,0x00000000,1,-0.59514,-0.61292,0.00877,1.84269,1.98608,8,0x00000000,1,-0.60646,-0.63183,0.08838,-1.19854,-1.24491,8,0x00000000,1,-0.59283,-0.57760,-0.01666,3.85989,3.90590,8,0x00000000,1,-0.57023,-0.56921,-0.05555,3.24086,3.29393,8,0x00000000,1,-0.64768,-0.64475,0.00551,-0.88341,-0.78615,8,0x00000000,1
57.3930,0.12897,0.62393,-39.55726,0.12897,0.62393,0.16623,0.65819,0.10170,1.03544,-0.06452,0.37725,-0.06452,0.37725,0.00000,0.00000,0,0.00114,-0.62973,-0.61961,-0.00421,0.14348,0.08736,8,0x00000000,1,-0.59212,-0.61262,0.01209,1.45181,1.43124,8,0x00000000,1,-0.60325,-0.62310,0.08035,-1.17254,-1.16740,8,0x00000000,1,-0.59297,-0.57848,-0.00663,3.98053,4.16338,8,0x00000000,1,-0.57089,-0.57650,-0.09138,2.63119,2.51289,8,0x00000000,1,-0.65055,-0.64481,-0.00255,-0.57030,-0.51329,8,0x00000000,1
57.4942,0.07516,0.54440,-39.53653,0.07516,0.54440,0.10376,0.58848,0.09793,1.01767,-0.00583,0.42920,-0.00583,0.42920,0.00000,0.00000,0,0.00025,-0.63306,-0.61983,-0.00080,0.49173,0.20693,8,0x00000000,1,-0.58961,-0.61214,0.00839,1.11110,1.09287,8,0x00000000,1,-0.60038,-0.60762,0.40644,0.45230,-0.16648,8,0x00000000,1,-0.59197,-0.57895,-0.00323,4.08768,4.06507,8,0x00000000,1,-0.57044,-0.58047,0.00398,2.49259,2.57470,8,0x00000000,1,-0.65406,-0.64495,0.00278,-0.29561,-0.35975,8,0x00000000,1
57.5954,0.04736,0.45456,-39.43627,0.04736,0.45456,0.05517,0.48671,0.09573,1.00258,0.04056,0.51587,0.04056,0.51587,0.00000,0.00000,0,0.00035,-0.63759,-0.62058,-0.01325,0.86741,0.84995,8,0x00000000,1,-0.58781,-0.61148,0.00883,0.75593,0.84479,8,0x00000000,1,-0.59796,-0.59949,0.01075,-0.34455,-0.36042,8,0x00000000,1,-0.58928,-0.57920,-0.00521,3.95286,3.89417,8,0x00000000,1,-0.56834,-0.58049,-0.01179,2.15519,2.04185,8,0x00000000,1,-0.65855,-0.64516,-0.00362,0.12829,0.15661,8,0x00000000,1
57.6994,0.03664,0.44302,-39.43010,0.03664,0.44302,0.04077,0.45556,0.09432,0.98923,0.05355,0.53368,0.05355,0.53368,0.00000,0.00000,0,0.00042,-0.63859,-0.62123,-0.00694,1.04677,1.06268,8,0x00000000,1,-0.58727,-0.61090,0.01092,0.44973,0.59497,8,0x00000000,1,-0.59730,-0.59825,0.01277,-0.27182,-0.26025,8,0x00000000,1,-0.58879,-0.57943,-0.01017,4.05874,4.06733,8,0x00000000,1,-0.56800,-0.58047,-0.00384,2.04840,2.10897,8,0x00000000,1,-0.65957,-0.64527,0.00005,0.34690,0.26447,8,0x00000000,1
57.7984,0.03599,0.44146,-39.43273,0.03599,0.44146,0.03888,0.44477,0.09315,0.97644,0.05427,0.53168,0.05427,0.53168,0.00000,0.00000,0,0.00031,-0.63852,-0.62171,-0.01009,1.19463,1.08447,8,0x00000000,1,-0.58723,-0.61026,0.00808,0.22607,0.31845,8,0x00000000,1,-0.59727,-0.59796,0.00066,-0.30090,-0.40703,8,0x00000000,1,-0.58889,-0.57967,-0.00123,4.19220,4.28751,8,0x00000000,1,-0.56810,-0.58044,0.00104,1.93552,1.93283,8,0x00000000,1,-0.65951,-0.64532,0.00742,0.49290,0.45387,8,0x00000000,1
57.9042,0.03079,0.43935,-39.41630,0.03079,0.43935,0.03392,0.44098,0.09211,0.96382,0.05818,0.52285,0.05818,0.52285,0.00000,0.00000,0,0.00059,-0.63824,-0.62228,-0.00308,1.36489,1.34664,8,0x00000000,1,-0.58702,-0.60950,0.01546,-0.00565,0.03734,8,0x00000000,1,-0.59713,-0.59780,-0.00341,-0.30628,-0.38467,8,0x00000000,1,-0.58933,-0.57998,-0.00303,4.31620,4.31824,8,0x00000000,1,-0.56854,-0.58044,-0.00556,1.76069,1.79443,8,0x00000000,1,-0.65928,-0.64539,0.00662,0.65048,0.64905,8,0x00000000,1
58.0040,0.03543,0.43903,-39.42339,0.03543,0.43903,0.03396,0.43909,0.09114,0.95129,0.05719,0.51220,0.05719,0.51220,0.00000,0.00000,0,0.00063,-0.63777,-0.62276,-0.00140,1.47841,1.49640,8,0x00000000,1,-0.58703,-0.60883,0.00958,-0.20617,-0.20486,8,0x00000000,1,-0.59721,-0.59772,0.00265,-0.29883,-0.24602,8,0x00000000,1,-0.58976,-0.58028,-0.00390,4.43085,4.44581,8,0x00000000,1,-0.56892,-0.58043,-0.00220,1.66894,1.60710,8,0x00000000,1,-0.65885,-0.64547,0.00444,0.78376,0.68111,8,0x00000000,1
58.1083,0.03160,0.44040,-39.41543,0.03160,0.44040,0.03210,0.43971,0.09020,0.93876,0.05810,0.49905,0.05810,0.49905,0.00000,0.00000,0,0.00058,-0.63724,-0.62335,-0.00022,1.57676,1.68901,8,0x00000000,1,-0.58693,-0.60797,0.00394,-0.45851,-0.41430,8,0x00000000,1,-0.59721,-0.59759,-0.00456,-0.31720,-0.48942,8,0x00000000,1,-0.59032,-0.58065,-0.00767,4.56315,4.51317,8,0x00000000,1,-0.56944,-0.58040,-0.00051,1.54347,1.44316,8,0x00000000,1,-0.65838,-0.64558,-0.00244,0.89858,0.87305,8,0x00000000,1
58.2089,0.03392,0.44237,-39.41661,0.03392,0.44237,0.03255,0.44105,0.08927,0.92621,0.05671,0.48515,0.05671,0.48515,0.00000,0.00000,0,0.00106,-0.63664,-0.62396,-0.00645,1.63606,1.66266,8,0x00000000,1,-0.58695,-0.60713,0.01117,-0.61353,-0.66009,8,0x00000000,1,-0.59732,-0.59750,0.00798,-0.28368,-0.20506,8,0x00000000,1,-0.59087,-0.58101,0.00154,4.72254,4.81266,8,0x00000000,1,-0.56993,-0.58035,0.00815,1.47242,1.38436,8,0x00000000,1,-0.65781,-0.64569,-0.00837,1.00065,1.13087,8,0x00000000,1
58.3143,0.03467,0.44172,-39.41023,0.03467,0.44172,0.03365,0.44193,0.08832,0.91362,0.05467,0.47169,0.05467,0.47169,0.00000,0.00000,0,0.00038,-0.63604,-0.62469,-0.00227,1.75239,1.83294,8,0x00000000,1,-0.58699,-0.60631,0.01745,-0.82225,-0.80212,8,0x00000000,1,-0.59746,-0.59747,0.00154,-0.28017,-0.17797,8,0x00000000,1,-0.59139,-0.58148,-0.01020,4.81615,4.94958,8,0x00000000,1,-0.57039,-0.58035,-0.00417,1.33665,1.30461,8,0x00000000,1,-0.65725,-0.64580,-0.00932,1.08555,1.07895,8,0x00000000,1
58.4165,0.03330,0.44006,-39.40531,0.03330,0.44006,0.03519,0.44043,0.08734,0.90105,0.05215,0.46061,0.05215,0.46061,0.00000,0.00000,0,0.00124,-0.63553,-0.62530,-0.00552,1.84019,1.88985,8,0x00000000,1,-0.58706,-0.60556,0.01370,-0.99921,-1.08383,8,0x00000000,1,-0.59761,-0.59746,-0.00689,-0.28637,-0.33966,8,0x00000000,1,-0.59180,-0.58188,-0.00927,4.95106,5.00372,8,0x00000000,1,-0.57075,-0.58029,0.01045,1.27641,1.31845,8,0x00000000,1,-0.65676,-0.64595,-0.00075,1.19219,1.22981,8,0x00000000,1
58.5137,0.03446,0.44018,-39.41096,0.03446,0.44018,0.03353,0.44095,0.08635,0.88848,0.05283,0.44753,0.05283,0.44753,0.00000,0.00000,0,0.00029,-0.63500,-0.62570,-0.00530,1.86909,1.80641,8,0x00000000,1,-0.58698,-0.60473,0.01164,-1.16413,-1.18333,8,0x00000000,1,-0.59763,-0.59742,0.00282,-0.26339,-0.26938,8,0x00000000,1,-0.59236,-0.58236,-0.00333,5.07156,5.06363,8,0x00000000,1,-0.57126,-0.58027,0.01031,1.21453,1.21792,8,0x00000000,1,-0.65629,-0.64614,0.00366,1.31448,1.27658,8,0x00000000,1
58.6131,0.03027,0.43381,-39.39973,0.03027,0.43381,0.03088,0.43629,0.08544,0.87597,0.05456,0.43968,0.05456,0.43968,0.00000,0.00000,0,0.00033,-0.63470,-0.62611,-0.01030,1.93745,1.77096,8,0x00000000,1,-0.58687,-0.60367,0.01610,-1.29758,-1.28960,8,0x00000000,1,-0.59758,-0.59741,0.00077,-0.26981,-0.27019,8,0x00000000,1,-0.59272,-0.58288,-0.01540,5.15345,5.05437,8,0x00000000,1,-0.57161,-0.58027,-0.00350,1.08264,0.97444,8,0x00000000,1,-0.65604,-0.64645,-0.00948,1.36184,1.28885,8,0x00000000,1
58.7126,-0.01807,0.13771,-39.39205,-1.01807,0.13771,-0.78219,0.35790,0.04737,0.86392,0.82956,0.50602,0.82956,0.50602,1.00000,0.00000,0,0.00025,-0.65294,-0.63381,-0.12350,2.63382,2.83325,8,0x00000000,1,-0.55145,-0.56431,0.58261,-0.24016,-0.25675,8,0x00000000,1,-0.56191,-0.56915,0.73620,0.71949,-0.05256,8,0x00000000,1,-0.60515,-0.58690,-0.04421,6.16778,6.24276,8,0x00000000,1,-0.58927,-0.58126,-0.01904,2.61470,2.57298,8,0x00000000,1,-0.67891,-0.65698,-0.17320,2.15955,2.10871,8,0x00000000,1
58.8136,0.01203,-0.26390,-39.53082,-0.98797,-0.26390,-0.98191,-0.09304,0.07355,0.86121,1.05546,0.95425,1.05546,0.95425,1.00000,0.00000,0,0.00076,-0.67615,-0.64833,-0.10415,3.75939,3.76631,8,0x00000000,1,-0.54263,-0.53798,0.08306,-0.10134,-0.32333,8,0x00000000,1,-0.55019,-0.56149,0.07572,-1.28238,-1.28375,8,0x00000000,1,-0.59092,-0.58810,0.00576,4.83879,4.84259,8,0x00000000,1,-0.57812,-0.58121,-0.00406,1.38072,1.41952,8,0x00000000,1,-0.70181,-0.67162,-0.06598,3.38612,3.29855,8,0x00000000,1
58.9161,0.01837,-0.36685,-39.49028,-0.98163,-0.36685,-0.98791,-0.29682,0.10169,0.86727,1.08960,1.16409,1.08960,1.16409,1.00000,0.00000,0,0.00133,-0.68560,-0.65538,-0.05342,4.14940,4.01856,8,0x00000000,1,-0.54179,-0.53636,0.00453,-0.02858,0.03671,8,0x00000000,1,-0.54799,-0.55319,0.04162,-0.82336,-0.90099,8,0x00000000,1,-0.58287,-0.58797,-0.00593,4.42778,4.37595,8,0x00000000,1,-0.57102,-0.58104,-0.00655,0.83700,1.05840,8,0x00000000,1,-0.71063,-0.67516,-0.01978,3.96315,4.00419,8,0x00000000,1
59.0213,0.03671,-0.45588,-39.42231,-0.96329,-0.45588,-0.96904,-0.39468,0.12953,0.87725,1.09857,1.27193,1.09857,1.27193,1.00000,0.00000,0,0.00257,-0.69029,-0.65786,-0.02327,4.59846,4.59404,8,0x00000000,1,-0.54176,-0.53638,0.00063,0.04431,0.05054,8,0x00000000,1,-0.54725,-0.54328,0.09598,-0.00228,-0.16072,8,0x00000000,1,-0.57856,-0.58784,-0.00303,4.10586,3.90356,8,0x00000000,1,-0.56715,-0.58085,0.00195,0.55413,0.48728,8,0x00000000,1,-0.71494,-0.67807,-0.02321,4.47954,4.56585,8,0x00000000,1
59.1184,0.06285,-0.48221,-39.41608,-0.93715,-0.48221,-0.95504,-0.46270,0.15703,0.88971,1.11208,1.35242,1.11208,1.35242,1.00000,0.00000,0,0.00029,-0.69393,-0.66065,-0.04783,5.05364,5.08915,8,0x00000000,1,-0.54141,-0.53638,-0.00368,0.09666,0.03769,8,0x00000000,1,-0.54639,-0.54160,-0.00231,-0.20398,-0.29291,8,0x00000000,1,-0.57549,-0.58765,0.00386,3.79527,3.57065,8,0x00000000,1,-0.56444,-0.58073,-0.00947,0.20112,0.29679,8,0x00000000,1,-0.71833,-0.68068,-0.03842,4.91841,4.87219,8,0x00000000,1
59.2235,0.08661,-0.51103,-39.39161,-0.91339,-0.51103,-0.93123,-0.49362,0.18391,0.90337,1.11514,1.39699,1.11514,1.39699,1.00000,0.00000,0,0.00028,-0.69586,-0.66302,-0.02029,5.44282,5.57739,8,0x00000000,1,-0.54143,-0.53637,0.00291,0.15137,0.20834,8,0x00000000,1,-0.54611,-0.54150,-0.00063,-0.13350,-0.11911,8,0x00000000,1,-0.57370,-0.58748,0.00246,3.56674,3.34757,8,0x00000000,1,-0.56282,-0.58050,0.00303,-0.06867,-0.07561,8,0x00000000,1,-0.72009,-0.68597,-0.09692,4.92047,4.94984,8,0x00000000,1
59.3295,0.17236,-0.56390,-39.35728,-0.82764,-0.56390,-0.87355,-0.53320,0.20972,0.91797,1.08327,1.45118,1.08327,1.45118,1.00000,0.00000,0,0.00041,-0.69749,-0.66657,-0.04591,5.59963,5.57314,8,0x00000000,1,-0.54309,-0.53641,-0.01427,0.33115,0.22795,8,0x00000000,1,-0.54739,-0.54149,-0.00524,0.01221,-0.07672,8,0x00000000,1,-0.57083,-0.58715,0.00742,3.24461,3.32867,8,0x00000000,1,-0.55993,-0.58024,-0.00529,-0.47207,-0.39312,8,0x00000000,1,-0.72130,-0.70035,-0.21256,4.08365,3.99729,8,0x00000000,1
59.4316,0.28740,-0.64326,-39.29066,-0.71260,-0.64326,-0.76570,-0.60611,0.23304,0.93427,0.99874,1.54038,0.99874,1.54038,1.00000,0.00000,0,0.00028,-0.69953,-0.67442,-0.07658,5.48464,5.54569,8,0x00000000,1,-0.54731,-0.53651,-0.00664,0.77210,0.67400,8,0x00000000,1,-0.55095,-0.54164,-0.00737,0.37175,0.28131,8,0x00000000,1,-0.56549,-0.58645,0.00716,2.63680,2.73690,8,0x00000000,1,-0.55431,-0.57940,0.00905,-1.11746,-1.17288,8,0x00000000,1,-0.72244,-0.71195,-0.03082,4.10064,4.08200,8,0x00000000,1
59.5368,0.35514,-0.69974,-39.34536,-0.64486,-0.69974,-0.68869,-0.66756,0.25368,0.95250,0.94236,1.62006,0.94236,1.62006,1.00000,0.00000,0,0.00032,-0.70174,-0.68653,-0.14367,4.89583,4.87811,8,0x00000000,1,-0.55021,-0.53710,-0.00352,1.05668,0.96107,8,0x00000000,1,-0.55326,-0.54186,-0.00777,0.61038,0.52792,8,0x00000000,1,-0.56109,-0.58527,0.01038,2.16721,2.13668,8,0x00000000,1,-0.54980,-0.57820,0.03854,-1.55557,-1.53496,8,0x00000000,1,-0.72396,-0.71379,-0.03108,4.17461,4.37127,8,0x00000000,1
59.6399,0.42193,-0.74561,-39.39764,-0.57807,-0.74561,-0.61698,-0.72550,0.27219,0.97245,0.88916,1.69795,0.88916,1.69795,1.00000,0.00000,0,0.00075,-0.70394,-0.69504,-0.03381,4.92777,5.01407,8,0x00000000,1,-0.55295,-0.53824,-0.00769,1.26126,1.29627,8,0x00000000,1,-0.55543,-0.54212,-0.00307,0.87429,0.79233,8,0x00000000,1,-0.55683,-0.58303,0.01431,1.75386,1.68829,8,0x00000000,1,-0.54545,-0.56977,0.08598,-1.40784,-1.24014,8,0x00000000,1,-0.72550,-0.71547,-0.01464,4.34254,4.37234,8,0x00000000,1
59.7427,0.47040,-0.75424,-39.37435,-0.52960,-0.75424,-0.55968,-0.74910,0.28886,0.99354,0.84854,1.74264,0.84854,1.74264,1.00000,0.00000,0,0.00036,-0.70499,-0.69749,-0.01213,4.97426,5.08521,8,0x00000000,1,-0.55499,-0.53952,-0.01124,1.50905,1.43689,8,0x00000000,1,-0.55713,-0.54250,-0.00448,1.11858,1.13556,8,0x00000000,1,-0.55420,-0.58146,0.00245,1.36653,1.27660,8,0x00000000,1,-0.54268,-0.56163,0.18055,-1.08406,-1.17983,8,0x00000000,1,-0.72611,-0.71687,-0.01057,4.42948,4.48013,8,0x00000000,1
59.8456,0.54836,-0.75518,-39.31445,-0.45164,-0.75518,-0.48544,-0.75206,0.30371,1.01492,0.78915,1.76698,0.78915,1.76698,1.00000,0.00000,0,0.00117,-0.70482,-0.69877,-0.00980,4.96433,4.53597,8,0x00000000,1,-0.55783,-0.54096,-0.02413,1.75567,1.76172,8,0x00000000,1,-0.55974,-0.54309,-0.00946,1.47558,1.63053,8,0x00000000,1,-0.55203,-0.58042,0.00231,0.98812,1.08014,8,0x00000000,1,-0.54020,-0.55285,0.04002,-1.24086,-1.21256,8,0x00000000,1,-0.72547,-0.71828,-0.01796,4.34065,4.44894,8,0x00000000,1
59.9453,0.61100,-0.75228,-39.25074,-0.38900,-0.75228,-0.42842,-0.75035,0.31675,1.03632,0.74517,1.78667,0.74517,1.78667,1.00000,0.00000,0,0.00025,-0.70477,-0.69983,-0.00522,4.96540,4.97980,8,0x00000000,1,-0.55994,-0.54212,-0.02418,2.02296,1.88308,8,0x00000000,1,-0.56167,-0.54361,-0.00954,1.74639,1.82316,8,0x00000000,1,-0.55036,-0.57939,0.00529,0.59618,0.65315,8,0x00000000,1,-0.53830,-0.54539,0.04874,-0.90260,-0.99875,8,0x00000000,1,-0.72506,-0.71933,0.00423,4.34083,4.21591,8,0x00000000,1
60.0525,0.62730,-0.74970,-39.23711,-0.37270,-0.74970,-0.38722,-0.74890,0.32825,1.05768,0.71547,1.80658,0.71547,1.80658,1.00000,0.00000,0,0.00055,-0.70500,-0.70059,0.00107,4.95147,5.11495,8,0x00000000,1,-0.56139,-0.54342,-0.01302,2.30302,2.31375,8,0x00000000,1,-0.56295,-0.54434,-0.00680,2.00138,2.05826,8,0x00000000,1,-0.54896,-0.57828,0.00956,0.22489,0.22433,8,0x00000000,1,-0.53676,-0.54343,0.00084,-1.13402,-1.11491,8,0x00000000,1,-0.72503,-0.72042,-0.01968,4.35246,4.51254,8,0x00000000,1
60.1541,0.64237,-0.74857,-39.21425,-0.35763,-0.74857,-0.36845,-0.74951,0.33899,1.07904,0.70744,1.82855,0.70744,1.82855,1.00000,0.00000,0,0.00058,-0.70576,-0.70126,0.00167,5.05103,5.22680,8,0x00000000,1,-0.56184,-0.54442,-0.01814,2.44035,2.52816,8,0x00000000,1,-0.56325,-0.54516,-0.00748,2.20317,2.19555,8,0x00000000,1,-0.54790,-0.57719,0.00953,-0.17936,-0.18709,8,0x00000000,1,-0.53572,-0.54137,0.04186,-1.02615,-1.03188,8,0x00000000,1,-0.72565,-0.72199,-0.02665,4.28093,4.19857,8,0x00000000,1
60.2570,0.74199,-0.74389,-39.12110,-0.25801,-0.74389,-0.31618,-0.74050,0.34896,1.10029,0.66514,1.84079,0.66514,1.84079,1.00000,0.00000,0,0.00034,-0.70543,-0.70184,-0.00052,5.01850,4.84637,8,0x00000000,1,-0.56384,-0.54559,-0.01957,2.73910,2.80578,8,0x00000000,1,-0.56512,-0.54629,-0.02495,2.48838,2.57598,8,0x00000000,1,-0.54657,-0.57574,0.01788,-0.51683,-0.51186,8,0x00000000,1,-0.53415,-0.52981,0.04852,-0.33224,-0.31399,8,0x00000000,1,-0.72500,-0.72670,-0.05311,3.90639,4.28527,8,0x00000000,1
60.3589,0.79024,-0.72541,-39.09924,-0.20976,-0.72541,-0.24526,-0.73392,0.35681,1.12134,0.60207,1.85526,0.60207,1.85526,1.00000,0.00000,0,0.00053,-0.70477,-0.70247,-0.00400,5.01793,5.14631,8,0x00000000,1,-0.56682,-0.54825,-0.02501,2.93207,2.99201,8,0x00000000,1,-0.56793,-0.54893,-0.03950,2.67224,2.68625,8,0x00000000,1,-0.54475,-0.57368,0.00908,-0.87357,-0.78254,8,0x00000000,1,-0.53195,-0.52607,0.06952,-0.20736,-0.23836,8,0x00000000,1,-0.72389,-0.72996,-0.02662,3.62243,3.55572,8,0x00000000,1
60.4620,0.84859,-0.66976,-39.08709,-0.15141,-0.66976,-0.17886,-0.70166,0.36277,1.14188,0.54163,1.84354,0.54163,1.84354,1.00000,0.00000,0,0.00120,-0.70306,-0.70276,0.00635,4.86966,4.93521,8,0x00000000,1,-0.56958,-0.55241,-0.03934,3.03995,3.01389,8,0x00000000,1,-0.57071,-0.55656,-0.10304,2.33011,2.17484,8,0x00000000,1,-0.54406,-0.57218,0.00681,-1.14134,-1.21640,8,0x00000000,1,-0.53082,-0.52139,0.00170,-0.01143,0.10843,8,0x00000000,1,-0.72186,-0.73071,-0.00307,3.41483,3.42967,8,0x00000000,1
60.5632,0.87105,-0.59312,-39.13505,-0.12895,-0.59312,-0.14240,-0.63123,0.36726,1.16083,0.50965,1.79207,0.50965,1.79207,1.00000,0.00000,0,0.00028,-0.70027,-0.70283,-0.01183,4.69355,4.74723,8,0x00000000,1,-0.57088,-0.55581,-0.02890,3.12466,3.11789,8,0x00000000,1,-0.57233,-0.56541,-0.04241,2.16157,2.20002,8,0x00000000,1,-0.54556,-0.57113,0.01392,-1.30176,-1.29643,8,0x00000000,1,-0.53194,-0.52139,-0.00223,0.24035,0.11114,8,0x00000000,1,-0.71908,-0.73077,-0.00001,3.06878,3.02122,8,0x00000000,1
60.6671,0.88324,-0.55699,-39.13314,-0.11676,-0.55699,-0.12356,-0.57818,0.37100,1.17794,0.49456,1.75612,0.49456,1.75612,1.00000,0.00000,0,0.00027,-0.69846,-0.70279,-0.00134,4.52759,4.53502,8,0x00000000,1,-0.57145,-0.55863,-0.02837,3.15472,2.96122,8,0x00000000,1,-0.57313,-0.56739,-0.00287,2.23673,2.11131,8,0x00000000,1,-0.54675,-0.57033,0.00539,-1.48026,-1.47165,8,0x00000000,1,-0.53292,-0.52138,0.00102,0.46123,0.25577,8,0x00000000,1,-0.71733,-0.73076,0.00310,2.80810,2.79253,8,0x00000000,1
60.7685,0.89027,-0.53485,-39.11858,-0.10973,-0.53485,-0.11410,-0.54964,0.37437,1.19396,0.48847,1.74361,0.48847,1.74361,1.00000,0.00000,0,0.00028,-0.69781,-0.70280,-0.00334,4.45098,4.45125,8,0x00000000,1,-0.57168,-0.56268,-0.06140,2.89316,3.00057,8,0x00000000,1,-0.57344,-0.56798,-0.01557,2.28924,2.32262,8,0x00000000,1,-0.54715,-0.56903,0.00622,-1.64121,-1.70156,8,0x00000000,1,-0.53324,-0.52140,-0.00949,0.60101,0.49229,8,0x00000000,1,-0.71670,-0.73075,-0.00227,2.60451,2.72858,8,0x00000000,1
60.8689,0.90261,-0.49844,-39.10129,-0.09739,-0.49844,-0.10415,-0.51825,0.37748,1.20917,0.48163,1.72742,0.48163,1.72742,1.00000,0.00000,0,0.00046,-0.69700,-0.70276,0.00493,4.40447,4.10407,8,0x00000000,1,-0.57194,-0.56663,-0.03037,2.86786,2.99751,8,0x00000000,1,-0.57381,-0.56829,-0.01146,2.32670,2.26306,8,0x00000000,1,-0.54769,-0.56696,0.02797,-1.65848,-1.56723,8,0x00000000,1,-0.53368,-0.52139,0.00075,0.78691,0.82646,8,0x00000000,1,-0.71591,-0.73074,0.00265,2.41512,2.36430,8,0x00000000,1
60.9727,0.91100,-0.46553,-39.10875,-0.08900,-0.46553,-0.09464,-0.48552,0.38029,1.22346,0.47493,1.70897,0.47493,1.70897,1.00000,0.00000,0,0.00043,-0.69609,-0.70272,0.01462,4.25313,4.26827,8,0x00000000,1,-0.57218,-0.56945,-0.03475,2.71929,2.59034,8,0x00000000,1,-0.57417,-0.56861,-0.00120,2.42487,2.46708,8,0x00000000,1,-0.54832,-0.56391,0.03607,-1.61416,-1.66977,8,0x00000000,1,-0.53420,-0.52141,-0.00717,0.93520,0.87337,8,0x00000000,1,-0.71503,-0.73071,-0.00331,2.15089,2.18563,8,0x00000000,1
61.0783,0.92429,-0.44422,-39.09243,-0.07571,-0.44422,-0.08187,-0.45651,0.38280,1.23682,0.46466,1.69332,0.46466,1.69332,1.00000,0.00000,0,0.00256,-0.69523,-0.70271,0.00668,4.07849,3.95572,8,0x00000000,1,-0.57260,-0.57090,-0.01584,2.71199,2.70690,8,0x00000000,1,-0.57469,-0.56899,-0.00660,2.48281,2.56524,8,0x00000000,1,-0.54877,-0.56191,0.00948,-1.70744,-1.65201,8,0x00000000,1,-0.53453,-0.52139,0.00053,1.16490,1.11884,8,0x00000000,1,-0.71418,-0.73068,0.00181,1.89856,1.92963,8,0x00000000,1
61.1760,0.93232,-0.43143,-39.10627,-0.06768,-0.43143,-0.07184,-0.43999,0.38497,1.24957,0.45681,1.68956,0.45681,1.68956,1.00000,0.00000,0,0.00028,-0.69491,-0.70272,-0.02231,3.91526,3.83908,8,0x00000000,1,-0.57295,-0.57178,-0.00709,2.70826,2.69562,8,0x00000000,1,-0.57506,-0.56927,-0.00937,2.56157,2.48247,8,0x00000000,1,-0.54877,-0.55982,0.01654,-1.67875,-1.72236,8,0x00000000,1,-0.53447,-0.52142,0.00521,1.31307,1.26863,8,0x00000000,1,-0.71383,-0.73063,0.00367,1.71579,1.57059,8,0x00000000,1
61.2795,0.94653,-0.41916,-39.11695,-0.05347,-0.41916,-0.06183,-0.42627,0.38688,1.26190,0.44872,1.68817,0.44872,1.68817,1.00000,0.00000,0,0.00038,-0.69469,-0.70264,0.00429,3.84119,3.97074,8,0x00000000,1,-0.57332,-0.57251,-0.01000,2.71171,2.57204,8,0x00000000,1,-0.57543,-0.56947,-0.00409,2.64385,2.69920,8,0x00000000,1,-0.54867,-0.55766,0.03201,-1.64187,-1.63181,8,0x00000000,1,-0.53431,-0.52154,0.00482,1.45065,1.45283,8,0x00000000,1,-0.71356,-0.73059,0.00046,1.45802,1.44104,8,0x00000000,1
61.3804,0.98327,-0.39187,-39.14506,-0.01673,-0.39187,-0.04078,-0.40867,0.38839,1.27381,0.42917,1.68248,0.42917,1.68248,1.00000,0.00000,0,0.00042,-0.69406,-0.70259,0.00836,3.74408,3.53669,8,0x00000000,1,-0.57420,-0.57303,-0.00642,2.75053,2.72478,8,0x00000000,1,-0.57633,-0.56977,0.00148,2.78159,3.05479,8,0x00000000,1,-0.54852,-0.54896,0.17855,-0.72472,-0.84994,8,0x00000000,1,-0.53402,-0.52167,-0.01116,1.52050,1.42426,8,0x00000000,1,-0.71284,-0.73057,-0.00877,1.22744,1.39361,8,0x00000000,1
61.4845,1.02635,-0.36342,-39.20514,0.02635,-0.36342,0.00888,-0.37121,0.38870,1.28486,0.37982,1.65607,0.37982,1.65607,1.00000,0.00000,16,0.00105,-0.69197,-0.70247,0.00275,3.39002,3.48435,8,0x00000000,1,-0.57639,-0.57399,-0.01125,2.87892,2.98337,8,0x00000000,1,-0.57866,-0.57027,-0.00648,3.01111,3.11789,8,0x00000000,1,-0.54865,-0.54386,-0.00235,-0.85665,-0.81552,8,0x00000000,1,-0.53374,-0.52175,0.00790,1.70599,1.62873,8,0x00000000,1,-0.71054,-0.73038,0.00962,0.80303,0.83280,8,0x00000000,1
61.5880,1.02890,-0.35303,-39.20884,0.02890,-0.35303,0.02667,-0.35638,0.38825,1.29518,0.36158,1.65156,0.36158,1.65156,1.00000,0.00000,0,0.00165,-0.69141,-0.70237,0.01954,3.33563,3.24835,8,0x00000000,1,-0.57722,-0.57479,-0.01078,2.89226,2.97852,8,0x00000000,1,-0.57950,-0.57085,0.00471,3.11708,3.15745,8,0x00000000,1,-0.54848,-0.54367,0.00173,-0.78121,-0.74007,8,0x00000000,1,-0.53344,-0.52192,-0.01663,1.75163,1.85909,8,0x00000000,1,-0.70990,-0.73027,0.00990,0.58191,0.55198,8,0x00000000,1
61.6874,1.02825,-0.33149,-39.20863,1.02825,-0.33149,0.68503,-0.34626,0.43179,1.30520,-0.25324,1.65146,-0.25324,1.65146,0.00000,0.00000,0,0.00029,-0.67904,-0.70177,0.01746,2.04747,2.06838,8,0x00000000,1,-0.60574,-0.58153,-0.24066,4.57365,4.59439,8,0x00000000,1,-0.60742,-0.57630,-0.23463,4.85341,4.82875,8,0x00000000,1,-0.53649,-0.54134,0.13088,-1.39550,-1.36594,8,0x00000000,1,-0.51744,-0.52189,0.00219,0.40305,0.72984,8,0x00000000,1,-0.69381,-0.72982,0.02164,-0.80575,-0.45116,8,0x00000000,1
61.7940,1.14342,0.16007,-39.35202,1.14342,0.16007,1.03603,-0.03806,0.40618,1.31128,-0.62985,1.34934,-0.62985,1.34934,0.00000,0.00000,0,0.00029,-0.65884,-0.69975,0.03717,0.53114,0.73415,8,0x00000000,1,-0.62202,-0.60891,-0.07048,3.99231,4.06878,8,0x00000000,1,-0.62563,-0.61211,-0.15428,3.66065,3.35728,8,0x00000000,1,-0.54159,-0.53406,0.00525,-0.48229,-0.83673,8,0x00000000,1,-0.51920,-0.52179,-0.00390,0.92040,0.80383,8,0x00000000,1,-0.67256,-0.71488,0.28205,-1.24908,-1.18061,8,0x00000000,1
61.8965,1.12737,0.34146,-39.41736,1.12737,0.34146,1.10391,0.22796,0.37539,1.30811,-0.72852,1.08016,-0.72852,1.08016,0.00000,0.00000,0,0.00034,-0.64564,-0.69399,0.05760,-0.28600,-0.26076,8,0x00000000,1,-0.62551,-0.61236,-0.01221,4.04296,4.01069,8,0x00000000,1,-0.63111,-0.62985,-0.20290,2.57573,2.74938,8,0x00000000,1,-0.55078,-0.53507,-0.01384,0.25182,-0.01469,8,0x00000000,1,-0.52691,-0.52180,0.00540,1.55266,1.53721,8,0x00000000,1,-0.65981,-0.70495,0.09963,-2.33597,-2.42423,8,0x00000000,1
61.9997,1.07640,0.47847,-39.60206,1.07640,0.47847,1.11292,0.39675,0.34355,1.29892,-0.76937,0.90217,-0.76937,0.90217,0.00000,0.00000,0,0.00032,-0.63741,-0.68740,0.10396,-0.71430,-0.76062,8,0x00000000,1,-0.62669,-0.61308,-0.00900,4.25472,4.30440,8,0x00000000,1,-0.63363,-0.63922,-0.01183,2.58773,2.61199,8,0x00000000,1,-0.55734,-0.53619,-0.02512,0.72937,0.64631,8,0x00000000,1,-0.53264,-0.52195,-0.01451,1.92452,1.91861,8,0x00000000,1,-0.65201,-0.67115,0.34786,-0.21631,-0.33622,8,0x00000000,1
62.1029,0.91044,0.60958,-39.60775,0.91044,0.60958,0.96639,0.52147,0.31410,1.28565,-0.65229,0.76417,-0.65229,0.76417,0.00000,0.00000,0,0.00043,-0.63402,-0.66389,0.00394,-0.02080,0.04026,8,0x00000000,1,-0.62073,-0.61321,0.00184,3.84876,3.92387,8,0x00000000,1,-0.62878,-0.63942,-0.00060,2.02045,1.95786,8,0x00000000,1,-0.56535,-0.53915,-0.03572,1.30149,1.32123,8,0x00000000,1,-0.54093,-0.52298,-0.01586,2.50535,2.68708,8,0x00000000,1,-0.64983,-0.67015,0.00180,-1.43284,-1.37699,8,0x00000000,1
62.2069,0.87476,0.60840,-39.61008,0.87476,0.60840,0.90529,0.58691,0.28746,1.26952,-0.61783,0.68261,-0.61783,0.68261,0.00000,0.00000,0,0.00210,-0.63132,-0.65944,0.01656,-0.28947,-0.16448,8,0x00000000,1,-0.61881,-0.61320,0.00313,3.87948,3.86439,8,0x00000000,1,-0.62750,-0.63942,-0.00610,1.88587,1.75199,8,0x00000000,1,-0.56941,-0.54145,-0.02037,1.74830,1.73477,8,0x00000000,1,-0.54492,-0.52660,-0.03903,2.72330,2.65235,8,0x00000000,1,-0.64765,-0.66845,0.01240,-1.70768,-1.66343,8,0x00000000,1
62.3050,0.87305,0.62022,-39.61150,0.87305,0.62022,0.88240,0.61438,0.26212,1.25225,-0.62028,0.63787,-0.62028,0.63787,0.00000,0.00000,0,0.00042,-0.62942,-0.65696,0.02296,-0.53637,-0.50487,8,0x00000000,1,-0.61875,-0.61326,-0.00178,3.96993,4.06661,8,0x00000000,1,-0.62777,-0.63942,-0.00608,1.75431,1.82751,8,0x00000000,1,-0.57122,-0.54293,-0.01359,2.06405,1.88159,8,0x00000000,1,-0.54657,-0.52906,-0.01879,2.87791,2.89931,8,0x00000000,1,-0.64589,-0.66561,0.05020,-1.73960,-1.75758,8,0x00000000,1
62.4062,0.82876,0.64614,-39.62946,0.82876,0.64614,0.84923,0.63879,0.23747,1.23435,-0.61177,0.59556,-0.61177,0.59556,0.00000,0.00000,0,0.00045,-0.62783,-0.65478,0.01165,-0.79843,-0.75648,8,0x00000000,1,-0.61819,-0.61335,-0.00128,3.99603,3.89811,8,0x00000000,1,-0.62754,-0.63941,-0.00602,1.63339,1.71830,8,0x00000000,1,-0.57314,-0.54430,-0.01345,2.42704,2.59245,8,0x00000000,1,-0.54840,-0.53062,-0.01118,3.12638,3.18385,8,0x00000000,1,-0.64451,-0.65980,0.07688,-1.58938,-1.54592,8,0x00000000,1
62.5100,0.77352,0.67702,-39.65770,0.77352,0.67702,0.80193,0.66340,0.21391,1.21580,-0.58802,0.55240,-0.58802,0.55240,0.00000,0.00000,0,0.00036,-0.62651,-0.65289,0.02040,-1.10328,-1.19229,8,0x00000000,1,-0.61692,-0.61346,-0.00357,3.94360,4.03942,8,0x00000000,1,-0.62661,-0.63937,0.00207,1.44183,1.40653,8,0x00000000,1,-0.57540,-0.54602,-0.01760,2.88367,2.79638,8,0x00000000,1,-0.55066,-0.53219,-0.02557,3.32068,3.31773,8,0x00000000,1,-0.64349,-0.65455,0.05429,-1.51143,-1.56194,8,0x00000000,1
62.6133,0.71704,0.70282,-39.66373,0.71704,0.70282,0.75144,0.68718,0.19179,1.19655,-0.55966,0.50937,-0.55966,0.50937,0.00000,0.00000,0,0.00029,-0.62529,-0.65045,0.03414,-1.32894,-1.38768,8,0x00000000,1,-0.61544,-0.61345,0.00350,3.88184,3.95391,8,0x00000000,1,-0.62546,-0.63929,-0.00022,1.13934,1.06259,8,0x00000000,1,-0.57774,-0.54815,-0.02301,3.19729,3.08329,8,0x00000000,1,-0.55303,-0.53420,-0.00780,3.70988,3.66605,8,0x00000000,1,-0.64260,-0.64788,0.07337,-1.18926,-1.18378,8,0x00000000,1
62.7180,0.66104,0.71007,-39.68362,0.66104,0.71007,0.69388,0.70312,0.17124,1.17668,-0.52265,0.47356,-0.52265,0.47356,0.00000,0.00000,0,0.00027,-0.62455,-0.64684,0.04328,-1.35134,-1.33054,8,0x00000000,1,-0.61360,-0.61346,-0.00361,3.78408,3.79696,8,0x00000000,1,-0.62390,-0.63918,0.00413,0.90735,0.82578,8,0x00000000,1,-0.57996,-0.55267,-0.06678,3.31027,3.32531,8,0x00000000,1,-0.55535,-0.53791,-0.07155,3.61000,3.52093,8,0x00000000,1,-0.64221,-0.64560,0.00029,-1.31583,-1.56564,8,0x00000000,1
62.8206,0.55154,0.70759,-39.65228,0.55154,0.70759,0.60964,0.70904,0.15262,1.15652,-0.45703,0.44748,-0.45703,0.44748,0.00000,0.00000,0,0.00116,-0.62478,-0.64187,0.01146,-1.38453,-1.25127,8,0x00000000,1,-0.61047,-0.61346,-0.00730,3.51915,3.47269,8,0x00000000,1,-0.62098,-0.63902,0.00531,0.54479,0.60759,8,0x00000000,1,-0.58233,-0.56095,-0.07190,3.16672,3.22370,8,0x00000000,1,-0.55804,-0.54595,-0.03053,3.53006,3.51238,8,0x00000000,1,-0.64294,-0.64517,-0.00275,-1.29052,-1.33153,8,0x00000000,1
62.9256,0.48528,0.67956,-39.62471,0.48528,0.67956,0.52515,0.69147,0.13659,1.13653,-0.38857,0.44506,-0.38857,0.44506,0.00000,0.00000,0,0.00118,-0.62605,-0.64054,0.00296,-1.41424,-1.47229,8,0x00000000,1,-0.60730,-0.61344,0.00111,3.26081,3.14357,8,0x00000000,1,-0.61785,-0.63866,-0.00033,0.02653,0.17742,8,0x00000000,1,-0.58378,-0.56713,-0.06595,3.10442,2.87995,8,0x00000000,1,-0.55991,-0.54868,-0.02128,3.64665,3.61798,8,0x00000000,1,-0.64464,-0.64514,-0.00087,-1.12845,-1.12987,8,0x00000000,1
63.0255,0.42956,0.65389,-39.62487,0.42956,0.65389,0.46062,0.66758,0.12262,1.11716,-0.33800,0.44958,-0.33800,0.44958,0.00000,0.00000,0,0.00023,-0.62725,-0.63990,0.01942,-1.40171,-1.40902,8,0x00000000,1,-0.60499,-0.61343,0.00350,3.06060,3.05049,8,0x00000000,1,-0.61552,-0.63826,0.00719,-0.32808,-0.64967,8,0x00000000,1,-0.58459,-0.57170,-0.03304,3.11905,3.12870,8,0x00000000,1,-0.56105,-0.55315,-0.05033,3.46019,3.37226,8,0x00000000,1,-0.64613,-0.64515,-0.00247,-1.05271,-1.06025,8,0x00000000,1
63.1262,0.38192,0.63719,-39.61942,0.38192,0.63719,0.40654,0.64712,0.11036,1.09846,-0.29618,0.45134,-0.29618,0.45134,0.00000,0.00000,0,0.00037,-0.62817,-0.63887,0.02349,-1.44265,-1.38621,8,0x00000000,1,-0.60307,-0.61343,0.00105,2.83134,2.65546,8,0x00000000,1,-0.61360,-0.63768,0.00198,-0.68449,-0.57483,8,0x00000000,1,-0.58534,-0.57364,-0.02195,3.21645,3.02313,8,0x00000000,1,-0.56206,-0.55667,-0.02481,3.45298,3.54607,8,0x00000000,1,-0.64729,-0.64514,0.00271,-0.97372,-0.79833,8,0x00000000,1
63.2283,0.34129,0.64679,-39.60363,0.34129,0.64679,0.36935,0.64051,0.09931,1.08018,-0.27004,0.43967,-0.27004,0.43967,0.00000,0.00000,0,0.00035,-0.62820,-0.63137,0.22520,-0.38621,-0.57125,8,0x00000000,1,-0.60182,-0.61339,0.00415,2.62106,2.72069,8,0x00000000,1,-0.61244,-0.63701,0.00637,-0.97997,-0.83806,8,0x00000000,1,-0.58634,-0.57490,-0.01163,3.36192,3.48008,8,0x00000000,1,-0.56319,-0.55819,-0.00272,3.54794,3.40682,8,0x00000000,1,-0.64753,-0.64513,0.00663,-0.93181,-0.91458,8,0x00000000,1
63.3344,0.26049,0.70833,-39.49635,0.26049,0.70833,0.29334,0.68938,0.08992,1.06128,-0.20342,0.37191,-0.20342,0.37191,0.00000,0.00000,0,0.00302,-0.62672,-0.61941,-0.00007,-0.33403,-0.36400,8,0x00000000,1,-0.59849,-0.61334,-0.00508,2.19277,1.97701,8,0x00000000,1,-0.60963,-0.63536,0.02907,-1.30207,-1.32869,8,0x00000000,1,-0.59046,-0.57641,-0.02307,3.74026,3.70316,8,0x00000000,1,-0.56749,-0.56139,-0.07445,3.54891,3.47661,8,0x00000000,1,-0.64671,-0.64515,-0.00365,-0.99304,-0.88981,8,0x00000000,1
63.4315,0.17759,0.63960,-39.51003,0.17759,0.63960,0.22236,0.66863,0.08261,1.04178,-0.13975,0.37315,-0.13975,0.37315,0.00000,0.00000,0,0.00025,-0.62805,-0.61927,-0.00349,-0.13522,-0.18277,8,0x00000000,1,-0.59557,-0.61318,0.00695,1.86905,1.89801,8,0x00000000,1,-0.60671,-0.62785,0.05210,-1.24681,-1.21796,8,0x00000000,1,-0.59166,-0.57787,-0.01246,3.82874,3.75854,8,0x00000000,1,-0.56910,-0.57022,-0.06849,3.06427,3.12530,8,0x00000000,1,-0.64843,-0.64514,0.00452,-0.81800,-0.94061,8,0x00000000,1
63.5343,0.13492,0.58248,-39.49512,0.13492,0.58248,0.15866,0.61343,0.07733,1.02355,-0.08133,0.41012,-0.08133,0.41012,0.00000,0.00000,0,0.00028,-0.63076,-0.61939,-0.00861,0.18422,0.26979,8,0x00000000,1,-0.59302,-0.61290,-0.00110,1.48763,1.52642,8,0x00000000,1,-0.60390,-0.62076,0.10404,-1.06689,-1.10826,8,0x00000000,1,-0.59128,-0.57837,-0.01310,3.92043,3.83027,8,0x00000000,1,-0.56920,-0.57508,-0.05535,2.72693,2.63934,8,0x00000000,1,-0.65136,-0.64520,0.00437,-0.53877,-0.55676,8,0x00000000,1
63.6353,0.08301,0.46908,-39.42041,0.08301,0.46908,0.10824,0.53889,0.07356,1.00706,-0.03468,0.46817,-0.03468,0.46817,0.00000,0.00000,0,0.00030,-0.63410,-0.61974,-0.01055,0.54693,0.41320,8,0x00000000,1,-0.59109,-0.61245,0.00288,1.15049,1.22912,8,0x00000000,1,-0.60156,-0.60220,0.16691,0.12493,0.22954,8,0x00000000,1,-0.58978,-0.57876,0.00326,3.98168,4.04650,8,0x00000000,1,-0.56821,-0.57983,-0.01413,2.33367,2.27765,8,0x00000000,1,-0.65478,-0.64534,-0.00589,-0.25874,-0.29257,8,0x00000000,1
63.7395,0.06040,0.42082,-39.39042,0.06040,0.42082,0.06217,0.44507,0.07132,0.99338,0.00915,0.54831,0.00915,0.54831,0.00000,0.00000,0,0.00032,-0.63831,-0.62068,-0.00553,0.98419,0.95260,8,0x00000000,1,-0.58937,-0.61166,0.00972,0.81026,0.80539,8,0x00000000,1,-0.59928,-0.59946,0.00688,-0.34987,-0.28317,8,0x00000000,1,-0.58731,-0.57895,-0.00317,3.90119,3.82768,8,0x00000000,1,-0.56629,-0.58013,0.00166,2.06332,1.99608,8,0x00000000,1,-0.65896,-0.64556,-0.00321,0.17120,0.19487,8,0x00000000,1
63.8397,0.04385,0.40349,-39.37104,0.04385,0.40349,0.04592,0.41423,0.06978,0.98120,0.02387,0.56697,0.02387,0.56697,0.00000,0.00000,0,0.00030,-0.63938,-0.62127,-0.00545,1.17511,1.19838,8,0x00000000,1,-0.58877,-0.61120,0.00637,0.53262,0.59109,8,0x00000000,1,-0.59854,-0.59852,0.00531,-0.32484,-0.40374,8,0x00000000,1,-0.58683,-0.57913,0.00428,3.98749,3.74189,8,0x00000000,1,-0.56596,-0.58012,0.00139,1.89313,1.73794,8,0x00000000,1,-0.66005,-0.64564,-0.00498,0.33255,0.31022,8,0x00000000,1
63.9393,0.03937,0.39790,-39.36804,0.03937,0.39790,0.04048,0.40225,0.06854,0.96958,0.02807,0.56733,0.02807,0.56733,0.00000,0.00000,0,0.00028,-0.63948,-0.62183,-0.01332,1.30930,1.33600,8,0x00000000,1,-0.58858,-0.61068,0.00236,0.30942,0.57577,8,0x00000000,1,-0.59835,-0.59825,-0.00567,-0.32163,-0.25246,8,0x00000000,1,-0.58689,-0.57935,0.00292,4.08091,4.09045,8,0x00000000,1,-0.56606,-0.58011,0.00506,1.72069,1.72319,8,0x00000000,1,-0.66017,-0.64570,0.00024,0.53373,0.54784,8,0x00000000,1
64.0416,0.03871,0.39406,-39.36252,0.03871,0.39406,0.03858,0.39658,0.06740,0.95820,0.02882,0.56163,0.02882,0.56163,0.00000,0.00000,0,0.00039,-0.63926,-0.62245,-0.00690,1.46381,1.59645,8,0x00000000,1,-0.58852,-0.61004,0.00524,0.07879,0.16428,8,0x00000000,1,-0.59834,-0.59814,-0.00049,-0.29664,-0.31677,8,0x00000000,1,-0.58715,-0.57961,-0.01254,4.12418,4.13363,8,0x00000000,1,-0.56630,-0.58013,-0.00427,1.55862,1.64150,8,0x00000000,1,-0.65998,-0.64582,-0.00085,0.66317,0.38885,8,0x00000000,1
64.1453,0.02934,0.39416,-39.35913,0.02934,0.39416,0.03337,0.39438,0.06635,0.94694,0.03298,0.55256,0.03298,0.55256,0.00000,0.00000,0,0.00119,-0.63897,-0.62324,0.00040,1.60429,1.52478,8,0x00000000,1,-0.58829,-0.60933,0.00941,-0.11487,-0.03888,8,0x00000000,1,-0.59818,-0.59808,-0.00449,-0.31590,-0.18071,8,0x00000000,1,-0.58760,-0.57983,0.00084,4.25851,4.31226,8,0x00000000,1,-0.56675,-0.58010,0.00027,1.41062,1.48849,8,0x00000000,1,-0.65974,-0.64589,0.00227,0.81353,0.81068,8,0x00000000,1
64.2457,0.02766,0.39198,-39.36563,0.02766,0.39198,0.02925,0.39281,0.06547,0.93572,0.03622,0.54291,0.03622,0.54291,0.00000,0.00000,0,0.00030,-0.63863,-0.62411,-0.00966,1.69871,1.74318,8,0x00000000,1,-0.58811,-0.60857,0.00036,-0.33948,-0.32239,8,0x00000000,1,-0.59806,-0.59802,-0.00195,-0.31095,-0.21211,8,0x00000000,1,-0.58807,-0.58010,-0.00990,4.34670,4.39664,8,0x00000000,1,-0.56720,-0.58007,0.00244,1.30880,1.34286,8,0x00000000,1,-0.65946,-0.64602,-0.00184,0.96813,0.95315,8,0x00000000,1
64.3485,0.02742,0.39178,-39.36436,0.02742,0.39178,0.02780,0.39173,0.06466,0.92454,0.03686,0.53281,0.03686,0.53281,0.00000,0.00000,0,0.00029,-0.63822,-0.62507,-0.00058,1.80889,1.72257,8,0x00000000,1,-0.58804,-0.60765,0.01321,-0.53939,-0.46245,8,0x00000000,1,-0.59807,-0.59794,0.00268,-0.27851,-0.24424,8,0x00000000,1,-0.58850,-0.58040,-0.00534,4.45033,4.52125,8,0x00000000,1,-0.56760,-0.58003,0.00277,1.17059,1.09166,8,0x00000000,1,-0.65910,-0.64613,0.00212,1.08814,1.17387,8,0x00000000,1
64.4491,0.02849,0.38825,-39.35514,0.02849,0.38825,0.02689,0.38965,0.06389,0.91340,0.03700,0.52375,0.03700,0.52375,0.00000,0.00000,0,0.00041,-0.63785,-0.62575,0.00106,1.92675,1.83065,8,0x00000000,1,-0.58800,-0.60678,0.00748,-0.69525,-0.69555,8,0x00000000,1,-0.59809,-0.59790,-0.00510,-0.30553,-0.29648,8,0x00000000,1,-0.58888,-0.58071,-0.01199,4.55969,4.55512,8,0x00000000,1,-0.56795,-0.57999,-0.00146,1.05360,1.13261,8,0x00000000,1,-0.65876,-0.64625,-0.00225,1.23005,1.28622,8,0x00000000,1
64.5529,0.03031,0.38895,-39.36277,0.03031,0.38895,0.02826,0.38807,0.06310,0.90233,0.03484,0.51426,0.03484,0.51426,0.00000,0.00000,0,0.00063,-0.63741,-0.62640,-0.00333,1.96583,1.83712,8,0x00000000,1,-0.58806,-0.60604,0.01749,-0.85744,-0.86188,8,0x00000000,1,-0.59822,-0.59788,-0.00122,-0.26943,-0.30510,8,0x00000000,1,-0.58923,-0.58100,-0.00007,4.71091,4.83661,8,0x00000000,1,-0.56826,-0.57996,-0.00268,0.91307,1.02717,8,0x00000000,1,-0.65834,-0.64648,0.01060,1.35632,1.36226,8,0x00000000,1
64.6554,0.03222,0.38530,-39.35630,-0.96778,0.38530,-0.26890,0.38740,0.01297,0.89127,0.28496,0.50386,0.28187,0.50386,1.00000,0.00000,1,0.00036,-0.64192,-0.62697,-0.02069,2.30246,2.35776,8,0x00000000,1,-0.57665,-0.60545,0.01757,-1.81910,-1.22405,8,0x00000000,1,-0.58696,-0.59784,0.00552,-1.01318,-0.36615,8,0x00000000,1,-0.59451,-0.58135,-0.00274,4.79969,4.90197,8,0x00000000,1,-0.57507,-0.57991,-0.00395,1.24844,0.91304,8,0x00000000,1,-0.66443,-0.64671,0.00527,1.88637,1.69057,8,0x00000000,1
64.7551,-0.02195,-0.08990,-39.34202,-1.02195,-0.08990,-0.86172,0.20262,0.03151,0.88149,0.89323,0.67887,0.89323,0.67887,1.00000,0.00000,0,0.00034,-0.66142,-0.63761,-0.12100,3.13975,3.11204,8,0x00000000,1,-0.54914,-0.56204,0.24485,-0.77697,-0.39495,8,0x00000000,1,-0.55845,-0.56501,-0.04110,-1.48625,-0.55300,8,0x00000000,1,-0.59920,-0.58476,-0.01154,5.81582,5.91113,8,0x00000000,1,-0.58435,-0.58093,-0.00816,2.27183,2.25826,8,0x00000000,1,-0.68713,-0.65988,-0.11501,2.39961,2.42920,8,0x00000000,1
64.8595,0.01847,-0.30163,-39.48767,-0.98153,-0.30163,-0.97763,-0.16656,0.05853,0.88183,1.03617,1.04839,1.03617,1.04839,1.00000,0.00000,0,0.00031,-0.67970,-0.65076,-0.09672,3.73266,3.91490,8,0x00000000,1,-0.54385,-0.54100,0.03653,0.01374,-0.18548,8,0x00000000,1,-0.55078,-0.56117,0.04403,-1.27039,-1.12008,8,0x00000000,1,-0.58663,-0.58491,0.00289,4.57467,4.64714,8,0x00000000,1,-0.57403,-0.58078,0.00609,1.10323,1.09266,8,0x00000000,1,-0.70485,-0.67254,-0.06108,3.47590,3.53327,8,0x00000000,1
64.9607,0.03732,-0.40428,-39.43610,-0.96268,-0.40428,-0.97234,-0.33596,0.08632,0.88941,1.05866,1.22537,1.05866,1.22537,1.00000,0.00000,0,0.00048,-0.68755,-0.65633,-0.03480,4.28997,4.19938,8,0x00000000,1,-0.54343,-0.54085,-0.00196,-0.01961,-0.06743,8,0x00000000,1,-0.54921,-0.55446,0.02560,-0.87701,-0.95520,8,0x00000000,1,-0.57972,-0.58472,-0.00012,4.08666,4.11584,8,0x00000000,1,-0.56788,-0.58060,-0.00254,0.52498,0.50738,8,0x00000000,1,-0.71213,-0.67595,-0.01854,4.12756,4.12102,8,0x00000000,1
65.0621,0.05321,-0.44295,-39.42108,-0.94679,-0.44295,-0.95416,-0.40823,0.11371,0.90016,1.06787,1.30840,1.06787,1.30840,1.00000,0.00000,0,0.00032,-0.69121,-0.65874,-0.01479,4.71641,4.55532,8,0x00000000,1,-0.54330,-0.54085,-0.00218,0.01374,0.22775,8,0x00000000,1,-0.54853,-0.55055,0.09036,-0.49657,-0.49476,8,0x00000000,1,-0.57645,-0.58459,0.01157,3.92382,3.99340,8,0x00000000,1,-0.56496,-0.58045,-0.01203,0.19144,0.26167,8,0x00000000,1,-0.71550,-0.67845,-0.02871,4.56883,4.76347,8,0x00000000,1
65.1670,0.04671,-0.51697,-39.34921,-0.95329,-0.51697,-0.95099,-0.48417,0.14080,0.91294,1.09179,1.39711,1.09179,1.39711,1.00000,0.00000,0,0.00117,-0.69540,-0.66138,-0.03908,5.25758,5.25729,8,0x00000000,1,-0.54251,-0.54084,0.00147,0.02109,0.15263,8,0x00000000,1,-0.54717,-0.54179,0.00842,-0.20939,-0.26038,8,0x00000000,1,-0.57324,-0.58442,0.01488,3.60524,3.53590,8,0x00000000,1,-0.56221,-0.58023,0.00092,-0.16232,-0.22782,8,0x00000000,1,-0.71948,-0.68131,-0.04394,5.02821,4.96823,8,0x00000000,1
65.2651,0.09274,-0.55509,-39.34086,-0.90726,-0.55509,-0.92788,-0.52932,0.16760,0.92745,1.09548,1.45677,1.09548,1.45677,1.00000,0.00000,0,0.00028,-0.69797,-0.66449,-0.04247,5.54016,5.51649,8,0x00000000,1,-0.54255,-0.54086,-0.00696,0.02093,0.08377,8,0x00000000,1,-0.54682,-0.54152,-0.00112,-0.17852,-0.06215,8,0x00000000,1,-0.57084,-0.58423,0.00371,3.34885,3.29498,8,0x00000000,1,-0.56003,-0.57992,0.01092,-0.45951,-0.40983,8,0x00000000,1,-0.72183,-0.68834,-0.10363,4.90923,4.95927,8,0x00000000,1
65.3692,0.23068,-0.63996,-39.26446,-0.76932,-0.63996,-0.84208,-0.58890,0.19295,0.94335,1.03504,1.53224,1.03504,1.53224,1.00000,0.00000,0,0.00030,-0.69992,-0.67056,-0.09630,5.44832,5.41724,8,0x00000000,1,-0.54561,-0.54084,0.00527,0.34597,0.23278,8,0x00000000,1,-0.54933,-0.54150,-0.00337,0.13237,0.29369,8,0x00000000,1,-0.56653,-0.58375,0.01463,2.86631,2.70677,8,0x00000000,1,-0.55557,-0.57924,0.01982,-0.91578,-0.78659,8,0x00000000,1,-0.72308,-0.70632,-0.24109,3.68669,3.68121,8,0x00000000,1
65.4697,0.31573,-0.70266,-39.26319,-0.68427,-0.70266,-0.72814,-0.66486,0.21507,0.96135,0.94321,1.62621,0.94321,1.62621,1.00000,0.00000,0,0.00030,-0.70201,-0.67855,-0.12628,5.29478,5.20946,8,0x00000000,1,-0.55019,-0.54091,0.00111,0.74277,0.61622,8,0x00000000,1,-0.55320,-0.54173,-0.00317,0.47138,0.48554,8,0x00000000,1,-0.56086,-0.58289,0.01630,2.25959,2.27566,8,0x00000000,1,-0.54959,-0.57707,0.05771,-1.41494,-1.41024,8,0x00000000,1,-0.72421,-0.71312,-0.02258,4.08858,4.15595,8,0x00000000,1
65.5739,0.40871,-0.76719,-39.31553,-0.59129,-0.76719,-0.64422,-0.72953,0.23463,0.98127,0.87885,1.71080,0.87885,1.71080,1.00000,0.00000,0,0.00045,-0.70427,-0.69262,-0.08355,4.91256,5.03877,8,0x00000000,1,-0.55347,-0.54114,-0.00161,1.04218,0.87186,8,0x00000000,1,-0.55585,-0.54201,-0.00238,0.73725,0.80698,8,0x00000000,1,-0.55610,-0.58190,0.01628,1.75419,1.74784,8,0x00000000,1,-0.54469,-0.56860,0.04912,-1.57007,-1.64463,8,0x00000000,1,-0.72571,-0.71516,-0.00824,4.28751,4.42592,8,0x00000000,1
65.6787,0.47352,-0.77783,-39.31084,-0.52648,-0.77783,-0.56989,-0.77068,0.25183,1.00279,0.82172,1.77348,0.82172,1.77348,1.00000,0.00000,0,0.00033,-0.70575,-0.69679,-0.03149,4.98495,5.01162,8,0x00000000,1,-0.55634,-0.54194,-0.01293,1.30926,1.07608,8,0x00000000,1,-0.55824,-0.54242,-0.00047,1.08801,1.07254,8,0x00000000,1,-0.55240,-0.58047,0.00249,1.29889,1.49896,8,0x00000000,1,-0.54080,-0.55858,0.24076,-0.79789,-1.00133,8,0x00000000,1,-0.72657,-0.71656,-0.01395,4.35194,4.34784,8,0x00000000,1
65.7839,0.55507,-0.77110,-39.23681,-0.44493,-0.77110,-0.48375,-0.77445,0.26673,1.02485,0.75048,1.79930,0.75048,1.79930,1.00000,0.00000,0,0.00125,-0.70540,-0.69860,-0.02037,4.92165,4.81262,8,0x00000000,1,-0.55974,-0.54312,-0.01345,1.64249,1.41615,8,0x00000000,1,-0.56139,-0.54304,-0.00576,1.44107,1.44247,8,0x00000000,1,-0.54995,-0.57935,0.01438,0.90127,0.97534,8,0x00000000,1,-0.53796,-0.55055,0.09032,-1.05964,-0.97989,8,0x00000000,1,-0.72567,-0.71764,-0.00627,4.33678,4.32925,8,0x00000000,1
65.8852,0.60796,-0.76614,-39.19277,-0.39204,-0.76614,-0.41553,-0.76853,0.27945,1.04681,0.69498,1.81534,0.69498,1.81534,1.00000,0.00000,0,0.00074,-0.70496,-0.69965,-0.01147,4.94501,4.80028,8,0x00000000,1,-0.56237,-0.54432,-0.02311,1.93401,2.00434,8,0x00000000,1,-0.56385,-0.54381,-0.00706,1.80462,1.63630,8,0x00000000,1,-0.54820,-0.57846,0.01406,0.47927,0.51825,8,0x00000000,1,-0.53590,-0.54394,0.02048,-1.08402,-1.05624,8,0x00000000,1,-0.72482,-0.71869,-0.01697,4.25089,4.21617,8,0x00000000,1
65.9852,0.63555,-0.76710,-39.17978,-0.36445,-0.76710,-0.38199,-0.76749,0.29077,1.06868,0.67276,1.83618,0.67276,1.83618,1.00000,0.00000,0,0.00027,-0.70539,-0.70036,-0.01278,5.01936,5.16489,8,0x00000000,1,-0.56347,-0.54552,-0.00218,2.10816,2.21135,8,0x00000000,1,-0.56479,-0.54449,-0.01058,2.03855,2.24625,8,0x00000000,1,-0.54691,-0.57749,0.01646,0.10815,0.34224,8,0x00000000,1,-0.53452,-0.54208,0.02929,-1.11115,-1.11195,8,0x00000000,1,-0.72503,-0.71970,-0.01678,4.27093,4.22554,8,0x00000000,1
66.0883,0.70307,-0.74297,-39.10081,-0.29693,-0.74297,-0.34526,-0.76153,0.30123,1.09055,0.64649,1.85208,0.64649,1.85208,1.00000,0.00000,0,0.00029,-0.70553,-0.70097,-0.00338,5.04462,5.03314,8,0x00000000,1,-0.56475,-0.54677,-0.02798,2.32001,2.26390,8,0x00000000,1,-0.56593,-0.54530,-0.00933,2.29469,2.41108,8,0x00000000,1,-0.54574,-0.57614,0.00880,-0.26917,-0.29368,8,0x00000000,1,-0.53323,-0.53107,0.09771,-0.27866,-0.32084,8,0x00000000,1,-0.72494,-0.72107,-0.01579,4.28571,4.27127,8,0x00000000,1
66.1918,0.74855,-0.74392,-39.06930,-0.25145,-0.74392,-0.27573,-0.74839,0.30988,1.11205,0.58561,1.86045,0.58561,1.86045,1.00000,0.00000,0,0.00034,-0.70465,-0.70148,-0.01701,4.89259,4.95764,8,0x00000000,1,-0.56761,-0.54967,-0.03946,2.50124,2.64072,8,0x00000000,1,-0.56866,-0.54759,-0.01836,2.58014,2.54940,8,0x00000000,1,-0.54421,-0.57446,0.02591,-0.61522,-0.59646,8,0x00000000,1,-0.53132,-0.52733,0.05787,-0.23582,-0.42605,8,0x00000000,1,-0.72365,-0.72288,-0.01635,4.03373,3.97139,8,0x00000000,1
66.2932,0.80703,-0.72307,-39.02267,-0.19297,-0.72307,-0.22320,-0.73280,0.31700,1.13320,0.54020,1.86600,0.54020,1.86600,1.00000,0.00000,0,0.00098,-0.70397,-0.70188,-0.01209,4.96324,5.02586,8,0x00000000,1,-0.56973,-0.55259,-0.02116,2.69665,2.57217,8,0x00000000,1,-0.57070,-0.55159,-0.06912,2.49948,2.61068,8,0x00000000,1,-0.54310,-0.57290,0.01618,-0.96138,-0.88301,8,0x00000000,1,-0.52992,-0.52134,0.00295,-0.01449,-0.09826,8,0x00000000,1,-0.72267,-0.72688,-0.03460,3.63653,3.68296,8,0x00000000,1
66.3960,0.84072,-0.66219,-39.07452,-0.15928,-0.66219,-0.18075,-0.69184,0.32271,1.15357,0.50346,1.84541,0.50346,1.84541,1.00000,0.00000,0,0.00054,-0.70237,-0.70207,-0.00140,4.80733,4.64275,8,0x00000000,1,-0.57136,-0.55499,-0.01963,2.83796,2.95033,8,0x00000000,1,-0.57243,-0.56121,-0.07593,2.14308,2.03695,8,0x00000000,1,-0.54324,-0.57147,0.01253,-1.19080,-1.04877,8,0x00000000,1,-0.52975,-0.52129,-0.02024,0.07214,-0.04618,8,0x00000000,1,-0.72093,-0.72883,-0.01136,3.38121,3.41998,8,0x00000000,1
66.4954,0.85522,-0.61779,-39.09824,-0.14478,-0.61779,-0.15497,-0.64059,0.32743,1.17250,0.48240,1.81309,0.48240,1.81309,1.00000,0.00000,0,0.00027,-0.70060,-0.70210,-0.00035,4.71589,4.70531,8,0x00000000,1,-0.57222,-0.55679,-0.01584,2.95726,2.70937,8,0x00000000,1,-0.57349,-0.56666,-0.02436,2.11964,2.11111,8,0x00000000,1,-0.54416,-0.57036,0.00554,-1.37264,-1.32828,8,0x00000000,1,-0.53043,-0.52125,-0.00513,0.24791,0.31835,8,0x00000000,1,-0.71916,-0.72926,-0.00583,3.17525,3.17262,8,0x00000000,1
66.5995,0.85938,-0.60071,-39.09508,-0.14062,-0.60071,-0.14536,-0.61195,0.33168,1.19028,0.47703,1.80223,0.47703,1.80223,1.00000,0.00000,0,0.00030,-0.70004,-0.70213,-0.00772,4.64721,4.63269,8,0x00000000,1,-0.57243,-0.55872,-0.02077,3.01963,3.04932,8,0x00000000,1,-0.57377,-0.56753,-0.00197,2.19986,2.09589,8,0x00000000,1,-0.54451,-0.56896,0.02567,-1.57947,-1.55931,8,0x00000000,1,-0.53070,-0.52122,0.01332,0.40977,0.31090,8,0x00000000,1,-0.71861,-0.72935,0.00183,3.04401,3.08714,8,0x00000000,1
66.7032,0.87736,-0.58384,-39.10024,-0.12264,-0.58384,-0.13333,-0.59482,0.33565,1.20745,0.46898,1.80227,0.46898,1.80227,1.00000,0.00000,0,0.00049,-0.69988,-0.70210,0.00444,4.64676,4.66424,8,0x00000000,1,-0.57280,-0.56198,-0.05354,2.87293,2.86783,8,0x00000000,1,-0.57414,-0.56794,-0.00138,2.27769,2.14943,8,0x00000000,1,-0.54435,-0.56644,0.04209,-1.66450,-1.58398,8,0x00000000,1,-0.53049,-0.52125,0.00052,0.48023,0.48578,8,0x00000000,1,-0.71840,-0.72938,-0.00354,2.87808,2.90703,8,0x00000000,1
66.8062,0.89509,-0.54497,-39.09159,-0.10491,-0.54497,-0.11415,-0.56476,0.33916,1.22401,0.45331,1.78877,0.45331,1.78877,1.00000,0.00000,0,0.00154,-0.69900,-0.70211,0.00568,4.53805,4.49105,8,0x00000000,1,-0.57348,-0.56625,-0.02699,2.83005,2.78787,8,0x00000000,1,-0.57489,-0.56837,0.00032,2.39705,2.27363,8,0x00000000,1,-0.54460,-0.56248,0.02129,-1.65460,-1.68622,8,0x00000000,1,-0.53060,-0.52125,0.00052,0.60532,0.51734,8,0x00000000,1,-0.71748,-0.72936,-0.00076,2.67290,2.74030,8,0x00000000,1
66.9049,0.91103,-0.51078,-39.08687,-0.08897,-0.51078,-0.09654,-0.52864,0.34214,1.23954,0.43867,1.76818,0.43867,1.76818,1.00000,0.00000,0,0.00038,-0.69784,-0.70210,-0.00340,4.42121,4.50326,8,0x00000000,1,-0.57408,-0.56899,-0.01926,2.78976,2.73781,8,0x00000000,1,-0.57562,-0.56880,-0.00064,2.49292,2.41748,8,0x00000000,1,-0.54517,-0.56041,0.01829,-1.68637,-1.55716,8,0x00000000,1,-0.53100,-0.52124,0.00603,0.77938,0.71553,8,0x00000000,1,-0.71632,-0.72935,0.00066,2.45488,2.40619,8,0x00000000,1
67.0076,0.92380,-0.48467,-39.09355,-0.07620,-0.48467,-0.08377,-0.49959,0.34470,1.25416,0.42847,1.75375,0.42847,1.75375,1.00000,0.00000,0,0.00045,-0.69703,-0.70208,0.00182,4.31340,4.50837,8,0x00000000,1,-0.57450,-0.57103,-0.00609,2.74265,2.58955,8,0x00000000,1,-0.57613,-0.56910,0.00408,2.60169,2.70656,8,0x00000000,1,-0.54556,-0.55755,0.03856,-1.60210,-1.67507,8,0x00000000,1,-0.53129,-0.52126,0.00055,0.88433,0.90699,8,0x00000000,1,-0.71551,-0.72933,0.00099,2.22586,2.26380,8,0x00000000,1
67.1085,0.96362,-0.45839,-39.12283,-0.03638,-0.45839,-0.06141,-0.47453,0.34682,1.26802,0.40823,1.74255,0.40823,1.74255,1.00000,0.00000,0,0.00194,-0.69615,-0.70204,0.00684,4.19734,4.02124,8,0x00000000,1,-0.57540,-0.57204,-0.00936,2.77638,2.65970,8,0x00000000,1,-0.57709,-0.56946,-0.00321,2.71551,2.77192,8,0x00000000,1,-0.54563,-0.54764,0.14605,-0.68940,-0.87407,8,0x00000000,1,-0.53118,-0.52127,-0.00122,1.01585,0.89513,8,0x00000000,1,-0.71455,-0.72930,-0.00003,1.97484,1.97314,8,0x00000000,1
67.2100,1.00065,-0.42250,-39.17437,0.00065,-0.42250,-0.01387,-0.43547,0.34765,1.28093,0.36152,1.71640,0.36152,1.71640,1.00000,0.00000,16,0.00118,-0.69412,-0.70202,0.00100,3.94686,3.71073,8,0x00000000,1,-0.57747,-0.57363,-0.01880,2.87892,2.91853,8,0x00000000,1,-0.57929,-0.57005,-0.00590,2.92345,2.98366,8,0x00000000,1,-0.54580,-0.54378,0.01461,-0.82382,-0.98170,8,0x00000000,1,-0.53096,-0.52127,-0.00195,1.11563,1.01682,8,0x00000000,1,-0.71234,-0.72925,0.00229,1.64624,1.77575,8,0x00000000,1
67.3098,1.00332,-0.40699,-39.17081,0.00332,-0.40699,0.00088,-0.41498,0.34765,1.29300,0.34677,1.70798,0.34677,1.70798,1.00000,0.00000,16,0.00042,-0.69347,-0.70196,-0.00251,3.83474,3.78910,8,0x00000000,1,-0.57812,-0.57466,-0.01935,2.86398,2.98629,8,0x00000000,1,-0.57999,-0.57056,-0.00535,3.00766,3.01665,8,0x00000000,1,-0.54586,-0.54349,0.00367,-0.82011,-0.75384,8,0x00000000,1,-0.53090,-0.52128,-0.00249,1.19172,1.10097,8,0x00000000,1,-0.71164,-0.72921,0.00475,1.41783,1.36517,8,0x00000000,1
67.4139,1.00736,-0.39628,-39.17467,0.00736,-0.39628,0.00636,-0.40235,0.34765,1.30462,0.34129,1.70697,0.34129,1.70697,1.00000,0.00000,16,0.00027,-0.69332,-0.70191,-0.00736,3.73474,3.71399,8,0x00000000,1,-0.57837,-0.57518,-0.00451,2.90542,2.87594,8,0x00000000,1,-0.58024,-0.57113,-0.00196,3.12364,3.13250,8,0x00000000,1,-0.54580,-0.54345,0.00391,-0.80592,-0.65339,8,0x00000000,1,-0.53080,-0.52133,-0.01323,1.27980,1.29416,8,0x00000000,1,-0.71146,-0.72915,0.00557,1.19349,1.20008,8,0x00000000,1
67.5180,1.00979,-0.39272,-39.16961,0.00979,-0.39272,0.00807,-0.39541,0.34765,1.31598,0.33958,1.71140,0.33958,1.71140,1.00000,0.00000,16,0.00028,-0.69347,-0.70185,0.01425,3.68212,3.87545,8,0x00000000,1,-0.57847,-0.57555,-0.00830,2.91276,2.74221,8,0x00000000,1,-0.58030,-0.57147,-0.00954,3.20012,3.21410,8,0x00000000,1,-0.54558,-0.54344,-0.00041,-0.79441,-0.76479,8,0x00000000,1,-0.53058,-0.52143,-0.00991,1.39287,1.45626,8,0x00000000,1,-0.71158,-0.72908,0.00443,1.00032,1.34975,8,0x00000000,1
67.6188,1.00904,-0.38503,-39.17695,0.00904,-0.38503,0.00929,-0.38874,0.34765,1.32715,0.33836,1.71589,0.33836,1.71589,1.00000,0.00000,16,0.00085,-0.69364,-0.70184,0.00120,3.55817,3.55024,8,0x00000000,1,-0.57854,-0.57577,0.00761,2.99060,2.91317,8,0x00000000,1,-0.58034,-0.57183,0.00200,3.32114,3.28338,8,0x00000000,1,-0.54537,-0.54341,0.00694,-0.74919,-0.71682,8,0x00000000,1,-0.53038,-0.52146,0.00493,1.54457,1.39257,8,0x00000000,1,-0.71172,-0.72902,-0.00020,0.78704,0.92015,8,0x00000000,1
67.7241,1.03160,-0.26966,-39.22056,1.03160,-0.26966,0.77245,-0.35833,0.38674,1.33804,-0.38570,1.69637,-0.38570,1.69637,0.00000,0.00000,0,0.00245,-0.67825,-0.70115,0.00614,2.19079,2.34876,8,0x00000000,1,-0.61206,-0.58761,-0.37109,4.13911,4.26359,8,0x00000000,1,-0.61328,-0.58698,-0.51642,3.81298,3.97255,8,0x00000000,1,-0.53204,-0.53846,0.12877,-1.32102,-1.47251,8,0x00000000,1,-0.51229,-0.52146,0.00396,-0.02507,0.27316,8,0x00000000,1,-0.69205,-0.72818,0.02655,-1.07071,-0.84196,8,0x00000000,1
67.8225,1.11951,0.18208,-39.32426,1.11951,0.18208,1.05377,0.00088,0.35975,1.34301,-0.69402,1.34213,-0.69402,1.34213,0.00000,0.00000,32,0.00025,-0.65725,-0.69877,0.02931,0.47770,0.51331,8,0x00000000,1,-0.62496,-0.61121,-0.06160,4.10519,4.06569,8,0x00000000,1,-0.62858,-0.62289,-0.24570,3.07092,3.21153,8,0x00000000,1,-0.54063,-0.53351,-0.00201,-0.30221,-0.53946,8,0x00000000,1,-0.51781,-0.52126,0.00725,0.69293,0.54724,8,0x00000000,1,-0.67062,-0.71256,0.08830,-1.75764,-1.72725,8,0x00000000,1
67.9256,1.14531,0.38373,-39.47102,1.14531,0.38373,1.12072,0.27797,0.32860,1.33840,-0.79212,1.06043,-0.79212,1.06043,0.00000,0.00000,0,0.00030,-0.64354,-0.69343,0.05472,-0.39505,-0.32802,8,0x00000000,1,-0.62838,-0.61344,-0.00886,4.28450,4.37200,8,0x00000000,1,-0.63409,-0.63909,-0.05487,2.66810,2.73697,8,0x00000000,1,-0.55034,-0.53453,0.00369,0.39774,0.26837,8,0x00000000,1,-0.52602,-0.52128,-0.00091,1.34022,1.31748,8,0x00000000,1,-0.65741,-0.70348,0.11402,-2.29893,-2.35642,8,0x00000000,1
68.0294,1.01244,0.48965,-39.60977,1.01244,0.48965,1.09272,0.41056,0.29667,1.32840,-0.79605,0.91784,-0.79605,0.91784,0.00000,0.00000,0,0.00028,-0.63752,-0.68735,0.10145,-0.66748,-0.69108,8,0x00000000,1,-0.62799,-0.61424,-0.01222,4.37531,4.46546,8,0x00000000,1,-0.63479,-0.64000,-0.00351,2.67813,2.67227,8,0x00000000,1,-0.55616,-0.53583,-0.01145,0.78679,0.67810,8,0x00000000,1,-0.53135,-0.52143,-0.00649,1.63040,1.55390,8,0x00000000,1,-0.65191,-0.67101,0.00905,-1.09366,-0.42397,8,0x00000000,1
68.1286,0.91614,0.56988,-39.56187,0.91614,0.56988,0.96695,0.50150,0.26759,1.31542,-0.69935,0.81392,-0.69935,0.81392,0.00000,0.00000,0,0.00038,-0.63515,-0.66489,0.00181,-0.03160,0.23773,8,0x00000000,1,-0.62310,-0.61429,0.00496,4.16405,4.25314,8,0x00000000,1,-0.63075,-0.64002,-0.00633,2.22857,2.28497,8,0x00000000,1,-0.56237,-0.53830,-0.01667,1.14197,1.18989,8,0x00000000,1,-0.53781,-0.52202,-0.01613,2.05787,2.09727,8,0x00000000,1,-0.65049,-0.67094,0.00905,-1.27605,-1.24538,8,0x00000000,1
68.2293,0.88983,0.57866,-39.55426,0.88983,0.57866,0.91060,0.55463,0.24091,1.30012,-0.66969,0.74550,-0.66969,0.74550,0.00000,0.00000,0,0.00027,-0.63290,-0.66026,0.03211,-0.16788,-0.07009,8,0x00000000,1,-0.62146,-0.61432,-0.00303,4.12116,4.21864,8,0x00000000,1,-0.62964,-0.63999,-0.00087,2.08618,2.15529,8,0x00000000,1,-0.56579,-0.54069,-0.02320,1.64967,1.60525,8,0x00000000,1,-0.54119,-0.52284,-0.01456,2.54834,2.58366,8,0x00000000,1,-0.64867,-0.66923,0.00346,-1.57793,-1.66163,8,0x00000000,1
68.3308,0.86749,0.58504,-39.54122,0.86749,0.58504,0.88408,0.57631,0.21541,1.28387,-0.66866,0.70757,-0.66866,0.70757,0.00000,0.00000,0,0.00038,-0.63134,-0.65793,0.03473,-0.42351,-0.44058,8,0x00000000,1,-0.62126,-0.61441,0.00149,4.22777,4.21420,8,0x00000000,1,-0.62974,-0.63999,-0.00206,2.00296,2.00288,8,0x00000000,1,-0.56738,-0.54200,-0.00476,1.94546,1.89074,8,0x00000000,1,-0.54266,-0.52415,-0.01163,2.70176,2.68955,8,0x00000000,1,-0.64726,-0.66706,0.02960,-1.72181,-1.77291,8,0x00000000,1
68.4308,0.83490,0.60932,-39.57294,0.83490,0.60932,0.85296,0.59925,0.19069,1.26708,-0.66227,0.66784,-0.66227,0.66784,0.00000,0.00000,0,0.00036,-0.62982,-0.65587,0.02218,-0.65758,-0.69544,8,0x00000000,1,-0.62081,-0.61455,0.00409,4.29043,4.30442,8,0x00000000,1,-0.62959,-0.63999,-0.00084,1.85404,1.57536,8,0x00000000,1,-0.56915,-0.54335,-0.01324,2.29042,2.23078,8,0x00000000,1,-0.54434,-0.52681,-0.04218,2.76349,2.79927,8,0x00000000,1,-0.64593,-0.66240,0.05681,-1.62071,-1.51282,8,0x00000000,1
68.5311,0.78207,0.64170,-39.57930,0.78207,0.64170,0.80849,0.62723,0.16700,1.24961,-0.64149,0.62238,-0.64149,0.62238,0.00000,0.00000,0,0.00051,-0.62835,-0.65386,0.01212,-0.98528,-0.88879,8,0x00000000,1,-0.61967,-0.61467,0.00547,4.23542,4.16352,8,0x00000000,1,-0.62880,-0.63996,0.00079,1.67264,1.70543,8,0x00000000,1,-0.57144,-0.54480,-0.01225,2.60866,2.73862,8,0x00000000,1,-0.54661,-0.52967,-0.01644,3.00049,2.98537,8,0x00000000,1,-0.64475,-0.65689,0.04642,-1.57220,-1.92648,8,0x00000000,1
68.6333,0.73927,0.66473,-39.57983,0.73927,0.66473,0.76241,0.64994,0.14467,1.23142,-0.61774,0.58148,-0.61774,0.58148,0.00000,0.00000,0,0.00029,-0.62712,-0.65181,0.02139,-1.23012,-1.17220,8,0x00000000,1,-0.61841,-0.61471,0.00884,4.24334,4.18064,8,0x00000000,1,-0.62786,-0.63991,-0.00165,1.45736,1.51703,8,0x00000000,1,-0.57361,-0.54644,-0.01544,2.95164,2.92041,8,0x00000000,1,-0.54878,-0.53140,-0.00457,3.30887,3.42666,8,0x00000000,1,-0.64382,-0.65332,0.03689,-1.51479,-1.59868,8,0x00000000,1
68.7348,0.69238,0.67565,-39.61265,0.69238,0.67565,0.72057,0.66472,0.12353,1.21265,-0.59703,0.54793,-0.59703,0.54793,0.00000,0.00000,0,0.00093,-0.62614,-0.64939,0.02005,-1.40040,-1.48979,8,0x00000000,1,-0.61732,-0.61475,-0.00658,4.17456,4.22531,8,0x00000000,1,-0.62704,-0.63987,-0.00103,1.28293,0.92415,8,0x00000000,1,-0.57541,-0.54880,-0.02592,3.19428,3.35035,8,0x00000000,1,-0.55059,-0.53286,-0.00992,3.55284,3.59197,8,0x00000000,1,-0.64309,-0.64816,0.07656,-1.22534,-1.29480,8,0x00000000,1
68.8350,0.63772,0.69866,-39.60177,0.63772,0.69866,0.66591,0.68597,0.10381,1.19339,-0.56210,0.50743,-0.56210,0.50743,0.00000,0.00000,0,0.00028,-0.62516,-0.64453,0.07150,-1.31354,-1.26706,8,0x00000000,1,-0.61555,-0.61473,0.00443,4.08324,4.01651,8,0x00000000,1,-0.62558,-0.63973,-0.00259,1.01150,1.01280,8,0x00000000,1,-0.57778,-0.55279,-0.05681,3.32936,3.24899,8,0x00000000,1,-0.55304,-0.53531,-0.03937,3.61608,3.45974,8,0x00000000,1,-0.64247,-0.64588,0.00178,-1.38268,-1.29158,8,0x00000000,1
68.9357,0.54602,0.68262,-39.53487,0.54602,0.68262,0.59644,0.69315,0.08581,1.17362,-0.51063,0.48047,-0.51063,0.48047,0.00000,0.00000,0,0.00050,-0.62508,-0.64079,0.01428,-1.44682,-1.47196,8,0x00000000,1,-0.61307,-0.61473,0.00484,3.91198,3.96739,8,0x00000000,1,-0.62332,-0.63957,-0.00091,0.67737,0.74146,8,0x00000000,1,-0.57991,-0.56156,-0.08059,3.11572,2.99953,8,0x00000000,1,-0.55540,-0.54223,-0.07736,3.42433,3.36458,8,0x00000000,1,-0.64279,-0.64539,-0.00693,-1.40159,-1.39205,8,0x00000000,1
69.0372,0.47442,0.65639,-39.55754,0.47442,0.65639,0.51155,0.66936,0.07015,1.15424,-0.44140,0.48488,-0.44140,0.48488,0.00000,0.00000,0,0.00101,-0.62665,-0.64006,0.01402,-1.39698,-1.45094,8,0x00000000,1,-0.60990,-0.61473,-0.00191,3.62009,3.59714,8,0x00000000,1,-0.62013,-0.63927,0.00134,0.25212,0.31057,8,0x00000000,1,-0.58109,-0.56715,-0.05480,3.04766,3.16379,8,0x00000000,1,-0.55702,-0.54661,-0.02177,3.53428,3.55264,8,0x00000000,1,-0.64476,-0.64530,-0.00068,-1.21108,-1.21635,8,0x00000000,1
69.1378,0.43597,0.63628,-39.52572,0.43597,0.63628,0.45909,0.64512,0.05641,1.13555,-0.40268,0.49043,-0.40268,0.49043,0.00000,0.00000,0,0.00050,-0.62766,-0.63905,0.01902,-1.42096,-1.35400,8,0x00000000,1,-0.60813,-0.61473,-0.00347,3.48755,3.52649,8,0x00000000,1,-0.61834,-0.63893,0.01096,-0.04828,-0.03316,8,0x00000000,1,-0.58162,-0.57133,-0.03542,3.01080,2.93483,8,0x00000000,1,-0.55781,-0.54860,-0.01781,3.54995,3.57935,8,0x00000000,1,-0.64599,-0.64531,-0.00258,-1.11889,-1.53015,8,0x00000000,1
69.2358,0.37699,0.63667,-39.51261,0.37699,0.63667,0.41425,0.63647,0.04396,1.11733,-0.37029,0.48086,-0.37029,0.48086,0.00000,0.00000,0,0.00032,-0.62791,-0.63245,0.19406,-0.55580,-0.80351,8,0x00000000,1,-0.60660,-0.61473,0.00423,3.31775,3.27205,8,0x00000000,1,-0.61689,-0.63860,0.00810,-0.34602,-0.28256,8,0x00000000,1,-0.58265,-0.57309,-0.02417,3.12478,3.21606,8,0x00000000,1,-0.55902,-0.55256,-0.03592,3.40591,3.38933,8,0x00000000,1,-0.64647,-0.64531,-0.00206,-1.12649,-1.06829,8,0x00000000,1
69.3361,0.28886,0.69806,-39.42086,0.28886,0.69806,0.32690,0.67281,0.03342,1.09880,-0.29348,0.42599,-0.29348,0.42599,0.00000,0.00000,0,0.00066,-0.62717,-0.61982,-0.00344,-0.32523,-0.12606,8,0x00000000,1,-0.60285,-0.61470,0.00203,2.86140,2.87046,8,0x00000000,1,-0.61356,-0.63780,0.01763,-0.81767,-0.59649,8,0x00000000,1,-0.58644,-0.57480,-0.01874,3.46408,3.41415,8,0x00000000,1,-0.56310,-0.55631,-0.05610,3.52380,3.57380,8,0x00000000,1,-0.64640,-0.64528,0.00960,-1.06529,-1.15266,8,0x00000000,1
69.4378,0.24004,0.67958,-39.44079,0.24004,0.67958,0.26307,0.68070,0.02515,1.07947,-0.23792,0.39877,-0.23792,0.39877,0.00000,0.00000,0,0.00038,-0.62715,-0.61961,0.00230,-0.18469,-0.16424,8,0x00000000,1,-0.60019,-0.61462,0.00604,2.61725,2.56799,8,0x00000000,1,-0.61112,-0.63655,0.00901,-1.17379,-1.13300,8,0x00000000,1,-0.58867,-0.57650,-0.01344,3.61006,3.77308,8,0x00000000,1,-0.56558,-0.55944,-0.04750,3.54278,3.51379,8,0x00000000,1,-0.64683,-0.64530,-0.00191,-1.06399,-1.17407,8,0x00000000,1
69.5389,0.20594,0.64813,-39.44409,0.20594,0.64813,0.22826,0.66391,0.01820,1.06027,-0.21007,0.39636,-0.21007,0.39636,0.00000,0.00000,0,0.00032,-0.62761,-0.61965,-0.01419,-0.12765,-0.17113,8,0x00000000,1,-0.59889,-0.61456,0.00239,2.36367,2.30398,8,0x00000000,1,-0.60985,-0.63427,0.03610,-1.32001,-1.24131,8,0x00000000,1,-0.58932,-0.57731,-0.01366,3.69672,3.65128,8,0x00000000,1,-0.56639,-0.56476,-0.09262,3.13860,3.22019,8,0x00000000,1,-0.64746,-0.64529,0.00210,-0.98495,-0.94856,8,0x00000000,1
69.6403,0.15285,0.58993,-39.45665,0.15285,0.58993,0.18094,0.62359,0.01237,1.04188,-0.16857,0.41830,-0.16857,0.41830,0.00000,0.00000,0,0.00030,-0.62935,-0.61969,-0.00291,0.17793,0.22854,8,0x00000000,1,-0.59707,-0.61439,0.01157,2.03885,1.92522,8,0x00000000,1,-0.60787,-0.62788,0.06651,-1.21401,-1.38142,8,0x00000000,1,-0.58922,-0.57794,0.00037,3.85030,3.82623,8,0x00000000,1,-0.56663,-0.56996,-0.03142,2.97363,3.02170,8,0x00000000,1,-0.64938,-0.64531,0.00186,-0.85758,-0.79884,8,0x00000000,1
69.7441,0.12830,0.55153,-39.41936,0.12830,0.55153,0.14364,0.57590,0.00784,1.02487,-0.13580,0.44897,-0.13580,0.44897,0.00000,0.00000,0,0.00258,-0.63128,-0.61989,0.00239,0.36499,0.35464,8,0x00000000,1,-0.59567,-0.61403,-0.00061,1.74935,1.62231,8,0x00000000,1,-0.60626,-0.62173,0.08249,-1.08035,-1.07260,8,0x00000000,1,-0.58859,-0.57832,-0.00455,3.87439,3.99747,8,0x00000000,1,-0.56631,-0.57151,-0.01248,2.82792,2.84073,8,0x00000000,1,-0.65140,-0.64536,-0.00121,-0.61030,-0.57479,8,0x00000000,1
69.8439,0.11022,0.49373,-39.37103,0.11022,0.49373,0.12042,0.52609,0.00412,1.00917,-0.11630,0.48308,-0.11630,0.48308,0.00000,0.00000,0,0.00027,-0.63309,-0.62020,-0.01279,0.60973,0.58687,8,0x00000000,1,-0.59491,-0.61364,0.01033,1.53548,1.56880,8,0x00000000,1,-0.60525,-0.60869,0.32271,0.29928,-0.17274,8,0x00000000,1,-0.58756,-0.57859,-0.00616,3.88854,3.89641,8,0x00000000,1,-0.56552,-0.57237,-0.01009,2.63264,2.85594,8,0x00000000,1,-0.65320,-0.64543,-0.00365,-0.44511,-0.61213,8,0x00000000,1
69.9445,0.08343,0.41212,-39.29498,0.08343,0.41212,0.08889,0.44161,0.00109,0.99551,-0.08780,0.55389,-0.08780,0.55389,0.00000,0.00000,0,0.00029,-0.63660,-0.62102,-0.00814,1.01801,0.92147,8,0x00000000,1,-0.59386,-0.61310,0.00485,1.22673,1.26249,8,0x00000000,1,-0.60370,-0.60126,0.00812,-0.24790,-0.15676,8,0x00000000,1,-0.58518,-0.57869,-0.01012,3.81434,3.80310,8,0x00000000,1,-0.56356,-0.57247,-0.00117,2.41601,2.32108,8,0x00000000,1,-0.65663,-0.64558,-0.00121,-0.06614,-0.18074,8,0x00000000,1
70.0445,0.07248,0.40712,-39.26693,0.07248,0.40712,0.08493,0.41664,-0.00146,0.98334,-0.08639,0.56671,-0.08639,0.56671,0.00000,0.00000,0,0.00040,-0.63717,-0.62152,-0.00466,1.16883,1.08697,8,0x00000000,1,-0.59385,-0.61264,0.00426,1.08509,1.14411,8,0x00000000,1,-0.60359,-0.60101,-0.00347,-0.18298,-0.36380,8,0x00000000,1,-0.58467,-0.57882,-0.00906,3.87134,3.71492,8,0x00000000,1,-0.56311,-0.57246,0.00233,2.31798,2.33533,8,0x00000000,1,-0.65715,-0.64568,-0.00494,0.02088,0.01149,8,0x00000000,1
70.1454,0.07650,0.40957,-39.28187,0.07650,0.40957,0.08161,0.41121,-0.00384,0.97158,-0.08545,0.56036,-0.08545,0.56036,0.00000,0.00000,0,0.00024,-0.63692,-0.62194,-0.00365,1.29601,1.27836,8,0x00000000,1,-0.59378,-0.61217,0.01787,0.92778,0.97892,8,0x00000000,1,-0.60357,-0.60096,0.00162,-0.13323,-0.29154,8,0x00000000,1,-0.58495,-0.57898,-0.00596,3.96193,3.83648,8,0x00000000,1,-0.56338,-0.57249,-0.00963,2.17688,2.21341,8,0x00000000,1,-0.65693,-0.64572,-0.00086,0.11197,0.19653,8,0x00000000,1
70.2463,0.08151,0.41444,-39.28120,0.08151,0.41444,0.08373,0.41412,-0.00621,0.95982,-0.08994,0.54570,-0.08994,0.54570,0.00000,0.00000,0,0.00028,-0.63622,-0.62240,-0.00483,1.39866,1.33625,8,0x00000000,1,-0.59393,-0.61182,0.00124,0.68510,0.75922,8,0x00000000,1,-0.60383,-0.60096,0.00171,-0.07812,-0.08622,8,0x00000000,1,-0.58547,-0.57917,-0.00120,4.04223,4.12821,8,0x00000000,1,-0.56382,-0.57248,-0.00363,2.09512,2.27479,8,0x00000000,1,-0.65626,-0.64577,-0.00792,0.20870,-0.06814,8,0x00000000,1
70.3498,0.07446,0.41091,-39.27804,0.07446,0.41091,0.08042,0.41268,-0.00856,0.94803,-0.08899,0.53535,-0.08899,0.53535,0.00000,0.00000,0,0.00037,-0.63581,-0.62274,0.00651,1.49913,1.51625,8,0x00000000,1,-0.59385,-0.61142,0.00142,0.50349,0.43925,8,0x00000000,1,-0.60382,-0.60098,-0.00672,-0.05412,-0.03703,8,0x00000000,1,-0.58592,-0.57938,-0.00554,4.14079,4.25329,8,0x00000000,1,-0.56424,-0.57246,0.00145,2.08257,2.03248,8,0x00000000,1,-0.65590,-0.64580,-0.00302,0.31038,0.25405,8,0x00000000,1
70.4560,0.07568,0.40776,-39.28231,0.07568,0.40776,0.07676,0.40962,-0.01080,0.93631,-0.08756,0.52669,-0.08756,0.52669,0.00000,0.00000,0,0.00040,-0.63548,-0.62326,0.00209,1.63309,1.67685,8,0x00000000,1,-0.59375,-0.61090,0.00238,0.28319,0.28713,8,0x00000000,1,-0.60378,-0.60098,-0.00965,-0.03201,0.02952,8,0x00000000,1,-0.58631,-0.57962,-0.00756,4.25922,4.28762,8,0x00000000,1,-0.56461,-0.57246,0.00248,1.97482,1.89825,8,0x00000000,1,-0.65560,-0.64585,-0.00378,0.42776,0.42490,8,0x00000000,1
70.5613,0.07032,0.40765,-39.27656,0.07032,0.40765,0.07331,0.40842,-0.01293,0.92466,-0.08624,0.51624,-0.08624,0.51624,0.00000,0.00000,0,0.00041,-0.63507,-0.62381,0.00639,1.70434,1.69474,8,0x00000000,1,-0.59365,-0.61036,0.00500,0.12562,0.18950,8,0x00000000,1,-0.60376,-0.60097,0.00090,0.00422,-0.08704,8,0x00000000,1,-0.58677,-0.57986,-0.01095,4.36138,4.35447,8,0x00000000,1,-0.56504,-0.57246,0.00116,1.93576,1.90103,8,0x00000000,1,-0.65524,-0.64588,0.00548,0.54479,0.38252,8,0x00000000,1
70.6628,0.07714,0.40903,-39.27738,-0.92286,0.40903,-0.28636,0.40844,-0.06421,0.91302,0.22216,0.50458,0.22216,0.50458,1.00000,0.00000,0,0.00036,-0.64076,-0.62442,0.00398,2.05659,2.06905,8,0x00000000,1,-0.57940,-0.60971,0.03688,-0.71739,-0.26451,8,0x00000000,1,-0.58968,-0.60097,0.00203,0.04645,0.04096,8,0x00000000,1,-0.59331,-0.58007,-0.00991,4.77974,4.87534,8,0x00000000,1,-0.57349,-0.57242,0.01040,1.85839,1.91580,8,0x00000000,1,-0.66289,-0.64594,-0.00140,0.55717,0.55731,8,0x00000000,1
70.7653,-0.02500,0.09831,-39.19878,-1.02500,0.09831,-0.83531,0.30049,-0.04611,0.90205,0.78920,0.60156,0.78920,0.60156,1.00000,0.00000,0,0.00038,-0.65612,-0.63380,-0.10910,2.64797,2.67432,8,0x00000000,1,-0.55365,-0.57646,0.58497,0.45106,-0.06439,8,0x00000000,1,-0.56345,-0.56830,0.48502,0.43210,0.12826,8,0x00000000,1,-0.60039,-0.58388,-0.02379,5.39323,5.38322,8,0x00000000,1,-0.58458,-0.58140,-0.02278,2.71455,2.68428,8,0x00000000,1,-0.68146,-0.65272,-0.12272,2.08136,2.02430,8,0x00000000,1
70.8652,-0.02310,-0.13417,-39.28453,-1.02310,-0.13417,-0.99684,-0.01379,-0.01911,0.89891,0.97773,0.91270,0.97773,0.91270,1.00000,0.00000,32,0.00027,-0.67287,-0.64548,-0.07582,3.46896,3.46225,8,0x00000000,1,-0.54607,-0.56354,0.10908,-0.54438,-0.58957,8,0x00000000,1,-0.55386,-0.56574,0.01722,-1.26490,-1.36494,8,0x00000000,1,-0.59113,-0.58414,0.00021,4.65186,4.59098,8,0x00000000,1,-0.57766,-0.58194,-0.00060,1.97115,2.02999,8,0x00000000,1,-0.69819,-0.66707,-0.12207,2.60275,2.63125,8,0x00000000,1
70.9702,0.01678,-0.23851,-39.37720,-0.98322,-0.23851,-1.00111,-0.17428,0.00958,0.90187,1.01069,1.07614,1.01069,1.07614,1.00000,0.00000,0,0.00028,-0.68035,-0.65216,-0.04693,3.73535,3.69579,8,0x00000000,1,-0.54512,-0.55366,0.02525,-0.25285,-0.20633,8,0x00000000,1,-0.55185,-0.56452,0.00512,-1.37012,-1.37615,8,0x00000000,1,-0.58498,-0.58404,0.00544,4.38935,4.39580,8,0x00000000,1,-0.57231,-0.58188,-0.00104,1.56372,1.66618,8,0x00000000,1,-0.70523,-0.67160,-0.03061,3.30171,3.00760,8,0x00000000,1
71.0724,0.02891,-0.28667,-39.37532,-0.97109,-0.28667,-0.98338,-0.25260,0.03783,0.90814,1.02120,1.16074,1.02120,1.16074,1.00000,0.00000,0,0.00045,-0.68410,-0.65587,-0.02120,4.15623,4.16342,8,0x00000000,1,-0.54494,-0.55253,0.01773,-0.25453,-0.28904,8,0x00000000,1,-0.55111,-0.56290,0.02552,-1.34195,-1.34826,8,0x00000000,1,-0.58167,-0.58399,0.00059,4.15315,4.21758,8,0x00000000,1,-0.56936,-0.58176,-0.00059,1.25766,1.38092,8,0x00000000,1,-0.70870,-0.67433,-0.01689,3.71675,3.84097,8,0x00000000,1
71.1757,0.03303,-0.36228,-39.35707,-0.96697,-0.36228,-0.96966,-0.31230,0.06559,0.91617,1.03525,1.22846,1.03525,1.22846,1.00000,0.00000,0,0.00155,-0.68721,-0.65755,-0.00685,4.46004,4.55264,8,0x00000000,1,-0.54453,-0.54759,0.09569,0.20480,0.10731,8,0x00000000,1,-0.55026,-0.55641,0.07436,-0.92726,-0.83769,8,0x00000000,1,-0.57914,-0.58393,-0.00446,4.00027,4.07421,8,0x00000000,1,-0.56715,-0.58167,0.00373,1.00203,0.97757,8,0x00000000,1,-0.71163,-0.67639,-0.03261,4.11549,4.08779,8,0x00000000,1
71.2800,0.04168,-0.45478,-39.33473,-0.95832,-0.45478,-0.96311,-0.40092,0.09315,0.92642,1.05626,1.32734,1.05626,1.32734,1.00000,0.00000,0,0.00042,-0.69177,-0.66048,-0.02510,4.99146,4.79482,8,0x00000000,1,-0.54390,-0.54462,0.01834,0.09758,0.10205,8,0x00000000,1,-0.54900,-0.54865,0.15773,-0.30000,-0.54810,8,0x00000000,1,-0.57544,-0.58374,0.00460,3.71819,3.61026,8,0x00000000,1,-0.56393,-0.58150,0.00054,0.57375,0.68671,8,0x00000000,1,-0.71591,-0.67910,-0.02889,4.67874,4.56085,8,0x00000000,1
71.3819,0.06016,-0.53925,-39.29374,-0.93984,-0.53925,-0.95683,-0.49973,0.12052,0.93941,1.07735,1.43915,1.07735,1.43915,1.00000,0.00000,0,0.00036,-0.69687,-0.66344,-0.04589,5.51268,5.52077,8,0x00000000,1,-0.54332,-0.54373,-0.00272,0.05826,0.17566,8,0x00000000,1,-0.54770,-0.54119,0.00739,-0.31670,-0.43589,8,0x00000000,1,-0.57122,-0.58348,0.00850,3.29696,3.22540,8,0x00000000,1,-0.56023,-0.58125,0.00525,0.08969,0.13121,8,0x00000000,1,-0.72069,-0.68370,-0.08577,5.07432,5.13883,8,0x00000000,1
71.4828,0.14025,-0.60733,-39.25294,-0.85975,-0.60733,-0.90166,-0.56824,0.14708,0.95466,1.04874,1.52290,1.04874,1.52290,1.00000,0.00000,0,0.00032,-0.69980,-0.66944,-0.07189,5.59452,5.64292,8,0x00000000,1,-0.54494,-0.54348,-0.00090,0.22184,0.19846,8,0x00000000,1,-0.54874,-0.54103,0.00176,-0.10988,-0.12052,8,0x00000000,1,-0.56719,-0.58314,-0.00756,2.91203,3.06317,8,0x00000000,1,-0.55629,-0.58092,0.00513,-0.38882,-0.21203,8,0x00000000,1,-0.72309,-0.69742,-0.22225,4.22026,4.10657,8,0x00000000,1
71.5854,0.30227,-0.69499,-39.18150,-0.69773,-0.69499,-0.76893,-0.65597,0.17088,0.97220,0.93981,1.62817,0.93981,1.62817,1.00000,0.00000,0,0.00029,-0.70203,-0.67864,-0.09167,5.40230,5.41942,8,0x00000000,1,-0.55035,-0.54350,-0.00399,0.66471,0.59015,8,0x00000000,1,-0.55335,-0.54115,-0.00166,0.35681,0.27482,8,0x00000000,1,-0.56071,-0.58239,0.02305,2.32747,2.15078,8,0x00000000,1,-0.54943,-0.57995,0.00271,-1.18307,-1.14383,8,0x00000000,1,-0.72420,-0.71204,-0.04197,4.04535,4.09297,8,0x00000000,1
71.6898,0.38166,-0.77226,-39.26912,-0.61834,-0.77226,-0.66714,-0.73159,0.19118,0.99202,0.85833,1.72362,0.85833,1.72362,1.00000,0.00000,0,0.00038,-0.70439,-0.69228,-0.09922,4.82098,5.01641,8,0x00000000,1,-0.55447,-0.54367,-0.00009,1.00960,0.84450,8,0x00000000,1,-0.55674,-0.54150,-0.00316,0.67546,0.62663,8,0x00000000,1,-0.55517,-0.58131,-0.00288,1.69761,1.81321,8,0x00000000,1,-0.54366,-0.57711,0.07702,-1.52501,-1.46735,8,0x00000000,1,-0.72565,-0.71409,-0.02146,4.21647,4.37795,8,0x00000000,1
71.7905,0.44478,-0.79363,-39.26970,-0.55522,-0.79363,-0.59563,-0.77845,0.20908,1.01370,0.80471,1.79215,0.80471,1.79215,1.00000,0.00000,0,0.00030,-0.70619,-0.69675,-0.03083,4.96696,4.97999,8,0x00000000,1,-0.55720,-0.54409,-0.00016,1.28219,1.34054,8,0x00000000,1,-0.55896,-0.54186,-0.00578,0.99287,0.96141,8,0x00000000,1,-0.55130,-0.57998,0.01235,1.25963,1.32167,8,0x00000000,1,-0.53965,-0.56795,0.05446,-1.58648,-1.58421,8,0x00000000,1,-0.72683,-0.71561,-0.02158,4.33703,4.25310,8,0x00000000,1
71.8943,0.50346,-0.78833,-39.21965,-0.49654,-0.78833,-0.54074,-0.79240,0.22521,1.03616,0.76595,1.82855,0.76595,1.82855,1.00000,0.00000,0,0.00039,-0.70694,-0.69866,-0.00861,5.04043,5.06584,8,0x00000000,1,-0.55913,-0.54481,-0.01104,1.47910,1.52801,8,0x00000000,1,-0.56060,-0.54227,-0.00347,1.25255,1.45553,8,0x00000000,1,-0.54904,-0.57900,0.01599,0.82818,0.97322,8,0x00000000,1,-0.53725,-0.55731,0.19503,-0.87855,-0.95382,8,0x00000000,1,-0.72718,-0.71723,-0.02179,4.37202,4.50988,8,0x00000000,1
71.9958,0.55920,-0.79292,-39.16718,-0.44080,-0.79292,-0.46997,-0.79478,0.23947,1.05879,0.70944,1.85357,0.70944,1.85357,1.00000,0.00000,0,0.00043,-0.70685,-0.70032,0.00748,5.04006,4.98844,8,0x00000000,1,-0.56184,-0.54598,-0.00337,1.80176,1.66321,8,0x00000000,1,-0.56308,-0.54301,-0.00657,1.63231,1.65230,8,0x00000000,1,-0.54690,-0.57808,0.01872,0.40020,0.48832,8,0x00000000,1,-0.53482,-0.54867,0.13955,-0.84350,-0.99710,8,0x00000000,1,-0.72664,-0.71819,-0.01325,4.38911,4.45757,8,0x00000000,1
72.0959,0.61865,-0.78341,-39.12447,-0.38135,-0.78341,-0.40325,-0.78824,0.25179,1.08133,0.65504,1.86957,0.65504,1.86957,1.00000,0.00000,0,0.00028,-0.70643,-0.70111,-0.00991,4.96439,5.08018,8,0x00000000,1,-0.56442,-0.54744,-0.02218,2.06280,1.99433,8,0x00000000,1,-0.56549,-0.54393,-0.01439,1.99781,2.02556,8,0x00000000,1,-0.54519,-0.57685,0.01620,-0.01040,0.07440,8,0x00000000,1,-0.53279,-0.54328,0.02326,-1.12342,-1.01360,8,0x00000000,1,-0.72582,-0.71915,-0.01432,4.31925,4.28005,8,0x00000000,1
72.1969,0.63751,-0.78338,-39.10359,-0.36249,-0.78338,-0.37674,-0.78621,0.26288,1.10376,0.63962,1.88997,0.63962,1.88997,1.00000,0.00000,0,0.00076,-0.70698,-0.70175,-0.00304,5.08794,5.11588,8,0x00000000,1,-0.56521,-0.54919,-0.01658,2.14050,2.19591,8,0x00000000,1,-0.56612,-0.54472,-0.01186,2.21033,2.44469,8,0x00000000,1,-0.54404,-0.57565,0.00889,-0.39773,-0.29262,8,0x00000000,1,-0.53160,-0.54038,0.05555,-0.98354,-0.92715,8,0x00000000,1,-0.72618,-0.72080,-0.02526,4.30428,4.47077,8,0x00000000,1
72.2974,0.73391,-0.77816,-38.99846,-0.26609,-0.77816,-0.31234,-0.77679,0.27289,1.12600,0.58523,1.90279,0.58523,1.90279,1.00000,0.00000,0,0.00028,-0.70642,-0.70223,-0.00915,4.99935,5.03949,8,0x00000000,1,-0.56778,-0.55142,-0.03746,2.32176,2.19640,8,0x00000000,1,-0.56854,-0.54629,-0.03889,2.43896,2.59850,8,0x00000000,1,-0.54246,-0.57398,0.01036,-0.71215,-0.66870,8,0x00000000,1,-0.52970,-0.52797,0.04835,-0.31553,-0.34433,8,0x00000000,1,-0.72524,-0.72447,-0.05254,3.92487,3.75045,8,0x00000000,1
72.4038,0.81365,-0.75583,-38.94665,-0.18635,-0.75583,-0.23722,-0.76053,0.28068,1.14791,0.51790,1.90844,0.51790,1.90844,1.00000,0.00000,0,0.00307,-0.70530,-0.70270,-0.00661,4.96462,4.88528,8,0x00000000,1,-0.57092,-0.55428,-0.01782,2.58100,2.60907,8,0x00000000,1,-0.57157,-0.54948,-0.05110,2.66384,2.56449,8,0x00000000,1,-0.54091,-0.57184,0.01020,-1.11826,-1.03944,8,0x00000000,1,-0.52772,-0.52101,0.01408,-0.02464,0.02494,8,0x00000000,1,-0.72369,-0.72890,-0.02187,3.65252,3.59275,8,0x00000000,1
72.5021,0.84441,-0.68476,-38.98905,-0.15559,-0.68476,-0.17948,-0.72108,0.28646,1.16912,0.46593,1.89020,0.46593,1.89020,1.00000,0.00000,0,0.00102,-0.70350,-0.70286,0.00607,4.90492,4.93266,8,0x00000000,1,-0.57327,-0.55659,-0.02128,2.81617,2.67246,8,0x00000000,1,-0.57399,-0.55950,-0.08804,2.26771,2.37378,8,0x00000000,1,-0.54065,-0.57022,0.01296,-1.37527,-1.45881,8,0x00000000,1,-0.52706,-0.52070,-0.00502,-0.07042,-0.07062,8,0x00000000,1,-0.72164,-0.72996,-0.00386,3.40872,3.37483,8,0x00000000,1
72.6049,0.86312,-0.63356,-39.03576,-0.13688,-0.63356,-0.14840,-0.66067,0.29103,1.18873,0.43943,1.84940,0.43943,1.84940,1.00000,0.00000,0,0.00049,-0.70126,-0.70289,0.00224,4.73288,4.60208,8,0x00000000,1,-0.57435,-0.55840,-0.02311,2.92449,2.91691,8,0x00000000,1,-0.57532,-0.56671,-0.02669,2.16975,2.17892,8,0x00000000,1,-0.54182,-0.56905,0.00885,-1.56841,-1.51016,8,0x00000000,1,-0.52793,-0.52071,-0.00421,0.10008,0.04025,8,0x00000000,1,-0.71940,-0.73014,0.00647,3.12947,3.13903,8,0x00000000,1
72.7066,0.87278,-0.61272,-39.03327,-0.12722,-0.61272,-0.13379,-0.62721,0.29502,1.20701,0.42881,1.83421,0.42881,1.83421,1.00000,0.00000,0,0.00127,-0.70041,-0.70287,0.01396,4.65819,4.48449,8,0x00000000,1,-0.57478,-0.56134,-0.04473,2.82574,2.79426,8,0x00000000,1,-0.57585,-0.56788,-0.01204,2.25986,2.37913,8,0x00000000,1,-0.54225,-0.56722,0.03435,-1.63760,-1.63593,8,0x00000000,1,-0.52823,-0.52070,0.00251,0.23812,0.38767,8,0x00000000,1,-0.71855,-0.73018,-0.00901,2.89461,2.89838,8,0x00000000,1
72.8052,0.88465,-0.57720,-39.02438,-0.11535,-0.57720,-0.12180,-0.59770,0.29866,1.22449,0.42046,1.82219,0.42046,1.82219,1.00000,0.00000,0,0.00040,-0.69973,-0.70289,0.01130,4.60252,4.66763,8,0x00000000,1,-0.57513,-0.56580,-0.03709,2.74014,2.74570,8,0x00000000,1,-0.57627,-0.56834,-0.00699,2.34842,2.34190,8,0x00000000,1,-0.54258,-0.56289,0.03893,-1.63090,-1.77386,8,0x00000000,1,-0.52847,-0.52071,-0.00065,0.32634,0.27979,8,0x00000000,1,-0.71788,-0.73016,-0.00301,2.74147,2.70023,8,0x00000000,1
72.9106,0.90141,-0.54983,-39.03130,-0.09859,-0.54983,-0.10752,-0.56480,0.30191,1.24099,0.40943,1.80579,0.40943,1.80579,1.00000,0.00000,0,0.00032,-0.69883,-0.70289,-0.00612,4.50266,4.46138,8,0x00000000,1,-0.57558,-0.56877,-0.02296,2.73423,2.63862,8,0x00000000,1,-0.57682,-0.56874,-0.00854,2.49548,2.61486,8,0x00000000,1,-0.54304,-0.56024,0.01685,-1.72203,-1.81162,8,0x00000000,1,-0.52881,-0.52071,-0.00491,0.43276,0.41110,8,0x00000000,1,-0.71697,-0.73017,-0.00589,2.51458,2.34520,8,0x00000000,1
73.0125,0.91216,-0.52602,-39.03322,-0.08784,-0.52602,-0.09504,-0.53958,0.30480,1.25671,0.39984,1.79629,0.39984,1.79629,1.00000,0.00000,0,0.00035,-0.69824,-0.70288,-0.00424,4.39137,4.26879,8,0x00000000,1,-0.57599,-0.57049,-0.01976,2.72172,2.71330,8,0x00000000,1,-0.57729,-0.56913,-0.00259,2.57212,2.53534,8,0x00000000,1,-0.54325,-0.55661,0.04787,-1.55942,-1.53852,8,0x00000000,1,-0.52892,-0.52071,-0.00124,0.55723,0.60475,8,0x00000000,1,-0.71636,-0.73014,-0.00354,2.29436,2.30028,8,0x00000000,1
73.1148,0.98887,-0.46956,-39.11871,-0.01113,-0.46956,-0.05642,-0.50543,0.30709,1.27165,0.36351,1.77708,0.36351,1.77708,1.00000,0.00000,0,0.00035,-0.69670,-0.70285,0.00022,4.26842,4.38159,8,0x00000000,1,-0.57760,-0.57187,-0.00924,2.82727,2.63840,8,0x00000000,1,-0.57900,-0.56953,-0.00865,2.76814,2.69973,8,0x00000000,1,-0.54333,-0.54443,0.04125,-0.88004,-0.76376,8,0x00000000,1,-0.52870,-0.52071,0.00353,0.64901,0.46537,8,0x00000000,1,-0.71468,-0.73010,-0.00328,2.02978,2.06215,8,0x00000000,1
73.2153,1.00208,-0.45339,-39.12294,0.00208,-0.45339,-0.01424,-0.46808,0.30785,1.28539,0.32209,1.75347,0.32209,1.75347,1.00000,0.00000,16,0.00041,-0.69488,-0.70278,0.00543,4.00063,3.97898,8,0x00000000,1,-0.57943,-0.57362,-0.01795,2.89553,2.85307,8,0x00000000,1,-0.58096,-0.57036,-0.00698,3.00100,2.95453,8,0x00000000,1,-0.54350,-0.54339,0.00516,-0.87532,-0.81265,8,0x00000000,1,-0.52852,-0.52071,0.00396,0.73486,0.76173,8,0x00000000,1,-0.71271,-0.73005,-0.00069,1.69155,1.79975,8,0x00000000,1
73.3180,1.00129,-0.44232,-39.11028,0.00129,-0.44232,-0.00266,-0.45012,0.30785,1.29844,0.31051,1.74856,0.31051,1.74856,1.00000,0.00000,16,0.00031,-0.69444,-0.70274,0.00041,3.90160,3.96379,8,0x00000000,1,-0.57995,-0.57476,-0.01049,2.93089,2.96870,8,0x00000000,1,-0.58150,-0.57087,-0.00534,3.09993,3.22374,8,0x00000000,1,-0.54348,-0.54308,0.00341,-0.88920,-0.96170,8,0x00000000,1,-0.52841,-0.52073,-0.00738,0.80736,0.73846,8,0x00000000,1,-0.71222,-0.72999,0.00958,1.47235,1.39185,8,0x00000000,1
73.4199,0.99988,-0.43991,-39.11830,-0.00012,-0.43991,-0.00077,-0.44346,0.30785,1.31115,0.30863,1.75462,0.30863,1.75462,1.00000,0.00000,16,0.00028,-0.69466,-0.70273,0.00013,3.83485,3.89257,8,0x00000000,1,-0.58006,-0.57537,-0.00050,2.95112,3.01159,8,0x00000000,1,-0.58156,-0.57130,-0.00205,3.20266,3.18508,8,0x00000000,1,-0.54319,-0.54294,0.00457,-0.88492,-0.85516,8,0x00000000,1,-0.52813,-0.52069,0.01145,0.92647,0.86345,8,0x00000000,1,-0.71240,-0.72995,0.00452,1.29195,1.31666,8,0x00000000,1
73.5227,0.99307,-0.43708,-39.10226,-0.00693,-0.43708,-0.00233,-0.43890,0.30785,1.32371,0.31018,1.76262,0.31018,1.76262,1.00000,0.00000,16,0.00032,-0.69502,-0.70268,0.00321,3.79718,3.63069,8,0x00000000,1,-0.58002,-0.57579,-0.00874,2.95372,3.00662,8,0x00000000,1,-0.58147,-0.57169,-0.01053,3.28407,3.19394,8,0x00000000,1,-0.54289,-0.54283,0.00048,-0.91356,-0.81853,8,0x00000000,1,-0.52786,-0.52071,0.00303,0.99866,1.04497,8,0x00000000,1,-0.71274,-0.72989,0.00256,1.08275,1.10973,8,0x00000000,1
73.6246,0.99767,-0.42936,-39.12092,-0.00233,-0.42936,-0.00347,-0.43348,0.30785,1.33615,0.31132,1.76963,0.31132,1.76963,1.00000,0.00000,16,0.00037,-0.69534,-0.70266,-0.00064,3.70696,3.71899,8,0x00000000,1,-0.57999,-0.57605,-0.00148,2.99465,3.00185,8,0x00000000,1,-0.58139,-0.57221,-0.01390,3.36630,3.24188,8,0x00000000,1,-0.54262,-0.54270,-0.00507,-0.93299,-0.84859,8,0x00000000,1,-0.52763,-0.52070,0.00653,1.02444,1.01868,8,0x00000000,1,-0.71304,-0.72982,0.00655,0.92162,0.98990,8,0x00000000,1
73.7292,1.00346,-0.39629,-39.12957,1.00346,-0.39629,0.68381,-0.42195,0.35031,1.34840,-0.33350,1.77035,-0.33350,1.77035,0.00000,0.00000,0,0.00258,-0.68239,-0.70206,0.01656,2.47258,2.43937,8,0x00000000,1,-0.60993,-0.58259,-0.19740,4.90439,4.63875,8,0x00000000,1,-0.61065,-0.58327,-0.47746,4.15950,3.98346,8,0x00000000,1,-0.53001,-0.53921,0.14439,-1.25775,-1.18211,8,0x00000000,1,-0.51083,-0.52072,-0.00045,-0.48934,-0.26601,8,0x00000000,1,-0.69621,-0.72933,0.00724,-0.86645,-0.48456,8,0x00000000,1
73.8281,1.14316,0.14389,-39.28083,1.14316,0.14389,1.03845,-0.06410,0.32474,1.35575,-0.71370,1.41984,-0.71370,1.41984,0.00000,0.00000,0,0.00031,-0.66009,-0.70024,0.03032,0.66093,0.85287,8,0x00000000,1,-0.62619,-0.61060,-0.04998,4.20833,4.27421,8,0x00000000,1,-0.62920,-0.62115,-0.27975,3.21655,3.19541,8,0x00000000,1,-0.53703,-0.52775,0.00133,-0.34761,-0.56350,8,0x00000000,1,-0.51434,-0.51924,0.00850,0.10512,0.16823,8,0x00000000,1,-0.67305,-0.71728,0.33373,-0.83166,-0.93908,8,0x00000000,1
73.9327,1.17275,0.35853,-39.44422,1.17275,0.35853,1.13903,0.24644,0.29337,1.35243,-0.84566,1.10599,-0.84566,1.10599,0.00000,0.00000,0,0.00036,-0.64435,-0.69408,0.07650,-0.24642,-0.24609,8,0x00000000,1,-0.63104,-0.61406,-0.00963,4.47587,4.34740,8,0x00000000,1,-0.63637,-0.64018,-0.03234,2.89539,2.92709,8,0x00000000,1,-0.54741,-0.52878,-0.01328,0.65122,0.50372,8,0x00000000,1,-0.52290,-0.51930,-0.00277,0.92957,0.71950,8,0x00000000,1,-0.65774,-0.70431,0.09690,-2.38108,-2.27595,8,0x00000000,1
74.0335,1.08025,0.44424,-39.51008,1.08025,0.44424,1.13231,0.37330,0.26068,1.34335,-0.87162,0.97005,-0.87162,0.97005,0.00000,0.00000,0,0.00038,-0.63817,-0.68965,0.06928,-0.69338,-0.54145,8,0x00000000,1,-0.63169,-0.61515,-0.00761,4.57064,4.54573,8,0x00000000,1,-0.63805,-0.64070,0.00488,2.95485,2.76100,8,0x00000000,1,-0.55252,-0.53014,-0.01219,1.01065,0.81815,8,0x00000000,1,-0.52741,-0.51948,-0.01358,1.07285,1.10618,8,0x00000000,1,-0.65191,-0.67314,0.50048,0.27474,-0.23294,8,0x00000000,1
74.1370,0.93953,0.53648,-39.55917,0.93953,0.53648,1.00534,0.46496,0.23040,1.33129,-0.77495,0.86633,-0.77495,0.86633,0.00000,0.00000,0,0.00060,-0.63581,-0.66603,0.17307,0.50200,0.61085,8,0x00000000,1,-0.62680,-0.61541,-0.00103,4.30729,4.33948,8,0x00000000,1,-0.63402,-0.64078,-0.00290,2.46606,2.40652,8,0x00000000,1,-0.55871,-0.53317,-0.01919,1.49179,1.45679,8,0x00000000,1,-0.53386,-0.51990,0.00006,1.71237,1.81333,8,0x00000000,1,-0.65050,-0.67129,-0.00244,-1.34615,-1.26664,8,0x00000000,1
74.2393,0.90693,0.55420,-39.51026,0.90693,0.55420,0.93513,0.53747,0.20294,1.31666,-0.73219,0.77919,-0.73219,0.77919,0.00000,0.00000,0,0.00127,-0.63304,-0.66095,0.03327,-0.08255,-0.16692,8,0x00000000,1,-0.62448,-0.61546,0.00336,4.30254,4.43293,8,0x00000000,1,-0.63238,-0.64077,-0.00079,2.33825,2.29276,8,0x00000000,1,-0.56316,-0.53612,-0.01843,1.84261,1.70531,8,0x00000000,1,-0.53829,-0.52046,0.00057,2.08171,2.10149,8,0x00000000,1,-0.64832,-0.66978,0.00929,-1.62853,-1.65245,8,0x00000000,1
74.3393,0.89334,0.57478,-39.49511,0.89334,0.57478,0.90548,0.56797,0.17683,1.30079,-0.72865,0.73282,-0.72865,0.73282,0.00000,0.00000,0,0.00031,-0.63118,-0.65838,0.03319,-0.41249,-0.35055,8,0x00000000,1,-0.62413,-0.61564,0.00349,4.43348,4.48789,8,0x00000000,1,-0.63239,-0.64078,-0.01013,2.23777,2.23500,8,0x00000000,1,-0.56515,-0.53810,-0.01605,2.15875,2.09849,8,0x00000000,1,-0.54015,-0.52093,-0.01655,2.39180,2.34517,8,0x00000000,1,-0.64666,-0.66784,0.02337,-1.84606,-1.81976,8,0x00000000,1
74.4410,0.86433,0.59718,-39.51522,0.86433,0.59718,0.87885,0.58805,0.15140,1.28432,-0.72745,0.69626,-0.72745,0.69626,0.00000,0.00000,0,0.00041,-0.62969,-0.65606,0.01988,-0.66756,-0.55212,8,0x00000000,1,-0.62393,-0.61600,0.00271,4.50002,4.52964,8,0x00000000,1,-0.63247,-0.64076,-0.00129,2.13515,2.14889,8,0x00000000,1,-0.56669,-0.53977,-0.01753,2.45384,2.38236,8,0x00000000,1,-0.54157,-0.52153,-0.01323,2.66526,2.62231,8,0x00000000,1,-0.64530,-0.66312,0.06805,-1.70669,-1.68004,8,0x00000000,1
74.5426,0.80644,0.62418,-39.52064,0.80644,0.62418,0.83754,0.60982,0.12692,1.26726,-0.71062,0.65744,-0.71062,0.65744,0.00000,0.00000,0,0.00042,-0.62841,-0.65394,0.01762,-0.94594,-0.84888,8,0x00000000,1,-0.62300,-0.61632,-0.00491,4.49346,4.60835,8,0x00000000,1,-0.63184,-0.64073,0.00849,2.03501,1.97001,8,0x00000000,1,-0.56863,-0.54155,-0.01256,2.85824,2.82290,8,0x00000000,1,-0.54348,-0.52267,-0.00810,2.91697,3.03230,8,0x00000000,1,-0.64427,-0.65762,0.05726,-1.67194,-1.66172,8,0x00000000,1
74.6432,0.76888,0.64932,-39.52475,0.76888,0.64932,0.79281,0.63461,0.10373,1.24952,-0.68908,0.61491,-0.68908,0.61491,0.00000,0.00000,0,0.00041,-0.62708,-0.65188,0.03001,-1.19541,-1.22429,8,0x00000000,1,-0.62183,-0.61648,-0.00037,4.47333,4.59696,8,0x00000000,1,-0.63101,-0.64074,-0.00438,1.80332,1.83050,8,0x00000000,1,-0.57082,-0.54352,-0.01134,3.14820,3.21062,8,0x00000000,1,-0.54566,-0.52637,-0.04305,3.00683,2.95828,8,0x00000000,1,-0.64322,-0.65378,0.03882,-1.64968,-1.62101,8,0x00000000,1
74.7424,0.72590,0.66776,-39.54506,0.72590,0.66776,0.75331,0.65638,0.08171,1.23108,-0.67159,0.57470,-0.67159,0.57470,0.00000,0.00000,0,0.00039,-0.62576,-0.64958,0.02172,-1.38772,-1.44127,8,0x00000000,1,-0.62087,-0.61662,-0.00222,4.45805,4.43462,8,0x00000000,1,-0.63035,-0.64069,0.00609,1.69310,1.72471,8,0x00000000,1,-0.57283,-0.54567,-0.01272,3.45138,3.44492,8,0x00000000,1,-0.54765,-0.52922,-0.03053,3.20446,3.00171,8,0x00000000,1,-0.64216,-0.64885,0.07141,-1.39787,-1.30578,8,0x00000000,1
74.8466,0.66485,0.69179,-39.52785,0.66485,0.69179,0.69829,0.67750,0.06107,1.21205,-0.63722,0.53455,-0.63722,0.53455,0.00000,0.00000,0,0.00064,-0.62478,-0.64484,0.06308,-1.27815,-1.25375,8,0x00000000,1,-0.61912,-0.61670,-0.01391,4.38430,4.33187,8,0x00000000,1,-0.62893,-0.64063,0.00234,1.44354,1.31432,8,0x00000000,1,-0.57517,-0.54839,-0.02890,3.71323,3.68698,8,0x00000000,1,-0.55006,-0.53154,-0.01987,3.49186,3.51988,8,0x00000000,1,-0.64153,-0.64562,0.01070,-1.44898,-1.36581,8,0x00000000,1
74.9482,0.60866,0.69932,-39.48075,0.60866,0.69932,0.64007,0.69622,0.04202,1.19241,-0.59805,0.49619,-0.59805,0.49619,0.00000,0.00000,0,0.00113,-0.62397,-0.64074,0.02627,-1.45476,-1.39255,8,0x00000000,1,-0.61716,-0.61670,-0.00570,4.26816,4.32074,8,0x00000000,1,-0.62727,-0.64052,0.00081,1.17131,1.27765,8,0x00000000,1,-0.57753,-0.55417,-0.09692,3.61211,3.65867,8,0x00000000,1,-0.55254,-0.53372,-0.03328,3.67976,3.80384,8,0x00000000,1,-0.64110,-0.64509,0.02068,-1.48001,-1.54718,8,0x00000000,1
75.0472,0.53103,0.66865,-39.43881,0.53103,0.66865,0.57149,0.68160,0.02477,1.17272,-0.54673,0.49111,-0.54673,0.49111,0.00000,0.00000,0,0.00025,-0.62479,-0.63876,0.01605,-1.42543,-1.42445,8,0x00000000,1,-0.61478,-0.61669,0.00012,4.09716,4.12890,8,0x00000000,1,-0.62494,-0.64034,0.00220,0.89052,0.78147,8,0x00000000,1,-0.57876,-0.56368,-0.05545,3.36869,3.34284,8,0x00000000,1,-0.55406,-0.53713,-0.05789,3.65158,3.70694,8,0x00000000,1,-0.64225,-0.64490,-0.00211,-1.45547,-1.38843,8,0x00000000,1
75.1496,0.40787,0.65619,-39.39117,0.40787,0.65619,0.47929,0.66000,0.00973,1.15364,-0.46956,0.49364,-0.46956,0.49364,0.00000,0.00000,0,0.00030,-0.62645,-0.62815,0.25993,0.01320,-0.39584,8,0x00000000,1,-0.61123,-0.61670,-0.00434,3.77193,3.64399,8,0x00000000,1,-0.62139,-0.64011,0.00577,0.48255,0.59134,8,0x00000000,1,-0.58017,-0.57065,-0.05406,3.17216,3.06291,8,0x00000000,1,-0.55596,-0.54511,-0.04170,3.47349,3.51712,8,0x00000000,1,-0.64436,-0.64489,-0.01021,-1.34354,-1.36482,8,0x00000000,1
75.2524,0.30783,0.68725,-39.33007,0.30783,0.68725,0.36093,0.68687,-0.00203,1.13446,-0.36295,0.44758,-0.36295,0.44758,0.00000,0.00000,0,0.00055,-0.62667,-0.62048,0.01725,-0.20708,-0.16068,8,0x00000000,1,-0.60613,-0.61666,0.00929,3.37542,3.31182,8,0x00000000,1,-0.61667,-0.63951,0.00810,-0.07939,-0.09787,8,0x00000000,1,-0.58418,-0.57387,-0.02148,3.46176,3.55162,8,0x00000000,1,-0.56048,-0.54890,-0.06385,3.61769,3.50942,8,0x00000000,1,-0.64540,-0.64487,-0.00407,-1.29385,-1.23165,8,0x00000000,1
75.3573,0.25599,0.66750,-39.35052,0.25599,0.66750,0.28689,0.67676,-0.01111,1.11498,-0.29800,0.43822,-0.29800,0.43822,0.00000,0.00000,0,0.00111,-0.62758,-0.62042,0.00439,-0.08840,-0.00233,8,0x00000000,1,-0.60311,-0.61664,0.00211,3.06735,2.96061,8,0x00000000,1,-0.61373,-0.63891,0.00649,-0.50090,-0.51294,8,0x00000000,1,-0.58585,-0.57590,-0.01248,3.58917,3.66749,8,0x00000000,1,-0.56252,-0.55552,-0.04052,3.51779,3.56480,8,0x00000000,1,-0.64675,-0.64489,-0.00561,-1.19929,-1.17660,8,0x00000000,1
75.4588,0.22617,0.65614,-39.36704,0.22617,0.65614,0.24241,0.66209,-0.01855,1.09594,-0.26097,0.43385,-0.26097,0.43385,0.00000,0.00000,0,0.00129,-0.62814,-0.62043,0.00828,0.09526,-0.03531,8,0x00000000,1,-0.60138,-0.61659,0.00433,2.76771,2.88186,8,0x00000000,1,-0.61205,-0.63807,0.00113,-0.87437,-0.88655,8,0x00000000,1,-0.58676,-0.57684,-0.00969,3.68295,3.71202,8,0x00000000,1,-0.56364,-0.55793,-0.01044,3.52596,3.64912,8,0x00000000,1,-0.64755,-0.64487,0.00881,-1.05182,-0.92383,8,0x00000000,1
75.5589,0.21215,0.64418,-39.37016,0.21215,0.64418,0.22059,0.65111,-0.02511,1.07723,-0.24570,0.42612,-0.24570,0.42612,0.00000,0.00000,0,0.00048,-0.62813,-0.62047,0.00287,0.13213,0.02380,8,0x00000000,1,-0.60065,-0.61651,-0.00016,2.57206,2.66344,8,0x00000000,1,-0.61138,-0.63715,0.01753,-1.13736,-1.15367,8,0x00000000,1,-0.58738,-0.57753,-0.00866,3.80105,3.65471,8,0x00000000,1,-0.56433,-0.55974,-0.01733,3.50015,3.41529,8,0x00000000,1,-0.64766,-0.64487,0.00528,-1.03643,-1.13313,8,0x00000000,1
75.6595,0.19118,0.62961,-39.37804,0.19118,0.62961,0.20376,0.63819,-0.03117,1.05887,-0.23492,0.42068,-0.23492,0.42068,0.00000,0.00000,0,0.00046,-0.62812,-0.62049,0.01532,0.28210,0.30968,8,0x00000000,1,-0.60013,-0.61640,0.00764,2.39389,2.41237,8,0x00000000,1,-0.61090,-0.63523,0.03129,-1.27925,-1.27492,8,0x00000000,1,-0.58782,-0.57797,-0.00619,3.89721,3.84797,8,0x00000000,1,-0.56482,-0.56269,-0.04759,3.29296,3.39492,8,0x00000000,1,-0.64773,-0.64487,0.00641,-1.00286,-1.10839,8,0x00000000,1
75.7614,0.15203,0.58686,-39.38573,0.15203,0.58686,0.17214,0.61055,-0.03654,1.04103,-0.20869,0.43048,-0.20869,0.43048,0.00000,0.00000,0,0.00040,-0.62905,-0.62059,0.00763,0.41363,0.25104,8,0x00000000,1,-0.59896,-0.61604,0.00410,2.10687,2.09227,8,0x00000000,1,-0.60966,-0.62998,0.07161,-1.15932,-1.17347,8,0x00000000,1,-0.58793,-0.57846,0.00090,4.03029,3.97175,8,0x00000000,1,-0.56513,-0.56861,-0.03960,2.90982,2.99532,8,0x00000000,1,-0.64879,-0.64487,0.01048,-0.88715,-0.84393,8,0x00000000,1
75.8631,0.12816,0.54366,-39.36579,0.12816,0.54366,0.14065,0.56501,-0.04094,1.02433,-0.18159,0.45932,-0.18159,0.45932,0.00000,0.00000,0,0.00050,-0.63079,-0.62089,0.00154,0.62393,0.40588,8,0x00000000,1,-0.59782,-0.61532,0.00522,1.86062,1.86704,8,0x00000000,1,-0.60832,-0.62478,0.04652,-1.20073,-1.37586,8,0x00000000,1,-0.58726,-0.57876,-0.00218,4.05059,3.97276,8,0x00000000,1,-0.56473,-0.57021,0.00033,2.80829,2.73459,8,0x00000000,1,-0.65059,-0.64490,0.01839,-0.65494,-0.73909,8,0x00000000,1
75.9641,0.11472,0.50179,-39.32948,0.11472,0.50179,0.12223,0.52525,-0.04465,1.00881,-0.16688,0.48356,-0.16688,0.48356,0.00000,0.00000,0,0.00031,-0.63210,-0.62121,-0.01386,0.73633,0.74234,8,0x00000000,1,-0.59724,-0.61476,0.01014,1.67727,1.54295,8,0x00000000,1,-0.60756,-0.61711,0.06759,-0.86122,-0.85609,8,0x00000000,1,-0.58654,-0.57901,-0.00285,4.08198,4.13218,8,0x00000000,1,-0.56419,-0.57068,-0.00331,2.67450,2.48323,8,0x00000000,1,-0.65190,-0.64498,-0.00405,-0.58069,-0.71295,8,0x00000000,1
76.0664,0.09448,0.39789,-39.22604,0.09448,0.39789,0.11128,0.46444,-0.04797,0.99460,-0.15925,0.53016,-0.15925,0.53016,0.00000,0.00000,0,0.00037,-0.63419,-0.62159,0.00253,1.01030,1.00874,8,0x00000000,1,-0.59707,-0.61413,0.01369,1.52888,1.51695,8,0x00000000,1,-0.60705,-0.60308,0.02076,-0.12815,0.04815,8,0x00000000,1,-0.58476,-0.57917,-0.00289,4.07204,4.15044,8,0x00000000,1,-0.56261,-0.57074,0.00870,2.55469,2.49364,8,0x00000000,1,-0.65386,-0.64506,-0.00151,-0.39208,-0.50455,8,0x00000000,1
76.1648,0.09429,0.39182,-39.22655,0.09429,0.39182,0.09120,0.40506,-0.05068,0.98248,-0.14188,0.57742,-0.14188,0.57742,0.00000,0.00000,0,0.00028,-0.63650,-0.62275,0.00229,1.29999,1.46161,8,0x00000000,1,-0.59645,-0.61357,0.00446,1.24986,1.21538,8,0x00000000,1,-0.60609,-0.60199,-0.00151,-0.16120,-0.23470,8,0x00000000,1,-0.58314,-0.57919,0.00327,4.01082,3.91600,8,0x00000000,1,-0.56126,-0.57076,-0.00408,2.25338,2.27317,8,0x00000000,1,-0.65610,-0.64523,-0.00627,-0.07495,-0.19570,8,0x00000000,1
76.2690,0.08980,0.38936,-39.22459,0.08980,0.38936,0.08500,0.39031,-0.05315,0.97122,-0.13815,0.58091,-0.13815,0.58091,0.00000,0.00000,0,0.00027,-0.63672,-0.62322,-0.00973,1.41439,1.33619,8,0x00000000,1,-0.59629,-0.61309,-0.00023,1.07561,1.07956,8,0x00000000,1,-0.60591,-0.60185,0.00513,-0.07997,-0.00273,8,0x00000000,1,-0.58306,-0.57932,-0.00445,4.02206,4.03792,8,0x00000000,1,-0.56123,-0.57075,-0.00135,2.20944,2.30386,8,0x00000000,1,-0.65633,-0.64527,0.00459,0.04550,0.00209,8,0x00000000,1
76.3708,0.08424,0.38824,-39.22892,0.08424,0.38824,0.08162,0.38701,-0.05552,0.96015,-0.13714,0.57314,-0.13714,0.57314,0.00000,0.00000,0,0.00029,-0.63642,-0.62364,0.00448,1.52893,1.47600,8,0x00000000,1,-0.59621,-0.61267,0.01031,0.88728,0.94134,8,0x00000000,1,-0.60589,-0.60185,0.00299,-0.02878,-0.12974,8,0x00000000,1,-0.58341,-0.57940,0.01000,4.15677,4.06527,8,0x00000000,1,-0.56155,-0.57074,-0.00050,2.09761,2.10135,8,0x00000000,1,-0.65606,-0.64532,0.00735,0.16058,0.06966,8,0x00000000,1
76.4734,0.08360,0.38491,-39.22171,0.08360,0.38491,0.08089,0.38519,-0.05783,0.94914,-0.13872,0.56395,-0.13872,0.56395,0.00000,0.00000,0,0.00043,-0.63600,-0.62414,-0.01891,1.56522,1.50480,8,0x00000000,1,-0.59625,-0.61229,0.01161,0.73395,0.64527,8,0x00000000,1,-0.60599,-0.60187,0.00123,0.01566,-0.09159,8,0x00000000,1,-0.58376,-0.57954,0.00213,4.18627,4.10771,8,0x00000000,1,-0.56186,-0.57073,-0.00042,2.01512,2.01036,8,0x00000000,1,-0.65568,-0.64539,-0.00384,0.26221,0.24442,8,0x00000000,1
76.5758,0.07844,0.38289,-39.21982,0.07844,0.38289,0.07994,0.38368,-0.06014,0.93818,-0.14007,0.55451,-0.14007,0.55451,0.00000,0.00000,0,0.00037,-0.63558,-0.62472,-0.01230,1.69811,1.67599,8,0x00000000,1,-0.59628,-0.61194,0.00563,0.57822,0.71475,8,0x00000000,1,-0.60609,-0.60187,0.00233,0.07847,0.08558,8,0x00000000,1,-0.58412,-0.57969,-0.00533,4.21419,4.38325,8,0x00000000,1,-0.56218,-0.57072,-0.00141,1.92206,1.84279,8,0x00000000,1,-0.65528,-0.64538,0.01328,0.37926,0.00040,8,0x00000000,1
