t_s,roll,pitch,yaw,err_r,err_p,err_r_filt,err_p_filt,integ_r,integ_p,pi_out_r,pi_out_p,corr_r,corr_p,target_roll,target_pitch,clip_flags,dt_actual,mt_0,enc_0,vel_0,iq_sp_0,iq_0,state_0,aerr_0,fmode_0,mt_1,enc_1,vel_1,iq_sp_1,iq_1,state_1,aerr_1,fmode_1,mt_2,enc_2,vel_2,iq_sp_2,iq_2,state_2,aerr_2,fmode_2,mt_3,enc_3,vel_3,iq_sp_3,iq_3,state_3,aerr_3,fmode_3,mt_4,enc_4,vel_4,iq_sp_4,iq_4,state_4,aerr_4,fmode_4,mt_5,enc_5,vel_5,iq_sp_5,iq_5,state_5,aerr_5,fmode_5
0.0000,0.03636,0.28338,-39.46939,0.03636,0.28338,0.03949,0.28146,0.14319,0.69610,0.10371,0.41464,0.10371,0.41464,0.00000,0.00000,0,0.00195,-0.76669,-0.78354,0.00777,2.09853,2.16517,8,0x00000000,1,-0.71660,-0.71910,0.00085,3.54832,3.41022,8,0x00000000,1,-0.72742,-0.72656,-0.00345,3.31354,3.37105,8,0x00000000,1,-0.72679,-0.72645,0.00152,3.56254,3.66050,8,0x00000000,1,-0.70584,-0.69831,-0.01447,4.01452,4.05290,8,0x00000000,1,-0.78849,-0.79289,-0.00688,4.83180,4.76126,8,0x00000000,1
0.0990,0.03058,0.28257,-39.46769,0.03058,0.28257,0.03364,0.28304,0.14216,0.68804,0.10852,0.40500,0.10852,0.40500,0.00000,0.00000,0,0.00028,-0.76639,-0.78344,-0.00554,1.85351,1.75514,8,0x00000000,1,-0.71634,-0.71919,-0.00070,3.50629,3.32316,8,0x00000000,1,-0.72724,-0.72712,-0.00663,3.25377,3.25661,8,0x00000000,1,-0.72729,-0.72645,0.00763,3.64814,3.63475,8,0x00000000,1,-0.70633,-0.69930,-0.00121,4.13745,4.01141,8,0x00000000,1,-0.78825,-0.79286,0.00652,4.77489,4.84118,8,0x00000000,1
0.2004,0.03144,0.28784,-39.48292,0.03144,0.28784,0.03138,0.28622,0.14124,0.67993,0.10986,0.39371,0.10986,0.39371,0.00000,0.00000,0,0.00036,-0.76595,-0.78329,0.00113,1.62674,1.77736,8,0x00000000,1,-0.71624,-0.71921,0.00079,3.45552,3.52166,8,0x00000000,1,-0.72721,-0.72759,-0.00276,3.23849,3.09938,8,0x00000000,1,-0.72779,-0.72647,0.00536,3.67983,3.79984,8,0x00000000,1,-0.70680,-0.70025,-0.02006,4.14937,4.29628,8,0x00000000,1,-0.78786,-0.79286,0.00282,4.68010,4.68460,8,0x00000000,1
0.3026,0.02421,0.28495,-39.48391,0.02421,0.28495,0.02902,0.28459,0.14037,0.67180,0.11135,0.38721,0.11135,0.38721,0.00000,0.00000,0,0.00053,-0.76571,-0.78313,0.00915,1.39621,1.39157,8,0x00000000,1,-0.71615,-0.71924,-0.01483,3.41217,3.58182,8,0x00000000,1,-0.72717,-0.72798,-0.01235,3.16165,3.10679,8,0x00000000,1,-0.72809,-0.72650,-0.00038,3.68059,3.76142,8,0x00000000,1,-0.70709,-0.70159,-0.00832,4.16886,4.20565,8,0x00000000,1,-0.78765,-0.79288,-0.01052,4.62455,4.70330,8,0x00000000,1
0.4048,0.01365,0.28768,-39.50052,0.01365,0.28768,0.02037,0.28671,0.13966,0.66366,0.11929,0.37695,0.11929,0.37695,0.00000,0.00000,0,0.00036,-0.76544,-0.78298,0.00126,1.17728,1.14739,8,0x00000000,1,-0.71574,-0.71923,-0.00323,3.34993,3.28366,8,0x00000000,1,-0.72684,-0.72830,-0.00311,3.12311,3.13588,8,0x00000000,1,-0.72867,-0.72651,0.00044,3.77408,3.70476,8,0x00000000,1,-0.70768,-0.70495,-0.06652,3.89276,3.73662,8,0x00000000,1,-0.78747,-0.79285,0.00056,4.53173,4.50742,8,0x00000000,1
0.5097,-0.03369,0.27401,-39.57231,-0.03369,0.27401,-0.00836,0.27962,0.13966,0.65556,0.14802,0.37594,0.14802,0.37594,0.00000,0.00000,16,0.00129,-0.76597,-0.78284,-0.00705,1.00953,0.98054,8,0x00000000,1,-0.71441,-0.71920,0.00501,3.21885,3.27364,8,0x00000000,1,-0.72552,-0.72859,-0.00155,2.99259,3.06951,8,0x00000000,1,-0.72928,-0.72652,0.00362,3.82999,3.87674,8,0x00000000,1,-0.70847,-0.71437,-0.09765,3.19012,3.01835,8,0x00000000,1,-0.78819,-0.79285,-0.00038,4.54983,4.26503,8,0x00000000,1
0.6084,-0.11305,0.25190,-39.65340,-0.11305,0.25190,-0.06940,0.26097,0.14064,0.64785,0.21003,0.38689,0.21003,0.38689,0.00000,0.00000,0,0.00029,-0.76767,-0.78271,0.00373,0.96863,0.83956,8,0x00000000,1,-0.71160,-0.71919,0.00812,2.93530,2.75091,8,0x00000000,1,-0.72264,-0.72860,-0.00358,2.72129,2.82464,8,0x00000000,1,-0.73004,-0.72656,0.00291,3.93673,3.87982,8,0x00000000,1,-0.70967,-0.72441,-0.04270,2.65935,2.74278,8,0x00000000,1,-0.79024,-0.79286,0.00310,4.67967,4.53703,8,0x00000000,1
0.7129,-0.12122,0.25057,-39.67325,-0.12122,0.25057,-0.11162,0.25101,0.14341,0.64060,0.25503,0.38959,0.25503,0.38959,0.00000,0.00000,0,0.00033,-0.76868,-0.78263,0.00531,0.86058,0.84813,8,0x00000000,1,-0.70953,-0.71919,0.00399,2.69725,2.69938,8,0x00000000,1,-0.72057,-0.72859,-0.00429,2.50641,2.48301,8,0x00000000,1,-0.73081,-0.72663,-0.00783,3.99364,4.08611,8,0x00000000,1,-0.71074,-0.72520,0.00315,2.60724,2.54841,8,0x00000000,1,-0.79152,-0.79286,0.00328,4.68264,4.75031,8,0x00000000,1
0.8146,-0.12751,0.24957,-39.66504,-0.12751,0.24957,-0.12155,0.25104,0.14678,0.63344,0.26833,0.38239,0.26833,0.38239,0.00000,0.00000,0,0.00034,-0.76865,-0.78246,0.01654,0.65196,0.65829,8,0x00000000,1,-0.70890,-0.71919,-0.00257,2.54493,2.51638,8,0x00000000,1,-0.71998,-0.72858,-0.00783,2.38591,2.41559,8,0x00000000,1,-0.73137,-0.72667,-0.00782,4.09117,3.90662,8,0x00000000,1,-0.71136,-0.72521,0.00022,2.45913,2.37568,8,0x00000000,1,-0.79160,-0.79288,-0.00405,4.64986,4.68657,8,0x00000000,1
0.9168,-0.12251,0.25278,-39.67369,-0.12251,0.25278,-0.12347,0.25220,0.15029,0.62627,0.27376,0.37407,0.27376,0.37407,0.00000,0.00000,0,0.00042,-0.76841,-0.78228,0.00060,0.46543,0.47758,8,0x00000000,1,-0.70861,-0.71917,-0.00098,2.42337,2.47132,8,0x00000000,1,-0.71976,-0.72853,0.00943,2.31484,2.25989,8,0x00000000,1,-0.73183,-0.72672,-0.00305,4.19551,4.16260,8,0x00000000,1,-0.71181,-0.72518,0.00071,2.31340,2.22170,8,0x00000000,1,-0.79143,-0.79287,0.00089,4.60642,4.65300,8,0x00000000,1
1.0165,-0.12127,0.25273,-39.66917,-0.12127,0.25273,-0.12258,0.25272,0.15379,0.61907,0.27637,0.36635,0.27637,0.36635,0.00000,0.00000,0,0.00030,-0.76814,-0.78201,0.01336,0.32157,0.20756,8,0x00000000,1,-0.70847,-0.71915,0.00024,2.29436,2.27366,8,0x00000000,1,-0.71967,-0.72852,-0.00871,2.15289,2.15947,8,0x00000000,1,-0.73220,-0.72679,0.00164,4.25630,4.22547,8,0x00000000,1,-0.71218,-0.72516,0.00641,2.17265,2.24319,8,0x00000000,1,-0.79120,-0.79287,0.00056,4.56764,4.50356,8,0x00000000,1
1.1176,-0.12458,0.25465,-39.65958,-0.12458,0.25465,-0.12256,0.25387,0.15728,0.61185,0.27984,0.35798,0.27984,0.35798,0.00000,0.00000,0,0.00028,-0.76786,-0.78171,-0.00425,0.13024,0.05306,8,0x00000000,1,-0.70827,-0.71913,0.00220,2.17217,2.17563,8,0x00000000,1,-0.71954,-0.72846,-0.00198,2.06500,2.19248,8,0x00000000,1,-0.73262,-0.72689,-0.00017,4.34865,4.21284,8,0x00000000,1,-0.71259,-0.72514,0.01167,2.07014,2.02552,8,0x00000000,1,-0.79098,-0.79287,-0.00716,4.53973,4.53456,8,0x00000000,1
1.2189,-0.12541,0.25581,-39.66611,-0.12541,0.25581,-0.12352,0.25424,0.16078,0.60461,0.28430,0.35037,0.28430,0.35037,0.00000,0.00000,0,0.00240,-0.76763,-0.78135,0.00829,0.00904,-0.04226,8,0x00000000,1,-0.70804,-0.71913,-0.00522,1.97773,2.03519,8,0x00000000,1,-0.71936,-0.72838,0.00497,1.97579,1.94304,8,0x00000000,1,-0.73302,-0.72700,0.00347,4.41686,4.53408,8,0x00000000,1,-0.71299,-0.72512,-0.00150,1.94840,1.82580,8,0x00000000,1,-0.79080,-0.79286,-0.00079,4.50437,4.57822,8,0x00000000,1
1.3166,-0.12931,0.25666,-39.67027,-0.12931,0.25666,-0.12705,0.25577,0.16434,0.59734,0.29140,0.34157,0.29140,0.34157,0.00000,0.00000,0,0.00026,-0.76741,-0.78083,0.01566,-0.12924,-0.10805,8,0x00000000,1,-0.70768,-0.71909,-0.00337,1.84010,1.82527,8,0x00000000,1,-0.71906,-0.72830,0.00773,1.83589,1.86604,8,0x00000000,1,-0.73353,-0.72719,-0.00347,4.52324,4.52654,8,0x00000000,1,-0.71351,-0.72510,-0.00293,1.81377,1.79933,8,0x00000000,1,-0.79066,-0.79288,-0.00987,4.46392,4.31154,8,0x00000000,1
1.4178,-0.12829,0.25410,-39.65265,-0.12829,0.25410,-0.12909,0.25527,0.16802,0.59005,0.29710,0.33478,0.29710,0.33478,0.00000,0.00000,0,0.00111,-0.76724,-0.77976,0.03155,-0.15971,-0.34141,8,0x00000000,1,-0.70739,-0.71909,-0.00402,1.68078,1.70814,8,0x00000000,1,-0.71883,-0.72824,0.00302,1.71039,1.65022,8,0x00000000,1,-0.73392,-0.72744,-0.00684,4.60106,4.63960,8,0x00000000,1,-0.71392,-0.72505,0.00618,1.73071,1.78381,8,0x00000000,1,-0.79055,-0.79287,-0.00618,4.44305,4.53395,8,0x00000000,1
1.5166,-0.12579,0.25430,-39.65332,-0.12579,0.25430,-0.12650,0.25421,0.17165,0.58279,0.29815,0.32858,0.29815,0.32858,0.00000,0.00000,0,0.00030,-0.76700,-0.77603,0.02978,-0.06322,0.02440,8,0x00000000,1,-0.70732,-0.71907,-0.00753,1.50828,1.43125,8,0x00000000,1,-0.71880,-0.72813,0.00290,1.59184,1.68251,8,0x00000000,1,-0.73420,-0.72771,0.00449,4.72824,4.84820,8,0x00000000,1,-0.71418,-0.72504,-0.01151,1.59621,1.62431,8,0x00000000,1,-0.79034,-0.79283,0.00728,4.43015,4.45194,8,0x00000000,1
1.6172,-0.12478,0.25488,-39.65634,-0.12478,0.25488,-0.12571,0.25468,0.17524,0.57554,0.30095,0.32086,0.30095,0.32086,0.00000,0.00000,0,0.00033,-0.76674,-0.77373,0.01691,-0.10647,-0.12370,8,0x00000000,1,-0.70716,-0.71898,0.01029,1.39501,1.50945,8,0x00000000,1,-0.71870,-0.72804,-0.00028,1.48028,1.46503,8,0x00000000,1,-0.73458,-0.72815,-0.00145,4.74718,4.89174,8,0x00000000,1,-0.71455,-0.72499,0.00256,1.49864,1.67644,8,0x00000000,1,-0.79012,-0.79284,-0.00256,4.34957,3.92015,8,0x00000000,1
1.7178,-0.12985,0.25977,-39.64210,-0.12985,0.25977,-0.12624,0.25732,0.17882,0.56825,0.30506,0.31094,0.30506,0.31094,0.00000,0.00000,0,0.00036,-0.76641,-0.77242,0.01469,-0.10985,0.04853,8,0x00000000,1,-0.70694,-0.71890,0.00688,1.24345,1.33839,8,0x00000000,1,-0.71854,-0.72793,-0.00432,1.37938,1.22876,8,0x00000000,1,-0.73507,-0.72876,-0.01219,4.78359,5.10283,8,0x00000000,1,-0.71504,-0.72495,-0.00003,1.42108,1.43871,8,0x00000000,1,-0.78986,-0.79285,-0.00938,4.30291,4.29499,8,0x00000000,1
1.8198,-0.13659,0.25881,-39.64017,-0.13659,0.25881,-0.13153,0.25892,0.18248,0.56089,0.31401,0.30197,0.31401,0.30197,0.00000,0.00000,0,0.00043,-0.76621,-0.77117,0.01163,-0.10388,-0.15781,8,0x00000000,1,-0.70649,-0.71877,0.00807,1.08555,1.08772,8,0x00000000,1,-0.71816,-0.72782,-0.00094,1.22337,1.23503,8,0x00000000,1,-0.73562,-0.72958,-0.01000,4.89611,4.67946,8,0x00000000,1,-0.71561,-0.72492,0.00446,1.34518,1.41350,8,0x00000000,1,-0.78975,-0.79283,-0.00039,4.26731,4.48476,8,0x00000000,1
1.9215,-0.14126,0.25457,-39.63909,-0.14126,0.25457,-0.13890,0.25610,0.18635,0.55354,0.32526,0.29744,0.32526,0.29744,0.00000,0.00000,0,0.00029,-0.76625,-0.76992,0.01517,-0.03964,-0.06607,8,0x00000000,1,-0.70596,-0.71847,0.00650,0.89425,0.88028,8,0x00000000,1,-0.71766,-0.72761,0.00731,1.11196,1.04424,8,0x00000000,1,-0.73603,-0.73059,-0.01569,4.86554,4.94892,8,0x00000000,1,-0.71608,-0.72491,-0.00315,1.25066,1.32316,8,0x00000000,1,-0.78988,-0.79284,-0.00798,4.21451,4.24708,8,0x00000000,1
2.0235,-0.15082,0.24990,-39.62914,-0.15082,0.24990,-0.14582,0.25221,0.19041,0.54630,0.33623,0.29408,0.33623,0.29408,0.00000,0.00000,0,0.00045,-0.76633,-0.76851,0.02512,0.02550,0.35846,8,0x00000000,1,-0.70544,-0.71810,0.00913,0.73868,0.67250,8,0x00000000,1,-0.71717,-0.72742,0.00462,0.96764,0.96319,8,0x00000000,1,-0.73639,-0.73135,-0.00982,4.93158,4.91531,8,0x00000000,1,-0.71649,-0.72487,-0.00357,1.16656,1.19529,8,0x00000000,1,-0.79004,-0.79281,0.00846,4.17163,4.08277,8,0x00000000,1
2.1272,-0.15312,0.25033,-39.62889,-0.15312,0.25033,-0.15148,0.25024,0.19465,0.53914,0.34613,0.28891,0.34613,0.28891,0.00000,0.00000,0,0.00320,-0.76631,-0.76689,0.00546,0.07020,0.09132,8,0x00000000,1,-0.70497,-0.71767,0.01080,0.59055,0.74779,8,0x00000000,1,-0.71673,-0.72716,0.00199,0.83626,0.67910,8,0x00000000,1,-0.73680,-0.73218,-0.00994,4.97651,4.83221,8,0x00000000,1,-0.71695,-0.72486,-0.01357,1.05673,1.05371,8,0x00000000,1,-0.79010,-0.79281,0.00813,4.19297,4.33931,8,0x00000000,1
2.2265,-0.16445,0.24417,-39.60804,-0.16445,0.24417,-0.15868,0.24700,0.19907,0.53205,0.35775,0.28505,0.35775,0.28505,0.00000,0.00000,0,0.00029,-0.76638,-0.76570,0.01621,0.17526,0.13637,8,0x00000000,1,-0.70442,-0.71707,-0.00337,0.40010,0.48556,8,0x00000000,1,-0.71621,-0.72686,0.00063,0.67836,0.61362,8,0x00000000,1,-0.73719,-0.73310,-0.00408,4.95854,5.05948,8,0x00000000,1,-0.71739,-0.72478,0.00768,1.04111,0.98455,8,0x00000000,1,-0.79026,-0.79282,-0.00127,4.13799,4.18944,8,0x00000000,1
2.3292,-0.17210,0.24285,-39.60071,-0.17210,0.24285,-0.16796,0.24428,0.20374,0.52506,0.37170,0.28079,0.37170,0.28079,0.00000,0.00000,0,0.00029,-0.76648,-0.76538,-0.01285,0.16478,0.17684,8,0x00000000,1,-0.70376,-0.71626,0.01302,0.30904,0.31436,8,0x00000000,1,-0.71559,-0.72635,0.00636,0.53693,0.49581,8,0x00000000,1,-0.73764,-0.73441,-0.01550,4.92271,4.97732,8,0x00000000,1,-0.71792,-0.72477,-0.00021,0.97436,1.01588,8,0x00000000,1,-0.79047,-0.79281,0.00133,4.14560,4.13277,8,0x00000000,1
2.4306,-0.18237,0.23630,-39.58533,-0.18237,0.23630,-0.17663,0.23957,0.20865,0.51816,0.38529,0.27859,0.38529,0.27859,0.00000,0.00000,0,0.00039,-0.76666,-0.76531,0.00513,0.21230,0.30201,8,0x00000000,1,-0.70313,-0.71516,0.00601,0.19288,0.26441,8,0x00000000,1,-0.71497,-0.72572,0.00820,0.42453,0.44497,8,0x00000000,1,-0.73800,-0.73689,-0.03337,4.79807,4.73168,8,0x00000000,1,-0.71836,-0.72475,0.00270,0.98316,0.99394,8,0x00000000,1,-0.79074,-0.79280,0.00545,4.13141,4.10762,8,0x00000000,1
2.5333,-0.21291,0.21339,-39.53803,-0.21291,0.21339,-0.19436,0.22805,0.21391,0.51147,0.40827,0.28342,0.40827,0.28342,0.00000,0.00000,0,0.00046,-0.76732,-0.76533,-0.00283,0.26031,0.28519,8,0x00000000,1,-0.70209,-0.71419,0.01741,0.03542,0.01514,8,0x00000000,1,-0.71390,-0.72365,0.00832,0.37153,0.38903,8,0x00000000,1,-0.73825,-0.74169,-0.07877,4.35506,4.29996,8,0x00000000,1,-0.71877,-0.72472,0.00039,0.93152,0.77817,8,0x00000000,1,-0.79153,-0.79283,-0.00437,4.14449,4.09004,8,0x00000000,1
2.6365,-0.24282,0.18127,-39.50174,-0.24282,0.18127,-0.22756,0.19778,0.21995,0.50541,0.44752,0.30763,0.44752,0.30763,0.00000,0.00000,0,0.00122,-0.76912,-0.76535,0.00293,0.44042,0.39788,8,0x00000000,1,-0.70037,-0.71327,0.01072,-0.19958,-0.07082,8,0x00000000,1,-0.71202,-0.72208,0.01915,0.25923,0.15562,8,0x00000000,1,-0.73801,-0.74679,-0.02661,4.06439,4.23979,8,0x00000000,1,-0.71887,-0.72471,-0.00279,0.82021,0.91457,8,0x00000000,1,-0.79348,-0.79284,-0.00726,4.26333,4.31483,8,0x00000000,1
2.7377,-0.25163,0.16721,-39.47470,-0.25163,0.16721,-0.24645,0.17652,0.22677,0.50012,0.47322,0.32360,0.47322,0.32360,0.00000,0.00000,0,0.00033,-0.77029,-0.76542,-0.00295,0.56161,0.54488,8,0x00000000,1,-0.69924,-0.71212,0.02250,-0.30837,-0.20048,8,0x00000000,1,-0.71079,-0.71939,0.02561,0.24623,0.10736,8,0x00000000,1,-0.73785,-0.74752,0.00299,3.95438,3.64867,8,0x00000000,1,-0.71894,-0.72465,-0.00290,0.76028,0.60792,8,0x00000000,1,-0.79476,-0.79282,0.00905,4.44065,4.46605,8,0x00000000,1
2.8386,-0.25228,0.15653,-39.45699,-0.25228,0.15653,-0.25109,0.16278,0.23389,0.49531,0.48499,0.33252,0.48499,0.33252,0.00000,0.00000,0,0.00084,-0.77090,-0.76545,-0.00427,0.66512,0.66600,8,0x00000000,1,-0.69873,-0.71095,0.00768,-0.44380,-0.30695,8,0x00000000,1,-0.71022,-0.71764,0.00728,0.20621,0.12590,8,0x00000000,1,-0.73771,-0.74771,-0.01281,3.79089,3.92174,8,0x00000000,1,-0.71890,-0.72465,-0.00784,0.66721,0.77385,8,0x00000000,1,-0.79541,-0.79285,0.00104,4.45757,4.49329,8,0x00000000,1
2.9456,-0.25611,0.14688,-39.45397,-0.25611,0.14688,-0.25484,0.15184,0.24110,0.49084,0.49594,0.33900,0.49594,0.33900,0.00000,0.00000,0,0.00039,-0.77139,-0.76552,0.00595,0.75502,0.72441,8,0x00000000,1,-0.69825,-0.70967,0.01740,-0.51706,-0.51715,8,0x00000000,1,-0.70969,-0.71628,0.00175,0.14531,0.01994,8,0x00000000,1,-0.73766,-0.74769,-0.00051,3.70275,3.62029,8,0x00000000,1,-0.71894,-0.72460,-0.00354,0.60528,0.66640,8,0x00000000,1,-0.79594,-0.79287,-0.00414,4.50245,4.47695,8,0x00000000,1
3.0470,-0.25704,0.14823,-39.44837,-0.25704,0.14823,-0.25696,0.14826,0.24841,0.48658,0.50537,0.33832,0.50537,0.33832,0.00000,0.00000,0,0.00063,-0.77155,-0.76558,-0.00696,0.79115,0.89541,8,0x00000000,1,-0.69782,-0.70805,0.01394,-0.56083,-0.57038,8,0x00000000,1,-0.70926,-0.71561,0.00028,0.08553,0.37108,8,0x00000000,1,-0.73787,-0.74769,-0.00050,3.56817,3.65711,8,0x00000000,1,-0.71921,-0.72457,-0.00287,0.58349,0.47242,8,0x00000000,1,-0.79617,-0.79286,0.00092,4.60135,4.62485,8,0x00000000,1
3.1470,-0.25545,0.14573,-39.45148,-0.25545,0.14573,-0.25651,0.14679,0.25571,0.48237,0.51222,0.33559,0.51222,0.33559,0.00000,0.00000,0,0.00033,-0.77157,-0.76564,-0.00180,0.90947,1.02328,8,0x00000000,1,-0.69749,-0.70396,0.13836,-0.04728,-0.31324,8,0x00000000,1,-0.70896,-0.71505,-0.00638,0.03586,0.01203,8,0x00000000,1,-0.73812,-0.74769,-0.00301,3.46280,3.53365,8,0x00000000,1,-0.71950,-0.72454,0.00189,0.53660,0.49227,8,0x00000000,1,-0.79624,-0.79286,0.00364,4.62143,4.60626,8,0x00000000,1
3.2506,-0.24628,0.06865,-39.52094,-0.24628,0.06865,-0.25291,0.09755,0.26304,0.47878,0.51595,0.38123,0.51595,0.38123,0.00000,0.00000,0,0.00047,-0.77355,-0.76582,-0.00396,1.10296,1.08694,8,0x00000000,1,-0.69749,-0.69290,-0.00288,0.25983,0.31562,8,0x00000000,1,-0.70864,-0.71452,0.00115,-0.01799,-0.15754,8,0x00000000,1,-0.73629,-0.74764,0.00166,3.25676,3.21443,8,0x00000000,1,-0.71786,-0.72452,-0.00971,0.30358,0.34088,8,0x00000000,1,-0.79807,-0.79286,0.01110,4.83429,4.83151,8,0x00000000,1
3.3512,-0.25569,0.05731,-39.51303,-0.25569,0.05731,-0.25888,0.06929,0.27034,0.47651,0.52922,0.40721,0.52922,0.40721,0.00000,0.00000,0,0.00026,-0.77490,-0.76608,-0.00159,1.28906,1.14640,8,0x00000000,1,-0.69697,-0.69288,-0.00135,0.30153,0.27421,8,0x00000000,1,-0.70794,-0.71414,0.00664,-0.13057,-0.07393,8,0x00000000,1,-0.73546,-0.74757,0.00497,3.03095,3.10072,8,0x00000000,1,-0.71721,-0.72439,-0.00346,0.20269,0.41290,8,0x00000000,1,-0.79940,-0.79292,0.00033,4.95720,5.13032,8,0x00000000,1
3.4523,-0.26144,0.05985,-39.51216,-0.26144,0.05985,-0.26085,0.06155,0.27771,0.47467,0.53856,0.41312,0.53856,0.41312,0.00000,0.00000,0,0.00028,-0.77533,-0.76624,-0.00809,1.36049,1.37308,8,0x00000000,1,-0.69656,-0.69285,0.00889,0.38158,0.38171,8,0x00000000,1,-0.70750,-0.71369,0.00458,-0.19601,-0.14518,8,0x00000000,1,-0.73540,-0.74753,-0.00074,2.85915,2.94822,8,0x00000000,1,-0.71723,-0.72433,0.00303,0.14800,0.11796,8,0x00000000,1,-0.79987,-0.79291,0.00603,5.07167,5.14135,8,0x00000000,1
3.5560,-0.26526,0.05713,-39.50554,-0.26526,0.05713,-0.26437,0.05883,0.28519,0.47297,0.54956,0.41414,0.54956,0.41414,0.00000,0.00000,0,0.00160,-0.77559,-0.76638,0.00473,1.56905,1.52478,8,0x00000000,1,-0.69606,-0.69287,0.00023,0.35201,0.38522,8,0x00000000,1,-0.70699,-0.71339,0.00416,-0.29520,0.04840,8,0x00000000,1,-0.73558,-0.74748,-0.00443,2.74853,2.82457,8,0x00000000,1,-0.71748,-0.72427,0.00665,0.06583,0.02677,8,0x00000000,1,-0.80020,-0.79295,0.00016,5.13839,5.10014,8,0x00000000,1
3.6581,-0.26124,0.05624,-39.50712,-0.26124,0.05624,-0.26239,0.05730,0.29269,0.47132,0.55508,0.41402,0.55508,0.41402,0.00000,0.00000,0,0.00119,-0.77570,-0.76656,-0.00029,1.63684,1.51061,8,0x00000000,1,-0.69580,-0.69285,0.00861,0.38217,0.34959,8,0x00000000,1,-0.70674,-0.71294,0.00033,-0.36264,-0.35698,8,0x00000000,1,-0.73569,-0.74740,0.01142,2.65009,2.70501,8,0x00000000,1,-0.71763,-0.72421,0.00474,0.01578,-0.02421,8,0x00000000,1,-0.80034,-0.79295,0.00525,5.25765,5.23801,8,0x00000000,1
3.7579,-0.26024,0.05320,-39.50731,-0.26024,0.05320,-0.25994,0.05542,0.30012,0.46970,0.56006,0.41429,0.56006,0.41429,0.00000,0.00000,0,0.00025,-0.77581,-0.76669,0.00658,1.72462,1.78588,8,0x00000000,1,-0.69557,-0.69288,-0.00290,0.38628,0.40463,8,0x00000000,1,-0.70651,-0.71262,0.00668,-0.43091,-0.29331,8,0x00000000,1,-0.73578,-0.74735,0.00634,2.49445,2.60977,8,0x00000000,1,-0.71775,-0.72417,-0.00132,-0.05175,0.02439,8,0x00000000,1,-0.80048,-0.79302,-0.01179,5.32221,5.16804,8,0x00000000,1
3.8604,-0.26538,0.04809,-39.50692,-0.26538,0.04809,-0.26323,0.05045,0.30757,0.46820,0.57081,0.41775,0.57081,0.41775,0.00000,0.00000,0,0.00039,-0.77617,-0.76687,0.00347,1.84291,1.97510,8,0x00000000,1,-0.69509,-0.69286,0.00208,0.38599,0.45756,8,0x00000000,1,-0.70600,-0.71228,0.00274,-0.51637,-0.40752,8,0x00000000,1,-0.73584,-0.74729,0.00338,2.38390,2.33639,8,0x00000000,1,-0.71790,-0.72413,-0.00319,-0.13493,-0.16799,8,0x00000000,1,-0.80090,-0.79305,0.00394,5.47382,5.27862,8,0x00000000,1
3.9659,-0.26650,0.04697,-39.50246,-0.26650,0.04697,-0.26549,0.04843,0.31510,0.46680,0.58059,0.41836,0.58059,0.41836,0.00000,0.00000,0,0.00030,-0.77639,-0.76709,-0.00613,1.97994,1.95038,8,0x00000000,1,-0.69464,-0.69287,0.00016,0.39033,0.38003,8,0x00000000,1,-0.70555,-0.71194,0.00592,-0.58407,-0.31228,8,0x00000000,1,-0.73601,-0.74724,-0.00732,2.21367,2.29341,8,0x00000000,1,-0.71813,-0.72406,-0.00004,-0.17831,-0.24656,8,0x00000000,1,-0.80118,-0.79355,-0.02000,5.51704,5.63738,8,0x00000000,1
4.0701,-0.27150,0.04199,-39.49586,-0.27150,0.04199,-0.26964,0.04420,0.32273,0.46548,0.59237,0.42128,0.59237,0.42128,0.00000,0.00000,0,0.00028,-0.77675,-0.76735,-0.00746,2.09460,2.14454,8,0x00000000,1,-0.69411,-0.69286,0.00513,0.36170,0.33071,8,0x00000000,1,-0.70500,-0.71155,0.00408,-0.67095,-0.55392,8,0x00000000,1,-0.73612,-0.74712,0.01020,2.14217,2.13238,8,0x00000000,1,-0.71832,-0.72401,-0.00357,-0.24557,-0.19735,8,0x00000000,1,-0.80160,-0.79404,-0.00799,5.61011,5.74588,8,0x00000000,1
4.1741,-0.27270,0.03718,-39.49369,-0.27270,0.03718,-0.27274,0.03989,0.33047,0.46428,0.60321,0.42439,0.60321,0.42439,0.00000,0.00000,0,0.00039,-0.77709,-0.76768,0.00058,2.25638,2.29733,8,0x00000000,1,-0.69362,-0.69288,-0.00446,0.33883,0.40992,8,0x00000000,1,-0.70450,-0.71110,0.00145,-0.77174,-0.82294,8,0x00000000,1,-0.73620,-0.74709,-0.01697,1.94152,1.93084,8,0x00000000,1,-0.71849,-0.72393,0.00521,-0.30029,-0.28094,8,0x00000000,1,-0.80200,-0.79448,0.00693,5.74565,5.83899,8,0x00000000,1
4.2741,-0.28127,0.03296,-39.48647,-0.28127,0.03296,-0.27708,0.03648,0.33830,0.46319,0.61538,0.42671,0.61538,0.42671,0.00000,0.00000,0,0.00037,-0.77743,-0.76808,-0.00548,2.31076,2.26366,8,0x00000000,1,-0.69307,-0.69287,-0.00279,0.31389,0.22640,8,0x00000000,1,-0.70393,-0.71070,0.00607,-0.86177,-0.85934,8,0x00000000,1,-0.73634,-0.74694,0.00618,1.88594,1.84244,8,0x00000000,1,-0.71872,-0.72389,0.00277,-0.33049,-0.30343,8,0x00000000,1,-0.80241,-0.79502,-0.01011,5.75884,5.79526,8,0x00000000,1
4.3777,-0.27999,0.02792,-39.47754,-0.27999,0.02792,-0.27999,0.03029,0.34625,0.46225,0.62624,0.43196,0.62624,0.43196,0.00000,0.00000,0,0.00095,-0.77787,-0.76886,-0.01029,2.41371,2.20323,8,0x00000000,1,-0.69259,-0.69287,-0.00049,0.29330,0.36923,8,0x00000000,1,-0.70342,-0.71018,0.00102,-0.95485,-0.84079,8,0x00000000,1,-0.73634,-0.74683,0.00349,1.74356,1.76707,8,0x00000000,1,-0.71880,-0.72383,0.00823,-0.37289,-0.39600,8,0x00000000,1,-0.80290,-0.79644,-0.00805,5.82959,5.95999,8,0x00000000,1
4.4787,-0.27119,0.02140,-39.46926,-0.27119,0.02140,-0.27524,0.02415,0.35418,0.46148,0.62942,0.43734,0.62942,0.43734,0.00000,0.00000,0,0.00028,-0.77816,-0.77004,-0.01531,2.43051,2.40324,8,0x00000000,1,-0.69246,-0.69287,-0.00773,0.26256,0.30643,8,0x00000000,1,-0.70325,-0.70981,0.00046,-1.01757,-1.16789,8,0x00000000,1,-0.73618,-0.74671,-0.00106,1.63243,1.69875,8,0x00000000,1,-0.71868,-0.72377,-0.00600,-0.48341,-0.41501,8,0x00000000,1,-0.80318,-0.79850,-0.02738,5.69502,5.66052,8,0x00000000,1
4.5779,-0.25914,0.01358,-39.44720,-0.25914,0.01358,-0.26622,0.01822,0.36190,0.46105,0.62812,0.44283,0.62812,0.44283,0.00000,0.00000,32,0.00035,-0.77836,-0.77107,-0.00469,2.50095,2.43776,8,0x00000000,1,-0.69254,-0.69283,-0.00851,0.25355,0.23387,8,0x00000000,1,-0.70330,-0.70946,0.00512,-1.06517,-1.14477,8,0x00000000,1,-0.73592,-0.74654,0.00515,1.47902,1.49912,8,0x00000000,1,-0.71844,-0.72367,-0.00285,-0.52562,-0.62855,8,0x00000000,1,-0.80336,-0.80037,-0.00135,5.65970,5.77951,8,0x00000000,1
4.6772,-0.25249,0.00877,-39.43739,-0.25249,0.00877,-0.25645,0.01208,0.36933,0.46105,0.62578,0.44897,0.62578,0.44897,0.00000,0.00000,32,0.00025,-0.77857,-0.77158,-0.00820,2.51101,2.64655,8,0x00000000,1,-0.69267,-0.69279,0.00307,0.29207,0.30890,8,0x00000000,1,-0.70338,-0.70926,-0.00661,-1.13718,-0.99417,8,0x00000000,1,-0.73562,-0.74638,0.00381,1.32338,1.33873,8,0x00000000,1,-0.71814,-0.72361,-0.00126,-0.60368,-0.53877,8,0x00000000,1,-0.80353,-0.80208,-0.02124,5.57736,5.27624,8,0x00000000,1
4.7792,-0.23802,0.00006,-39.42760,-0.23802,0.00006,-0.24577,0.00406,0.37650,0.46105,0.62227,0.45699,0.62227,0.45699,0.00000,0.00000,32,0.00028,-0.77883,-0.77197,-0.00609,2.61647,2.72797,8,0x00000000,1,-0.69286,-0.69280,-0.00235,0.31129,0.39083,8,0x00000000,1,-0.70352,-0.70895,0.00650,-1.14239,-1.14405,8,0x00000000,1,-0.73522,-0.74626,-0.01155,1.15528,1.21517,8,0x00000000,1,-0.71774,-0.72350,0.00497,-0.67380,-0.59250,8,0x00000000,1,-0.80374,-0.80416,-0.01153,5.48675,5.36467,8,0x00000000,1
4.8804,-0.22978,-0.00667,-39.41207,-0.22978,-0.00667,-0.23437,-0.00343,0.38332,0.46105,0.61770,0.46448,0.61770,0.46448,0.00000,0.00000,32,0.00037,-0.77905,-0.77229,-0.00089,2.69230,2.63964,8,0x00000000,1,-0.69310,-0.69278,0.00141,0.35717,0.51701,8,0x00000000,1,-0.70370,-0.70876,0.00504,-1.17253,-1.17930,8,0x00000000,1,-0.73481,-0.74605,0.00450,1.04145,0.87720,8,0x00000000,1,-0.71734,-0.72340,0.00181,-0.78787,-0.86795,8,0x00000000,1,-0.80390,-0.80552,-0.01386,5.40236,5.47548,8,0x00000000,1
4.9796,-0.22385,-0.00752,-39.40220,-0.22385,-0.00752,-0.22774,-0.00759,0.38991,0.46105,0.61765,0.46864,0.61765,0.46864,0.00000,0.00000,32,0.00023,-0.77923,-0.77265,0.00334,2.78343,2.57461,8,0x00000000,1,-0.69312,-0.69277,0.00693,0.34384,0.39988,8,0x00000000,1,-0.70369,-0.70854,0.00029,-1.25070,-1.38437,8,0x00000000,1,-0.73464,-0.74583,0.00642,0.90463,0.92857,8,0x00000000,1,-0.71718,-0.72329,0.00008,-0.87840,-0.75470,8,0x00000000,1,-0.80406,-0.80650,-0.00303,5.36042,5.32550,8,0x00000000,1
5.0799,-0.21705,-0.01093,-39.39923,-0.21705,-0.01093,-0.22050,-0.00981,0.39628,0.46105,0.61678,0.47086,0.61678,0.47086,0.00000,0.00000,32,0.00034,-0.77930,-0.77294,-0.00257,2.83192,2.79663,8,0x00000000,1,-0.69317,-0.69277,0.00436,0.34738,0.36883,8,0x00000000,1,-0.70372,-0.70823,0.00310,-1.27223,-1.38065,8,0x00000000,1,-0.73453,-0.74561,0.01299,0.81848,0.71516,8,0x00000000,1,-0.71707,-0.72319,0.00728,-0.90724,-0.97965,8,0x00000000,1,-0.80412,-0.80722,-0.00752,5.26576,5.38358,8,0x00000000,1
5.1838,-0.21169,-0.01574,-39.38988,-0.21169,-0.01574,-0.21443,-0.01301,0.40247,0.46105,0.61690,0.47406,0.61690,0.47406,0.00000,0.00000,32,0.00065,-0.77944,-0.77321,0.00427,2.90885,2.89326,8,0x00000000,1,-0.69317,-0.69278,-0.00124,0.32774,0.36290,8,0x00000000,1,-0.70371,-0.70798,0.00356,-1.30913,-1.41623,8,0x00000000,1,-0.73440,-0.74540,0.00254,0.64936,0.63592,8,0x00000000,1,-0.71695,-0.72311,0.00385,-1.01216,-1.04155,8,0x00000000,1,-0.80425,-0.80775,-0.01035,5.20488,4.96113,8,0x00000000,1
5.2868,-0.20429,-0.01852,-39.38471,-0.20429,-0.01852,-0.20837,-0.01589,0.40850,0.46105,0.61687,0.47695,0.61687,0.47695,0.00000,0.00000,32,0.00197,-0.77956,-0.77350,0.00487,3.00995,2.74231,8,0x00000000,1,-0.69318,-0.69278,0.00057,0.33929,0.37997,8,0x00000000,1,-0.70370,-0.70770,0.00429,-1.35257,-1.37649,8,0x00000000,1,-0.73428,-0.74517,0.00233,0.53088,0.54473,8,0x00000000,1,-0.71684,-0.72302,-0.00289,-1.10153,-1.13255,8,0x00000000,1,-0.80435,-0.80806,-0.00288,5.16957,5.17918,8,0x00000000,1
5.3876,-0.19834,-0.02408,-39.38807,-0.19834,-0.02408,-0.20181,-0.02169,0.41434,0.46124,0.61615,0.48293,0.61615,0.48293,0.00000,0.00000,0,0.00042,-0.77979,-0.77390,-0.00288,3.03626,2.96102,8,0x00000000,1,-0.69324,-0.69279,-0.00308,0.36679,0.38437,8,0x00000000,1,-0.70371,-0.70743,0.00562,-1.36710,-1.32875,8,0x00000000,1,-0.73401,-0.74486,0.01043,0.39032,0.30528,8,0x00000000,1,-0.71660,-0.72291,-0.00104,-1.19412,-1.07718,8,0x00000000,1,-0.80456,-0.80835,-0.00565,5.08106,4.92612,8,0x00000000,1
5.4888,-0.19741,-0.02410,-39.37812,-0.19741,-0.02410,-0.19943,-0.02394,0.42006,0.46190,0.61949,0.48583,0.61949,0.48583,0.00000,0.00000,0,0.00033,-0.77998,-0.77426,-0.00335,3.06725,3.00752,8,0x00000000,1,-0.69310,-0.69278,0.00046,0.37072,0.32808,8,0x00000000,1,-0.70355,-0.70712,0.00305,-1.41140,-1.46204,8,0x00000000,1,-0.73396,-0.74454,-0.00231,0.25209,0.32961,8,0x00000000,1,-0.71657,-0.72281,0.00116,-1.25721,-1.17346,8,0x00000000,1,-0.80476,-0.80857,0.00302,5.04188,5.13182,8,0x00000000,1
5.5926,-0.19147,-0.03021,-39.37447,-0.19147,-0.03021,-0.19467,-0.02807,0.42567,0.46264,0.62035,0.49071,0.62035,0.49071,0.00000,0.00000,0,0.00039,-0.78020,-0.77455,0.00600,3.16426,3.21856,8,0x00000000,1,-0.69307,-0.69278,-0.00340,0.33342,0.37283,8,0x00000000,1,-0.70350,-0.70695,0.00298,-1.44937,-1.53694,8,0x00000000,1,-0.73377,-0.74410,0.00621,0.16419,0.18344,8,0x00000000,1,-0.71641,-0.72271,-0.00143,-1.33062,-1.37567,8,0x00000000,1,-0.80497,-0.80880,0.00008,4.98809,5.00154,8,0x00000000,1
5.6938,-0.19264,-0.03458,-39.36475,-0.19264,-0.03458,-0.19283,-0.03193,0.43118,0.46350,0.62401,0.49543,0.62401,0.49543,0.00000,0.00000,0,0.00107,-0.78047,-0.77496,0.00370,3.19736,3.21183,8,0x00000000,1,-0.69292,-0.69277,0.00484,0.35341,0.33132,8,0x00000000,1,-0.70331,-0.70669,0.00188,-1.48140,-1.54925,8,0x00000000,1,-0.73365,-0.74360,0.01059,0.07037,-0.01485,8,0x00000000,1,-0.71632,-0.72266,-0.01652,-1.42685,-1.42434,8,0x00000000,1,-0.80524,-0.80896,0.01195,4.99738,5.08861,8,0x00000000,1
5.7961,-0.19236,-0.03683,-39.36355,-0.19236,-0.03683,-0.19167,-0.03527,0.43665,0.46446,0.62832,0.49974,0.62832,0.49974,0.00000,0.00000,0,0.00049,-0.78074,-0.77545,-0.01817,3.24483,3.26714,8,0x00000000,1,-0.69274,-0.69279,-0.00325,0.34135,0.37079,8,0x00000000,1,-0.70310,-0.70636,0.00083,-1.49762,-1.50026,8,0x00000000,1,-0.73355,-0.74272,0.02310,0.04340,-0.00884,8,0x00000000,1,-0.71627,-0.72253,0.01309,-1.50063,-1.56538,8,0x00000000,1,-0.80552,-0.80913,-0.00177,4.92733,4.94146,8,0x00000000,1
5.9037,-0.18931,-0.03763,-39.36182,-0.18931,-0.03763,-0.19158,-0.03768,0.44212,0.46552,0.63370,0.50319,0.63370,0.50319,0.00000,0.00000,0,0.00241,-0.78099,-0.77597,-0.00185,3.32538,3.37316,8,0x00000000,1,-0.69250,-0.69277,0.00462,0.32149,0.33606,8,0x00000000,1,-0.70284,-0.70590,0.00778,-1.51918,-1.50625,8,0x00000000,1,-0.73351,-0.74106,0.01605,0.02934,-0.02033,8,0x00000000,1,-0.71628,-0.72247,-0.00140,-1.57211,-1.66342,8,0x00000000,1,-0.80579,-0.80928,-0.00908,4.88371,4.86360,8,0x00000000,1
6.0058,-0.19449,-0.04661,-39.34525,-0.19449,-0.04661,-0.19238,-0.04254,0.44758,0.46664,0.63996,0.50919,0.63996,0.50919,0.00000,0.00000,0,0.00039,-0.78136,-0.77643,0.00813,3.36766,3.29841,8,0x00000000,1,-0.69224,-0.69276,0.00170,0.29831,0.27622,8,0x00000000,1,-0.70254,-0.70546,0.00325,-1.55280,-1.47289,8,0x00000000,1,-0.73339,-0.73869,0.03227,0.17044,0.26170,8,0x00000000,1,-0.71622,-0.72242,-0.00140,-1.64985,-1.66608,8,0x00000000,1,-0.80618,-0.80938,-0.00214,4.85304,4.76124,8,0x00000000,1
6.1092,-0.19705,-0.05340,-39.34758,-0.19705,-0.05340,-0.19525,-0.04936,0.45310,0.46796,0.64835,0.51733,0.64835,0.51733,0.00000,0.00000,0,0.00115,-0.78187,-0.77697,-0.01039,3.40752,3.47151,8,0x00000000,1,-0.69188,-0.69273,-0.00172,0.24751,0.39871,8,0x00000000,1,-0.70213,-0.70481,0.00066,-1.59749,-1.57047,8,0x00000000,1,-0.73321,-0.73432,0.04228,0.40132,0.26282,8,0x00000000,1,-0.71613,-0.72236,-0.00612,-1.74020,-1.72627,8,0x00000000,1,-0.80671,-0.80949,0.01017,4.86399,4.82895,8,0x00000000,1
6.2095,-0.20088,-0.05678,-39.34237,-0.20088,-0.05678,-0.19747,-0.05372,0.45870,0.46943,0.65617,0.52315,0.65617,0.52315,0.00000,0.00000,0,0.00026,-0.78227,-0.77755,-0.00100,3.45247,3.33206,8,0x00000000,1,-0.69154,-0.69270,-0.00054,0.23837,0.29583,8,0x00000000,1,-0.70175,-0.70422,0.00939,-1.59574,-1.48937,8,0x00000000,1,-0.73312,-0.73283,0.00382,0.38968,0.53546,8,0x00000000,1,-0.71611,-0.72228,-0.00324,-1.81969,-1.81298,8,0x00000000,1,-0.80714,-0.80963,0.00057,4.83285,4.65466,8,0x00000000,1
6.3115,-0.20426,-0.06232,-39.33350,-0.20426,-0.06232,-0.20174,-0.05876,0.46439,0.47103,0.66613,0.52979,0.66613,0.52979,0.00000,0.00000,0,0.00028,-0.78275,-0.77819,-0.01045,3.52283,3.45537,8,0x00000000,1,-0.69111,-0.69252,0.00646,0.21296,0.21561,8,0x00000000,1,-0.70127,-0.70324,0.00834,-1.58083,-1.68352,8,0x00000000,1,-0.73304,-0.73239,0.00342,0.42148,0.38876,8,0x00000000,1,-0.71612,-0.72212,0.00379,-1.84150,-1.88219,8,0x00000000,1,-0.80765,-0.80971,0.00663,4.87606,5.05872,8,0x00000000,1
6.4157,-0.20191,-0.06268,-39.32269,-0.20191,-0.06268,-0.20172,-0.06134,0.47015,0.47275,0.67187,0.53409,0.67187,0.53409,0.00000,0.00000,0,0.00033,-0.78304,-0.77882,-0.00493,3.56844,3.57914,8,0x00000000,1,-0.69086,-0.69218,0.00656,0.19397,0.17382,8,0x00000000,1,-0.70100,-0.70280,0.00166,-1.61207,-1.65523,8,0x00000000,1,-0.73298,-0.73219,0.01375,0.45217,0.48887,8,0x00000000,1,-0.71610,-0.72204,-0.00570,-1.93550,-1.93763,8,0x00000000,1,-0.80797,-0.80983,0.00074,4.81222,4.69144,8,0x00000000,1
6.5180,-0.20478,-0.07118,-39.32644,-0.20478,-0.07118,-0.20379,-0.06797,0.47593,0.47459,0.67972,0.54256,0.67972,0.54256,0.00000,0.00000,0,0.00040,-0.78355,-0.77940,-0.01463,3.57299,3.64087,8,0x00000000,1,-0.69053,-0.69190,0.00882,0.20342,0.00336,8,0x00000000,1,-0.70061,-0.70245,0.00756,-1.61929,-1.52695,8,0x00000000,1,-0.73278,-0.73207,-0.00491,0.42930,0.48120,8,0x00000000,1,-0.71598,-0.72009,0.02821,-1.77473,-1.80535,8,0x00000000,1,-0.80850,-0.80993,-0.00940,4.80870,4.97970,8,0x00000000,1
6.6177,-0.19668,-0.07371,-39.31244,-0.19668,-0.07371,-0.20171,-0.07285,0.48173,0.47661,0.68344,0.54946,0.68344,0.54946,0.00000,0.00000,0,0.00028,-0.78391,-0.78005,0.00528,3.63833,3.50691,8,0x00000000,1,-0.69038,-0.69173,0.00072,0.15345,0.21009,8,0x00000000,1,-0.70042,-0.70166,0.00543,-1.58237,-1.63719,8,0x00000000,1,-0.73256,-0.73195,-0.00312,0.43255,0.52756,8,0x00000000,1,-0.71582,-0.71407,0.06440,-1.30903,-1.33639,8,0x00000000,1,-0.80886,-0.81003,-0.00016,4.84870,4.96933,8,0x00000000,1
6.7177,-0.17898,-0.07242,-39.29644,-0.17898,-0.07242,-0.18525,-0.07259,0.48722,0.47869,0.67247,0.55128,0.67247,0.55128,0.00000,0.00000,0,0.00051,-0.78377,-0.78055,-0.00048,3.63630,3.53974,8,0x00000000,1,-0.69089,-0.69167,0.00334,0.20262,0.27687,8,0x00000000,1,-0.70091,-0.70153,0.00540,-1.56208,-1.56451,8,0x00000000,1,-0.73227,-0.73180,-0.00293,0.44315,0.51866,8,0x00000000,1,-0.71546,-0.71066,0.01531,-1.21398,-1.25740,8,0x00000000,1,-0.80864,-0.81010,-0.00209,4.78984,4.71911,8,0x00000000,1
6.8203,-0.16474,-0.07189,-39.27937,-0.16474,-0.07189,-0.17282,-0.07264,0.49232,0.48076,0.66514,0.55340,0.66514,0.55340,0.00000,0.00000,0,0.00174,-0.78371,-0.78085,-0.00672,3.63512,3.71203,8,0x00000000,1,-0.69124,-0.69164,0.00564,0.23465,0.19850,8,0x00000000,1,-0.70124,-0.70149,0.00903,-1.55367,-1.56314,8,0x00000000,1,-0.73204,-0.73169,-0.00612,0.43290,0.50223,8,0x00000000,1,-0.71519,-0.70739,0.06755,-0.76320,-0.85980,8,0x00000000,1,-0.80852,-0.81017,0.00238,4.76994,4.76012,8,0x00000000,1
6.9204,-0.11005,-0.06442,-39.23605,-0.11005,-0.06442,-0.13348,-0.06672,0.49675,0.48273,0.63022,0.54946,0.63022,0.54946,0.00000,0.00000,0,0.00026,-0.78285,-0.78104,0.00094,3.60116,3.54021,8,0x00000000,1,-0.69283,-0.69164,0.00005,0.34311,0.39420,8,0x00000000,1,-0.70285,-0.70151,-0.00440,-1.44832,-1.53616,8,0x00000000,1,-0.73152,-0.73156,-0.00153,0.43060,0.54566,8,0x00000000,1,-0.71443,-0.70003,-0.00389,-0.39932,-0.47015,8,0x00000000,1,-0.80745,-0.81020,0.00373,4.64583,4.65128,8,0x00000000,1
7.0211,-0.10591,-0.05739,-39.23298,-0.10591,-0.05739,-0.11417,-0.06059,0.50020,0.48452,0.61437,0.54511,0.61437,0.54511,0.00000,0.00000,0,0.00035,-0.78235,-0.78117,-0.00915,3.55242,3.46946,8,0x00000000,1,-0.69355,-0.69164,-0.00115,0.39556,0.36868,8,0x00000000,1,-0.70359,-0.70151,-0.00253,-1.38134,-1.38825,8,0x00000000,1,-0.73139,-0.73138,0.00227,0.40596,0.51243,8,0x00000000,1,-0.71418,-0.69997,-0.00909,-0.25668,-0.34533,8,0x00000000,1,-0.80687,-0.81025,0.00147,4.58286,4.45734,8,0x00000000,1
7.1237,-0.10271,-0.05771,-39.23710,-0.10271,-0.05771,-0.10706,-0.05905,0.50333,0.48622,0.61039,0.54527,0.61039,0.54527,0.00000,0.00000,0,0.00063,-0.78228,-0.78128,-0.00605,3.56839,3.59149,8,0x00000000,1,-0.69373,-0.69165,-0.00337,0.40871,0.51263,8,0x00000000,1,-0.70377,-0.70151,0.00356,-1.33503,-1.43155,8,0x00000000,1,-0.73130,-0.73127,0.00062,0.39708,0.44960,8,0x00000000,1,-0.71407,-0.69998,-0.00382,-0.03188,-0.04188,8,0x00000000,1,-0.80677,-0.81027,-0.00785,4.53287,4.55609,8,0x00000000,1
7.2263,-0.10360,-0.06194,-39.22887,-0.10360,-0.06194,-0.10472,-0.06028,0.50634,0.48792,0.61107,0.54820,0.61107,0.54820,0.00000,0.00000,0,0.00040,-0.78241,-0.78134,0.00045,3.58469,3.69243,8,0x00000000,1,-0.69371,-0.69164,-0.00206,0.43869,0.39953,8,0x00000000,1,-0.70373,-0.70153,-0.00275,-1.33422,-1.38671,8,0x00000000,1,-0.73120,-0.73119,0.00590,0.42439,0.38824,8,0x00000000,1,-0.71398,-0.69999,-0.00022,0.13734,0.22744,8,0x00000000,1,-0.80690,-0.81029,-0.00989,4.47374,4.44517,8,0x00000000,1
7.3293,-0.10237,-0.06098,-39.23083,-0.10237,-0.06098,-0.10156,-0.06106,0.50926,0.48965,0.61082,0.55071,0.61082,0.55071,0.00000,0.00000,0,0.00043,-0.78251,-0.78138,0.01429,3.65342,3.54874,8,0x00000000,1,-0.69373,-0.69163,0.00703,0.47022,0.41485,8,0x00000000,1,-0.70374,-0.70151,-0.00084,-1.29107,-1.32053,8,0x00000000,1,-0.73109,-0.73112,-0.00044,0.40328,0.47293,8,0x00000000,1,-0.71387,-0.70003,0.00103,0.28054,0.27005,8,0x00000000,1,-0.80699,-0.81027,0.00090,4.48417,4.51229,8,0x00000000,1
7.4289,-0.10456,-0.06279,-39.23297,-0.10456,-0.06279,-0.10346,-0.06273,0.51218,0.49142,0.61564,0.55415,0.61564,0.55415,0.00000,0.00000,0,0.00026,-0.78275,-0.78149,0.00356,3.65032,3.67569,8,0x00000000,1,-0.69352,-0.69163,0.00190,0.49027,0.41122,8,0x00000000,1,-0.70350,-0.70151,0.00586,-1.26382,-1.34012,8,0x00000000,1,-0.73104,-0.73108,-0.00103,0.39299,0.38665,8,0x00000000,1,-0.71387,-0.70007,-0.00024,0.45473,0.48502,8,0x00000000,1,-0.80725,-0.81028,0.00226,4.43250,4.45166,8,0x00000000,1
7.5333,-0.10840,-0.06540,-39.22760,-0.10840,-0.06540,-0.10669,-0.06458,0.51518,0.49323,0.62188,0.55781,0.62188,0.55781,0.00000,0.00000,0,0.00048,-0.78303,-0.78157,0.01060,3.66024,3.56648,8,0x00000000,1,-0.69325,-0.69163,0.00553,0.47368,0.38201,8,0x00000000,1,-0.70321,-0.70151,0.00533,-1.26461,-1.25515,8,0x00000000,1,-0.73101,-0.73097,0.00588,0.44698,0.31378,8,0x00000000,1,-0.71389,-0.70015,-0.00678,0.58630,0.64538,8,0x00000000,1,-0.80755,-0.81026,0.01395,4.46564,4.51134,8,0x00000000,1
7.6362,-0.10803,-0.06567,-39.23878,-0.10803,-0.06567,-0.10782,-0.06546,0.51824,0.49509,0.62606,0.56055,0.62606,0.56055,0.00000,0.00000,0,0.00038,-0.78323,-0.78170,0.00094,3.68368,3.61539,8,0x00000000,1,-0.69306,-0.69165,-0.00447,0.47165,0.50103,8,0x00000000,1,-0.70301,-0.70152,-0.00160,-1.28581,-1.39212,8,0x00000000,1,-0.73097,-0.73094,0.00080,0.41289,0.42702,8,0x00000000,1,-0.71390,-0.70024,-0.00410,0.77852,0.77744,8,0x00000000,1,-0.80776,-0.81028,0.00497,4.43445,4.60950,8,0x00000000,1
7.7368,-0.10966,-0.07039,-39.23547,-0.10966,-0.07039,-0.10896,-0.06785,0.52133,0.49698,0.63029,0.56483,0.63029,0.56483,0.00000,0.00000,0,0.00038,-0.78349,-0.78181,0.00014,3.74985,3.55170,8,0x00000000,1,-0.69288,-0.69164,-0.00028,0.49724,0.49810,8,0x00000000,1,-0.70280,-0.70152,-0.00475,-1.28876,-1.43815,8,0x00000000,1,-0.73088,-0.73091,-0.01060,0.39418,0.49046,8,0x00000000,1,-0.71384,-0.70038,-0.00894,0.88674,0.96139,8,0x00000000,1,-0.80804,-0.81029,0.00951,4.43603,4.35638,8,0x00000000,1
7.8395,-0.11201,-0.07329,-39.22887,-0.11201,-0.07329,-0.11152,-0.07130,0.52448,0.49896,0.63599,0.57026,0.63599,0.57026,0.00000,0.00000,0,0.00170,-0.78383,-0.78195,-0.00951,3.74406,3.68844,8,0x00000000,1,-0.69264,-0.69164,0.00388,0.50815,0.52054,8,0x00000000,1,-0.70252,-0.70152,0.00164,-1.30746,-1.11769,8,0x00000000,1,-0.73076,-0.73087,-0.00177,0.39922,0.45003,8,0x00000000,1,-0.71379,-0.70047,0.00188,1.08463,1.12369,8,0x00000000,1,-0.80839,-0.81032,-0.00546,4.39662,4.46203,8,0x00000000,1
7.9395,-0.11193,-0.07709,-39.22699,-0.11193,-0.07709,-0.11195,-0.07487,0.52766,0.50105,0.63961,0.57592,0.63961,0.57592,0.00000,0.00000,0,0.00031,-0.78414,-0.78206,0.00932,3.81411,3.80869,8,0x00000000,1,-0.69249,-0.69164,0.00357,0.50667,0.55208,8,0x00000000,1,-0.70234,-0.70152,-0.00005,-1.28161,-1.25809,8,0x00000000,1,-0.73060,-0.73077,0.00759,0.40979,0.38326,8,0x00000000,1,-0.71366,-0.70062,-0.00739,1.21336,1.16312,8,0x00000000,1,-0.80870,-0.81031,0.00617,4.40927,4.40394,8,0x00000000,1
8.0425,-0.11787,-0.07704,-39.23019,-0.11787,-0.07704,-0.11517,-0.07739,0.53089,0.50323,0.64607,0.58062,0.64607,0.58062,0.00000,0.00000,0,0.00028,-0.78447,-0.78221,0.01051,3.80934,3.87280,8,0x00000000,1,-0.69221,-0.69167,-0.01100,0.43722,0.56194,8,0x00000000,1,-0.70203,-0.70150,0.00422,-1.30219,-1.23068,8,0x00000000,1,-0.73053,-0.73069,0.00445,0.40771,0.43970,8,0x00000000,1,-0.71365,-0.70073,-0.00144,1.38884,1.49531,8,0x00000000,1,-0.80905,-0.81032,-0.00457,4.40584,4.13288,8,0x00000000,1
8.1433,-0.11706,-0.07655,-39.22879,-0.11706,-0.07655,-0.11808,-0.07714,0.53423,0.50543,0.65232,0.58257,0.65232,0.58257,0.00000,0.00000,0,0.00117,-0.78467,-0.78237,-0.00305,3.87393,3.85524,8,0x00000000,1,-0.69193,-0.69164,-0.00213,0.48323,0.48851,8,0x00000000,1,-0.70173,-0.70153,-0.00271,-1.32049,-0.85920,8,0x00000000,1,-0.73057,-0.73063,0.00163,0.43447,0.36851,8,0x00000000,1,-0.71374,-0.70090,-0.00274,1.54302,1.57788,8,0x00000000,1,-0.80929,-0.81031,0.00554,4.36938,4.33076,8,0x00000000,1
8.2435,-0.11721,-0.07188,-39.23148,-0.11721,-0.07188,-0.11700,-0.07428,0.53758,0.50760,0.65458,0.58188,0.65458,0.58188,0.00000,0.00000,0,0.00033,-0.78469,-0.78252,-0.00239,3.86906,3.85666,8,0x00000000,1,-0.69183,-0.69165,-0.00663,0.47303,0.55365,8,0x00000000,1,-0.70163,-0.70153,-0.00148,-1.31349,-1.30752,8,0x00000000,1,-0.73065,-0.73058,-0.00247,0.40276,0.41436,8,0x00000000,1,-0.71383,-0.70106,-0.00313,1.66705,1.75847,8,0x00000000,1,-0.80932,-0.81034,-0.00638,4.37613,4.32014,8,0x00000000,1
8.3430,-0.11651,-0.07101,-39.22490,-0.11651,-0.07101,-0.11679,-0.07251,0.54091,0.50969,0.65770,0.58221,0.65770,0.58221,0.00000,0.00000,0,0.00046,-0.78477,-0.78263,-0.00060,3.87521,3.93747,8,0x00000000,1,-0.69168,-0.69164,0.00170,0.46748,0.36548,8,0x00000000,1,-0.70149,-0.70154,-0.00954,-1.31539,-1.40440,8,0x00000000,1,-0.73069,-0.73056,-0.00013,0.42631,0.49227,8,0x00000000,1,-0.71390,-0.70129,-0.01177,1.79848,1.74568,8,0x00000000,1,-0.80942,-0.81033,0.00284,4.37114,4.39286,8,0x00000000,1
8.4445,-0.12090,-0.07379,-39.23619,-0.12090,-0.07379,-0.11927,-0.07262,0.54427,0.51175,0.66355,0.58437,0.66355,0.58437,0.00000,0.00000,0,0.00063,-0.78497,-0.78277,-0.00747,3.97795,3.85711,8,0x00000000,1,-0.69142,-0.69164,0.00347,0.45408,0.41831,8,0x00000000,1,-0.70121,-0.70151,0.00401,-1.31663,-1.30518,8,0x00000000,1,-0.73072,-0.73054,0.00562,0.45662,0.35956,8,0x00000000,1,-0.71397,-0.70142,0.00128,1.94839,2.02042,8,0x00000000,1,-0.80965,-0.81033,-0.00630,4.37594,4.48079,8,0x00000000,1
8.5434,-0.12037,-0.07434,-39.23235,-0.12037,-0.07434,-0.12057,-0.07405,0.54770,0.51385,0.66827,0.58790,0.66827,0.58790,0.00000,0.00000,0,0.00033,-0.78521,-0.78287,0.00789,3.94020,3.98848,8,0x00000000,1,-0.69122,-0.69163,0.00437,0.44246,0.55016,8,0x00000000,1,-0.70099,-0.70151,0.00515,-1.33691,-1.48509,8,0x00000000,1,-0.73066,-0.73054,-0.00401,0.42352,0.37621,8,0x00000000,1,-0.71396,-0.70162,0.01543,2.11290,2.17928,8,0x00000000,1,-0.80991,-0.81034,-0.00492,4.39218,4.26323,8,0x00000000,1
8.6442,-0.12904,-0.07338,-39.23879,-0.12904,-0.07338,-0.12496,-0.07385,0.55119,0.51596,0.67615,0.58981,0.67615,0.58981,0.00000,0.00000,0,0.00042,-0.78545,-0.78301,0.00731,3.99419,4.03691,8,0x00000000,1,-0.69086,-0.69165,-0.00380,0.38565,0.43439,8,0x00000000,1,-0.70062,-0.70153,-0.00327,-1.40301,-1.38151,8,0x00000000,1,-0.73074,-0.73052,0.00035,0.42180,0.43473,8,0x00000000,1,-0.71409,-0.70186,0.00378,2.25143,2.20784,8,0x00000000,1,-0.81019,-0.81037,-0.00595,4.38354,4.28368,8,0x00000000,1
8.7483,-0.13155,-0.07456,-39.23829,-0.13155,-0.07456,-0.12912,-0.07399,0.55481,0.51805,0.68393,0.59204,0.68393,0.59204,0.00000,0.00000,0,0.00035,-0.78570,-0.78321,-0.01342,4.01386,4.00209,8,0x00000000,1,-0.69051,-0.69163,0.00425,0.35061,0.32875,8,0x00000000,1,-0.70026,-0.70150,0.00192,-1.40632,-1.34321,8,0x00000000,1,-0.73080,-0.73053,-0.00672,0.43719,0.50386,8,0x00000000,1,-0.71421,-0.70220,-0.00150,2.40195,2.50179,8,0x00000000,1,-0.81048,-0.81037,-0.00520,4.43613,4.39827,8,0x00000000,1
8.8506,-0.13328,-0.07527,-39.23830,-0.13328,-0.07527,-0.13088,-0.07494,0.55852,0.52018,0.68940,0.59511,0.68940,0.59511,0.00000,0.00000,0,0.00107,-0.78594,-0.78333,-0.00267,4.09762,3.98538,8,0x00000000,1,-0.69027,-0.69164,0.00019,0.30318,0.26506,8,0x00000000,1,-0.70000,-0.70152,-0.00547,-1.47161,-1.32717,8,0x00000000,1,-0.73078,-0.73052,-0.00707,0.43991,0.38391,8,0x00000000,1,-0.71423,-0.70266,-0.02075,2.47136,2.47915,8,0x00000000,1,-0.81074,-0.81037,-0.00259,4.42852,4.35375,8,0x00000000,1
8.9505,-0.13844,-0.07417,-39.24979,-0.13844,-0.07417,-0.13554,-0.07531,0.56233,0.52234,0.69787,0.59765,0.69787,0.59765,0.00000,0.00000,0,0.00038,-0.78621,-0.78352,-0.00714,4.12301,4.13534,8,0x00000000,1,-0.68989,-0.69164,-0.00330,0.27916,0.37380,8,0x00000000,1,-0.69960,-0.70149,0.00432,-1.50925,-1.53227,8,0x00000000,1,-0.73084,-0.73051,-0.00541,0.45644,0.34279,8,0x00000000,1,-0.71436,-0.70497,-0.03571,2.41220,2.43964,8,0x00000000,1,-0.81106,-0.81039,-0.00720,4.46999,4.30430,8,0x00000000,1
9.0517,-0.14081,-0.07538,-39.25751,-0.14081,-0.07538,-0.13914,-0.07444,0.56625,0.52446,0.70539,0.59890,0.70539,0.59890,0.00000,0.00000,0,0.00039,-0.78642,-0.78374,-0.01632,4.10216,4.18472,8,0x00000000,1,-0.68955,-0.69164,-0.00341,0.23400,0.14793,8,0x00000000,1,-0.69925,-0.70148,-0.00177,-1.56515,-1.61622,8,0x00000000,1,-0.73093,-0.73049,0.00028,0.46815,0.61242,8,0x00000000,1,-0.71451,-0.70742,-0.03290,2.36669,2.39242,8,0x00000000,1,-0.81131,-0.81036,0.00815,4.51852,4.54304,8,0x00000000,1
9.1548,-0.15374,-0.08040,-39.25930,-0.15374,-0.08040,-0.14665,-0.07748,0.57031,0.52662,0.71696,0.60411,0.71696,0.60411,0.00000,0.00000,0,0.00061,-0.78686,-0.78392,-0.00163,4.19775,4.16781,8,0x00000000,1,-0.68903,-0.69157,-0.00125,0.18872,0.20954,8,0x00000000,1,-0.69871,-0.70145,0.00122,-1.60181,-1.67764,8,0x00000000,1,-0.73094,-0.73049,0.00260,0.45153,0.46837,8,0x00000000,1,-0.71461,-0.70934,-0.01486,2.32999,2.37530,8,0x00000000,1,-0.81181,-0.81038,0.00426,4.54735,4.53362,8,0x00000000,1
9.2554,-0.15401,-0.08448,-39.27017,-0.15401,-0.08448,-0.15218,-0.08261,0.57459,0.52891,0.72677,0.61152,0.72677,0.61152,0.00000,0.00000,0,0.00027,-0.78737,-0.78420,0.00431,4.28921,4.04420,8,0x00000000,1,-0.68861,-0.69125,0.00276,0.16951,0.23925,8,0x00000000,1,-0.69823,-0.70127,0.00728,-1.64208,-1.64591,8,0x00000000,1,-0.73083,-0.73049,-0.00153,0.43634,0.48248,8,0x00000000,1,-0.71458,-0.71038,-0.01070,2.32779,2.40991,8,0x00000000,1,-0.81235,-0.81039,0.00297,4.59317,4.56069,8,0x00000000,1
9.3531,-0.15826,-0.09226,-39.26842,-0.15826,-0.09226,-0.15584,-0.08860,0.57899,0.53136,0.73483,0.61996,0.73483,0.61996,0.00000,0.00000,0,0.00029,-0.78788,-0.78449,-0.00454,4.31793,4.31772,8,0x00000000,1,-0.68826,-0.69105,0.00238,0.10127,0.14114,8,0x00000000,1,-0.69784,-0.70006,0.01208,-1.61092,-1.64246,8,0x00000000,1,-0.73063,-0.73049,0.00291,0.46973,0.45930,8,0x00000000,1,-0.71447,-0.71094,-0.01253,2.34413,2.41955,8,0x00000000,1,-0.81288,-0.81039,0.01139,4.68081,4.73457,8,0x00000000,1
9.4558,-0.16628,-0.10557,-39.26974,-0.16628,-0.10557,-0.16252,-0.09763,0.58351,0.53400,0.74603,0.63163,0.74603,0.63163,0.00000,0.00000,0,0.00042,-0.78859,-0.78490,-0.01184,4.34246,4.30273,8,0x00000000,1,-0.68779,-0.69074,0.00539,0.06745,0.12764,8,0x00000000,1,-0.69729,-0.69872,0.00785,-1.59124,-1.54730,8,0x00000000,1,-0.73036,-0.73049,-0.00297,0.43498,0.47933,8,0x00000000,1,-0.71432,-0.71151,-0.01237,2.36016,2.39239,8,0x00000000,1,-0.81362,-0.81045,-0.00258,4.75325,4.75096,8,0x00000000,1
9.5565,-0.16741,-0.12493,-39.26402,-0.16741,-0.12493,-0.16652,-0.11239,0.58820,0.53698,0.75472,0.64937,0.75472,0.64937,0.00000,0.00000,0,0.00026,-0.78951,-0.78547,-0.01488,4.39164,4.73570,8,0x00000000,1,-0.68745,-0.69010,0.00710,0.04560,0.05611,8,0x00000000,1,-0.69683,-0.69352,0.19571,-0.72666,-0.96058,8,0x00000000,1,-0.72980,-0.73045,0.00099,0.39506,0.49872,8,0x00000000,1,-0.71387,-0.71187,-0.00528,2.33131,2.40053,8,0x00000000,1,-0.81452,-0.81052,-0.00726,4.83064,4.90288,8,0x00000000,1
9.6555,-0.20679,-0.26221,-39.11863,-0.20679,-0.26221,-0.18890,-0.21535,0.59313,0.54150,0.78204,0.75685,0.78204,0.75685,0.00000,0.00000,0,0.00041,-0.79454,-0.78742,-0.06235,4.62417,4.58017,8,0x00000000,1,-0.68658,-0.68909,0.00379,0.02277,0.09246,8,0x00000000,1,-0.69524,-0.67607,0.00163,-0.08476,-0.11305,8,0x00000000,1,-0.72585,-0.72973,0.02817,0.17794,0.11623,8,0x00000000,1,-0.71049,-0.71193,0.01188,2.08541,2.07147,8,0x00000000,1,-0.81931,-0.81094,-0.02169,5.24982,5.19807,8,0x00000000,1
9.7624,-0.14824,-0.30421,-39.19611,-0.14824,-0.30421,-0.16107,-0.27431,0.59826,0.54863,0.75933,0.82294,0.75933,0.82294,0.00000,0.00000,0,0.00026,-0.79685,-0.79387,-0.03214,4.34312,4.29527,8,0x00000000,1,-0.68786,-0.68826,0.00291,0.16698,0.17790,8,0x00000000,1,-0.69606,-0.67609,0.00229,0.24172,0.22343,8,0x00000000,1,-0.72266,-0.72581,0.03365,0.23466,0.24703,8,0x00000000,1,-0.70738,-0.71190,0.01423,1.88248,1.87534,8,0x00000000,1,-0.82121,-0.81174,-0.00709,5.36159,5.40490,8,0x00000000,1
9.8636,-0.10465,-0.31412,-39.22923,-0.10465,-0.31412,-0.12383,-0.30495,0.60237,0.55697,0.72620,0.86193,0.72620,0.86193,0.00000,0.00000,0,0.00033,-0.79782,-0.79713,-0.01189,4.32493,4.49520,8,0x00000000,1,-0.68953,-0.68827,-0.00461,0.25469,0.14452,8,0x00000000,1,-0.69745,-0.67620,-0.00594,0.58978,0.41435,8,0x00000000,1,-0.72039,-0.72460,0.01066,0.07467,-0.00983,8,0x00000000,1,-0.70503,-0.71190,0.00344,1.63022,1.66340,8,0x00000000,1,-0.82181,-0.81232,-0.00806,5.46471,5.36129,8,0x00000000,1
9.9667,-0.08627,-0.32358,-39.24031,-0.08627,-0.32358,-0.09864,-0.31972,0.60553,0.56591,0.70417,0.88563,0.70417,0.88563,0.00000,0.00000,0,0.00038,-0.79836,-0.79811,0.00656,4.31610,4.46272,8,0x00000000,1,-0.69063,-0.68826,0.00439,0.36919,0.27491,8,0x00000000,1,-0.69838,-0.67646,0.00238,0.90167,0.92938,8,0x00000000,1,-0.71897,-0.72379,0.00061,-0.01908,-0.10141,8,0x00000000,1,-0.70355,-0.71188,-0.00076,1.49209,1.47014,8,0x00000000,1,-0.82213,-0.81278,-0.00162,5.55879,5.51937,8,0x00000000,1
10.0676,-0.07639,-0.32422,-39.25398,-0.07639,-0.32422,-0.08522,-0.32518,0.60814,0.57513,0.69337,0.90030,0.69337,0.90030,0.00000,0.00000,0,0.00027,-0.79876,-0.79870,-0.00995,4.29112,4.16476,8,0x00000000,1,-0.69119,-0.68826,0.00012,0.41137,0.38905,8,0x00000000,1,-0.69883,-0.67671,0.00060,1.18595,1.30123,8,0x00000000,1,-0.71815,-0.72323,-0.00282,-0.09099,-0.04970,8,0x00000000,1,-0.70271,-0.71180,0.00300,1.32925,1.35413,8,0x00000000,1,-0.82240,-0.81330,0.00682,5.70584,5.54279,8,0x00000000,1
10.1699,-0.06719,-0.32902,-39.24333,-0.06719,-0.32902,-0.07315,-0.32770,0.61039,0.58443,0.68354,0.91213,0.68354,0.91213,0.00000,0.00000,0,0.00028,-0.79906,-0.79899,-0.00133,4.26012,4.23627,8,0x00000000,1,-0.69168,-0.68828,-0.00340,0.49155,0.55815,8,0x00000000,1,-0.69924,-0.67698,-0.00368,1.46791,1.38572,8,0x00000000,1,-0.71746,-0.72283,0.00228,-0.16345,-0.11613,8,0x00000000,1,-0.70200,-0.71177,-0.00081,1.15141,1.16645,8,0x00000000,1,-0.82259,-0.81362,0.00219,5.78133,5.71398,8,0x00000000,1
10.2721,-0.06505,-0.32890,-39.25111,-0.06505,-0.32890,-0.06687,-0.32805,0.61236,0.59377,0.67924,0.92182,0.67924,0.92182,0.00000,0.00000,0,0.00038,-0.79938,-0.79918,-0.00334,4.31808,4.34135,8,0x00000000,1,-0.69192,-0.68828,-0.00362,0.55204,0.51702,8,0x00000000,1,-0.69940,-0.67730,-0.00466,1.71626,1.74452,8,0x00000000,1,-0.71698,-0.72236,0.00378,-0.23963,-0.29137,8,0x00000000,1,-0.70152,-0.71171,0.00095,1.00763,0.88288,8,0x00000000,1,-0.82284,-0.81395,-0.00169,5.85900,5.82754,8,0x00000000,1
10.3746,-0.06068,-0.33240,-39.25943,-0.06068,-0.33240,-0.06375,-0.33076,0.61424,0.60316,0.67799,0.93392,0.67799,0.93392,0.00000,0.00000,0,0.00205,-0.79986,-0.79932,-0.00143,4.31639,4.33536,8,0x00000000,1,-0.69202,-0.68826,0.00370,0.59647,0.57891,8,0x00000000,1,-0.69942,-0.67755,0.00303,1.94616,1.95164,8,0x00000000,1,-0.71645,-0.72198,0.00368,-0.31057,-0.29404,8,0x00000000,1,-0.70102,-0.71164,-0.00070,0.85540,0.90367,8,0x00000000,1,-0.82327,-0.81430,-0.01182,5.98368,6.02854,8,0x00000000,1
10.4738,-0.05877,-0.33039,-39.25264,-0.05877,-0.33039,-0.06047,-0.33082,0.61601,0.61260,0.67649,0.94341,0.67649,0.94341,0.00000,0.00000,0,0.00031,-0.80023,-0.79947,0.00076,4.32669,4.45885,8,0x00000000,1,-0.69212,-0.68827,0.00584,0.65316,0.56126,8,0x00000000,1,-0.69946,-0.67789,0.00189,2.20068,2.30876,8,0x00000000,1,-0.71603,-0.72163,0.00434,-0.38466,-0.37106,8,0x00000000,1,-0.70062,-0.71158,-0.00205,0.71272,0.68745,8,0x00000000,1,-0.82359,-0.81463,-0.00577,6.09368,6.20239,8,0x00000000,1
10.5744,-0.05346,-0.33087,-39.26662,-0.05346,-0.33087,-0.05650,-0.32968,0.61767,0.62200,0.67416,0.95168,0.67416,0.95168,0.00000,0.00000,0,0.00040,-0.80052,-0.79961,-0.00615,4.40703,4.49558,8,0x00000000,1,-0.69226,-0.68827,0.00084,0.69192,0.72703,8,0x00000000,1,-0.69954,-0.67825,0.00220,2.44953,2.45254,8,0x00000000,1,-0.71564,-0.72116,0.00434,-0.44688,-0.39748,8,0x00000000,1,-0.70025,-0.71147,0.00228,0.54687,0.59415,8,0x00000000,1,-0.82384,-0.81491,-0.00431,6.21297,6.34462,8,0x00000000,1
10.6762,-0.05438,-0.32951,-39.26512,-0.05438,-0.32951,-0.05414,-0.33022,0.61923,0.63140,0.67338,0.96162,0.67338,0.96162,0.00000,0.00000,0,0.00030,-0.80092,-0.79972,0.00889,4.43591,4.49511,8,0x00000000,1,-0.69233,-0.68828,-0.00189,0.76398,0.70671,8,0x00000000,1,-0.69954,-0.67881,-0.00947,2.64838,2.71876,8,0x00000000,1,-0.71521,-0.72077,-0.00424,-0.53503,-0.41797,8,0x00000000,1,-0.69985,-0.71134,0.00821,0.40720,0.40342,8,0x00000000,1,-0.82419,-0.81520,0.00191,6.33761,6.27242,8,0x00000000,1
10.7786,-0.05089,-0.32964,-39.27339,-0.05089,-0.32964,-0.05189,-0.32868,0.62074,0.64078,0.67263,0.96947,0.67263,0.96947,0.00000,0.00000,0,0.00057,-0.80124,-0.79987,-0.01018,4.41730,4.30849,8,0x00000000,1,-0.69239,-0.68827,0.00259,0.80503,0.65628,8,0x00000000,1,-0.69955,-0.67936,-0.00861,2.89464,2.84410,8,0x00000000,1,-0.71487,-0.72032,0.00425,-0.55542,-0.43031,8,0x00000000,1,-0.69953,-0.71118,-0.00169,0.25632,0.25859,8,0x00000000,1,-0.82447,-0.81552,-0.00024,6.45230,6.43841,8,0x00000000,1
10.8781,-0.04230,-0.32797,-39.27713,-0.04230,-0.32797,-0.04706,-0.32863,0.62216,0.65016,0.66923,0.97878,0.66923,0.97878,0.00000,0.00000,0,0.00028,-0.80156,-0.79993,0.00587,4.43402,4.54432,8,0x00000000,1,-0.69258,-0.68827,0.00547,0.87482,0.94405,8,0x00000000,1,-0.69968,-0.68010,-0.00790,3.06112,3.10023,8,0x00000000,1,-0.71441,-0.71980,0.00729,-0.62110,-0.55838,8,0x00000000,1,-0.69908,-0.71099,-0.00620,0.08659,0.07756,8,0x00000000,1,-0.82473,-0.81583,-0.00295,6.54825,6.52245,8,0x00000000,1
10.9787,-0.04208,-0.32574,-39.28375,-0.04208,-0.32574,-0.04398,-0.32716,0.62345,0.65951,0.66743,0.98666,0.66743,0.98666,0.00000,0.00000,0,0.00032,-0.80185,-0.80005,0.00213,4.48943,4.48235,8,0x00000000,1,-0.69270,-0.68828,0.00159,0.91746,0.82874,8,0x00000000,1,-0.69973,-0.68094,-0.01009,3.24039,3.10784,8,0x00000000,1,-0.71405,-0.71930,0.00816,-0.67372,-0.65950,8,0x00000000,1,-0.69874,-0.71067,0.00058,-0.02860,-0.11076,8,0x00000000,1,-0.82498,-0.81616,-0.00850,6.61900,6.57979,8,0x00000000,1
11.0786,-0.04233,-0.32163,-39.28221,-0.04233,-0.32163,-0.04191,-0.32348,0.62467,0.66878,0.66658,0.99226,0.66658,0.99226,0.00000,0.00000,0,0.00025,-0.80207,-0.80017,-0.00514,4.52887,4.58006,8,0x00000000,1,-0.69276,-0.68830,-0.00440,0.97981,1.13837,8,0x00000000,1,-0.69975,-0.68192,-0.01114,3.39666,3.36595,8,0x00000000,1,-0.71380,-0.71894,0.00784,-0.72416,-0.74759,8,0x00000000,1,-0.69850,-0.71046,-0.00720,-0.21869,-0.17142,8,0x00000000,1,-0.82517,-0.81648,0.00175,6.73570,6.67789,8,0x00000000,1
11.1788,-0.03382,-0.31347,-39.30003,-0.03382,-0.31347,-0.03758,-0.31785,0.62580,0.67792,0.66338,0.99576,0.66338,0.99576,0.00000,0.00000,0,0.00030,-0.80215,-0.80026,-0.00894,4.52103,4.65065,8,0x00000000,1,-0.69292,-0.68830,0.00115,1.05576,1.17697,8,0x00000000,1,-0.69989,-0.68306,-0.01420,3.53802,3.60945,8,0x00000000,1,-0.71359,-0.71867,-0.00115,-0.82598,-0.82911,8,0x00000000,1,-0.69828,-0.71017,0.01046,-0.31060,-0.27999,8,0x00000000,1,-0.82522,-0.81683,-0.00200,6.81910,6.84415,8,0x00000000,1
11.2788,-0.02953,-0.30674,-39.30093,-0.02953,-0.30674,-0.03279,-0.31062,0.62681,0.68686,0.65960,0.99748,0.65960,0.99748,0.00000,0.00000,0,0.00059,-0.80215,-0.80033,-0.00052,4.55687,4.47189,8,0x00000000,1,-0.69310,-0.68832,0.00083,1.11232,1.01985,8,0x00000000,1,-0.70006,-0.68429,-0.01227,3.63873,3.65846,8,0x00000000,1,-0.71345,-0.71841,0.00147,-0.86535,-0.91322,8,0x00000000,1,-0.69812,-0.70986,-0.00338,-0.45021,-0.51905,8,0x00000000,1,-0.82519,-0.81713,-0.00661,6.88373,6.81502,8,0x00000000,1
11.3828,-0.02087,-0.29739,-39.31639,-0.02087,-0.29739,-0.02475,-0.30279,0.62763,0.69561,0.65238,0.99840,0.65238,0.99840,0.00000,0.00000,0,0.00068,-0.80204,-0.80044,0.00157,4.57438,4.69725,8,0x00000000,1,-0.69343,-0.68836,-0.00673,1.19594,1.14026,8,0x00000000,1,-0.70038,-0.68639,-0.02460,3.72563,3.68728,8,0x00000000,1,-0.71327,-0.71807,0.00214,-0.87287,-0.83189,8,0x00000000,1,-0.69789,-0.70944,-0.00164,-0.58489,-0.60272,8,0x00000000,1,-0.82503,-0.81737,-0.00621,6.94352,6.93215,8,0x00000000,1
11.4828,-0.00938,-0.28193,-39.33896,-0.00938,-0.28193,-0.01573,-0.29050,0.62797,0.70406,0.64370,0.99456,0.64370,0.99456,0.00000,0.00000,16,0.00044,-0.80171,-0.80055,-0.01298,4.59339,4.59966,8,0x00000000,1,-0.69382,-0.68841,0.00081,1.30126,1.38756,8,0x00000000,1,-0.70079,-0.68935,-0.03280,3.69811,3.60105,8,0x00000000,1,-0.71326,-0.71788,-0.00657,-0.95856,-0.94807,8,0x00000000,1,-0.69781,-0.70888,0.02385,-0.63113,-0.72419,8,0x00000000,1,-0.82466,-0.81761,-0.00598,7.00238,7.02048,8,0x00000000,1
11.5858,-0.00168,-0.24461,-39.37093,-0.00168,-0.24461,-0.00660,-0.27030,0.62797,0.71209,0.63456,0.98239,0.63456,0.98239,0.00000,0.00000,16,0.00050,-0.80102,-0.80055,0.01286,4.52646,4.47372,8,0x00000000,1,-0.69420,-0.68852,-0.00581,1.37342,1.45916,8,0x00000000,1,-0.70125,-0.69770,-0.26912,2.87949,2.92115,8,0x00000000,1,-0.71358,-0.71756,0.00537,-0.95238,-0.97145,8,0x00000000,1,-0.69804,-0.70366,0.09754,-0.17793,-0.20621,8,0x00000000,1,-0.82396,-0.81778,-0.00034,7.05371,7.37516,8,0x00000000,1
11.6877,0.06601,-0.12488,-39.48591,0.06601,-0.12488,0.03536,-0.17065,0.62775,0.71834,0.59238,0.88899,0.59238,0.88899,0.00000,0.00000,0,0.00218,-0.79627,-0.80052,-0.00515,4.14395,4.27623,8,0x00000000,1,-0.69581,-0.68876,-0.00218,1.54637,1.67438,8,0x00000000,1,-0.70348,-0.71139,-0.04452,2.40846,2.39713,8,0x00000000,1,-0.71664,-0.71753,0.00272,-0.72867,-0.74704,8,0x00000000,1,-0.70050,-0.70034,0.00961,-0.05121,0.01872,8,0x00000000,1,-0.81931,-0.81789,0.00036,6.72015,6.60770,8,0x00000000,1
11.7892,0.05194,-0.12013,-39.47229,0.05194,-0.12013,0.04808,-0.12680,0.62650,0.72242,0.57842,0.84922,0.57842,0.84922,0.00000,0.00000,0,0.00065,-0.79433,-0.80048,0.00546,3.96817,4.07509,8,0x00000000,1,-0.69631,-0.68900,0.00170,1.66171,1.72811,8,0x00000000,1,-0.70424,-0.71194,0.00016,2.45874,2.33763,8,0x00000000,1,-0.71802,-0.71756,-0.00073,-0.66508,-0.77155,8,0x00000000,1,-0.70165,-0.70036,0.00137,0.00952,0.01241,8,0x00000000,1,-0.81744,-0.81790,-0.00168,6.64090,6.60832,8,0x00000000,1
11.8896,0.05250,-0.11487,-39.46628,0.05250,-0.11487,0.05386,-0.12013,0.62501,0.72595,0.57115,0.84608,0.57115,0.84608,0.00000,0.00000,0,0.00119,-0.79405,-0.80043,0.01327,3.96285,4.09169,8,0x00000000,1,-0.69663,-0.68925,-0.01173,1.72388,1.83565,8,0x00000000,1,-0.70459,-0.71197,0.00262,2.37154,2.56035,8,0x00000000,1,-0.71801,-0.71755,0.00612,-0.69288,-0.66248,8,0x00000000,1,-0.70158,-0.70035,0.00120,-0.00492,0.06311,8,0x00000000,1,-0.81713,-0.81793,-0.00455,6.62183,6.60614,8,0x00000000,1
11.9917,0.05382,-0.11978,-39.47430,0.05382,-0.11978,0.05493,-0.11995,0.62345,0.72937,0.56852,0.84932,0.56852,0.84932,0.00000,0.00000,0,0.00039,-0.79413,-0.80047,-0.00740,3.84096,3.86468,8,0x00000000,1,-0.69677,-0.68951,-0.00808,1.80564,1.75405,8,0x00000000,1,-0.70470,-0.71199,0.00081,2.27115,2.07148,8,0x00000000,1,-0.71783,-0.71755,0.00488,-0.70817,-0.79228,8,0x00000000,1,-0.70139,-0.70035,0.00040,-0.00604,0.11829,8,0x00000000,1,-0.81718,-0.81792,0.01113,6.63820,6.41571,8,0x00000000,1
12.0948,0.05035,-0.12340,-39.47202,0.05035,-0.12340,0.05200,-0.12187,0.62193,0.73281,0.56993,0.85468,0.56993,0.85468,0.00000,0.00000,0,0.00128,-0.79438,-0.80042,0.00891,3.83774,3.81975,8,0x00000000,1,-0.69672,-0.68973,0.00279,1.88799,1.71038,8,0x00000000,1,-0.70461,-0.71200,-0.00806,2.16628,2.20171,8,0x00000000,1,-0.71763,-0.71755,0.00790,-0.72404,-0.81872,8,0x00000000,1,-0.70122,-0.70036,-0.00246,-0.01648,-0.02518,8,0x00000000,1,-0.81742,-0.81793,0.01150,6.68385,6.77667,8,0x00000000,1
12.1968,0.05215,-0.12693,-39.48735,0.05215,-0.12693,0.05188,-0.12444,0.62046,0.73632,0.56858,0.86076,0.56858,0.86076,0.00000,0.00000,0,0.00036,-0.79461,-0.80042,-0.00392,3.77798,4.00394,8,0x00000000,1,-0.69680,-0.69001,-0.00904,1.93466,1.95963,8,0x00000000,1,-0.70466,-0.71198,0.00332,2.13221,2.05979,8,0x00000000,1,-0.71735,-0.71756,-0.00133,-0.76005,-0.64302,8,0x00000000,1,-0.70095,-0.70038,-0.01311,-0.04240,-0.15024,8,0x00000000,1,-0.81762,-0.81799,-0.01360,6.63686,6.54279,8,0x00000000,1
12.2990,0.04705,-0.12767,-39.48557,0.04705,-0.12767,0.04841,-0.12730,0.61903,0.73991,0.57062,0.86721,0.57062,0.86721,0.00000,0.00000,0,0.00033,-0.79492,-0.80037,0.01412,3.73719,3.77409,8,0x00000000,1,-0.69673,-0.69035,-0.00873,1.99693,1.92983,8,0x00000000,1,-0.70454,-0.71197,-0.00001,1.98653,2.13804,8,0x00000000,1,-0.71712,-0.71755,0.00015,-0.73422,-0.76224,8,0x00000000,1,-0.70076,-0.70033,0.00901,-0.01276,-0.03045,8,0x00000000,1,-0.81791,-0.81797,0.00733,6.70268,6.63554,8,0x00000000,1
12.4020,0.04887,-0.13321,-39.48463,0.04887,-0.13321,0.04855,-0.13031,0.61765,0.74357,0.56911,0.87388,0.56911,0.87388,0.00000,0.00000,0,0.00025,-0.79517,-0.80037,0.00187,3.64879,3.76104,8,0x00000000,1,-0.69683,-0.69064,0.00582,2.09159,2.10660,8,0x00000000,1,-0.70459,-0.71198,-0.00587,1.90855,1.90651,8,0x00000000,1,-0.71682,-0.71756,-0.00770,-0.79746,-0.82168,8,0x00000000,1,-0.70047,-0.70036,0.00198,-0.02583,-0.08461,8,0x00000000,1,-0.81813,-0.81800,-0.00235,6.69835,6.63446,8,0x00000000,1
12.5048,0.04805,-0.13622,-39.49370,0.04805,-0.13622,0.04849,-0.13448,0.61627,0.74736,0.56778,0.88183,0.56778,0.88183,0.00000,0.00000,0,0.00041,-0.79548,-0.80039,-0.00739,3.60018,3.62013,8,0x00000000,1,-0.69692,-0.69096,-0.00436,2.11356,2.35787,8,0x00000000,1,-0.70462,-0.71196,0.00122,1.82106,1.78934,8,0x00000000,1,-0.71646,-0.71753,0.00260,-0.81566,-0.74358,8,0x00000000,1,-0.70013,-0.70033,0.00758,-0.02465,-0.15790,8,0x00000000,1,-0.81839,-0.81801,0.00490,6.71388,6.78819,8,0x00000000,1
12.6066,0.04753,-0.13810,-39.49760,0.04753,-0.13810,0.04736,-0.13683,0.61491,0.75121,0.56754,0.88805,0.56754,0.88805,0.00000,0.00000,0,0.00091,-0.79573,-0.80037,-0.00479,3.57676,3.67657,8,0x00000000,1,-0.69695,-0.69126,-0.00032,2.17917,2.17906,8,0x00000000,1,-0.70461,-0.71195,-0.00334,1.72583,1.78703,8,0x00000000,1,-0.71620,-0.71754,-0.00538,-0.87125,-0.85171,8,0x00000000,1,-0.69989,-0.70036,-0.00841,-0.06320,-0.06244,8,0x00000000,1,-0.81862,-0.81803,-0.00700,6.70713,6.56724,8,0x00000000,1
12.7074,0.04412,-0.13751,-39.50351,0.04412,-0.13751,0.04611,-0.13701,0.61356,0.75512,0.56745,0.89213,0.56745,0.89213,0.00000,0.00000,0,0.00113,-0.79590,-0.80036,0.00540,3.49713,3.60763,8,0x00000000,1,-0.69697,-0.69163,-0.00807,2.23381,2.38590,8,0x00000000,1,-0.70460,-0.71195,-0.00402,1.66794,1.71666,8,0x00000000,1,-0.71602,-0.71750,0.00223,-0.85472,-0.92751,8,0x00000000,1,-0.69973,-0.70035,-0.00586,-0.08135,-0.08155,8,0x00000000,1,-0.81877,-0.81804,-0.00282,6.69594,6.73052,8,0x00000000,1
12.8083,0.04793,-0.13409,-39.49615,0.04793,-0.13409,0.04573,-0.13501,0.61228,0.75900,0.56655,0.89401,0.56655,0.89401,0.00000,0.00000,0,0.00024,-0.79596,-0.80034,0.00561,3.46094,3.67630,8,0x00000000,1,-0.69702,-0.69189,-0.00376,2.27736,2.29883,8,0x00000000,1,-0.70464,-0.71193,-0.00427,1.54686,1.57325,8,0x00000000,1,-0.71593,-0.71748,0.00293,-0.89638,-0.82943,8,0x00000000,1,-0.69963,-0.70032,0.00410,-0.07218,-0.08189,8,0x00000000,1,-0.81882,-0.81804,0.00598,6.77139,6.60625,8,0x00000000,1
12.9093,0.04843,-0.13332,-39.50026,0.04843,-0.13332,0.04735,-0.13367,0.61094,0.76282,0.56359,0.89649,0.56359,0.89649,0.00000,0.00000,0,0.00027,-0.79600,-0.80031,-0.00094,3.40861,3.46249,8,0x00000000,1,-0.69717,-0.69225,-0.00496,2.32645,2.17876,8,0x00000000,1,-0.70477,-0.71192,-0.00641,1.47338,1.47085,8,0x00000000,1,-0.71577,-0.71747,-0.00013,-0.92420,-0.92891,8,0x00000000,1,-0.69946,-0.70031,-0.00597,-0.11785,-0.07929,8,0x00000000,1,-0.81884,-0.81808,-0.00425,6.75564,6.61218,8,0x00000000,1
13.0107,0.05353,-0.13514,-39.49709,0.05353,-0.13514,0.05063,-0.13414,0.60954,0.76663,0.55892,0.90076,0.55892,0.90076,0.00000,0.00000,0,0.00038,-0.79609,-0.80029,0.00244,3.35066,3.31423,8,0x00000000,1,-0.69740,-0.69255,-0.00222,2.39325,2.35984,8,0x00000000,1,-0.70497,-0.71189,0.00315,1.41751,1.36555,8,0x00000000,1,-0.71550,-0.71743,-0.00723,-0.96468,-1.13990,8,0x00000000,1,-0.69918,-0.70025,-0.00088,-0.12946,-0.23908,8,0x00000000,1,-0.81888,-0.81805,0.01053,6.82808,6.65443,8,0x00000000,1
13.1166,0.05534,-0.13584,-39.49703,0.05534,-0.13584,0.05459,-0.13565,0.60804,0.77047,0.55346,0.90612,0.55346,0.90612,0.00000,0.00000,0,0.00050,-0.79620,-0.80027,0.01204,3.34632,3.42012,8,0x00000000,1,-0.69767,-0.69287,-0.00359,2.41120,2.44030,8,0x00000000,1,-0.70520,-0.71186,0.00175,1.33000,1.49182,8,0x00000000,1,-0.71517,-0.71733,-0.00030,-0.99992,-1.01198,8,0x00000000,1,-0.69883,-0.70006,-0.00723,-0.17479,-0.16638,8,0x00000000,1,-0.81894,-0.81811,-0.00223,6.76946,6.66840,8,0x00000000,1
13.2188,0.05530,-0.13350,-39.50345,0.05530,-0.13350,0.05386,-0.13414,0.60649,0.77432,0.55263,0.90846,0.55263,0.90846,0.00000,0.00000,0,0.00110,-0.79628,-0.80025,0.01052,3.30895,3.04238,8,0x00000000,1,-0.69772,-0.69317,-0.00414,2.47925,2.44007,8,0x00000000,1,-0.70523,-0.71183,-0.00094,1.24985,1.32795,8,0x00000000,1,-0.71505,-0.71723,0.00347,-0.99302,-0.97740,8,0x00000000,1,-0.69872,-0.69999,0.00859,-0.19858,-0.26112,8,0x00000000,1,-0.81900,-0.81809,0.01413,6.84606,6.74290,8,0x00000000,1
13.3195,0.05561,-0.13488,-39.49928,0.05561,-0.13488,0.05562,-0.13464,0.60493,0.77815,0.54931,0.91280,0.54931,0.91280,0.00000,0.00000,0,0.00027,-0.79640,-0.80024,0.01139,3.27977,3.15416,8,0x00000000,1,-0.69788,-0.69344,-0.00025,2.52764,2.57679,8,0x00000000,1,-0.70537,-0.71180,0.00179,1.17834,1.27108,8,0x00000000,1,-0.71481,-0.71711,-0.00020,-1.07240,-1.03581,8,0x00000000,1,-0.69847,-0.69996,0.01200,-0.17623,-0.25078,8,0x00000000,1,-0.81908,-0.81814,-0.00393,6.81079,6.86354,8,0x00000000,1
13.4192,0.05466,-0.13793,-39.50531,0.05466,-0.13793,0.05456,-0.13638,0.60336,0.78201,0.54880,0.91838,0.54880,0.91838,0.00000,0.00000,0,0.00042,-0.79662,-0.80023,0.00495,3.20284,3.10367,8,0x00000000,1,-0.69793,-0.69369,-0.00383,2.54869,2.46525,8,0x00000000,1,-0.70537,-0.71178,-0.00143,1.11013,1.22204,8,0x00000000,1,-0.71457,-0.71698,-0.00201,-1.10675,-1.24129,8,0x00000000,1,-0.69824,-0.69987,0.00055,-0.24926,-0.17639,8,0x00000000,1,-0.81928,-0.81815,-0.00277,6.83091,6.94163,8,0x00000000,1
13.5213,0.05735,-0.14006,-39.50723,0.05735,-0.14006,0.05576,-0.13883,0.60179,0.78593,0.54602,0.92476,0.54602,0.92476,0.00000,0.00000,0,0.00127,-0.79683,-0.80026,-0.01200,3.20345,3.29029,8,0x00000000,1,-0.69808,-0.69393,-0.01023,2.57755,2.73314,8,0x00000000,1,-0.70548,-0.71175,-0.00051,1.05362,1.01333,8,0x00000000,1,-0.71425,-0.71687,-0.00174,-1.16067,-1.16042,8,0x00000000,1,-0.69792,-0.69980,0.00292,-0.24820,-0.22019,8,0x00000000,1,-0.81945,-0.81817,0.00449,6.87112,6.97623,8,0x00000000,1
13.6221,0.05062,-0.14093,-39.49837,0.05062,-0.14093,0.05288,-0.14019,0.60023,0.78991,0.54735,0.93010,0.54735,0.93010,0.00000,0.00000,0,0.00027,-0.79708,-0.80024,-0.00109,3.15661,3.12113,8,0x00000000,1,-0.69804,-0.69416,-0.00424,2.60995,2.48345,8,0x00000000,1,-0.70540,-0.71169,0.00524,0.95588,0.95104,8,0x00000000,1,-0.71405,-0.71668,0.00854,-1.16060,-1.28431,8,0x00000000,1,-0.69776,-0.69967,0.00034,-0.30475,-0.20157,8,0x00000000,1,-0.81968,-0.81819,0.00112,6.88032,6.88159,8,0x00000000,1
13.7221,0.05355,-0.14326,-39.50536,0.05355,-0.14326,0.05281,-0.14186,0.59874,0.79393,0.54593,0.93579,0.54593,0.93579,0.00000,0.00000,0,0.00037,-0.79729,-0.80023,-0.00805,3.11968,3.01633,8,0x00000000,1,-0.69812,-0.69430,-0.00028,2.68355,2.70377,8,0x00000000,1,-0.70544,-0.71165,0.00112,0.89794,0.97341,8,0x00000000,1,-0.71379,-0.71658,0.00374,-1.22677,-1.14955,8,0x00000000,1,-0.69750,-0.69951,0.00236,-0.31385,-0.28617,8,0x00000000,1,-0.81986,-0.81822,-0.01191,6.91621,6.81166,8,0x00000000,1
13.8241,0.05064,-0.14226,-39.50218,0.05064,-0.14226,0.05197,-0.14276,0.59723,0.79799,0.54526,0.94075,0.54526,0.94075,0.00000,0.00000,0,0.00040,-0.79749,-0.80024,-0.00488,3.10479,3.11274,8,0x00000000,1,-0.69817,-0.69449,-0.00147,2.71041,2.90072,8,0x00000000,1,-0.70546,-0.71162,0.00010,0.83868,0.81537,8,0x00000000,1,-0.71357,-0.71639,-0.00430,-1.25470,-1.14503,8,0x00000000,1,-0.69729,-0.69939,0.00656,-0.33541,-0.34967,8,0x00000000,1,-0.82003,-0.81827,-0.00980,6.92611,6.85988,8,0x00000000,1
13.9283,0.05295,-0.14161,-39.50145,0.05295,-0.14161,0.05086,-0.14082,0.59579,0.80203,0.54492,0.94285,0.54492,0.94285,0.00000,0.00000,0,0.00035,-0.79757,-0.80020,0.00385,3.12239,3.16464,8,0x00000000,1,-0.69820,-0.69463,0.00026,2.77028,2.70866,8,0x00000000,1,-0.70547,-0.71158,-0.00711,0.72501,0.93490,8,0x00000000,1,-0.71347,-0.71621,0.00062,-1.29404,-1.33521,8,0x00000000,1,-0.69721,-0.69934,0.01359,-0.40742,-0.45934,8,0x00000000,1,-0.82010,-0.81825,0.00821,6.99062,7.03768,8,0x00000000,1
14.0293,0.05066,-0.14371,-39.50607,0.05066,-0.14371,0.05128,-0.14297,0.59432,0.80608,0.54304,0.94905,0.54304,0.94905,0.00000,0.00000,0,0.00026,-0.79779,-0.80019,0.00371,3.07768,3.17084,8,0x00000000,1,-0.69831,-0.69482,0.00428,2.82348,2.92107,8,0x00000000,1,-0.70553,-0.71152,-0.00163,0.67488,0.76418,8,0x00000000,1,-0.71318,-0.71605,-0.00327,-1.33568,-1.17340,8,0x00000000,1,-0.69692,-0.69920,0.01069,-0.41555,-0.37730,8,0x00000000,1,-0.82029,-0.81832,-0.00093,6.98968,6.99898,8,0x00000000,1
14.1338,0.05085,-0.14382,-39.50649,0.05085,-0.14382,0.05084,-0.14308,0.59286,0.81015,0.54202,0.95322,0.54202,0.95322,0.00000,0.00000,0,0.00102,-0.79794,-0.80017,0.01024,3.09375,3.12275,8,0x00000000,1,-0.69837,-0.69497,0.00787,2.85401,2.86373,8,0x00000000,1,-0.70557,-0.71150,-0.00226,0.61491,0.65971,8,0x00000000,1,-0.71299,-0.71585,0.00068,-1.34440,-1.23160,8,0x00000000,1,-0.69673,-0.69910,-0.00502,-0.47108,-0.38298,8,0x00000000,1,-0.82042,-0.81835,0.00590,7.05550,6.77629,8,0x00000000,1
14.2339,0.05225,-0.14156,-39.50621,0.05225,-0.14156,0.05169,-0.14228,0.59140,0.81421,0.53971,0.95650,0.53971,0.95650,0.00000,0.00000,0,0.00052,-0.79803,-0.80018,0.00367,3.07722,2.99403,8,0x00000000,1,-0.69849,-0.69516,-0.00361,2.85342,2.85974,8,0x00000000,1,-0.70566,-0.71146,-0.00700,0.53207,0.53354,8,0x00000000,1,-0.71280,-0.71568,-0.00717,-1.38268,-1.36791,8,0x00000000,1,-0.69655,-0.69894,0.00558,-0.44978,-0.46662,8,0x00000000,1,-0.82048,-0.81844,-0.00828,7.05250,7.08049,8,0x00000000,1
14.3349,0.05666,-0.13675,-39.51186,0.05666,-0.13675,0.05363,-0.13919,0.58990,0.81823,0.53628,0.95743,0.53628,0.95743,0.00000,0.00000,0,0.00043,-0.79800,-0.80019,-0.01014,2.99634,2.98850,8,0x00000000,1,-0.69865,-0.69530,-0.00058,2.90617,2.81019,8,0x00000000,1,-0.70581,-0.71141,-0.00793,0.50049,0.53778,8,0x00000000,1,-0.71270,-0.71553,-0.01170,-1.44287,-1.32783,8,0x00000000,1,-0.69642,-0.69874,0.00713,-0.49265,-0.43412,8,0x00000000,1,-0.82043,-0.81848,0.00043,7.07051,6.99284,8,0x00000000,1
14.4398,0.05547,-0.13637,-39.50236,0.05547,-0.13637,0.05592,-0.13702,0.58834,0.82216,0.53242,0.95918,0.53242,0.95918,0.00000,0.00000,0,0.00034,-0.79800,-0.80020,-0.01434,2.98352,3.06506,8,0x00000000,1,-0.69883,-0.69545,-0.01067,2.96057,2.87282,8,0x00000000,1,-0.70598,-0.71134,0.00218,0.44511,0.45187,8,0x00000000,1,-0.71255,-0.71535,0.00377,-1.46332,-1.40271,8,0x00000000,1,-0.69626,-0.69856,0.01450,-0.50352,-0.50491,8,0x00000000,1,-0.82039,-0.81854,0.00166,7.09613,6.98406,8,0x00000000,1
14.5399,0.05648,-0.13313,-39.50447,0.05648,-0.13313,0.05565,-0.13451,0.58675,0.82602,0.53110,0.96053,0.53110,0.96053,0.00000,0.00000,0,0.00029,-0.79803,-0.80016,-0.00421,2.94663,2.87326,8,0x00000000,1,-0.69890,-0.69554,0.00108,3.01840,2.96331,8,0x00000000,1,-0.70604,-0.71128,0.00279,0.38689,0.32121,8,0x00000000,1,-0.71247,-0.71523,-0.00468,-1.52099,-1.44769,8,0x00000000,1,-0.69617,-0.69839,0.00658,-0.55136,-0.49256,8,0x00000000,1,-0.82041,-0.81862,0.00153,7.10583,7.02210,8,0x00000000,1
14.6415,0.06212,-0.13287,-39.50137,0.06212,-0.13287,0.06016,-0.13344,0.58511,0.82984,0.52495,0.96328,0.52495,0.96328,0.00000,0.00000,0,0.00033,-0.79802,-0.80016,-0.00511,2.92350,2.80427,8,0x00000000,1,-0.69919,-0.69570,0.00574,3.06810,2.98737,8,0x00000000,1,-0.70631,-0.71128,-0.00474,0.32706,0.47768,8,0x00000000,1,-0.71223,-0.71511,0.00286,-1.53808,-1.57581,8,0x00000000,1,-0.69590,-0.69823,0.00798,-0.59530,-0.73330,8,0x00000000,1,-0.82035,-0.81868,0.00212,7.11938,7.11411,8,0x00000000,1
14.7437,0.06466,-0.12705,-39.50036,0.06466,-0.12705,0.06273,-0.12961,0.58336,0.83360,0.52063,0.96321,0.52063,0.96321,0.00000,0.00000,0,0.00038,-0.79793,-0.80016,-0.01438,2.82929,3.00789,8,0x00000000,1,-0.69939,-0.69587,0.00063,3.10031,3.00080,8,0x00000000,1,-0.70651,-0.71122,-0.00127,0.29090,0.13436,8,0x00000000,1,-0.71215,-0.71491,-0.00044,-1.57589,-1.57877,8,0x00000000,1,-0.69579,-0.69809,0.00712,-0.61115,-0.57013,8,0x00000000,1,-0.82023,-0.81871,0.01349,7.14283,7.13261,8,0x00000000,1
14.8450,0.06479,-0.12633,-39.49712,0.06479,-0.12633,0.06378,-0.12896,0.58155,0.83728,0.51777,0.96625,0.51777,0.96625,0.00000,0.00000,0,0.00037,-0.79800,-0.80009,0.00783,2.91592,2.80295,8,0x00000000,1,-0.69954,-0.69603,-0.00674,3.13308,3.26163,8,0x00000000,1,-0.70663,-0.71119,-0.00993,0.23111,0.33711,8,0x00000000,1,-0.71197,-0.71473,0.00911,-1.58090,-1.51276,8,0x00000000,1,-0.69560,-0.69791,-0.00574,-0.68260,-0.48404,8,0x00000000,1,-0.82027,-0.81877,0.00203,7.13161,7.10722,8,0x00000000,1
14.9461,0.06904,-0.12197,-39.49275,0.06904,-0.12197,0.06669,-0.12429,0.57970,0.84089,0.51302,0.96518,0.51302,0.96518,0.00000,0.00000,0,0.00026,-0.79786,-0.80005,0.01898,2.83751,2.80005,8,0x00000000,1,-0.69975,-0.69618,0.00298,3.19027,3.23515,8,0x00000000,1,-0.70685,-0.71112,0.00545,0.21220,0.22422,8,0x00000000,1,-0.71192,-0.71457,0.01598,-1.59037,-1.60275,8,0x00000000,1,-0.69552,-0.69761,-0.00281,-0.65709,-0.68929,8,0x00000000,1,-0.82011,-0.81881,0.00556,7.15192,7.37328,8,0x00000000,1
15.0493,0.07377,-0.11875,-39.48801,0.07377,-0.11875,0.07106,-0.12121,0.57774,0.84439,0.50668,0.96560,0.50668,0.96560,0.00000,0.00000,0,0.00035,-0.79775,-0.80011,-0.00739,2.81693,2.80454,8,0x00000000,1,-0.70005,-0.69635,-0.00367,3.23181,3.44271,8,0x00000000,1,-0.70714,-0.71109,-0.00194,0.17641,0.21232,8,0x00000000,1,-0.71178,-0.71450,-0.01638,-1.69330,-1.49887,8,0x00000000,1,-0.69534,-0.69742,0.00316,-0.69600,-0.75192,8,0x00000000,1,-0.81996,-0.81887,-0.00536,7.12661,7.14341,8,0x00000000,1
15.1545,0.07607,-0.11739,-39.48722,0.07607,-0.11739,0.07469,-0.11878,0.57565,0.84781,0.50096,0.96658,0.50096,0.96658,0.00000,0.00000,0,0.00026,-0.79768,-0.80005,0.01333,2.75133,2.99374,8,0x00000000,1,-0.70032,-0.69658,-0.00070,3.29799,3.23463,8,0x00000000,1,-0.70740,-0.71106,-0.00003,0.14136,0.21844,8,0x00000000,1,-0.71163,-0.71429,0.01495,-1.67909,-1.73228,8,0x00000000,1,-0.69515,-0.69730,-0.00116,-0.74389,-0.70337,8,0x00000000,1,-0.81984,-0.81889,0.00192,7.13861,7.12234,8,0x00000000,1
15.2549,0.07814,-0.11663,-39.48610,0.07814,-0.11663,0.07694,-0.11768,0.57350,0.85117,0.49656,0.96885,0.49656,0.96885,0.00000,0.00000,0,0.00089,-0.79768,-0.80007,-0.00082,2.76788,2.87158,8,0x00000000,1,-0.70053,-0.69679,0.00042,3.32907,3.53602,8,0x00000000,1,-0.70759,-0.71103,0.00327,0.13768,0.34388,8,0x00000000,1,-0.71145,-0.71414,0.00520,-1.73066,-1.73210,8,0x00000000,1,-0.69495,-0.69712,0.00487,-0.71280,-0.79795,8,0x00000000,1,-0.81981,-0.81892,0.00948,7.19044,7.30608,8,0x00000000,1
15.3567,0.07800,-0.11408,-39.48840,0.07800,-0.11408,0.07728,-0.11624,0.57130,0.85451,0.49402,0.97075,0.49402,0.97075,0.00000,0.00000,0,0.00043,-0.79771,-0.80004,0.00668,2.75427,2.81631,8,0x00000000,1,-0.70065,-0.69700,-0.00162,3.34816,3.37783,8,0x00000000,1,-0.70770,-0.71102,-0.00611,0.07879,0.17344,8,0x00000000,1,-0.71132,-0.71399,-0.00923,-1.79136,-1.78590,8,0x00000000,1,-0.69481,-0.69689,0.00042,-0.76099,-0.64885,8,0x00000000,1,-0.81982,-0.81894,0.01334,7.19426,7.24777,8,0x00000000,1
15.4580,0.08068,-0.10997,-39.48703,0.08068,-0.10997,0.07884,-0.11232,0.56908,0.85777,0.49024,0.97009,0.49024,0.97009,0.00000,0.00000,0,0.00039,-0.79761,-0.80004,0.00737,2.68084,2.46582,8,0x00000000,1,-0.70082,-0.69717,0.00497,3.41909,3.34600,8,0x00000000,1,-0.70787,-0.71097,-0.00322,0.05224,0.02728,8,0x00000000,1,-0.71127,-0.71385,-0.00200,-1.77539,-1.65644,8,0x00000000,1,-0.69474,-0.69665,-0.00063,-0.77504,-0.81432,8,0x00000000,1,-0.81969,-0.81901,-0.00017,7.15194,7.27233,8,0x00000000,1
15.5596,0.08215,-0.10586,-39.48175,0.08215,-0.10586,0.08206,-0.10856,0.56678,0.86090,0.48471,0.96947,0.48471,0.96947,0.00000,0.00000,0,0.00028,-0.79747,-0.80002,0.00037,2.63069,2.71842,8,0x00000000,1,-0.70108,-0.69739,0.00149,3.44289,3.33086,8,0x00000000,1,-0.70813,-0.71094,0.00156,0.03884,0.14773,8,0x00000000,1,-0.71119,-0.71372,0.00174,-1.82443,-1.78044,8,0x00000000,1,-0.69462,-0.69652,-0.01174,-0.82372,-0.85946,8,0x00000000,1,-0.81952,-0.81904,0.00043,7.15793,7.29477,8,0x00000000,1
15.6615,0.08199,-0.10290,-39.48676,0.08199,-0.10290,0.08215,-0.10436,0.56443,0.86392,0.48228,0.96828,0.48228,0.96828,0.00000,0.00000,0,0.00229,-0.79737,-0.80003,-0.01023,2.55518,2.61841,8,0x00000000,1,-0.70118,-0.69762,-0.00748,3.48588,3.54265,8,0x00000000,1,-0.70824,-0.71091,0.00245,0.03211,-0.11000,8,0x00000000,1,-0.71119,-0.71359,0.00307,-1.83684,-1.74421,8,0x00000000,1,-0.69460,-0.69637,-0.00074,-0.81976,-0.81943,8,0x00000000,1,-0.81942,-0.81908,-0.00151,7.16016,7.04338,8,0x00000000,1
15.7609,0.08248,-0.10420,-39.48231,0.08248,-0.10420,0.08267,-0.10432,0.56208,0.86689,0.47942,0.97121,0.47942,0.97121,0.00000,0.00000,0,0.00058,-0.79744,-0.79997,0.00737,2.55344,2.66118,8,0x00000000,1,-0.70133,-0.69788,0.00036,3.53566,3.65508,8,0x00000000,1,-0.70836,-0.71088,0.00261,-0.00341,-0.06299,8,0x00000000,1,-0.71101,-0.71346,-0.00200,-1.85307,-1.90597,8,0x00000000,1,-0.69441,-0.69613,0.00725,-0.82222,-0.70741,8,0x00000000,1,-0.81945,-0.81912,-0.00706,7.15931,7.08639,8,0x00000000,1
15.8618,0.08208,-0.10422,-39.47981,0.08208,-0.10422,0.08284,-0.10432,0.55973,0.86986,0.47688,0.97418,0.47688,0.97418,0.00000,0.00000,0,0.00042,-0.79751,-0.79998,0.00449,2.54356,2.45985,8,0x00000000,1,-0.70146,-0.69816,-0.00130,3.57807,3.59277,8,0x00000000,1,-0.70847,-0.71086,0.00433,-0.01152,-0.05860,8,0x00000000,1,-0.71084,-0.71329,0.00171,-1.90955,-1.96675,8,0x00000000,1,-0.69423,-0.69583,0.00927,-0.82720,-0.80873,8,0x00000000,1,-0.81950,-0.81915,-0.00724,7.18021,7.34809,8,0x00000000,1
15.9619,0.08303,-0.10432,-39.47852,0.08303,-0.10432,0.08278,-0.10386,0.55737,0.87283,0.47459,0.97670,0.47459,0.97670,0.00000,0.00000,0,0.00040,-0.79757,-0.79997,-0.00044,2.54138,2.55021,8,0x00000000,1,-0.70157,-0.69842,-0.00122,3.59838,3.62719,8,0x00000000,1,-0.70857,-0.71084,-0.00329,-0.04949,0.12950,8,0x00000000,1,-0.71069,-0.71311,-0.00322,-1.91921,-1.90341,8,0x00000000,1,-0.69408,-0.69566,-0.00272,-0.85524,-0.89076,8,0x00000000,1,-0.81953,-0.81919,-0.00881,7.15893,7.20411,8,0x00000000,1
16.0658,0.08251,-0.10084,-39.47018,0.08251,-0.10084,0.08283,-0.10216,0.55501,0.87577,0.47217,0.97793,0.47217,0.97793,0.00000,0.00000,0,0.00095,-0.79758,-0.79997,0.00078,2.51965,2.47579,8,0x00000000,1,-0.70169,-0.69876,-0.01157,3.56931,3.60015,8,0x00000000,1,-0.70867,-0.71080,0.00174,-0.05832,-0.09318,8,0x00000000,1,-0.71059,-0.71298,0.00314,-1.95574,-1.96734,8,0x00000000,1,-0.69397,-0.69544,-0.01215,-0.90991,-0.75899,8,0x00000000,1,-0.81952,-0.81920,-0.00841,7.15784,7.09203,8,0x00000000,1
16.1649,0.08546,-0.09938,-39.46194,0.08546,-0.09938,0.08480,-0.10040,0.55262,0.87866,0.46782,0.97906,0.46782,0.97906,0.00000,0.00000,0,0.00036,-0.79754,-0.79994,0.00095,2.47012,2.53311,8,0x00000000,1,-0.70189,-0.69909,-0.00695,3.63056,3.65182,8,0x00000000,1,-0.70887,-0.71078,0.00023,-0.06616,-0.15294,8,0x00000000,1,-0.71046,-0.71283,0.00113,-1.97597,-2.07129,8,0x00000000,1,-0.69381,-0.69523,0.00546,-0.89260,-0.85075,8,0x00000000,1,-0.81944,-0.81922,-0.00486,7.15520,7.19008,8,0x00000000,1
16.2661,0.08800,-0.09599,-39.47226,0.08800,-0.09599,0.08671,-0.09805,0.55017,0.88149,0.46346,0.97953,0.46346,0.97953,0.00000,0.00000,0,0.00031,-0.79747,-0.79995,-0.01216,2.45061,2.54161,8,0x00000000,1,-0.70210,-0.69942,0.00579,3.67676,3.59006,8,0x00000000,1,-0.70907,-0.71079,-0.00332,-0.08908,-0.03434,8,0x00000000,1,-0.71035,-0.71266,0.00161,-2.00270,-2.06529,8,0x00000000,1,-0.69368,-0.69496,-0.00750,-0.88904,-0.78757,8,0x00000000,1,-0.81935,-0.81921,0.00480,7.17103,7.35066,8,0x00000000,1
16.3689,0.08735,-0.09792,-39.46165,0.08735,-0.09792,0.08759,-0.09634,0.54769,0.88424,0.46010,0.98058,0.46010,0.98058,0.00000,0.00000,0,0.00245,-0.79744,-0.79993,-0.00593,2.42081,2.34506,8,0x00000000,1,-0.70226,-0.69980,-0.00289,3.69357,3.64894,8,0x00000000,1,-0.70922,-0.71079,-0.00821,-0.11153,-0.08019,8,0x00000000,1,-0.71024,-0.71250,0.00464,-2.02843,-2.10824,8,0x00000000,1,-0.69355,-0.69475,-0.00239,-0.90132,-0.95045,8,0x00000000,1,-0.81930,-0.81922,0.01281,7.19870,7.11162,8,0x00000000,1
16.4723,0.08545,-0.09960,-39.46367,0.08545,-0.09960,0.08625,-0.09854,0.54521,0.88702,0.45896,0.98556,0.45896,0.98556,0.00000,0.00000,0,0.00186,-0.79763,-0.79989,0.00753,2.37531,2.44223,8,0x00000000,1,-0.70233,-0.70022,0.00085,3.67442,3.66822,8,0x00000000,1,-0.70925,-0.71076,0.00528,-0.10811,-0.14251,8,0x00000000,1,-0.71001,-0.71235,0.00107,-2.05746,-2.05250,8,0x00000000,1,-0.69333,-0.69453,0.01487,-0.90616,-0.97014,8,0x00000000,1,-0.81946,-0.81926,0.00437,7.19737,7.16821,8,0x00000000,1
16.5720,0.08861,-0.09454,-39.46230,0.08861,-0.09454,0.08742,-0.09734,0.54273,0.88982,0.45531,0.98716,0.45531,0.98716,0.00000,0.00000,0,0.00026,-0.79762,-0.79990,-0.01023,2.31779,2.44255,8,0x00000000,1,-0.70250,-0.70073,-0.00719,3.68189,3.60921,8,0x00000000,1,-0.70941,-0.71076,-0.00050,-0.12795,-0.11988,8,0x00000000,1,-0.70988,-0.71214,0.00186,-2.09986,-2.21024,8,0x00000000,1,-0.69318,-0.69432,0.00802,-0.92920,-0.96948,8,0x00000000,1,-0.81942,-0.81930,-0.00591,7.17417,7.26771,8,0x00000000,1
16.6765,0.02305,-0.13944,-39.47258,0.02305,-0.13944,0.04792,-0.12369,0.54064,0.89285,0.49272,1.01654,0.49272,1.01654,0.00000,0.00000,0,0.00029,-0.79960,-0.79992,-0.00567,2.51274,2.47346,8,0x00000000,1,-0.70088,-0.70115,-0.00170,3.57209,3.65727,8,0x00000000,1,-0.70761,-0.71067,0.00070,-0.30351,-0.26623,8,0x00000000,1,-0.70939,-0.71193,0.00448,-2.12061,-1.97696,8,0x00000000,1,-0.69303,-0.69411,0.00648,-0.92968,-0.97647,8,0x00000000,1,-0.82152,-0.81932,0.00025,7.38547,7.56038,8,0x00000000,1
16.7881,0.02853,-0.13542,-39.47684,0.02853,-0.13542,0.03055,-0.13419,0.53962,0.89658,0.50907,1.03077,0.50907,1.03077,0.00000,0.00000,0,0.00560,-0.80052,-0.79991,0.00408,2.54362,2.46884,8,0x00000000,1,-0.70018,-0.70121,-0.00079,3.47041,3.55958,8,0x00000000,1,-0.70682,-0.71053,-0.00344,-0.35784,-0.33961,8,0x00000000,1,-0.70912,-0.71170,-0.00092,-2.19098,-2.22028,8,0x00000000,1,-0.69292,-0.69387,0.00224,-0.94400,-0.77560,8,0x00000000,1,-0.82249,-0.81942,-0.01720,7.39177,7.28760,8,0x00000000,1
16.8865,0.02923,-0.13251,-39.46994,0.02923,-0.13251,0.02904,-0.13345,0.53879,0.90040,0.50975,1.03385,0.50975,1.03385,0.00000,0.00000,0,0.00043,-0.80067,-0.79992,-0.00697,2.53511,2.63514,8,0x00000000,1,-0.70016,-0.70129,0.00018,3.49449,3.45436,8,0x00000000,1,-0.70677,-0.71044,0.00226,-0.38662,-0.33029,8,0x00000000,1,-0.70900,-0.71149,-0.00431,-2.20667,-2.28542,8,0x00000000,1,-0.69282,-0.69353,0.00216,-0.92278,-0.97954,8,0x00000000,1,-0.82262,-0.81947,-0.00031,7.47757,7.68676,8,0x00000000,1
16.9859,0.03224,-0.13184,-39.47570,0.03224,-0.13184,0.02989,-0.13257,0.53795,0.90419,0.50805,1.03676,0.50805,1.03676,0.00000,0.00000,0,0.00045,-0.80075,-0.79993,-0.00508,2.55484,2.58671,8,0x00000000,1,-0.70024,-0.70137,-0.00567,3.45645,3.53713,8,0x00000000,1,-0.70684,-0.71042,-0.00260,-0.42183,-0.43492,8,0x00000000,1,-0.70885,-0.71125,0.00645,-2.19786,-2.30595,8,0x00000000,1,-0.69266,-0.69309,0.01028,-0.90779,-0.93295,8,0x00000000,1,-0.82269,-0.81959,-0.00227,7.50994,7.33685,8,0x00000000,1
17.0888,0.03451,-0.12738,-39.46659,0.03451,-0.12738,0.03229,-0.13024,0.53706,0.90794,0.50478,1.03818,0.50478,1.03818,0.00000,0.00000,0,0.00075,-0.80075,-0.79993,-0.00520,2.59012,2.35148,8,0x00000000,1,-0.70040,-0.70146,-0.00767,3.45595,3.34008,8,0x00000000,1,-0.70699,-0.71033,0.00717,-0.44579,-0.50140,8,0x00000000,1,-0.70873,-0.71095,0.00362,-2.22438,-2.29229,8,0x00000000,1,-0.69252,-0.69271,-0.00021,-0.88939,-0.94266,8,0x00000000,1,-0.82265,-0.81969,-0.01439,7.54924,7.56742,8,0x00000000,1
17.1887,0.03636,-0.12837,-39.46521,0.03636,-0.12837,0.03586,-0.12846,0.53608,0.91162,0.50022,1.04008,0.50022,1.04008,0.00000,0.00000,0,0.00032,-0.80073,-0.79990,0.00893,2.62519,2.55013,8,0x00000000,1,-0.70062,-0.70150,0.00674,3.45511,3.51092,8,0x00000000,1,-0.70719,-0.71027,0.00400,-0.46415,-0.42330,8,0x00000000,1,-0.70856,-0.71071,0.00620,-2.24989,-2.20889,8,0x00000000,1,-0.69233,-0.69208,0.00664,-0.84317,-0.84895,8,0x00000000,1,-0.82261,-0.81975,0.00638,7.54735,7.59314,8,0x00000000,1
17.2916,0.04247,-0.12751,-39.46711,0.04247,-0.12751,0.03975,-0.12750,0.53500,0.91527,0.49525,1.04277,0.49525,1.04277,0.00000,0.00000,0,0.00043,-0.80075,-0.79993,0.00252,2.56102,2.49011,8,0x00000000,1,-0.70086,-0.70167,0.00213,3.47260,3.49377,8,0x00000000,1,-0.70741,-0.71023,-0.00079,-0.48196,-0.52170,8,0x00000000,1,-0.70835,-0.71043,0.00271,-2.26207,-2.14311,8,0x00000000,1,-0.69210,-0.69162,0.00449,-0.87119,-0.97654,8,0x00000000,1,-0.82258,-0.81986,-0.00452,7.56739,7.51183,8,0x00000000,1
17.3931,0.04387,-0.12466,-39.45827,0.04387,-0.12466,0.04250,-0.12601,0.53384,0.91888,0.49134,1.04489,0.49134,1.04489,0.00000,0.00000,0,0.00040,-0.80076,-0.79993,-0.00044,2.61023,2.80876,8,0x00000000,1,-0.70105,-0.70182,-0.00695,3.44814,3.49482,8,0x00000000,1,-0.70758,-0.71019,0.00945,-0.48455,-0.34013,8,0x00000000,1,-0.70818,-0.71018,-0.00716,-2.29742,-2.34032,8,0x00000000,1,-0.69192,-0.69123,0.00353,-0.86269,-0.82504,8,0x00000000,1,-0.82255,-0.81997,-0.01436,7.53501,7.51935,8,0x00000000,1
17.4963,0.05248,-0.12453,-39.45975,0.05248,-0.12453,0.04766,-0.12405,0.53256,0.92244,0.48490,1.04649,0.48490,1.04649,0.00000,0.00000,0,0.00111,-0.80070,-0.79993,-0.00062,2.60626,2.67059,8,0x00000000,1,-0.70135,-0.70200,-0.00183,3.46313,3.30745,8,0x00000000,1,-0.70787,-0.71018,-0.00009,-0.51497,-0.54608,8,0x00000000,1,-0.70799,-0.70966,0.00545,-2.28083,-2.38756,8,0x00000000,1,-0.69169,-0.69070,0.01385,-0.78167,-0.86775,8,0x00000000,1,-0.82244,-0.82004,-0.00627,7.60232,7.51161,8,0x00000000,1
17.5960,0.05220,-0.12593,-39.46093,0.05220,-0.12593,0.05084,-0.12539,0.53114,0.92599,0.48030,1.05139,0.48030,1.05139,0.00000,0.00000,0,0.00041,-0.80081,-0.79995,-0.00606,2.60248,2.72044,8,0x00000000,1,-0.70158,-0.70223,-0.00055,3.43286,3.47748,8,0x00000000,1,-0.70806,-0.71016,-0.00471,-0.53078,-0.50815,8,0x00000000,1,-0.70770,-0.70931,0.01252,-2.28489,-2.44449,8,0x00000000,1,-0.69138,-0.69041,0.00174,-0.78390,-0.77119,8,0x00000000,1,-0.82251,-0.82010,0.01328,7.66422,7.67958,8,0x00000000,1
17.6965,0.05413,-0.12184,-39.44641,0.05413,-0.12184,0.05315,-0.12395,0.52966,0.92955,0.47650,1.05350,0.47650,1.05350,0.00000,0.00000,0,0.00053,-0.80082,-0.79993,0.00760,2.66465,2.55393,8,0x00000000,1,-0.70176,-0.70250,-0.00154,3.40453,3.52648,8,0x00000000,1,-0.70823,-0.71012,0.00327,-0.52952,-0.47943,8,0x00000000,1,-0.70754,-0.70875,-0.00114,-2.28008,-2.23154,8,0x00000000,1,-0.69120,-0.69008,0.01356,-0.77395,-0.68116,8,0x00000000,1,-0.82249,-0.82020,-0.00094,7.65656,7.74465,8,0x00000000,1
17.8015,0.06311,-0.11799,-39.45366,0.06311,-0.11799,0.05827,-0.12068,0.52807,0.93304,0.46980,1.05372,0.46980,1.05372,0.00000,0.00000,0,0.00034,-0.80069,-0.79996,-0.01556,2.61113,2.64274,8,0x00000000,1,-0.70208,-0.70317,-0.00901,3.35224,3.32646,8,0x00000000,1,-0.70853,-0.71011,-0.00157,-0.54544,-0.56836,8,0x00000000,1,-0.70740,-0.70820,0.01184,-2.25189,-2.29589,8,0x00000000,1,-0.69102,-0.68985,0.00305,-0.76320,-0.72169,8,0x00000000,1,-0.82232,-0.82027,0.00869,7.68936,7.65360,8,0x00000000,1
17.9028,0.06697,-0.10956,-39.44282,0.06697,-0.10956,0.06412,-0.11479,0.52632,0.93640,0.46221,1.05119,0.46221,1.05119,0.00000,0.00000,0,0.00029,-0.80044,-0.79993,0.00210,2.60747,2.71297,8,0x00000000,1,-0.70242,-0.70552,-0.04968,3.08052,3.15127,8,0x00000000,1,-0.70889,-0.71008,0.00324,-0.54053,-0.51004,8,0x00000000,1,-0.70735,-0.70734,0.00960,-2.20941,-2.18260,8,0x00000000,1,-0.69091,-0.68964,0.01131,-0.70069,-0.72889,8,0x00000000,1,-0.82203,-0.82035,-0.00054,7.67760,7.73524,8,0x00000000,1
18.0078,0.07395,-0.08268,-39.43087,0.07395,-0.08268,0.07043,-0.09694,0.52439,0.93945,0.45397,1.03639,0.45397,1.03639,0.00000,0.00000,0,0.00056,-0.79965,-0.79994,0.00075,2.61367,2.54869,8,0x00000000,1,-0.70274,-0.70997,-0.02078,2.83182,2.94109,8,0x00000000,1,-0.70931,-0.71010,-0.00125,-0.51245,-0.51444,8,0x00000000,1,-0.70781,-0.70658,0.01448,-2.12836,-2.19171,8,0x00000000,1,-0.69126,-0.68953,-0.00417,-0.70762,-0.54794,8,0x00000000,1,-0.82125,-0.82043,-0.00727,7.64256,7.65518,8,0x00000000,1
18.1102,0.07693,-0.07434,-39.42118,0.07693,-0.07434,0.07561,-0.07990,0.52231,0.94192,0.44670,1.02182,0.44670,1.02182,0.00000,0.00000,0,0.00115,-0.79890,-0.79993,-0.00336,2.50694,2.38619,8,0x00000000,1,-0.70303,-0.71094,-0.00700,2.73662,2.77049,8,0x00000000,1,-0.70969,-0.71009,-0.00135,-0.49347,-0.41921,8,0x00000000,1,-0.70827,-0.70635,0.00657,-2.08531,-2.21068,8,0x00000000,1,-0.69163,-0.68951,0.00432,-0.61508,-0.62199,8,0x00000000,1,-0.82051,-0.82045,0.00140,7.60619,7.66993,8,0x00000000,1
18.2090,0.07377,-0.07382,-39.41694,0.07377,-0.07382,0.07660,-0.07396,0.52012,0.94408,0.44352,1.01804,0.44352,1.01804,0.00000,0.00000,0,0.00024,-0.79868,-0.79988,0.00980,2.51543,2.56529,8,0x00000000,1,-0.70316,-0.71115,-0.00002,2.64327,2.70463,8,0x00000000,1,-0.70985,-0.71008,0.00036,-0.50691,-0.35931,8,0x00000000,1,-0.70836,-0.70631,-0.00368,-2.06446,-2.05337,8,0x00000000,1,-0.69169,-0.68953,-0.00187,-0.61830,-0.57036,8,0x00000000,1,-0.82028,-0.82051,-0.00639,7.56672,7.58936,8,0x00000000,1
18.3123,0.07807,-0.07205,-39.42131,0.07807,-0.07205,0.07624,-0.07276,0.51795,0.94617,0.44171,1.01893,0.44171,1.01893,0.00000,0.00000,0,0.00039,-0.79868,-0.79989,0.01213,2.51480,2.46882,8,0x00000000,1,-0.70325,-0.71119,0.00164,2.55099,2.45412,8,0x00000000,1,-0.70993,-0.71008,0.00483,-0.49091,-0.50451,8,0x00000000,1,-0.70829,-0.70627,0.00317,-2.00620,-2.01171,8,0x00000000,1,-0.69161,-0.68952,0.00229,-0.61290,-0.64835,8,0x00000000,1,-0.82027,-0.82053,-0.00612,7.55916,7.50436,8,0x00000000,1
18.4159,0.07637,-0.07111,-39.41378,0.07637,-0.07111,0.07725,-0.07211,0.51576,0.94823,0.43851,1.02035,0.43851,1.02035,0.00000,0.00000,0,0.00032,-0.79867,-0.79993,-0.01237,2.43010,2.31199,8,0x00000000,1,-0.70340,-0.71120,0.00267,2.46887,2.30995,8,0x00000000,1,-0.71007,-0.71008,0.00020,-0.49922,-0.48637,8,0x00000000,1,-0.70817,-0.70624,0.00549,-1.99527,-1.98288,8,0x00000000,1,-0.69147,-0.68951,0.00720,-0.57657,-0.52547,8,0x00000000,1,-0.82024,-0.82056,-0.00855,7.59272,7.57473,8,0x00000000,1
18.5221,0.07715,-0.06836,-39.41541,0.07715,-0.06836,0.07547,-0.07009,0.51359,0.95025,0.43812,1.02034,0.43812,1.02034,0.00000,0.00000,0,0.00038,-0.79866,-0.79991,-0.00597,2.40985,2.23294,8,0x00000000,1,-0.70342,-0.71122,-0.00891,2.34602,2.31043,8,0x00000000,1,-0.71009,-0.71008,-0.00125,-0.49372,-0.45136,8,0x00000000,1,-0.70816,-0.70623,0.00744,-1.98901,-1.96326,8,0x00000000,1,-0.69146,-0.68952,0.00285,-0.53478,-0.58198,8,0x00000000,1,-0.82022,-0.82058,-0.00785,7.54825,7.66583,8,0x00000000,1
18.6222,0.07730,-0.06854,-39.40908,0.07730,-0.06854,0.07722,-0.06865,0.51141,0.95222,0.43419,1.02087,0.43419,1.02087,0.00000,0.00000,0,0.00039,-0.79861,-0.79989,0.00491,2.47117,2.47833,8,0x00000000,1,-0.70360,-0.71119,0.00152,2.28509,2.20719,8,0x00000000,1,-0.71027,-0.71008,0.00037,-0.48168,-0.53946,8,0x00000000,1,-0.70806,-0.70624,0.00044,-1.96825,-1.98207,8,0x00000000,1,-0.69134,-0.68953,-0.00049,-0.50978,-0.52820,8,0x00000000,1,-0.82014,-0.82061,-0.00915,7.50990,7.61254,8,0x00000000,1
18.7270,0.08072,-0.06952,-39.41565,0.08072,-0.06952,0.07911,-0.06919,0.50919,0.95418,0.43008,1.02337,0.43008,1.02337,0.00000,0.00000,0,0.00035,-0.79863,-0.79987,0.00333,2.46307,2.43095,8,0x00000000,1,-0.70380,-0.71119,0.00208,2.22821,2.33228,8,0x00000000,1,-0.71045,-0.71008,-0.00160,-0.44302,-0.61374,8,0x00000000,1,-0.70788,-0.70626,-0.00507,-1.95365,-1.91831,8,0x00000000,1,-0.69114,-0.68950,0.00849,-0.52213,-0.53250,8,0x00000000,1,-0.82013,-0.82061,0.00569,7.55427,7.55931,8,0x00000000,1
18.8276,0.08054,-0.07323,-39.41397,0.08054,-0.07323,0.08033,-0.07120,0.50691,0.95617,0.42658,1.02738,0.42658,1.02738,0.00000,0.00000,0,0.00050,-0.79873,-0.79990,-0.00481,2.43527,2.38495,8,0x00000000,1,-0.70398,-0.71120,-0.00376,2.15170,2.20541,8,0x00000000,1,-0.71059,-0.71008,0.00287,-0.43297,-0.48972,8,0x00000000,1,-0.70764,-0.70627,-0.00785,-1.95683,-2.00355,8,0x00000000,1,-0.69089,-0.68953,-0.00234,-0.50275,-0.45753,8,0x00000000,1,-0.82019,-0.82062,0.00709,7.54379,7.68086,8,0x00000000,1
18.9353,0.07678,-0.07438,-39.41403,0.07678,-0.07438,0.07767,-0.07431,0.50466,0.95826,0.42699,1.03257,0.42699,1.03257,0.00000,0.00000,0,0.00044,-0.79895,-0.79991,-0.00962,2.41726,2.56682,8,0x00000000,1,-0.70398,-0.71119,-0.00296,2.04438,1.88618,8,0x00000000,1,-0.71056,-0.71007,0.00607,-0.41431,-0.40513,8,0x00000000,1,-0.70744,-0.70624,0.00410,-1.95498,-2.03659,8,0x00000000,1,-0.69071,-0.68953,0.00208,-0.54261,-0.51323,8,0x00000000,1,-0.82040,-0.82066,-0.00069,7.54267,7.72171,8,0x00000000,1
19.0391,0.08013,-0.07545,-39.41293,0.08013,-0.07545,0.07857,-0.07455,0.50245,0.96038,0.42388,1.03493,0.42388,1.03493,0.00000,0.00000,0,0.00100,-0.79899,-0.79990,-0.00298,2.37951,2.46741,8,0x00000000,1,-0.70413,-0.71118,0.00396,1.96466,2.09289,8,0x00000000,1,-0.71069,-0.71007,0.00385,-0.41741,-0.55040,8,0x00000000,1,-0.70728,-0.70627,-0.01049,-1.96584,-1.99692,8,0x00000000,1,-0.69053,-0.68953,-0.00295,-0.52600,-0.57234,8,0x00000000,1,-0.82040,-0.82070,-0.00816,7.52409,7.35343,8,0x00000000,1
19.1390,0.07959,-0.07619,-39.40789,0.07959,-0.07619,0.07885,-0.07504,0.50020,0.96250,0.42134,1.03755,0.42134,1.03755,0.00000,0.00000,0,0.00044,-0.79905,-0.79988,0.00759,2.35861,2.35231,8,0x00000000,1,-0.70426,-0.71119,-0.00247,1.88784,1.84664,8,0x00000000,1,-0.71080,-0.71009,-0.00488,-0.40354,-0.36583,8,0x00000000,1,-0.70712,-0.70625,0.00358,-1.93984,-1.88269,8,0x00000000,1,-0.69037,-0.68950,0.01579,-0.50543,-0.56243,8,0x00000000,1,-0.82043,-0.82069,0.00583,7.51651,7.68968,8,0x00000000,1
19.2388,0.08430,-0.07518,-39.41120,0.08430,-0.07518,0.08206,-0.07547,0.49790,0.96465,0.41584,1.04012,0.41584,1.04012,0.00000,0.00000,0,0.00035,-0.79904,-0.79988,0.00344,2.35890,2.45085,8,0x00000000,1,-0.70452,-0.71118,0.00134,1.82078,1.73303,8,0x00000000,1,-0.71104,-0.71008,0.00052,-0.39547,-0.40339,8,0x00000000,1,-0.70690,-0.70624,0.00679,-1.93300,-1.97297,8,0x00000000,1,-0.69013,-0.68951,0.00259,-0.54793,-0.61190,8,0x00000000,1,-0.82039,-0.82070,0.01039,7.54314,7.59192,8,0x00000000,1
19.3416,0.08907,-0.07522,-39.40887,0.08907,-0.07522,0.08702,-0.07492,0.49549,0.96679,0.40848,1.04171,0.40848,1.04171,0.00000,0.00000,0,0.00122,-0.79896,-0.79985,0.01644,2.39766,2.43948,8,0x00000000,1,-0.70487,-0.71118,-0.00291,1.75051,1.60517,8,0x00000000,1,-0.71137,-0.71008,0.00415,-0.34874,-0.34975,8,0x00000000,1,-0.70669,-0.70626,-0.00304,-1.98137,-2.03978,8,0x00000000,1,-0.68987,-0.68952,-0.00001,-0.53278,-0.50862,8,0x00000000,1,-0.82025,-0.82074,-0.00073,7.50340,7.44402,8,0x00000000,1
19.4414,0.09299,-0.07679,-39.40791,0.09299,-0.07679,0.09039,-0.07655,0.49296,0.96896,0.40257,1.04550,0.40257,1.04550,0.00000,0.00000,0,0.00046,-0.79900,-0.79991,-0.01323,2.33773,2.27075,8,0x00000000,1,-0.70515,-0.71117,0.00463,1.71112,1.68603,8,0x00000000,1,-0.71163,-0.71008,-0.00044,-0.32840,-0.24935,8,0x00000000,1,-0.70642,-0.70626,-0.00919,-1.98575,-1.94596,8,0x00000000,1,-0.68957,-0.68951,0.00441,-0.56086,-0.59128,8,0x00000000,1,-0.82024,-0.82076,-0.00706,7.49748,7.54211,8,0x00000000,1
19.5430,0.09356,-0.07675,-39.40878,0.09356,-0.07675,0.09350,-0.07724,0.49033,0.97115,0.39683,1.04839,0.39683,1.04839,0.00000,0.00000,0,0.00029,-0.79901,-0.79987,0.00167,2.32456,2.23845,8,0x00000000,1,-0.70543,-0.71116,0.00643,1.64612,1.78962,8,0x00000000,1,-0.71188,-0.71010,-0.00221,-0.27916,-0.41059,8,0x00000000,1,-0.70619,-0.70625,-0.00383,-2.00446,-1.97421,8,0x00000000,1,-0.68931,-0.68951,0.00764,-0.57121,-0.62902,8,0x00000000,1,-0.82020,-0.82076,0.00205,7.48605,7.45942,8,0x00000000,1
19.6445,0.09600,-0.07708,-39.40445,0.09600,-0.07708,0.09482,-0.07661,0.48766,0.97335,0.39284,1.04996,0.39284,1.04996,0.00000,0.00000,0,0.00065,-0.79899,-0.79987,-0.00233,2.33544,2.35648,8,0x00000000,1,-0.70562,-0.71114,0.00761,1.59914,1.67852,8,0x00000000,1,-0.71206,-0.71010,-0.00396,-0.24953,-0.07428,8,0x00000000,1,-0.70604,-0.70620,0.00069,-1.98238,-2.03154,8,0x00000000,1,-0.68915,-0.68952,0.00435,-0.57002,-0.51076,8,0x00000000,1,-0.82016,-0.82075,0.00780,7.52773,7.68373,8,0x00000000,1
19.7455,0.09937,-0.07742,-39.40733,0.09937,-0.07742,0.09809,-0.07734,0.48490,0.97554,0.38681,1.05289,0.38681,1.05289,0.00000,0.00000,0,0.00057,-0.79900,-0.79987,-0.00861,2.30343,2.22229,8,0x00000000,1,-0.70591,-0.71117,-0.00493,1.53800,1.58959,8,0x00000000,1,-0.71232,-0.71011,-0.00561,-0.21290,-0.26982,8,0x00000000,1,-0.70580,-0.70621,-0.00786,-2.02462,-2.03304,8,0x00000000,1,-0.68888,-0.68950,0.00330,-0.58678,-0.62491,8,0x00000000,1,-0.82011,-0.82076,0.01188,7.48836,7.47447,8,0x00000000,1
19.8436,0.09998,-0.07342,-39.40865,0.09998,-0.07342,0.09879,-0.07531,0.48210,0.97772,0.38331,1.05303,0.38331,1.05303,0.00000,0.00000,0,0.00029,-0.79893,-0.79987,-0.00337,2.30750,2.26093,8,0x00000000,1,-0.70607,-0.71117,-0.00586,1.47903,1.50961,8,0x00000000,1,-0.71248,-0.71010,0.00381,-0.17810,-0.16824,8,0x00000000,1,-0.70573,-0.70616,0.00540,-1.99699,-2.09373,8,0x00000000,1,-0.68879,-0.68952,0.00411,-0.60238,-0.57024,8,0x00000000,1,-0.82002,-0.82082,-0.00794,7.41523,7.43362,8,0x00000000,1
19.9467,0.09711,-0.07429,-39.40559,0.09711,-0.07429,0.09856,-0.07353,0.47928,0.97983,0.38072,1.05336,0.38072,1.05336,0.00000,0.00000,0,0.00146,-0.79889,-0.79985,0.00031,2.28316,2.32651,8,0x00000000,1,-0.70619,-0.71116,0.00145,1.45554,1.41663,8,0x00000000,1,-0.71260,-0.71011,-0.00124,-0.13000,-0.04159,8,0x00000000,1,-0.70567,-0.70616,-0.00032,-2.02006,-2.12530,8,0x00000000,1,-0.68870,-0.68950,0.00133,-0.62733,-0.63215,8,0x00000000,1,-0.81997,-0.82080,0.00357,7.45125,7.45543,8,0x00000000,1
20.0448,0.09613,-0.07623,-39.40870,0.09613,-0.07623,0.09640,-0.07541,0.47650,0.98195,0.38010,1.05736,0.38010,1.05736,0.00000,0.00000,0,0.00035,-0.79905,-0.79987,-0.00225,2.29573,2.19658,8,0x00000000,1,-0.70624,-0.71116,-0.00101,1.38841,1.36849,8,0x00000000,1,-0.71261,-0.71011,-0.00329,-0.10608,-0.21280,8,0x00000000,1,-0.70549,-0.70612,0.00160,-2.01314,-2.00071,8,0x00000000,1,-0.68854,-0.68953,-0.00581,-0.67809,-0.51250,8,0x00000000,1,-0.82010,-0.82081,-0.00399,7.42367,7.55974,8,0x00000000,1
20.1460,0.09807,-0.07678,-39.40898,0.09807,-0.07678,0.09712,-0.07595,0.47375,0.98411,0.37662,1.06006,0.37662,1.06006,0.00000,0.00000,0,0.00029,-0.79909,-0.79987,-0.01029,2.33046,2.41438,8,0x00000000,1,-0.70641,-0.71115,-0.00086,1.35078,1.28624,8,0x00000000,1,-0.71276,-0.71010,0.00021,-0.05147,-0.04434,8,0x00000000,1,-0.70531,-0.70606,0.00308,-2.05735,-2.03677,8,0x00000000,1,-0.68834,-0.68951,-0.00111,-0.68130,-0.71092,8,0x00000000,1,-0.82011,-0.82082,-0.00083,7.41569,7.32605,8,0x00000000,1
20.2480,0.09390,-0.07690,-39.40985,0.09390,-0.07690,0.09616,-0.07738,0.47098,0.98630,0.37482,1.06369,0.37482,1.06369,0.00000,0.00000,0,0.00036,-0.79921,-0.79985,0.00294,2.25251,2.23344,8,0x00000000,1,-0.70651,-0.71115,0.00468,1.28597,1.33224,8,0x00000000,1,-0.71283,-0.71011,-0.00473,-0.02986,0.05425,8,0x00000000,1,-0.70512,-0.70602,-0.01148,-2.10032,-2.10381,8,0x00000000,1,-0.68816,-0.68950,0.00192,-0.72756,-0.70957,8,0x00000000,1,-0.82020,-0.82082,0.00226,7.42445,7.36142,8,0x00000000,1
20.3486,0.09191,-0.07792,-39.41216,0.09191,-0.07792,0.09364,-0.07745,0.46827,0.98850,0.37463,1.06596,0.37463,1.06596,0.00000,0.00000,0,0.00026,-0.79930,-0.79985,0.00130,2.27844,2.29741,8,0x00000000,1,-0.70652,-0.71114,0.00400,1.23218,1.19140,8,0x00000000,1,-0.71283,-0.71012,0.00007,0.01439,-0.12368,8,0x00000000,1,-0.70502,-0.70589,0.00589,-2.07852,-2.03524,8,0x00000000,1,-0.68807,-0.68947,0.00966,-0.70532,-0.71655,8,0x00000000,1,-0.82028,-0.82083,-0.00150,7.43325,7.57240,8,0x00000000,1
20.4513,0.08843,-0.07716,-39.40505,0.08843,-0.07716,0.08996,-0.07745,0.46566,0.99071,0.37570,1.06816,0.37570,1.06816,0.00000,0.00000,0,0.00027,-0.79941,-0.79988,-0.01319,2.31391,2.32026,8,0x00000000,1,-0.70648,-0.71114,-0.00260,1.15386,1.11823,8,0x00000000,1,-0.71278,-0.71011,0.00125,0.04686,-0.05494,8,0x00000000,1,-0.70495,-0.70566,0.00197,-2.06890,-2.08215,8,0x00000000,1,-0.68801,-0.68920,0.00977,-0.69172,-0.73213,8,0x00000000,1,-0.82039,-0.82084,-0.00204,7.42663,7.32094,8,0x00000000,1
20.5530,0.09124,-0.07373,-39.41044,0.09124,-0.07373,0.08956,-0.07542,0.46311,0.99289,0.37355,1.06831,0.37355,1.06831,0.00000,0.00000,0,0.00028,-0.79937,-0.79983,0.00345,2.31917,2.27729,8,0x00000000,1,-0.70658,-0.71113,-0.00951,1.11467,1.14639,8,0x00000000,1,-0.71288,-0.71013,-0.00532,0.05828,-0.01119,8,0x00000000,1,-0.70490,-0.70542,-0.00281,-2.07936,-2.02602,8,0x00000000,1,-0.68795,-0.68911,0.00516,-0.73307,-0.81470,8,0x00000000,1,-0.82034,-0.82083,0.00157,7.43565,7.43647,8,0x00000000,1
20.6553,0.09134,-0.07307,-39.40533,0.09134,-0.07307,0.09099,-0.07401,0.46053,0.99502,0.36954,1.06903,0.36954,1.06903,0.00000,0.00000,0,0.00047,-0.79932,-0.79985,-0.00217,2.28031,2.34839,8,0x00000000,1,-0.70677,-0.71112,-0.00781,1.05342,1.09374,8,0x00000000,1,-0.71306,-0.71012,0.00193,0.13695,0.09496,8,0x00000000,1,-0.70480,-0.70515,0.00655,-2.03278,-2.02243,8,0x00000000,1,-0.68782,-0.68897,0.00553,-0.76804,-0.78004,8,0x00000000,1,-0.82026,-0.82086,-0.00442,7.38558,7.39230,8,0x00000000,1
20.7593,0.09335,-0.07085,-39.41048,0.09335,-0.07085,0.09155,-0.07263,0.45793,0.99711,0.36638,1.06974,0.36638,1.06974,0.00000,0.00000,0,0.00035,-0.79929,-0.79983,-0.00422,2.24413,2.33576,8,0x00000000,1,-0.70692,-0.71110,-0.00275,1.03484,0.96030,8,0x00000000,1,-0.71320,-0.71012,0.00420,0.18841,0.28111,8,0x00000000,1,-0.70470,-0.70480,0.00190,-2.04357,-2.16160,8,0x00000000,1,-0.68771,-0.68877,0.00671,-0.73570,-0.72218,8,0x00000000,1,-0.82021,-0.82085,0.00384,7.40588,7.46355,8,0x00000000,1
20.8590,0.09336,-0.07165,-39.41014,0.09336,-0.07165,0.09273,-0.07155,0.45530,0.99915,0.36257,1.07070,0.36257,1.07070,0.00000,0.00000,0,0.00022,-0.79925,-0.79984,0.00280,2.25451,2.22927,8,0x00000000,1,-0.70710,-0.71110,-0.00653,0.98868,0.98927,8,0x00000000,1,-0.71337,-0.71015,-0.00560,0.22246,0.16337,8,0x00000000,1,-0.70459,-0.70437,0.01186,-2.01824,-1.94415,8,0x00000000,1,-0.68757,-0.68862,0.00062,-0.77906,-0.82003,8,0x00000000,1,-0.82014,-0.82086,0.00092,7.37560,7.48625,8,0x00000000,1
20.9619,0.09447,-0.07098,-39.40751,0.09447,-0.07098,0.09373,-0.07144,0.45264,1.00119,0.35892,1.07263,0.35892,1.07263,0.00000,0.00000,0,0.00029,-0.79926,-0.79980,0.01515,2.27524,2.22142,8,0x00000000,1,-0.70727,-0.71109,-0.00510,0.96419,0.79135,8,0x00000000,1,-0.71353,-0.71018,-0.00689,0.25538,0.16881,8,0x00000000,1,-0.70444,-0.70378,-0.00600,-1.98316,-1.96325,8,0x00000000,1,-0.68740,-0.68845,0.00421,-0.78729,-0.89339,8,0x00000000,1,-0.82012,-0.82085,0.00773,7.39385,7.39617,8,0x00000000,1
21.0635,0.10690,-0.06484,-39.41729,0.10690,-0.06484,0.10020,-0.06812,0.44990,1.00319,0.34970,1.07131,0.34970,1.07131,0.00000,0.00000,0,0.00027,-0.79902,-0.79980,0.01106,2.27177,2.13187,8,0x00000000,1,-0.70770,-0.71106,0.00515,0.96329,0.91798,8,0x00000000,1,-0.71395,-0.71018,0.00292,0.35222,0.26144,8,0x00000000,1,-0.70431,-0.70206,0.01705,-1.81734,-1.83261,8,0x00000000,1,-0.68721,-0.68826,0.01074,-0.77619,-0.75238,8,0x00000000,1,-0.81983,-0.82086,0.00362,7.34961,7.36793,8,0x00000000,1
21.1673,0.13965,-0.04788,-39.44730,0.13965,-0.04788,0.12052,-0.05767,0.44679,1.00500,0.32627,1.06267,0.32627,1.06267,0.00000,0.00000,0,0.00229,-0.79819,-0.79980,0.00212,2.14455,2.29849,8,0x00000000,1,-0.70875,-0.71107,-0.00015,0.99600,1.06908,8,0x00000000,1,-0.71505,-0.71024,-0.00368,0.44894,0.49405,8,0x00000000,1,-0.70421,-0.69394,0.19925,-0.70367,-0.87835,8,0x00000000,1,-0.68693,-0.68791,0.01049,-0.77608,-0.69359,8,0x00000000,1,-0.81889,-0.82088,-0.00577,7.26682,7.09960,8,0x00000000,1
21.2694,0.21786,0.01020,-39.53569,0.21786,0.01020,0.19180,-0.00915,0.44231,1.00589,0.25051,1.01504,0.25051,1.01504,0.00000,0.00000,32,0.00032,-0.79468,-0.79970,-0.00111,1.80705,1.85548,8,0x00000000,1,-0.71207,-0.71107,0.00173,1.20647,1.19809,8,0x00000000,1,-0.71867,-0.71040,-0.00167,0.85954,0.87406,8,0x00000000,1,-0.70471,-0.68381,-0.00589,-0.36732,-0.50571,8,0x00000000,1,-0.68677,-0.68755,-0.00671,-0.81071,-0.77654,8,0x00000000,1,-0.81509,-0.82084,-0.00119,6.88441,6.94416,8,0x00000000,1
21.3687,0.22513,0.00958,-39.54560,0.22513,0.00958,0.22061,0.00653,0.43633,1.00589,0.21572,0.99936,0.21572,0.99936,0.00000,0.00000,32,0.00027,-0.79333,-0.79960,-0.01150,1.69708,1.74305,8,0x00000000,1,-0.71362,-0.71109,-0.00510,1.34252,1.40098,8,0x00000000,1,-0.72031,-0.71050,0.00555,1.02086,0.94949,8,0x00000000,1,-0.70468,-0.68385,-0.00623,-0.11007,-0.04727,8,0x00000000,1,-0.68646,-0.68731,0.00043,-0.81910,-0.79982,8,0x00000000,1,-0.81359,-0.82082,-0.00326,6.76205,6.66627,8,0x00000000,1
21.4722,0.22753,0.01064,-39.54095,0.22753,0.01064,0.22815,0.00899,0.42989,1.00589,0.20174,0.99690,0.20174,0.99690,0.00000,0.00000,32,0.00039,-0.79294,-0.79952,0.00777,1.63201,1.68684,8,0x00000000,1,-0.71426,-0.71108,-0.00048,1.37477,1.40115,8,0x00000000,1,-0.72096,-0.71058,0.00249,1.14241,1.20730,8,0x00000000,1,-0.70450,-0.68399,-0.00697,0.10904,0.04554,8,0x00000000,1,-0.68619,-0.68717,-0.00812,-0.85116,-0.84982,8,0x00000000,1,-0.81313,-0.82082,0.00054,6.68511,6.72894,8,0x00000000,1
21.5737,0.23241,0.01000,-39.54704,0.23241,0.01000,0.23041,0.01054,0.42335,1.00589,0.19294,0.99535,0.19294,0.99535,0.00000,0.00000,32,0.00033,-0.79270,-0.79949,-0.00820,1.54267,1.51740,8,0x00000000,1,-0.71466,-0.71109,-0.00651,1.43918,1.45858,8,0x00000000,1,-0.72137,-0.71069,-0.00395,1.29530,1.23156,8,0x00000000,1,-0.70440,-0.68411,-0.00513,0.34688,0.33992,8,0x00000000,1,-0.68602,-0.68709,0.00555,-0.84477,-0.85824,8,0x00000000,1,-0.81284,-0.82080,0.00562,6.57760,6.57255,8,0x00000000,1
21.6748,0.23311,0.01038,-39.54060,0.23311,0.01038,0.23253,0.00980,0.41676,1.00589,0.18423,0.99609,0.18423,0.99609,0.00000,0.00000,32,0.00047,-0.79256,-0.79941,0.00469,1.50638,1.43005,8,0x00000000,1,-0.71507,-0.71107,0.00202,1.52517,1.50057,8,0x00000000,1,-0.72176,-0.71078,0.00008,1.44126,1.46333,8,0x00000000,1,-0.70419,-0.68432,-0.00361,0.57619,0.42035,8,0x00000000,1,-0.68577,-0.68693,0.00323,-0.85770,-0.92947,8,0x00000000,1,-0.81264,-0.82078,0.00910,6.46159,6.52641,8,0x00000000,1
21.7753,0.23737,0.01408,-39.53959,0.23737,0.01408,0.23629,0.01295,0.41008,1.00589,0.17379,0.99294,0.17379,0.99294,0.00000,0.00000,32,0.00027,-0.79222,-0.79934,0.00920,1.34696,1.44067,8,0x00000000,1,-0.71554,-0.71108,0.00283,1.60336,1.63517,8,0x00000000,1,-0.72225,-0.71089,-0.00521,1.59228,1.66247,8,0x00000000,1,-0.70412,-0.68464,-0.00565,0.77053,0.80295,8,0x00000000,1,-0.68561,-0.68678,-0.00679,-0.91595,-0.87631,8,0x00000000,1,-0.81224,-0.82078,-0.00328,6.32415,6.24557,8,0x00000000,1
21.8746,0.24455,0.01437,-39.54857,0.24455,0.01437,0.24091,0.01384,0.40328,1.00589,0.16237,0.99206,0.16237,0.99206,0.00000,0.00000,32,0.00043,-0.79195,-0.79928,0.01040,1.26415,1.25525,8,0x00000000,1,-0.71606,-0.71107,0.00614,1.70817,1.67123,8,0x00000000,1,-0.72277,-0.71103,-0.00505,1.75055,1.77190,8,0x00000000,1,-0.70393,-0.68496,-0.00539,0.99890,0.92461,8,0x00000000,1,-0.68535,-0.68665,-0.00252,-0.91262,-0.98151,8,0x00000000,1,-0.81191,-0.82077,0.00367,6.19583,6.40555,8,0x00000000,1
21.9791,0.24368,0.01477,-39.54097,0.24368,0.01477,0.24443,0.01483,0.39634,1.00589,0.15191,0.99107,0.15191,0.99107,0.00000,0.00000,32,0.00029,-0.79170,-0.79921,0.00372,1.16587,1.20004,8,0x00000000,1,-0.71654,-0.71109,0.00010,1.80972,1.77598,8,0x00000000,1,-0.72326,-0.71116,-0.00863,1.91769,1.92506,8,0x00000000,1,-0.70377,-0.68525,-0.00042,1.17983,1.31068,8,0x00000000,1,-0.68512,-0.68649,0.00406,-0.93883,-0.68119,8,0x00000000,1,-0.81160,-0.82077,-0.00518,6.05791,6.15564,8,0x00000000,1
22.0770,0.24686,0.01342,-39.54889,0.24686,0.01342,0.24602,0.01432,0.38936,1.00589,0.14334,0.99158,0.14334,0.99158,0.00000,0.00000,32,0.00025,-0.79155,-0.79916,-0.00875,1.06156,1.11923,8,0x00000000,1,-0.71694,-0.71110,-0.00096,1.85859,1.78974,8,0x00000000,1,-0.72365,-0.71129,0.00104,2.10438,1.94783,8,0x00000000,1,-0.70358,-0.68566,-0.00871,1.37942,1.29583,8,0x00000000,1,-0.68487,-0.68633,0.00663,-0.96062,-0.97874,8,0x00000000,1,-0.81139,-0.82072,0.00519,5.96068,5.87619,8,0x00000000,1
22.1829,0.24970,0.01194,-39.55668,0.24970,0.01194,0.24893,0.01299,0.38229,1.00589,0.13336,0.99290,0.13336,0.99290,0.00000,0.00000,32,0.00041,-0.79140,-0.79903,0.01308,0.96768,1.13553,8,0x00000000,1,-0.71741,-0.71108,0.00555,1.99553,2.00695,8,0x00000000,1,-0.72410,-0.71144,0.00100,2.26315,2.28477,8,0x00000000,1,-0.70333,-0.68600,0.01108,1.56267,1.58244,8,0x00000000,1,-0.68456,-0.68602,0.00350,-0.98644,-1.05249,8,0x00000000,1,-0.81118,-0.82074,-0.00821,5.81413,5.71338,8,0x00000000,1
22.2839,0.24974,0.01059,-39.54940,0.24974,0.01059,0.24987,0.01085,0.37519,1.00589,0.12532,0.99505,0.12532,0.99505,0.00000,0.00000,32,0.00038,-0.79133,-0.79896,0.00997,0.90587,0.90204,8,0x00000000,1,-0.71779,-0.71110,-0.00322,2.09726,2.16331,8,0x00000000,1,-0.72446,-0.71161,-0.00418,2.41952,2.41968,8,0x00000000,1,-0.70308,-0.68660,-0.00080,1.70018,1.77322,8,0x00000000,1,-0.68427,-0.68575,-0.00008,-1.00502,-1.10741,8,0x00000000,1,-0.81105,-0.82070,0.00694,5.70012,5.74553,8,0x00000000,1
22.3829,0.25564,0.01330,-39.54801,0.25564,0.01330,0.25301,0.01165,0.36803,1.00589,0.11502,0.99425,0.11502,0.99425,0.00000,0.00000,32,0.00064,-0.79109,-0.79888,0.00259,0.79008,0.87408,8,0x00000000,1,-0.71826,-0.71112,-0.00649,2.17666,2.07388,8,0x00000000,1,-0.72493,-0.71180,-0.01110,2.60203,2.54300,8,0x00000000,1,-0.70291,-0.68716,-0.00262,1.81763,1.75843,8,0x00000000,1,-0.68403,-0.68531,0.00163,-0.99204,-1.06226,8,0x00000000,1,-0.81075,-0.82068,0.00498,5.56409,5.48285,8,0x00000000,1
22.4850,0.26258,0.01683,-39.55463,0.26258,0.01683,0.25867,0.01504,0.36074,1.00589,0.10207,0.99085,0.10207,0.99085,0.00000,0.00000,32,0.00059,-0.79069,-0.79880,-0.00091,0.63810,0.64260,8,0x00000000,1,-0.71885,-0.71112,0.00323,2.35106,2.37375,8,0x00000000,1,-0.72553,-0.71225,-0.00528,2.74822,2.71147,8,0x00000000,1,-0.70280,-0.68783,-0.00115,1.97503,1.98116,8,0x00000000,1,-0.68383,-0.68493,0.00823,-1.01201,-1.14144,8,0x00000000,1,-0.81028,-0.82068,-0.00373,5.38288,5.75476,8,0x00000000,1
22.5861,0.26955,0.02020,-39.54809,0.26955,0.02020,0.26604,0.01745,0.35326,1.00589,0.08722,0.98845,0.08722,0.98845,0.00000,0.00000,32,0.00043,-0.79029,-0.79869,-0.01528,0.52721,0.63986,8,0x00000000,1,-0.71953,-0.71116,-0.00046,2.48922,2.46887,8,0x00000000,1,-0.72622,-0.71297,-0.00891,2.93371,2.85499,8,0x00000000,1,-0.70261,-0.68850,-0.01393,2.08450,2.02226,8,0x00000000,1,-0.68353,-0.68450,0.00569,-1.01596,-1.04381,8,0x00000000,1,-0.80980,-0.82063,0.00869,5.24999,5.18395,8,0x00000000,1
22.6871,0.27738,0.02562,-39.55804,0.27738,0.02562,0.27328,0.02270,0.34557,1.00560,0.07228,0.98291,0.07228,0.98291,0.00000,0.00000,0,0.00046,-0.78976,-0.79849,0.00695,0.45529,0.41121,8,0x00000000,1,-0.72020,-0.71136,-0.00525,2.60014,2.69876,8,0x00000000,1,-0.72692,-0.71363,-0.01224,3.07009,3.31489,8,0x00000000,1,-0.70255,-0.68916,0.00111,2.22535,2.24055,8,0x00000000,1,-0.68335,-0.68387,0.00596,-0.95081,-1.07815,8,0x00000000,1,-0.80920,-0.82062,0.00223,5.07330,5.03670,8,0x00000000,1
22.7903,0.29772,0.03694,-39.53831,0.29772,0.03694,0.28521,0.03025,0.33765,1.00486,0.05244,0.97461,0.05244,0.97461,0.00000,0.00000,0,0.00129,-0.78901,-0.79826,0.00986,0.26668,0.30255,8,0x00000000,1,-0.72108,-0.71182,-0.00712,2.71826,2.71916,8,0x00000000,1,-0.72786,-0.71447,-0.00578,3.28772,3.31911,8,0x00000000,1,-0.70250,-0.68990,-0.00870,2.29845,2.31214,8,0x00000000,1,-0.68315,-0.67880,0.16638,-0.16241,-0.49765,8,0x00000000,1,-0.80836,-0.82059,-0.00494,4.85583,4.89964,8,0x00000000,1
22.8913,0.35652,0.06424,-39.48447,0.35652,0.06424,0.33593,0.04871,0.32875,1.00371,-0.00718,0.95500,-0.00718,0.95500,0.00000,0.00000,0,0.00101,-0.78700,-0.79795,0.00693,0.02008,0.19196,8,0x00000000,1,-0.72377,-0.71271,-0.01634,2.96782,2.92371,8,0x00000000,1,-0.73065,-0.71611,-0.02846,3.47698,3.52973,8,0x00000000,1,-0.70215,-0.69062,-0.00432,2.38221,2.37495,8,0x00000000,1,-0.68235,-0.67346,0.00399,-0.25596,-0.23068,8,0x00000000,1,-0.80606,-0.82052,0.00212,4.56692,4.36779,8,0x00000000,1
22.9911,0.36941,0.08729,-39.50974,0.36941,0.08729,0.35847,0.07038,0.31882,1.00200,-0.03965,0.93161,-0.03965,0.93161,0.00000,0.00000,0,0.00033,-0.78537,-0.79759,-0.00133,-0.20171,-0.19174,8,0x00000000,1,-0.72518,-0.71366,-0.00596,3.15318,3.11266,8,0x00000000,1,-0.73221,-0.71840,-0.03589,3.55887,3.40381,8,0x00000000,1,-0.70248,-0.69156,-0.00605,2.47035,2.44588,8,0x00000000,1,-0.68240,-0.67341,0.00436,-0.12308,-0.14491,8,0x00000000,1,-0.80432,-0.82045,0.00275,4.24636,4.20931,8,0x00000000,1
23.0928,0.37066,0.11325,-39.51314,0.37066,0.11325,0.36749,0.09643,0.30845,0.99962,-0.05904,0.90319,-0.05904,0.90319,0.00000,0.00000,0,0.00140,-0.78380,-0.79720,0.00670,-0.46618,-0.40471,8,0x00000000,1,-0.72597,-0.71497,-0.01432,3.23523,3.31774,8,0x00000000,1,-0.73320,-0.72168,-0.02551,3.56575,3.72392,8,0x00000000,1,-0.70328,-0.69281,-0.01424,2.56015,2.58285,8,0x00000000,1,-0.68298,-0.67343,0.00032,0.00195,-0.06606,8,0x00000000,1,-0.80274,-0.82037,0.00343,4.00330,4.10000,8,0x00000000,1
23.1938,0.37860,0.13672,-39.52066,0.37860,0.13672,0.37521,0.12380,0.29786,0.99644,-0.07735,0.87264,-0.07735,0.87264,0.00000,0.00000,0,0.00027,-0.78215,-0.79664,0.00040,-0.66743,-0.70670,8,0x00000000,1,-0.72670,-0.71636,-0.01281,3.30756,3.51050,8,0x00000000,1,-0.73414,-0.72449,-0.02199,3.59530,3.60365,8,0x00000000,1,-0.70419,-0.69460,-0.02027,2.61622,2.63403,8,0x00000000,1,-0.68367,-0.67343,0.00037,0.20372,0.22614,8,0x00000000,1,-0.80110,-0.82028,0.00440,3.63294,3.66037,8,0x00000000,1
23.2950,0.38712,0.16342,-39.53534,0.38712,0.16342,0.38233,0.14958,0.28706,0.99252,-0.09527,0.84294,-0.09527,0.84294,0.00000,0.00000,0,0.00033,-0.78055,-0.79559,0.00966,-0.85030,-0.77760,8,0x00000000,1,-0.72741,-0.71771,-0.01093,3.39096,3.28818,8,0x00000000,1,-0.73506,-0.72698,-0.02732,3.57563,3.43478,8,0x00000000,1,-0.70507,-0.69644,-0.03258,2.66197,2.70448,8,0x00000000,1,-0.68433,-0.67348,-0.00483,0.38465,0.48474,8,0x00000000,1,-0.79950,-0.82019,0.00818,3.31335,3.44753,8,0x00000000,1
23.3977,0.39297,0.19571,-39.54099,0.39297,0.19571,0.38925,0.17598,0.27606,0.98788,-0.11319,0.81190,-0.11319,0.81190,0.00000,0.00000,0,0.00085,-0.77890,-0.79417,0.02142,-1.09523,-1.05839,8,0x00000000,1,-0.72812,-0.71890,-0.02057,3.45887,3.35263,8,0x00000000,1,-0.73599,-0.73077,-0.05303,3.37747,3.43926,8,0x00000000,1,-0.70601,-0.69836,-0.01555,2.76010,2.71331,8,0x00000000,1,-0.68505,-0.67350,-0.00153,0.56231,0.53606,8,0x00000000,1,-0.79786,-0.82006,0.00395,2.97484,3.12930,8,0x00000000,1
23.4996,0.40028,0.24737,-39.57415,0.40028,0.24737,0.39656,0.22099,0.26485,0.98223,-0.13171,0.76124,-0.13171,0.76124,0.00000,0.00000,0,0.00107,-0.77642,-0.79214,0.02164,-1.28940,-1.14145,8,0x00000000,1,-0.72878,-0.71986,-0.00667,3.57124,3.48330,8,0x00000000,1,-0.73701,-0.73760,-0.04452,3.05344,2.96466,8,0x00000000,1,-0.70775,-0.70089,-0.01831,2.73906,2.88218,8,0x00000000,1,-0.68650,-0.67356,-0.00425,0.80753,0.86475,8,0x00000000,1,-0.79545,-0.81995,0.00360,2.46169,2.57645,8,0x00000000,1
23.6000,0.38525,0.27504,-39.56393,0.38525,0.27504,0.39227,0.25863,0.25357,0.97532,-0.13869,0.71669,-0.13869,0.71669,0.00000,0.00000,0,0.00029,-0.77442,-0.78533,0.10001,-0.86666,-0.81802,8,0x00000000,1,-0.72894,-0.72111,-0.01385,3.59738,3.60129,8,0x00000000,1,-0.73749,-0.74046,-0.03911,2.87838,2.87323,8,0x00000000,1,-0.70946,-0.70568,-0.04539,2.52082,2.68310,8,0x00000000,1,-0.68802,-0.67371,-0.00406,1.04951,0.94047,8,0x00000000,1,-0.79358,-0.81979,0.01413,2.04427,1.98334,8,0x00000000,1
23.7030,0.36536,0.30117,-39.55010,0.36536,0.30117,0.37597,0.28654,0.24263,0.96752,-0.13335,0.68098,-0.13335,0.68098,0.00000,0.00000,0,0.00027,-0.77304,-0.77938,0.06672,-0.79114,-0.93108,8,0x00000000,1,-0.72855,-0.72220,-0.00269,3.57600,3.53798,8,0x00000000,1,-0.73737,-0.74507,-0.04100,2.49971,2.48935,8,0x00000000,1,-0.71105,-0.71065,-0.03584,2.36425,2.32400,8,0x00000000,1,-0.68952,-0.67391,0.00212,1.31657,1.29707,8,0x00000000,1,-0.79237,-0.81972,-0.00558,1.67365,1.78959,8,0x00000000,1
23.8050,0.30314,0.35502,-39.48006,0.30314,0.35502,0.33607,0.32334,0.23241,0.95888,-0.10366,0.63554,-0.10366,0.63554,0.00000,0.00000,0,0.00043,-0.77174,-0.76698,0.09190,-0.00854,-0.01320,8,0x00000000,1,-0.72701,-0.72293,-0.00378,3.48692,3.53837,8,0x00000000,1,-0.73617,-0.74739,-0.01183,2.26503,2.20059,8,0x00000000,1,-0.71352,-0.71346,-0.02366,2.38923,2.40490,8,0x00000000,1,-0.69203,-0.67415,-0.00216,1.61756,1.62003,8,0x00000000,1,-0.79142,-0.81959,0.00178,1.33023,1.33122,8,0x00000000,1
23.9072,0.27036,0.37284,-39.44143,0.27036,0.37284,0.28934,0.35987,0.22358,0.94903,-0.06576,0.58915,-0.06576,0.58915,0.00000,0.00000,0,0.00054,-0.77057,-0.76307,0.01025,0.09382,0.04769,8,0x00000000,1,-0.72508,-0.72320,0.00007,3.37652,3.28258,8,0x00000000,1,-0.73459,-0.74754,-0.00068,1.98431,2.01550,8,0x00000000,1,-0.71620,-0.71489,-0.01377,2.52601,2.54774,8,0x00000000,1,-0.69478,-0.67467,-0.00398,2.08218,1.93504,8,0x00000000,1,-0.79066,-0.81955,-0.00733,0.89959,0.91103,8,0x00000000,1
24.0092,0.26515,0.37601,-39.43927,0.26515,0.37601,0.27090,0.37188,0.21566,0.93855,-0.05525,0.56667,-0.05525,0.56667,0.00000,0.00000,0,0.00032,-0.76984,-0.76280,0.00631,0.13649,-0.00720,8,0x00000000,1,-0.72451,-0.72342,-0.00556,3.33362,3.36592,8,0x00000000,1,-0.73419,-0.74754,0.00029,1.80128,1.68550,8,0x00000000,1,-0.71734,-0.71566,-0.00031,2.54871,2.73237,8,0x00000000,1,-0.69591,-0.67510,0.00374,2.36326,2.37159,8,0x00000000,1,-0.79008,-0.81948,-0.00563,0.48839,0.42428,8,0x00000000,1
24.1104,0.25932,0.37417,-39.42582,0.25932,0.37417,0.26344,0.37427,0.20806,0.92791,-0.05538,0.55364,-0.05538,0.55364,0.00000,0.00000,0,0.00027,-0.76930,-0.76282,0.00139,0.19498,0.08782,8,0x00000000,1,-0.72447,-0.72360,0.00548,3.37891,3.36461,8,0x00000000,1,-0.73424,-0.74751,0.00763,1.65427,1.64168,8,0x00000000,1,-0.71788,-0.71606,-0.00284,2.57926,2.60065,8,0x00000000,1,-0.69640,-0.67573,-0.00289,2.55311,2.70557,8,0x00000000,1,-0.78959,-0.81938,0.00277,0.12279,0.20648,8,0x00000000,1
24.2122,0.25833,0.37985,-39.43177,0.25833,0.37985,0.25961,0.37726,0.20062,0.91721,-0.05899,0.53995,-0.05899,0.53995,0.00000,0.00000,0,0.00036,-0.76865,-0.76282,-0.00025,0.18885,0.12449,8,0x00000000,1,-0.72458,-0.72383,-0.01714,3.32216,3.36205,8,0x00000000,1,-0.73445,-0.74750,-0.00005,1.52519,1.39346,8,0x00000000,1,-0.71838,-0.71632,-0.00756,2.58649,2.65997,8,0x00000000,1,-0.69683,-0.67696,-0.01599,2.70326,2.68452,8,0x00000000,1,-0.78897,-0.81925,0.01495,-0.25806,-0.14823,8,0x00000000,1
24.3153,0.26413,0.38195,-39.42823,0.26413,0.38195,0.26206,0.38024,0.19319,0.90641,-0.06887,0.52617,-0.06887,0.52617,0.00000,0.00000,0,0.00073,-0.76788,-0.76283,0.00704,0.22285,0.20108,8,0x00000000,1,-0.72498,-0.72405,-0.01325,3.37719,3.43054,8,0x00000000,1,-0.73495,-0.74747,-0.00116,1.39267,1.48940,8,0x00000000,1,-0.71876,-0.71655,0.00545,2.64691,2.59310,8,0x00000000,1,-0.69710,-0.67912,-0.04017,2.74902,2.69832,8,0x00000000,1,-0.78819,-0.81910,0.00276,-0.69554,-0.61439,8,0x00000000,1
24.4173,0.25966,0.38003,-39.43161,0.25966,0.38003,0.26175,0.38031,0.18572,0.89556,-0.07604,0.51525,-0.07604,0.51525,0.00000,0.00000,0,0.00047,-0.76728,-0.76287,-0.01414,0.18364,0.26369,8,0x00000000,1,-0.72527,-0.72428,-0.00756,3.40908,3.21916,8,0x00000000,1,-0.73532,-0.74743,-0.00324,1.25389,1.26237,8,0x00000000,1,-0.71907,-0.71673,-0.00374,2.68595,2.68611,8,0x00000000,1,-0.69733,-0.68392,-0.03716,2.65050,2.67713,8,0x00000000,1,-0.78759,-0.81887,0.00577,-1.09052,-0.98604,8,0x00000000,1
24.5210,0.25459,0.37773,-39.44181,0.25459,0.37773,0.25711,0.37825,0.17832,0.88475,-0.07879,0.50650,-0.07879,0.50650,0.00000,0.00000,0,0.00212,-0.76686,-0.76281,0.01748,0.31491,0.32005,8,0x00000000,1,-0.72537,-0.72443,-0.00397,3.41450,3.33663,8,0x00000000,1,-0.73548,-0.74735,0.00330,1.13284,1.24696,8,0x00000000,1,-0.71938,-0.71692,-0.00739,2.70208,2.76815,8,0x00000000,1,-0.69759,-0.68546,-0.01505,2.81200,2.81305,8,0x00000000,1,-0.78719,-0.81862,-0.00089,-1.53572,-1.45270,8,0x00000000,1
24.6221,0.25122,0.37828,-39.44665,0.25122,0.37828,0.25402,0.37824,0.17104,0.87398,-0.08298,0.49574,-0.08298,0.49574,0.00000,0.00000,0,0.00046,-0.76633,-0.76287,-0.00271,0.29514,0.22937,8,0x00000000,1,-0.72552,-0.72464,-0.00988,3.43806,3.54556,8,0x00000000,1,-0.73570,-0.74733,-0.00646,0.99004,1.07230,8,0x00000000,1,-0.71974,-0.71708,-0.00240,2.77049,2.46361,8,0x00000000,1,-0.69789,-0.68626,-0.00875,2.93206,2.90253,8,0x00000000,1,-0.78667,-0.81833,-0.00202,-1.90112,-1.99459,8,0x00000000,1
24.7247,0.25043,0.37643,-39.44929,0.25043,0.37643,0.25105,0.37643,0.16385,0.86323,-0.08720,0.48680,-0.08720,0.48680,0.00000,0.00000,0,0.00044,-0.76587,-0.76287,0.00350,0.29796,0.29093,8,0x00000000,1,-0.72568,-0.72480,-0.00118,3.44196,3.37239,8,0x00000000,1,-0.73593,-0.74725,-0.00233,0.89274,0.91408,8,0x00000000,1,-0.72003,-0.71729,-0.00257,2.80122,2.70054,8,0x00000000,1,-0.69812,-0.68696,-0.01355,3.01145,3.14349,8,0x00000000,1,-0.78622,-0.81780,0.01366,-2.26919,-2.22025,8,0x00000000,1
24.8265,0.24829,0.37622,-39.45514,0.24829,0.37622,0.24869,0.37594,0.15673,0.85251,-0.09196,0.47657,-0.09196,0.47657,0.00000,0.00000,0,0.00224,-0.76535,-0.76290,-0.01466,0.24998,0.34386,8,0x00000000,1,-0.72586,-0.72500,-0.00969,3.44440,3.47119,8,0x00000000,1,-0.73618,-0.74720,-0.00280,0.73924,0.76532,8,0x00000000,1,-0.72037,-0.71745,-0.00287,2.82750,2.82833,8,0x00000000,1,-0.69839,-0.68760,0.00068,3.14679,3.17551,8,0x00000000,1,-0.78571,-0.81674,0.00750,-2.62361,-2.58442,8,0x00000000,1
24.9243,0.24340,0.37486,-39.45236,0.24340,0.37486,0.24462,0.37572,0.14970,0.84179,-0.09492,0.46607,-0.09492,0.46607,0.00000,0.00000,0,0.00027,-0.76486,-0.76285,0.01042,0.31979,0.16888,8,0x00000000,1,-0.72596,-0.72517,-0.00608,3.46619,3.53416,8,0x00000000,1,-0.73636,-0.74712,0.00495,0.65663,0.69767,8,0x00000000,1,-0.72074,-0.71765,-0.01050,2.88060,2.83087,8,0x00000000,1,-0.69871,-0.68843,-0.01015,3.22019,3.42367,8,0x00000000,1,-0.78523,-0.81579,0.01323,-2.92618,-2.95921,8,0x00000000,1
25.0249,0.23596,0.37447,-39.45411,0.23596,0.37447,0.24019,0.37568,0.14278,0.83108,-0.09741,0.45540,-0.09741,0.45540,0.00000,0.00000,0,0.00055,-0.76436,-0.76288,-0.00840,0.23352,0.34048,8,0x00000000,1,-0.72603,-0.72530,0.00050,3.45837,3.63289,8,0x00000000,1,-0.73651,-0.74705,0.00195,0.54325,0.48273,8,0x00000000,1,-0.72114,-0.71781,0.00466,2.95220,2.94009,8,0x00000000,1,-0.69906,-0.68950,-0.01007,3.27492,3.22217,8,0x00000000,1,-0.78476,-0.81521,-0.00365,-3.32038,-3.72943,8,0x00000000,1
25.1271,0.22708,0.37412,-39.46315,0.22708,0.37412,0.23176,0.37411,0.13606,0.82040,-0.09570,0.44630,-0.09570,0.44630,0.00000,0.00000,0,0.00036,-0.76402,-0.76288,-0.00569,0.24192,0.27914,8,0x00000000,1,-0.72592,-0.72544,0.01128,3.46784,3.54262,8,0x00000000,1,-0.73646,-0.74695,0.01030,0.40929,0.31758,8,0x00000000,1,-0.72155,-0.71804,-0.00769,2.97437,3.00512,8,0x00000000,1,-0.69945,-0.69141,-0.02618,3.26288,3.49394,8,0x00000000,1,-0.78446,-0.81441,0.00528,-3.68351,-3.82249,8,0x00000000,1
25.2269,0.21023,0.37168,-39.47150,0.21023,0.37168,0.21957,0.37264,0.12961,0.80976,-0.08996,0.43712,-0.08996,0.43712,0.00000,0.00000,0,0.00035,-0.76375,-0.76286,-0.00158,0.25926,0.26630,8,0x00000000,1,-0.72562,-0.72558,-0.00525,3.41231,3.43108,8,0x00000000,1,-0.73623,-0.74690,-0.00452,0.27014,0.27510,8,0x00000000,1,-0.72205,-0.71827,0.00304,3.07601,3.23389,8,0x00000000,1,-0.69995,-0.69369,-0.03117,3.20369,3.05027,8,0x00000000,1,-0.78426,-0.81344,0.00834,-3.98848,-4.08992,8,0x00000000,1
25.3269,0.19447,0.36569,-39.48008,0.19447,0.36569,0.20302,0.36878,0.12361,0.79919,-0.07941,0.43041,-0.07941,0.43041,0.00000,0.00000,0,0.00038,-0.76368,-0.76284,0.01148,0.25693,0.22557,8,0x00000000,1,-0.72511,-0.72562,-0.00001,3.39350,3.39423,8,0x00000000,1,-0.73577,-0.74676,-0.00011,0.11380,0.12591,8,0x00000000,1,-0.72253,-0.71856,0.00459,3.14935,3.02480,8,0x00000000,1,-0.70048,-0.69525,-0.02327,3.24662,3.47974,8,0x00000000,1,-0.78428,-0.81241,-0.00435,-4.27093,-4.25948,8,0x00000000,1
25.4297,0.18537,0.36385,-39.48465,0.18537,0.36385,0.19135,0.36656,0.11801,0.78872,-0.07334,0.42216,-0.07334,0.42216,0.00000,0.00000,0,0.00036,-0.76346,-0.76287,-0.01041,0.25844,0.31092,8,0x00000000,1,-0.72479,-0.72569,-0.00101,3.35818,3.39925,8,0x00000000,1,-0.73552,-0.74663,0.00118,-0.02938,-0.00196,8,0x00000000,1,-0.72300,-0.71889,-0.01441,3.17179,3.13832,8,0x00000000,1,-0.70095,-0.69615,-0.01116,3.29118,3.25407,8,0x00000000,1,-0.78413,-0.81058,0.00651,-4.45835,-4.54173,8,0x00000000,1
25.5369,0.17709,0.36097,-39.48665,0.17709,0.36097,0.18181,0.36273,0.11269,0.77832,-0.06912,0.41559,-0.06912,0.41559,0.00000,0.00000,0,0.00041,-0.76327,-0.76288,-0.00830,0.25328,0.19038,8,0x00000000,1,-0.72457,-0.72574,-0.00363,3.29898,3.45884,8,0x00000000,1,-0.73535,-0.74649,-0.00013,-0.17363,-0.23703,8,0x00000000,1,-0.72335,-0.71919,-0.00453,3.21498,3.23371,8,0x00000000,1,-0.70131,-0.69681,-0.01054,3.32973,3.30257,8,0x00000000,1,-0.78399,-0.80619,0.10204,-4.21924,-4.17171,8,0x00000000,1
25.6402,0.14088,0.37671,-39.52894,0.14088,0.37671,0.16006,0.36777,0.10777,0.76794,-0.05229,0.40017,-0.05229,0.40017,0.00000,0.00000,0,0.00136,-0.76297,-0.76283,0.00669,0.27870,0.32043,8,0x00000000,1,-0.72374,-0.72575,-0.00368,3.25472,3.26408,8,0x00000000,1,-0.73463,-0.74630,0.00581,-0.34704,-0.28796,8,0x00000000,1,-0.72433,-0.71956,-0.00064,3.32581,3.14017,8,0x00000000,1,-0.70233,-0.69745,-0.00346,3.45121,3.49946,8,0x00000000,1,-0.78385,-0.79223,0.24123,-3.05637,-3.13566,8,0x00000000,1
25.7424,0.07618,0.40607,-39.59849,0.07618,0.40607,0.10223,0.39208,0.10404,0.75710,0.00181,0.36502,0.00181,0.36502,0.00000,0.00000,0,0.00102,-0.76259,-0.76284,0.00525,0.21866,0.15338,8,0x00000000,1,-0.72111,-0.72575,-0.00428,3.02937,3.19817,8,0x00000000,1,-0.73227,-0.74579,0.00293,-0.65173,-0.60549,8,0x00000000,1,-0.72685,-0.72009,-0.00681,3.52213,3.42916,8,0x00000000,1,-0.70508,-0.69835,-0.00248,3.66132,3.75558,8,0x00000000,1,-0.78394,-0.78120,0.05513,-2.89484,-2.96777,8,0x00000000,1
25.8401,0.05536,0.40766,-39.62295,0.05536,0.40766,0.06886,0.40543,0.10165,0.74567,0.03279,0.34023,0.03279,0.34023,0.00000,0.00000,0,0.00029,-0.76218,-0.76280,0.01469,0.19711,0.30546,8,0x00000000,1,-0.71959,-0.72575,-0.00750,2.84404,2.76824,8,0x00000000,1,-0.73093,-0.74501,0.00982,-0.83942,-0.72888,8,0x00000000,1,-0.72850,-0.72084,-0.01061,3.66228,3.45269,8,0x00000000,1,-0.70683,-0.69941,-0.01093,3.76908,3.53545,8,0x00000000,1,-0.78381,-0.77918,0.01144,-2.85625,-2.93456,8,0x00000000,1
25.9463,0.04109,0.39431,-39.62162,0.04109,0.39431,0.04980,0.40123,0.09998,0.73413,0.05018,0.33290,0.05018,0.33290,0.00000,0.00000,0,0.00026,-0.76222,-0.76283,-0.00602,0.17897,0.21656,8,0x00000000,1,-0.71876,-0.72573,0.00258,2.73305,2.78248,8,0x00000000,1,-0.73016,-0.74144,0.08536,-0.55130,-0.57180,8,0x00000000,1,-0.72914,-0.72146,-0.00022,3.80589,3.74322,8,0x00000000,1,-0.70756,-0.70043,-0.00540,3.82388,3.94311,8,0x00000000,1,-0.78399,-0.77890,-0.00233,-2.81250,-2.77459,8,0x00000000,1
26.0474,0.01958,0.35841,-39.58846,0.01958,0.35841,0.03025,0.37206,0.09883,0.72312,0.06858,0.35105,0.06858,0.35105,0.00000,0.00000,0,0.00027,-0.76334,-0.76284,-0.00137,0.27838,0.38043,8,0x00000000,1,-0.71798,-0.72573,0.00081,2.59130,2.66770,8,0x00000000,1,-0.72925,-0.73546,0.01204,-0.53048,-0.48639,8,0x00000000,1,-0.72875,-0.72181,-0.00967,3.76802,3.78548,8,0x00000000,1,-0.70735,-0.70172,-0.01044,3.75948,3.86751,8,0x00000000,1,-0.78516,-0.77882,0.00542,-2.61393,-2.54437,8,0x00000000,1
26.1494,0.00391,0.34482,-39.59812,0.00391,0.34482,0.01662,0.35415,0.09826,0.71280,0.08164,0.35865,0.08164,0.35865,0.00000,0.00000,16,0.00043,-0.76392,-0.76287,-0.00635,0.28310,0.27393,8,0x00000000,1,-0.71741,-0.72573,-0.00726,2.47387,2.48661,8,0x00000000,1,-0.72863,-0.73449,0.01512,-0.55556,-0.52892,8,0x00000000,1,-0.72869,-0.72212,0.00453,3.83584,3.75031,8,0x00000000,1,-0.70740,-0.70456,-0.04671,3.53456,3.50878,8,0x00000000,1,-0.78579,-0.77883,0.00283,-2.52555,-2.57762,8,0x00000000,1
26.2507,-0.02680,0.32819,-39.61940,-0.02680,0.32819,-0.00882,0.33745,0.09826,0.70296,0.10708,0.36550,0.10708,0.36550,0.00000,0.00000,16,0.00033,-0.76472,-0.76286,0.00482,0.35284,0.42459,8,0x00000000,1,-0.71626,-0.72571,-0.00871,2.29374,2.30514,8,0x00000000,1,-0.72744,-0.73324,0.02493,-0.58616,-0.72163,8,0x00000000,1,-0.72891,-0.72247,-0.00308,3.92971,3.96367,8,0x00000000,1,-0.70780,-0.71159,-0.05431,3.09734,3.23000,8,0x00000000,1,-0.78672,-0.77884,-0.00300,-2.39449,-2.41100,8,0x00000000,1
26.3506,-0.05994,0.27775,-39.60369,-0.05994,0.27775,-0.04399,0.30784,0.09896,0.69370,0.14295,0.38586,0.14295,0.38586,0.00000,0.00000,0,0.00024,-0.76628,-0.76293,0.00235,0.49999,0.50503,8,0x00000000,1,-0.71469,-0.72568,-0.00686,2.04802,2.05480,8,0x00000000,1,-0.72572,-0.72270,0.21625,0.51102,0.21406,8,0x00000000,1,-0.72876,-0.72287,-0.00091,3.97620,3.92558,8,0x00000000,1,-0.70796,-0.71532,-0.03522,2.86157,2.86403,8,0x00000000,1,-0.78843,-0.77885,0.00099,-2.17511,-2.26386,8,0x00000000,1
26.4545,-0.09538,0.21699,-39.57157,-0.09538,0.21699,-0.08582,0.23875,0.10086,0.68606,0.18668,0.44731,0.18668,0.44731,0.00000,0.00000,0,0.00028,-0.76972,-0.76321,0.00876,0.81309,0.72314,8,0x00000000,1,-0.71290,-0.72560,0.00264,1.77174,1.60486,8,0x00000000,1,-0.72351,-0.71725,0.00925,0.14783,0.06893,8,0x00000000,1,-0.72706,-0.72315,-0.00511,3.87849,3.93529,8,0x00000000,1,-0.70676,-0.71949,-0.06729,2.28473,2.25826,8,0x00000000,1,-0.79191,-0.77889,0.00473,-1.74118,-1.78893,8,0x00000000,1
26.5589,-0.13421,0.19854,-39.58073,-0.13421,0.19854,-0.11770,0.20913,0.10374,0.67975,0.22143,0.47061,0.22143,0.47061,0.00000,0.00000,0,0.00037,-0.77138,-0.76349,0.00046,0.96092,1.00696,8,0x00000000,1,-0.71138,-0.72548,0.00011,1.52965,1.56282,8,0x00000000,1,-0.72184,-0.71646,0.00718,0.17040,0.29281,8,0x00000000,1,-0.72678,-0.72334,-0.00257,3.90375,3.88148,8,0x00000000,1,-0.70677,-0.72274,-0.01409,1.99440,1.93933,8,0x00000000,1,-0.79371,-0.77893,0.00613,-1.50614,-1.56513,8,0x00000000,1
26.6612,-0.13974,0.19425,-39.58613,-0.13974,0.19425,-0.13515,0.19712,0.10739,0.67400,0.24254,0.47688,0.24254,0.47688,0.00000,0.00000,0,0.00167,-0.77207,-0.76367,-0.00817,1.08415,1.08800,8,0x00000000,1,-0.71044,-0.72518,-0.00701,1.32124,1.40435,8,0x00000000,1,-0.72085,-0.71630,0.00691,0.19956,0.17324,8,0x00000000,1,-0.72693,-0.72359,-0.00512,3.90623,4.01116,8,0x00000000,1,-0.70708,-0.72289,-0.00239,1.87478,1.97167,8,0x00000000,1,-0.79450,-0.77901,0.00271,-1.22500,-1.05989,8,0x00000000,1
26.7602,-0.14349,0.19328,-39.58300,-0.14349,0.19328,-0.14190,0.19445,0.11136,0.66842,0.25326,0.47398,0.25326,0.47398,0.00000,0.00000,0,0.00028,-0.77216,-0.76385,-0.00356,1.18407,1.20863,8,0x00000000,1,-0.70993,-0.72485,0.00351,1.15421,1.00622,8,0x00000000,1,-0.72037,-0.71628,-0.00241,0.21706,0.26395,8,0x00000000,1,-0.72726,-0.72385,-0.00750,4.00436,4.13498,8,0x00000000,1,-0.70747,-0.72288,-0.00155,1.72656,1.76962,8,0x00000000,1,-0.79467,-0.77907,0.00193,-1.07740,-1.10839,8,0x00000000,1
26.8635,-0.14935,0.18986,-39.57887,-0.14935,0.18986,-0.14664,0.19149,0.11546,0.66293,0.26210,0.47144,0.26210,0.47144,0.00000,0.00000,0,0.00028,-0.77223,-0.76400,0.00196,1.28198,1.30550,8,0x00000000,1,-0.70951,-0.72444,0.00579,0.95508,1.01603,8,0x00000000,1,-0.71997,-0.71629,-0.00424,0.23143,0.16155,8,0x00000000,1,-0.72754,-0.72413,-0.00304,4.04656,4.10397,8,0x00000000,1,-0.70780,-0.72286,0.00062,1.54248,1.59522,8,0x00000000,1,-0.79481,-0.77916,-0.00259,-0.88426,-0.99007,8,0x00000000,1
26.9619,-0.14994,0.18818,-39.58357,-0.14994,0.18818,-0.15080,0.18898,0.11971,0.65751,0.27051,0.46853,0.27051,0.46853,0.00000,0.00000,0,0.00139,-0.77228,-0.76421,-0.00724,1.32871,1.29773,8,0x00000000,1,-0.70911,-0.72406,0.00087,0.81208,0.84167,8,0x00000000,1,-0.71959,-0.71628,-0.00386,0.25103,0.16032,8,0x00000000,1,-0.72783,-0.72434,-0.00890,4.08424,3.89525,8,0x00000000,1,-0.70813,-0.72285,0.00278,1.40551,1.53410,8,0x00000000,1,-0.79492,-0.77925,0.00241,-0.69579,-0.61067,8,0x00000000,1
27.0618,-0.14623,0.19209,-39.57732,-0.14623,0.19209,-0.14834,0.19100,0.12397,0.65210,0.27231,0.46110,0.27231,0.46110,0.00000,0.00000,0,0.00026,-0.77201,-0.76432,0.00003,1.41407,1.53641,8,0x00000000,1,-0.70900,-0.72361,-0.00328,0.63298,0.60274,8,0x00000000,1,-0.71954,-0.71626,0.00423,0.29710,0.25548,8,0x00000000,1,-0.72817,-0.72457,-0.00064,4.13975,4.24671,8,0x00000000,1,-0.70846,-0.72282,-0.00484,1.23890,1.23999,8,0x00000000,1,-0.79469,-0.77935,0.00612,-0.50955,-0.52826,8,0x00000000,1
27.1640,-0.14699,0.19220,-39.57243,-0.14699,0.19220,-0.14735,0.19161,0.12819,0.64664,0.27554,0.45503,0.27554,0.45503,0.00000,0.00000,0,0.00029,-0.77182,-0.76445,-0.00678,1.49500,1.43583,8,0x00000000,1,-0.70883,-0.72305,0.00269,0.45941,0.51109,8,0x00000000,1,-0.71941,-0.71626,0.00448,0.33017,0.14139,8,0x00000000,1,-0.72849,-0.72490,-0.00486,4.15812,4.16390,8,0x00000000,1,-0.70878,-0.72281,-0.01237,1.04139,1.03822,8,0x00000000,1,-0.79454,-0.77943,0.00530,-0.35615,-0.41924,8,0x00000000,1
27.2651,-0.15000,0.19485,-39.57470,-0.15000,0.19485,-0.14829,0.19391,0.13239,0.64115,0.28067,0.44724,0.28067,0.44724,0.00000,0.00000,0,0.00048,-0.77160,-0.76459,-0.00097,1.56602,1.62482,8,0x00000000,1,-0.70857,-0.72223,0.01322,0.33836,0.44303,8,0x00000000,1,-0.71920,-0.71627,0.00102,0.36585,0.32333,8,0x00000000,1,-0.72892,-0.72514,-0.00740,4.23973,4.17245,8,0x00000000,1,-0.70921,-0.72274,0.00756,0.96563,0.95281,8,0x00000000,1,-0.79438,-0.77954,-0.00474,-0.21491,-0.24818,8,0x00000000,1
27.3678,-0.14858,0.19562,-39.56620,-0.14858,0.19562,-0.15003,0.19564,0.13666,0.63559,0.28669,0.43995,0.28669,0.43995,0.00000,0.00000,0,0.00216,-0.77141,-0.76475,0.00659,1.63758,1.58507,8,0x00000000,1,-0.70826,-0.72134,0.01472,0.23619,0.25367,8,0x00000000,1,-0.71895,-0.71628,0.00102,0.34435,0.36008,8,0x00000000,1,-0.72934,-0.72542,0.00409,4.31516,4.30143,8,0x00000000,1,-0.70964,-0.72272,-0.00664,0.79300,0.77910,8,0x00000000,1,-0.79426,-0.77961,-0.00531,-0.05326,-0.03224,8,0x00000000,1
27.4659,-0.15094,0.19547,-39.56215,-0.15094,0.19547,-0.14923,0.19637,0.14090,0.62999,0.29013,0.43362,0.29013,0.43362,0.00000,0.00000,0,0.00041,-0.77122,-0.76490,-0.00432,1.67721,1.74956,8,0x00000000,1,-0.70808,-0.72046,0.00821,0.12941,0.13824,8,0x00000000,1,-0.71881,-0.71629,-0.00551,0.38124,0.40812,8,0x00000000,1,-0.72967,-0.72577,0.00386,4.33521,4.23219,8,0x00000000,1,-0.70997,-0.72264,0.00932,0.68751,0.70118,8,0x00000000,1,-0.79411,-0.77965,-0.00275,0.12042,-0.00191,8,0x00000000,1
27.5712,-0.15371,0.19016,-39.56838,-0.15371,0.19016,-0.15194,0.19320,0.14519,0.62443,0.29713,0.43123,0.29713,0.43123,0.00000,0.00000,0,0.00030,-0.77126,-0.76500,0.00710,1.79842,1.67339,8,0x00000000,1,-0.70775,-0.71975,0.00636,-0.01172,-0.10830,8,0x00000000,1,-0.71850,-0.71628,-0.00003,0.37906,0.36040,8,0x00000000,1,-0.72991,-0.72614,-0.00121,4.38172,4.22239,8,0x00000000,1,-0.71024,-0.72262,0.00362,0.55224,0.50954,8,0x00000000,1,-0.79421,-0.77974,-0.00310,0.30507,0.30040,8,0x00000000,1
27.6751,-0.15699,0.18941,-39.55818,-0.15699,0.18941,-0.15486,0.18979,0.14957,0.61899,0.30443,0.42920,0.30443,0.42920,0.00000,0.00000,0,0.00046,-0.77132,-0.76522,-0.00144,1.81694,1.81898,8,0x00000000,1,-0.70741,-0.71887,0.00704,-0.11532,-0.08165,8,0x00000000,1,-0.71817,-0.71626,0.00403,0.40274,0.30678,8,0x00000000,1,-0.73013,-0.72657,-0.00670,4.39744,4.38804,8,0x00000000,1,-0.71051,-0.72257,0.00530,0.39804,0.49927,8,0x00000000,1,-0.79432,-0.77980,-0.00037,0.49335,0.42073,8,0x00000000,1
27.7776,-0.16057,0.18704,-39.55752,-0.16057,0.18704,-0.15872,0.18742,0.15404,0.61362,0.31276,0.42620,0.31276,0.42620,0.00000,0.00000,0,0.00036,-0.77136,-0.76541,-0.00028,1.85433,1.93333,8,0x00000000,1,-0.70701,-0.71823,0.00637,-0.22095,-0.15405,8,0x00000000,1,-0.71780,-0.71629,-0.00552,0.38212,0.46989,8,0x00000000,1,-0.73042,-0.72704,-0.00476,4.44776,4.17560,8,0x00000000,1,-0.71084,-0.72250,0.00343,0.28489,0.32518,8,0x00000000,1,-0.79443,-0.77988,-0.00801,0.66675,0.60782,8,0x00000000,1
27.8789,-0.16982,0.18161,-39.55326,-0.16982,0.18161,-0.16663,0.18286,0.15869,0.60834,0.32532,0.42548,0.32532,0.42548,0.00000,0.00000,0,0.00036,-0.77158,-0.76561,-0.00047,1.98796,2.03589,8,0x00000000,1,-0.70643,-0.71702,0.01670,-0.29364,-0.29002,8,0x00000000,1,-0.71723,-0.71628,0.00377,0.36217,0.42368,8,0x00000000,1,-0.73070,-0.72757,-0.00577,4.44233,4.59717,8,0x00000000,1,-0.71120,-0.72247,-0.00430,0.16448,0.13811,8,0x00000000,1,-0.79473,-0.77995,-0.00500,0.88531,0.87453,8,0x00000000,1
27.9814,-0.17312,0.18004,-39.54533,-0.17312,0.18004,-0.17093,0.18101,0.16351,0.60316,0.33444,0.42215,0.33444,0.42215,0.00000,0.00000,0,0.00126,-0.77163,-0.76584,0.00121,1.98857,1.84347,8,0x00000000,1,-0.70600,-0.71595,0.00316,-0.42140,-0.59044,8,0x00000000,1,-0.71682,-0.71626,0.00550,0.36706,0.21008,8,0x00000000,1,-0.73102,-0.72818,-0.01997,4.45163,4.37611,8,0x00000000,1,-0.71156,-0.72244,-0.00698,0.06651,-0.02834,8,0x00000000,1,-0.79484,-0.78004,0.01420,1.10282,1.21149,8,0x00000000,1
28.0828,-0.17064,0.17629,-39.54542,-0.17064,0.17629,-0.17167,0.17726,0.16840,0.59806,0.34007,0.42080,0.34007,0.42080,0.00000,0.00000,0,0.00044,-0.77168,-0.76609,0.00695,2.05994,2.14349,8,0x00000000,1,-0.70573,-0.71488,0.00310,-0.46503,-0.38109,8,0x00000000,1,-0.71657,-0.71627,0.00267,0.34266,0.32562,8,0x00000000,1,-0.73118,-0.72868,0.00313,4.51527,4.42207,8,0x00000000,1,-0.71176,-0.72237,-0.00167,-0.05905,-0.04887,8,0x00000000,1,-0.79494,-0.78024,-0.01111,1.22552,1.27088,8,0x00000000,1
28.1845,-0.17349,0.17016,-39.54424,-0.17349,0.17016,-0.17109,0.17358,0.17328,0.59305,0.34437,0.41947,0.34437,0.41947,0.00000,0.00000,0,0.00034,-0.77171,-0.76641,-0.00614,2.08710,1.99078,8,0x00000000,1,-0.70553,-0.71396,0.01312,-0.49995,-0.57717,8,0x00000000,1,-0.71637,-0.71628,-0.00300,0.34262,0.32655,8,0x00000000,1,-0.73132,-0.72930,-0.01838,4.44785,4.55885,8,0x00000000,1,-0.71192,-0.72228,0.00230,-0.14581,-0.22185,8,0x00000000,1,-0.79500,-0.78041,-0.00025,1.39965,1.37696,8,0x00000000,1
28.2887,-0.17006,0.16367,-39.55278,-0.17006,0.16367,-0.17143,0.16722,0.17817,0.58820,0.34960,0.42098,0.34960,0.42098,0.00000,0.00000,0,0.00049,-0.77188,-0.76690,-0.01259,2.18033,2.13730,8,0x00000000,1,-0.70529,-0.71321,0.00934,-0.60131,-0.61047,8,0x00000000,1,-0.71613,-0.71628,-0.00526,0.32123,0.35566,8,0x00000000,1,-0.73136,-0.72977,-0.00522,4.45484,4.54000,8,0x00000000,1,-0.71200,-0.72223,-0.01018,-0.28045,-0.26098,8,0x00000000,1,-0.79520,-0.78067,-0.00572,1.58048,1.75543,8,0x00000000,1
28.3915,-0.17188,0.15626,-39.54403,-0.17188,0.15626,-0.17055,0.16141,0.18303,0.58351,0.35358,0.42211,0.35358,0.42211,0.00000,0.00000,0,0.00034,-0.77201,-0.76749,0.00468,2.17373,2.25464,8,0x00000000,1,-0.70511,-0.71241,0.00603,-0.65499,-0.76393,8,0x00000000,1,-0.71594,-0.71628,-0.00356,0.31445,0.32556,8,0x00000000,1,-0.73139,-0.73017,0.00013,4.48061,4.53115,8,0x00000000,1,-0.71206,-0.72215,-0.00711,-0.40677,-0.36195,8,0x00000000,1,-0.79535,-0.78103,0.00047,1.74486,1.80490,8,0x00000000,1
28.4941,-0.17180,0.15118,-39.55579,-0.17180,0.15118,-0.17156,0.15528,0.18791,0.57901,0.35947,0.42372,0.35947,0.42372,0.00000,0.00000,0,0.00180,-0.77219,-0.76822,-0.01016,2.14477,2.16772,8,0x00000000,1,-0.70485,-0.71100,0.01439,-0.64338,-0.66042,8,0x00000000,1,-0.71567,-0.71626,-0.00114,0.30550,0.23014,8,0x00000000,1,-0.73144,-0.73052,0.00180,4.49939,4.43626,8,0x00000000,1,-0.71216,-0.72201,0.00531,-0.46814,-0.49028,8,0x00000000,1,-0.79556,-0.78152,-0.00554,1.87955,1.84056,8,0x00000000,1
28.5944,-0.17192,0.13842,-39.56371,-1.17192,0.13842,-0.72277,0.14476,0.14551,0.57473,0.86828,0.42997,0.86828,0.42997,1.00000,0.00000,0,0.00026,-0.78262,-0.77023,-0.09559,2.74603,2.65737,8,0x00000000,1,-0.68144,-0.70352,0.54370,-0.79260,-1.06223,8,0x00000000,1,-0.69234,-0.71455,0.15503,-1.26118,-0.59508,8,0x00000000,1,-0.74117,-0.73184,-0.05617,5.11330,5.19300,8,0x00000000,1,-0.72520,-0.72198,-0.00930,0.53907,0.00165,8,0x00000000,1,-0.80920,-0.78358,-0.08827,2.90148,2.87943,8,0x00000000,1
28.6952,-0.19732,-0.21245,-39.63665,-1.19732,-0.21245,-1.10606,-0.07495,0.17331,0.57339,1.27937,0.64834,1.27937,0.64834,1.00000,0.00000,0,0.00083,-0.79994,-0.78015,-0.08604,3.51064,3.48791,8,0x00000000,1,-0.66327,-0.67296,0.03657,-1.29941,-1.30150,8,0x00000000,1,-0.67286,-0.69826,0.08260,-1.74337,-1.79395,8,0x00000000,1,-0.74010,-0.73774,-0.08739,4.52018,4.65061,8,0x00000000,1,-0.72765,-0.72223,-0.00871,0.62631,0.56609,8,0x00000000,1,-0.82833,-0.78918,-0.02813,4.20596,4.22042,8,0x00000000,1
28.7990,-0.29381,-0.43256,-39.40271,-1.29381,-0.43256,-1.23582,-0.32348,0.20683,0.57914,1.44265,0.90262,1.44265,0.90262,1.00000,0.00000,0,0.00245,-0.81383,-0.78879,-0.13495,4.00120,3.89299,8,0x00000000,1,-0.65662,-0.66504,0.09392,-0.97844,-0.80001,8,0x00000000,1,-0.66464,-0.67428,0.00923,-0.79117,-0.71860,8,0x00000000,1,-0.73269,-0.74397,-0.02248,3.46188,3.49906,8,0x00000000,1,-0.72224,-0.72215,0.00299,0.01510,0.16253,8,0x00000000,1,-0.84227,-0.79401,-0.07526,5.11264,5.03156,8,0x00000000,1
28.8976,-0.18814,-0.59594,-39.54053,-1.18814,-0.59594,-1.22114,-0.51544,0.24229,0.59139,1.46343,1.10683,1.46343,1.10683,1.00000,0.00000,0,0.00030,-0.82280,-0.79852,-0.05771,4.37608,4.25283,8,0x00000000,1,-0.65636,-0.65747,0.09875,-0.45246,-0.53821,8,0x00000000,1,-0.66308,-0.67393,0.00398,-0.97125,-0.96936,8,0x00000000,1,-0.72459,-0.74418,0.00966,2.96220,2.98541,8,0x00000000,1,-0.71501,-0.72205,0.00693,-0.48070,-0.38111,8,0x00000000,1,-0.85054,-0.81016,-0.12244,5.05634,5.03301,8,0x00000000,1
29.0005,-0.13462,-0.68322,-39.56406,-1.13462,-0.68322,-1.17270,-0.63077,0.27640,0.60786,1.44910,1.23863,1.44910,1.23863,1.00000,0.00000,0,0.00028,-0.82803,-0.80062,-0.02573,4.78880,4.76087,8,0x00000000,1,-0.65747,-0.65004,0.01978,-0.02566,-0.03219,8,0x00000000,1,-0.66334,-0.67386,0.00014,-1.07823,-1.09524,8,0x00000000,1,-0.71882,-0.74400,0.00563,2.32748,2.48100,8,0x00000000,1,-0.70961,-0.72180,0.00098,-0.83712,-0.85904,8,0x00000000,1,-0.85514,-0.81346,-0.02039,5.82464,5.85645,8,0x00000000,1
29.1061,-0.14004,-0.69965,-39.55139,-1.14004,-0.69965,-1.15005,-0.68164,0.30936,0.62677,1.45941,1.30842,1.45941,1.30842,1.00000,0.00000,0,0.00046,-0.83116,-0.80252,-0.01805,5.28117,5.27062,8,0x00000000,1,-0.65723,-0.64993,0.00170,0.01747,-0.02803,8,0x00000000,1,-0.66266,-0.67366,0.00153,-1.21170,-1.18062,8,0x00000000,1,-0.71612,-0.74379,-0.00064,1.83722,1.79857,8,0x00000000,1,-0.70722,-0.72134,0.00330,-1.12053,-1.10805,8,0x00000000,1,-0.85805,-0.81513,-0.01402,6.37439,6.03657,8,0x00000000,1
29.2108,-0.12576,-0.71779,-39.55696,-1.12576,-0.71779,-1.13204,-0.70741,0.34182,0.64665,1.47386,1.35406,1.47386,1.35406,1.00000,0.00000,0,0.00029,-0.83337,-0.80416,-0.00598,5.65129,5.74828,8,0x00000000,1,-0.65672,-0.64994,-0.00064,0.06175,0.06752,8,0x00000000,1,-0.66187,-0.67298,0.00199,-1.38603,-1.37009,8,0x00000000,1,-0.71450,-0.74348,-0.00214,1.39213,1.34873,8,0x00000000,1,-0.70586,-0.72104,-0.00265,-1.34424,-1.31824,8,0x00000000,1,-0.86015,-0.81711,-0.01115,6.98900,6.92417,8,0x00000000,1
29.3124,-0.11234,-0.73062,-39.55455,-1.11234,-0.73062,-1.11910,-0.72291,0.37388,0.66706,1.49297,1.38997,1.49297,1.38997,1.00000,0.00000,0,0.00039,-0.83525,-0.80608,-0.01826,5.94653,5.87538,8,0x00000000,1,-0.65595,-0.64994,-0.00201,0.09973,0.00772,8,0x00000000,1,-0.66090,-0.67200,0.01396,-1.48306,-1.50952,8,0x00000000,1,-0.71338,-0.74311,-0.00478,1.03430,1.08211,8,0x00000000,1,-0.70499,-0.72054,0.00306,-1.51711,-1.56934,8,0x00000000,1,-0.86201,-0.81857,-0.01852,7.48763,7.53346,8,0x00000000,1
29.4125,-0.09344,-0.75003,-39.55414,-1.09344,-0.75003,-1.10246,-0.74047,0.40554,0.68793,1.50800,1.42840,1.50800,1.42840,1.00000,0.00000,0,0.00094,-0.83717,-0.80878,-0.02647,6.23666,6.29608,8,0x00000000,1,-0.65539,-0.64992,0.00705,0.13610,0.09174,8,0x00000000,1,-0.66010,-0.67120,0.00388,-1.63205,-1.47898,8,0x00000000,1,-0.71208,-0.74256,0.00969,0.64001,0.90995,8,0x00000000,1,-0.70392,-0.71865,0.06397,-1.48868,-1.52345,8,0x00000000,1,-0.86386,-0.81996,-0.01958,8.00960,8.12019,8,0x00000000,1
29.5128,-0.05343,-0.77350,-39.55383,-1.05343,-0.77350,-1.07631,-0.75944,0.43664,0.70930,1.51295,1.46874,1.51295,1.46874,1.00000,0.00000,0,0.00036,-0.83896,-0.81303,-0.06291,6.31559,6.37671,8,0x00000000,1,-0.65530,-0.64994,-0.00219,0.20316,0.27414,8,0x00000000,1,-0.65976,-0.66977,0.01029,-1.69752,-1.75406,8,0x00000000,1,-0.71050,-0.74154,0.01889,0.25604,0.28234,8,0x00000000,1,-0.70251,-0.71092,0.05488,-1.23014,-1.32567,8,0x00000000,1,-0.86552,-0.82185,-0.01580,8.57547,8.71498,8,0x00000000,1
29.6145,0.04697,-0.78201,-39.48827,-0.95303,-0.78201,-1.01738,-0.78206,0.46657,0.73134,1.48394,1.51340,1.48394,1.51340,1.00000,0.00000,0,0.00029,-0.84025,-0.81940,-0.07423,6.20074,6.30081,8,0x00000000,1,-0.65679,-0.64992,0.00697,0.40592,0.29289,8,0x00000000,1,-0.66094,-0.66871,0.01214,-1.64490,-1.75411,8,0x00000000,1,-0.70808,-0.73437,0.12781,0.47800,0.48091,8,0x00000000,1,-0.70005,-0.69788,0.16161,-0.26398,-0.34913,8,0x00000000,1,-0.86644,-0.82536,-0.06475,8.77393,8.81842,8,0x00000000,1
29.7153,0.20393,-0.85867,-39.48864,-0.79607,-0.85867,-0.88218,-0.82503,0.49359,0.75418,1.37577,1.57920,1.37577,1.57920,1.00000,0.00000,0,0.00047,-0.84085,-0.83117,-0.08681,5.54719,5.57937,8,0x00000000,1,-0.66203,-0.64995,-0.00257,0.83355,0.77747,8,0x00000000,1,-0.66565,-0.66852,0.00011,-1.38913,-1.46656,8,0x00000000,1,-0.70324,-0.72704,0.08191,0.28540,0.31193,8,0x00000000,1,-0.69470,-0.69560,0.01000,-0.88931,-0.84332,8,0x00000000,1,-0.86606,-0.83389,-0.08301,8.53359,8.53946,8,0x00000000,1
29.8215,0.32243,-0.89209,-39.51384,-0.67757,-0.89209,-0.74694,-0.87293,0.51661,0.77845,1.26355,1.65138,1.26355,1.65138,1.00000,0.00000,0,0.00147,-0.84163,-0.83673,-0.03463,5.50553,5.44151,8,0x00000000,1,-0.66747,-0.65024,-0.01401,1.36219,1.42199,8,0x00000000,1,-0.67053,-0.66854,0.00882,-0.96981,-1.21338,8,0x00000000,1,-0.69806,-0.72215,0.03427,-0.25066,-0.21281,8,0x00000000,1,-0.68900,-0.69180,0.05606,-0.93840,-0.97601,8,0x00000000,1,-0.86583,-0.84355,-0.19223,7.92421,7.75530,8,0x00000000,1
29.9195,0.46185,-0.93061,-39.39493,-0.53815,-0.93061,-0.61060,-0.91039,0.53590,0.80389,1.14650,1.71429,1.14650,1.71429,1.00000,0.00000,0,0.00027,-0.84193,-0.83825,-0.00525,5.52332,5.44041,8,0x00000000,1,-0.67312,-0.65244,-0.03868,1.69822,1.77332,8,0x00000000,1,-0.67565,-0.66862,-0.00952,-0.67619,-0.66284,8,0x00000000,1,-0.69318,-0.71960,0.03703,-0.66145,-0.67415,8,0x00000000,1,-0.68353,-0.68626,0.04316,-1.01842,-1.07387,8,0x00000000,1,-0.86511,-0.85516,-0.03913,7.72783,7.86946,8,0x00000000,1
30.0218,0.50742,-0.92175,-39.39930,-0.49258,-0.92175,-0.52966,-0.92204,0.55194,0.83008,1.08160,1.75211,1.08160,1.75211,1.00000,0.00000,0,0.00028,-0.84221,-0.83904,0.00094,5.55466,5.49667,8,0x00000000,1,-0.67626,-0.65642,-0.04006,1.86218,1.80985,8,0x00000000,1,-0.67847,-0.66874,-0.00332,-0.39675,-0.44818,8,0x00000000,1,-0.69035,-0.71703,0.02466,-1.04949,-0.97914,8,0x00000000,1,-0.68038,-0.68303,0.04746,-0.99010,-1.05223,8,0x00000000,1,-0.86483,-0.85768,-0.02519,7.68563,7.65988,8,0x00000000,1
30.1238,0.60612,-0.91258,-39.30615,-0.39388,-0.91258,-0.44269,-0.91056,0.56587,0.85621,1.00856,1.76677,1.00856,1.76677,1.00000,0.00000,0,0.00030,-0.84136,-0.83957,-0.01136,5.47170,5.46429,8,0x00000000,1,-0.67970,-0.66155,-0.02056,2.09068,1.96633,8,0x00000000,1,-0.68174,-0.66898,-0.00347,-0.08318,-0.13717,8,0x00000000,1,-0.68832,-0.71532,0.01401,-1.40664,-1.32120,8,0x00000000,1,-0.67791,-0.67207,-0.00254,-0.48307,-0.40621,8,0x00000000,1,-0.86346,-0.85974,-0.01046,7.55642,7.64239,8,0x00000000,1
30.2262,0.62017,-0.88965,-39.29168,-0.37983,-0.88965,-0.39520,-0.89567,0.57762,0.88197,0.97282,1.77765,0.97282,1.77765,1.00000,0.00000,0,0.00039,-0.84110,-0.84001,-0.00755,5.49257,5.42036,8,0x00000000,1,-0.68140,-0.66375,-0.01412,2.23385,2.09650,8,0x00000000,1,-0.68333,-0.66935,0.00104,0.12482,0.04972,8,0x00000000,1,-0.68717,-0.71378,0.01039,-1.68933,-1.67225,8,0x00000000,1,-0.67656,-0.67142,0.00645,-0.50854,-0.48501,8,0x00000000,1,-0.86293,-0.86088,0.00051,7.45440,7.44692,8,0x00000000,1
30.3305,0.63290,-0.89407,-39.29649,-0.36710,-0.89407,-0.37227,-0.89392,0.58849,0.90746,0.96075,1.80138,0.96075,1.80138,1.00000,0.00000,0,0.00115,-0.84186,-0.84036,-0.00062,5.50896,5.58277,8,0x00000000,1,-0.68204,-0.66494,-0.01313,2.39788,2.52541,8,0x00000000,1,-0.68380,-0.66960,-0.00047,0.33857,0.42848,8,0x00000000,1,-0.68595,-0.71246,0.00915,-2.01140,-1.89617,8,0x00000000,1,-0.67533,-0.67130,-0.01062,-0.51616,-0.63154,8,0x00000000,1,-0.86351,-0.86177,-0.00495,7.52205,7.40089,8,0x00000000,1
30.4301,0.65100,-0.88355,-39.29762,-0.34900,-0.88355,-0.35595,-0.88866,0.59886,0.93287,0.95481,1.82153,0.95481,1.82153,1.00000,0.00000,0,0.00027,-0.84258,-0.84066,-0.00936,5.54008,5.63507,8,0x00000000,1,-0.68239,-0.66619,-0.00608,2.53637,2.61251,8,0x00000000,1,-0.68401,-0.66986,-0.00898,0.46913,0.52799,8,0x00000000,1,-0.68500,-0.71054,0.02715,-2.22589,-2.12733,8,0x00000000,1,-0.67441,-0.67111,0.00503,-0.49427,-0.46561,8,0x00000000,1,-0.86411,-0.86251,-0.00818,7.52415,7.36057,8,0x00000000,1
30.5325,0.67119,-0.86998,-39.30107,-0.32881,-0.86998,-0.34049,-0.87802,0.60877,0.95805,0.94926,1.83607,0.94926,1.83607,1.00000,0.00000,0,0.00045,-0.84308,-0.84092,-0.00047,5.60164,5.49339,8,0x00000000,1,-0.68270,-0.66839,-0.02759,2.53391,2.43204,8,0x00000000,1,-0.68422,-0.67016,-0.00594,0.63536,0.59728,8,0x00000000,1,-0.68429,-0.70654,0.07784,-2.10789,-2.15019,8,0x00000000,1,-0.67371,-0.67097,0.00017,-0.49551,-0.43292,8,0x00000000,1,-0.86451,-0.86309,-0.01103,7.54487,7.46393,8,0x00000000,1
30.6343,0.74553,-0.82514,-39.36242,-0.25447,-0.82514,-0.29665,-0.85022,0.61796,0.98273,0.91461,1.83295,0.91461,1.83295,1.00000,0.00000,0,0.00325,-0.84226,-0.84112,0.01014,5.57619,5.78082,8,0x00000000,1,-0.68429,-0.67225,-0.03195,2.54511,2.55749,8,0x00000000,1,-0.68580,-0.67058,-0.00680,0.85936,0.83175,8,0x00000000,1,-0.68375,-0.68869,0.42999,-0.15523,-0.61128,8,0x00000000,1,-0.67292,-0.67027,0.01849,-0.39516,-0.43146,8,0x00000000,1,-0.86348,-0.86350,-0.00412,7.45063,7.45785,8,0x00000000,1
30.7328,0.85108,-0.74082,-39.43564,-0.14892,-0.74082,-0.18502,-0.76532,0.62457,1.00563,0.80959,1.77095,0.80959,1.77095,1.00000,0.00000,0,0.00037,-0.83755,-0.84115,0.00183,5.13944,5.22268,8,0x00000000,1,-0.68895,-0.67639,-0.04492,2.74399,2.81145,8,0x00000000,1,-0.69076,-0.67192,-0.01449,1.37536,1.37481,8,0x00000000,1,-0.68427,-0.67937,-0.00115,-0.68163,-0.77235,8,0x00000000,1,-0.67254,-0.66832,0.02470,-0.21492,-0.28102,8,0x00000000,1,-0.85838,-0.86362,0.00577,6.99211,7.11085,8,0x00000000,1
30.8358,0.87489,-0.71362,-39.41399,-0.12511,-0.71362,-0.13956,-0.72647,0.62901,1.02683,0.76857,1.75330,0.76857,1.75330,1.00000,0.00000,0,0.00049,-0.83598,-0.84116,-0.00244,5.07308,5.25844,8,0x00000000,1,-0.69079,-0.67857,-0.01145,2.92660,2.94021,8,0x00000000,1,-0.69267,-0.67316,-0.00729,1.62958,1.61550,8,0x00000000,1,-0.68420,-0.67893,0.00724,-0.57985,-0.77831,8,0x00000000,1,-0.67214,-0.66660,0.01260,-0.10756,-0.15144,8,0x00000000,1,-0.85663,-0.86369,-0.00592,6.87051,6.73743,8,0x00000000,1
30.9386,0.88363,-0.69541,-39.40559,-0.11637,-0.69541,-0.12163,-0.70473,0.63267,1.04716,0.75430,1.75189,0.75430,1.75189,1.00000,0.00000,0,0.00342,-0.83564,-0.84117,-0.00435,4.96134,5.13791,8,0x00000000,1,-0.69144,-0.67962,-0.01341,3.04572,3.02939,8,0x00000000,1,-0.69333,-0.67390,-0.00622,1.83562,1.75851,8,0x00000000,1,-0.68399,-0.67893,-0.00901,-0.59001,-0.59664,8,0x00000000,1,-0.67182,-0.66628,0.01046,-0.07948,-0.05133,8,0x00000000,1,-0.85620,-0.86368,0.00300,6.78414,6.69703,8,0x00000000,1
31.0349,0.88763,-0.68701,-39.39809,-0.11237,-0.68701,-0.11511,-0.69363,0.63603,1.06708,0.75113,1.76070,0.75113,1.76070,1.00000,0.00000,0,0.00034,-0.83594,-0.84113,0.01454,4.97347,4.98032,8,0x00000000,1,-0.69162,-0.68083,-0.01336,3.11190,2.96920,8,0x00000000,1,-0.69344,-0.67450,-0.00384,2.03915,2.06325,8,0x00000000,1,-0.68356,-0.67890,0.00069,-0.54887,-0.51728,8,0x00000000,1,-0.67140,-0.66628,-0.00282,-0.07747,0.00303,8,0x00000000,1,-0.85645,-0.86370,0.00180,6.71380,6.78957,8,0x00000000,1
31.1362,0.88909,-0.67188,-39.38769,-0.11091,-0.67188,-0.11175,-0.68060,0.63925,1.08665,0.75099,1.76725,0.75099,1.76725,1.00000,0.00000,0,0.00043,-0.83621,-0.84116,-0.00052,4.93157,4.94479,8,0x00000000,1,-0.69165,-0.68232,-0.01878,3.10252,3.04453,8,0x00000000,1,-0.69343,-0.67500,-0.00241,2.22489,2.19701,8,0x00000000,1,-0.68328,-0.67890,0.00349,-0.50329,-0.44035,8,0x00000000,1,-0.67114,-0.66627,-0.00191,0.00583,0.11531,8,0x00000000,1,-0.85670,-0.86369,0.00899,6.66435,6.69091,8,0x00000000,1
31.2370,0.89436,-0.65652,-39.38046,-0.10564,-0.65652,-0.10793,-0.66497,0.64238,1.10582,0.75031,1.77078,0.75031,1.77078,1.00000,0.00000,0,0.00039,-0.83635,-0.84116,-0.00396,4.83607,4.93774,8,0x00000000,1,-0.69170,-0.68330,-0.00740,3.17853,3.27197,8,0x00000000,1,-0.69345,-0.67568,-0.00152,2.40012,2.47841,8,0x00000000,1,-0.68313,-0.67890,0.00203,-0.46233,-0.33876,8,0x00000000,1,-0.67099,-0.66627,-0.00242,0.05870,0.06730,8,0x00000000,1,-0.85681,-0.86372,-0.00947,6.54161,6.47180,8,0x00000000,1
31.3389,0.89750,-0.64904,-39.37817,-0.10250,-0.64904,-0.10480,-0.65416,0.64542,1.12460,0.75021,1.77876,0.75021,1.77876,1.00000,0.00000,0,0.00153,-0.83668,-0.84114,0.00520,4.84129,4.82439,8,0x00000000,1,-0.69173,-0.68398,-0.01521,3.23172,3.24919,8,0x00000000,1,-0.69342,-0.67627,-0.00312,2.55311,2.63851,8,0x00000000,1,-0.68279,-0.67893,-0.00601,-0.43951,-0.44800,8,0x00000000,1,-0.67068,-0.66627,0.00202,0.10729,0.06063,8,0x00000000,1,-0.85711,-0.86373,-0.00227,6.49410,6.47319,8,0x00000000,1
31.4386,0.89797,-0.63852,-39.36815,-0.10203,-0.63852,-0.10331,-0.64411,0.64838,1.14309,0.75169,1.78721,0.75169,1.78721,1.00000,0.00000,0,0.00032,-0.83707,-0.84115,-0.00905,4.82858,4.81053,8,0x00000000,1,-0.69169,-0.68461,-0.00850,3.29366,3.49188,8,0x00000000,1,-0.69333,-0.67674,-0.00361,2.73838,2.70780,8,0x00000000,1,-0.68247,-0.67893,-0.00729,-0.42598,-0.32692,8,0x00000000,1,-0.67040,-0.66627,0.00338,0.14862,0.04128,8,0x00000000,1,-0.85747,-0.86373,-0.00076,6.44280,6.37245,8,0x00000000,1
31.5425,0.90108,-0.62721,-39.37304,-0.09892,-0.62721,-0.10038,-0.63181,0.65128,1.16125,0.75166,1.79306,0.75166,1.79306,1.00000,0.00000,0,0.00047,-0.83731,-0.84110,0.00836,4.80511,4.74274,8,0x00000000,1,-0.69171,-0.68524,-0.01183,3.34503,3.38512,8,0x00000000,1,-0.69331,-0.67738,-0.00401,2.90859,3.11774,8,0x00000000,1,-0.68223,-0.67892,0.00247,-0.35699,-0.52544,8,0x00000000,1,-0.67018,-0.66627,-0.00459,0.15915,0.15218,8,0x00000000,1,-0.85769,-0.86375,-0.00659,6.35031,6.51114,8,0x00000000,1
31.6430,0.92145,-0.52965,-39.37348,0.92145,-0.52965,0.66546,-0.60546,0.69358,1.17907,0.02812,1.78453,0.02812,1.78453,0.00000,0.00000,0,0.00044,-0.82239,-0.84067,-0.00553,3.45422,3.71975,8,0x00000000,1,-0.72529,-0.69605,-0.24615,4.93429,4.86212,8,0x00000000,1,-0.72620,-0.69025,-0.35398,4.12277,3.82226,8,0x00000000,1,-0.66847,-0.67602,0.15038,-0.99396,-1.09262,8,0x00000000,1,-0.65161,-0.66224,0.08954,-0.97244,-0.73922,8,0x00000000,1,-0.83838,-0.86358,0.00550,4.62237,4.63119,8,0x00000000,1
31.7445,1.16201,0.03356,-39.54128,1.16201,0.03356,1.01857,-0.19956,0.66892,1.19099,-0.34965,1.39055,-0.34965,1.39055,0.00000,0.00000,0,0.00025,-0.79830,-0.83948,0.02327,1.60144,1.67564,8,0x00000000,1,-0.74131,-0.72435,-0.11846,4.39516,4.26845,8,0x00000000,1,-0.74476,-0.72524,-0.16178,3.52211,3.63668,8,0x00000000,1,-0.67737,-0.65729,-0.01071,0.91814,0.79573,8,0x00000000,1,-0.65682,-0.65893,0.00584,-0.29637,-0.61762,8,0x00000000,1,-0.81358,-0.86325,0.01536,2.63068,2.44793,8,0x00000000,1
31.8448,1.17946,0.26474,-39.51147,1.17946,0.26474,1.13057,0.09697,0.63790,1.19203,-0.49267,1.09506,-0.49267,1.09506,0.00000,0.00000,0,0.00031,-0.78308,-0.83742,0.02713,0.25394,0.45386,8,0x00000000,1,-0.74678,-0.74410,-0.16942,3.18568,2.98564,8,0x00000000,1,-0.75234,-0.74157,-0.17374,2.86898,2.80767,8,0x00000000,1,-0.68680,-0.65861,-0.02033,1.75653,1.68668,8,0x00000000,1,-0.66439,-0.65905,0.01213,0.31593,0.11852,8,0x00000000,1,-0.79865,-0.86292,-0.00158,1.09134,1.18232,8,0x00000000,1
31.9482,1.19534,0.41502,-39.54099,1.19534,0.41502,1.17402,0.32525,0.60495,1.18555,-0.56907,0.86030,-0.56907,0.86030,0.00000,0.00000,0,0.00228,-0.77175,-0.83144,0.05331,-0.55758,-0.48783,8,0x00000000,1,-0.74940,-0.75035,-0.02061,3.33689,3.15393,8,0x00000000,1,-0.75668,-0.75383,-0.03780,2.70758,2.74700,8,0x00000000,1,-0.69503,-0.66071,-0.02565,2.49028,2.62448,8,0x00000000,1,-0.67137,-0.65951,-0.00644,0.81183,0.65400,8,0x00000000,1,-0.78776,-0.86259,0.00216,-0.09324,-0.06086,8,0x00000000,1
32.0513,1.16454,0.44604,-39.50556,1.16454,0.44604,1.17681,0.41467,0.57134,1.17474,-0.60547,0.76007,-0.60547,0.76007,0.00000,0.00000,0,0.00231,-0.76684,-0.80879,0.19039,0.45047,0.44871,8,0x00000000,1,-0.75068,-0.75219,-0.02048,3.26729,3.37946,8,0x00000000,1,-0.75871,-0.75560,-0.00206,2.87186,2.82944,8,0x00000000,1,-0.69847,-0.66289,-0.02107,2.91925,2.87245,8,0x00000000,1,-0.67425,-0.65986,-0.00556,1.06381,1.05078,8,0x00000000,1,-0.78301,-0.86236,0.00387,-1.11950,-1.03920,8,0x00000000,1
32.1499,1.13515,0.48483,-39.46032,1.13515,0.48483,1.14875,0.47040,0.53825,1.16198,-0.61050,0.69158,-0.61050,0.69158,0.00000,0.00000,0,0.00027,-0.76389,-0.80334,0.02876,-0.36435,-0.30442,8,0x00000000,1,-0.75064,-0.75265,-0.01205,3.22203,3.35231,8,0x00000000,1,-0.75919,-0.75629,-0.00225,2.84330,2.85044,8,0x00000000,1,-0.70122,-0.66531,-0.03013,3.30814,3.43737,8,0x00000000,1,-0.67673,-0.66021,0.00526,1.39754,1.40665,8,0x00000000,1,-0.78028,-0.86204,-0.00022,-2.03132,-1.90015,8,0x00000000,1
32.2512,1.13213,0.50418,-39.45181,1.13213,0.50418,1.13502,0.49538,0.50575,1.14818,-0.62927,0.65280,-0.62927,0.65280,0.00000,0.00000,0,0.00029,-0.76190,-0.80111,0.01060,-0.79774,-0.70933,8,0x00000000,1,-0.75136,-0.75290,-0.00449,3.25566,3.15468,8,0x00000000,1,-0.76019,-0.75679,-0.00551,2.90056,2.85804,8,0x00000000,1,-0.70246,-0.66823,-0.04785,3.57575,3.65099,8,0x00000000,1,-0.67773,-0.66055,-0.00232,1.59874,1.63799,8,0x00000000,1,-0.77832,-0.86151,-0.00208,-2.91954,-2.75473,8,0x00000000,1
32.3517,1.11413,0.52395,-39.42352,1.11413,0.52395,1.12238,0.51279,0.47357,1.13381,-0.64880,0.62103,-0.64880,0.62103,0.00000,0.00000,0,0.00034,-0.76018,-0.79805,0.03102,-1.12670,-1.01760,8,0x00000000,1,-0.75213,-0.75311,-0.00217,3.27121,3.28065,8,0x00000000,1,-0.76120,-0.75728,-0.00940,2.96890,2.93997,8,0x00000000,1,-0.70339,-0.67242,-0.04187,3.71391,3.79634,8,0x00000000,1,-0.67843,-0.66094,0.00210,1.82005,1.93279,8,0x00000000,1,-0.77660,-0.85966,0.03342,-3.72600,-3.61885,8,0x00000000,1
32.4535,1.08683,0.53342,-39.38551,1.08683,0.53342,1.10090,0.52693,0.44187,1.11897,-0.65903,0.59205,-0.65903,0.59205,0.00000,0.00000,0,0.00044,-0.75877,-0.79503,0.03396,-1.47053,-1.32330,8,0x00000000,1,-0.75249,-0.75335,-0.00361,3.26148,3.30578,8,0x00000000,1,-0.76178,-0.75776,-0.00601,3.02815,3.19826,8,0x00000000,1,-0.70439,-0.67693,-0.04131,3.88160,3.87646,8,0x00000000,1,-0.67927,-0.66139,-0.00614,2.02243,1.94682,8,0x00000000,1,-0.77524,-0.85552,0.07389,-4.46518,-4.52422,8,0x00000000,1
32.5561,1.02984,0.56575,-39.38143,1.02984,0.56575,1.06389,0.54422,0.41097,1.10378,-0.65292,0.55956,-0.65292,0.55956,0.00000,0.00000,0,0.00041,-0.75754,-0.79099,0.06011,-1.67651,-1.67624,8,0x00000000,1,-0.75208,-0.75346,-0.00252,3.18268,3.31767,8,0x00000000,1,-0.76162,-0.75814,-0.00586,3.07532,2.97117,8,0x00000000,1,-0.70586,-0.67981,-0.01589,4.19219,4.20576,8,0x00000000,1,-0.68067,-0.66202,-0.01327,2.31979,2.32757,8,0x00000000,1,-0.77417,-0.83415,0.51857,-3.00772,-2.86002,8,0x00000000,1
32.6570,0.80440,0.66830,-39.41553,0.80440,0.66830,0.89932,0.62346,0.38291,1.08701,-0.51640,0.46355,-0.51640,0.46355,0.00000,0.00000,0,0.00031,-0.75629,-0.77177,0.32678,0.05933,-0.48160,8,0x00000000,1,-0.74540,-0.75346,-0.00497,2.58242,2.63355,8,0x00000000,1,-0.75570,-0.75830,-0.00576,2.63119,2.63201,8,0x00000000,1,-0.71254,-0.68400,-0.04993,4.68197,4.58339,8,0x00000000,1,-0.68787,-0.66404,-0.02740,2.97414,3.02391,8,0x00000000,1,-0.77409,-0.81425,0.01464,-3.72341,-3.66820,8,0x00000000,1
32.7621,0.66950,0.75005,-39.24835,0.66950,0.75005,0.74493,0.72792,0.35976,1.06760,-0.38516,0.33968,-0.38516,0.33968,0.00000,0.00000,0,0.00030,-0.75377,-0.75857,0.02577,-0.26537,-0.13479,8,0x00000000,1,-0.73886,-0.75344,-0.00788,2.08733,2.16790,8,0x00000000,1,-0.75012,-0.75811,0.00461,2.17049,2.22736,8,0x00000000,1,-0.72028,-0.68993,-0.08255,5.01232,4.99681,8,0x00000000,1,-0.69600,-0.66803,-0.06786,3.48539,3.49238,8,0x00000000,1,-0.77283,-0.81243,0.03586,-4.13499,-4.24959,8,0x00000000,1
32.8655,0.54922,0.71879,-39.18738,0.54922,0.71879,0.62609,0.73143,0.34036,1.04669,-0.28573,0.31526,-0.28573,0.31526,0.00000,0.00000,0,0.00087,-0.75475,-0.75812,-0.00830,-0.25578,-0.25672,8,0x00000000,1,-0.73418,-0.75332,0.00905,1.57758,1.62406,8,0x00000000,1,-0.74564,-0.75795,0.00024,1.84999,1.72522,8,0x00000000,1,-0.72326,-0.70827,-0.20141,3.89608,3.76074,8,0x00000000,1,-0.69951,-0.67231,-0.02593,3.75048,3.68620,8,0x00000000,1,-0.77451,-0.80825,0.07132,-4.06651,-4.15799,8,0x00000000,1
32.9650,0.34428,0.71982,-39.24123,0.34428,0.71982,0.45178,0.71460,0.32492,1.02619,-0.12685,0.31158,-0.12685,0.31158,0.00000,0.00000,0,0.00026,-0.75779,-0.75815,-0.00285,-0.02226,-0.14936,8,0x00000000,1,-0.72684,-0.75284,0.00502,0.79597,0.83055,8,0x00000000,1,-0.73836,-0.75756,0.00526,1.24782,1.24597,8,0x00000000,1,-0.72655,-0.71924,-0.04199,3.98304,4.00665,8,0x00000000,1,-0.70377,-0.67542,-0.03756,4.05808,3.91017,8,0x00000000,1,-0.77853,-0.78733,0.21904,-2.23132,-2.38755,8,0x00000000,1
33.0667,0.21421,0.70508,-39.31314,0.21421,0.70508,0.28837,0.71582,0.31472,1.00571,0.02635,0.28989,0.02635,0.28989,0.00000,0.00000,0,0.00046,-0.75995,-0.75822,0.00602,0.12650,0.00302,8,0x00000000,1,-0.71970,-0.75104,0.02264,0.19949,0.30949,8,0x00000000,1,-0.73140,-0.75688,0.00348,0.47109,0.54695,8,0x00000000,1,-0.73047,-0.72235,-0.02462,4.19013,4.03918,8,0x00000000,1,-0.70858,-0.68827,-0.10122,3.71961,3.70191,8,0x00000000,1,-0.78173,-0.78288,0.00060,-2.44293,-2.33166,8,0x00000000,1
33.1672,0.12793,0.67899,-39.39336,0.12793,0.67899,0.17634,0.69230,0.30831,0.98565,0.13198,0.29335,0.13198,0.29335,0.00000,0.00000,0,0.00043,-0.76221,-0.75842,0.00385,0.29399,0.13596,8,0x00000000,1,-0.71484,-0.74939,0.01849,-0.36426,-0.18351,8,0x00000000,1,-0.72654,-0.75578,0.01136,-0.03185,0.04748,8,0x00000000,1,-0.73240,-0.72359,-0.02110,4.33532,4.36935,8,0x00000000,1,-0.71120,-0.69637,-0.04977,3.70288,3.56899,8,0x00000000,1,-0.78464,-0.78286,-0.00330,-2.26690,-2.19725,8,0x00000000,1
33.2705,0.09625,0.66227,-39.40337,0.09625,0.66227,0.11738,0.67234,0.30427,0.96623,0.18689,0.29388,0.18689,0.29388,0.00000,0.00000,0,0.00113,-0.76333,-0.75862,0.00236,0.39397,0.46454,8,0x00000000,1,-0.71232,-0.74738,0.01727,-0.79359,-0.73472,8,0x00000000,1,-0.72402,-0.75387,0.01979,-0.41333,-0.33378,8,0x00000000,1,-0.73346,-0.72451,-0.01574,4.44540,4.46702,8,0x00000000,1,-0.71261,-0.69916,-0.00863,3.88064,4.01946,8,0x00000000,1,-0.78610,-0.78284,0.00256,-2.11693,-2.09543,8,0x00000000,1
33.3702,0.07885,0.64465,-39.39792,0.07885,0.64465,0.09025,0.65554,0.30137,0.94730,0.21112,0.29176,0.21112,0.29176,0.00000,0.00000,0,0.00028,-0.76373,-0.75876,-0.00069,0.43238,0.30935,8,0x00000000,1,-0.71119,-0.74576,0.02189,-1.15154,-1.29407,8,0x00000000,1,-0.72292,-0.75163,0.02546,-0.64896,-0.64289,8,0x00000000,1,-0.73403,-0.72532,0.00054,4.53045,4.67154,8,0x00000000,1,-0.71332,-0.70085,-0.02017,3.93213,3.80046,8,0x00000000,1,-0.78666,-0.78287,-0.01062,-2.08341,-2.05689,8,0x00000000,1
33.4749,0.06105,0.62084,-39.39785,0.06105,0.62084,0.07235,0.63407,0.29906,0.92893,0.22671,0.29486,0.22671,0.29486,0.00000,0.00000,0,0.00028,-0.76417,-0.75889,-0.00536,0.49463,0.41557,8,0x00000000,1,-0.71049,-0.74372,0.01308,-1.48629,-1.43210,8,0x00000000,1,-0.72219,-0.74947,0.01870,-0.91766,-0.81512,8,0x00000000,1,-0.73420,-0.72630,-0.00616,4.55785,4.55259,8,0x00000000,1,-0.71361,-0.70347,-0.04348,3.83900,3.67633,8,0x00000000,1,-0.78719,-0.78288,-0.00726,-2.00378,-1.93319,8,0x00000000,1
33.5758,-0.00487,0.58619,-39.43618,-0.00487,0.58619,0.03216,0.60592,0.29748,0.91125,0.26532,0.30533,0.26532,0.30533,0.00000,0.00000,0,0.00035,-0.76538,-0.75901,0.00814,0.63526,0.49092,8,0x00000000,1,-0.70875,-0.73808,0.14285,-1.22670,-1.31338,8,0x00000000,1,-0.72038,-0.74705,0.03660,-1.11976,-1.15257,8,0x00000000,1,-0.73453,-0.72730,-0.02026,4.58351,4.65772,8,0x00000000,1,-0.71421,-0.71425,-0.09289,3.07524,3.10076,8,0x00000000,1,-0.78860,-0.78288,-0.00853,-1.86179,-1.90717,8,0x00000000,1
33.6753,-0.08473,0.35451,-39.60426,-0.08473,0.35451,-0.04247,0.48450,0.29762,0.89523,0.34009,0.41073,0.34009,0.41073,0.00000,0.00000,0,0.00037,-0.77126,-0.75968,-0.00879,1.03369,1.14557,8,0x00000000,1,-0.70569,-0.71650,-0.00062,-0.70379,-0.50214,8,0x00000000,1,-0.71660,-0.73577,0.21780,-0.41357,-0.49733,8,0x00000000,1,-0.73160,-0.72803,0.00018,4.47146,4.54226,8,0x00000000,1,-0.71215,-0.72407,-0.02182,2.46026,2.52084,8,0x00000000,1,-0.79456,-0.78295,-0.00326,-1.35671,-1.37442,8,0x00000000,1
33.7776,-0.10584,0.22540,-39.50354,-0.10584,0.22540,-0.08893,0.32022,0.29955,0.88395,0.38848,0.56373,0.38848,0.56373,0.00000,0.00000,0,0.00032,-0.77861,-0.76177,-0.02771,1.62255,1.63689,8,0x00000000,1,-0.70403,-0.71390,0.02607,-0.66097,-0.64033,8,0x00000000,1,-0.71387,-0.71681,0.22343,0.52424,0.30036,8,0x00000000,1,-0.72618,-0.72810,-0.00429,4.07152,4.16143,8,0x00000000,1,-0.70758,-0.72428,0.00175,1.98056,1.96421,8,0x00000000,1,-0.80163,-0.78328,-0.00002,-0.66170,-0.59102,8,0x00000000,1
33.8824,-0.11541,0.17967,-39.47797,-0.11541,0.17967,-0.11806,0.20859,0.30268,0.87686,0.42074,0.66827,0.42074,0.66827,0.00000,0.00000,0,0.00044,-0.78362,-0.76398,-0.00891,2.03574,1.91624,8,0x00000000,1,-0.70292,-0.71179,0.03531,-0.68343,-0.66726,8,0x00000000,1,-0.71205,-0.71443,-0.00126,-0.12804,0.28171,8,0x00000000,1,-0.72246,-0.72803,0.00295,3.81167,3.79706,8,0x00000000,1,-0.70443,-0.72422,-0.00429,1.53791,1.37527,8,0x00000000,1,-0.80644,-0.78383,-0.00771,-0.16523,-0.05916,8,0x00000000,1
33.9838,-0.11661,0.15737,-39.48968,-0.11661,0.15737,-0.12091,0.16918,0.30608,0.87160,0.42700,0.70242,0.42700,0.70242,0.00000,0.00000,0,0.00047,-0.78517,-0.76517,-0.00620,2.23549,2.33051,8,0x00000000,1,-0.70276,-0.70976,0.03275,-0.67631,-0.63513,8,0x00000000,1,-0.71165,-0.71430,0.00018,-0.14480,-0.02124,8,0x00000000,1,-0.72116,-0.72799,0.00573,3.68196,3.58837,8,0x00000000,1,-0.70329,-0.72417,-0.00803,1.20618,1.26245,8,0x00000000,1,-0.80790,-0.78409,-0.00658,0.16509,0.06284,8,0x00000000,1
34.0846,-0.12581,0.14689,-39.50990,-0.12581,0.14689,-0.12420,0.15304,0.30957,0.86704,0.43376,0.71400,0.43376,0.71400,0.00000,0.00000,0,0.00038,-0.78578,-0.76642,-0.00736,2.42033,2.41669,8,0x00000000,1,-0.70249,-0.70755,0.04724,-0.51726,-0.53265,8,0x00000000,1,-0.71130,-0.71419,0.00170,-0.18143,-0.25983,8,0x00000000,1,-0.72081,-0.72795,-0.00019,3.56316,3.52466,8,0x00000000,1,-0.70303,-0.72405,0.01028,1.00012,0.96060,8,0x00000000,1,-0.80851,-0.78423,0.00893,0.50550,0.44358,8,0x00000000,1
34.1851,-0.11510,0.03227,-39.61529,-0.11510,0.03227,-0.12602,0.08684,0.31318,0.86336,0.43920,0.77652,0.43920,0.77652,0.00000,0.00000,0,0.00043,-0.78850,-0.76855,-0.05209,2.61497,2.73001,8,0x00000000,1,-0.70247,-0.69307,0.00694,0.33263,0.34044,8,0x00000000,1,-0.71084,-0.71355,0.00065,-0.21745,-0.31584,8,0x00000000,1,-0.71832,-0.72785,0.01015,3.31297,3.23153,8,0x00000000,1,-0.70079,-0.72392,0.00662,0.62487,0.60763,8,0x00000000,1,-0.81102,-0.78458,-0.00668,0.92606,0.83387,8,0x00000000,1
34.2872,-0.13344,0.03597,-39.59289,-0.13344,0.03597,-0.12829,0.04396,0.31669,0.86169,0.44497,0.81774,0.44497,0.81774,0.00000,0.00000,0,0.00041,-0.79034,-0.77203,-0.03618,2.84226,2.78213,8,0x00000000,1,-0.70236,-0.69307,0.00199,0.44517,0.36784,8,0x00000000,1,-0.71044,-0.71338,0.00878,-0.23027,-0.27117,8,0x00000000,1,-0.71672,-0.72772,0.00398,3.09035,3.17483,8,0x00000000,1,-0.69937,-0.72373,-0.00478,0.17530,0.21539,8,0x00000000,1,-0.81274,-0.78545,-0.01343,1.31377,1.36046,8,0x00000000,1
34.3906,-0.13190,0.01836,-39.60976,-0.13190,0.01836,-0.12786,0.02732,0.32030,0.86072,0.44815,0.83340,0.44815,0.83340,0.00000,0.00000,0,0.00105,-0.79106,-0.77364,-0.01664,2.94718,2.88573,8,0x00000000,1,-0.70227,-0.69309,-0.00496,0.52293,0.40929,8,0x00000000,1,-0.71025,-0.71328,0.00988,-0.26806,-0.27307,8,0x00000000,1,-0.71613,-0.72760,0.00662,2.92380,3.02386,8,0x00000000,1,-0.69885,-0.72351,0.00692,-0.09035,-0.05752,8,0x00000000,1,-0.81341,-0.78590,-0.01301,1.58430,1.34381,8,0x00000000,1
34.4909,-0.13108,0.02135,-39.60254,-0.13108,0.02135,-0.12767,0.01949,0.32392,0.86022,0.45159,0.84073,0.45159,0.84073,0.00000,0.00000,32,0.00035,-0.79143,-0.77531,-0.01727,3.08333,3.09457,8,0x00000000,1,-0.70213,-0.69308,0.00256,0.65357,0.68626,8,0x00000000,1,-0.71007,-0.71317,0.00822,-0.32522,-0.26349,8,0x00000000,1,-0.71589,-0.72753,-0.00549,2.73869,2.77506,8,0x00000000,1,-0.69866,-0.72333,0.00264,-0.41083,-0.34740,8,0x00000000,1,-0.81378,-0.78652,0.00034,1.96475,2.00940,8,0x00000000,1
34.5926,-0.13330,0.01387,-39.60349,-1.13330,0.01387,-0.54433,0.01684,0.27697,0.86016,0.82130,0.84332,0.82130,0.84332,1.00000,0.00000,32,0.00113,-0.79894,-0.77732,-0.06406,3.34561,3.36901,8,0x00000000,1,-0.68507,-0.69306,0.01128,-0.01322,0.50020,8,0x00000000,1,-0.69317,-0.71274,0.04503,-1.00206,-0.65827,8,0x00000000,1,-0.72302,-0.72746,-0.01186,2.96552,2.97669,8,0x00000000,1,-0.70822,-0.72307,0.00313,-0.21893,-0.56203,8,0x00000000,1,-0.82361,-0.78722,-0.03820,2.60478,2.73714,8,0x00000000,1
34.6926,-0.11755,-0.28425,-39.60275,-1.11755,-0.28425,-1.02329,-0.12376,0.30153,0.86102,1.32482,0.98478,1.32482,0.98478,1.00000,0.00000,0,0.00030,-0.81492,-0.78922,-0.15536,4.00542,3.92381,8,0x00000000,1,-0.66233,-0.67649,0.06132,-1.19072,-1.33327,8,0x00000000,1,-0.66976,-0.67389,0.63483,0.78820,0.07627,8,0x00000000,1,-0.72697,-0.72768,0.00824,3.47283,3.37894,8,0x00000000,1,-0.71602,-0.72329,0.00552,0.54542,0.74135,8,0x00000000,1,-0.84226,-0.79410,-0.11112,4.19252,4.07651,8,0x00000000,1
34.7927,-0.08682,-0.47873,-39.53020,-1.08682,-0.47873,-1.10513,-0.37205,0.33232,0.86875,1.43745,1.24080,1.43745,1.24080,1.00000,0.00000,0,0.00038,-0.82789,-0.80212,-0.08666,4.51763,4.34337,8,0x00000000,1,-0.65801,-0.67417,0.01927,-1.25986,-1.37033,8,0x00000000,1,-0.66386,-0.67279,0.00358,-1.17202,-1.13512,8,0x00000000,1,-0.71851,-0.72741,0.00302,2.66110,2.55744,8,0x00000000,1,-0.70922,-0.72319,0.00397,-0.33747,-0.22545,8,0x00000000,1,-0.85491,-0.80911,-0.07268,4.59353,4.54161,8,0x00000000,1
34.8963,-0.03650,-0.50830,-39.50999,-1.03650,-0.50830,-1.04935,-0.47605,0.36285,0.88119,1.41220,1.35724,1.41220,1.35724,1.00000,0.00000,0,0.00035,-0.83227,-0.80479,-0.01870,4.94894,4.85835,8,0x00000000,1,-0.65958,-0.67348,-0.00842,-1.21837,-1.10393,8,0x00000000,1,-0.66466,-0.67280,-0.00437,-1.07584,-1.05553,8,0x00000000,1,-0.71317,-0.72699,0.00851,2.21946,2.14799,8,0x00000000,1,-0.70412,-0.72294,0.00826,-0.80511,-0.67588,8,0x00000000,1,-0.85864,-0.81357,-0.03038,5.02297,4.99168,8,0x00000000,1
34.9961,-0.01630,-0.52610,-39.53869,-1.01630,-0.52610,-1.02348,-0.51557,0.39236,0.89547,1.41584,1.41105,1.41584,1.41105,1.00000,0.00000,0,0.00054,-0.83460,-0.80716,-0.00271,5.21874,5.19510,8,0x00000000,1,-0.65959,-0.67245,0.02120,-1.25398,-1.20973,8,0x00000000,1,-0.66434,-0.67278,0.00230,-1.17231,-1.24523,8,0x00000000,1,-0.71101,-0.72661,0.00260,1.98331,1.94727,8,0x00000000,1,-0.70216,-0.72252,-0.00641,-1.15656,-1.10735,8,0x00000000,1,-0.86077,-0.81501,-0.01095,5.61263,5.49854,8,0x00000000,1
35.0980,-0.00423,-0.56009,-39.55022,-1.00423,-0.56009,-1.00973,-0.54090,0.42134,0.91051,1.43107,1.45141,1.43107,1.45141,1.00000,0.00000,0,0.00031,-0.83659,-0.80957,-0.02142,5.53019,5.56511,8,0x00000000,1,-0.65903,-0.66669,0.10121,-0.80514,-0.93180,8,0x00000000,1,-0.66353,-0.67273,-0.00179,-1.38304,-1.26983,8,0x00000000,1,-0.70962,-0.72625,0.00615,1.72495,1.61346,8,0x00000000,1,-0.70102,-0.72214,0.00489,-1.42202,-1.49039,8,0x00000000,1,-0.86270,-0.81650,-0.02950,6.20492,6.16677,8,0x00000000,1
35.1994,0.02801,-0.62287,-39.60979,-0.97199,-0.62287,-0.98747,-0.59416,0.44983,0.92671,1.43730,1.52087,1.43730,1.52087,1.00000,0.00000,0,0.00040,-0.83963,-0.81450,-0.06821,5.61260,5.78204,8,0x00000000,1,-0.65898,-0.66300,0.00375,-0.90285,-0.91624,8,0x00000000,1,-0.66304,-0.67256,0.00112,-1.46931,-1.51556,8,0x00000000,1,-0.70686,-0.72565,0.00697,1.37888,1.40895,8,0x00000000,1,-0.69854,-0.72135,0.01919,-1.74270,-1.71917,8,0x00000000,1,-0.86549,-0.81839,-0.03380,6.81839,6.75188,8,0x00000000,1
35.3014,0.07426,-0.66335,-39.64602,-0.92574,-0.66335,-0.95207,-0.63869,0.47752,0.94431,1.42958,1.58300,1.42958,1.58300,1.00000,0.00000,0,0.00037,-0.84209,-0.82234,-0.08973,5.42172,5.43554,8,0x00000000,1,-0.65955,-0.66244,0.01028,-0.89135,-0.85384,8,0x00000000,1,-0.66320,-0.67204,0.00214,-1.54211,-1.52334,8,0x00000000,1,-0.70413,-0.72481,0.00948,1.03444,1.03857,8,0x00000000,1,-0.69597,-0.71399,0.14498,-1.29998,-1.31169,8,0x00000000,1,-0.86763,-0.82047,-0.01445,7.41800,7.37348,8,0x00000000,1
35.4037,0.25128,-0.69618,-39.56702,-0.74872,-0.69618,-0.84797,-0.67760,0.50338,0.96312,1.35135,1.64072,1.35135,1.64072,1.00000,0.00000,0,0.00034,-0.84294,-0.83280,-0.04650,5.06485,5.15689,8,0x00000000,1,-0.66337,-0.66232,-0.00644,-0.62965,-0.59128,8,0x00000000,1,-0.66658,-0.67194,-0.00080,-1.42289,-1.32034,8,0x00000000,1,-0.70021,-0.72343,0.01593,0.59893,0.57713,8,0x00000000,1,-0.69171,-0.69585,0.06337,-0.87992,-0.71090,8,0x00000000,1,-0.86774,-0.82339,-0.02297,7.76753,7.75413,8,0x00000000,1
35.5044,0.29138,-0.71026,-39.56177,-0.70862,-0.71026,-0.74559,-0.70502,0.52575,0.98298,1.27134,1.68799,1.27134,1.68799,1.00000,0.00000,0,0.00028,-0.84333,-0.83590,-0.01964,5.06643,5.02047,8,0x00000000,1,-0.66724,-0.66232,0.00135,-0.31164,-0.35551,8,0x00000000,1,-0.67006,-0.67195,-0.00437,-1.18825,-1.21957,8,0x00000000,1,-0.69669,-0.72171,0.01683,0.16469,0.20170,8,0x00000000,1,-0.68781,-0.69169,0.03983,-0.91219,-0.90277,8,0x00000000,1,-0.86741,-0.82725,-0.06566,7.87861,7.83104,8,0x00000000,1
35.6030,0.37951,-0.74412,-39.48027,-0.62049,-0.74412,-0.66559,-0.72820,0.54584,1.00340,1.21144,1.73160,1.21144,1.73160,1.00000,0.00000,0,0.00035,-0.84396,-0.83709,-0.01666,5.15644,5.24094,8,0x00000000,1,-0.67017,-0.66232,0.00174,-0.09599,-0.06968,8,0x00000000,1,-0.67265,-0.67195,0.00109,-1.06074,-1.15236,8,0x00000000,1,-0.69372,-0.72043,0.01174,-0.20972,-0.07785,8,0x00000000,1,-0.68457,-0.68769,0.01529,-0.90781,-0.92306,8,0x00000000,1,-0.86748,-0.83491,-0.04888,7.85653,7.87463,8,0x00000000,1
35.7015,0.43734,-0.76951,-39.42977,-0.56266,-0.76951,-0.59968,-0.75321,0.56377,1.02451,1.16345,1.77773,1.16345,1.77773,1.00000,0.00000,0,0.00028,-0.84493,-0.83798,-0.01318,5.23546,5.39696,8,0x00000000,1,-0.67255,-0.66236,0.00395,0.19002,0.17399,8,0x00000000,1,-0.67468,-0.67198,-0.00887,-0.92337,-0.87514,8,0x00000000,1,-0.69088,-0.71864,0.03167,-0.53954,-0.41328,8,0x00000000,1,-0.68155,-0.68589,0.00388,-1.05124,-1.06752,8,0x00000000,1,-0.86795,-0.84471,-0.13582,7.33582,7.27215,8,0x00000000,1
35.8049,0.52857,-0.80216,-39.33279,-0.47143,-0.80216,-0.51866,-0.78753,0.57970,1.04649,1.09837,1.83401,1.09837,1.83401,1.00000,0.00000,0,0.00028,-0.84599,-0.83892,-0.01376,5.24616,5.17903,8,0x00000000,1,-0.67577,-0.66257,-0.00259,0.56549,0.36556,8,0x00000000,1,-0.67746,-0.67197,0.00206,-0.71966,-0.76044,8,0x00000000,1,-0.68728,-0.71649,0.01330,-1.09927,-1.05356,8,0x00000000,1,-0.67770,-0.68304,0.06900,-0.96211,-1.05513,8,0x00000000,1,-0.86836,-0.85489,-0.02731,7.18285,7.15376,8,0x00000000,1
35.9097,0.64250,-0.78333,-39.26240,-0.35750,-0.78333,-0.41321,-0.78922,0.59301,1.06901,1.00622,1.85823,1.00622,1.85823,1.00000,0.00000,0,0.00032,-0.84516,-0.83965,-0.00367,5.26500,5.37585,8,0x00000000,1,-0.68013,-0.66341,-0.01808,0.93612,0.90497,8,0x00000000,1,-0.68156,-0.67205,-0.00290,-0.25931,-0.38011,8,0x00000000,1,-0.68448,-0.71470,0.01367,-1.49053,-1.46103,8,0x00000000,1,-0.67436,-0.67019,-0.00281,-0.58227,-0.48529,8,0x00000000,1,-0.86685,-0.85646,-0.01280,7.18079,7.17367,8,0x00000000,1
36.0146,0.67960,-0.77476,-39.21541,-0.32040,-0.77476,-0.35449,-0.77794,0.60381,1.09133,0.95830,1.86927,0.95830,1.86927,1.00000,0.00000,0,0.00031,-0.84466,-0.84017,-0.01802,5.27908,5.27598,8,0x00000000,1,-0.68240,-0.66502,-0.00961,1.17087,1.06088,8,0x00000000,1,-0.68370,-0.67225,-0.00570,-0.10075,-0.12023,8,0x00000000,1,-0.68309,-0.71294,0.01137,-1.82532,-1.78485,8,0x00000000,1,-0.67268,-0.66604,0.03519,-0.20100,-0.24472,8,0x00000000,1,-0.86600,-0.85725,-0.01206,7.18763,7.16049,8,0x00000000,1
36.1178,0.68944,-0.76861,-39.21700,-0.31056,-0.76861,-0.32253,-0.77220,0.61334,1.11341,0.93587,1.88561,0.93587,1.88561,1.00000,0.00000,0,0.00202,-0.84489,-0.84038,-0.00482,5.35880,5.29748,8,0x00000000,1,-0.68350,-0.66622,-0.00608,1.34997,1.25384,8,0x00000000,1,-0.68467,-0.67240,-0.00022,0.09258,0.19977,8,0x00000000,1,-0.68198,-0.71110,0.02797,-2.11383,-2.19765,8,0x00000000,1,-0.67147,-0.66545,-0.00297,-0.25725,-0.24959,8,0x00000000,1,-0.86603,-0.85791,-0.00368,7.28004,7.39509,8,0x00000000,1
36.2176,0.70681,-0.76550,-39.22465,-0.29319,-0.76550,-0.30360,-0.76904,0.62223,1.13537,0.92582,1.90441,0.92582,1.90441,1.00000,0.00000,0,0.00025,-0.84548,-0.84060,-0.00579,5.47098,5.79507,8,0x00000000,1,-0.68403,-0.66732,-0.01461,1.47812,1.53555,8,0x00000000,1,-0.68507,-0.67256,-0.00006,0.25889,0.35856,8,0x00000000,1,-0.68101,-0.70778,0.04887,-2.18856,-2.16477,8,0x00000000,1,-0.67049,-0.66531,-0.00439,-0.23354,-0.27633,8,0x00000000,1,-0.86648,-0.85886,-0.01533,7.31321,7.27085,8,0x00000000,1
36.3207,0.75795,-0.74546,-39.26009,-0.24205,-0.74546,-0.27044,-0.75797,0.63046,1.15717,0.90090,1.91515,0.90090,1.91515,1.00000,0.00000,0,0.00028,-0.84543,-0.84084,-0.00362,5.48862,5.49449,8,0x00000000,1,-0.68523,-0.66915,-0.01720,1.61035,1.71222,8,0x00000000,1,-0.68616,-0.67278,-0.00369,0.49610,0.24588,8,0x00000000,1,-0.68008,-0.69487,0.31086,-0.88265,-1.08388,8,0x00000000,1,-0.66942,-0.66528,-0.00147,-0.23405,-0.25422,8,0x00000000,1,-0.86623,-0.86082,-0.02353,7.26347,7.15562,8,0x00000000,1
36.4216,0.89263,-0.67300,-39.36916,-0.10737,-0.67300,-0.15871,-0.69856,0.63654,1.17798,0.79525,1.87655,0.79525,1.87655,1.00000,0.00000,0,0.00045,-0.84169,-0.84090,0.01385,5.22978,5.06070,8,0x00000000,1,-0.68999,-0.67323,-0.04313,1.84995,1.75751,8,0x00000000,1,-0.69107,-0.67341,-0.01205,0.95384,0.88134,8,0x00000000,1,-0.67962,-0.67827,0.04266,-0.64164,-0.77294,8,0x00000000,1,-0.66813,-0.66493,0.01107,-0.22739,-0.22297,8,0x00000000,1,-0.86199,-0.86240,-0.01694,6.82331,6.85874,8,0x00000000,1
36.5231,0.90107,-0.66918,-39.38929,-0.09893,-0.66918,-0.10767,-0.67849,0.64015,1.19759,0.74782,1.87608,0.74782,1.87608,1.00000,0.00000,0,0.00162,-0.84072,-0.84096,0.00424,5.16792,5.09156,8,0x00000000,1,-0.69219,-0.67542,-0.01374,2.12379,2.22089,8,0x00000000,1,-0.69322,-0.67398,-0.00437,1.29781,1.25444,8,0x00000000,1,-0.67872,-0.67660,0.02612,-0.62870,-0.68853,8,0x00000000,1,-0.66691,-0.66463,0.01185,-0.27260,-0.20245,8,0x00000000,1,-0.86072,-0.86291,-0.01147,6.72834,6.59571,8,0x00000000,1
36.6232,0.91637,-0.66198,-39.38002,-0.08363,-0.66198,-0.08751,-0.66593,0.64288,1.21673,0.73039,1.88266,0.73039,1.88266,1.00000,0.00000,0,0.00034,-0.84064,-0.84100,0.00911,5.19351,5.14351,8,0x00000000,1,-0.69303,-0.67665,-0.00726,2.29692,2.24279,8,0x00000000,1,-0.69399,-0.67431,-0.00102,1.52335,1.55422,8,0x00000000,1,-0.67810,-0.67574,0.00514,-0.65757,-0.59988,8,0x00000000,1,-0.66620,-0.66456,-0.00309,-0.27862,-0.34717,8,0x00000000,1,-0.86051,-0.86311,-0.00478,6.73724,6.71283,8,0x00000000,1
36.7271,0.92379,-0.65215,-39.38482,-0.07621,-0.65215,-0.07903,-0.65693,0.64525,1.23556,0.72427,1.89249,0.72427,1.89249,1.00000,0.00000,0,0.00026,-0.84093,-0.84107,0.00142,5.22643,5.39080,8,0x00000000,1,-0.69335,-0.67748,-0.01510,2.39879,2.54267,8,0x00000000,1,-0.69424,-0.67471,-0.01106,1.71924,1.65635,8,0x00000000,1,-0.67758,-0.67495,0.00686,-0.60204,-0.72077,8,0x00000000,1,-0.66566,-0.66445,-0.00174,-0.28614,-0.24752,8,0x00000000,1,-0.86072,-0.86328,-0.00954,6.71091,6.84749,8,0x00000000,1
36.8268,0.93036,-0.64495,-39.38079,-0.06964,-0.64495,-0.07326,-0.64905,0.64742,1.25417,0.72068,1.90322,0.72068,1.90322,1.00000,0.00000,0,0.00036,-0.84131,-0.84111,0.00957,5.28491,5.35743,8,0x00000000,1,-0.69355,-0.67814,-0.00075,2.59953,2.66693,8,0x00000000,1,-0.69437,-0.67514,-0.00430,1.94825,1.90011,8,0x00000000,1,-0.67706,-0.67442,0.01267,-0.52875,-0.51863,8,0x00000000,1,-0.66516,-0.66433,-0.00499,-0.30963,-0.32923,8,0x00000000,1,-0.86103,-0.86340,-0.01128,6.69898,6.74012,8,0x00000000,1
36.9298,0.93512,-0.63809,-39.37936,-0.06488,-0.63809,-0.06791,-0.64052,0.64943,1.27253,0.71734,1.91305,0.71734,1.91305,1.00000,0.00000,0,0.00041,-0.84166,-0.84115,0.01067,5.28587,5.39816,8,0x00000000,1,-0.69374,-0.67893,-0.00437,2.73368,2.76164,8,0x00000000,1,-0.69449,-0.67565,-0.00583,2.16555,2.10583,8,0x00000000,1,-0.67659,-0.67386,0.00143,-0.51130,-0.41656,8,0x00000000,1,-0.66470,-0.66426,-0.00129,-0.30357,-0.36261,8,0x00000000,1,-0.86132,-0.86348,-0.01347,6.66539,6.61231,8,0x00000000,1
37.0302,0.94661,-0.63039,-39.39143,-0.05339,-0.63039,-0.06006,-0.63505,0.65126,1.29072,0.71132,1.92577,0.71132,1.92577,1.00000,0.00000,0,0.00025,-0.84207,-0.84125,0.00250,5.27627,5.11805,8,0x00000000,1,-0.69407,-0.67982,-0.01302,2.85956,2.77380,8,0x00000000,1,-0.69472,-0.67619,-0.00256,2.37781,2.39823,8,0x00000000,1,-0.67595,-0.67223,0.02467,-0.35655,-0.32805,8,0x00000000,1,-0.66406,-0.66409,0.01138,-0.31120,-0.25120,8,0x00000000,1,-0.86164,-0.86351,-0.00078,6.68192,6.60023,8,0x00000000,1
37.1345,0.98350,-0.60279,-39.42600,-0.01650,-0.60279,-0.03730,-0.61818,0.65270,1.30861,0.69000,1.92679,0.69000,1.92679,1.00000,0.00000,0,0.00038,-0.84168,-0.84129,0.00432,5.27907,5.18352,8,0x00000000,1,-0.69506,-0.68133,-0.01634,2.99790,3.06704,8,0x00000000,1,-0.69568,-0.67679,-0.00784,2.60897,2.47901,8,0x00000000,1,-0.67549,-0.66390,0.07205,0.39573,0.30184,8,0x00000000,1,-0.66346,-0.66384,-0.00419,-0.36979,-0.36223,8,0x00000000,1,-0.86112,-0.86357,-0.00109,6.65237,6.60940,8,0x00000000,1
37.2361,1.00834,-0.57449,-39.44754,0.00834,-0.57449,-0.00345,-0.58720,0.65300,1.32573,0.65645,1.91292,0.65645,1.91292,1.00000,0.00000,16,0.00051,-0.84043,-0.84130,-0.00012,5.16556,5.44555,8,0x00000000,1,-0.69657,-0.68321,-0.00771,3.20185,3.35935,8,0x00000000,1,-0.69725,-0.67766,-0.01359,2.92509,2.92300,8,0x00000000,1,-0.67541,-0.66211,0.00529,0.47938,0.46538,8,0x00000000,1,-0.66311,-0.66360,-0.00249,-0.38201,-0.39363,8,0x00000000,1,-0.85971,-0.86358,0.00118,6.48643,6.57016,8,0x00000000,1
37.3378,1.01109,-0.55958,-39.44632,0.01109,-0.55958,0.00772,-0.56858,0.65300,1.34216,0.64528,1.91074,0.64528,1.91074,1.00000,0.00000,16,0.00034,-0.84011,-0.84131,-0.00041,5.14397,5.01130,8,0x00000000,1,-0.69708,-0.68443,-0.00692,3.29519,3.37212,8,0x00000000,1,-0.69776,-0.67848,-0.01238,3.10846,3.04348,8,0x00000000,1,-0.67529,-0.66213,-0.00433,0.57626,0.61358,8,0x00000000,1,-0.66290,-0.66349,-0.00050,-0.39012,-0.21648,8,0x00000000,1,-0.85934,-0.86359,-0.00132,6.42058,6.40776,8,0x00000000,1
37.4398,1.01000,-0.54840,-39.43938,0.01000,-0.54840,0.00895,-0.55510,0.65300,1.35815,0.64405,1.91325,0.64405,1.91325,1.00000,0.00000,16,0.00039,-0.84019,-0.84129,0.00980,5.18634,4.94106,8,0x00000000,1,-0.69715,-0.68538,-0.00976,3.34564,3.40944,8,0x00000000,1,-0.69781,-0.67943,-0.01013,3.28612,3.08305,8,0x00000000,1,-0.67516,-0.66217,0.00526,0.74409,0.65898,8,0x00000000,1,-0.66277,-0.66331,0.00099,-0.39188,-0.41454,8,0x00000000,1,-0.85940,-0.86362,-0.00787,6.37465,6.31639,8,0x00000000,1
37.5410,1.01094,-0.54400,-39.43732,0.01094,-0.54400,0.01067,-0.54593,0.65300,1.37381,0.64233,1.91975,0.64233,1.91975,1.00000,0.00000,16,0.00036,-0.84043,-0.84130,0.01137,5.18645,5.23327,8,0x00000000,1,-0.69725,-0.68626,-0.00271,3.47305,3.43142,8,0x00000000,1,-0.69787,-0.68025,-0.01257,3.46318,3.50923,8,0x00000000,1,-0.67486,-0.66225,-0.00301,0.90090,0.82880,8,0x00000000,1,-0.66248,-0.66322,0.00259,-0.42768,-0.44834,8,0x00000000,1,-0.85960,-0.86363,-0.00593,6.30729,6.29435,8,0x00000000,1
37.6435,1.02546,-0.45139,-39.43563,1.02546,-0.45139,0.72592,-0.52344,0.69428,1.38924,-0.03165,1.91268,-0.03165,1.91268,0.00000,0.00000,0,0.00048,-0.82656,-0.84100,0.01394,3.95341,4.00484,8,0x00000000,1,-0.72856,-0.69829,-0.22034,5.07998,4.99455,8,0x00000000,1,-0.72848,-0.69411,-0.47207,4.13934,3.88907,8,0x00000000,1,-0.66200,-0.66094,0.07968,0.00856,0.12970,8,0x00000000,1,-0.64516,-0.65827,0.17648,-1.15462,-1.24789,8,0x00000000,1,-0.84166,-0.86348,-0.00066,4.70340,4.62269,8,0x00000000,1
37.7453,1.15893,0.07469,-39.50883,1.15893,0.07469,1.06057,-0.14021,0.66780,1.39884,-0.39277,1.53905,-0.39277,1.53905,0.00000,0.00000,0,0.00028,-0.80364,-0.84016,-0.00523,2.21701,2.21495,8,0x00000000,1,-0.74390,-0.72562,-0.14426,4.24482,4.32869,8,0x00000000,1,-0.74620,-0.73668,-0.27638,2.85476,2.78459,8,0x00000000,1,-0.67038,-0.65875,-0.01047,0.99330,0.93730,8,0x00000000,1,-0.65003,-0.65455,-0.01105,-0.87089,-0.85217,8,0x00000000,1,-0.81808,-0.86322,0.00025,2.90762,2.92430,8,0x00000000,1
37.8461,1.17580,0.36709,-39.47934,1.17580,0.36709,1.14841,0.20088,0.63603,1.39757,-0.51238,1.19669,-0.51238,1.19669,0.00000,0.00000,0,0.00039,-0.78692,-0.83856,0.02242,0.77269,0.94625,8,0x00000000,1,-0.74810,-0.74773,-0.08422,3.16237,3.10277,8,0x00000000,1,-0.75288,-0.75390,-0.05003,2.70914,2.79313,8,0x00000000,1,-0.68220,-0.66043,-0.01335,1.92962,1.91906,8,0x00000000,1,-0.66000,-0.65473,-0.00760,-0.08870,-0.09328,8,0x00000000,1,-0.80199,-0.86279,0.00156,1.26477,1.32684,8,0x00000000,1
37.9512,1.17459,0.42663,-39.43651,1.17459,0.42663,1.16849,0.37548,0.60292,1.38878,-0.56557,1.01329,-0.56557,1.01329,0.00000,0.00000,0,0.00125,-0.77820,-0.83450,0.05350,-0.00567,0.01977,8,0x00000000,1,-0.74984,-0.75154,-0.01806,3.11572,3.11538,8,0x00000000,1,-0.75597,-0.75579,-0.00474,2.81973,2.74981,8,0x00000000,1,-0.68876,-0.66238,-0.01409,2.48984,2.41637,8,0x00000000,1,-0.66562,-0.65506,0.00181,0.31080,0.26340,8,0x00000000,1,-0.79365,-0.86243,0.00449,0.02342,0.17342,8,0x00000000,1
38.0491,1.17739,0.43849,-39.44179,1.17739,0.43849,1.17633,0.42386,0.56945,1.37722,-0.60688,0.95336,-0.60688,0.95336,0.00000,0.00000,0,0.00030,-0.77487,-0.82968,0.06323,-0.45428,-0.45262,8,0x00000000,1,-0.75151,-0.75236,-0.00808,3.21309,3.15098,8,0x00000000,1,-0.75808,-0.75662,-0.00486,2.89240,2.90112,8,0x00000000,1,-0.69043,-0.66386,-0.01507,2.77868,2.76904,8,0x00000000,1,-0.66684,-0.65522,0.00110,0.46426,0.52742,8,0x00000000,1,-0.79030,-0.86217,0.00380,-0.93873,-0.61739,8,0x00000000,1
38.1532,1.15314,0.46020,-39.41003,1.15314,0.46020,1.17285,0.44460,0.53592,1.36481,-0.63693,0.92021,-0.63693,0.92021,0.00000,0.00000,0,0.00029,-0.77288,-0.81105,0.18977,0.44268,0.54808,8,0x00000000,1,-0.75277,-0.75292,-0.01223,3.23174,3.30123,8,0x00000000,1,-0.75957,-0.75723,-0.00558,2.98866,3.09719,8,0x00000000,1,-0.69121,-0.66524,-0.00967,3.00589,2.97172,8,0x00000000,1,-0.66732,-0.65538,-0.00735,0.57932,0.59555,8,0x00000000,1,-0.78826,-0.86171,-0.00041,-1.89910,-1.77173,8,0x00000000,1
38.2572,1.12698,0.50088,-39.36789,1.12698,0.50088,1.14035,0.48782,0.50301,1.35145,-0.63734,0.86363,-0.63734,0.86363,0.00000,0.00000,0,0.00034,-0.77052,-0.80402,0.01625,-0.23112,-0.09409,8,0x00000000,1,-0.75257,-0.75311,0.00441,3.20866,3.19953,8,0x00000000,1,-0.75980,-0.75762,-0.00885,2.95517,3.01045,8,0x00000000,1,-0.69355,-0.66803,-0.03420,3.29158,3.19776,8,0x00000000,1,-0.66947,-0.65570,0.00594,0.94255,0.79428,8,0x00000000,1,-0.78610,-0.86003,0.02336,-2.74054,-2.65414,8,0x00000000,1
38.3604,1.12042,0.51496,-39.35637,1.12042,0.51496,1.12412,0.50715,0.47079,1.33725,-0.65333,0.83009,-0.65333,0.83009,0.00000,0.00000,0,0.00206,-0.76880,-0.80199,0.01768,-0.51514,-0.40061,8,0x00000000,1,-0.75317,-0.75325,-0.00153,3.21579,3.20757,8,0x00000000,1,-0.76065,-0.75788,0.00517,3.05841,2.97746,8,0x00000000,1,-0.69462,-0.67145,-0.04186,3.41458,3.40554,8,0x00000000,1,-0.67034,-0.65600,-0.00625,1.07895,1.05780,8,0x00000000,1,-0.78441,-0.85705,0.03200,-3.49974,-3.57678,8,0x00000000,1
38.4567,1.10926,0.52340,-39.33011,1.10926,0.52340,1.11587,0.51910,0.43887,1.32260,-0.67700,0.80350,-0.67700,0.80350,0.00000,0.00000,0,0.00036,-0.76721,-0.79961,0.04337,-0.86225,-0.90814,8,0x00000000,1,-0.75416,-0.75343,0.00514,3.31058,3.29369,8,0x00000000,1,-0.76183,-0.75829,-0.00170,3.15016,3.34971,8,0x00000000,1,-0.69526,-0.67469,-0.01980,3.53145,3.57320,8,0x00000000,1,-0.67074,-0.65632,0.00572,1.32228,1.24287,8,0x00000000,1,-0.78279,-0.85095,0.07739,-3.93881,-4.06298,8,0x00000000,1
38.5593,1.05795,0.55949,-39.34507,1.05795,0.55949,1.09149,0.53330,0.40733,1.30765,-0.68416,0.77436,-0.68416,0.77436,0.00000,0.00000,0,0.00032,-0.76585,-0.79701,0.04098,-1.14164,-1.32890,8,0x00000000,1,-0.75438,-0.75360,-0.00156,3.31487,3.29099,8,0x00000000,1,-0.76227,-0.75870,0.00089,3.22230,3.33540,8,0x00000000,1,-0.69633,-0.67710,-0.02634,3.65811,3.55520,8,0x00000000,1,-0.67167,-0.65677,-0.01326,1.44563,1.37180,8,0x00000000,1,-0.78150,-0.82844,0.65061,-1.62570,-1.56624,8,0x00000000,1
38.6606,0.90270,0.63743,-39.42974,0.90270,0.63743,0.95332,0.60185,0.37828,1.29128,-0.57505,0.68943,-0.57505,0.68943,0.00000,0.00000,0,0.00038,-0.76451,-0.79466,0.01768,-1.51394,-1.46569,8,0x00000000,1,-0.74900,-0.75360,0.00370,2.83805,2.77781,8,0x00000000,1,-0.75757,-0.75886,0.00990,2.81280,2.66610,8,0x00000000,1,-0.70200,-0.68029,-0.03713,4.11317,3.96285,8,0x00000000,1,-0.67773,-0.65878,-0.01723,1.96827,1.99980,8,0x00000000,1,-0.78113,-0.81453,0.00194,-3.04820,-2.96849,8,0x00000000,1
38.7649,0.86693,0.63629,-39.40842,0.86693,0.63629,0.89937,0.63127,0.35193,1.27352,-0.54744,0.64225,-0.54744,0.64225,0.00000,0.00000,0,0.00029,-0.76310,-0.79104,0.05517,-1.62446,-1.52428,8,0x00000000,1,-0.74753,-0.75360,0.00121,2.75449,2.77153,8,0x00000000,1,-0.75648,-0.75889,-0.00418,2.77859,2.81997,8,0x00000000,1,-0.70451,-0.68362,-0.02348,4.34229,4.36619,8,0x00000000,1,-0.68025,-0.65991,-0.02160,2.26700,2.33785,8,0x00000000,1,-0.78006,-0.81335,-0.00124,-3.48012,-3.51229,8,0x00000000,1
38.8713,0.78678,0.69151,-39.31800,0.78678,0.69151,0.83809,0.66068,0.32711,1.25519,-0.51098,0.59451,-0.51098,0.59451,0.00000,0.00000,0,0.00274,-0.76185,-0.77417,0.29116,-0.22618,-0.40052,8,0x00000000,1,-0.74566,-0.75362,-0.01310,2.55750,2.54088,8,0x00000000,1,-0.75498,-0.75890,-0.00163,2.66728,2.65667,8,0x00000000,1,-0.70721,-0.68615,-0.03062,4.54427,4.59859,8,0x00000000,1,-0.68302,-0.66096,-0.00591,2.69971,2.58549,8,0x00000000,1,-0.77920,-0.81117,0.03350,-3.69784,-3.62653,8,0x00000000,1
38.9697,0.63300,0.80442,-39.22209,0.63300,0.80442,0.70100,0.75084,0.30526,1.23512,-0.39574,0.48428,-0.39574,0.48428,0.00000,0.00000,0,0.00027,-0.75958,-0.75947,0.02752,-0.10450,-0.09330,8,0x00000000,1,-0.73991,-0.75357,-0.00482,1.98674,1.91435,8,0x00000000,1,-0.75009,-0.75874,-0.00554,2.18503,2.26146,8,0x00000000,1,-0.71406,-0.69107,-0.06023,4.90242,4.93594,8,0x00000000,1,-0.69021,-0.66328,-0.03239,3.23256,3.45467,8,0x00000000,1,-0.77804,-0.79667,0.31365,-2.31663,-2.34241,8,0x00000000,1
39.0715,0.38541,0.82876,-39.30813,0.38541,0.82876,0.49102,0.81759,0.28829,1.21247,-0.20273,0.39488,-0.20273,0.39488,0.00000,0.00000,0,0.00026,-0.75973,-0.75879,-0.00490,-0.13358,-0.00214,8,0x00000000,1,-0.73066,-0.75342,0.00513,1.13248,1.13404,8,0x00000000,1,-0.74155,-0.75831,0.00359,1.46468,1.21720,8,0x00000000,1,-0.72158,-0.70693,-0.25129,4.07589,3.96922,8,0x00000000,1,-0.69863,-0.66706,-0.06539,3.84660,3.83427,8,0x00000000,1,-0.77970,-0.77988,-0.00152,-2.12158,-2.09238,8,0x00000000,1
39.1754,0.25160,0.76093,-39.21761,0.25160,0.76093,0.32964,0.78601,0.27678,1.18946,-0.05286,0.40345,-0.05286,0.40345,0.00000,0.00000,0,0.00028,-0.76309,-0.75884,0.00684,0.11620,0.07548,8,0x00000000,1,-0.72378,-0.75264,0.01423,0.49880,0.68839,8,0x00000000,1,-0.73464,-0.75780,0.00223,0.88716,0.87209,8,0x00000000,1,-0.72418,-0.72035,-0.02923,4.02894,3.99414,8,0x00000000,1,-0.70220,-0.67347,-0.02041,4.04748,4.15601,8,0x00000000,1,-0.78396,-0.77987,-0.00124,-1.80164,-1.97625,8,0x00000000,1
39.2782,0.21517,0.74168,-39.24441,0.21517,0.74168,0.24779,0.75588,0.26879,1.16754,0.02099,0.41166,0.02099,0.41166,0.00000,0.00000,0,0.00042,-0.76491,-0.75905,-0.00322,0.27145,0.17673,8,0x00000000,1,-0.72040,-0.75119,0.01481,0.03597,0.06608,8,0x00000000,1,-0.73123,-0.75729,0.00545,0.44719,0.43430,8,0x00000000,1,-0.72529,-0.72174,-0.01420,4.04803,4.16165,8,0x00000000,1,-0.70380,-0.67925,-0.08364,3.99483,3.79731,8,0x00000000,1,-0.78621,-0.77989,0.00290,-1.56281,-1.52168,8,0x00000000,1
39.3828,0.14055,0.71848,-39.31988,0.14055,0.71848,0.18161,0.73049,0.26264,1.14638,0.08104,0.41589,0.08104,0.41589,0.00000,0.00000,0,0.00049,-0.76629,-0.75923,-0.00691,0.44555,0.43612,8,0x00000000,1,-0.71765,-0.74998,0.01439,-0.42545,-0.27083,8,0x00000000,1,-0.72846,-0.75626,0.01740,0.03828,0.08421,8,0x00000000,1,-0.72630,-0.72261,-0.01526,4.07339,4.03344,8,0x00000000,1,-0.70520,-0.68967,-0.05069,3.61525,3.57846,8,0x00000000,1,-0.78795,-0.77995,-0.00554,-1.40649,-1.50290,8,0x00000000,1
39.4846,0.10499,0.69912,-39.33286,0.10499,0.69912,0.13078,0.71099,0.25830,1.12584,0.12752,0.41485,0.12752,0.41485,0.00000,0.00000,0,0.00055,-0.76718,-0.75946,-0.00775,0.54366,0.56753,8,0x00000000,1,-0.71551,-0.74805,0.01162,-0.81362,-0.59213,8,0x00000000,1,-0.72633,-0.75463,0.01829,-0.34105,-0.19154,8,0x00000000,1,-0.72725,-0.72313,0.00212,4.19337,4.14420,8,0x00000000,1,-0.70645,-0.69471,-0.03451,3.56772,3.57384,8,0x00000000,1,-0.78913,-0.78000,0.00159,-1.20434,-1.18325,8,0x00000000,1
39.5851,0.07880,0.68085,-39.35389,0.07880,0.68085,0.09338,0.69144,0.25518,1.10588,0.16180,0.41445,0.16180,0.41445,0.00000,0.00000,0,0.00034,-0.76785,-0.75967,-0.00891,0.68105,0.56102,8,0x00000000,1,-0.71392,-0.74628,0.01820,-1.20562,-1.28827,8,0x00000000,1,-0.72476,-0.75244,0.03204,-0.59228,-0.63090,8,0x00000000,1,-0.72794,-0.72376,-0.00775,4.24289,4.08778,8,0x00000000,1,-0.70736,-0.69721,-0.01350,3.68330,3.74855,8,0x00000000,1,-0.79001,-0.78009,0.00703,-1.03609,-1.03977,8,0x00000000,1
39.6869,0.06717,0.66474,-39.33664,0.06717,0.66474,0.07482,0.67317,0.25283,1.08646,0.17801,0.41329,0.17801,0.41329,0.00000,0.00000,0,0.00035,-0.76813,-0.75989,0.00236,0.80460,0.73918,8,0x00000000,1,-0.71317,-0.74443,0.01998,-1.49170,-1.55423,8,0x00000000,1,-0.72402,-0.75013,0.01730,-0.85309,-0.77186,8,0x00000000,1,-0.72831,-0.72424,-0.00504,4.25472,4.31579,8,0x00000000,1,-0.70783,-0.69859,-0.00990,3.76916,3.69050,8,0x00000000,1,-0.79039,-0.78017,-0.00069,-0.90567,-0.89554,8,0x00000000,1
39.7889,0.05770,0.65299,-39.33925,0.05770,0.65299,0.06390,0.66078,0.25087,1.06747,0.18698,0.40668,0.18698,0.40668,0.00000,0.00000,0,0.00123,-0.76803,-0.76000,0.00690,0.85969,0.96350,8,0x00000000,1,-0.71273,-0.74062,0.08121,-1.46001,-1.44177,8,0x00000000,1,-0.72363,-0.74833,0.02481,-1.01620,-1.17168,8,0x00000000,1,-0.72876,-0.72468,-0.00106,4.34315,4.32506,8,0x00000000,1,-0.70831,-0.69943,-0.00533,3.84341,3.80678,8,0x00000000,1,-0.79038,-0.78024,0.00627,-0.81240,-0.76389,8,0x00000000,1
39.8925,0.04194,0.52815,-39.42044,0.04194,0.52815,0.04979,0.60347,0.24927,1.04920,0.19948,0.44573,0.19948,0.44573,0.00000,0.00000,0,0.00112,-0.76991,-0.76034,-0.01597,1.01823,0.93321,8,0x00000000,1,-0.71230,-0.71956,0.09895,-0.26579,-0.16617,8,0x00000000,1,-0.72293,-0.74474,0.04511,-1.08375,-1.00143,8,0x00000000,1,-0.72738,-0.72505,-0.01208,4.29460,4.34723,8,0x00000000,1,-0.70715,-0.70047,-0.00460,3.81825,3.70451,8,0x00000000,1,-0.79219,-0.78040,-0.00316,-0.60431,-0.57236,8,0x00000000,1
39.9954,0.02757,0.42705,-39.39701,0.02757,0.42705,0.04319,0.49022,0.24787,1.03381,0.20468,0.54359,0.20468,0.54359,0.00000,0.00000,0,0.00090,-0.77409,-0.76126,-0.00456,1.40627,1.36400,8,0x00000000,1,-0.71243,-0.71820,0.00510,-0.51776,-0.51737,8,0x00000000,1,-0.72236,-0.73391,0.09668,-0.44916,-0.31906,8,0x00000000,1,-0.72341,-0.72506,-0.00042,3.99640,3.80446,8,0x00000000,1,-0.70355,-0.70064,-0.00533,3.60801,3.65634,8,0x00000000,1,-0.79603,-0.78084,-0.01410,-0.13072,-0.13613,8,0x00000000,1
40.1014,0.02915,0.37456,-39.37006,0.02915,0.37456,0.02885,0.41778,0.24697,1.02103,0.21812,0.60325,0.21812,0.60325,0.00000,0.00000,0,0.00182,-0.77685,-0.76226,-0.01614,1.73440,1.74317,8,0x00000000,1,-0.71203,-0.71687,0.02263,-0.48041,-0.51811,8,0x00000000,1,-0.72154,-0.72280,0.22073,0.49773,0.07519,8,0x00000000,1,-0.72119,-0.72505,-0.00481,3.79920,3.61906,8,0x00000000,1,-0.70163,-0.70070,-0.00135,3.48816,3.47178,8,0x00000000,1,-0.79865,-0.78114,0.00069,0.20873,0.18855,8,0x00000000,1
40.2032,0.01208,0.30392,-39.30257,0.01208,0.30392,0.00710,0.33158,0.24666,1.01058,0.23956,0.67899,0.23956,0.67899,0.00000,0.00000,16,0.00035,-0.78043,-0.76377,-0.01615,2.03285,2.00728,8,0x00000000,1,-0.71133,-0.71585,0.01151,-0.55609,-0.55198,8,0x00000000,1,-0.72030,-0.71712,0.01113,0.14432,0.31212,8,0x00000000,1,-0.71846,-0.72496,-0.00470,3.58052,3.56138,8,0x00000000,1,-0.69930,-0.70067,0.00483,3.34639,3.38926,8,0x00000000,1,-0.80208,-0.78151,0.00438,0.62963,0.62743,8,0x00000000,1
40.3040,0.00464,0.29562,-39.30918,0.00464,0.29562,0.00362,0.30322,0.24666,1.00162,0.24304,0.69840,0.24304,0.69840,0.00000,0.00000,16,0.00033,-0.78131,-0.76505,-0.01974,2.21773,2.23132,8,0x00000000,1,-0.71124,-0.71508,0.01189,-0.57578,-0.64775,8,0x00000000,1,-0.72008,-0.71663,0.00095,0.18511,0.21632,8,0x00000000,1,-0.71772,-0.72490,-0.00170,3.47014,3.55512,8,0x00000000,1,-0.69865,-0.70069,0.00217,3.29888,3.40990,8,0x00000000,1,-0.80291,-0.78189,0.00270,0.89135,0.97913,8,0x00000000,1
40.4055,0.00469,0.29170,-39.31118,0.00469,0.29170,0.00439,0.29521,0.24666,0.99311,0.24227,0.69791,0.24227,0.69791,0.00000,0.00000,16,0.00039,-0.78128,-0.76594,-0.01055,2.33646,2.32258,8,0x00000000,1,-0.71127,-0.71465,-0.00272,-0.59285,-0.63388,8,0x00000000,1,-0.72011,-0.71662,0.00295,0.26961,0.40743,8,0x00000000,1,-0.71773,-0.72487,-0.00120,3.39290,3.40889,8,0x00000000,1,-0.69865,-0.70071,-0.01137,3.29031,3.32042,8,0x00000000,1,-0.80287,-0.78220,0.00120,1.09998,1.07565,8,0x00000000,1
40.5106,0.00689,0.29654,-39.30977,0.00689,0.29654,0.00498,0.29455,0.24666,0.98473,0.24168,0.69017,0.24168,0.69017,0.00000,0.00000,16,0.00032,-0.78094,-0.76679,-0.02354,2.43219,2.46565,8,0x00000000,1,-0.71127,-0.71440,0.00432,-0.60653,-0.71878,8,0x00000000,1,-0.72017,-0.71662,0.00079,0.31092,0.29503,8,0x00000000,1,-0.71804,-0.72484,0.00097,3.32685,3.31908,8,0x00000000,1,-0.69893,-0.70068,-0.00392,3.29704,3.20267,8,0x00000000,1,-0.80256,-0.78253,-0.00221,1.31386,1.35850,8,0x00000000,1
40.6110,0.01074,0.29629,-39.31925,-0.98926,0.29629,-0.40571,0.29605,0.19775,0.97629,0.60346,0.68024,0.60346,0.68024,1.00000,0.00000,0,0.00047,-0.78777,-0.76783,-0.02535,2.62233,2.52361,8,0x00000000,1,-0.69454,-0.71406,0.02134,-0.93936,-0.67718,8,0x00000000,1,-0.70365,-0.71661,-0.00003,-0.01180,0.04982,8,0x00000000,1,-0.72555,-0.72484,0.00751,3.44432,3.41694,8,0x00000000,1,-0.70875,-0.70072,-0.00434,3.46820,3.39123,8,0x00000000,1,-0.81170,-0.78287,-0.01283,1.71331,1.67466,8,0x00000000,1
40.7148,-0.05339,-0.07185,-39.63611,-1.05339,-0.07185,-0.92452,0.08080,0.21873,0.96991,1.14324,0.88911,1.14324,0.88911,1.00000,0.00000,0,0.00039,-0.80729,-0.77979,-0.16285,3.50779,3.42963,8,0x00000000,1,-0.67038,-0.67616,0.06135,-1.13393,-1.21821,8,0x00000000,1,-0.67833,-0.70133,0.07588,-1.84558,-1.75769,8,0x00000000,1,-0.72741,-0.72537,0.00271,4.03760,4.14008,8,0x00000000,1,-0.71491,-0.72096,-0.23659,2.53804,2.44157,8,0x00000000,1,-0.83384,-0.78988,-0.09101,3.61995,3.58590,8,0x00000000,1
40.8133,-0.12333,-0.34960,-39.52210,-1.12333,-0.34960,-1.07833,-0.15362,0.24764,0.97102,1.32598,1.12463,1.32598,1.12463,1.00000,0.00000,0,0.00031,-0.82080,-0.79107,-0.15895,3.86776,3.78900,8,0x00000000,1,-0.66276,-0.67351,0.03020,-1.34828,-1.25444,8,0x00000000,1,-0.66928,-0.67372,-0.04252,-0.85155,0.04506,8,0x00000000,1,-0.72117,-0.72525,0.00923,3.49519,3.48853,8,0x00000000,1,-0.71072,-0.72492,-0.00612,2.35942,2.36284,8,0x00000000,1,-0.84757,-0.79848,-0.15913,4.12032,4.02943,8,0x00000000,1
40.9135,-0.01431,-0.50376,-39.56078,-1.01431,-0.50376,-1.07424,-0.38940,0.27881,0.97930,1.35305,1.36870,1.35305,1.36870,1.00000,0.00000,0,0.00048,-0.83157,-0.80310,-0.03536,4.50077,4.64653,8,0x00000000,1,-0.66235,-0.66655,0.11713,-0.70841,-0.76752,8,0x00000000,1,-0.66732,-0.67391,0.00023,-0.90201,-0.94541,8,0x00000000,1,-0.71154,-0.72489,0.01211,2.74058,2.72259,8,0x00000000,1,-0.70213,-0.72481,0.00259,1.55001,1.54312,8,0x00000000,1,-0.85751,-0.81221,-0.06478,4.70570,4.67743,8,0x00000000,1
41.0200,0.00594,-0.54358,-39.56422,-0.99406,-0.54358,-1.01166,-0.50592,0.30828,0.99246,1.31994,1.49838,1.31994,1.49838,1.00000,0.00000,0,0.00301,-0.83634,-0.80586,-0.04301,4.96762,4.91023,8,0x00000000,1,-0.66433,-0.66437,0.00288,-0.65919,-0.68784,8,0x00000000,1,-0.66843,-0.67391,0.00394,-0.74063,-0.86757,8,0x00000000,1,-0.70551,-0.72430,0.00517,2.12959,2.05127,8,0x00000000,1,-0.69632,-0.72457,-0.00037,0.76356,0.85669,8,0x00000000,1,-0.86154,-0.81552,-0.01058,5.30141,5.37728,8,0x00000000,1
41.1163,0.02698,-0.55729,-39.58965,-0.97302,-0.55729,-0.98357,-0.54358,0.33664,1.00755,1.32021,1.55113,1.32021,1.55113,1.00000,0.00000,0,0.00035,-0.83856,-0.80819,-0.03698,5.23439,5.20717,8,0x00000000,1,-0.66450,-0.66438,0.00043,-0.69273,-0.59001,8,0x00000000,1,-0.66826,-0.67394,-0.00959,-0.86682,-0.84244,8,0x00000000,1,-0.70333,-0.72393,-0.00344,1.81321,1.92762,8,0x00000000,1,-0.69431,-0.72436,0.00600,0.39320,0.49891,8,0x00000000,1,-0.86354,-0.81685,-0.02600,5.86850,5.86663,8,0x00000000,1
41.2185,0.05746,-0.57394,-39.58816,-0.94254,-0.57394,-0.95938,-0.56267,0.36434,1.02335,1.32371,1.58602,1.32371,1.58602,1.00000,0.00000,0,0.00044,-0.84009,-0.81200,-0.03519,5.41350,5.35945,8,0x00000000,1,-0.66446,-0.66435,0.00087,-0.72112,-0.67666,8,0x00000000,1,-0.66800,-0.67390,0.00100,-0.93947,-1.02855,8,0x00000000,1,-0.70195,-0.72356,0.00271,1.53955,1.44452,8,0x00000000,1,-0.69307,-0.72415,-0.00493,-0.03342,-0.00328,8,0x00000000,1,-0.86495,-0.81848,-0.01342,6.41938,6.66675,8,0x00000000,1
41.3205,0.08435,-0.59849,-39.59883,-0.91565,-0.59849,-0.93097,-0.58477,0.39126,1.03970,1.32223,1.62447,1.32223,1.62447,1.00000,0.00000,0,0.00114,-0.84168,-0.81772,-0.06153,5.37058,5.39602,8,0x00000000,1,-0.66466,-0.66436,-0.00603,-0.69414,-0.62808,8,0x00000000,1,-0.66795,-0.67388,0.00621,-1.01583,-1.05010,8,0x00000000,1,-0.70032,-0.72306,0.00827,1.19594,1.26803,8,0x00000000,1,-0.69157,-0.72381,0.01149,-0.45075,-0.46886,8,0x00000000,1,-0.86636,-0.82029,-0.01917,6.99577,7.05666,8,0x00000000,1
41.4206,0.14218,-0.64594,-39.65434,-0.85782,-0.64594,-0.88950,-0.62029,0.41723,1.05684,1.30674,1.67714,1.30674,1.67714,1.00000,0.00000,0,0.00029,-0.84358,-0.82836,-0.13128,4.81418,4.83175,8,0x00000000,1,-0.66556,-0.66435,-0.00049,-0.60758,-0.74631,8,0x00000000,1,-0.66849,-0.67385,0.00301,-1.04999,-1.09135,8,0x00000000,1,-0.69783,-0.72240,0.00578,0.81238,0.91944,8,0x00000000,1,-0.68915,-0.72324,0.00690,-0.99775,-0.86703,8,0x00000000,1,-0.86794,-0.82257,-0.04306,7.44269,7.29336,8,0x00000000,1
41.5190,0.20786,-0.69862,-39.68531,-0.79214,-0.69862,-0.82473,-0.67318,0.44157,1.07534,1.26630,1.74851,1.26630,1.74851,1.00000,0.00000,0,0.00033,-0.84577,-0.83523,-0.02565,4.96589,5.03124,8,0x00000000,1,-0.66768,-0.66434,0.00378,-0.42030,-0.42587,8,0x00000000,1,-0.67011,-0.67387,-0.00407,-0.96524,-0.93586,8,0x00000000,1,-0.69409,-0.72144,0.02032,0.27163,0.33256,8,0x00000000,1,-0.68537,-0.72226,0.00856,-1.65778,-1.72952,8,0x00000000,1,-0.86956,-0.82728,-0.06901,7.66692,7.67884,8,0x00000000,1
41.6223,0.28410,-0.73967,-39.61935,-0.71590,-0.73967,-0.75869,-0.71662,0.46415,1.09517,1.22283,1.81180,1.22283,1.81180,1.00000,0.00000,0,0.00104,-0.84755,-0.83725,-0.00281,5.15862,5.26523,8,0x00000000,1,-0.66992,-0.66435,-0.00139,-0.24225,-0.23286,8,0x00000000,1,-0.67189,-0.67386,-0.00304,-0.91599,-0.64447,8,0x00000000,1,-0.69062,-0.71988,0.00738,-0.16832,-0.13870,8,0x00000000,1,-0.68181,-0.71796,0.10018,-1.78258,-1.80684,8,0x00000000,1,-0.87081,-0.83724,-0.13318,7.37138,7.47101,8,0x00000000,1
41.7215,0.45949,-0.73805,-39.45268,-0.54051,-0.73805,-0.64607,-0.74346,0.48440,1.11611,1.13047,1.85957,1.13047,1.85957,1.00000,0.00000,0,0.00024,-0.84771,-0.83852,-0.01070,5.18382,5.31827,8,0x00000000,1,-0.67437,-0.66434,0.00236,0.15772,0.14032,8,0x00000000,1,-0.67593,-0.67388,-0.00658,-0.63330,-0.76167,8,0x00000000,1,-0.68684,-0.71803,0.01372,-0.66620,-0.52808,8,0x00000000,1,-0.67756,-0.69527,0.03238,-1.04658,-0.65326,8,0x00000000,1,-0.87017,-0.85143,-0.12648,6.70670,6.75551,8,0x00000000,1
41.8246,0.54331,-0.75364,-39.33804,-0.45669,-0.75364,-0.50683,-0.75564,0.50038,1.13758,1.00720,1.89322,1.00720,1.89322,1.00000,0.00000,0,0.00032,-0.84664,-0.83923,-0.00003,5.15947,5.12016,8,0x00000000,1,-0.68021,-0.66477,-0.00497,0.73750,0.60288,8,0x00000000,1,-0.68141,-0.67390,0.00207,-0.15766,-0.17692,8,0x00000000,1,-0.68305,-0.71555,0.02643,-1.13913,-1.22365,8,0x00000000,1,-0.67305,-0.68697,0.07102,-0.90043,-1.00000,8,0x00000000,1,-0.86820,-0.85516,-0.01191,6.80511,6.78345,8,0x00000000,1
41.9277,0.58664,-0.75749,-39.30305,-0.41336,-0.75749,-0.43741,-0.75933,0.51366,1.15920,0.95107,1.91853,0.95107,1.91853,1.00000,0.00000,0,0.00030,-0.84658,-0.83981,-0.01050,5.21168,5.11255,8,0x00000000,1,-0.68291,-0.66593,-0.00035,0.96770,0.96027,8,0x00000000,1,-0.68388,-0.67397,-0.00322,0.03993,0.03526,8,0x00000000,1,-0.68091,-0.71396,0.00408,-1.57543,-1.58620,8,0x00000000,1,-0.67061,-0.68279,0.06974,-0.94399,-1.05315,8,0x00000000,1,-0.86767,-0.85627,-0.01078,6.88226,6.73706,8,0x00000000,1
42.0306,0.68567,-0.74466,-39.22976,-0.31433,-0.74466,-0.36073,-0.74818,0.52519,1.18067,0.88592,1.92885,0.88592,1.92885,1.00000,0.00000,0,0.00040,-0.84571,-0.84010,-0.01047,5.19587,5.20273,8,0x00000000,1,-0.68597,-0.66734,-0.01310,1.20690,1.20990,8,0x00000000,1,-0.68680,-0.67409,-0.01179,0.30308,0.20321,8,0x00000000,1,-0.67922,-0.71224,0.01214,-1.91751,-1.94817,8,0x00000000,1,-0.66851,-0.67137,0.00319,-0.53796,-0.45843,8,0x00000000,1,-0.86635,-0.85688,0.00983,6.92198,7.15909,8,0x00000000,1
42.1357,0.71262,-0.73417,-39.22202,-0.28738,-0.73417,-0.31427,-0.73788,0.53470,1.20183,0.84897,1.93972,0.84897,1.93972,1.00000,0.00000,0,0.00040,-0.84542,-0.84032,-0.01087,5.22130,5.45907,8,0x00000000,1,-0.68773,-0.67115,-0.02360,1.29597,1.23702,8,0x00000000,1,-0.68844,-0.67437,-0.00535,0.59869,0.81175,8,0x00000000,1,-0.67805,-0.70962,0.02256,-2.18263,-2.05802,8,0x00000000,1,-0.66713,-0.66840,0.05858,-0.27583,-0.41355,8,0x00000000,1,-0.86579,-0.85736,-0.00599,6.93820,6.93016,8,0x00000000,1
42.2344,0.75655,-0.71237,-39.20668,-0.24345,-0.71237,-0.26847,-0.72212,0.54293,1.22264,0.81140,1.94476,0.81140,1.94476,1.00000,0.00000,0,0.00055,-0.84488,-0.84047,-0.00805,5.26441,5.16806,8,0x00000000,1,-0.68949,-0.67298,-0.01985,1.49743,1.46962,8,0x00000000,1,-0.69012,-0.67465,-0.00683,0.83907,0.85571,8,0x00000000,1,-0.67711,-0.70126,0.15231,-1.68400,-1.77268,8,0x00000000,1,-0.66595,-0.66504,0.00905,-0.29654,-0.26144,8,0x00000000,1,-0.86499,-0.85785,-0.00138,6.96879,7.01945,8,0x00000000,1
42.3354,0.89647,-0.60332,-39.36643,-0.10353,-0.60332,-0.17260,-0.66731,0.54943,1.24262,0.72203,1.90994,0.72203,1.90994,1.00000,0.00000,0,0.00040,-0.84162,-0.84050,0.01091,5.12907,5.15423,8,0x00000000,1,-0.69351,-0.67475,-0.02898,1.80031,1.74468,8,0x00000000,1,-0.69429,-0.67506,-0.01398,1.26425,1.29453,8,0x00000000,1,-0.67681,-0.67991,0.03660,-0.78723,-0.70614,8,0x00000000,1,-0.66494,-0.66417,0.00791,-0.30944,-0.30956,8,0x00000000,1,-0.86132,-0.85815,-0.00285,6.81240,6.74230,8,0x00000000,1
42.4385,0.93028,-0.60673,-39.35981,-0.06972,-0.60673,-0.09802,-0.62405,0.55305,1.26081,0.65106,1.88487,0.65106,1.88487,1.00000,0.00000,0,0.00060,-0.83914,-0.84051,-0.01248,4.90490,5.08919,8,0x00000000,1,-0.69672,-0.67687,-0.01334,2.16362,2.16714,8,0x00000000,1,-0.69758,-0.67569,-0.00698,1.75346,1.84404,8,0x00000000,1,-0.67647,-0.67723,0.03495,-0.62647,-0.57218,8,0x00000000,1,-0.66404,-0.66401,0.00741,-0.34003,-0.33471,8,0x00000000,1,-0.85851,-0.85818,0.00830,6.61383,6.60621,8,0x00000000,1
42.5425,0.94231,-0.59739,-39.36396,-0.05769,-0.59739,-0.06915,-0.60442,0.55539,1.27826,0.62454,1.88268,0.62454,1.88268,1.00000,0.00000,0,0.00029,-0.83851,-0.84051,-0.00825,4.87362,4.94854,8,0x00000000,1,-0.69794,-0.67792,0.00039,2.44871,2.40306,8,0x00000000,1,-0.69879,-0.67617,-0.00877,2.04654,2.15370,8,0x00000000,1,-0.67604,-0.67561,0.00852,-0.64408,-0.56740,8,0x00000000,1,-0.66343,-0.66385,0.00143,-0.37545,-0.59387,8,0x00000000,1,-0.85773,-0.85827,-0.00943,6.54304,6.58880,8,0x00000000,1
42.6412,0.94872,-0.58815,-39.37251,-0.05128,-0.58815,-0.05664,-0.59367,0.55715,1.29534,0.61379,1.88901,0.61379,1.88901,1.00000,0.00000,0,0.00027,-0.83856,-0.84049,-0.00528,4.88598,4.81869,8,0x00000000,1,-0.69847,-0.67881,-0.00224,2.65888,2.63984,8,0x00000000,1,-0.69926,-0.67661,-0.00898,2.33174,2.25142,8,0x00000000,1,-0.67557,-0.67430,0.01735,-0.53202,-0.67075,8,0x00000000,1,-0.66291,-0.66370,0.00033,-0.41639,-0.40520,8,0x00000000,1,-0.85769,-0.85830,-0.00276,6.57524,6.59923,8,0x00000000,1
42.7426,0.95832,-0.57650,-39.37681,-0.04168,-0.57650,-0.04927,-0.58328,0.55867,1.31210,0.60794,1.89538,0.60794,1.89538,1.00000,0.00000,0,0.00029,-0.83871,-0.84050,-0.00317,4.81401,4.75450,8,0x00000000,1,-0.69876,-0.67997,-0.01565,2.78585,2.71323,8,0x00000000,1,-0.69951,-0.67712,-0.00882,2.56476,2.47447,8,0x00000000,1,-0.67519,-0.67188,0.04203,-0.30723,-0.40161,8,0x00000000,1,-0.66251,-0.66356,-0.00495,-0.41314,-0.41568,8,0x00000000,1,-0.85777,-0.85835,-0.00642,6.54194,6.35381,8,0x00000000,1
42.8455,1.01380,-0.53355,-39.44011,0.01380,-0.53355,-0.01464,-0.55767,0.55962,1.32843,0.57426,1.88610,0.57426,1.88610,1.00000,0.00000,16,0.00029,-0.83765,-0.84049,-0.01003,4.73949,4.85755,8,0x00000000,1,-0.70029,-0.68177,-0.01277,2.97577,2.76552,8,0x00000000,1,-0.70106,-0.67789,-0.00474,2.87978,2.91192,8,0x00000000,1,-0.67492,-0.66230,0.02476,0.36192,0.27478,8,0x00000000,1,-0.66198,-0.66334,0.00428,-0.43560,-0.38212,8,0x00000000,1,-0.85654,-0.85838,-0.01073,6.45494,6.47053,8,0x00000000,1
42.9490,1.02459,-0.51344,-39.44955,0.02459,-0.51344,0.01418,-0.52750,0.55962,1.34381,0.54544,1.87131,0.54544,1.87131,1.00000,0.00000,16,0.00042,-0.83645,-0.84046,0.00129,4.62077,4.51587,8,0x00000000,1,-0.70158,-0.68384,-0.00661,3.20796,3.19849,8,0x00000000,1,-0.70242,-0.67907,-0.01013,3.19555,3.18044,8,0x00000000,1,-0.67497,-0.66169,-0.00270,0.49162,0.59407,8,0x00000000,1,-0.66180,-0.66323,0.00349,-0.47949,-0.39289,8,0x00000000,1,-0.85522,-0.85835,0.00642,6.31889,6.37941,8,0x00000000,1
43.0522,1.02663,-0.50462,-39.44764,0.02663,-0.50462,0.02444,-0.51159,0.55924,1.35859,0.53481,1.87018,0.53481,1.87018,1.00000,0.00000,0,0.00126,-0.83619,-0.84044,-0.00023,4.56345,4.58090,8,0x00000000,1,-0.70207,-0.68510,-0.01117,3.35595,3.07980,8,0x00000000,1,-0.70291,-0.68032,-0.02016,3.39949,3.53245,8,0x00000000,1,-0.67481,-0.66170,-0.00037,0.63571,0.60893,8,0x00000000,1,-0.66156,-0.66310,0.00551,-0.48282,-0.48683,8,0x00000000,1,-0.85490,-0.85837,-0.00592,6.28041,6.22988,8,0x00000000,1
43.1549,1.02574,-0.49133,-39.43955,0.02574,-0.49133,0.02564,-0.49900,0.55852,1.37299,0.53288,1.87198,0.53288,1.87198,1.00000,0.00000,0,0.00037,-0.83622,-0.84041,0.01108,4.50708,4.33545,8,0x00000000,1,-0.70216,-0.68643,-0.01199,3.43428,3.33946,8,0x00000000,1,-0.70299,-0.68140,-0.00659,3.63797,3.99892,8,0x00000000,1,-0.67470,-0.66178,-0.00473,0.79350,0.67870,8,0x00000000,1,-0.66144,-0.66303,-0.00733,-0.53262,-0.53922,8,0x00000000,1,-0.85492,-0.85837,0.00095,6.23615,6.26195,8,0x00000000,1
43.2558,1.03384,-0.47691,-39.44464,0.03384,-0.47691,0.03131,-0.48541,0.55771,1.38701,0.52641,1.87242,0.52641,1.87242,1.00000,0.00000,0,0.00025,-0.83611,-0.84041,0.00410,4.45923,4.44876,8,0x00000000,1,-0.70246,-0.68767,-0.01309,3.56159,3.69284,8,0x00000000,1,-0.70328,-0.68298,-0.01978,3.77362,3.64144,8,0x00000000,1,-0.67456,-0.66185,0.00247,0.96277,0.90165,8,0x00000000,1,-0.66126,-0.66289,0.00800,-0.53224,-0.43709,8,0x00000000,1,-0.85477,-0.85835,0.01177,6.22557,6.13539,8,0x00000000,1
43.3579,1.03885,-0.46027,-39.44301,0.03885,-0.46027,0.03529,-0.46938,0.55677,1.40061,0.52148,1.86999,0.52148,1.86999,1.00000,0.00000,0,0.00030,-0.83591,-0.84042,-0.00689,4.34644,4.30578,8,0x00000000,1,-0.70268,-0.68905,-0.01294,3.66276,3.58884,8,0x00000000,1,-0.70351,-0.68439,-0.01795,3.93188,3.99969,8,0x00000000,1,-0.67456,-0.66197,0.00469,1.11902,1.22860,8,0x00000000,1,-0.66122,-0.66279,-0.00687,-0.57032,-0.62189,8,0x00000000,1,-0.85454,-0.85837,0.00002,6.14414,6.12420,8,0x00000000,1
43.4591,1.04404,-0.44027,-39.44554,0.04404,-0.44027,0.04093,-0.45363,0.55567,1.41376,0.51475,1.86739,0.51475,1.86739,1.00000,0.00000,0,0.00039,-0.83567,-0.84038,0.00266,4.33759,4.45168,8,0x00000000,1,-0.70299,-0.69045,-0.01604,3.74494,3.63883,8,0x00000000,1,-0.70382,-0.68714,-0.03001,3.94952,3.97580,8,0x00000000,1,-0.67454,-0.66212,0.00462,1.23631,1.19534,8,0x00000000,1,-0.66114,-0.66269,-0.00630,-0.59816,-0.55831,8,0x00000000,1,-0.85427,-0.85838,-0.00246,6.07666,6.15890,8,0x00000000,1
43.5622,1.04776,-0.40686,-39.47444,0.04776,-0.40686,0.04594,-0.42530,0.55442,1.42628,0.50848,1.85158,0.50848,1.85158,1.00000,0.00000,0,0.00309,-0.83488,-0.84036,-0.00528,4.19820,4.04063,8,0x00000000,1,-0.70322,-0.69180,-0.00217,3.85094,3.90144,8,0x00000000,1,-0.70416,-0.69350,-0.14164,3.40041,3.44777,8,0x00000000,1,-0.67507,-0.66235,-0.00911,1.38594,1.50306,8,0x00000000,1,-0.66158,-0.66263,-0.01000,-0.59066,-0.58741,8,0x00000000,1,-0.85351,-0.85836,-0.00105,5.96868,5.95870,8,0x00000000,1
43.6631,1.10356,-0.17838,-39.59271,1.10356,-0.17838,0.80577,-0.29094,0.59487,1.43693,-0.21090,1.72787,-0.21090,1.72787,0.00000,0.00000,0,0.00024,-0.81520,-0.83968,-0.00195,2.61240,2.50111,8,0x00000000,1,-0.73618,-0.70415,-0.41264,4.73081,4.74215,8,0x00000000,1,-0.73726,-0.72298,-0.34617,3.59029,3.53976,8,0x00000000,1,-0.66614,-0.66218,0.00678,0.72769,0.80144,8,0x00000000,1,-0.64755,-0.65772,0.14294,-1.05796,-0.96098,8,0x00000000,1,-0.82998,-0.85820,-0.00291,3.98768,3.91889,8,0x00000000,1
43.7653,1.18419,0.40725,-39.45856,1.18419,0.40725,1.10021,0.13928,0.56649,1.43941,-0.53373,1.30013,-0.53373,1.30013,0.00000,0.00000,0,0.00028,-0.79081,-0.83807,0.02349,0.77089,1.11792,8,0x00000000,1,-0.74950,-0.74908,-0.19925,3.18340,3.11967,8,0x00000000,1,-0.75348,-0.75598,-0.08302,3.04507,2.98883,8,0x00000000,1,-0.67750,-0.66270,-0.01066,2.07521,1.99035,8,0x00000000,1,-0.65550,-0.65483,-0.00458,-0.64241,-0.79967,8,0x00000000,1,-0.80535,-0.85778,-0.00276,1.99021,1.88205,8,0x00000000,1
43.8652,1.17280,0.48153,-39.42505,1.17280,0.48153,1.16063,0.40293,0.53399,1.43069,-0.62664,1.02775,-0.62664,1.02775,0.00000,0.00000,0,0.00153,-0.77757,-0.83244,0.06258,-0.27165,-0.14477,8,0x00000000,1,-0.75272,-0.75335,-0.01098,3.47141,3.32707,8,0x00000000,1,-0.75871,-0.75843,-0.00438,3.27513,3.12054,8,0x00000000,1,-0.68695,-0.66528,-0.02595,2.49641,2.65299,8,0x00000000,1,-0.66348,-0.65511,0.00219,0.14306,-0.00669,8,0x00000000,1,-0.79260,-0.85731,0.00944,0.51028,0.64766,8,0x00000000,1
43.9675,1.17372,0.48161,-39.41706,1.17372,0.48161,1.17299,0.46546,0.50066,1.41808,-0.67233,0.95262,-0.67233,0.95262,0.00000,0.00000,0,0.00055,-0.77352,-0.82600,0.13329,-0.30315,-0.42578,8,0x00000000,1,-0.75454,-0.75407,-0.00071,3.52440,3.27702,8,0x00000000,1,-0.76108,-0.75918,-0.00333,3.33478,3.19447,8,0x00000000,1,-0.68917,-0.66713,-0.00713,2.71659,2.64656,8,0x00000000,1,-0.66517,-0.65522,0.00229,0.22717,0.23393,8,0x00000000,1,-0.78856,-0.85708,-0.00038,-0.37730,-0.14933,8,0x00000000,1
44.0675,1.12761,0.53066,-39.35978,1.12761,0.53066,1.15129,0.50038,0.46743,1.40438,-0.68386,0.90400,-0.68386,0.90400,0.00000,0.00000,0,0.00033,-0.77126,-0.80556,0.03125,0.08945,0.21051,8,0x00000000,1,-0.75488,-0.75440,-0.00579,3.52000,3.60731,8,0x00000000,1,-0.76178,-0.75976,0.00043,3.34417,3.43944,8,0x00000000,1,-0.69096,-0.66920,-0.03392,2.85959,2.88452,8,0x00000000,1,-0.66673,-0.65538,-0.00861,0.40826,0.41284,8,0x00000000,1,-0.78642,-0.85677,0.01094,-1.26599,-1.18632,8,0x00000000,1
44.1694,1.11522,0.54126,-39.34584,1.11522,0.54126,1.12411,0.53068,0.43510,1.38958,-0.68901,0.85890,-0.68901,0.85890,0.00000,0.00000,0,0.00041,-0.76928,-0.80324,0.01926,-0.31141,-0.09622,8,0x00000000,1,-0.75494,-0.75447,-0.00455,3.51173,3.59505,8,0x00000000,1,-0.76218,-0.76015,0.00216,3.35061,3.33279,8,0x00000000,1,-0.69273,-0.67248,-0.01674,3.04349,3.10179,8,0x00000000,1,-0.66831,-0.65564,0.00317,0.63738,0.65841,8,0x00000000,1,-0.78457,-0.85613,0.00347,-2.18196,-2.19659,8,0x00000000,1
44.2715,1.10580,0.55247,-39.32906,1.10580,0.55247,1.11119,0.54491,0.40327,1.37423,-0.70792,0.82932,-0.70792,0.82932,0.00000,0.00000,0,0.00121,-0.76767,-0.80120,0.02024,-0.71806,-0.58059,8,0x00000000,1,-0.75570,-0.75457,-0.00215,3.56293,3.48729,8,0x00000000,1,-0.76315,-0.76057,-0.00472,3.41065,3.24563,8,0x00000000,1,-0.69358,-0.67478,-0.01049,3.19353,3.14607,8,0x00000000,1,-0.66895,-0.65582,-0.00220,0.82363,0.69464,8,0x00000000,1,-0.78296,-0.85356,0.03134,-2.99584,-2.96673,8,0x00000000,1
44.3707,1.09316,0.56371,-39.30858,1.09316,0.56371,1.10081,0.55677,0.37175,1.35852,-0.72906,0.80175,-0.72906,0.80175,0.00000,0.00000,0,0.00028,-0.76609,-0.79844,0.03301,-1.02649,-0.97844,8,0x00000000,1,-0.75657,-0.75474,-0.00652,3.61253,3.60351,8,0x00000000,1,-0.76422,-0.76115,-0.01367,3.46859,3.38077,8,0x00000000,1,-0.69431,-0.67635,-0.01884,3.35542,3.54259,8,0x00000000,1,-0.66946,-0.65600,0.00519,0.98085,1.06412,8,0x00000000,1,-0.78136,-0.84864,0.07471,-3.47319,-3.38864,8,0x00000000,1
44.4748,1.02398,0.63400,-39.34919,1.02398,0.63400,1.07187,0.58667,0.34066,1.34236,-0.73121,0.75570,-0.73121,0.75570,0.00000,0.00000,0,0.00029,-0.76413,-0.79574,0.03406,-1.30291,-1.30537,8,0x00000000,1,-0.75648,-0.75488,0.00115,3.65245,3.61027,8,0x00000000,1,-0.76449,-0.76200,-0.01731,3.46137,3.61355,8,0x00000000,1,-0.69618,-0.67799,-0.01598,3.57540,3.39826,8,0x00000000,1,-0.67116,-0.65629,-0.00143,1.22359,1.16926,8,0x00000000,1,-0.77956,-0.82083,0.62844,-0.77999,-1.01286,8,0x00000000,1
44.5760,0.92619,0.69054,-39.39285,0.92619,0.69054,0.95575,0.65415,0.31207,1.32451,-0.64368,0.67035,-0.64368,0.67035,0.00000,0.00000,0,0.00029,-0.76234,-0.79310,0.03180,-1.60919,-1.52619,8,0x00000000,1,-0.75209,-0.75490,-0.00717,3.19723,3.20770,8,0x00000000,1,-0.76079,-0.76252,0.00466,3.12745,3.06845,8,0x00000000,1,-0.70144,-0.68090,-0.03083,4.03789,4.12686,8,0x00000000,1,-0.67668,-0.65775,-0.01301,1.71992,1.67917,8,0x00000000,1,-0.77861,-0.81477,-0.00067,-2.72432,-2.83870,8,0x00000000,1
44.6778,0.85652,0.70680,-39.35291,0.85652,0.70680,0.90357,0.68110,0.28550,1.30539,-0.61807,0.62429,-0.61807,0.62429,0.00000,0.00000,0,0.00038,-0.76094,-0.78187,0.15167,-0.96609,-0.97017,8,0x00000000,1,-0.75073,-0.75487,0.00494,3.19590,3.23310,8,0x00000000,1,-0.75978,-0.76267,0.00048,3.10094,3.11894,8,0x00000000,1,-0.70386,-0.68347,-0.02364,4.22454,4.34601,8,0x00000000,1,-0.67910,-0.65906,-0.00996,1.98837,2.04874,8,0x00000000,1,-0.77753,-0.81298,0.03088,-3.11016,-3.08535,8,0x00000000,1
44.7774,0.72407,0.80517,-39.19592,0.72407,0.80517,0.79909,0.75206,0.26114,1.28503,-0.53795,0.53297,-0.53795,0.53297,0.00000,0.00000,0,0.00026,-0.75875,-0.76025,0.01929,-0.26346,-0.00482,8,0x00000000,1,-0.74666,-0.75486,0.01057,2.87052,2.76939,8,0x00000000,1,-0.75644,-0.76265,0.00055,2.82354,2.84532,8,0x00000000,1,-0.70923,-0.68663,-0.03910,4.56088,4.48268,8,0x00000000,1,-0.68466,-0.66084,-0.01304,2.64706,2.58278,8,0x00000000,1,-0.77616,-0.80970,0.06156,-3.35344,-3.25786,8,0x00000000,1
44.8784,0.60555,0.84700,-39.24310,0.60555,0.84700,0.68661,0.81620,0.24000,1.26249,-0.44661,0.44629,-0.44661,0.44629,0.00000,0.00000,0,0.00034,-0.75698,-0.75852,0.00993,-0.24238,-0.27890,8,0x00000000,1,-0.74211,-0.75484,0.00222,2.41654,2.34425,8,0x00000000,1,-0.75256,-0.76252,0.00383,2.47779,2.71676,8,0x00000000,1,-0.71464,-0.69229,-0.08942,4.66064,4.76508,8,0x00000000,1,-0.69034,-0.66286,-0.00758,3.10504,2.92433,8,0x00000000,1,-0.77527,-0.79232,0.37105,-1.65178,-1.89164,8,0x00000000,1
44.9825,0.42483,0.86200,-39.27441,0.42483,0.86200,0.51332,0.86002,0.22302,1.23842,-0.29030,0.37840,-0.29030,0.37840,0.00000,0.00000,0,0.00162,-0.75729,-0.75828,-0.00233,-0.23707,-0.28211,8,0x00000000,1,-0.73463,-0.75476,-0.00124,1.67108,1.80587,8,0x00000000,1,-0.74563,-0.76220,0.00813,1.86120,1.84554,8,0x00000000,1,-0.72054,-0.70753,-0.21567,3.96563,3.99606,8,0x00000000,1,-0.69698,-0.66547,-0.02851,3.71101,3.60424,8,0x00000000,1,-0.77678,-0.78068,0.00597,-1.91056,-1.86870,8,0x00000000,1
45.0861,0.31555,0.80114,-39.19620,0.31555,0.80114,0.37556,0.82414,0.21052,1.21432,-0.16504,0.39018,-0.16504,0.39018,0.00000,0.00000,0,0.00348,-0.76029,-0.75836,-0.00621,-0.01884,0.03997,8,0x00000000,1,-0.72890,-0.75431,0.00157,1.06883,1.14233,8,0x00000000,1,-0.73984,-0.76165,0.00282,1.26423,1.34670,8,0x00000000,1,-0.72252,-0.71940,-0.03825,3.85129,3.77466,8,0x00000000,1,-0.69979,-0.67110,-0.03923,3.78793,3.65472,8,0x00000000,1,-0.78051,-0.78062,-0.00458,-1.68719,-1.59871,8,0x00000000,1
45.1840,0.26878,0.78595,-39.21334,0.26878,0.78595,0.29726,0.79681,0.20112,1.19128,-0.09615,0.39448,-0.09615,0.39448,0.00000,0.00000,0,0.00046,-0.76185,-0.75847,-0.00345,0.11579,0.07216,8,0x00000000,1,-0.72574,-0.75334,0.01356,0.68747,0.69051,8,0x00000000,1,-0.73666,-0.76111,0.00992,0.85878,0.78235,8,0x00000000,1,-0.72370,-0.72103,-0.01452,3.87686,3.99256,8,0x00000000,1,-0.70141,-0.67510,-0.03554,3.95846,3.93591,8,0x00000000,1,-0.78248,-0.78063,-0.00725,-1.57659,-1.58803,8,0x00000000,1
45.2873,0.24141,0.77138,-39.23811,0.24141,0.77138,0.26098,0.78096,0.19322,1.16882,-0.06775,0.38786,-0.06775,0.38786,0.00000,0.00000,0,0.00230,-0.76214,-0.75850,-0.00739,0.11819,0.17662,8,0x00000000,1,-0.72441,-0.75242,0.01526,0.32617,0.33387,8,0x00000000,1,-0.73538,-0.76043,0.00786,0.56265,0.69090,8,0x00000000,1,-0.72453,-0.72161,0.00256,3.95265,3.96827,8,0x00000000,1,-0.70240,-0.68117,-0.13540,3.62385,3.74295,8,0x00000000,1,-0.78298,-0.78063,-0.00102,-1.56065,-1.45003,8,0x00000000,1
45.3845,0.17729,0.74892,-39.30006,0.17729,0.74892,0.20484,0.75877,0.18658,1.14691,-0.01826,0.38814,-0.01826,0.38814,0.00000,0.00000,0,0.00053,-0.76315,-0.75861,-0.00845,0.27583,0.34088,8,0x00000000,1,-0.72212,-0.75095,0.01821,-0.08005,0.01231,8,0x00000000,1,-0.73311,-0.75890,0.03172,0.26025,0.45061,8,0x00000000,1,-0.72550,-0.72224,-0.01500,4.01879,4.18465,8,0x00000000,1,-0.70368,-0.68952,-0.03454,3.67368,3.65720,8,0x00000000,1,-0.78429,-0.78069,-0.01256,-1.42883,-1.35051,8,0x00000000,1
45.4852,0.14043,0.72499,-39.30038,0.14043,0.72499,0.16319,0.73708,0.18139,1.12561,0.01819,0.38853,0.01819,0.38853,0.00000,0.00000,0,0.00035,-0.76389,-0.75874,-0.00099,0.35499,0.40036,8,0x00000000,1,-0.72045,-0.74969,0.01992,-0.41904,-0.43138,8,0x00000000,1,-0.73144,-0.75698,0.02722,-0.05212,-0.07657,8,0x00000000,1,-0.72620,-0.72278,-0.00294,4.07940,4.02007,8,0x00000000,1,-0.70461,-0.69342,-0.04430,3.57313,3.63893,8,0x00000000,1,-0.78526,-0.78069,0.00484,-1.27103,-1.26113,8,0x00000000,1
45.5885,0.11110,0.70701,-39.32307,0.11110,0.70701,0.12737,0.71752,0.17730,1.10491,0.04992,0.38738,0.04992,0.38738,0.00000,0.00000,0,0.00042,-0.76448,-0.75890,-0.00761,0.46777,0.38270,8,0x00000000,1,-0.71898,-0.74797,0.02252,-0.73334,-0.80326,8,0x00000000,1,-0.72998,-0.75546,0.01655,-0.38206,-0.21688,8,0x00000000,1,-0.72687,-0.72324,-0.00210,4.12320,4.36708,8,0x00000000,1,-0.70548,-0.69645,-0.01263,3.63023,3.68575,8,0x00000000,1,-0.78605,-0.78074,-0.00142,-1.19374,-1.12922,8,0x00000000,1
45.6904,0.09492,0.69010,-39.32066,0.09492,0.69010,0.10448,0.69972,0.17404,1.08472,0.06956,0.38501,0.06956,0.38501,0.00000,0.00000,0,0.00034,-0.76478,-0.75900,0.00921,0.51347,0.63854,8,0x00000000,1,-0.71807,-0.74675,0.01191,-1.08486,-1.07320,8,0x00000000,1,-0.72909,-0.75352,0.01209,-0.59384,-0.58582,8,0x00000000,1,-0.72736,-0.72376,-0.01522,4.13752,4.24189,8,0x00000000,1,-0.70608,-0.69788,-0.00758,3.67592,3.86278,8,0x00000000,1,-0.78647,-0.78076,0.00578,-1.06976,-1.19785,8,0x00000000,1
45.7931,0.07842,0.67224,-39.31228,0.07842,0.67224,0.08747,0.68301,0.17132,1.06502,0.08385,0.38201,0.08385,0.38201,0.00000,0.00000,0,0.00033,-0.76494,-0.75916,-0.01055,0.63183,0.44697,8,0x00000000,1,-0.71739,-0.74549,0.00804,-1.38469,-1.43475,8,0x00000000,1,-0.72845,-0.75115,0.02849,-0.74135,-0.68786,8,0x00000000,1,-0.72776,-0.72409,0.01016,4.22376,4.23843,8,0x00000000,1,-0.70657,-0.69877,0.00118,3.78226,3.61554,8,0x00000000,1,-0.78674,-0.78084,-0.00982,-1.05906,-1.05234,8,0x00000000,1
45.8948,0.07226,0.66494,-39.30812,0.07226,0.66494,0.07589,0.67067,0.16902,1.04576,0.09313,0.37509,0.09313,0.37509,0.00000,0.00000,0,0.00036,-0.76484,-0.75929,-0.00433,0.62153,0.61412,8,0x00000000,1,-0.71694,-0.74357,0.01685,-1.59415,-1.50594,8,0x00000000,1,-0.72804,-0.74927,0.01242,-0.96196,-0.97014,8,0x00000000,1,-0.72823,-0.72444,-0.00358,4.26257,4.20774,8,0x00000000,1,-0.70707,-0.69956,-0.00839,3.85157,3.90155,8,0x00000000,1,-0.78672,-0.78087,0.00269,-0.99024,-0.86626,8,0x00000000,1
45.9946,0.06236,0.65022,-39.30613,0.06236,0.65022,0.06786,0.65959,0.16697,1.02681,0.09911,0.36722,0.09911,0.36722,0.00000,0.00000,0,0.00031,-0.76463,-0.75934,0.00322,0.67057,0.73708,8,0x00000000,1,-0.71664,-0.73729,0.13980,-1.12134,-1.12999,8,0x00000000,1,-0.72780,-0.74771,0.02276,-1.09216,-1.10738,8,0x00000000,1,-0.72868,-0.72487,-0.01109,4.30467,4.41758,8,0x00000000,1,-0.70753,-0.70041,-0.01968,3.91213,3.93155,8,0x00000000,1,-0.78658,-0.78089,0.00645,-0.89098,-0.77549,8,0x00000000,1
46.0955,0.06541,0.49616,-39.42971,0.06541,0.49616,0.05643,0.57720,0.16523,1.00889,0.10880,0.43169,0.10880,0.43169,0.00000,0.00000,0,0.00036,-0.76751,-0.75965,-0.01452,0.99205,1.01186,8,0x00000000,1,-0.71643,-0.71920,-0.00282,-0.52278,-0.36337,8,0x00000000,1,-0.72713,-0.74414,0.03648,-1.06543,-1.17845,8,0x00000000,1,-0.72618,-0.72510,-0.00257,4.24192,4.18723,8,0x00000000,1,-0.70532,-0.70158,0.00262,3.82411,3.88949,8,0x00000000,1,-0.78927,-0.78102,-0.00048,-0.72014,-0.76138,8,0x00000000,1
46.1998,0.03355,0.42819,-39.35721,0.03355,0.42819,0.04805,0.48259,0.16363,0.99392,0.11558,0.51133,0.11558,0.51133,0.00000,0.00000,0,0.00047,-0.77096,-0.76054,-0.01493,1.20968,1.29775,8,0x00000000,1,-0.71642,-0.71852,0.00403,-0.48881,-0.57760,8,0x00000000,1,-0.72655,-0.73449,0.08281,-0.48497,-0.41758,8,0x00000000,1,-0.72300,-0.72506,0.00459,3.91622,3.94753,8,0x00000000,1,-0.70246,-0.70185,-0.00200,3.56824,3.65236,8,0x00000000,1,-0.79247,-0.78139,-0.01525,-0.36899,-0.37730,8,0x00000000,1
46.3056,0.03567,0.41016,-39.35364,0.03567,0.41016,0.03799,0.43118,0.16247,0.98109,0.12447,0.54990,0.12447,0.54990,0.00000,0.00000,0,0.00251,-0.77275,-0.76115,-0.01307,1.41884,1.42282,8,0x00000000,1,-0.71615,-0.71787,0.00417,-0.49659,-0.55286,8,0x00000000,1,-0.72601,-0.73162,0.04483,-0.54011,-0.52823,8,0x00000000,1,-0.72157,-0.72505,0.00065,3.81834,3.77043,8,0x00000000,1,-0.70123,-0.70200,-0.00382,3.48978,3.61867,8,0x00000000,1,-0.79417,-0.78160,0.00273,-0.06580,-0.19524,8,0x00000000,1
46.4046,0.01403,0.32428,-39.26385,0.01403,0.32428,0.03085,0.36953,0.16143,0.96953,0.13058,0.60000,0.13058,0.60000,0.00000,0.00000,0,0.00025,-0.77496,-0.76160,-0.02402,1.71201,1.75152,8,0x00000000,1,-0.71606,-0.71719,0.00724,-0.41575,-0.49274,8,0x00000000,1,-0.72556,-0.71969,0.02947,0.20059,0.23279,8,0x00000000,1,-0.71961,-0.72500,0.00425,3.63122,3.71361,8,0x00000000,1,-0.69947,-0.70213,-0.00188,3.33449,3.30152,8,0x00000000,1,-0.79622,-0.78178,-0.01220,0.20534,0.10965,8,0x00000000,1
46.5052,0.01988,0.31847,-39.26980,0.01988,0.31847,0.02449,0.33083,0.16074,0.95969,0.13625,0.62887,0.13625,0.62887,0.00000,0.00000,0,0.00028,-0.77627,-0.76265,-0.00766,1.88637,1.89937,8,0x00000000,1,-0.71591,-0.71670,0.00243,-0.42652,-0.42765,8,0x00000000,1,-0.72520,-0.71872,0.00245,0.22860,0.14158,8,0x00000000,1,-0.71852,-0.72495,-0.00302,3.47460,3.38348,8,0x00000000,1,-0.69852,-0.70212,0.00458,3.24496,3.33598,8,0x00000000,1,-0.79747,-0.78203,-0.00446,0.43111,0.35341,8,0x00000000,1
46.6056,0.01964,0.31725,-39.27247,-0.98036,0.31725,-0.06455,0.31990,0.13744,0.95048,0.22500,0.63058,0.20199,0.63058,1.00000,0.00000,1,0.00122,-0.77766,-0.76333,-0.01455,1.97543,2.17871,8,0x00000000,1,-0.71288,-0.71639,-0.00113,-0.43794,-0.58283,8,0x00000000,1,-0.72219,-0.71865,-0.00770,0.27138,0.27905,8,0x00000000,1,-0.71974,-0.72491,-0.00327,3.44342,3.49855,8,0x00000000,1,-0.70017,-0.70212,0.00183,3.21632,3.20703,8,0x00000000,1,-0.79926,-0.78222,-0.01057,0.62131,0.64854,8,0x00000000,1
46.7052,-0.08094,0.00098,-39.41578,-1.08094,0.00098,-0.84290,0.20885,0.12485,0.94205,0.96775,0.73320,0.96775,0.73320,1.00000,0.00000,0,0.00028,-0.79727,-0.77055,-0.06479,2.89970,2.98985,8,0x00000000,1,-0.67793,-0.67791,0.00754,-1.05680,-0.17700,8,0x00000000,1,-0.68683,-0.70500,0.14056,-1.40809,-1.33437,8,0x00000000,1,-0.73047,-0.72577,-0.01253,4.37283,4.47000,8,0x00000000,1,-0.71625,-0.71556,-0.25356,3.22071,3.13971,8,0x00000000,1,-0.82331,-0.78517,-0.05863,2.30812,2.44037,8,0x00000000,1
46.8082,-0.13234,-0.16700,-39.53456,-1.13234,-0.16700,-1.05407,-0.06702,0.15272,0.94087,1.20678,1.00790,1.20678,1.00790,1.00000,0.00000,0,0.00030,-0.81353,-0.78312,-0.10242,3.74076,3.88088,8,0x00000000,1,-0.66786,-0.67576,0.01101,-1.18684,-1.28627,8,0x00000000,1,-0.67507,-0.69271,0.37337,-0.64341,-0.90057,8,0x00000000,1,-0.72370,-0.72566,0.00066,3.64641,3.72247,8,0x00000000,1,-0.71204,-0.72539,0.00917,2.38533,2.27446,8,0x00000000,1,-0.84001,-0.79180,-0.05183,3.78529,3.73890,8,0x00000000,1
46.9089,-0.14092,-0.38161,-39.46667,-1.14092,-0.38161,-1.13399,-0.29648,0.18420,0.94653,1.31819,1.24301,1.31819,1.24301,1.00000,0.00000,0,0.00046,-0.82560,-0.79641,-0.12080,3.88410,3.87076,8,0x00000000,1,-0.66353,-0.67397,0.02313,-1.35269,-1.33654,8,0x00000000,1,-0.66928,-0.67418,0.00796,-0.87273,-0.80890,8,0x00000000,1,-0.71609,-0.72547,-0.00172,3.06715,3.24190,8,0x00000000,1,-0.70601,-0.72531,0.00271,1.75184,1.89678,8,0x00000000,1,-0.85184,-0.80202,-0.17961,4.01371,4.09713,8,0x00000000,1
47.0114,-0.03722,-0.46466,-39.45226,-1.03722,-0.46466,-1.06775,-0.42354,0.21557,0.95711,1.28332,1.38066,1.28332,1.38066,1.00000,0.00000,0,0.00119,-0.83067,-0.80227,-0.01366,4.32452,4.31162,8,0x00000000,1,-0.66562,-0.67235,-0.00683,-1.17274,-1.22913,8,0x00000000,1,-0.67045,-0.67414,-0.00209,-0.72686,-0.79952,8,0x00000000,1,-0.70969,-0.72512,0.00106,2.61689,2.74278,8,0x00000000,1,-0.69984,-0.72512,0.00048,1.12677,1.14623,8,0x00000000,1,-0.85612,-0.81259,-0.03094,4.42734,4.50734,8,0x00000000,1
47.1114,-0.01215,-0.48937,-39.48028,-1.01215,-0.48937,-1.02275,-0.47401,0.24525,0.97005,1.26800,1.44405,1.26800,1.44405,1.00000,0.00000,0,0.00026,-0.83302,-0.80455,-0.01959,4.61098,4.36643,8,0x00000000,1,-0.66655,-0.67230,0.00703,-1.12639,-1.06677,8,0x00000000,1,-0.67095,-0.67413,0.00624,-0.74300,-0.76152,8,0x00000000,1,-0.70676,-0.72478,-0.00426,2.27920,2.36753,8,0x00000000,1,-0.69702,-0.72495,-0.00847,0.68285,0.78351,8,0x00000000,1,-0.85811,-0.81448,-0.00947,4.91906,5.07778,8,0x00000000,1
47.2146,0.01021,-0.50395,-39.47992,-0.98979,-0.50395,-1.00112,-0.49642,0.27407,0.98394,1.27519,1.48036,1.27519,1.48036,1.00000,0.00000,0,0.00031,-0.83469,-0.80639,-0.02025,4.87504,4.87107,8,0x00000000,1,-0.66634,-0.67144,0.00832,-1.18660,-1.20393,8,0x00000000,1,-0.67052,-0.67414,0.00074,-0.81357,-0.88799,8,0x00000000,1,-0.70539,-0.72443,0.00256,2.01516,2.08530,8,0x00000000,1,-0.69583,-0.72478,0.00256,0.29780,0.45427,8,0x00000000,1,-0.85967,-0.81610,-0.01790,5.42812,5.40704,8,0x00000000,1
47.3162,0.02383,-0.53404,-39.47985,-0.97617,-0.53404,-0.98244,-0.51622,0.30230,0.99835,1.28474,1.51458,1.28474,1.51458,1.00000,0.00000,0,0.00036,-0.83632,-0.80807,-0.00734,5.21955,5.22600,8,0x00000000,1,-0.66602,-0.66680,0.05354,-0.80615,-0.74275,8,0x00000000,1,-0.66998,-0.67414,-0.00516,-0.91320,-0.90113,8,0x00000000,1,-0.70415,-0.72412,-0.00526,1.72409,1.92753,8,0x00000000,1,-0.69477,-0.72451,0.00740,-0.07210,0.05132,8,0x00000000,1,-0.86122,-0.81769,-0.02089,5.92357,5.92494,8,0x00000000,1
47.4220,0.04609,-0.57841,-39.54028,-0.95391,-0.57841,-0.96791,-0.55590,0.33012,1.01365,1.29803,1.56955,1.29803,1.56955,1.00000,0.00000,0,0.00173,-0.83889,-0.81290,-0.07524,5.32609,5.42704,8,0x00000000,1,-0.66559,-0.66437,0.00396,-0.82225,-0.88227,8,0x00000000,1,-0.66921,-0.67409,0.00408,-1.00504,-0.97812,8,0x00000000,1,-0.70213,-0.72363,0.00235,1.38516,1.41909,8,0x00000000,1,-0.69303,-0.72413,0.00476,-0.61914,-0.46703,8,0x00000000,1,-0.86365,-0.81967,-0.01697,6.59621,6.50440,8,0x00000000,1
47.5208,0.09021,-0.61798,-39.55779,-0.90979,-0.61798,-0.93306,-0.59710,0.35723,1.03012,1.29028,1.62721,1.29028,1.62721,1.00000,0.00000,0,0.00027,-0.84115,-0.82008,-0.08237,5.26045,5.30753,8,0x00000000,1,-0.66615,-0.66409,-0.00523,-0.78148,-0.76690,8,0x00000000,1,-0.66939,-0.67404,0.00420,-1.05015,-1.06867,8,0x00000000,1,-0.69958,-0.72299,0.00917,0.96837,0.93025,8,0x00000000,1,-0.69062,-0.72353,0.01062,-1.11358,-1.07816,8,0x00000000,1,-0.86562,-0.82144,-0.01423,7.10524,7.12411,8,0x00000000,1
47.6220,0.15929,-0.67187,-39.60512,-0.84071,-0.67187,-0.87843,-0.64067,0.38306,1.04775,1.26149,1.68842,1.26149,1.68842,1.00000,0.00000,0,0.00026,-0.84315,-0.83128,-0.09193,4.73195,4.53148,8,0x00000000,1,-0.66770,-0.66407,-0.00478,-0.64363,-0.51438,8,0x00000000,1,-0.67051,-0.67401,0.00609,-1.01276,-1.12238,8,0x00000000,1,-0.69648,-0.72219,0.00558,0.58288,0.65601,8,0x00000000,1,-0.68753,-0.72275,0.00629,-1.58404,-1.58518,8,0x00000000,1,-0.86717,-0.82370,-0.02711,7.54932,7.50119,8,0x00000000,1
47.7268,0.22244,-0.71444,-39.62161,-0.77756,-0.71444,-0.81633,-0.68984,0.40715,1.06680,1.22348,1.75664,1.22348,1.75664,1.00000,0.00000,0,0.00031,-0.84525,-0.83559,-0.01813,4.91674,5.03566,8,0x00000000,1,-0.66970,-0.66407,0.00168,-0.38779,-0.49293,8,0x00000000,1,-0.67203,-0.67403,0.00054,-0.94271,-1.00979,8,0x00000000,1,-0.69292,-0.72062,0.01772,0.02834,0.03509,8,0x00000000,1,-0.68393,-0.71784,0.09214,-1.81652,-1.93783,8,0x00000000,1,-0.86874,-0.82972,-0.12687,7.47753,7.34265,8,0x00000000,1
47.8295,0.38251,-0.71791,-39.43855,-0.61749,-0.71791,-0.71186,-0.71841,0.42908,1.08700,1.14095,1.80541,1.14095,1.80541,1.00000,0.00000,0,0.00028,-0.84564,-0.83732,-0.00690,5.03768,5.10062,8,0x00000000,1,-0.67370,-0.66409,-0.00496,-0.04534,-0.08101,8,0x00000000,1,-0.67562,-0.67404,0.00080,-0.68774,-0.65311,8,0x00000000,1,-0.68929,-0.71900,0.01492,-0.44684,-0.33940,8,0x00000000,1,-0.67991,-0.69550,0.06777,-0.96129,-0.44980,8,0x00000000,1,-0.86841,-0.84372,-0.13038,6.93364,6.93098,8,0x00000000,1
47.9332,0.51747,-0.74102,-39.28642,-0.48253,-0.74102,-0.55539,-0.73685,0.44684,1.10780,1.00223,1.84465,1.00223,1.84465,1.00000,0.00000,0,0.00047,-0.84451,-0.83819,-0.00466,4.94783,4.97261,8,0x00000000,1,-0.68027,-0.66427,-0.00470,0.58353,0.50673,8,0x00000000,1,-0.68179,-0.67405,0.00553,-0.16297,-0.35904,8,0x00000000,1,-0.68497,-0.71658,0.01646,-0.91803,-0.86617,8,0x00000000,1,-0.67477,-0.68743,0.08218,-0.91261,-0.92008,8,0x00000000,1,-0.86623,-0.85317,-0.04781,6.56206,6.49552,8,0x00000000,1
48.0357,0.56311,-0.74020,-39.25990,-0.43689,-0.74020,-0.46470,-0.74329,0.46112,1.12893,0.92582,1.87222,0.92582,1.87222,1.00000,0.00000,0,0.00267,-0.84413,-0.83861,-0.00768,5.00503,5.02003,8,0x00000000,1,-0.68392,-0.66528,-0.01462,0.89785,0.73607,8,0x00000000,1,-0.68517,-0.67415,-0.00117,0.11319,0.03455,8,0x00000000,1,-0.68234,-0.71480,0.03054,-1.30878,-1.20067,8,0x00000000,1,-0.67172,-0.68261,0.07358,-0.95895,-0.98644,8,0x00000000,1,-0.86526,-0.85587,-0.00607,6.59517,6.51999,8,0x00000000,1
48.1348,0.67123,-0.72877,-39.15001,-0.32877,-0.72877,-0.37720,-0.73303,0.47325,1.14994,0.85044,1.88297,0.85044,1.88297,1.00000,0.00000,0,0.00049,-0.84307,-0.83890,-0.00786,4.93232,4.88728,8,0x00000000,1,-0.68745,-0.66726,-0.03129,1.20628,1.30886,8,0x00000000,1,-0.68855,-0.67433,-0.00510,0.40219,0.33661,8,0x00000000,1,-0.68043,-0.71315,0.03212,-1.75041,-1.86806,8,0x00000000,1,-0.66933,-0.67110,0.00901,-0.46960,-0.44648,8,0x00000000,1,-0.86368,-0.85684,-0.01207,6.52971,6.45342,8,0x00000000,1
48.2394,0.68772,-0.71925,-39.15294,-0.31228,-0.71925,-0.33441,-0.72052,0.48325,1.17060,0.81765,1.89112,0.81765,1.89112,1.00000,0.00000,0,0.00035,-0.84275,-0.83911,-0.00054,4.97987,4.83918,8,0x00000000,1,-0.68901,-0.67055,-0.03345,1.24650,1.17616,8,0x00000000,1,-0.69001,-0.67466,-0.00908,0.67614,0.58759,8,0x00000000,1,-0.67945,-0.71120,0.01737,-2.06930,-2.27152,8,0x00000000,1,-0.66816,-0.66838,0.04559,-0.27436,-0.29141,8,0x00000000,1,-0.86313,-0.85728,-0.00581,6.54093,6.48936,8,0x00000000,1
48.3444,0.72484,-0.70633,-39.12592,-0.27516,-0.70633,-0.29751,-0.71156,0.49221,1.19101,0.78972,1.90257,0.78972,1.90257,1.00000,0.00000,0,0.00036,-0.84267,-0.83930,-0.00173,5.03343,5.14901,8,0x00000000,1,-0.69034,-0.67274,-0.01630,1.47848,1.49595,8,0x00000000,1,-0.69124,-0.67485,0.00262,0.93757,0.95790,8,0x00000000,1,-0.67844,-0.70768,0.06045,-2.17547,-2.22530,8,0x00000000,1,-0.66699,-0.66514,-0.00655,-0.32195,-0.36407,8,0x00000000,1,-0.86282,-0.85760,0.00068,6.60108,6.48888,8,0x00000000,1
48.4459,0.78241,-0.67032,-39.17920,-0.21759,-0.67032,-0.25535,-0.69038,0.50008,1.21103,0.75542,1.90140,0.75542,1.90140,1.00000,0.00000,0,0.00029,-0.84193,-0.83939,0.00410,5.03201,4.98570,8,0x00000000,1,-0.69193,-0.67420,-0.01871,1.69325,1.75182,8,0x00000000,1,-0.69280,-0.67512,-0.00509,1.22166,1.29500,8,0x00000000,1,-0.67782,-0.68867,0.44389,-0.08528,-0.70266,8,0x00000000,1,-0.66614,-0.66455,0.01195,-0.26172,-0.27547,8,0x00000000,1,-0.86188,-0.85787,-0.00464,6.59392,6.53969,8,0x00000000,1
48.5489,0.87926,-0.60395,-39.27883,-0.12074,-0.60395,-0.15283,-0.62110,0.50572,1.22969,0.65855,1.85079,0.65855,1.85079,1.00000,0.00000,0,0.00029,-0.83786,-0.83939,-0.00772,4.64064,4.56029,8,0x00000000,1,-0.69625,-0.67657,-0.02031,2.09644,2.23614,8,0x00000000,1,-0.69735,-0.67576,-0.00112,1.75753,1.86271,8,0x00000000,1,-0.67803,-0.67825,0.00904,-0.69805,-0.60982,8,0x00000000,1,-0.66554,-0.66417,0.01011,-0.23882,-0.19053,8,0x00000000,1,-0.85742,-0.85792,0.00190,6.24699,6.36100,8,0x00000000,1
48.6522,0.89399,-0.60278,-39.29790,-0.10601,-0.60278,-0.11351,-0.60266,0.50936,1.24709,0.62288,1.84975,0.62288,1.84975,1.00000,0.00000,0,0.00030,-0.83710,-0.83940,-0.00851,4.58987,4.71228,8,0x00000000,1,-0.69790,-0.67775,-0.01212,2.34000,2.31724,8,0x00000000,1,-0.69898,-0.67631,-0.00251,2.08205,2.12160,8,0x00000000,1,-0.67737,-0.67699,0.00974,-0.65446,-0.64008,8,0x00000000,1,-0.66464,-0.66398,0.00889,-0.31382,-0.32777,8,0x00000000,1,-0.85644,-0.85794,0.00206,6.22316,6.23837,8,0x00000000,1
48.7519,0.90026,-0.59102,-39.29865,-0.09974,-0.59102,-0.10021,-0.59379,0.51235,1.26413,0.61256,1.85792,0.61256,1.85792,1.00000,0.00000,0,0.00033,-0.83724,-0.83937,0.00964,4.66068,4.75503,8,0x00000000,1,-0.69841,-0.67859,-0.01351,2.54077,2.67190,8,0x00000000,1,-0.69942,-0.67673,-0.00188,2.33160,2.15655,8,0x00000000,1,-0.67683,-0.67623,0.00694,-0.62301,-0.72197,8,0x00000000,1,-0.66406,-0.66389,-0.00179,-0.35058,-0.41739,8,0x00000000,1,-0.85648,-0.85797,-0.00725,6.21172,6.16108,8,0x00000000,1
48.8528,0.90836,-0.58137,-39.29467,-0.09164,-0.58137,-0.09313,-0.58513,0.51510,1.28091,0.60823,1.86604,0.60823,1.86604,1.00000,0.00000,0,0.00027,-0.83749,-0.83936,0.01663,4.66093,4.72325,8,0x00000000,1,-0.69864,-0.67957,-0.00975,2.72708,2.71623,8,0x00000000,1,-0.69959,-0.67726,-0.00393,2.57751,2.67953,8,0x00000000,1,-0.67641,-0.67566,0.00423,-0.63814,-0.63395,8,0x00000000,1,-0.66364,-0.66383,0.00614,-0.32469,-0.30416,8,0x00000000,1,-0.85667,-0.85798,-0.00122,6.23437,6.17378,8,0x00000000,1
48.9544,0.91564,-0.56878,-39.30776,-0.08436,-0.56878,-0.08761,-0.57625,0.51767,1.29747,0.60529,1.87372,0.60529,1.87372,1.00000,0.00000,0,0.00058,-0.83775,-0.83940,0.00033,4.62023,4.56151,8,0x00000000,1,-0.69880,-0.68103,-0.01339,2.87355,2.88105,8,0x00000000,1,-0.69970,-0.67785,-0.01040,2.80194,2.72639,8,0x00000000,1,-0.67604,-0.67488,0.00957,-0.58890,-0.56999,8,0x00000000,1,-0.66327,-0.66376,-0.00229,-0.36936,-0.39624,8,0x00000000,1,-0.85689,-0.85797,0.00566,6.26370,6.21080,8,0x00000000,1
49.0536,0.92438,-0.55307,-39.29893,-0.07562,-0.55307,-0.08033,-0.56197,0.52007,1.31369,0.60040,1.87566,0.60040,1.87566,1.00000,0.00000,0,0.00025,-0.83774,-0.83944,-0.00964,4.56880,4.53898,8,0x00000000,1,-0.69904,-0.68242,-0.01288,2.95741,3.18457,8,0x00000000,1,-0.69991,-0.67855,-0.00521,3.03011,3.05175,8,0x00000000,1,-0.67586,-0.67368,0.00787,-0.47844,-0.54450,8,0x00000000,1,-0.66307,-0.66369,0.00513,-0.41793,-0.38654,8,0x00000000,1,-0.85683,-0.85801,-0.00391,6.22386,6.59925,8,0x00000000,1
49.1549,0.93657,-0.53287,-39.31472,-0.06343,-0.53287,-0.07097,-0.54537,0.52222,1.32948,0.59319,1.87485,0.59319,1.87485,1.00000,0.00000,0,0.00049,-0.83756,-0.83942,-0.00360,4.53349,4.34996,8,0x00000000,1,-0.69937,-0.68386,-0.01184,3.14505,3.12672,8,0x00000000,1,-0.70024,-0.67942,-0.01422,3.21251,3.32623,8,0x00000000,1,-0.67576,-0.67122,0.05186,-0.17583,-0.20322,8,0x00000000,1,-0.66291,-0.66362,0.00615,-0.38760,-0.35872,8,0x00000000,1,-0.85661,-0.85800,0.00208,6.18326,6.26537,8,0x00000000,1
49.2622,0.98689,-0.48828,-39.36456,-0.01311,-0.48828,-0.03869,-0.51162,0.52386,1.34456,0.56255,1.85618,0.56255,1.85618,1.00000,0.00000,0,0.00026,-0.83616,-0.83937,0.00223,4.45699,4.46805,8,0x00000000,1,-0.70073,-0.68523,-0.02243,3.28101,3.27475,8,0x00000000,1,-0.70169,-0.68066,-0.01863,3.53631,3.50383,8,0x00000000,1,-0.67593,-0.66323,0.04292,0.45361,0.35820,8,0x00000000,1,-0.66282,-0.66347,0.01002,-0.36648,-0.38531,8,0x00000000,1,-0.85510,-0.85801,0.00170,6.05471,6.04340,8,0x00000000,1
49.3646,0.99789,-0.46550,-39.37220,-0.00211,-0.46550,-0.01018,-0.47924,0.52423,1.35861,0.53441,1.83785,0.53441,1.83785,1.00000,0.00000,16,0.00033,-0.83482,-0.83935,0.00015,4.34617,4.24327,8,0x00000000,1,-0.70197,-0.68676,-0.01855,3.49096,3.65147,8,0x00000000,1,-0.70303,-0.68264,-0.00875,3.74854,3.68140,8,0x00000000,1,-0.67614,-0.66267,0.00458,0.55579,0.54312,8,0x00000000,1,-0.66278,-0.66346,-0.00264,-0.40902,-0.44999,8,0x00000000,1,-0.85367,-0.85802,-0.00763,5.86602,5.86631,8,0x00000000,1
49.4676,1.00742,-0.44876,-39.37148,0.00742,-0.44876,0.00032,-0.45964,0.52423,1.37196,0.52391,1.83160,0.52391,1.83160,1.00000,0.00000,16,0.00031,-0.83435,-0.83933,0.00352,4.21719,4.41225,8,0x00000000,1,-0.70243,-0.68826,-0.02352,3.58449,3.40752,8,0x00000000,1,-0.70352,-0.68403,-0.00836,3.88657,3.93153,8,0x00000000,1,-0.67620,-0.66271,0.00186,0.74112,0.60386,8,0x00000000,1,-0.66275,-0.66341,-0.00152,-0.41689,-0.38980,8,0x00000000,1,-0.85316,-0.85801,-0.00452,5.83702,5.76921,8,0x00000000,1
49.5696,1.00585,-0.42651,-39.38316,0.00585,-0.42651,0.00532,-0.43949,0.52423,1.38477,0.51891,1.82426,0.51891,1.82426,1.00000,0.00000,16,0.00036,-0.83394,-0.83929,0.01185,4.18063,4.27481,8,0x00000000,1,-0.70264,-0.68949,-0.00441,3.69972,3.72867,8,0x00000000,1,-0.70378,-0.68671,-0.03471,3.93179,3.81107,8,0x00000000,1,-0.67640,-0.66279,0.00365,0.90739,0.79786,8,0x00000000,1,-0.66290,-0.66340,0.00241,-0.42516,-0.40345,8,0x00000000,1,-0.85275,-0.85798,0.01033,5.77248,5.89468,8,0x00000000,1
49.6713,1.00921,-0.35339,-39.40343,1.00921,-0.35339,0.66403,-0.40676,0.56816,1.39691,-0.09587,1.80368,-0.09587,1.80368,0.00000,0.00000,0,0.00098,-0.82070,-0.83889,-0.00099,2.91247,2.70142,8,0x00000000,1,-0.73113,-0.69782,-0.25612,4.95463,5.05605,8,0x00000000,1,-0.73177,-0.70891,-0.77567,3.00274,3.21615,8,0x00000000,1,-0.66525,-0.66261,0.01138,0.13132,0.32154,8,0x00000000,1,-0.64765,-0.66022,0.16193,-1.18633,-1.13221,8,0x00000000,1,-0.83585,-0.85787,0.00228,4.13465,4.12424,8,0x00000000,1
49.7720,1.14378,0.28379,-39.48679,1.14378,0.28379,1.03826,0.01951,0.54269,1.40270,-0.49558,1.38319,-0.49558,1.38319,0.00000,0.00000,32,0.00025,-0.79505,-0.83755,0.01049,1.17181,1.16098,8,0x00000000,1,-0.74806,-0.73374,-0.35743,3.44153,3.46107,8,0x00000000,1,-0.75144,-0.75323,-0.24848,2.75671,2.87651,8,0x00000000,1,-0.67481,-0.66041,-0.00122,1.05069,1.04055,8,0x00000000,1,-0.65331,-0.65505,0.00404,-0.75936,-0.77991,8,0x00000000,1,-0.80949,-0.85752,0.00112,2.27147,2.37960,8,0x00000000,1
49.8751,1.14787,0.52195,-39.37277,1.14787,0.52195,1.13217,0.39131,0.51128,1.39578,-0.62089,1.00447,-0.62089,1.00447,0.00000,0.00000,0,0.00031,-0.77672,-0.83184,0.06796,-0.30789,-0.04659,8,0x00000000,1,-0.75237,-0.75262,-0.02817,3.29342,3.18001,8,0x00000000,1,-0.75853,-0.75889,-0.01276,3.26326,3.29210,8,0x00000000,1,-0.68803,-0.66300,-0.02604,2.28050,2.18045,8,0x00000000,1,-0.66452,-0.65541,-0.00486,0.29721,0.22885,8,0x00000000,1,-0.79187,-0.85697,0.00296,0.30403,0.40750,8,0x00000000,1
49.9760,1.15738,0.53122,-39.38036,1.15738,0.53122,1.15384,0.50270,0.47864,1.38255,-0.67520,0.87985,-0.67520,0.87985,0.00000,0.00000,0,0.00042,-0.77043,-0.81972,0.32276,0.49993,0.02776,8,0x00000000,1,-0.75438,-0.75358,-0.01009,3.38908,3.20805,8,0x00000000,1,-0.76147,-0.75983,-0.00119,3.30101,3.36980,8,0x00000000,1,-0.69213,-0.66477,-0.01778,2.62135,2.62900,8,0x00000000,1,-0.66787,-0.65563,0.00683,0.52420,0.40564,8,0x00000000,1,-0.78573,-0.85668,0.00691,-0.62022,-0.48406,8,0x00000000,1
50.0843,1.10978,0.58463,-39.30933,1.10978,0.58463,1.12499,0.55697,0.44613,1.36744,-0.67887,0.81047,-0.67887,0.81047,0.00000,0.00000,0,0.00065,-0.76747,-0.80512,0.03945,-0.04345,0.05088,8,0x00000000,1,-0.75428,-0.75394,-0.00662,3.32459,3.20645,8,0x00000000,1,-0.76189,-0.76037,-0.00164,3.27201,3.37654,8,0x00000000,1,-0.69494,-0.66664,-0.02893,2.93809,2.89763,8,0x00000000,1,-0.67042,-0.65592,-0.00147,0.81778,0.63442,8,0x00000000,1,-0.78300,-0.85619,0.01071,-1.64792,-1.68221,8,0x00000000,1
50.1887,1.09443,0.59111,-39.29972,1.09443,0.59111,1.10155,0.58068,0.41446,1.35116,-0.68709,0.77048,-0.68709,0.77048,0.00000,0.00000,0,0.00031,-0.76563,-0.80214,0.03552,-0.51052,-0.44122,8,0x00000000,1,-0.75450,-0.75400,0.00781,3.35931,3.36083,8,0x00000000,1,-0.76241,-0.76074,-0.00186,3.30218,3.36047,8,0x00000000,1,-0.69643,-0.67045,-0.03198,3.11693,3.25186,8,0x00000000,1,-0.67174,-0.65629,0.00128,1.05149,1.07554,8,0x00000000,1,-0.78127,-0.85534,0.02083,-2.63702,-2.55017,8,0x00000000,1
50.2921,1.08945,0.59982,-39.28506,1.08945,0.59982,1.09297,0.59269,0.38321,1.33442,-0.70976,0.74173,-0.70976,0.74173,0.00000,0.00000,0,0.00028,-0.76398,-0.79984,0.03000,-0.89665,-0.82049,8,0x00000000,1,-0.75543,-0.75414,0.00157,3.43497,3.52672,8,0x00000000,1,-0.76356,-0.76125,-0.00256,3.36186,3.34525,8,0x00000000,1,-0.69718,-0.67355,-0.03327,3.25011,3.13819,8,0x00000000,1,-0.67225,-0.65652,-0.00722,1.22632,1.24529,8,0x00000000,1,-0.77959,-0.85130,0.05884,-3.26859,-3.24465,8,0x00000000,1
50.3936,1.07043,0.61647,-39.25710,1.07043,0.61647,1.08089,0.60773,0.35222,1.31730,-0.72866,0.70957,-0.72866,0.70957,0.00000,0.00000,0,0.00031,-0.76226,-0.79685,0.03840,-1.20839,-1.25602,8,0x00000000,1,-0.75618,-0.75431,-0.00475,3.48100,3.49840,8,0x00000000,1,-0.76454,-0.76181,-0.00207,3.41943,3.34931,8,0x00000000,1,-0.69814,-0.67600,-0.02702,3.43922,3.25642,8,0x00000000,1,-0.67299,-0.65691,-0.01062,1.44650,1.47166,8,0x00000000,1,-0.77788,-0.84361,0.14788,-3.41459,-3.40678,8,0x00000000,1
50.4986,0.91540,0.68576,-39.40566,0.91540,0.68576,0.99108,0.66480,0.32236,1.29927,-0.66872,0.63447,-0.66872,0.63447,0.00000,0.00000,0,0.00219,-0.76034,-0.79398,0.01932,-1.57976,-1.54041,8,0x00000000,1,-0.75311,-0.75442,-0.00558,3.25174,3.28703,8,0x00000000,1,-0.76207,-0.76272,-0.00556,3.18036,3.25326,8,0x00000000,1,-0.70244,-0.67869,-0.03523,3.83263,3.84663,8,0x00000000,1,-0.67740,-0.65802,-0.03244,1.86186,1.74668,8,0x00000000,1,-0.77659,-0.81624,0.01127,-2.72948,-3.04569,8,0x00000000,1
50.6020,0.89528,0.71941,-39.33476,0.89528,0.71941,0.92093,0.70946,0.29542,1.27961,-0.62552,0.57015,-0.62552,0.57015,0.00000,0.00000,0,0.00273,-0.75853,-0.78594,0.20628,-1.08511,-1.09517,8,0x00000000,1,-0.75086,-0.75439,0.00599,3.07703,3.03690,8,0x00000000,1,-0.76032,-0.76278,0.00193,3.02949,3.07792,8,0x00000000,1,-0.70596,-0.68191,-0.03165,4.15270,4.27086,8,0x00000000,1,-0.68098,-0.66024,-0.00741,2.23392,1.99159,8,0x00000000,1,-0.77528,-0.81456,0.02209,-3.18682,-3.06652,8,0x00000000,1
50.6970,0.74643,0.81525,-39.18779,0.74643,0.81525,0.82698,0.75894,0.27042,1.25886,-0.55657,0.49992,-0.55657,0.49992,0.00000,0.00000,0,0.00039,-0.75700,-0.76318,0.27968,0.43647,0.22036,8,0x00000000,1,-0.74739,-0.75440,-0.00126,2.79338,2.56454,8,0x00000000,1,-0.75741,-0.76280,0.00301,2.85861,2.99276,8,0x00000000,1,-0.71024,-0.68509,-0.03863,4.46466,4.32842,8,0x00000000,1,-0.68544,-0.66147,-0.02271,2.58530,2.55202,8,0x00000000,1,-0.77442,-0.81231,0.02897,-3.42359,-3.34687,8,0x00000000,1
50.7996,0.65561,0.84686,-39.13690,0.65561,0.84686,0.71533,0.83181,0.24862,1.23591,-0.46671,0.40411,-0.46671,0.40411,0.00000,0.00000,0,0.00037,-0.75482,-0.75844,0.01466,-0.30607,-0.36130,8,0x00000000,1,-0.74287,-0.75437,-0.00413,2.36093,2.50387,8,0x00000000,1,-0.75363,-0.76270,-0.00294,2.48280,2.52649,8,0x00000000,1,-0.71600,-0.69026,-0.07883,4.72930,4.67390,8,0x00000000,1,-0.69143,-0.66359,-0.01072,3.24119,3.18335,8,0x00000000,1,-0.77314,-0.80732,0.09962,-3.45708,-3.64191,8,0x00000000,1
50.9047,0.47727,0.89853,-39.21653,0.47727,0.89853,0.58131,0.87086,0.22998,1.21172,-0.35134,0.34086,-0.35134,0.34086,0.00000,0.00000,0,0.00313,-0.75450,-0.75781,0.00586,-0.30921,-0.31973,8,0x00000000,1,-0.73730,-0.75432,-0.00307,1.86605,1.84327,8,0x00000000,1,-0.74856,-0.76247,-0.00287,2.03520,2.24675,8,0x00000000,1,-0.72090,-0.70285,-0.18366,4.13977,4.04410,8,0x00000000,1,-0.69683,-0.66591,-0.03912,3.68494,3.59744,8,0x00000000,1,-0.77376,-0.78316,0.10039,-2.05579,-1.89622,8,0x00000000,1
51.0037,0.31130,0.84159,-39.17365,0.31130,0.84159,0.39125,0.86379,0.21646,1.18680,-0.17479,0.32301,-0.17479,0.32301,0.00000,0.00000,0,0.00026,-0.75730,-0.75781,-0.01904,-0.10658,-0.23441,8,0x00000000,1,-0.72909,-0.75417,0.00240,0.96476,0.99437,8,0x00000000,1,-0.74052,-0.76176,0.00864,1.27361,1.23883,8,0x00000000,1,-0.72513,-0.71843,-0.05625,3.93850,3.83329,8,0x00000000,1,-0.70209,-0.67340,-0.04196,3.96630,3.99649,8,0x00000000,1,-0.77771,-0.78041,0.00156,-1.93541,-1.89394,8,0x00000000,1
51.1059,0.25082,0.82043,-39.17418,0.25082,0.82043,0.28837,0.83243,0.20707,1.16271,-0.08130,0.33028,-0.08130,0.33028,0.00000,0.00000,0,0.00030,-0.75948,-0.75787,0.00076,0.03163,0.04614,8,0x00000000,1,-0.72481,-0.75318,0.00677,0.51829,0.48299,8,0x00000000,1,-0.73620,-0.76109,0.00508,0.81410,0.92043,8,0x00000000,1,-0.72666,-0.72141,-0.00936,3.97907,3.96751,8,0x00000000,1,-0.70425,-0.67772,-0.07880,3.99054,3.88245,8,0x00000000,1,-0.78044,-0.78044,0.00057,-1.80544,-1.81776,8,0x00000000,1
51.2066,0.16885,0.79301,-39.24248,0.16885,0.79301,0.21622,0.80639,0.19985,1.13936,-0.01638,0.33298,-0.01638,0.33298,0.00000,0.00000,0,0.00058,-0.76089,-0.75795,-0.00907,0.06911,-0.00153,8,0x00000000,1,-0.72183,-0.75184,0.01970,0.11883,0.23217,8,0x00000000,1,-0.73321,-0.76012,0.00685,0.39177,0.51941,8,0x00000000,1,-0.72783,-0.72235,-0.00972,4.06664,4.09335,8,0x00000000,1,-0.70583,-0.68909,-0.07090,3.58069,3.51546,8,0x00000000,1,-0.78224,-0.78042,0.00837,-1.66356,-1.70373,8,0x00000000,1
51.3118,0.12451,0.77287,-39.26851,0.12451,0.77287,0.15579,0.78531,0.19467,1.11671,0.03888,0.33140,0.03888,0.33140,0.00000,0.00000,0,0.00160,-0.76193,-0.75810,0.00144,0.22623,0.05419,8,0x00000000,1,-0.71928,-0.75033,0.01263,-0.31682,-0.17889,8,0x00000000,1,-0.73068,-0.75786,0.02265,0.09521,0.13560,8,0x00000000,1,-0.72898,-0.72298,-0.01139,4.14572,3.95962,8,0x00000000,1,-0.70733,-0.69498,-0.03874,3.57081,3.68474,8,0x00000000,1,-0.78364,-0.78049,-0.00174,-1.59951,-1.54058,8,0x00000000,1
51.4139,0.09333,0.75028,-39.27102,0.09333,0.75028,0.11181,0.76207,0.19095,1.09468,0.07914,0.33261,0.07914,0.33261,0.00000,0.00000,0,0.00097,-0.76279,-0.75823,-0.00670,0.33107,0.29021,8,0x00000000,1,-0.71743,-0.74861,0.02564,-0.68004,-0.64874,8,0x00000000,1,-0.72883,-0.75610,0.02024,-0.24541,-0.23292,8,0x00000000,1,-0.72973,-0.72368,-0.00292,4.22590,4.28909,8,0x00000000,1,-0.70833,-0.69736,-0.00319,3.72460,3.75918,8,0x00000000,1,-0.78474,-0.78049,-0.00303,-1.48898,-1.49971,8,0x00000000,1
51.5148,0.07854,0.73356,-39.26516,0.07854,0.73356,0.08673,0.74289,0.18819,1.07326,0.10146,0.33037,0.10146,0.33037,0.00000,0.00000,0,0.00035,-0.76314,-0.75830,0.01094,0.41367,0.36404,8,0x00000000,1,-0.71639,-0.74705,0.01482,-1.05684,-1.02177,8,0x00000000,1,-0.72782,-0.75418,0.01899,-0.48868,-0.47492,8,0x00000000,1,-0.73026,-0.72445,-0.00207,4.30227,4.42862,8,0x00000000,1,-0.70899,-0.69872,-0.00930,3.80715,3.72245,8,0x00000000,1,-0.78524,-0.78052,0.00163,-1.38275,-1.43385,8,0x00000000,1
51.6171,0.06031,0.72035,-39.25299,0.06031,0.72035,0.06911,0.72792,0.18599,1.05233,0.11688,0.32441,0.11688,0.32441,0.00000,0.00000,0,0.00031,-0.76320,-0.75846,-0.00986,0.43446,0.38412,8,0x00000000,1,-0.71566,-0.74574,0.01491,-1.39089,-1.37003,8,0x00000000,1,-0.72713,-0.75214,0.02497,-0.70240,-0.71298,8,0x00000000,1,-0.73081,-0.72494,-0.00067,4.37963,4.35199,8,0x00000000,1,-0.70962,-0.69982,-0.00553,3.90064,3.97516,8,0x00000000,1,-0.78542,-0.78055,0.00089,-1.31118,-1.18117,8,0x00000000,1
51.7184,0.05135,0.70258,-39.25445,0.05135,0.70258,0.05603,0.71247,0.18423,1.03180,0.12820,0.31933,0.12820,0.31933,0.00000,0.00000,0,0.00044,-0.76322,-0.75853,-0.00300,0.47181,0.49016,8,0x00000000,1,-0.71512,-0.74371,0.02306,-1.61050,-1.61172,8,0x00000000,1,-0.72663,-0.75001,0.02096,-0.89525,-0.98231,8,0x00000000,1,-0.73125,-0.72537,-0.00222,4.46023,4.46610,8,0x00000000,1,-0.71011,-0.70096,-0.01773,3.94423,3.95399,8,0x00000000,1,-0.78552,-0.78056,0.00021,-1.28314,-1.23995,8,0x00000000,1
51.8189,0.03617,0.67294,-39.24878,0.03617,0.67294,0.04455,0.69028,0.18279,1.01179,0.13824,0.32151,0.13824,0.32151,0.00000,0.00000,0,0.00031,-0.76351,-0.75866,-0.01041,0.55416,0.40436,8,0x00000000,1,-0.71466,-0.73710,0.16261,-1.12421,-1.23543,8,0x00000000,1,-0.72616,-0.74814,0.02364,-1.03490,-1.07985,8,0x00000000,1,-0.73135,-0.72583,-0.00465,4.49067,4.34708,8,0x00000000,1,-0.71029,-0.70316,-0.03530,3.85917,3.85710,8,0x00000000,1,-0.78587,-0.78060,-0.00040,-1.15277,-1.19670,8,0x00000000,1
51.9184,-0.00238,0.50088,-39.41851,-0.00238,0.50088,0.01239,0.58540,0.18207,0.99334,0.16969,0.40794,0.16969,0.40794,0.00000,0.00000,16,0.00030,-0.76774,-0.75908,-0.00714,0.95849,0.86585,8,0x00000000,1,-0.71354,-0.71877,0.01743,-0.56722,-0.56297,8,0x00000000,1,-0.72442,-0.74427,0.04909,-1.08775,-1.00405,8,0x00000000,1,-0.72837,-0.72610,0.00746,4.27756,4.25396,8,0x00000000,1,-0.70781,-0.71220,-0.06633,2.92741,3.11515,8,0x00000000,1,-0.78997,-0.78081,-0.01553,-0.78050,-1.05232,8,0x00000000,1
52.0185,-0.05098,0.41207,-39.35804,-0.05098,0.41207,-0.02489,0.47492,0.18218,0.97831,0.20706,0.50339,0.20706,0.50339,0.00000,0.00000,0,0.00034,-0.77246,-0.76004,-0.00817,1.25291,1.16281,8,0x00000000,1,-0.71217,-0.71691,0.02162,-0.54515,-0.55281,8,0x00000000,1,-0.72238,-0.73292,0.04734,-0.67252,-0.57507,8,0x00000000,1,-0.72513,-0.72610,0.00344,4.02342,4.20414,8,0x00000000,1,-0.70515,-0.71432,-0.03249,2.75707,2.93604,8,0x00000000,1,-0.79457,-0.78114,0.00536,-0.39895,-0.47420,8,0x00000000,1
52.1211,-0.06172,0.29855,-39.29539,-0.06172,0.29855,-0.04834,0.37297,0.18331,0.96618,0.23165,0.59321,0.23165,0.59321,0.00000,0.00000,0,0.00030,-0.77670,-0.76110,-0.01569,1.66875,1.73465,8,0x00000000,1,-0.71137,-0.71498,0.02199,-0.52383,-0.49019,8,0x00000000,1,-0.72095,-0.71786,0.04696,0.17579,0.21003,8,0x00000000,1,-0.72187,-0.72608,0.00066,3.93241,4.06770,8,0x00000000,1,-0.70237,-0.71485,0.00207,2.41735,2.28206,8,0x00000000,1,-0.79862,-0.78153,-0.00261,0.03258,-0.07133,8,0x00000000,1
52.2246,-0.07046,0.26605,-39.27779,-0.07046,0.26605,-0.07021,0.29192,0.18518,0.95700,0.25540,0.66508,0.25540,0.66508,0.00000,0.00000,0,0.00031,-0.78017,-0.76287,-0.01070,1.97292,1.91656,8,0x00000000,1,-0.71054,-0.71411,0.01703,-0.57515,-0.67730,8,0x00000000,1,-0.71962,-0.71604,-0.00789,0.08692,0.09796,8,0x00000000,1,-0.71935,-0.72598,0.00279,3.64816,3.61091,8,0x00000000,1,-0.70024,-0.71481,0.01662,2.18715,2.25907,8,0x00000000,1,-0.80197,-0.78187,0.00377,0.46806,0.39278,8,0x00000000,1
52.3254,-0.07460,0.26075,-39.28819,-0.07460,0.26075,-0.07774,0.26738,0.18734,0.94913,0.26508,0.68174,0.26508,0.68174,0.00000,0.00000,0,0.00027,-0.78106,-0.76384,-0.01405,2.13252,2.02347,8,0x00000000,1,-0.71016,-0.71356,0.00599,-0.61050,-0.64912,8,0x00000000,1,-0.71913,-0.71587,-0.00457,0.12381,0.13131,8,0x00000000,1,-0.71885,-0.72594,-0.00030,3.52623,3.56329,8,0x00000000,1,-0.69986,-0.71483,-0.00055,1.97156,2.05408,8,0x00000000,1,-0.80286,-0.78206,0.00794,0.73856,0.56878,8,0x00000000,1
52.4289,-0.07514,0.25281,-39.28860,-0.07514,0.25281,-0.07680,0.25717,0.18954,0.94167,0.26634,0.68450,0.26634,0.68450,0.00000,0.00000,0,0.00027,-0.78120,-0.76483,-0.01318,2.23509,2.15251,8,0x00000000,1,-0.71011,-0.71322,-0.00089,-0.66096,-0.66089,8,0x00000000,1,-0.71906,-0.71587,0.00035,0.19170,0.01994,8,0x00000000,1,-0.71876,-0.72592,-0.00286,3.44412,3.42551,8,0x00000000,1,-0.69979,-0.71480,0.00171,1.76244,1.76779,8,0x00000000,1,-0.80299,-0.78235,0.00300,0.97061,0.88465,8,0x00000000,1
52.5328,-0.07981,0.24680,-39.28861,-0.07981,0.24680,-0.07921,0.25011,0.19176,0.93446,0.27097,0.68434,0.27097,0.68434,0.00000,0.00000,0,0.00044,-0.78129,-0.76578,-0.01000,2.39412,2.30447,8,0x00000000,1,-0.70990,-0.71289,-0.00034,-0.70380,-0.67191,8,0x00000000,1,-0.71885,-0.71587,0.00027,0.21593,0.29553,8,0x00000000,1,-0.71885,-0.72588,0.00041,3.40450,3.35610,8,0x00000000,1,-0.69992,-0.71477,-0.00408,1.59439,1.58349,8,0x00000000,1,-0.80311,-0.78259,-0.00051,1.16928,1.22544,8,0x00000000,1
52.6332,-0.08416,0.24454,-39.29248,-1.08416,0.24454,-0.24610,0.24568,0.15521,0.92740,0.41734,0.68173,0.40131,0.68173,1.00000,0.00000,1,0.00063,-0.78379,-0.76667,-0.00853,2.53300,2.52882,8,0x00000000,1,-0.70387,-0.71243,-0.00067,-0.74265,-0.68789,8,0x00000000,1,-0.71289,-0.71587,0.00132,0.23486,0.45144,8,0x00000000,1,-0.72152,-0.72587,-0.00550,3.29298,3.32853,8,0x00000000,1,-0.70341,-0.71470,0.00276,1.43145,1.51004,8,0x00000000,1,-0.80644,-0.78282,0.00029,1.44987,1.44020,8,0x00000000,1
52.7337,-0.11009,-0.11026,-39.45912,-1.11009,-0.11026,-0.94953,0.10442,0.16229,0.92133,1.11182,0.81691,1.11182,0.81691,1.00000,0.00000,0,0.00036,-0.80364,-0.77602,-0.11155,3.38032,3.43911,8,0x00000000,1,-0.67158,-0.67657,-0.00015,-1.49182,-0.99374,8,0x00000000,1,-0.67999,-0.70144,0.13458,-1.63729,-1.65261,8,0x00000000,1,-0.72980,-0.72635,0.00089,4.38201,4.36085,8,0x00000000,1,-0.71683,-0.71962,-0.08492,2.30662,2.37629,8,0x00000000,1,-0.83028,-0.78872,-0.04789,3.22772,3.32207,8,0x00000000,1
52.8345,-0.13287,-0.30795,-39.37761,-1.13287,-0.30795,-1.07539,-0.13756,0.19152,0.92208,1.26690,1.05964,1.26690,1.05964,1.00000,0.00000,0,0.00126,-0.81690,-0.78728,-0.09728,3.93798,3.91762,8,0x00000000,1,-0.66527,-0.67309,0.01202,-1.25931,-1.41796,8,0x00000000,1,-0.67217,-0.67420,0.00293,-0.46247,0.08427,8,0x00000000,1,-0.72272,-0.72620,0.00191,3.55336,3.52768,8,0x00000000,1,-0.71165,-0.72142,-0.00626,1.57617,1.62304,8,0x00000000,1,-0.84356,-0.79507,-0.07816,4.07352,4.10749,8,0x00000000,1
52.9331,-0.05359,-0.44904,-39.41582,-1.05359,-0.44904,-1.10055,-0.35005,0.22312,0.92959,1.32367,1.27963,1.32367,1.27963,1.00000,0.00000,0,0.00046,-0.82725,-0.80086,-0.06309,4.16818,4.08852,8,0x00000000,1,-0.66340,-0.66894,0.10654,-0.89474,-1.14751,8,0x00000000,1,-0.66892,-0.67441,0.00793,-0.77578,-0.69583,8,0x00000000,1,-0.71468,-0.72593,-0.00321,2.89854,2.84591,8,0x00000000,1,-0.70475,-0.72150,-0.00711,0.91296,1.00813,8,0x00000000,1,-0.85337,-0.81022,-0.18651,3.95410,4.12615,8,0x00000000,1
53.0347,-0.00100,-0.52952,-39.40545,-1.00100,-0.52952,-1.02696,-0.48013,0.25320,0.94184,1.28016,1.42197,1.28016,1.42197,1.00000,0.00000,0,0.00055,-0.83234,-0.80436,-0.02225,4.62949,4.63050,8,0x00000000,1,-0.66591,-0.66545,0.00285,-0.73969,-0.79551,8,0x00000000,1,-0.67047,-0.67443,0.00184,-0.60492,-0.65584,8,0x00000000,1,-0.70791,-0.72538,0.00433,2.32344,2.19421,8,0x00000000,1,-0.69818,-0.72128,0.00018,0.25564,0.29064,8,0x00000000,1,-0.85760,-0.81441,-0.02775,4.82213,4.68837,8,0x00000000,1
53.1374,0.01626,-0.53811,-39.42453,-0.98374,-0.53811,-0.99493,-0.52417,0.28191,0.95632,1.27684,1.48049,1.27684,1.48049,1.00000,0.00000,0,0.00386,-0.83473,-0.80660,-0.00602,4.90004,4.92293,8,0x00000000,1,-0.66626,-0.66541,0.00434,-0.71002,-0.71386,8,0x00000000,1,-0.67044,-0.67443,0.00671,-0.67459,-0.69779,8,0x00000000,1,-0.70542,-0.72498,0.00844,2.00166,2.01939,8,0x00000000,1,-0.69587,-0.72104,0.00278,-0.08394,-0.10179,8,0x00000000,1,-0.85972,-0.81619,-0.02624,5.43159,5.51971,8,0x00000000,1
53.2331,0.03523,-0.55316,-39.42604,-0.96477,-0.55316,-0.97747,-0.54523,0.31000,0.97161,1.28747,1.51684,1.28747,1.51684,1.00000,0.00000,0,0.00053,-0.83647,-0.80892,-0.03286,5.22764,5.15114,8,0x00000000,1,-0.66590,-0.66532,0.00949,-0.72671,-0.76204,8,0x00000000,1,-0.66985,-0.67442,-0.00043,-0.78240,-0.74810,8,0x00000000,1,-0.70411,-0.72465,-0.00063,1.74287,1.77237,8,0x00000000,1,-0.69476,-0.72083,0.00217,-0.46112,-0.33463,8,0x00000000,1,-0.86138,-0.81783,-0.02868,5.92303,5.90986,8,0x00000000,1
53.3369,0.05694,-0.57187,-39.41494,-0.94306,-0.57187,-0.95384,-0.56002,0.33749,0.98735,1.29133,1.54737,1.29133,1.54737,1.00000,0.00000,0,0.00100,-0.83782,-0.81223,-0.05586,5.30410,5.11251,8,0x00000000,1,-0.66583,-0.66529,-0.00482,-0.71988,-0.79085,8,0x00000000,1,-0.66958,-0.67440,0.00473,-0.82344,-0.52872,8,0x00000000,1,-0.70292,-0.72428,-0.00112,1.40583,1.34994,8,0x00000000,1,-0.69370,-0.72046,0.01347,-0.76546,-0.75354,8,0x00000000,1,-0.86263,-0.81949,-0.02799,6.37413,6.36855,8,0x00000000,1
53.4419,0.09742,-0.60375,-39.46830,-0.90258,-0.60375,-0.92503,-0.58658,0.36427,1.00369,1.28930,1.59027,1.28930,1.59027,1.00000,0.00000,0,0.00032,-0.83958,-0.81958,-0.08197,5.18006,5.20529,8,0x00000000,1,-0.66607,-0.66526,0.00470,-0.66906,-0.64728,8,0x00000000,1,-0.66954,-0.67439,0.00102,-0.90231,-0.93701,8,0x00000000,1,-0.70110,-0.72358,0.00462,1.07523,1.10920,8,0x00000000,1,-0.69201,-0.71967,0.00700,-1.19712,-1.28976,8,0x00000000,1,-0.86420,-0.82119,-0.01676,6.97908,6.98875,8,0x00000000,1
53.5426,0.16326,-0.65041,-39.49670,-0.83674,-0.65041,-0.87493,-0.62228,0.38995,1.02091,1.26488,1.64319,1.26488,1.64319,1.00000,0.00000,0,0.00041,-0.84132,-0.82983,-0.10824,4.69088,4.64862,8,0x00000000,1,-0.66738,-0.66527,-0.00838,-0.60838,-0.51030,8,0x00000000,1,-0.67049,-0.67438,0.00034,-0.91379,-0.90466,8,0x00000000,1,-0.69843,-0.72281,0.00651,0.65127,0.68635,8,0x00000000,1,-0.68935,-0.71645,0.10883,-1.21529,-1.30881,8,0x00000000,1,-0.86555,-0.82332,-0.02427,7.41944,7.47197,8,0x00000000,1
53.6436,0.23221,-0.67307,-39.48678,-0.76779,-0.67307,-0.80971,-0.66305,0.41392,1.03934,1.22363,1.70239,1.22363,1.70239,1.00000,0.00000,0,0.00040,-0.84297,-0.83483,-0.02044,4.85366,4.99690,8,0x00000000,1,-0.66950,-0.66527,-0.00411,-0.36964,-0.55229,8,0x00000000,1,-0.67219,-0.67438,-0.00062,-0.79010,-0.88832,8,0x00000000,1,-0.69517,-0.72139,0.01698,0.23374,0.14079,8,0x00000000,1,-0.68601,-0.70369,0.27459,-0.40598,-0.67126,8,0x00000000,1,-0.86670,-0.82751,-0.09802,7.47969,7.51440,8,0x00000000,1
53.7443,0.36955,-0.68692,-39.38061,-0.63045,-0.68692,-0.68394,-0.67953,0.43508,1.05846,1.11902,1.73799,1.11902,1.73799,1.00000,0.00000,0,0.00031,-0.84237,-0.83606,-0.00671,4.80063,4.97718,8,0x00000000,1,-0.67448,-0.66526,0.00770,0.06876,-0.11542,8,0x00000000,1,-0.67682,-0.67439,0.00098,-0.41987,-0.36038,8,0x00000000,1,-0.69166,-0.71981,0.01610,-0.20886,-0.06756,8,0x00000000,1,-0.68190,-0.69501,0.05660,-0.94309,-0.96607,8,0x00000000,1,-0.86528,-0.83545,-0.07659,7.23800,7.22828,8,0x00000000,1
53.8449,0.44700,-0.71608,-39.28946,-0.55300,-0.71608,-0.60381,-0.70183,0.45340,1.07812,1.05721,1.77995,1.05721,1.77995,1.00000,0.00000,0,0.00039,-0.84289,-0.83698,-0.00721,4.84044,4.77192,8,0x00000000,1,-0.67749,-0.66532,-0.00276,0.39778,0.32056,8,0x00000000,1,-0.67949,-0.67442,-0.00077,-0.23906,-0.37235,8,0x00000000,1,-0.68872,-0.71801,0.02197,-0.57480,-0.59850,8,0x00000000,1,-0.67868,-0.68956,0.06372,-0.82324,-0.90871,8,0x00000000,1,-0.86524,-0.84593,-0.13167,6.75135,6.75918,8,0x00000000,1
53.9461,0.53441,-0.73344,-39.19326,-0.46559,-0.73344,-0.51048,-0.72293,0.46920,1.09844,0.97968,1.82137,0.97968,1.82137,1.00000,0.00000,0,0.00112,-0.84308,-0.83760,0.00585,4.96141,4.99625,8,0x00000000,1,-0.68123,-0.66559,-0.00895,0.70450,0.68821,8,0x00000000,1,-0.68288,-0.67444,0.00185,0.02730,-0.03681,8,0x00000000,1,-0.68549,-0.71615,0.02067,-1.02835,-1.01335,8,0x00000000,1,-0.67507,-0.68564,0.02671,-1.01323,-1.15057,8,0x00000000,1,-0.86476,-0.85340,-0.04327,6.64458,6.67470,8,0x00000000,1
54.0466,0.58245,-0.73061,-39.17364,-0.41755,-0.73061,-0.45068,-0.73133,0.48280,1.11922,0.93348,1.85054,0.93348,1.85054,1.00000,0.00000,0,0.00027,-0.84337,-0.83806,-0.00637,4.93696,5.17958,8,0x00000000,1,-0.68348,-0.66685,-0.02063,0.93208,1.08205,8,0x00000000,1,-0.68489,-0.67450,0.00032,0.24377,0.19164,8,0x00000000,1,-0.68339,-0.71439,0.01128,-1.46858,-1.51407,8,0x00000000,1,-0.67274,-0.67968,0.18113,-0.41855,-0.69580,8,0x00000000,1,-0.86464,-0.85606,-0.01178,6.70305,6.70358,8,0x00000000,1
54.1471,0.67744,-0.71424,-39.07561,-0.32256,-0.71424,-0.36236,-0.72128,0.49431,1.13986,0.85667,1.86114,0.85667,1.86114,1.00000,0.00000,0,0.00039,-0.84228,-0.83839,-0.01036,4.91506,4.78040,8,0x00000000,1,-0.68709,-0.66968,-0.03953,1.14431,1.16638,8,0x00000000,1,-0.68834,-0.67480,0.00135,0.60503,0.46061,8,0x00000000,1,-0.68145,-0.71290,0.01842,-1.78969,-1.81146,8,0x00000000,1,-0.67033,-0.67108,0.03375,-0.49443,-0.44287,8,0x00000000,1,-0.86302,-0.85679,-0.00745,6.58974,6.73874,8,0x00000000,1
54.2502,0.70649,-0.70425,-39.06918,-0.29351,-0.70425,-0.31680,-0.71237,0.50390,1.16027,0.82070,1.87265,0.82070,1.87265,1.00000,0.00000,0,0.00035,-0.84204,-0.83872,0.00393,4.93937,4.99704,8,0x00000000,1,-0.68880,-0.67255,-0.01073,1.29731,1.36924,8,0x00000000,1,-0.68993,-0.67503,0.00223,0.86592,0.80325,8,0x00000000,1,-0.68028,-0.71070,0.02797,-2.11573,-2.12370,8,0x00000000,1,-0.66895,-0.66695,0.05303,-0.24964,-0.34138,8,0x00000000,1,-0.86251,-0.85714,0.00202,6.66866,6.64125,8,0x00000000,1
54.3570,0.75258,-0.68267,-39.05751,-0.24742,-0.68267,-0.27622,-0.69269,0.51235,1.18026,0.78857,1.87295,0.78857,1.87295,1.00000,0.00000,0,0.00194,-0.84140,-0.83894,-0.00415,4.91570,4.75171,8,0x00000000,1,-0.69029,-0.67395,-0.01689,1.51196,1.39027,8,0x00000000,1,-0.69139,-0.67528,0.00057,1.15554,0.99333,8,0x00000000,1,-0.67964,-0.70644,0.07173,-2.04915,-2.19950,8,0x00000000,1,-0.66809,-0.66497,0.01414,-0.20395,-0.12182,8,0x00000000,1,-0.86168,-0.85740,-0.00152,6.67157,6.60684,8,0x00000000,1
54.4620,0.85557,-0.63623,-39.15938,-0.14443,-0.63623,-0.21819,-0.66714,0.51948,1.19968,0.73767,1.86682,0.73767,1.86682,1.00000,0.00000,0,0.00128,-0.84012,-0.83902,-0.01085,4.84183,4.82044,8,0x00000000,1,-0.69263,-0.67522,-0.01513,1.78240,1.80897,8,0x00000000,1,-0.69371,-0.67561,-0.00371,1.39291,1.35192,8,0x00000000,1,-0.67890,-0.68308,0.34953,0.00198,-0.30004,8,0x00000000,1,-0.66699,-0.66448,0.00639,-0.23730,-0.24687,8,0x00000000,1,-0.86011,-0.85757,-0.00402,6.59739,6.69748,8,0x00000000,1
54.5644,0.91457,-0.59901,-39.23071,-0.08543,-0.59901,-0.11835,-0.60409,0.52396,1.21756,0.64230,1.82164,0.64230,1.82164,1.00000,0.00000,0,0.00043,-0.83631,-0.83895,-0.01030,4.50699,4.65772,8,0x00000000,1,-0.69690,-0.67751,-0.01719,2.20488,2.13768,8,0x00000000,1,-0.69818,-0.67633,0.00078,2.00599,1.93651,8,0x00000000,1,-0.67892,-0.67823,0.00408,-0.66003,-0.68891,8,0x00000000,1,-0.66622,-0.66429,0.00453,-0.23176,-0.11269,8,0x00000000,1,-0.85589,-0.85759,-0.00428,6.23455,6.10519,8,0x00000000,1
54.6689,0.93450,-0.57907,-39.22877,-0.06550,-0.57907,-0.07958,-0.58487,0.52661,1.23444,0.60619,1.81931,0.60619,1.81931,1.00000,0.00000,0,0.00042,-0.83549,-0.83892,0.00675,4.50638,4.57812,8,0x00000000,1,-0.69856,-0.67863,-0.00362,2.47339,2.49315,8,0x00000000,1,-0.69983,-0.67681,-0.00013,2.29956,2.31724,8,0x00000000,1,-0.67831,-0.67695,0.01065,-0.63433,-0.60949,8,0x00000000,1,-0.66537,-0.66409,0.00373,-0.28618,-0.41830,8,0x00000000,1,-0.85485,-0.85759,-0.00511,6.18692,6.09094,8,0x00000000,1
54.7685,0.93205,-0.57208,-39.22198,-0.06795,-0.57208,-0.07081,-0.57689,0.52869,1.25096,0.59950,1.82784,0.59950,1.82784,1.00000,0.00000,0,0.00043,-0.83571,-0.83895,0.00559,4.50334,4.36762,8,0x00000000,1,-0.69891,-0.67956,-0.01197,2.64732,2.71677,8,0x00000000,1,-0.70011,-0.67732,-0.00286,2.56190,2.55524,8,0x00000000,1,-0.67782,-0.67636,-0.00356,-0.63910,-0.50302,8,0x00000000,1,-0.66487,-0.66399,0.00724,-0.28188,-0.21245,8,0x00000000,1,-0.85500,-0.85762,-0.01057,6.17377,6.26483,8,0x00000000,1
54.8700,0.94121,-0.56486,-39.22165,-0.05879,-0.56486,-0.06156,-0.56891,0.53055,1.26728,0.59211,1.83618,0.59211,1.83618,1.00000,0.00000,0,0.00036,-0.83591,-0.83896,-0.00213,4.47558,4.52460,8,0x00000000,1,-0.69928,-0.68077,-0.01111,2.80146,2.68872,8,0x00000000,1,-0.70042,-0.67802,-0.01563,2.80214,2.72079,8,0x00000000,1,-0.67734,-0.67573,0.00673,-0.59993,-0.63257,8,0x00000000,1,-0.66436,-0.66399,-0.00445,-0.31066,-0.26060,8,0x00000000,1,-0.85512,-0.85761,0.00343,6.19836,6.42678,8,0x00000000,1
54.9723,0.93734,-0.54669,-39.22778,-0.06266,-0.54669,-0.06180,-0.55708,0.53230,1.28333,0.59409,1.84042,0.59409,1.84042,1.00000,0.00000,0,0.00087,-0.83613,-0.83894,0.00583,4.46061,4.56754,8,0x00000000,1,-0.69920,-0.68229,-0.01962,2.90726,2.79669,8,0x00000000,1,-0.70031,-0.67856,-0.00716,3.02725,2.90947,8,0x00000000,1,-0.67720,-0.67531,0.00264,-0.57292,-0.54154,8,0x00000000,1,-0.66425,-0.66393,0.00837,-0.29714,-0.37435,8,0x00000000,1,-0.85533,-0.85760,0.00989,6.17436,6.15207,8,0x00000000,1
55.0745,0.94274,-0.53948,-39.22324,-0.05726,-0.53948,-0.06026,-0.54479,0.53405,1.29902,0.59431,1.84381,0.59431,1.84381,1.00000,0.00000,0,0.00113,-0.83628,-0.83892,0.01172,4.42587,4.63201,8,0x00000000,1,-0.69921,-0.68349,-0.00942,3.03689,3.08890,8,0x00000000,1,-0.70029,-0.67954,-0.01208,3.19643,3.16468,8,0x00000000,1,-0.67706,-0.67514,-0.00415,-0.53703,-0.40249,8,0x00000000,1,-0.66412,-0.66389,0.00065,-0.29494,-0.42894,8,0x00000000,1,-0.85547,-0.85762,0.00570,6.15910,6.23694,8,0x00000000,1
55.1753,0.93972,-0.52788,-39.22008,-0.06028,-0.52788,-0.05905,-0.53374,0.53573,1.31438,0.59478,1.84812,0.59478,1.84812,1.00000,0.00000,0,0.00030,-0.83647,-0.83890,0.02033,4.47712,4.48044,8,0x00000000,1,-0.69920,-0.68460,-0.01430,3.14040,3.15744,8,0x00000000,1,-0.70026,-0.68046,-0.00656,3.39510,3.35119,8,0x00000000,1,-0.67689,-0.67507,-0.00400,-0.51971,-0.55985,8,0x00000000,1,-0.66397,-0.66389,0.00262,-0.29510,-0.26985,8,0x00000000,1,-0.85564,-0.85764,0.00033,6.14972,6.26967,8,0x00000000,1
55.2749,0.94164,-0.51573,-39.22275,-0.05836,-0.51573,-0.06019,-0.52263,0.53745,1.32942,0.59764,1.85205,0.59764,1.85205,1.00000,0.00000,0,0.00031,-0.83669,-0.83895,-0.00038,4.37284,4.41338,8,0x00000000,1,-0.69908,-0.68561,-0.01382,3.25208,3.26857,8,0x00000000,1,-0.70011,-0.68135,-0.01342,3.54964,3.47929,8,0x00000000,1,-0.67679,-0.67498,-0.00514,-0.51495,-0.37574,8,0x00000000,1,-0.66390,-0.66387,0.00542,-0.30901,-0.34464,8,0x00000000,1,-0.85587,-0.85763,0.00588,6.16350,6.13460,8,0x00000000,1
55.3773,0.94001,-0.50627,-39.22575,-0.05999,-0.50627,-0.05860,-0.51166,0.53912,1.34414,0.59772,1.85580,0.59772,1.85580,1.00000,0.00000,0,0.00039,-0.83685,-0.83896,-0.01165,4.34143,4.39619,8,0x00000000,1,-0.69909,-0.68638,-0.00599,3.39710,3.46661,8,0x00000000,1,-0.70010,-0.68262,-0.01477,3.69337,3.53347,8,0x00000000,1,-0.67663,-0.67493,0.00032,-0.47706,-0.52642,8,0x00000000,1,-0.66375,-0.66382,0.00425,-0.33206,-0.33913,8,0x00000000,1,-0.85601,-0.85765,0.00232,6.09705,6.07044,8,0x00000000,1
55.4811,0.94408,-0.49487,-39.21686,-0.05592,-0.49487,-0.05801,-0.50105,0.54080,1.35857,0.59881,1.85962,0.59881,1.85962,1.00000,0.00000,0,0.00042,-0.83703,-0.83895,0.00692,4.36790,4.45468,8,0x00000000,1,-0.69905,-0.68735,-0.01397,3.45251,3.42615,8,0x00000000,1,-0.70004,-0.68363,-0.00545,3.82627,3.90065,8,0x00000000,1,-0.67650,-0.67490,-0.00281,-0.47131,-0.47496,8,0x00000000,1,-0.66364,-0.66381,0.00359,-0.33658,-0.31582,8,0x00000000,1,-0.85618,-0.85763,0.00541,6.11447,6.21809,8,0x00000000,1
55.5847,0.94507,-0.48034,-39.22734,-0.05493,-0.48034,-0.05536,-0.48969,0.54241,1.37270,0.59777,1.86240,0.59777,1.86240,1.00000,0.00000,0,0.00143,-0.83713,-0.83897,-0.00545,4.33387,4.33830,8,0x00000000,1,-0.69911,-0.68835,-0.01320,3.52257,3.59997,8,0x00000000,1,-0.70007,-0.68526,-0.02174,3.89764,3.91211,8,0x00000000,1,-0.67636,-0.67487,0.00778,-0.44871,-0.42558,8,0x00000000,1,-0.66350,-0.66381,-0.00319,-0.33401,-0.22419,8,0x00000000,1,-0.85626,-0.85765,-0.00008,6.06903,5.97788,8,0x00000000,1
55.6845,0.94495,-0.45044,-39.22873,0.94495,-0.45044,0.56809,-0.46939,0.58774,1.38639,0.01964,1.85577,0.01964,1.85577,0.00000,0.00000,0,0.00041,-0.82521,-0.83869,-0.00020,3.12587,3.26444,8,0x00000000,1,-0.72595,-0.69386,-0.22642,4.49175,4.50212,8,0x00000000,1,-0.72634,-0.69531,-0.51617,4.52765,4.12927,8,0x00000000,1,-0.66536,-0.67423,0.06702,-0.95669,-0.77762,8,0x00000000,1,-0.64867,-0.66236,0.10041,-1.40488,-1.06241,8,0x00000000,1,-0.84085,-0.85758,0.00250,4.56300,4.87548,8,0x00000000,1
55.7861,1.20973,0.28758,-39.46162,1.20973,0.28758,1.04140,-0.03858,0.56383,1.39448,-0.47757,1.43305,-0.47757,1.43305,0.00000,0.00000,0,0.00035,-0.79749,-0.83738,0.01834,1.13469,1.21240,8,0x00000000,1,-0.74742,-0.73048,-0.40138,3.59431,3.75721,8,0x00000000,1,-0.75045,-0.74918,-0.46499,2.40249,2.62604,8,0x00000000,1,-0.67310,-0.65276,-0.00665,0.91208,0.72224,8,0x00000000,1,-0.65188,-0.65486,0.00398,-0.66936,-0.82801,8,0x00000000,1,-0.81185,-0.85724,0.00017,2.39901,2.42252,8,0x00000000,1
55.8896,1.20802,0.55047,-39.35480,1.20802,0.55047,1.18464,0.39345,0.53148,1.38840,-0.65316,0.99494,-0.65316,0.99494,0.00000,0.00000,0,0.00123,-0.77567,-0.83262,0.08267,-0.23143,-0.11673,8,0x00000000,1,-0.75382,-0.75268,-0.05253,3.37812,3.26655,8,0x00000000,1,-0.76004,-0.75978,0.00228,3.43428,3.45424,8,0x00000000,1,-0.68779,-0.65491,-0.03277,2.05098,2.12068,8,0x00000000,1,-0.66405,-0.65521,0.00149,0.25968,0.13278,8,0x00000000,1,-0.79067,-0.85666,0.00317,0.54709,0.65634,8,0x00000000,1
55.9925,1.21516,0.57282,-39.35217,1.21516,0.57282,1.21354,0.53474,0.49725,1.37460,-0.71629,0.83987,-0.71629,0.83987,0.00000,0.00000,0,0.00107,-0.76794,-0.81426,0.31536,0.64259,0.51345,8,0x00000000,1,-0.75613,-0.75399,-0.01488,3.47057,3.49163,8,0x00000000,1,-0.76350,-0.76145,-0.01681,3.43002,3.32406,8,0x00000000,1,-0.69298,-0.65756,-0.02054,2.65078,2.55710,8,0x00000000,1,-0.66833,-0.65560,0.00152,0.59654,0.57447,8,0x00000000,1,-0.78314,-0.85630,0.00215,-0.62538,-0.50689,8,0x00000000,1
56.0945,1.17575,0.62527,-39.28789,1.17575,0.62527,1.18561,0.60066,0.46307,1.35835,-0.72254,0.75769,-0.72254,0.75769,0.00000,0.00000,0,0.00038,-0.76439,-0.80412,0.04838,-0.14849,-0.13960,8,0x00000000,1,-0.75609,-0.75422,0.00504,3.46927,3.58286,8,0x00000000,1,-0.76409,-0.76223,-0.00032,3.38171,3.31550,8,0x00000000,1,-0.69626,-0.65973,-0.02277,3.06018,3.10156,8,0x00000000,1,-0.67131,-0.65593,-0.01245,0.86771,0.90187,8,0x00000000,1,-0.77986,-0.85587,0.00303,-1.52814,-1.60925,8,0x00000000,1
56.1958,1.16552,0.63862,-39.27738,1.16552,0.63862,1.17087,0.62634,0.42952,1.34082,-0.74135,0.71448,-0.74135,0.71448,0.00000,0.00000,0,0.00028,-0.76221,-0.80178,0.01313,-0.66545,-0.56146,8,0x00000000,1,-0.75678,-0.75438,-0.00399,3.53311,3.57423,8,0x00000000,1,-0.76511,-0.76302,-0.01575,3.37703,3.31884,8,0x00000000,1,-0.69769,-0.66222,-0.02403,3.45624,3.31547,8,0x00000000,1,-0.67247,-0.65627,-0.00516,1.12995,1.15079,8,0x00000000,1,-0.77773,-0.85524,0.01753,-2.37417,-2.28375,8,0x00000000,1
56.2976,1.15375,0.65615,-39.26775,1.15375,0.65615,1.16050,0.64455,0.39630,1.32268,-0.76420,0.67813,-0.76420,0.67813,0.00000,0.00000,0,0.00036,-0.76024,-0.79886,0.03144,-0.98376,-1.01188,8,0x00000000,1,-0.75770,-0.75456,0.00026,3.63284,3.56816,8,0x00000000,1,-0.76629,-0.76440,-0.01475,3.40924,2.98935,8,0x00000000,1,-0.69874,-0.66431,-0.01287,3.78714,3.67309,8,0x00000000,1,-0.67327,-0.65658,-0.00131,1.35677,1.30619,8,0x00000000,1,-0.77576,-0.85145,0.08360,-3.06187,-3.27230,8,0x00000000,1
56.3989,1.13513,0.69441,-39.25745,1.13513,0.69441,1.14860,0.67061,0.36339,1.30395,-0.78521,0.63334,-0.78521,0.63334,0.00000,0.00000,0,0.00039,-0.75795,-0.79531,0.02673,-1.45892,-1.45290,8,0x00000000,1,-0.75849,-0.75477,-0.00328,3.71668,3.63389,8,0x00000000,1,-0.76742,-0.76669,-0.02198,3.31367,3.31878,8,0x00000000,1,-0.70019,-0.66682,-0.02906,4.10098,4.13901,8,0x00000000,1,-0.67443,-0.65720,-0.00299,1.57715,1.52976,8,0x00000000,1,-0.77351,-0.83837,0.36952,-2.51240,-2.60453,8,0x00000000,1
56.5025,0.96851,0.77043,-39.39885,0.96851,0.77043,1.04248,0.74291,0.33191,1.28374,-0.71057,0.54082,-0.71057,0.54082,0.00000,0.00000,0,0.00108,-0.75560,-0.79067,0.07856,-1.56113,-1.57485,8,0x00000000,1,-0.75467,-0.75486,0.00127,3.43547,3.44122,8,0x00000000,1,-0.76433,-0.76955,-0.00184,2.87709,2.95023,8,0x00000000,1,-0.70550,-0.67339,-0.12639,4.21516,4.31775,8,0x00000000,1,-0.67989,-0.65925,-0.02064,2.07955,1.97023,8,0x00000000,1,-0.77195,-0.81580,0.00582,-2.78941,-2.86574,8,0x00000000,1
56.6032,0.86380,0.83557,-39.24515,0.86380,0.83557,0.93177,0.80562,0.30386,1.26162,-0.62791,0.45600,-0.62791,0.45600,0.00000,0.00000,0,0.00026,-0.75374,-0.77004,0.35651,0.19321,-0.34541,8,0x00000000,1,-0.75051,-0.75486,0.00110,3.16740,3.14389,8,0x00000000,1,-0.76085,-0.76969,0.00835,2.58896,2.65078,8,0x00000000,1,-0.71066,-0.68095,-0.05810,4.51739,4.54867,8,0x00000000,1,-0.68527,-0.66103,-0.00854,2.52260,2.42416,8,0x00000000,1,-0.77089,-0.81407,0.02669,-3.18520,-3.24702,8,0x00000000,1
56.7050,0.73738,0.90190,-39.11597,0.73738,0.90190,0.79210,0.88380,0.27957,1.23742,-0.51253,0.35362,-0.51253,0.35362,0.00000,0.00000,0,0.00032,-0.75180,-0.75847,-0.01380,-0.40708,-0.20255,8,0x00000000,1,-0.74478,-0.75485,-0.00336,2.59660,2.79930,8,0x00000000,1,-0.75592,-0.76961,0.00068,2.12687,2.03320,8,0x00000000,1,-0.71719,-0.68662,-0.04353,5.04054,5.08012,8,0x00000000,1,-0.69216,-0.66320,-0.00893,3.20514,3.37121,8,0x00000000,1,-0.77002,-0.81117,0.04283,-3.51532,-3.46747,8,0x00000000,1
56.8073,0.62188,0.91691,-39.12833,0.62188,0.91691,0.69039,0.90502,0.25852,1.21190,-0.43187,0.30688,-0.43187,0.30688,0.00000,0.00000,0,0.00037,-0.75147,-0.75782,0.00938,-0.32617,-0.32515,8,0x00000000,1,-0.74088,-0.75482,-0.00491,2.21405,2.26648,8,0x00000000,1,-0.75238,-0.76945,0.00091,1.77806,1.85298,8,0x00000000,1,-0.72073,-0.69616,-0.12580,4.74576,4.71898,8,0x00000000,1,-0.69604,-0.66505,-0.02032,3.62565,3.63623,8,0x00000000,1,-0.77036,-0.80048,0.23765,-2.63214,-2.66804,8,0x00000000,1
56.9097,0.34377,0.90243,-39.15401,0.34377,0.90243,0.48594,0.91688,0.24151,1.18580,-0.24443,0.26892,-0.24443,0.26892,0.00000,0.00000,0,0.00046,-0.75365,-0.75737,-0.00152,-0.31876,-0.35381,8,0x00000000,1,-0.73209,-0.75474,0.00174,1.37612,1.43406,8,0x00000000,1,-0.74391,-0.76893,0.01401,1.02368,1.20456,8,0x00000000,1,-0.72600,-0.71648,-0.16705,3.85659,3.79098,8,0x00000000,1,-0.70235,-0.67192,-0.07281,3.84978,3.72357,8,0x00000000,1,-0.77383,-0.78129,0.00793,-2.01772,-2.08089,8,0x00000000,1
57.0127,0.26340,0.86694,-39.14487,0.26340,0.86694,0.32202,0.88138,0.23045,1.16021,-0.09157,0.27884,-0.09157,0.27884,0.00000,0.00000,0,0.00066,-0.75713,-0.75751,0.00110,-0.03768,-0.00839,8,0x00000000,1,-0.72509,-0.75427,0.00721,0.73563,0.67924,8,0x00000000,1,-0.73685,-0.76762,0.01414,0.20487,-0.06730,8,0x00000000,1,-0.72860,-0.72157,-0.01128,4.19495,4.24108,8,0x00000000,1,-0.70594,-0.67831,-0.08875,3.95278,3.90704,8,0x00000000,1,-0.77822,-0.78121,-0.00777,-1.73609,-1.82714,8,0x00000000,1
57.1115,0.18050,0.82726,-39.21158,0.18050,0.82726,0.22939,0.84616,0.22272,1.13562,-0.00667,0.28945,-0.00667,0.28945,0.00000,0.00000,0,0.00030,-0.75927,-0.75760,0.00968,0.11097,0.10066,8,0x00000000,1,-0.72122,-0.75311,0.01224,0.24430,0.17766,8,0x00000000,1,-0.73292,-0.76353,0.09543,0.17319,0.09672,8,0x00000000,1,-0.72983,-0.72290,-0.00477,4.24811,4.22158,8,0x00000000,1,-0.70774,-0.68979,-0.05792,3.65010,3.61581,8,0x00000000,1,-0.78085,-0.78120,0.01149,-1.63488,-1.65930,8,0x00000000,1
57.2112,0.12724,0.77166,-39.20776,0.12724,0.77166,0.15805,0.79587,0.21731,1.11224,0.05926,0.31636,0.05926,0.31636,0.00000,0.00000,0,0.00038,-0.76171,-0.75782,-0.00388,0.23009,0.18269,8,0x00000000,1,-0.71828,-0.75136,0.01831,-0.17855,-0.05332,8,0x00000000,1,-0.72980,-0.75767,0.02995,-0.13738,0.02467,8,0x00000000,1,-0.73001,-0.72365,-0.00777,4.26330,4.36125,8,0x00000000,1,-0.70843,-0.69520,-0.04495,3.53430,3.78452,8,0x00000000,1,-0.78360,-0.78127,-0.01218,-1.46112,-1.42725,8,0x00000000,1
57.3147,0.10525,0.74713,-39.21786,0.10525,0.74713,0.11999,0.76252,0.21343,1.09008,0.09344,0.32756,0.09344,0.32756,0.00000,0.00000,0,0.00116,-0.76286,-0.75802,0.00761,0.35085,0.29703,8,0x00000000,1,-0.71675,-0.74978,0.01622,-0.55702,-0.45261,8,0x00000000,1,-0.72819,-0.75523,0.01511,-0.46455,-0.58303,8,0x00000000,1,-0.73022,-0.72424,-0.01536,4.29682,4.60813,8,0x00000000,1,-0.70889,-0.69755,-0.01289,3.65801,3.61620,8,0x00000000,1,-0.78492,-0.78128,-0.00363,-1.34093,-1.28525,8,0x00000000,1
57.4166,0.08785,0.72598,-39.19831,0.08785,0.72598,0.09857,0.73912,0.21035,1.06870,0.11178,0.32958,0.11178,0.32958,0.00000,0.00000,0,0.00027,-0.76331,-0.75818,-0.00852,0.40881,0.37817,8,0x00000000,1,-0.71591,-0.74811,0.01374,-0.95211,-0.90376,8,0x00000000,1,-0.72734,-0.75297,0.01801,-0.66756,-0.64607,8,0x00000000,1,-0.73050,-0.72488,-0.00446,4.37259,4.41836,8,0x00000000,1,-0.70929,-0.69870,-0.01432,3.73886,3.74342,8,0x00000000,1,-0.78548,-0.78130,-0.00321,-1.28057,-1.22444,8,0x00000000,1
57.5179,0.08067,0.71027,-39.19216,0.08067,0.71027,0.08584,0.71966,0.20776,1.04794,0.12192,0.32828,0.12192,0.32828,0.00000,0.00000,0,0.00033,-0.76346,-0.75830,0.00160,0.49370,0.40550,8,0x00000000,1,-0.71544,-0.74685,0.01347,-1.28895,-1.22891,8,0x00000000,1,-0.72688,-0.75083,0.01190,-0.86635,-0.82164,8,0x00000000,1,-0.73075,-0.72537,-0.00799,4.43909,4.40347,8,0x00000000,1,-0.70961,-0.69962,-0.01417,3.80011,3.76230,8,0x00000000,1,-0.78570,-0.78135,-0.00505,-1.22030,-1.21965,8,0x00000000,1
57.6189,0.06950,0.69523,-39.19084,0.06950,0.69523,0.07590,0.70430,0.20545,1.02766,0.12956,0.32336,0.12956,0.32336,0.00000,0.00000,0,0.00041,-0.76341,-0.75835,0.00614,0.53792,0.45173,8,0x00000000,1,-0.71507,-0.74528,0.02285,-1.55838,-1.57977,8,0x00000000,1,-0.72655,-0.74909,0.01756,-1.01732,-1.06284,8,0x00000000,1,-0.73110,-0.72578,-0.00277,4.49397,4.52454,8,0x00000000,1,-0.70999,-0.70071,-0.01776,3.84448,4.01997,8,0x00000000,1,-0.78571,-0.78135,-0.00312,-1.17144,-1.10546,8,0x00000000,1
57.7223,0.05322,0.67229,-39.18081,0.05322,0.67229,0.06316,0.68628,0.20347,1.00783,0.14031,0.32155,0.14031,0.32155,0.00000,0.00000,0,0.00196,-0.76355,-0.75854,-0.02216,0.54444,0.49387,8,0x00000000,1,-0.71457,-0.74207,0.06230,-1.58912,-1.74868,8,0x00000000,1,-0.72606,-0.74708,0.01735,-1.18599,-1.13412,8,0x00000000,1,-0.73139,-0.72624,-0.00641,4.52041,4.61260,8,0x00000000,1,-0.71034,-0.70248,-0.02841,3.84437,3.90987,8,0x00000000,1,-0.78593,-0.78138,0.00197,-1.09472,-0.99844,8,0x00000000,1
57.8241,0.01526,0.54405,-39.27182,0.01526,0.54405,0.03707,0.61593,0.20199,0.98904,0.16492,0.37311,0.16492,0.37311,0.00000,0.00000,0,0.00025,-0.76619,-0.75874,-0.00069,0.75241,0.72966,8,0x00000000,1,-0.71363,-0.72152,0.34435,0.31465,-0.04318,8,0x00000000,1,-0.72476,-0.74071,0.15831,-0.71551,-0.85572,8,0x00000000,1,-0.72973,-0.72662,-0.00490,4.50317,4.47931,8,0x00000000,1,-0.70902,-0.70895,-0.12119,3.13451,3.10149,8,0x00000000,1,-0.78853,-0.78147,-0.00106,-0.93459,-0.96566,8,0x00000000,1
57.9254,-0.04040,0.38702,-39.30219,-0.04040,0.38702,-0.00941,0.45472,0.20171,0.97417,0.21112,0.51944,0.21112,0.51944,0.00000,0.00000,16,0.00043,-0.77321,-0.76026,0.00230,1.33855,1.31092,8,0x00000000,1,-0.71204,-0.71717,0.00891,-0.57316,-0.55278,8,0x00000000,1,-0.72214,-0.72942,0.19203,-0.12212,-0.53605,8,0x00000000,1,-0.72454,-0.72663,-0.00593,4.08548,4.00159,8,0x00000000,1,-0.70464,-0.71307,-0.00350,2.76468,2.86209,8,0x00000000,1,-0.79529,-0.78203,0.00096,-0.32873,-0.25157,8,0x00000000,1
58.0250,-0.07316,0.27473,-39.20984,-0.07316,0.27473,-0.04668,0.32642,0.20238,0.96316,0.24905,0.63674,0.24905,0.63674,0.00000,0.00000,0,0.00037,-0.77886,-0.76173,-0.01149,1.80317,1.74302,8,0x00000000,1,-0.71073,-0.71547,0.00409,-0.61194,-0.57619,8,0x00000000,1,-0.72001,-0.71558,0.03319,0.16151,0.16766,8,0x00000000,1,-0.72040,-0.72655,-0.00416,3.75267,3.67851,8,0x00000000,1,-0.70116,-0.71343,0.00166,2.39397,2.33040,8,0x00000000,1,-0.80073,-0.78238,-0.00512,0.24136,0.21262,8,0x00000000,1
58.1262,-0.06298,0.25662,-39.22693,-0.06298,0.25662,-0.05741,0.27415,0.20391,0.95476,0.26132,0.68061,0.26132,0.68061,0.00000,0.00000,0,0.00026,-0.78094,-0.76312,-0.00027,2.01256,1.97086,8,0x00000000,1,-0.71033,-0.71430,0.00058,-0.62269,-0.54856,8,0x00000000,1,-0.71930,-0.71538,0.00002,0.08748,0.08617,8,0x00000000,1,-0.71882,-0.72648,0.00004,3.59386,3.64457,8,0x00000000,1,-0.69981,-0.71340,0.00354,2.21202,2.15955,8,0x00000000,1,-0.80271,-0.78260,-0.01148,0.50593,0.48445,8,0x00000000,1
58.2281,-0.05922,0.25294,-39.22705,-0.05922,0.25294,-0.05777,0.25814,0.20558,0.94724,0.26335,0.68910,0.26335,0.68910,0.00000,0.00000,0,0.00035,-0.78133,-0.76408,-0.02473,2.20532,2.23006,8,0x00000000,1,-0.71027,-0.71393,0.00881,-0.61977,-0.68813,8,0x00000000,1,-0.71918,-0.71534,-0.00238,0.14853,0.18799,8,0x00000000,1,-0.71851,-0.72643,0.00481,3.55306,3.65601,8,0x00000000,1,-0.69954,-0.71339,-0.00136,2.03152,1.89251,8,0x00000000,1,-0.80309,-0.78276,-0.00445,0.76292,0.81840,8,0x00000000,1
58.3290,-0.05796,0.25341,-39.24104,-0.05796,0.25341,-0.05741,0.25501,0.20722,0.93995,0.26463,0.68494,0.26463,0.68494,0.00000,0.00000,0,0.00037,-0.78118,-0.76476,-0.00744,2.33699,2.32354,8,0x00000000,1,-0.71019,-0.71354,-0.00351,-0.66284,-0.67041,8,0x00000000,1,-0.71914,-0.71534,-0.00214,0.19953,0.23070,8,0x00000000,1,-0.71871,-0.72640,0.00306,3.45794,3.26596,8,0x00000000,1,-0.69973,-0.71336,0.00162,1.89387,1.90260,8,0x00000000,1,-0.80296,-0.78300,-0.01431,0.95523,0.84774,8,0x00000000,1
58.4328,-0.05144,0.25078,-39.23890,-0.05144,0.25078,-0.05386,0.25279,0.20881,0.93270,0.26267,0.67991,0.26267,0.67991,0.00000,0.00000,0,0.00043,-0.78093,-0.76568,-0.01942,2.43114,2.39753,8,0x00000000,1,-0.71026,-0.71317,0.00640,-0.63854,-0.69180,8,0x00000000,1,-0.71924,-0.71533,0.00274,0.23826,0.16674,8,0x00000000,1,-0.71888,-0.72639,-0.00662,3.35948,3.04444,8,0x00000000,1,-0.69987,-0.71332,0.00186,1.74972,1.59288,8,0x00000000,1,-0.80272,-0.78328,-0.01064,1.16267,1.25987,8,0x00000000,1
58.5345,-0.04840,0.24961,-39.23769,-0.04840,0.24961,-0.04953,0.25101,0.21029,0.92553,0.25982,0.67452,0.25982,0.67452,0.00000,0.00000,0,0.00129,-0.78065,-0.76660,-0.01034,2.55628,2.50239,8,0x00000000,1,-0.71037,-0.71287,-0.00383,-0.67874,-0.72473,8,0x00000000,1,-0.71939,-0.71534,0.00550,0.30680,0.38187,8,0x00000000,1,-0.71904,-0.72633,0.00802,3.32642,3.27253,8,0x00000000,1,-0.70000,-0.71328,-0.00233,1.57417,1.77907,8,0x00000000,1,-0.80244,-0.78344,-0.00516,1.39719,1.16391,8,0x00000000,1
58.6355,-0.04201,0.25000,-39.25195,-0.04201,0.25000,-0.04530,0.25014,0.21163,0.91839,0.25693,0.66825,0.25693,0.66825,0.00000,0.00000,0,0.00058,-0.78033,-0.76759,-0.01032,2.58881,2.68426,8,0x00000000,1,-0.71048,-0.71255,-0.00011,-0.66476,-0.74287,8,0x00000000,1,-0.71954,-0.71535,0.00190,0.38183,0.18275,8,0x00000000,1,-0.71925,-0.72630,0.00155,3.21374,3.27941,8,0x00000000,1,-0.70016,-0.71320,0.00732,1.43781,1.44960,8,0x00000000,1,-0.80213,-0.78360,-0.00482,1.57346,1.64204,8,0x00000000,1
58.7384,-0.08741,0.00416,-39.32827,-1.08741,0.00416,-0.83561,0.18590,0.17512,0.91155,1.01073,0.72565,1.01073,0.72565,1.00000,0.00000,0,0.00033,-0.79781,-0.77550,-0.08643,3.36182,3.25810,8,0x00000000,1,-0.67592,-0.67681,0.09815,-0.97685,-0.10676,8,0x00000000,1,-0.68489,-0.70589,0.16712,-1.44948,-1.41060,8,0x00000000,1,-0.73163,-0.72668,-0.01095,4.36102,4.54238,8,0x00000000,1,-0.71766,-0.71514,-0.07155,2.65242,2.81070,8,0x00000000,1,-0.82416,-0.78836,-0.06940,3.07499,3.12458,8,0x00000000,1
58.8399,-0.05125,-0.17224,-39.41733,-1.05125,-0.17224,-0.99861,-0.06910,0.20212,0.91057,1.20074,0.97966,1.20074,0.97966,1.00000,0.00000,0,0.00037,-0.81223,-0.78630,-0.08711,3.92850,4.02644,8,0x00000000,1,-0.66804,-0.67398,-0.00051,-1.19556,-1.14558,8,0x00000000,1,-0.67543,-0.69558,0.18726,-1.16515,-1.40188,8,0x00000000,1,-0.72476,-0.72650,-0.00339,3.50533,3.51831,8,0x00000000,1,-0.71296,-0.71643,0.00133,1.96502,1.93516,8,0x00000000,1,-0.83878,-0.79481,-0.06356,4.06206,3.98093,8,0x00000000,1
58.9427,-0.03709,-0.38227,-39.36310,-1.03709,-0.38227,-1.03490,-0.29416,0.23140,0.91593,1.26630,1.21008,1.26630,1.21008,1.00000,0.00000,0,0.00069,-0.82318,-0.80012,-0.08056,4.02292,4.00464,8,0x00000000,1,-0.66581,-0.67315,-0.00315,-1.25593,-1.19459,8,0x00000000,1,-0.67174,-0.67496,0.00622,-0.56355,-0.58518,8,0x00000000,1,-0.71645,-0.72621,0.00647,2.85943,2.69096,8,0x00000000,1,-0.70590,-0.71635,-0.00189,1.33652,1.35129,8,0x00000000,1,-0.84923,-0.80875,-0.15589,4.07281,4.18743,8,0x00000000,1
59.0473,0.06297,-0.45351,-39.30198,-0.93703,-0.45351,-0.96450,-0.41512,0.25988,0.92643,1.22438,1.34155,1.22438,1.34155,1.00000,0.00000,0,0.00200,-0.82785,-0.80395,-0.00025,4.46614,4.56957,8,0x00000000,1,-0.66821,-0.67293,-0.00080,-1.07147,-1.05333,8,0x00000000,1,-0.67325,-0.67495,0.00004,-0.40059,-0.43594,8,0x00000000,1,-0.71017,-0.72575,0.00529,2.38906,2.24127,8,0x00000000,1,-0.69979,-0.71619,-0.00084,0.80667,0.97403,8,0x00000000,1,-0.85309,-0.81424,-0.00934,4.75970,4.77023,8,0x00000000,1
59.1457,0.07476,-0.46270,-39.34040,-0.92524,-0.46270,-0.93404,-0.45548,0.28688,0.93899,1.22092,1.39448,1.22092,1.39448,1.00000,0.00000,0,0.00032,-0.83000,-0.80573,-0.02695,4.71602,4.65070,8,0x00000000,1,-0.66855,-0.67292,-0.00189,-1.13751,-1.17861,8,0x00000000,1,-0.67324,-0.67494,0.00030,-0.43670,-0.34332,8,0x00000000,1,-0.70790,-0.72540,-0.00473,2.07235,2.10830,8,0x00000000,1,-0.69768,-0.71605,-0.00119,0.50623,0.42807,8,0x00000000,1,-0.85500,-0.81564,-0.00948,5.19962,5.13507,8,0x00000000,1
59.2508,0.08992,-0.47942,-39.32455,-0.91008,-0.47942,-0.91901,-0.47244,0.31329,0.95224,1.23231,1.42468,1.23231,1.42468,1.00000,0.00000,0,0.00029,-0.83150,-0.80739,-0.00436,5.06685,5.02476,8,0x00000000,1,-0.66813,-0.67277,0.00534,-1.20334,-1.20476,8,0x00000000,1,-0.67263,-0.67494,-0.00125,-0.53257,-0.57548,8,0x00000000,1,-0.70687,-0.72506,0.00391,1.86228,1.90951,8,0x00000000,1,-0.69683,-0.71587,0.00334,0.30143,0.34025,8,0x00000000,1,-0.85644,-0.81715,-0.01913,5.71753,5.78460,8,0x00000000,1
59.3558,0.10480,-0.49333,-39.32578,-0.89520,-0.49333,-0.90326,-0.48603,0.33924,0.96591,1.24250,1.45195,1.24250,1.45195,1.00000,0.00000,0,0.00034,-0.83285,-0.80941,-0.02930,5.21967,5.15496,8,0x00000000,1,-0.66775,-0.67191,0.02321,-1.20871,-1.23623,8,0x00000000,1,-0.67209,-0.67492,0.00531,-0.56003,-0.37783,8,0x00000000,1,-0.70593,-0.72468,0.00999,1.60416,1.62088,8,0x00000000,1,-0.69605,-0.71561,-0.00138,0.03504,0.22371,8,0x00000000,1,-0.85774,-0.81868,-0.01726,6.15826,6.14980,8,0x00000000,1
59.4586,0.13236,-0.52518,-39.36160,-0.86764,-0.52518,-0.88343,-0.50773,0.36473,0.98005,1.24816,1.48778,1.24816,1.48778,1.00000,0.00000,0,0.00029,-0.83446,-0.81455,-0.05507,5.14954,5.33595,8,0x00000000,1,-0.66762,-0.66880,0.06947,-0.91368,-0.94847,8,0x00000000,1,-0.67172,-0.67493,-0.00166,-0.65217,-0.65724,8,0x00000000,1,-0.70456,-0.72422,0.00590,1.30515,1.33515,8,0x00000000,1,-0.69484,-0.71518,-0.00127,-0.33053,-0.19794,8,0x00000000,1,-0.85924,-0.82027,-0.02021,6.61426,6.63930,8,0x00000000,1
59.5638,0.18182,-0.58961,-39.41018,-0.81818,-0.58961,-0.84219,-0.56145,0.38933,0.99529,1.23152,1.55674,1.23152,1.55674,1.00000,0.00000,0,0.00029,-0.83702,-0.82062,-0.06792,5.08199,5.06337,8,0x00000000,1,-0.66863,-0.66524,0.00696,-0.75715,-0.68049,8,0x00000000,1,-0.67227,-0.67492,-0.00524,-0.65756,-0.61243,8,0x00000000,1,-0.70137,-0.72350,0.00649,0.92010,0.94471,8,0x00000000,1,-0.69177,-0.71416,0.01298,-0.63032,-0.53248,8,0x00000000,1,-0.86141,-0.82212,-0.02835,7.11294,7.14197,8,0x00000000,1
59.6681,0.25101,-0.64511,-39.46150,-0.74899,-0.64511,-0.78909,-0.61261,0.41263,1.01204,1.20173,1.62465,1.20173,1.62465,1.00000,0.00000,0,0.00034,-0.83927,-0.83198,-0.08225,4.65684,4.58797,8,0x00000000,1,-0.67024,-0.66519,-0.00880,-0.58446,-0.63397,8,0x00000000,1,-0.67341,-0.67492,-0.00105,-0.60919,-0.65908,8,0x00000000,1,-0.69797,-0.72229,0.01278,0.42680,0.60331,8,0x00000000,1,-0.68840,-0.71067,0.03837,-0.92282,-0.88301,8,0x00000000,1,-0.86318,-0.82473,-0.03628,7.51207,7.44075,8,0x00000000,1
59.7715,0.35821,-0.67338,-39.40406,-0.64179,-0.67338,-0.71168,-0.65929,0.43407,1.03026,1.14576,1.68955,1.14576,1.68955,1.00000,0.00000,0,0.00028,-0.84087,-0.83534,-0.03278,4.77286,4.75153,8,0x00000000,1,-0.67307,-0.66517,0.00643,-0.28191,-0.34317,8,0x00000000,1,-0.67576,-0.67493,-0.00213,-0.41297,-0.42681,8,0x00000000,1,-0.69419,-0.72063,0.01525,-0.01583,0.17090,8,0x00000000,1,-0.68445,-0.69804,0.11983,-0.32114,-0.20720,8,0x00000000,1,-0.86416,-0.83319,-0.09327,7.33246,7.25687,8,0x00000000,1
59.8756,0.44168,-0.71008,-39.31364,-0.55832,-0.71008,-0.60345,-0.69146,0.45254,1.04953,1.05598,1.74099,1.05598,1.74099,1.00000,0.00000,0,0.00037,-0.84123,-0.83653,-0.01572,4.78305,4.69702,8,0x00000000,1,-0.67741,-0.66519,0.00230,0.12348,0.12659,8,0x00000000,1,-0.67967,-0.67494,0.00413,-0.09678,-0.24848,8,0x00000000,1,-0.69031,-0.71881,0.01191,-0.49450,-0.47978,8,0x00000000,1,-0.68014,-0.69540,0.02588,-0.85667,-0.87879,8,0x00000000,1,-0.86373,-0.84393,-0.11166,6.78697,6.67041,8,0x00000000,1
59.9777,0.51986,-0.73238,-39.22050,-0.48014,-0.73238,-0.51935,-0.72211,0.46848,1.06972,0.98782,1.79183,0.98782,1.79183,1.00000,0.00000,0,0.00141,-0.84200,-0.83724,-0.00723,4.85146,4.96955,8,0x00000000,1,-0.68075,-0.66526,-0.00061,0.52770,0.44652,8,0x00000000,1,-0.68260,-0.67496,0.00708,0.16633,0.05902,8,0x00000000,1,-0.68688,-0.71663,0.02183,-0.82637,-0.76408,8,0x00000000,1,-0.67641,-0.69153,0.07328,-0.89291,-0.93434,8,0x00000000,1,-0.86386,-0.85308,-0.03509,6.60616,6.66203,8,0x00000000,1
60.0771,0.57210,-0.73963,-39.19122,-0.42790,-0.73963,-0.45468,-0.73477,0.48226,1.09051,0.93694,1.82528,0.93694,1.82528,1.00000,0.00000,0,0.00028,-0.84238,-0.83766,-0.01025,4.91974,4.82554,8,0x00000000,1,-0.68323,-0.66584,-0.01198,0.76964,0.66733,8,0x00000000,1,-0.68481,-0.67500,0.00018,0.37648,0.35802,8,0x00000000,1,-0.68450,-0.71509,0.01209,-1.32784,-1.40877,8,0x00000000,1,-0.67380,-0.68617,0.02564,-0.99994,-0.96972,8,0x00000000,1,-0.86378,-0.85556,-0.00945,6.59877,6.67282,8,0x00000000,1
60.1776,0.60337,-0.73945,-39.15298,-0.39663,-0.73945,-0.41740,-0.74090,0.49466,1.11156,0.91206,1.85246,0.91206,1.85246,1.00000,0.00000,0,0.00031,-0.84302,-0.83817,-0.01062,4.98305,4.99072,8,0x00000000,1,-0.68448,-0.66701,-0.01914,0.93317,1.00515,8,0x00000000,1,-0.68585,-0.67514,-0.00067,0.52383,0.54220,8,0x00000000,1,-0.68289,-0.71355,0.01052,-1.71781,-1.63347,8,0x00000000,1,-0.67211,-0.68322,0.05436,-0.93835,-1.00076,8,0x00000000,1,-0.86415,-0.85654,-0.00765,6.67262,6.66517,8,0x00000000,1
60.2797,0.69365,-0.71896,-39.07587,-0.30635,-0.71896,-0.35030,-0.72400,0.50573,1.13244,0.85604,1.85644,0.85604,1.85644,1.00000,0.00000,0,0.00088,-0.84207,-0.83846,-0.00773,4.96137,4.90693,8,0x00000000,1,-0.68710,-0.66923,-0.05141,1.14204,1.11052,8,0x00000000,1,-0.68838,-0.67537,-0.00100,0.79638,0.87418,8,0x00000000,1,-0.68164,-0.71177,0.00741,-2.01609,-1.97474,8,0x00000000,1,-0.67049,-0.67183,-0.00065,-0.43393,-0.45168,8,0x00000000,1,-0.86283,-0.85697,0.00224,6.64996,6.60334,8,0x00000000,1
60.3798,0.70618,-0.70933,-39.08915,-0.29382,-0.70933,-0.30818,-0.71087,0.51496,1.15285,0.82314,1.86372,0.82314,1.86372,1.00000,0.00000,0,0.00041,-0.84171,-0.83874,-0.00789,4.90102,4.90522,8,0x00000000,1,-0.68865,-0.67253,-0.02580,1.25482,1.24766,8,0x00000000,1,-0.68985,-0.67565,-0.00248,1.05776,1.00587,8,0x00000000,1,-0.68069,-0.70920,0.02565,-2.16362,-2.12880,8,0x00000000,1,-0.66935,-0.67067,0.01641,-0.46244,-0.40280,8,0x00000000,1,-0.86224,-0.85716,0.00010,6.69021,6.58173,8,0x00000000,1
60.4792,0.75062,-0.68597,-39.08662,-0.24938,-0.68597,-0.27467,-0.69995,0.52323,1.17298,0.79790,1.87293,0.79790,1.87293,1.00000,0.00000,0,0.00030,-0.84159,-0.83890,0.00921,4.98645,4.94124,8,0x00000000,1,-0.68986,-0.67360,-0.00370,1.48819,1.53852,8,0x00000000,1,-0.69096,-0.67585,-0.00900,1.26117,1.27960,8,0x00000000,1,-0.67982,-0.70118,0.15186,-1.63893,-1.63109,8,0x00000000,1,-0.66834,-0.66684,0.06736,-0.12771,-0.30839,8,0x00000000,1,-0.86192,-0.85741,-0.00217,6.71554,6.77479,8,0x00000000,1
60.5836,0.91474,-0.58036,-39.21727,-0.08526,-0.58036,-0.16380,-0.64090,0.52968,1.19227,0.69349,1.83317,0.69349,1.83317,1.00000,0.00000,0,0.00231,-0.83782,-0.83895,0.00131,4.78784,4.65951,8,0x00000000,1,-0.69456,-0.67529,-0.03101,1.80730,1.77457,8,0x00000000,1,-0.69583,-0.67628,-0.01776,1.73175,1.74715,8,0x00000000,1,-0.67943,-0.67948,0.04020,-0.70524,-0.68191,8,0x00000000,1,-0.66712,-0.66444,0.00934,-0.24169,-0.18290,8,0x00000000,1,-0.85767,-0.85754,0.00367,6.49787,6.44211,8,0x00000000,1
60.6842,0.93922,-0.58174,-39.21748,-0.06078,-0.58174,-0.08868,-0.59951,0.53304,1.20976,0.62172,1.80927,0.62172,1.80927,1.00000,0.00000,0,0.00043,-0.83538,-0.83892,-0.00540,4.55319,4.50438,8,0x00000000,1,-0.69781,-0.67740,-0.01635,2.21122,2.09703,8,0x00000000,1,-0.69916,-0.67710,-0.00583,2.21760,2.25569,8,0x00000000,1,-0.67903,-0.67768,0.01884,-0.64494,-0.58276,8,0x00000000,1,-0.66616,-0.66426,0.00875,-0.24164,-0.37955,8,0x00000000,1,-0.85488,-0.85755,0.00435,6.25050,6.31424,8,0x00000000,1
60.7858,0.94849,-0.57321,-39.21808,-0.05151,-0.57321,-0.06397,-0.58229,0.53520,1.22657,0.59916,1.80886,0.59916,1.80886,1.00000,0.00000,0,0.00058,-0.83491,-0.83894,-0.01184,4.44308,4.58352,8,0x00000000,1,-0.69885,-0.67847,-0.00612,2.48047,2.46599,8,0x00000000,1,-0.70018,-0.67751,0.00093,2.52476,2.56300,8,0x00000000,1,-0.67860,-0.67672,0.00515,-0.60433,-0.62506,8,0x00000000,1,-0.66558,-0.66412,0.00409,-0.21704,-0.27935,8,0x00000000,1,-0.85428,-0.85757,0.00379,6.18708,6.10408,8,0x00000000,1
60.8905,0.95439,-0.57243,-39.21452,-0.04561,-0.57243,-0.05094,-0.57491,0.53681,1.24305,0.58775,1.81796,0.58775,1.81796,1.00000,0.00000,0,0.00041,-0.83506,-0.83892,-0.00639,4.42870,4.44167,8,0x00000000,1,-0.69941,-0.67945,-0.01129,2.65629,2.56790,8,0x00000000,1,-0.70067,-0.67814,-0.00420,2.75087,2.66804,8,0x00000000,1,-0.67801,-0.67627,0.01609,-0.60169,-0.57347,8,0x00000000,1,-0.66494,-0.66403,-0.00408,-0.26925,-0.25562,8,0x00000000,1,-0.85432,-0.85759,-0.00401,6.15082,6.18234,8,0x00000000,1
60.9908,0.95123,-0.56424,-39.21155,-0.04877,-0.56424,-0.04931,-0.56839,0.53824,1.25935,0.58755,1.82774,0.58755,1.82774,1.00000,0.00000,0,0.00088,-0.83547,-0.83888,0.00278,4.43489,4.55543,8,0x00000000,1,-0.69946,-0.68078,-0.01821,2.78636,2.74096,8,0x00000000,1,-0.70065,-0.67879,-0.00214,2.98972,3.03602,8,0x00000000,1,-0.67760,-0.67592,0.00152,-0.60878,-0.63882,8,0x00000000,1,-0.66456,-0.66399,0.00101,-0.28162,-0.28933,8,0x00000000,1,-0.85468,-0.85758,0.00003,6.15698,6.09243,8,0x00000000,1
61.0913,0.95693,-0.55718,-39.21260,-0.04307,-0.55718,-0.04538,-0.56031,0.53958,1.27542,0.58496,1.83573,0.58496,1.83573,1.00000,0.00000,0,0.00033,-0.83575,-0.83891,-0.00588,4.39354,4.33188,8,0x00000000,1,-0.69961,-0.68224,-0.01734,2.91773,2.94639,8,0x00000000,1,-0.70074,-0.67972,-0.00739,3.17318,3.24718,8,0x00000000,1,-0.67722,-0.67567,0.00876,-0.56394,-0.68553,8,0x00000000,1,-0.66419,-0.66397,-0.00787,-0.27882,-0.28497,8,0x00000000,1,-0.85492,-0.85758,0.00693,6.10653,6.15348,8,0x00000000,1
61.1943,0.95925,-0.54250,-39.20563,-0.04075,-0.54250,-0.04208,-0.54934,0.54083,1.29123,0.58291,1.84057,0.58291,1.84057,1.00000,0.00000,0,0.00096,-0.83591,-0.83892,-0.00972,4.42115,4.47800,8,0x00000000,1,-0.69972,-0.68351,-0.01660,3.04959,2.95148,8,0x00000000,1,-0.70082,-0.68063,-0.01183,3.37821,3.32144,8,0x00000000,1,-0.67697,-0.67552,0.00121,-0.59736,-0.46244,8,0x00000000,1,-0.66395,-0.66395,-0.00204,-0.29810,-0.40012,8,0x00000000,1,-0.85505,-0.85760,-0.00358,6.08824,6.04424,8,0x00000000,1
61.2942,0.96021,-0.53344,-39.20174,-0.03979,-0.53344,-0.04054,-0.53859,0.54200,1.30672,0.58255,1.84530,0.58255,1.84530,1.00000,0.00000,0,0.00028,-0.83610,-0.83889,0.00206,4.34922,4.37162,8,0x00000000,1,-0.69976,-0.68466,-0.00507,3.17314,3.18058,8,0x00000000,1,-0.70082,-0.68173,-0.02064,3.51693,3.70662,8,0x00000000,1,-0.67677,-0.67543,-0.00842,-0.56453,-0.57310,8,0x00000000,1,-0.66376,-0.66394,0.00181,-0.29027,-0.30508,8,0x00000000,1,-0.85522,-0.85760,-0.00044,6.07971,6.04250,8,0x00000000,1
61.3954,0.95817,-0.52209,-39.20593,-0.04183,-0.52209,-0.04097,-0.52811,0.54315,1.32192,0.58412,1.85003,0.58412,1.85003,1.00000,0.00000,0,0.00039,-0.83633,-0.83888,0.00237,4.34279,4.27703,8,0x00000000,1,-0.69970,-0.68564,-0.00785,3.29185,3.06954,8,0x00000000,1,-0.70073,-0.68295,-0.01021,3.68527,3.79852,8,0x00000000,1,-0.67661,-0.67530,0.00549,-0.53800,-0.50093,8,0x00000000,1,-0.66362,-0.66386,-0.00202,-0.32820,-0.35141,8,0x00000000,1,-0.85544,-0.85760,-0.00325,6.05641,6.04592,8,0x00000000,1
61.5002,0.95897,-0.50993,-39.19532,-0.04103,-0.50993,-0.04120,-0.51649,0.54433,1.33679,0.58553,1.85328,0.58553,1.85328,1.00000,0.00000,0,0.00045,-0.83650,-0.83890,-0.00342,4.32284,4.41084,8,0x00000000,1,-0.69965,-0.68664,-0.01325,3.38851,3.52090,8,0x00000000,1,-0.70066,-0.68407,-0.01309,3.78854,3.71490,8,0x00000000,1,-0.67650,-0.67522,-0.00271,-0.50465,-0.45848,8,0x00000000,1,-0.66353,-0.66384,-0.00692,-0.34231,-0.25487,8,0x00000000,1,-0.85560,-0.85760,-0.00189,6.01358,6.14272,8,0x00000000,1
61.6044,0.95864,-0.49513,-39.21098,-0.04136,-0.49513,-0.04049,-0.50279,0.54549,1.35132,0.58598,1.85411,0.58598,1.85411,1.00000,0.00000,0,0.00250,-0.83654,-0.83892,-0.01581,4.27519,4.38516,8,0x00000000,1,-0.69963,-0.68770,-0.00881,3.46516,3.47547,8,0x00000000,1,-0.70064,-0.68594,-0.01613,3.87542,4.13047,8,0x00000000,1,-0.67647,-0.67515,0.01185,-0.49973,-0.50419,8,0x00000000,1,-0.66351,-0.66382,-0.00436,-0.32854,-0.35441,8,0x00000000,1,-0.85564,-0.85757,0.00989,6.04226,6.09516,8,0x00000000,1
61.7042,0.95862,-0.47787,-39.21513,0.95862,-0.47787,0.46794,-0.48691,0.59376,1.36542,0.12582,1.85233,0.12582,1.85233,0.00000,0.00000,0,0.00024,-0.82720,-0.83874,-0.01957,3.71735,3.66342,8,0x00000000,1,-0.72101,-0.69063,-0.16350,4.14328,4.39580,8,0x00000000,1,-0.72153,-0.69172,-0.23866,4.18176,3.89922,8,0x00000000,1,-0.66757,-0.67498,0.01808,-0.92815,-0.68550,8,0x00000000,1,-0.65157,-0.66334,0.04845,-0.84737,-0.73093,8,0x00000000,1,-0.84350,-0.85757,-0.00833,5.30563,5.25634,8,0x00000000,1
61.8052,1.22448,0.20459,-39.45065,1.22448,0.20459,1.01171,-0.12586,0.57155,1.37549,-0.44015,1.50136,-0.44015,1.50136,0.00000,0.00000,0,0.00035,-0.80110,-0.83765,0.01495,1.65255,1.87319,8,0x00000000,1,-0.74595,-0.72607,-0.22772,4.32607,4.08143,8,0x00000000,1,-0.74850,-0.74448,-0.46895,2.47832,2.33902,8,0x00000000,1,-0.67101,-0.65193,-0.00937,0.53820,0.34686,8,0x00000000,1,-0.65024,-0.65478,0.01002,-0.90737,-0.88538,8,0x00000000,1,-0.81541,-0.85728,-0.00691,2.90179,2.96253,8,0x00000000,1
61.9078,1.24435,0.53212,-39.35630,1.24435,0.53212,1.19547,0.34325,0.53933,1.37137,-0.65613,1.02812,-0.65613,1.02812,0.00000,0.00000,0,0.00050,-0.77699,-0.83302,0.10763,-0.01651,-0.21094,8,0x00000000,1,-0.75409,-0.75143,-0.06191,3.34189,3.37636,8,0x00000000,1,-0.76006,-0.76041,-0.02516,3.32408,3.07996,8,0x00000000,1,-0.68636,-0.65390,-0.01406,2.03965,1.95495,8,0x00000000,1,-0.66271,-0.65514,-0.01219,0.15758,0.09546,8,0x00000000,1,-0.79185,-0.85663,-0.01115,0.64879,0.69056,8,0x00000000,1
62.0110,1.22721,0.56330,-39.34479,1.22721,0.56330,1.22742,0.51271,0.50469,1.35852,-0.72273,0.84580,-0.72273,0.84580,0.00000,0.00000,0,0.00086,-0.76805,-0.81571,0.34446,0.52592,0.23038,8,0x00000000,1,-0.75645,-0.75369,-0.00686,3.46174,3.42878,8,0x00000000,1,-0.76377,-0.76198,-0.02601,3.32076,3.49102,8,0x00000000,1,-0.69261,-0.65652,-0.02317,2.60203,2.44053,8,0x00000000,1,-0.66794,-0.65556,0.00485,0.62567,0.60741,8,0x00000000,1,-0.78320,-0.85628,-0.00146,-0.49615,-0.43178,8,0x00000000,1
62.1141,1.18549,0.61684,-39.27075,1.18549,0.61684,1.19844,0.58629,0.47008,1.34277,-0.72836,0.75648,-0.72836,0.75648,0.00000,0.00000,0,0.00101,-0.76422,-0.80439,0.04086,-0.13847,-0.21616,8,0x00000000,1,-0.75635,-0.75406,0.00214,3.44806,3.46424,8,0x00000000,1,-0.76436,-0.76346,-0.00967,3.26970,3.31921,8,0x00000000,1,-0.69620,-0.65878,-0.02988,3.05238,3.08573,8,0x00000000,1,-0.67120,-0.65586,-0.00304,0.91044,0.84921,8,0x00000000,1,-0.77966,-0.85581,0.01490,-1.45052,-1.41388,8,0x00000000,1
62.2136,1.17430,0.63537,-39.26478,1.17430,0.63537,1.18200,0.62001,0.43619,1.32552,-0.74581,0.70551,-0.74581,0.70551,0.00000,0.00000,0,0.00028,-0.76175,-0.80180,0.01394,-0.67434,-0.49956,8,0x00000000,1,-0.75696,-0.75427,-0.00579,3.47026,3.35009,8,0x00000000,1,-0.76534,-0.76507,-0.01981,3.22253,3.22339,8,0x00000000,1,-0.69797,-0.66128,-0.01682,3.48587,3.50069,8,0x00000000,1,-0.67270,-0.65620,0.00245,1.14304,1.14918,8,0x00000000,1,-0.77727,-0.85519,0.01325,-2.35455,-2.42240,8,0x00000000,1
62.3142,1.16070,0.65997,-39.25956,1.16070,0.65997,1.16990,0.64500,0.40267,1.30747,-0.76723,0.66247,-0.76723,0.66247,0.00000,0.00000,0,0.00029,-0.75952,-0.79871,0.02136,-1.00793,-0.98741,8,0x00000000,1,-0.75777,-0.75446,0.00307,3.57202,3.62947,8,0x00000000,1,-0.76648,-0.76710,-0.01881,3.15817,3.11004,8,0x00000000,1,-0.69933,-0.66355,-0.02043,3.79914,3.90441,8,0x00000000,1,-0.67378,-0.65661,0.00269,1.38254,1.38536,8,0x00000000,1,-0.77508,-0.85144,0.08792,-2.99838,-2.85925,8,0x00000000,1
62.4172,1.13501,0.70245,-39.25267,1.13501,0.70245,1.15316,0.67546,0.36955,1.28867,-0.78361,0.61322,-0.78361,0.61322,0.00000,0.00000,0,0.00033,-0.75715,-0.79543,0.03700,-1.40297,-1.42265,8,0x00000000,1,-0.75833,-0.75467,0.01079,3.65242,3.57595,8,0x00000000,1,-0.76742,-0.76943,-0.02472,3.02590,3.10596,8,0x00000000,1,-0.70106,-0.66618,-0.03000,4.15964,4.27021,8,0x00000000,1,-0.67524,-0.65735,-0.01571,1.57628,1.69715,8,0x00000000,1,-0.77279,-0.83887,0.35761,-2.48816,-2.55844,8,0x00000000,1
62.5225,0.95785,0.77296,-39.36491,0.95785,0.77296,1.03269,0.74822,0.33824,1.26821,-0.69445,0.52000,-0.69445,0.52000,0.00000,0.00000,0,0.00220,-0.75506,-0.78999,0.08972,-1.60338,-1.59485,8,0x00000000,1,-0.75384,-0.75478,-0.00534,3.27710,3.08914,8,0x00000000,1,-0.76367,-0.77098,-0.00091,2.64071,2.67985,8,0x00000000,1,-0.70669,-0.67396,-0.14191,4.22560,4.23362,8,0x00000000,1,-0.68110,-0.65968,-0.01970,2.15874,2.03383,8,0x00000000,1,-0.77158,-0.81531,0.01632,-2.64214,-2.69004,8,0x00000000,1
62.6224,0.85480,0.82347,-39.21954,0.85480,0.82347,0.92290,0.80047,0.31043,1.24607,-0.61247,0.44560,-0.61247,0.44560,0.00000,0.00000,0,0.00031,-0.75362,-0.76876,0.35543,0.29430,-0.20696,8,0x00000000,1,-0.74976,-0.75475,-0.00086,3.02555,3.06817,8,0x00000000,1,-0.76018,-0.77098,0.00075,2.28017,2.36715,8,0x00000000,1,-0.71140,-0.68146,-0.05258,4.59780,4.64055,8,0x00000000,1,-0.68607,-0.66131,-0.00920,2.61938,2.48973,8,0x00000000,1,-0.77090,-0.81361,0.02554,-3.10513,-3.17391,8,0x00000000,1
62.7232,0.73937,0.89369,-39.09121,0.73937,0.89369,0.79042,0.87731,0.28630,1.22203,-0.50412,0.34472,-0.50412,0.34472,0.00000,0.00000,0,0.00028,-0.75160,-0.75835,0.00894,-0.34439,-0.30641,8,0x00000000,1,-0.74436,-0.75472,0.00498,2.52092,2.42016,8,0x00000000,1,-0.75556,-0.77079,0.00320,1.85215,1.83397,8,0x00000000,1,-0.71773,-0.68671,-0.04736,5.10803,5.09423,8,0x00000000,1,-0.69272,-0.66345,-0.02725,3.25018,3.39379,8,0x00000000,1,-0.76991,-0.81093,0.03955,-3.45967,-3.35781,8,0x00000000,1
62.8265,0.62852,0.91045,-39.09282,0.62852,0.91045,0.69379,0.89635,0.26525,1.19673,-0.42854,0.30038,-0.42854,0.30038,0.00000,0.00000,0,0.00069,-0.75127,-0.75767,0.00755,-0.35520,-0.40909,8,0x00000000,1,-0.74070,-0.75468,0.00879,2.14813,2.07027,8,0x00000000,1,-0.75225,-0.77060,0.00135,1.46214,1.41822,8,0x00000000,1,-0.72106,-0.69557,-0.11708,4.78190,4.87209,8,0x00000000,1,-0.69637,-0.66545,-0.03099,3.62709,3.60680,8,0x00000000,1,-0.77020,-0.79995,0.24910,-2.47662,-2.47421,8,0x00000000,1
62.9277,0.35005,0.89536,-39.12337,0.35005,0.89536,0.49075,0.91146,0.24814,1.17082,-0.24261,0.25936,-0.24261,0.25936,0.00000,0.00000,0,0.00037,-0.75329,-0.75734,-0.00826,-0.29429,-0.36312,8,0x00000000,1,-0.73197,-0.75461,0.00704,1.20441,1.28453,8,0x00000000,1,-0.74386,-0.77003,0.00830,0.71910,0.88593,8,0x00000000,1,-0.72644,-0.71711,-0.14085,3.85815,3.88891,8,0x00000000,1,-0.70276,-0.67186,-0.09173,3.84704,3.94929,8,0x00000000,1,-0.77352,-0.78216,0.00080,-2.05289,-1.89718,8,0x00000000,1
63.0281,0.28141,0.86216,-39.10353,0.28141,0.86216,0.33697,0.87640,0.23678,1.14537,-0.10019,0.26897,-0.10019,0.26897,0.00000,0.00000,0,0.00026,-0.75655,-0.75745,-0.00479,-0.05697,-0.12292,8,0x00000000,1,-0.72545,-0.75386,0.01742,0.69416,0.66549,8,0x00000000,1,-0.73728,-0.76831,0.03240,0.07439,0.17866,8,0x00000000,1,-0.72885,-0.72177,-0.01394,4.19353,4.11591,8,0x00000000,1,-0.70609,-0.67908,-0.11360,3.90011,3.81109,8,0x00000000,1,-0.77762,-0.78210,0.00380,-1.76988,-1.77567,8,0x00000000,1
63.1334,0.19366,0.80656,-39.16980,0.19366,0.80656,0.24048,0.83493,0.22866,1.12095,-0.01182,0.28602,-0.01182,0.28602,0.00000,0.00000,0,0.00042,-0.75903,-0.75753,0.00166,0.13386,0.02438,8,0x00000000,1,-0.72144,-0.75270,0.01897,0.23906,0.24600,8,0x00000000,1,-0.73317,-0.76062,0.15357,0.30353,0.15266,8,0x00000000,1,-0.72988,-0.72299,-0.00410,4.25423,4.30013,8,0x00000000,1,-0.70774,-0.69067,-0.06304,3.60280,3.56664,8,0x00000000,1,-0.78058,-0.78212,0.00390,-1.68658,-1.66768,8,0x00000000,1
63.2338,0.14467,0.75693,-39.18172,0.14467,0.75693,0.16810,0.77715,0.22301,1.09811,0.05491,0.32096,0.05491,0.32096,0.00000,0.00000,0,0.00053,-0.76182,-0.75778,-0.00315,0.32478,0.44133,8,0x00000000,1,-0.71850,-0.75105,0.01027,-0.28207,-0.18773,8,0x00000000,1,-0.72998,-0.75676,0.01167,-0.33652,-0.24861,8,0x00000000,1,-0.72973,-0.72369,-0.01168,4.21816,4.15198,8,0x00000000,1,-0.70814,-0.69597,-0.03975,3.47280,3.34641,8,0x00000000,1,-0.78366,-0.78214,0.00144,-1.42771,-1.45361,8,0x00000000,1
63.3373,0.11891,0.72752,-39.16637,0.11891,0.72752,0.13165,0.74412,0.21881,1.07647,0.08716,0.33236,0.08716,0.33236,0.00000,0.00000,0,0.00029,-0.76294,-0.75797,-0.01008,0.37695,0.41012,8,0x00000000,1,-0.71706,-0.74933,0.01790,-0.62491,-0.50069,8,0x00000000,1,-0.72846,-0.75434,0.01659,-0.58381,-0.50306,8,0x00000000,1,-0.72989,-0.72424,-0.00041,4.33418,4.41146,8,0x00000000,1,-0.70855,-0.69778,-0.00319,3.63328,3.51561,8,0x00000000,1,-0.78494,-0.78219,-0.00365,-1.37422,-1.46783,8,0x00000000,1
63.4394,0.10564,0.70778,-39.15553,0.10564,0.70778,0.11299,0.71924,0.21536,1.05566,0.10236,0.33642,0.10236,0.33642,0.00000,0.00000,0,0.00122,-0.76341,-0.75816,-0.00181,0.46393,0.31029,8,0x00000000,1,-0.71637,-0.74794,0.00689,-0.95998,-0.89313,8,0x00000000,1,-0.72775,-0.75216,0.02252,-0.76125,-0.69485,8,0x00000000,1,-0.73002,-0.72478,0.00692,4.36816,4.20695,8,0x00000000,1,-0.70879,-0.69867,-0.01494,3.69349,3.88436,8,0x00000000,1,-0.78549,-0.78219,0.00340,-1.32554,-1.37852,8,0x00000000,1
63.5411,0.09699,0.69217,-39.14935,0.09699,0.69217,0.10240,0.70107,0.21230,1.03544,0.10990,0.33436,0.10990,0.33436,0.00000,0.00000,0,0.00039,-0.76348,-0.75825,0.00575,0.49956,0.50215,8,0x00000000,1,-0.71602,-0.74666,0.01637,-1.26565,-1.24849,8,0x00000000,1,-0.72741,-0.75002,0.02142,-0.92147,-0.78449,8,0x00000000,1,-0.73026,-0.72531,0.00880,4.43230,4.34273,8,0x00000000,1,-0.70906,-0.69953,-0.00511,3.83909,3.84663,8,0x00000000,1,-0.78561,-0.78219,0.00780,-1.27121,-1.22923,8,0x00000000,1
63.6443,0.08576,0.67992,-39.13736,0.08576,0.67992,0.09275,0.68688,0.20951,1.01568,0.11676,0.32880,0.11676,0.32880,0.00000,0.00000,0,0.00028,-0.76338,-0.75835,-0.00529,0.58583,0.39747,8,0x00000000,1,-0.71568,-0.74501,0.02510,-1.50656,-1.51988,8,0x00000000,1,-0.72712,-0.74827,0.02331,-1.08560,-1.06799,8,0x00000000,1,-0.73063,-0.72570,-0.00468,4.43783,4.36180,8,0x00000000,1,-0.70945,-0.70050,-0.00889,3.87322,3.87966,8,0x00000000,1,-0.78558,-0.78223,-0.00227,-1.25388,-1.18639,8,0x00000000,1
63.7447,0.07330,0.65674,-39.13940,0.07330,0.65674,0.08074,0.67121,0.20704,0.99631,0.12631,0.32511,0.12631,0.32511,0.00000,0.00000,0,0.00031,-0.76342,-0.75844,-0.00220,0.63381,0.59547,8,0x00000000,1,-0.71522,-0.74215,0.05647,-1.60882,-1.65174,8,0x00000000,1,-0.72669,-0.74620,0.02380,-1.22252,-1.26695,8,0x00000000,1,-0.73097,-0.72608,-0.01090,4.50541,4.52956,8,0x00000000,1,-0.70984,-0.70200,-0.02035,3.89229,3.94629,8,0x00000000,1,-0.78569,-0.78224,-0.00148,-1.21577,-1.12910,8,0x00000000,1
63.8482,0.03566,0.49485,-39.20209,0.03566,0.49485,0.05743,0.59551,0.20503,0.97797,0.14760,0.38246,0.14760,0.38246,0.00000,0.00000,0,0.00175,-0.76623,-0.75865,-0.00199,0.82832,0.69387,8,0x00000000,1,-0.71446,-0.71976,0.20353,0.04232,-0.04871,8,0x00000000,1,-0.72552,-0.73671,0.21818,-0.29541,-0.60710,8,0x00000000,1,-0.72900,-0.72647,-0.00096,4.45244,4.42576,8,0x00000000,1,-0.70821,-0.70659,-0.07985,3.38198,3.30512,8,0x00000000,1,-0.78843,-0.78232,-0.00399,-1.03532,-1.27959,8,0x00000000,1
63.9517,-0.00820,0.36405,-39.23151,-0.00820,0.36405,0.01306,0.43212,0.20411,0.96382,0.19104,0.53169,0.19104,0.53169,0.00000,0.00000,16,0.00084,-0.77332,-0.76031,-0.02076,1.36993,1.45439,8,0x00000000,1,-0.71301,-0.71772,0.01488,-0.55716,-0.43833,8,0x00000000,1,-0.72302,-0.72804,0.22903,0.03903,-0.36877,8,0x00000000,1,-0.72364,-0.72642,-0.00090,4.00799,3.92453,8,0x00000000,1,-0.70365,-0.71148,-0.00780,2.80794,2.70672,8,0x00000000,1,-0.79522,-0.78281,-0.00794,-0.40837,-0.47867,8,0x00000000,1
64.0542,-0.03713,0.27217,-39.16266,-0.03713,0.27217,-0.02460,0.31175,0.20421,0.95344,0.22882,0.64169,0.22882,0.64169,0.00000,0.00000,0,0.00175,-0.77866,-0.76200,-0.02471,1.79139,1.76401,8,0x00000000,1,-0.71168,-0.71596,0.00602,-0.61086,-0.46634,8,0x00000000,1,-0.72092,-0.71588,0.00557,0.07528,0.08139,8,0x00000000,1,-0.71980,-0.72635,0.00160,3.69675,3.78071,8,0x00000000,1,-0.70044,-0.71167,0.00258,2.51348,2.39533,8,0x00000000,1,-0.80038,-0.78322,-0.00323,0.11734,0.10794,8,0x00000000,1
64.1554,-0.04069,0.25140,-39.16013,-0.04069,0.25140,-0.03383,0.26661,0.20503,0.94532,0.23886,0.67871,0.23886,0.67871,0.00000,0.00000,0,0.00038,-0.78041,-0.76303,-0.00106,2.05228,2.02503,8,0x00000000,1,-0.71136,-0.71488,0.01193,-0.56570,-0.62281,8,0x00000000,1,-0.72034,-0.71563,0.00284,0.12513,0.16491,8,0x00000000,1,-0.71846,-0.72631,-0.00422,3.57724,3.58851,8,0x00000000,1,-0.69929,-0.71165,0.00193,2.34289,2.37784,8,0x00000000,1,-0.80205,-0.78344,-0.00460,0.37084,0.36274,8,0x00000000,1
64.2541,-0.03399,0.24724,-39.17448,-0.03399,0.24724,-0.03328,0.25221,0.20598,0.93797,0.23927,0.68576,0.23927,0.68576,0.00000,0.00000,0,0.00029,-0.78071,-0.76382,-0.01220,2.19377,2.16907,8,0x00000000,1,-0.71136,-0.71454,-0.00660,-0.63109,-0.60106,8,0x00000000,1,-0.72029,-0.71561,0.00001,0.19482,0.18108,8,0x00000000,1,-0.71817,-0.72625,-0.00010,3.46793,3.35294,8,0x00000000,1,-0.69903,-0.71166,-0.00811,2.15845,2.15336,8,0x00000000,1,-0.80233,-0.78358,0.00629,0.59707,0.42561,8,0x00000000,1
64.3549,-0.02777,0.24397,-39.18296,-0.02777,0.24397,-0.03051,0.24618,0.20690,0.93088,0.23740,0.68470,0.23740,0.68470,0.00000,0.00000,0,0.00033,-0.78063,-0.76461,-0.00821,2.31061,2.18519,8,0x00000000,1,-0.71145,-0.71426,0.00184,-0.60233,-0.45637,8,0x00000000,1,-0.72038,-0.71562,0.00414,0.26334,0.22671,8,0x00000000,1,-0.71818,-0.72620,-0.00214,3.40231,3.36661,8,0x00000000,1,-0.69903,-0.71165,-0.00187,2.00832,2.07874,8,0x00000000,1,-0.80224,-0.78380,-0.00205,0.78265,0.73956,8,0x00000000,1
64.4552,-0.02829,0.23944,-39.17669,-0.02829,0.23944,-0.02716,0.24198,0.20770,0.92393,0.23487,0.68195,0.23487,0.68195,0.00000,0.00000,0,0.00038,-0.78046,-0.76543,-0.00572,2.45061,2.35954,8,0x00000000,1,-0.71155,-0.71405,0.00087,-0.62801,-0.62018,8,0x00000000,1,-0.72051,-0.71562,0.00346,0.33046,0.14235,8,0x00000000,1,-0.71825,-0.72615,0.00250,3.32574,3.45879,8,0x00000000,1,-0.69907,-0.71161,-0.00818,1.85848,1.78848,8,0x00000000,1,-0.80207,-0.78408,-0.00360,0.94791,0.90699,8,0x00000000,1
64.5565,-0.02711,0.23733,-39.18208,-0.02711,0.23733,-0.02816,0.23916,0.20849,0.91707,0.23666,0.67792,0.23666,0.67792,0.00000,0.00000,0,0.00038,-0.78033,-0.76635,-0.00779,2.51976,2.57981,8,0x00000000,1,-0.71146,-0.71381,0.00512,-0.64893,-0.56986,8,0x00000000,1,-0.72044,-0.71563,0.00379,0.37367,0.30697,8,0x00000000,1,-0.71845,-0.72613,-0.00749,3.21661,3.33145,8,0x00000000,1,-0.69927,-0.71153,0.00105,1.73630,1.79399,8,0x00000000,1,-0.80196,-0.78426,0.00632,1.18004,1.19236,8,0x00000000,1
64.6599,-0.02290,0.23732,-39.18664,-0.02290,0.23732,-0.02475,0.23730,0.20924,0.91029,0.23399,0.67298,0.23399,0.67298,0.00000,0.00000,0,0.00255,-0.78007,-0.76733,-0.00830,2.62762,2.68954,8,0x00000000,1,-0.71156,-0.71352,0.00035,-0.66416,-0.60400,8,0x00000000,1,-0.72058,-0.71565,-0.00725,0.42979,0.39481,8,0x00000000,1,-0.71860,-0.72607,-0.00282,3.18577,3.11187,8,0x00000000,1,-0.69938,-0.71150,-0.00324,1.60296,1.62575,8,0x00000000,1,-0.80171,-0.78445,0.00010,1.33779,1.32245,8,0x00000000,1
64.7626,-0.05645,0.04447,-39.23777,-1.05645,0.04447,-0.81176,0.18983,0.17222,0.90372,0.98398,0.71390,0.98398,0.71390,1.00000,0.00000,0,0.00088,-0.79678,-0.77501,-0.11415,3.35784,3.38885,8,0x00000000,1,-0.67711,-0.67836,0.61701,0.47301,0.30562,8,0x00000000,1,-0.68615,-0.70517,0.18215,-1.37871,-1.33713,8,0x00000000,1,-0.73160,-0.72645,-0.00517,4.32453,4.48721,8,0x00000000,1,-0.71741,-0.71364,-0.08194,2.84657,3.05879,8,0x00000000,1,-0.82301,-0.78865,-0.07275,2.93515,2.86498,8,0x00000000,1
64.8643,-0.01872,-0.16771,-39.37420,-1.01872,-0.16771,-0.97772,-0.07253,0.19867,0.90291,1.17639,0.97543,1.17639,0.97543,1.00000,0.00000,0,0.00024,-0.81156,-0.78652,-0.07393,3.87412,3.86641,8,0x00000000,1,-0.66915,-0.67461,0.00207,-1.10266,-1.00310,8,0x00000000,1,-0.67655,-0.69806,0.10518,-1.45517,-1.36793,8,0x00000000,1,-0.72446,-0.72629,0.00337,3.46502,3.43015,8,0x00000000,1,-0.71249,-0.71596,-0.00713,2.08216,2.04740,8,0x00000000,1,-0.83798,-0.79504,-0.06603,3.81223,3.80637,8,0x00000000,1
64.9659,-0.00977,-0.40710,-39.26670,-1.00977,-0.40710,-1.00543,-0.28457,0.22729,0.90779,1.23272,1.19236,1.23272,1.19236,1.00000,0.00000,0,0.00039,-0.82177,-0.79863,-0.08882,3.95286,3.92761,8,0x00000000,1,-0.66730,-0.67387,-0.00227,-1.18041,-1.24581,8,0x00000000,1,-0.67332,-0.67526,0.00078,-0.47039,-0.50591,8,0x00000000,1,-0.71653,-0.72599,-0.00118,2.83831,2.80391,8,0x00000000,1,-0.70569,-0.71593,0.00044,1.45242,1.60518,8,0x00000000,1,-0.84767,-0.80680,-0.18688,3.80998,3.73913,8,0x00000000,1
65.0668,0.09977,-0.46773,-39.28255,-0.90023,-0.46773,-0.94865,-0.41718,0.25532,0.91818,1.20397,1.33536,1.20397,1.33536,1.00000,0.00000,0,0.00031,-0.82719,-0.80383,-0.02145,4.38616,4.32148,8,0x00000000,1,-0.66913,-0.67380,0.00161,-1.06322,-1.00964,8,0x00000000,1,-0.67420,-0.67515,0.00161,-0.36371,-0.44866,8,0x00000000,1,-0.71003,-0.72551,-0.00080,2.30797,2.44082,8,0x00000000,1,-0.69949,-0.71577,0.00342,0.94001,1.01526,8,0x00000000,1,-0.85232,-0.81355,-0.03672,4.45344,4.35902,8,0x00000000,1
65.1695,0.10264,-0.48153,-39.30131,-0.89736,-0.48153,-0.91700,-0.46484,0.28183,0.93089,1.19884,1.39573,1.19884,1.39573,1.00000,0.00000,0,0.00037,-0.82961,-0.80555,-0.03732,4.57703,4.68060,8,0x00000000,1,-0.66958,-0.67380,0.00157,-1.11981,-1.10673,8,0x00000000,1,-0.67424,-0.67518,-0.00537,-0.40438,-0.30641,8,0x00000000,1,-0.70742,-0.72517,-0.00072,2.03208,2.13141,8,0x00000000,1,-0.69705,-0.71562,0.01156,0.69849,0.57807,8,0x00000000,1,-0.85446,-0.81522,-0.01682,4.96310,4.98648,8,0x00000000,1
65.2694,0.10958,-0.49460,-39.28604,-0.89042,-0.49460,-0.90102,-0.48500,0.30769,0.94445,1.20871,1.42945,1.20871,1.42945,1.00000,0.00000,0,0.00042,-0.83123,-0.80724,-0.02156,4.95870,4.89854,8,0x00000000,1,-0.66924,-0.67376,0.00270,-1.18192,-1.15259,8,0x00000000,1,-0.67369,-0.67517,-0.00135,-0.47312,-0.56341,8,0x00000000,1,-0.70621,-0.72484,-0.00171,1.79235,1.78137,8,0x00000000,1,-0.69602,-0.71550,-0.00315,0.37710,0.54570,8,0x00000000,1,-0.85600,-0.81678,-0.01399,5.47810,5.48456,8,0x00000000,1
65.3697,0.12561,-0.50234,-39.29010,-0.87439,-0.50234,-0.88385,-0.49610,0.33306,0.95844,1.21691,1.45454,1.21691,1.45454,1.00000,0.00000,0,0.00030,-0.83244,-0.80909,-0.01581,5.19722,5.06088,8,0x00000000,1,-0.66895,-0.67359,0.00457,-1.24266,-1.24884,8,0x00000000,1,-0.67324,-0.67515,0.00062,-0.49275,-0.45010,8,0x00000000,1,-0.70533,-0.72442,0.00564,1.55598,1.43077,8,0x00000000,1,-0.69528,-0.71524,0.00766,0.11823,0.09221,8,0x00000000,1,-0.85716,-0.81825,-0.00613,5.93766,6.01318,8,0x00000000,1
65.4721,0.14492,-0.51898,-39.29540,-0.85508,-0.51898,-0.86847,-0.50765,0.35804,0.97274,1.22651,1.48039,1.22651,1.48039,1.00000,0.00000,0,0.00037,-0.83372,-0.81297,-0.05535,5.15123,5.07995,8,0x00000000,1,-0.66859,-0.67308,0.00043,-1.29192,-1.24278,8,0x00000000,1,-0.67273,-0.67514,0.00413,-0.53748,-0.50060,8,0x00000000,1,-0.70444,-0.72401,0.00639,1.29091,1.41892,8,0x00000000,1,-0.69455,-0.71488,0.00545,-0.15526,-0.07020,8,0x00000000,1,-0.85839,-0.81961,-0.01360,6.33183,6.18302,8,0x00000000,1
65.5748,0.17809,-0.54337,-39.30797,-0.82191,-0.54337,-0.83848,-0.52929,0.38237,0.98752,1.22085,1.51680,1.22085,1.51680,1.00000,0.00000,0,0.00115,-0.83513,-0.81849,-0.07173,5.06837,5.04615,8,0x00000000,1,-0.66898,-0.67247,0.00788,-1.23899,-1.28817,8,0x00000000,1,-0.67288,-0.67514,-0.00196,-0.57242,-0.59839,8,0x00000000,1,-0.70282,-0.72343,0.00717,1.00927,1.01088,8,0x00000000,1,-0.69301,-0.71424,0.01642,-0.43303,-0.47438,8,0x00000000,1,-0.85962,-0.82134,-0.01337,6.81317,6.79222,8,0x00000000,1
65.6740,0.22232,-0.58139,-39.35208,-0.77768,-0.58139,-0.80209,-0.56077,0.40574,1.00304,1.20783,1.56382,1.20783,1.56382,1.00000,0.00000,0,0.00027,-0.83684,-0.82666,-0.10875,4.70866,4.86875,8,0x00000000,1,-0.66975,-0.67202,-0.00080,-1.21524,-1.22748,8,0x00000000,1,-0.67332,-0.67516,-0.00497,-0.56511,-0.49738,8,0x00000000,1,-0.70061,-0.72264,0.00504,0.62771,0.72434,8,0x00000000,1,-0.69088,-0.71293,0.03211,-0.68388,-0.71228,8,0x00000000,1,-0.86105,-0.82304,-0.01732,7.19625,7.22783,8,0x00000000,1
65.7759,0.28435,-0.63116,-39.38192,-0.71565,-0.63116,-0.74680,-0.60759,0.42779,1.01972,1.17459,1.62732,1.17459,1.62732,1.00000,0.00000,0,0.00047,-0.83884,-0.83366,-0.02512,4.72095,4.70617,8,0x00000000,1,-0.67151,-0.67189,-0.00928,-1.11526,-1.07038,8,0x00000000,1,-0.67464,-0.67515,0.00173,-0.46319,-0.23099,8,0x00000000,1,-0.69733,-0.72133,0.02074,0.26225,0.40750,8,0x00000000,1,-0.68758,-0.70891,0.05064,-0.87668,-0.91916,8,0x00000000,1,-0.86257,-0.82685,-0.05622,7.44656,7.43584,8,0x00000000,1
65.8799,0.40131,-0.66791,-39.26765,-0.59869,-0.66791,-0.65763,-0.64295,0.44796,1.03758,1.10558,1.68053,1.10558,1.68053,1.00000,0.00000,0,0.00259,-0.83969,-0.83546,-0.00402,4.69376,4.69859,8,0x00000000,1,-0.67490,-0.67189,-0.00475,-0.79031,-0.86076,8,0x00000000,1,-0.67761,-0.67517,-0.00434,-0.31220,-0.33308,8,0x00000000,1,-0.69378,-0.71969,0.01682,-0.21785,-0.15896,8,0x00000000,1,-0.68374,-0.69726,0.02580,-0.55569,-0.36740,8,0x00000000,1,-0.86276,-0.83605,-0.09439,7.07349,7.11471,8,0x00000000,1
65.9794,0.47303,-0.68686,-39.20632,-0.52697,-0.68686,-0.57336,-0.66969,0.46539,1.05628,1.03875,1.72598,1.03875,1.72598,1.00000,0.00000,0,0.00029,-0.84026,-0.83649,-0.00543,4.74543,4.65581,8,0x00000000,1,-0.67815,-0.67188,0.00990,-0.53464,-0.68699,8,0x00000000,1,-0.68050,-0.67518,-0.00185,-0.05331,-0.18680,8,0x00000000,1,-0.69060,-0.71796,0.01417,-0.64442,-0.46930,8,0x00000000,1,-0.68026,-0.69537,0.02990,-0.90137,-0.86919,8,0x00000000,1,-0.86271,-0.84920,-0.10255,6.44450,6.45978,8,0x00000000,1
66.0803,0.52517,-0.70133,-39.13978,-0.47483,-0.70133,-0.50155,-0.69420,0.48051,1.07580,0.98207,1.77001,0.98207,1.77001,1.00000,0.00000,0,0.00028,-0.84097,-0.83699,-0.01562,4.76983,4.76974,8,0x00000000,1,-0.68094,-0.67191,-0.00010,-0.29968,-0.42711,8,0x00000000,1,-0.68293,-0.67519,0.00013,0.20841,0.28040,8,0x00000000,1,-0.68767,-0.71597,0.02287,-0.99854,-0.97534,8,0x00000000,1,-0.67709,-0.69011,0.07802,-0.75551,-0.74636,8,0x00000000,1,-0.86288,-0.85344,-0.02903,6.50890,6.50064,8,0x00000000,1
66.1835,0.57229,-0.70043,-39.09139,-0.42771,-0.70043,-0.45014,-0.69853,0.49399,1.09568,0.94413,1.79421,0.94413,1.79421,1.00000,0.00000,0,0.00047,-0.84122,-0.83745,-0.00782,4.79681,4.82876,8,0x00000000,1,-0.68279,-0.67193,0.00408,-0.05646,-0.12503,8,0x00000000,1,-0.68458,-0.67526,-0.01084,0.40041,0.34973,8,0x00000000,1,-0.68593,-0.71456,0.01767,-1.38003,-1.35425,8,0x00000000,1,-0.67517,-0.68632,0.01421,-0.98537,-0.92852,8,0x00000000,1,-0.86280,-0.85500,-0.02237,6.49955,6.48499,8,0x00000000,1
66.2844,0.58945,-0.70411,-39.07613,-0.41055,-0.70411,-0.42318,-0.70318,0.50637,1.11566,0.92954,1.81885,0.92954,1.81885,1.00000,0.00000,0,0.00044,-0.84196,-0.83776,0.00510,4.95398,4.89274,8,0x00000000,1,-0.68355,-0.67210,-0.01194,0.07445,-0.04893,8,0x00000000,1,-0.68516,-0.67537,-0.00420,0.54945,0.50350,8,0x00000000,1,-0.68462,-0.71328,0.01944,-1.71147,-1.66754,8,0x00000000,1,-0.67385,-0.68430,0.02281,-1.04445,-1.01922,8,0x00000000,1,-0.86334,-0.85617,-0.00089,6.61042,6.54838,8,0x00000000,1
66.3916,0.64598,-0.67614,-39.01739,-0.35402,-0.67614,-0.38959,-0.69436,0.51802,1.13564,0.90761,1.83001,0.90761,1.83001,1.00000,0.00000,0,0.00411,-0.84199,-0.83812,0.00351,4.96593,4.93432,8,0x00000000,1,-0.68461,-0.67232,-0.00063,0.27385,0.23818,8,0x00000000,1,-0.68612,-0.67548,-0.00163,0.72720,0.68876,8,0x00000000,1,-0.68373,-0.71141,0.01759,-1.99717,-2.09213,8,0x00000000,1,-0.67285,-0.67270,0.04107,0.06814,-0.22703,8,0x00000000,1,-0.86319,-0.85682,-0.00565,6.68527,6.66813,8,0x00000000,1
66.4896,0.70939,-0.67121,-38.97923,-0.29061,-0.67121,-0.31156,-0.67666,0.52777,1.15515,0.83933,1.83181,0.83933,1.83181,1.00000,0.00000,0,0.00038,-0.84070,-0.83829,-0.00006,4.87494,4.92518,8,0x00000000,1,-0.68778,-0.67353,-0.00640,0.54963,0.46812,8,0x00000000,1,-0.68921,-0.67583,-0.00640,1.05367,0.91826,8,0x00000000,1,-0.68233,-0.70827,0.04521,-2.10462,-2.03759,8,0x00000000,1,-0.67099,-0.67124,-0.00108,-0.49918,-0.49893,8,0x00000000,1,-0.86146,-0.85709,-0.00610,6.57964,6.48440,8,0x00000000,1
66.5919,0.74807,-0.65122,-39.00811,-0.25193,-0.65122,-0.27238,-0.66256,0.53610,1.17425,0.80849,1.83681,0.80849,1.83681,1.00000,0.00000,0,0.00030,-0.84029,-0.83847,-0.01049,4.88114,4.80292,8,0x00000000,1,-0.68923,-0.67450,-0.00768,0.75207,0.65064,8,0x00000000,1,-0.69060,-0.67600,-0.00176,1.31219,1.24807,8,0x00000000,1,-0.68152,-0.69789,0.22684,-1.38405,-1.49927,8,0x00000000,1,-0.66999,-0.67030,0.01490,-0.43364,-0.48004,8,0x00000000,1,-0.86084,-0.85729,-0.00223,6.59958,6.49592,8,0x00000000,1
66.6945,0.90699,-0.56281,-39.13445,-0.09301,-0.56281,-0.16074,-0.60104,0.54246,1.19244,0.70319,1.79348,0.70319,1.79348,1.00000,0.00000,0,0.00031,-0.83635,-0.83846,0.00903,4.59459,4.62438,8,0x00000000,1,-0.69397,-0.67613,-0.02317,1.15115,1.01531,8,0x00000000,1,-0.69551,-0.67658,-0.00306,1.78160,1.86723,8,0x00000000,1,-0.68127,-0.67926,0.05415,-0.57443,-0.71407,8,0x00000000,1,-0.66889,-0.66624,0.03070,-0.19351,-0.20903,8,0x00000000,1,-0.85643,-0.85738,-0.01081,6.27445,6.32340,8,0x00000000,1
66.7957,0.93443,-0.55529,-39.12513,-0.06557,-0.55529,-0.08669,-0.57050,0.54582,1.20906,0.63251,1.77956,0.63251,1.77956,1.00000,0.00000,0,0.00038,-0.83435,-0.83845,-0.00661,4.44506,4.44327,8,0x00000000,1,-0.69720,-0.67749,-0.00723,1.52109,1.43330,8,0x00000000,1,-0.69876,-0.67716,-0.00378,2.21845,2.04341,8,0x00000000,1,-0.68047,-0.67787,0.01426,-0.62719,-0.60690,8,0x00000000,1,-0.66757,-0.66463,-0.00693,-0.23208,-0.07652,8,0x00000000,1,-0.85404,-0.85738,-0.00108,6.10952,6.04954,8,0x00000000,1
66.8967,0.94921,-0.55481,-39.13152,-0.05079,-0.55481,-0.05896,-0.55945,0.54786,1.22515,0.60682,1.78460,0.60682,1.78460,1.00000,0.00000,0,0.00030,-0.83405,-0.83845,-0.00880,4.35483,4.17399,8,0x00000000,1,-0.69841,-0.67834,-0.01706,1.75176,1.84107,8,0x00000000,1,-0.69991,-0.67767,-0.00797,2.50693,2.50677,8,0x00000000,1,-0.67976,-0.67715,0.01030,-0.62149,-0.66832,8,0x00000000,1,-0.66671,-0.66432,0.00062,-0.19745,-0.17890,8,0x00000000,1,-0.85356,-0.85739,-0.00192,6.04729,6.00514,8,0x00000000,1
66.9975,0.94518,-0.55186,-39.13551,-0.05482,-0.55186,-0.05592,-0.55388,0.54949,1.24101,0.60541,1.79490,0.60541,1.79490,1.00000,0.00000,0,0.00030,-0.83445,-0.83843,0.00542,4.36400,4.42593,8,0x00000000,1,-0.69851,-0.67909,-0.00985,1.94006,1.91067,8,0x00000000,1,-0.69994,-0.67817,-0.00414,2.72582,2.84494,8,0x00000000,1,-0.67930,-0.67686,0.00644,-0.56041,-0.55151,8,0x00000000,1,-0.66628,-0.66430,-0.00200,-0.21981,-0.18264,8,0x00000000,1,-0.85391,-0.85738,0.00586,6.06779,6.04766,8,0x00000000,1
67.0997,0.94614,-0.55263,-39.12921,-0.05386,-0.55263,-0.05456,-0.55310,0.55108,1.25679,0.60564,1.80989,0.60564,1.80989,1.00000,0.00000,0,0.00030,-0.83508,-0.83844,-0.00774,4.37928,4.15810,8,0x00000000,1,-0.69855,-0.67982,-0.01084,2.12055,2.11068,8,0x00000000,1,-0.69989,-0.67882,-0.00441,2.91231,2.97641,8,0x00000000,1,-0.67869,-0.67666,0.00473,-0.59287,-0.64677,8,0x00000000,1,-0.66571,-0.66430,-0.00192,-0.20229,-0.34063,8,0x00000000,1,-0.85448,-0.85739,0.00489,6.05813,5.99813,8,0x00000000,1
67.2037,0.94448,-0.55034,-39.13598,-0.05552,-0.55034,-0.05450,-0.55078,0.55263,1.27252,0.60713,1.82330,0.60713,1.82330,1.00000,0.00000,0,0.00032,-0.83567,-0.83846,-0.00558,4.38052,4.54347,8,0x00000000,1,-0.69853,-0.68069,-0.01705,2.25233,2.23272,8,0x00000000,1,-0.69978,-0.67965,-0.00853,3.12359,3.15406,8,0x00000000,1,-0.67816,-0.67648,-0.00014,-0.60582,-0.70306,8,0x00000000,1,-0.66524,-0.66430,-0.00313,-0.22182,-0.24878,8,0x00000000,1,-0.85503,-0.85741,0.00067,6.07564,6.01575,8,0x00000000,1
67.3099,0.94559,-0.54598,-39.13910,-0.05441,-0.54598,-0.05480,-0.54856,0.55420,1.28820,0.60900,1.83676,0.60900,1.83676,1.00000,0.00000,0,0.00031,-0.83628,-0.83845,0.00134,4.37526,4.37548,8,0x00000000,1,-0.69850,-0.68183,-0.00822,2.43795,2.51803,8,0x00000000,1,-0.69965,-0.68039,-0.00378,3.31455,3.68314,8,0x00000000,1,-0.67764,-0.67635,0.00947,-0.57731,-0.60153,8,0x00000000,1,-0.66478,-0.66419,0.00805,-0.23894,-0.19853,8,0x00000000,1,-0.85559,-0.85742,-0.00613,6.05299,5.95938,8,0x00000000,1
67.4154,0.94411,-0.54190,-39.13261,-0.05589,-0.54190,-0.05569,-0.54444,0.55577,1.30377,0.61146,1.84821,0.61146,1.84821,1.00000,0.00000,0,0.00033,-0.83681,-0.83849,-0.01966,4.36735,4.54434,8,0x00000000,1,-0.69842,-0.68275,-0.00291,2.58153,2.60244,8,0x00000000,1,-0.69950,-0.68144,-0.01752,3.46215,3.42747,8,0x00000000,1,-0.67721,-0.67623,0.00551,-0.59399,-0.57470,8,0x00000000,1,-0.66440,-0.66411,0.00459,-0.25495,-0.18048,8,0x00000000,1,-0.85609,-0.85741,-0.00347,6.07927,5.98440,8,0x00000000,1
67.5195,0.94516,-0.53615,-39.13489,-0.05484,-0.53615,-0.05659,-0.53998,0.55737,1.31922,0.61396,1.85920,0.61396,1.85920,1.00000,0.00000,0,0.00029,-0.83732,-0.83849,-0.00888,4.38166,4.27771,8,0x00000000,1,-0.69835,-0.68375,-0.00425,2.68920,2.77106,8,0x00000000,1,-0.69935,-0.68241,-0.01197,3.58988,3.61097,8,0x00000000,1,-0.67681,-0.67603,0.00657,-0.58232,-0.47322,8,0x00000000,1,-0.66405,-0.66409,-0.00722,-0.29354,-0.36067,8,0x00000000,1,-0.85657,-0.85742,0.00067,6.10818,6.16832,8,0x00000000,1
67.6209,0.94807,-0.52679,-39.14212,-0.05193,-0.52679,-0.05316,-0.53219,0.55894,1.33450,0.61210,1.86669,0.61210,1.86669,1.00000,0.00000,0,0.00039,-0.83759,-0.83846,-0.00044,4.42591,4.33031,8,0x00000000,1,-0.69846,-0.68449,-0.01247,2.79638,2.85414,8,0x00000000,1,-0.69941,-0.68353,-0.00660,3.72550,3.65782,8,0x00000000,1,-0.67646,-0.67585,0.00061,-0.60376,-0.64685,8,0x00000000,1,-0.66371,-0.66403,0.00487,-0.31628,-0.36978,8,0x00000000,1,-0.85680,-0.85744,-0.00629,6.07210,6.07223,8,0x00000000,1
67.7217,0.94986,-0.51859,-39.13819,0.94986,-0.51859,0.36344,-0.52379,0.60925,1.34954,0.24582,1.87334,0.24582,1.87334,0.00000,0.00000,0,0.00027,-0.83050,-0.83841,-0.01140,4.05363,4.25430,8,0x00000000,1,-0.71551,-0.68605,-0.10627,3.38186,3.44213,8,0x00000000,1,-0.71601,-0.68661,-0.14221,4.11015,4.02166,8,0x00000000,1,-0.66905,-0.67554,0.01872,-0.87004,-0.69393,8,0x00000000,1,-0.65389,-0.66372,0.03496,-0.63700,-0.51502,8,0x00000000,1,-0.84744,-0.85741,-0.00285,5.66115,5.76724,8,0x00000000,1
67.8251,1.21589,-0.00095,-39.42316,1.21589,-0.00095,0.97104,-0.25638,0.58883,1.36203,-0.38221,1.61842,-0.38221,1.61842,0.00000,0.00000,0,0.00027,-0.80717,-0.83748,0.01895,1.99225,2.02776,8,0x00000000,1,-0.74372,-0.71376,-0.34428,3.82030,3.92254,8,0x00000000,1,-0.74544,-0.73328,-0.53621,2.79604,2.73972,8,0x00000000,1,-0.66731,-0.65105,-0.00434,0.37487,0.25760,8,0x00000000,1,-0.64728,-0.65481,0.01152,-1.05216,-1.26527,8,0x00000000,1,-0.82136,-0.85716,-0.00526,3.19909,3.18180,8,0x00000000,1
67.9297,1.25048,0.40889,-39.38778,1.25048,0.40889,1.19493,0.22223,0.55697,1.36163,-0.63797,1.13940,-0.63797,1.13940,0.00000,0.00000,0,0.00029,-0.78200,-0.83489,0.03979,0.03822,0.22659,8,0x00000000,1,-0.75369,-0.74366,-0.21382,2.86249,2.74153,8,0x00000000,1,-0.75882,-0.75852,-0.03730,3.22891,3.12876,8,0x00000000,1,-0.68211,-0.65266,-0.01334,1.73866,1.87804,8,0x00000000,1,-0.65893,-0.65503,-0.01097,-0.11248,-0.25215,8,0x00000000,1,-0.79654,-0.85655,0.00784,1.03725,1.03601,8,0x00000000,1
68.0301,1.24464,0.53113,-39.30863,1.24464,0.53113,1.23725,0.45410,0.52201,1.35123,-0.71523,0.89713,-0.71523,0.89713,0.00000,0.00000,0,0.00030,-0.77034,-0.82617,0.13263,-0.37692,-0.53781,8,0x00000000,1,-0.75631,-0.75107,-0.01806,3.10449,3.24990,8,0x00000000,1,-0.76324,-0.76084,-0.02179,3.29927,3.35610,8,0x00000000,1,-0.69062,-0.65491,-0.02113,2.49335,2.47568,8,0x00000000,1,-0.66617,-0.65541,-0.00937,0.44636,0.42104,8,0x00000000,1,-0.78534,-0.85612,0.00477,-0.32819,-0.14111,8,0x00000000,1
68.1340,1.19788,0.59084,-39.23886,1.19788,0.59084,1.22512,0.53646,0.48673,1.33703,-0.73839,0.80056,-0.73839,0.80056,0.00000,0.00000,0,0.00040,-0.76585,-0.80538,0.01168,-0.04960,-0.03478,8,0x00000000,1,-0.75699,-0.75227,0.00471,3.15909,3.07379,8,0x00000000,1,-0.76465,-0.76214,-0.00392,3.33842,3.40730,8,0x00000000,1,-0.69417,-0.65731,-0.03129,2.89983,2.86442,8,0x00000000,1,-0.66926,-0.65568,-0.00106,0.70509,0.67581,8,0x00000000,1,-0.78107,-0.85575,-0.00057,-1.25961,-1.22543,8,0x00000000,1
68.2353,1.19058,0.60069,-39.23396,1.19058,0.60069,1.19884,0.58383,0.45231,1.32086,-0.74654,0.73702,-0.74654,0.73702,0.00000,0.00000,0,0.00219,-0.76304,-0.80244,0.02351,-0.51235,-0.34731,8,0x00000000,1,-0.75711,-0.75275,-0.00065,3.14136,3.12211,8,0x00000000,1,-0.76526,-0.76358,-0.01414,3.26364,3.30428,8,0x00000000,1,-0.69665,-0.65990,-0.01878,3.35593,3.31895,8,0x00000000,1,-0.67147,-0.65606,-0.00314,0.98820,0.94736,8,0x00000000,1,-0.77845,-0.85520,0.00292,-2.15336,-2.29036,8,0x00000000,1
68.3346,1.18075,0.62273,-39.23404,1.18075,0.62273,1.18553,0.61046,0.41837,1.30378,-0.76716,0.69333,-0.76716,0.69333,0.00000,0.00000,0,0.00039,-0.76081,-0.79971,0.05007,-0.83874,-0.69334,8,0x00000000,1,-0.75789,-0.75315,-0.00827,3.22996,3.32642,8,0x00000000,1,-0.76637,-0.76539,-0.02232,3.19911,3.25488,8,0x00000000,1,-0.69806,-0.66200,-0.00854,3.71036,3.62164,8,0x00000000,1,-0.67261,-0.65633,0.00212,1.25201,1.23431,8,0x00000000,1,-0.77626,-0.85247,0.07701,-2.82704,-2.86639,8,0x00000000,1
68.4394,1.16685,0.65880,-39.21795,1.16685,0.65880,1.17591,0.63970,0.38471,1.28596,-0.79120,0.64626,-0.79120,0.64626,0.00000,0.00000,0,0.00037,-0.75837,-0.79611,0.04250,-1.28123,-1.27848,8,0x00000000,1,-0.75882,-0.75348,-0.00303,3.33178,3.44515,8,0x00000000,1,-0.76764,-0.76781,-0.03278,3.10060,3.10590,8,0x00000000,1,-0.69953,-0.66459,-0.02967,4.08276,4.07910,8,0x00000000,1,-0.67378,-0.65692,-0.00663,1.45211,1.63990,8,0x00000000,1,-0.77384,-0.84255,0.20889,-2.92269,-2.86901,8,0x00000000,1
68.5432,1.00133,0.74313,-39.37337,1.00133,0.74313,1.07269,0.71622,0.35239,1.26657,-0.72029,0.55035,-0.72029,0.55035,0.00000,0.00000,0,0.00027,-0.75580,-0.79239,0.03375,-1.69502,-1.62573,8,0x00000000,1,-0.75516,-0.75363,0.00141,3.08491,2.89234,8,0x00000000,1,-0.76474,-0.77039,-0.00570,2.75122,2.93136,8,0x00000000,1,-0.70492,-0.66925,-0.09708,4.44787,4.54679,8,0x00000000,1,-0.67928,-0.65891,-0.03361,1.91007,2.08857,8,0x00000000,1,-0.77206,-0.81553,0.02280,-2.49915,-2.48117,8,0x00000000,1
68.6495,0.91255,0.78038,-39.23283,0.91255,0.78038,0.97987,0.76566,0.32321,1.24531,-0.65666,0.47965,-0.65666,0.47965,0.00000,0.00000,0,0.00035,-0.75414,-0.77597,0.25840,-0.42290,-0.76499,8,0x00000000,1,-0.75193,-0.75365,-0.00834,2.85178,3.06735,8,0x00000000,1,-0.76208,-0.77051,-0.00141,2.52863,2.47890,8,0x00000000,1,-0.70911,-0.67966,-0.08449,4.45651,4.51173,8,0x00000000,1,-0.68362,-0.66059,-0.02154,2.40375,2.40366,8,0x00000000,1,-0.77104,-0.81360,0.03450,-2.95808,-2.90850,8,0x00000000,1
68.7523,0.77628,0.88700,-39.05826,0.77628,0.88700,0.83736,0.84795,0.29743,1.22242,-0.53992,0.37447,-0.53992,0.37447,0.00000,0.00000,0,0.00027,-0.75212,-0.75880,0.04009,-0.20571,-0.17180,8,0x00000000,1,-0.74613,-0.75364,-0.00432,2.36020,2.36232,8,0x00000000,1,-0.75710,-0.77040,0.00464,1.95871,2.04078,8,0x00000000,1,-0.71578,-0.68501,-0.05752,5.06125,4.92919,8,0x00000000,1,-0.69066,-0.66261,-0.03501,3.08284,3.09970,8,0x00000000,1,-0.77010,-0.81128,0.03713,-3.35892,-3.35304,8,0x00000000,1
68.8536,0.68226,0.88699,-39.07633,0.68226,0.88699,0.73755,0.87357,0.27510,1.19779,-0.46245,0.32422,-0.46245,0.32422,0.00000,0.00000,0,0.00032,-0.75158,-0.75789,0.00666,-0.33963,-0.42384,8,0x00000000,1,-0.74236,-0.75362,-0.00502,2.06881,2.06468,8,0x00000000,1,-0.75372,-0.77023,0.00416,1.60551,1.64479,8,0x00000000,1,-0.71940,-0.69235,-0.08780,4.97142,5.08727,8,0x00000000,1,-0.69458,-0.66448,-0.02976,3.49556,3.48506,8,0x00000000,1,-0.77022,-0.80188,0.20820,-2.62976,-2.64322,8,0x00000000,1
68.9559,0.43456,0.90385,-39.15022,0.43456,0.90385,0.56044,0.90297,0.25632,1.17241,-0.30412,0.26944,-0.30412,0.26944,0.00000,0.00000,0,0.00185,-0.75248,-0.75741,0.00312,-0.30842,-0.42125,8,0x00000000,1,-0.73485,-0.75356,-0.00348,1.52875,1.55269,8,0x00000000,1,-0.74665,-0.76983,0.00990,0.88787,1.05140,8,0x00000000,1,-0.72481,-0.70926,-0.25029,3.91805,4.00215,8,0x00000000,1,-0.70078,-0.66872,-0.08955,3.85762,3.86772,8,0x00000000,1,-0.77229,-0.78175,0.01978,-1.90495,-1.99064,8,0x00000000,1
69.0550,0.30930,0.84324,-39.07123,0.30930,0.84324,0.38245,0.86592,0.24327,1.14712,-0.13917,0.28119,-0.13917,0.28119,0.00000,0.00000,0,0.00023,-0.75627,-0.75750,-0.00181,-0.05955,-0.18827,8,0x00000000,1,-0.72729,-0.75327,0.01069,0.71071,0.60833,8,0x00000000,1,-0.73903,-0.76877,0.02158,0.17686,0.34400,8,0x00000000,1,-0.72757,-0.72082,-0.02849,4.12868,4.27846,8,0x00000000,1,-0.70461,-0.67559,-0.04515,4.05066,4.10641,8,0x00000000,1,-0.77706,-0.78168,-0.00300,-1.74051,-1.68995,8,0x00000000,1
69.1578,0.23351,0.80449,-39.13646,0.23351,0.80449,0.28691,0.82989,0.23389,1.12293,-0.05302,0.29304,-0.05302,0.29304,0.00000,0.00000,0,0.00026,-0.75849,-0.75756,0.00176,0.00516,-0.03323,8,0x00000000,1,-0.72337,-0.75204,0.00591,0.14930,0.27823,8,0x00000000,1,-0.73503,-0.76541,0.05338,0.01668,-0.02946,8,0x00000000,1,-0.72877,-0.72254,-0.00875,4.17897,4.13560,8,0x00000000,1,-0.70640,-0.68679,-0.10609,3.50147,3.51251,8,0x00000000,1,-0.77977,-0.78169,-0.00214,-1.60818,-1.89954,8,0x00000000,1
69.2606,0.15729,0.74041,-39.13418,0.15729,0.74041,0.19819,0.77145,0.22712,1.10011,0.02893,0.32865,0.02893,0.32865,0.00000,0.00000,0,0.00039,-0.76162,-0.75773,0.00187,0.28943,0.22487,8,0x00000000,1,-0.71972,-0.75051,0.01973,-0.27341,-0.12504,8,0x00000000,1,-0.73115,-0.75757,0.03500,-0.14646,-0.03707,8,0x00000000,1,-0.72890,-0.72332,0.00329,4.22891,4.32362,8,0x00000000,1,-0.70717,-0.69297,-0.06050,3.49601,3.60042,8,0x00000000,1,-0.78327,-0.78170,0.00144,-1.35507,-1.38306,8,0x00000000,1
69.3635,0.12890,0.71441,-39.14784,0.12890,0.71441,0.14916,0.73272,0.22225,1.07874,0.07308,0.34602,0.07308,0.34602,0.00000,0.00000,0,0.00082,-0.76322,-0.75806,-0.00372,0.38759,0.27918,8,0x00000000,1,-0.71776,-0.74893,0.00895,-0.68093,-0.55998,8,0x00000000,1,-0.72906,-0.75505,0.02091,-0.47578,-0.44372,8,0x00000000,1,-0.72905,-0.72385,-0.00814,4.24254,4.15679,8,0x00000000,1,-0.70766,-0.69669,-0.01490,3.54012,3.50899,8,0x00000000,1,-0.78509,-0.78176,0.00652,-1.24543,-1.12173,8,0x00000000,1
69.4625,0.10665,0.69373,-39.13746,0.10665,0.69373,0.11965,0.70685,0.21848,1.05826,0.09883,0.35141,0.09883,0.35141,0.00000,0.00000,0,0.00026,-0.76396,-0.75826,-0.00238,0.49781,0.43515,8,0x00000000,1,-0.71659,-0.74737,0.01702,-0.97252,-0.96681,8,0x00000000,1,-0.72786,-0.75266,0.02265,-0.68293,-0.61432,8,0x00000000,1,-0.72933,-0.72439,-0.00348,4.30897,4.33152,8,0x00000000,1,-0.70812,-0.69794,0.00055,3.67831,3.59863,8,0x00000000,1,-0.78597,-0.78183,-0.01121,-1.22269,-1.20436,8,0x00000000,1
69.5616,0.09732,0.67770,-39.12304,0.09732,0.67770,0.10398,0.68714,0.21534,1.03843,0.11136,0.35129,0.11136,0.35129,0.00000,0.00000,0,0.00035,-0.76421,-0.75834,0.00503,0.57741,0.63341,8,0x00000000,1,-0.71601,-0.74611,0.01076,-1.31698,-1.32239,8,0x00000000,1,-0.72729,-0.75074,0.01716,-0.84033,-0.81642,8,0x00000000,1,-0.72958,-0.72484,0.00109,4.35301,4.36101,8,0x00000000,1,-0.70845,-0.69879,-0.00649,3.73643,3.82989,8,0x00000000,1,-0.78629,-0.78185,-0.00896,-1.12795,-1.32874,8,0x00000000,1
69.6654,0.08642,0.66391,-39.13044,0.08642,0.66391,0.09197,0.67159,0.21255,1.01909,0.12058,0.34749,0.12058,0.34749,0.00000,0.00000,0,0.00103,-0.76424,-0.75849,-0.00171,0.60438,0.59614,8,0x00000000,1,-0.71557,-0.74446,0.01458,-1.57477,-1.56787,8,0x00000000,1,-0.72688,-0.74862,0.02097,-1.01688,-1.07746,8,0x00000000,1,-0.72992,-0.72526,-0.01258,4.37111,4.51961,8,0x00000000,1,-0.70884,-0.69971,-0.01605,3.81874,3.76428,8,0x00000000,1,-0.78639,-0.78184,0.00193,-1.06704,-1.11622,8,0x00000000,1
69.7660,0.07591,0.64185,-39.11656,0.07591,0.64185,0.08179,0.65373,0.21009,1.00020,0.12830,0.34647,0.12830,0.34647,0.00000,0.00000,0,0.00042,-0.76435,-0.75860,-0.00169,0.67715,0.64582,8,0x00000000,1,-0.71521,-0.74007,0.10488,-1.40680,-1.38666,8,0x00000000,1,-0.72653,-0.74682,0.02028,-1.16087,-1.18174,8,0x00000000,1,-0.73012,-0.72561,-0.01887,4.43330,4.51437,8,0x00000000,1,-0.70908,-0.70071,-0.01662,3.85601,3.73209,8,0x00000000,1,-0.78656,-0.78187,0.00659,-0.97354,-1.09592,8,0x00000000,1
69.8672,0.05759,0.47338,-39.20688,0.05759,0.47338,0.06819,0.57488,0.20795,0.98240,0.13976,0.40752,0.13976,0.40752,0.00000,0.00000,0,0.00029,-0.76712,-0.75887,-0.01793,0.90427,0.99517,8,0x00000000,1,-0.71491,-0.71915,0.01000,-0.49900,-0.22151,8,0x00000000,1,-0.72579,-0.73992,0.16558,-0.54992,-0.79560,8,0x00000000,1,-0.72780,-0.72591,-0.00116,4.35059,4.48719,8,0x00000000,1,-0.70705,-0.70191,-0.00747,3.72476,3.73146,8,0x00000000,1,-0.78917,-0.78195,0.00771,-0.76085,-0.87629,8,0x00000000,1
69.9702,0.04004,0.39294,-39.16889,0.04004,0.39294,0.05312,0.44088,0.20613,0.96829,0.15301,0.52741,0.15301,0.52741,0.00000,0.00000,0,0.00030,-0.77238,-0.76030,-0.00768,1.34743,1.37552,8,0x00000000,1,-0.71475,-0.71828,0.01392,-0.47312,-0.48896,8,0x00000000,1,-0.72478,-0.73184,0.08674,-0.46147,-0.45783,8,0x00000000,1,-0.72307,-0.72582,0.00688,3.94155,3.97202,8,0x00000000,1,-0.70283,-0.70243,-0.01181,3.35387,3.25962,8,0x00000000,1,-0.79406,-0.78251,-0.01279,-0.29211,-0.37652,8,0x00000000,1
70.0721,0.01062,0.29719,-39.09007,0.01062,0.29719,0.03834,0.35171,0.20474,0.95696,0.16640,0.60525,0.16640,0.60525,0.00000,0.00000,0,0.00040,-0.77589,-0.76117,-0.00904,1.63268,1.59895,8,0x00000000,1,-0.71443,-0.71708,0.00890,-0.45616,-0.45270,8,0x00000000,1,-0.72390,-0.71914,0.04964,0.25192,0.19979,8,0x00000000,1,-0.72009,-0.72580,-0.00172,3.72280,3.73079,8,0x00000000,1,-0.70021,-0.70252,-0.00169,3.23950,3.27051,8,0x00000000,1,-0.79736,-0.78268,-0.00462,0.02253,-0.02221,8,0x00000000,1
70.1759,0.02964,0.27627,-39.09954,0.02964,0.27627,0.03061,0.29567,0.20388,0.94793,0.17327,0.65226,0.17327,0.65226,0.00000,0.00000,0,0.00128,-0.77799,-0.76236,-0.00874,1.88602,1.76430,8,0x00000000,1,-0.71429,-0.71644,0.00271,-0.48160,-0.47755,8,0x00000000,1,-0.72343,-0.71740,0.00028,0.25732,0.26566,8,0x00000000,1,-0.71827,-0.72573,0.00123,3.56762,3.64151,8,0x00000000,1,-0.69859,-0.70252,0.00111,3.14019,3.08703,8,0x00000000,1,-0.79933,-0.78294,0.00212,0.31218,0.33776,8,0x00000000,1
70.2840,0.02628,0.27701,-39.08842,0.02628,0.27701,0.03077,0.28080,0.20304,0.93979,0.17228,0.65899,0.17228,0.65899,0.00000,0.00000,0,0.00350,-0.77825,-0.76305,-0.00264,2.03665,2.00412,8,0x00000000,1,-0.71436,-0.71622,0.00025,-0.46806,-0.40553,8,0x00000000,1,-0.72345,-0.71729,-0.00006,0.34011,0.24660,8,0x00000000,1,-0.71797,-0.72567,-0.00303,3.45667,3.47476,8,0x00000000,1,-0.69831,-0.70253,-0.00553,3.06176,3.03952,8,0x00000000,1,-0.79955,-0.78311,-0.00141,0.49009,0.44736,8,0x00000000,1
70.3833,0.03543,0.27757,-39.10759,0.03543,0.27757,0.03097,0.27705,0.20221,0.93188,0.17125,0.65482,0.17125,0.65482,0.00000,0.00000,0,0.00081,-0.77806,-0.76371,-0.00409,2.13095,2.18771,8,0x00000000,1,-0.71439,-0.71601,-0.00694,-0.52665,-0.45258,8,0x00000000,1,-0.72351,-0.71729,0.00333,0.43833,0.34236,8,0x00000000,1,-0.71812,-0.72565,-0.00323,3.39589,3.46149,8,0x00000000,1,-0.69844,-0.70252,-0.00046,3.04422,2.87399,8,0x00000000,1,-0.79937,-0.78331,-0.00575,0.68911,0.65439,8,0x00000000,1
70.4838,0.03545,0.27671,-39.10465,0.03545,0.27671,0.03440,0.27752,0.20129,0.92397,0.16688,0.64645,0.16688,0.64645,0.00000,0.00000,0,0.00049,-0.77762,-0.76424,0.00019,2.27802,2.33749,8,0x00000000,1,-0.71456,-0.71585,0.00183,-0.46913,-0.54794,8,0x00000000,1,-0.72374,-0.71732,-0.00555,0.52156,0.44574,8,0x00000000,1,-0.71839,-0.72563,-0.00299,3.31172,3.43749,8,0x00000000,1,-0.69865,-0.70253,-0.00898,3.01141,3.13306,8,0x00000000,1,-0.79894,-0.78345,-0.00130,0.83621,0.86893,8,0x00000000,1
70.5881,0.03411,0.27447,-39.10223,0.03411,0.27447,0.03441,0.27513,0.20030,0.91610,0.16589,0.64098,0.16589,0.64098,0.00000,0.00000,0,0.00031,-0.77737,-0.76489,0.00108,2.36287,2.33011,8,0x00000000,1,-0.71458,-0.71576,-0.00027,-0.50440,-0.33379,8,0x00000000,1,-0.72380,-0.71733,-0.00331,0.59758,0.58620,8,0x00000000,1,-0.71860,-0.72558,0.00091,3.26908,3.25449,8,0x00000000,1,-0.69883,-0.70254,-0.01065,2.96929,2.95577,8,0x00000000,1,-0.79870,-0.78366,0.00347,1.00032,1.03945,8,0x00000000,1
70.6896,0.03546,0.27369,-39.11204,0.03546,0.27369,0.03487,0.27477,0.19932,0.90826,0.16445,0.63349,0.16445,0.63349,0.00000,0.00000,0,0.00092,-0.77703,-0.76555,0.00333,2.45194,2.37727,8,0x00000000,1,-0.71462,-0.71566,0.00906,-0.49208,-0.42118,8,0x00000000,1,-0.72389,-0.71733,0.00294,0.66713,0.57112,8,0x00000000,1,-0.71888,-0.72554,0.00398,3.21190,3.26298,8,0x00000000,1,-0.69908,-0.70252,-0.00690,2.93035,2.93818,8,0x00000000,1,-0.79838,-0.78381,-0.00234,1.14426,1.03008,8,0x00000000,1
70.7914,-0.01534,0.07487,-39.16896,-1.01534,0.07487,-0.75696,0.23128,0.16035,0.90061,0.91730,0.66933,0.91730,0.66933,1.00000,0.00000,0,0.00043,-0.79359,-0.77280,-0.06536,3.06564,3.04011,8,0x00000000,1,-0.68003,-0.68304,0.84717,1.35214,0.48026,8,0x00000000,1,-0.68934,-0.70840,0.12904,-1.12124,-0.51003,8,0x00000000,1,-0.73215,-0.72594,-0.01076,4.33212,4.36850,8,0x00000000,1,-0.71736,-0.71197,-0.22222,3.26099,3.37801,8,0x00000000,1,-0.81956,-0.78660,-0.09238,2.50668,2.37242,8,0x00000000,1
70.8910,-0.05161,-0.15561,-39.42081,-1.05161,-0.15561,-0.99334,-0.04237,0.18638,0.89876,1.17972,0.94113,1.17972,0.94113,1.00000,0.00000,0,0.00039,-0.81019,-0.78488,-0.06956,3.90320,3.94401,8,0x00000000,1,-0.66888,-0.67543,0.01463,-1.16953,-1.08775,8,0x00000000,1,-0.67651,-0.70187,0.08626,-1.70652,-1.81137,8,0x00000000,1,-0.72596,-0.72581,0.00779,3.62638,3.66033,8,0x00000000,1,-0.71388,-0.72452,0.00224,2.41249,2.41199,8,0x00000000,1,-0.83677,-0.79371,-0.05775,3.81272,3.86442,8,0x00000000,1
70.9951,-0.03741,-0.41951,-39.35423,-1.03741,-0.41951,-1.04626,-0.26268,0.21597,0.90293,1.26223,1.16561,1.26223,1.16561,1.00000,0.00000,0,0.00027,-0.82124,-0.79778,-0.09415,3.82602,3.79377,8,0x00000000,1,-0.66585,-0.67367,0.02408,-1.16865,-1.13300,8,0x00000000,1,-0.67206,-0.67516,0.00318,-0.50837,-0.32123,8,0x00000000,1,-0.71822,-0.72567,0.00751,3.12588,3.17601,8,0x00000000,1,-0.70749,-0.72452,0.00911,1.81853,1.80033,8,0x00000000,1,-0.84744,-0.80543,-0.17975,3.75738,3.77522,8,0x00000000,1
71.0959,0.04078,-0.48616,-39.33202,-0.95922,-0.48616,-1.00785,-0.43411,0.24545,0.91339,1.25330,1.34750,1.25330,1.34750,1.00000,0.00000,0,0.00050,-0.82868,-0.80384,-0.02651,4.42278,4.51643,8,0x00000000,1,-0.66689,-0.67335,-0.00483,-1.17141,-1.17921,8,0x00000000,1,-0.67192,-0.67507,0.00041,-0.49578,-0.55868,8,0x00000000,1,-0.71048,-0.72514,0.01443,2.50105,2.47211,8,0x00000000,1,-0.70032,-0.72433,0.01043,1.08146,1.13234,8,0x00000000,1,-0.85408,-0.81341,-0.01855,4.58920,4.60337,8,0x00000000,1
71.2027,0.04156,-0.51602,-39.34128,-0.95844,-0.51602,-0.97477,-0.49476,0.27349,0.92678,1.24826,1.42154,1.24826,1.42154,1.00000,0.00000,0,0.00030,-0.83169,-0.80604,-0.04057,4.64527,4.66965,8,0x00000000,1,-0.66738,-0.67333,0.00063,-1.17975,-1.12377,8,0x00000000,1,-0.67192,-0.67508,-0.00770,-0.51782,-0.50402,8,0x00000000,1,-0.70731,-0.72477,-0.00075,2.11061,2.01056,8,0x00000000,1,-0.69736,-0.72418,-0.00739,0.59032,0.59241,8,0x00000000,1,-0.85674,-0.81538,-0.01308,5.12048,5.22105,8,0x00000000,1
71.3029,0.04628,-0.52821,-39.32466,-0.95372,-0.52821,-0.95787,-0.51662,0.30093,0.94122,1.25880,1.45784,1.25880,1.45784,1.00000,0.00000,0,0.00122,-0.83342,-0.80779,-0.01172,5.00300,5.05397,8,0x00000000,1,-0.66702,-0.67298,0.01681,-1.21944,-1.16752,8,0x00000000,1,-0.67133,-0.67506,-0.00076,-0.59817,-0.62779,8,0x00000000,1,-0.70601,-0.72442,0.00778,1.89619,1.97130,8,0x00000000,1,-0.69626,-0.72402,0.00279,0.26669,0.30712,8,0x00000000,1,-0.85839,-0.81717,-0.01054,5.62917,5.72510,8,0x00000000,1
71.4041,0.06645,-0.53833,-39.31181,-0.93355,-0.53833,-0.93951,-0.52934,0.32791,0.95614,1.26742,1.48547,1.26742,1.48547,1.00000,0.00000,0,0.00028,-0.83475,-0.81028,-0.03609,5.17877,5.19761,8,0x00000000,1,-0.66672,-0.67218,0.01042,-1.26675,-1.35084,8,0x00000000,1,-0.67086,-0.67504,0.00286,-0.65395,-0.69838,8,0x00000000,1,-0.70503,-0.72409,0.01104,1.63086,1.72727,8,0x00000000,1,-0.69543,-0.72378,0.00464,-0.13198,0.01880,8,0x00000000,1,-0.85966,-0.81893,-0.01098,6.05064,5.99556,8,0x00000000,1
71.5079,0.09731,-0.57275,-39.34454,-0.90269,-0.57275,-0.91748,-0.55297,0.35438,0.97154,1.27185,1.52451,1.27185,1.52451,1.00000,0.00000,0,0.00027,-0.83648,-0.81516,-0.05498,5.19432,5.19464,8,0x00000000,1,-0.66665,-0.66825,0.09455,-0.83491,-0.88117,8,0x00000000,1,-0.67054,-0.67500,0.00151,-0.73878,-0.59271,8,0x00000000,1,-0.70349,-0.72363,0.00030,1.28425,1.31923,8,0x00000000,1,-0.69406,-0.72351,-0.00508,-0.53906,-0.36187,8,0x00000000,1,-0.86125,-0.82046,-0.01917,6.55139,6.62697,8,0x00000000,1
71.6100,0.14809,-0.64652,-39.41420,-0.85191,-0.64652,-0.87798,-0.61384,0.37999,0.98818,1.25797,1.60202,1.25797,1.60202,1.00000,0.00000,0,0.00025,-0.83945,-0.82350,-0.08731,4.94087,4.73138,8,0x00000000,1,-0.66756,-0.66463,0.00377,-0.77211,-0.71187,8,0x00000000,1,-0.67093,-0.67498,-0.00320,-0.75704,-0.84174,8,0x00000000,1,-0.70000,-0.72284,0.01471,0.83821,0.86988,8,0x00000000,1,-0.69074,-0.72277,0.00584,-1.12389,-1.18803,8,0x00000000,1,-0.86381,-0.82258,-0.02272,7.09366,7.16132,8,0x00000000,1
71.7140,0.22173,-0.71311,-39.46271,-0.77827,-0.71311,-0.81412,-0.67746,0.40411,1.00659,1.21823,1.68405,1.21823,1.68405,1.00000,0.00000,0,0.00029,-0.84210,-0.83361,-0.04796,4.70577,4.73864,8,0x00000000,1,-0.66969,-0.66459,-0.00313,-0.56094,-0.66534,8,0x00000000,1,-0.67249,-0.67495,0.00228,-0.67640,-0.66906,8,0x00000000,1,-0.69583,-0.72180,0.01901,0.34230,0.48432,8,0x00000000,1,-0.68656,-0.72164,0.02072,-1.71594,-1.44571,8,0x00000000,1,-0.86586,-0.82627,-0.06247,7.33242,7.39781,8,0x00000000,1
71.8136,0.30728,-0.75547,-39.40622,-0.69272,-0.75547,-0.74286,-0.73090,0.42633,1.02672,1.16919,1.75762,1.16919,1.75762,1.00000,0.00000,0,0.00058,-0.84420,-0.83623,-0.01821,4.89642,4.85622,8,0x00000000,1,-0.67222,-0.66460,-0.00097,-0.33524,-0.36282,8,0x00000000,1,-0.67449,-0.67498,-0.00531,-0.56719,-0.71832,8,0x00000000,1,-0.69182,-0.72005,0.00775,-0.12358,0.04627,8,0x00000000,1,-0.68247,-0.71325,0.17460,-1.37200,-1.38031,8,0x00000000,1,-0.86735,-0.83669,-0.15748,6.89279,6.97145,8,0x00000000,1
71.9134,0.50713,-0.80256,-39.18863,-0.49287,-0.80256,-0.59604,-0.76678,0.44565,1.04808,1.04169,1.81486,1.04169,1.81486,1.00000,0.00000,0,0.00027,-0.84405,-0.83734,0.00449,4.89882,4.95206,8,0x00000000,1,-0.67833,-0.66460,0.00661,0.25625,0.16749,8,0x00000000,1,-0.68009,-0.67499,-0.00084,-0.10706,-0.25518,8,0x00000000,1,-0.68697,-0.71801,0.02531,-0.61343,-0.43578,8,0x00000000,1,-0.67694,-0.69349,0.09217,-0.96443,-0.92320,8,0x00000000,1,-0.86615,-0.85094,-0.02962,6.43502,6.47640,8,0x00000000,1
72.0146,0.56173,-0.78523,-39.12379,-0.43827,-0.78523,-0.48085,-0.77606,0.46066,1.07011,0.94151,1.84617,0.94151,1.84617,1.00000,0.00000,0,0.00029,-0.84335,-0.83791,-0.00674,4.85143,4.63630,8,0x00000000,1,-0.68309,-0.66503,-0.00547,0.69835,0.38614,8,0x00000000,1,-0.68454,-0.67502,0.00617,0.24460,0.25822,8,0x00000000,1,-0.68372,-0.71573,0.01126,-1.06214,-1.05661,8,0x00000000,1,-0.67312,-0.68605,0.02644,-1.04851,-1.02107,8,0x00000000,1,-0.86469,-0.85330,-0.02232,6.39190,6.42214,8,0x00000000,1
72.1166,0.59284,-0.77570,-39.10165,-0.40716,-0.77570,-0.42583,-0.77680,0.47338,1.09228,0.89921,1.86908,0.89921,1.86908,1.00000,0.00000,0,0.00237,-0.84346,-0.83825,-0.00359,4.93879,4.99092,8,0x00000000,1,-0.68514,-0.66612,-0.00461,0.95759,0.92822,8,0x00000000,1,-0.68638,-0.67515,-0.00958,0.42756,0.42072,8,0x00000000,1,-0.68195,-0.71428,0.01813,-1.46740,-1.41033,8,0x00000000,1,-0.67114,-0.68084,0.12175,-0.62641,-0.66949,8,0x00000000,1,-0.86444,-0.85466,-0.00149,6.52465,6.48599,8,0x00000000,1
72.2155,0.68475,-0.76029,-39.02375,-0.31525,-0.76029,-0.34314,-0.76512,0.48431,1.11421,0.82745,1.87933,0.82745,1.87933,1.00000,0.00000,0,0.00027,-0.84245,-0.83848,-0.00936,4.87889,4.76345,8,0x00000000,1,-0.68851,-0.66835,-0.04631,1.16887,1.15555,8,0x00000000,1,-0.68960,-0.67542,-0.00765,0.81227,0.69854,8,0x00000000,1,-0.68013,-0.71261,0.01908,-1.85488,-1.78673,8,0x00000000,1,-0.66887,-0.67131,0.01299,-0.54283,-0.49368,8,0x00000000,1,-0.86294,-0.85535,-0.00375,6.44689,6.44110,8,0x00000000,1
72.3171,0.71606,-0.75159,-39.00271,-0.28394,-0.75159,-0.30474,-0.75531,0.49347,1.13584,0.79821,1.89115,0.79821,1.89115,1.00000,0.00000,0,0.00029,-0.84236,-0.83866,-0.00049,4.95350,4.92428,8,0x00000000,1,-0.68991,-0.67194,-0.01944,1.26387,1.30609,8,0x00000000,1,-0.69089,-0.67563,0.00052,1.01098,0.89958,8,0x00000000,1,-0.67907,-0.71020,0.02907,-2.13666,-2.22987,8,0x00000000,1,-0.66765,-0.66841,0.05685,-0.27213,-0.37103,8,0x00000000,1,-0.86262,-0.85576,-0.00391,6.51216,6.44064,8,0x00000000,1
72.4223,0.76285,-0.72755,-38.99196,-0.23715,-0.72755,-0.26435,-0.73923,0.50161,1.15713,0.76596,1.89637,0.76596,1.89637,1.00000,0.00000,0,0.00029,-0.84193,-0.83883,0.00434,4.98014,5.10080,8,0x00000000,1,-0.69142,-0.67341,-0.01498,1.51676,1.60740,8,0x00000000,1,-0.69234,-0.67588,-0.00700,1.30026,1.31841,8,0x00000000,1,-0.67823,-0.70431,0.09256,-1.93551,-2.02388,8,0x00000000,1,-0.66661,-0.66489,0.00940,-0.28256,-0.17945,8,0x00000000,1,-0.86197,-0.85623,0.00597,6.56029,6.43798,8,0x00000000,1
72.5229,0.88814,-0.66459,-39.11576,-0.11186,-0.66459,-0.19392,-0.70612,0.50834,1.17782,0.70226,1.88394,0.70226,1.88394,1.00000,0.00000,0,0.00114,-0.84013,-0.83888,0.00666,4.85417,4.76094,8,0x00000000,1,-0.69434,-0.67493,-0.01189,1.85809,1.75089,8,0x00000000,1,-0.69527,-0.67623,-0.00410,1.57198,1.61291,8,0x00000000,1,-0.67750,-0.68037,0.05710,-0.71426,-0.33570,8,0x00000000,1,-0.66541,-0.66416,0.01098,-0.26685,-0.25366,8,0x00000000,1,-0.85982,-0.85644,0.00597,6.40130,6.35851,8,0x00000000,1
72.6214,0.91797,-0.63786,-39.15985,-0.08203,-0.63786,-0.11150,-0.64762,0.51235,1.19679,0.62385,1.84441,0.62385,1.84441,1.00000,0.00000,0,0.00029,-0.83690,-0.83883,0.00172,4.62199,4.76312,8,0x00000000,1,-0.69784,-0.67724,-0.01008,2.19578,2.11431,8,0x00000000,1,-0.69895,-0.67701,-0.00686,2.09837,2.25389,8,0x00000000,1,-0.67761,-0.67771,0.01606,-0.64018,-0.73719,8,0x00000000,1,-0.66487,-0.66409,-0.00153,-0.28129,-0.31713,8,0x00000000,1,-0.85627,-0.85649,-0.00312,6.10791,6.03834,8,0x00000000,1
72.7264,0.93013,-0.61738,-39.15216,-0.06987,-0.61738,-0.08221,-0.62785,0.51500,1.21490,0.59721,1.84275,0.59721,1.84275,1.00000,0.00000,0,0.00026,-0.83629,-0.83884,0.00124,4.52885,4.56453,8,0x00000000,1,-0.69907,-0.67835,-0.00641,2.44550,2.34371,8,0x00000000,1,-0.70016,-0.67745,-0.00215,2.41647,2.44427,8,0x00000000,1,-0.67716,-0.67621,0.00804,-0.59075,-0.60517,8,0x00000000,1,-0.66424,-0.66395,0.00110,-0.30145,-0.21941,8,0x00000000,1,-0.85550,-0.85652,-0.00396,6.13532,6.03560,8,0x00000000,1
72.8286,0.93411,-0.60849,-39.15313,-0.06589,-0.60849,-0.07179,-0.61447,0.51715,1.23257,0.58894,1.84703,0.58894,1.84703,1.00000,0.00000,0,0.00029,-0.83630,-0.83883,0.00250,4.54748,4.75982,8,0x00000000,1,-0.69947,-0.67931,-0.00211,2.65487,2.62932,8,0x00000000,1,-0.70052,-0.67801,-0.00660,2.64681,2.72811,8,0x00000000,1,-0.67682,-0.67530,0.00874,-0.53620,-0.53953,8,0x00000000,1,-0.66386,-0.66387,0.00160,-0.30937,-0.02634,8,0x00000000,1,-0.85545,-0.85655,-0.00846,6.12642,6.30889,8,0x00000000,1
72.9330,0.94064,-0.60191,-39.15321,-0.05936,-0.60191,-0.06281,-0.60678,0.51906,1.24995,0.58187,1.85673,0.58187,1.85673,1.00000,0.00000,0,0.00044,-0.83657,-0.83885,0.00157,4.52280,4.55323,8,0x00000000,1,-0.69983,-0.68053,-0.01397,2.80041,2.81451,8,0x00000000,1,-0.70081,-0.67874,-0.00704,2.91503,2.91199,8,0x00000000,1,-0.67629,-0.67482,0.00950,-0.51968,-0.56864,8,0x00000000,1,-0.66330,-0.66382,-0.01424,-0.40809,-0.27339,8,0x00000000,1,-0.85563,-0.85657,-0.00650,6.12506,6.22050,8,0x00000000,1
73.0311,0.94399,-0.58756,-39.15687,-0.05601,-0.58756,-0.05849,-0.59534,0.52079,1.26711,0.57928,1.86244,0.57928,1.86244,1.00000,0.00000,0,0.00033,-0.83676,-0.83885,-0.00291,4.52080,4.40968,8,0x00000000,1,-0.69997,-0.68218,-0.01286,2.92484,2.94343,8,0x00000000,1,-0.70091,-0.67942,-0.01204,3.08666,3.08922,8,0x00000000,1,-0.67600,-0.67349,0.02389,-0.39589,-0.42032,8,0x00000000,1,-0.66302,-0.66373,-0.00511,-0.40746,-0.48654,8,0x00000000,1,-0.85578,-0.85659,-0.00534,6.14654,6.06832,8,0x00000000,1
73.1330,0.96717,-0.56381,-39.16911,-0.03283,-0.56381,-0.04420,-0.57623,0.52228,1.28381,0.56648,1.86004,0.56648,1.86004,1.00000,0.00000,0,0.00047,-0.83640,-0.83884,-0.00599,4.46986,4.52266,8,0x00000000,1,-0.70056,-0.68355,-0.02052,3.04262,3.09935,8,0x00000000,1,-0.70150,-0.68065,-0.01625,3.35571,3.15988,8,0x00000000,1,-0.67585,-0.67015,0.05839,-0.03716,-0.23685,8,0x00000000,1,-0.66278,-0.66360,0.00543,-0.38268,-0.32367,8,0x00000000,1,-0.85535,-0.85658,0.00047,6.09783,6.20641,8,0x00000000,1
73.2353,1.01625,-0.51978,-39.22263,0.01625,-0.51978,-0.00901,-0.54290,0.52296,1.29976,0.53197,1.84267,0.53197,1.84267,1.00000,0.00000,16,0.00057,-0.83498,-0.83879,0.00821,4.35024,4.32020,8,0x00000000,1,-0.70210,-0.68486,-0.02457,3.26421,3.54840,8,0x00000000,1,-0.70312,-0.68193,-0.02524,3.56796,3.57923,8,0x00000000,1,-0.67590,-0.66295,0.02838,0.49878,0.41403,8,0x00000000,1,-0.66254,-0.66348,-0.00588,-0.40121,-0.49344,8,0x00000000,1,-0.85379,-0.85660,-0.00425,5.97717,5.93928,8,0x00000000,1
73.3351,1.02691,-0.50096,-39.22534,0.02691,-0.50096,0.01853,-0.51407,0.52296,1.31476,0.50443,1.82883,0.50443,1.82883,1.00000,0.00000,16,0.00053,-0.83384,-0.83878,0.00536,4.19909,4.26930,8,0x00000000,1,-0.70332,-0.68669,-0.02778,3.43600,3.54487,8,0x00000000,1,-0.70442,-0.68394,-0.01250,3.82295,4.18581,8,0x00000000,1,-0.67593,-0.66250,0.00181,0.62560,0.61328,8,0x00000000,1,-0.66235,-0.66335,0.00204,-0.42778,-0.42126,8,0x00000000,1,-0.85254,-0.85659,0.00060,5.82539,5.87650,8,0x00000000,1
73.4359,1.03205,-0.47562,-39.23637,0.03205,-0.47562,0.02815,-0.49007,0.52231,1.32906,0.49415,1.81913,0.49415,1.81913,1.00000,0.00000,0,0.00055,-0.83323,-0.83875,0.00388,4.09251,4.13068,8,0x00000000,1,-0.70377,-0.68834,-0.01031,3.58067,3.58953,8,0x00000000,1,-0.70492,-0.68670,-0.03296,3.85574,3.77650,8,0x00000000,1,-0.67613,-0.66255,0.00554,0.78349,0.81739,8,0x00000000,1,-0.66245,-0.66328,-0.00479,-0.43921,-0.47544,8,0x00000000,1,-0.85190,-0.85659,0.00018,5.74403,5.60745,8,0x00000000,1
73.5389,1.04303,-0.44499,-39.25060,0.04303,-0.44499,0.03660,-0.46154,0.52139,1.34261,0.48479,1.80415,0.48479,1.80415,1.00000,0.00000,0,0.00048,-0.83241,-0.83871,-0.00104,3.92934,3.97884,8,0x00000000,1,-0.70415,-0.68975,-0.01859,3.68526,3.71552,8,0x00000000,1,-0.70539,-0.69062,-0.05122,3.72492,3.59558,8,0x00000000,1,-0.67657,-0.66270,-0.01368,0.95283,1.00543,8,0x00000000,1,-0.66277,-0.66321,0.00438,-0.39527,-0.36326,8,0x00000000,1,-0.85109,-0.85658,0.00301,5.64282,5.69167,8,0x00000000,1
73.6383,1.06272,-0.29174,-39.34246,0.06272,-0.29174,0.04880,-0.38236,0.52019,1.35496,0.47139,1.73733,0.47139,1.73733,1.00000,0.00000,0,0.00036,-0.82934,-0.83861,0.01475,3.74528,3.85222,8,0x00000000,1,-0.70452,-0.69199,-0.03191,3.69131,3.62660,8,0x00000000,1,-0.70622,-0.70994,-0.09949,2.44965,2.54541,8,0x00000000,1,-0.67907,-0.66286,-0.00112,1.22269,1.07856,8,0x00000000,1,-0.66497,-0.66322,-0.00445,-0.28305,-0.25566,8,0x00000000,1,-0.84822,-0.85656,0.00004,5.39459,5.55752,8,0x00000000,1
73.7397,1.07083,-0.25402,-39.36648,1.07083,-0.25402,0.48749,-0.28902,0.56819,1.36424,0.08070,1.65326,0.08070,1.65326,0.00000,0.00000,0,0.00045,-0.81796,-0.83831,-0.00212,2.94511,2.89799,8,0x00000000,1,-0.72235,-0.69532,-0.11576,4.23037,4.14436,8,0x00000000,1,-0.72425,-0.71328,-0.04523,3.17728,3.14639,8,0x00000000,1,-0.67493,-0.66335,0.00390,1.37930,1.43154,8,0x00000000,1,-0.65799,-0.66321,0.00008,-0.48003,-0.32434,8,0x00000000,1,-0.83479,-0.85648,-0.00281,4.54506,4.39777,8,0x00000000,1
73.8404,1.13803,0.16305,-39.26246,1.13803,0.16305,0.99751,-0.07779,0.54506,1.37038,-0.45245,1.44817,-0.45245,1.44817,0.00000,0.00000,0,0.00031,-0.79863,-0.83707,0.02161,1.14498,1.14872,8,0x00000000,1,-0.74631,-0.73205,-0.42794,3.53739,3.66487,8,0x00000000,1,-0.74925,-0.74408,-0.35380,3.01047,2.81959,8,0x00000000,1,-0.67297,-0.66298,0.00263,1.05502,0.97855,8,0x00000000,1,-0.65195,-0.65634,-0.00046,-0.97736,-0.92585,8,0x00000000,1,-0.81308,-0.85608,0.00399,2.26579,2.20916,8,0x00000000,1
73.9417,1.16457,0.45084,-39.22075,1.16457,0.45084,1.13281,0.31936,0.51420,1.36616,-0.61862,1.04680,-0.61862,1.04680,0.00000,0.00000,0,0.00050,-0.77853,-0.83271,0.10130,-0.14752,-0.31990,8,0x00000000,1,-0.75243,-0.75295,-0.02274,3.38442,3.45001,8,0x00000000,1,-0.75828,-0.75836,-0.01900,3.15766,3.10504,8,0x00000000,1,-0.68632,-0.66484,-0.04116,2.28994,2.32133,8,0x00000000,1,-0.66297,-0.65649,-0.00147,0.08390,-0.03194,8,0x00000000,1,-0.79354,-0.85556,0.00350,0.57406,0.73719,8,0x00000000,1
74.0457,1.15807,0.48114,-39.21423,1.15807,0.48114,1.15920,0.44600,0.48142,1.35476,-0.67778,0.90876,-0.67778,0.90876,0.00000,0.00000,0,0.00059,-0.77158,-0.81408,0.31158,0.71879,0.20063,8,0x00000000,1,-0.75462,-0.75396,-0.00693,3.43942,3.37737,8,0x00000000,1,-0.76148,-0.75989,-0.00606,3.15068,3.14486,8,0x00000000,1,-0.69088,-0.66749,-0.01659,2.54446,2.62285,8,0x00000000,1,-0.66670,-0.65671,0.00262,0.40049,0.39077,8,0x00000000,1,-0.78676,-0.85517,0.00931,-0.58452,-0.44912,8,0x00000000,1
74.1484,1.11144,0.53394,-39.15540,1.11144,0.53394,1.12737,0.50860,0.44881,1.34110,-0.67856,0.83249,-0.67856,0.83249,0.00000,0.00000,0,0.00037,-0.76839,-0.80474,0.04006,-0.03800,0.07727,8,0x00000000,1,-0.75435,-0.75417,-0.01030,3.34565,3.32349,8,0x00000000,1,-0.76180,-0.76040,0.00002,3.12652,3.07349,8,0x00000000,1,-0.69403,-0.67007,-0.04512,2.78781,2.90030,8,0x00000000,1,-0.66959,-0.65692,-0.00413,0.66202,0.49549,8,0x00000000,1,-0.78385,-0.85469,0.01968,-1.50785,-1.45154,8,0x00000000,1
74.2536,1.09641,0.54111,-39.13529,1.09641,0.54111,1.10662,0.53257,0.41701,1.32620,-0.68960,0.79363,-0.68960,0.79363,0.00000,0.00000,0,0.00037,-0.76655,-0.80210,0.00991,-0.51779,-0.41338,8,0x00000000,1,-0.75471,-0.75421,0.00697,3.41365,3.31597,8,0x00000000,1,-0.76245,-0.76086,-0.00238,3.16465,3.31355,8,0x00000000,1,-0.69542,-0.67382,-0.02888,2.92268,2.92453,8,0x00000000,1,-0.67079,-0.65726,-0.00341,0.86443,0.77404,8,0x00000000,1,-0.78208,-0.85379,0.02866,-2.39103,-2.28565,8,0x00000000,1
74.3549,1.08758,0.54966,-39.13314,1.08758,0.54966,1.09316,0.54488,0.38569,1.31082,-0.70747,0.76594,-0.70747,0.76594,0.00000,0.00000,0,0.00031,-0.76503,-0.79990,0.01945,-0.88019,-0.83837,8,0x00000000,1,-0.75542,-0.75433,-0.00053,3.44697,3.49182,8,0x00000000,1,-0.76337,-0.76135,-0.00826,3.20428,3.29144,8,0x00000000,1,-0.69622,-0.67561,-0.00434,3.15705,3.14290,8,0x00000000,1,-0.67138,-0.65748,-0.00110,1.02815,1.19985,8,0x00000000,1,-0.78057,-0.84887,0.03696,-2.99668,-2.90952,8,0x00000000,1
74.4570,1.06439,0.57507,-39.11227,1.06439,0.57507,1.07828,0.55937,0.35475,1.29510,-0.72354,0.73573,-0.72354,0.73573,0.00000,0.00000,0,0.00031,-0.76345,-0.79714,0.04060,-1.20237,-1.11384,8,0x00000000,1,-0.75605,-0.75447,0.00069,3.49067,3.35708,8,0x00000000,1,-0.76421,-0.76202,-0.00862,3.23705,3.25884,8,0x00000000,1,-0.69716,-0.67719,-0.01510,3.37711,3.29675,8,0x00000000,1,-0.67212,-0.65778,-0.00291,1.21887,1.21484,8,0x00000000,1,-0.77900,-0.83738,0.37530,-2.09562,-2.06754,8,0x00000000,1
74.5583,0.91618,0.65577,-39.22064,0.91618,0.65577,0.97453,0.62110,0.32537,1.27819,-0.64916,0.65709,-0.64916,0.65709,0.00000,0.00000,0,0.00029,-0.76168,-0.79414,0.01930,-1.54396,-1.44525,8,0x00000000,1,-0.75229,-0.75449,0.00372,3.21320,3.16270,8,0x00000000,1,-0.76109,-0.76282,-0.00055,2.98822,2.86870,8,0x00000000,1,-0.70189,-0.67945,-0.03245,3.79311,3.93913,8,0x00000000,1,-0.67705,-0.65876,-0.00715,1.73815,1.75714,8,0x00000000,1,-0.77796,-0.81630,0.00041,-2.38866,-2.43760,8,0x00000000,1
74.6633,0.89440,0.66702,-39.18217,0.89440,0.66702,0.92627,0.66012,0.29840,1.25973,-0.62786,0.59960,-0.62786,0.59960,0.00000,0.00000,0,0.00166,-0.75971,-0.78842,0.14438,-1.30519,-1.20113,8,0x00000000,1,-0.75108,-0.75449,0.00218,3.10600,3.13417,8,0x00000000,1,-0.76032,-0.76292,-0.00227,2.92099,2.37184,8,0x00000000,1,-0.70469,-0.68226,-0.03982,4.02860,3.88020,8,0x00000000,1,-0.67979,-0.66016,0.00194,2.05298,1.89208,8,0x00000000,1,-0.77634,-0.81472,0.02607,-2.83744,-2.83181,8,0x00000000,1
74.7652,0.76420,0.76653,-39.04242,0.76420,0.76653,0.84140,0.71286,0.27314,1.24031,-0.56827,0.52745,-0.56827,0.52745,0.00000,0.00000,0,0.00047,-0.75791,-0.76366,0.28744,0.37969,0.04623,8,0x00000000,1,-0.74804,-0.75448,0.00511,2.86061,2.86640,8,0x00000000,1,-0.75785,-0.76294,0.00444,2.70873,2.70353,8,0x00000000,1,-0.70887,-0.68496,-0.02806,4.37254,4.38202,8,0x00000000,1,-0.68409,-0.66142,-0.01836,2.44322,2.50335,8,0x00000000,1,-0.77516,-0.81252,0.03244,-3.19774,-3.35807,8,0x00000000,1
74.8681,0.68816,0.80765,-38.99178,0.68816,0.80765,0.73623,0.79013,0.25091,1.21862,-0.48532,0.42849,-0.48532,0.42849,0.00000,0.00000,0,0.00161,-0.75546,-0.75844,0.00296,-0.30463,-0.40262,8,0x00000000,1,-0.74382,-0.75449,-0.00609,2.44349,2.35268,8,0x00000000,1,-0.75440,-0.76284,0.00013,2.38135,2.45973,8,0x00000000,1,-0.71462,-0.68916,-0.06447,4.72945,4.65360,8,0x00000000,1,-0.69001,-0.66348,-0.02024,3.02426,3.08157,8,0x00000000,1,-0.77358,-0.80814,0.08648,-3.31623,-3.12630,8,0x00000000,1
74.9676,0.51143,0.87429,-39.07785,0.51143,0.87429,0.61497,0.83551,0.23149,1.19556,-0.38348,0.36006,-0.38348,0.36006,0.00000,0.00000,0,0.00029,-0.75466,-0.75779,0.00852,-0.33510,-0.26874,8,0x00000000,1,-0.73886,-0.75444,-0.00621,1.98426,1.86742,8,0x00000000,1,-0.74997,-0.76269,0.00160,2.00189,2.16625,8,0x00000000,1,-0.71947,-0.69997,-0.16537,4.25348,4.30515,8,0x00000000,1,-0.69526,-0.66504,-0.02429,3.52644,3.42617,8,0x00000000,1,-0.77365,-0.78339,0.15923,-1.72705,-1.66046,8,0x00000000,1
75.0711,0.34561,0.81831,-39.01314,0.34561,0.81831,0.42702,0.83919,0.21694,1.17146,-0.21008,0.33227,-0.21008,0.33227,0.00000,0.00000,0,0.00050,-0.75698,-0.75767,-0.01208,-0.20404,-0.22642,8,0x00000000,1,-0.73075,-0.75418,0.00865,1.15264,1.19770,8,0x00000000,1,-0.74211,-0.76208,0.00522,1.24955,1.18000,8,0x00000000,1,-0.72404,-0.71781,-0.07726,3.85950,3.89761,8,0x00000000,1,-0.70082,-0.67243,-0.05641,3.79762,3.69868,8,0x00000000,1,-0.77714,-0.78091,0.00107,-1.86143,-1.94292,8,0x00000000,1
75.1757,0.27859,0.79176,-39.01040,0.27859,0.79176,0.31800,0.80379,0.20661,1.14815,-0.11140,0.34436,-0.11140,0.34436,0.00000,0.00000,0,0.00027,-0.75946,-0.75775,-0.01086,-0.02446,-0.03462,8,0x00000000,1,-0.72625,-0.75326,0.01258,0.69862,0.86509,8,0x00000000,1,-0.73753,-0.76129,0.00962,0.77978,0.80393,8,0x00000000,1,-0.72549,-0.72087,-0.00998,3.93059,3.93993,8,0x00000000,1,-0.70293,-0.67624,-0.04892,3.94874,3.92187,8,0x00000000,1,-0.78018,-0.78093,-0.00560,-1.67356,-1.65115,8,0x00000000,1
75.2753,0.22199,0.76886,-39.04226,0.22199,0.76886,0.26072,0.78245,0.19838,1.12555,-0.06234,0.34310,-0.06234,0.34310,0.00000,0.00000,0,0.00105,-0.76039,-0.75777,-0.00620,0.06567,0.01386,8,0x00000000,1,-0.72399,-0.75233,0.02000,0.34609,0.46651,8,0x00000000,1,-0.73529,-0.76042,0.01031,0.44711,0.46835,8,0x00000000,1,-0.72650,-0.72173,-0.00518,4.00670,4.00445,8,0x00000000,1,-0.70425,-0.68622,-0.10928,3.45660,3.50274,8,0x00000000,1,-0.78142,-0.78093,-0.00607,-1.63236,-1.51373,8,0x00000000,1
75.3762,0.17703,0.74880,-39.09235,0.17703,0.74880,0.19989,0.76093,0.19195,1.10357,-0.00794,0.34263,-0.00794,0.34263,0.00000,0.00000,0,0.00042,-0.76146,-0.75786,0.00364,0.18678,0.08674,8,0x00000000,1,-0.72148,-0.75074,0.00846,-0.13634,-0.15429,8,0x00000000,1,-0.73279,-0.75841,0.02042,0.12786,0.14653,8,0x00000000,1,-0.72759,-0.72244,-0.00706,4.06479,4.06962,8,0x00000000,1,-0.70568,-0.69177,-0.02704,3.61872,3.74903,8,0x00000000,1,-0.78283,-0.78094,-0.00624,-1.52475,-1.52191,8,0x00000000,1
75.4774,0.13369,0.71866,-39.10308,0.13369,0.71866,0.15745,0.73451,0.18688,1.08226,0.02944,0.34775,0.02944,0.34775,0.00000,0.00000,0,0.00031,-0.76242,-0.75798,-0.00683,0.22744,0.33364,8,0x00000000,1,-0.71977,-0.74943,0.01989,-0.45315,-0.34015,8,0x00000000,1,-0.73106,-0.75665,0.01983,-0.17727,-0.30525,8,0x00000000,1,-0.72812,-0.72314,-0.01018,4.11847,4.14045,8,0x00000000,1,-0.70646,-0.69577,-0.02689,3.52608,3.43426,8,0x00000000,1,-0.78401,-0.78094,0.00429,-1.39104,-1.46785,8,0x00000000,1
75.5797,0.11594,0.70307,-39.10954,0.11594,0.70307,0.12704,0.71324,0.18290,1.06167,0.05585,0.34843,0.05585,0.34843,0.00000,0.00000,0,0.00034,-0.76298,-0.75813,-0.00808,0.35157,0.27812,8,0x00000000,1,-0.71856,-0.74789,0.01449,-0.81933,-0.68716,8,0x00000000,1,-0.72985,-0.75491,0.02851,-0.42553,-0.41764,8,0x00000000,1,-0.72861,-0.72365,-0.00692,4.17121,4.12381,8,0x00000000,1,-0.70712,-0.69757,-0.01816,3.61313,3.58870,8,0x00000000,1,-0.78473,-0.78100,-0.00819,-1.34677,-1.44776,8,0x00000000,1
75.6848,0.10733,0.68725,-39.10355,0.10733,0.68725,0.11279,0.69608,0.17951,1.04160,0.06672,0.34553,0.06672,0.34553,0.00000,0.00000,0,0.00039,-0.76308,-0.75826,-0.00538,0.40655,0.37888,8,0x00000000,1,-0.71805,-0.74676,0.00222,-1.13674,-1.18959,8,0x00000000,1,-0.72936,-0.75301,0.01456,-0.62128,-0.51017,8,0x00000000,1,-0.72894,-0.72421,-0.01082,4.19471,4.24137,8,0x00000000,1,-0.70751,-0.69860,-0.01301,3.67398,3.78652,8,0x00000000,1,-0.78490,-0.78097,0.00499,-1.27513,-1.27664,8,0x00000000,1
75.7855,0.09300,0.67100,-39.08691,0.09300,0.67100,0.10263,0.68068,0.17644,1.02199,0.07381,0.34131,0.07381,0.34131,0.00000,0.00000,0,0.00137,-0.76304,-0.75834,0.00105,0.46076,0.51279,8,0x00000000,1,-0.71770,-0.74547,0.01002,-1.38030,-1.47766,8,0x00000000,1,-0.72905,-0.75087,0.01848,-0.80944,-0.83697,8,0x00000000,1,-0.72926,-0.72458,-0.01458,4.26860,4.39015,8,0x00000000,1,-0.70786,-0.69949,0.00321,3.79690,3.73099,8,0x00000000,1,-0.78493,-0.78100,0.00291,-1.19179,-1.26312,8,0x00000000,1
75.8877,0.08834,0.65772,-39.09210,0.08834,0.65772,0.09384,0.66604,0.17364,1.00281,0.07980,0.33677,0.07980,0.33677,0.00000,0.00000,0,0.00054,-0.76297,-0.75841,0.00523,0.48453,0.42110,8,0x00000000,1,-0.71741,-0.74362,0.01873,-1.62811,-1.61301,8,0x00000000,1,-0.72879,-0.74907,0.02481,-0.92847,-1.26236,8,0x00000000,1,-0.72957,-0.72489,-0.00329,4.32660,4.38591,8,0x00000000,1,-0.70819,-0.70028,0.00013,3.85572,3.86131,8,0x00000000,1,-0.78491,-0.78105,-0.01346,-1.22575,-1.20441,8,0x00000000,1
75.9900,0.08165,0.64152,-39.09136,0.08165,0.64152,0.08688,0.65263,0.17108,0.98402,0.08419,0.33138,0.08419,0.33138,0.00000,0.00000,0,0.00034,-0.76284,-0.75851,-0.01241,0.51257,0.56906,8,0x00000000,1,-0.71719,-0.73838,0.13020,-1.25691,-1.39697,8,0x00000000,1,-0.72860,-0.74744,0.02093,-1.09594,-1.06812,8,0x00000000,1,-0.72988,-0.72523,-0.00281,4.40241,4.33998,8,0x00000000,1,-0.70851,-0.70151,-0.01254,3.86038,3.97841,8,0x00000000,1,-0.78483,-0.78104,0.00117,-1.16274,-1.15939,8,0x00000000,1
76.0911,0.07349,0.47391,-39.23758,0.07349,0.47391,0.07330,0.56571,0.16880,0.96635,0.09550,0.40064,0.09550,0.40064,0.00000,0.00000,0,0.00035,-0.76595,-0.75867,-0.01520,0.70577,0.70570,8,0x00000000,1,-0.71693,-0.71925,0.00369,-0.51467,-0.42082,8,0x00000000,1,-0.72785,-0.74376,0.07206,-0.94710,-1.09327,8,0x00000000,1,-0.72721,-0.72546,0.00378,4.31420,4.23928,8,0x00000000,1,-0.70616,-0.70408,-0.05609,3.48336,3.46522,8,0x00000000,1,-0.78775,-0.78111,-0.00239,-0.92939,-1.08071,8,0x00000000,1
76.1958,0.02436,0.40107,-39.17285,0.02436,0.40107,0.05075,0.45378,0.16688,0.95195,0.11613,0.49817,0.11613,0.49817,0.00000,0.00000,0,0.00030,-0.77042,-0.75969,-0.02639,1.15754,1.04916,8,0x00000000,1,-0.71634,-0.71855,-0.00578,-0.54022,-0.48421,8,0x00000000,1,-0.72657,-0.73359,0.01366,-0.66929,-0.47073,8,0x00000000,1,-0.72356,-0.72544,0.00083,3.94961,4.03670,8,0x00000000,1,-0.70298,-0.70805,-0.03797,2.99159,3.09566,8,0x00000000,1,-0.79199,-0.78147,-0.01010,-0.52876,-0.56566,8,0x00000000,1
76.2960,0.02407,0.36897,-39.19286,0.02407,0.36897,0.03316,0.39559,0.16577,0.93999,0.13261,0.54440,0.13261,0.54440,0.00000,0.00000,0,0.00043,-0.77268,-0.76045,-0.00269,1.40439,1.29674,8,0x00000000,1,-0.71576,-0.71731,0.00961,-0.48551,-0.41072,8,0x00000000,1,-0.72566,-0.72854,0.16153,-0.04001,-0.29500,8,0x00000000,1,-0.72196,-0.72544,-0.00822,3.86331,3.78331,8,0x00000000,1,-0.70165,-0.71007,-0.01053,2.79779,2.74887,8,0x00000000,1,-0.79417,-0.78176,0.00025,-0.26488,-0.33293,8,0x00000000,1
76.3980,-0.00365,0.27692,-39.11207,-0.00365,0.27692,0.00606,0.31051,0.16536,0.92999,0.15929,0.61948,0.15929,0.61948,0.00000,0.00000,16,0.00029,-0.77634,-0.76132,-0.00744,1.76276,1.75465,8,0x00000000,1,-0.71481,-0.71659,-0.00001,-0.54808,-0.56793,8,0x00000000,1,-0.72418,-0.71760,0.01619,0.19234,0.21113,8,0x00000000,1,-0.71936,-0.72534,0.00011,3.58640,3.52568,8,0x00000000,1,-0.69948,-0.71046,-0.00181,2.51264,2.35436,8,0x00000000,1,-0.79772,-0.78200,0.00069,0.15468,0.07287,8,0x00000000,1
76.4975,-0.00206,0.26826,-39.11497,-0.00206,0.26826,0.00365,0.27897,0.16536,0.92168,0.16171,0.64271,0.16171,0.64271,0.00000,0.00000,16,0.00027,-0.77736,-0.76229,-0.00406,1.86809,1.86051,8,0x00000000,1,-0.71478,-0.71587,0.00500,-0.48736,-0.49068,8,0x00000000,1,-0.72399,-0.71736,-0.00020,0.26142,0.14242,8,0x00000000,1,-0.71844,-0.72529,-0.00198,3.50586,3.60748,8,0x00000000,1,-0.69866,-0.71046,-0.00675,2.32096,2.46218,8,0x00000000,1,-0.79866,-0.78219,0.00735,0.35871,0.39902,8,0x00000000,1
76.5995,0.00693,0.26178,-39.12949,0.00693,0.26178,0.00567,0.26770,0.16536,0.91392,0.15969,0.64622,0.15969,0.64622,0.00000,0.00000,16,0.00038,-0.77747,-0.76294,0.00146,2.01880,2.01140,8,0x00000000,1,-0.71489,-0.71574,0.00751,-0.46940,-0.40642,8,0x00000000,1,-0.72407,-0.71736,0.00049,0.34601,0.22929,8,0x00000000,1,-0.71826,-0.72526,-0.00347,3.45070,3.47127,8,0x00000000,1,-0.69847,-0.71044,0.00034,2.19185,2.15539,8,0x00000000,1,-0.79874,-0.78239,0.00089,0.53198,0.47033,8,0x00000000,1
76.7049,0.00349,0.25835,-39.12561,0.00349,0.25835,0.00494,0.26206,0.16536,0.90638,0.16042,0.64432,0.16042,0.64432,0.00000,0.00000,16,0.00076,-0.77740,-0.76356,-0.00648,2.16449,2.20963,8,0x00000000,1,-0.71485,-0.71569,0.00753,-0.50959,-0.45820,8,0x00000000,1,-0.72404,-0.71737,-0.00303,0.44565,0.37237,8,0x00000000,1,-0.71835,-0.72524,-0.00735,3.33500,3.32663,8,0x00000000,1,-0.69856,-0.71043,0.00204,2.05983,2.10685,8,0x00000000,1,-0.79869,-0.78261,0.00279,0.72017,0.65250,8,0x00000000,1
