t_s,roll,pitch,err_r,err_p,err_r_filt,err_p_filt,integ_r,integ_p,pi_out_r,pi_out_p,corr_r,corr_p,target_roll,target_pitch,clip_flags,dt_actual
0.0000,0.16402,0.01353,0.16402,0.01353,0.16732,0.01443,-0.18544,1.42229,-0.43642,1.40064,-0.43642,1.40064,0.00000,0.00000,32,0.00032
0.1022,0.16168,0.01703,0.16168,0.01703,0.16369,0.01580,-0.19370,1.42229,-0.43924,1.39859,-0.43924,1.39859,0.00000,0.00000,32,0.00025
0.2028,0.15685,0.01881,0.15685,0.01881,0.15934,0.01808,-0.20176,1.42229,-0.44077,1.39516,-0.44077,1.39516,0.00000,0.00000,32,0.00027
0.3033,0.14840,0.01883,0.14840,0.01883,0.15257,0.01892,-0.20955,1.42229,-0.43840,1.39390,-0.43840,1.39390,0.00000,0.00000,32,0.00026
0.4058,0.14015,0.01779,0.14015,0.01779,0.14373,0.01853,-0.21691,1.42229,-0.43251,1.39450,-0.43251,1.39450,0.00000,0.00000,32,0.00035
0.5060,0.13118,0.01283,0.13118,0.01283,0.13555,0.01530,-0.22386,1.42229,-0.42719,1.39934,-0.42719,1.39934,0.00000,0.00000,32,0.00028
0.6102,0.11994,0.00201,0.11994,0.00201,0.12542,0.00658,-0.23034,1.42229,-0.41848,1.41242,-0.41848,1.41242,0.00000,0.00000,32,0.00033
0.7135,0.08369,-0.01876,0.08369,-0.01876,0.10032,-0.00849,-0.23596,1.42229,-0.38644,1.43502,-0.38644,1.43502,0.00000,0.00000,32,0.00091
0.8138,0.05903,-0.03436,0.05903,-0.03436,0.07046,-0.02809,-0.24003,1.42304,-0.34573,1.46517,-0.34573,1.46517,0.00000,0.00000,0,0.00028
0.9162,0.05591,-0.04024,0.05591,-0.04024,0.05895,-0.03755,-0.24316,1.42477,-0.33159,1.48110,-0.33159,1.48110,0.00000,0.00000,0,0.00041
1.0175,0.05103,-0.04491,0.05103,-0.04491,0.05415,-0.04268,-0.24596,1.42682,-0.32719,1.49084,-0.32719,1.49084,0.00000,0.00000,0,0.00031
1.1208,0.05114,-0.04282,0.05114,-0.04282,0.05103,-0.04314,-0.24856,1.42898,-0.32510,1.49369,-0.32510,1.49369,0.00000,0.00000,0,0.00122
1.2207,0.04842,-0.04416,0.04842,-0.04416,0.04984,-0.04377,-0.25108,1.43116,-0.32583,1.49681,-0.32583,1.49681,0.00000,0.00000,0,0.00028
1.3228,0.04928,-0.04354,0.04928,-0.04354,0.04895,-0.04377,-0.25354,1.43336,-0.32696,1.49901,-0.32696,1.49901,0.00000,0.00000,0,0.00027
1.4243,0.05011,-0.04428,0.05011,-0.04428,0.04971,-0.04432,-0.25599,1.43557,-0.33056,1.50205,-0.33056,1.50205,0.00000,0.00000,0,0.00080
1.5258,0.05480,-0.04419,0.05480,-0.04419,0.05297,-0.04378,-0.25856,1.43775,-0.33802,1.50342,-0.33802,1.50342,0.00000,0.00000,0,0.00106
1.6271,0.05870,-0.04203,0.05870,-0.04203,0.05641,-0.04324,-0.26130,1.43994,-0.34593,1.50481,-0.34593,1.50481,0.00000,0.00000,0,0.00028
1.7274,0.05517,-0.04013,0.05517,-0.04013,0.05580,-0.04063,-0.26411,1.44201,-0.34781,1.50295,-0.34781,1.50295,0.00000,0.00000,0,0.00034
1.8304,0.05500,-0.03972,0.05500,-0.03972,0.05546,-0.03995,-0.26690,1.44401,-0.35008,1.50394,-0.35008,1.50394,0.00000,0.00000,0,0.00027
1.9332,0.05447,-0.03846,0.05447,-0.03846,0.05509,-0.03860,-0.26965,1.44597,-0.35229,1.50386,-0.35229,1.50386,0.00000,0.00000,0,0.00090
2.0331,0.05754,-0.03751,0.05754,-0.03751,0.05638,-0.03775,-0.27244,1.44787,-0.35701,1.50450,-0.35701,1.50450,0.00000,0.00000,0,0.00028
2.1358,0.05729,-0.03960,0.05729,-0.03960,0.05696,-0.03899,-0.27527,1.44978,-0.36071,1.50827,-0.36071,1.50827,0.00000,0.00000,0,0.00148
2.2355,0.05394,-0.04196,0.05394,-0.04196,0.05533,-0.04125,-0.27808,1.45180,-0.36107,1.51368,-0.36107,1.51368,0.00000,0.00000,0,0.00044
2.3358,0.05471,-0.04423,0.05471,-0.04423,0.05462,-0.04293,-0.28083,1.45390,-0.36276,1.51830,-0.36276,1.51830,0.00000,0.00000,0,0.00045
2.4377,0.05216,-0.04511,0.05216,-0.04511,0.05413,-0.04465,-0.28357,1.45611,-0.36477,1.52308,-0.36477,1.52308,0.00000,0.00000,0,0.00040
2.5394,0.05427,-0.04914,0.05427,-0.04914,0.05369,-0.04790,-0.28625,1.45843,-0.36678,1.53028,-0.36678,1.53028,0.00000,0.00000,0,0.00034
2.6409,0.05606,-0.04815,0.05606,-0.04815,0.05575,-0.04841,-0.28899,1.46085,-0.37262,1.53346,-0.37262,1.53346,0.00000,0.00000,0,0.00030
2.7416,0.05641,-0.05091,0.05641,-0.05091,0.05692,-0.04966,-0.29183,1.46330,-0.37722,1.53780,-0.37722,1.53780,0.00000,0.00000,0,0.00028
2.8421,0.05314,-0.05282,0.05314,-0.05282,0.05453,-0.05187,-0.29462,1.46585,-0.37641,1.54366,-0.37641,1.54366,0.00000,0.00000,0,0.00027
2.9434,0.05022,-0.05605,0.05022,-0.05605,0.05227,-0.05491,-0.29728,1.46855,-0.37568,1.55091,-0.37568,1.55091,0.00000,0.00000,0,0.00097
3.0443,0.05050,-0.05651,0.05050,-0.05651,0.05061,-0.05543,-0.29984,1.47131,-0.37575,1.55446,-0.37575,1.55446,0.00000,0.00000,0,0.00037
3.1455,0.04817,-0.05741,0.04817,-0.05741,0.04809,-0.05676,-0.30226,1.47412,-0.37439,1.55926,-0.37439,1.55926,0.00000,0.00000,0,0.00030
3.2488,0.05206,-0.05813,0.05206,-0.05813,0.05029,-0.05768,-0.30470,1.47699,-0.38014,1.56351,-0.38014,1.56351,0.00000,0.00000,0,0.00031
3.3512,0.05289,-0.05782,0.05289,-0.05782,0.05234,-0.05802,-0.30729,1.47989,-0.38580,1.56692,-0.38580,1.56692,0.00000,0.00000,0,0.00028
3.4528,0.05159,-0.05670,0.05159,-0.05670,0.05369,-0.05697,-0.30997,1.48276,-0.39050,1.56822,-0.39050,1.56822,0.00000,0.00000,0,0.00026
3.5532,0.05648,-0.05518,0.05648,-0.05518,0.05511,-0.05541,-0.31270,1.48556,-0.39537,1.56868,-0.39537,1.56868,0.00000,0.00000,0,0.00027
3.6551,0.05086,-0.05371,0.05086,-0.05371,0.05266,-0.05432,-0.31538,1.48832,-0.39437,1.56980,-0.39437,1.56980,0.00000,0.00000,0,0.00030
3.7562,0.05201,-0.04991,0.05201,-0.04991,0.05262,-0.05158,-0.31803,1.49096,-0.39696,1.56833,-0.39696,1.56833,0.00000,0.00000,0,0.00035
3.8588,0.12287,0.00490,0.12287,0.00490,0.10140,-0.01528,-0.32198,1.49253,-0.47409,1.51545,-0.47409,1.51545,0.00000,0.00000,32,0.00036
3.9601,0.12206,-0.00333,0.12206,-0.00333,0.12291,-0.00546,-0.32787,1.49253,-0.51224,1.50072,-0.51224,1.50072,0.00000,0.00000,32,0.00033
4.0623,0.13282,0.00067,0.13282,0.00067,0.13112,-0.00011,-0.33429,1.49253,-0.53098,1.49269,-0.53098,1.49269,0.00000,0.00000,32,0.00027
4.1638,0.13359,0.00078,0.13359,0.00078,0.13416,0.00139,-0.34094,1.49253,-0.54218,1.49044,-0.54218,1.49044,0.00000,0.00000,32,0.00090
4.2644,0.12959,-0.00025,0.12959,-0.00025,0.13268,-0.00006,-0.34763,1.49253,-0.54665,1.49261,-0.54665,1.49261,0.00000,0.00000,32,0.00029
4.3667,0.13121,0.00252,0.13121,0.00252,0.13127,0.00108,-0.35422,1.49253,-0.55112,1.49091,-0.55112,1.49091,0.00000,0.00000,32,0.00037
4.4678,0.12285,0.00474,0.12285,0.00474,0.12735,0.00330,-0.36070,1.49253,-0.55173,1.48758,-0.55173,1.48758,0.00000,0.00000,32,0.00028
4.5701,0.12820,0.00597,0.12820,0.00597,0.12696,0.00527,-0.36704,1.49253,-0.55747,1.48462,-0.55747,1.48462,0.00000,0.00000,32,0.00103
4.6715,0.12634,0.00861,0.12634,0.00861,0.12671,0.00724,-0.37335,1.49253,-0.56342,1.48167,-0.56342,1.48167,0.00000,0.00000,32,0.00029
4.7718,0.12742,0.00854,0.12742,0.00854,0.12709,0.00836,-0.37971,1.49253,-0.57034,1.47999,-0.57034,1.47999,0.00000,0.00000,32,0.00025
4.8731,0.12569,0.00914,0.12569,0.00914,0.12544,0.00868,-0.38600,1.49253,-0.57415,1.47951,-0.57415,1.47951,0.00000,0.00000,32,0.00090
4.9743,0.12254,0.01164,0.12254,0.01164,0.12406,0.01024,-0.39223,1.49253,-0.57833,1.47716,-0.57833,1.47716,0.00000,0.00000,32,0.00118
5.0753,0.12572,0.03180,0.12572,0.03180,0.12484,0.02213,-0.39845,1.49231,-0.58572,1.45911,-0.58572,1.45911,0.00000,0.00000,0,0.00029
5.1764,0.11317,0.09219,0.11317,0.09219,0.11802,0.06553,-0.40453,1.49003,-0.58155,1.39173,-0.58155,1.39173,0.00000,0.00000,0,0.00028
5.2781,0.10357,0.14913,0.10357,0.14913,0.10878,0.12308,-0.41017,1.48506,-0.57333,1.30044,-0.57333,1.30044,0.00000,0.00000,0,0.00029
5.3802,0.09658,0.17046,0.09658,0.17046,0.09902,0.15869,-0.41528,1.47772,-0.56382,1.23968,-0.56382,1.23968,0.00000,0.00000,0,0.00034
5.4808,0.06287,0.17238,0.06287,0.17238,0.07692,0.17035,-0.41965,1.46936,-0.53504,1.21383,-0.53504,1.21383,0.00000,0.00000,0,0.00026
5.5826,0.04164,0.17555,0.04164,0.17555,0.05232,0.17436,-0.42274,1.46071,-0.50122,1.19917,-0.50122,1.19917,0.00000,0.00000,0,0.00024
5.6850,0.01892,0.17322,0.01892,0.17322,0.02997,0.17412,-0.42469,1.45198,-0.46964,1.19080,-0.46964,1.19080,0.00000,0.00000,0,0.00039
5.7856,-0.01434,0.17109,-0.01434,0.17109,0.00264,0.17190,-0.42517,1.44333,-0.42914,1.18547,-0.42914,1.18547,0.00000,0.00000,16,0.00034
5.8864,-0.05740,0.16661,-0.05740,0.16661,-0.03959,0.17056,-0.42422,1.43473,-0.36484,1.17890,-0.36484,1.17890,0.00000,0.00000,0,0.00043
5.9880,-0.10587,0.14093,-0.10587,0.14093,-0.08239,0.15327,-0.42103,1.42663,-0.29745,1.19673,-0.29745,1.19673,0.00000,0.00000,0,0.00035
6.0893,-0.13095,0.12387,-0.13095,0.12387,-0.11965,0.13074,-0.41569,1.41972,-0.23621,1.22360,-0.23621,1.22360,0.00000,0.00000,0,0.00028
6.1901,-0.13784,0.11970,-0.13784,0.11970,-0.13289,0.12239,-0.40927,1.41346,-0.20993,1.22987,-0.20993,1.22987,0.00000,0.00000,0,0.00032
6.2928,-0.14466,0.12113,-0.14466,0.12113,-0.14100,0.12126,-0.40237,1.40741,-0.19086,1.22551,-0.19086,1.22551,0.00000,0.00000,0,0.00032
6.3945,-0.14208,0.03041,-0.14208,0.03041,-0.14640,0.07519,-0.39510,1.40222,-0.17549,1.28944,-0.17549,1.28944,0.00000,0.00000,0,0.00100
6.4955,-0.15282,0.02649,-0.15282,0.02649,-0.14728,0.03285,-0.38792,1.39999,-0.16700,1.35072,-0.16700,1.35072,0.00000,0.00000,0,0.00029
6.5971,-0.15430,0.02279,-0.15430,0.02279,-0.14996,0.02337,-0.38052,1.39872,-0.15558,1.36367,-0.15558,1.36367,0.00000,0.00000,0,0.00027
6.6978,-0.15588,0.01930,-0.15588,0.01930,-0.15261,0.01985,-0.37296,1.39786,-0.14404,1.36809,-0.14404,1.36809,0.00000,0.00000,32,0.00039
6.7997,-0.15701,0.01740,-0.15701,0.01740,-0.15566,0.01796,-0.36522,1.39766,-0.13173,1.37073,-0.13173,1.37073,0.00000,0.00000,32,0.00029
6.9001,-0.15664,0.01780,-0.15664,0.01780,-0.15627,0.01773,-0.35742,1.39766,-0.12301,1.37107,-0.12301,1.37107,0.00000,0.00000,32,0.00031
7.0010,-0.15407,0.01757,-0.15407,0.01757,-0.15481,0.01820,-0.34965,1.39766,-0.11744,1.37036,-0.11744,1.37036,0.00000,0.00000,32,0.00026
7.1030,-0.15614,0.01621,-0.15614,0.01621,-0.15533,0.01714,-0.34190,1.39766,-0.10891,1.37196,-0.10891,1.37196,0.00000,0.00000,32,0.00026
7.2034,-0.15658,0.00082,-0.15658,0.00082,-0.15556,0.00695,-0.33414,1.39766,-0.10080,1.38724,-0.10080,1.38724,0.00000,0.00000,32,0.00026
7.3049,-0.15489,-0.00757,-0.15489,-0.00757,-0.15551,-0.00370,-0.32636,1.39766,-0.09310,1.40321,-0.09310,1.40321,0.00000,0.00000,32,0.00028
7.4064,-0.15679,-0.01038,-0.15679,-0.01038,-0.15597,-0.00886,-0.31858,1.39766,-0.08462,1.41095,-0.08462,1.41095,0.00000,0.00000,32,0.00075
7.5094,-0.15478,-0.01295,-0.15478,-0.01295,-0.15571,-0.01153,-0.31080,1.39766,-0.07723,1.41496,-0.07723,1.41496,0.00000,0.00000,32,0.00070
7.6102,-0.15376,-0.01542,-0.15376,-0.01542,-0.15448,-0.01371,-0.30303,1.39766,-0.07131,1.41823,-0.07131,1.41823,0.00000,0.00000,32,0.00042
7.7117,-0.15395,-0.01820,-0.15395,-0.01820,-0.15389,-0.01671,-0.29534,1.39766,-0.06451,1.42273,-0.06451,1.42273,0.00000,0.00000,32,0.00026
7.8128,-0.14888,-0.02300,-0.14888,-0.02300,-0.15178,-0.02087,-0.28767,1.39787,-0.06000,1.42917,-0.06000,1.42917,0.00000,0.00000,0,0.00026
7.9145,-0.15433,-0.03061,-0.15433,-0.03061,-0.15133,-0.02725,-0.28014,1.39909,-0.05314,1.43997,-0.05314,1.43997,0.00000,0.00000,0,0.00029
8.0168,-0.15576,-0.03875,-0.15576,-0.03875,-0.15372,-0.03516,-0.27253,1.40069,-0.04194,1.45343,-0.04194,1.45343,0.00000,0.00000,0,0.00039
8.1208,-0.16129,-0.05659,-0.16129,-0.05659,-0.15849,-0.04935,-0.26469,1.40286,-0.02696,1.47689,-0.02696,1.47689,0.00000,0.00000,0,0.00036
8.2229,-0.16222,-0.08612,-0.16222,-0.08612,-0.16129,-0.07199,-0.25667,1.40594,-0.01474,1.51392,-0.01474,1.51392,0.00000,0.00000,0,0.00026
8.3249,-0.17470,-0.17362,-0.17470,-0.17362,-0.16829,-0.12541,-0.24842,1.41081,0.00401,1.59892,0.00401,1.59892,0.00000,0.00000,0,0.00025
8.4280,-0.18054,-0.25822,-0.18054,-0.25822,-0.17963,-0.20236,-0.23952,1.41925,0.02993,1.72280,0.02993,1.72280,0.00000,0.00000,0,0.00032
8.5301,-0.17586,-0.30643,-0.17586,-0.30643,-0.17454,-0.28350,-0.23082,1.43211,0.03100,1.85736,0.03100,1.85736,0.00000,0.00000,0,0.00106
8.6297,-0.17639,-0.31157,-0.17639,-0.31157,-0.17304,-0.30834,-0.22214,1.44714,0.03741,1.90965,0.03741,1.90965,0.00000,0.00000,0,0.00026
8.7306,-0.16522,-0.32351,-0.16522,-0.32351,-0.16813,-0.31838,-0.21364,1.46288,0.03855,1.94046,0.03855,1.94046,0.00000,0.00000,0,0.00026
8.8324,-0.16360,-0.32610,-0.16360,-0.32610,-0.16527,-0.32411,-0.20530,1.47898,0.04261,1.96515,0.04261,1.96515,0.00000,0.00000,0,0.00030
8.9346,-0.15981,-0.33267,-0.15981,-0.33267,-0.16068,-0.33006,-0.19719,1.49537,0.04383,1.99047,0.04383,1.99047,0.00000,0.00000,0,0.00151
9.0353,-0.14667,-0.33778,-0.14667,-0.33778,-0.15198,-0.33540,-0.18939,1.51203,0.03858,2.01513,0.03858,2.01513,0.00000,0.00000,0,0.00032
9.1370,-0.12340,-0.34449,-0.12340,-0.34449,-0.13463,-0.34109,-0.18224,1.52895,0.01971,2.04059,0.01971,2.04059,0.00000,0.00000,0,0.00049
9.2402,0.03628,-0.27307,0.03628,-0.27307,-0.01587,-0.29930,-0.17896,1.54503,-0.15515,1.99398,-0.15515,1.99398,0.00000,0.00000,16,0.00032
9.3412,0.05794,-0.28292,0.05794,-0.28292,0.04103,-0.28802,-0.17996,1.55961,-0.24151,1.99165,-0.24151,1.99165,0.00000,0.00000,0,0.00040
9.4419,0.06643,-0.28887,0.06643,-0.28887,0.06023,-0.28836,-0.18263,1.57403,-0.27297,2.00656,-0.27297,2.00656,0.00000,0.00000,0,0.00026
9.5434,0.07271,-0.29134,0.07271,-0.29134,0.06866,-0.28945,-0.18590,1.58845,-0.28890,2.02262,-0.28890,2.02262,0.00000,0.00000,0,0.00026
9.6470,0.07979,-0.28483,0.07979,-0.28483,0.07690,-0.28845,-0.18957,1.60294,-0.30492,2.03562,-0.30492,2.03562,0.00000,0.00000,0,0.00106
9.7478,0.09204,-0.25955,0.09204,-0.25955,0.08685,-0.26882,-0.19369,1.61680,-0.32396,2.02002,-0.32396,2.02002,0.00000,0.00000,0,0.00029
9.8485,0.10281,-0.24555,0.10281,-0.24555,0.09726,-0.25228,-0.19832,1.62971,-0.34421,2.00814,-0.34421,2.00814,0.00000,0.00000,0,0.00027
9.9504,0.11094,-0.23749,0.11094,-0.23749,0.10695,-0.24301,-0.20350,1.64205,-0.36393,2.00658,-0.36393,2.00658,0.00000,0.00000,0,0.00031
10.0524,0.12127,-0.21876,0.12127,-0.21876,0.11671,-0.22710,-0.20914,1.65376,-0.38420,1.99441,-0.38420,1.99441,0.00000,0.00000,0,0.00029
10.1529,0.13104,-0.17439,0.13104,-0.17439,0.12637,-0.19509,-0.21526,1.66428,-0.40481,1.95692,-0.40481,1.95692,0.00000,0.00000,0,0.00027
10.2532,0.14304,-0.11794,0.14304,-0.11794,0.13846,-0.14230,-0.22195,1.67245,-0.42964,1.88589,-0.42964,1.88589,0.00000,0.00000,0,0.00026
10.3553,0.14106,-0.10110,0.14106,-0.10110,0.14004,-0.11099,-0.22895,1.67851,-0.43902,1.84499,-0.43902,1.84499,0.00000,0.00000,0,0.00034
10.4564,0.14066,-0.09284,0.14066,-0.09284,0.13964,-0.09763,-0.23591,1.68363,-0.44537,1.83007,-0.44537,1.83007,0.00000,0.00000,0,0.00028
10.5588,0.14434,-0.08343,0.14434,-0.08343,0.14351,-0.08817,-0.24303,1.68822,-0.45829,1.82048,-0.45829,1.82048,0.00000,0.00000,0,0.00027
10.6598,0.14889,-0.07729,0.14889,-0.07729,0.14673,-0.08089,-0.25029,1.69240,-0.47038,1.81374,-0.47038,1.81374,0.00000,0.00000,0,0.00025
10.7616,0.15338,-0.07161,0.15338,-0.07161,0.15192,-0.07432,-0.25778,1.69625,-0.48567,1.80773,-0.48567,1.80773,0.00000,0.00000,0,0.00031
10.8629,0.15358,-0.06390,0.15358,-0.06390,0.15258,-0.06754,-0.26539,1.69978,-0.49426,1.80109,-0.49426,1.80109,0.00000,0.00000,0,0.00028
10.9638,0.15636,-0.05591,0.15636,-0.05591,0.15454,-0.05980,-0.27305,1.70292,-0.50486,1.79262,-0.50486,1.79262,0.00000,0.00000,0,0.00026
11.0664,0.15733,-0.04570,0.15733,-0.04570,0.15713,-0.04991,-0.28088,1.70561,-0.51657,1.78047,-0.51657,1.78047,0.00000,0.00000,0,0.00027
11.1683,0.15858,-0.03883,0.15858,-0.03883,0.15845,-0.04190,-0.28878,1.70786,-0.52645,1.77071,-0.52645,1.77071,0.00000,0.00000,0,0.00028
11.2692,0.15928,-0.02825,0.15928,-0.02825,0.15917,-0.03265,-0.29671,1.70968,-0.53547,1.75865,-0.53547,1.75865,0.00000,0.00000,0,0.00028
11.3709,0.16487,-0.01988,0.16487,-0.01988,0.16252,-0.02428,-0.30475,1.71105,-0.54853,1.74748,-0.54853,1.74748,0.00000,0.00000,0,0.00028
11.4724,0.15747,-0.00890,0.15747,-0.00890,0.16020,-0.01444,-0.31285,1.71149,-0.55314,1.73315,-0.55314,1.73315,0.00000,0.00000,32,0.00026
11.5732,0.15739,0.01247,0.15739,0.01247,0.15829,0.00177,-0.32079,1.71149,-0.55822,1.70884,-0.55822,1.70884,0.00000,0.00000,32,0.00040
11.6740,0.15123,0.06776,0.15123,0.06776,0.15404,0.04546,-0.32861,1.71041,-0.55967,1.64223,-0.55967,1.64223,0.00000,0.00000,0,0.00028
11.7749,0.14978,0.12355,0.14978,0.12355,0.15157,0.10149,-0.33625,1.70640,-0.56360,1.55416,-0.56360,1.55416,0.00000,0.00000,0,0.00028
11.8773,0.15031,0.13993,0.15031,0.13993,0.15131,0.12993,-0.34384,1.70041,-0.57080,1.50552,-0.57080,1.50552,0.00000,0.00000,0,0.00030
11.9808,0.13700,0.15458,0.13700,0.15458,0.14260,0.14724,-0.35117,1.69339,-0.56507,1.47253,-0.56507,1.47253,0.00000,0.00000,0,0.00033
12.0819,0.12551,0.16399,0.12551,0.16399,0.13183,0.15934,-0.35800,1.68564,-0.55574,1.44664,-0.55574,1.44664,0.00000,0.00000,0,0.00027
12.1829,0.11802,0.16625,0.11802,0.16625,0.12165,0.16557,-0.36428,1.67744,-0.54675,1.42909,-0.54675,1.42909,0.00000,0.00000,0,0.00028
12.2869,0.11552,0.16805,0.11552,0.16805,0.11673,0.16697,-0.37017,1.66913,-0.54526,1.41867,-0.54526,1.41867,0.00000,0.00000,0,0.00326
12.3857,0.11975,0.17313,0.11975,0.17313,0.11855,0.17122,-0.37605,1.66065,-0.55387,1.40382,-0.55387,1.40382,0.00000,0.00000,0,0.00144
12.4854,0.11774,0.17915,0.11774,0.17915,0.11839,0.17640,-0.38198,1.65193,-0.55957,1.38733,-0.55957,1.38733,0.00000,0.00000,0,0.00038
12.5886,0.11480,0.17972,0.11480,0.17972,0.11682,0.17935,-0.38788,1.64300,-0.56310,1.37397,-0.56310,1.37397,0.00000,0.00000,0,0.00031
12.6911,0.10937,0.18337,0.10937,0.18337,0.11143,0.18165,-0.39357,1.63397,-0.56072,1.36150,-0.56072,1.36150,0.00000,0.00000,0,0.00106
12.7909,0.10090,0.18287,0.10090,0.18287,0.10423,0.18243,-0.39891,1.62487,-0.55526,1.35123,-0.55526,1.35123,0.00000,0.00000,0,0.00036
12.8918,0.10099,0.18514,0.10099,0.18514,0.10135,0.18475,-0.40402,1.61567,-0.55605,1.33855,-0.55605,1.33855,0.00000,0.00000,0,0.00026
12.9940,0.09657,0.18882,0.09657,0.18882,0.09772,0.18685,-0.40897,1.60640,-0.55555,1.32613,-0.55555,1.32613,0.00000,0.00000,0,0.00087
13.0978,0.09770,0.19090,0.09770,0.19090,0.09746,0.18979,-0.41385,1.59698,-0.56004,1.31229,-0.56004,1.31229,0.00000,0.00000,0,0.00216
13.1963,0.09529,0.19386,0.09529,0.19386,0.09652,0.19273,-0.41870,1.58740,-0.56348,1.29831,-0.56348,1.29831,0.00000,0.00000,0,0.00027
13.2980,0.08202,0.19479,0.08202,0.19479,0.08799,0.19432,-0.42330,1.57772,-0.55528,1.28624,-0.55528,1.28624,0.00000,0.00000,0,0.00032
13.3998,0.07468,0.19609,0.07468,0.19609,0.07826,0.19548,-0.42739,1.56798,-0.54477,1.27476,-0.54477,1.27476,0.00000,0.00000,0,0.00031
13.5015,0.06087,0.19485,0.06087,0.19485,0.06700,0.19557,-0.43097,1.55819,-0.53146,1.26484,-0.53146,1.26484,0.00000,0.00000,0,0.00029
13.6027,0.03935,0.18761,0.03935,0.18761,0.05087,0.19232,-0.43390,1.54846,-0.51020,1.25998,-0.51020,1.25998,0.00000,0.00000,0,0.00026
13.7032,-0.00291,0.13775,-0.00291,0.13775,0.01338,0.15963,-0.43519,1.53968,-0.45527,1.30024,-0.45527,1.30024,0.00000,0.00000,16,0.00025
13.8061,-0.00069,0.06169,-0.00069,0.06169,0.00185,0.08802,-0.43519,1.53386,-0.43796,1.40183,-0.43796,1.40183,0.00000,0.00000,16,0.00089
13.9066,-0.00681,0.05583,-0.00681,0.05583,-0.00805,0.06552,-0.43519,1.53026,-0.42312,1.43198,-0.42312,1.43198,0.00000,0.00000,16,0.00028
14.0071,-0.00676,0.06290,-0.00676,0.06290,-0.00814,0.06148,-0.43519,1.52716,-0.42298,1.43495,-0.42298,1.43495,0.00000,0.00000,16,0.00037
14.1094,-0.00742,0.06217,-0.00742,0.06217,-0.00756,0.06247,-0.43519,1.52407,-0.42386,1.43037,-0.42386,1.43037,0.00000,0.00000,16,0.00025
14.2123,-0.01114,0.06084,-0.01114,0.06084,-0.00874,0.06210,-0.43519,1.52093,-0.42208,1.42778,-0.42208,1.42778,0.00000,0.00000,16,0.00029
14.3131,-0.01081,0.05992,-0.01081,0.05992,-0.00956,0.05993,-0.43519,1.51791,-0.42086,1.42801,-0.42086,1.42801,0.00000,0.00000,16,0.00030
14.4140,-0.01252,0.06009,-0.01252,0.06009,-0.01238,0.06031,-0.43519,1.51490,-0.41662,1.42444,-0.41662,1.42444,0.00000,0.00000,16,0.00028
14.5162,-0.01797,0.05545,-0.01797,0.05545,-0.01566,0.05695,-0.43519,1.51198,-0.41170,1.42656,-0.41170,1.42656,0.00000,0.00000,16,0.00027
14.6200,-0.01537,0.05687,-0.01537,0.05687,-0.01674,0.05677,-0.43519,1.50915,-0.41008,1.42399,-0.41008,1.42399,0.00000,0.00000,16,0.00032
14.7227,-0.01538,0.05597,-0.01538,0.05597,-0.01484,0.05621,-0.43519,1.50632,-0.41293,1.42200,-0.41293,1.42200,0.00000,0.00000,16,0.00105
14.8233,-0.01272,0.05563,-0.01272,0.05563,-0.01324,0.05616,-0.43519,1.50350,-0.41533,1.41925,-0.41533,1.41925,0.00000,0.00000,16,0.00025
14.9286,-0.01539,0.05796,-0.01539,0.05796,-0.01482,0.05746,-0.43519,1.50066,-0.41296,1.41446,-0.41296,1.41446,0.00000,0.00000,16,0.00027
15.0308,-0.01404,0.06376,-0.01404,0.06376,-0.01405,0.06214,-0.43519,1.49765,-0.41412,1.40443,-0.41412,1.40443,0.00000,0.00000,16,0.00029
15.1312,-0.01207,0.06279,-0.01207,0.06279,-0.01374,0.06300,-0.43519,1.49450,-0.41458,1.40000,-0.41458,1.40000,0.00000,0.00000,16,0.00026
15.2335,-0.01489,0.06148,-0.01489,0.06148,-0.01297,0.06263,-0.43519,1.49135,-0.41574,1.39740,-0.41574,1.39740,0.00000,0.00000,16,0.00096
15.3349,-0.01438,0.06084,-0.01438,0.06084,-0.01400,0.06152,-0.43519,1.48825,-0.41419,1.39598,-0.41419,1.39598,0.00000,0.00000,16,0.00046
15.4360,-0.01834,0.06151,-0.01834,0.06151,-0.01625,0.06176,-0.43519,1.48517,-0.41081,1.39252,-0.41081,1.39252,0.00000,0.00000,16,0.00044
15.5393,-0.01128,0.06284,-0.01128,0.06284,-0.01399,0.06214,-0.43519,1.48207,-0.41420,1.38886,-0.41420,1.38886,0.00000,0.00000,16,0.00039
15.6420,-0.01197,0.06002,-0.01197,0.06002,-0.01171,0.06105,-0.43519,1.47900,-0.41762,1.38742,-0.41762,1.38742,0.00000,0.00000,16,0.00029
15.7423,-0.01565,0.06091,-0.01565,0.06091,-0.01295,0.06053,-0.43519,1.47597,-0.41577,1.38518,-0.41577,1.38518,0.00000,0.00000,16,0.00030
15.8429,-0.01428,0.06341,-0.01428,0.06341,-0.01437,0.06233,-0.43519,1.47289,-0.41364,1.37939,-0.41364,1.37939,0.00000,0.00000,16,0.00028
15.9436,-0.02008,0.06125,-0.02008,0.06125,-0.01774,0.06279,-0.43519,1.46973,-0.40858,1.37555,-0.40858,1.37555,0.00000,0.00000,16,0.00048
16.0458,-0.02382,0.05887,-0.02382,0.05887,-0.02182,0.06029,-0.43477,1.46667,-0.40204,1.37624,-0.40204,1.37624,0.00000,0.00000,0,0.00034
16.1475,-0.03784,0.05306,-0.03784,0.05306,-0.03291,0.05485,-0.43335,1.46382,-0.38398,1.38154,-0.38398,1.38154,0.00000,0.00000,0,0.00026
16.2491,-0.05064,0.05128,-0.05064,0.05128,-0.04465,0.05206,-0.43137,1.46117,-0.36438,1.38307,-0.36438,1.38307,0.00000,0.00000,0,0.00027
16.3506,-0.05189,0.04947,-0.05189,0.04947,-0.05072,0.05042,-0.42892,1.45860,-0.35285,1.38297,-0.35285,1.38297,0.00000,0.00000,0,0.00026
16.4533,-0.05520,0.04731,-0.05520,0.04731,-0.05322,0.04850,-0.42630,1.45614,-0.34646,1.38338,-0.34646,1.38338,0.00000,0.00000,0,0.00025
16.5556,-0.05371,0.04981,-0.05371,0.04981,-0.05338,0.04854,-0.42363,1.45374,-0.34357,1.38093,-0.34357,1.38093,0.00000,0.00000,0,0.00031
16.6566,-0.05456,0.04980,-0.05456,0.04980,-0.05435,0.04963,-0.42093,1.45127,-0.33939,1.37682,-0.33939,1.37682,0.00000,0.00000,0,0.00041
16.7585,-0.05617,0.04326,-0.05617,0.04326,-0.05550,0.04604,-0.41818,1.44887,-0.33493,1.37982,-0.33493,1.37982,0.00000,0.00000,0,0.00047
16.8604,-0.06097,0.03906,-0.06097,0.03906,-0.05897,0.04127,-0.41530,1.44671,-0.32685,1.38480,-0.32685,1.38480,0.00000,0.00000,0,0.00026
16.9613,-0.06315,0.03853,-0.06315,0.03853,-0.06152,0.03910,-0.41227,1.44473,-0.31999,1.38608,-0.31999,1.38608,0.00000,0.00000,0,0.00038
17.0623,-0.06219,0.03577,-0.06219,0.03577,-0.06286,0.03744,-0.40913,1.44282,-0.31483,1.38667,-0.31483,1.38667,0.00000,0.00000,0,0.00026
17.1634,-0.06403,0.03361,-0.06403,0.03361,-0.06405,0.03413,-0.40594,1.44107,-0.30987,1.38987,-0.30987,1.38987,0.00000,0.00000,0,0.00025
17.2641,-0.06330,0.02693,-0.06330,0.02693,-0.06331,0.02930,-0.40278,1.43949,-0.30781,1.39554,-0.30781,1.39554,0.00000,0.00000,0,0.00029
17.3658,-0.05863,0.02239,-0.05863,0.02239,-0.06061,0.02424,-0.39967,1.43819,-0.30876,1.40184,-0.30876,1.40184,0.00000,0.00000,0,0.00033
17.4697,-0.06071,0.01647,-0.06071,0.01647,-0.05974,0.02007,-0.39669,1.43708,-0.30708,1.40697,-0.30708,1.40697,0.00000,0.00000,0,0.00027
17.5727,-0.05896,0.01261,-0.05896,0.01261,-0.05977,0.01458,-0.39369,1.43708,-0.30404,1.41522,-0.30404,1.41522,0.00000,0.00000,32,0.00029
17.6734,-0.06367,-0.00038,-0.06367,-0.00038,-0.06199,0.00556,-0.39064,1.43708,-0.29766,1.42873,-0.29766,1.42873,0.00000,0.00000,32,0.00027
17.7747,-0.06138,-0.00964,-0.06138,-0.00964,-0.06263,-0.00619,-0.38752,1.43708,-0.29358,1.44637,-0.29358,1.44637,0.00000,0.00000,32,0.00026
17.8761,-0.05981,-0.00842,-0.05981,-0.00842,-0.05968,-0.00813,-0.38449,1.43708,-0.29498,1.44927,-0.29498,1.44927,0.00000,0.00000,32,0.00034
17.9772,-0.05601,-0.00843,-0.05601,-0.00843,-0.05701,-0.00915,-0.38160,1.43708,-0.29609,1.45080,-0.29609,1.45080,0.00000,0.00000,32,0.00027
18.0785,-0.05859,-0.00822,-0.05859,-0.00822,-0.05716,-0.00856,-0.37877,1.43708,-0.29303,1.44991,-0.29303,1.44991,0.00000,0.00000,32,0.00035
18.1798,-0.05865,-0.00930,-0.05865,-0.00930,-0.05837,-0.00880,-0.37587,1.43708,-0.28832,1.45029,-0.28832,1.45029,0.00000,0.00000,32,0.00029
18.2807,-0.05868,-0.01314,-0.05868,-0.01314,-0.05924,-0.01132,-0.37291,1.43708,-0.28405,1.45407,-0.28405,1.45407,0.00000,0.00000,32,0.00032
18.3835,-0.05783,-0.01624,-0.05783,-0.01624,-0.05814,-0.01449,-0.36999,1.43708,-0.28279,1.45882,-0.28279,1.45882,0.00000,0.00000,32,0.00027
18.4891,-0.05507,-0.01516,-0.05507,-0.01516,-0.05560,-0.01549,-0.36717,1.43708,-0.28378,1.46031,-0.28378,1.46031,0.00000,0.00000,32,0.00086
18.5905,-0.05385,-0.01607,-0.05385,-0.01607,-0.05313,-0.01498,-0.36448,1.43708,-0.28479,1.45956,-0.28479,1.45956,0.00000,0.00000,32,0.00030
18.6909,-0.05401,-0.01784,-0.05401,-0.01784,-0.05358,-0.01737,-0.36182,1.43708,-0.28144,1.46314,-0.28144,1.46314,0.00000,0.00000,32,0.00040
18.7921,-0.05812,-0.01997,-0.05812,-0.01997,-0.05631,-0.01903,-0.35907,1.43708,-0.27461,1.46563,-0.27461,1.46563,0.00000,0.00000,32,0.00033
18.8945,-0.06139,-0.01875,-0.06139,-0.01875,-0.05949,-0.01930,-0.35616,1.43749,-0.26693,1.46644,-0.26693,1.46644,0.00000,0.00000,32,0.00163
18.9942,-0.05590,-0.01982,-0.05590,-0.01982,-0.05811,-0.01994,-0.35322,1.43749,-0.26605,1.46740,-0.26605,1.46740,0.00000,0.00000,32,0.00028
19.0956,-0.05469,-0.02174,-0.05469,-0.02174,-0.05532,-0.02168,-0.35039,1.43855,-0.26741,1.47107,-0.26741,1.47107,0.00000,0.00000,0,0.00028
19.1980,-0.00290,0.01147,-0.00290,0.01147,-0.02930,-0.00898,-0.34812,1.43922,-0.30417,1.45269,-0.30417,1.45269,0.00000,0.00000,32,0.00071
19.2999,0.01164,0.01966,0.01164,0.01966,0.00385,0.01334,-0.34812,1.43922,-0.35390,1.41921,-0.35390,1.41921,0.00000,0.00000,48,0.00073
19.4003,0.01325,0.01913,0.01325,0.01913,0.01197,0.01873,-0.34812,1.43922,-0.36607,1.41112,-0.36607,1.41112,0.00000,0.00000,48,0.00026
19.5019,0.01648,0.02196,0.01648,0.02196,0.01471,0.02052,-0.34812,1.43902,-0.37018,1.40824,-0.37018,1.40824,0.00000,0.00000,16,0.00025
19.6034,0.01380,0.01716,0.01380,0.01716,0.01492,0.01836,-0.34812,1.43881,-0.37050,1.41127,-0.37050,1.41127,0.00000,0.00000,48,0.00026
19.7065,0.01840,0.01879,0.01840,0.01879,0.01603,0.01790,-0.34812,1.43881,-0.37217,1.41197,-0.37217,1.41197,0.00000,0.00000,48,0.00027
19.8074,0.02297,0.01839,0.02297,0.01839,0.01967,0.01832,-0.34812,1.43881,-0.37762,1.41134,-0.37762,1.41134,0.00000,0.00000,48,0.00029
19.9085,0.02001,0.01645,0.02001,0.01645,0.02092,0.01698,-0.34917,1.43881,-0.38056,1.41334,-0.38056,1.41334,0.00000,0.00000,32,0.00037
20.0109,0.01991,0.01670,0.01991,0.01670,0.02028,0.01588,-0.35020,1.43881,-0.38061,1.41499,-0.38061,1.41499,0.00000,0.00000,32,0.00029
20.1127,0.01862,0.01127,0.01862,0.01127,0.01935,0.01275,-0.35020,1.43881,-0.37923,1.41968,-0.37923,1.41968,0.00000,0.00000,48,0.00027
20.2136,0.01944,0.00914,0.01944,0.00914,0.01972,0.01049,-0.35020,1.43881,-0.37979,1.42308,-0.37979,1.42308,0.00000,0.00000,48,0.00027
20.3150,0.02332,0.00861,0.02332,0.00861,0.02208,0.00954,-0.35105,1.43881,-0.38417,1.42451,-0.38417,1.42451,0.00000,0.00000,32,0.00029
20.4192,0.02366,0.00733,0.02366,0.00733,0.02348,0.00777,-0.35221,1.43881,-0.38743,1.42717,-0.38743,1.42717,0.00000,0.00000,32,0.00027
20.5202,0.02132,0.00658,0.02132,0.00658,0.02305,0.00710,-0.35340,1.43881,-0.38797,1.42816,-0.38797,1.42816,0.00000,0.00000,32,0.00024
20.6220,0.01859,0.00305,0.01859,0.00305,0.02037,0.00461,-0.35446,1.43881,-0.38502,1.43190,-0.38502,1.43190,0.00000,0.00000,32,0.00035
20.7226,0.01725,0.00234,0.01725,0.00234,0.01834,0.00232,-0.35446,1.43881,-0.38196,1.43534,-0.38196,1.43534,0.00000,0.00000,48,0.00027
20.8256,0.01565,0.00045,0.01565,0.00045,0.01589,0.00175,-0.35446,1.43881,-0.37829,1.43619,-0.37829,1.43619,0.00000,0.00000,48,0.00027
20.9269,0.01279,-0.00313,0.01279,-0.00313,0.01351,-0.00161,-0.35446,1.43881,-0.37473,1.44123,-0.37473,1.44123,0.00000,0.00000,48,0.00120
21.0275,0.01715,-0.00144,0.01715,-0.00144,0.01526,-0.00163,-0.35446,1.43881,-0.37735,1.44126,-0.37735,1.44126,0.00000,0.00000,48,0.00036
21.1302,0.02105,-0.00207,0.02105,-0.00207,0.01946,-0.00248,-0.35446,1.43881,-0.38365,1.44253,-0.38365,1.44253,0.00000,0.00000,48,0.00030
21.2307,0.01972,-0.00337,0.01972,-0.00337,0.01935,-0.00317,-0.35446,1.43881,-0.38348,1.44357,-0.38348,1.44357,0.00000,0.00000,48,0.00030
21.3332,0.02162,-0.00304,0.02162,-0.00304,0.02030,-0.00299,-0.35466,1.43881,-0.38511,1.44329,-0.38511,1.44329,0.00000,0.00000,32,0.00031
21.4350,0.01899,-0.00247,0.01899,-0.00247,0.02055,-0.00261,-0.35571,1.43881,-0.38654,1.44273,-0.38654,1.44273,0.00000,0.00000,32,0.00041
21.5357,0.02018,-0.00205,0.02018,-0.00205,0.02066,-0.00170,-0.35675,1.43881,-0.38774,1.44136,-0.38774,1.44136,0.00000,0.00000,32,0.00043
21.6360,0.01501,-0.00506,0.01501,-0.00506,0.01781,-0.00335,-0.35675,1.43881,-0.38346,1.44384,-0.38346,1.44384,0.00000,0.00000,48,0.00035
21.7396,0.01362,-0.00759,0.01362,-0.00759,0.01499,-0.00585,-0.35675,1.43881,-0.37924,1.44759,-0.37924,1.44759,0.00000,0.00000,48,0.00112
21.8394,0.00854,-0.00701,0.00854,-0.00701,0.01115,-0.00697,-0.35675,1.43881,-0.37347,1.44927,-0.37347,1.44927,0.00000,0.00000,48,0.00031
21.9404,-0.01555,-0.02392,-0.01555,-0.02392,-0.00622,-0.01683,-0.35675,1.43881,-0.34741,1.46406,-0.34741,1.46406,0.00000,0.00000,48,0.00030
22.0415,-0.02808,-0.03100,-0.02808,-0.03100,-0.02217,-0.02740,-0.35653,1.43980,-0.32327,1.48090,-0.32327,1.48090,0.00000,0.00000,0,0.00030
22.1429,-0.03013,-0.03365,-0.03013,-0.03365,-0.02840,-0.03215,-0.35522,1.44132,-0.31261,1.48955,-0.31261,1.48955,0.00000,0.00000,0,0.00027
22.2437,-0.03581,-0.04368,-0.03581,-0.04368,-0.03320,-0.03929,-0.35365,1.44313,-0.30384,1.50207,-0.30384,1.50207,0.00000,0.00000,0,0.00028
22.3456,-0.03583,-0.04387,-0.03583,-0.04387,-0.03611,-0.04323,-0.35188,1.44524,-0.29771,1.51008,-0.29771,1.51008,0.00000,0.00000,0,0.00035
22.4476,-0.03917,-0.04631,-0.03917,-0.04631,-0.03788,-0.04553,-0.35003,1.44747,-0.29322,1.51576,-0.29322,1.51576,0.00000,0.00000,0,0.00030
22.5498,-0.03850,-0.04964,-0.03850,-0.04964,-0.03815,-0.04801,-0.34813,1.44981,-0.29090,1.52183,-0.29090,1.52183,0.00000,0.00000,0,0.00028
22.6530,-0.03234,-0.04790,-0.03234,-0.04790,-0.03474,-0.04848,-0.34630,1.45226,-0.29419,1.52497,-0.29419,1.52497,0.00000,0.00000,0,0.00028
22.7547,-0.03214,-0.04808,-0.03214,-0.04808,-0.03225,-0.04742,-0.34464,1.45464,-0.29626,1.52578,-0.29626,1.52578,0.00000,0.00000,0,0.00028
22.8560,-0.03372,-0.04970,-0.03372,-0.04970,-0.03375,-0.04888,-0.34298,1.45705,-0.29235,1.53037,-0.29235,1.53037,0.00000,0.00000,0,0.00030
22.9597,-0.03412,-0.05347,-0.03412,-0.05347,-0.03418,-0.05195,-0.34127,1.45958,-0.29000,1.53750,-0.29000,1.53750,0.00000,0.00000,0,0.00243
23.0580,-0.03632,-0.05808,-0.03632,-0.05808,-0.03542,-0.05631,-0.33954,1.46231,-0.28641,1.54678,-0.28641,1.54678,0.00000,0.00000,0,0.00029
23.1599,-0.03665,-0.06147,-0.03665,-0.06147,-0.03648,-0.06013,-0.33774,1.46526,-0.28303,1.55545,-0.28303,1.55545,0.00000,0.00000,0,0.00027
23.2612,-0.03753,-0.06282,-0.03753,-0.06282,-0.03627,-0.06206,-0.33593,1.46833,-0.28153,1.56142,-0.28153,1.56142,0.00000,0.00000,0,0.00098
23.3616,-0.03516,-0.06423,-0.03516,-0.06423,-0.03523,-0.06375,-0.33416,1.47149,-0.28131,1.56712,-0.28131,1.56712,0.00000,0.00000,0,0.00031
23.4620,-0.03868,-0.06126,-0.03868,-0.06126,-0.03733,-0.06229,-0.33234,1.47465,-0.27635,1.56808,-0.27635,1.56808,0.00000,0.00000,0,0.00033
23.5636,-0.03878,-0.05874,-0.03878,-0.05874,-0.03705,-0.05973,-0.33050,1.47768,-0.27492,1.56727,-0.27492,1.56727,0.00000,0.00000,0,0.00053
23.6638,-0.03488,-0.05932,-0.03488,-0.05932,-0.03623,-0.05893,-0.32867,1.48063,-0.27432,1.56902,-0.27432,1.56902,0.00000,0.00000,0,0.00027
23.7652,-0.03610,-0.06157,-0.03610,-0.06157,-0.03576,-0.05964,-0.32687,1.48357,-0.27323,1.57303,-0.27323,1.57303,0.00000,0.00000,0,0.00038
23.8655,-0.03138,-0.05837,-0.03138,-0.05837,-0.03340,-0.05907,-0.32514,1.48656,-0.27503,1.57517,-0.27503,1.57517,0.00000,0.00000,0,0.00026
23.9665,-0.03093,-0.05915,-0.03093,-0.05915,-0.03258,-0.05922,-0.32348,1.48950,-0.27461,1.57834,-0.27461,1.57834,0.00000,0.00000,0,0.00036
24.0684,-0.03290,-0.06085,-0.03290,-0.06085,-0.03147,-0.05956,-0.32191,1.49246,-0.27470,1.58181,-0.27470,1.58181,0.00000,0.00000,0,0.00036
24.1704,-0.03113,-0.06125,-0.03113,-0.06125,-0.03189,-0.06147,-0.32032,1.49550,-0.27248,1.58771,-0.27248,1.58771,0.00000,0.00000,0,0.00026
24.2731,-0.03379,-0.05989,-0.03379,-0.05989,-0.03279,-0.06044,-0.31869,1.49854,-0.26951,1.58919,-0.26951,1.58919,0.00000,0.00000,0,0.00106
24.3744,-0.03170,-0.05822,-0.03170,-0.05822,-0.03283,-0.05906,-0.31703,1.50153,-0.26779,1.59012,-0.26779,1.59012,0.00000,0.00000,0,0.00028
24.4779,-0.03173,-0.05514,-0.03173,-0.05514,-0.03220,-0.05636,-0.31540,1.50439,-0.26710,1.58892,-0.26710,1.58892,0.00000,0.00000,0,0.00028
24.5801,-0.03284,-0.05602,-0.03284,-0.05602,-0.03207,-0.05604,-0.31382,1.50719,-0.26572,1.59124,-0.26572,1.59124,0.00000,0.00000,0,0.00026
24.6810,-0.03242,-0.05697,-0.03242,-0.05697,-0.03243,-0.05603,-0.31219,1.50998,-0.26355,1.59403,-0.26355,1.59403,0.00000,0.00000,0,0.00027
24.7838,-0.02966,-0.05676,-0.02966,-0.05676,-0.03012,-0.05766,-0.31065,1.51286,-0.26548,1.59936,-0.26548,1.59936,0.00000,0.00000,0,0.00026
24.8858,-0.03085,-0.05855,-0.03085,-0.05855,-0.03059,-0.05723,-0.30913,1.51570,-0.26325,1.60156,-0.26325,1.60156,0.00000,0.00000,0,0.00044
24.9879,-0.00731,-0.04800,-0.00731,-0.04800,-0.02296,-0.05432,-0.30768,1.51854,-0.27324,1.60001,-0.27324,1.60001,0.00000,0.00000,0,0.00032
25.0893,0.02517,-0.01719,0.02517,-0.01719,0.01512,-0.02306,-0.30768,1.52015,-0.33036,1.55474,-0.33036,1.55474,0.00000,0.00000,16,0.00031
25.1916,0.02320,-0.01082,0.02320,-0.01082,0.02189,-0.01458,-0.30852,1.52036,-0.34135,1.54222,-0.34135,1.54222,0.00000,0.00000,32,0.00028
25.2935,0.01959,-0.01216,0.01959,-0.01216,0.02070,-0.01213,-0.30959,1.52036,-0.34064,1.53855,-0.34064,1.53855,0.00000,0.00000,32,0.00029
25.3951,0.02147,-0.01350,0.02147,-0.01350,0.02005,-0.01320,-0.30999,1.52036,-0.34007,1.54015,-0.34007,1.54015,0.00000,0.00000,32,0.00035
25.4959,0.02206,-0.01440,0.02206,-0.01440,0.02104,-0.01390,-0.31102,1.52036,-0.34257,1.54121,-0.34257,1.54121,0.00000,0.00000,32,0.00028
25.5965,0.02266,-0.01304,0.02266,-0.01304,0.02142,-0.01328,-0.31207,1.52036,-0.34421,1.54027,-0.34421,1.54027,0.00000,0.00000,32,0.00027
25.6981,0.02517,-0.01397,0.02517,-0.01397,0.02478,-0.01313,-0.31324,1.52036,-0.35041,1.54005,-0.35041,1.54005,0.00000,0.00000,32,0.00027
25.7991,0.02854,-0.01260,0.02854,-0.01260,0.02737,-0.01339,-0.31455,1.52036,-0.35560,1.54044,-0.35560,1.54044,0.00000,0.00000,32,0.00029
25.9003,0.02364,-0.01405,0.02364,-0.01405,0.02519,-0.01345,-0.31586,1.52036,-0.35365,1.54053,-0.35365,1.54053,0.00000,0.00000,32,0.00033
26.0022,0.02468,-0.01390,0.02468,-0.01390,0.02475,-0.01438,-0.31710,1.52036,-0.35422,1.54192,-0.35422,1.54192,0.00000,0.00000,32,0.00094
26.1025,0.01988,-0.01752,0.01988,-0.01752,0.02159,-0.01620,-0.31826,1.52036,-0.35065,1.54466,-0.35065,1.54466,0.00000,0.00000,32,0.00026
26.2053,0.01776,-0.01870,0.01776,-0.01870,0.01945,-0.01825,-0.31909,1.52036,-0.34827,1.54773,-0.34827,1.54773,0.00000,0.00000,48,0.00042
26.3061,0.02220,-0.01758,0.02220,-0.01758,0.02051,-0.01779,-0.31929,1.52036,-0.35006,1.54705,-0.35006,1.54705,0.00000,0.00000,32,0.00027
26.4090,0.02373,-0.02135,0.02373,-0.02135,0.02336,-0.01996,-0.32042,1.52036,-0.35545,1.55030,-0.35545,1.55030,0.00000,0.00000,32,0.00031
26.5105,0.02182,-0.02040,0.02182,-0.02040,0.02233,-0.02062,-0.32156,1.52138,-0.35506,1.55232,-0.35506,1.55232,0.00000,0.00000,0,0.00025
26.6133,0.02151,-0.02517,0.02151,-0.02517,0.02181,-0.02377,-0.32268,1.52251,-0.35540,1.55817,-0.35540,1.55817,0.00000,0.00000,0,0.00027
26.7138,0.02122,-0.02794,0.02122,-0.02794,0.02224,-0.02648,-0.32380,1.52378,-0.35715,1.56350,-0.35715,1.56350,0.00000,0.00000,0,0.00026
26.8148,0.02439,-0.02858,0.02439,-0.02858,0.02321,-0.02858,-0.32493,1.52518,-0.35974,1.56805,-0.35974,1.56805,0.00000,0.00000,0,0.00027
26.9162,0.02330,-0.03069,0.02330,-0.03069,0.02322,-0.02993,-0.32610,1.52664,-0.36094,1.57154,-0.36094,1.57154,0.00000,0.00000,0,0.00029
27.0174,0.01874,-0.03043,0.01874,-0.03043,0.02057,-0.03030,-0.32721,1.52814,-0.35807,1.57359,-0.35807,1.57359,0.00000,0.00000,0,0.00028
27.1177,0.01641,-0.03303,0.01641,-0.03303,0.01697,-0.03167,-0.32721,1.52968,-0.35266,1.57719,-0.35266,1.57719,0.00000,0.00000,16,0.00028
27.2196,0.01446,-0.03269,0.01446,-0.03269,0.01590,-0.03241,-0.32721,1.53128,-0.35106,1.57990,-0.35106,1.57990,0.00000,0.00000,16,0.00035
27.3201,0.01842,-0.03658,0.01842,-0.03658,0.01746,-0.03507,-0.32721,1.53297,-0.35340,1.58557,-0.35340,1.58557,0.00000,0.00000,16,0.00028
27.4219,0.01961,-0.03494,0.01961,-0.03494,0.01854,-0.03595,-0.32721,1.53477,-0.35502,1.58870,-0.35502,1.58870,0.00000,0.00000,16,0.00026
27.5249,0.01929,-0.03312,0.01929,-0.03312,0.01983,-0.03384,-0.32741,1.53651,-0.35715,1.58728,-0.35715,1.58728,0.00000,0.00000,16,0.00028
27.6291,0.02336,-0.03279,0.02336,-0.03279,0.02141,-0.03292,-0.32824,1.53818,-0.36035,1.58756,-0.36035,1.58756,0.00000,0.00000,0,0.00104
27.7296,0.02119,-0.03303,0.02119,-0.03303,0.02205,-0.03311,-0.32935,1.53983,-0.36242,1.58949,-0.36242,1.58949,0.00000,0.00000,0,0.00028
27.8321,0.02263,-0.03270,0.02263,-0.03270,0.02195,-0.03269,-0.33044,1.54146,-0.36336,1.59050,-0.36336,1.59050,0.00000,0.00000,0,0.00029
27.9328,0.01787,-0.03329,0.01787,-0.03329,0.01932,-0.03314,-0.33107,1.54312,-0.36005,1.59283,-0.36005,1.59283,0.00000,0.00000,16,0.00027
28.0338,0.01557,-0.03603,0.01557,-0.03603,0.01636,-0.03506,-0.33107,1.54482,-0.35561,1.59741,-0.35561,1.59741,0.00000,0.00000,16,0.00030
28.1354,0.01800,-0.03826,0.01800,-0.03826,0.01691,-0.03783,-0.33107,1.54667,-0.35643,1.60341,-0.35643,1.60341,0.00000,0.00000,16,0.00094
28.2368,0.01929,-0.03746,0.01929,-0.03746,0.01951,-0.03786,-0.33107,1.54857,-0.36034,1.60536,-0.36034,1.60536,0.00000,0.00000,16,0.00194
28.3370,0.02102,-0.03865,0.02102,-0.03865,0.01980,-0.03775,-0.33107,1.55044,-0.36077,1.60707,-0.36077,1.60707,0.00000,0.00000,16,0.00036
28.4384,0.02311,-0.03684,0.02311,-0.03684,0.02190,-0.03719,-0.33212,1.55232,-0.36498,1.60811,-0.36498,1.60811,0.00000,0.00000,0,0.00034
28.5388,0.01960,-0.04072,0.01960,-0.04072,0.02153,-0.03893,-0.33324,1.55421,-0.36554,1.61260,-0.36554,1.61260,0.00000,0.00000,0,0.00036
28.6422,0.01273,-0.11285,-0.98727,-0.11285,-0.81448,-0.06352,-0.47821,1.55647,0.74351,1.65176,0.74351,1.65176,1.00000,0.00000,0,0.00078
28.7429,-0.11712,-0.70524,-1.11712,-0.70524,-1.05509,-0.49829,-0.42941,1.57156,1.15322,2.31899,1.15322,2.31899,1.00000,0.00000,0,0.00027
28.8435,0.07931,-0.86254,-0.92069,-0.86254,-0.97199,-0.77426,-0.37848,1.60541,1.07950,2.76680,1.07950,2.76680,1.00000,0.00000,0,0.00029
28.9447,0.32330,-1.04764,-0.67670,-1.04764,-0.79076,-0.94839,-0.33480,1.64911,0.85133,3.07170,0.85133,3.07170,1.00000,0.00000,0,0.00024
29.0467,0.58697,-1.06238,-0.41303,-1.06238,-0.54869,-1.05556,-0.30241,1.70055,0.52063,3.28388,0.52063,3.28388,1.00000,0.00000,0,0.00031
29.1479,0.63916,-1.05915,-0.36084,-1.05915,-0.40795,-1.05105,-0.27968,1.75295,0.33225,3.32952,0.33225,3.32952,1.00000,0.00000,0,0.00036
29.2525,0.68309,-1.05011,-0.31691,-1.05011,-0.34536,-1.05094,-0.26126,1.80550,0.25679,3.38191,0.25679,3.38191,1.00000,0.00000,0,0.00028
29.3532,0.80364,-1.00554,-0.19636,-1.00554,-0.26316,-1.03134,-0.24612,1.85768,0.14862,3.40469,0.14862,3.40469,1.00000,0.00000,0,0.00029
29.4554,1.10775,-0.91072,0.10775,-0.91072,-0.00702,-0.94474,-0.24057,1.90654,-0.23003,3.32364,-0.23003,3.32364,1.00000,0.00000,16,0.00028
29.5571,1.25259,-0.75028,0.25259,-0.75028,0.18259,-0.80880,-0.24631,1.94953,-0.52019,3.16273,-0.52019,3.16273,1.00000,0.00000,0,0.00031
29.6593,1.28774,-0.50963,0.28774,-0.50963,0.26326,-0.58691,-0.25818,1.98314,-0.65308,2.86351,-0.65308,2.86351,1.00000,0.00000,0,0.00042
29.7599,1.30768,-0.35168,0.30768,-0.35168,0.29325,-0.42262,-0.27230,2.00743,-0.71217,2.64136,-0.71217,2.64136,1.00000,0.00000,0,0.00027
29.8612,1.31200,-0.30074,0.31200,-0.30074,0.31053,-0.33170,-0.28764,2.02554,-0.75343,2.52309,-0.75343,2.52309,1.00000,0.00000,0,0.00030
29.9618,1.31874,-0.27334,0.31874,-0.27334,0.31704,-0.28787,-0.30337,2.04068,-0.77892,2.47249,-0.77892,2.47249,1.00000,0.00000,0,0.00035
30.0637,1.32258,-0.23157,0.32258,-0.23157,0.32094,-0.25233,-0.31934,2.05406,-0.80075,2.43255,-0.80075,2.43255,1.00000,0.00000,0,0.00026
30.1653,1.31390,-0.12515,0.31390,-0.12515,0.31673,-0.16962,-0.33530,2.06433,-0.81039,2.31876,-0.81039,2.31876,1.00000,0.00000,0,0.00029
30.2672,1.23384,-0.03625,0.23384,-0.03625,0.28681,-0.09021,-0.35075,2.07056,-0.78096,2.20587,-0.78096,2.20587,1.00000,0.00000,0,0.00087
30.3699,1.15485,-0.00282,0.15485,-0.00282,0.18420,-0.02621,-0.36157,2.07320,-0.63787,2.11251,-0.63787,2.11251,1.00000,0.00000,0,0.00029
30.4715,1.09960,0.01635,0.09960,0.01635,0.12199,0.00083,-0.36891,2.07340,-0.55189,2.07216,-0.55189,2.07216,1.00000,0.00000,32,0.00030
30.5725,1.07389,0.01204,0.07389,0.01204,0.08717,0.00897,-0.37388,2.07340,-0.50464,2.05995,-0.50464,2.05995,1.00000,0.00000,32,0.00026
30.6748,1.06128,0.00421,0.06128,0.00421,0.07067,0.00674,-0.37774,2.07340,-0.48375,2.06329,-0.48375,2.06329,1.00000,0.00000,32,0.00025
30.7763,1.02359,0.01606,0.02359,0.01606,0.04073,0.01033,-0.38043,2.07340,-0.44153,2.05791,-0.44153,2.05791,1.00000,0.00000,32,0.00104
30.8770,0.94546,0.08616,-0.05454,0.08616,-0.02818,0.05477,-0.38046,2.07216,-0.33819,1.99001,-0.33819,1.99001,1.00000,0.00000,0,0.00028
30.9794,0.86819,0.06445,-0.13181,0.06445,-0.10038,0.06552,-0.37683,2.06897,-0.22625,1.97069,-0.22625,1.97069,1.00000,0.00000,0,0.00029
31.0809,0.73056,0.00546,-0.26944,0.00546,-0.20138,0.03179,-0.36915,2.06650,-0.06709,2.01881,-0.06709,2.01881,1.00000,0.00000,0,0.00073
31.1822,0.65110,-0.02600,-0.34890,-0.02600,-0.31293,-0.00372,-0.35535,2.06628,0.11405,2.07185,0.11405,2.07185,1.00000,0.00000,32,0.00109
31.2823,0.63817,-0.16548,-0.36183,-0.16548,-0.34444,-0.11861,-0.33862,2.07001,0.17804,2.24793,0.17804,2.24793,1.00000,0.00000,0,0.00029
31.3831,0.63130,-0.19915,-0.36870,-0.19915,-0.36817,-0.17233,-0.32046,2.07761,0.23179,2.33611,0.23179,2.33611,1.00000,0.00000,0,0.00026
31.4850,0.61990,-0.21885,-0.38010,-0.21885,-0.37716,-0.20774,-0.30174,2.08739,0.26399,2.39901,0.26399,2.39901,1.00000,0.00000,0,0.00046
31.5860,0.62128,-0.24471,-0.37872,-0.24471,-0.37800,-0.23191,-0.28288,2.09850,0.28412,2.44637,0.28412,2.44637,1.00000,0.00000,0,0.00042
31.6872,0.61306,-0.29859,-0.38694,-0.29859,-0.38414,-0.27209,-0.26380,2.11115,0.31241,2.51928,0.31241,2.51928,1.00000,0.00000,0,0.00030
31.7895,0.60498,-0.53402,-0.39502,-0.53402,-0.38839,-0.44438,-0.24441,2.12928,0.33817,2.79585,0.33817,2.79585,1.00000,0.00000,0,0.00033
31.8910,0.61663,-0.56666,-0.38337,-0.56666,-0.39141,-0.53594,-0.22471,2.15462,0.36240,2.95853,0.36240,2.95853,1.00000,0.00000,0,0.00028
31.9914,0.64105,-0.58913,-0.35895,-0.58913,-0.37238,-0.57364,-0.20566,2.18259,0.35291,3.04305,0.35291,3.04305,1.00000,0.00000,0,0.00031
32.0927,0.73830,-0.65261,-0.26170,-0.65261,-0.30832,-0.62211,-0.18870,2.21257,0.27378,3.14574,0.27378,3.14574,1.00000,0.00000,0,0.00028
32.1935,0.79006,-0.68348,-0.20994,-0.68348,-0.23286,-0.66708,-0.17584,2.24510,0.17345,3.24571,0.17345,3.24571,1.00000,0.00000,0,0.00028
32.2955,0.82089,-0.69410,-0.17911,-0.69410,-0.19321,-0.68821,-0.16545,2.27917,0.12437,3.31148,0.12437,3.31148,1.00000,0.00000,0,0.00038
32.3969,0.85935,-0.69636,-0.14065,-0.69636,-0.15749,-0.69541,-0.15687,2.31384,0.07936,3.35696,0.07936,3.35696,1.00000,0.00000,0,0.00027
32.4984,0.94988,-0.64909,-0.05012,-0.64909,-0.09621,-0.67423,-0.15055,2.34822,-0.00623,3.35956,-0.00623,3.35956,1.00000,0.00000,0,0.00030
32.5998,1.13699,-0.61691,0.13699,-0.61691,0.07081,-0.63078,-0.15063,2.38034,-0.25685,3.32650,-0.25685,3.32650,1.00000,0.00000,0,0.00028
32.7006,1.19886,-0.59349,0.19886,-0.59349,0.15404,-0.60140,-0.15676,2.41083,-0.38783,3.31293,-0.38783,3.31293,1.00000,0.00000,0,0.00026
32.8029,1.26367,-0.51199,0.26367,-0.51199,0.23901,-0.54090,-0.16719,2.43907,-0.52571,3.25042,-0.52571,3.25042,1.00000,0.00000,0,0.00028
32.9033,1.30058,-0.47751,0.30058,-0.47751,0.28228,-0.49366,-0.18055,2.46454,-0.60397,3.20503,-0.60397,3.20503,1.00000,0.00000,0,0.00023
33.0060,1.32539,-0.44714,0.32539,-0.44714,0.31088,-0.46069,-0.19545,2.48820,-0.66177,3.17924,-0.66177,3.17924,1.00000,0.00000,0,0.00032
33.1068,1.34320,-0.41537,0.34320,-0.41537,0.33300,-0.43033,-0.21169,2.51035,-0.71119,3.15585,-0.71119,3.15585,1.00000,0.00000,0,0.00027
33.2106,1.37479,-0.33747,0.37479,-0.33747,0.36000,-0.37532,-0.22914,2.53040,-0.76914,3.09338,-0.76914,3.09338,1.00000,0.00000,0,0.00025
33.3135,1.43655,-0.19164,0.43655,-0.19164,0.41241,-0.25073,-0.24863,2.54547,-0.86725,2.92157,-0.86725,2.92157,1.00000,0.00000,0,0.00027
33.4154,1.43880,-0.03241,0.43880,-0.03241,0.43416,-0.10564,-0.27005,2.55378,-0.92129,2.71224,-0.92129,2.71224,1.00000,0.00000,0,0.00027
33.5165,1.44542,0.00493,0.44542,0.00493,0.44032,-0.01958,-0.29188,2.55591,-0.95236,2.58529,-0.95236,2.58529,1.00000,0.00000,32,0.00032
33.6176,1.44877,0.08470,1.44877,0.08470,1.20512,0.02924,-0.15358,2.55562,-1.96125,2.51176,-1.96125,2.51176,0.00000,0.00000,0,0.00028
33.7188,1.23423,0.76371,1.23423,0.76371,1.26200,0.52783,-0.21717,2.53931,-2.11017,1.74757,-2.11017,1.74757,0.00000,0.00000,0,0.00029
33.8200,0.99868,1.15761,0.99868,1.15761,1.08561,0.96896,-0.27541,2.49948,-1.90382,1.04604,-1.90382,1.04604,0.00000,0.00000,0,0.00070
33.9216,0.70547,1.30861,0.70547,1.30861,0.85793,1.21083,-0.32382,2.44337,-1.61072,0.62712,-1.61072,0.62712,0.00000,0.00000,0,0.00028
34.0228,0.13033,1.36021,0.13033,1.36021,0.36797,1.34110,-0.35273,2.37859,-0.90469,0.36694,-0.90469,0.36694,0.00000,0.00000,0,0.00027
34.1272,-0.22853,1.14503,-0.22853,1.14503,-0.09226,1.24056,-0.35581,2.31377,-0.21742,0.45292,-0.21742,0.45292,0.00000,0.00000,0,0.00028
34.2288,-0.40125,0.58522,-0.40125,0.58522,-0.32797,0.79059,-0.34336,2.26582,0.14859,1.07994,0.14859,1.07994,0.00000,0.00000,0,0.00028
34.3319,-0.46830,0.42425,-0.46830,0.42425,-0.44377,0.52918,-0.32282,2.23474,0.34283,1.44097,0.34283,1.44097,0.00000,0.00000,0,0.00031
34.4328,-0.44502,0.17212,-0.44502,0.17212,-0.45815,0.26330,-0.29965,2.21654,0.38758,1.82159,0.38758,1.82159,0.00000,0.00000,0,0.00027
34.5352,-0.31122,0.05043,-0.31122,0.05043,-0.37602,0.11981,-0.27894,2.20789,0.28509,2.02816,0.28509,2.02816,0.00000,0.00000,0,0.00084
34.6364,-0.18645,-0.01308,-0.18645,-0.01308,-0.23615,0.02102,-0.26469,2.20520,0.08954,2.17366,0.08954,2.17366,0.00000,0.00000,0,0.00083
34.7380,-0.15551,-0.03711,-0.15551,-0.03711,-0.17579,-0.02314,-0.25489,2.20543,0.00880,2.24014,0.00880,2.24014,0.00000,0.00000,0,0.00033
34.8398,-0.10808,-0.07808,-0.10808,-0.07808,-0.12928,-0.06069,-0.24746,2.20771,-0.05355,2.29875,-0.05355,2.29875,0.00000,0.00000,0,0.00042
34.9402,-0.05026,-0.11805,-0.05026,-0.11805,-0.07566,-0.09982,-0.24259,2.21192,-0.12910,2.36165,-0.12910,2.36165,0.00000,0.00000,0,0.00029
35.0408,0.08544,-0.12278,0.08544,-0.12278,0.02316,-0.12481,-0.24132,2.21788,-0.27606,2.40509,-0.27606,2.40509,0.00000,0.00000,0,0.00030
35.1413,0.14994,-0.15869,0.14994,-0.15869,0.11561,-0.14640,-0.24540,2.22464,-0.41881,2.44423,-0.41881,2.44423,0.00000,0.00000,0,0.00030
35.2419,0.19939,-0.15970,0.19939,-0.15970,0.17285,-0.15644,-0.25289,2.23226,-0.51217,2.46692,-0.51217,2.46692,0.00000,0.00000,0,0.00028
35.3442,0.25549,-0.16829,0.25549,-0.16829,0.22783,-0.16267,-0.26319,2.24025,-0.60493,2.48426,-0.60493,2.48426,0.00000,0.00000,0,0.00026
35.4466,0.30696,-0.17155,0.30696,-0.17155,0.28219,-0.16965,-0.27622,2.24862,-0.69951,2.50310,-0.69951,2.50310,0.00000,0.00000,0,0.00063
35.5480,0.34923,-0.17280,0.34923,-0.17280,0.32978,-0.17303,-0.29179,2.25724,-0.78647,2.51678,-0.78647,2.51678,0.00000,0.00000,0,0.00038
35.6505,0.47911,-0.10630,0.47911,-0.10630,0.40968,-0.14214,-0.31017,2.26532,-0.92469,2.47852,-0.92469,2.47852,0.00000,0.00000,0,0.00026
35.7518,0.69088,0.00030,0.69088,0.00030,0.61378,-0.05593,-0.33714,2.26985,-1.25782,2.35374,-1.25782,2.35374,0.00000,0.00000,0,0.00030
35.8543,0.73989,0.17806,0.73989,0.17806,0.71568,0.11068,-0.37141,2.26766,-1.44493,2.10165,-1.44493,2.10165,0.00000,0.00000,0,0.00096
35.9539,0.75066,0.22513,0.75066,0.22513,0.74214,0.19753,-0.40807,2.25922,-1.52127,1.96293,-1.52127,1.96293,0.00000,0.00000,0,0.00026
36.0551,0.75495,0.29042,0.75495,0.29042,0.75190,0.25506,-0.44550,2.24774,-1.57335,1.86514,-1.57335,1.86514,0.00000,0.00000,0,0.00028
36.1559,0.76990,0.43317,0.76990,0.43317,0.76409,0.37160,-0.48344,2.23160,-1.62957,1.67420,-1.62957,1.67420,0.00000,0.00000,0,0.00027
36.2582,0.73341,0.59683,0.73341,0.59683,0.75087,0.52107,-0.52153,2.20873,-1.64783,1.42712,-1.64783,1.42712,0.00000,0.00000,0,0.00031
36.3586,0.66786,0.68028,0.66786,0.68028,0.69339,0.64130,-0.55734,2.17863,-1.59742,1.21668,-1.59742,1.21668,0.00000,0.00000,0,0.00026
36.4607,0.64180,0.72512,0.64180,0.72512,0.65511,0.70324,-0.59073,2.14451,-1.57339,1.08965,-1.57339,1.08965,0.00000,0.00000,0,0.00027
36.5620,0.60347,0.75663,0.60347,0.75663,0.61994,0.74094,-0.62244,2.10817,-1.55235,0.99676,-1.55235,0.99676,0.00000,0.00000,0,0.00058
36.6634,0.55506,0.79330,0.55506,0.79330,0.57736,0.77580,-0.65223,2.07012,-1.51826,0.90642,-1.51826,0.90642,0.00000,0.00000,0,0.00028
36.7642,0.41440,0.85259,0.41440,0.85259,0.47722,0.82647,-0.67839,2.02985,-1.39422,0.79014,-1.39422,0.79014,0.00000,0.00000,0,0.00031
36.8658,0.07598,0.96596,0.07598,0.96596,0.21458,0.92249,-0.69485,1.98562,-1.01672,0.60187,-1.01672,0.60187,0.00000,0.00000,0,0.00031
36.9705,-0.25975,0.95185,-0.25975,0.95185,-0.12047,0.95647,-0.69539,1.93827,-0.51469,0.50356,-0.51469,0.50356,0.00000,0.00000,0,0.00077
37.0723,-0.42704,0.80943,-0.42704,0.80943,-0.31116,0.88380,-0.68382,1.89169,-0.21707,0.56599,-0.21707,0.56599,0.00000,0.00000,0,0.00099
37.1736,-0.58724,0.60571,-0.58724,0.60571,-0.51596,0.70223,-0.66166,1.85275,0.11229,0.79940,0.11229,0.79940,0.00000,0.00000,0,0.00027
37.2753,-0.68764,0.32274,-0.68764,0.32274,-0.64158,0.43087,-0.63193,1.82621,0.33044,1.17990,0.33044,1.17990,0.00000,0.00000,0,0.00029
37.3759,-0.66160,0.13728,-0.66160,0.13728,-0.64571,0.19975,-0.59974,1.81275,0.36882,1.51312,0.36882,1.51312,0.00000,0.00000,0,0.00031
37.4782,-0.58397,0.07626,-0.58397,0.07626,-0.61576,0.11056,-0.56783,1.80545,0.35581,1.63962,0.35581,1.63962,0.00000,0.00000,0,0.00098
37.5786,-0.48700,-0.00346,-0.48700,-0.00346,-0.53945,0.03274,-0.53909,1.80227,0.27009,1.75315,0.27009,1.75315,0.00000,0.00000,0,0.00028
37.6807,-0.39590,-0.05527,-0.39590,-0.05527,-0.43333,-0.03001,-0.51556,1.80257,0.13443,1.84758,0.13443,1.84758,0.00000,0.00000,0,0.00029
37.7819,-0.36319,-0.08448,-0.36319,-0.08448,-0.38241,-0.06996,-0.49552,1.80537,0.07809,1.91031,0.07809,1.91031,0.00000,0.00000,0,0.00078
37.8831,-0.33430,-0.10496,-0.33430,-0.10496,-0.34646,-0.09529,-0.47757,1.80967,0.04213,1.95261,0.04213,1.95261,0.00000,0.00000,0,0.00028
37.9850,-0.30830,-0.12543,-0.30830,-0.12543,-0.32049,-0.11596,-0.46103,1.81509,0.01971,1.98903,0.01971,1.98903,0.00000,0.00000,0,0.00036
38.0894,-0.27448,-0.15478,-0.27448,-0.15478,-0.29084,-0.14006,-0.44585,1.82157,-0.00958,2.03166,-0.00958,2.03166,0.00000,0.00000,0,0.00072
38.1909,-0.22480,-0.18414,-0.22480,-0.18414,-0.24771,-0.17120,-0.43257,1.82955,-0.06100,2.08636,-0.06100,2.08636,0.00000,0.00000,0,0.00033
38.2930,-0.17745,-0.21177,-0.17745,-0.21177,-0.19988,-0.19803,-0.42163,1.83890,-0.12180,2.13595,-0.12180,2.13595,0.00000,0.00000,0,0.00066
38.3936,-0.07879,-0.22556,-0.07879,-0.22556,-0.12515,-0.21862,-0.41360,1.84944,-0.22587,2.17737,-0.22587,2.17737,0.00000,0.00000,0,0.00030
38.4951,0.14266,-0.14666,0.14266,-0.14666,0.07268,-0.18522,-0.41327,1.85981,-0.52228,2.13764,-0.52228,2.13764,0.00000,0.00000,0,0.00028
38.5973,0.18250,-0.15634,-0.81750,-0.15634,-0.35245,-0.16605,-0.53678,1.86824,-0.00562,2.11731,-0.00810,2.11731,1.00000,0.00000,1,0.00031
38.7003,0.23782,-0.59119,-0.76218,-0.59119,-0.70916,-0.37225,-0.50553,1.87997,0.55820,2.43835,0.55820,2.43835,1.00000,0.00000,0,0.00110
38.8008,0.61380,-0.99805,-0.38620,-0.99805,-0.55423,-0.81792,-0.47247,1.91251,0.35887,3.13939,0.35887,3.13939,1.00000,0.00000,0,0.00027
38.9031,0.99891,-0.86103,-0.00109,-0.86103,-0.17528,-0.90138,-0.45603,1.95756,-0.19311,3.30963,-0.19311,3.30963,1.00000,0.00000,0,0.00028
39.0051,1.31413,-0.72608,0.31413,-0.72608,0.17363,-0.80450,-0.45855,1.99974,-0.71900,3.20649,-0.71900,3.20649,1.00000,0.00000,0,0.00026
39.1074,1.44983,-0.47054,0.44983,-0.47054,0.37164,-0.58925,-0.47348,2.03408,-1.03094,2.91796,-1.03094,2.91796,1.00000,0.00000,0,0.00028
39.2107,1.47799,-0.24734,0.47799,-0.24734,0.44952,-0.35336,-0.49471,2.05648,-1.16899,2.58652,-1.16899,2.58652,1.00000,0.00000,0,0.00027
39.3116,1.48906,-0.17625,0.48906,-0.17625,0.48117,-0.22096,-0.51831,2.06990,-1.24007,2.40134,-1.24007,2.40134,1.00000,0.00000,0,0.00030
39.4129,1.47583,-0.03251,0.47583,-0.03251,0.48144,-0.09288,-0.54248,2.07711,-1.26464,2.21643,-1.26464,2.21643,1.00000,0.00000,0,0.00026
39.5139,1.42222,0.06580,0.42222,0.06580,0.45744,0.00472,-0.56609,2.07896,-1.25225,2.07188,-1.25225,2.07188,1.00000,0.00000,32,0.00026
39.6165,1.26939,0.13913,0.26939,0.13913,0.32314,0.10207,-0.58488,2.07581,-1.06960,1.92270,-1.06960,1.92270,1.00000,0.00000,0,0.00109
39.7167,1.20681,0.18461,0.20681,0.18461,0.24379,0.15383,-0.59861,2.06926,-0.96429,1.83851,-0.96429,1.83851,1.00000,0.00000,0,0.00027
39.8192,1.08230,0.26353,0.08230,0.26353,0.13499,0.24676,-0.60735,2.05840,-0.80983,1.68827,-0.80983,1.68827,1.00000,0.00000,0,0.00028
39.9197,0.92462,0.31459,-0.07538,0.31459,-0.01147,0.29507,-0.60968,2.04478,-0.59247,1.60217,-0.59247,1.60217,1.00000,0.00000,16,0.00028
40.0210,0.83196,0.27343,-0.16804,0.27343,-0.12804,0.28362,-0.60530,2.03026,-0.41324,1.60484,-0.41324,1.60484,1.00000,0.00000,0,0.00029
40.1231,0.62145,0.18074,-0.37855,0.18074,-0.28486,0.21932,-0.59472,2.01780,-0.16743,1.68882,-0.16743,1.68882,1.00000,0.00000,0,0.00030
40.2243,0.51472,0.12632,-0.48528,0.12632,-0.43621,0.15892,-0.57539,2.00861,0.07893,1.77023,0.07893,1.77023,1.00000,0.00000,0,0.00025
40.3258,0.47474,0.05827,-0.52526,0.05827,-0.50245,0.09844,-0.55142,2.00239,0.20226,1.85473,0.20226,1.85473,1.00000,0.00000,0,0.00027
40.4301,0.48035,-0.05976,-0.51965,-0.05976,-0.51276,-0.02031,-0.52584,2.00142,0.24329,2.03188,0.24329,2.03188,1.00000,0.00000,0,0.00226
40.5286,0.47379,-0.09023,-0.52621,-0.09023,-0.52695,-0.07037,-0.49961,2.00402,0.29081,2.10958,0.29081,2.10958,1.00000,0.00000,0,0.00027
40.6298,0.45910,-0.12329,-0.54090,-0.12329,-0.54002,-0.10790,-0.47279,2.00872,0.33725,2.17056,0.33725,2.17056,1.00000,0.00000,0,0.00026
40.7334,0.45561,-0.16774,-0.54439,-0.16774,-0.54192,-0.14729,-0.44579,2.01529,0.36709,2.23623,0.36709,2.23623,1.00000,0.00000,0,0.00151
40.8330,0.46430,-0.35098,-0.53570,-0.35098,-0.54279,-0.26973,-0.41856,2.02561,0.39563,2.43021,0.39563,2.43021,1.00000,0.00000,0,0.00029
40.9353,0.44183,-0.46182,-0.55817,-0.46182,-0.54744,-0.41592,-0.39155,2.04394,0.42961,2.66783,0.42961,2.66783,1.00000,0.00000,0,0.00091
41.0377,0.49396,-0.50587,-0.50604,-0.50587,-0.51413,-0.48276,-0.36527,2.06699,0.40593,2.79112,0.40593,2.79112,1.00000,0.00000,0,0.00186
41.1376,0.57235,-0.56036,-0.42765,-0.56036,-0.45875,-0.53545,-0.34100,2.09266,0.34712,2.89584,0.34712,2.89584,1.00000,0.00000,0,0.00046
41.2417,0.66840,-0.65414,-0.33160,-0.65414,-0.37410,-0.61583,-0.32044,2.12172,0.24070,3.04547,0.24070,3.04547,1.00000,0.00000,0,0.00152
41.3414,0.80880,-0.71712,-0.19120,-0.71712,-0.24804,-0.69143,-0.30544,2.15498,0.06662,3.19213,0.06662,3.19213,1.00000,0.00000,0,0.00028
41.4420,0.82229,-0.74087,-0.17771,-0.74087,-0.19512,-0.73012,-0.29484,2.19090,-0.00217,3.28607,-0.00217,3.28607,1.00000,0.00000,0,0.00030
41.5453,0.86916,-0.73841,-0.13084,-0.73841,-0.15738,-0.74135,-0.28609,2.22789,-0.05003,3.33991,-0.05003,3.33991,1.00000,0.00000,0,0.00074
41.6509,0.93273,-0.72063,-0.06727,-0.72063,-0.10037,-0.72904,-0.27982,2.26460,-0.12926,3.35817,-0.12926,3.35817,1.00000,0.00000,0,0.00196
41.7496,1.15353,-0.65744,0.15353,-0.65744,0.05650,-0.66262,-0.27865,2.29908,-0.36341,3.29301,-0.36341,3.29301,1.00000,0.00000,0,0.00032
41.8507,1.22139,-0.56139,0.22139,-0.56139,0.18540,-0.60430,-0.28596,2.33077,-0.56406,3.23722,-0.56406,3.23722,1.00000,0.00000,0,0.00028
41.9534,1.31222,-0.48640,0.31222,-0.48640,0.28290,-0.52180,-0.29859,2.35826,-0.72295,3.14096,-0.72295,3.14096,1.00000,0.00000,0,0.00029
42.0561,1.32103,-0.46178,0.32103,-0.46178,0.31204,-0.48208,-0.31362,2.38314,-0.78169,3.10625,-0.78169,3.10625,1.00000,0.00000,0,0.00097
42.1570,1.33488,-0.40021,0.33488,-0.40021,0.32599,-0.43104,-0.32959,2.40585,-0.81857,3.05242,-0.81857,3.05242,1.00000,0.00000,0,0.00029
42.2584,1.37101,-0.28084,0.37101,-0.28084,0.35741,-0.32916,-0.34681,2.42444,-0.88292,2.91819,-0.88292,2.91819,1.00000,0.00000,0,0.00031
42.3600,1.36475,-0.13132,0.36475,-0.13132,0.36378,-0.20240,-0.36497,2.43729,-0.91063,2.74089,-0.91063,2.74089,1.00000,0.00000,0,0.00026
42.4624,1.36979,-0.08051,0.36979,-0.08051,0.36682,-0.10952,-0.38320,2.44427,-0.93343,2.60855,-0.93343,2.60855,1.00000,0.00000,0,0.00029
42.5646,1.36557,-0.06035,0.36557,-0.06035,0.36646,-0.07274,-0.40156,2.44853,-0.95125,2.55765,-0.95125,2.55765,1.00000,0.00000,0,0.00029
42.6649,1.37589,-0.03885,0.37589,-0.03885,0.37330,-0.04959,-0.42008,2.45145,-0.98003,2.52584,-0.98003,2.52584,1.00000,0.00000,0,0.00026
42.7665,1.25155,0.03144,0.25155,0.03144,0.29593,0.00181,-0.43684,2.45209,-0.88074,2.44938,-0.88074,2.44938,1.00000,0.00000,32,0.00025
42.8682,1.24523,0.03942,0.24523,0.03942,0.25745,0.03131,-0.45033,2.45100,-0.83650,2.40403,-0.83650,2.40403,1.00000,0.00000,0,0.00032
42.9693,1.19642,0.06170,0.19642,0.06170,0.21802,0.05389,-0.46209,2.44873,-0.78912,2.36789,-0.78912,2.36789,1.00000,0.00000,0,0.00029
43.0704,1.18568,0.07035,0.18568,0.07035,0.19211,0.06710,-0.47203,2.44555,-0.76019,2.34490,-0.76019,2.34490,1.00000,0.00000,0,0.00026
43.1732,1.18403,0.07232,0.18403,0.07232,0.18587,0.07167,-0.48142,2.44204,-0.76023,2.33453,-0.76023,2.33453,1.00000,0.00000,0,0.00165
43.2730,1.17623,0.07638,0.17623,0.07638,0.17842,0.07426,-0.49047,2.43838,-0.75810,2.32699,-0.75810,2.32699,1.00000,0.00000,0,0.00037
43.3737,1.13262,0.10704,0.13262,0.10704,0.15412,0.09309,-0.49882,2.43420,-0.73001,2.29457,-0.73001,2.29457,1.00000,0.00000,0,0.00028
43.4750,1.05196,0.15754,0.05196,0.15754,0.08353,0.15581,-0.50425,2.42736,-0.62954,2.19364,-0.62954,2.19364,1.00000,0.00000,0,0.00029
43.5764,1.02506,0.16963,1.02506,0.16963,0.34114,0.16934,-0.36698,2.41916,-1.02176,2.16515,-0.87868,2.16515,0.00000,0.00000,1,0.00029
43.6786,0.85841,0.45344,0.85841,0.45344,0.82894,0.29630,-0.38925,2.40868,-1.63266,1.96423,-1.63266,1.96423,0.00000,0.00000,0,0.00028
43.7799,0.79214,0.74369,0.79214,0.74369,0.82607,0.63821,-0.43117,2.38244,-1.67028,1.42513,-1.67028,1.42513,0.00000,0.00000,0,0.00027
43.8814,0.65246,0.83619,0.65246,0.83619,0.71449,0.79106,-0.46935,2.34542,-1.54109,1.15884,-1.54109,1.15884,0.00000,0.00000,0,0.00024
43.9853,0.40657,0.87244,0.40657,0.87244,0.52005,0.84946,-0.49993,2.30404,-1.27999,1.02985,-1.27999,1.02985,0.00000,0.00000,0,0.00058
44.0864,0.18062,0.80924,0.18062,0.80924,0.26420,0.81994,-0.51781,2.26242,-0.91411,1.03251,-0.91411,1.03251,0.00000,0.00000,0,0.00043
44.1862,0.14673,0.77750,0.14673,0.77750,0.17435,0.78446,-0.52791,2.22265,-0.78943,1.04595,-0.78943,1.04595,0.00000,0.00000,0,0.00039
44.2892,0.13453,0.77228,0.13453,0.77228,0.14460,0.77519,-0.53561,2.18371,-0.75251,1.02093,-0.75251,1.02093,0.00000,0.00000,0,0.00198
44.3926,0.11065,0.75233,0.11065,0.75233,0.12115,0.76434,-0.54213,2.14516,-0.72385,0.99866,-0.72385,0.99866,0.00000,0.00000,0,0.00175
44.4918,0.07537,0.72419,0.07537,0.72419,0.09098,0.73387,-0.54735,2.10794,-0.68382,1.00713,-0.68382,1.00713,0.00000,0.00000,0,0.00038
44.5924,-0.06212,0.72694,-0.06212,0.72694,0.00647,0.73003,-0.54981,2.07143,-0.55952,0.97639,-0.55952,0.97639,0.00000,0.00000,16,0.00031
44.6939,-0.26297,0.55263,-0.26297,0.55263,-0.15394,0.64280,-0.54581,2.03661,-0.31490,1.07241,-0.31490,1.07241,0.00000,0.00000,0,0.00025
44.7963,-0.42863,0.29959,-0.42863,0.29959,-0.35916,0.39226,-0.53164,2.01205,0.00710,1.42366,0.00710,1.42366,0.00000,0.00000,0,0.00100
44.8963,-0.39361,0.05674,-0.39361,0.05674,-0.40221,0.13525,-0.51172,2.00023,0.09160,1.79735,0.09160,1.79735,0.00000,0.00000,0,0.00029
44.9971,-0.40607,0.01457,-0.40607,0.01457,-0.41006,0.04226,-0.49136,1.99672,0.12374,1.93332,0.12374,1.93332,0.00000,0.00000,0,0.00028
45.0988,-0.38812,-0.01231,-0.38812,-0.01231,-0.39570,0.00387,-0.47136,1.99619,0.12220,1.99037,0.12220,1.99037,0.00000,0.00000,32,0.00028
45.2036,-0.36020,-0.04473,-0.36020,-0.04473,-0.36833,-0.03033,-0.45243,1.99673,0.10007,2.04223,0.10007,2.04223,0.00000,0.00000,0,0.00105
45.3043,-0.32363,-0.09523,-0.32363,-0.09523,-0.33982,-0.07349,-0.43482,1.99950,0.07491,2.10973,0.07491,2.10973,0.00000,0.00000,0,0.00027
45.4058,-0.28951,-0.15237,-0.28951,-0.15237,-0.30544,-0.12387,-0.41885,2.00462,0.03931,2.19043,0.03931,2.19043,0.00000,0.00000,0,0.00031
45.5082,-0.25711,-0.25413,-0.25711,-0.25413,-0.27524,-0.21699,-0.40449,2.01369,0.00837,2.33917,0.00837,2.33917,0.00000,0.00000,0,0.00091
45.6094,-0.16586,-0.32807,-0.16586,-0.32807,-0.20148,-0.29184,-0.39287,2.02680,-0.09065,2.46456,-0.09065,2.46456,0.00000,0.00000,0,0.00035
45.7109,0.10476,-0.32710,0.10476,-0.32710,-0.03222,-0.33048,-0.38682,2.04300,-0.33849,2.53871,-0.33849,2.53871,0.00000,0.00000,0,0.00027
45.8113,0.17143,-0.30237,0.17143,-0.30237,0.11998,-0.30203,-0.39022,2.05836,-0.57019,2.51140,-0.57019,2.51140,0.00000,0.00000,0,0.00026
45.9132,0.21020,-0.29205,0.21020,-0.29205,0.18478,-0.29253,-0.39837,2.07312,-0.67553,2.51192,-0.67553,2.51192,0.00000,0.00000,0,0.00034
46.0150,0.23489,-0.27888,0.23489,-0.27888,0.22135,-0.28409,-0.40879,2.08751,-0.74081,2.51365,-0.74081,2.51365,0.00000,0.00000,0,0.00029
46.1154,0.26720,-0.24477,0.26720,-0.24477,0.25182,-0.26114,-0.42077,2.10113,-0.79850,2.49283,-0.79850,2.49283,0.00000,0.00000,0,0.00027
46.2162,0.35151,-0.11687,0.35151,-0.11687,0.31589,-0.16905,-0.43510,2.11172,-0.90894,2.36530,-0.90894,2.36530,0.00000,0.00000,0,0.00030
46.3196,0.37892,-0.07215,0.37892,-0.07215,0.36217,-0.09834,-0.45241,2.11791,-0.99567,2.26543,-0.99567,2.26543,0.00000,0.00000,0,0.00030
46.4212,0.51355,0.01550,0.51355,0.01550,0.44839,-0.02801,-0.47257,2.12093,-1.14516,2.16295,-1.14516,2.16295,0.00000,0.00000,0,0.00028
46.5228,0.60490,0.10772,0.60490,0.10772,0.57062,0.05565,-0.49922,2.12004,-1.35516,2.03656,-1.35516,2.03656,0.00000,0.00000,0,0.00026
46.6248,0.59619,0.25014,0.59619,0.25014,0.59083,0.18673,-0.52848,2.11336,-1.41472,1.83326,-1.41472,1.83326,0.00000,0.00000,0,0.00025
46.7270,0.62555,0.36192,0.62555,0.36192,0.61481,0.30958,-0.55873,2.10030,-1.48095,1.63593,-1.48095,1.63593,0.00000,0.00000,0,0.00027
46.8302,0.58887,0.50163,0.58887,0.50163,0.60807,0.43217,-0.58958,2.08135,-1.50168,1.43309,-1.50168,1.43309,0.00000,0.00000,0,0.00035
46.9339,0.55384,0.56824,0.55384,0.56824,0.57058,0.53536,-0.61889,2.05626,-1.47477,1.25322,-1.47477,1.25322,0.00000,0.00000,0,0.00094
47.0347,0.52840,0.60210,0.52840,0.60210,0.53998,0.58621,-0.64643,2.02780,-1.45640,1.14848,-1.45640,1.14848,0.00000,0.00000,0,0.00033
47.1363,0.51335,0.63629,0.51335,0.63629,0.52110,0.62147,-0.67281,1.99736,-1.45446,1.06516,-1.45446,1.06516,0.00000,0.00000,0,0.00035
47.2376,0.49148,0.67073,0.49148,0.67073,0.50209,0.65465,-0.69835,1.96532,-1.45149,0.98334,-1.45149,0.98334,0.00000,0.00000,0,0.00033
47.3412,0.44711,0.70498,0.44711,0.70498,0.46786,0.68822,-0.72252,1.93160,-1.42430,0.89927,-1.42430,0.89927,0.00000,0.00000,0,0.00106
47.4417,0.35979,0.75406,0.35979,0.75406,0.39843,0.73569,-0.74400,1.89571,-1.34165,0.79218,-1.34165,0.79218,0.00000,0.00000,0,0.00028
47.5435,-0.02298,0.82787,-0.02298,0.82787,0.14972,0.81912,-0.75755,1.85627,-0.98213,0.62759,-0.98213,0.62759,0.00000,0.00000,0,0.00026
47.6453,-0.12639,0.84150,-0.12639,0.84150,-0.07205,0.84413,-0.75740,1.81427,-0.64932,0.54808,-0.64932,0.54808,0.00000,0.00000,0,0.00028
47.7472,-0.17862,0.81983,-0.17862,0.81983,-0.15157,0.82906,-0.75126,1.77251,-0.52392,0.52893,-0.52392,0.52893,0.00000,0.00000,0,0.00119
47.8481,-0.37083,0.70552,-0.37083,0.70552,-0.27711,0.75853,-0.74065,1.73273,-0.32498,0.59492,-0.32498,0.59492,0.00000,0.00000,0,0.00036
47.9498,-0.51609,0.52316,-0.51609,0.52316,-0.45707,0.61125,-0.72089,1.69901,-0.03528,0.78213,-0.03528,0.78213,0.00000,0.00000,0,0.00029
48.0519,-0.60098,0.32074,-0.60098,0.32074,-0.56171,0.39438,-0.69471,1.67556,0.14785,1.08398,0.14785,1.08398,0.00000,0.00000,0,0.00027
48.1538,-0.55579,0.11339,-0.55579,0.11339,-0.56311,0.18494,-0.66628,1.66235,0.17838,1.38495,0.17838,1.38495,0.00000,0.00000,0,0.00029
48.2563,-0.57274,0.05209,-0.57274,0.05209,-0.57891,0.09474,-0.63743,1.65597,0.23093,1.51386,0.23093,1.51386,0.00000,0.00000,0,0.00038
48.3577,-0.56727,0.04174,-0.56727,0.04174,-0.56992,0.05613,-0.60886,1.65246,0.24603,1.56827,0.24603,1.56827,0.00000,0.00000,0,0.00045
48.4592,-0.51977,-0.01063,-0.51977,-0.01063,-0.54054,0.01517,-0.58115,1.65092,0.22966,1.62817,0.22966,1.62817,0.00000,0.00000,32,0.00032
48.5620,-0.47985,-0.06258,-0.47985,-0.06258,-0.49931,-0.03726,-0.55538,1.65155,0.19358,1.70744,0.19358,1.70744,0.00000,0.00000,0,0.00029
48.6659,-0.43361,-0.50840,-1.43361,-0.50840,-1.21163,-0.22302,-0.66216,1.65654,1.15528,1.99107,1.15528,1.99107,1.00000,0.00000,0,0.00217
48.7658,-0.11923,-1.41480,-1.11923,-1.41480,-1.24137,-0.99575,-0.59811,1.69049,1.26394,3.18411,1.26394,3.18411,1.00000,0.00000,0,0.00028
48.8669,0.74258,-1.57107,-0.25742,-1.57107,-0.62324,-1.50967,-0.55281,1.75868,0.38206,4.02318,0.38206,4.02318,1.00000,0.00000,0,0.00027
48.9691,1.17883,-1.23067,0.17883,-1.23067,-0.03917,-1.39618,-0.54063,1.83296,-0.48188,3.92723,-0.48188,3.92723,1.00000,0.00000,0,0.00035
49.0717,1.50309,-0.77352,0.50309,-0.77352,0.37881,-0.97800,-0.55244,1.89008,-1.12065,3.35707,-1.12065,3.35707,1.00000,0.00000,0,0.00029
49.1723,1.62504,-0.30213,0.62504,-0.30213,0.57652,-0.49494,-0.57824,1.92400,-1.44303,2.66641,-1.44303,2.66641,1.00000,0.00000,0,0.00035
49.2725,1.59939,-0.08908,0.59939,-0.08908,0.60771,-0.21467,-0.60851,1.93988,-1.52007,2.26188,-1.52007,2.26188,1.00000,0.00000,0,0.00025
49.3748,1.38255,0.14497,0.38255,0.14497,0.49159,0.02724,-0.63648,1.94340,-1.37387,1.90254,-1.37387,1.90254,1.00000,0.00000,0,0.00096
49.4748,1.10428,0.35317,0.10428,0.35317,0.21554,0.24328,-0.65276,1.93572,-0.97608,1.57081,-0.97608,1.57081,1.00000,0.00000,0,0.00025
49.5753,0.90260,0.39122,-0.09740,0.39122,0.01232,0.35054,-0.65784,1.91988,-0.67633,1.39407,-0.67633,1.39407,1.00000,0.00000,16,0.00029
49.6776,0.68815,0.30793,-0.31185,0.30793,-0.19869,0.34376,-0.65217,1.90190,-0.35414,1.38625,-0.35414,1.38625,1.00000,0.00000,0,0.00033
49.7831,0.47047,0.22154,-0.52953,0.22154,-0.44294,0.25306,-0.63467,1.88755,0.02974,1.50796,0.02974,1.50796,1.00000,0.00000,0,0.00392
49.8806,0.42075,0.12845,-0.57925,0.12845,-0.55000,0.15582,-0.60892,1.87809,0.21608,1.64436,0.21608,1.64436,1.00000,0.00000,0,0.00025
49.9811,0.43050,-0.04099,-0.56950,-0.04099,-0.57462,0.02810,-0.58042,1.87363,0.28151,1.83148,0.28151,1.83148,1.00000,0.00000,0,0.00025
50.0819,0.40228,-0.07175,-0.59772,-0.07175,-0.58830,-0.05167,-0.55144,1.87489,0.33100,1.95239,0.33100,1.95239,1.00000,0.00000,0,0.00028
50.1835,0.40898,-0.10351,-0.59102,-0.10351,-0.58904,-0.08799,-0.52201,1.87863,0.36154,2.01062,0.36154,2.01062,1.00000,0.00000,0,0.00027
50.2847,0.40667,-0.14850,-0.59333,-0.14850,-0.58969,-0.12832,-0.49258,1.88420,0.39195,2.07667,0.39195,2.07667,1.00000,0.00000,0,0.00035
50.3865,0.37623,-0.39842,-0.62377,-0.39842,-0.61091,-0.28730,-0.46256,1.89424,0.45382,2.32520,0.45382,2.32520,1.00000,0.00000,0,0.00117
50.4890,0.41373,-0.46396,-0.58627,-0.46396,-0.59082,-0.42338,-0.43257,1.91319,0.45365,2.54826,0.45365,2.54826,1.00000,0.00000,0,0.00034
50.5905,0.44735,-0.49837,-0.55265,-0.49837,-0.56565,-0.47654,-0.40371,1.93601,0.44476,2.65083,0.44476,2.65083,1.00000,0.00000,0,0.00029
50.6929,0.49777,-0.54311,-0.50223,-0.54311,-0.52549,-0.52152,-0.37655,1.96118,0.41168,2.74347,0.41168,2.74347,1.00000,0.00000,0,0.00028
50.7955,0.58450,-0.64207,-0.41550,-0.64207,-0.45817,-0.59627,-0.35211,1.98929,0.33514,2.88369,0.33514,2.88369,1.00000,0.00000,0,0.00025
50.8965,0.67219,-0.71149,-0.32781,-0.71149,-0.37097,-0.67963,-0.33185,2.02180,0.22460,3.04124,0.22460,3.04124,1.00000,0.00000,0,0.00030
50.9971,0.78131,-0.77249,-0.21869,-0.77249,-0.25938,-0.74626,-0.31669,2.05787,0.07237,3.17725,0.07237,3.17725,1.00000,0.00000,0,0.00032
51.0975,0.80932,-0.79397,-0.19068,-0.79397,-0.20947,-0.78347,-0.30534,2.09648,0.00887,3.27169,0.00887,3.27169,1.00000,0.00000,0,0.00025
51.1991,0.81841,-0.80612,-0.18159,-0.80612,-0.18968,-0.79911,-0.29550,2.13615,-0.01099,3.33482,-0.01099,3.33482,1.00000,0.00000,0,0.00037
51.3010,0.88177,-0.79019,-0.11823,-0.79019,-0.14731,-0.79863,-0.28701,2.17627,-0.06604,3.37421,-0.06604,3.37421,1.00000,0.00000,0,0.00034
51.4018,1.14893,-0.68011,0.14893,-0.68011,0.00754,-0.73912,-0.28312,2.21489,-0.29444,3.32357,-0.29444,3.32357,1.00000,0.00000,16,0.00025
51.5023,1.21531,-0.61891,0.21531,-0.61891,0.16513,-0.66907,-0.28877,2.25008,-0.53646,3.25369,-0.53646,3.25369,1.00000,0.00000,0,0.00025
51.6054,1.31217,-0.52369,0.31217,-0.52369,0.27641,-0.56707,-0.30065,2.28019,-0.71526,3.13078,-0.71526,3.13078,1.00000,0.00000,0,0.00092
51.7058,1.32065,-0.49570,0.32065,-0.49570,0.30812,-0.51499,-0.31555,2.30685,-0.77773,3.07933,-0.77773,3.07933,1.00000,0.00000,0,0.00027
51.8066,1.33107,-0.40478,0.33107,-0.40478,0.32308,-0.45117,-0.33139,2.33087,-0.81602,3.00763,-0.81602,3.00763,1.00000,0.00000,0,0.00031
51.9090,1.36309,-0.28816,0.36309,-0.28816,0.35219,-0.33659,-0.34842,2.34994,-0.87671,2.85482,-0.87671,2.85482,1.00000,0.00000,0,0.00080
52.0092,1.37124,-0.16306,0.37124,-0.16306,0.36577,-0.21883,-0.36648,2.36334,-0.91513,2.69159,-0.91513,2.69159,1.00000,0.00000,0,0.00038
52.1098,1.36373,-0.07985,0.36373,-0.07985,0.36415,-0.11512,-0.38473,2.37090,-0.93095,2.54358,-0.93095,2.54358,1.00000,0.00000,0,0.00028
52.2109,1.37304,-0.07576,0.37304,-0.07576,0.37024,-0.08391,-0.40311,2.37557,-0.95847,2.50143,-0.95847,2.50143,1.00000,0.00000,0,0.00027
52.3127,1.35218,-0.03254,0.35218,-0.03254,0.36349,-0.05580,-0.42154,2.37905,-0.96678,2.46274,-0.96678,2.46274,1.00000,0.00000,0,0.00102
52.4135,1.25193,0.02906,0.25193,0.02906,0.27547,-0.00112,-0.43688,2.38003,-0.85010,2.38171,-0.85010,2.38171,1.00000,0.00000,32,0.00026
52.5160,1.22346,0.03899,0.22346,0.03899,0.24145,0.02377,-0.44964,2.37980,-0.81181,2.34415,-0.81181,2.34415,1.00000,0.00000,0,0.00029
52.6167,1.17773,0.06469,0.17773,0.06469,0.19287,0.04912,-0.46012,2.37782,-0.74942,2.30414,-0.74942,2.30414,1.00000,0.00000,0,0.00026
52.7173,1.17352,0.06470,0.17352,0.06470,0.17863,0.06072,-0.46930,2.37498,-0.73725,2.28391,-0.73725,2.28391,1.00000,0.00000,0,0.00032
52.8187,1.17320,0.06380,0.17320,0.06380,0.17397,0.06229,-0.47804,2.37188,-0.73899,2.27844,-0.73899,2.27844,1.00000,0.00000,0,0.00027
52.9198,1.15246,0.07891,0.15246,0.07891,0.16452,0.06965,-0.48659,2.36865,-0.73337,2.26418,-0.73337,2.26418,1.00000,0.00000,0,0.00028
53.0218,1.07079,0.18218,0.07079,0.18218,0.10296,0.12994,-0.49328,2.36384,-0.64771,2.16893,-0.64771,2.16893,1.00000,0.00000,0,0.00029
53.1223,1.01975,0.17220,0.01975,0.17220,0.04202,0.15924,-0.49650,2.35630,-0.55953,2.11744,-0.55953,2.11744,1.00000,0.00000,0,0.00030
53.2250,0.99587,0.16240,-0.00413,0.16240,0.01172,0.16233,-0.49737,2.34818,-0.51495,2.10468,-0.51495,2.10468,1.00000,0.00000,16,0.00029
53.3254,0.97519,0.15113,-0.02481,0.15113,-0.01397,0.15517,-0.49737,2.34025,-0.47641,2.10750,-0.47641,2.10750,1.00000,0.00000,16,0.00024
53.4285,0.95847,0.14370,-0.04153,0.14370,-0.03252,0.14701,-0.49629,2.33274,-0.44751,2.11222,-0.44751,2.11222,1.00000,0.00000,0,0.00030
53.5298,0.94864,0.13860,-0.05136,0.13860,-0.04478,0.14195,-0.49431,2.32551,-0.42714,2.11259,-0.42714,2.11259,1.00000,0.00000,0,0.00031
53.6312,0.92508,0.12666,0.92508,0.12666,0.44567,0.13119,-0.34082,2.31875,-1.02197,2.12197,-1.00933,2.12197,0.00000,0.00000,1,0.00026
53.7352,0.76132,0.35095,0.76132,0.35095,0.75144,0.23056,-0.37584,2.31064,-1.50300,1.96481,-1.50300,1.96481,0.00000,0.00000,0,0.00041
53.8366,0.72663,0.53999,0.72663,0.53999,0.74619,0.45765,-0.41359,2.29162,-1.53287,1.60514,-1.53287,1.60514,0.00000,0.00000,0,0.00031
53.9398,0.67152,0.56493,0.67152,0.56493,0.69168,0.54715,-0.44916,2.26549,-1.48669,1.44477,-1.48669,1.44477,0.00000,0.00000,0,0.00111
54.0403,0.59130,0.55277,0.59130,0.55277,0.62593,0.55551,-0.48193,2.23769,-1.42083,1.40443,-1.42083,1.40443,0.00000,0.00000,0,0.00032
54.1421,0.45144,0.51354,0.45144,0.51354,0.50528,0.52524,-0.50975,2.21076,-1.26766,1.42291,-1.26766,1.42291,0.00000,0.00000,0,0.00031
54.2439,0.42575,0.49803,0.42575,0.49803,0.44442,0.50283,-0.53294,2.18526,-1.19957,1.43102,-1.19957,1.43102,0.00000,0.00000,0,0.00027
54.3450,0.41528,0.49431,0.41528,0.49431,0.42173,0.49687,-0.55438,2.16028,-1.18697,1.41497,-1.18697,1.41497,0.00000,0.00000,0,0.00029
54.4463,0.40374,0.49560,0.40374,0.49560,0.40907,0.49582,-0.57506,2.13550,-1.18867,1.39177,-1.18867,1.39177,0.00000,0.00000,0,0.00029
54.5479,0.38270,0.50686,0.38270,0.50686,0.39327,0.50224,-0.59509,2.11053,-1.18499,1.35717,-1.18499,1.35717,0.00000,0.00000,0,0.00026
54.6495,0.34450,0.53353,0.34450,0.53353,0.36286,0.52084,-0.61391,2.08495,-1.15819,1.30369,-1.15819,1.30369,0.00000,0.00000,0,0.00024
54.7517,0.26253,0.59119,0.26253,0.59119,0.30595,0.56126,-0.63061,2.05786,-1.08953,1.21597,-1.08953,1.21597,0.00000,0.00000,0,0.00029
54.8521,0.12904,0.63697,0.12904,0.63697,0.17735,0.61672,-0.64197,2.02802,-0.90800,1.10295,-0.90800,1.10295,0.00000,0.00000,0,0.00028
54.9547,0.08562,0.63058,0.08562,0.63058,0.11208,0.62986,-0.64875,1.99662,-0.81688,1.05183,-0.81688,1.05183,0.00000,0.00000,0,0.00027
55.0557,0.03768,0.64503,0.03768,0.64503,0.06431,0.63839,-0.65296,1.96492,-0.74943,1.00732,-0.74943,1.00732,0.00000,0.00000,0,0.00081
55.1561,-0.04940,0.66182,-0.04940,0.66182,-0.01466,0.66363,-0.65375,1.93206,-0.63177,0.93661,-0.63177,0.93661,0.00000,0.00000,16,0.00029
55.2571,-0.18730,0.56043,-0.18730,0.56043,-0.13263,0.60328,-0.64955,1.90033,-0.45060,0.99540,-0.45060,0.99540,0.00000,0.00000,0,0.00031
55.3589,-0.32023,0.36771,-0.32023,0.36771,-0.25326,0.45752,-0.63953,1.87403,-0.25965,1.18774,-0.25965,1.18774,0.00000,0.00000,0,0.00083
55.4604,-0.41241,0.27157,-0.41241,0.27157,-0.37580,0.31395,-0.62295,1.85609,-0.05925,1.38516,-0.05925,1.38516,0.00000,0.00000,0,0.00033
55.5626,-0.43242,0.15061,-0.43242,0.15061,-0.41781,0.21372,-0.60281,1.84306,0.02391,1.52249,0.02391,1.52249,0.00000,0.00000,0,0.00027
55.6639,-0.42471,0.04799,-0.42471,0.04799,-0.41886,0.08202,-0.58189,1.83704,0.04640,1.71402,0.04640,1.71402,0.00000,0.00000,0,0.00026
55.7656,-0.41103,0.02618,-0.41103,0.02618,-0.41479,0.03847,-0.56093,1.83437,0.06126,1.77667,0.06126,1.77667,0.00000,0.00000,0,0.00024
55.8681,-0.38495,-0.00521,-0.38495,-0.00521,-0.39851,0.01060,-0.54055,1.83351,0.05722,1.81760,0.05722,1.81760,0.00000,0.00000,32,0.00030
55.9693,-0.35944,-0.03183,-0.35944,-0.03183,-0.37347,-0.01890,-0.52135,1.83351,0.03885,1.86186,0.03885,1.86186,0.00000,0.00000,32,0.00032
56.0700,-0.32588,-0.06354,-0.32588,-0.06354,-0.34026,-0.04939,-0.50370,1.83536,0.00670,1.90945,0.00670,1.90945,0.00000,0.00000,0,0.00031
56.1725,-0.29999,-0.09330,-0.29999,-0.09330,-0.31180,-0.07939,-0.48759,1.83874,-0.01988,1.95783,-0.01988,1.95783,0.00000,0.00000,0,0.00045
56.2753,-0.27483,-0.11837,-0.27483,-0.11837,-0.28716,-0.10590,-0.47271,1.84351,-0.04196,2.00237,-0.04196,2.00237,0.00000,0.00000,0,0.00027
56.3759,-0.25570,-0.14740,-0.25570,-0.14740,-0.26538,-0.13420,-0.45902,1.84963,-0.06095,2.05092,-0.06095,2.05092,0.00000,0.00000,0,0.00025
56.4780,-0.22557,-0.19512,-0.22557,-0.19512,-0.23828,-0.17321,-0.44654,1.85744,-0.08912,2.11726,-0.08912,2.11726,0.00000,0.00000,0,0.00039
56.5789,-0.19284,-0.28938,-0.19284,-0.28938,-0.20632,-0.24866,-0.43560,1.86822,-0.12611,2.24121,-0.12611,2.24121,0.00000,0.00000,0,0.00033
56.6817,0.08045,-0.28199,0.08045,-0.28199,-0.06633,-0.28730,-0.42821,1.88218,-0.32871,2.31314,-0.32871,2.31314,0.00000,0.00000,0,0.00030
56.7821,0.16371,-0.28124,0.16371,-0.28124,0.10968,-0.27541,-0.43104,1.89607,-0.59556,2.30919,-0.59556,2.30919,0.00000,0.00000,0,0.00028
56.8828,0.20953,-0.27695,0.20953,-0.27695,0.18461,-0.27429,-0.43910,1.90978,-0.71602,2.32122,-0.71602,2.32122,0.00000,0.00000,0,0.00025
56.9850,0.23173,-0.26959,0.23173,-0.26959,0.22046,-0.27206,-0.44956,1.92344,-0.78026,2.33153,-0.78026,2.33153,0.00000,0.00000,0,0.00040
57.0873,0.25417,-0.24999,0.25417,-0.24999,0.24377,-0.25799,-0.46129,1.93667,-0.82694,2.32366,-0.82694,2.32366,0.00000,0.00000,0,0.00037
57.1876,0.30975,-0.15199,0.30975,-0.15199,0.28478,-0.19368,-0.47459,1.94791,-0.90175,2.23842,-0.90175,2.23842,0.00000,0.00000,0,0.00029
57.2911,0.34897,-0.09560,0.34897,-0.09560,0.33321,-0.11969,-0.49043,1.95513,-0.99025,2.13467,-0.99025,2.13467,0.00000,0.00000,0,0.00027
57.3940,0.37232,-0.05861,0.37232,-0.05861,0.36132,-0.07546,-0.50800,1.95974,-1.04998,2.07293,-1.04998,2.07293,0.00000,0.00000,0,0.00028
57.4953,0.42651,0.00237,0.42651,0.00237,0.39642,-0.03152,-0.52692,1.96236,-1.12155,2.00963,-1.12155,2.00963,0.00000,0.00000,0,0.00027
57.5962,0.56955,0.12179,0.56955,0.12179,0.52293,0.07478,-0.55051,1.96069,-1.33491,1.84852,-1.33491,1.84852,0.00000,0.00000,0,0.00026
57.6976,0.58231,0.21432,0.58231,0.21432,0.56579,0.17488,-0.57813,1.95370,-1.42681,1.69138,-1.42681,1.69138,0.00000,0.00000,0,0.00025
57.7983,0.58429,0.35056,0.58429,0.35056,0.58262,0.29421,-0.60698,1.94129,-1.48091,1.49998,-1.48091,1.49998,0.00000,0.00000,0,0.00038
57.9001,0.55482,0.48571,0.55482,0.48571,0.56799,0.42608,-0.63585,1.92256,-1.48784,1.28343,-1.48784,1.28343,0.00000,0.00000,0,0.00032
58.0021,0.52339,0.53096,0.52339,0.53096,0.53642,0.50595,-0.66333,1.89853,-1.46797,1.13961,-1.46797,1.13961,0.00000,0.00000,0,0.00030
58.1049,0.50900,0.55768,0.50900,0.55768,0.51602,0.54286,-0.68948,1.87203,-1.46352,1.05774,-1.46352,1.05774,0.00000,0.00000,0,0.00024
58.2055,0.49006,0.58670,0.49006,0.58670,0.49866,0.57287,-0.71476,1.84396,-1.46274,0.98466,-1.46274,0.98466,0.00000,0.00000,0,0.00025
58.3065,0.46650,0.63529,0.46650,0.63529,0.47935,0.61175,-0.73918,1.81426,-1.45821,0.89664,-1.45821,0.89664,0.00000,0.00000,0,0.00028
58.4076,0.39322,0.70250,0.39322,0.70250,0.42480,0.67458,-0.76164,1.78179,-1.39884,0.76993,-1.39884,0.76993,0.00000,0.00000,0,0.00025
58.5101,0.10354,0.84006,0.10354,0.84006,0.22948,0.80097,-0.77778,1.74438,-1.12200,0.54293,-1.12200,0.54293,0.00000,0.00000,0,0.00027
58.6112,-0.22127,0.86781,-1.22127,0.86781,-0.38142,0.85743,-1.02074,1.70265,-0.20489,0.41649,-0.44861,0.41649,1.00000,0.00000,1,0.00027
58.7130,-0.42850,0.67044,-1.42850,0.67044,-1.17140,0.78833,-1.06315,1.66049,0.69396,0.47800,0.69396,0.47800,1.00000,0.00000,0,0.00031
58.8139,-0.81367,-0.09823,-1.81367,-0.09823,-1.66088,0.18571,-0.98861,1.63798,1.50270,1.35941,1.50270,1.35941,1.00000,0.00000,0,0.00024
58.9155,-0.83760,-0.66832,-1.83760,-0.66832,-1.79466,-0.43626,-0.90088,1.64883,1.79111,2.30321,1.79111,2.30321,1.00000,0.00000,0,0.00025
59.0167,-0.52326,-1.09080,-1.52326,-1.09080,-1.66763,-0.86311,-0.81330,1.68315,1.68814,2.97782,1.68814,2.97782,1.00000,0.00000,0,0.00024
59.1199,0.01773,-1.43505,-0.98227,-1.43505,-1.23746,-1.27039,-0.74181,1.73887,1.11439,3.64446,1.11439,3.64446,1.00000,0.00000,0,0.00204
59.2187,0.86531,-1.44946,-0.13469,-1.44946,-0.43970,-1.43679,-0.70408,1.80965,-0.04453,3.96483,-0.04453,3.96483,1.00000,0.00000,0,0.00026
59.3196,1.35044,-0.90634,0.35044,-0.90634,0.14546,-1.10366,-0.70060,1.87250,-0.91879,3.52800,-0.91879,3.52800,1.00000,0.00000,0,0.00051
59.4226,1.51269,-0.36561,0.51269,-0.36561,0.43091,-0.60529,-0.71767,1.91364,-1.36402,2.82159,-1.36402,2.82159,1.00000,0.00000,0,0.00119
59.5229,1.51200,-0.12397,0.51200,-0.12397,0.50944,-0.25236,-0.74212,1.93259,-1.50628,2.31113,-1.50628,2.31113,1.00000,0.00000,0,0.00037
59.6248,1.36319,0.13563,0.36319,0.13563,0.45138,-0.00351,-0.76670,1.93788,-1.44377,1.94314,-1.44377,1.94314,1.00000,0.00000,32,0.00030
59.7259,1.11157,0.33619,0.11157,0.33619,0.22686,0.21479,-0.78254,1.93159,-1.12284,1.60941,-1.12284,1.60941,1.00000,0.00000,0,0.00028
59.8267,0.96267,0.39396,-0.03733,0.39396,0.05376,0.35186,-0.78902,1.91593,-0.86967,1.38815,-0.86967,1.38815,1.00000,0.00000,0,0.00030
59.9297,0.78035,0.39618,-0.21965,0.39618,-0.14099,0.40035,-0.78552,1.89623,-0.57404,1.29571,-0.57404,1.29571,1.00000,0.00000,0,0.00028
60.0311,0.52899,0.29849,-0.47101,0.29849,-0.36112,0.33158,-0.77215,1.87812,-0.23047,1.38075,-0.23047,1.38075,1.00000,0.00000,0,0.00026
60.1321,0.47816,0.19975,-0.52184,0.19975,-0.48724,0.24726,-0.74971,1.86387,-0.01885,1.49298,-0.01885,1.49298,1.00000,0.00000,0,0.00026
60.2365,0.44714,0.13186,-0.55286,0.13186,-0.54395,0.15999,-0.72340,1.85443,0.09252,1.61444,0.09252,1.61444,1.00000,0.00000,0,0.00124
60.3360,0.43273,0.07580,-0.56727,0.07580,-0.55861,0.10552,-0.69585,1.84804,0.14206,1.68976,0.14206,1.68976,1.00000,0.00000,0,0.00032
60.4369,0.43826,-0.07989,-0.56174,-0.07989,-0.55566,-0.03437,-0.66795,1.84728,0.16554,1.89884,0.16554,1.89884,1.00000,0.00000,0,0.00037
60.5397,0.42669,-0.11347,-0.57331,-0.11347,-0.57263,-0.09131,-0.63950,1.85087,0.21945,1.98784,0.21945,1.98784,1.00000,0.00000,0,0.00035
60.6436,0.41684,-0.13044,-0.58316,-0.13044,-0.57895,-0.11848,-0.61070,1.85628,0.25773,2.03399,0.25773,2.03399,1.00000,0.00000,0,0.00175
60.7428,0.41555,-0.18102,-0.58445,-0.18102,-0.58331,-0.15778,-0.58161,1.86330,0.29336,2.09997,0.29336,2.09997,1.00000,0.00000,0,0.00032
60.8440,0.38125,-0.41158,-0.61875,-0.41158,-0.59943,-0.29570,-0.55213,1.87437,0.34701,2.31793,0.34701,2.31793,1.00000,0.00000,0,0.00033
60.9460,0.43100,-0.49858,-0.56900,-0.49858,-0.58077,-0.44686,-0.52250,1.89415,0.34866,2.56445,0.34866,2.56445,1.00000,0.00000,0,0.00029
61.0478,0.47816,-0.53280,-0.52184,-0.53280,-0.54661,-0.50837,-0.49430,1.91843,0.32562,2.68099,0.32562,2.68099,1.00000,0.00000,0,0.00028
61.1483,0.52533,-0.57031,-0.47467,-0.57031,-0.50155,-0.54807,-0.46824,1.94502,0.28408,2.76712,0.28408,2.76712,1.00000,0.00000,0,0.00034
61.2486,0.62327,-0.64831,-0.37673,-0.64831,-0.42208,-0.61302,-0.44543,1.97431,0.18770,2.89384,0.18770,2.89384,1.00000,0.00000,0,0.00026
61.3504,0.68851,-0.69755,-0.31149,-0.69755,-0.34445,-0.67362,-0.42675,2.00690,0.08992,3.01734,0.08992,3.01734,1.00000,0.00000,0,0.00029
61.4540,0.79942,-0.75345,-0.20058,-0.75345,-0.25559,-0.72877,-0.41190,2.04217,-0.02852,3.13532,-0.02852,3.13532,1.00000,0.00000,0,0.00115
61.5534,0.82711,-0.77949,-0.17289,-0.77949,-0.18982,-0.76704,-0.40145,2.07984,-0.11672,3.23040,-0.11672,3.23040,1.00000,0.00000,0,0.00027
61.6548,0.86837,-0.77803,-0.13163,-0.77803,-0.15508,-0.77969,-0.39292,2.11868,-0.16030,3.28821,-0.16030,3.28821,1.00000,0.00000,0,0.00026
61.7564,0.93637,-0.74680,-0.06363,-0.74680,-0.09678,-0.75721,-0.38685,2.15698,-0.24167,3.29279,-0.24167,3.29279,1.00000,0.00000,0,0.00112
61.8565,1.18181,-0.64704,0.18181,-0.64704,0.09792,-0.67795,-0.38761,2.19239,-0.53449,3.20931,-0.53449,3.20931,1.00000,0.00000,0,0.00030
61.9570,1.25431,-0.54795,0.25431,-0.54795,0.20385,-0.59247,-0.39594,2.22383,-0.70172,3.11254,-0.70172,3.11254,1.00000,0.00000,0,0.00034
62.0606,1.30734,-0.49318,0.30734,-0.49318,0.28840,-0.52737,-0.40923,2.25151,-0.84184,3.04256,-0.84184,3.04256,1.00000,0.00000,0,0.00027
62.1640,1.32388,-0.42259,0.32388,-0.42259,0.31437,-0.46198,-0.42444,2.27605,-0.89599,2.96901,-0.89599,2.96901,1.00000,0.00000,0,0.00225
62.2641,1.35632,-0.27559,0.35632,-0.27559,0.34341,-0.33606,-0.44101,2.29545,-0.95613,2.79954,-0.95613,2.79954,1.00000,0.00000,0,0.00027
62.3660,1.35249,-0.12123,0.35249,-0.12123,0.35139,-0.18660,-0.45851,2.30772,-0.98559,2.58762,-0.98559,2.58762,1.00000,0.00000,0,0.00029
62.4671,1.36193,-0.09231,0.36193,-0.09231,0.35792,-0.11353,-0.47626,2.31452,-1.01313,2.48482,-1.01313,2.48482,1.00000,0.00000,0,0.00026
62.5711,1.35440,-0.05554,0.35440,-0.05554,0.35851,-0.07816,-0.49424,2.31915,-1.03200,2.43639,-1.03200,2.43639,1.00000,0.00000,0,0.00181
62.6712,1.25561,0.01546,0.25561,0.01546,0.27929,-0.01978,-0.50970,2.32113,-0.92863,2.35080,-0.92863,2.35080,1.00000,0.00000,32,0.00029
62.7727,1.22049,0.01355,0.22049,0.01355,0.24233,0.00064,-0.52258,2.32113,-0.88608,2.32017,-0.88608,2.32017,1.00000,0.00000,32,0.00044
62.8738,1.17983,0.03396,0.17983,0.03396,0.19259,0.02326,-0.53300,2.32090,-0.82189,2.28601,-0.82189,2.28601,1.00000,0.00000,0,0.00026
62.9768,1.17340,0.02944,0.17340,0.02944,0.17792,0.02817,-0.54213,2.31959,-0.80901,2.27733,-0.80901,2.27733,1.00000,0.00000,0,0.00104
63.0763,1.17002,0.03050,0.17002,0.03050,0.17315,0.03012,-0.55087,2.31811,-0.81059,2.27293,-0.81059,2.27293,1.00000,0.00000,0,0.00026
63.1768,1.11918,0.06335,0.11918,0.06335,0.14410,0.04705,-0.55881,2.31626,-0.77496,2.24569,-0.77496,2.24569,1.00000,0.00000,0,0.00028
63.2800,1.05904,0.10536,0.05904,0.10536,0.08397,0.10509,-0.56404,2.31186,-0.69000,2.15423,-0.69000,2.15423,1.00000,0.00000,0,0.00028
63.3824,1.03347,0.12669,0.03347,0.12669,0.04683,0.12535,-0.56711,2.30590,-0.63736,2.11787,-0.63736,2.11787,1.00000,0.00000,0,0.00029
63.4829,1.02268,0.12768,0.02268,0.12768,0.02904,0.12840,-0.56888,2.29952,-0.61245,2.10693,-0.61245,2.10693,1.00000,0.00000,0,0.00031
63.5833,0.99966,0.12105,-0.00034,0.12105,0.01157,0.12485,-0.56958,2.29317,-0.58694,2.10590,-0.58694,2.10590,1.00000,0.00000,16,0.00026
63.6858,0.96917,0.13926,0.96917,0.13926,0.74590,0.12596,-0.43208,2.28704,-1.55093,2.09810,-1.55093,2.09810,0.00000,0.00000,0,0.00032
63.7872,0.82913,0.59250,0.82913,0.59250,0.82291,0.45042,-0.47249,2.27177,-1.70685,1.59615,-1.70685,1.59615,0.00000,0.00000,0,0.00036
63.8875,0.71603,0.71582,0.71603,0.71582,0.75983,0.64719,-0.51215,2.24273,-1.65190,1.27195,-1.65190,1.27195,0.00000,0.00000,0,0.00031
63.9892,0.58394,0.74704,0.58394,0.74704,0.64908,0.72292,-0.54704,2.20775,-1.52067,1.12337,-1.52067,1.12337,0.00000,0.00000,0,0.00033
64.0942,0.29034,0.72045,0.29034,0.72045,0.42403,0.74686,-0.57329,2.17023,-1.20934,1.04994,-1.20934,1.04994,0.00000,0.00000,0,0.00265
64.1931,0.21093,0.71672,0.21093,0.71672,0.25079,0.72298,-0.58837,2.13372,-0.96456,1.04925,-0.96456,1.04925,0.00000,0.00000,0,0.00030
64.2941,0.19416,0.70809,0.19416,0.70809,0.20492,0.71234,-0.59931,2.09794,-0.90669,1.02944,-0.90669,1.02944,0.00000,0.00000,0,0.00030
64.3960,0.16414,0.71254,0.16414,0.71254,0.18077,0.70931,-0.60892,2.06251,-0.88007,0.99855,-0.88007,0.99855,0.00000,0.00000,0,0.00029
64.4977,0.01748,0.75480,0.01748,0.75480,0.08615,0.74003,-0.61575,2.02627,-0.74498,0.91623,-0.74498,0.91623,0.00000,0.00000,0,0.00032
64.6021,-0.08556,0.69850,-0.08556,0.69850,-0.03075,0.72424,-0.61637,1.98920,-0.57025,0.90284,-0.57025,0.90284,0.00000,0.00000,0,0.00029
64.7065,-0.29900,0.53923,-0.29900,0.53923,-0.20232,0.61506,-0.61020,1.95572,-0.30671,1.03313,-0.30671,1.03313,0.00000,0.00000,0,0.00026
64.8069,-0.43236,0.23486,-0.43236,0.23486,-0.36662,0.37914,-0.59479,1.93147,-0.04486,1.36275,-0.04486,1.36275,0.00000,0.00000,0,0.00029
64.9075,-0.44246,0.04939,-0.44246,0.04939,-0.42912,0.18790,-0.57407,1.91772,0.06960,1.63586,0.06960,1.63586,0.00000,0.00000,0,0.00026
65.0107,-0.42047,0.00022,-0.42047,0.00022,-0.41899,0.03787,-0.55312,1.91367,0.07536,1.85686,0.07536,1.85686,0.00000,0.00000,0,0.00097
65.1110,-0.40840,-0.02033,-0.40840,-0.02033,-0.40942,-0.00754,-0.53238,1.91342,0.08175,1.92474,0.08175,1.92474,0.00000,0.00000,32,0.00029
65.2119,-0.36439,-0.05382,-0.36439,-0.05382,-0.38456,-0.03760,-0.51249,1.91436,0.06435,1.97077,0.06435,1.97077,0.00000,0.00000,0,0.00027
65.3124,-0.33477,-0.08396,-0.33477,-0.08396,-0.35184,-0.06765,-0.49420,1.91710,0.03355,2.01857,0.03355,2.01857,0.00000,0.00000,0,0.00028
65.4128,-0.28912,-0.11213,-0.28912,-0.11213,-0.30825,-0.09891,-0.47790,1.92143,-0.01553,2.06980,-0.01553,2.06980,0.00000,0.00000,0,0.00028
65.5138,-0.25686,-0.13705,-0.25686,-0.13705,-0.27331,-0.12462,-0.46358,1.92717,-0.05362,2.11410,-0.05362,2.11410,0.00000,0.00000,0,0.00028
65.6164,-0.21410,-0.17524,-0.21410,-0.17524,-0.23391,-0.15691,-0.45106,1.93432,-0.10019,2.16969,-0.10019,2.16969,0.00000,0.00000,0,0.00027
65.7182,-0.17060,-0.20601,-0.17060,-0.20601,-0.19242,-0.19084,-0.44059,1.94320,-0.15195,2.22946,-0.15195,2.22946,0.00000,0.00000,0,0.00108
65.8189,-0.08705,-0.23907,-0.08705,-0.23907,-0.12984,-0.22358,-0.43257,1.95371,-0.23781,2.28908,-0.23781,2.28908,0.00000,0.00000,0,0.00034
65.9199,0.13028,-0.17156,0.13028,-0.17156,0.05293,-0.21001,-0.43111,1.96502,-0.51050,2.28003,-0.51050,2.28003,0.00000,0.00000,0,0.00026
66.0238,0.19638,-0.18344,0.19638,-0.18344,0.15770,-0.19200,-0.43718,1.97467,-0.67373,2.26267,-0.67373,2.26267,0.00000,0.00000,0,0.00032
66.1255,0.21436,-0.17938,0.21436,-0.17938,0.19984,-0.18315,-0.44642,1.98394,-0.74618,2.25866,-0.74618,2.25866,0.00000,0.00000,0,0.00028
66.2266,0.23210,-0.18053,0.23210,-0.18053,0.22186,-0.18041,-0.45716,1.99302,-0.78995,2.26363,-0.78995,2.26363,0.00000,0.00000,0,0.00026
66.3276,0.25309,-0.17370,0.25309,-0.17370,0.24383,-0.17689,-0.46893,2.00193,-0.83467,2.26727,-0.83467,2.26727,0.00000,0.00000,0,0.00028
66.4288,0.27368,-0.16563,0.27368,-0.16563,0.26386,-0.17014,-0.48174,2.01061,-0.87753,2.26582,-0.87753,2.26582,0.00000,0.00000,0,0.00030
66.5348,0.31681,-0.14241,0.31681,-0.14241,0.29450,-0.15419,-0.49574,2.01869,-0.93750,2.24997,-0.93750,2.24997,0.00000,0.00000,0,0.00131
66.6362,0.47034,-0.04910,0.47034,-0.04910,0.39599,-0.09175,-0.51300,2.02484,-1.10698,2.16246,-1.10698,2.16246,0.00000,0.00000,0,0.00031
66.7373,0.60451,0.12527,0.60451,0.12527,0.54941,0.03576,-0.53790,2.02606,-1.36202,1.97243,-1.36202,1.97243,0.00000,0.00000,0,0.00041
66.8381,0.60377,0.18935,0.60377,0.18935,0.59429,0.14391,-0.56689,2.02077,-1.45833,1.80491,-1.45833,1.80491,0.00000,0.00000,0,0.00033
66.9395,0.61463,0.22569,0.61463,0.22569,0.60749,0.20076,-0.59701,2.01186,-1.50824,1.71072,-1.50824,1.71072,0.00000,0.00000,0,0.00031
67.0427,0.61444,0.35047,0.61444,0.35047,0.61479,0.29165,-0.62767,1.99950,-1.54986,1.56203,-1.54986,1.56203,0.00000,0.00000,0,0.00030
67.1444,0.59714,0.51012,0.59714,0.51012,0.60453,0.43591,-0.65823,1.98070,-1.56503,1.32684,-1.56503,1.32684,0.00000,0.00000,0,0.00029
67.2462,0.57787,0.60044,0.57787,0.60044,0.58770,0.55575,-0.68799,1.95502,-1.56954,1.12139,-1.56954,1.12139,0.00000,0.00000,0,0.00027
67.3468,0.56003,0.64282,0.56003,0.64282,0.56680,0.61894,-0.71668,1.92514,-1.56688,0.99673,-1.56688,0.99673,0.00000,0.00000,0,0.00028
67.4476,0.54305,0.67362,0.54305,0.67362,0.55224,0.65637,-0.74463,1.89307,-1.57299,0.90851,-1.57299,0.90851,0.00000,0.00000,0,0.00032
67.5485,0.47501,0.72863,0.47501,0.72863,0.50479,0.70530,-0.77099,1.85882,-1.52817,0.80087,-1.52817,0.80087,0.00000,0.00000,0,0.00029
67.6498,0.27907,0.87574,0.27907,0.87574,0.37044,0.80748,-0.79266,1.82099,-1.34832,0.60976,-1.34832,0.60976,0.00000,0.00000,0,0.00027
67.7508,-0.06641,0.88614,-0.06641,0.88614,0.09254,0.86092,-0.80345,1.77880,-0.94226,0.48743,-0.94226,0.48743,0.00000,0.00000,0,0.00030
67.8519,-0.18840,0.88200,-0.18840,0.88200,-0.13829,0.88103,-0.80003,1.73489,-0.59260,0.41334,-0.59260,0.41334,0.00000,0.00000,0,0.00027
67.9529,-0.30063,0.82654,-0.30063,0.82654,-0.23789,0.85205,-0.79038,1.69155,-0.43355,0.41348,-0.43355,0.41348,0.00000,0.00000,0,0.00036
68.0546,-0.52651,0.64074,-0.52651,0.64074,-0.44250,0.71312,-0.77234,1.65279,-0.10858,0.58312,-0.10858,0.58312,0.00000,0.00000,0,0.00025
68.1559,-0.59554,0.38980,-0.59554,0.38980,-0.55313,0.50599,-0.74664,1.62292,0.08305,0.86393,0.08305,0.86393,0.00000,0.00000,0,0.00030
68.2564,-0.64042,0.20161,-0.64042,0.20161,-0.62519,0.31114,-0.71634,1.60353,0.22145,1.13681,0.22145,1.13681,0.00000,0.00000,0,0.00026
68.3587,-0.62067,0.07281,-0.62067,0.07281,-0.61599,0.12678,-0.68557,1.59444,0.23840,1.40427,0.23840,1.40427,0.00000,0.00000,0,0.00039
68.4614,-0.56394,0.01353,-0.56394,0.01353,-0.58744,0.04712,-0.65521,1.59057,0.22596,1.51989,0.22596,1.51989,0.00000,0.00000,0,0.00028
68.5637,-0.46734,-0.05744,-0.46734,-0.05744,-0.51531,-0.01853,-0.62774,1.58998,0.14523,1.61776,0.14523,1.61776,0.00000,0.00000,32,0.00034
68.6652,-0.37079,-0.10848,-1.37079,-0.10848,-0.91741,-0.08486,-0.72603,1.59301,0.65071,1.72029,0.65009,1.72029,1.00000,0.00000,1,0.00027
68.7660,-0.25747,-0.95811,-1.25747,-0.95811,-1.23336,-0.60170,-0.66768,1.60926,1.18236,2.51181,1.18236,2.51181,1.00000,0.00000,0,0.00028
68.8667,0.38305,-1.39638,-0.61695,-1.39638,-0.89301,-1.15764,-0.61364,1.65629,0.72589,3.39275,0.72589,3.39275,1.00000,0.00000,0,0.00026
68.9672,0.88584,-1.32847,-0.11416,-1.32847,-0.34691,-1.30974,-0.58524,1.72075,-0.06488,3.68536,-0.06488,3.68536,1.00000,0.00000,0,0.00035
69.0688,1.10146,-1.08888,0.10146,-1.08888,0.00048,-1.18054,-0.57945,1.78288,-0.58017,3.55369,-0.58017,3.55369,1.00000,0.00000,16,0.00030
69.1706,1.33927,-0.85997,0.33927,-0.85997,0.25320,-0.99137,-0.58757,1.83660,-0.96736,3.32366,-0.96736,3.32366,1.00000,0.00000,0,0.00026
69.2749,1.39081,-0.48123,0.39081,-0.48123,0.35935,-0.65081,-0.60388,1.87601,-1.14290,2.85222,-1.14290,2.85222,1.00000,0.00000,0,0.00025
69.3762,1.40718,-0.38545,0.40718,-0.38545,0.39791,-0.45069,-0.62321,1.90170,-1.22007,2.57774,-1.22007,2.57774,1.00000,0.00000,0,0.00027
69.4769,1.40675,-0.26993,0.40675,-0.26993,0.40626,-0.33087,-0.64343,1.92076,-1.25283,2.41706,-1.25283,2.41706,1.00000,0.00000,0,0.00028
69.5774,1.38164,-0.18009,0.38164,-0.18009,0.39064,-0.21717,-0.66330,1.93350,-1.24926,2.25926,-1.24926,2.25926,1.00000,0.00000,0,0.00026
69.6787,1.18508,-0.07382,0.18508,-0.07382,0.26568,-0.11533,-0.67989,1.94125,-1.07841,2.11425,-1.07841,2.11425,1.00000,0.00000,0,0.00029
69.7797,1.13193,-0.00770,0.13193,-0.00770,0.15698,-0.03052,-0.68934,1.94405,-0.92481,1.98984,-0.92481,1.98984,1.00000,0.00000,0,0.00027
69.8800,1.01752,0.09129,0.01752,0.09129,0.07472,0.03570,-0.69505,1.94391,-0.80712,1.89036,-0.80712,1.89036,1.00000,0.00000,0,0.00032
69.9837,0.95479,0.12419,-0.04521,0.12419,-0.00489,0.10076,-0.69637,1.93973,-0.68903,1.78860,-0.68903,1.78860,1.00000,0.00000,16,0.00104
70.0858,0.89152,0.17416,-0.10848,0.17416,-0.08055,0.16539,-0.69370,1.93255,-0.57287,1.68447,-0.57287,1.68447,1.00000,0.00000,0,0.00033
70.1889,0.83463,0.17023,-0.16537,0.17023,-0.14053,0.17117,-0.68780,1.92406,-0.47700,1.66731,-0.47700,1.66731,1.00000,0.00000,0,0.00169
70.2879,0.80268,0.15311,-0.19732,0.15311,-0.18472,0.15982,-0.67928,1.91582,-0.40220,1.67610,-0.40220,1.67610,1.00000,0.00000,0,0.00028
70.3909,0.71599,0.11456,-0.28401,0.11456,-0.24095,0.13344,-0.66864,1.90853,-0.30722,1.70837,-0.30722,1.70837,1.00000,0.00000,0,0.00036
70.4948,0.57969,0.06583,-0.42031,0.06583,-0.36647,0.08356,-0.65292,1.90339,-0.10321,1.77805,-0.10321,1.77805,1.00000,0.00000,0,0.00026
70.5980,0.56195,0.03546,-0.43805,0.03546,-0.41974,0.04903,-0.63278,1.90031,-0.00317,1.82677,-0.00317,1.82677,1.00000,0.00000,0,0.00157
70.6981,0.56331,-0.09909,-0.43669,-0.09909,-0.44028,-0.04487,-0.61091,1.90022,0.04950,1.96752,0.04950,1.96752,1.00000,0.00000,0,0.00028
70.7995,0.54564,-0.10993,-0.45436,-0.10993,-0.44904,-0.09885,-0.58875,1.90441,0.08481,2.05270,0.08481,2.05270,1.00000,0.00000,0,0.00034
70.9015,0.53678,-0.13899,-0.46322,-0.13899,-0.45537,-0.12583,-0.56623,1.91022,0.11683,2.09896,0.11683,2.09896,1.00000,0.00000,0,0.00026
71.0037,0.53580,-0.17386,-0.46420,-0.17386,-0.46133,-0.15868,-0.54326,1.91744,0.14873,2.15546,0.14873,2.15546,1.00000,0.00000,0,0.00032
71.1056,0.52965,-0.20015,-0.47035,-0.20015,-0.46614,-0.18751,-0.52007,1.92626,0.17914,2.20752,0.17914,2.20752,1.00000,0.00000,0,0.00028
71.2063,0.54137,-0.22833,-0.45863,-0.22833,-0.46334,-0.21479,-0.49678,1.93644,0.19823,2.25863,0.19823,2.25863,1.00000,0.00000,0,0.00027
71.3071,0.53730,-0.27188,-0.46270,-0.27188,-0.46106,-0.25135,-0.47374,1.94822,0.21785,2.32524,0.21785,2.32524,1.00000,0.00000,0,0.00043
71.4121,0.55066,-0.52278,-0.44934,-0.52278,-0.45722,-0.40845,-0.45065,1.96448,0.23518,2.57716,0.23518,2.57716,1.00000,0.00000,0,0.00031
71.5132,0.56668,-0.56055,-0.43332,-0.56055,-0.44839,-0.52415,-0.42787,1.98885,0.24472,2.77508,0.24472,2.77508,1.00000,0.00000,0,0.00036
71.6152,0.62109,-0.60727,-0.37891,-0.60727,-0.40476,-0.58052,-0.40668,2.01680,0.20046,2.88758,0.20046,2.88758,1.00000,0.00000,0,0.00025
71.7160,0.72169,-0.69732,-0.27831,-0.69732,-0.31914,-0.65935,-0.38897,2.04817,0.08974,3.03719,0.08974,3.03719,1.00000,0.00000,0,0.00027
71.8181,0.82287,-0.76635,-0.17713,-0.76635,-0.23135,-0.73103,-0.37549,2.08331,-0.02846,3.17985,-0.02846,3.17985,1.00000,0.00000,0,0.00094
71.9190,0.89952,-0.80427,-0.10048,-0.80427,-0.12898,-0.78480,-0.36728,2.12161,-0.17381,3.29881,-0.17381,3.29881,1.00000,0.00000,0,0.00037
72.0219,0.99006,-0.76282,-0.00994,-0.76282,-0.05240,-0.77780,-0.36302,2.16094,-0.28442,3.32764,-0.28442,3.32764,1.00000,0.00000,0,0.00030
72.1223,1.22513,-0.67927,0.22513,-0.67927,0.14781,-0.71084,-0.36654,2.19772,-0.58826,3.26398,-0.58826,3.26398,1.00000,0.00000,0,0.00031
72.2242,1.27519,-0.60467,0.27519,-0.60467,0.24077,-0.63451,-0.37708,2.23092,-0.73824,3.18268,-0.73824,3.18268,1.00000,0.00000,0,0.00145
72.3238,1.35231,-0.55474,0.35231,-0.55474,0.32377,-0.57759,-0.39163,2.26078,-0.87729,3.12716,-0.87729,3.12716,1.00000,0.00000,0,0.00026
72.4260,1.38263,-0.43115,0.38263,-0.43115,0.36344,-0.48818,-0.40910,2.28719,-0.95426,3.01946,-0.95426,3.01946,1.00000,0.00000,0,0.00028
72.5270,1.39767,-0.31488,0.39767,-0.31488,0.38911,-0.36807,-0.42813,2.30779,-1.01180,2.85990,-1.01180,2.85990,1.00000,0.00000,0,0.00035
72.6294,1.39538,-0.17695,0.39538,-0.17695,0.39585,-0.23858,-0.44786,2.32242,-1.04163,2.68028,-1.04163,2.68028,1.00000,0.00000,0,0.00032
72.7309,1.40040,-0.13874,0.40040,-0.13874,0.39726,-0.15830,-0.46762,2.33159,-1.06351,2.56905,-1.06351,2.56905,1.00000,0.00000,0,0.00028
72.8321,1.40656,-0.11697,0.40656,-0.11697,0.40447,-0.12840,-0.48773,2.33854,-1.09444,2.53114,-1.09444,2.53114,1.00000,0.00000,0,0.00029
72.9329,1.31111,-0.06348,0.31111,-0.06348,0.34518,-0.08306,-0.50657,2.34352,-1.02434,2.46810,-1.02434,2.46810,1.00000,0.00000,0,0.00029
73.0354,1.30220,-0.03877,0.30220,-0.03877,0.31296,-0.04754,-0.52272,2.34632,-0.99217,2.41763,-0.99217,2.41763,1.00000,0.00000,0,0.00038
73.1366,1.24384,-0.00613,0.24384,-0.00613,0.26924,-0.01714,-0.53718,2.34759,-0.94104,2.37330,-0.94104,2.37330,1.00000,0.00000,32,0.00030
73.2377,1.23225,0.00874,0.23225,0.00874,0.24088,0.00291,-0.54960,2.34759,-0.91092,2.34323,-0.91092,2.34323,1.00000,0.00000,32,0.00033
73.3391,1.22699,0.01058,0.22699,0.01058,0.22932,0.00914,-0.56124,2.34759,-0.90523,2.33387,-0.90523,2.33387,1.00000,0.00000,32,0.00036
73.4407,1.18611,0.04270,0.18611,0.04270,0.20508,0.02845,-0.57212,2.34708,-0.87974,2.30441,-0.87974,2.30441,1.00000,0.00000,0,0.00040
73.5416,1.11486,0.09197,0.11486,0.09197,0.14054,0.09033,-0.58023,2.34346,-0.79104,2.20797,-0.79104,2.20797,1.00000,0.00000,0,0.00028
73.6433,1.10225,0.11503,0.10225,0.11503,0.11268,0.11429,-0.58634,2.33812,-0.75536,2.16668,-0.75536,2.16668,1.00000,0.00000,0,0.00042
73.7451,0.97992,0.34127,0.97992,0.34127,0.88177,0.21030,-0.45635,2.33096,-1.77901,2.01552,-1.77901,2.01552,0.00000,0.00000,0,0.00030
73.8458,0.88337,0.82644,0.88337,0.82644,0.90902,0.66258,-0.50210,2.30631,-1.86563,1.31244,-1.86563,1.31244,0.00000,0.00000,0,0.00027
73.9474,0.56575,1.12413,0.56575,1.12413,0.72504,0.98828,-0.54332,2.26293,-1.63089,0.78050,-1.63089,0.78050,0.00000,0.00000,0,0.00039
74.0491,-0.12146,1.17657,-0.12146,1.17657,0.21517,1.13071,-0.56615,2.20813,-0.88890,0.51207,-0.88890,0.51207,0.00000,0.00000,0,0.00028
74.1508,-0.32628,1.11476,-0.32628,1.11476,-0.18356,1.15683,-0.56346,2.14975,-0.28812,0.41451,-0.28812,0.41451,0.00000,0.00000,0,0.00031
74.2518,-0.63819,0.68297,-0.63819,0.68297,-0.49959,0.84812,-0.54467,2.10017,0.20471,0.82800,0.20471,0.82800,0.00000,0.00000,0,0.00026
74.3530,-0.73104,0.25188,-0.73104,0.25188,-0.67317,0.43675,-0.51377,2.07070,0.49598,1.41557,0.49598,1.41557,0.00000,0.00000,0,0.00027
74.4554,-0.61121,0.05384,-0.61121,0.05384,-0.64402,0.15419,-0.48055,2.05843,0.48548,1.82714,0.48548,1.82714,0.00000,0.00000,0,0.00025
74.5567,-0.42093,-0.10615,-0.42093,-0.10615,-0.50896,-0.02744,-0.45181,2.05631,0.31163,2.09746,0.31163,2.09746,0.00000,0.00000,0,0.00028
74.6570,-0.27706,-0.19122,-0.27706,-0.19122,-0.33313,-0.14760,-0.43214,2.06160,0.06756,2.28300,0.06756,2.28300,0.00000,0.00000,0,0.00027
74.7575,-0.23192,-0.22907,-0.23192,-0.22907,-0.26113,-0.20616,-0.41784,2.07093,-0.02614,2.38017,-0.02614,2.38017,0.00000,0.00000,0,0.00036
74.8619,-0.16893,-0.27648,-0.16893,-0.27648,-0.20156,-0.25340,-0.40651,2.08264,-0.10417,2.46273,-0.10417,2.46273,0.00000,0.00000,0,0.00036
74.9636,0.01110,-0.28690,0.01110,-0.28690,-0.08138,-0.28183,-0.39941,2.09636,-0.27734,2.51911,-0.27734,2.51911,0.00000,0.00000,0,0.00136
75.0648,0.23005,-0.21878,0.23005,-0.21878,0.16014,-0.24042,-0.40379,2.10930,-0.64400,2.46993,-0.64400,2.46993,0.00000,0.00000,0,0.00026
75.1671,0.27832,-0.22737,0.27832,-0.22737,0.25369,-0.23477,-0.41494,2.12127,-0.79548,2.47343,-0.79548,2.47343,0.00000,0.00000,0,0.00043
75.2688,0.31323,-0.21803,0.31323,-0.21803,0.29672,-0.22336,-0.42898,2.13267,-0.87406,2.46771,-0.87406,2.46771,0.00000,0.00000,0,0.00026
75.3717,0.34724,-0.19950,0.34724,-0.19950,0.32798,-0.20890,-0.44466,2.14344,-0.93663,2.45680,-0.93663,2.45680,0.00000,0.00000,0,0.00069
75.4728,0.44642,-0.12948,0.44642,-0.12948,0.40119,-0.16069,-0.46300,2.15268,-1.06478,2.39372,-1.06478,2.39372,0.00000,0.00000,0,0.00026
75.5736,0.66343,0.01881,0.66343,0.01881,0.58765,-0.05028,-0.48854,2.15760,-1.37002,2.23302,-1.37002,2.23302,0.00000,0.00000,0,0.00026
75.6753,0.71137,0.17318,0.71137,0.17318,0.68559,0.11703,-0.52139,2.15455,-1.54977,1.97899,-1.54977,1.97899,0.00000,0.00000,0,0.00026
75.7764,0.72360,0.28334,0.72360,0.28334,0.71529,0.22487,-0.55669,2.14558,-1.62963,1.80827,-1.62963,1.80827,0.00000,0.00000,0,0.00028
75.8783,0.75136,0.43531,0.75136,0.43531,0.74158,0.36601,-0.59331,2.13017,-1.70568,1.58115,-1.70568,1.58115,0.00000,0.00000,0,0.00027
75.9797,0.69294,0.57064,0.69294,0.57064,0.71950,0.51504,-0.63002,2.10715,-1.70928,1.33458,-1.70928,1.33458,0.00000,0.00000,0,0.00030
76.0803,0.66999,0.63604,0.66999,0.63604,0.68413,0.60183,-0.66489,2.07856,-1.69109,1.17580,-1.69109,1.17580,0.00000,0.00000,0,0.00032
76.1812,0.64688,0.69302,0.64688,0.69302,0.65691,0.66620,-0.69824,2.04651,-1.68360,1.04721,-1.68360,1.04721,0.00000,0.00000,0,0.00027
76.2833,0.61917,0.74308,0.61917,0.74308,0.63258,0.72006,-0.73037,2.01152,-1.67924,0.93144,-1.67924,0.93144,0.00000,0.00000,0,0.00036
76.3852,0.54115,0.82481,0.54115,0.82481,0.57785,0.78718,-0.76056,1.97361,-1.62734,0.79284,-1.62734,0.79284,0.00000,0.00000,0,0.00124
76.4860,0.28605,0.99135,0.28605,0.99135,0.39850,0.91297,-0.78500,1.93113,-1.38275,0.56168,-1.38275,0.56168,0.00000,0.00000,0,0.00136
76.5886,-0.14132,0.99814,-0.14132,0.99814,0.06448,0.97256,-0.79577,1.88350,-0.89249,0.42467,-0.89249,0.42467,0.00000,0.00000,0,0.00180
76.6878,-0.22609,0.93988,-0.22609,0.93988,-0.16551,0.96899,-0.79096,1.83473,-0.54269,0.38125,-0.54269,0.38125,0.00000,0.00000,0,0.00028
76.7896,-0.44539,0.74803,-0.44539,0.74803,-0.33887,0.83793,-0.77824,1.78940,-0.26994,0.53251,-0.26994,0.53251,0.00000,0.00000,0,0.00123
76.8896,-0.56475,0.55814,-0.56475,0.55814,-0.50823,0.64819,-0.75580,1.75319,0.00655,0.78090,0.00655,0.78090,0.00000,0.00000,0,0.00030
76.9912,-0.65451,0.30611,-0.65451,0.30611,-0.61521,0.39278,-0.72705,1.72880,0.19576,1.13964,0.19576,1.13964,0.00000,0.00000,0,0.00038
77.0924,-0.61923,0.08398,-0.61923,0.08398,-0.62785,0.16109,-0.69548,1.71637,0.24631,1.47474,0.24631,1.47474,0.00000,0.00000,0,0.00029
77.1944,-0.56927,-0.00841,-0.56927,-0.00841,-0.60349,0.04467,-0.66438,1.71194,0.24086,1.64494,0.24086,1.64494,0.00000,0.00000,0,0.00029
77.2950,-0.45175,-0.07999,-0.45175,-0.07999,-0.50501,-0.03861,-0.63711,1.71225,0.12042,1.77016,0.12042,1.77016,0.00000,0.00000,0,0.00031
77.3966,-0.33451,-0.14042,-0.33451,-0.14042,-0.37886,-0.11215,-0.61588,1.71651,-0.04759,1.88474,-0.04759,1.88474,0.00000,0.00000,0,0.00029
77.4976,-0.29879,-0.16777,-0.29879,-0.16777,-0.32196,-0.15252,-0.59879,1.72344,-0.11585,1.95223,-0.11585,1.95223,0.00000,0.00000,0,0.00039
77.5981,-0.27384,-0.19236,-0.27384,-0.19236,-0.28594,-0.18148,-0.58383,1.73196,-0.15492,2.00418,-0.15492,2.00418,0.00000,0.00000,0,0.00026
77.6988,-0.24964,-0.20522,-0.24964,-0.20522,-0.26091,-0.19660,-0.57032,1.74149,-0.17895,2.03638,-0.17895,2.03638,0.00000,0.00000,0,0.00026
77.8015,-0.21961,-0.22426,-0.21961,-0.22426,-0.23639,-0.21531,-0.55792,1.75188,-0.20334,2.07484,-0.20334,2.07484,0.00000,0.00000,0,0.00034
77.9048,-0.16683,-0.24127,-0.16683,-0.24127,-0.19219,-0.23494,-0.54735,1.76326,-0.25907,2.11567,-0.25907,2.11567,0.00000,0.00000,0,0.00024
78.0071,-0.04175,-0.23539,-0.04175,-0.23539,-0.09968,-0.23358,-0.54020,1.77502,-0.39069,2.12539,-0.39069,2.12539,0.00000,0.00000,0,0.00031
78.1077,0.09931,-0.13832,0.09931,-0.13832,0.05073,-0.18329,-0.53972,1.78575,-0.61581,2.06068,-0.61581,2.06068,0.00000,0.00000,0,0.00026
78.2081,0.15051,-0.15411,0.15051,-0.15411,0.12874,-0.16506,-0.54481,1.79422,-0.73792,2.04181,-0.73792,2.04181,0.00000,0.00000,0,0.00026
78.3102,0.17712,-0.15415,0.17712,-0.15415,0.15961,-0.15578,-0.55208,1.80208,-0.79149,2.03575,-0.79149,2.03575,0.00000,0.00000,0,0.00030
78.4119,0.18472,-0.14980,0.18472,-0.14980,0.17484,-0.15199,-0.56050,1.80978,-0.82275,2.03777,-0.82275,2.03777,0.00000,0.00000,0,0.00028
78.5130,0.19826,-0.14723,0.19826,-0.14723,0.19039,-0.14856,-0.56972,1.81728,-0.85530,2.04012,-0.85530,2.04012,0.00000,0.00000,0,0.00029
78.6148,0.20149,-0.13677,0.20149,-0.13677,0.19841,-0.14177,-0.57953,1.82455,-0.87715,2.03720,-0.87715,2.03720,0.00000,0.00000,0,0.00026
78.7157,0.21387,-0.13048,-0.78613,-0.13048,-0.44806,-0.13422,-0.73733,1.83141,-0.06524,2.03273,-0.06524,2.03273,1.00000,0.00000,0,0.00030
78.8171,0.25869,-0.20637,-0.74131,-0.20637,-0.70302,-0.17044,-0.70517,1.83876,0.34936,2.09443,0.34936,2.09443,1.00000,0.00000,0,0.00033
78.9173,0.34461,-0.28734,-0.65539,-0.28734,-0.68801,-0.24831,-0.66994,1.84960,0.36207,2.22207,0.36207,2.22207,1.00000,0.00000,0,0.00026
79.0203,0.42249,-0.34721,-0.57751,-0.34721,-0.60898,-0.31694,-0.63799,1.86413,0.27547,2.33955,0.27547,2.33955,1.00000,0.00000,0,0.00031
79.1223,0.48476,-0.40529,-0.51524,-0.40529,-0.54770,-0.37424,-0.60931,1.88163,0.21224,2.44299,0.21224,2.44299,1.00000,0.00000,0,0.00112
79.2224,0.56265,-0.50759,-0.43735,-0.50759,-0.47324,-0.46069,-0.58416,1.90285,0.12569,2.59388,0.12569,2.59388,1.00000,0.00000,0,0.00026
79.3239,0.67810,-0.62535,-0.32190,-0.62535,-0.38530,-0.57927,-0.56290,1.92966,0.01505,2.79857,0.01505,2.79857,1.00000,0.00000,0,0.00028
79.4260,0.92654,-0.56948,-0.07346,-0.56948,-0.18128,-0.59556,-0.54947,1.95988,-0.27755,2.85322,-0.27755,2.85322,1.00000,0.00000,0,0.00029
79.5265,1.17166,-0.50496,0.17166,-0.50496,0.09232,-0.51929,-0.54924,1.98696,-0.68771,2.76589,-0.68771,2.76589,1.00000,0.00000,0,0.00026
79.6275,1.29822,-0.45077,0.29822,-0.45077,0.21340,-0.47206,-0.55728,2.01146,-0.87737,2.71955,-0.87737,2.71955,1.00000,0.00000,0,0.00028
79.7291,1.29130,-0.39060,0.29130,-0.39060,0.27723,-0.42239,-0.57021,2.03387,-0.98605,2.66747,-0.98605,2.66747,1.00000,0.00000,0,0.00030
79.8297,1.31820,-0.32735,0.31820,-0.32735,0.30854,-0.35217,-0.58507,2.05287,-1.04788,2.58113,-1.04788,2.58113,1.00000,0.00000,0,0.00036
79.9308,1.32818,-0.26984,0.32818,-0.26984,0.32170,-0.29794,-0.60092,2.06892,-1.08348,2.51582,-1.08348,2.51582,1.00000,0.00000,0,0.00029
80.0329,1.32633,-0.17399,0.32633,-0.17399,0.32509,-0.21811,-0.61712,2.08149,-1.10475,2.40865,-1.10475,2.40865,1.00000,0.00000,0,0.00027
80.1363,1.25055,-0.11305,0.25055,-0.11305,0.29254,-0.13776,-0.63290,2.08997,-1.07171,2.29661,-1.07171,2.29661,1.00000,0.00000,0,0.00140
80.2374,1.21579,-0.07222,0.21579,-0.07222,0.23754,-0.08681,-0.64572,2.09532,-1.00203,2.22554,-1.00203,2.22554,1.00000,0.00000,0,0.00037
80.3377,1.16404,-0.02886,0.16404,-0.02886,0.18146,-0.04816,-0.65581,2.09850,-0.92800,2.17073,-0.92800,2.17073,1.00000,0.00000,0,0.00031
80.4401,1.12303,-0.01108,0.12303,-0.01108,0.14915,-0.02642,-0.66409,2.10035,-0.88782,2.13997,-0.88782,2.13997,1.00000,0.00000,0,0.00032
80.5426,1.07071,0.03136,0.07071,0.03136,0.09419,0.02736,-0.66971,2.09982,-0.81100,2.05878,-0.81100,2.05878,1.00000,0.00000,0,0.00030
80.6441,1.05427,0.04962,0.05427,0.04962,0.06415,0.04784,-0.67345,2.09772,-0.76968,2.02596,-0.76968,2.02596,1.00000,0.00000,0,0.00030
80.7451,1.04157,0.05842,0.04157,0.05842,0.04757,0.05681,-0.67614,2.09502,-0.74750,2.00981,-0.74750,2.00981,1.00000,0.00000,0,0.00027
80.8453,0.97752,0.09365,-0.02248,0.09365,0.00743,0.07430,-0.67745,2.09182,-0.68859,1.98037,-0.68859,1.98037,1.00000,0.00000,16,0.00025
80.9473,0.95178,0.09681,-0.04822,0.09681,-0.03493,0.09415,-0.67660,2.08728,-0.62420,1.94606,-0.62420,1.94606,1.00000,0.00000,0,0.00031
81.0489,0.91253,0.08987,-0.08747,0.08987,-0.07187,0.09234,-0.67375,2.08257,-0.56594,1.94406,-0.56594,1.94406,1.00000,0.00000,0,0.00026
81.1509,0.89658,0.08065,-0.10342,0.08065,-0.09380,0.08470,-0.66947,2.07818,-0.52876,1.95113,-0.52876,1.95113,1.00000,0.00000,0,0.00024
81.2522,0.87079,0.06866,-0.12921,0.06866,-0.11734,0.07352,-0.66409,2.07430,-0.48809,1.96401,-0.48809,1.96401,1.00000,0.00000,0,0.00024
81.3547,0.83783,0.05272,-0.16217,0.05272,-0.14609,0.06068,-0.65740,2.07096,-0.43826,1.97994,-0.43826,1.97994,1.00000,0.00000,0,0.00074
81.4565,0.77326,0.02531,-0.22674,0.02531,-0.19582,0.03758,-0.64879,2.06856,-0.35506,2.01219,-0.35506,2.01219,1.00000,0.00000,0,0.00028
81.5570,0.64527,-0.00670,-0.35473,-0.00670,-0.30631,0.00309,-0.63580,2.06802,-0.17633,2.06338,-0.17633,2.06338,1.00000,0.00000,32,0.00027
81.6579,0.60901,-0.10716,-0.39099,-0.10716,-0.36527,-0.05038,-0.61859,2.06879,-0.07068,2.14436,-0.07068,2.14436,1.00000,0.00000,0,0.00026
81.7601,0.59483,-0.16905,-0.40517,-0.16905,-0.38739,-0.14333,-0.59978,2.07447,-0.01870,2.28946,-0.01870,2.28946,1.00000,0.00000,0,0.00031
81.8620,0.59909,-0.17617,-0.40091,-0.17617,-0.39916,-0.16936,-0.57988,2.08244,0.01887,2.33648,0.01887,2.33648,1.00000,0.00000,0,0.00028
81.9629,0.59128,-0.18885,-0.40872,-0.18885,-0.40692,-0.18108,-0.55967,2.09123,0.05071,2.36285,0.05071,2.36285,1.00000,0.00000,0,0.00026
82.0640,0.59027,-0.21149,-0.40973,-0.21149,-0.40888,-0.20128,-0.53928,2.10087,0.07404,2.40279,0.07404,2.40279,1.00000,0.00000,0,0.00095
82.1654,0.58067,-0.23972,-0.41933,-0.23972,-0.41553,-0.22843,-0.51866,2.11174,0.10463,2.45439,0.10463,2.45439,1.00000,0.00000,0,0.00034
82.2666,0.58392,-0.26609,-0.41608,-0.26609,-0.41647,-0.25419,-0.49783,2.12395,0.12687,2.50523,0.12687,2.50523,1.00000,0.00000,0,0.00027
82.3675,0.58841,-0.29350,-0.41159,-0.29350,-0.41412,-0.28028,-0.47704,2.13744,0.14413,2.55786,0.14413,2.55786,1.00000,0.00000,0,0.00076
82.4682,0.59830,-0.33474,-0.40170,-0.33474,-0.40682,-0.31469,-0.45651,2.15242,0.15372,2.62446,0.15372,2.62446,1.00000,0.00000,0,0.00095
82.5680,0.62128,-0.47307,-0.37872,-0.47307,-0.39205,-0.41551,-0.43651,2.17080,0.15156,2.79406,0.15156,2.79406,1.00000,0.00000,0,0.00026
82.6690,0.66139,-0.64169,-0.33861,-0.64169,-0.36530,-0.57106,-0.41756,2.19612,0.13039,3.05271,0.13039,3.05271,1.00000,0.00000,0,0.00025
82.7713,0.80442,-0.75705,-0.19558,-0.75705,-0.25682,-0.70393,-0.40230,2.22883,-0.01707,3.28473,-0.01707,3.28473,1.00000,0.00000,0,0.00034
82.8717,0.93399,-0.78824,-0.06601,-0.78824,-0.11824,-0.77221,-0.39368,2.26639,-0.21632,3.42471,-0.21632,3.42471,1.00000,0.00000,0,0.00026
82.9728,1.17162,-0.73098,0.17162,-0.73098,0.06700,-0.73610,-0.39262,2.30421,-0.49312,3.40836,-0.49312,3.40836,1.00000,0.00000,0,0.00027
83.0753,1.26702,-0.64555,0.26702,-0.64555,0.20965,-0.68707,-0.40070,2.33984,-0.71517,3.37044,-0.71517,3.37044,1.00000,0.00000,0,0.00025
83.1774,1.36137,-0.57893,0.36137,-0.57893,0.32548,-0.61673,-0.41518,2.37207,-0.90340,3.29718,-0.90340,3.29718,1.00000,0.00000,0,0.00099
83.2773,1.39577,-0.51039,0.39577,-0.51039,0.37903,-0.55306,-0.43318,2.40112,-1.00173,3.23070,-1.00173,3.23070,1.00000,0.00000,0,0.00028
83.3776,1.44394,-0.38290,0.44394,-0.38290,0.42247,-0.43555,-0.45338,2.42530,-1.08709,3.07863,-1.08709,3.07863,1.00000,0.00000,0,0.00027
83.4792,1.45284,-0.27159,0.45284,-0.27159,0.44582,-0.32699,-0.47531,2.44397,-1.14405,2.93445,-1.14405,2.93445,1.00000,0.00000,0,0.00038
83.5810,1.45181,-0.15179,0.45181,-0.15179,0.45116,-0.19572,-0.49783,2.45613,-1.17458,2.74971,-1.17458,2.74971,1.00000,0.00000,0,0.00028
83.6822,1.45415,-0.12072,1.45415,-0.12072,0.96475,-0.14037,-0.34682,2.46407,-1.81821,2.67463,-1.79395,2.67463,0.00000,0.00000,1,0.00027
83.7850,1.41583,0.60537,1.41583,0.60537,1.36473,0.23476,-0.41012,2.46394,-2.45722,2.11180,-2.45722,2.11180,0.00000,0.00000,0,0.00188
83.8853,1.20864,1.10085,1.20864,1.10085,1.29788,0.84919,-0.47794,2.43337,-2.42476,1.15959,-2.42476,1.15959,0.00000,0.00000,0,0.00070
83.9865,0.70396,1.39857,0.70396,1.39857,0.94414,1.26701,-0.53312,2.37703,-1.94933,0.47651,-1.94933,0.47651,0.00000,0.00000,0,0.00030
84.0880,0.15985,1.46892,0.15985,1.46892,0.38010,1.44292,-0.56229,2.30704,-1.13244,0.14267,-1.13244,0.14267,0.00000,0.00000,0,0.00045
84.1896,-0.21580,1.25270,-0.21580,1.25270,-0.07066,1.32194,-0.56721,2.23818,-0.46121,0.25528,-0.46121,0.25528,0.00000,0.00000,0,0.00030
84.2939,-0.36250,0.76667,-0.36250,0.76667,-0.26589,0.94530,-0.55761,2.18208,-0.15878,0.76413,-0.15878,0.76413,0.00000,0.00000,0,0.00105
84.3938,-0.44094,0.47519,-0.44094,0.47519,-0.39069,0.62041,-0.54026,2.14455,0.04578,1.21394,0.04578,1.21394,0.00000,0.00000,0,0.00027
84.4967,-0.46566,0.37276,-0.46566,0.37276,-0.45055,0.45264,-0.51853,2.11878,0.15730,1.43982,0.15730,1.43982,0.00000,0.00000,0,0.00027
84.5977,-0.45100,0.11534,-0.45100,0.11534,-0.47321,0.22842,-0.49488,2.10237,0.21493,1.75974,0.21493,1.75974,0.00000,0.00000,0,0.00026
84.6985,-0.29545,-0.01417,-0.29545,-0.01417,-0.36429,0.05545,-0.47420,2.09645,0.07223,2.01328,0.07223,2.01328,0.00000,0.00000,0,0.00027
84.7999,-0.12258,-0.10117,-0.12258,-0.10117,-0.18299,-0.06541,-0.46170,2.09766,-0.18721,2.19577,-0.18721,2.19577,0.00000,0.00000,0,0.00027
84.9004,-0.08785,-0.13633,-0.08785,-0.13633,-0.11118,-0.12045,-0.45494,2.10279,-0.28817,2.28346,-0.28817,2.28346,0.00000,0.00000,0,0.00035
85.0026,-0.04689,-0.16906,-0.04689,-0.16906,-0.06756,-0.15430,-0.45069,2.10985,-0.34935,2.34130,-0.34935,2.34130,0.00000,0.00000,0,0.00026
85.1059,0.06607,-0.16781,0.06607,-0.16781,0.01327,-0.17569,-0.44926,2.11845,-0.46917,2.38198,-0.46917,2.38198,0.00000,0.00000,16,0.00028
85.2068,0.11718,-0.19754,0.11718,-0.19754,0.08738,-0.18235,-0.45227,2.12715,-0.58335,2.40067,-0.58335,2.40067,0.00000,0.00000,0,0.00027
85.3077,0.18106,-0.22371,0.18106,-0.22371,0.15273,-0.21058,-0.45861,2.13706,-0.68771,2.45293,-0.68771,2.45293,0.00000,0.00000,0,0.00029
85.4089,0.23767,-0.22903,0.23767,-0.22903,0.21288,-0.22557,-0.46814,2.14814,-0.78746,2.48650,-0.78746,2.48650,0.00000,0.00000,0,0.00028
85.5097,0.26932,-0.23000,0.26932,-0.23000,0.25406,-0.22963,-0.48008,2.15958,-0.86117,2.50402,-0.86117,2.50402,0.00000,0.00000,0,0.00032
85.6126,0.30298,-0.21990,0.30298,-0.21990,0.28786,-0.22368,-0.49382,2.17090,-0.92562,2.50641,-0.92562,2.50641,0.00000,0.00000,0,0.00028
85.7134,0.40353,-0.14588,0.40353,-0.14588,0.35583,-0.18491,-0.50994,2.18126,-1.04368,2.45863,-1.04368,2.45863,0.00000,0.00000,0,0.00029
85.8155,0.62003,0.02548,0.62003,0.02548,0.54126,-0.04958,-0.53308,2.18658,-1.34497,2.26095,-1.34497,2.26095,0.00000,0.00000,0,0.00028
85.9175,0.66744,0.11961,0.66744,0.11961,0.63747,0.07870,-0.56339,2.18499,-1.51960,2.06694,-1.51960,2.06694,0.00000,0.00000,0,0.00098
86.0175,0.68105,0.22618,0.68105,0.22618,0.67179,0.17143,-0.59648,2.17833,-1.60416,1.92119,-1.60416,1.92119,0.00000,0.00000,0,0.00030
86.1179,0.70909,0.39445,0.70909,0.39445,0.69757,0.31419,-0.63089,2.16563,-1.67724,1.69434,-1.67724,1.69434,0.00000,0.00000,0,0.00026
86.2199,0.70299,0.48466,0.70299,0.48466,0.70967,0.44292,-0.66627,2.14572,-1.73078,1.48134,-1.73078,1.48134,0.00000,0.00000,0,0.00106
86.3207,0.65831,0.60168,0.65831,0.60168,0.67482,0.55275,-0.70079,2.12021,-1.71302,1.29109,-1.71302,1.29109,0.00000,0.00000,0,0.00026
86.4239,0.63053,0.67028,0.63053,0.67028,0.64278,0.63835,-0.73353,2.08986,-1.69770,1.13234,-1.69770,1.13234,0.00000,0.00000,0,0.00026
86.5278,0.59827,0.71991,0.59827,0.71991,0.61320,0.69555,-0.76479,2.05617,-1.68459,1.01284,-1.68459,1.01284,0.00000,0.00000,0,0.00027
86.6309,0.56350,0.75431,0.56350,0.75431,0.58100,0.73660,-0.79451,2.02011,-1.66602,0.91520,-1.66602,0.91520,0.00000,0.00000,0,0.00033
86.7336,0.48349,0.81018,0.48349,0.81018,0.52073,0.78485,-0.82192,1.98190,-1.60301,0.80462,-1.60301,0.80462,0.00000,0.00000,0,0.00030
86.8370,0.24948,0.94550,0.24948,0.94550,0.34899,0.88570,-0.84338,1.94009,-1.36687,0.61153,-1.36687,0.61153,0.00000,0.00000,0,0.00116
86.9403,-0.14185,0.95756,-0.14185,0.95756,0.03784,0.93178,-0.85219,1.89427,-0.90896,0.49661,-0.90896,0.49661,0.00000,0.00000,0,0.00103
87.0415,-0.27450,0.91951,-0.27450,0.91951,-0.21286,0.93415,-0.84523,1.84730,-0.52595,0.44608,-0.52595,0.44608,0.00000,0.00000,0,0.00036
87.1436,-0.46622,0.68696,-0.46622,0.68696,-0.37998,0.77096,-0.82997,1.80497,-0.25999,0.64852,-0.25999,0.64852,0.00000,0.00000,0,0.00027
87.2460,-0.59405,0.50243,-0.59405,0.50243,-0.52776,0.59367,-0.80645,1.77160,-0.01482,0.88109,-0.01482,0.88109,0.00000,0.00000,0,0.00025
87.3470,-0.67128,0.26860,-0.67128,0.26860,-0.63459,0.36394,-0.77674,1.74883,0.17515,1.20292,0.17515,1.20292,0.00000,0.00000,0,0.00029
87.4480,-0.63721,0.05970,-0.63721,0.05970,-0.64558,0.12599,-0.74412,1.73820,0.22425,1.54921,0.22425,1.54921,0.00000,0.00000,0,0.00028
87.5495,-0.58143,-0.05658,-0.58143,-0.05658,-0.62123,0.00138,-0.71218,1.73590,0.21966,1.73384,0.21966,1.73384,0.00000,0.00000,32,0.00031
87.6520,-0.45537,-0.11851,-0.45537,-0.11851,-0.51743,-0.08320,-0.68405,1.73825,0.09209,1.86305,0.09209,1.86305,0.00000,0.00000,0,0.00027
87.7536,-0.36560,-0.17770,-0.36560,-0.17770,-0.40136,-0.15436,-0.66200,1.74475,-0.05996,1.97629,-0.05996,1.97629,0.00000,0.00000,0,0.00033
87.8571,-0.31950,-0.21183,-0.31950,-0.21183,-0.34237,-0.19593,-0.64385,1.75379,-0.13030,2.04768,-0.13030,2.04768,0.00000,0.00000,0,0.00126
87.9570,-0.29498,-0.22846,-0.29498,-0.22846,-0.30765,-0.21927,-0.62782,1.76432,-0.16635,2.09323,-0.16635,2.09323,0.00000,0.00000,0,0.00030
88.0580,-0.26385,-0.25387,-0.26385,-0.25387,-0.27904,-0.24168,-0.61327,1.77593,-0.19471,2.13845,-0.19471,2.13845,0.00000,0.00000,0,0.00028
88.1614,-0.20763,-0.27306,-0.20763,-0.27306,-0.23658,-0.26600,-0.60042,1.78877,-0.24555,2.18777,-0.24555,2.18777,0.00000,0.00000,0,0.00031
88.2655,-0.08635,-0.28110,-0.08635,-0.28110,-0.13613,-0.27401,-0.59137,1.80243,-0.38718,2.21345,-0.38718,2.21345,0.00000,0.00000,0,0.00034
88.3667,0.08442,-0.17799,0.08442,-0.17799,0.02172,-0.21614,-0.58929,1.81485,-0.62188,2.13906,-0.62188,2.13906,0.00000,0.00000,0,0.00026
88.4672,0.12345,-0.20022,0.12345,-0.20022,0.10293,-0.20978,-0.59309,1.82553,-0.74749,2.14021,-0.74749,2.14021,0.00000,0.00000,0,0.00028
88.5694,0.15740,-0.20478,0.15740,-0.20478,0.14097,-0.20480,-0.59938,1.83579,-0.81083,2.14299,-0.81083,2.14299,0.00000,0.00000,0,0.00072
88.6716,0.17053,-0.20355,-0.82947,-0.20355,-0.13994,-0.20342,-0.74864,1.84596,-0.39406,2.15109,-0.53873,2.15109,1.00000,0.00000,1,0.00131
88.7739,0.23011,-0.27382,-0.76989,-0.27382,-0.68521,-0.23108,-0.73373,1.85652,0.29409,2.20315,0.29409,2.20315,1.00000,0.00000,0,0.00031
88.8753,0.34610,-0.49064,-0.65390,-0.49064,-0.68271,-0.41262,-0.69878,1.87328,0.32529,2.49222,0.32529,2.49222,1.00000,0.00000,0,0.00026
88.9763,0.53869,-0.64611,-0.46131,-0.64611,-0.54851,-0.56737,-0.66815,1.89853,0.15462,2.74958,0.15462,2.74958,1.00000,0.00000,0,0.00024
89.0799,0.79546,-0.68001,-0.20454,-0.68001,-0.31784,-0.67136,-0.64741,1.93083,-0.17065,2.93787,-0.17065,2.93787,1.00000,0.00000,0,0.00095
89.1799,1.10898,-0.55335,0.10898,-0.55335,-0.03741,-0.59088,-0.63934,1.96244,-0.58323,2.84876,-0.58323,2.84876,1.00000,0.00000,0,0.00028
89.2803,1.15886,-0.52563,0.15886,-0.52563,0.12065,-0.54847,-0.64299,1.99078,-0.82396,2.81349,-0.82396,2.81349,1.00000,0.00000,0,0.00033
89.3809,1.25652,-0.44657,0.25652,-0.44657,0.22722,-0.48711,-0.65248,2.01651,-0.99331,2.74717,-0.99331,2.74717,1.00000,0.00000,0,0.00035
89.4823,1.30089,-0.35634,0.30089,-0.35634,0.27712,-0.39061,-0.66538,2.03767,-1.08106,2.62359,-1.08106,2.62359,1.00000,0.00000,0,0.00028
89.5833,1.28958,-0.26660,0.28958,-0.26660,0.28596,-0.30930,-0.67953,2.05477,-1.10847,2.51871,-1.10847,2.51871,1.00000,0.00000,0,0.00028
89.6850,1.28782,-0.20077,0.28782,-0.20077,0.28824,-0.23319,-0.69393,2.06796,-1.12629,2.41774,-1.12629,2.41774,1.00000,0.00000,0,0.00038
89.7873,1.28584,-0.17016,0.28584,-0.17016,0.28665,-0.18592,-0.70829,2.07802,-1.13827,2.35690,-1.13827,2.35690,1.00000,0.00000,0,0.00034
89.8883,1.18372,-0.08865,0.18372,-0.08865,0.21473,-0.12737,-0.72056,2.08555,-1.04266,2.27661,-1.04266,2.27661,1.00000,0.00000,0,0.00038
89.9889,1.14455,-0.06137,0.14455,-0.06137,0.17456,-0.08681,-0.73024,2.09067,-0.99208,2.22088,-0.99208,2.22088,1.00000,0.00000,0,0.00030
90.0909,1.11073,-0.04491,0.11073,-0.04491,0.12521,-0.05710,-0.73719,2.09405,-0.92502,2.17970,-0.92502,2.17970,1.00000,0.00000,0,0.00108
90.1933,1.03653,0.03712,0.03653,0.03712,0.06771,-0.00784,-0.74201,2.09575,-0.84358,2.10751,-0.84358,2.10751,1.00000,0.00000,32,0.00028
90.2945,1.00377,0.03391,0.00377,0.03391,0.02268,0.02065,-0.74402,2.09555,-0.77804,2.06457,-0.77804,2.06457,1.00000,0.00000,0,0.00027
90.3955,0.98963,0.04075,-0.01037,0.04075,0.00136,0.03301,-0.74402,2.09408,-0.74607,2.04456,-0.74607,2.04456,1.00000,0.00000,16,0.00026
90.4965,0.97318,0.03923,-0.02682,0.03923,-0.01685,0.03739,-0.74402,2.09227,-0.71874,2.03618,-0.71874,2.03618,1.00000,0.00000,16,0.00048
90.5977,0.95759,0.04336,-0.04241,0.04336,-0.03504,0.04086,-0.74261,2.09032,-0.69005,2.02903,-0.69005,2.02903,1.00000,0.00000,0,0.00033
90.6982,0.89351,0.09147,-0.10649,0.09147,-0.08239,0.07334,-0.73953,2.08746,-0.61594,1.97745,-0.61594,1.97745,1.00000,0.00000,0,0.00037
90.8001,0.85093,0.07391,-0.14907,0.07391,-0.13087,0.07573,-0.73387,2.08368,-0.53756,1.97008,-0.53756,1.97008,1.00000,0.00000,0,0.00072
90.9003,0.82056,0.06469,-0.17944,0.06469,-0.16471,0.06759,-0.72629,2.08016,-0.47923,1.97878,-0.47923,1.97878,1.00000,0.00000,0,0.00037
91.0025,0.78998,0.05166,-0.21002,0.05166,-0.19573,0.05718,-0.71712,2.07708,-0.42352,1.99131,-0.42352,1.99131,1.00000,0.00000,0,0.00027
91.1028,0.74155,0.03215,-0.25845,0.03215,-0.23405,0.04223,-0.70626,2.07462,-0.35518,2.01127,-0.35518,2.01127,1.00000,0.00000,0,0.00025
91.2039,0.61474,-0.01599,-0.38526,-0.01599,-0.32561,0.00683,-0.69216,2.07366,-0.20374,2.06341,-0.20374,2.06341,1.00000,0.00000,32,0.00030
91.3060,0.56985,-0.05159,-0.43015,-0.05159,-0.40640,-0.02563,-0.67314,2.07391,-0.06353,2.11236,-0.06353,2.11236,1.00000,0.00000,0,0.00034
91.4071,0.55583,-0.18368,-0.44417,-0.18368,-0.43017,-0.14202,-0.65196,2.07893,-0.00671,2.29195,-0.00671,2.29195,1.00000,0.00000,0,0.00030
91.5080,0.54555,-0.19352,-0.45445,-0.19352,-0.45222,-0.17853,-0.62959,2.08722,0.04874,2.35502,0.04874,2.35502,1.00000,0.00000,0,0.00028
91.6100,0.52812,-0.20378,-0.47188,-0.20378,-0.46788,-0.19665,-0.60646,2.09672,0.09535,2.39170,0.09535,2.39170,1.00000,0.00000,0,0.00030
91.7104,0.52005,-0.23819,-0.47995,-0.23819,-0.47719,-0.22265,-0.58278,2.10730,0.13301,2.44127,0.13301,2.44127,1.00000,0.00000,0,0.00028
91.8134,0.51377,-0.27735,-0.48623,-0.27735,-0.48342,-0.26092,-0.55874,2.11957,0.16639,2.51096,0.16639,2.51096,1.00000,0.00000,0,0.00026
91.9150,0.51901,-0.30446,-0.48099,-0.30446,-0.48158,-0.28987,-0.53463,2.13348,0.18775,2.56828,0.18775,2.56828,1.00000,0.00000,0,0.00029
92.0159,0.52614,-0.41411,-0.47386,-0.41411,-0.47741,-0.35851,-0.51067,2.14954,0.20545,2.68730,0.20545,2.68730,1.00000,0.00000,0,0.00029
92.1172,0.55424,-0.50618,-0.44576,-0.50618,-0.45297,-0.46812,-0.48760,2.17104,0.19186,2.87322,0.19186,2.87322,1.00000,0.00000,0,0.00028
92.2175,0.61005,-0.68152,-0.38995,-0.68152,-0.40914,-0.60343,-0.46617,2.19808,0.14753,3.10323,0.14753,3.10323,1.00000,0.00000,0,0.00025
92.3214,0.75884,-0.79627,-0.24116,-0.79627,-0.30902,-0.73729,-0.44832,2.23229,0.01521,3.33822,0.01521,3.33822,1.00000,0.00000,0,0.00090
92.4236,0.86879,-0.82766,-0.13121,-0.82766,-0.17579,-0.80715,-0.43716,2.27157,-0.17348,3.48231,-0.17348,3.48231,1.00000,0.00000,0,0.00028
92.5267,1.09409,-0.75626,0.09409,-0.75626,0.00046,-0.76461,-0.43298,2.31098,-0.43367,3.45790,-0.43367,3.45790,1.00000,0.00000,16,0.00028
92.6273,1.17570,-0.69200,0.17570,-0.69200,0.13316,-0.72365,-0.43752,2.34819,-0.63726,3.43366,-0.63726,3.43366,1.00000,0.00000,0,0.00025
92.7276,1.28725,-0.60997,0.28725,-0.60997,0.24956,-0.64941,-0.44813,2.38199,-0.82247,3.35610,-0.82247,3.35610,1.00000,0.00000,0,0.00025
92.8293,1.33345,-0.55524,0.33345,-0.55524,0.31198,-0.58865,-0.46259,2.41261,-0.93056,3.29558,-0.93056,3.29558,1.00000,0.00000,0,0.00029
92.9312,1.38796,-0.41181,0.38796,-0.41181,0.35887,-0.47646,-0.47947,2.43898,-1.01778,3.15367,-1.01778,3.15367,1.00000,0.00000,0,0.00024
93.0332,1.44226,-0.28051,0.44226,-0.28051,0.42142,-0.34598,-0.49944,2.45895,-1.13157,2.97792,-1.13157,2.97792,1.00000,0.00000,0,0.00028
93.1360,1.43474,-0.12518,0.43474,-0.12518,0.43700,-0.19202,-0.52118,2.47160,-1.17668,2.75962,-1.17668,2.75962,1.00000,0.00000,0,0.00126
93.2363,1.44715,-0.09681,0.44715,-0.09681,0.44283,-0.11792,-0.54314,2.47864,-1.20739,2.65552,-1.20739,2.65552,1.00000,0.00000,0,0.00050
93.3372,1.44511,-0.07880,0.44511,-0.07880,0.44445,-0.08867,-0.56534,2.48356,-1.23202,2.61657,-1.23202,2.61657,1.00000,0.00000,0,0.00031
93.4382,1.36036,-0.00092,0.36036,-0.00092,0.41361,-0.04168,-0.58719,2.48694,-1.20759,2.54946,-1.20759,2.54946,1.00000,0.00000,0,0.00029
93.5407,1.32544,0.02620,0.32544,0.02620,0.34338,0.01114,-0.60539,2.48757,-1.12045,2.47085,-1.12045,2.47085,1.00000,0.00000,32,0.00029
93.6443,1.24940,0.07264,0.24940,0.07264,0.28017,0.05421,-0.62079,2.48596,-1.04105,2.40464,-1.04105,2.40464,1.00000,0.00000,0,0.00032
93.7468,1.25009,0.16902,1.25009,0.16902,1.01831,0.11364,-0.48770,2.48176,-2.01517,2.31129,-2.01517,2.31129,0.00000,0.00000,0,0.00028
93.8473,0.98607,1.05360,0.98607,1.05360,1.06190,0.70818,-0.54205,2.45981,-2.13489,1.39754,-2.13489,1.39754,0.00000,0.00000,0,0.00026
93.9486,0.57717,1.28523,0.57717,1.28523,0.79929,1.11998,-0.58871,2.41069,-1.78764,0.73072,-1.78764,0.73072,0.00000,0.00000,0,0.00030
94.0494,-0.00821,1.28215,-0.00821,1.28215,0.24572,1.29992,-0.61234,2.34766,-0.98092,0.39779,-0.98092,0.39779,0.00000,0.00000,0,0.00028
94.1519,-0.31446,1.16892,-0.31446,1.16892,-0.20372,1.21287,-0.60903,2.28515,-0.30345,0.46585,-0.30345,0.46585,0.00000,0.00000,0,0.00026
94.2529,-0.58766,0.63880,-0.58766,0.63880,-0.44932,0.86061,-0.59154,2.23382,0.08244,0.94291,0.08244,0.94291,0.00000,0.00000,0,0.00027
94.3554,-0.71759,0.30556,-0.71759,0.30556,-0.65945,0.45544,-0.56186,2.20343,0.42731,1.52026,0.42731,1.52026,0.00000,0.00000,0,0.00027
94.4573,-0.64231,0.01356,-0.64231,0.01356,-0.67086,0.11793,-0.52761,2.19139,0.47868,2.01450,0.47868,2.01450,0.00000,0.00000,0,0.00095
94.5578,-0.43947,-0.20618,-0.43947,-0.20618,-0.55070,-0.09323,-0.49683,2.19177,0.32922,2.33162,0.32922,2.33162,0.00000,0.00000,0,0.00027
94.6588,-0.28009,-0.28809,-0.28009,-0.28809,-0.34054,-0.23883,-0.47647,2.20136,0.03434,2.55960,0.03434,2.55960,0.00000,0.00000,0,0.00027
94.7603,-0.18712,-0.32379,-0.18712,-0.32379,-0.23520,-0.30793,-0.46268,2.21570,-0.10988,2.67760,-0.10988,2.67760,0.00000,0.00000,0,0.00025
94.8608,0.05982,-0.32384,0.05982,-0.32384,-0.03377,-0.33041,-0.45641,2.23201,-0.40576,2.72763,-0.40576,2.72763,0.00000,0.00000,0,0.00042
94.9612,0.18217,-0.33585,0.18217,-0.33585,0.11919,-0.33501,-0.45946,2.24849,-0.63825,2.75100,-0.63825,2.75100,0.00000,0.00000,0,0.00034
95.0636,0.24175,-0.32240,0.24175,-0.32240,0.20266,-0.32476,-0.46799,2.26489,-0.77197,2.75202,-0.77197,2.75202,0.00000,0.00000,0,0.00028
95.1652,0.34561,-0.28992,0.34561,-0.28992,0.29523,-0.30801,-0.48082,2.28085,-0.92367,2.74287,-0.92367,2.74287,0.00000,0.00000,0,0.00029
95.2664,0.64849,-0.17016,0.64849,-0.17016,0.51613,-0.21227,-0.50124,2.29358,-1.27544,2.61199,-1.27544,2.61199,0.00000,0.00000,0,0.00026
95.3673,0.70674,0.05583,0.70674,0.05583,0.66668,-0.04346,-0.53218,2.29971,-1.53220,2.36490,-1.53220,2.36490,0.00000,0.00000,0,0.00027
95.4701,0.71998,0.12452,0.71998,0.12452,0.70659,0.08383,-0.56687,2.29776,-1.62675,2.17201,-1.62675,2.17201,0.00000,0.00000,0,0.00028
95.5731,0.73855,0.26164,0.73855,0.26164,0.72629,0.19901,-0.60273,2.29036,-1.69217,1.99184,-1.69217,1.99184,0.00000,0.00000,0,0.00093
95.6751,0.74227,0.42448,0.74227,0.42448,0.74004,0.35514,-0.63953,2.27584,-1.74959,1.74313,-1.74959,1.74313,0.00000,0.00000,0,0.00031
95.7770,0.68894,0.52132,0.68894,0.52132,0.71572,0.46501,-0.67616,2.25470,-1.74973,1.55718,-1.74973,1.55718,0.00000,0.00000,0,0.00027
95.8785,0.63362,0.61693,0.63362,0.61693,0.65913,0.57394,-0.71021,2.22789,-1.69891,1.36697,-1.69891,1.36697,0.00000,0.00000,0,0.00026
95.9800,0.59838,0.67243,0.59838,0.67243,0.61503,0.64566,-0.74175,2.19687,-1.66429,1.22838,-1.66429,1.22838,0.00000,0.00000,0,0.00032
96.0817,0.57210,0.70810,0.57210,0.70810,0.58581,0.69072,-0.77161,2.16315,-1.65032,1.12707,-1.65032,1.12707,0.00000,0.00000,0,0.00028
96.1825,0.53075,0.73207,0.53075,0.73207,0.54930,0.71982,-0.79982,2.12771,-1.62377,1.04798,-1.62377,1.04798,0.00000,0.00000,0,0.00026
96.2834,0.45537,0.77119,0.45537,0.77119,0.49272,0.75230,-0.82578,2.09081,-1.56486,0.96237,-1.56486,0.96237,0.00000,0.00000,0,0.00027
96.3860,0.26043,0.85234,0.26043,0.85234,0.35953,0.80922,-0.84705,2.05176,-1.38634,0.83793,-1.38634,0.83793,0.00000,0.00000,0,0.00038
96.4868,-0.01069,0.92222,-0.01069,0.92222,0.09832,0.89516,-0.85698,2.00870,-1.00446,0.66596,-1.00446,0.66596,0.00000,0.00000,0,0.00030
96.5895,-0.33319,0.91875,-0.33319,0.91875,-0.23322,0.90939,-0.85126,1.96350,-0.50142,0.59942,-0.50142,0.59942,0.00000,0.00000,0,0.00089
96.6906,-0.45372,0.71001,-0.45372,0.71001,-0.37502,0.78123,-0.83534,1.92132,-0.27281,0.74947,-0.27281,0.74947,0.00000,0.00000,0,0.00097
96.7912,-0.59258,0.52007,-0.59258,0.52007,-0.53437,0.60906,-0.81155,1.88724,-0.00999,0.97364,-0.00999,0.97364,0.00000,0.00000,0,0.00034
96.8922,-0.75260,0.25057,-0.75260,0.25057,-0.69056,0.34726,-0.78012,1.86464,0.25572,1.34375,0.25572,1.34375,0.00000,0.00000,0,0.00030
96.9932,-0.69094,-0.00074,-0.69094,-0.00074,-0.70412,0.08381,-0.74450,1.85577,0.31168,1.73005,0.31168,1.73005,0.00000,0.00000,0,0.00026
97.0963,-0.60290,-0.11995,-0.60290,-0.11995,-0.65843,-0.05063,-0.71009,1.85575,0.27755,1.93169,0.27755,1.93169,0.00000,0.00000,0,0.00024
97.1972,-0.44267,-0.19078,-0.44267,-0.19078,-0.51104,-0.15210,-0.68139,1.86148,0.08517,2.08962,0.08517,2.08962,0.00000,0.00000,0,0.00026
97.2976,-0.39172,-0.22924,-0.39172,-0.22924,-0.41879,-0.21340,-0.65905,1.87123,-0.03086,2.19134,-0.03086,2.19134,0.00000,0.00000,0,0.00026
97.4034,-0.35797,-0.26718,-0.35797,-0.26718,-0.37258,-0.25280,-0.63962,1.88317,-0.08076,2.26237,-0.08076,2.26237,0.00000,0.00000,0,0.00026
97.5052,-0.30114,-0.30693,-0.30114,-0.30693,-0.32528,-0.28890,-0.62236,1.89688,-0.13444,2.33022,-0.13444,2.33022,0.00000,0.00000,0,0.00027
97.6073,-0.22240,-0.33514,-0.22240,-0.33514,-0.26364,-0.32265,-0.60773,1.91239,-0.21227,2.39637,-0.21227,2.39637,0.00000,0.00000,0,0.00027
97.7096,0.03077,-0.33476,0.03077,-0.33476,-0.09315,-0.34064,-0.59888,1.92914,-0.45916,2.44010,-0.45916,2.44010,0.00000,0.00000,0,0.00026
97.8108,0.10453,-0.31819,0.10453,-0.31819,0.04773,-0.30829,-0.59886,1.94477,-0.67046,2.40721,-0.67046,2.40721,0.00000,0.00000,0,0.00038
97.9122,0.12558,-0.29422,0.12558,-0.29422,0.10535,-0.29710,-0.60325,1.95982,-0.76128,2.40547,-0.76128,2.40547,0.00000,0.00000,0,0.00033
98.0133,0.15192,-0.28526,0.15192,-0.28526,0.14054,-0.29178,-0.60976,1.97459,-0.82057,2.41226,-0.82057,2.41226,0.00000,0.00000,0,0.00025
98.1163,0.18195,-0.27761,0.18195,-0.27761,0.17106,-0.28223,-0.61768,1.98888,-0.87427,2.41223,-0.87427,2.41223,0.00000,0.00000,0,0.00033
98.2178,0.25200,-0.23046,0.25200,-0.23046,0.22137,-0.25187,-0.62754,2.00222,-0.95959,2.38002,-0.95959,2.38002,0.00000,0.00000,0,0.00026
98.3182,0.47819,-0.11908,0.47819,-0.11908,0.35849,-0.17437,-0.64187,2.01278,-1.17961,2.27433,-1.17961,2.27433,0.00000,0.00000,0,0.00035
98.4204,0.54287,0.03812,0.54287,0.03812,0.49976,-0.04920,-0.66439,2.01858,-1.41403,2.09237,-1.41403,2.09237,0.00000,0.00000,0,0.00095
98.5212,0.55255,0.12622,0.55255,0.12622,0.53884,0.08380,-0.69075,2.01669,-1.49900,1.89099,-1.49900,1.89099,0.00000,0.00000,0,0.00039
98.6231,0.55927,0.19008,0.55927,0.19008,0.55496,0.15361,-0.71824,2.01046,-1.55069,1.78004,-1.55069,1.78004,0.00000,0.00000,0,0.00029
98.7240,0.58752,0.34564,-0.41248,0.34564,0.06738,0.27832,-0.88567,1.99910,-0.97894,1.58163,-0.98675,1.58163,1.00000,0.00000,1,0.00027
98.8264,0.56455,0.37909,-0.43545,0.37909,-0.34722,0.36644,-0.87388,1.98193,-0.35306,1.43226,-0.35306,1.43226,1.00000,0.00000,0,0.00026
98.9281,0.54167,0.32982,-0.45833,0.32982,-0.43162,0.35324,-0.85362,1.96364,-0.20620,1.43377,-0.20620,1.43377,1.00000,0.00000,0,0.00029
99.0295,0.52513,0.25922,-0.47487,0.25922,-0.46554,0.29243,-0.83090,1.94775,-0.13260,1.50910,-0.13260,1.50910,1.00000,0.00000,0,0.00025
99.1305,0.47509,0.18148,-0.52491,0.18148,-0.51008,0.20724,-0.80631,1.93600,-0.04118,1.62513,-0.04118,1.62513,1.00000,0.00000,0,0.00036
99.2330,0.41233,0.11015,-0.58767,0.11015,-0.55525,0.14270,-0.77967,1.92759,0.05320,1.71354,0.05320,1.71354,1.00000,0.00000,0,0.00030
99.3367,0.26342,-0.15335,-0.73658,-0.15335,-0.67252,-0.01626,-0.74872,1.92397,0.26007,1.94836,0.26007,1.94836,1.00000,0.00000,32,0.00030
99.4375,0.26418,-0.22016,-0.73582,-0.22016,-0.71900,-0.17636,-0.71359,1.93025,0.36491,2.19479,0.36491,2.19479,1.00000,0.00000,0,0.00032
99.5384,0.26294,-0.40425,-0.73706,-0.40425,-0.73074,-0.30302,-0.67717,1.94225,0.41893,2.39678,0.41893,2.39678,1.00000,0.00000,0,0.00030
99.6409,0.36135,-0.58565,-0.63865,-0.58565,-0.69143,-0.51201,-0.64114,1.96442,0.39600,2.73243,0.39600,2.73243,1.00000,0.00000,0,0.00028
99.7441,0.45377,-0.64839,-0.54623,-0.64839,-0.59100,-0.61020,-0.60959,1.99314,0.27691,2.90845,0.27691,2.90845,1.00000,0.00000,0,0.00100
99.8465,0.68733,-0.79568,-0.31267,-0.79568,-0.41707,-0.73151,-0.58451,2.02690,0.04109,3.12416,0.04109,3.12416,1.00000,0.00000,0,0.00026
99.9476,0.73292,-0.83923,-0.26708,-0.83923,-0.30158,-0.81501,-0.56764,2.06629,-0.11527,3.28880,-0.11527,3.28880,1.00000,0.00000,0,0.00027
100.0502,0.79078,-0.82987,-0.20922,-0.82987,-0.23521,-0.82845,-0.55469,2.10759,-0.20187,3.35027,-0.20187,3.35027,1.00000,0.00000,0,0.00028
100.1517,1.00894,-0.75363,0.00894,-0.75363,-0.09474,-0.78053,-0.54644,2.14788,-0.40433,3.31867,-0.40433,3.31867,1.00000,0.00000,0,0.00027
100.2541,1.05119,-0.70462,0.05119,-0.70462,0.02082,-0.73293,-0.54566,2.18568,-0.57689,3.28508,-0.57689,3.28508,1.00000,0.00000,0,0.00099
100.3550,1.09827,-0.64768,0.09827,-0.64768,0.07290,-0.67295,-0.54834,2.22046,-0.65769,3.22989,-0.65769,3.22989,1.00000,0.00000,0,0.00027
100.4568,1.17230,-0.59276,0.17230,-0.59276,0.14891,-0.62177,-0.55458,2.25255,-0.77795,3.18520,-0.77795,3.18520,1.00000,0.00000,0,0.00026
100.5572,1.19485,-0.50152,0.19485,-0.50152,0.17924,-0.55162,-0.56288,2.28178,-0.83175,3.10920,-0.83175,3.10920,1.00000,0.00000,0,0.00025
100.6618,1.22447,-0.40981,0.22447,-0.40981,0.21364,-0.44865,-0.57294,2.30617,-0.89340,2.97915,-0.89340,2.97915,1.00000,0.00000,0,0.00256
100.7614,1.22529,-0.32334,0.22529,-0.32334,0.22165,-0.36577,-0.58387,2.32619,-0.91635,2.87484,-0.91635,2.87484,1.00000,0.00000,0,0.00034
100.8631,1.21619,-0.20777,0.21619,-0.20777,0.21930,-0.25377,-0.59494,2.34105,-0.92389,2.72171,-0.92389,2.72171,1.00000,0.00000,0,0.00027
100.9658,1.21479,-0.18736,0.21479,-0.18736,0.21651,-0.20299,-0.60582,2.35199,-0.93059,2.65648,-0.93059,2.65648,1.00000,0.00000,0,0.00030
101.0676,1.21782,-0.17259,0.21782,-0.17259,0.21759,-0.18088,-0.61664,2.36143,-0.94302,2.63275,-0.94302,2.63275,1.00000,0.00000,0,0.00026
101.1682,1.21947,-0.16631,0.21947,-0.16631,0.21807,-0.16988,-0.62753,2.37011,-0.95464,2.62493,-0.95464,2.62493,1.00000,0.00000,0,0.00036
101.2693,1.20778,-0.13609,0.20778,-0.13609,0.21609,-0.15348,-0.63846,2.37825,-0.96259,2.60846,-0.96259,2.60846,1.00000,0.00000,0,0.00026
101.3707,1.12715,-0.08039,0.12715,-0.08039,0.14305,-0.10643,-0.64682,2.38450,-0.86139,2.54415,-0.86139,2.54415,1.00000,0.00000,0,0.00042
101.4730,1.11387,-0.08099,0.11387,-0.08099,0.12002,-0.09117,-0.65320,2.38939,-0.83323,2.52615,-0.83323,2.52615,1.00000,0.00000,0,0.00034
101.5740,1.09235,-0.07596,0.09235,-0.07596,0.10287,-0.08123,-0.65870,2.39366,-0.81300,2.51551,-0.81300,2.51551,1.00000,0.00000,0,0.00028
101.6756,1.08972,-0.07073,0.08972,-0.07073,0.09219,-0.07370,-0.66348,2.39751,-0.80176,2.50806,-0.80176,2.50806,1.00000,0.00000,0,0.00027
101.7762,1.08020,-0.06736,0.08020,-0.06736,0.08440,-0.06904,-0.66785,2.40104,-0.79445,2.50459,-0.79445,2.50459,1.00000,0.00000,0,0.00027
101.8780,1.07832,-0.06136,0.07832,-0.06136,0.07990,-0.06376,-0.67191,2.40434,-0.79176,2.49998,-0.79176,2.49998,1.00000,0.00000,0,0.00029
101.9784,1.05754,-0.04518,0.05754,-0.04518,0.06848,-0.05494,-0.67566,2.40733,-0.77838,2.48974,-0.77838,2.48974,1.00000,0.00000,0,0.00027
102.0788,0.97035,0.01004,-0.02965,0.01004,0.01610,-0.02007,-0.67765,2.40921,-0.70180,2.43932,-0.70180,2.43932,1.00000,0.00000,16,0.00024
102.1807,0.95533,0.03640,-0.04467,0.03640,-0.03132,0.02726,-0.67708,2.40849,-0.63010,2.36761,-0.63010,2.36761,1.00000,0.00000,0,0.00116
102.2806,0.93493,0.03829,-0.06507,0.03829,-0.05637,0.03742,-0.67474,2.40668,-0.59019,2.35054,-0.59019,2.35054,1.00000,0.00000,0,0.00031
102.3813,0.91735,0.03074,-0.08265,0.03074,-0.07422,0.03286,-0.67134,2.40493,-0.56002,2.35564,-0.56002,2.35564,1.00000,0.00000,0,0.00031
102.4880,0.90975,0.02822,-0.09025,0.02822,-0.08619,0.02854,-0.66727,2.40344,-0.53798,2.36063,-0.53798,2.36063,1.00000,0.00000,0,0.00040
102.5903,0.89792,0.02477,-0.10208,0.02477,-0.09553,0.02640,-0.66269,2.40206,-0.51939,2.36246,-0.51939,2.36246,1.00000,0.00000,0,0.00032
102.6909,0.88763,0.02191,-0.11237,0.02191,-0.10635,0.02337,-0.65762,2.40082,-0.49810,2.36577,-0.49810,2.36577,1.00000,0.00000,0,0.00034
102.7914,0.87685,0.01837,-0.12315,0.01837,-0.11899,0.01898,-0.65190,2.40019,-0.47340,2.37172,-0.47340,2.37172,1.00000,0.00000,32,0.00031
102.8926,0.86835,0.01624,-0.13165,0.01624,-0.12628,0.01712,-0.64575,2.40019,-0.45634,2.37451,-0.45634,2.37451,1.00000,0.00000,32,0.00025
102.9933,0.86139,0.01295,-0.13861,0.01295,-0.13557,0.01436,-0.63916,2.40019,-0.43580,2.37864,-0.43580,2.37864,1.00000,0.00000,32,0.00036
103.0952,0.85036,0.01258,-0.14964,0.01258,-0.14493,0.01318,-0.63210,2.40019,-0.41470,2.38042,-0.41470,2.38042,1.00000,0.00000,32,0.00027
103.1957,0.84054,0.01245,-0.15946,0.01245,-0.15462,0.01190,-0.62456,2.40019,-0.39263,2.38234,-0.39263,2.38234,1.00000,0.00000,32,0.00026
103.2968,0.83151,0.00940,-0.16849,0.00940,-0.16383,0.01025,-0.61655,2.40019,-0.37080,2.38481,-0.37080,2.38481,1.00000,0.00000,32,0.00026
103.3991,0.81909,-0.03944,-0.18091,-0.03944,-0.17642,-0.01628,-0.60796,2.40019,-0.34333,2.42460,-0.34333,2.42460,1.00000,0.00000,32,0.00031
103.5006,0.81953,-0.13706,-0.18047,-0.13706,-0.17460,-0.10784,-0.59917,2.40403,-0.33727,2.56578,-0.33727,2.56578,1.00000,0.00000,0,0.00028
103.6028,0.81448,-0.14045,-0.18552,-0.14045,-0.18645,-0.12983,-0.58996,2.41011,-0.31028,2.60485,-0.31028,2.60485,1.00000,0.00000,0,0.00025
103.7039,0.80621,-0.13153,0.80621,-0.13153,0.10807,-0.13124,-0.43356,2.41667,-0.74555,2.61353,-0.59567,2.61353,0.00000,0.00000,1,0.00028
103.8057,0.80433,-0.13955,0.80433,-0.13955,0.68808,-0.13759,-0.44199,2.42346,-1.47411,2.62985,-1.47411,2.62985,0.00000,0.00000,0,0.00032
103.9088,0.80869,-0.01093,0.80869,-0.01093,0.78864,-0.07096,-0.48007,2.42892,-1.66303,2.53536,-1.66303,2.53536,0.00000,0.00000,0,0.00026
104.0090,0.80505,0.14560,0.80505,0.14560,0.80928,0.07604,-0.52030,2.42808,-1.73422,2.31402,-1.73422,2.31402,0.00000,0.00000,0,0.00026
104.1118,0.69485,0.33722,0.69485,0.33722,0.75200,0.24154,-0.55958,2.41955,-1.68758,2.05725,-1.68758,2.05725,0.00000,0.00000,0,0.00027
104.2154,0.62503,0.40903,0.62503,0.40903,0.66228,0.37149,-0.59441,2.40300,-1.58783,1.84577,-1.58783,1.84577,0.00000,0.00000,0,0.00073
104.3195,0.60543,0.43553,0.60543,0.43553,0.61933,0.41927,-0.62608,2.38283,-1.55507,1.75393,-1.55507,1.75393,0.00000,0.00000,0,0.00025
104.4226,0.58610,0.45178,0.58610,0.45178,0.59587,0.44245,-0.65632,2.36113,-1.55011,1.69745,-1.55011,1.69745,0.00000,0.00000,0,0.00103
104.5224,0.55833,0.46020,0.55833,0.46020,0.57052,0.45640,-0.68537,2.33854,-1.54115,1.65393,-1.54115,1.65393,0.00000,0.00000,0,0.00028
104.6274,0.52702,0.47877,0.52702,0.47877,0.54100,0.47041,-0.71302,2.31533,-1.52452,1.60972,-1.52452,1.60972,0.00000,0.00000,0,0.00027
104.7277,0.49555,0.49337,0.49555,0.49337,0.51113,0.48690,-0.73917,2.29130,-1.50587,1.56094,-1.50587,1.56094,0.00000,0.00000,0,0.00027
104.8284,0.47329,0.51914,0.47329,0.51914,0.48386,0.50840,-0.76389,2.26634,-1.48968,1.50374,-1.48968,1.50374,0.00000,0.00000,0,0.00036
104.9287,0.43742,0.54467,0.43742,0.54467,0.45325,0.53427,-0.78720,2.24011,-1.46707,1.43870,-1.46707,1.43870,0.00000,0.00000,0,0.00029
105.0302,0.38251,0.55326,0.38251,0.55326,0.40873,0.54829,-0.80862,2.21292,-1.42172,1.39048,-1.42172,1.39048,0.00000,0.00000,0,0.00070
105.1322,0.31938,0.55649,0.31938,0.55649,0.35076,0.55483,-0.82740,2.18528,-1.35354,1.35304,-1.35354,1.35304,0.00000,0.00000,0,0.00026
105.2335,0.17682,0.52902,0.17682,0.52902,0.24278,0.54215,-0.84205,2.15779,-1.20622,1.34457,-1.20622,1.34457,0.00000,0.00000,0,0.00030
105.3354,0.04545,0.53349,0.04545,0.53349,0.10196,0.53196,-0.84966,2.13117,-1.00260,1.33323,-1.00260,1.33323,0.00000,0.00000,0,0.00101
105.4362,-0.01091,0.55216,-0.01091,0.55216,0.01525,0.54779,-0.85173,2.10411,-0.87461,1.28243,-0.87461,1.28243,0.00000,0.00000,16,0.00040
105.5386,-0.03404,0.54868,-0.03404,0.54868,-0.02062,0.54913,-0.85153,2.07664,-0.82060,1.25294,-0.82060,1.25294,0.00000,0.00000,0,0.00038
105.6390,-0.04208,0.54506,-0.04208,0.54506,-0.03691,0.54740,-0.84997,2.04921,-0.79461,1.22810,-0.79461,1.22810,0.00000,0.00000,0,0.00030
105.7403,-0.05510,0.53895,-0.05510,0.53895,-0.04798,0.54171,-0.84781,2.02201,-0.77585,1.20945,-0.77585,1.20945,0.00000,0.00000,0,0.00037
105.8408,-0.06760,0.53658,-0.06760,0.53658,-0.06142,0.53779,-0.84500,1.99505,-0.75287,1.18836,-0.75287,1.18836,0.00000,0.00000,0,0.00030
105.9424,-0.09069,0.51680,-0.09069,0.51680,-0.08129,0.52469,-0.84139,1.96848,-0.71946,1.18144,-0.71946,1.18144,0.00000,0.00000,0,0.00032
106.0433,-0.13498,0.48433,-0.13498,0.48433,-0.11643,0.49974,-0.83631,1.94293,-0.66166,1.19333,-0.66166,1.19333,0.00000,0.00000,0,0.00028
106.1453,-0.22252,0.35946,-0.22252,0.35946,-0.18134,0.42133,-0.82879,1.91985,-0.55678,1.28785,-0.55678,1.28785,0.00000,0.00000,0,0.00026
106.2472,-0.26957,0.19510,-0.26957,0.19510,-0.24591,0.27487,-0.81768,1.90297,-0.44882,1.49067,-0.44882,1.49067,0.00000,0.00000,0,0.00099
106.3475,-0.28574,0.15548,-0.28574,0.15548,-0.28013,0.18235,-0.80410,1.89246,-0.38391,1.61894,-0.38391,1.61894,0.00000,0.00000,0,0.00025
106.4490,-0.29110,0.13926,-0.29110,0.13926,-0.28978,0.15044,-0.78977,1.88443,-0.35509,1.65877,-0.35509,1.65877,0.00000,0.00000,0,0.00026
106.5509,-0.29976,0.10825,-0.29976,0.10825,-0.29548,0.12408,-0.77514,1.87767,-0.33191,1.69156,-0.33191,1.69156,0.00000,0.00000,0,0.00026
106.6530,-0.29027,-0.05652,-0.29027,-0.05652,-0.29814,0.01885,-0.76025,1.87411,-0.31304,1.84584,-0.31304,1.84584,0.00000,0.00000,32,0.00106
106.7528,-0.29866,-0.07212,-0.29866,-0.07212,-0.29573,-0.05466,-0.74557,1.87572,-0.30197,1.95772,-0.30197,1.95772,0.00000,0.00000,0,0.00026
106.8547,-0.27053,-0.10016,-0.27053,-0.10016,-0.27685,-0.08940,-0.73136,1.87961,-0.31609,2.01371,-0.31609,2.01371,0.00000,0.00000,0,0.00024
106.9558,-0.25143,-0.11157,-0.25143,-0.11157,-0.26133,-0.10487,-0.71793,1.88454,-0.32593,2.04185,-0.32593,2.04185,0.00000,0.00000,0,0.00026
107.0577,-0.24719,-0.11795,-0.24719,-0.11795,-0.25227,-0.11488,-0.70511,1.89010,-0.32671,2.06242,-0.32671,2.06242,0.00000,0.00000,0,0.00028
107.1581,-0.23680,-0.12659,-0.23680,-0.12659,-0.24153,-0.12304,-0.69282,1.89610,-0.33053,2.08066,-0.33053,2.08066,0.00000,0.00000,0,0.00028
107.2601,-0.22869,-0.13298,-0.22869,-0.13298,-0.23290,-0.12999,-0.68101,1.90245,-0.33166,2.09745,-0.33166,2.09745,0.00000,0.00000,0,0.00031
107.3613,-0.22201,-0.13921,-0.22201,-0.13921,-0.22495,-0.13628,-0.66961,1.90914,-0.33219,2.11356,-0.33219,2.11356,0.00000,0.00000,0,0.00029
107.4635,-0.12443,-0.07711,-0.12443,-0.07711,-0.15557,-0.09794,-0.66028,1.91512,-0.42693,2.06204,-0.42693,2.06204,0.00000,0.00000,0,0.00029
107.5638,-0.11949,-0.08870,-0.11949,-0.08870,-0.12357,-0.09340,-0.65361,1.91991,-0.46825,2.06001,-0.46825,2.06001,0.00000,0.00000,0,0.00027
107.6652,-0.10726,-0.09858,-0.10726,-0.09858,-0.11153,-0.09632,-0.64779,1.92466,-0.48049,2.06914,-0.48049,2.06914,0.00000,0.00000,0,0.00036
107.7661,-0.09484,-0.10423,-0.09484,-0.10423,-0.10178,-0.10068,-0.64244,1.92959,-0.48976,2.08061,-0.48976,2.08061,0.00000,0.00000,0,0.00032
107.8671,-0.08329,-0.11103,-0.08329,-0.11103,-0.08855,-0.10787,-0.63776,1.93485,-0.50493,2.09665,-0.50493,2.09665,0.00000,0.00000,0,0.00028
107.9685,-0.07125,-0.11387,-0.07125,-0.11387,-0.07811,-0.11201,-0.63362,1.94037,-0.51645,2.10839,-0.51645,2.10839,0.00000,0.00000,0,0.00034
108.0698,-0.06101,-0.11916,-0.06101,-0.11916,-0.06659,-0.11731,-0.63004,1.94613,-0.53016,2.12209,-0.53016,2.12209,0.00000,0.00000,0,0.00027
108.1703,-0.04575,-0.12762,-0.04575,-0.12762,-0.05181,-0.12338,-0.62718,1.95215,-0.54945,2.13723,-0.54945,2.13723,0.00000,0.00000,0,0.00033
108.2716,-0.02528,-0.14095,-0.02528,-0.14095,-0.03442,-0.13481,-0.62508,1.95866,-0.57345,2.16088,-0.57345,2.16088,0.00000,0.00000,0,0.00031
108.3748,0.01135,-0.16302,0.01135,-0.16302,-0.00559,-0.15293,-0.62453,1.96590,-0.61614,2.19530,-0.61614,2.19530,0.00000,0.00000,16,0.00030
108.4762,0.04222,-0.17289,0.04222,-0.17289,0.02670,-0.16799,-0.62500,1.97404,-0.66505,2.22602,-0.66505,2.22602,0.00000,0.00000,0,0.00032
108.5773,0.06568,-0.18075,0.06568,-0.18075,0.05529,-0.17693,-0.62724,1.98271,-0.71018,2.24811,-0.71018,2.24811,0.00000,0.00000,0,0.00023
108.6782,0.09102,-0.18125,0.09102,-0.18125,0.07860,-0.18207,-0.63070,1.99177,-0.74860,2.26488,-0.74860,2.26488,0.00000,0.00000,0,0.00034
