t_s,roll,pitch,err_r,err_p,err_r_filt,err_p_filt,integ_r,integ_p,pi_out_r,pi_out_p,corr_r,corr_p,target_roll,target_pitch,clip_flags,dt_actual
0.0000,0.48745,-0.28412,0.48745,-0.28412,0.44706,-0.34205,-0.15020,1.75279,-0.82080,2.26586,-0.82080,2.26586,0.00000,0.00000,0,0.00025
0.1010,0.51732,-0.09388,0.51732,-0.09388,0.49605,-0.18114,-0.17413,1.76557,-0.91821,2.03728,-0.91821,2.03728,0.00000,0.00000,0,0.00028
0.2026,0.51139,-0.05712,0.51139,-0.05712,0.51350,-0.08938,-0.19973,1.77161,-0.96998,1.90568,-0.96998,1.90568,0.00000,0.00000,0,0.00026
0.3039,0.51753,-0.03736,0.51753,-0.03736,0.51689,-0.05227,-0.22549,1.77485,-1.00083,1.85325,-1.00083,1.85325,0.00000,0.00000,0,0.00031
0.4051,0.52447,0.01673,0.52447,0.01673,0.52046,-0.00983,-0.25138,1.77623,-1.03207,1.79098,-1.03207,1.79098,0.00000,0.00000,32,0.00028
0.5065,0.52130,0.13029,0.52130,0.13029,0.52109,0.09172,-0.27747,1.77369,-1.05911,1.63611,-1.05911,1.63611,0.00000,0.00000,0,0.00025
0.6073,0.53325,0.19515,0.53325,0.19515,0.52908,0.16054,-0.30378,1.76708,-1.09741,1.52627,-1.09741,1.52627,0.00000,0.00000,0,0.00026
0.7099,0.56711,0.35766,0.56711,0.35766,0.54921,0.30049,-0.33064,1.75511,-1.15446,1.30438,-1.15446,1.30438,0.00000,0.00000,0,0.00098
0.8134,0.54191,0.40376,0.54191,0.40376,0.54657,0.37678,-0.35819,1.73769,-1.17804,1.17252,-1.17804,1.17252,0.00000,0.00000,0,0.00027
0.9164,0.49295,0.46472,0.49295,0.46472,0.51793,0.43221,-0.38487,1.71731,-1.16177,1.06900,-1.16177,1.06900,0.00000,0.00000,0,0.00028
1.0179,0.38081,0.53341,0.38081,0.53341,0.41941,0.50271,-0.40774,1.69349,-1.03686,0.93943,-1.03686,0.93943,0.00000,0.00000,0,0.00028
1.1201,0.21125,0.60963,0.21125,0.60963,0.27388,0.56879,-0.42452,1.66660,-0.83534,0.81342,-0.83534,0.81342,0.00000,0.00000,0,0.00034
1.2227,0.03791,0.54964,0.03791,0.54964,0.12007,0.56517,-0.43378,1.63797,-0.61388,0.79021,-0.61388,0.79021,0.00000,0.00000,0,0.00025
1.3239,-0.18875,0.45474,-0.18875,0.45474,-0.08813,0.49079,-0.43374,1.61181,-0.30153,0.87563,-0.30153,0.87563,0.00000,0.00000,0,0.00031
1.4246,-0.25256,0.40012,-0.25256,0.40012,-0.21585,0.42763,-0.42499,1.58916,-0.10122,0.94772,-0.10122,0.94772,0.00000,0.00000,0,0.00037
1.5264,-0.27796,0.35092,-0.27796,0.35092,-0.26325,0.37322,-0.41262,1.56949,-0.01775,1.00965,-0.01775,1.00965,0.00000,0.00000,0,0.00028
1.6284,-0.30898,0.22715,-0.30898,0.22715,-0.29024,0.29675,-0.39868,1.55267,0.03669,1.10755,0.03669,1.10755,0.00000,0.00000,0,0.00026
1.7299,-0.29760,-0.00271,-0.29760,-0.00271,-0.29269,0.10747,-0.38403,1.54342,0.05501,1.38221,0.05501,1.38221,0.00000,0.00000,0,0.00035
1.8339,-0.30799,-0.04429,-0.30799,-0.04429,-0.32497,-0.01977,-0.36777,1.54258,0.11968,1.57224,0.11968,1.57224,0.00000,0.00000,32,0.00032
1.9345,-0.34337,-0.07163,-0.34337,-0.07163,-0.34271,-0.05955,-0.35106,1.54504,0.16300,1.63437,0.16300,1.63437,0.00000,0.00000,0,0.00033
2.0362,-0.34906,-0.08939,-0.34906,-0.08939,-0.34441,-0.08492,-0.33400,1.54894,0.18261,1.67632,0.18261,1.67632,0.00000,0.00000,0,0.00035
2.1368,-0.34363,-0.11060,-0.34363,-0.11060,-0.34320,-0.10214,-0.31681,1.55367,0.19799,1.70687,0.19799,1.70687,0.00000,0.00000,0,0.00031
2.2387,-0.34277,-0.14657,-0.34277,-0.14657,-0.34153,-0.12812,-0.29972,1.55944,0.21258,1.75162,0.21258,1.75162,0.00000,0.00000,0,0.00161
2.3400,-0.34784,-0.31073,-0.34784,-0.31073,-0.34498,-0.22186,-0.28251,1.56798,0.23496,1.90076,0.23496,1.90076,0.00000,0.00000,0,0.00049
2.4424,-0.31663,-0.37085,-0.31663,-0.37085,-0.34448,-0.33733,-0.26473,1.58305,0.25198,2.08905,0.25198,2.08905,0.00000,0.00000,0,0.00045
2.5449,-0.26675,-0.42453,-0.26675,-0.42453,-0.29956,-0.39833,-0.24872,1.60183,0.20062,2.19932,0.20062,2.19932,0.00000,0.00000,0,0.00030
2.6477,-0.23595,-0.44669,-0.23595,-0.44669,-0.25131,-0.43360,-0.23538,1.62289,0.14158,2.27329,0.14158,2.27329,0.00000,0.00000,0,0.00145
2.7475,-0.22145,-0.46234,-0.22145,-0.46234,-0.22902,-0.45236,-0.22359,1.64513,0.11994,2.32368,0.11994,2.32368,0.00000,0.00000,0,0.00026
2.8480,-0.21275,-0.47311,-0.21275,-0.47311,-0.21730,-0.46640,-0.21254,1.66818,0.11341,2.36779,0.11341,2.36779,0.00000,0.00000,0,0.00032
2.9505,-0.19565,-0.48629,-0.19565,-0.48629,-0.20472,-0.47986,-0.20202,1.69190,0.10506,2.41169,0.10506,2.41169,0.00000,0.00000,0,0.00038
3.0524,-0.15674,-0.49305,-0.15674,-0.49305,-0.17716,-0.49041,-0.19247,1.71624,0.07327,2.45186,0.07327,2.45186,0.00000,0.00000,0,0.00027
3.1564,-0.04137,-0.44553,-0.04137,-0.44553,-0.09431,-0.46645,-0.18584,1.74026,-0.04438,2.43993,-0.04438,2.43993,0.00000,0.00000,0,0.00030
3.2573,0.16591,-0.37543,0.16591,-0.37543,0.09281,-0.39134,-0.18707,1.76118,-0.32628,2.34819,-0.32628,2.34819,0.00000,0.00000,0,0.00028
3.3586,0.24224,-0.34844,0.24224,-0.34844,0.20678,-0.35788,-0.19550,1.77967,-0.50567,2.31649,-0.50567,2.31649,0.00000,0.00000,0,0.00026
3.4594,0.33786,-0.31198,0.33786,-0.31198,0.28698,-0.32655,-0.20809,1.79670,-0.63856,2.28653,-0.63856,2.28653,0.00000,0.00000,0,0.00047
3.5598,0.38484,-0.25639,0.38484,-0.25639,0.35899,-0.28091,-0.22482,1.81183,-0.76330,2.23320,-0.76330,2.23320,0.00000,0.00000,0,0.00028
3.6608,0.42953,-0.16108,0.42953,-0.16108,0.41470,-0.21546,-0.24469,1.82420,-0.86675,2.14739,-0.86675,2.14739,0.00000,0.00000,0,0.00031
3.7625,0.45908,-0.07727,0.45908,-0.07727,0.44881,-0.10883,-0.26642,1.83142,-0.93963,1.99466,-0.93963,1.99466,0.00000,0.00000,0,0.00114
3.8629,0.45206,-0.05062,0.45206,-0.05062,0.44769,-0.06192,-0.28876,1.83524,-0.96029,1.92812,-0.96029,1.92812,0.00000,0.00000,0,0.00027
3.9632,0.45186,-0.02573,0.45186,-0.02573,0.44987,-0.03876,-0.31124,1.83770,-0.98605,1.89584,-0.98605,1.89584,0.00000,0.00000,0,0.00026
4.0651,0.45221,-0.00121,0.45221,-0.00121,0.45158,-0.01392,-0.33378,1.83856,-1.01114,1.85944,-1.01114,1.85944,0.00000,0.00000,32,0.00030
4.1657,0.45935,0.05126,0.45935,0.05126,0.45442,0.02293,-0.35638,1.83833,-1.03801,1.80394,-1.03801,1.80394,0.00000,0.00000,0,0.00027
4.2662,0.45697,0.19006,0.45697,0.19006,0.45563,0.13710,-0.37918,1.83375,-1.06262,1.62810,-1.06262,1.62810,0.00000,0.00000,0,0.00045
4.3686,0.48402,0.36673,0.48402,0.36673,0.46900,0.27272,-0.40227,1.82348,-1.10576,1.41439,-1.10576,1.41439,0.00000,0.00000,0,0.00031
4.4692,0.47367,0.38980,0.47367,0.38980,0.48093,0.36149,-0.42636,1.80684,-1.14776,1.26460,-1.14776,1.26460,0.00000,0.00000,0,0.00031
4.5741,0.40109,0.44103,0.40109,0.44103,0.42669,0.41721,-0.44894,1.78697,-1.08897,1.16115,-1.08897,1.16115,0.00000,0.00000,0,0.00036
4.6763,0.36708,0.45330,0.36708,0.45330,0.38752,0.44446,-0.46912,1.76511,-1.05040,1.09843,-1.05040,1.09843,0.00000,0.00000,0,0.00033
4.7791,0.27997,0.47291,0.27997,0.47291,0.32007,0.46290,-0.48662,1.74230,-0.96672,1.04795,-0.96672,1.04795,0.00000,0.00000,0,0.00027
4.8802,0.16197,0.51459,0.16197,0.51459,0.21248,0.51236,-0.49926,1.71742,-0.81797,0.94887,-0.81797,0.94887,0.00000,0.00000,0,0.00032
4.9818,-0.00909,0.54205,-0.00909,0.54205,0.07432,0.52607,-0.50610,1.69155,-0.61758,0.90244,-0.61758,0.90244,0.00000,0.00000,0,0.00055
5.0835,-0.32202,0.48078,-0.32202,0.48078,-0.21329,0.50425,-0.50100,1.66553,-0.18106,0.90915,-0.18106,0.90915,0.00000,0.00000,0,0.00033
5.1844,-0.44832,0.41621,-0.44832,0.41621,-0.39247,0.44128,-0.48431,1.64234,0.10440,0.98042,0.10440,0.98042,0.00000,0.00000,0,0.00028
5.2863,-0.47317,0.27280,-0.47317,0.27280,-0.44927,0.34351,-0.46282,1.62281,0.21108,1.10755,0.21108,1.10755,0.00000,0.00000,0,0.00027
5.3901,-0.50734,0.00945,-0.50734,0.00945,-0.47821,0.09895,-0.43961,1.61293,0.27771,1.46451,0.27771,1.46451,0.00000,0.00000,0,0.00120
5.4909,-0.47775,-0.03633,-0.47775,-0.03633,-0.48887,-0.00186,-0.41477,1.61139,0.31854,1.61418,0.31854,1.61418,0.00000,0.00000,32,0.00040
5.5920,-0.45133,-0.07378,-0.45133,-0.07378,-0.46729,-0.05213,-0.39088,1.61292,0.31005,1.69111,0.31005,1.69111,0.00000,0.00000,0,0.00031
5.6938,-0.43215,-0.09496,-0.43215,-0.09496,-0.44036,-0.08411,-0.36846,1.61661,0.29208,1.74279,0.29208,1.74279,0.00000,0.00000,0,0.00121
5.7942,-0.41659,-0.12953,-0.41659,-0.12953,-0.42238,-0.11343,-0.34704,1.62163,0.28653,1.79178,0.28653,1.79178,0.00000,0.00000,0,0.00040
5.8970,-0.39903,-0.30562,-0.39903,-0.30562,-0.40585,-0.21600,-0.32641,1.62967,0.28237,1.95366,0.28237,1.95366,0.00000,0.00000,0,0.00028
5.9978,-0.29473,-0.41778,-0.29473,-0.41778,-0.36545,-0.35591,-0.30649,1.64489,0.24168,2.17875,0.24168,2.17875,0.00000,0.00000,0,0.00029
6.0999,-0.21241,-0.48920,-0.21241,-0.48920,-0.24602,-0.45181,-0.29235,1.66592,0.07669,2.34363,0.07669,2.34363,0.00000,0.00000,0,0.00030
6.2019,-0.20193,-0.48713,-0.20193,-0.48713,-0.21284,-0.47911,-0.28122,1.68952,0.03805,2.40818,0.03805,2.40818,0.00000,0.00000,0,0.00032
6.3060,-0.19105,-0.49390,-0.19105,-0.49390,-0.19701,-0.48871,-0.27111,1.71376,0.02441,2.44683,0.02441,2.44683,0.00000,0.00000,0,0.00030
6.4086,-0.18299,-0.50353,-0.18299,-0.50353,-0.18841,-0.49875,-0.26154,1.73849,0.02108,2.48661,0.02108,2.48661,0.00000,0.00000,0,0.00027
6.5112,-0.13881,-0.50005,-0.13881,-0.50005,-0.16074,-0.50214,-0.25281,1.76359,-0.01170,2.51680,-0.01170,2.51680,0.00000,0.00000,0,0.00026
6.6126,0.04463,-0.42823,0.04463,-0.42823,-0.05001,-0.46417,-0.24747,1.78784,-0.17245,2.48410,-0.17245,2.48410,0.00000,0.00000,0,0.00026
6.7135,0.20082,-0.38033,0.20082,-0.38033,0.12802,-0.39713,-0.25061,1.80871,-0.44264,2.40440,-0.44264,2.40440,0.00000,0.00000,0,0.00030
6.8141,0.27856,-0.34600,0.27856,-0.34600,0.23926,-0.36004,-0.26065,1.82737,-0.61955,2.36742,-0.61955,2.36742,0.00000,0.00000,0,0.00030
6.9156,0.38864,-0.26557,0.38864,-0.26557,0.34913,-0.30112,-0.27615,1.84363,-0.79985,2.29531,-0.79985,2.29531,0.00000,0.00000,0,0.00025
7.0183,0.43522,-0.11958,0.43522,-0.11958,0.41316,-0.20722,-0.29579,1.85629,-0.91552,2.16712,-0.91552,2.16712,0.00000,0.00000,0,0.00072
7.1188,0.45100,-0.06996,0.45100,-0.06996,0.44593,-0.10287,-0.31758,1.86301,-0.98647,2.01731,-0.98647,2.01731,0.00000,0.00000,0,0.00030
7.2206,0.45680,-0.05031,0.45680,-0.05031,0.45204,-0.06129,-0.33999,1.86672,-1.01806,1.95865,-1.01806,1.95865,0.00000,0.00000,0,0.00027
7.3212,0.45377,-0.01610,0.45377,-0.01610,0.45345,-0.03153,-0.36265,1.86894,-1.04282,1.91624,-1.04282,1.91624,0.00000,0.00000,0,0.00025
7.4233,0.46343,0.08215,0.46343,0.08215,0.45936,0.02748,-0.38547,1.86892,-1.07452,1.82770,-1.07452,1.82770,0.00000,0.00000,0,0.00027
7.5255,0.46087,0.15773,0.46087,0.15773,0.45899,0.12267,-0.40840,1.86456,-1.09688,1.68056,-1.09688,1.68056,0.00000,0.00000,0,0.00029
7.6268,0.47521,0.32323,0.47521,0.32323,0.47004,0.23277,-0.43171,1.85567,-1.13676,1.50652,-1.13676,1.50652,0.00000,0.00000,0,0.00028
7.7278,0.48472,0.38654,0.48472,0.38654,0.48762,0.34761,-0.45597,1.84000,-1.18740,1.31859,-1.18740,1.31859,0.00000,0.00000,0,0.00026
7.8296,0.48537,0.39775,0.48537,0.39775,0.48705,0.38473,-0.48031,1.82134,-1.21089,1.24425,-1.21089,1.24425,0.00000,0.00000,0,0.00029
7.9304,0.40000,0.46674,0.40000,0.46674,0.43073,0.44220,-0.50331,1.80040,-1.14940,1.13710,-1.14940,1.13710,0.00000,0.00000,0,0.00026
8.0312,0.34944,0.50797,0.34944,0.50797,0.37756,0.49273,-0.52324,1.77655,-1.08958,1.03746,-1.08958,1.03746,0.00000,0.00000,0,0.00028
8.1327,0.21724,0.57557,0.21724,0.57557,0.27020,0.55368,-0.53906,1.75022,-0.94435,0.91970,-0.94435,0.91970,0.00000,0.00000,0,0.00027
8.2333,0.07843,0.57964,0.07843,0.57964,0.14290,0.57015,-0.54894,1.72204,-0.76329,0.86682,-0.76329,0.86682,0.00000,0.00000,0,0.00032
8.3365,-0.26724,0.56205,-0.26724,0.56205,-0.13409,0.57518,-0.54829,1.69287,-0.34716,0.83011,-0.34716,0.83011,0.00000,0.00000,0,0.00029
8.4388,-0.43892,0.46392,-0.43892,0.46392,-0.36156,0.49670,-0.53432,1.66637,0.00802,0.92132,0.00802,0.92132,0.00000,0.00000,0,0.00035
8.5392,-0.46638,0.35011,-0.46638,0.35011,-0.44006,0.39797,-0.51350,1.64440,0.14659,1.04744,0.14659,1.04744,0.00000,0.00000,0,0.00034
8.6422,-0.46364,0.13815,-0.46364,0.13815,-0.46179,0.21531,-0.49051,1.63001,0.20217,1.30705,0.20217,1.30705,0.00000,0.00000,0,0.00048
8.7429,-0.49829,-0.00592,-0.49829,-0.00592,-0.50730,0.03652,-0.46592,1.62549,0.29503,1.57071,0.29503,1.57071,0.00000,0.00000,0,0.00030
8.8450,-0.47771,-0.04499,-0.47771,-0.04499,-0.47880,-0.03234,-0.44167,1.62608,0.27654,1.67460,0.27654,1.67460,0.00000,0.00000,0,0.00029
8.9471,-0.43496,-0.08150,-0.43496,-0.08150,-0.44616,-0.07178,-0.41877,1.62904,0.25048,1.73671,0.25048,1.73671,0.00000,0.00000,0,0.00028
9.0498,-0.42138,-0.09769,-0.42138,-0.09769,-0.42963,-0.09055,-0.39692,1.63319,0.24752,1.76902,0.24752,1.76902,0.00000,0.00000,0,0.00029
9.1508,-0.40800,-0.13225,-0.40800,-0.13225,-0.41424,-0.11672,-0.37590,1.63840,0.24546,1.81348,0.24546,1.81348,0.00000,0.00000,0,0.00026
9.2530,-0.37925,-0.30882,-0.37925,-0.30882,-0.39406,-0.21602,-0.35570,1.64650,0.23539,1.97054,0.23539,1.97054,0.00000,0.00000,0,0.00028
9.3537,-0.22609,-0.44026,-0.22609,-0.44026,-0.31507,-0.37534,-0.33744,1.66237,0.13516,2.22538,0.13516,2.22538,0.00000,0.00000,0,0.00027
9.4562,-0.20323,-0.47306,-0.20323,-0.47306,-0.22724,-0.44774,-0.32495,1.68352,0.01591,2.35513,0.01591,2.35513,0.00000,0.00000,0,0.00027
9.5591,-0.19402,-0.47958,-0.19402,-0.47958,-0.20139,-0.46974,-0.31453,1.70659,-0.01245,2.41120,-0.01245,2.41120,0.00000,0.00000,0,0.00092
9.6599,-0.18994,-0.48900,-0.18994,-0.48900,-0.19180,-0.48284,-0.30480,1.73045,-0.01710,2.45472,-0.01710,2.45472,0.00000,0.00000,0,0.00029
9.7616,-0.16069,-0.49061,-0.16069,-0.49061,-0.17405,-0.49064,-0.29567,1.75491,-0.03459,2.49086,-0.03459,2.49086,0.00000,0.00000,0,0.00028
9.8637,-0.06290,-0.44804,-0.06290,-0.44804,-0.11107,-0.46904,-0.28852,1.77897,-0.12192,2.48253,-0.12192,2.48253,0.00000,0.00000,0,0.00032
9.9666,0.15830,-0.35725,0.15830,-0.35725,0.07165,-0.38852,-0.28839,1.80009,-0.39586,2.38287,-0.39586,2.38287,0.00000,0.00000,0,0.00033
10.0686,0.24308,-0.33241,0.24308,-0.33241,0.19956,-0.34818,-0.29604,1.81833,-0.59539,2.34060,-0.59539,2.34060,0.00000,0.00000,0,0.00031
10.1701,0.35817,-0.28180,0.35817,-0.28180,0.30465,-0.29635,-0.30899,1.83425,-0.76597,2.27878,-0.76597,2.27878,0.00000,0.00000,0,0.00029
10.2709,0.40820,-0.14124,0.40820,-0.14124,0.37639,-0.20721,-0.32653,1.84672,-0.89112,2.15754,-0.89112,2.15754,0.00000,0.00000,0,0.00026
10.3727,0.43460,-0.05980,0.43460,-0.05980,0.42910,-0.09348,-0.34723,1.85328,-0.99088,1.99351,-0.99088,1.99351,0.00000,0.00000,0,0.00028
10.4735,0.43884,-0.03794,0.43884,-0.03794,0.43470,-0.04692,-0.36883,1.85631,-1.02087,1.92669,-1.02087,1.92669,0.00000,0.00000,0,0.00029
10.5784,0.43825,-0.00420,0.43825,-0.00420,0.43704,-0.01748,-0.39066,1.85761,-1.04621,1.88382,-1.04621,1.88382,0.00000,0.00000,32,0.00033
10.6794,0.44933,0.08137,0.44933,0.08137,0.44549,0.03421,-0.41277,1.85726,-1.08100,1.80595,-1.08100,1.80595,0.00000,0.00000,0,0.00026
10.7812,0.44924,0.17591,0.44924,0.17591,0.44450,0.13639,-0.43492,1.85228,-1.10167,1.64769,-1.10167,1.64769,0.00000,0.00000,0,0.00025
10.8824,0.46273,0.34838,0.46273,0.34838,0.45614,0.26031,-0.45751,1.84239,-1.14172,1.45193,-1.14172,1.45193,0.00000,0.00000,0,0.00031
10.9849,0.46837,0.39801,0.46837,0.39801,0.47150,0.36571,-0.48101,1.82571,-1.18826,1.27715,-1.18826,1.27715,0.00000,0.00000,0,0.00036
11.0854,0.45754,0.42254,0.45754,0.42254,0.46628,0.40290,-0.50448,1.80621,-1.20390,1.20186,-1.20390,1.20186,0.00000,0.00000,0,0.00028
11.1861,0.38344,0.49988,0.38344,0.49988,0.40570,0.46550,-0.52588,1.78421,-1.13443,1.08596,-1.13443,1.08596,0.00000,0.00000,0,0.00029
11.2910,0.30761,0.52348,0.30761,0.52348,0.34610,0.50491,-0.54461,1.75972,-1.06376,1.00236,-1.06376,1.00236,0.00000,0.00000,0,0.00180
11.3905,0.17704,0.56181,0.17704,0.56181,0.22918,0.55608,-0.55827,1.73261,-0.90204,0.89848,-0.90204,0.89848,0.00000,0.00000,0,0.00032
11.4940,-0.04600,0.60336,-0.04600,0.60336,0.07071,0.57464,-0.56557,1.70451,-0.67164,0.84254,-0.67164,0.84254,0.00000,0.00000,0,0.00049
11.5943,-0.34761,0.49994,-0.34761,0.49994,-0.22168,0.54054,-0.56000,1.67636,-0.22749,0.86554,-0.22749,0.86554,0.00000,0.00000,0,0.00027
11.6966,-0.44371,0.41808,-0.44371,0.41808,-0.39784,0.45959,-0.54293,1.65169,0.05383,0.96231,0.05383,0.96231,0.00000,0.00000,0,0.00029
11.7981,-0.47412,0.27797,-0.47412,0.27797,-0.44889,0.35208,-0.52144,1.63166,0.15190,1.10355,0.15190,1.10355,0.00000,0.00000,0,0.00032
11.8994,-0.46843,-0.00560,-0.46843,-0.00560,-0.45625,0.13408,-0.49876,1.62031,0.18561,1.41918,0.18561,1.41918,0.00000,0.00000,0,0.00026
12.0003,-0.44319,-0.02654,-0.44319,-0.02654,-0.47763,0.01348,-0.47438,1.61779,0.24207,1.59757,0.24207,1.59757,0.00000,0.00000,32,0.00067
12.1005,-0.44447,-0.06236,-0.44447,-0.06236,-0.45695,-0.04360,-0.45123,1.61884,0.23419,1.68423,0.23419,1.68423,0.00000,0.00000,0,0.00026
12.2016,-0.42393,-0.08007,-0.42393,-0.08007,-0.42871,-0.07348,-0.42940,1.62211,0.21367,1.73233,0.21367,1.73233,0.00000,0.00000,0,0.00026
12.3030,-0.40755,-0.09833,-0.40755,-0.09833,-0.41222,-0.09096,-0.40848,1.62633,0.20986,1.76277,0.20986,1.76277,0.00000,0.00000,0,0.00034
12.4046,-0.39171,-0.13230,-0.39171,-0.13230,-0.39755,-0.11708,-0.38830,1.63159,0.20802,1.80721,0.20802,1.80721,0.00000,0.00000,0,0.00057
12.5071,-0.36003,-0.22384,-0.36003,-0.22384,-0.37572,-0.18137,-0.36896,1.63911,0.19461,1.91116,0.19461,1.91116,0.00000,0.00000,0,0.00035
12.6088,-0.26506,-0.43215,-0.26506,-0.43215,-0.31974,-0.35811,-0.35154,1.65374,0.12807,2.19091,0.12807,2.19091,0.00000,0.00000,0,0.00026
12.7095,-0.20534,-0.46288,-0.20534,-0.46288,-0.22078,-0.43943,-0.33924,1.67447,-0.00808,2.33361,-0.00808,2.33361,0.00000,0.00000,0,0.00026
12.8112,-0.19126,-0.47500,-0.19126,-0.47500,-0.19357,-0.46559,-0.32913,1.69737,-0.03877,2.39576,-0.03877,2.39576,0.00000,0.00000,0,0.00053
12.9113,-0.17660,-0.48495,-0.17660,-0.48495,-0.18246,-0.47925,-0.31973,1.72110,-0.04605,2.43998,-0.04605,2.43998,0.00000,0.00000,0,0.00026
13.0129,-0.14766,-0.48162,-0.14766,-0.48162,-0.16178,-0.48389,-0.31110,1.74528,-0.06843,2.47112,-0.06843,2.47112,0.00000,0.00000,0,0.00025
13.1154,-0.04428,-0.43641,-0.04428,-0.43641,-0.09471,-0.45757,-0.30469,1.76885,-0.16262,2.45520,-0.16262,2.45520,0.00000,0.00000,0,0.00096
13.2170,0.16990,-0.35733,0.16990,-0.35733,0.09109,-0.38034,-0.30537,1.78940,-0.44200,2.35990,-0.44200,2.35990,0.00000,0.00000,0,0.00030
13.3184,0.24538,-0.32718,0.24538,-0.32718,0.20896,-0.34125,-0.31377,1.80722,-0.62721,2.31909,-0.62721,2.31909,0.00000,0.00000,0,0.00026
13.4190,0.36159,-0.27656,0.36159,-0.27656,0.30767,-0.29244,-0.32695,1.82287,-0.78845,2.26153,-0.78845,2.26153,0.00000,0.00000,0,0.00026
13.5214,0.41234,-0.13105,0.41234,-0.13105,0.37894,-0.19928,-0.34457,1.83511,-0.91298,2.13402,-0.91298,2.13402,0.00000,0.00000,0,0.00028
13.6261,0.43856,-0.04832,0.43856,-0.04832,0.43205,-0.08377,-0.36539,1.84124,-1.01346,1.96690,-1.01346,1.96690,0.00000,0.00000,0,0.00037
13.7293,0.44954,-0.02476,0.44954,-0.02476,0.44116,-0.03706,-0.38719,1.84378,-1.04893,1.89937,-1.04893,1.89937,0.00000,0.00000,0,0.00029
13.8305,0.44606,0.00412,0.44606,0.00412,0.44463,-0.01045,-0.40939,1.84459,-1.07634,1.86027,-1.07634,1.86027,0.00000,0.00000,32,0.00027
13.9329,0.44626,0.12420,0.44626,0.12420,0.45061,0.07024,-0.43189,1.84317,-1.10780,1.73780,-1.10780,1.73780,0.00000,0.00000,0,0.00026
14.0346,0.46260,0.20032,0.46260,0.20032,0.45470,0.16296,-0.45441,1.83662,-1.13646,1.59218,-1.13646,1.59218,0.00000,0.00000,0,0.00031
14.1361,0.49297,0.37696,0.49297,0.37696,0.47644,0.30766,-0.47765,1.82466,-1.19232,1.36317,-1.19232,1.36317,0.00000,0.00000,0,0.00031
14.2365,0.47957,0.41692,0.47957,0.41692,0.48071,0.38822,-0.50179,1.80673,-1.22285,1.22440,-1.22285,1.22440,0.00000,0.00000,0,0.00028
14.3389,0.40410,0.45923,0.40410,0.45923,0.44535,0.44092,-0.52522,1.78577,-1.19324,1.12438,-1.19324,1.12438,0.00000,0.00000,0,0.00040
14.4415,0.36063,0.51354,0.36063,0.51354,0.38840,0.49666,-0.54570,1.76189,-1.12830,1.01690,-1.12830,1.01690,0.00000,0.00000,0,0.00030
14.5450,0.22932,0.59119,0.22932,0.59119,0.28367,0.55659,-0.56227,1.73550,-0.98777,0.90062,-0.98777,0.90062,0.00000,0.00000,0,0.00028
14.6478,0.07344,0.58433,0.07344,0.58433,0.15020,0.57368,-0.57269,1.70713,-0.79798,0.84660,-0.79798,0.84660,0.00000,0.00000,0,0.00073
14.7482,-0.25352,0.56787,-0.25352,0.56787,-0.11636,0.57730,-0.57270,1.67788,-0.39816,0.81193,-0.39816,0.81193,0.00000,0.00000,0,0.00028
14.8506,-0.41169,0.48100,-0.41169,0.48100,-0.34270,0.50272,-0.55952,1.65127,-0.04547,0.89720,-0.04547,0.89720,0.00000,0.00000,0,0.00033
14.9533,-0.43540,0.37435,-0.43540,0.37435,-0.41376,0.41703,-0.53986,1.62854,0.08079,1.00299,0.08079,1.00299,0.00000,0.00000,0,0.00026
15.0558,-0.44033,0.18228,-0.44033,0.18228,-0.44134,0.26181,-0.51814,1.61182,0.14387,1.21911,0.14387,1.21911,0.00000,0.00000,0,0.00101
15.1573,-0.52410,0.00028,-0.52410,0.00028,-0.48813,0.07518,-0.49515,1.60428,0.23704,1.49151,0.23704,1.49151,0.00000,0.00000,0,0.00031
15.2591,-0.44645,-0.05095,-0.44645,-0.05095,-0.46302,-0.01756,-0.47117,1.60338,0.22337,1.62972,0.22337,1.62972,0.00000,0.00000,32,0.00026
15.3606,-0.41214,-0.07186,-0.41214,-0.07186,-0.43518,-0.05942,-0.44862,1.60553,0.20415,1.69466,0.20415,1.69466,0.00000,0.00000,0,0.00026
15.4631,-0.40339,-0.08973,-0.40339,-0.08973,-0.41494,-0.07889,-0.42749,1.60911,0.19492,1.72745,0.19492,1.72745,0.00000,0.00000,0,0.00026
15.5661,-0.39521,-0.10642,-0.39521,-0.10642,-0.40204,-0.09682,-0.40716,1.61358,0.19589,1.75881,0.19589,1.75881,0.00000,0.00000,0,0.00027
15.6668,-0.38416,-0.15230,-0.38416,-0.15230,-0.38997,-0.13059,-0.38743,1.61929,0.19752,1.81518,0.19752,1.81518,0.00000,0.00000,0,0.00026
15.7677,-0.34626,-0.35759,-0.34626,-0.35759,-0.35886,-0.25376,-0.36882,1.62873,0.16947,2.00937,0.16947,2.00937,0.00000,0.00000,0,0.00025
15.8698,-0.18763,-0.43510,-0.18763,-0.43510,-0.25980,-0.39647,-0.35318,1.64612,0.03651,2.24083,0.03651,2.24083,0.00000,0.00000,0,0.00025
15.9719,-0.18256,-0.47462,-0.18256,-0.47462,-0.20320,-0.45669,-0.34220,1.66792,-0.03739,2.35296,-0.03739,2.35296,0.00000,0.00000,0,0.00094
16.0734,-0.18147,-0.48417,-0.18147,-0.48417,-0.18525,-0.47643,-0.33276,1.69134,-0.05488,2.40598,-0.05488,2.40598,0.00000,0.00000,0,0.00040
16.1740,-0.16767,-0.49008,-0.16767,-0.49008,-0.17443,-0.48626,-0.32382,1.71549,-0.06217,2.44488,-0.06217,2.44488,0.00000,0.00000,0,0.00030
16.2764,-0.12058,-0.48046,-0.12058,-0.48046,-0.14481,-0.48671,-0.31585,1.73992,-0.09864,2.46999,-0.09864,2.46999,0.00000,0.00000,0,0.00027
16.3790,0.05665,-0.41019,0.05665,-0.41019,-0.03082,-0.44176,-0.31136,1.76317,-0.26513,2.42581,-0.26513,2.42581,0.00000,0.00000,0,0.00168
16.4793,0.20601,-0.35777,0.20601,-0.35777,0.14455,-0.37246,-0.31537,1.78282,-0.53219,2.34152,-0.53219,2.34152,0.00000,0.00000,0,0.00031
16.5798,0.28042,-0.30795,0.28042,-0.30795,0.24128,-0.32988,-0.32579,1.80011,-0.68771,2.29493,-0.68771,2.29493,0.00000,0.00000,0,0.00025
16.6806,0.36810,-0.23630,0.36810,-0.23630,0.33700,-0.27125,-0.34089,1.81483,-0.84639,2.22170,-0.84639,2.22170,0.00000,0.00000,0,0.00025
16.7832,0.44237,-0.08066,0.44237,-0.08066,0.40182,-0.14855,-0.35947,1.82519,-0.96220,2.04802,-0.96220,2.04802,0.00000,0.00000,0,0.00029
16.8849,0.43796,-0.03535,0.43796,-0.03535,0.43458,-0.06689,-0.38086,1.82998,-1.03274,1.93032,-1.03274,1.93032,0.00000,0.00000,0,0.00027
16.9867,0.44300,-0.02265,0.44300,-0.02265,0.44175,-0.03404,-0.40282,1.83221,-1.06545,1.88327,-1.06545,1.88327,0.00000,0.00000,0,0.00044
17.0902,0.45139,0.02600,0.45139,0.02600,0.44653,0.00192,-0.42501,1.83271,-1.09481,1.82983,-1.09481,1.82983,0.00000,0.00000,32,0.00251
17.1906,0.44362,0.15348,0.44362,0.15348,0.44523,0.10794,-0.44738,1.82945,-1.11523,1.66754,-1.11523,1.66754,0.00000,0.00000,0,0.00217
17.2897,0.45580,0.23691,0.45580,0.23691,0.45306,0.19151,-0.46985,1.82159,-1.14944,1.53432,-1.14944,1.53432,0.00000,0.00000,0,0.00037
17.3906,0.48016,0.36681,0.48016,0.36681,0.47696,0.33377,-0.49323,1.80701,-1.20868,1.30636,-1.20868,1.30636,0.00000,0.00000,0,0.00041
17.4939,0.47470,0.40713,0.47470,0.40713,0.47397,0.39061,-0.51694,1.78837,-1.22790,1.20246,-1.22790,1.20246,0.00000,0.00000,0,0.00040
17.5954,0.38860,0.47554,0.38860,0.47554,0.41859,0.44794,-0.53929,1.76716,-1.16717,1.09525,-1.16717,1.09525,0.00000,0.00000,0,0.00053
17.6960,0.33989,0.51238,0.33989,0.51238,0.37007,0.49600,-0.55882,1.74313,-1.11393,0.99913,-1.11393,0.99913,0.00000,0.00000,0,0.00030
17.7977,0.19866,0.56976,0.19866,0.56976,0.25462,0.55822,-0.57388,1.71635,-0.95582,0.87903,-0.95582,0.87903,0.00000,0.00000,0,0.00070
17.9008,-0.05015,0.63854,-0.05015,0.63854,0.08106,0.59735,-0.58225,1.68764,-0.70384,0.79162,-0.70384,0.79162,0.00000,0.00000,0,0.00137
18.0018,-0.29666,0.52689,-0.29666,0.52689,-0.18450,0.56043,-0.57819,1.65851,-0.30144,0.81786,-0.30144,0.81786,0.00000,0.00000,0,0.00037
18.1025,-0.42074,0.45104,-0.42074,0.45104,-0.37267,0.48503,-0.56252,1.63284,-0.00351,0.90530,-0.00351,0.90530,0.00000,0.00000,0,0.00033
18.2036,-0.43869,0.35606,-0.43869,0.35606,-0.42191,0.39283,-0.54224,1.61149,0.09063,1.02225,0.09063,1.02225,0.00000,0.00000,0,0.00027
18.3066,-0.43334,0.15665,-0.43334,0.15665,-0.43785,0.22603,-0.52028,1.59672,0.13650,1.25767,0.13650,1.25767,0.00000,0.00000,0,0.00032
18.4079,-0.49808,0.00083,-0.49808,0.00083,-0.49070,0.04558,-0.49692,1.59158,0.23914,1.52321,0.23914,1.52321,0.00000,0.00000,0,0.00027
18.5112,-0.44211,-0.04573,-0.44211,-0.04573,-0.44868,-0.03199,-0.47384,1.59190,0.19918,1.63988,0.19918,1.63988,0.00000,0.00000,0,0.00026
18.6115,-0.40188,-0.08393,-0.40188,-0.08393,-0.41421,-0.07284,-0.45241,1.59488,0.16891,1.70414,0.16891,1.70414,0.00000,0.00000,0,0.00025
18.7130,-0.38097,-0.10173,-0.38097,-0.10173,-0.39370,-0.09307,-0.43223,1.59913,0.15833,1.73874,0.15833,1.73874,0.00000,0.00000,0,0.00029
18.8152,-0.37965,-0.11697,-0.37965,-0.11697,-0.38417,-0.10904,-0.41283,1.60423,0.16343,1.76779,0.16343,1.76779,0.00000,0.00000,0,0.00030
18.9166,-0.37074,-0.16522,-0.37074,-0.16522,-0.37811,-0.14091,-0.39376,1.61051,0.17341,1.82187,0.17341,1.82187,0.00000,0.00000,0,0.00035
19.0176,-0.30668,-0.32228,-0.30668,-0.32228,-0.33840,-0.23914,-0.37584,1.62001,0.13176,1.97871,0.13176,1.97871,0.00000,0.00000,0,0.00027
19.1200,-0.19926,-0.45886,-0.19926,-0.45886,-0.25518,-0.40412,-0.36108,1.63750,0.02169,2.24367,0.02169,2.24367,0.00000,0.00000,0,0.00027
19.2209,-0.19984,-0.47894,-0.19984,-0.47894,-0.20969,-0.46108,-0.35009,1.65964,-0.03555,2.35126,-0.03555,2.35126,0.00000,0.00000,0,0.00028
19.3221,-0.18304,-0.49295,-0.18304,-0.49295,-0.18646,-0.48334,-0.34052,1.68341,-0.06082,2.40842,-0.06082,2.40842,0.00000,0.00000,0,0.00025
19.4239,-0.15921,-0.49701,-0.15921,-0.49701,-0.16730,-0.49467,-0.33179,1.70797,-0.08085,2.44998,-0.08085,2.44998,0.00000,0.00000,0,0.00033
19.5269,-0.09996,-0.47925,-0.09996,-0.47925,-0.12724,-0.48850,-0.32445,1.73264,-0.13359,2.46539,-0.13359,2.46539,0.00000,0.00000,0,0.00181
19.6262,0.12876,-0.37481,0.12876,-0.37481,0.03362,-0.42272,-0.32232,1.75542,-0.37275,2.38951,-0.37275,2.38951,0.00000,0.00000,0,0.00027
19.7279,0.24347,-0.34706,0.24347,-0.34706,0.18274,-0.36726,-0.32878,1.77464,-0.60290,2.32553,-0.60290,2.32553,0.00000,0.00000,0,0.00032
19.8293,0.32909,-0.28421,0.32909,-0.28421,0.27267,-0.32092,-0.34048,1.79182,-0.74949,2.27320,-0.74949,2.27320,0.00000,0.00000,0,0.00026
19.9304,0.38344,-0.21706,0.38344,-0.21706,0.35719,-0.25546,-0.35696,1.80613,-0.89274,2.18932,-0.89274,2.18932,0.00000,0.00000,0,0.00029
20.0330,0.45989,-0.07039,0.45989,-0.07039,0.42868,-0.12341,-0.37697,1.81489,-1.01999,2.00001,-1.01999,2.00001,0.00000,0.00000,0,0.00027
20.1348,0.44646,-0.03389,0.44646,-0.03389,0.44040,-0.05485,-0.39879,1.81883,-1.05938,1.90111,-1.05938,1.90111,0.00000,0.00000,0,0.00027
20.2387,0.44783,-0.00922,0.44783,-0.00922,0.44669,-0.02532,-0.42107,1.82073,-1.09111,1.85871,-1.09111,1.85871,0.00000,0.00000,0,0.00036
20.3407,0.44696,0.10804,0.44696,0.10804,0.44886,0.05477,-0.44349,1.81986,-1.11678,1.73771,-1.11678,1.73771,0.00000,0.00000,0,0.00113
20.4420,0.45310,0.16791,0.45310,0.16791,0.44966,0.13893,-0.46589,1.81436,-1.14038,1.60596,-1.14038,1.60596,0.00000,0.00000,0,0.00035
20.5420,0.47665,0.36805,0.47665,0.36805,0.46172,0.26862,-0.48862,1.80422,-1.18120,1.40129,-1.18120,1.40129,0.00000,0.00000,0,0.00032
20.6431,0.46786,0.40019,0.46786,0.40019,0.47505,0.36311,-0.51243,1.78768,-1.22500,1.24301,-1.22500,1.24301,0.00000,0.00000,0,0.00029
20.7443,0.43039,0.45840,0.43039,0.45840,0.45653,0.42299,-0.53588,1.76782,-1.22067,1.13333,-1.22067,1.13333,0.00000,0.00000,0,0.00040
20.8452,0.37747,0.49475,0.37747,0.49475,0.39743,0.47544,-0.55671,1.74513,-1.15286,1.03197,-1.15286,1.03197,0.00000,0.00000,0,0.00037
20.9463,0.25516,0.58102,0.25516,0.58102,0.31397,0.53218,-0.57447,1.72000,-1.04543,0.92174,-1.04543,0.92174,0.00000,0.00000,0,0.00027
21.0492,0.10347,0.58562,0.10347,0.58562,0.18522,0.56684,-0.58666,1.69224,-0.86449,0.84198,-0.86449,0.84198,0.00000,0.00000,0,0.00027
21.1508,-0.19058,0.58048,-0.19058,0.58048,-0.07041,0.58630,-0.58869,1.66285,-0.48308,0.78340,-0.48308,0.78340,0.00000,0.00000,0,0.00032
21.2511,-0.41149,0.48325,-0.41149,0.48325,-0.31935,0.51097,-0.57745,1.63576,-0.09841,0.86931,-0.09841,0.86931,0.00000,0.00000,0,0.00029
21.3546,-0.43916,0.37659,-0.43916,0.37659,-0.41373,0.42047,-0.55812,1.61275,0.06247,0.98204,0.06247,0.98204,0.00000,0.00000,0,0.00035
21.4564,-0.44539,0.18111,-0.44539,0.18111,-0.44594,0.28631,-0.53630,1.59492,0.13262,1.16545,0.13262,1.16545,0.00000,0.00000,0,0.00031
21.5600,-0.51501,0.01437,-0.51501,0.01437,-0.46862,0.09220,-0.51392,1.58614,0.18900,1.44784,0.18900,1.44784,0.00000,0.00000,0,0.00093
21.6604,-0.43634,-0.05794,-0.43634,-0.05794,-0.45858,-0.01470,-0.49005,1.58485,0.19783,1.60690,0.19783,1.60690,0.00000,0.00000,32,0.00033
21.7612,-0.41210,-0.09394,-0.41210,-0.09394,-0.43001,-0.06638,-0.46798,1.58720,0.17703,1.68677,0.17703,1.68677,0.00000,0.00000,0,0.00031
21.8623,-0.40799,-0.09389,-0.40799,-0.09389,-0.41277,-0.08644,-0.44714,1.59119,0.17202,1.72086,0.17202,1.72086,0.00000,0.00000,0,0.00092
21.9633,-0.40030,-0.10617,-0.40030,-0.10617,-0.40176,-0.10132,-0.42691,1.59602,0.17574,1.74799,0.17574,1.74799,0.00000,0.00000,0,0.00033
22.0655,-0.39265,-0.14004,-0.39265,-0.14004,-0.39444,-0.12573,-0.40706,1.60175,0.18460,1.79035,0.18460,1.79035,0.00000,0.00000,0,0.00034
22.1658,-0.34734,-0.24223,-0.34734,-0.24223,-0.36774,-0.19433,-0.38797,1.60982,0.16364,1.90132,0.16364,1.90132,0.00000,0.00000,0,0.00026
22.2684,-0.25704,-0.44420,-0.25704,-0.44420,-0.30112,-0.37488,-0.37144,1.62508,0.08024,2.18740,0.08024,2.18740,0.00000,0.00000,0,0.00024
22.3719,-0.21511,-0.48138,-0.21511,-0.48138,-0.22340,-0.45742,-0.35918,1.64666,-0.02409,2.33279,-0.02409,2.33279,0.00000,0.00000,0,0.00168
22.4708,-0.18880,-0.48781,-0.18880,-0.48781,-0.19355,-0.48087,-0.34894,1.67034,-0.05861,2.39165,-0.05861,2.39165,0.00000,0.00000,0,0.00027
22.5749,-0.17222,-0.50253,-0.17222,-0.50253,-0.18070,-0.49716,-0.33956,1.69493,-0.06851,2.44067,-0.06851,2.44067,0.00000,0.00000,0,0.00030
22.6758,-0.13420,-0.49276,-0.13420,-0.49276,-0.15444,-0.49690,-0.33115,1.71986,-0.09950,2.46521,-0.09950,2.46521,0.00000,0.00000,0,0.00026
22.7795,0.05062,-0.42002,0.05062,-0.42002,-0.04250,-0.45372,-0.32604,1.74370,-0.26229,2.42428,-0.26229,2.42428,0.00000,0.00000,0,0.00046
22.8801,0.19597,-0.36340,0.19597,-0.36340,0.13449,-0.37963,-0.32963,1.76385,-0.53137,2.33330,-0.53137,2.33330,0.00000,0.00000,0,0.00026
22.9810,0.26953,-0.31935,0.26953,-0.31935,0.23304,-0.33872,-0.33966,1.78154,-0.68922,2.28962,-0.68922,2.28962,0.00000,0.00000,0,0.00029
23.0819,0.36526,-0.24873,0.36526,-0.24873,0.33045,-0.28120,-0.35430,1.79672,-0.84998,2.21852,-0.84998,2.21852,0.00000,0.00000,0,0.00031
23.1836,0.44115,-0.09426,0.44115,-0.09426,0.39956,-0.16202,-0.37272,1.80766,-0.97206,2.05068,-0.97206,2.05068,0.00000,0.00000,0,0.00029
23.2852,0.43605,-0.04152,0.43605,-0.04152,0.43296,-0.07489,-0.39404,1.81291,-1.04348,1.92525,-1.04348,1.92525,0.00000,0.00000,0,0.00028
23.3855,0.44525,-0.02717,0.44525,-0.02717,0.44316,-0.04065,-0.41600,1.81551,-1.08075,1.87648,-1.08075,1.87648,0.00000,0.00000,0,0.00026
23.4865,0.45562,0.03672,0.45562,0.03672,0.44913,0.00292,-0.43828,1.81637,-1.11198,1.81199,-1.11198,1.81199,0.00000,0.00000,32,0.00037
23.5888,0.44180,0.14506,0.44180,0.14506,0.44387,0.10551,-0.46062,1.81304,-1.12642,1.65477,-1.12642,1.65477,0.00000,0.00000,0,0.00042
23.6894,0.45142,0.22496,0.45142,0.22496,0.44874,0.18250,-0.48296,1.80551,-1.15607,1.53177,-1.15607,1.53177,0.00000,0.00000,0,0.00036
23.7920,0.46979,0.35794,0.46979,0.35794,0.47095,0.32415,-0.50610,1.79147,-1.21252,1.30524,-1.21252,1.30524,0.00000,0.00000,0,0.00031
23.8935,0.46738,0.40037,0.46738,0.40037,0.46663,0.38407,-0.52943,1.77321,-1.22937,1.19711,-1.22937,1.19711,0.00000,0.00000,0,0.00033
23.9940,0.38098,0.46982,0.38098,0.46982,0.40964,0.43960,-0.55130,1.75236,-1.16575,1.09295,-1.16575,1.09295,0.00000,0.00000,0,0.00044
24.0958,0.32830,0.50307,0.32830,0.50307,0.35920,0.48548,-0.57037,1.72882,-1.10916,1.00060,-1.10916,1.00060,0.00000,0.00000,0,0.00032
24.1979,0.19346,0.55239,0.19346,0.55239,0.24692,0.54391,-0.58492,1.70256,-0.95529,0.88670,-0.95529,0.88670,0.00000,0.00000,0,0.00031
24.3004,-0.03674,0.61722,-0.03674,0.61722,0.08246,0.58000,-0.59306,1.67459,-0.71675,0.80459,-0.71675,0.80459,0.00000,0.00000,0,0.00096
24.4008,-0.29846,0.50889,-0.29846,0.50889,-0.17931,0.54674,-0.58913,1.64616,-0.32017,0.82605,-0.32017,0.82605,0.00000,0.00000,0,0.00026
24.5028,-0.43021,0.43966,-0.43021,0.43966,-0.37703,0.47348,-0.57346,1.62113,-0.00791,0.91091,-0.00791,0.91091,0.00000,0.00000,0,0.00029
24.6043,-0.45171,0.34013,-0.45171,0.34013,-0.43180,0.37859,-0.55279,1.60042,0.09492,1.03254,0.09492,1.03254,0.00000,0.00000,0,0.00025
24.7075,-0.44394,0.12941,-0.44394,0.12941,-0.44933,0.20493,-0.53031,1.58645,0.14369,1.27905,0.14369,1.27905,0.00000,0.00000,0,0.00030
24.8111,-0.50849,-0.02047,-0.50849,-0.02047,-0.50132,0.02700,-0.50643,1.58222,0.24556,1.54172,0.24556,1.54172,0.00000,0.00000,0,0.00117
24.9117,-0.44682,-0.06929,-0.44682,-0.06929,-0.45493,-0.05439,-0.48295,1.58357,0.19944,1.66516,0.19944,1.66516,0.00000,0.00000,0,0.00025
25.0124,-0.41203,-0.10555,-0.41203,-0.10555,-0.42297,-0.09603,-0.46113,1.58771,0.17333,1.73176,0.17333,1.73176,0.00000,0.00000,0,0.00027
25.1158,-0.39407,-0.11801,-0.39407,-0.11801,-0.40557,-0.11086,-0.44042,1.59296,0.16793,1.75925,0.16793,1.75925,0.00000,0.00000,0,0.00031
25.2172,-0.38477,-0.13574,-0.38477,-0.13574,-0.39236,-0.12685,-0.42051,1.59893,0.16803,1.78921,0.16803,1.78921,0.00000,0.00000,0,0.00029
25.3185,-0.36735,-0.18322,-0.36735,-0.18322,-0.37871,-0.15928,-0.40125,1.60611,0.16681,1.84503,0.16681,1.84503,0.00000,0.00000,0,0.00027
25.4195,-0.29252,-0.34113,-0.29252,-0.34113,-0.33035,-0.25881,-0.38354,1.61659,0.11198,2.00480,0.11198,2.00480,0.00000,0.00000,0,0.00026
25.5208,-0.21004,-0.47249,-0.21004,-0.47249,-0.25506,-0.42124,-0.36916,1.63512,0.01342,2.26697,0.01342,2.26697,0.00000,0.00000,0,0.00027
25.6217,-0.21426,-0.48291,-0.21426,-0.48291,-0.22019,-0.46792,-0.35781,1.65780,-0.02752,2.35968,-0.02752,2.35968,0.00000,0.00000,0,0.00035
25.7225,-0.19751,-0.49818,-0.19751,-0.49818,-0.19958,-0.48882,-0.34762,1.68189,-0.04825,2.41512,-0.04825,2.41512,0.00000,0.00000,0,0.00031
25.8235,-0.16923,-0.50332,-0.16923,-0.50332,-0.17857,-0.49989,-0.33827,1.70670,-0.07041,2.45654,-0.07041,2.45654,0.00000,0.00000,0,0.00029
25.9265,-0.09311,-0.47494,-0.09311,-0.47494,-0.12763,-0.48958,-0.33066,1.73155,-0.13921,2.46593,-0.13921,2.46593,0.00000,0.00000,0,0.00028
26.0283,0.13932,-0.36124,0.13932,-0.36124,0.04635,-0.41348,-0.32892,1.75409,-0.39845,2.37431,-0.39845,2.37431,0.00000,0.00000,0,0.00029
26.1318,0.24508,-0.34554,0.24508,-0.34554,0.19309,-0.36480,-0.33590,1.77321,-0.62553,2.32041,-0.62553,2.32041,0.00000,0.00000,0,0.00025
26.2329,0.34731,-0.29918,0.34731,-0.29918,0.28493,-0.32145,-0.34805,1.79028,-0.77544,2.27245,-0.77544,2.27245,0.00000,0.00000,0,0.00043
26.3354,0.40283,-0.20875,0.40283,-0.20875,0.36614,-0.25243,-0.36491,1.80453,-0.91411,2.18318,-0.91411,2.18318,0.00000,0.00000,0,0.00029
26.4388,0.43808,-0.10119,0.43808,-0.10119,0.42514,-0.13281,-0.38516,1.81334,-1.02286,2.01255,-1.02286,2.01255,0.00000,0.00000,0,0.00041
26.5408,0.44020,-0.06368,0.44020,-0.06368,0.43364,-0.07604,-0.40666,1.81810,-1.05712,1.93216,-1.05712,1.93216,0.00000,0.00000,0,0.00039
26.6411,0.43842,-0.03692,0.43842,-0.03692,0.43845,-0.05054,-0.42854,1.82118,-1.08621,1.89700,-1.08621,1.89700,0.00000,0.00000,0,0.00030
26.7420,0.44021,0.08457,0.44021,0.08457,0.44345,0.02752,-0.45067,1.82163,-1.11585,1.78035,-1.11585,1.78035,0.00000,0.00000,0,0.00032
26.8439,0.44532,0.13918,0.44532,0.13918,0.44148,0.11249,-0.47268,1.81741,-1.13490,1.64868,-1.13490,1.64868,0.00000,0.00000,0,0.00104
26.9447,0.45383,0.30491,0.45383,0.30491,0.44934,0.21695,-0.49498,1.80922,-1.16900,1.48379,-1.16900,1.48379,0.00000,0.00000,0,0.00030
27.0460,0.46108,0.36508,0.46108,0.36508,0.46613,0.32906,-0.51821,1.79444,-1.21740,1.30085,-1.21740,1.30085,0.00000,0.00000,0,0.00031
27.1466,0.46486,0.38842,0.46486,0.38842,0.46465,0.37303,-0.54142,1.77646,-1.23840,1.21692,-1.23840,1.21692,0.00000,0.00000,0,0.00029
27.2470,0.38216,0.45903,0.38216,0.45903,0.40678,0.42958,-0.56301,1.75607,-1.17319,1.11170,-1.17319,1.11170,0.00000,0.00000,0,0.00030
27.3481,0.33171,0.48613,0.33171,0.48613,0.36021,0.47012,-0.58205,1.73324,-1.12237,1.02806,-1.12237,1.02806,0.00000,0.00000,0,0.00026
27.4499,0.19483,0.54126,0.19483,0.54126,0.25355,0.53025,-0.59698,1.70774,-0.97731,0.91236,-0.97731,0.91236,0.00000,0.00000,0,0.00027
27.5514,-0.06588,0.62173,-0.06588,0.62173,0.06925,0.58093,-0.60504,1.68010,-0.70892,0.80870,-0.70892,0.80870,0.00000,0.00000,0,0.00028
27.6528,-0.29509,0.50919,-0.29509,0.50919,-0.17414,0.54756,-0.60096,1.65173,-0.33975,0.83039,-0.33975,0.83039,0.00000,0.00000,0,0.00027
27.7532,-0.43444,0.42836,-0.43444,0.42836,-0.37893,0.46754,-0.58524,1.62687,-0.01685,0.92555,-0.01685,0.92555,0.00000,0.00000,0,0.00027
27.8550,-0.45898,0.33416,-0.45898,0.33416,-0.43638,0.37249,-0.56443,1.60645,0.09015,1.04771,0.09015,1.04771,0.00000,0.00000,0,0.00031
27.9557,-0.44827,0.13952,-0.44827,0.13952,-0.45458,0.20965,-0.54173,1.59229,0.14014,1.27783,0.14014,1.27783,0.00000,0.00000,0,0.00031
28.0569,-0.54438,-0.03851,-0.54438,-0.03851,-0.50762,0.02005,-0.51783,1.58788,0.24360,1.55780,0.24360,1.55780,0.00000,0.00000,0,0.00028
28.1585,-0.44697,-0.09318,-0.44697,-0.09318,-0.45911,-0.06633,-0.49392,1.58944,0.19475,1.68894,0.19475,1.68894,0.00000,0.00000,0,0.00026
28.2611,-0.41504,-0.12286,-0.41504,-0.12286,-0.42686,-0.10927,-0.47186,1.59409,0.16843,1.75800,0.16843,1.75800,0.00000,0.00000,0,0.00100
28.3621,-0.39894,-0.13730,-0.39894,-0.13730,-0.40867,-0.12793,-0.45107,1.60011,0.16194,1.79200,0.16194,1.79200,0.00000,0.00000,0,0.00027
28.4638,-0.38919,-0.15233,-0.38919,-0.15233,-0.39563,-0.14352,-0.43104,1.60694,0.16241,1.82222,0.16241,1.82222,0.00000,0.00000,0,0.00025
28.5662,-0.36649,-0.20508,-1.36649,-0.20508,-0.88908,-0.17776,-0.57118,1.61497,0.77824,1.88161,0.76245,1.88161,1.00000,0.00000,1,0.00027
28.6683,-0.22171,-1.12705,-1.22171,-1.12705,-1.19034,-0.73526,-0.51449,1.63641,1.27101,2.73929,1.27101,2.73929,1.00000,0.00000,0,0.00029
28.7709,0.07572,-1.58202,-0.92428,-1.58202,-1.07274,-1.35689,-0.45663,1.69342,1.15248,3.72876,1.15248,3.72876,1.00000,0.00000,0,0.00036
28.8725,0.84570,-1.54835,-0.15430,-1.54835,-0.44942,-1.55293,-0.42056,1.76933,0.25356,4.09872,0.25356,4.09872,1.00000,0.00000,0,0.00026
28.9748,1.39419,-1.26795,0.39419,-1.26795,0.19172,-1.39605,-0.41923,1.84297,-0.70681,3.93705,-0.70681,3.93705,1.00000,0.00000,0,0.00031
29.0758,1.46004,-0.70905,0.46004,-0.70905,0.39632,-0.89927,-0.43585,1.89824,-1.03034,3.24714,-1.03034,3.24714,1.00000,0.00000,0,0.00032
29.1795,1.45545,-0.55213,0.45545,-0.55213,0.44890,-0.64766,-0.45763,1.93493,-1.13098,2.90642,-1.13098,2.90642,1.00000,0.00000,0,0.00088
29.2799,1.50443,-0.39418,0.50443,-0.39418,0.48974,-0.46192,-0.48128,1.96123,-1.21589,2.65411,-1.21589,2.65411,1.00000,0.00000,0,0.00026
29.3834,1.46785,-0.25137,0.46785,-0.25137,0.47739,-0.30174,-0.50548,1.97919,-1.22157,2.43180,-1.22157,2.43180,1.00000,0.00000,0,0.00028
29.4840,1.34117,-0.14778,0.34117,-0.14778,0.39191,-0.19946,-0.52714,1.99119,-1.11501,2.29038,-1.11501,2.29038,1.00000,0.00000,0,0.00036
29.5886,1.14057,-0.06840,0.14057,-0.06840,0.22162,-0.09499,-0.54200,1.99765,-0.87443,2.14014,-0.87443,2.14014,1.00000,0.00000,0,0.00034
29.6901,1.13111,-0.02309,0.13111,-0.02309,0.15587,-0.03315,-0.55074,2.00019,-0.78455,2.04992,-0.78455,2.04992,1.00000,0.00000,0,0.00034
29.7910,1.06515,0.07052,0.06515,0.07052,0.08193,0.04110,-0.55610,1.99976,-0.67900,1.93811,-0.67900,1.93811,1.00000,0.00000,0,0.00032
29.8915,0.99744,0.09824,-0.00256,0.09824,0.01745,0.08247,-0.55795,1.99650,-0.58412,1.87279,-0.58412,1.87279,1.00000,0.00000,16,0.00036
29.9947,0.96691,0.09763,-0.03309,0.09763,-0.01808,0.09525,-0.55795,1.99192,-0.53084,1.84905,-0.53084,1.84905,1.00000,0.00000,16,0.00118
30.0965,0.93691,0.09811,-0.06309,0.09811,-0.04907,0.09719,-0.55616,1.98709,-0.48255,1.84130,-0.48255,1.84130,1.00000,0.00000,0,0.00113
30.1961,0.90661,0.08336,-0.09339,0.08336,-0.07805,0.08980,-0.55285,1.98238,-0.43577,1.84767,-0.43577,1.84767,1.00000,0.00000,0,0.00030
30.2985,0.83924,0.05199,-0.16076,0.05199,-0.13229,0.06569,-0.54741,1.97856,-0.34898,1.88002,-0.34898,1.88002,1.00000,0.00000,0,0.00028
30.3994,0.78193,0.02502,-0.21807,0.02502,-0.19276,0.03859,-0.53896,1.97605,-0.24982,1.91816,-0.24982,1.91816,1.00000,0.00000,0,0.00028
30.5017,0.72500,0.00321,-0.27500,0.00321,-0.24713,0.01501,-0.52775,1.97498,-0.15705,1.95246,-0.15705,1.95246,1.00000,0.00000,32,0.00128
30.6014,0.65664,-0.06400,-0.34336,-0.06400,-0.31556,-0.03364,-0.51326,1.97552,-0.03993,2.02598,-0.03993,2.02598,1.00000,0.00000,0,0.00026
30.7029,0.62601,-0.20209,-0.37399,-0.20209,-0.35420,-0.15911,-0.49612,1.98128,0.03518,2.21994,0.03518,2.21994,1.00000,0.00000,0,0.00026
30.8040,0.61364,-0.23232,-0.38636,-0.23232,-0.38404,-0.20665,-0.47731,1.99073,0.09875,2.30071,0.09875,2.30071,1.00000,0.00000,0,0.00031
30.9062,0.59122,-0.22772,-0.40878,-0.22772,-0.40083,-0.22485,-0.45766,2.00174,0.14359,2.33902,0.14359,2.33902,1.00000,0.00000,0,0.00026
31.0065,0.58452,-0.25053,-0.41548,-0.25053,-0.41029,-0.24165,-0.43735,2.01349,0.17808,2.37597,0.17808,2.37597,1.00000,0.00000,0,0.00029
31.1100,0.58190,-0.27288,-0.41810,-0.27288,-0.41671,-0.26287,-0.41662,2.02618,0.20845,2.42048,0.20845,2.42048,1.00000,0.00000,0,0.00027
31.2125,0.57831,-0.29437,-0.42169,-0.29437,-0.41989,-0.28495,-0.39569,2.03998,0.23415,2.46742,0.23415,2.46742,1.00000,0.00000,0,0.00037
31.3142,0.57332,-0.31664,-0.42668,-0.31664,-0.42521,-0.30537,-0.37453,2.05481,0.26329,2.51287,0.26329,2.51287,1.00000,0.00000,0,0.00044
31.4145,0.57049,-0.38407,-0.42951,-0.38407,-0.42733,-0.35154,-0.35324,2.07131,0.28776,2.59861,0.28776,2.59861,1.00000,0.00000,0,0.00034
31.5159,0.53591,-0.51529,-0.46409,-0.51529,-0.45904,-0.48156,-0.33100,2.09333,0.35756,2.81568,0.35756,2.81568,1.00000,0.00000,0,0.00028
31.6164,0.54812,-0.54963,-0.45188,-0.54963,-0.45112,-0.53510,-0.30841,2.11921,0.36827,2.92186,0.36827,2.92186,1.00000,0.00000,0,0.00035
31.7188,0.58858,-0.58831,-0.41142,-0.58831,-0.42103,-0.57414,-0.28675,2.14720,0.34479,3.00841,0.34479,3.00841,1.00000,0.00000,0,0.00026
31.8199,0.61264,-0.60986,-0.38736,-0.60986,-0.39629,-0.60095,-0.26648,2.17677,0.32795,3.07820,0.32795,3.07820,1.00000,0.00000,0,0.00026
31.9209,0.63334,-0.63232,-0.36666,-0.63232,-0.37641,-0.62178,-0.24725,2.20742,0.31737,3.14009,0.31737,3.14009,1.00000,0.00000,0,0.00034
32.0217,0.69097,-0.66546,-0.30903,-0.66546,-0.33852,-0.64970,-0.22934,2.23929,0.27843,3.21383,0.27843,3.21383,1.00000,0.00000,0,0.00028
32.1220,0.78953,-0.71539,-0.21047,-0.71539,-0.24869,-0.69322,-0.21514,2.27304,0.15789,3.31287,0.15789,3.31287,1.00000,0.00000,0,0.00027
32.2235,0.84945,-0.74763,-0.15055,-0.74763,-0.18511,-0.73209,-0.20455,2.30892,0.07311,3.40705,0.07311,3.40705,1.00000,0.00000,0,0.00037
32.3268,1.08351,-0.72493,0.08351,-0.72493,-0.02622,-0.73391,-0.19926,2.34573,-0.15994,3.44659,-0.15994,3.44659,1.00000,0.00000,0,0.00111
32.4262,1.18238,-0.68520,0.18238,-0.68520,0.13222,-0.69426,-0.20315,2.38122,-0.40148,3.42261,-0.40148,3.42261,1.00000,0.00000,0,0.00026
32.5272,1.21196,-0.67591,0.21196,-0.67591,0.19346,-0.68103,-0.21187,2.41557,-0.50206,3.43712,-0.50206,3.43712,1.00000,0.00000,0,0.00040
32.6303,1.23834,-0.66467,0.23834,-0.66467,0.22524,-0.67024,-0.22257,2.44932,-0.56044,3.45468,-0.56044,3.45468,1.00000,0.00000,0,0.00091
32.7306,1.24878,-0.65731,0.24878,-0.65731,0.24238,-0.66107,-0.23436,2.48255,-0.59793,3.47415,-0.59793,3.47415,1.00000,0.00000,0,0.00043
32.8311,1.26378,-0.63254,0.26378,-0.63254,0.25680,-0.64422,-0.24692,2.51516,-0.63212,3.48149,-0.63212,3.48149,1.00000,0.00000,0,0.00034
32.9339,1.28352,-0.59312,0.28352,-0.59312,0.27409,-0.61088,-0.26028,2.54640,-0.67141,3.46271,-0.67141,3.46271,1.00000,0.00000,0,0.00131
33.0368,1.29920,-0.55364,0.29920,-0.55364,0.29216,-0.57212,-0.27453,2.57580,-0.71277,3.43398,-0.71277,3.43398,1.00000,0.00000,0,0.00100
33.1387,1.32225,-0.40855,0.32225,-0.40855,0.30932,-0.47679,-0.28957,2.60212,-0.75354,3.31730,-0.75354,3.31730,1.00000,0.00000,0,0.00164
33.2391,1.32857,-0.36546,0.32857,-0.36546,0.32992,-0.39513,-0.30587,2.62321,-0.80075,3.21591,-0.80075,3.21591,1.00000,0.00000,0,0.00039
33.3397,1.33645,-0.35509,0.33645,-0.35509,0.33509,-0.36537,-0.32251,2.64193,-0.82514,3.18998,-0.82514,3.18998,1.00000,0.00000,0,0.00031
33.4428,1.34842,-0.29632,0.34842,-0.29632,0.34121,-0.32494,-0.33940,2.65916,-0.85122,3.14658,-0.85122,3.14658,1.00000,0.00000,0,0.00030
33.5436,1.36711,-0.20769,1.36711,-0.20769,0.65935,-0.23869,-0.19842,2.67269,-1.34903,3.03072,-1.18745,3.03072,0.00000,0.00000,1,0.00029
33.6444,1.68166,0.54738,1.68166,0.54738,1.39638,0.15082,-0.22628,2.67691,-2.32084,2.45067,-2.32084,2.45067,0.00000,0.00000,0,0.00037
33.7449,1.10581,1.52694,1.10581,1.52694,1.29332,1.07443,-0.29730,2.66976,-2.23728,1.05647,-2.23728,1.05812,0.00000,0.00000,2,0.00030
33.8469,0.50992,1.82526,0.50992,1.82526,0.71538,1.65777,-0.34421,2.59641,-1.41727,0.10975,-1.41727,0.10975,0.00000,0.00000,0,0.00041
33.9492,0.33770,1.70655,0.33770,1.70655,0.45216,1.75654,-0.37150,2.50835,-1.04974,-0.12646,-1.04974,-0.12646,0.00000,0.00000,0,0.00028
34.0523,0.06148,1.47876,0.06148,1.47876,0.16238,1.58428,-0.38471,2.42518,-0.62827,0.04876,-0.62827,0.04876,0.00000,0.00000,0,0.00025
34.1536,-0.39191,0.95007,-0.39191,0.95007,-0.18270,1.19872,-0.38348,2.35629,-0.10943,0.55821,-0.10943,0.55821,0.00000,0.00000,0,0.00025
34.2562,-0.59627,0.18217,-0.59627,0.18217,-0.50953,0.58461,-0.36320,2.31287,0.40109,1.43596,0.40109,1.43596,0.00000,0.00000,0,0.00023
34.3567,-0.48521,-0.03971,-0.48521,-0.03971,-0.56078,0.13343,-0.33483,2.29863,0.50634,2.09848,0.50634,2.09848,0.00000,0.00000,0,0.00030
34.4570,-0.23701,-0.31799,-0.23701,-0.31799,-0.32947,-0.19161,-0.31412,2.30218,0.18008,2.58960,0.18008,2.58960,0.00000,0.00000,0,0.00030
34.5591,-0.06932,-0.45438,-0.06932,-0.45438,-0.13109,-0.39803,-0.30405,2.31869,-0.10742,2.91573,-0.10742,2.91573,0.00000,0.00000,0,0.00025
34.6601,0.17267,-0.34232,0.17267,-0.34232,0.07512,-0.37298,-0.30312,2.33848,-0.41581,2.89795,-0.41581,2.89795,0.00000,0.00000,0,0.00029
34.7609,0.30470,-0.30427,0.30470,-0.30427,0.23177,-0.33488,-0.31170,2.35608,-0.65935,2.85841,-0.65935,2.85841,0.00000,0.00000,0,0.00028
34.8632,0.44534,-0.24027,0.44534,-0.24027,0.39031,-0.27600,-0.32848,2.37106,-0.91395,2.78505,-0.91395,2.78505,0.00000,0.00000,0,0.00025
34.9645,0.58102,-0.00577,0.58102,-0.00577,0.51320,-0.09982,-0.35145,2.38026,-1.12125,2.52999,-1.12125,2.52999,0.00000,0.00000,0,0.00097
35.0643,0.57788,0.04137,0.57788,0.04137,0.56755,0.00098,-0.37916,2.38180,-1.23048,2.38033,-1.23048,2.38033,0.00000,0.00000,32,0.00034
35.1658,0.57490,0.19234,0.57490,0.19234,0.57650,0.12560,-0.40796,2.37850,-1.27271,2.19010,-1.27271,2.19010,0.00000,0.00000,0,0.00035
35.2683,0.59175,0.27669,0.59175,0.27669,0.58580,0.22826,-0.43696,2.36907,-1.31567,2.02668,-1.31567,2.02668,0.00000,0.00000,0,0.00068
35.3695,0.64541,0.48828,0.64541,0.48828,0.62014,0.40708,-0.46705,2.35271,-1.39726,1.74209,-1.39726,1.74209,0.00000,0.00000,0,0.00094
35.4705,0.62444,0.58537,0.62444,0.58537,0.62135,0.52934,-0.49813,2.32873,-1.43015,1.53471,-1.43015,1.53471,0.00000,0.00000,0,0.00028
35.5727,0.61578,0.61953,0.61578,0.61953,0.61971,0.59896,-0.52919,2.29990,-1.45876,1.40146,-1.45876,1.40146,0.00000,0.00000,0,0.00028
35.6737,0.55507,0.64381,0.55507,0.64381,0.58611,0.63681,-0.55948,2.26878,-1.43864,1.31356,-1.43864,1.31356,0.00000,0.00000,0,0.00034
35.7740,0.50763,0.67493,0.50763,0.67493,0.53450,0.66534,-0.58722,2.23605,-1.38898,1.23804,-1.38898,1.23804,0.00000,0.00000,0,0.00027
35.8755,0.42793,0.69101,0.42793,0.69101,0.46454,0.68202,-0.61187,2.20231,-1.30868,1.17928,-1.30868,1.17928,0.00000,0.00000,0,0.00027
35.9764,0.32081,0.74446,0.32081,0.74446,0.36332,0.73649,-0.63182,2.16641,-1.17680,1.06167,-1.17680,1.06167,0.00000,0.00000,0,0.00024
36.0802,0.09968,0.83522,0.09968,0.83522,0.21416,0.78974,-0.64629,2.12847,-0.96753,0.94387,-0.96753,0.94387,0.00000,0.00000,0,0.00054
36.1811,-0.10585,0.74824,-0.10585,0.74824,-0.01450,0.76969,-0.64997,2.08937,-0.62822,0.93484,-0.62822,0.93484,0.00000,0.00000,16,0.00029
36.2832,-0.35089,0.62669,-0.35089,0.62669,-0.25714,0.67129,-0.64181,2.05372,-0.25611,1.04678,-0.25611,1.04678,0.00000,0.00000,0,0.00030
36.3839,-0.42202,0.38431,-0.42202,0.38431,-0.39400,0.46916,-0.62400,2.02634,-0.03300,1.32260,-0.03300,1.32260,0.00000,0.00000,0,0.00026
36.4864,-0.42964,0.20060,-0.42964,0.20060,-0.43376,0.26890,-0.60263,2.00931,0.04800,1.60595,0.04800,1.60595,0.00000,0.00000,0,0.00027
36.5888,-0.43895,0.08649,-0.43895,0.08649,-0.44320,0.15978,-0.58063,1.99900,0.08417,1.75932,0.08417,1.75932,0.00000,0.00000,0,0.00034
36.6908,-0.41586,-0.05662,-0.41586,-0.05662,-0.44213,-0.00742,-0.55824,1.99687,0.10495,2.00800,0.10495,2.00800,0.00000,0.00000,32,0.00038
36.7917,-0.37177,-0.08610,-0.37177,-0.08610,-0.38223,-0.07136,-0.53842,1.99950,0.03491,2.10654,0.03491,2.10654,0.00000,0.00000,0,0.00036
36.8946,-0.31227,-0.13727,-0.31227,-0.13727,-0.33451,-0.11666,-0.52073,2.00446,-0.01896,2.17946,-0.01896,2.17946,0.00000,0.00000,0,0.00073
36.9958,-0.20371,-0.20066,-0.20371,-0.20066,-0.24947,-0.17376,-0.50629,2.01190,-0.13209,2.27254,-0.13209,2.27254,0.00000,0.00000,0,0.00030
37.0962,-0.16584,-0.22802,-0.16584,-0.22802,-0.18272,-0.21486,-0.49616,2.02193,-0.22208,2.34422,-0.22208,2.34422,0.00000,0.00000,0,0.00029
37.1987,-0.15310,-0.23786,-0.15310,-0.23786,-0.16092,-0.23134,-0.48772,2.03319,-0.24634,2.38021,-0.24634,2.38021,0.00000,0.00000,0,0.00032
37.3002,-0.13828,-0.23657,-0.13828,-0.23657,-0.14643,-0.23763,-0.48010,2.04500,-0.26045,2.40144,-0.26045,2.40144,0.00000,0.00000,0,0.00094
37.4008,-0.04823,-0.20768,-0.04823,-0.20768,-0.08538,-0.22151,-0.47438,2.05652,-0.34631,2.38878,-0.34631,2.38878,0.00000,0.00000,0,0.00043
37.5015,0.15120,-0.11579,0.15120,-0.11579,0.06795,-0.16233,-0.47446,2.06599,-0.57639,2.30948,-0.57639,2.30948,0.00000,0.00000,0,0.00024
37.6025,0.23763,-0.09116,0.23763,-0.09116,0.19216,-0.10215,-0.48197,2.07179,-0.77021,2.22502,-0.77021,2.22502,0.00000,0.00000,0,0.00025
37.7043,0.32051,-0.04959,0.32051,-0.04959,0.26487,-0.07117,-0.49350,2.07607,-0.89081,2.18283,-0.89081,2.18283,0.00000,0.00000,0,0.00031
37.8053,0.34908,-0.03198,0.34908,-0.03198,0.32843,-0.04659,-0.50894,2.07902,-1.00158,2.14891,-1.00158,2.14891,0.00000,0.00000,0,0.00037
37.9071,0.39187,-0.01282,0.39187,-0.01282,0.37971,-0.02448,-0.52714,2.08070,-1.09671,2.11741,-1.09671,2.11741,0.00000,0.00000,0,0.00034
38.0087,0.39326,0.03062,0.39326,0.03062,0.38983,0.00535,-0.54643,2.08090,-1.13116,2.07288,-1.13116,2.07288,0.00000,0.00000,32,0.00026
38.1103,0.39224,0.10281,0.39224,0.10281,0.38940,0.07611,-0.56589,2.07862,-1.14999,1.96446,-1.14999,1.96446,0.00000,0.00000,0,0.00028
38.2108,0.38853,0.12298,0.38853,0.12298,0.38930,0.11071,-0.58542,2.07368,-1.16937,1.90762,-1.16937,1.90762,0.00000,0.00000,0,0.00036
38.3129,0.39365,0.15522,0.39365,0.15522,0.39086,0.14024,-0.60490,2.06727,-1.19118,1.85691,-1.19118,1.85691,0.00000,0.00000,0,0.00034
38.4139,0.39985,0.18704,0.39985,0.18704,0.39625,0.17103,-0.62461,2.05936,-1.21898,1.80282,-1.21898,1.80282,0.00000,0.00000,0,0.00031
38.5146,0.40428,0.23517,0.40428,0.23517,0.40234,0.21213,-0.64461,2.04966,-1.24813,1.73146,-1.24813,1.73146,0.00000,0.00000,0,0.00032
38.6167,0.42532,0.37944,-0.57468,0.37944,-0.34400,0.33078,-0.80215,2.03587,-0.28615,1.53970,-0.28615,1.53970,1.00000,0.00000,0,0.00027
38.7181,0.39584,0.37521,-0.60416,0.37521,-0.55090,0.37409,-0.77767,2.01759,0.04868,1.45646,0.04868,1.45646,1.00000,0.00000,0,0.00032
38.8199,0.34680,0.31615,-0.65320,0.31615,-0.62139,0.33814,-0.74797,1.99979,0.18411,1.49258,0.18411,1.49258,1.00000,0.00000,0,0.00051
38.9211,0.26017,0.04301,-0.73983,0.04301,-0.68515,0.16053,-0.71526,1.98703,0.31246,1.74623,0.31246,1.74623,1.00000,0.00000,0,0.00028
39.0216,0.28392,-0.07570,-0.71608,-0.07570,-0.70987,-0.01695,-0.67982,1.98486,0.38499,2.01029,0.38499,2.01029,1.00000,0.00000,32,0.00027
39.1230,0.26921,-0.10258,-0.73079,-0.10258,-0.73300,-0.07800,-0.64337,1.98774,0.45613,2.10474,0.45613,2.10474,1.00000,0.00000,0,0.00028
39.2251,0.24643,-0.18682,-0.75357,-0.18682,-0.74572,-0.14533,-0.60645,1.99349,0.51214,2.21149,0.51214,2.21149,1.00000,0.00000,0,0.00129
39.3254,0.19403,-0.33829,-0.80597,-0.33829,-0.79072,-0.29733,-0.56793,2.00598,0.61815,2.45197,0.61815,2.45197,1.00000,0.00000,0,0.00032
39.4265,0.21169,-0.38798,-0.78831,-0.38798,-0.78442,-0.36523,-0.52873,2.02304,0.64789,2.57089,0.64789,2.57089,1.00000,0.00000,0,0.00028
39.5293,0.24934,-0.43877,-0.75066,-0.43877,-0.76262,-0.41176,-0.49006,2.04264,0.65386,2.66028,0.65386,2.66028,1.00000,0.00000,0,0.00029
39.6305,0.30498,-0.53128,-0.69502,-0.53128,-0.71808,-0.49561,-0.45311,2.06568,0.62400,2.80909,0.62400,2.80909,1.00000,0.00000,0,0.00026
39.7317,0.40954,-0.62903,-0.59046,-0.62903,-0.63659,-0.58293,-0.41947,2.09296,0.53541,2.96737,0.53541,2.96737,1.00000,0.00000,0,0.00028
39.8330,0.48869,-0.68885,-0.51131,-0.68885,-0.55335,-0.65777,-0.39014,2.12448,0.43990,3.11112,0.43990,3.11112,1.00000,0.00000,0,0.00034
39.9359,0.64088,-0.79271,-0.35912,-0.79271,-0.43535,-0.74014,-0.36561,2.15958,0.28742,3.26978,0.28742,3.26978,1.00000,0.00000,0,0.00029
40.0401,0.84637,-0.89323,-0.15363,-0.89323,-0.23594,-0.85484,-0.34974,2.20020,0.00417,3.48246,0.00417,3.48246,1.00000,0.00000,0,0.00115
40.1402,1.10622,-0.78471,0.10622,-0.78471,-0.01735,-0.82748,-0.34399,2.24294,-0.31796,3.48415,-0.31796,3.48415,1.00000,0.00000,16,0.00034
40.2422,1.17630,-0.76124,0.17630,-0.76124,0.13767,-0.78693,-0.34864,2.28303,-0.55515,3.46343,-0.55515,3.46343,1.00000,0.00000,0,0.00037
40.3432,1.20644,-0.74086,0.20644,-0.74086,0.18979,-0.75349,-0.35717,2.32129,-0.64186,3.45152,-0.64186,3.45152,1.00000,0.00000,0,0.00049
40.4442,1.22580,-0.71724,0.22580,-0.71724,0.21473,-0.72976,-0.36741,2.35831,-0.68950,3.45296,-0.68950,3.45296,1.00000,0.00000,0,0.00029
40.5471,1.23955,-0.68198,0.23955,-0.68198,0.23303,-0.69696,-0.37874,2.39381,-0.72829,3.43925,-0.72829,3.43925,1.00000,0.00000,0,0.00044
40.6490,1.25656,-0.62220,0.25656,-0.62220,0.24900,-0.64879,-0.39089,2.42731,-0.76438,3.40050,-0.76438,3.40050,1.00000,0.00000,0,0.00028
40.7513,1.27489,-0.56020,0.27489,-0.56020,0.26561,-0.59059,-0.40381,2.45802,-0.80223,3.34391,-0.80223,3.34391,1.00000,0.00000,0,0.00077
40.8535,1.30668,-0.38727,0.30668,-0.38727,0.28907,-0.46147,-0.41768,2.48425,-0.85129,3.17646,-0.85129,3.17646,1.00000,0.00000,0,0.00101
40.9562,1.30506,-0.34644,0.30506,-0.34644,0.30320,-0.37801,-0.43272,2.50466,-0.88752,3.07168,-0.88752,3.07168,1.00000,0.00000,0,0.00028
41.0613,1.30249,-0.23180,0.30249,-0.23180,0.30444,-0.27998,-0.44804,2.52081,-0.90470,2.94078,-0.90470,2.94078,1.00000,0.00000,0,0.00031
41.1616,1.30744,-0.20764,0.30744,-0.20764,0.30793,-0.22450,-0.46335,2.53290,-0.92525,2.86965,-0.92525,2.86965,1.00000,0.00000,0,0.00028
41.2635,1.31093,-0.18876,0.31093,-0.18876,0.31033,-0.19930,-0.47884,2.54335,-0.94433,2.84230,-0.94433,2.84230,1.00000,0.00000,0,0.00029
41.3643,1.29398,-0.15761,0.29398,-0.15761,0.30384,-0.17438,-0.49425,2.55262,-0.95001,2.81420,-0.95001,2.81420,1.00000,0.00000,0,0.00034
41.4648,1.28766,-0.13143,0.28766,-0.13143,0.29114,-0.14079,-0.50901,2.56016,-0.94572,2.77134,-0.94572,2.77134,1.00000,0.00000,0,0.00030
41.5662,1.28390,-0.10799,0.28390,-0.10799,0.28519,-0.11787,-0.52337,2.56646,-0.95115,2.74327,-0.95115,2.74327,1.00000,0.00000,0,0.00033
41.6665,1.27067,-0.06690,0.27067,-0.06690,0.27686,-0.08617,-0.53741,2.57147,-0.95270,2.70072,-0.95270,2.70072,1.00000,0.00000,0,0.00027
41.7678,1.23694,0.02793,0.23694,0.02793,0.25246,-0.02196,-0.55063,2.57420,-0.92932,2.60714,-0.92932,2.60714,1.00000,0.00000,0,0.00029
41.8689,1.02389,0.23237,0.02389,0.23237,0.11201,0.16984,-0.55964,2.56919,-0.72766,2.31443,-0.72766,2.31443,1.00000,0.00000,0,0.00029
41.9706,0.96022,0.30581,-0.03978,0.30581,-0.00152,0.30127,-0.56112,2.55569,-0.55883,2.10379,-0.55883,2.10379,1.00000,0.00000,16,0.00030
42.0718,0.94496,0.34233,-0.05504,0.34233,-0.04862,0.34277,-0.55951,2.53923,-0.48659,2.02508,-0.48659,2.02508,1.00000,0.00000,0,0.00031
42.1740,0.93110,0.35942,-0.06890,0.35942,-0.06175,0.35542,-0.55674,2.52177,-0.46411,1.98863,-0.46411,1.98863,1.00000,0.00000,0,0.00027
42.2749,0.93178,0.35863,-0.06822,0.35863,-0.06449,0.35804,-0.55363,2.50392,-0.45690,1.96686,-0.45690,1.96686,1.00000,0.00000,0,0.00029
42.3763,0.92505,0.36058,-0.07495,0.36058,-0.07061,0.35966,-0.55025,2.48595,-0.44432,1.94645,-0.44432,1.94645,1.00000,0.00000,0,0.00025
42.4808,0.91082,0.35874,-0.08918,0.35874,-0.08266,0.36061,-0.54637,2.46788,-0.42238,1.92696,-0.42238,1.92696,1.00000,0.00000,0,0.00034
42.5816,0.89141,0.34759,-0.10859,0.34759,-0.10099,0.35275,-0.54168,2.45005,-0.39020,1.92093,-0.39020,1.92093,1.00000,0.00000,0,0.00034
42.6819,0.86159,0.32217,-0.13841,0.32217,-0.12547,0.33509,-0.53591,2.43288,-0.34771,1.93025,-0.34771,1.93025,1.00000,0.00000,0,0.00028
42.7832,0.81940,0.26070,-0.18060,0.26070,-0.15873,0.29187,-0.52875,2.41724,-0.29064,1.97944,-0.29064,1.97944,1.00000,0.00000,0,0.00071
42.8836,0.72001,0.07805,-0.27999,0.07805,-0.23899,0.13568,-0.51869,2.40714,-0.16021,2.20362,-0.16021,2.20362,1.00000,0.00000,0,0.00034
42.9839,0.71726,-0.06464,-0.28274,-0.06464,-0.26558,0.02112,-0.50586,2.40330,-0.10749,2.37161,-0.10749,2.37161,1.00000,0.00000,0,0.00028
43.0849,0.71583,-0.09461,-0.28417,-0.09461,-0.27430,-0.07102,-0.49241,2.40538,-0.08096,2.51190,-0.08096,2.51190,1.00000,0.00000,0,0.00034
43.1875,0.71616,-0.09919,-0.28384,-0.09919,-0.28088,-0.09239,-0.47843,2.40959,-0.05711,2.54818,-0.05711,2.54818,1.00000,0.00000,0,0.00034
43.2892,0.70782,-0.12096,-0.29218,-0.12096,-0.28986,-0.11111,-0.46409,2.41476,-0.02930,2.58143,-0.02930,2.58143,1.00000,0.00000,0,0.00042
43.3898,0.69046,-0.14910,-0.30954,-0.14910,-0.30446,-0.13459,-0.44911,2.42097,0.00758,2.62286,0.00758,2.62286,1.00000,0.00000,0,0.00037
43.4932,0.68632,-0.24523,-0.31368,-0.24523,-0.31203,-0.19561,-0.43365,2.42921,0.03440,2.72262,0.03440,2.72262,1.00000,0.00000,0,0.00035
43.5964,0.64984,-0.35973,0.64984,-0.35973,0.15927,-0.32324,-0.26992,2.44353,-0.52579,2.92839,-0.50883,2.92839,0.00000,0.00000,1,0.00027
43.6993,0.64212,-0.34903,0.64212,-0.34903,0.56421,-0.35058,-0.29296,2.46083,-1.13927,2.98670,-1.13927,2.98670,0.00000,0.00000,0,0.00094
43.7995,0.66039,-0.27427,0.66039,-0.27427,0.64458,-0.29778,-0.32409,2.47686,-1.29096,2.92353,-1.29096,2.92353,0.00000,0.00000,0,0.00026
43.9009,0.74441,-0.08110,0.74441,-0.08110,0.70293,-0.15944,-0.35771,2.48817,-1.41212,2.72732,-1.41212,2.72732,0.00000,0.00000,0,0.00026
44.0028,0.73156,0.06091,0.73156,0.06091,0.72765,-0.00562,-0.39390,2.49138,-1.48538,2.49981,-1.48538,2.49981,0.00000,0.00000,32,0.00027
44.1032,0.74576,0.10992,0.74576,0.10992,0.74132,0.07893,-0.43070,2.48911,-1.54268,2.37073,-1.54268,2.37073,0.00000,0.00000,0,0.00028
44.2061,0.75272,0.29080,0.75272,0.29080,0.75238,0.20153,-0.46815,2.48207,-1.59671,2.17978,-1.59671,2.17978,0.00000,0.00000,0,0.00040
44.3064,0.71652,0.53946,0.71652,0.53946,0.75621,0.45451,-0.50644,2.46353,-1.64076,1.78176,-1.64076,1.78176,0.00000,0.00000,0,0.00028
44.4083,0.58032,0.62250,0.58032,0.62250,0.63250,0.58336,-0.54068,2.43646,-1.48943,1.56142,-1.48943,1.56142,0.00000,0.00000,0,0.00102
44.5091,0.55696,0.64194,0.55696,0.64194,0.57867,0.63216,-0.57055,2.40552,-1.43855,1.45728,-1.43855,1.45728,0.00000,0.00000,0,0.00028
44.6102,0.49486,0.67219,0.49486,0.67219,0.52359,0.66179,-0.59785,2.37297,-1.38323,1.38028,-1.38323,1.38028,0.00000,0.00000,0,0.00028
44.7118,0.32629,0.79964,0.32629,0.79964,0.39500,0.73639,-0.62055,2.33820,-1.21305,1.23361,-1.21305,1.23361,0.00000,0.00000,0,0.00027
44.8134,0.10884,0.83326,0.10884,0.83326,0.19743,0.81273,-0.63467,2.29851,-0.93082,1.07941,-0.93082,1.07941,0.00000,0.00000,0,0.00032
44.9164,-0.03135,0.78878,-0.03135,0.78878,0.04460,0.80934,-0.64017,2.25747,-0.70708,1.04347,-0.70708,1.04347,0.00000,0.00000,0,0.00026
45.0172,-0.18082,0.71260,-0.18082,0.71260,-0.10630,0.75026,-0.63765,2.21865,-0.47820,1.09326,-0.47820,1.09326,0.00000,0.00000,0,0.00026
45.1189,-0.40676,0.44571,-0.40676,0.44571,-0.30779,0.58957,-0.62629,2.18498,-0.16460,1.30063,-0.16460,1.30063,0.00000,0.00000,0,0.00027
45.2211,-0.44427,0.22141,-0.44427,0.22141,-0.40220,0.36026,-0.60801,2.16198,-0.00472,1.62160,-0.00472,1.62160,0.00000,0.00000,0,0.00036
45.3221,-0.41917,0.11457,-0.41917,0.11457,-0.40769,0.18723,-0.58778,2.14944,0.02376,1.86859,0.02376,1.86859,0.00000,0.00000,0,0.00026
45.4225,-0.37334,-0.05010,-0.37334,-0.05010,-0.40798,0.00930,-0.56700,2.14632,0.04497,2.13237,0.04497,2.13237,0.00000,0.00000,32,0.00025
45.5233,-0.32556,-0.06540,-0.32556,-0.06540,-0.34467,-0.05431,-0.54891,2.14802,-0.03191,2.22949,-0.03191,2.22949,0.00000,0.00000,0,0.00029
45.6240,-0.28480,-0.10699,-0.28480,-0.10699,-0.30297,-0.09300,-0.53289,2.15197,-0.07842,2.29147,-0.07842,2.29147,0.00000,0.00000,0,0.00026
45.7247,-0.20342,-0.16340,-0.20342,-0.16340,-0.23637,-0.14252,-0.51966,2.15810,-0.16510,2.37188,-0.16510,2.37188,0.00000,0.00000,0,0.00026
45.8261,-0.16726,-0.19339,-0.16726,-0.19339,-0.18343,-0.17902,-0.50960,2.16635,-0.23445,2.43488,-0.23445,2.43488,0.00000,0.00000,0,0.00035
45.9267,-0.14913,-0.20096,-0.14913,-0.20096,-0.16018,-0.19606,-0.50114,2.17588,-0.26086,2.46997,-0.26086,2.46997,0.00000,0.00000,0,0.00040
46.0292,-0.05879,-0.16430,-0.05879,-0.16430,-0.09446,-0.17715,-0.49492,2.18524,-0.35323,2.45097,-0.35323,2.45097,0.00000,0.00000,0,0.00027
46.1299,0.13007,-0.07079,0.13007,-0.07079,0.06054,-0.10775,-0.49467,2.19217,-0.58548,2.35379,-0.58548,2.35379,0.00000,0.00000,0,0.00027
46.2312,0.21329,-0.06160,0.21329,-0.06160,0.16889,-0.07138,-0.50100,2.19626,-0.75433,2.30333,-0.75433,2.30333,0.00000,0.00000,0,0.00038
46.3326,0.30097,-0.02028,0.30097,-0.02028,0.24928,-0.03788,-0.51161,2.19896,-0.88553,2.25578,-0.88553,2.25578,0.00000,0.00000,0,0.00029
46.4335,0.35459,0.00641,0.35459,0.00641,0.31998,-0.01139,-0.52631,2.19993,-1.00627,2.21702,-1.00627,2.21702,0.00000,0.00000,32,0.00025
46.5361,0.37208,0.01914,0.37208,0.01914,0.36513,0.00982,-0.54398,2.19993,-1.09168,2.18520,-1.09168,2.18520,0.00000,0.00000,32,0.00032
46.6388,0.38570,0.05271,0.38570,0.05271,0.37972,0.03476,-0.56270,2.19910,-1.13227,2.14695,-1.13227,2.14695,0.00000,0.00000,0,0.00157
46.7415,0.37703,0.13629,0.37703,0.13629,0.37752,0.10850,-0.58166,2.19510,-1.14795,2.03236,-1.14795,2.03236,0.00000,0.00000,0,0.00207
46.8404,0.38299,0.15846,0.38299,0.15846,0.38196,0.14543,-0.60071,2.18845,-1.17364,1.97031,-1.17364,1.97031,0.00000,0.00000,0,0.00033
46.9416,0.37529,0.18228,0.37529,0.18228,0.37900,0.16951,-0.61977,2.18046,-1.18827,1.92620,-1.18827,1.92620,0.00000,0.00000,0,0.00029
47.0442,0.37959,0.21236,0.37959,0.21236,0.37884,0.19866,-0.63869,2.17114,-1.20695,1.87316,-1.20695,1.87316,0.00000,0.00000,0,0.00029
47.1446,0.38613,0.26265,0.38613,0.26265,0.38392,0.23872,-0.65778,2.16009,-1.23367,1.80201,-1.23367,1.80201,0.00000,0.00000,0,0.00030
47.2456,0.42012,0.47259,0.42012,0.47259,0.40122,0.38742,-0.67731,2.14448,-1.27914,1.56334,-1.27914,1.56334,0.00000,0.00000,0,0.00026
47.3465,0.36848,0.58654,0.36848,0.58654,0.39525,0.52097,-0.69766,2.12119,-1.29054,1.33973,-1.29054,1.33973,0.00000,0.00000,0,0.00029
47.4482,0.34553,0.62125,0.34553,0.62125,0.35346,0.59862,-0.71590,2.09262,-1.24608,1.19469,-1.24608,1.19469,0.00000,0.00000,0,0.00028
47.5492,0.27763,0.65998,0.27763,0.65998,0.31212,0.63687,-0.73255,2.06161,-1.20073,1.10631,-1.20073,1.10631,0.00000,0.00000,0,0.00027
47.6510,0.11285,0.78676,0.11285,0.78676,0.20528,0.72734,-0.74540,2.02719,-1.05332,0.93619,-1.05332,0.93619,0.00000,0.00000,0,0.00069
47.7511,-0.02199,0.78563,-0.02199,0.78563,0.03213,0.77512,-0.74983,1.98913,-0.79803,0.82645,-0.79803,0.82645,0.00000,0.00000,0,0.00030
47.8515,-0.16563,0.73076,-0.16563,0.73076,-0.10417,0.74803,-0.74752,1.95090,-0.59126,0.82885,-0.59126,0.82885,0.00000,0.00000,0,0.00026
47.9530,-0.38940,0.63132,-0.38940,0.63132,-0.28456,0.67639,-0.73725,1.91545,-0.31040,0.90086,-0.31040,0.90086,0.00000,0.00000,0,0.00028
48.0540,-0.43379,0.42807,-0.43379,0.42807,-0.40396,0.50508,-0.71867,1.88658,-0.11273,1.12896,-0.11273,1.12896,0.00000,0.00000,0,0.00029
48.1557,-0.46455,0.23769,-0.46455,0.23769,-0.46208,0.32250,-0.69638,1.86671,-0.00326,1.38296,-0.00326,1.38296,0.00000,0.00000,0,0.00026
48.2595,-0.48331,0.07011,-0.48331,0.07011,-0.47825,0.17530,-0.67290,1.85476,0.04447,1.59181,0.04447,1.59181,0.00000,0.00000,0,0.00028
48.3609,-0.45323,-0.02153,-0.45323,-0.02153,-0.48632,0.03467,-0.64814,1.85077,0.08135,1.79877,0.08135,1.79877,0.00000,0.00000,0,0.00028
48.4632,-0.41871,-0.04508,-0.41871,-0.04508,-0.42906,-0.02474,-0.62592,1.85102,0.01767,1.88813,0.01767,1.88813,0.00000,0.00000,0,0.00077
48.5639,-0.40874,-0.05077,-0.40874,-0.05077,-0.41106,-0.04288,-0.60515,1.85286,0.01144,1.91718,0.01144,1.91718,0.00000,0.00000,0,0.00030
48.6644,-0.31308,-0.49089,-1.31308,-0.49089,-1.20421,-0.20723,-0.72858,1.85717,1.07774,2.16801,1.07774,2.16801,1.00000,0.00000,0,0.00027
48.7660,-0.09497,-1.15380,-1.09497,-1.15380,-1.16395,-0.90930,-0.66847,1.89016,1.07746,3.25411,1.07746,3.25411,1.00000,0.00000,0,0.00085
48.8669,0.53844,-1.42718,-0.46156,-1.42718,-0.74068,-1.30250,-0.62072,1.94828,0.49031,3.90202,0.49031,3.90202,1.00000,0.00000,0,0.00029
48.9695,1.33702,-1.17874,0.33702,-1.17874,0.00919,-1.24826,-0.60620,2.01313,-0.61997,3.88551,-0.61997,3.88551,1.00000,0.00000,16,0.00031
49.0714,1.40751,-0.61378,0.40751,-0.61378,0.33113,-0.83704,-0.61782,2.06512,-1.11452,3.32068,-1.11452,3.32068,1.00000,0.00000,0,0.00035
49.1736,1.44920,-0.41866,0.44920,-0.41866,0.41702,-0.52085,-0.63722,2.09711,-1.26276,2.87838,-1.26276,2.87838,1.00000,0.00000,0,0.00025
49.2756,1.44667,-0.31996,0.44667,-0.31996,0.44143,-0.38531,-0.65902,2.11895,-1.32116,2.69692,-1.32116,2.69692,1.00000,0.00000,0,0.00027
49.3772,1.37875,-0.16726,0.37875,-0.16726,0.41154,-0.24101,-0.68059,2.13395,-1.29789,2.49547,-1.29789,2.49547,1.00000,0.00000,0,0.00053
49.4791,1.29150,-0.08046,0.29150,-0.08046,0.33149,-0.12407,-0.69892,2.14217,-1.19616,2.32827,-1.19616,2.32827,1.00000,0.00000,0,0.00030
49.5797,1.01878,0.05978,0.01878,0.05978,0.13340,0.02566,-0.71052,2.14397,-0.91062,2.10547,-0.91062,2.10547,1.00000,0.00000,0,0.00026
49.6820,0.95541,0.17542,-0.04459,0.17542,-0.00646,0.15111,-0.71222,2.13845,-0.70253,1.91179,-0.70253,1.91179,1.00000,0.00000,16,0.00166
49.7815,0.92013,0.20642,-0.07987,0.20642,-0.06522,0.19282,-0.70992,2.12968,-0.61208,1.84046,-0.61208,1.84046,1.00000,0.00000,0,0.00028
49.8818,0.90011,0.20167,-0.09989,0.20167,-0.09136,0.20052,-0.70583,2.11979,-0.56879,1.81901,-0.56879,1.81901,1.00000,0.00000,0,0.00026
49.9855,0.88176,0.20189,-0.11824,0.20189,-0.10878,0.20296,-0.70077,2.10966,-0.53760,1.80522,-0.53760,1.80522,1.00000,0.00000,0,0.00043
50.0879,0.84683,0.18996,-0.15317,0.18996,-0.13860,0.19385,-0.69450,2.09977,-0.48660,1.80900,-0.48660,1.80900,1.00000,0.00000,0,0.00101
50.1892,0.80837,0.17742,-0.19163,0.17742,-0.17116,0.18452,-0.68665,2.09033,-0.42991,1.81355,-0.42991,1.81355,1.00000,0.00000,0,0.00046
50.2902,0.72657,0.13223,-0.27343,0.13223,-0.23931,0.14869,-0.67611,2.08215,-0.31715,1.85912,-0.31715,1.85912,1.00000,0.00000,0,0.00036
50.3943,0.66774,0.10591,-0.33226,0.10591,-0.30571,0.11967,-0.66203,2.07559,-0.20347,1.89608,-0.20347,1.89608,1.00000,0.00000,0,0.00028
50.4960,0.57974,0.05548,-0.42026,0.05548,-0.38151,0.07771,-0.64460,2.07080,-0.07234,1.95423,-0.07234,1.95423,1.00000,0.00000,0,0.00034
50.5988,0.55479,-0.09896,-0.44521,-0.09896,-0.43657,-0.05147,-0.62355,2.07054,0.03131,2.14774,0.03131,2.14774,1.00000,0.00000,0,0.00095
50.6998,0.52109,-0.12780,-0.47891,-0.12780,-0.46937,-0.11282,-0.60069,2.07534,0.10337,2.24456,0.10337,2.24456,1.00000,0.00000,0,0.00027
50.8051,0.51517,-0.15132,-0.48483,-0.15132,-0.48060,-0.14238,-0.57689,2.08197,0.14400,2.29555,0.14400,2.29555,1.00000,0.00000,0,0.00036
50.9064,0.50903,-0.16871,-0.49097,-0.16871,-0.48663,-0.16063,-0.55269,2.08963,0.17725,2.33057,0.17725,2.33057,1.00000,0.00000,0,0.00039
51.0104,0.50604,-0.19552,-0.49396,-0.19552,-0.49276,-0.18368,-0.52814,2.09835,0.21100,2.37386,0.21100,2.37386,1.00000,0.00000,0,0.00028
51.1110,0.49877,-0.21892,-0.50123,-0.21892,-0.49786,-0.20832,-0.50337,2.10827,0.24342,2.42075,0.24342,2.42075,1.00000,0.00000,0,0.00028
51.2136,0.48794,-0.25750,-0.51206,-0.25750,-0.50818,-0.23849,-0.47817,2.11949,0.28411,2.47722,0.28411,2.47722,1.00000,0.00000,0,0.00107
51.3134,0.44010,-0.43763,-0.55990,-0.43763,-0.52774,-0.36292,-0.45244,2.13452,0.33917,2.67889,0.33917,2.67889,1.00000,0.00000,0,0.00028
51.4139,0.46978,-0.45783,-0.53022,-0.45783,-0.53509,-0.43211,-0.42545,2.15495,0.37718,2.80311,0.37718,2.80311,1.00000,0.00000,0,0.00029
51.5174,0.48418,-0.47367,-0.51582,-0.47367,-0.52843,-0.46192,-0.39866,2.17752,0.39399,2.87040,0.39399,2.87040,1.00000,0.00000,0,0.00096
51.6176,0.51400,-0.51416,-0.48600,-0.51416,-0.50227,-0.49763,-0.37299,2.20164,0.38041,2.94809,0.38041,2.94809,1.00000,0.00000,0,0.00028
51.7211,0.54546,-0.54009,-0.45454,-0.54009,-0.46940,-0.52798,-0.34888,2.22747,0.35522,3.01944,0.35522,3.01944,1.00000,0.00000,0,0.00031
51.8215,0.56673,-0.56456,-0.43327,-0.56456,-0.44481,-0.55246,-0.32618,2.25461,0.34104,3.08330,0.34104,3.08330,1.00000,0.00000,0,0.00032
51.9231,0.59477,-0.58545,-0.40523,-0.58545,-0.42065,-0.57508,-0.30460,2.28292,0.32638,3.14555,0.32638,3.14555,1.00000,0.00000,0,0.00032
52.0236,0.67771,-0.65012,-0.32229,-0.65012,-0.36597,-0.61787,-0.28491,2.31275,0.26404,3.23955,0.26404,3.23955,1.00000,0.00000,0,0.00034
52.1249,0.83882,-0.74749,-0.16118,-0.74749,-0.22769,-0.70709,-0.27066,2.34632,0.07087,3.40695,0.07087,3.40695,1.00000,0.00000,0,0.00038
52.2262,1.08535,-0.69407,0.08535,-0.69407,-0.04551,-0.71885,-0.26394,2.38265,-0.19567,3.46092,-0.19567,3.46092,1.00000,0.00000,0,0.00032
52.3265,1.13649,-0.64742,0.13649,-0.64742,0.10332,-0.66279,-0.26690,2.41696,-0.42188,3.41115,-0.42188,3.41115,1.00000,0.00000,0,0.00028
52.4273,1.17521,-0.65588,0.17521,-0.65588,0.16462,-0.65516,-0.27425,2.44986,-0.52117,3.43260,-0.52117,3.43260,1.00000,0.00000,0,0.00040
52.5290,1.19923,-0.64007,0.19923,-0.64007,0.19270,-0.64517,-0.28340,2.48233,-0.57245,3.45008,-0.57245,3.45008,1.00000,0.00000,0,0.00027
52.6312,1.22470,-0.62943,0.22470,-0.62943,0.21615,-0.63377,-0.29374,2.51423,-0.61796,3.46488,-0.61796,3.46488,1.00000,0.00000,0,0.00104
52.7321,1.24171,-0.60619,0.24171,-0.60619,0.23411,-0.61648,-0.30510,2.54546,-0.65626,3.47019,-0.65626,3.47019,1.00000,0.00000,0,0.00028
52.8337,1.25648,-0.56428,0.25648,-0.56428,0.25004,-0.58269,-0.31727,2.57534,-0.69233,3.44937,-0.69233,3.44937,1.00000,0.00000,0,0.00041
52.9347,1.26701,-0.52807,0.26701,-0.52807,0.26099,-0.54610,-0.33010,2.60339,-0.72158,3.42254,-0.72158,3.42254,1.00000,0.00000,0,0.00028
53.0361,1.29945,-0.37941,0.29945,-0.37941,0.28267,-0.44600,-0.34366,2.62827,-0.76766,3.29727,-0.76766,3.29727,1.00000,0.00000,0,0.00034
53.1388,1.30312,-0.34072,0.30312,-0.34072,0.30317,-0.36998,-0.35864,2.64807,-0.81340,3.20304,-0.81340,3.20304,1.00000,0.00000,0,0.00035
53.2393,1.30889,-0.32730,0.30889,-0.32730,0.30589,-0.33822,-0.37383,2.66549,-0.83267,3.17283,-0.83267,3.17283,1.00000,0.00000,0,0.00028
53.3408,1.31446,-0.29968,0.31446,-0.29968,0.31237,-0.31389,-0.38932,2.68174,-0.85787,3.15258,-0.85787,3.15258,1.00000,0.00000,0,0.00030
53.4420,1.34226,-0.18148,0.34226,-0.18148,0.33048,-0.22640,-0.40545,2.69505,-0.90117,3.03464,-0.90117,3.03464,1.00000,0.00000,0,0.00030
53.5429,1.35597,-0.14144,0.35597,-0.14144,0.35202,-0.16396,-0.42271,2.70429,-0.95074,2.95024,-0.95074,2.95024,1.00000,0.00000,0,0.00030
53.6435,1.33016,-0.05180,1.33016,-0.05180,1.00198,-0.10552,-0.27939,2.71103,-1.78237,2.86931,-1.78237,2.86931,0.00000,0.00000,0,0.00039
53.7452,1.33933,1.12842,1.33933,1.12842,1.34987,0.67431,-0.34282,2.69595,-2.36762,1.68449,-2.36762,1.68449,0.00000,0.00000,0,0.00029
53.8458,0.58058,1.83466,0.58058,1.83466,0.84820,1.50836,-0.39652,2.68681,-1.66882,0.42427,-1.66882,0.42427,0.00000,0.00000,0,0.00034
53.9470,0.34997,1.80728,0.34997,1.80728,0.45385,1.78926,-0.42506,2.60072,-1.10583,-0.08317,-1.10583,-0.08317,0.00000,0.00000,0,0.00034
54.0498,0.04056,1.61333,0.04056,1.61333,0.14622,1.69353,-0.43811,2.51318,-0.65743,-0.02711,-0.65743,-0.02711,0.00000,0.00000,0,0.00028
54.1513,-0.24964,1.24844,-0.24964,1.24844,-0.12060,1.41225,-0.43784,2.43597,-0.25694,0.31760,-0.25694,0.31760,0.00000,0.00000,0,0.00042
54.2528,-0.64578,0.64857,-0.64578,0.64857,-0.51398,0.91545,-0.41943,2.37961,0.35155,1.00644,0.35155,1.00644,0.00000,0.00000,0,0.00026
54.3552,-0.77005,0.16778,-0.77005,0.16778,-0.70401,0.34394,-0.38746,2.35281,0.66855,1.83690,0.66855,1.83690,0.00000,0.00000,0,0.00035
54.4574,-0.38287,-0.26698,-0.38287,-0.26698,-0.51316,-0.08586,-0.35658,2.34844,0.41316,2.47723,0.41316,2.47723,0.00000,0.00000,0,0.00041
54.5605,-0.14951,-0.48242,-0.14951,-0.48242,-0.24804,-0.37152,-0.33892,2.36180,0.03315,2.91908,0.03315,2.91908,0.00000,0.00000,0,0.00089
54.6614,0.15831,-0.36678,0.15831,-0.36678,-0.00045,-0.40286,-0.33299,2.38263,-0.33232,2.98692,-0.33232,2.98692,0.00000,0.00000,16,0.00034
54.7625,0.30208,-0.31472,0.30208,-0.31472,0.20828,-0.35080,-0.33948,2.40116,-0.65190,2.92736,-0.65190,2.92736,0.00000,0.00000,0,0.00025
54.8638,0.49503,-0.18642,0.49503,-0.18642,0.41109,-0.25023,-0.35632,2.41581,-0.97295,2.79115,-0.97295,2.79115,0.00000,0.00000,0,0.00026
54.9671,0.59051,0.03025,0.59051,0.03025,0.54212,-0.03878,-0.38118,2.42159,-1.19436,2.47975,-1.19436,2.47975,0.00000,0.00000,0,0.00106
55.0678,0.57185,0.08185,0.57185,0.08185,0.56718,0.05231,-0.40929,2.42043,-1.26006,2.34196,-1.26006,2.34196,0.00000,0.00000,0,0.00030
55.1698,0.56788,0.24586,0.56788,0.24586,0.57006,0.18604,-0.43791,2.41384,-1.29299,2.13479,-1.29299,2.13479,0.00000,0.00000,0,0.00028
55.2715,0.58820,0.39646,0.58820,0.39646,0.58267,0.30641,-0.46674,2.40128,-1.34074,1.94166,-1.34074,1.94166,0.00000,0.00000,0,0.00141
55.3736,0.61633,0.52455,0.61633,0.52455,0.61575,0.46965,-0.49703,2.38043,-1.42065,1.67595,-1.42065,1.67595,0.00000,0.00000,0,0.00077
55.4738,0.61941,0.63374,0.61941,0.63374,0.61460,0.58511,-0.52770,2.35339,-1.44961,1.47572,-1.44961,1.47572,0.00000,0.00000,0,0.00027
55.5765,0.59967,0.66510,0.59967,0.66510,0.60672,0.64420,-0.55824,2.32215,-1.46831,1.35586,-1.46831,1.35586,0.00000,0.00000,0,0.00032
55.6772,0.50062,0.72789,0.50062,0.72789,0.53268,0.70170,-0.58640,2.28805,-1.38542,1.23549,-1.38542,1.23549,0.00000,0.00000,0,0.00027
55.7812,0.37446,0.74532,0.37446,0.74532,0.43824,0.73042,-0.61058,2.25201,-1.26794,1.15638,-1.26794,1.15638,0.00000,0.00000,0,0.00068
55.8820,0.28782,0.79127,0.28782,0.79127,0.32952,0.78704,-0.62890,2.21351,-1.12317,1.03296,-1.12317,1.03296,0.00000,0.00000,0,0.00037
55.9833,0.16129,0.79833,0.16129,0.79833,0.22390,0.79332,-0.64233,2.17401,-0.97817,0.98403,-0.97817,0.98403,0.00000,0.00000,0,0.00027
56.0842,-0.16570,0.77783,-0.16570,0.77783,-0.04480,0.79629,-0.64552,2.13371,-0.57831,0.93927,-0.57831,0.93927,0.00000,0.00000,0,0.00029
56.1853,-0.39284,0.62310,-0.39284,0.62310,-0.28491,0.69026,-0.63618,2.09658,-0.20880,1.06118,-0.20880,1.06118,0.00000,0.00000,0,0.00031
56.2869,-0.47155,0.37417,-0.47155,0.37417,-0.42667,0.47587,-0.61689,2.06860,0.02311,1.35480,0.02311,1.35480,0.00000,0.00000,0,0.00026
56.3895,-0.46337,0.20700,-0.46337,0.20700,-0.46110,0.27211,-0.59400,2.05175,0.09765,1.64358,0.09765,1.64358,0.00000,0.00000,0,0.00038
56.4919,-0.48922,0.02103,-0.48922,0.02103,-0.48206,0.08725,-0.57034,2.04357,0.15275,1.91271,0.15275,1.91271,0.00000,0.00000,0,0.00032
56.5937,-0.39299,-0.03445,-0.39299,-0.03445,-0.41941,-0.00724,-0.54785,2.04234,0.08126,2.05320,0.08126,2.05320,0.00000,0.00000,32,0.00032
56.6955,-0.35999,-0.05535,-0.35999,-0.05535,-0.38565,-0.04425,-0.52772,2.04371,0.05075,2.11009,0.05075,2.11009,0.00000,0.00000,0,0.00031
56.7960,-0.33426,-0.09389,-0.33426,-0.09389,-0.35278,-0.07759,-0.50939,2.04693,0.01979,2.16331,0.01979,2.16331,0.00000,0.00000,0,0.00031
56.8970,-0.25176,-0.14621,-0.25176,-0.14621,-0.28984,-0.12160,-0.49353,2.05209,-0.05877,2.23448,-0.05877,2.23448,0.00000,0.00000,0,0.00028
57.0032,-0.20841,-0.17851,-0.20841,-0.17851,-0.22824,-0.16321,-0.48107,2.05952,-0.13871,2.30434,-0.13871,2.30434,0.00000,0.00000,0,0.00026
57.1051,-0.18804,-0.18740,-0.18804,-0.18740,-0.19783,-0.18188,-0.47067,2.06832,-0.17393,2.34113,-0.17393,2.34113,0.00000,0.00000,0,0.00160
57.2047,-0.17904,-0.19310,-0.17904,-0.19310,-0.18444,-0.18993,-0.46122,2.07766,-0.18456,2.36256,-0.18456,2.36256,0.00000,0.00000,0,0.00034
57.3065,-0.12161,-0.18501,-0.12161,-0.18501,-0.14939,-0.18700,-0.45279,2.08712,-0.22871,2.36762,-0.22871,2.36762,0.00000,0.00000,0,0.00035
57.4094,0.03769,-0.13196,0.03769,-0.13196,-0.03639,-0.14920,-0.44828,2.09549,-0.39370,2.31928,-0.39370,2.31928,0.00000,0.00000,0,0.00024
57.5105,0.16919,-0.04629,0.16919,-0.04629,0.11238,-0.07265,-0.45117,2.10072,-0.61974,2.20970,-0.61974,2.20970,0.00000,0.00000,0,0.00028
57.6118,0.19943,-0.03918,0.19943,-0.03918,0.18819,-0.04898,-0.45954,2.10368,-0.74183,2.17715,-0.74183,2.17715,0.00000,0.00000,0,0.00026
57.7132,0.29935,-0.02671,0.29935,-0.02671,0.26528,-0.02846,-0.47104,2.10547,-0.86896,2.14817,-0.86896,2.14817,0.00000,0.00000,0,0.00028
57.8147,0.31884,-0.00963,0.31884,-0.00963,0.30385,-0.01434,-0.48560,2.10597,-0.94137,2.12748,-0.94137,2.12748,0.00000,0.00000,32,0.00033
57.9191,0.35751,0.01154,0.35751,0.01154,0.34147,0.00400,-0.50193,2.10597,-1.01414,2.09997,-1.01414,2.09997,0.00000,0.00000,32,0.00035
58.0224,0.35841,0.02157,0.35841,0.02157,0.35610,0.01597,-0.51955,2.10597,-1.05370,2.08202,-1.05370,2.08202,0.00000,0.00000,32,0.00050
58.1232,0.36217,0.05597,0.36217,0.05597,0.35930,0.03770,-0.53743,2.10485,-1.07638,2.04830,-1.07638,2.04830,0.00000,0.00000,0,0.00029
58.2248,0.36017,0.13779,0.36017,0.13779,0.35753,0.11008,-0.55534,2.10067,-1.09164,1.93556,-1.09164,1.93556,0.00000,0.00000,0,0.00027
58.3262,0.35989,0.15368,0.35989,0.15368,0.35965,0.14330,-0.57334,2.09405,-1.11282,1.87911,-1.11282,1.87911,0.00000,0.00000,0,0.00072
58.4292,0.36583,0.17549,0.36583,0.17549,0.36421,0.16532,-0.59146,2.08622,-1.13778,1.83823,-1.13778,1.83823,0.00000,0.00000,0,0.00105
58.5294,0.36934,0.19512,0.36934,0.19512,0.36786,0.18650,-0.60980,2.07730,-1.16158,1.79755,-1.16158,1.79755,0.00000,0.00000,0,0.00027
58.6300,0.37448,0.23763,-0.62552,0.23763,-0.13795,0.21764,-0.78286,2.06713,-0.56111,1.74068,-0.57593,1.74068,1.00000,0.00000,1,0.00027
58.7310,0.37159,0.23690,-0.62841,0.23690,-0.54439,0.23935,-0.76106,2.05536,0.05553,1.69634,0.05553,1.69634,1.00000,0.00000,0,0.00030
58.8359,0.35810,0.21280,-0.64190,0.21280,-0.62557,0.22022,-0.73091,2.04397,0.20744,1.71364,0.20744,1.71364,1.00000,0.00000,0,0.00201
58.9347,0.31282,0.16339,-0.68718,0.16339,-0.66549,0.18568,-0.69851,2.03386,0.29973,1.75534,0.29973,1.75534,1.00000,0.00000,0,0.00025
59.0365,0.31224,0.01891,-0.68776,0.01891,-0.69066,0.05878,-0.66415,2.02841,0.37184,1.94024,0.37184,1.94024,1.00000,0.00000,0,0.00028
59.1374,0.28700,-0.01841,-0.71300,-0.01841,-0.70956,0.00225,-0.62903,2.02775,0.43531,2.02438,0.43531,2.02438,1.00000,0.00000,32,0.00027
59.2398,0.26615,-0.06767,-0.73385,-0.06767,-0.72251,-0.04445,-0.59333,2.02878,0.49044,2.09545,0.49044,2.09545,1.00000,0.00000,0,0.00041
59.3408,0.24223,-0.21876,-0.75777,-0.21876,-0.74627,-0.14017,-0.55649,2.03336,0.56292,2.24362,0.56292,2.24362,1.00000,0.00000,0,0.00031
59.4426,0.21478,-0.32065,-0.78522,-0.32065,-0.79216,-0.27570,-0.51743,2.04514,0.67081,2.45869,0.67081,2.45869,1.00000,0.00000,0,0.00034
59.5433,0.23030,-0.37851,-0.76970,-0.37851,-0.77633,-0.34873,-0.47838,2.06125,0.68611,2.58435,0.68611,2.58435,1.00000,0.00000,0,0.00029
59.6458,0.28391,-0.46890,-0.71609,-0.46890,-0.73581,-0.43350,-0.44068,2.08122,0.66302,2.73147,0.66302,2.73147,1.00000,0.00000,0,0.00031
59.7467,0.39290,-0.57318,-0.60710,-0.57318,-0.65324,-0.52589,-0.40615,2.10555,0.57371,2.89439,0.57371,2.89439,1.00000,0.00000,0,0.00033
59.8473,0.46833,-0.63161,-0.53167,-0.63161,-0.56903,-0.60144,-0.37611,2.13424,0.47744,3.03640,0.47744,3.03640,1.00000,0.00000,0,0.00034
59.9498,0.57980,-0.71253,-0.42020,-0.71253,-0.47309,-0.67439,-0.35028,2.16638,0.35936,3.17796,0.35936,3.17796,1.00000,0.00000,0,0.00062
60.0513,0.73746,-0.82208,-0.26254,-0.82208,-0.32991,-0.77464,-0.33075,2.20297,0.16412,3.36492,0.16412,3.36492,1.00000,0.00000,0,0.00041
60.1522,0.84023,-0.82886,-0.15977,-0.82886,-0.20692,-0.82251,-0.31823,2.24352,-0.00785,3.47728,-0.00785,3.47728,1.00000,0.00000,0,0.00027
60.2542,1.04856,-0.74089,0.04856,-0.74089,-0.03494,-0.76486,-0.31266,2.28327,-0.26025,3.43056,-0.26025,3.43056,1.00000,0.00000,0,0.00033
60.3575,1.10970,-0.69982,0.10970,-0.69982,0.08211,-0.72259,-0.31506,2.32021,-0.43822,3.40410,-0.43822,3.40410,1.00000,0.00000,0,0.00189
60.4582,1.13239,-0.68590,0.13239,-0.68590,0.12199,-0.69531,-0.32048,2.35546,-0.50346,3.39843,-0.50346,3.39843,1.00000,0.00000,0,0.00026
60.5594,1.15383,-0.65979,0.15383,-0.65979,0.14320,-0.67155,-0.32717,2.38952,-0.54196,3.39684,-0.54196,3.39684,1.00000,0.00000,0,0.00028
60.6610,1.17599,-0.63412,0.17599,-0.63412,0.16534,-0.64782,-0.33500,2.42244,-0.58301,3.39416,-0.58301,3.39416,1.00000,0.00000,0,0.00072
60.7638,1.19318,-0.59097,0.19318,-0.59097,0.18410,-0.61257,-0.34383,2.45385,-0.61998,3.37271,-0.61998,3.37271,1.00000,0.00000,0,0.00027
60.8666,1.21371,-0.53917,0.21371,-0.53917,0.20389,-0.56307,-0.35361,2.48304,-0.65944,3.32765,-0.65944,3.32765,1.00000,0.00000,0,0.00032
60.9669,1.21718,-0.47609,0.21718,-0.47609,0.21407,-0.50945,-0.36416,2.50968,-0.68526,3.27385,-0.68526,3.27385,1.00000,0.00000,0,0.00028
61.0694,1.26231,-0.33823,0.26231,-0.33823,0.24400,-0.38428,-0.37564,2.53127,-0.74164,3.10769,-0.74164,3.10769,1.00000,0.00000,0,0.00027
61.1705,1.24623,-0.31842,0.24623,-0.31842,0.24538,-0.33433,-0.38791,2.54886,-0.75599,3.05036,-0.75599,3.05036,1.00000,0.00000,0,0.00027
61.2748,1.25240,-0.28193,0.25240,-0.28193,0.24923,-0.30271,-0.40031,2.56472,-0.77415,3.01879,-0.77415,3.01879,1.00000,0.00000,0,0.00173
61.3740,1.24802,-0.18361,0.24802,-0.18361,0.24806,-0.21655,-0.41280,2.57719,-0.78489,2.90201,-0.78489,2.90201,1.00000,0.00000,0,0.00029
61.4750,1.24972,-0.17248,0.24972,-0.17248,0.24935,-0.18186,-0.42526,2.58682,-0.79929,2.85961,-0.79929,2.85961,1.00000,0.00000,0,0.00029
61.5777,1.22691,-0.13960,0.22691,-0.13960,0.24208,-0.15744,-0.43770,2.59525,-0.80082,2.83141,-0.80082,2.83141,1.00000,0.00000,0,0.00034
61.6802,1.21930,-0.12283,0.21930,-0.12283,0.22547,-0.13040,-0.44927,2.60216,-0.78747,2.79775,-0.78747,2.79775,1.00000,0.00000,0,0.00093
61.7809,1.21371,-0.11428,0.21371,-0.11428,0.21741,-0.11901,-0.46029,2.60829,-0.78641,2.78682,-0.78641,2.78682,1.00000,0.00000,0,0.00028
61.8814,1.20928,-0.10612,0.20928,-0.10612,0.20977,-0.11103,-0.47088,2.61401,-0.78554,2.78055,-0.78554,2.78055,1.00000,0.00000,0,0.00042
61.9830,1.20123,-0.09958,0.20123,-0.09958,0.20520,-0.10368,-0.48127,2.61936,-0.78907,2.77487,-0.78907,2.77487,1.00000,0.00000,0,0.00092
62.0833,1.19778,-0.09067,0.19778,-0.09067,0.19909,-0.09532,-0.49131,2.62429,-0.78994,2.76727,-0.78994,2.76727,1.00000,0.00000,0,0.00029
62.1842,1.19356,-0.07852,0.19356,-0.07852,0.19650,-0.08418,-0.50121,2.62872,-0.79596,2.75500,-0.79596,2.75500,1.00000,0.00000,0,0.00026
62.2862,1.18395,-0.06188,0.18395,-0.06188,0.18861,-0.06956,-0.51080,2.63250,-0.79371,2.73684,-0.79371,2.73684,1.00000,0.00000,0,0.00027
62.3880,1.18011,-0.04523,0.18011,-0.04523,0.18347,-0.05309,-0.52009,2.63549,-0.79530,2.71513,-0.79530,2.71513,1.00000,0.00000,0,0.00033
62.4909,1.12347,0.00896,0.12347,0.00896,0.15394,-0.02039,-0.52864,2.63738,-0.75955,2.66797,-0.75955,2.66797,1.00000,0.00000,0,0.00033
62.5920,0.97084,0.08900,-0.02916,0.08900,0.01543,0.06410,-0.53182,2.63538,-0.55497,2.53923,-0.55497,2.53923,1.00000,0.00000,16,0.00032
62.6939,0.96754,0.10450,-0.03246,0.10450,-0.01890,0.10203,-0.53182,2.63057,-0.50348,2.47753,-0.50348,2.47753,1.00000,0.00000,16,0.00028
62.7982,0.96481,0.11801,-0.03519,0.11801,-0.03181,0.11335,-0.53038,2.62502,-0.48267,2.45499,-0.48267,2.45499,1.00000,0.00000,0,0.00098
62.9003,0.96660,0.11677,-0.03340,0.11677,-0.03275,0.11602,-0.52873,2.61922,-0.47961,2.44519,-0.47961,2.44519,1.00000,0.00000,0,0.00105
63.0019,0.96755,0.11689,-0.03245,0.11689,-0.03281,0.11577,-0.52708,2.61344,-0.47786,2.43978,-0.47786,2.43978,1.00000,0.00000,0,0.00043
63.1035,0.96599,0.11461,-0.03401,0.11461,-0.03217,0.11483,-0.52547,2.60767,-0.47722,2.43543,-0.47722,2.43543,1.00000,0.00000,0,0.00034
63.2041,0.96937,0.11562,-0.03063,0.11562,-0.03126,0.11535,-0.52390,2.60191,-0.47701,2.42889,-0.47701,2.42889,1.00000,0.00000,0,0.00026
63.3052,0.96589,0.11428,-0.03411,0.11428,-0.03387,0.11419,-0.52227,2.59618,-0.47147,2.42489,-0.47147,2.42489,1.00000,0.00000,0,0.00030
63.4056,0.96544,0.11696,-0.03456,0.11696,-0.03345,0.11646,-0.52060,2.59040,-0.47042,2.41571,-0.47042,2.41571,1.00000,0.00000,0,0.00032
63.5072,0.97117,0.11642,-0.02883,0.11642,-0.03077,0.11643,-0.51901,2.58457,-0.47286,2.40992,-0.47286,2.40992,1.00000,0.00000,0,0.00029
63.6104,0.96882,0.11720,0.96882,0.11720,0.26982,0.11668,-0.36844,2.57874,-0.92523,2.40372,-0.77317,2.40372,0.00000,0.00000,1,0.00031
63.7114,0.86948,0.33387,0.86948,0.33387,0.80951,0.20268,-0.38157,2.57170,-1.59583,2.26768,-1.59583,2.26768,0.00000,0.00000,0,0.00040
63.8119,0.72323,0.70712,0.72323,0.70712,0.81813,0.54587,-0.42383,2.55066,-1.65103,1.73185,-1.65103,1.73185,0.00000,0.00000,0,0.00044
63.9138,0.50125,0.89827,0.50125,0.89827,0.60194,0.78355,-0.45820,2.51607,-1.36111,1.34075,-1.36111,1.34075,0.00000,0.00000,0,0.00026
64.0162,0.19508,0.89320,0.19508,0.89320,0.36693,0.89530,-0.48271,2.47281,-1.03310,1.12986,-1.03310,1.12986,0.00000,0.00000,0,0.00027
64.1181,0.09881,0.90186,0.09881,0.90186,0.17213,0.90013,-0.49459,2.42796,-0.75279,1.07777,-0.75279,1.07777,0.00000,0.00000,0,0.00029
64.2206,-0.14284,0.69902,-0.14284,0.69902,-0.04849,0.77672,-0.49657,2.38630,-0.42383,1.22121,-0.42383,1.22121,0.00000,0.00000,0,0.00026
64.3217,-0.24946,0.54620,-0.24946,0.54620,-0.20064,0.61120,-0.48906,2.35278,-0.18810,1.43598,-0.18810,1.43598,0.00000,0.00000,0,0.00035
64.4232,-0.34660,0.34233,-0.34660,0.34233,-0.29340,0.45981,-0.47636,2.32618,-0.03626,1.63647,-0.03626,1.63647,0.00000,0.00000,0,0.00027
64.5252,-0.31519,0.09619,-0.31519,0.09619,-0.31400,0.23228,-0.46079,2.30968,0.01022,1.96126,0.01022,1.96126,0.00000,0.00000,0,0.00031
64.6274,-0.25479,0.02134,-0.25479,0.02134,-0.30396,0.06467,-0.44442,2.30388,0.01152,2.20688,0.01152,2.20688,0.00000,0.00000,0,0.00028
64.7300,-0.22454,-0.03236,-0.22454,-0.03236,-0.24960,0.00175,-0.43111,2.30289,-0.05672,2.30027,-0.05672,2.30027,0.00000,0.00000,32,0.00027
64.8312,-0.11607,-0.09747,-0.11607,-0.09747,-0.16218,-0.06431,-0.42121,2.30464,-0.17794,2.40111,-0.17794,2.40111,0.00000,0.00000,0,0.00026
64.9331,-0.06680,-0.12893,-0.06680,-0.12893,-0.08710,-0.11574,-0.41560,2.30958,-0.28494,2.48320,-0.28494,2.48320,0.00000,0.00000,0,0.00091
65.0341,-0.05237,-0.14468,-0.05237,-0.14468,-0.06077,-0.13773,-0.41213,2.31608,-0.32097,2.52268,-0.32097,2.52268,0.00000,0.00000,0,0.00028
65.1355,-0.01303,-0.13869,-0.01303,-0.13869,-0.03240,-0.14383,-0.40979,2.32328,-0.36119,2.53903,-0.36119,2.53903,0.00000,0.00000,0,0.00052
65.2367,0.12682,-0.06144,0.12682,-0.06144,0.06829,-0.09795,-0.41068,2.32937,-0.51312,2.47629,-0.51312,2.47629,0.00000,0.00000,0,0.00031
65.3405,0.16044,-0.06364,0.16044,-0.06364,0.13636,-0.07099,-0.41632,2.33323,-0.62087,2.43971,-0.62087,2.43971,0.00000,0.00000,0,0.00131
65.4404,0.22570,-0.04590,0.22570,-0.04590,0.19420,-0.05318,-0.42467,2.33626,-0.71597,2.41602,-0.71597,2.41602,0.00000,0.00000,0,0.00030
65.5419,0.27265,-0.02122,0.27265,-0.02122,0.24330,-0.03417,-0.43584,2.33841,-0.80078,2.38967,-0.80078,2.38967,0.00000,0.00000,0,0.00036
65.6432,0.35134,0.01551,0.35134,0.01551,0.32558,-0.00365,-0.45079,2.33886,-0.93916,2.34434,-0.93916,2.34434,0.00000,0.00000,32,0.00028
65.7437,0.39743,0.04043,0.39743,0.04043,0.38274,0.02515,-0.46895,2.33860,-1.04306,2.30088,-1.04306,2.30088,0.00000,0.00000,0,0.00033
65.8443,0.41138,0.09907,0.41138,0.09907,0.40141,0.06283,-0.48860,2.33649,-1.09072,2.24225,-1.09072,2.24225,0.00000,0.00000,0,0.00030
65.9463,0.40468,0.17477,0.40468,0.17477,0.40190,0.14387,-0.50866,2.33078,-1.11151,2.11498,-1.11151,2.11498,0.00000,0.00000,0,0.00027
66.0497,0.40765,0.18504,0.40765,0.18504,0.40575,0.17537,-0.52890,2.32253,-1.13753,2.05947,-1.13753,2.05947,0.00000,0.00000,0,0.00047
66.1506,0.40724,0.20607,0.40724,0.20607,0.40774,0.19629,-0.54929,2.31311,-1.16090,2.01869,-1.16090,2.01869,0.00000,0.00000,0,0.00036
66.2509,0.41407,0.23172,0.41407,0.23172,0.41113,0.21936,-0.56977,2.30263,-1.18646,1.97360,-1.18646,1.97360,0.00000,0.00000,0,0.00028
66.3513,0.42402,0.28307,0.42402,0.28307,0.41941,0.25765,-0.59054,2.29066,-1.21965,1.90418,-1.21965,1.90418,0.00000,0.00000,0,0.00025
66.4520,0.44564,0.48153,0.44564,0.48153,0.43342,0.37648,-0.61186,2.27512,-1.26200,1.71039,-1.26200,1.71039,0.00000,0.00000,0,0.00038
66.5538,0.45771,0.58619,0.45771,0.58619,0.45770,0.52548,-0.63454,2.25135,-1.32109,1.46313,-1.32109,1.46313,0.00000,0.00000,0,0.00043
66.6546,0.40934,0.64969,0.40934,0.64969,0.43898,0.61564,-0.65712,2.22219,-1.31559,1.29872,-1.31559,1.29872,0.00000,0.00000,0,0.00025
66.7564,0.38991,0.66003,0.38991,0.66003,0.39921,0.65062,-0.67767,2.19033,-1.27648,1.21440,-1.27648,1.21440,0.00000,0.00000,0,0.00029
66.8568,0.34938,0.67614,0.34938,0.67614,0.36636,0.66693,-0.69669,2.15735,-1.24622,1.15696,-1.24622,1.15696,0.00000,0.00000,0,0.00034
66.9594,0.26081,0.76716,0.26081,0.76716,0.29135,0.73017,-0.71287,2.12244,-1.14989,1.02718,-1.14989,1.02718,0.00000,0.00000,0,0.00026
67.0604,0.00396,0.81017,0.00396,0.81017,0.10545,0.79485,-0.72251,2.08361,-0.88067,0.89133,-0.88067,0.89133,0.00000,0.00000,0,0.00026
67.1614,-0.10502,0.78192,-0.10502,0.78192,-0.03635,0.80362,-0.72358,2.04312,-0.66906,0.83769,-0.66906,0.83769,0.00000,0.00000,0,0.00026
67.2624,-0.28347,0.70226,-0.28347,0.70226,-0.20157,0.74010,-0.71692,2.00474,-0.41457,0.89459,-0.41457,0.89459,0.00000,0.00000,0,0.00026
67.3635,-0.41737,0.47466,-0.41737,0.47466,-0.37691,0.58525,-0.70083,1.97164,-0.13547,1.09377,-0.13547,1.09377,0.00000,0.00000,0,0.00025
67.4658,-0.45571,0.30084,-0.45571,0.30084,-0.44046,0.39305,-0.68014,1.94782,-0.01945,1.35823,-0.01945,1.35823,0.00000,0.00000,0,0.00071
67.5697,-0.46966,0.22605,-0.46966,0.22605,-0.45577,0.26686,-0.65780,1.93228,0.02586,1.53199,0.02586,1.53199,0.00000,0.00000,0,0.00190
67.6695,-0.50856,0.03924,-0.50856,0.03924,-0.48364,0.09233,-0.63441,1.92421,0.09105,1.78571,0.09105,1.78571,0.00000,0.00000,0,0.00025
67.7708,-0.37591,-0.01810,-0.37591,-0.01810,-0.41598,0.00754,-0.61184,1.92263,0.01213,1.91133,0.01213,1.91133,0.00000,0.00000,32,0.00026
67.8731,-0.36511,-0.03471,-0.36511,-0.03471,-0.38034,-0.02726,-0.59211,1.92335,-0.02160,1.96424,-0.02160,1.96424,0.00000,0.00000,0,0.00098
67.9729,-0.35964,-0.04942,-0.35964,-0.04942,-0.36842,-0.04227,-0.57343,1.92519,-0.02081,1.98859,-0.02081,1.98859,0.00000,0.00000,0,0.00026
68.0746,-0.31480,-0.08983,-0.31480,-0.08983,-0.33649,-0.07130,-0.55586,1.92808,-0.05112,2.03503,-0.05112,2.03503,0.00000,0.00000,0,0.00026
68.1767,-0.23860,-0.13939,-0.23860,-0.13939,-0.27538,-0.11424,-0.54072,1.93284,-0.12766,2.10420,-0.12766,2.10420,0.00000,0.00000,0,0.00032
68.2797,-0.19208,-0.16478,-0.19208,-0.16478,-0.21319,-0.15109,-0.52898,1.93974,-0.20920,2.16638,-0.20920,2.16638,0.00000,0.00000,0,0.00031
68.3817,-0.17941,-0.17340,-0.17941,-0.17340,-0.18643,-0.16762,-0.51920,1.94784,-0.23955,2.19927,-0.23955,2.19927,0.00000,0.00000,0,0.00038
68.4824,-0.16721,-0.18077,-0.16721,-0.18077,-0.17315,-0.17682,-0.51030,1.95651,-0.25058,2.22173,-0.25058,2.22173,0.00000,0.00000,0,0.00027
68.5827,-0.11831,-0.16077,-0.11831,-0.16077,-0.14402,-0.17266,-0.50231,1.96540,-0.28629,2.22439,-0.28629,2.22439,0.00000,0.00000,0,0.00025
68.6862,-0.00420,-0.16427,-1.00420,-0.16427,-0.81018,-0.15227,-0.60769,1.97320,0.60759,2.20161,0.60759,2.20161,1.00000,0.00000,0,0.00138
68.7861,-0.01646,-0.73215,-1.01646,-0.73215,-0.98574,-0.54606,-0.56086,1.99210,0.91775,2.81119,0.91775,2.81119,1.00000,0.00000,0,0.00032
68.8892,0.56451,-1.12497,-0.43549,-1.12497,-0.68016,-0.99425,-0.51860,2.03462,0.50164,3.52600,0.50164,3.52600,1.00000,0.00000,0,0.00035
68.9923,1.24922,-1.02085,0.24922,-1.02085,0.03478,-1.05651,-0.50839,2.08752,-0.56055,3.67229,-0.56055,3.67229,1.00000,0.00000,0,0.00102
69.0929,1.43096,-0.55952,0.43096,-0.55952,0.31234,-0.71792,-0.51889,2.13112,-0.98740,3.20799,-0.98740,3.20799,1.00000,0.00000,0,0.00036
69.1941,1.46418,-0.40724,0.46418,-0.40724,0.43676,-0.48805,-0.53902,2.15975,-1.19415,2.89183,-1.19415,2.89183,1.00000,0.00000,0,0.00042
69.2997,1.50200,-0.19647,0.50200,-0.19647,0.47892,-0.27824,-0.56205,2.17761,-1.28043,2.59496,-1.28043,2.59496,1.00000,0.00000,0,0.00034
69.4013,1.46325,-0.07408,0.46325,-0.07408,0.47400,-0.12570,-0.58608,2.18669,-1.29708,2.37524,-1.29708,2.37524,1.00000,0.00000,0,0.00027
69.5032,1.42865,-0.00441,0.42865,-0.00441,0.44198,-0.02856,-0.60882,2.18959,-1.27178,2.23242,-1.27178,2.23242,1.00000,0.00000,0,0.00025
69.6039,1.33909,0.09774,0.33909,0.09774,0.38411,0.05102,-0.62945,2.18877,-1.20561,2.11223,-1.20561,2.11223,1.00000,0.00000,0,0.00036
69.7053,1.10482,0.23808,0.10482,0.23808,0.21581,0.19945,-0.64460,2.18181,-0.96831,1.88264,-0.96831,1.88264,1.00000,0.00000,0,0.00031
69.8063,1.02025,0.30016,0.02025,0.30016,0.07161,0.27607,-0.65070,2.16941,-0.75811,1.75531,-0.75811,1.75531,1.00000,0.00000,0,0.00033
69.9067,0.98156,0.27573,-0.01844,0.27573,0.00186,0.27391,-0.65177,2.15577,-0.65456,1.74489,-0.65456,1.74489,1.00000,0.00000,16,0.00030
70.0116,0.95547,0.26316,-0.04453,0.26316,-0.03088,0.26697,-0.65121,2.14230,-0.60489,1.74185,-0.60489,1.74185,1.00000,0.00000,0,0.00077
70.1136,0.92170,0.25866,-0.07830,0.25866,-0.06218,0.26048,-0.64875,2.12917,-0.55548,1.73845,-0.55548,1.73845,1.00000,0.00000,0,0.00195
70.2150,0.87388,0.24057,-0.12612,0.24057,-0.10495,0.24845,-0.64440,2.11646,-0.48698,1.74378,-0.48698,1.74378,1.00000,0.00000,0,0.00028
70.3160,0.75012,0.18196,-0.24988,0.18196,-0.19233,0.20999,-0.63690,2.10500,-0.34840,1.79001,-0.34840,1.79001,1.00000,0.00000,0,0.00041
70.4174,0.62378,0.13599,-0.37622,0.13599,-0.31177,0.15720,-0.62380,2.09616,-0.15615,1.86036,-0.15615,1.86036,1.00000,0.00000,0,0.00030
70.5207,0.54907,0.06661,-0.45093,0.06661,-0.41208,0.10364,-0.60502,2.08967,0.01309,1.93420,0.01309,1.93420,1.00000,0.00000,0,0.00033
70.6214,0.52585,-0.09457,-0.47415,-0.09457,-0.46363,-0.04500,-0.58254,2.08899,0.11291,2.15649,0.11291,2.15649,1.00000,0.00000,0,0.00026
70.7224,0.50296,-0.12819,-0.49704,-0.12819,-0.49342,-0.10471,-0.55833,2.09332,0.18181,2.25038,0.18181,2.25038,1.00000,0.00000,0,0.00029
70.8231,0.50323,-0.14226,-0.49677,-0.14226,-0.49476,-0.13551,-0.53368,2.09961,0.20847,2.30289,0.20847,2.30289,1.00000,0.00000,0,0.00026
70.9243,0.50294,-0.16220,-0.49706,-0.16220,-0.49643,-0.15349,-0.50889,2.10690,0.23576,2.33714,0.23576,2.33714,1.00000,0.00000,0,0.00028
71.0259,0.49607,-0.19037,-0.50393,-0.19037,-0.50084,-0.17966,-0.48395,2.11540,0.26731,2.38488,0.26731,2.38488,1.00000,0.00000,0,0.00035
71.1273,0.49253,-0.21255,-0.50747,-0.21255,-0.50632,-0.20027,-0.45873,2.12494,0.30075,2.42534,0.30075,2.42534,1.00000,0.00000,0,0.00027
71.2290,0.48053,-0.25561,-0.51947,-0.25561,-0.51389,-0.23506,-0.43324,2.13590,0.33759,2.48850,0.33759,2.48850,1.00000,0.00000,0,0.00029
71.3305,0.43116,-0.41690,-0.56884,-0.41690,-0.54491,-0.36661,-0.40692,2.15127,0.41044,2.70119,0.41044,2.70119,1.00000,0.00000,0,0.00028
71.4319,0.46585,-0.45408,-0.53415,-0.45408,-0.53690,-0.43202,-0.37971,2.17173,0.42565,2.81976,0.42565,2.81976,1.00000,0.00000,0,0.00032
71.5332,0.49988,-0.48698,-0.50012,-0.48698,-0.51943,-0.46793,-0.35310,2.19443,0.42604,2.89633,0.42604,2.89633,1.00000,0.00000,0,0.00025
71.6357,0.53660,-0.53105,-0.46340,-0.53105,-0.48372,-0.51063,-0.32813,2.21908,0.39745,2.98503,0.39745,2.98503,1.00000,0.00000,0,0.00031
71.7372,0.55810,-0.57920,-0.44190,-0.57920,-0.45587,-0.55587,-0.30478,2.24589,0.37902,3.07970,0.37902,3.07970,1.00000,0.00000,0,0.00035
71.8392,0.58646,-0.61737,-0.41354,-0.61737,-0.42767,-0.59894,-0.28283,2.27503,0.35867,3.17344,0.35867,3.17344,1.00000,0.00000,0,0.00036
71.9410,0.67282,-0.68517,-0.32718,-0.68517,-0.37055,-0.64967,-0.26293,2.30634,0.29289,3.28085,0.29289,3.28085,1.00000,0.00000,0,0.00028
72.0424,0.83980,-0.77214,-0.16020,-0.77214,-0.22564,-0.73832,-0.24863,2.34154,0.08983,3.44901,0.08983,3.44901,1.00000,0.00000,0,0.00063
72.1435,1.03866,-0.73291,0.03866,-0.73291,-0.06962,-0.74901,-0.24143,2.37935,-0.13700,3.50287,-0.13700,3.50287,1.00000,0.00000,0,0.00032
72.2460,1.16561,-0.65475,0.16561,-0.65475,0.12076,-0.67968,-0.24480,2.41460,-0.42594,3.43412,-0.42594,3.43412,1.00000,0.00000,0,0.00026
72.3486,1.19889,-0.65282,0.19889,-0.65282,0.18562,-0.65914,-0.25312,2.44793,-0.53156,3.43664,-0.53156,3.43664,1.00000,0.00000,0,0.00027
72.4511,1.22588,-0.63732,0.22588,-0.63732,0.21595,-0.64458,-0.26337,2.48044,-0.58730,3.44731,-0.58730,3.44731,1.00000,0.00000,0,0.00032
72.5524,1.23737,-0.61804,0.23737,-0.61804,0.23154,-0.62717,-0.27464,2.51217,-0.62195,3.45293,-0.62195,3.45293,1.00000,0.00000,0,0.00028
72.6542,1.25498,-0.58234,0.25498,-0.58234,0.24690,-0.59825,-0.28665,2.54273,-0.65700,3.44010,-0.65700,3.44010,1.00000,0.00000,0,0.00025
72.7552,1.27008,-0.53125,0.27008,-0.53125,0.26277,-0.55436,-0.29948,2.57136,-0.69364,3.40289,-0.69364,3.40289,1.00000,0.00000,0,0.00026
72.8564,1.28187,-0.48132,0.28187,-0.48132,0.27684,-0.50697,-0.31307,2.59770,-0.72833,3.35815,-0.72833,3.35815,1.00000,0.00000,0,0.00023
72.9579,1.31817,-0.33588,0.31817,-0.33588,0.30229,-0.39024,-0.32755,2.61992,-0.78098,3.20528,-0.78098,3.20528,1.00000,0.00000,0,0.00050
73.0587,1.31332,-0.30477,0.31332,-0.30477,0.31141,-0.32591,-0.34307,2.63730,-0.81018,3.12617,-0.81018,3.12617,1.00000,0.00000,0,0.00025
73.1614,1.31411,-0.28659,0.31411,-0.28659,0.31509,-0.29772,-0.35879,2.65268,-0.83143,3.09926,-0.83143,3.09926,1.00000,0.00000,0,0.00026
73.2625,1.31146,-0.17792,0.31146,-0.17792,0.31628,-0.22829,-0.37462,2.66592,-0.84904,3.00836,-0.84904,3.00836,1.00000,0.00000,0,0.00099
73.3623,1.32524,-0.14566,0.32524,-0.14566,0.32052,-0.16391,-0.39046,2.67513,-0.87124,2.92099,-0.87124,2.92099,1.00000,0.00000,0,0.00023
73.4637,1.31756,-0.12045,0.31756,-0.12045,0.32009,-0.13463,-0.40649,2.68242,-0.88663,2.88436,-0.88663,2.88436,1.00000,0.00000,0,0.00026
73.5662,1.29341,-0.08972,0.29341,-0.08972,0.30009,-0.09671,-0.42182,2.68791,-0.87196,2.83298,-0.87196,2.83298,1.00000,0.00000,0,0.00030
73.6708,1.28564,-0.07466,1.28564,-0.07466,0.94736,-0.07934,-0.27653,2.69216,-1.69756,2.81116,-1.69756,2.81116,0.00000,0.00000,0,0.00029
73.7730,1.35491,1.06823,1.35491,1.06823,1.30294,0.61706,-0.33639,2.67977,-2.29081,1.75418,-2.29081,1.75418,0.00000,0.00000,0,0.00099
73.8733,0.61345,1.77499,0.61345,1.77499,0.88881,1.44881,-0.39162,2.64019,-1.72483,0.46698,-1.72483,0.46698,0.00000,0.00000,0,0.00026
73.9754,0.31525,1.89268,0.31525,1.89268,0.45074,1.81472,-0.42087,2.55413,-1.09699,-0.16794,-1.09699,-0.16794,0.00000,0.00000,0,0.00025
74.0790,-0.08599,1.66954,-0.08599,1.66954,0.07213,1.76484,-0.43181,2.46341,-0.54001,-0.18384,-0.54001,-0.18384,0.00000,0.00000,0,0.00027
74.1806,-0.45835,1.13860,-0.45835,1.13860,-0.24015,1.40695,-0.42670,2.38420,-0.06648,0.27377,-0.06648,0.27377,0.00000,0.00000,0,0.00027
74.2813,-0.73478,0.60558,-0.73478,0.60558,-0.62762,0.86944,-0.40168,2.32955,0.53975,1.02539,0.53975,1.02539,0.00000,0.00000,0,0.00026
74.3817,-0.76549,0.12930,-0.76549,0.12930,-0.75643,0.32501,-0.36557,2.30429,0.76908,1.81678,0.76908,1.81678,0.00000,0.00000,0,0.00027
74.4825,-0.42617,-0.24846,-0.42617,-0.24846,-0.55344,-0.09572,-0.33281,2.30171,0.49734,2.44529,0.49734,2.44529,0.00000,0.00000,0,0.00028
74.5840,-0.15516,-0.46451,-0.15516,-0.46451,-0.25608,-0.36787,-0.31465,2.31530,0.06946,2.86712,0.06946,2.86712,0.00000,0.00000,0,0.00042
74.6847,0.06371,-0.42626,0.06371,-0.42626,-0.05119,-0.44102,-0.30759,2.33708,-0.23080,2.99861,-0.23080,2.99861,0.00000,0.00000,0,0.00026
74.7861,0.34107,-0.34431,0.34107,-0.34431,0.22947,-0.36729,-0.31410,2.35671,-0.65831,2.90765,-0.65831,2.90765,0.00000,0.00000,0,0.00029
74.8874,0.52496,-0.21839,0.52496,-0.21839,0.44665,-0.26694,-0.33240,2.37213,-1.00238,2.77254,-1.00238,2.77254,0.00000,0.00000,0,0.00029
74.9910,0.65623,0.04735,0.65623,0.04735,0.60253,-0.03570,-0.35964,2.37867,-1.26343,2.43222,-1.26343,2.43222,0.00000,0.00000,0,0.00046
75.0916,0.65462,0.12497,0.65462,0.12497,0.64573,0.07500,-0.39135,2.37705,-1.35994,2.26456,-1.35994,2.26456,0.00000,0.00000,0,0.00030
75.1931,0.65125,0.31555,0.65125,0.31555,0.65304,0.24679,-0.42399,2.36804,-1.40355,1.99785,-1.40355,1.99785,0.00000,0.00000,0,0.00027
75.2968,0.72034,0.53921,0.72034,0.53921,0.69058,0.45317,-0.45748,2.34967,-1.49335,1.66991,-1.49335,1.66991,0.00000,0.00000,0,0.00027
75.4014,0.69331,0.66280,0.69331,0.66280,0.69033,0.59237,-0.49205,2.32299,-1.52755,1.43444,-1.52755,1.43444,0.00000,0.00000,0,0.00078
75.5040,0.66651,0.71748,0.66651,0.71748,0.67929,0.67974,-0.52638,2.29061,-1.54533,1.27100,-1.54533,1.27100,0.00000,0.00000,0,0.00036
75.6043,0.55389,0.78769,0.55389,0.78769,0.59194,0.75632,-0.55781,2.25418,-1.44572,1.11970,-1.44572,1.11970,0.00000,0.00000,0,0.00029
75.7048,0.38130,0.85965,0.38130,0.85965,0.46060,0.81685,-0.58395,2.21466,-1.27485,0.98938,-1.27485,0.98938,0.00000,0.00000,0,0.00027
75.8065,0.28413,0.86216,0.28413,0.86216,0.34251,0.85230,-0.60344,2.17245,-1.11721,0.89399,-1.11721,0.89399,0.00000,0.00000,0,0.00037
75.9108,-0.03374,0.87878,-0.03374,0.87878,0.10709,0.88101,-0.61440,2.12858,-0.77504,0.80707,-0.77504,0.80707,0.00000,0.00000,0,0.00129
76.0108,-0.26088,0.75330,-0.26088,0.75330,-0.14019,0.81299,-0.61231,2.08604,-0.40203,0.86656,-0.40203,0.86656,0.00000,0.00000,0,0.00025
76.1118,-0.43916,0.49143,-0.43916,0.49143,-0.36382,0.62045,-0.59807,2.05057,-0.05234,1.11989,-0.05234,1.11989,0.00000,0.00000,0,0.00028
76.2150,-0.44652,0.27961,-0.44652,0.27961,-0.43306,0.38343,-0.57763,2.02637,0.07195,1.45122,0.07195,1.45122,0.00000,0.00000,0,0.00078
76.3170,-0.44776,0.15386,-0.44776,0.15386,-0.44340,0.22821,-0.55571,2.01202,0.10938,1.66970,0.10938,1.66970,0.00000,0.00000,0,0.00030
76.4180,-0.43470,0.00745,-0.43470,0.00745,-0.45731,0.05849,-0.53286,2.00649,0.15310,1.91876,0.15310,1.91876,0.00000,0.00000,0,0.00032
76.5213,-0.37786,-0.03139,-0.37786,-0.03139,-0.39064,-0.01484,-0.51240,2.00613,0.07357,2.02839,0.07357,2.02839,0.00000,0.00000,32,0.00029
76.6217,-0.35140,-0.05685,-0.35140,-0.05685,-0.36419,-0.04400,-0.49364,2.00782,0.05265,2.07382,0.05265,2.07382,0.00000,0.00000,0,0.00026
76.7239,-0.27787,-0.10843,-0.27787,-0.10843,-0.30974,-0.08633,-0.47686,2.01119,-0.01225,2.14068,-0.01225,2.14068,0.00000,0.00000,0,0.00099
76.8241,-0.19123,-0.15955,-0.19123,-0.15955,-0.22231,-0.14023,-0.46407,2.01721,-0.13060,2.22755,-0.13060,2.22755,0.00000,0.00000,0,0.00034
76.9264,-0.16762,-0.17973,-0.16762,-0.17973,-0.18312,-0.17043,-0.45420,2.02523,-0.17953,2.28088,-0.17953,2.28088,0.00000,0.00000,0,0.00047
77.0299,-0.16082,-0.18704,-0.16082,-0.18704,-0.16648,-0.18327,-0.44560,2.03419,-0.19588,2.30909,-0.19588,2.30909,0.00000,0.00000,0,0.00029
77.1313,-0.15585,-0.19663,-0.15585,-0.19663,-0.15876,-0.19202,-0.43752,2.04360,-0.19938,2.33163,-0.19938,2.33163,0.00000,0.00000,0,0.00024
77.2328,-0.07739,-0.17498,-0.07739,-0.17498,-0.11146,-0.18308,-0.43066,2.05304,-0.26347,2.32766,-0.26347,2.32766,0.00000,0.00000,0,0.00028
77.3334,0.08803,-0.10997,0.08803,-0.10997,0.01642,-0.13283,-0.42856,2.06075,-0.45319,2.26000,-0.45319,2.26000,0.00000,0.00000,16,0.00026
77.4349,0.22133,-0.04449,0.22133,-0.04449,0.16511,-0.05847,-0.43418,2.06495,-0.68184,2.15265,-0.68184,2.15265,0.00000,0.00000,0,0.00027
77.5372,0.24337,-0.02924,0.24337,-0.02924,0.22799,-0.03588,-0.44473,2.06716,-0.78672,2.12099,-0.78672,2.12099,0.00000,0.00000,0,0.00030
77.6394,0.32047,-0.01831,0.32047,-0.01831,0.29492,-0.01950,-0.45804,2.06819,-0.90042,2.09744,-0.90042,2.09744,0.00000,0.00000,32,0.00040
77.7409,0.34288,0.00799,0.34288,0.00799,0.33044,-0.00012,-0.47401,2.06819,-0.96966,2.06837,-0.96966,2.06837,0.00000,0.00000,32,0.00031
77.8437,0.37433,0.02972,0.37433,0.02972,0.35910,0.01866,-0.49138,2.06819,-1.03003,2.04020,-1.03003,2.04020,0.00000,0.00000,32,0.00115
77.9453,0.37841,0.04574,0.37841,0.04574,0.37472,0.03535,-0.50991,2.06679,-1.07199,2.01376,-1.07199,2.01376,0.00000,0.00000,0,0.00032
78.0475,0.37388,0.13633,0.37388,0.13633,0.37766,0.09992,-0.52882,2.06340,-1.09530,1.91352,-1.09530,1.91352,0.00000,0.00000,0,0.00030
78.1520,0.38372,0.16832,0.38372,0.16832,0.38206,0.15138,-0.54780,2.05668,-1.12089,1.82961,-1.12089,1.82961,0.00000,0.00000,0,0.00110
78.2522,0.38474,0.18880,0.38474,0.18880,0.38389,0.17887,-0.56694,2.04824,-1.14278,1.77993,-1.14278,1.77993,0.00000,0.00000,0,0.00035
78.3542,0.38217,0.20923,0.38217,0.20923,0.38373,0.19937,-0.58614,2.03868,-1.16173,1.73963,-1.16173,1.73963,0.00000,0.00000,0,0.00036
78.4553,0.39172,0.23513,0.39172,0.23513,0.38663,0.22252,-0.60535,2.02806,-1.18531,1.69428,-1.18531,1.69428,0.00000,0.00000,0,0.00098
78.5558,0.39680,0.29157,0.39680,0.29157,0.39400,0.26611,-0.62491,2.01577,-1.21592,1.61660,-1.21592,1.61660,0.00000,0.00000,0,0.00032
78.6566,0.41581,0.53819,-0.58419,0.53819,-0.10250,0.43658,-0.78786,1.99826,-0.62342,1.34339,-0.63410,1.34339,1.00000,0.00000,1,0.00037
78.7574,0.29624,0.50344,-0.70376,0.50344,-0.56789,0.51124,-0.76648,1.97334,0.08535,1.20648,0.08535,1.20648,1.00000,0.00000,0,0.00029
78.8580,0.19614,0.32337,-0.80386,0.32337,-0.74469,0.39429,-0.73227,1.95082,0.38477,1.35938,0.38477,1.35938,1.00000,0.00000,0,0.00031
78.9593,0.07133,-0.03638,-0.92867,-0.03638,-0.87104,0.05172,-0.69117,1.94202,0.61538,1.86444,0.61538,1.86444,1.00000,0.00000,0,0.00027
79.0612,0.08409,-0.15521,-0.91591,-0.15521,-0.90648,-0.09094,-0.64648,1.94400,0.71324,2.08041,0.71324,2.08041,1.00000,0.00000,0,0.00025
79.1626,0.04962,-0.33821,-0.95038,-0.33821,-0.92611,-0.27085,-0.60082,1.95367,0.78834,2.35995,0.78834,2.35995,1.00000,0.00000,0,0.00089
79.2625,0.08357,-0.38196,-0.91643,-0.38196,-0.91944,-0.35467,-0.55447,1.96989,0.82469,2.50190,0.82469,2.50190,1.00000,0.00000,0,0.00025
79.3647,0.10984,-0.46980,-0.89016,-0.46980,-0.90633,-0.42405,-0.50870,1.98950,0.85079,2.62557,0.85079,2.62557,1.00000,0.00000,0,0.00029
79.4663,0.14702,-0.54971,-0.85298,-0.54971,-0.87126,-0.50447,-0.46441,2.01304,0.84248,2.76975,0.84248,2.76975,1.00000,0.00000,0,0.00031
79.5704,0.25250,-0.74304,-0.74750,-0.74304,-0.79656,-0.66809,-0.42274,2.04301,0.77211,3.04515,0.77211,3.04515,1.00000,0.00000,0,0.00164
79.6704,0.40358,-0.86352,-0.59642,-0.86352,-0.66812,-0.80891,-0.38650,2.08077,0.61568,3.29413,0.61568,3.29413,1.00000,0.00000,0,0.00029
79.7718,0.72409,-0.99364,-0.27591,-0.99364,-0.42380,-0.92871,-0.35982,2.12459,0.27588,3.51765,0.27588,3.51765,1.00000,0.00000,0,0.00031
79.8743,1.16915,-0.85488,0.16915,-0.85488,-0.05017,-0.91706,-0.34909,2.17192,-0.27383,3.54751,-0.27383,3.54751,1.00000,0.00000,0,0.00030
79.9767,1.21647,-0.74623,0.21647,-0.74623,0.16036,-0.80541,-0.35376,2.21468,-0.59430,3.42279,-0.59430,3.42279,1.00000,0.00000,0,0.00028
80.0776,1.22160,-0.67296,0.22160,-0.67296,0.20747,-0.70725,-0.36345,2.25177,-0.67465,3.31265,-0.67465,3.31265,1.00000,0.00000,0,0.00035
80.1810,1.21795,-0.64091,0.21795,-0.64091,0.21531,-0.65711,-0.37413,2.28553,-0.69709,3.27119,-0.69709,3.27119,1.00000,0.00000,0,0.00028
80.2819,1.23254,-0.57948,0.23254,-0.57948,0.22610,-0.60738,-0.38520,2.31693,-0.72435,3.22799,-0.72435,3.22799,1.00000,0.00000,0,0.00026
80.3835,1.23809,-0.52413,0.23809,-0.52413,0.23537,-0.54920,-0.39681,2.34550,-0.74987,3.16930,-0.74987,3.16930,1.00000,0.00000,0,0.00027
80.4845,1.24859,-0.42363,0.24859,-0.42363,0.24340,-0.47343,-0.40879,2.37097,-0.77389,3.08112,-0.77389,3.08112,1.00000,0.00000,0,0.00028
80.5855,1.27022,-0.33124,0.27022,-0.33124,0.26799,-0.36217,-0.42182,2.39081,-0.82380,2.93407,-0.82380,2.93407,1.00000,0.00000,0,0.00027
80.6867,1.28127,-0.23385,0.28127,-0.23385,0.27607,-0.28780,-0.43538,2.40692,-0.84949,2.83861,-0.84949,2.83861,1.00000,0.00000,0,0.00028
80.7911,1.27213,-0.17428,0.27213,-0.17428,0.27036,-0.19984,-0.44894,2.41837,-0.85447,2.71813,-0.85447,2.71813,1.00000,0.00000,0,0.00225
80.8911,1.23987,-0.12221,0.23987,-0.12221,0.24861,-0.14570,-0.46188,2.42684,-0.83479,2.64539,-0.83479,2.64539,1.00000,0.00000,0,0.00033
80.9918,1.22758,-0.12157,0.22758,-0.12157,0.23440,-0.12774,-0.47386,2.43359,-0.82546,2.62520,-0.82546,2.62520,1.00000,0.00000,0,0.00041
81.0929,1.22452,-0.11195,0.22452,-0.11195,0.22724,-0.11608,-0.48535,2.43963,-0.82620,2.61375,-0.82620,2.61375,1.00000,0.00000,0,0.00031
81.1949,1.21315,-0.09984,0.21315,-0.09984,0.21772,-0.10434,-0.49645,2.44507,-0.82304,2.60158,-0.82304,2.60158,1.00000,0.00000,0,0.00028
81.2959,1.20594,-0.08618,0.20594,-0.08618,0.20994,-0.09263,-0.50710,2.44994,-0.82201,2.58889,-0.82201,2.58889,1.00000,0.00000,0,0.00031
81.3983,1.17750,-0.05325,0.17750,-0.05325,0.19290,-0.06804,-0.51721,2.45388,-0.80656,2.55593,-0.80656,2.55593,1.00000,0.00000,0,0.00028
81.5000,1.12482,-0.00141,0.12482,-0.00141,0.14597,-0.01460,-0.52535,2.45538,-0.74430,2.47728,-0.74430,2.47728,1.00000,0.00000,32,0.00028
81.6016,0.97461,0.05241,-0.02539,0.05241,0.02926,0.04373,-0.52955,2.45418,-0.57343,2.38858,-0.57343,2.38858,1.00000,0.00000,0,0.00028
81.7024,0.96655,0.08420,-0.03345,0.08420,-0.02129,0.08706,-0.52933,2.45033,-0.49740,2.31975,-0.49740,2.31975,1.00000,0.00000,0,0.00027
81.8036,0.96799,0.09962,-0.03201,0.09962,-0.03222,0.10095,-0.52783,2.44542,-0.47950,2.29400,-0.47950,2.29400,1.00000,0.00000,0,0.00026
81.9050,0.95922,0.11143,-0.04078,0.11143,-0.03925,0.10773,-0.52598,2.44012,-0.46710,2.27852,-0.46710,2.27852,1.00000,0.00000,0,0.00029
82.0060,0.95854,0.11478,-0.04146,0.11478,-0.04153,0.11323,-0.52392,2.43455,-0.46162,2.26471,-0.46162,2.26471,1.00000,0.00000,0,0.00028
82.1096,0.94768,0.11534,-0.05232,0.11534,-0.04834,0.11523,-0.52164,2.42881,-0.44913,2.25597,-0.44913,2.25597,1.00000,0.00000,0,0.00028
82.2099,0.94690,0.11255,-0.05310,0.11255,-0.05284,0.11366,-0.51906,2.42309,-0.43979,2.25260,-0.43979,2.25260,1.00000,0.00000,0,0.00027
82.3120,0.93895,0.11323,-0.06105,0.11323,-0.05646,0.11338,-0.51635,2.41743,-0.43165,2.24736,-0.43165,2.24736,1.00000,0.00000,0,0.00032
82.4158,0.93624,0.10971,-0.06376,0.10971,-0.06174,0.11236,-0.51337,2.41176,-0.42075,2.24322,-0.42075,2.24322,1.00000,0.00000,0,0.00034
82.5186,0.93073,0.10551,-0.06927,0.10551,-0.06612,0.10719,-0.51014,2.40632,-0.41096,2.24553,-0.41096,2.24553,1.00000,0.00000,0,0.00034
82.6194,0.93037,0.10603,-0.06963,0.10603,-0.06925,0.10644,-0.50673,2.40098,-0.40285,2.24133,-0.40285,2.24133,1.00000,0.00000,0,0.00027
82.7208,0.91982,0.09996,-0.08018,0.09996,-0.07651,0.10172,-0.50306,2.39580,-0.38830,2.24322,-0.38830,2.24322,1.00000,0.00000,0,0.00026
82.8234,0.89358,0.08283,-0.10642,0.08283,-0.09398,0.09039,-0.49878,2.39100,-0.35781,2.25542,-0.35781,2.25542,1.00000,0.00000,0,0.00028
82.9244,0.86124,0.06050,-0.13876,0.06050,-0.12572,0.07002,-0.49315,2.38706,-0.30457,2.28204,-0.30457,2.28204,1.00000,0.00000,0,0.00030
83.0248,0.83064,0.01369,-0.16936,0.01369,-0.15437,0.04000,-0.48598,2.38431,-0.25442,2.32431,-0.25442,2.32431,1.00000,0.00000,0,0.00028
83.1271,0.82379,-0.08254,-0.17621,-0.08254,-0.16462,-0.05301,-0.47792,2.38552,-0.23099,2.46503,-0.23099,2.46503,1.00000,0.00000,0,0.00083
83.2301,0.82616,-0.07940,-0.17384,-0.07940,-0.17882,-0.07445,-0.46904,2.38885,-0.20080,2.50053,-0.20080,2.50053,1.00000,0.00000,0,0.00092
83.3319,0.80582,-0.08460,-0.19418,-0.08460,-0.19005,-0.08132,-0.45974,2.39279,-0.17467,2.51477,-0.17467,2.51477,1.00000,0.00000,0,0.00094
83.4318,0.79866,-0.09738,-0.20134,-0.09738,-0.19894,-0.09114,-0.44999,2.39715,-0.15158,2.53385,-0.15158,2.53385,1.00000,0.00000,0,0.00026
83.5321,0.78544,-0.10755,-0.21456,-0.10755,-0.20889,-0.10314,-0.43975,2.40208,-0.12641,2.55679,-0.12641,2.55679,1.00000,0.00000,0,0.00027
83.6339,0.77914,-0.12359,0.77914,-0.12359,0.08362,-0.11650,-0.28414,2.40761,-0.55753,2.58236,-0.40957,2.58236,0.00000,0.00000,1,0.00038
83.7344,0.77973,-0.12318,0.77973,-0.12318,0.66215,-0.12368,-0.29401,2.41370,-1.28724,2.59922,-1.28724,2.59922,0.00000,0.00000,0,0.00034
83.8350,0.78454,-0.06998,0.78454,-0.06998,0.76149,-0.09819,-0.33072,2.41937,-1.47296,2.56666,-1.47296,2.56666,0.00000,0.00000,0,0.00030
83.9375,0.78073,0.02201,0.78073,0.02201,0.77605,-0.01464,-0.36933,2.42158,-1.53341,2.44355,-1.53341,2.44355,0.00000,0.00000,32,0.00032
84.0395,0.78923,0.22743,0.78923,0.22743,0.78558,0.11523,-0.40847,2.41936,-1.58684,2.24651,-1.58684,2.24651,0.00000,0.00000,0,0.00037
84.1400,0.70347,0.40822,0.70347,0.40822,0.75086,0.31838,-0.44738,2.40719,-1.57366,1.92962,-1.57366,1.92962,0.00000,0.00000,0,0.00031
84.2419,0.56370,0.51154,0.56370,0.51154,0.61205,0.46341,-0.48066,2.38639,-1.39874,1.69127,-1.39874,1.69127,0.00000,0.00000,0,0.00116
84.3418,0.54130,0.53911,0.54130,0.53911,0.55846,0.52446,-0.50946,2.36098,-1.34716,1.57429,-1.34716,1.57429,0.00000,0.00000,0,0.00037
84.4425,0.51209,0.57410,0.51209,0.57410,0.52618,0.56003,-0.53641,2.33363,-1.32568,1.49359,-1.32568,1.49359,0.00000,0.00000,0,0.00044
84.5433,0.39578,0.67231,0.39578,0.67231,0.45282,0.61970,-0.56091,2.30416,-1.24015,1.37461,-1.24015,1.37461,0.00000,0.00000,0,0.00026
84.6457,0.29221,0.73143,0.29221,0.73143,0.35828,0.69622,-0.58102,2.27062,-1.11843,1.22630,-1.11843,1.22630,0.00000,0.00000,0,0.00103
84.7463,0.07757,0.75787,0.07757,0.75787,0.14794,0.74448,-0.59238,2.23390,-0.81430,1.11719,-0.81430,1.11719,0.00000,0.00000,0,0.00031
84.8489,-0.08279,0.68027,-0.08279,0.68027,-0.01015,0.70614,-0.59515,2.19762,-0.57992,1.13841,-0.57992,1.13841,0.00000,0.00000,16,0.00028
84.9497,-0.28146,0.57182,-0.28146,0.57182,-0.18408,0.62451,-0.58982,2.16448,-0.31370,1.22772,-0.31370,1.22772,0.00000,0.00000,0,0.00024
85.0518,-0.36463,0.43326,-0.36463,0.43326,-0.32300,0.49565,-0.57589,2.13703,-0.09139,1.39355,-0.09139,1.39355,0.00000,0.00000,0,0.00028
85.1531,-0.38866,0.22362,-0.38866,0.22362,-0.37639,0.33021,-0.55796,2.11661,0.00662,1.62130,0.00662,1.62130,0.00000,0.00000,0,0.00027
85.2538,-0.43298,0.03576,-0.43298,0.03576,-0.39255,0.12570,-0.53907,2.10593,0.04975,1.91737,0.04975,1.91737,0.00000,0.00000,0,0.00026
85.3555,-0.29472,-0.05314,-0.29472,-0.05314,-0.35153,-0.00015,-0.51949,2.10371,0.00780,2.10393,0.00780,2.10393,0.00000,0.00000,32,0.00092
85.4559,-0.29954,-0.07365,-0.29954,-0.07365,-0.31434,-0.05414,-0.50326,2.10535,-0.03176,2.18657,-0.03176,2.18657,0.00000,0.00000,0,0.00030
85.5573,-0.26588,-0.09774,-0.26588,-0.09774,-0.28062,-0.08195,-0.48864,2.10879,-0.06771,2.23171,-0.06771,2.23171,0.00000,0.00000,0,0.00032
85.6594,-0.16455,-0.15088,-0.16455,-0.15088,-0.21033,-0.12716,-0.47651,2.11419,-0.16101,2.30493,-0.16101,2.30493,0.00000,0.00000,0,0.00026
85.7613,-0.13174,-0.17550,-0.13174,-0.17550,-0.14646,-0.16408,-0.46823,2.12179,-0.24853,2.36791,-0.24853,2.36791,0.00000,0.00000,0,0.00156
85.8633,-0.11783,-0.18249,-0.11783,-0.18249,-0.12576,-0.17804,-0.46159,2.13046,-0.27295,2.39753,-0.27295,2.39753,0.00000,0.00000,0,0.00033
85.9636,-0.05665,-0.16555,-0.05665,-0.16555,-0.08901,-0.17510,-0.45614,2.13945,-0.32262,2.40210,-0.32262,2.40210,0.00000,0.00000,0,0.00027
86.0644,0.12980,-0.07080,0.12980,-0.07080,0.03227,-0.12350,-0.45478,2.14709,-0.50318,2.33234,-0.50318,2.33234,0.00000,0.00000,0,0.00027
86.1672,0.20111,-0.05588,0.20111,-0.05588,0.15763,-0.07134,-0.46054,2.15145,-0.69698,2.25846,-0.69698,2.25846,0.00000,0.00000,0,0.00105
86.2669,0.25418,-0.03096,0.25418,-0.03096,0.23179,-0.04234,-0.47091,2.15404,-0.81860,2.21754,-0.81860,2.21754,0.00000,0.00000,0,0.00026
86.3697,0.34458,-0.01709,0.34458,-0.01709,0.30477,-0.01849,-0.48444,2.15502,-0.94160,2.18275,-0.94160,2.18275,0.00000,0.00000,32,0.00028
86.4709,0.37114,0.01872,0.37114,0.01872,0.35028,0.00603,-0.50117,2.15502,-1.02660,2.14597,-1.02660,2.14597,0.00000,0.00000,32,0.00029
86.5749,0.39927,0.03686,0.39927,0.03686,0.39027,0.02628,-0.52007,2.15454,-1.10548,2.11512,-1.10548,2.11512,0.00000,0.00000,0,0.00172
86.6741,0.39761,0.13578,0.39761,0.13578,0.40223,0.09388,-0.54009,2.15152,-1.14343,2.01070,-1.14343,2.01070,0.00000,0.00000,0,0.00036
86.7743,0.40956,0.17385,0.40956,0.17385,0.40604,0.15566,-0.56023,2.14472,-1.16929,1.91123,-1.16929,1.91123,0.00000,0.00000,0,0.00031
86.8774,0.41639,0.19703,0.41639,0.19703,0.41329,0.18474,-0.58075,2.13603,-1.20069,1.85893,-1.20069,1.85893,0.00000,0.00000,0,0.00037
86.9805,0.41803,0.22579,0.41803,0.22579,0.41684,0.21148,-0.60152,2.12603,-1.22678,1.80881,-1.22678,1.80881,0.00000,0.00000,0,0.00028
87.0820,0.42186,0.26729,0.42186,0.26729,0.42076,0.24715,-0.62249,2.11447,-1.25363,1.74374,-1.25363,1.74374,0.00000,0.00000,0,0.00028
87.1826,0.44029,0.46748,0.44029,0.46748,0.43080,0.35805,-0.64377,2.09959,-1.28998,1.56252,-1.28998,1.56252,0.00000,0.00000,0,0.00027
87.2838,0.40381,0.61775,0.40381,0.61775,0.44109,0.54033,-0.66620,2.07582,-1.32783,1.26533,-1.32783,1.26533,0.00000,0.00000,0,0.00026
87.3867,0.36970,0.67740,0.36970,0.67740,0.38285,0.64096,-0.68620,2.04562,-1.26047,1.08418,-1.26047,1.08418,0.00000,0.00000,0,0.00031
87.4890,0.23175,0.79124,0.23175,0.79124,0.28051,0.73952,-0.70242,2.01088,-1.12317,0.90160,-1.12317,0.90160,0.00000,0.00000,0,0.00041
87.5895,0.02808,0.83646,0.02808,0.83646,0.09056,0.80247,-0.71044,1.97176,-0.84629,0.76806,-0.84629,0.76806,0.00000,0.00000,0,0.00040
87.6933,-0.13924,0.76367,-0.13924,0.76367,-0.05955,0.78533,-0.71064,1.93172,-0.62132,0.75372,-0.62132,0.75372,0.00000,0.00000,0,0.00081
87.7943,-0.34760,0.66641,-0.34760,0.66641,-0.24288,0.71102,-0.70255,1.89446,-0.33823,0.82792,-0.33823,0.82792,0.00000,0.00000,0,0.00029
87.8962,-0.39615,0.46862,-0.39615,0.46862,-0.37853,0.54698,-0.68549,1.86328,-0.11769,1.04281,-0.11769,1.04281,0.00000,0.00000,0,0.00031
87.9966,-0.44722,0.28976,-0.44722,0.28976,-0.43388,0.38137,-0.66486,1.84068,-0.01405,1.26862,-0.01405,1.26862,0.00000,0.00000,0,0.00038
88.0974,-0.46488,0.18109,-0.46488,0.18109,-0.44725,0.24171,-0.64301,1.82613,0.02786,1.46357,0.02786,1.46357,0.00000,0.00000,0,0.00036
88.2001,-0.47167,0.03862,-0.47167,0.03862,-0.47724,0.08061,-0.61964,1.81968,0.09622,1.69877,0.09622,1.69877,0.00000,0.00000,0,0.00033
88.3011,-0.39706,-0.00942,-0.39706,-0.00942,-0.42340,0.00802,-0.59732,1.81836,0.03778,1.80633,0.03778,1.80633,0.00000,0.00000,32,0.00028
88.4022,-0.37698,-0.03309,-0.37698,-0.03309,-0.38763,-0.02586,-0.57729,1.81884,0.00415,1.85763,0.00415,1.85763,0.00000,0.00000,0,0.00038
88.5035,-0.37182,-0.04145,-0.37182,-0.04145,-0.37468,-0.03702,-0.55834,1.82050,0.00367,1.87604,0.00367,1.87604,0.00000,0.00000,0,0.00030
88.6060,-0.36051,-0.05691,-0.36051,-0.05691,-0.36539,-0.04988,-0.53985,1.82271,0.00824,1.89753,0.00824,1.89753,0.00000,0.00000,0,0.00105
88.7063,-0.29282,-0.22029,-1.29282,-0.22029,-1.08920,-0.11690,-0.66371,1.82638,0.97010,2.00173,0.97010,2.00173,1.00000,0.00000,0,0.00028
88.8097,-0.12365,-1.13237,-1.12365,-1.13237,-1.15409,-0.84085,-0.60621,1.85447,1.12492,3.11574,1.12492,3.11574,1.00000,0.00000,0,0.00027
88.9103,0.59373,-1.45144,-0.40627,-1.45144,-0.74837,-1.29739,-0.55785,1.91119,0.56471,3.85729,0.56471,3.85729,1.00000,0.00000,0,0.00029
89.0127,1.32423,-1.21475,0.32423,-1.21475,-0.00977,-1.26698,-0.54281,1.97669,-0.52816,3.87716,-0.52816,3.87716,1.00000,0.00000,16,0.00042
89.1139,1.41483,-0.65154,0.41483,-0.65154,0.32543,-0.90674,-0.55387,2.03167,-1.04202,3.39179,-1.04202,3.39179,1.00000,0.00000,0,0.00027
89.2147,1.42600,-0.49154,0.42600,-0.49154,0.40315,-0.60323,-0.57287,2.06706,-1.17759,2.97190,-1.17759,2.97190,1.00000,0.00000,0,0.00024
89.3168,1.44430,-0.38866,0.44430,-0.38866,0.43783,-0.43333,-0.59408,2.09139,-1.25083,2.74139,-1.25083,2.74139,1.00000,0.00000,0,0.00080
89.4171,1.43532,-0.25514,0.43532,-0.25514,0.43878,-0.31793,-0.61606,2.10990,-1.27422,2.58680,-1.27422,2.58680,1.00000,0.00000,0,0.00027
89.5183,1.39298,-0.13204,0.39298,-0.13204,0.40238,-0.19269,-0.63694,2.12211,-1.24051,2.41115,-1.24051,2.41115,1.00000,0.00000,0,0.00038
89.6211,1.30293,-0.06654,0.30293,-0.06654,0.33980,-0.11220,-0.65533,2.12936,-1.16504,2.29766,-1.16504,2.29766,1.00000,0.00000,0,0.00024
89.7236,1.04356,0.16225,0.04356,0.16225,0.16975,0.04495,-0.66833,2.13116,-0.92296,2.06373,-0.92296,2.06373,1.00000,0.00000,0,0.00108
89.8244,0.96243,0.20661,-0.03757,0.20661,0.00754,0.15135,-0.67119,2.12576,-0.68249,1.89875,-0.68249,1.89875,1.00000,0.00000,16,0.00032
89.9252,0.92845,0.19800,-0.07155,0.19800,-0.05421,0.17946,-0.66957,2.11720,-0.58826,1.84802,-0.58826,1.84802,1.00000,0.00000,0,0.00026
90.0266,0.91108,0.19324,-0.08892,0.19324,-0.07913,0.18948,-0.66610,2.10787,-0.54740,1.82366,-0.54740,1.82366,1.00000,0.00000,0,0.00043
90.1305,0.89276,0.19071,-0.10724,0.19071,-0.09790,0.19019,-0.66159,2.09835,-0.51475,1.81307,-0.51475,1.81307,1.00000,0.00000,0,0.00060
90.2320,0.87004,0.18277,-0.12996,0.18277,-0.11835,0.18531,-0.65613,2.08897,-0.47860,1.81100,-0.47860,1.81100,1.00000,0.00000,0,0.00109
90.3318,0.82545,0.16824,-0.17455,0.16824,-0.15282,0.17474,-0.64926,2.08000,-0.42003,1.81788,-0.42003,1.81788,1.00000,0.00000,0,0.00027
90.4339,0.75684,0.12873,-0.24316,0.12873,-0.21511,0.14331,-0.63974,2.07218,-0.31708,1.85722,-0.31708,1.85722,1.00000,0.00000,0,0.00027
90.5362,0.68855,0.10145,-0.31145,0.10145,-0.28091,0.11346,-0.62700,2.06595,-0.20563,1.89576,-0.20563,1.89576,1.00000,0.00000,0,0.00026
90.6400,0.61385,0.05730,-0.38615,0.05730,-0.34970,0.07881,-0.61103,2.06117,-0.08647,1.94296,-0.08647,1.94296,1.00000,0.00000,0,0.00039
90.7407,0.58091,-0.09307,-0.41909,-0.09307,-0.40975,-0.03998,-0.59144,2.06039,0.02319,2.12035,0.02319,2.12035,1.00000,0.00000,0,0.00032
90.8424,0.54206,-0.12211,-0.45794,-0.12211,-0.44787,-0.10311,-0.56973,2.06460,0.10207,2.21926,0.10207,2.21926,1.00000,0.00000,0,0.00040
90.9433,0.53576,-0.15990,-0.46424,-0.15990,-0.45911,-0.14548,-0.54707,2.07118,0.14160,2.28941,0.14160,2.28941,1.00000,0.00000,0,0.00031
91.0445,0.52405,-0.17764,-0.47595,-0.17764,-0.47076,-0.16758,-0.52372,2.07910,0.18242,2.33047,0.18242,2.33047,1.00000,0.00000,0,0.00037
91.1451,0.51942,-0.20519,-0.48058,-0.20519,-0.47764,-0.19259,-0.49998,2.08823,0.21649,2.37711,0.21649,2.37711,1.00000,0.00000,0,0.00030
91.2469,0.51890,-0.22132,-0.48110,-0.22132,-0.48248,-0.21271,-0.47588,2.09847,0.24784,2.41753,0.24784,2.41753,1.00000,0.00000,0,0.00031
91.3497,0.51177,-0.24611,-0.48823,-0.24611,-0.48378,-0.23406,-0.45179,2.10972,0.27389,2.46081,0.27389,2.46081,1.00000,0.00000,0,0.00025
91.4524,0.50808,-0.31550,-0.49192,-0.31550,-0.49028,-0.28105,-0.42740,2.12258,0.30802,2.54415,0.30802,2.54415,1.00000,0.00000,0,0.00102
91.5543,0.46800,-0.44214,-0.53200,-0.44214,-0.52390,-0.40989,-0.40194,2.14102,0.38390,2.75585,0.38390,2.75585,1.00000,0.00000,0,0.00035
91.6564,0.47742,-0.47913,-0.52258,-0.47913,-0.51943,-0.46133,-0.37605,2.16320,0.40310,2.85518,0.40310,2.85518,1.00000,0.00000,0,0.00027
91.7594,0.51641,-0.51823,-0.48359,-0.51823,-0.49411,-0.49804,-0.35081,2.18734,0.39036,2.93440,0.39036,2.93440,1.00000,0.00000,0,0.00033
91.8614,0.55022,-0.55786,-0.44978,-0.55786,-0.46189,-0.53840,-0.32709,2.21348,0.36575,3.02108,0.36575,3.02108,1.00000,0.00000,0,0.00033
91.9643,0.57637,-0.57275,-0.42363,-0.57275,-0.43616,-0.56416,-0.30475,2.24124,0.34950,3.08748,0.34950,3.08748,1.00000,0.00000,0,0.00033
92.0660,0.60243,-0.59044,-0.39757,-0.59044,-0.41019,-0.58140,-0.28368,2.26996,0.33160,3.14205,0.33160,3.14205,1.00000,0.00000,0,0.00029
92.1667,0.65642,-0.62567,-0.34358,-0.62567,-0.36992,-0.60823,-0.26428,2.29977,0.29060,3.21211,0.29060,3.21211,1.00000,0.00000,0,0.00038
92.2686,0.83259,-0.73962,-0.16741,-0.73962,-0.24894,-0.68970,-0.24893,2.33240,0.12448,3.36694,0.12448,3.36694,1.00000,0.00000,0,0.00025
92.3720,1.02249,-0.72417,0.02249,-0.72417,-0.08124,-0.73195,-0.24124,2.36874,-0.11938,3.46666,-0.11938,3.46666,1.00000,0.00000,0,0.00139
92.4720,1.16659,-0.65351,0.16659,-0.65351,0.11552,-0.67491,-0.24387,2.40370,-0.41716,3.41606,-0.41716,3.41606,1.00000,0.00000,0,0.00030
92.5738,1.19294,-0.65005,0.19294,-0.65005,0.17829,-0.65561,-0.25175,2.43683,-0.51918,3.42025,-0.51918,3.42025,1.00000,0.00000,0,0.00027
92.6762,1.22106,-0.63837,0.22106,-0.63837,0.20975,-0.64392,-0.26164,2.46928,-0.57627,3.43515,-0.57627,3.43515,1.00000,0.00000,0,0.00037
92.7779,1.23898,-0.62150,0.23898,-0.62150,0.22975,-0.62958,-0.27270,2.50107,-0.61733,3.44543,-0.61733,3.44543,1.00000,0.00000,0,0.00032
92.8805,1.25404,-0.59373,0.25404,-0.59373,0.24797,-0.60687,-0.28478,2.53194,-0.65673,3.44224,-0.65673,3.44224,1.00000,0.00000,0,0.00126
92.9814,1.27694,-0.55107,0.27694,-0.55107,0.26692,-0.56965,-0.29772,2.56119,-0.69810,3.41566,-0.69810,3.41566,1.00000,0.00000,0,0.00027
93.0818,1.28752,-0.49510,0.28752,-0.49510,0.28243,-0.52540,-0.31159,2.58845,-0.73523,3.37654,-0.73523,3.37654,1.00000,0.00000,0,0.00025
93.1825,1.32236,-0.37398,0.32236,-0.37398,0.30712,-0.41606,-0.32634,2.61148,-0.78703,3.23557,-0.78703,3.23557,1.00000,0.00000,0,0.00029
93.2840,1.31517,-0.34709,0.31517,-0.34709,0.31288,-0.36469,-0.34194,2.63060,-0.81127,3.17764,-0.81127,3.17764,1.00000,0.00000,0,0.00027
93.3842,1.31302,-0.33332,0.31302,-0.33332,0.31363,-0.34136,-0.35764,2.64808,-0.82809,3.16012,-0.82809,3.16012,1.00000,0.00000,0,0.00028
93.4863,1.32353,-0.29641,0.32353,-0.29641,0.31881,-0.31494,-0.37344,2.66446,-0.85164,3.13687,-0.85164,3.13687,1.00000,0.00000,0,0.00028
93.5884,1.32041,-0.18850,0.32041,-0.18850,0.32124,-0.22864,-0.38952,2.67783,-0.87138,3.02078,-0.87138,3.02078,1.00000,0.00000,0,0.00035
93.6902,1.32891,-0.15818,1.32891,-0.15818,0.83914,-0.17527,-0.23001,2.68746,-1.51196,2.95036,-1.48871,2.95036,0.00000,0.00000,1,0.00112
93.7911,1.51662,0.79301,1.51662,0.79301,1.36653,0.40123,-0.28948,2.70083,-2.33927,2.09899,-2.33927,2.09899,0.00000,0.00000,0,0.00028
93.8920,0.99853,1.56412,0.99853,1.56412,1.17336,1.25303,-0.35492,2.67372,-2.11497,0.79417,-2.11497,0.79417,0.00000,0.00000,0,0.00035
93.9925,0.41343,1.85914,0.41343,1.85914,0.61658,1.75512,-0.39602,2.59383,-1.32088,-0.03885,-1.32088,-0.03885,0.00000,0.00000,0,0.00049
94.0944,0.06058,1.75913,0.06058,1.75913,0.25018,1.81322,-0.41604,2.50286,-0.79131,-0.21697,-0.79131,-0.21697,0.00000,0.00000,0,0.00043
94.1952,-0.18065,1.39697,-0.18065,1.39697,-0.05147,1.56676,-0.41904,2.41857,-0.34183,0.06843,-0.34183,0.06843,0.00000,0.00000,0,0.00028
94.2964,-0.68333,0.87569,-0.68333,0.87569,-0.48044,1.10106,-0.40454,2.35366,0.31612,0.70208,0.31612,0.70208,0.00000,0.00000,0,0.00030
94.3971,-0.79001,0.18867,-0.79001,0.18867,-0.71261,0.45597,-0.37266,2.31831,0.69627,1.63436,0.69627,1.63436,0.00000,0.00000,0,0.00037
94.4999,-0.48836,-0.21058,-0.48836,-0.21058,-0.61832,-0.01700,-0.33793,2.30946,0.58955,2.33497,0.58955,2.33497,0.00000,0.00000,32,0.00027
94.6017,-0.19001,-0.44630,-0.19001,-0.44630,-0.31942,-0.32800,-0.31605,2.32024,0.16308,2.81224,0.16308,2.81224,0.00000,0.00000,0,0.00025
94.7022,-0.02079,-0.45820,-0.02079,-0.45820,-0.12298,-0.45592,-0.30580,2.34161,-0.12132,3.02550,-0.12132,3.02550,0.00000,0.00000,0,0.00027
94.8036,0.27001,-0.37001,0.27001,-0.37001,0.16372,-0.38643,-0.30872,2.36220,-0.55430,2.94185,-0.55430,2.94185,0.00000,0.00000,0,0.00025
94.9050,0.47591,-0.26665,0.47591,-0.26665,0.38824,-0.29737,-0.32374,2.37897,-0.90609,2.82502,-0.90609,2.82502,0.00000,0.00000,0,0.00035
95.0065,0.61448,0.03826,0.61448,0.03826,0.55181,-0.08234,-0.34826,2.38827,-1.17598,2.51178,-1.17598,2.51178,0.00000,0.00000,0,0.00026
95.1075,0.62469,0.08138,0.62469,0.08138,0.61455,0.03798,-0.37822,2.38865,-1.30004,2.33167,-1.30004,2.33167,0.00000,0.00000,0,0.00031
95.2093,0.62140,0.24401,0.62140,0.24401,0.62523,0.16928,-0.40937,2.38325,-1.34721,2.12933,-1.34721,2.12933,0.00000,0.00000,0,0.00027
95.3098,0.63182,0.38180,0.63182,0.38180,0.62926,0.30517,-0.44067,2.37074,-1.38456,1.91298,-1.38456,1.91298,0.00000,0.00000,0,0.00028
95.4108,0.66285,0.53590,0.66285,0.53590,0.65926,0.48401,-0.47312,2.34940,-1.46201,1.62338,-1.46201,1.62338,0.00000,0.00000,0,0.00027
95.5119,0.66011,0.65467,0.66011,0.65467,0.65931,0.60545,-0.50600,2.32147,-1.49497,1.41330,-1.49497,1.41330,0.00000,0.00000,0,0.00029
95.6124,0.61789,0.71575,0.61789,0.71575,0.64133,0.67757,-0.53862,2.28896,-1.50062,1.27261,-1.50062,1.27261,0.00000,0.00000,0,0.00027
95.7157,0.52184,0.75821,0.52184,0.75821,0.55694,0.73367,-0.56814,2.25330,-1.40354,1.15280,-1.40354,1.15280,0.00000,0.00000,0,0.00181
95.8146,0.35816,0.83225,0.35816,0.83225,0.42424,0.78633,-0.59233,2.21531,-1.22869,1.03582,-1.22869,1.03582,0.00000,0.00000,0,0.00027
95.9149,0.28227,0.82297,0.28227,0.82297,0.32776,0.81788,-0.61061,2.17471,-1.10225,0.94789,-1.10225,0.94789,0.00000,0.00000,0,0.00025
96.0164,0.00873,0.88998,0.00873,0.88998,0.15314,0.85308,-0.62289,2.13309,-0.85260,0.85347,-0.85260,0.85347,0.00000,0.00000,0,0.00043
96.1167,-0.22786,0.76959,-0.22786,0.76959,-0.11760,0.80528,-0.62198,2.09170,-0.44559,0.88378,-0.44559,0.88378,0.00000,0.00000,0,0.00033
96.2189,-0.47186,0.51088,-0.47186,0.51088,-0.37229,0.63028,-0.60816,2.05606,-0.04973,1.11064,-0.04973,1.11064,0.00000,0.00000,0,0.00027
96.3195,-0.48466,0.25502,-0.48466,0.25502,-0.45829,0.38119,-0.58682,2.03155,0.10061,1.45976,0.10061,1.45976,0.00000,0.00000,0,0.00035
96.4208,-0.47785,0.14263,-0.47785,0.14263,-0.46743,0.21875,-0.56369,2.01748,0.13745,1.68935,0.13745,1.68935,0.00000,0.00000,0,0.00027
96.5224,-0.45301,-0.01831,-0.45301,-0.01831,-0.48337,0.04734,-0.53947,2.01248,0.18558,1.94147,0.18558,1.94147,0.00000,0.00000,0,0.00030
96.6261,-0.40713,-0.05222,-0.40713,-0.05222,-0.41303,-0.02787,-0.51803,2.01248,0.10151,2.05429,0.10151,2.05429,0.00000,0.00000,0,0.00027
96.7299,-0.37189,-0.06826,-0.37189,-0.06826,-0.38525,-0.05269,-0.49824,2.01462,0.07963,2.09366,0.07963,2.09366,0.00000,0.00000,0,0.00027
96.8323,-0.31192,-0.10923,-0.31192,-0.10923,-0.33879,-0.09029,-0.48025,2.01836,0.02794,2.15379,0.02794,2.15379,0.00000,0.00000,0,0.00038
96.9328,-0.24727,-0.15637,-0.24727,-0.15637,-0.27243,-0.13653,-0.46531,2.02427,-0.05667,2.22906,-0.05667,2.22906,0.00000,0.00000,0,0.00032
97.0331,-0.21730,-0.17840,-0.21730,-0.17840,-0.23265,-0.16738,-0.45298,2.03210,-0.10401,2.28317,-0.10401,2.28317,0.00000,0.00000,0,0.00028
97.1339,-0.20547,-0.18573,-0.20547,-0.18573,-0.21081,-0.18099,-0.44208,2.04092,-0.12587,2.31241,-0.12587,2.31241,0.00000,0.00000,0,0.00026
97.2345,-0.19575,-0.19508,-0.19575,-0.19508,-0.19964,-0.19101,-0.43188,2.05028,-0.13242,2.33680,-0.13242,2.33680,0.00000,0.00000,0,0.00028
97.3352,-0.15324,-0.18892,-0.15324,-0.18892,-0.17691,-0.19397,-0.42238,2.06000,-0.15702,2.35094,-0.15702,2.35094,0.00000,0.00000,0,0.00028
97.4368,0.00311,-0.12023,0.00311,-0.12023,-0.07286,-0.15770,-0.41621,2.06897,-0.30692,2.30552,-0.30692,2.30552,0.00000,0.00000,0,0.00037
97.5410,0.16825,-0.03497,0.16825,-0.03497,0.09504,-0.08217,-0.41760,2.07494,-0.56017,2.19819,-0.56017,2.19819,0.00000,0.00000,0,0.00039
97.6421,0.23038,-0.02992,0.23038,-0.02992,0.20027,-0.04375,-0.42582,2.07774,-0.72622,2.14336,-0.72622,2.14336,0.00000,0.00000,0,0.00046
97.7426,0.31477,-0.01495,0.31477,-0.01495,0.26484,-0.02448,-0.43741,2.07939,-0.83467,2.11612,-0.83467,2.11612,0.00000,0.00000,0,0.00044
97.8448,0.32000,-0.00247,0.32000,-0.00247,0.30794,-0.00968,-0.45215,2.07985,-0.91406,2.09437,-0.91406,2.09437,0.00000,0.00000,32,0.00093
97.9462,0.34964,0.01331,0.34964,0.01331,0.33622,0.00776,-0.46838,2.07985,-0.97272,2.06820,-0.97272,2.06820,0.00000,0.00000,32,0.00126
98.0472,0.36426,0.02689,0.36426,0.02689,0.35863,0.02059,-0.48601,2.07964,-1.02396,2.04876,-1.02396,2.04876,0.00000,0.00000,0,0.00031
98.1488,0.36921,0.04635,0.36921,0.04635,0.36532,0.03750,-0.50413,2.07813,-1.05211,2.02188,-1.05211,2.02188,0.00000,0.00000,0,0.00027
98.2499,0.36916,0.13263,0.36916,0.13263,0.37127,0.08828,-0.52261,2.07514,-1.07952,1.94271,-1.07952,1.94271,0.00000,0.00000,0,0.00027
98.3530,0.37687,0.17947,0.37687,0.17947,0.37072,0.15821,-0.54102,2.06841,-1.09709,1.83109,-1.09709,1.83109,0.00000,0.00000,0,0.00030
98.4546,0.37726,0.19966,0.37726,0.19966,0.37495,0.18755,-0.55970,2.05954,-1.12212,1.77822,-1.12212,1.77822,0.00000,0.00000,0,0.00030
98.5577,0.38247,0.21746,0.38247,0.21746,0.37952,0.20887,-0.57858,2.04950,-1.14785,1.73620,-1.14785,1.73620,0.00000,0.00000,0,0.00028
98.6601,0.38439,0.24303,0.38439,0.24303,0.38345,0.23271,-0.59770,2.03832,-1.17287,1.68926,-1.17287,1.68926,0.00000,0.00000,0,0.00027
98.7619,0.38744,0.25771,-0.61256,0.25771,-0.44528,0.25390,-0.74967,2.02595,-0.08175,1.64510,-0.08175,1.64510,1.00000,0.00000,0,0.00147
98.8645,0.36775,0.23851,-0.63225,0.23851,-0.59413,0.24676,-0.72211,2.01334,0.16908,1.64319,0.16908,1.64319,1.00000,0.00000,0,0.00090
98.9644,0.32086,0.20153,-0.67914,0.20153,-0.65437,0.21882,-0.69053,2.00175,0.29102,1.67351,0.29102,1.67351,1.00000,0.00000,0,0.00029
99.0652,0.31270,0.03585,-0.68730,0.03585,-0.69110,0.10160,-0.65648,1.99373,0.38017,1.84133,0.38017,1.84133,1.00000,0.00000,0,0.00024
99.1681,0.25665,0.00388,-0.74335,0.00388,-0.72498,0.02139,-0.62107,1.99145,0.46641,1.95936,0.46641,1.95936,1.00000,0.00000,0,0.00026
99.2703,0.25146,-0.06367,-0.74854,-0.06367,-0.74024,-0.03473,-0.58439,1.99202,0.52596,2.04412,0.52596,2.04412,1.00000,0.00000,0,0.00027
99.3712,0.23510,-0.21703,-0.76490,-0.21703,-0.75694,-0.13468,-0.54686,1.99617,0.58856,2.19819,0.58856,2.19819,1.00000,0.00000,0,0.00028
99.4744,0.21007,-0.29295,-0.78993,-0.29295,-0.79585,-0.25880,-0.50738,2.00732,0.68639,2.39553,0.68639,2.39553,1.00000,0.00000,0,0.00027
99.5768,0.20940,-0.36563,-0.79060,-0.36563,-0.79343,-0.32909,-0.46775,2.02244,0.72239,2.51607,0.72239,2.51607,1.00000,0.00000,0,0.00039
99.6787,0.26284,-0.45307,-0.73716,-0.45307,-0.75637,-0.41606,-0.42914,2.04162,0.70541,2.66571,0.70541,2.66571,1.00000,0.00000,0,0.00032
99.7806,0.36457,-0.54442,-0.63543,-0.54442,-0.67929,-0.50141,-0.39336,2.06485,0.62557,2.81696,0.62557,2.81696,1.00000,0.00000,0,0.00056
99.8817,0.43199,-0.61231,-0.56801,-0.61231,-0.59823,-0.58240,-0.36196,2.09252,0.53538,2.96613,0.53538,2.96613,1.00000,0.00000,0,0.00026
99.9821,0.50483,-0.66132,-0.49517,-0.66132,-0.53230,-0.63601,-0.33397,2.12330,0.46447,3.07732,0.46447,3.07732,1.00000,0.00000,0,0.00026
100.0845,0.64655,-0.75668,-0.35345,-0.75668,-0.42081,-0.71243,-0.31042,2.15726,0.32080,3.22591,0.32080,3.22591,1.00000,0.00000,0,0.00026
100.1864,0.80656,-0.83926,-0.19344,-0.83926,-0.25995,-0.80918,-0.29420,2.19592,0.09572,3.40969,0.09572,3.40969,1.00000,0.00000,0,0.00036
100.2872,0.89716,-0.82042,-0.10284,-0.82042,-0.15448,-0.82579,-0.28442,2.23714,-0.05269,3.47584,-0.05269,3.47584,1.00000,0.00000,0,0.00033
100.3892,1.12205,-0.73504,0.12205,-0.73504,0.04346,-0.74838,-0.28278,2.27589,-0.34796,3.39846,-0.34796,3.39846,1.00000,0.00000,0,0.00035
100.4916,1.14048,-0.68709,0.14048,-0.68709,0.12163,-0.70326,-0.28775,2.31194,-0.47019,3.36683,-0.47019,3.36683,1.00000,0.00000,0,0.00037
100.5922,1.15838,-0.66834,0.15838,-0.66834,0.14912,-0.67695,-0.29475,2.34624,-0.51843,3.36166,-0.51843,3.36166,1.00000,0.00000,0,0.00029
100.6928,1.18303,-0.64145,0.18303,-0.64145,0.17321,-0.65272,-0.30295,2.37936,-0.56276,3.35844,-0.56276,3.35844,1.00000,0.00000,0,0.00036
100.7938,1.19314,-0.59598,0.19314,-0.59598,0.18865,-0.61560,-0.31213,2.41093,-0.59511,3.33434,-0.59511,3.33434,1.00000,0.00000,0,0.00029
100.8954,1.20857,-0.55715,0.20857,-0.55715,0.20255,-0.57699,-0.32196,2.44059,-0.62579,3.30608,-0.62579,3.30608,1.00000,0.00000,0,0.00031
100.9962,1.22460,-0.50179,0.22460,-0.50179,0.21904,-0.52490,-0.33261,2.46785,-0.66118,3.25520,-0.66118,3.25520,1.00000,0.00000,0,0.00026
101.0978,1.23259,-0.41311,0.23259,-0.41311,0.22753,-0.46154,-0.34379,2.49244,-0.68510,3.18475,-0.68510,3.18475,1.00000,0.00000,0,0.00028
101.2018,1.25583,-0.31651,0.25583,-0.31651,0.25174,-0.34656,-0.35593,2.51163,-0.73354,3.03147,-0.73354,3.03147,1.00000,0.00000,0,0.00026
101.3036,1.25586,-0.29301,0.25586,-0.29301,0.25243,-0.30606,-0.36848,2.52758,-0.74713,2.98668,-0.74713,2.98668,1.00000,0.00000,0,0.00102
101.4042,1.25959,-0.23980,0.25959,-0.23980,0.25610,-0.26764,-0.38118,2.54189,-0.76533,2.94335,-0.76533,2.94335,1.00000,0.00000,0,0.00029
101.5057,1.25777,-0.15615,0.25777,-0.15615,0.25373,-0.18265,-0.39387,2.55246,-0.77446,2.82644,-0.77446,2.82644,1.00000,0.00000,0,0.00026
101.6071,1.22203,-0.11014,0.22203,-0.11014,0.23978,-0.13834,-0.40640,2.56035,-0.76608,2.76786,-0.76608,2.76786,1.00000,0.00000,0,0.00027
101.7102,1.21872,-0.09829,0.21872,-0.09829,0.22360,-0.10776,-0.41788,2.56613,-0.75327,2.72776,-0.75327,2.72776,1.00000,0.00000,0,0.00029
101.8106,1.21535,-0.08996,0.21535,-0.08996,0.21641,-0.09588,-0.42883,2.57113,-0.75344,2.71495,-0.75344,2.71495,1.00000,0.00000,0,0.00028
101.9116,1.20239,-0.08544,0.20239,-0.08544,0.20916,-0.08764,-0.43947,2.57567,-0.75322,2.70712,-0.75322,2.70712,1.00000,0.00000,0,0.00031
102.0145,1.19662,-0.07380,0.19662,-0.07380,0.20030,-0.07931,-0.44965,2.57983,-0.75011,2.69879,-0.75011,2.69879,1.00000,0.00000,0,0.00035
102.1178,1.18812,-0.05833,0.18812,-0.05833,0.19150,-0.06530,-0.45939,2.58339,-0.74665,2.68134,-0.74665,2.68134,1.00000,0.00000,0,0.00164
102.2175,1.17864,-0.04705,0.17864,-0.04705,0.18295,-0.05193,-0.46872,2.58623,-0.74315,2.66413,-0.74315,2.66413,1.00000,0.00000,0,0.00026
102.3205,1.16413,-0.02956,0.16413,-0.02956,0.17199,-0.03743,-0.47759,2.58840,-0.73557,2.64454,-0.73557,2.64454,1.00000,0.00000,0,0.00027
102.4219,1.12395,0.02208,0.12395,0.02208,0.13656,0.00525,-0.48509,2.58897,-0.68993,2.58109,-0.68993,2.58109,1.00000,0.00000,32,0.00028
102.5227,1.10692,0.03499,0.10692,0.03499,0.11731,0.02403,-0.49133,2.58873,-0.66729,2.55269,-0.66729,2.55269,1.00000,0.00000,0,0.00034
102.6235,0.95895,0.08420,-0.04105,0.08420,0.00661,0.07180,-0.49413,2.58589,-0.50405,2.47820,-0.50405,2.47820,1.00000,0.00000,16,0.00027
102.7249,0.96073,0.10193,-0.03927,0.10193,-0.02697,0.10696,-0.49365,2.58078,-0.45319,2.42035,-0.45319,2.42035,1.00000,0.00000,0,0.00042
102.8270,0.96187,0.11607,-0.03813,0.11607,-0.03551,0.11583,-0.49199,2.57502,-0.43872,2.40128,-0.43872,2.40128,1.00000,0.00000,0,0.00027
102.9311,0.95840,0.12192,-0.04160,0.12192,-0.03930,0.12004,-0.49007,2.56905,-0.43112,2.38898,-0.43112,2.38898,1.00000,0.00000,0,0.00098
103.0326,0.95458,0.11929,-0.04542,0.11929,-0.04374,0.11982,-0.48795,2.56304,-0.42235,2.38331,-0.42235,2.38331,1.00000,0.00000,0,0.00135
103.1322,0.95150,0.11934,-0.04850,0.11934,-0.04672,0.12007,-0.48566,2.55702,-0.41557,2.37691,-0.41557,2.37691,1.00000,0.00000,0,0.00030
103.2326,0.94984,0.12286,-0.05016,0.12286,-0.04823,0.12142,-0.48327,2.55099,-0.41093,2.36886,-0.41093,2.36886,1.00000,0.00000,0,0.00035
103.3348,0.95133,0.12656,-0.04867,0.12656,-0.04896,0.12417,-0.48085,2.54485,-0.40741,2.35859,-0.40741,2.35859,1.00000,0.00000,0,0.00034
103.4363,0.94645,0.12364,-0.05355,0.12364,-0.05093,0.12355,-0.47837,2.53865,-0.40197,2.35332,-0.40197,2.35332,1.00000,0.00000,0,0.00027
103.5395,0.94006,0.12644,-0.05994,0.12644,-0.05663,0.12576,-0.47567,2.53240,-0.39072,2.34376,-0.39072,2.34376,1.00000,0.00000,0,0.00037
103.6402,0.93299,0.12677,-0.06701,0.12677,-0.06422,0.12594,-0.47259,2.52612,-0.37626,2.33722,-0.37626,2.33722,1.00000,0.00000,0,0.00030
103.7422,0.92932,0.12600,0.92932,0.12600,0.58782,0.12603,-0.31435,2.51982,-1.19608,2.33077,-1.19608,2.33077,0.00000,0.00000,0,0.00034
103.8428,0.83613,0.52507,0.83613,0.52507,0.79542,0.36767,-0.35181,2.50812,-1.54493,1.95662,-1.54493,1.95662,0.00000,0.00000,0,0.00030
103.9443,0.57965,0.68205,0.57965,0.68205,0.66428,0.59773,-0.38876,2.48223,-1.38518,1.58564,-1.38518,1.58564,0.00000,0.00000,0,0.00033
104.0447,0.41378,0.73901,0.41378,0.73901,0.48770,0.71593,-0.41652,2.44832,-1.14807,1.37443,-1.14807,1.37443,0.00000,0.00000,0,0.00034
104.1462,0.30526,0.69946,0.30526,0.69946,0.35040,0.71346,-0.43647,2.41240,-0.96207,1.34222,-0.96207,1.34222,0.00000,0.00000,0,0.00033
104.2476,0.18292,0.65380,0.18292,0.65380,0.23763,0.67081,-0.45070,2.37799,-0.80715,1.37177,-0.80715,1.37177,0.00000,0.00000,0,0.00028
104.3496,0.08237,0.57936,0.08237,0.57936,0.13417,0.61686,-0.45948,2.34589,-0.66074,1.42060,-0.66074,1.42060,0.00000,0.00000,0,0.00025
104.4517,-0.01668,0.51212,-0.01668,0.51212,0.02917,0.54417,-0.46303,2.31728,-0.50679,1.50102,-0.50679,1.50102,0.00000,0.00000,0,0.00072
104.5524,-0.05419,0.47973,-0.05419,0.47973,-0.03183,0.49685,-0.46249,2.29160,-0.41474,1.54632,-0.41474,1.54632,0.00000,0.00000,0,0.00034
104.6534,-0.09813,0.43852,-0.09813,0.43852,-0.07471,0.45746,-0.45964,2.26794,-0.34759,1.58174,-0.34759,1.58174,0.00000,0.00000,0,0.00027
104.7541,-0.14463,0.37438,-0.14463,0.37438,-0.12698,0.40609,-0.45420,2.24646,-0.26374,1.63733,-0.26374,1.63733,0.00000,0.00000,0,0.00025
104.8564,-0.14773,0.18382,-0.14773,0.18382,-0.15032,0.26944,-0.44703,2.22952,-0.22154,1.82536,-0.22154,1.82536,0.00000,0.00000,0,0.00102
104.9568,-0.23157,0.03879,-0.23157,0.03879,-0.20329,0.08542,-0.43829,2.22225,-0.13335,2.09412,-0.13335,2.09412,0.00000,0.00000,0,0.00038
105.0595,-0.20406,0.01049,-0.20406,0.01049,-0.19151,0.03162,-0.42875,2.21972,-0.14148,2.17229,-0.14148,2.17229,0.00000,0.00000,0,0.00031
105.1620,-0.16991,-0.01213,-0.16991,-0.01213,-0.17700,0.00145,-0.41936,2.21947,-0.15385,2.21729,-0.15385,2.21729,0.00000,0.00000,32,0.00030
105.2655,-0.14803,-0.02712,-0.14803,-0.02712,-0.15971,-0.01966,-0.41090,2.21947,-0.17133,2.24897,-0.17133,2.24897,0.00000,0.00000,32,0.00242
105.3648,-0.13201,-0.03678,-0.13201,-0.03678,-0.14316,-0.03153,-0.40338,2.22079,-0.18863,2.26808,-0.18863,2.26808,0.00000,0.00000,0,0.00029
105.4656,-0.10771,-0.04955,-0.10771,-0.04955,-0.12256,-0.04280,-0.39679,2.22267,-0.21294,2.28687,-0.21294,2.28687,0.00000,0.00000,0,0.00026
105.5666,-0.08672,-0.06431,-0.08672,-0.06431,-0.09694,-0.05768,-0.39148,2.22527,-0.24607,2.31178,-0.24607,2.31178,0.00000,0.00000,0,0.00026
105.6678,-0.05792,-0.06175,-0.05792,-0.06175,-0.07213,-0.06238,-0.38731,2.22834,-0.27911,2.32191,-0.27911,2.32191,0.00000,0.00000,0,0.00036
105.7712,0.00639,-0.04281,0.00639,-0.04281,-0.02489,-0.05233,-0.38498,2.23123,-0.34764,2.30972,-0.34764,2.30972,0.00000,0.00000,0,0.00027
105.8729,0.09746,0.01041,0.09746,0.01041,0.06026,-0.00453,-0.38632,2.23198,-0.47670,2.23877,-0.47670,2.23877,0.00000,0.00000,32,0.00046
105.9736,0.11563,0.01110,0.11563,0.01110,0.10402,0.00702,-0.39091,2.23198,-0.54693,2.22145,-0.54693,2.22145,0.00000,0.00000,32,0.00031
106.0765,0.13081,0.01470,0.13081,0.01470,0.12412,0.01323,-0.39678,2.23198,-0.58295,2.21214,-0.58295,2.21214,0.00000,0.00000,32,0.00075
106.1777,0.17786,0.02746,0.17786,0.02746,0.15725,0.02230,-0.40388,2.23156,-0.63975,2.19811,-0.63975,2.19811,0.00000,0.00000,0,0.00027
106.2806,0.19949,0.03718,0.19949,0.03718,0.18939,0.03232,-0.41284,2.23015,-0.69692,2.18167,-0.69692,2.18167,0.00000,0.00000,0,0.00027
106.3816,0.21636,0.04383,0.21636,0.04383,0.20775,0.04029,-0.42289,2.22829,-0.73452,2.16786,-0.73452,2.16786,0.00000,0.00000,0,0.00032
106.4822,0.28329,0.06184,0.28329,0.06184,0.25078,0.05551,-0.43429,2.22589,-0.81047,2.14263,-0.81047,2.14263,0.00000,0.00000,0,0.00028
106.5825,0.29430,0.07158,0.29430,0.07158,0.28621,0.06723,-0.44809,2.22279,-0.87741,2.12194,-0.87741,2.12194,0.00000,0.00000,0,0.00028
106.6830,0.30087,0.07505,0.30087,0.07505,0.29820,0.07335,-0.46287,2.21922,-0.91017,2.10919,-0.91017,2.10919,0.00000,0.00000,0,0.00025
106.7855,0.30751,0.09006,0.30751,0.09006,0.30500,0.08276,-0.47801,2.21531,-0.93551,2.09117,-0.93551,2.09117,0.00000,0.00000,0,0.00104
106.8869,0.30654,0.16419,0.30654,0.16419,0.30832,0.13245,-0.49340,2.20998,-0.95587,2.01131,-0.95587,2.01131,0.00000,0.00000,0,0.00029
106.9909,0.31546,0.18835,0.31546,0.18835,0.31368,0.17570,-0.50893,2.20188,-0.97946,1.93832,-0.97946,1.93832,0.00000,0.00000,0,0.00045
107.0935,0.31423,0.20043,0.31423,0.20043,0.31405,0.19373,-0.52462,2.19252,-0.99570,1.90192,-0.99570,1.90192,0.00000,0.00000,0,0.00029
107.1949,0.30717,0.21092,0.30717,0.21092,0.30947,0.20592,-0.54017,2.18245,-1.00438,1.87357,-1.00438,1.87357,0.00000,0.00000,0,0.00038
107.2966,0.30992,0.21821,0.30992,0.21821,0.30918,0.21508,-0.55561,2.17186,-1.01937,1.84924,-1.01937,1.84924,0.00000,0.00000,0,0.00028
107.3991,0.31377,0.23307,0.31377,0.23307,0.31156,0.22650,-0.57111,2.16080,-1.03844,1.82105,-1.03844,1.82105,0.00000,0.00000,0,0.00028
107.5002,0.32212,0.25607,0.32212,0.25607,0.31936,0.24558,-0.58692,2.14894,-1.06596,1.78056,-1.06596,1.78056,0.00000,0.00000,0,0.00028
107.6012,0.32624,0.28734,0.32624,0.28734,0.32379,0.27202,-0.60304,2.13591,-1.08872,1.72789,-1.08872,1.72789,0.00000,0.00000,0,0.00029
107.7028,0.33248,0.38326,0.33248,0.38326,0.33060,0.33246,-0.61944,2.12085,-1.11534,1.62215,-1.11534,1.62215,0.00000,0.00000,0,0.00109
107.8032,0.31593,0.51390,0.31593,0.51390,0.33453,0.47585,-0.63643,2.09933,-1.13823,1.38555,-1.13823,1.38555,0.00000,0.00000,0,0.00026
107.9046,0.31085,0.56879,0.31085,0.56879,0.31081,0.54959,-0.65224,2.07297,-1.11845,1.24859,-1.11845,1.24859,0.00000,0.00000,0,0.00037
108.0065,0.26822,0.60934,0.26822,0.60934,0.28522,0.58919,-0.66710,2.04432,-1.09493,1.16054,-1.09493,1.16054,0.00000,0.00000,0,0.00029
108.1077,0.12096,0.74006,0.12096,0.74006,0.18238,0.68416,-0.67872,2.01245,-0.95229,0.98621,-0.95229,0.98621,0.00000,0.00000,0,0.00032
108.2088,-0.02605,0.76333,-0.02605,0.76333,0.01424,0.74435,-0.68188,1.97621,-0.70324,0.85968,-0.70324,0.85968,0.00000,0.00000,16,0.00029
108.3100,-0.18694,0.69657,-0.18694,0.69657,-0.11752,0.71977,-0.67897,1.93936,-0.50269,0.85971,-0.50269,0.85971,0.00000,0.00000,0,0.00028
108.4125,-0.36115,0.61228,-0.36115,0.61228,-0.27990,0.64822,-0.66838,1.90545,-0.24853,0.93312,-0.24853,0.93312,0.00000,0.00000,0,0.00093
108.5132,-0.41831,0.51727,-0.41831,0.51727,-0.38560,0.56165,-0.65074,1.87557,-0.07234,1.03309,-0.07234,1.03309,0.00000,0.00000,0,0.00028
108.6142,-0.43867,0.42202,-0.43867,0.42202,-0.42653,0.46973,-0.63009,1.85022,0.00971,1.14563,0.00971,1.14563,0.00000,0.00000,0,0.00028
