t_s,roll,pitch,err_r,err_p,err_r_filt,err_p_filt,integ_r,integ_p,pi_out_r,pi_out_p,corr_r,corr_p,target_roll,target_pitch,clip_flags,dt_actual
0.0000,-0.05943,-0.31932,-0.05943,-0.31932,-0.06092,-0.31630,-0.15257,1.69372,-0.06119,2.16818,-0.06119,2.16818,0.00000,0.00000,0,0.00049
0.1013,-0.05491,-0.32332,-0.05491,-0.32332,-0.05716,-0.32129,-0.14963,1.70969,-0.06388,2.19162,-0.06388,2.19162,0.00000,0.00000,0,0.00099
0.2011,-0.05277,-0.32304,-0.05277,-0.32304,-0.05391,-0.32240,-0.14687,1.72581,-0.06600,2.20941,-0.06600,2.20941,0.00000,0.00000,0,0.00043
0.3017,-0.04759,-0.32584,-0.04759,-0.32584,-0.04998,-0.32522,-0.14429,1.74201,-0.06933,2.22985,-0.06933,2.22985,0.00000,0.00000,0,0.00035
0.4046,-0.04267,-0.32476,-0.04267,-0.32476,-0.04532,-0.32519,-0.14192,1.75828,-0.07394,2.24607,-0.07394,2.24607,0.00000,0.00000,0,0.00029
0.5069,-0.04060,-0.32651,-0.04060,-0.32651,-0.04159,-0.32626,-0.13978,1.77457,-0.07739,2.26396,-0.07739,2.26396,0.00000,0.00000,0,0.00029
0.6077,-0.03717,-0.33232,-0.03717,-0.33232,-0.03894,-0.32998,-0.13778,1.79098,-0.07937,2.28595,-0.07937,2.28595,0.00000,0.00000,0,0.00025
0.7085,-0.03247,-0.33326,-0.03247,-0.33326,-0.03562,-0.33231,-0.13591,1.80755,-0.08248,2.30601,-0.08248,2.30601,0.00000,0.00000,0,0.00026
0.8104,0.04205,-0.28762,0.04205,-0.28762,0.01648,-0.30177,-0.13535,1.82348,-0.16006,2.27614,-0.16006,2.27614,0.00000,0.00000,16,0.00071
0.9109,0.11132,-0.27995,0.11132,-0.27995,0.08517,-0.28227,-0.13805,1.83799,-0.26579,2.26139,-0.26579,2.26139,0.00000,0.00000,0,0.00029
1.0155,0.14711,-0.26464,0.14711,-0.26464,0.12986,-0.26888,-0.14375,1.85168,-0.33853,2.25500,-0.33853,2.25500,0.00000,0.00000,0,0.00037
1.1164,0.16594,-0.25200,0.16594,-0.25200,0.15576,-0.25730,-0.15112,1.86474,-0.38476,2.25069,-0.38476,2.25069,0.00000,0.00000,0,0.00027
1.2190,0.18199,-0.21643,0.18199,-0.21643,0.17327,-0.23629,-0.15943,1.87713,-0.41933,2.23157,-0.41933,2.23157,0.00000,0.00000,0,0.00031
1.3207,0.19639,-0.17735,0.19639,-0.17735,0.19035,-0.19371,-0.16863,1.88762,-0.45416,2.17819,-0.45416,2.17819,0.00000,0.00000,0,0.00109
1.4224,0.20557,-0.14972,0.20557,-0.14972,0.20084,-0.16403,-0.17844,1.89642,-0.47971,2.14247,-0.47971,2.14247,0.00000,0.00000,0,0.00036
1.5265,0.21697,-0.10796,0.21697,-0.10796,0.21232,-0.12291,-0.18884,1.90335,-0.50731,2.08772,-0.50731,2.08772,0.00000,0.00000,0,0.00027
1.6268,0.22329,-0.09564,0.22329,-0.09564,0.21825,-0.10300,-0.19961,1.90884,-0.52698,2.06334,-0.52698,2.06334,0.00000,0.00000,0,0.00026
1.7291,0.22323,-0.08894,0.22323,-0.08894,0.22302,-0.09190,-0.21070,1.91362,-0.54524,2.05147,-0.54524,2.05147,0.00000,0.00000,0,0.00027
1.8320,0.22442,-0.08358,0.22442,-0.08358,0.22355,-0.08689,-0.22189,1.91808,-0.55722,2.04841,-0.55722,2.04841,0.00000,0.00000,0,0.00122
1.9346,0.22629,-0.07992,0.22629,-0.07992,0.22548,-0.08230,-0.23310,1.92230,-0.57131,2.04575,-0.57131,2.04575,0.00000,0.00000,0,0.00028
2.0352,0.23473,-0.07260,0.23473,-0.07260,0.23129,-0.07589,-0.24453,1.92624,-0.59146,2.04007,-0.59146,2.04007,0.00000,0.00000,0,0.00028
2.1369,0.23676,-0.06710,0.23676,-0.06710,0.23539,-0.07049,-0.25623,1.92988,-0.60933,2.03561,-0.60933,2.03561,0.00000,0.00000,0,0.00076
2.2391,0.24136,-0.05635,0.24136,-0.05635,0.23874,-0.06132,-0.26808,1.93314,-0.62620,2.02512,-0.62620,2.02512,0.00000,0.00000,0,0.00033
2.3400,0.30624,-0.01669,0.30624,-0.01669,0.27131,-0.03781,-0.28068,1.93569,-0.68765,1.99241,-0.68765,1.99241,0.00000,0.00000,0,0.00029
2.4437,0.38664,0.05780,0.38664,0.05780,0.36158,0.01869,-0.29725,1.93600,-0.83963,1.90796,-0.83963,1.90796,0.00000,0.00000,32,0.00111
2.5446,0.38742,0.17372,0.38742,0.17372,0.38293,0.13345,-0.31615,1.93150,-0.89055,1.73132,-0.89055,1.73132,0.00000,0.00000,0,0.00027
2.6474,0.38774,0.18834,0.38774,0.18834,0.38937,0.17720,-0.33556,1.92329,-0.91962,1.65750,-0.91962,1.65750,0.00000,0.00000,0,0.00118
2.7485,0.38941,0.19468,0.38941,0.19468,0.39065,0.19119,-0.35507,1.91396,-0.94105,1.62717,-0.94105,1.62717,0.00000,0.00000,0,0.00028
2.8508,0.39161,0.20637,0.39161,0.20637,0.39009,0.20156,-0.37458,1.90409,-0.95971,1.60175,-0.95971,1.60175,0.00000,0.00000,0,0.00027
2.9513,0.38817,0.21389,0.38817,0.21389,0.38961,0.20931,-0.39408,1.89380,-0.97849,1.57983,-0.97849,1.57983,0.00000,0.00000,0,0.00030
3.0519,0.38948,0.22667,0.38948,0.22667,0.38802,0.22087,-0.41347,1.88300,-0.99550,1.55170,-0.99550,1.55170,0.00000,0.00000,0,0.00027
3.1538,0.39327,0.24497,0.39327,0.24497,0.39100,0.23640,-0.43294,1.87153,-1.01945,1.51693,-1.01945,1.51693,0.00000,0.00000,0,0.00033
3.2574,0.37615,0.31108,0.37615,0.31108,0.38507,0.28080,-0.45245,1.85859,-1.03006,1.43738,-1.03006,1.43738,0.00000,0.00000,0,0.00027
3.3584,0.29965,0.42751,0.29965,0.42751,0.33535,0.38569,-0.47041,1.84151,-0.97343,1.26297,-0.97343,1.26297,0.00000,0.00000,0,0.00024
3.4588,0.20344,0.50469,0.20344,0.50469,0.24684,0.46644,-0.48452,1.81984,-0.85478,1.12018,-0.85478,1.12018,0.00000,0.00000,0,0.00028
3.5600,-0.01807,0.57647,-0.01807,0.57647,0.06094,0.55523,-0.49171,1.79350,-0.58312,0.96066,-0.58312,0.96066,0.00000,0.00000,0,0.00026
3.6614,-0.14896,0.59167,-0.14896,0.59167,-0.08773,0.59571,-0.49014,1.76414,-0.35855,0.87058,-0.35855,0.87058,0.00000,0.00000,0,0.00031
3.7635,-0.22364,0.59781,-0.22364,0.59781,-0.18087,0.60560,-0.48280,1.73402,-0.21150,0.82563,-0.21150,0.82563,0.00000,0.00000,0,0.00027
3.8655,-0.44924,0.48722,-0.44924,0.48722,-0.36125,0.53419,-0.46876,1.70555,0.07311,0.90427,0.07311,0.90427,0.00000,0.00000,0,0.00028
3.9664,-0.53329,0.33379,-0.53329,0.33379,-0.49267,0.39427,-0.44639,1.68311,0.29261,1.09171,0.29261,1.09171,0.00000,0.00000,0,0.00032
4.0670,-0.52988,0.15385,-0.52988,0.15385,-0.52740,0.21298,-0.42043,1.66897,0.37067,1.34951,0.37067,1.34951,0.00000,0.00000,0,0.00027
4.1689,-0.56773,0.01878,-0.56773,0.01878,-0.55704,0.08448,-0.39322,1.66208,0.44234,1.53535,0.44234,1.53535,0.00000,0.00000,0,0.00030
4.2698,-0.58653,-0.07579,-0.58653,-0.07579,-0.58085,-0.04363,-0.36467,1.66233,0.50660,1.72776,0.50660,1.72776,0.00000,0.00000,0,0.00032
4.3708,-0.56842,-0.11839,-0.56842,-0.11839,-0.57324,-0.09724,-0.33584,1.66621,0.52402,1.81207,0.52402,1.81207,0.00000,0.00000,0,0.00026
4.4721,-0.49526,-0.17542,-0.49526,-0.17542,-0.53010,-0.14743,-0.30820,1.67252,0.48694,1.89366,0.48694,1.89366,0.00000,0.00000,0,0.00037
4.5760,-0.40870,-0.22635,-0.40870,-0.22635,-0.44346,-0.20299,-0.28436,1.68165,0.38083,1.98613,0.38083,1.98613,0.00000,0.00000,0,0.00141
4.6764,-0.34579,-0.27730,-0.34579,-0.27730,-0.37649,-0.25469,-0.26420,1.69335,0.30053,2.07539,0.30053,2.07539,0.00000,0.00000,0,0.00025
4.7783,-0.28836,-0.33235,-0.28836,-0.33235,-0.31100,-0.31320,-0.24749,1.70794,0.21901,2.17774,0.21901,2.17774,0.00000,0.00000,0,0.00025
4.8793,-0.25851,-0.35520,-0.25851,-0.35520,-0.27206,-0.34238,-0.23322,1.72451,0.17486,2.23807,0.17486,2.23807,0.00000,0.00000,0,0.00037
4.9812,-0.21904,-0.37538,-0.21904,-0.37538,-0.23734,-0.36505,-0.22060,1.74231,0.13542,2.28989,0.13542,2.28989,0.00000,0.00000,0,0.00030
5.0816,-0.15937,-0.40029,-0.15937,-0.40029,-0.18461,-0.39031,-0.21021,1.76131,0.06670,2.34678,0.06670,2.34678,0.00000,0.00000,0,0.00033
5.1839,-0.15073,-0.41334,-0.15073,-0.41334,-0.15891,-0.40797,-0.20185,1.78143,0.03651,2.39338,0.03651,2.39338,0.00000,0.00000,0,0.00026
5.2845,-0.12225,-0.40460,-0.12225,-0.40460,-0.13745,-0.40932,-0.19447,1.80197,0.01170,2.41595,0.01170,2.41595,0.00000,0.00000,0,0.00025
5.3872,-0.00174,-0.34100,-0.00174,-0.34100,-0.04686,-0.36526,-0.19002,1.82139,-0.11973,2.36928,-0.11973,2.36928,0.00000,0.00000,0,0.00094
5.4880,0.16600,-0.31226,0.16600,-0.31226,0.09492,-0.32562,-0.19156,1.83850,-0.33394,2.32693,-0.33394,2.32693,0.00000,0.00000,0,0.00026
5.5889,0.18814,-0.29355,0.18814,-0.29355,0.16742,-0.30000,-0.19884,1.85394,-0.44998,2.30394,-0.44998,2.30394,0.00000,0.00000,0,0.00029
5.6911,0.21526,-0.28811,0.21526,-0.28811,0.20020,-0.29146,-0.20832,1.86865,-0.50862,2.30584,-0.50862,2.30584,0.00000,0.00000,0,0.00032
5.7940,0.30998,-0.23885,0.30998,-0.23885,0.25967,-0.26245,-0.21967,1.88260,-0.60918,2.27627,-0.60918,2.27627,0.00000,0.00000,0,0.00040
5.8955,0.39317,-0.16163,0.39317,-0.16163,0.36256,-0.19831,-0.23616,1.89405,-0.78000,2.19152,-0.78000,2.19152,0.00000,0.00000,0,0.00039
5.9961,0.41688,-0.05434,0.41688,-0.05434,0.40180,-0.10791,-0.25547,1.90157,-0.85817,2.06343,-0.85817,2.06343,0.00000,0.00000,0,0.00030
6.0980,0.43258,0.00858,0.43258,0.00858,0.42520,-0.01523,-0.27632,1.90369,-0.91413,1.92654,-0.91413,1.92654,0.00000,0.00000,32,0.00043
6.2007,0.43683,0.03268,0.43683,0.03268,0.43360,0.01958,-0.29786,1.90369,-0.94827,1.87431,-0.94827,1.87431,0.00000,0.00000,32,0.00101
6.3051,0.43954,0.04541,0.43954,0.04541,0.43716,0.03762,-0.31964,1.90214,-0.97539,1.84572,-0.97539,1.84572,0.00000,0.00000,0,0.00169
6.4048,0.43442,0.06159,0.43442,0.06159,0.43577,0.05346,-0.34149,1.89979,-0.99514,1.81960,-0.99514,1.81960,0.00000,0.00000,0,0.00026
6.5058,0.44173,0.11683,0.44173,0.11683,0.43964,0.08879,-0.36338,1.89625,-1.02283,1.76306,-1.02283,1.76306,0.00000,0.00000,0,0.00026
6.6065,0.44306,0.20479,0.44306,0.20479,0.44170,0.17254,-0.38543,1.88925,-1.04798,1.63043,-1.04798,1.63043,0.00000,0.00000,0,0.00026
6.7079,0.44676,0.22286,0.44676,0.22286,0.44690,0.21118,-0.40769,1.87931,-1.07804,1.56254,-1.07804,1.56254,0.00000,0.00000,0,0.00023
6.8092,0.45254,0.25883,0.45254,0.25883,0.44926,0.24076,-0.43006,1.86794,-1.10395,1.50680,-1.10395,1.50680,0.00000,0.00000,0,0.00041
6.9108,0.46197,0.31381,0.46197,0.31381,0.45772,0.29014,-0.45277,1.85443,-1.13935,1.41922,-1.13935,1.41922,0.00000,0.00000,0,0.00032
7.0117,0.43264,0.40238,0.43264,0.40238,0.44569,0.35856,-0.47548,1.83817,-1.14401,1.30033,-1.14401,1.30033,0.00000,0.00000,0,0.00044
7.1131,0.35117,0.50032,0.35117,0.50032,0.39378,0.46539,-0.49639,1.81680,-1.08706,1.11871,-1.08706,1.11871,0.00000,0.00000,0,0.00039
7.2140,0.22135,0.60776,0.22135,0.60776,0.28327,0.55794,-0.51287,1.79087,-0.93778,0.95397,-0.93778,0.95397,0.00000,0.00000,0,0.00028
7.3154,-0.11425,0.69794,-0.11425,0.69794,0.02045,0.65144,-0.51964,1.75988,-0.55032,0.78272,-0.55032,0.78272,0.00000,0.00000,0,0.00029
7.4176,-0.22499,0.65106,-0.22499,0.65106,-0.14432,0.67490,-0.51590,1.72573,-0.29943,0.71338,-0.29943,0.71338,0.00000,0.00000,0,0.00036
7.5178,-0.47984,0.54428,-0.47984,0.54428,-0.38002,0.59582,-0.50152,1.69410,0.06851,0.80037,0.06851,0.80037,0.00000,0.00000,0,0.00033
7.6194,-0.59191,0.31669,-0.59191,0.31669,-0.53333,0.38712,-0.47762,1.67091,0.32237,1.09023,0.32237,1.09023,0.00000,0.00000,0,0.00031
7.7226,-0.56725,0.09915,-0.56725,0.09915,-0.56019,0.17936,-0.44979,1.65772,0.39049,1.38868,0.39049,1.38868,0.00000,0.00000,0,0.00107
7.8255,-0.60548,-0.06342,-0.60548,-0.06342,-0.59370,0.00823,-0.42071,1.65403,0.46984,1.64169,0.46984,1.64169,0.00000,0.00000,32,0.00101
7.9269,-0.58951,-0.10045,-0.58951,-0.10045,-0.59626,-0.07463,-0.39076,1.65629,0.50363,1.76823,0.50363,1.76823,0.00000,0.00000,0,0.00025
8.0282,-0.55670,-0.14163,-0.55670,-0.14163,-0.57301,-0.11976,-0.36154,1.66138,0.49798,1.84102,0.49798,1.84102,0.00000,0.00000,0,0.00031
8.1297,-0.44312,-0.21831,-0.44312,-0.21831,-0.49633,-0.18330,-0.33488,1.66918,0.40961,1.94412,0.40961,1.94412,0.00000,0.00000,0,0.00029
8.2331,-0.36453,-0.27723,-0.36453,-0.27723,-0.40375,-0.24561,-0.31293,1.68017,0.29269,2.04859,0.29269,2.04859,0.00000,0.00000,0,0.00083
8.3341,-0.28658,-0.34226,-0.28658,-0.34226,-0.32260,-0.31016,-0.29514,1.69435,0.18876,2.15958,0.18876,2.15958,0.00000,0.00000,0,0.00032
8.4358,-0.24877,-0.36427,-0.24877,-0.36427,-0.27005,-0.34927,-0.28068,1.71115,0.12440,2.23506,0.12440,2.23506,0.00000,0.00000,0,0.00025
8.5383,-0.19918,-0.39459,-0.19918,-0.39459,-0.22199,-0.38003,-0.26862,1.72954,0.06437,2.29959,0.06437,2.29959,0.00000,0.00000,0,0.00024
8.6391,-0.15585,-0.41437,-0.15585,-0.41437,-0.17434,-0.40455,-0.25897,1.74933,0.00254,2.35615,0.00254,2.35615,0.00000,0.00000,0,0.00073
8.7401,-0.14159,-0.42090,-0.14159,-0.42090,-0.15100,-0.41717,-0.25100,1.77000,-0.02450,2.39575,-0.02450,2.39575,0.00000,0.00000,0,0.00026
8.8434,-0.08606,-0.40335,-0.08606,-0.40335,-0.11318,-0.41056,-0.24442,1.79074,-0.07465,2.40658,-0.07465,2.40658,0.00000,0.00000,0,0.00038
8.9457,0.07665,-0.31771,0.07665,-0.31771,0.01580,-0.34604,-0.24261,1.80942,-0.26631,2.32849,-0.26631,2.32849,0.00000,0.00000,16,0.00036
9.0471,0.20860,-0.27067,0.20860,-0.27067,0.17381,-0.29486,-0.24896,1.82512,-0.50967,2.26742,-0.50967,2.26742,0.00000,0.00000,0,0.00104
9.1487,0.23913,-0.25844,0.23913,-0.25844,0.22499,-0.26925,-0.25933,1.83906,-0.59681,2.24294,-0.59681,2.24294,0.00000,0.00000,0,0.00028
9.2495,0.30932,-0.20925,0.30932,-0.20925,0.26584,-0.23963,-0.27142,1.85186,-0.67018,2.21131,-0.67018,2.21131,0.00000,0.00000,0,0.00033
9.3513,0.41059,-0.12867,0.41059,-0.12867,0.38032,-0.17462,-0.28861,1.86213,-0.85909,2.12406,-0.85909,2.12406,0.00000,0.00000,0,0.00032
9.4555,0.44976,0.02432,0.44976,0.02432,0.42915,-0.03969,-0.30914,1.86679,-0.95286,1.92633,-0.95286,1.92633,0.00000,0.00000,0,0.00025
9.5566,0.45079,0.04338,0.45079,0.04338,0.44725,0.02721,-0.33129,1.86631,-1.00217,1.82550,-1.00217,1.82550,0.00000,0.00000,0,0.00028
9.6576,0.45385,0.05898,0.45385,0.05898,0.45346,0.05025,-0.35391,1.86421,-1.03409,1.78884,-1.03409,1.78884,0.00000,0.00000,0,0.00026
9.7593,0.46647,0.10247,0.46647,0.10247,0.46190,0.08193,-0.37680,1.86081,-1.06966,1.73791,-1.06966,1.73791,0.00000,0.00000,0,0.00030
9.8601,0.45725,0.20428,0.45725,0.20428,0.46161,0.16426,-0.39998,1.85440,-1.09239,1.60800,-1.09239,1.60800,0.00000,0.00000,0,0.00029
9.9611,0.46780,0.22483,0.46780,0.22483,0.46443,0.20991,-0.42308,1.84463,-1.11972,1.52977,-1.11972,1.52977,0.00000,0.00000,0,0.00033
10.0645,0.47369,0.27911,0.47369,0.27911,0.47113,0.25277,-0.44651,1.83296,-1.15320,1.45381,-1.15320,1.45381,0.00000,0.00000,0,0.00026
10.1661,0.48256,0.35184,0.48256,0.35184,0.47911,0.31888,-0.47030,1.81832,-1.18895,1.34000,-1.18895,1.34000,0.00000,0.00000,0,0.00028
10.2673,0.43411,0.49171,0.43411,0.49171,0.45254,0.42867,-0.49368,1.79928,-1.17248,1.15628,-1.17248,1.15628,0.00000,0.00000,0,0.00027
10.3696,0.29752,0.57181,0.29752,0.57181,0.35092,0.52368,-0.51354,1.77499,-1.03992,0.98947,-1.03992,0.98947,0.00000,0.00000,0,0.00104
10.4701,0.05850,0.65035,0.05850,0.65035,0.14969,0.63625,-0.52560,1.74502,-0.75014,0.79064,-0.75014,0.79064,0.00000,0.00000,0,0.00027
10.5710,-0.14647,0.69084,-0.14647,0.69084,-0.05838,0.69510,-0.52621,1.71092,-0.43864,0.66826,-0.43864,0.66826,0.00000,0.00000,0,0.00023
10.6734,-0.37088,0.59762,-0.37088,0.59762,-0.25055,0.64099,-0.51813,1.67750,-0.14231,0.71602,-0.14231,0.71602,0.00000,0.00000,0,0.00031
10.7766,-0.49531,0.36870,-0.49531,0.36870,-0.43106,0.48492,-0.49967,1.64917,0.14692,0.92179,0.14692,0.92179,0.00000,0.00000,0,0.00051
10.8773,-0.52929,0.22407,-0.52929,0.22407,-0.51735,0.30700,-0.47489,1.63036,0.30114,1.16985,0.30114,1.16985,0.00000,0.00000,0,0.00051
10.9782,-0.56847,0.04633,-0.56847,0.04633,-0.54007,0.12403,-0.44853,1.62090,0.36157,1.43485,0.36157,1.43485,0.00000,0.00000,0,0.00029
11.0798,-0.57804,-0.06120,-0.57804,-0.06120,-0.56663,-0.01279,-0.42065,1.61894,0.42930,1.63812,0.42930,1.63812,0.00000,0.00000,32,0.00104
11.1800,-0.55727,-0.09548,-0.55727,-0.09548,-0.56298,-0.07532,-0.39229,1.62162,0.45218,1.73461,0.45218,1.73461,0.00000,0.00000,0,0.00026
11.2817,-0.50292,-0.14848,-0.50292,-0.14848,-0.52921,-0.12397,-0.36495,1.62683,0.42887,1.81279,0.42887,1.81279,0.00000,0.00000,0,0.00040
11.3836,-0.38850,-0.21207,-0.38850,-0.21207,-0.43612,-0.18569,-0.34113,1.63491,0.31305,1.91345,0.31305,1.91345,0.00000,0.00000,0,0.00026
11.4850,-0.33921,-0.25367,-0.33921,-0.25367,-0.36883,-0.23326,-0.32140,1.64565,0.23184,1.99553,0.23184,1.99553,0.00000,0.00000,0,0.00029
11.5864,-0.27175,-0.31963,-0.27175,-0.31963,-0.30437,-0.28724,-0.30481,1.65880,0.15175,2.08965,0.15175,2.08965,0.00000,0.00000,0,0.00025
11.6869,-0.22787,-0.35360,-0.22787,-0.35360,-0.25018,-0.33574,-0.29131,1.67478,0.08396,2.17839,0.08396,2.17839,0.00000,0.00000,0,0.00029
11.7888,-0.17464,-0.39159,-0.17464,-0.39159,-0.19825,-0.37443,-0.28035,1.69274,0.01702,2.25439,0.01702,2.25439,0.00000,0.00000,0,0.00025
11.8908,-0.14588,-0.40453,-0.14588,-0.40453,-0.15894,-0.39686,-0.27171,1.71221,-0.03329,2.30750,-0.03329,2.30750,0.00000,0.00000,0,0.00028
11.9934,-0.13021,-0.41302,-0.13021,-0.41302,-0.13937,-0.40886,-0.26435,1.73244,-0.05529,2.34574,-0.05529,2.34574,0.00000,0.00000,0,0.00042
12.0944,-0.08719,-0.39925,-0.08719,-0.39925,-0.10840,-0.40487,-0.25818,1.75286,-0.09559,2.36017,-0.09559,2.36017,0.00000,0.00000,0,0.00039
12.1956,0.05889,-0.30651,0.05889,-0.30651,0.00237,-0.34829,-0.25572,1.77184,-0.25928,2.29427,-0.25928,2.29427,0.00000,0.00000,16,0.00036
12.2972,0.21572,-0.26406,0.21572,-0.26406,0.17507,-0.29239,-0.26173,1.78752,-0.52433,2.22611,-0.52433,2.22611,0.00000,0.00000,0,0.00032
12.3981,0.23973,-0.25109,0.23973,-0.25109,0.22365,-0.26890,-0.27202,1.80148,-0.60749,2.20483,-0.60749,2.20483,0.00000,0.00000,0,0.00031
12.4988,0.25816,-0.23211,0.25816,-0.23211,0.24306,-0.24616,-0.28368,1.81431,-0.64827,2.18356,-0.64827,2.18356,0.00000,0.00000,0,0.00026
12.6005,0.41029,-0.17535,0.41029,-0.17535,0.34442,-0.19509,-0.29831,1.82517,-0.81495,2.11781,-0.81495,2.11781,0.00000,0.00000,0,0.00026
12.7023,0.44124,-0.00247,0.44124,-0.00247,0.41513,-0.06726,-0.31784,1.83140,-0.94054,1.93229,-0.94054,1.93229,0.00000,0.00000,0,0.00028
12.8049,0.44666,0.04241,0.44666,0.04241,0.44395,0.01875,-0.33971,1.83180,-1.00563,1.80368,-1.00563,1.80368,0.00000,0.00000,32,0.00041
12.9070,0.45745,0.06139,0.45745,0.06139,0.45233,0.05058,-0.36213,1.82978,-1.04063,1.75391,-1.04063,1.75391,0.00000,0.00000,0,0.00030
13.0079,0.45944,0.09838,0.45944,0.09838,0.45727,0.07910,-0.38488,1.82650,-1.07078,1.70786,-1.07078,1.70786,0.00000,0.00000,0,0.00025
13.1122,0.45326,0.19973,0.45326,0.19973,0.45605,0.16115,-0.40777,1.82024,-1.09185,1.57851,-1.09185,1.57851,0.00000,0.00000,0,0.00171
13.2137,0.46731,0.22350,0.46731,0.22350,0.46244,0.20784,-0.43071,1.81062,-1.12436,1.49885,-1.12436,1.49885,0.00000,0.00000,0,0.00049
13.3164,0.47508,0.29103,0.47508,0.29103,0.47036,0.26134,-0.45404,1.79873,-1.15958,1.40671,-1.15958,1.40671,0.00000,0.00000,0,0.00026
13.4166,0.46322,0.38806,0.46322,0.38806,0.47057,0.33587,-0.47769,1.78363,-1.18355,1.27983,-1.18355,1.27983,0.00000,0.00000,0,0.00025
13.5187,0.37273,0.48579,0.37273,0.48579,0.41656,0.44698,-0.49987,1.76339,-1.12470,1.09291,-1.12470,1.09291,0.00000,0.00000,0,0.00027
13.6224,0.26784,0.56955,0.26784,0.56955,0.31563,0.52879,-0.51769,1.73871,-0.99114,0.94552,-0.99114,0.94552,0.00000,0.00000,0,0.00160
13.7241,-0.02369,0.64478,-0.02369,0.64478,0.09096,0.61451,-0.52718,1.70930,-0.66361,0.78753,-0.66361,0.78753,0.00000,0.00000,0,0.00036
13.8254,-0.15240,0.63926,-0.15240,0.63926,-0.08257,0.65819,-0.52630,1.67646,-0.40245,0.68917,-0.40245,0.68917,0.00000,0.00000,0,0.00026
13.9266,-0.40281,0.55540,-0.40281,0.55540,-0.27925,0.60129,-0.51695,1.64477,-0.09807,0.74284,-0.09807,0.74284,0.00000,0.00000,0,0.00025
14.0284,-0.52092,0.32366,-0.52092,0.32366,-0.45134,0.42233,-0.49745,1.61930,0.17955,0.98581,0.17955,0.98581,0.00000,0.00000,0,0.00105
14.1288,-0.52449,0.16022,-0.52449,0.16022,-0.51578,0.25927,-0.47237,1.60274,0.30131,1.21384,0.30131,1.21384,0.00000,0.00000,0,0.00026
14.2303,-0.55781,0.02885,-0.55781,0.02885,-0.54121,0.09013,-0.44602,1.59526,0.36579,1.46006,0.36579,1.46006,0.00000,0.00000,0,0.00027
14.3315,-0.56693,-0.06956,-0.56693,-0.06956,-0.55942,-0.03514,-0.41846,1.59499,0.42067,1.64770,0.42067,1.64770,0.00000,0.00000,0,0.00033
14.4334,-0.54479,-0.11299,-0.54479,-0.11299,-0.54968,-0.09213,-0.39077,1.59855,0.43375,1.73674,0.43375,1.73674,0.00000,0.00000,0,0.00031
14.5340,-0.48503,-0.16723,-0.48503,-0.16723,-0.51080,-0.14148,-0.36429,1.60461,0.40191,1.81683,0.40191,1.81683,0.00000,0.00000,0,0.00028
14.6351,-0.38713,-0.22625,-0.38713,-0.22625,-0.42780,-0.20227,-0.34114,1.61358,0.30056,1.91699,0.30056,1.91699,0.00000,0.00000,0,0.00045
14.7374,-0.33340,-0.27354,-0.33340,-0.27354,-0.36295,-0.24952,-0.32173,1.62507,0.22269,1.99935,0.22269,1.99935,0.00000,0.00000,0,0.00034
14.8388,-0.26097,-0.34012,-0.26097,-0.34012,-0.29269,-0.30854,-0.30563,1.63921,0.13340,2.10202,0.13340,2.10202,0.00000,0.00000,0,0.00026
14.9407,-0.19356,-0.37576,-0.19356,-0.37576,-0.22630,-0.35591,-0.29296,1.65615,0.04649,2.19002,0.04649,2.19002,0.00000,0.00000,0,0.00040
15.0426,-0.13936,-0.40501,-0.13936,-0.40501,-0.16193,-0.39273,-0.28370,1.67515,-0.04081,2.26425,-0.04081,2.26425,0.00000,0.00000,0,0.00150
15.1481,-0.12510,-0.41123,-0.12510,-0.41123,-0.13443,-0.40768,-0.27653,1.69531,-0.07488,2.30684,-0.07488,2.30684,0.00000,0.00000,0,0.00415
15.2454,-0.11354,-0.41816,-0.11354,-0.41816,-0.12139,-0.41550,-0.27018,1.71593,-0.08810,2.33919,-0.08810,2.33919,0.00000,0.00000,0,0.00031
15.3471,-0.04192,-0.39426,-0.04192,-0.39426,-0.07608,-0.40490,-0.26524,1.73651,-0.15113,2.34386,-0.15113,2.34386,0.00000,0.00000,0,0.00038
15.4484,0.20014,-0.29861,0.20014,-0.29861,0.09575,-0.32401,-0.26619,1.75453,-0.40982,2.24055,-0.40982,2.24055,0.00000,0.00000,0,0.00035
15.5509,0.23589,-0.25943,0.23589,-0.25943,0.21779,-0.27795,-0.27549,1.76954,-0.60217,2.18647,-0.60217,2.18647,0.00000,0.00000,0,0.00032
15.6521,0.26145,-0.24032,0.26145,-0.24032,0.25718,-0.24968,-0.28777,1.78267,-0.67353,2.15720,-0.67353,2.15720,0.00000,0.00000,0,0.00041
15.7568,0.32162,-0.18584,0.32162,-0.18584,0.29238,-0.21389,-0.30146,1.79427,-0.74002,2.11511,-0.74002,2.11511,0.00000,0.00000,0,0.00033
15.8581,0.43551,-0.05390,0.43551,-0.05390,0.40359,-0.11514,-0.31969,1.80217,-0.92507,1.97488,-0.92507,1.97488,0.00000,0.00000,0,0.00028
15.9594,0.45246,0.02187,0.45246,0.02187,0.44201,-0.00633,-0.34120,1.80379,-1.00421,1.81328,-1.00421,1.81328,0.00000,0.00000,32,0.00034
16.0611,0.45335,0.04386,0.45335,0.04386,0.44877,0.03094,-0.36348,1.80323,-1.03663,1.75681,-1.03663,1.75681,0.00000,0.00000,0,0.00028
16.1614,0.45225,0.07581,0.45225,0.07581,0.45047,0.05792,-0.38596,1.80097,-1.06167,1.71409,-1.06167,1.71409,0.00000,0.00000,0,0.00027
16.2634,0.44842,0.17585,0.44842,0.17585,0.45042,0.13500,-0.40852,1.79592,-1.08414,1.59343,-1.08414,1.59343,0.00000,0.00000,0,0.00043
16.3644,0.45757,0.19847,0.45757,0.19847,0.45425,0.18192,-0.43109,1.78760,-1.11247,1.51471,-1.11247,1.51471,0.00000,0.00000,0,0.00029
16.4662,0.46375,0.25030,0.46375,0.25030,0.46051,0.22675,-0.45398,1.77725,-1.14474,1.43712,-1.14474,1.43712,0.00000,0.00000,0,0.00027
16.5668,0.45630,0.33140,0.45630,0.33140,0.46343,0.29394,-0.47721,1.76396,-1.17234,1.32306,-1.17234,1.32306,0.00000,0.00000,0,0.00029
16.6673,0.38358,0.46638,0.38358,0.46638,0.41681,0.41563,-0.49911,1.74560,-1.12433,1.12216,-1.12433,1.12216,0.00000,0.00000,0,0.00028
16.7687,0.27394,0.53351,0.27394,0.53351,0.31682,0.49516,-0.51702,1.72255,-0.99224,0.97980,-0.99224,0.97980,0.00000,0.00000,0,0.00024
16.8704,0.02365,0.60888,0.02365,0.60888,0.11581,0.58935,-0.52740,1.69467,-0.70112,0.81064,-0.70112,0.81064,0.00000,0.00000,0,0.00025
16.9707,-0.14495,0.63258,-0.14495,0.63258,-0.06550,0.64392,-0.52732,1.66301,-0.42907,0.69714,-0.42907,0.69714,0.00000,0.00000,0,0.00023
17.0770,-0.32855,0.56747,-0.32855,0.56747,-0.22668,0.60575,-0.51963,1.63159,-0.17960,0.72295,-0.17960,0.72295,0.00000,0.00000,0,0.00029
17.1791,-0.49709,0.32506,-0.49709,0.32506,-0.42286,0.44560,-0.50176,1.60531,0.13252,0.93691,0.13252,0.93691,0.00000,0.00000,0,0.00034
17.2800,-0.52298,0.21122,-0.52298,0.21122,-0.51060,0.28695,-0.47732,1.58783,0.28858,1.15741,0.28858,1.15741,0.00000,0.00000,0,0.00038
17.3804,-0.56102,0.03323,-0.56102,0.03323,-0.53319,0.10106,-0.45130,1.57953,0.34849,1.42795,0.34849,1.42795,0.00000,0.00000,0,0.00024
17.4814,-0.56898,-0.08092,-0.56898,-0.08092,-0.55629,-0.03060,-0.42393,1.57866,0.41051,1.62457,0.41051,1.62457,0.00000,0.00000,0,0.00031
17.5862,-0.54031,-0.11771,-0.54031,-0.11771,-0.54597,-0.09254,-0.39632,1.58211,0.42263,1.72091,0.42263,1.72091,0.00000,0.00000,0,0.00079
17.6869,-0.48545,-0.16131,-0.48545,-0.16131,-0.50809,-0.14099,-0.37000,1.58821,0.39214,1.79969,0.39214,1.79969,0.00000,0.00000,0,0.00031
17.7916,-0.38727,-0.21992,-0.38727,-0.21992,-0.42906,-0.19499,-0.34678,1.59685,0.29680,1.88933,0.29680,1.88933,0.00000,0.00000,0,0.00028
17.8951,-0.33923,-0.25757,-0.33923,-0.25757,-0.36460,-0.23824,-0.32739,1.60791,0.21951,1.96528,0.21951,1.96528,0.00000,0.00000,0,0.00042
17.9955,-0.26667,-0.31706,-0.26667,-0.31706,-0.30046,-0.28997,-0.31104,1.62135,0.13965,2.05630,0.13965,2.05630,0.00000,0.00000,0,0.00031
18.0966,-0.21932,-0.35864,-0.21932,-0.35864,-0.24289,-0.34114,-0.29786,1.63753,0.06648,2.14924,0.06648,2.14924,0.00000,0.00000,0,0.00031
18.1986,-0.15778,-0.39944,-0.15778,-0.39944,-0.18771,-0.38049,-0.28726,1.65574,-0.00569,2.22647,-0.00569,2.22647,0.00000,0.00000,0,0.00032
18.2998,-0.12701,-0.41893,-0.12701,-0.41893,-0.13977,-0.40977,-0.27952,1.67574,-0.06987,2.29039,-0.06987,2.29039,0.00000,0.00000,0,0.00029
18.4004,-0.11670,-0.42813,-0.11670,-0.42813,-0.12262,-0.42209,-0.27309,1.69660,-0.08916,2.32974,-0.08916,2.32974,0.00000,0.00000,0,0.00026
18.5033,-0.05211,-0.40843,-0.05211,-0.40843,-0.08484,-0.41854,-0.26787,1.71775,-0.14061,2.34555,-0.14061,2.34555,0.00000,0.00000,0,0.00069
18.6037,0.15090,-0.29159,0.15090,-0.29159,0.06086,-0.34271,-0.26754,1.73692,-0.35884,2.25099,-0.35884,2.25099,0.00000,0.00000,0,0.00039
18.7056,0.24954,-0.26982,0.24954,-0.26982,0.21268,-0.29814,-0.27586,1.75293,-0.59488,2.20014,-0.59488,2.20014,0.00000,0.00000,0,0.00027
18.8064,0.27135,-0.25097,0.27135,-0.25097,0.25663,-0.26850,-0.28785,1.76710,-0.67280,2.16985,-0.67280,2.16985,0.00000,0.00000,0,0.00025
18.9079,0.37610,-0.20157,0.37610,-0.20157,0.31556,-0.22743,-0.30187,1.77950,-0.77520,2.12065,-0.77520,2.12065,0.00000,0.00000,0,0.00028
19.0085,0.45388,-0.05434,0.45388,-0.05434,0.41925,-0.12154,-0.32108,1.78816,-0.94996,1.97047,-0.94996,1.97047,0.00000,0.00000,0,0.00026
19.1107,0.46049,0.01563,0.46049,0.01563,0.45562,-0.01331,-0.34329,1.79040,-1.02671,1.81037,-1.02671,1.81037,0.00000,0.00000,32,0.00026
19.2140,0.46163,0.03825,0.46163,0.03825,0.46003,0.02719,-0.36619,1.78991,-1.05623,1.74913,-1.05623,1.74913,0.00000,0.00000,0,0.00038
19.3158,0.46432,0.08741,0.46432,0.08741,0.46154,0.06118,-0.38923,1.78770,-1.08153,1.69593,-1.08153,1.69593,0.00000,0.00000,0,0.00032
19.4168,0.46256,0.17224,0.46256,0.17224,0.46358,0.13847,-0.41240,1.78236,-1.10777,1.57465,-1.10777,1.57465,0.00000,0.00000,0,0.00032
19.5188,0.47359,0.20489,0.47359,0.20489,0.47001,0.18639,-0.43575,1.77388,-1.14076,1.49430,-1.14076,1.49430,0.00000,0.00000,0,0.00028
19.6209,0.48569,0.27986,0.48569,0.27986,0.48044,0.24596,-0.45954,1.76291,-1.18020,1.39397,-1.18020,1.39397,0.00000,0.00000,0,0.00028
19.7227,0.45063,0.39017,0.45063,0.39017,0.46992,0.33453,-0.48351,1.74822,-1.18840,1.24643,-1.18840,1.24643,0.00000,0.00000,0,0.00030
19.8263,0.34166,0.46907,0.34166,0.46907,0.39387,0.43639,-0.50505,1.72817,-1.09586,1.07359,-1.09586,1.07359,0.00000,0.00000,0,0.00075
19.9270,0.23732,0.55856,0.23732,0.55856,0.29070,0.51823,-0.52170,1.70398,-0.95775,0.92664,-0.95775,0.92664,0.00000,0.00000,0,0.00037
20.0278,-0.05268,0.66635,-0.05268,0.66635,0.05172,0.61042,-0.52890,1.67509,-0.60648,0.75946,-0.60648,0.75946,0.00000,0.00000,0,0.00025
20.1288,-0.15430,0.62519,-0.15430,0.62519,-0.09298,0.62867,-0.52714,1.64350,-0.38767,0.70050,-0.38767,0.70050,0.00000,0.00000,0,0.00024
20.2294,-0.39153,0.52573,-0.39153,0.52573,-0.27425,0.57181,-0.51778,1.61324,-0.10641,0.75552,-0.10641,0.75552,0.00000,0.00000,0,0.00027
20.3307,-0.51226,0.29955,-0.51226,0.29955,-0.44055,0.39916,-0.49871,1.58927,0.16211,0.99052,0.16211,0.99052,0.00000,0.00000,0,0.00026
20.4335,-0.52242,0.12172,-0.52242,0.12172,-0.50878,0.23249,-0.47408,1.57384,0.28909,1.22510,0.28909,1.22510,0.00000,0.00000,0,0.00027
20.5362,-0.55378,-0.00453,-0.55378,-0.00453,-0.53503,0.06184,-0.44817,1.56766,0.35438,1.47490,0.35438,1.47490,0.00000,0.00000,0,0.00106
20.6374,-0.56258,-0.08863,-0.56258,-0.08863,-0.55625,-0.05832,-0.42077,1.56866,0.41361,1.65614,0.41361,1.65614,0.00000,0.00000,0,0.00120
20.7373,-0.52718,-0.13142,-0.52718,-0.13142,-0.53810,-0.11226,-0.39344,1.57333,0.41371,1.74173,0.41371,1.74173,0.00000,0.00000,0,0.00027
20.8380,-0.46019,-0.18428,-0.46019,-0.18428,-0.49116,-0.15984,-0.36778,1.58036,0.36896,1.82012,0.36896,1.82012,0.00000,0.00000,0,0.00026
20.9415,-0.37134,-0.23133,-0.37134,-0.23133,-0.41115,-0.21089,-0.34556,1.58994,0.27117,1.90628,0.27117,1.90628,0.00000,0.00000,0,0.00030
21.0450,-0.33347,-0.27354,-0.33347,-0.27354,-0.35628,-0.25282,-0.32673,1.60170,0.20769,1.98093,0.20769,1.98093,0.00000,0.00000,0,0.00038
21.1466,-0.26040,-0.33674,-0.26040,-0.33674,-0.29327,-0.30699,-0.31068,1.61587,0.12922,2.07635,0.12922,2.07635,0.00000,0.00000,0,0.00029
21.2473,-0.21653,-0.37223,-0.21653,-0.37223,-0.23932,-0.35473,-0.29773,1.63279,0.06126,2.16488,0.06126,2.16488,0.00000,0.00000,0,0.00032
21.3497,-0.13669,-0.41188,-0.13669,-0.41188,-0.17435,-0.39408,-0.28757,1.65171,-0.02604,2.24284,-0.02604,2.24284,0.00000,0.00000,0,0.00032
21.4516,-0.12063,-0.42194,-0.12063,-0.42194,-0.13064,-0.41516,-0.28044,1.67211,-0.08448,2.29484,-0.08448,2.29484,0.00000,0.00000,0,0.00099
21.5513,-0.10299,-0.42295,-0.10299,-0.42295,-0.11242,-0.42202,-0.27447,1.69310,-0.10584,2.32614,-0.10584,2.32614,0.00000,0.00000,0,0.00026
21.6519,-0.03051,-0.39878,-0.03051,-0.39878,-0.06647,-0.40996,-0.26997,1.71394,-0.17026,2.32889,-0.17026,2.32889,0.00000,0.00000,0,0.00027
21.7566,0.21513,-0.30491,0.21513,-0.30491,0.11473,-0.33124,-0.27161,1.73229,-0.44371,2.22915,-0.44371,2.22915,0.00000,0.00000,0,0.00098
21.8567,0.24603,-0.26621,0.24603,-0.26621,0.22892,-0.28426,-0.28154,1.74761,-0.62492,2.17400,-0.62492,2.17400,0.00000,0.00000,0,0.00031
21.9581,0.27479,-0.24518,0.27479,-0.24518,0.26935,-0.25482,-0.29445,1.76100,-0.69848,2.14323,-0.69848,2.14323,0.00000,0.00000,0,0.00029
22.0589,0.37281,-0.16754,0.37281,-0.16754,0.31909,-0.20769,-0.30894,1.77264,-0.78757,2.08418,-0.78757,2.08418,0.00000,0.00000,0,0.00025
22.1599,0.45101,-0.00189,0.45101,-0.00189,0.42039,-0.08726,-0.32828,1.77988,-0.95886,1.91077,-0.95886,1.91077,0.00000,0.00000,0,0.00029
22.2607,0.45681,0.02244,0.45681,0.02244,0.45160,-0.00099,-0.35037,1.78112,-1.02778,1.78261,-1.02778,1.78261,0.00000,0.00000,32,0.00025
22.3630,0.45588,0.04152,0.45588,0.04152,0.45648,0.03258,-0.37311,1.78029,-1.05783,1.73141,-1.05783,1.73141,0.00000,0.00000,0,0.00027
22.4650,0.46751,0.10245,0.46751,0.10245,0.46288,0.07177,-0.39611,1.77768,-1.09043,1.67003,-1.09043,1.67003,0.00000,0.00000,0,0.00026
22.5684,0.46585,0.18248,0.46585,0.18248,0.46677,0.15101,-0.41944,1.77168,-1.11960,1.54517,-1.11960,1.54517,0.00000,0.00000,0,0.00033
22.6713,0.47556,0.21927,0.47556,0.21927,0.47204,0.19820,-0.44291,1.76268,-1.15097,1.46538,-1.15097,1.46538,0.00000,0.00000,0,0.00098
22.7721,0.48517,0.28769,0.48517,0.28769,0.48081,0.25968,-0.46675,1.75099,-1.18797,1.36147,-1.18797,1.36147,0.00000,0.00000,0,0.00038
22.8750,0.41844,0.43632,0.41844,0.43632,0.44650,0.36795,-0.49004,1.73512,-1.15980,1.18318,-1.15980,1.18318,0.00000,0.00000,0,0.00028
22.9764,0.29718,0.50260,0.29718,0.50260,0.34990,0.46031,-0.50970,1.71376,-1.03455,1.02330,-1.03455,1.02330,0.00000,0.00000,0,0.00070
23.0777,0.02981,0.59655,0.02981,0.59655,0.17138,0.56330,-0.52298,1.68778,-0.78005,0.84283,-0.78005,0.84283,0.00000,0.00000,0,0.00036
23.1790,-0.06768,0.64694,-0.06768,0.64694,-0.00837,0.63171,-0.52562,1.65766,-0.51307,0.71010,-0.51307,0.71010,0.00000,0.00000,16,0.00027
23.2804,-0.19767,0.61666,-0.19767,0.61666,-0.14166,0.62271,-0.52096,1.62636,-0.30846,0.69229,-0.30846,0.69229,0.00000,0.00000,0,0.00027
23.3812,-0.43049,0.44079,-0.43049,0.44079,-0.35057,0.51663,-0.50762,1.59805,0.01824,0.82311,0.01824,0.82311,0.00000,0.00000,0,0.00027
23.4830,-0.52861,0.28482,-0.52861,0.28482,-0.48147,0.34457,-0.48603,1.57767,0.23617,1.06081,0.23617,1.06081,0.00000,0.00000,0,0.00129
23.5857,-0.50665,0.08235,-0.50665,0.08235,-0.50252,0.15662,-0.46111,1.56600,0.29268,1.33108,0.29268,1.33108,0.00000,0.00000,0,0.00025
23.6864,-0.54368,-0.06441,-0.54368,-0.06441,-0.53248,0.00770,-0.43499,1.56272,0.36373,1.55117,0.36373,1.55117,0.00000,0.00000,32,0.00028
23.7873,-0.52667,-0.10605,-0.52667,-0.10605,-0.53749,-0.07702,-0.40793,1.56501,0.39830,1.68054,0.39830,1.68054,0.00000,0.00000,0,0.00031
23.8888,-0.47651,-0.14449,-0.47651,-0.14449,-0.49967,-0.12624,-0.38203,1.57039,0.36747,1.75975,0.36747,1.75975,0.00000,0.00000,0,0.00030
23.9895,-0.40616,-0.19499,-0.40616,-0.19499,-0.43813,-0.17326,-0.35886,1.57812,0.29834,1.83801,0.29834,1.83801,0.00000,0.00000,0,0.00028
24.0910,-0.36067,-0.22552,-0.36067,-0.22552,-0.38092,-0.20949,-0.33878,1.58791,0.23260,1.90214,0.23260,1.90214,0.00000,0.00000,0,0.00033
24.1933,-0.31860,-0.25815,-0.31860,-0.25815,-0.33852,-0.24180,-0.32099,1.59932,0.18678,1.96202,0.18678,1.96202,0.00000,0.00000,0,0.00035
24.2976,-0.24267,-0.32420,-0.24267,-0.32420,-0.27397,-0.29667,-0.30586,1.61298,0.10509,2.05797,0.10509,2.05797,0.00000,0.00000,0,0.00113
24.3978,-0.19962,-0.35491,-0.19962,-0.35491,-0.22225,-0.33865,-0.29379,1.62918,0.03958,2.13715,0.03958,2.13715,0.00000,0.00000,0,0.00050
24.4990,-0.13881,-0.39003,-0.13881,-0.39003,-0.16901,-0.37322,-0.28420,1.64715,-0.03070,2.20698,-0.03070,2.20698,0.00000,0.00000,0,0.00029
24.6012,-0.11548,-0.40276,-0.11548,-0.40276,-0.12503,-0.39471,-0.27730,1.66652,-0.08976,2.25858,-0.08976,2.25858,0.00000,0.00000,0,0.00028
24.7023,-0.09443,-0.40643,-0.09443,-0.40643,-0.10419,-0.40293,-0.27169,1.68651,-0.11541,2.29091,-0.11541,2.29091,0.00000,0.00000,0,0.00043
24.8058,-0.03172,-0.38060,-0.03172,-0.38060,-0.06017,-0.39086,-0.26760,1.70643,-0.17735,2.29272,-0.17735,2.29272,0.00000,0.00000,0,0.00025
24.9076,0.21281,-0.27995,0.21281,-0.27995,0.11571,-0.30600,-0.26936,1.72362,-0.44293,2.18263,-0.44293,2.18263,0.00000,0.00000,0,0.00045
25.0082,0.23474,-0.25417,0.23474,-0.25417,0.22126,-0.26740,-0.27910,1.73794,-0.61099,2.13905,-0.61099,2.13905,0.00000,0.00000,0,0.00028
25.1091,0.25959,-0.22917,0.25959,-0.22917,0.25623,-0.23848,-0.29142,1.75052,-0.67576,2.10824,-0.67576,2.10824,0.00000,0.00000,0,0.00035
25.2095,0.28379,-0.18503,0.28379,-0.18503,0.27518,-0.20669,-0.30478,1.76158,-0.71755,2.07161,-0.71755,2.07161,0.00000,0.00000,0,0.00034
25.3110,0.35717,-0.08326,0.35717,-0.08326,0.31662,-0.13058,-0.31948,1.76979,-0.79441,1.96566,-0.79441,1.96566,0.00000,0.00000,0,0.00026
25.4141,0.44775,0.00393,0.44775,0.00393,0.41306,-0.03335,-0.33825,1.77340,-0.95784,1.82343,-0.95784,1.82343,0.00000,0.00000,0,0.00024
25.5158,0.44656,0.04114,0.44656,0.04114,0.44139,0.02297,-0.36001,1.77317,-1.02209,1.73871,-1.02209,1.73871,0.00000,0.00000,0,0.00031
25.6168,0.45578,0.06253,0.45578,0.06253,0.45350,0.05068,-0.38251,1.77113,-1.06275,1.69512,-1.06275,1.69512,0.00000,0.00000,0,0.00026
25.7178,0.45649,0.16539,0.45649,0.16539,0.45758,0.11793,-0.40536,1.76690,-1.09173,1.59001,-1.09173,1.59001,0.00000,0.00000,0,0.00041
25.8205,0.46153,0.20164,0.46153,0.20164,0.45699,0.18271,-0.42811,1.75878,-1.11360,1.48472,-1.11360,1.48472,0.00000,0.00000,0,0.00101
25.9203,0.46438,0.26139,0.46438,0.26139,0.46268,0.23335,-0.45117,1.74824,-1.14520,1.39822,-1.14520,1.39822,0.00000,0.00000,0,0.00027
26.0209,0.42901,0.35330,0.42901,0.35330,0.44828,0.30828,-0.47409,1.73446,-1.14651,1.27205,-1.14651,1.27205,0.00000,0.00000,0,0.00026
26.1223,0.35455,0.45325,0.35455,0.45325,0.39169,0.41932,-0.49497,1.71542,-1.08250,1.08644,-1.08250,1.08644,0.00000,0.00000,0,0.00100
26.2272,0.22591,0.56849,0.22591,0.56849,0.28252,0.52077,-0.51137,1.69143,-0.93515,0.91027,-0.93515,0.91027,0.00000,0.00000,0,0.00186
26.3281,-0.04467,0.68070,-0.04467,0.68070,0.04100,0.62274,-0.51802,1.66217,-0.57953,0.72806,-0.57953,0.72806,0.00000,0.00000,0,0.00133
26.4273,-0.15048,0.63401,-0.15048,0.63401,-0.09250,0.63680,-0.51600,1.63016,-0.37724,0.67496,-0.37724,0.67496,0.00000,0.00000,0,0.00025
26.5282,-0.40619,0.50893,-0.40619,0.50893,-0.28615,0.56274,-0.50630,1.59997,-0.07707,0.75587,-0.07707,0.75587,0.00000,0.00000,0,0.00028
26.6298,-0.50270,0.32043,-0.50270,0.32043,-0.44318,0.38671,-0.48702,1.57686,0.17775,0.99679,0.17775,0.99679,0.00000,0.00000,0,0.00034
26.7304,-0.49171,0.11924,-0.49171,0.11924,-0.48647,0.21826,-0.46312,1.56214,0.26659,1.23475,0.26659,1.23475,0.00000,0.00000,0,0.00027
26.8343,-0.52803,0.01802,-0.52803,0.01802,-0.51334,0.08018,-0.43813,1.55547,0.33188,1.43519,0.33188,1.43519,0.00000,0.00000,0,0.00026
26.9364,-0.52156,-0.06613,-0.52156,-0.06613,-0.52581,-0.03427,-0.41201,1.55553,0.37670,1.60694,0.37670,1.60694,0.00000,0.00000,0,0.00029
27.0374,-0.49934,-0.09865,-0.49934,-0.09865,-0.50782,-0.08247,-0.38626,1.55883,0.37546,1.68253,0.37546,1.68253,0.00000,0.00000,0,0.00032
27.1386,-0.43423,-0.15425,-0.43423,-0.15425,-0.46132,-0.13038,-0.36214,1.56437,0.32984,1.75994,0.32984,1.75994,0.00000,0.00000,0,0.00027
27.2396,-0.35748,-0.19482,-0.35748,-0.19482,-0.38952,-0.17618,-0.34124,1.57233,0.24305,1.83660,0.24305,1.83660,0.00000,0.00000,0,0.00033
27.3409,-0.32694,-0.22109,-0.32694,-0.22109,-0.34536,-0.20750,-0.32317,1.58211,0.19486,1.89337,0.19486,1.89337,0.00000,0.00000,0,0.00028
27.4437,-0.27976,-0.26349,-0.27976,-0.26349,-0.30190,-0.24564,-0.30716,1.59358,0.14570,1.96204,0.14570,1.96204,0.00000,0.00000,0,0.00113
27.5442,-0.21643,-0.32490,-0.21643,-0.32490,-0.24061,-0.30007,-0.29395,1.60746,0.06696,2.05757,0.06696,2.05757,0.00000,0.00000,0,0.00041
27.6467,-0.17718,-0.34097,-0.17718,-0.34097,-0.19722,-0.32928,-0.28326,1.62339,0.01257,2.11731,0.01257,2.11731,0.00000,0.00000,0,0.00034
27.7476,-0.12815,-0.36506,-0.12815,-0.36506,-0.15002,-0.35309,-0.27480,1.64055,-0.04977,2.17018,-0.04977,2.17018,0.00000,0.00000,0,0.00038
27.8486,-0.09256,-0.38123,-0.09256,-0.38123,-0.10862,-0.37380,-0.26858,1.65887,-0.10566,2.21958,-0.10566,2.21958,0.00000,0.00000,0,0.00028
27.9497,-0.07308,-0.38564,-0.07308,-0.38564,-0.08507,-0.38285,-0.26390,1.67787,-0.13629,2.25214,-0.13629,2.25214,0.00000,0.00000,0,0.00039
28.0523,-0.00624,-0.35572,-0.00624,-0.35572,-0.04080,-0.36887,-0.26073,1.69673,-0.19952,2.25004,-0.19952,2.25004,0.00000,0.00000,0,0.00029
28.1571,0.23007,-0.27384,0.23007,-0.27384,0.14865,-0.29128,-0.26402,1.71281,-0.48699,2.14972,-0.48699,2.14972,0.00000,0.00000,0,0.00171
28.2575,0.24345,-0.24895,-0.75655,-0.24895,-0.28337,-0.25421,-0.41358,1.72616,0.01849,2.10748,0.01147,2.10748,1.00000,0.00000,1,0.00029
28.3582,0.25342,-0.31532,-0.74658,-0.31532,-0.66493,-0.27190,-0.38551,1.73875,0.61188,2.14661,0.61188,2.14661,1.00000,0.00000,0,0.00028
28.4589,0.29517,-0.47807,-0.70483,-0.47807,-0.71584,-0.41245,-0.34999,1.75612,0.72377,2.37479,0.72377,2.37479,1.00000,0.00000,0,0.00025
28.5625,0.30616,-0.51065,-0.69384,-0.51065,-0.70645,-0.48530,-0.31446,1.77928,0.74521,2.50723,0.74521,2.50723,1.00000,0.00000,0,0.00099
28.6634,0.34378,-0.54679,-0.65622,-0.54679,-0.67266,-0.53016,-0.28020,1.80506,0.72879,2.60031,0.72879,2.60031,1.00000,0.00000,0,0.00033
28.7642,0.44028,-0.63741,-0.55972,-0.63741,-0.59159,-0.60853,-0.24896,1.83389,0.63842,2.74668,0.63842,2.74668,1.00000,0.00000,0,0.00026
28.8649,0.47485,-0.65622,-0.52515,-0.65622,-0.54440,-0.64327,-0.22088,1.86544,0.59572,2.83034,0.59572,2.83034,1.00000,0.00000,0,0.00025
28.9667,0.51133,-0.67274,-0.48867,-0.67274,-0.50786,-0.66219,-0.19473,1.89815,0.56705,2.89143,0.56705,2.89143,1.00000,0.00000,0,0.00093
29.0664,0.55942,-0.70342,-0.44058,-0.70342,-0.46416,-0.68892,-0.17061,1.93203,0.52564,2.96541,0.52564,2.96541,1.00000,0.00000,0,0.00025
29.1669,0.64553,-0.75061,-0.35447,-0.75061,-0.39366,-0.73146,-0.14942,1.96772,0.44107,3.06491,0.44107,3.06491,1.00000,0.00000,0,0.00025
29.2686,0.90742,-0.66553,-0.09258,-0.66553,-0.21202,-0.70217,-0.13433,2.00399,0.18371,3.05725,0.18371,3.05725,1.00000,0.00000,0,0.00030
29.3690,1.02711,-0.67967,0.02711,-0.67967,-0.02254,-0.68981,-0.13032,2.03862,-0.09651,3.07334,-0.09651,3.07334,1.00000,0.00000,0,0.00025
29.4710,1.05113,-0.68179,0.05113,-0.68179,0.03095,-0.68303,-0.13085,2.07281,-0.17727,3.09735,-0.17727,3.09735,1.00000,0.00000,0,0.00026
29.5733,1.09202,-0.68007,0.09202,-0.68007,0.06353,-0.67925,-0.13319,2.10685,-0.22849,3.12572,-0.22849,3.12572,1.00000,0.00000,0,0.00094
29.6760,1.12745,-0.64074,0.12745,-0.64074,0.10824,-0.65924,-0.13776,2.14039,-0.30011,3.12925,-0.30011,3.12925,1.00000,0.00000,0,0.00050
29.7775,1.14623,-0.57865,0.14623,-0.57865,0.13578,-0.59781,-0.14409,2.17142,-0.34775,3.06814,-0.34775,3.06814,1.00000,0.00000,0,0.00028
29.8781,1.15957,-0.57293,0.15957,-0.57293,0.15358,-0.57837,-0.15148,2.20064,-0.38185,3.06819,-0.38185,3.06819,1.00000,0.00000,0,0.00033
29.9789,1.16590,-0.56339,0.16590,-0.56339,0.16212,-0.56877,-0.15943,2.22928,-0.40261,3.08243,-0.40261,3.08243,1.00000,0.00000,0,0.00025
30.0797,1.17921,-0.54952,0.17921,-0.54952,0.17389,-0.55537,-0.16788,2.25732,-0.42872,3.09037,-0.42872,3.09037,1.00000,0.00000,0,0.00034
30.1808,1.18550,-0.53789,0.18550,-0.53789,0.18240,-0.54314,-0.17685,2.28469,-0.45045,3.09940,-0.45045,3.09940,1.00000,0.00000,0,0.00026
30.2828,1.19811,-0.52099,0.19811,-0.52099,0.19157,-0.52907,-0.18619,2.31145,-0.47354,3.10505,-0.47354,3.10505,1.00000,0.00000,0,0.00026
30.3845,1.20993,-0.49746,0.20993,-0.49746,0.20396,-0.50833,-0.19615,2.33731,-0.50210,3.09981,-0.50210,3.09981,1.00000,0.00000,0,0.00027
30.4855,1.22437,-0.46093,0.22437,-0.46093,0.21659,-0.47734,-0.20669,2.36184,-0.53158,3.07785,-0.53158,3.07785,1.00000,0.00000,0,0.00025
30.5870,1.23699,-0.41745,0.23699,-0.41745,0.23176,-0.43837,-0.21802,2.38456,-0.56566,3.04211,-0.56566,3.04211,1.00000,0.00000,0,0.00027
30.6880,1.25556,-0.32962,0.25556,-0.32962,0.24522,-0.36964,-0.22995,2.40463,-0.59778,2.95909,-0.59778,2.95909,1.00000,0.00000,0,0.00035
30.7911,1.26605,-0.19972,0.26605,-0.19972,0.26077,-0.26518,-0.24272,2.42037,-0.63387,2.81814,-0.63387,2.81814,1.00000,0.00000,0,0.00159
30.8914,1.23519,-0.06845,0.23519,-0.06845,0.24931,-0.12589,-0.25568,2.42918,-0.62964,2.61801,-0.62964,2.61801,1.00000,0.00000,0,0.00029
30.9938,1.22479,-0.04538,0.22479,-0.04538,0.23383,-0.06503,-0.26767,2.43331,-0.61841,2.53086,-0.61841,2.53086,1.00000,0.00000,0,0.00043
31.0985,1.20808,-0.03311,0.20808,-0.03311,0.21817,-0.04185,-0.27888,2.43578,-0.60613,2.49855,-0.60613,2.49855,1.00000,0.00000,0,0.00201
31.1982,1.15969,0.00319,0.15969,0.00319,0.18684,-0.01637,-0.28904,2.43705,-0.56930,2.46161,-0.56930,2.46161,1.00000,0.00000,32,0.00030
31.2992,1.10553,0.04819,0.10553,0.04819,0.12465,0.04637,-0.29629,2.43576,-0.48326,2.36621,-0.48326,2.36621,1.00000,0.00000,0,0.00030
31.4000,1.11394,0.06078,0.11394,0.06078,0.11431,0.06111,-0.30209,2.43288,-0.47356,2.34122,-0.47356,2.34122,1.00000,0.00000,0,0.00033
31.5018,1.11279,0.06518,0.11279,0.06518,0.11196,0.06368,-0.30770,2.42971,-0.47565,2.33419,-0.47565,2.33419,1.00000,0.00000,0,0.00026
31.6041,1.11689,0.06600,0.11689,0.06600,0.11486,0.06524,-0.31336,2.42648,-0.48565,2.32863,-0.48565,2.32863,1.00000,0.00000,0,0.00036
31.7050,1.11259,0.06298,0.11259,0.06298,0.11401,0.06418,-0.31909,2.42323,-0.49010,2.32696,-0.49010,2.32696,1.00000,0.00000,0,0.00026
31.8061,1.09516,0.06914,0.09516,0.06914,0.10538,0.06689,-0.32464,2.41999,-0.48271,2.31965,-0.48271,2.31965,1.00000,0.00000,0,0.00025
31.9077,1.07627,0.08358,0.07627,0.08358,0.08018,0.07774,-0.32902,2.41628,-0.44929,2.29966,-0.44929,2.29966,1.00000,0.00000,0,0.00030
32.0082,1.07402,0.08416,0.07402,0.08416,0.07554,0.08225,-0.33286,2.41227,-0.44618,2.28890,-0.44618,2.28890,1.00000,0.00000,0,0.00025
32.1092,1.07562,0.08708,0.07562,0.08708,0.07611,0.08584,-0.33666,2.40803,-0.45082,2.27927,-0.45082,2.27927,1.00000,0.00000,0,0.00027
32.2105,1.07539,0.09029,0.07539,0.09029,0.07509,0.08899,-0.34043,2.40364,-0.45307,2.27016,-0.45307,2.27016,1.00000,0.00000,0,0.00024
32.3131,1.07681,0.08930,0.07681,0.08930,0.07663,0.08946,-0.34424,2.39916,-0.45918,2.26497,-0.45918,2.26497,1.00000,0.00000,0,0.00139
32.4147,1.07546,0.09225,0.07546,0.09225,0.07623,0.09089,-0.34806,2.39466,-0.46241,2.25833,-0.46241,2.25833,1.00000,0.00000,0,0.00026
32.5160,1.07632,0.09295,0.07632,0.09295,0.07555,0.09198,-0.35184,2.39009,-0.46517,2.25211,-0.46517,2.25211,1.00000,0.00000,0,0.00026
32.6169,1.07368,0.09194,0.07368,0.09194,0.07405,0.09199,-0.35557,2.38548,-0.46664,2.24750,-0.46664,2.24750,1.00000,0.00000,0,0.00025
32.7216,1.07144,0.09192,0.07144,0.09192,0.07195,0.09238,-0.35921,2.38087,-0.46714,2.24230,-0.46714,2.24230,1.00000,0.00000,0,0.00207
32.8239,1.06629,0.09157,0.06629,0.09157,0.06881,0.09168,-0.36275,2.37628,-0.46597,2.23876,-0.46597,2.23876,1.00000,0.00000,0,0.00123
32.9244,1.05764,0.08952,0.05764,0.08952,0.06102,0.08992,-0.36595,2.37175,-0.45748,2.23686,-0.45748,2.23686,1.00000,0.00000,0,0.00032
33.0281,1.05132,0.08653,0.05132,0.08653,0.05444,0.08796,-0.36880,2.36730,-0.45047,2.23537,-0.45047,2.23537,1.00000,0.00000,0,0.00029
33.1288,1.04471,0.07999,0.04471,0.07999,0.04722,0.08328,-0.37130,2.36303,-0.44214,2.23812,-0.44214,2.23812,1.00000,0.00000,0,0.00026
33.2312,1.03760,0.07553,1.03760,0.07553,0.34237,0.07786,-0.22619,2.35904,-0.89011,2.24225,-0.73975,2.24225,0.00000,0.00000,1,0.00027
33.3321,0.97426,0.12565,0.97426,0.12565,0.88821,0.09884,-0.24587,2.35481,-1.57818,2.20655,-1.57818,2.20655,0.00000,0.00000,0,0.00045
33.4339,0.73383,0.29043,0.73383,0.29043,0.81081,0.23606,-0.28908,2.34558,-1.50529,1.99150,-1.50529,1.99150,0.00000,0.00000,0,0.00044
33.5343,0.52390,0.39070,0.52390,0.39070,0.60758,0.36033,-0.32350,2.32935,-1.23487,1.78885,-1.23487,1.78885,0.00000,0.00000,0,0.00026
33.6362,0.43250,0.45053,0.43250,0.45053,0.49405,0.43583,-0.35044,2.30866,-1.09152,1.65491,-1.09152,1.65491,0.00000,0.00000,0,0.00029
33.7377,0.34543,0.45451,0.34543,0.45451,0.38676,0.46313,-0.37158,2.28571,-0.95172,1.59102,-0.95172,1.59102,0.00000,0.00000,0,0.00027
33.8393,0.32272,0.44681,0.32272,0.44681,0.33714,0.45296,-0.38917,2.26288,-0.89488,1.58344,-0.89488,1.58344,0.00000,0.00000,0,0.00031
33.9406,0.29276,0.43262,0.29276,0.43262,0.30751,0.44009,-0.40513,2.24062,-0.86640,1.58047,-0.86640,1.58047,0.00000,0.00000,0,0.00092
34.0408,0.25297,0.42101,0.25297,0.42101,0.27101,0.42707,-0.41947,2.21899,-0.82599,1.57838,-0.82599,1.57838,0.00000,0.00000,0,0.00028
34.1433,0.16658,0.38904,0.16658,0.38904,0.20968,0.40323,-0.43144,2.19826,-0.74596,1.59343,-0.74596,1.59343,0.00000,0.00000,0,0.00196
34.2434,0.14246,0.38076,0.14246,0.38076,0.15545,0.38662,-0.43999,2.17864,-0.67317,1.59871,-0.67317,1.59871,0.00000,0.00000,0,0.00035
34.3470,0.13062,0.37331,0.13062,0.37331,0.13548,0.37734,-0.44709,2.15960,-0.65030,1.59359,-0.65030,1.59359,0.00000,0.00000,0,0.00184
34.4474,0.11580,0.36828,0.11580,0.36828,0.12141,0.37080,-0.45340,2.14094,-0.63552,1.58474,-0.63552,1.58474,0.00000,0.00000,0,0.00033
34.5479,0.10975,0.36331,0.10975,0.36331,0.11416,0.36631,-0.45925,2.12253,-0.63050,1.57306,-0.63050,1.57306,0.00000,0.00000,0,0.00050
34.6518,0.09498,0.35438,0.09498,0.35438,0.10058,0.35897,-0.46455,2.10442,-0.61542,1.56596,-0.61542,1.56596,0.00000,0.00000,0,0.00027
34.7533,0.07704,0.34318,0.07704,0.34318,0.08656,0.34910,-0.46920,2.08675,-0.59904,1.56309,-0.59904,1.56309,0.00000,0.00000,0,0.00028
34.8549,0.05926,0.33410,0.05926,0.33410,0.06705,0.33809,-0.47295,2.06965,-0.57352,1.56251,-0.57352,1.56251,0.00000,0.00000,0,0.00033
34.9566,-0.00151,0.30023,-0.00151,0.30023,0.02441,0.31595,-0.47516,2.05329,-0.51178,1.57937,-0.51178,1.57937,0.00000,0.00000,0,0.00026
35.0573,-0.03826,0.27419,-0.03826,0.27419,-0.02126,0.28581,-0.47494,2.03848,-0.44306,1.60977,-0.44306,1.60977,0.00000,0.00000,0,0.00024
35.1611,-0.04601,0.25229,-0.04601,0.25229,-0.04088,0.26347,-0.47320,2.02485,-0.41187,1.62964,-0.41187,1.62964,0.00000,0.00000,0,0.00107
35.2617,-0.03570,0.23492,-0.03570,0.23492,-0.03745,0.24303,-0.47120,2.01231,-0.41503,1.64776,-0.41503,1.64776,0.00000,0.00000,0,0.00031
35.3647,-0.00302,0.21867,-0.00302,0.21867,-0.01672,0.22674,-0.47004,2.00065,-0.44495,1.66053,-0.44495,1.66053,0.00000,0.00000,16,0.00026
35.4653,0.01036,0.20105,0.01036,0.20105,0.00452,0.20913,-0.47004,1.98985,-0.47682,1.67616,-0.47682,1.67616,0.00000,0.00000,16,0.00026
35.5668,0.02601,0.19359,0.02601,0.19359,0.01825,0.19764,-0.47004,1.97978,-0.49741,1.68332,-0.49741,1.68332,0.00000,0.00000,16,0.00027
35.6709,0.02948,0.18788,0.02948,0.18788,0.02675,0.19049,-0.47103,1.97011,-0.51115,1.68438,-0.51115,1.68438,0.00000,0.00000,0,0.00111
35.7704,0.03019,0.18275,0.03019,0.18275,0.03069,0.18554,-0.47251,1.96073,-0.51854,1.68242,-0.51854,1.68242,0.00000,0.00000,0,0.00025
35.8713,0.03181,0.17557,0.03181,0.17557,0.03157,0.17890,-0.47409,1.95165,-0.52145,1.68330,-0.52145,1.68330,0.00000,0.00000,0,0.00027
35.9738,0.02609,0.16984,0.02609,0.16984,0.02849,0.17232,-0.47556,1.94291,-0.51830,1.68443,-0.51830,1.68443,0.00000,0.00000,0,0.00033
36.0750,0.02580,0.16207,0.02580,0.16207,0.02625,0.16491,-0.47692,1.93452,-0.51631,1.68715,-0.51631,1.68715,0.00000,0.00000,0,0.00037
36.1762,0.02951,0.15522,0.02951,0.15522,0.02824,0.15885,-0.47829,1.92644,-0.52066,1.68816,-0.52066,1.68816,0.00000,0.00000,0,0.00028
36.2781,0.03233,0.14136,0.03233,0.14136,0.03139,0.14610,-0.47981,1.91889,-0.52689,1.69974,-0.52689,1.69974,0.00000,0.00000,0,0.00029
36.3811,0.03723,0.13820,0.03723,0.13820,0.03510,0.14028,-0.48149,1.91179,-0.53414,1.70137,-0.53414,1.70137,0.00000,0.00000,0,0.00171
36.4822,0.04210,0.14060,0.04210,0.14060,0.04001,0.14011,-0.48337,1.90480,-0.54339,1.69463,-0.54339,1.69463,0.00000,0.00000,0,0.00031
36.5846,0.04928,0.13782,0.04928,0.13782,0.04613,0.13948,-0.48556,1.89779,-0.55474,1.68856,-0.55474,1.68856,0.00000,0.00000,0,0.00046
36.6857,0.04808,0.13426,0.04808,0.13426,0.04757,0.13578,-0.48791,1.89093,-0.55926,1.68725,-0.55926,1.68725,0.00000,0.00000,0,0.00026
36.7869,0.04978,0.13561,0.04978,0.13561,0.05001,0.13534,-0.49038,1.88417,-0.56540,1.68115,-0.56540,1.68115,0.00000,0.00000,0,0.00026
36.8881,0.05148,0.13182,0.05148,0.13182,0.05016,0.13310,-0.49287,1.87745,-0.56811,1.67779,-0.56811,1.67779,0.00000,0.00000,0,0.00029
36.9888,0.04653,0.12887,0.04653,0.12887,0.04785,0.12987,-0.49531,1.87090,-0.56708,1.67609,-0.56708,1.67609,0.00000,0.00000,0,0.00026
37.0896,0.04691,0.12740,0.04691,0.12740,0.04615,0.12779,-0.49763,1.86447,-0.56685,1.67279,-0.56685,1.67279,0.00000,0.00000,0,0.00040
37.1918,0.04656,0.12796,0.04656,0.12796,0.04680,0.12797,-0.49995,1.85808,-0.57015,1.66613,-0.57015,1.66613,0.00000,0.00000,0,0.00026
37.2940,0.04796,0.12880,0.04796,0.12880,0.04754,0.12869,-0.50232,1.85165,-0.57363,1.65862,-0.57363,1.65862,0.00000,0.00000,0,0.00154
37.3939,0.04657,0.12519,0.04657,0.12519,0.04762,0.12683,-0.50471,1.84527,-0.57613,1.65502,-0.57613,1.65502,0.00000,0.00000,0,0.00038
37.4972,0.05094,0.12220,0.05094,0.12220,0.04974,0.12384,-0.50714,1.83901,-0.58176,1.65325,-0.58176,1.65325,0.00000,0.00000,0,0.00223
37.5974,0.05858,0.12318,0.05858,0.12318,0.05404,0.12235,-0.50973,1.83288,-0.59079,1.64935,-0.59079,1.64935,0.00000,0.00000,0,0.00032
37.6980,0.10300,0.15515,0.10300,0.15515,0.09445,0.15223,-0.51373,1.82587,-0.65540,1.59753,-0.65540,1.59753,0.00000,0.00000,0,0.00035
37.7993,0.10315,0.15033,0.10315,0.15033,0.10609,0.15378,-0.51897,1.81819,-0.67812,1.58753,-0.67812,1.58753,0.00000,0.00000,0,0.00028
37.9014,0.10897,0.15169,0.10897,0.15169,0.11031,0.15334,-0.52451,1.81047,-0.68997,1.58046,-0.68997,1.58046,0.00000,0.00000,0,0.00027
38.0041,0.11221,0.15406,0.11221,0.15406,0.11226,0.15294,-0.53011,1.80284,-0.69849,1.57343,-0.69849,1.57343,0.00000,0.00000,0,0.00156
38.1040,0.11246,0.15004,0.11246,0.15004,0.11249,0.15103,-0.53573,1.79525,-0.70447,1.56870,-0.70447,1.56870,0.00000,0.00000,0,0.00029
38.2063,0.10921,0.14726,0.10921,0.14726,0.11076,0.14860,-0.54132,1.78777,-0.70745,1.56487,-0.70745,1.56487,0.00000,0.00000,0,0.00024
38.3073,0.11280,0.12252,-0.88720,0.12252,-0.65015,0.14014,-0.69757,1.78045,0.27765,1.57025,0.27765,1.57025,1.00000,0.00000,0,0.00091
38.4072,0.02472,-0.30423,-0.97528,-0.30423,-0.90578,-0.20371,-0.65624,1.78439,0.70243,2.08994,0.70243,2.08994,1.00000,0.00000,0,0.00027
38.5089,0.21277,-0.60704,-0.78723,-0.60704,-0.84520,-0.47310,-0.61202,1.80242,0.65577,2.51207,0.65577,2.51207,1.00000,0.00000,0,0.00031
38.6108,0.24671,-0.62727,-0.75329,-0.62727,-0.77098,-0.59881,-0.57241,1.83048,0.58406,2.72869,0.58406,2.72869,1.00000,0.00000,0,0.00025
38.7133,0.28786,-0.63812,-0.71214,-0.63812,-0.72810,-0.62981,-0.53527,1.86153,0.55687,2.80625,0.55687,2.80625,1.00000,0.00000,0,0.00029
38.8159,0.34466,-0.66527,-0.65534,-0.66527,-0.68089,-0.65124,-0.50020,1.89357,0.52115,2.87043,0.52115,2.87043,1.00000,0.00000,0,0.00028
38.9162,0.44824,-0.73808,-0.55176,-0.73808,-0.59228,-0.71285,-0.46878,1.92793,0.41963,2.99720,0.41963,2.99720,1.00000,0.00000,0,0.00027
39.0174,0.55360,-0.72939,-0.44640,-0.72939,-0.49801,-0.72990,-0.44193,1.96428,0.30508,3.05912,0.30508,3.05912,1.00000,0.00000,0,0.00024
39.1189,0.66259,-0.68557,-0.33741,-0.68557,-0.37670,-0.69270,-0.42094,1.99964,0.14411,3.03869,0.14411,3.03869,1.00000,0.00000,0,0.00028
39.2193,0.69731,-0.69458,-0.30269,-0.69458,-0.31989,-0.69340,-0.40409,2.03434,0.07575,3.07443,0.07575,3.07443,1.00000,0.00000,0,0.00025
39.3202,0.73238,-0.69916,-0.26762,-0.69916,-0.28277,-0.69780,-0.38929,2.06916,0.03487,3.11585,0.03487,3.11585,1.00000,0.00000,0,0.00027
39.4224,0.92442,-0.69419,-0.07558,-0.69419,-0.15790,-0.68520,-0.37813,2.10369,-0.14128,3.13149,-0.14128,3.13149,1.00000,0.00000,0,0.00037
39.5236,0.93734,-0.61836,-0.06266,-0.61836,-0.08118,-0.64532,-0.37294,2.13707,-0.25117,3.10505,-0.25117,3.10505,1.00000,0.00000,0,0.00035
39.6243,0.94261,-0.55817,-0.05739,-0.55817,-0.06257,-0.57732,-0.36959,2.16710,-0.27574,3.03308,-0.27574,3.03308,1.00000,0.00000,0,0.00039
39.7260,0.94567,-0.54017,-0.05433,-0.54017,-0.05572,-0.54938,-0.36672,2.19501,-0.28315,3.01907,-0.28315,3.01907,1.00000,0.00000,0,0.00034
39.8267,0.94725,-0.52671,-0.05275,-0.52671,-0.05338,-0.53389,-0.36402,2.22201,-0.28395,3.02285,-0.28395,3.02285,1.00000,0.00000,0,0.00026
39.9271,0.95794,-0.51396,-0.04206,-0.51396,-0.04582,-0.51917,-0.36156,2.24823,-0.29283,3.02698,-0.29283,3.02698,1.00000,0.00000,0,0.00029
40.0283,0.95802,-0.50091,-0.04198,-0.50091,-0.04237,-0.50754,-0.35938,2.27387,-0.29583,3.03518,-0.29583,3.03518,1.00000,0.00000,0,0.00025
40.1334,0.96884,-0.48538,-0.03116,-0.48538,-0.03677,-0.49276,-0.35738,2.29880,-0.30223,3.03795,-0.30223,3.03795,1.00000,0.00000,0,0.00026
40.2361,0.97329,-0.47192,-0.02671,-0.47192,-0.02898,-0.47793,-0.35581,2.32298,-0.31234,3.03988,-0.31234,3.03988,1.00000,0.00000,0,0.00027
40.3379,0.97919,-0.46064,-0.02081,-0.46064,-0.02348,-0.46600,-0.35451,2.34651,-0.31929,3.04551,-0.31929,3.04551,1.00000,0.00000,0,0.00033
40.4391,0.98583,-0.45272,-0.01417,-0.45272,-0.01675,-0.45689,-0.35409,2.36954,-0.32896,3.05488,-0.32896,3.05488,1.00000,0.00000,16,0.00028
40.5409,0.99193,-0.44224,-0.00807,-0.44224,-0.01241,-0.44741,-0.35409,2.39211,-0.33547,3.06322,-0.33547,3.06322,1.00000,0.00000,16,0.00027
40.6429,0.99863,-0.42204,-0.00137,-0.42204,-0.00411,-0.43145,-0.35409,2.41403,-0.34792,3.06121,-0.34792,3.06121,1.00000,0.00000,16,0.00149
40.7439,1.00700,-0.39669,0.00700,-0.39669,0.00331,-0.40740,-0.35409,2.43488,-0.35905,3.04598,-0.35905,3.04598,1.00000,0.00000,16,0.00059
40.8448,1.01528,-0.37257,0.01528,-0.37257,0.01232,-0.38376,-0.35409,2.45454,-0.37257,3.03018,-0.37257,3.03018,1.00000,0.00000,16,0.00037
40.9469,1.01893,-0.34102,0.01893,-0.34102,0.01775,-0.35626,-0.35409,2.47294,-0.38071,3.00733,-0.38071,3.00733,1.00000,0.00000,16,0.00035
41.0473,1.03307,-0.28173,0.03307,-0.28173,0.02588,-0.30842,-0.35478,2.48946,-0.39360,2.95209,-0.39360,2.95209,1.00000,0.00000,0,0.00031
41.1483,1.03043,-0.25619,0.03043,-0.25619,0.03078,-0.27001,-0.35630,2.50361,-0.40246,2.90862,-0.40246,2.90862,1.00000,0.00000,0,0.00033
41.2507,1.03620,-0.23417,0.03620,-0.23417,0.03475,-0.24425,-0.35797,2.51630,-0.41010,2.88267,-0.41010,2.88267,1.00000,0.00000,0,0.00027
41.3532,1.03597,-0.20333,0.03597,-0.20333,0.03586,-0.21796,-0.35975,2.52777,-0.41353,2.85470,-0.41353,2.85470,1.00000,0.00000,0,0.00029
41.4552,1.04230,-0.16094,0.04230,-0.16094,0.03981,-0.18143,-0.36165,2.53763,-0.42137,2.80978,-0.42137,2.80978,1.00000,0.00000,0,0.00028
41.5559,1.03618,-0.07744,0.03618,-0.07744,0.03751,-0.11055,-0.36361,2.54465,-0.41988,2.71048,-0.41988,2.71048,1.00000,0.00000,0,0.00025
41.6595,1.02906,-0.05215,0.02906,-0.05215,0.03126,-0.06499,-0.36526,2.54861,-0.41215,2.64610,-0.41215,2.64610,1.00000,0.00000,0,0.00027
41.7601,1.02734,-0.04216,0.02734,-0.04216,0.02697,-0.04818,-0.36667,2.55129,-0.40712,2.62356,-0.40712,2.62356,1.00000,0.00000,0,0.00029
41.8631,1.02433,-0.04002,0.02433,-0.04002,0.02555,-0.04129,-0.36798,2.55345,-0.40630,2.61538,-0.40630,2.61538,1.00000,0.00000,0,0.00033
41.9669,1.02654,-0.03337,0.02654,-0.03337,0.02551,-0.03583,-0.36925,2.55534,-0.40752,2.60908,-0.40752,2.60908,1.00000,0.00000,0,0.00070
42.0674,1.02039,-0.03220,0.02039,-0.03220,0.02213,-0.03360,-0.37043,2.55706,-0.40363,2.60746,-0.40363,2.60746,1.00000,0.00000,0,0.00029
42.1683,1.01400,-0.03176,0.01400,-0.03176,0.01711,-0.03235,-0.37085,2.55870,-0.39651,2.60723,-0.39651,2.60723,1.00000,0.00000,16,0.00027
42.2689,1.00690,-0.02488,0.00690,-0.02488,0.01044,-0.02763,-0.37085,2.56019,-0.38652,2.60163,-0.38652,2.60163,1.00000,0.00000,16,0.00025
42.3696,0.99518,-0.02135,-0.00482,-0.02135,0.00052,-0.02318,-0.37085,2.56143,-0.37163,2.59619,-0.37163,2.59619,1.00000,0.00000,16,0.00026
42.4701,0.95958,0.00562,-0.04042,0.00562,-0.02289,-0.00838,-0.37062,2.56164,-0.33630,2.57422,-0.33630,2.57422,1.00000,0.00000,32,0.00048
42.5716,0.90888,0.04891,-0.09112,0.04891,-0.07502,0.04185,-0.36775,2.56057,-0.25523,2.49779,-0.25523,2.49779,1.00000,0.00000,0,0.00035
42.6734,0.90365,0.05340,-0.09635,0.05340,-0.09006,0.05303,-0.36347,2.55809,-0.22838,2.47855,-0.22838,2.47855,1.00000,0.00000,0,0.00032
42.7754,0.91189,0.05722,-0.08811,0.05722,-0.09079,0.05623,-0.35892,2.55534,-0.22273,2.47099,-0.22273,2.47099,1.00000,0.00000,0,0.00026
42.8760,0.90715,0.05932,-0.09285,0.05932,-0.09199,0.05839,-0.35435,2.55245,-0.21637,2.46486,-0.21637,2.46486,1.00000,0.00000,0,0.00028
42.9780,0.90420,0.06068,-0.09580,0.06068,-0.09439,0.06000,-0.34969,2.54949,-0.20810,2.45948,-0.20810,2.45948,1.00000,0.00000,0,0.00096
43.0777,0.90058,0.05821,-0.09942,0.05821,-0.09750,0.05930,-0.34489,2.54649,-0.19865,2.45754,-0.19865,2.45754,1.00000,0.00000,0,0.00026
43.1781,0.89641,0.04785,-0.10359,0.04785,-0.10233,0.05214,-0.33986,2.54373,-0.18636,2.46552,-0.18636,2.46552,1.00000,0.00000,0,0.00032
43.2795,0.88289,-0.00260,0.88289,-0.00260,0.40099,0.02108,-0.18005,2.54184,-0.79534,2.51022,-0.78153,2.51022,0.00000,0.00000,1,0.00025
43.3816,0.89324,0.05315,0.89324,0.05315,0.80729,0.02348,-0.21493,2.54160,-1.42587,2.50638,-1.42587,2.50638,0.00000,0.00000,0,0.00127
43.4831,0.89780,0.12764,0.89780,0.12764,0.88765,0.10268,-0.25832,2.53779,-1.58979,2.38377,-1.58979,2.38377,0.00000,0.00000,0,0.00029
43.5851,0.89284,0.17147,0.89284,0.17147,0.89336,0.15082,-0.30293,2.53116,-1.64296,2.30494,-1.64296,2.30494,0.00000,0.00000,0,0.00028
43.6875,0.89172,0.26386,0.89172,0.26386,0.89232,0.21916,-0.34756,2.52180,-1.68603,2.19305,-1.68603,2.19305,0.00000,0.00000,0,0.00026
43.7895,0.89664,0.45135,0.89664,0.45135,0.89313,0.36113,-0.39214,2.50707,-1.73184,1.96538,-1.73184,1.96538,0.00000,0.00000,0,0.00029
43.8913,0.82663,0.63879,0.82663,0.63879,0.86050,0.55419,-0.43620,2.48305,-1.72695,1.65176,-1.72695,1.65176,0.00000,0.00000,0,0.00027
43.9937,0.74231,0.75084,0.74231,0.75084,0.77158,0.72342,-0.47623,2.44929,-1.63360,1.36416,-1.63360,1.36416,0.00000,0.00000,0,0.00042
44.0958,0.63643,0.86223,0.63643,0.86223,0.68078,0.81031,-0.51226,2.41077,-1.53343,1.19531,-1.53343,1.19531,0.00000,0.00000,0,0.00038
44.1982,0.55861,0.85445,0.55861,0.85445,0.59911,0.84205,-0.54391,2.36912,-1.44257,1.10604,-1.44257,1.10604,0.00000,0.00000,0,0.00118
44.3007,0.41876,0.87008,0.41876,0.87008,0.48861,0.85471,-0.57088,2.32668,-1.30379,1.04462,-1.30379,1.04462,0.00000,0.00000,0,0.00114
44.4022,0.26461,0.92646,0.26461,0.92646,0.32572,0.90273,-0.59021,2.28250,-1.07879,0.92840,-1.07879,0.92840,0.00000,0.00000,0,0.00039
44.5042,-0.01553,0.95296,-0.01553,0.95296,0.09912,0.94866,-0.59989,2.23531,-0.74857,0.81232,-0.74857,0.81232,0.00000,0.00000,0,0.00036
44.6052,-0.28343,0.81835,-0.28343,0.81835,-0.17025,0.87655,-0.59691,2.18928,-0.34153,0.87446,-0.34153,0.87446,0.00000,0.00000,0,0.00026
44.7072,-0.41714,0.46894,-0.41714,0.46894,-0.35010,0.60815,-0.58245,2.15328,-0.05730,1.24105,-0.05730,1.24105,0.00000,0.00000,0,0.00028
44.8080,-0.47951,0.21432,-0.47951,0.21432,-0.47250,0.30353,-0.56055,2.13322,0.14819,1.67793,0.14819,1.67793,0.00000,0.00000,0,0.00027
44.9088,-0.49552,0.12725,-0.49552,0.12725,-0.48733,0.17473,-0.53666,2.12233,0.19434,1.86024,0.19434,1.86024,0.00000,0.00000,0,0.00025
45.0104,-0.46336,0.00831,-0.46336,0.00831,-0.47147,0.05429,-0.51274,2.11742,0.19447,2.03599,0.19447,2.03599,0.00000,0.00000,0,0.00123
45.1103,-0.38613,-0.15857,-0.38613,-0.15857,-0.41872,-0.09439,-0.49059,2.11905,0.13749,2.26063,0.13749,2.26063,0.00000,0.00000,0,0.00026
45.2130,-0.19501,-0.29469,-0.19501,-0.29469,-0.25867,-0.23153,-0.47452,2.12804,-0.08652,2.47534,-0.08652,2.47534,0.00000,0.00000,0,0.00028
45.3141,-0.10614,-0.36062,-0.10614,-0.36062,-0.15289,-0.33022,-0.46488,2.14301,-0.23554,2.63833,-0.23554,2.63833,0.00000,0.00000,0,0.00030
45.4165,0.02407,-0.34257,0.02407,-0.34257,-0.04349,-0.35488,-0.46027,2.16065,-0.39504,2.69297,-0.39504,2.69297,0.00000,0.00000,0,0.00095
45.5197,0.25220,-0.25099,0.25220,-0.25099,0.18199,-0.28198,-0.46536,2.17627,-0.73834,2.59923,-0.73834,2.59923,0.00000,0.00000,0,0.00221
45.6182,0.46071,-0.14805,0.46071,-0.14805,0.34957,-0.19856,-0.47887,2.18812,-1.00322,2.48595,-1.00322,2.48595,0.00000,0.00000,0,0.00033
45.7205,0.51190,0.03761,0.51190,0.03761,0.47103,-0.05079,-0.50031,2.19427,-1.20685,2.27045,-1.20685,2.27045,0.00000,0.00000,0,0.00027
45.8213,0.52212,0.13593,0.52212,0.13593,0.51517,0.07879,-0.52551,2.19293,-1.29827,2.07474,-1.29827,2.07474,0.00000,0.00000,0,0.00028
45.9216,0.52828,0.18658,0.52828,0.18658,0.52199,0.16669,-0.55143,2.18587,-1.33442,1.93583,-1.33442,1.93583,0.00000,0.00000,0,0.00028
46.0230,0.52907,0.24686,0.52907,0.24686,0.52710,0.21837,-0.57774,2.17605,-1.36838,1.84849,-1.36838,1.84849,0.00000,0.00000,0,0.00032
46.1247,0.54205,0.34345,0.54205,0.34345,0.53795,0.29856,-0.60438,2.16289,-1.41130,1.71506,-1.41130,1.71506,0.00000,0.00000,0,0.00029
46.2260,0.54762,0.45654,0.54762,0.45654,0.54746,0.41678,-0.63165,2.14417,-1.45284,1.51900,-1.45284,1.51900,0.00000,0.00000,0,0.00027
46.3275,0.54195,0.52320,0.54195,0.52320,0.54754,0.48936,-0.65907,2.12110,-1.48037,1.38705,-1.48037,1.38705,0.00000,0.00000,0,0.00027
46.4290,0.41192,0.66437,0.41192,0.66437,0.45794,0.60881,-0.68409,2.09312,-1.37099,1.17990,-1.37099,1.17990,0.00000,0.00000,0,0.00029
46.5322,0.29068,0.75611,0.29068,0.75611,0.35273,0.69919,-0.70410,2.06019,-1.23320,1.01140,-1.23320,1.01140,0.00000,0.00000,0,0.00269
46.6313,0.10828,0.86512,0.10828,0.86512,0.17046,0.80452,-0.71568,2.02188,-0.97137,0.81510,-0.97137,0.81510,0.00000,0.00000,0,0.00025
46.7317,-0.03363,0.84125,-0.03363,0.84125,0.04475,0.85066,-0.72060,1.97951,-0.78772,0.70352,-0.78772,0.70352,0.00000,0.00000,0,0.00025
46.8341,-0.14440,0.84235,-0.14440,0.84235,-0.09068,0.85365,-0.71839,1.93669,-0.58237,0.65622,-0.58237,0.65622,0.00000,0.00000,0,0.00046
46.9366,-0.28490,0.75498,-0.28490,0.75498,-0.20678,0.80547,-0.71081,1.89502,-0.40064,0.68682,-0.40064,0.68682,0.00000,0.00000,0,0.00028
47.0392,-0.46545,0.52702,-0.46545,0.52702,-0.40602,0.60448,-0.69392,1.86095,-0.08488,0.95423,-0.08488,0.95423,0.00000,0.00000,0,0.00025
47.1415,-0.54090,0.20758,-0.54090,0.20758,-0.51297,0.31440,-0.67008,1.83993,0.09937,1.36833,0.09937,1.36833,0.00000,0.00000,0,0.00029
47.2429,-0.53089,0.14151,-0.53089,0.14151,-0.51846,0.17634,-0.64452,1.82907,0.13316,1.56457,0.13316,1.56457,0.00000,0.00000,0,0.00039
47.3463,-0.54204,0.05958,-0.54204,0.05958,-0.53163,0.09234,-0.61817,1.82282,0.17928,1.68430,0.17928,1.68430,0.00000,0.00000,0,0.00029
47.4474,-0.53589,-0.09468,-0.53589,-0.09468,-0.53118,-0.03456,-0.59165,1.82165,0.20513,1.87348,0.20513,1.87348,0.00000,0.00000,0,0.00041
47.5490,-0.46578,-0.15178,-0.46578,-0.15178,-0.49165,-0.11781,-0.56600,1.82602,0.17148,2.00273,0.17148,2.00273,0.00000,0.00000,0,0.00028
47.6493,-0.32517,-0.23998,-0.32517,-0.23998,-0.38856,-0.19895,-0.54416,1.83430,0.03868,2.13273,0.03868,2.13273,0.00000,0.00000,0,0.00024
47.7517,-0.24535,-0.31334,-0.24535,-0.31334,-0.28792,-0.27731,-0.52787,1.84659,-0.09598,2.26256,-0.09598,2.26256,0.00000,0.00000,0,0.00039
47.8540,-0.21803,-0.33639,-0.21803,-0.33639,-0.23607,-0.32179,-0.51515,1.86194,-0.16105,2.34462,-0.16105,2.34462,0.00000,0.00000,0,0.00030
47.9547,-0.18018,-0.35741,-0.18018,-0.35741,-0.19949,-0.34481,-0.50443,1.87872,-0.20519,2.39593,-0.20519,2.39593,0.00000,0.00000,0,0.00031
48.0557,-0.04379,-0.36794,-0.04379,-0.36794,-0.11028,-0.36478,-0.49671,1.89666,-0.33130,2.44383,-0.33130,2.44383,0.00000,0.00000,0,0.00023
48.1584,0.23590,-0.28526,0.23590,-0.28526,0.12621,-0.29474,-0.49814,1.91274,-0.68745,2.35485,-0.68745,2.35485,0.00000,0.00000,0,0.00026
48.2603,0.29986,-0.19007,0.29986,-0.19007,0.25394,-0.22516,-0.50875,1.92569,-0.88965,2.26342,-0.88965,2.26342,0.00000,0.00000,0,0.00041
48.3605,0.45452,-0.08258,-0.54548,-0.08258,-0.41495,-0.12070,-0.58748,1.93367,0.03495,2.11472,0.03495,2.11472,1.00000,0.00000,0,0.00024
48.4619,0.46203,-0.09093,-0.53797,-0.09093,-0.52838,-0.09741,-0.56233,1.93880,0.23023,2.08491,0.23023,2.08491,1.00000,0.00000,0,0.00027
48.5658,0.44562,-0.10257,-0.55438,-0.10257,-0.54882,-0.09811,-0.53521,1.94367,0.28802,2.09084,0.28802,2.09084,1.00000,0.00000,0,0.00027
48.6686,0.42586,-0.19368,-0.57414,-0.19368,-0.55698,-0.15331,-0.50778,1.94985,0.32768,2.17980,0.32768,2.17980,1.00000,0.00000,0,0.00031
48.7692,0.43969,-0.22191,-0.56031,-0.22191,-0.56163,-0.20161,-0.47959,1.95901,0.36286,2.26142,0.36286,2.26142,1.00000,0.00000,0,0.00024
48.8716,0.44370,-0.23742,-0.55630,-0.23742,-0.56156,-0.22870,-0.45143,1.97000,0.39091,2.31304,0.39091,2.31304,1.00000,0.00000,0,0.00024
48.9743,0.45035,-0.25659,-0.54965,-0.25659,-0.55576,-0.24739,-0.42348,1.98198,0.41015,2.35306,0.41015,2.35306,1.00000,0.00000,0,0.00028
49.0770,0.45818,-0.27997,-0.54182,-0.27997,-0.54552,-0.26866,-0.39602,1.99496,0.42226,2.39795,0.42226,2.39795,1.00000,0.00000,0,0.00039
49.1781,0.49050,-0.32262,-0.50950,-0.32262,-0.52539,-0.30154,-0.36923,2.00926,0.41886,2.46157,0.41886,2.46157,1.00000,0.00000,0,0.00030
49.2803,0.57851,-0.47746,-0.42149,-0.47746,-0.45465,-0.41391,-0.34499,2.02732,0.33698,2.64820,0.33698,2.64820,1.00000,0.00000,0,0.00028
49.3834,0.62650,-0.57762,-0.37350,-0.57762,-0.39562,-0.53643,-0.32410,2.05196,0.26933,2.85661,0.26933,2.85661,1.00000,0.00000,0,0.00027
49.4845,0.67668,-0.62132,-0.32332,-0.62132,-0.35150,-0.59431,-0.30556,2.08059,0.22169,2.97205,0.22169,2.97205,1.00000,0.00000,0,0.00026
49.5869,0.74923,-0.66557,-0.25077,-0.66557,-0.28563,-0.64245,-0.28984,2.11174,0.13860,3.07541,0.13860,3.07541,1.00000,0.00000,0,0.00027
49.6896,0.87777,-0.59515,-0.12223,-0.59515,-0.17961,-0.62926,-0.27839,2.14401,-0.00896,3.08790,-0.00896,3.08790,1.00000,0.00000,0,0.00027
49.7909,0.91024,-0.61382,-0.08976,-0.61382,-0.11388,-0.61629,-0.27164,2.17476,-0.10081,3.09919,-0.10081,3.09919,1.00000,0.00000,0,0.00028
49.8938,0.90869,-0.61540,-0.09131,-0.61540,-0.09880,-0.61676,-0.26642,2.20555,-0.11822,3.13069,-0.11822,3.13069,1.00000,0.00000,0,0.00035
49.9964,0.91144,-0.62375,-0.08856,-0.62375,-0.09233,-0.62166,-0.26170,2.23657,-0.12320,3.16906,-0.12320,3.16906,1.00000,0.00000,0,0.00095
50.0967,0.92879,-0.61928,-0.07121,-0.61928,-0.08013,-0.62032,-0.25737,2.26763,-0.13717,3.19812,-0.13717,3.19812,1.00000,0.00000,0,0.00028
50.1973,0.95536,-0.60718,-0.04464,-0.60718,-0.05625,-0.61313,-0.25407,2.29849,-0.16969,3.21818,-0.16969,3.21818,1.00000,0.00000,0,0.00030
50.2984,0.96825,-0.56034,-0.03175,-0.56034,-0.03770,-0.57998,-0.25186,2.32826,-0.19531,3.19823,-0.19531,3.19823,1.00000,0.00000,0,0.00028
50.4009,0.98349,-0.55765,-0.01651,-0.55765,-0.02236,-0.56135,-0.25044,2.35657,-0.21690,3.19859,-0.21690,3.19859,1.00000,0.00000,0,0.00097
50.5011,0.99174,-0.55754,-0.00826,-0.55754,-0.01291,-0.55788,-0.25023,2.38450,-0.23087,3.22132,-0.23087,3.22132,1.00000,0.00000,16,0.00031
50.6020,1.01024,-0.55462,0.01024,-0.55462,0.00297,-0.55576,-0.25023,2.41233,-0.25469,3.24597,-0.25469,3.24597,1.00000,0.00000,16,0.00028
50.7037,1.03205,-0.54410,0.03205,-0.54410,0.02095,-0.54808,-0.25044,2.43990,-0.28187,3.26202,-0.28187,3.26202,1.00000,0.00000,0,0.00028
50.8058,1.06022,-0.54110,0.06022,-0.54110,0.04631,-0.54248,-0.25220,2.46712,-0.32166,3.28085,-0.32166,3.28085,1.00000,0.00000,0,0.00092
50.9066,1.11986,-0.54101,0.11986,-0.54101,0.09565,-0.54111,-0.25592,2.49421,-0.39940,3.30587,-0.39940,3.30587,1.00000,0.00000,0,0.00026
51.0073,1.19308,-0.51547,0.19308,-0.51547,0.15921,-0.52867,-0.26254,2.52101,-0.50135,3.31401,-0.50135,3.31401,1.00000,0.00000,0,0.00029
51.1107,1.27235,-0.43819,0.27235,-0.43819,0.23706,-0.47191,-0.27285,2.54591,-0.62844,3.25378,-0.62844,3.25378,1.00000,0.00000,0,0.00175
51.2112,1.37344,-0.28027,0.37344,-0.28027,0.32731,-0.35503,-0.28728,2.56650,-0.77825,3.09904,-0.77825,3.09904,1.00000,0.00000,0,0.00031
51.3150,1.41736,-0.04797,0.41736,-0.04797,0.39402,-0.15401,-0.30584,2.57866,-0.89687,2.80968,-0.89687,2.80968,1.00000,0.00000,0,0.00042
51.4173,1.41023,0.00664,0.41023,0.00664,0.40612,-0.02497,-0.32594,2.58182,-0.93512,2.61928,-0.93512,2.61928,1.00000,0.00000,0,0.00025
51.5184,1.38503,0.04135,0.38503,0.04135,0.39070,0.03088,-0.34577,2.58104,-0.93183,2.53473,-0.93183,2.53473,1.00000,0.00000,0,0.00029
51.6210,1.37634,0.05743,0.37634,0.05743,0.38100,0.05022,-0.36504,2.57889,-0.93654,2.50356,-0.93654,2.50356,1.00000,0.00000,0,0.00030
51.7227,1.35921,0.07815,0.35921,0.07815,0.36780,0.06850,-0.38374,2.57584,-0.93543,2.47310,-0.93543,2.47310,1.00000,0.00000,0,0.00031
51.8237,1.26180,0.19985,0.26180,0.19985,0.30070,0.13594,-0.40047,2.57093,-0.85151,2.36702,-0.85151,2.36702,1.00000,0.00000,0,0.00025
51.9241,1.21597,0.17044,0.21597,0.17044,0.24198,0.16897,-0.41370,2.56269,-0.77667,2.30924,-0.77667,2.30924,1.00000,0.00000,0,0.00031
52.0255,1.17931,0.14678,0.17931,0.14678,0.19787,0.15435,-0.42453,2.55460,-0.72133,2.32307,-0.72133,2.32307,1.00000,0.00000,0,0.00031
52.1295,1.15724,0.13241,0.15724,0.13241,0.16861,0.13842,-0.43351,2.54738,-0.68643,2.33975,-0.68643,2.33975,1.00000,0.00000,0,0.00095
52.2292,1.14340,0.12638,0.14340,0.12638,0.15063,0.12862,-0.44137,2.54081,-0.66731,2.34788,-0.66731,2.34788,1.00000,0.00000,0,0.00026
52.3313,1.13836,0.12229,0.13836,0.12229,0.14107,0.12453,-0.44859,2.53451,-0.66020,2.34772,-0.66020,2.34772,1.00000,0.00000,0,0.00025
52.4335,1.13637,0.12186,0.13637,0.12186,0.13807,0.12188,-0.45555,2.52839,-0.66266,2.34557,-0.66266,2.34557,1.00000,0.00000,0,0.00032
52.5347,1.07689,0.13163,0.07689,0.13163,0.10044,0.13275,-0.46163,2.52189,-0.61229,2.32277,-0.61229,2.32277,1.00000,0.00000,0,0.00031
52.6371,1.07660,0.14812,0.07660,0.14812,0.08137,0.14507,-0.46599,2.51477,-0.58806,2.29716,-0.58806,2.29716,1.00000,0.00000,0,0.00026
52.7377,1.07117,0.14747,0.07117,0.14747,0.07549,0.14666,-0.46991,2.50743,-0.58314,2.28744,-0.58314,2.28744,1.00000,0.00000,0,0.00026
52.8403,1.06605,0.14324,0.06605,0.14324,0.06865,0.14514,-0.47346,2.50012,-0.57644,2.28241,-0.57644,2.28241,1.00000,0.00000,0,0.00032
52.9414,1.05952,0.13848,0.05952,0.13848,0.06254,0.14067,-0.47669,2.49299,-0.57050,2.28199,-0.57050,2.28199,1.00000,0.00000,0,0.00031
53.0429,1.05094,0.13766,0.05094,0.13766,0.05563,0.13850,-0.47964,2.48603,-0.56309,2.27828,-0.56309,2.27828,1.00000,0.00000,0,0.00039
53.1452,1.04207,0.13179,0.04207,0.13179,0.04575,0.13408,-0.48211,2.47924,-0.55073,2.27812,-0.55073,2.27812,1.00000,0.00000,0,0.00030
53.2472,1.03777,0.12991,0.03777,0.12991,0.04064,0.13085,-0.48425,2.47264,-0.54522,2.27637,-0.54522,2.27637,1.00000,0.00000,0,0.00033
53.3498,0.99403,0.16172,0.99403,0.16172,0.85304,0.14190,-0.34512,2.46601,-1.62469,2.25316,-1.62469,2.25316,0.00000,0.00000,0,0.00029
53.4507,0.79412,0.65946,0.79412,0.65946,0.86133,0.48083,-0.38975,2.45014,-1.68174,1.72889,-1.68174,1.72889,0.00000,0.00000,0,0.00029
53.5512,0.28757,0.94251,0.28757,0.94251,0.45969,0.82778,-0.42084,2.41473,-1.11038,1.17306,-1.11038,1.17306,0.00000,0.00000,0,0.00027
53.6529,0.09375,0.90451,0.09375,0.90451,0.20859,0.89062,-0.43609,2.37072,-0.74898,1.03479,-0.74898,1.03479,0.00000,0.00000,0,0.00065
53.7563,-0.10556,0.79015,-0.10556,0.79015,-0.00023,0.84556,-0.44051,2.32667,-0.44017,1.05833,-0.44017,1.05833,0.00000,0.00000,16,0.00029
53.8572,-0.23699,0.43320,-0.23699,0.43320,-0.19087,0.59367,-0.43410,2.29069,-0.14780,1.40018,-0.14780,1.40018,0.00000,0.00000,0,0.00026
53.9582,-0.30963,0.26964,-0.30963,0.26964,-0.28879,0.35552,-0.42127,2.26893,0.01192,1.73566,0.01192,1.73566,0.00000,0.00000,0,0.00028
54.0593,-0.30444,0.12982,-0.30444,0.12982,-0.29466,0.18353,-0.40661,2.25711,0.03538,1.98181,0.03538,1.98181,0.00000,0.00000,0,0.00025
54.1602,-0.30278,0.06348,-0.30278,0.06348,-0.30400,0.09140,-0.39147,2.25085,0.06453,2.11375,0.06453,2.11375,0.00000,0.00000,0,0.00036
54.2606,-0.31853,-0.05644,-0.31853,-0.05644,-0.30910,-0.00223,-0.37616,2.24869,0.08749,2.25204,0.08749,2.25204,0.00000,0.00000,32,0.00023
54.3630,-0.13786,-0.17286,-0.13786,-0.17286,-0.22311,-0.11030,-0.36230,2.25180,-0.02763,2.41725,-0.02763,2.41725,0.00000,0.00000,0,0.00041
54.4667,-0.03018,-0.26892,-0.03018,-0.26892,-0.07696,-0.22766,-0.35595,2.26108,-0.24050,2.60257,-0.24050,2.60257,0.00000,0.00000,0,0.00028
54.5682,0.00990,-0.28173,0.00990,-0.28173,-0.01576,-0.26798,-0.35419,2.27382,-0.33055,2.67579,-0.33055,2.67579,0.00000,0.00000,16,0.00034
54.6703,0.16880,-0.24105,0.16880,-0.24105,0.09622,-0.26497,-0.35612,2.28743,-0.50044,2.68488,-0.50044,2.68488,0.00000,0.00000,0,0.00026
54.7723,0.24959,-0.24913,0.24959,-0.24913,0.20736,-0.25462,-0.36451,2.30024,-0.67555,2.68217,-0.67555,2.68217,0.00000,0.00000,0,0.00028
54.8745,0.29299,-0.21264,0.29299,-0.21264,0.26744,-0.22971,-0.37674,2.31229,-0.77790,2.65686,-0.77790,2.65686,0.00000,0.00000,0,0.00028
54.9764,0.41239,-0.11111,0.41239,-0.11111,0.34536,-0.16686,-0.39204,2.32229,-0.91008,2.57257,-0.91008,2.57257,0.00000,0.00000,0,0.00029
55.0769,0.60920,0.09414,0.60920,0.09414,0.53844,0.00177,-0.41534,2.32563,-1.22299,2.32297,-1.22299,2.32297,0.00000,0.00000,32,0.00026
55.1774,0.61886,0.25997,0.61886,0.25997,0.60601,0.19126,-0.44479,2.31936,-1.35380,2.03247,-1.35380,2.03247,0.00000,0.00000,0,0.00028
55.2783,0.63208,0.33968,0.63208,0.33968,0.62423,0.28948,-0.47563,2.30670,-1.41196,1.87249,-1.41196,1.87249,0.00000,0.00000,0,0.00028
55.3789,0.64783,0.49239,0.64783,0.49239,0.64026,0.41669,-0.50731,2.28882,-1.46770,1.66378,-1.46770,1.66378,0.00000,0.00000,0,0.00023
55.4798,0.64781,0.54893,0.64781,0.54893,0.64668,0.51105,-0.53958,2.26494,-1.50961,1.49837,-1.50961,1.49837,0.00000,0.00000,0,0.00026
55.5806,0.64344,0.61552,0.64344,0.61552,0.64391,0.58770,-0.57183,2.23697,-1.53770,1.35543,-1.53770,1.35543,0.00000,0.00000,0,0.00030
55.6818,0.56243,0.73110,0.56243,0.73110,0.60944,0.66531,-0.60350,2.20574,-1.51766,1.20778,-1.51766,1.20778,0.00000,0.00000,0,0.00026
55.7835,0.44720,0.80164,0.44720,0.80164,0.50672,0.76682,-0.63104,2.16903,-1.39113,1.01880,-1.39113,1.01880,0.00000,0.00000,0,0.00027
55.8847,0.14900,0.87367,0.14900,0.87367,0.26996,0.85890,-0.64985,2.12751,-1.05479,0.83915,-1.05479,0.83915,0.00000,0.00000,0,0.00028
55.9858,-0.01166,0.89773,-0.01166,0.89773,0.07788,0.91090,-0.65718,2.08257,-0.77401,0.71621,-0.77401,0.71621,0.00000,0.00000,0,0.00031
56.0880,-0.15536,0.85013,-0.15536,0.85013,-0.08788,0.87388,-0.65579,2.03805,-0.52397,0.72723,-0.52397,0.72723,0.00000,0.00000,0,0.00035
56.1886,-0.30445,0.58343,-0.30445,0.58343,-0.24509,0.70569,-0.64633,1.99878,-0.27869,0.94025,-0.27869,0.94025,0.00000,0.00000,0,0.00031
56.2901,-0.43391,0.38665,-0.43391,0.38665,-0.37110,0.50677,-0.63038,1.96932,-0.07374,1.20917,-0.07374,1.20917,0.00000,0.00000,0,0.00037
56.3919,-0.44676,0.15006,-0.44676,0.15006,-0.44351,0.25173,-0.60910,1.95192,0.05616,1.57432,0.05616,1.57432,0.00000,0.00000,0,0.00101
56.4934,-0.46532,0.12172,-0.46532,0.12172,-0.45845,0.15148,-0.58660,1.94280,0.10107,1.71559,0.10107,1.71559,0.00000,0.00000,0,0.00046
56.5954,-0.46314,0.02995,-0.46314,0.02995,-0.45637,0.07911,-0.56385,1.93726,0.12071,1.81859,0.12071,1.81859,0.00000,0.00000,0,0.00040
56.6985,-0.41744,-0.07142,-0.41744,-0.07142,-0.43835,-0.01200,-0.54125,1.93590,0.11627,1.95390,0.11627,1.95390,0.00000,0.00000,32,0.00106
56.7995,-0.31488,-0.20452,-0.31488,-0.20452,-0.37066,-0.14916,-0.52093,1.94086,0.03507,2.16461,0.03507,2.16461,0.00000,0.00000,0,0.00094
56.9013,-0.22255,-0.28829,-0.22255,-0.28829,-0.26641,-0.24511,-0.50563,1.95120,-0.10602,2.31886,-0.10602,2.31886,0.00000,0.00000,0,0.00030
57.0024,-0.17070,-0.32444,-0.17070,-0.32444,-0.19594,-0.30528,-0.49467,1.96549,-0.20077,2.42341,-0.20077,2.42341,0.00000,0.00000,0,0.00029
57.1030,-0.10939,-0.35585,-0.10939,-0.35585,-0.13999,-0.34062,-0.48653,1.98186,-0.27654,2.49279,-0.27654,2.49279,0.00000,0.00000,0,0.00030
57.2059,0.17263,-0.27428,0.17263,-0.27428,0.02369,-0.31958,-0.48327,1.99895,-0.51881,2.47831,-0.51881,2.47831,0.00000,0.00000,0,0.00099
57.3062,0.25151,-0.22900,0.25151,-0.22900,0.19862,-0.25432,-0.49059,2.01281,-0.78851,2.39429,-0.78851,2.39429,0.00000,0.00000,0,0.00027
57.4071,0.42209,-0.09819,0.42209,-0.09819,0.32972,-0.16412,-0.50390,2.02322,-0.99847,2.26940,-0.99847,2.26940,0.00000,0.00000,0,0.00026
57.5085,0.46354,0.03885,0.46354,0.03885,0.43703,-0.02660,-0.52406,2.02780,-1.17960,2.06770,-1.17960,2.06770,0.00000,0.00000,0,0.00065
57.6092,0.47873,0.12205,0.47873,0.12205,0.47211,0.07382,-0.54721,2.02621,-1.25537,1.91548,-1.25537,1.91548,0.00000,0.00000,0,0.00028
57.7111,0.47638,0.19394,0.47638,0.19394,0.47433,0.16767,-0.57090,2.01935,-1.28240,1.76784,-1.28240,1.76784,0.00000,0.00000,0,0.00027
57.8136,0.48958,0.22932,0.48958,0.22932,0.48438,0.20792,-0.59494,2.00976,-1.32150,1.69789,-1.32150,1.69789,0.00000,0.00000,0,0.00028
57.9158,0.49504,0.33237,0.49504,0.33237,0.49299,0.28594,-0.61944,1.99726,-1.35893,1.56834,-1.35893,1.56834,0.00000,0.00000,0,0.00029
58.0185,0.50806,0.44960,0.50806,0.44960,0.50511,0.40772,-0.64446,1.97916,-1.40212,1.36758,-1.40212,1.36758,0.00000,0.00000,0,0.00098
58.1183,0.44759,0.58033,0.44759,0.58033,0.46644,0.51546,-0.66876,1.95581,-1.36842,1.18263,-1.36842,1.18263,0.00000,0.00000,0,0.00029
58.2191,0.33538,0.65802,0.33538,0.65802,0.38121,0.60958,-0.68971,1.92720,-1.26153,1.01283,-1.26153,1.01283,0.00000,0.00000,0,0.00036
58.3202,0.06278,0.78107,-0.93722,0.78107,-0.46668,0.73974,-1.01259,1.89306,-0.30541,0.78345,-0.31257,0.78345,1.00000,0.00000,1,0.00043
58.4217,-0.22110,0.34686,-1.22110,0.34686,-1.01704,0.59340,-0.97147,1.85745,0.55409,0.96734,0.55409,0.96734,1.00000,0.00000,0,0.00026
58.5237,-0.48248,-0.20390,-1.48248,-0.20390,-1.38421,0.05834,-0.90771,1.84404,1.16861,1.75652,1.16861,1.75652,1.00000,0.00000,0,0.00030
58.6265,-0.23575,-0.64775,-1.23575,-0.64775,-1.37595,-0.38536,-0.83651,1.85363,1.22741,2.43167,1.22741,2.43167,1.00000,0.00000,0,0.00025
58.7277,-0.07616,-0.74683,-1.07616,-0.74683,-1.12965,-0.67760,-0.77624,1.88298,0.91824,2.89938,0.91824,2.89938,1.00000,0.00000,0,0.00048
58.8288,-0.00298,-0.80172,-1.00298,-0.80172,-1.03305,-0.77839,-0.72296,1.92044,0.82661,3.08803,0.82661,3.08803,1.00000,0.00000,0,0.00027
58.9293,0.20516,-0.86009,-0.79484,-0.86009,-0.85910,-0.82438,-0.67646,1.96055,0.61219,3.19712,0.61219,3.19712,1.00000,0.00000,0,0.00026
59.0308,0.38651,-0.81675,-0.61349,-0.81675,-0.69990,-0.83590,-0.63805,2.00262,0.41180,3.25646,0.41180,3.25646,1.00000,0.00000,0,0.00099
59.1309,0.67866,-0.76772,-0.32134,-0.76772,-0.43954,-0.79938,-0.61102,2.04336,0.04828,3.24243,0.04828,3.24243,1.00000,0.00000,0,0.00025
59.2350,0.88095,-0.64608,-0.11905,-0.64608,-0.18578,-0.69226,-0.59782,2.07949,-0.31915,3.11788,-0.31915,3.11788,1.00000,0.00000,0,0.00030
59.3366,0.88289,-0.50082,-0.11711,-0.50082,-0.12786,-0.55736,-0.59075,2.11001,-0.39896,2.94605,-0.39896,2.94605,1.00000,0.00000,0,0.00026
59.4390,0.88870,-0.47530,-0.11130,-0.47530,-0.10959,-0.49507,-0.58504,2.13570,-0.42066,2.87830,-0.42066,2.87830,1.00000,0.00000,0,0.00031
59.5427,0.89263,-0.46762,-0.10737,-0.46762,-0.10803,-0.47524,-0.57957,2.15982,-0.41752,2.87267,-0.41752,2.87267,1.00000,0.00000,0,0.00036
59.6462,0.89657,-0.45849,-0.10343,-0.45849,-0.10398,-0.46354,-0.57429,2.18323,-0.41832,2.87854,-0.41832,2.87854,1.00000,0.00000,0,0.00167
59.7472,0.90295,-0.45000,-0.09705,-0.45000,-0.10039,-0.45474,-0.56917,2.20615,-0.41859,2.88827,-0.41859,2.88827,1.00000,0.00000,0,0.00029
59.8475,0.90165,-0.43963,-0.09835,-0.43963,-0.09766,-0.44429,-0.56428,2.22856,-0.41780,2.89499,-0.41780,2.89499,1.00000,0.00000,0,0.00031
59.9489,0.90125,-0.42160,-0.09875,-0.42160,-0.09877,-0.43020,-0.55936,2.25039,-0.41120,2.89569,-0.41120,2.89569,1.00000,0.00000,0,0.00098
60.0514,0.91407,-0.39305,-0.08593,-0.39305,-0.09018,-0.40498,-0.55465,2.27118,-0.41938,2.87865,-0.41938,2.87865,1.00000,0.00000,0,0.00148
60.1517,0.90937,-0.37110,-0.09063,-0.37110,-0.09082,-0.38119,-0.55013,2.29070,-0.41390,2.86249,-0.41390,2.86249,1.00000,0.00000,0,0.00028
60.2542,0.91931,-0.33778,-0.08069,-0.33778,-0.08491,-0.35459,-0.54574,2.30901,-0.41838,2.84090,-0.41838,2.84090,1.00000,0.00000,0,0.00039
60.3579,0.93004,-0.28008,-0.06996,-0.28008,-0.07435,-0.30225,-0.54182,2.32515,-0.43029,2.77852,-0.43029,2.77852,1.00000,0.00000,0,0.00025
60.4587,0.93535,-0.25334,-0.06465,-0.25334,-0.06870,-0.26734,-0.53825,2.33914,-0.43521,2.74015,-0.43521,2.74015,1.00000,0.00000,0,0.00035
60.5591,0.93495,-0.22807,-0.06505,-0.22807,-0.06602,-0.24151,-0.53491,2.35176,-0.43588,2.71402,-0.43588,2.71402,1.00000,0.00000,0,0.00028
60.6607,0.93954,-0.19324,-0.06046,-0.19324,-0.06245,-0.20776,-0.53170,2.36281,-0.43803,2.67446,-0.43803,2.67446,1.00000,0.00000,0,0.00036
60.7635,0.94050,-0.16797,-0.05950,-0.16797,-0.05968,-0.18141,-0.52868,2.37242,-0.43917,2.64454,-0.43917,2.64454,1.00000,0.00000,0,0.00031
60.8661,0.94237,-0.10942,-0.05763,-0.10942,-0.05867,-0.13676,-0.52572,2.38029,-0.43771,2.58544,-0.43771,2.58544,1.00000,0.00000,0,0.00027
60.9695,0.93529,-0.07277,-0.06471,-0.07277,-0.06167,-0.09017,-0.52275,2.38566,-0.43024,2.52091,-0.43024,2.52091,1.00000,0.00000,0,0.00031
61.0706,0.92996,-0.07029,-0.07004,-0.07029,-0.06782,-0.07330,-0.51946,2.38954,-0.41772,2.49950,-0.41772,2.49950,1.00000,0.00000,0,0.00031
61.1716,0.92430,-0.06337,-0.07570,-0.06337,-0.07215,-0.06670,-0.51596,2.39301,-0.40773,2.49306,-0.40773,2.49306,1.00000,0.00000,0,0.00026
61.2740,0.92008,-0.05640,-0.07992,-0.05640,-0.07862,-0.05920,-0.51211,2.39610,-0.39418,2.48489,-0.39418,2.48489,1.00000,0.00000,0,0.00033
61.3759,0.91615,-0.05220,-0.08385,-0.05220,-0.08189,-0.05442,-0.50809,2.39892,-0.38524,2.48054,-0.38524,2.48054,1.00000,0.00000,0,0.00092
61.4757,0.89928,-0.03962,-0.10072,-0.03962,-0.09226,-0.04537,-0.50375,2.40140,-0.36536,2.46945,-0.36536,2.46945,1.00000,0.00000,0,0.00026
61.5767,0.84043,0.03721,-0.15957,0.03721,-0.14124,0.00660,-0.49770,2.40241,-0.28584,2.39252,-0.28584,2.39252,1.00000,0.00000,32,0.00032
61.6783,0.82712,0.02607,-0.17288,0.02607,-0.16692,0.02360,-0.48972,2.40195,-0.23933,2.36655,-0.23933,2.36655,1.00000,0.00000,0,0.00071
61.7786,0.82483,0.01945,-0.17517,0.01945,-0.17315,0.02278,-0.48116,2.40078,-0.22142,2.36660,-0.22142,2.36660,1.00000,0.00000,0,0.00035
61.8794,0.81748,0.01988,-0.18252,0.01988,-0.17925,0.02042,-0.47236,2.39971,-0.20349,2.36908,-0.20349,2.36908,1.00000,0.00000,0,0.00029
61.9813,0.82464,0.02216,-0.17536,0.02216,-0.17792,0.02122,-0.46340,2.39867,-0.19653,2.36683,-0.19653,2.36683,1.00000,0.00000,0,0.00025
62.0831,0.82496,0.01911,-0.17504,0.01911,-0.17605,0.02021,-0.45457,2.39763,-0.19049,2.36732,-0.19049,2.36732,1.00000,0.00000,0,0.00038
62.1847,0.82558,0.02114,-0.17442,0.02114,-0.17532,0.02064,-0.44577,2.39661,-0.18279,2.36565,-0.18279,2.36565,1.00000,0.00000,0,0.00030
62.2872,0.82767,0.01745,-0.17233,0.01745,-0.17229,0.01842,-0.43712,2.39640,-0.17868,2.36878,-0.17868,2.36878,1.00000,0.00000,32,0.00031
62.3890,0.81968,-0.01416,-0.18032,-0.01416,-0.17639,0.00243,-0.42841,2.39640,-0.16383,2.39276,-0.16383,2.39276,1.00000,0.00000,32,0.00076
62.4902,0.81719,-0.04594,-0.18281,-0.04594,-0.18377,-0.03529,-0.41931,2.39732,-0.14366,2.45025,-0.14366,2.45025,1.00000,0.00000,0,0.00034
62.5905,0.81498,-0.11401,-0.18502,-0.11401,-0.18909,-0.08305,-0.40993,2.40030,-0.12631,2.52488,-0.12631,2.52488,1.00000,0.00000,0,0.00028
62.6911,0.79665,-0.19534,-0.20335,-0.19534,-0.19380,-0.14851,-0.40048,2.40618,-0.10978,2.62895,-0.10978,2.62895,1.00000,0.00000,0,0.00031
62.7941,0.79973,-0.20760,-0.20027,-0.20760,-0.20076,-0.19380,-0.39044,2.41521,-0.08929,2.70591,-0.08929,2.70591,1.00000,0.00000,0,0.00044
62.8950,0.80354,-0.21311,-0.19646,-0.21311,-0.20050,-0.20999,-0.38035,2.42544,-0.07960,2.74043,-0.07960,2.74043,1.00000,0.00000,0,0.00039
62.9958,0.79702,-0.21935,-0.20298,-0.21935,-0.20277,-0.21662,-0.37025,2.43616,-0.06610,2.76109,-0.06610,2.76109,1.00000,0.00000,0,0.00034
63.0971,0.80330,-0.22277,-0.19670,-0.22277,-0.19960,-0.22071,-0.36017,2.44712,-0.06077,2.77818,-0.06077,2.77818,1.00000,0.00000,0,0.00031
63.1983,0.80430,-0.23014,-0.19570,-0.23014,-0.19796,-0.22685,-0.35023,2.45831,-0.05328,2.79859,-0.05328,2.79859,1.00000,0.00000,0,0.00030
63.2990,0.80820,-0.23920,0.80820,-0.23920,0.10606,-0.23521,-0.19100,2.46989,-0.50253,2.82270,-0.35009,2.82270,0.00000,0.00000,1,0.00036
63.4008,0.82106,-0.19606,0.82106,-0.19606,0.69636,-0.22565,-0.19752,2.48171,-1.24206,2.82019,-1.24206,2.82019,0.00000,0.00000,0,0.00035
63.5037,0.85904,0.04894,0.85904,0.04894,0.82656,-0.04098,-0.23691,2.48784,-1.47674,2.54932,-1.47674,2.54932,0.00000,0.00000,0,0.00033
63.6060,0.86182,0.07752,0.86182,0.07752,0.85504,0.05315,-0.27926,2.48660,-1.56182,2.40688,-1.56182,2.40688,0.00000,0.00000,0,0.00029
63.7063,0.84627,0.16639,0.84627,0.16639,0.85010,0.11896,-0.32199,2.48225,-1.59714,2.30381,-1.59714,2.30381,0.00000,0.00000,0,0.00025
63.8089,0.85189,0.30001,0.85189,0.30001,0.84916,0.22359,-0.36438,2.47365,-1.63813,2.13825,-1.63813,2.13825,0.00000,0.00000,0,0.00031
63.9101,0.85343,0.49344,0.85343,0.49344,0.85607,0.41407,-0.40710,2.45670,-1.69121,1.83559,-1.69121,1.83559,0.00000,0.00000,0,0.00026
64.0130,0.82495,0.59328,0.82495,0.59328,0.83535,0.54088,-0.44930,2.43211,-1.70233,1.62079,-1.70233,1.62079,0.00000,0.00000,0,0.00166
64.1132,0.71003,0.70983,0.71003,0.70983,0.76474,0.64981,-0.48933,2.40192,-1.63643,1.42720,-1.63643,1.42720,0.00000,0.00000,0,0.00029
64.2165,0.66932,0.73640,0.66932,0.73640,0.69768,0.72235,-0.52544,2.36658,-1.57195,1.28305,-1.57195,1.28305,0.00000,0.00000,0,0.00026
64.3177,0.57594,0.75385,0.57594,0.75385,0.62449,0.74510,-0.55832,2.32962,-1.49506,1.21197,-1.49506,1.21197,0.00000,0.00000,0,0.00032
64.4195,0.36700,0.84527,0.36700,0.84527,0.45157,0.81729,-0.58459,2.29028,-1.26194,1.06435,-1.26194,1.06435,0.00000,0.00000,0,0.00120
64.5203,0.12513,0.96719,0.12513,0.96719,0.24957,0.90072,-0.60149,2.24747,-0.97584,0.89639,-0.97584,0.89639,0.00000,0.00000,0,0.00029
64.6209,-0.08823,0.90439,-0.08823,0.90439,0.02196,0.90643,-0.60703,2.20223,-0.63996,0.84258,-0.63996,0.84258,0.00000,0.00000,0,0.00026
64.7221,-0.27339,0.68615,-0.27339,0.68615,-0.19867,0.78031,-0.60101,2.16006,-0.30301,0.98959,-0.30301,0.98959,0.00000,0.00000,0,0.00029
64.8232,-0.40841,0.46420,-0.40841,0.46420,-0.33991,0.55051,-0.58683,2.12848,-0.07696,1.30272,-0.07696,1.30272,0.00000,0.00000,0,0.00038
64.9244,-0.45320,0.15223,-0.45320,0.15223,-0.43530,0.25268,-0.56647,2.11031,0.08648,1.73129,0.08648,1.73129,0.00000,0.00000,0,0.00035
65.0266,-0.46868,0.08944,-0.46868,0.08944,-0.45729,0.13174,-0.54413,2.10173,0.14181,1.90411,0.14181,1.90411,0.00000,0.00000,0,0.00026
65.1277,-0.42174,-0.03701,-0.42174,-0.03701,-0.43404,0.02463,-0.52186,2.09807,0.12921,2.06113,0.12921,2.06113,0.00000,0.00000,0,0.00028
65.2329,-0.30047,-0.16677,-0.30047,-0.16677,-0.35288,-0.09660,-0.50213,2.10013,0.02719,2.24503,0.02719,2.24503,0.00000,0.00000,0,0.00034
65.3372,-0.21480,-0.26813,-0.21480,-0.26813,-0.26697,-0.21693,-0.48681,2.10870,-0.08635,2.43410,-0.08635,2.43410,0.00000,0.00000,0,0.00102
65.4383,-0.13971,-0.33333,-0.13971,-0.33333,-0.17921,-0.30466,-0.47622,2.12242,-0.20741,2.57942,-0.20741,2.57942,0.00000,0.00000,0,0.00026
65.5395,-0.01989,-0.35439,-0.01989,-0.35439,-0.07344,-0.34911,-0.47035,2.13921,-0.36019,2.66288,-0.36019,2.66288,0.00000,0.00000,0,0.00027
65.6404,0.24934,-0.23269,0.24934,-0.23269,0.15562,-0.28038,-0.47333,2.15488,-0.70676,2.57545,-0.70676,2.57545,0.00000,0.00000,0,0.00070
65.7412,0.40875,-0.17482,0.40875,-0.17482,0.31169,-0.21108,-0.48540,2.16697,-0.95293,2.48359,-0.95293,2.48359,0.00000,0.00000,0,0.00027
65.8436,0.48767,-0.01771,0.48767,-0.01771,0.44601,-0.09456,-0.50562,2.17449,-1.17464,2.31634,-1.17464,2.31634,0.00000,0.00000,0,0.00107
65.9444,0.51183,0.10064,0.51183,0.10064,0.49982,0.04073,-0.52978,2.17505,-1.27951,2.11395,-1.27951,2.11395,0.00000,0.00000,0,0.00034
66.0459,0.51164,0.16150,0.51164,0.16150,0.50837,0.13642,-0.55507,2.16985,-1.31763,1.96522,-1.31763,1.96522,0.00000,0.00000,0,0.00032
66.1489,0.51584,0.20185,0.51584,0.20185,0.51551,0.18124,-0.58079,2.16163,-1.35405,1.88977,-1.35405,1.88977,0.00000,0.00000,0,0.00145
66.2482,0.52729,0.26598,0.52729,0.26598,0.52354,0.23173,-0.60679,2.15120,-1.39210,1.80361,-1.39210,1.80361,0.00000,0.00000,0,0.00030
66.3496,0.54667,0.45247,0.54667,0.45247,0.53576,0.36895,-0.63326,2.13594,-1.43691,1.58252,-1.43691,1.58252,0.00000,0.00000,0,0.00072
66.4519,0.54290,0.51312,0.54290,0.51312,0.54458,0.46864,-0.66044,2.11435,-1.47731,1.41138,-1.47731,1.41138,0.00000,0.00000,0,0.00059
66.5542,0.42884,0.65932,0.42884,0.65932,0.46787,0.59945,-0.68577,2.08715,-1.38758,1.18798,-1.38758,1.18798,0.00000,0.00000,0,0.00029
66.6562,0.27188,0.77898,0.27188,0.77898,0.35117,0.70644,-0.70606,2.05418,-1.23282,0.99452,-1.23282,0.99452,0.00000,0.00000,0,0.00026
66.7579,0.08406,0.89143,0.08406,0.89143,0.15569,0.82288,-0.71720,2.01515,-0.95074,0.78084,-0.95074,0.78084,0.00000,0.00000,0,0.00025
66.8607,-0.05548,0.85779,-0.05548,0.85779,0.02618,0.86139,-0.72142,1.97209,-0.76069,0.68000,-0.76069,0.68000,0.00000,0.00000,0,0.00029
66.9611,-0.14417,0.85082,-0.14417,0.85082,-0.09578,0.86223,-0.71888,1.92874,-0.57521,0.63540,-0.57521,0.63540,0.00000,0.00000,0,0.00027
67.0646,-0.30990,0.66945,-0.30990,0.66945,-0.21967,0.77487,-0.71091,1.88726,-0.38140,0.72496,-0.38140,0.72496,0.00000,0.00000,0,0.00031
67.1666,-0.47536,0.42627,-0.47536,0.42627,-0.40762,0.54422,-0.69380,1.85559,-0.08236,1.03927,-0.08236,1.03927,0.00000,0.00000,0,0.00027
67.2675,-0.48816,0.14641,-0.48816,0.14641,-0.49328,0.25148,-0.67008,1.83808,0.06985,1.46086,0.06985,1.46086,0.00000,0.00000,0,0.00025
67.3691,-0.52308,0.12437,-0.52308,0.12437,-0.51230,0.15140,-0.64505,1.82899,0.12339,1.60188,0.12339,1.60188,0.00000,0.00000,0,0.00106
67.4694,-0.52431,0.02349,-0.52431,0.02349,-0.51774,0.06228,-0.61935,1.82409,0.15726,1.73066,0.15726,1.73066,0.00000,0.00000,0,0.00026
67.5698,-0.49489,-0.12185,-0.49489,-0.12185,-0.49734,-0.06477,-0.59417,1.82473,0.15184,1.92188,0.15184,1.92188,0.00000,0.00000,0,0.00026
67.6711,-0.36855,-0.21109,-0.36855,-0.21109,-0.41969,-0.16740,-0.57116,1.83115,0.05838,2.08224,0.05838,2.08224,0.00000,0.00000,0,0.00031
67.7727,-0.27409,-0.27966,-0.27409,-0.27966,-0.31402,-0.24533,-0.55347,1.84188,-0.08244,2.20987,-0.08244,2.20987,0.00000,0.00000,0,0.00027
67.8755,-0.21485,-0.33454,-0.21485,-0.33454,-0.24083,-0.31347,-0.54016,1.85634,-0.17892,2.32655,-0.17892,2.32655,0.00000,0.00000,0,0.00026
67.9773,-0.19128,-0.35758,-0.19128,-0.35758,-0.20505,-0.34484,-0.52925,1.87301,-0.22168,2.39028,-0.22168,2.39028,0.00000,0.00000,0,0.00026
68.0785,-0.07095,-0.37698,-0.07095,-0.37698,-0.13100,-0.36925,-0.52076,1.89104,-0.32426,2.44492,-0.32426,2.44492,0.00000,0.00000,0,0.00027
68.1807,0.20694,-0.27960,0.20694,-0.27960,0.09571,-0.30266,-0.52057,1.90781,-0.66414,2.36180,-0.66414,2.36180,0.00000,0.00000,0,0.00119
68.2822,0.27509,-0.19202,0.27509,-0.19202,0.23834,-0.23161,-0.53024,1.92123,-0.88775,2.26864,-0.88775,2.26864,0.00000,0.00000,0,0.00029
68.3829,0.44056,-0.10653,-0.55944,-0.10653,-0.44105,-0.13935,-0.62372,1.92969,0.03785,2.13870,0.03785,2.13870,1.00000,0.00000,0,0.00031
68.4856,0.43771,-0.11816,-0.56229,-0.11816,-0.55052,-0.11794,-0.59751,1.93575,0.22827,2.11266,0.22827,2.11266,1.00000,0.00000,0,0.00027
68.5865,0.42175,-0.12727,-0.57825,-0.12727,-0.57277,-0.12076,-0.56928,1.94164,0.28988,2.12277,0.28988,2.12277,1.00000,0.00000,0,0.00027
68.6873,0.41310,-0.20493,-0.58690,-0.20493,-0.58256,-0.18474,-0.54046,1.94974,0.33339,2.22685,0.33339,2.22685,1.00000,0.00000,0,0.00026
68.7881,0.41167,-0.23469,-0.58833,-0.23469,-0.58253,-0.22135,-0.51141,1.96016,0.36239,2.29219,0.36239,2.29219,1.00000,0.00000,0,0.00051
68.8886,0.42519,-0.25114,-0.57481,-0.25114,-0.57742,-0.24286,-0.48243,1.97192,0.38371,2.33621,0.38371,2.33621,1.00000,0.00000,0,0.00027
68.9895,0.43196,-0.26770,-0.56804,-0.26770,-0.57091,-0.25952,-0.45375,1.98457,0.40261,2.37384,0.40261,2.37384,1.00000,0.00000,0,0.00028
69.0908,0.45201,-0.29379,-0.54799,-0.29379,-0.55637,-0.28110,-0.42560,1.99815,0.40896,2.41981,0.40896,2.41981,1.00000,0.00000,0,0.00037
69.1954,0.48229,-0.33393,-0.51771,-0.33393,-0.53395,-0.31445,-0.39836,2.01311,0.40256,2.48478,0.40256,2.48478,1.00000,0.00000,0,0.00043
69.2978,0.56937,-0.44063,-0.43063,-0.44063,-0.46134,-0.40165,-0.37374,2.03133,0.31827,2.63381,0.31827,2.63381,1.00000,0.00000,0,0.00094
69.3981,0.60413,-0.46408,-0.39587,-0.46408,-0.41189,-0.44835,-0.35232,2.05297,0.26551,2.72549,0.26551,2.72549,1.00000,0.00000,0,0.00030
69.4993,0.62282,-0.48380,-0.37718,-0.48380,-0.38768,-0.47292,-0.33247,2.07615,0.24905,2.78553,0.24905,2.78553,1.00000,0.00000,0,0.00027
69.6010,0.64074,-0.50354,-0.35926,-0.50354,-0.36757,-0.49338,-0.31372,2.10039,0.23763,2.84046,0.23763,2.84046,1.00000,0.00000,0,0.00031
69.7021,0.66289,-0.52151,-0.33711,-0.52151,-0.34830,-0.51254,-0.29589,2.12563,0.22656,2.89445,0.22656,2.89445,1.00000,0.00000,0,0.00028
69.8036,0.71062,-0.53060,-0.28938,-0.53060,-0.31004,-0.52600,-0.27955,2.15171,0.18551,2.94071,0.18551,2.94071,1.00000,0.00000,0,0.00030
69.9053,0.82089,-0.51097,-0.17911,-0.51097,-0.23654,-0.52486,-0.26589,2.17818,0.08893,2.96547,0.08893,2.96547,1.00000,0.00000,0,0.00032
70.0086,0.85502,-0.49848,-0.14498,-0.49848,-0.16587,-0.50008,-0.25649,2.20336,-0.00769,2.95349,-0.00769,2.95349,1.00000,0.00000,0,0.00069
70.1091,0.85744,-0.49899,-0.14256,-0.49899,-0.14929,-0.49738,-0.24876,2.22822,-0.02483,2.97429,-0.02483,2.97429,1.00000,0.00000,0,0.00031
70.2100,0.85779,-0.50190,-0.14221,-0.50190,-0.14489,-0.50036,-0.24143,2.25317,-0.02408,3.00372,-0.02408,3.00372,1.00000,0.00000,0,0.00027
70.3114,0.85474,-0.50388,-0.14526,-0.50388,-0.14545,-0.50357,-0.23416,2.27830,-0.01598,3.03365,-0.01598,3.03365,1.00000,0.00000,0,0.00027
70.4136,0.85660,-0.50214,-0.14340,-0.50214,-0.14462,-0.50292,-0.22690,2.30346,-0.00997,3.05783,-0.00997,3.05783,1.00000,0.00000,0,0.00033
70.5172,0.85609,-0.50280,-0.14391,-0.50280,-0.14495,-0.50290,-0.21965,2.32860,-0.00223,3.08294,-0.00223,3.08294,1.00000,0.00000,0,0.00096
70.6169,0.86423,-0.50195,-0.13577,-0.50195,-0.13950,-0.50220,-0.21255,2.35372,-0.00330,3.10702,-0.00330,3.10702,1.00000,0.00000,0,0.00027
70.7175,0.87005,-0.49675,-0.12995,-0.49675,-0.13311,-0.49942,-0.20575,2.37879,-0.00609,3.12791,-0.00609,3.12791,1.00000,0.00000,0,0.00024
70.8204,0.88174,-0.49237,-0.11826,-0.49237,-0.12389,-0.49449,-0.19934,2.40361,-0.01350,3.14535,-0.01350,3.14535,1.00000,0.00000,0,0.00101
70.9205,0.88787,-0.49310,-0.11213,-0.49310,-0.11496,-0.49291,-0.19344,2.42827,-0.02100,3.16763,-0.02100,3.16763,1.00000,0.00000,0,0.00033
71.0222,0.89423,-0.49369,-0.10577,-0.49369,-0.10877,-0.49259,-0.18789,2.45287,-0.02474,3.19176,-0.02474,3.19176,1.00000,0.00000,0,0.00029
71.1241,0.90047,-0.49287,-0.09953,-0.49287,-0.10207,-0.49307,-0.18266,2.47753,-0.02956,3.21714,-0.02956,3.21714,1.00000,0.00000,0,0.00038
71.2260,0.90864,-0.49099,-0.09136,-0.49099,-0.09482,-0.49144,-0.17776,2.50213,-0.03553,3.23929,-0.03553,3.23929,1.00000,0.00000,0,0.00032
71.3271,0.91955,-0.48633,-0.08045,-0.48633,-0.08458,-0.48808,-0.17333,2.52661,-0.04646,3.25874,-0.04646,3.25874,1.00000,0.00000,0,0.00030
71.4273,0.91898,-0.48312,-0.08102,-0.48312,-0.08237,-0.48432,-0.16916,2.55090,-0.04560,3.27737,-0.04560,3.27737,1.00000,0.00000,0,0.00025
71.5284,0.93011,-0.47794,-0.06989,-0.47794,-0.07420,-0.48059,-0.16527,2.57501,-0.05398,3.29590,-0.05398,3.29590,1.00000,0.00000,0,0.00027
71.6292,0.93886,-0.47151,-0.06114,-0.47151,-0.06456,-0.47355,-0.16187,2.59882,-0.06503,3.30915,-0.06503,3.30915,1.00000,0.00000,0,0.00032
71.7295,0.95104,-0.46623,-0.04896,-0.46623,-0.05388,-0.46894,-0.15896,2.62237,-0.07814,3.32578,-0.07814,3.32578,1.00000,0.00000,0,0.00026
71.8314,0.96392,-0.46143,-0.03608,-0.46143,-0.04220,-0.46440,-0.15660,2.64569,-0.09329,3.34229,-0.09329,3.34229,1.00000,0.00000,0,0.00030
71.9337,0.97772,-0.45160,-0.02228,-0.45160,-0.02956,-0.45654,-0.15483,2.66871,-0.11049,3.35353,-0.11049,3.35353,1.00000,0.00000,0,0.00040
72.0359,0.99598,-0.44443,-0.00402,-0.44443,-0.01187,-0.44770,-0.15435,2.69125,-0.13655,3.36279,-0.13655,3.36279,1.00000,0.00000,16,0.00027
72.1372,1.03251,-0.42431,0.03251,-0.42431,0.01711,-0.43286,-0.15435,2.71322,-0.18002,3.36251,-0.18002,3.36251,1.00000,0.00000,16,0.00031
72.2385,1.07112,-0.40132,0.07112,-0.40132,0.05323,-0.41213,-0.15627,2.73426,-0.23612,3.35245,-0.23612,3.35245,1.00000,0.00000,0,0.00027
72.3393,1.13169,-0.35905,0.13169,-0.35905,0.10452,-0.37802,-0.16036,2.75394,-0.31714,3.32097,-0.31714,3.32097,1.00000,0.00000,0,0.00026
72.4403,1.15574,-0.33555,0.15574,-0.33555,0.14329,-0.34709,-0.16691,2.77180,-0.38185,3.29244,-0.38185,3.29244,1.00000,0.00000,0,0.00032
72.5411,1.16521,-0.31432,0.16521,-0.31432,0.15809,-0.32563,-0.17453,2.78852,-0.41166,3.27697,-0.41166,3.27697,1.00000,0.00000,0,0.00026
72.6431,1.18336,-0.28791,0.18336,-0.28791,0.17455,-0.30060,-0.18290,2.80409,-0.44472,3.25499,-0.44472,3.25499,1.00000,0.00000,0,0.00047
72.7457,1.24861,-0.24346,0.24861,-0.24346,0.22643,-0.26176,-0.19309,2.81798,-0.53275,3.21061,-0.53275,3.21061,1.00000,0.00000,0,0.00044
72.8466,1.33048,-0.14963,0.33048,-0.14963,0.29204,-0.18471,-0.20616,2.82889,-0.64421,3.10595,-0.64421,3.10595,1.00000,0.00000,0,0.00034
72.9492,1.34468,-0.03448,0.34468,-0.03448,0.33110,-0.08112,-0.22213,2.83508,-0.71879,2.95676,-0.71879,2.95676,1.00000,0.00000,0,0.00042
73.0516,1.34558,-0.00588,0.34558,-0.00588,0.34313,-0.02609,-0.23915,2.83733,-0.75385,2.87646,-0.75385,2.87646,1.00000,0.00000,0,0.00166
73.1509,1.34668,0.04931,0.34668,0.04931,0.34673,0.01970,-0.25643,2.83733,-0.77653,2.80777,-0.77653,2.80777,1.00000,0.00000,32,0.00029
73.2529,1.32492,0.14310,0.32492,0.14310,0.33274,0.11017,-0.27339,2.83353,-0.77251,2.66827,-0.77251,2.66827,1.00000,0.00000,0,0.00028
73.3549,1.30903,0.15868,1.30903,0.15868,0.82883,0.14676,-0.13019,2.82681,-1.39042,2.60667,-1.37343,2.60667,0.00000,0.00000,1,0.00035
73.4565,1.21152,0.90306,1.21152,0.90306,1.17983,0.55598,-0.18544,2.81124,-1.95519,1.97727,-1.95519,1.97727,0.00000,0.00000,0,0.00029
73.5570,0.96340,1.07939,0.96340,1.07939,1.07740,0.96512,-0.24281,2.76911,-1.85892,1.32144,-1.85892,1.32144,0.00000,0.00000,0,0.00028
73.6587,0.74046,1.17519,0.74046,1.17519,0.83999,1.13662,-0.28931,2.71483,-1.54929,1.00990,-1.54929,1.00990,0.00000,0.00000,0,0.00026
73.7614,0.55493,1.11017,0.55493,1.11017,0.64582,1.12874,-0.32534,2.65793,-1.29408,0.96482,-1.29408,0.96482,0.00000,0.00000,0,0.00068
73.8634,0.47071,1.05283,0.47071,1.05283,0.51427,1.07236,-0.35330,2.60326,-1.12471,0.99471,-1.12471,0.99471,0.00000,0.00000,0,0.00072
73.9661,0.44331,1.04092,0.44331,1.04092,0.46162,1.04977,-0.37727,2.55036,-1.06970,0.97571,-1.06970,0.97571,0.00000,0.00000,0,0.00031
74.0665,0.41619,1.01505,0.41619,1.01505,0.42921,1.02724,-0.39932,2.49853,-1.04314,0.95767,-1.04314,0.95767,0.00000,0.00000,0,0.00025
74.1674,0.24686,0.96490,0.24686,0.96490,0.33886,0.98271,-0.41890,2.44848,-0.92719,0.97441,-0.92719,0.97441,0.00000,0.00000,0,0.00027
74.2684,-0.07609,0.80710,-0.07609,0.80710,0.05817,0.87721,-0.42790,2.40191,-0.51515,1.08609,-0.51515,1.08609,0.00000,0.00000,0,0.00028
74.3690,-0.13059,0.36530,-0.13059,0.36530,-0.10851,0.54027,-0.42470,2.36727,-0.26193,1.55686,-0.26193,1.55686,0.00000,0.00000,0,0.00033
74.4707,-0.21953,0.16822,-0.21953,0.16822,-0.20045,0.26814,-0.41620,2.34924,-0.11553,1.94702,-0.11553,1.94702,0.00000,0.00000,0,0.00032
74.5724,-0.15570,0.06467,-0.15570,0.06467,-0.16835,0.10563,-0.40729,2.34154,-0.15477,2.18309,-0.15477,2.18309,0.00000,0.00000,0,0.00031
74.6745,-0.13017,0.02832,-0.13017,0.02832,-0.13874,0.04417,-0.39961,2.33832,-0.19149,2.27206,-0.19149,2.27206,0.00000,0.00000,0,0.00038
74.7770,-0.07229,-0.04371,-0.07229,-0.04371,-0.10002,-0.01054,-0.39360,2.33767,-0.24357,2.35347,-0.24357,2.35347,0.00000,0.00000,32,0.00031
74.8778,-0.02955,-0.08561,-0.02955,-0.08561,-0.04911,-0.06681,-0.39025,2.33999,-0.31658,2.44020,-0.31658,2.44020,0.00000,0.00000,0,0.00026
74.9793,-0.01736,-0.09485,-0.01736,-0.09485,-0.02686,-0.08710,-0.38853,2.34398,-0.34824,2.47463,-0.34824,2.47463,0.00000,0.00000,0,0.00025
75.0839,0.00442,-0.09586,0.00442,-0.09586,-0.00840,-0.09625,-0.38829,2.34868,-0.37570,2.49305,-0.37570,2.49305,0.00000,0.00000,16,0.00170
75.1856,0.10167,-0.03239,0.10167,-0.03239,0.07165,-0.05298,-0.38999,2.35242,-0.49746,2.43189,-0.49746,2.43189,0.00000,0.00000,0,0.00039
75.2864,0.11398,-0.04513,0.11398,-0.04513,0.10911,-0.04842,-0.39486,2.35500,-0.55852,2.42762,-0.55852,2.42762,0.00000,0.00000,0,0.00025
75.3887,0.13341,-0.04346,0.13341,-0.04346,0.12807,-0.04429,-0.40093,2.35731,-0.59304,2.42374,-0.59304,2.42374,0.00000,0.00000,0,0.00028
75.4891,0.15492,-0.03161,0.15492,-0.03161,0.14627,-0.03581,-0.40784,2.35926,-0.62725,2.41298,-0.62725,2.41298,0.00000,0.00000,0,0.00032
75.5905,0.17906,-0.02488,0.17906,-0.02488,0.16766,-0.02822,-0.41577,2.36082,-0.66726,2.40315,-0.66726,2.40315,0.00000,0.00000,0,0.00027
75.6956,0.20857,-0.01414,0.20857,-0.01414,0.19508,-0.01855,-0.42495,2.36175,-0.71756,2.38958,-0.71756,2.38958,0.00000,0.00000,32,0.00039
75.7971,0.26613,0.00466,0.26613,0.00466,0.23911,-0.00536,-0.43595,2.36175,-0.79461,2.36978,-0.79461,2.36978,0.00000,0.00000,32,0.00034
75.8979,0.48645,0.12280,0.48645,0.12280,0.41275,0.07399,-0.45282,2.35986,-1.07195,2.24887,-1.07195,2.24887,0.00000,0.00000,0,0.00038
75.9992,0.48612,0.20535,0.48612,0.20535,0.47362,0.16761,-0.47574,2.35335,-1.18617,2.10194,-1.18617,2.10194,0.00000,0.00000,0,0.00031
76.0997,0.49172,0.23384,0.49172,0.23384,0.48841,0.21585,-0.49995,2.34336,-1.23257,2.01958,-1.23257,2.01958,0.00000,0.00000,0,0.00030
76.2013,0.49182,0.25480,0.49182,0.25480,0.49302,0.24253,-0.52455,2.33175,-1.26408,1.96796,-1.26408,1.96796,0.00000,0.00000,0,0.00032
76.3035,0.49528,0.30935,0.49528,0.30935,0.49442,0.28252,-0.54926,2.31859,-1.29089,1.89481,-1.29089,1.89481,0.00000,0.00000,0,0.00032
76.4066,0.49549,0.36431,0.49549,0.36431,0.49486,0.33923,-0.57396,2.30278,-1.31625,1.79394,-1.31625,1.79394,0.00000,0.00000,0,0.00028
76.5075,0.49245,0.44805,0.49245,0.44805,0.49448,0.41220,-0.59872,2.28374,-1.34044,1.66544,-1.34044,1.66544,0.00000,0.00000,0,0.00026
76.6086,0.50595,0.50595,0.50595,0.50595,0.50015,0.47404,-0.62354,2.26128,-1.37377,1.55023,-1.37377,1.55023,0.00000,0.00000,0,0.00024
76.7092,0.51725,0.63731,0.51725,0.63731,0.51281,0.57198,-0.64892,2.23493,-1.41814,1.37696,-1.41814,1.37696,0.00000,0.00000,0,0.00028
76.8100,0.45488,0.79241,0.45488,0.79241,0.47735,0.72799,-0.67382,2.20164,-1.38985,1.10965,-1.38985,1.10965,0.00000,0.00000,0,0.00026
76.9104,0.27602,0.86665,0.27602,0.86665,0.35932,0.81427,-0.69465,2.16271,-1.23363,0.94131,-1.23363,0.94131,0.00000,0.00000,0,0.00024
77.0141,0.00924,0.96098,0.00924,0.96098,0.09632,0.92846,-0.70411,2.11783,-0.84858,0.72514,-0.84858,0.72514,0.00000,0.00000,0,0.00030
77.1154,-0.17996,0.89033,-0.17996,0.89033,-0.08747,0.91160,-0.70376,2.07157,-0.57256,0.70417,-0.57256,0.70417,0.00000,0.00000,0,0.00035
77.2176,-0.33334,0.73488,-0.33334,0.73488,-0.26139,0.80454,-0.69403,2.02864,-0.30195,0.82183,-0.30195,0.82183,0.00000,0.00000,0,0.00034
77.3179,-0.43718,0.41359,-0.43718,0.41359,-0.37864,0.54639,-0.67732,1.99606,-0.10937,1.17648,-0.10937,1.17648,0.00000,0.00000,0,0.00028
77.4192,-0.52123,0.18424,-0.52123,0.18424,-0.49868,0.31572,-0.65416,1.97564,0.09386,1.50206,0.09386,1.50206,0.00000,0.00000,0,0.00031
77.5225,-0.53592,0.10669,-0.53592,0.10669,-0.52222,0.15410,-0.62859,1.96544,0.15474,1.73429,0.15474,1.73429,0.00000,0.00000,0,0.00096
77.6238,-0.49078,-0.03186,-0.49078,-0.03186,-0.50855,0.02474,-0.60260,1.96177,0.16022,1.92465,0.16022,1.92465,0.00000,0.00000,0,0.00039
77.7248,-0.36952,-0.18860,-0.36952,-0.18860,-0.42860,-0.13252,-0.57925,1.96546,0.06365,2.16424,0.06365,2.16424,0.00000,0.00000,0,0.00028
77.8269,-0.29361,-0.25770,-0.29361,-0.25770,-0.33368,-0.21425,-0.56092,1.97449,-0.06040,2.29587,-0.06040,2.29587,0.00000,0.00000,0,0.00030
77.9302,-0.21263,-0.31892,-0.21263,-0.31892,-0.24731,-0.29172,-0.54692,1.98763,-0.17595,2.42520,-0.17595,2.42520,0.00000,0.00000,0,0.00111
78.0299,-0.14853,-0.35203,-0.14853,-0.35203,-0.17780,-0.33402,-0.53667,2.00354,-0.26997,2.50457,-0.26997,2.50457,0.00000,0.00000,0,0.00026
78.1302,0.00618,-0.30760,0.00618,-0.30760,-0.07780,-0.33815,-0.53033,2.02086,-0.41363,2.52809,-0.41363,2.52809,0.00000,0.00000,0,0.00027
78.2354,0.17913,-0.23514,0.17913,-0.23514,0.12545,-0.26271,-0.53376,2.03530,-0.72195,2.42937,-0.72195,2.42937,0.00000,0.00000,0,0.00028
78.3372,0.22718,-0.17953,-0.77282,-0.17953,-0.10191,-0.20950,-0.67170,2.04688,-0.38651,2.36113,-0.51883,2.36113,1.00000,0.00000,1,0.00026
78.4392,0.30693,-0.14457,-0.69307,-0.14457,-0.59967,-0.15842,-0.64794,2.05554,0.25157,2.29317,0.25157,2.29317,1.00000,0.00000,0,0.00034
78.5395,0.30525,-0.23110,-0.69475,-0.23110,-0.68712,-0.21145,-0.61466,2.06507,0.41602,2.38224,0.41602,2.38224,1.00000,0.00000,0,0.00027
78.6400,0.31330,-0.26188,-0.68670,-0.26188,-0.68823,-0.24706,-0.58024,2.07676,0.45211,2.44735,0.45211,2.44735,1.00000,0.00000,0,0.00026
78.7420,0.33304,-0.28462,-0.66696,-0.28462,-0.67426,-0.27354,-0.54626,2.08995,0.46512,2.50026,0.46512,2.50026,1.00000,0.00000,0,0.00032
78.8433,0.37707,-0.32809,-0.62293,-0.32809,-0.64307,-0.30747,-0.51333,2.10454,0.45128,2.56574,0.45128,2.56574,1.00000,0.00000,0,0.00038
78.9451,0.46414,-0.42657,-0.53586,-0.42657,-0.56691,-0.39025,-0.48349,2.12235,0.36687,2.70772,0.36687,2.70772,1.00000,0.00000,0,0.00038
79.0475,0.49817,-0.44947,-0.50183,-0.44947,-0.51936,-0.43325,-0.45668,2.14326,0.32236,2.79314,0.32236,2.79314,1.00000,0.00000,0,0.00036
79.1488,0.52820,-0.47131,-0.47180,-0.47131,-0.48610,-0.45972,-0.43174,2.16573,0.29741,2.85532,0.29741,2.85532,1.00000,0.00000,0,0.00047
79.2492,0.57646,-0.48508,-0.42354,-0.48508,-0.44687,-0.47758,-0.40852,2.18928,0.26178,2.90564,0.26178,2.90564,1.00000,0.00000,0,0.00029
79.3496,0.65454,-0.48911,-0.34546,-0.48911,-0.38420,-0.48687,-0.38792,2.21348,0.18838,2.94379,0.18838,2.94379,1.00000,0.00000,0,0.00026
79.4509,0.75065,-0.46753,-0.24935,-0.46753,-0.28231,-0.46669,-0.37205,2.23717,0.05142,2.93720,0.05142,2.93720,1.00000,0.00000,0,0.00032
79.5519,0.76272,-0.47012,-0.23728,-0.47012,-0.24633,-0.46905,-0.35924,2.26060,0.01026,2.96418,0.01026,2.96418,1.00000,0.00000,0,0.00030
79.6542,0.76946,-0.46791,-0.23054,-0.46791,-0.23384,-0.46900,-0.34740,2.28407,0.00336,2.98758,0.00336,2.98758,1.00000,0.00000,0,0.00033
79.7563,0.83544,-0.46006,-0.16456,-0.46006,-0.19829,-0.46018,-0.33646,2.30728,-0.03903,2.99755,-0.03903,2.99755,1.00000,0.00000,0,0.00070
79.8583,0.82829,-0.45787,-0.17171,-0.45787,-0.17314,-0.45677,-0.32756,2.33014,-0.06785,3.01529,-0.06785,3.01529,1.00000,0.00000,0,0.00090
79.9588,0.83669,-0.45462,-0.16331,-0.45462,-0.16505,-0.45542,-0.31924,2.35295,-0.07166,3.03608,-0.07166,3.03608,1.00000,0.00000,0,0.00027
80.0598,0.84464,-0.45374,-0.15536,-0.45374,-0.15863,-0.45497,-0.31120,2.37571,-0.07326,3.05816,-0.07326,3.05816,1.00000,0.00000,0,0.00028
80.1620,0.85139,-0.45346,-0.14861,-0.45346,-0.15236,-0.45349,-0.30344,2.39842,-0.07491,3.07865,-0.07491,3.07865,1.00000,0.00000,0,0.00035
80.2639,0.85793,-0.45021,-0.14207,-0.45021,-0.14482,-0.45195,-0.29610,2.42105,-0.07887,3.09898,-0.07887,3.09898,1.00000,0.00000,0,0.00030
80.3682,0.85660,-0.44909,-0.14340,-0.44909,-0.14380,-0.44940,-0.28889,2.44356,-0.07318,3.11767,-0.07318,3.11767,1.00000,0.00000,0,0.00159
80.4674,0.86368,-0.45272,-0.13632,-0.45272,-0.13852,-0.45147,-0.28187,2.46608,-0.07409,3.14328,-0.07409,3.14328,1.00000,0.00000,0,0.00027
80.5678,0.87233,-0.44880,-0.12767,-0.44880,-0.13273,-0.44998,-0.27509,2.48862,-0.07599,3.16360,-0.07599,3.16360,1.00000,0.00000,0,0.00026
80.6692,0.88361,-0.44930,-0.11639,-0.44930,-0.12103,-0.44950,-0.26879,2.51110,-0.08725,3.18535,-0.08725,3.18535,1.00000,0.00000,0,0.00033
80.7695,0.90004,-0.44740,-0.09996,-0.44740,-0.10642,-0.44770,-0.26319,2.53352,-0.10356,3.20507,-0.10356,3.20507,1.00000,0.00000,0,0.00027
80.8699,0.91426,-0.44225,-0.08574,-0.44225,-0.09217,-0.44401,-0.25831,2.55579,-0.12005,3.22180,-0.12005,3.22180,1.00000,0.00000,0,0.00026
80.9722,0.92570,-0.43999,-0.07430,-0.43999,-0.07944,-0.44175,-0.25410,2.57793,-0.13493,3.24056,-0.13493,3.24056,1.00000,0.00000,0,0.00113
81.0718,0.94767,-0.43844,-0.05233,-0.43844,-0.06137,-0.43963,-0.25065,2.59996,-0.15859,3.25941,-0.15859,3.25941,1.00000,0.00000,0,0.00026
81.1741,0.96242,-0.43359,-0.03758,-0.43359,-0.04510,-0.43526,-0.24808,2.62180,-0.18043,3.27470,-0.18043,3.27470,1.00000,0.00000,0,0.00044
81.2774,0.98679,-0.43348,-0.01321,-0.43348,-0.02413,-0.43438,-0.24645,2.64356,-0.21024,3.29513,-0.21024,3.29513,1.00000,0.00000,0,0.00034
81.3790,1.00495,-0.42988,0.00495,-0.42988,-0.00391,-0.43105,-0.24624,2.66516,-0.24038,3.31174,-0.24038,3.31174,1.00000,0.00000,16,0.00108
81.4796,1.03237,-0.41269,0.03237,-0.41269,0.01973,-0.41998,-0.24624,2.68643,-0.27584,3.31641,-0.27584,3.31641,1.00000,0.00000,16,0.00027
81.5799,1.08372,-0.38524,0.08372,-0.38524,0.06110,-0.39727,-0.24843,2.70677,-0.34008,3.30268,-0.34008,3.30268,1.00000,0.00000,0,0.00027
81.6828,1.13555,-0.34139,0.13555,-0.34139,0.10813,-0.36263,-0.25282,2.72568,-0.41501,3.26963,-0.41501,3.26963,1.00000,0.00000,0,0.00026
81.7859,1.26850,-0.25830,0.26850,-0.25830,0.20894,-0.29585,-0.26086,2.74201,-0.57427,3.18577,-0.57427,3.18577,1.00000,0.00000,0,0.00120
81.8871,1.37696,-0.13425,0.37696,-0.13425,0.32033,-0.18616,-0.27451,2.75378,-0.75501,3.03302,-0.75501,3.03302,1.00000,0.00000,0,0.00027
81.9880,1.40133,-0.03947,0.40133,-0.03947,0.38619,-0.06917,-0.29279,2.75917,-0.87208,2.86292,-0.87208,2.86292,1.00000,0.00000,0,0.00028
82.0897,1.39096,0.00941,0.39096,0.00941,0.39334,-0.01588,-0.31250,2.76083,-0.90250,2.78466,-0.90250,2.78466,1.00000,0.00000,32,0.00080
82.1909,1.38171,0.08121,0.38171,0.08121,0.38488,0.04636,-0.33189,2.76005,-0.90920,2.69051,-0.90920,2.69051,1.00000,0.00000,0,0.00033
82.2933,1.35532,0.14794,0.35532,0.14794,0.36489,0.12343,-0.35056,2.75520,-0.89789,2.57006,-0.89789,2.57006,1.00000,0.00000,0,0.00038
82.3962,1.33561,0.16792,0.33561,0.16792,0.34696,0.15466,-0.36833,2.74804,-0.88877,2.51606,-0.88877,2.51606,1.00000,0.00000,0,0.00032
82.4984,1.24758,0.28825,0.24758,0.28825,0.28286,0.22406,-0.38404,2.73872,-0.80833,2.40263,-0.80833,2.40263,1.00000,0.00000,0,0.00026
82.6001,1.20785,0.25350,0.20785,0.25350,0.22721,0.24970,-0.39639,2.72641,-0.73720,2.35186,-0.73720,2.35186,1.00000,0.00000,0,0.00029
82.7037,1.16954,0.23174,0.16954,0.23174,0.18924,0.23887,-0.40670,2.71418,-0.69056,2.35587,-0.69056,2.35587,1.00000,0.00000,0,0.00102
82.8039,1.13689,0.21230,0.13689,0.21230,0.15222,0.21923,-0.41502,2.70285,-0.64334,2.37400,-0.64334,2.37400,1.00000,0.00000,0,0.00035
82.9058,1.11589,0.20462,0.11589,0.20462,0.12687,0.20869,-0.42184,2.69223,-0.61215,2.37920,-0.61215,2.37920,1.00000,0.00000,0,0.00026
83.0079,1.09199,0.19551,0.09199,0.19551,0.10287,0.19932,-0.42743,2.68208,-0.58174,2.38310,-0.58174,2.38310,1.00000,0.00000,0,0.00026
83.1094,1.05217,0.18216,0.05217,0.18216,0.07025,0.18794,-0.43169,2.67244,-0.53707,2.39053,-0.53707,2.39053,1.00000,0.00000,0,0.00029
83.2099,1.03048,0.17459,0.03048,0.17459,0.04002,0.17785,-0.43420,2.66337,-0.49424,2.39659,-0.49424,2.39659,1.00000,0.00000,0,0.00027
83.3115,1.01445,0.16589,0.01445,0.16589,0.02183,0.17014,-0.43562,2.65470,-0.46836,2.39948,-0.46836,2.39948,1.00000,0.00000,0,0.00029
83.4138,1.01582,0.25825,1.01582,0.25825,0.84422,0.19421,-0.30206,2.64609,-1.56839,2.35477,-1.56839,2.35477,0.00000,0.00000,0,0.00029
83.5162,0.98670,0.70017,0.98670,0.70017,0.97843,0.54796,-0.34943,2.62639,-1.81707,1.80445,-1.81707,1.80445,0.00000,0.00000,0,0.00032
83.6175,0.81503,0.87793,0.81503,0.87793,0.86537,0.78223,-0.39544,2.59170,-1.69350,1.41835,-1.69350,1.41835,0.00000,0.00000,0,0.00036
83.7183,0.56024,0.93040,0.56024,0.93040,0.68519,0.87477,-0.43399,2.54979,-1.46177,1.23764,-1.46177,1.23764,0.00000,0.00000,0,0.00026
83.8193,0.25607,0.94354,0.25607,0.94354,0.37882,0.93873,-0.45875,2.50346,-1.02698,1.09537,-1.02698,1.09537,0.00000,0.00000,0,0.00027
83.9212,-0.02154,0.94115,-0.02154,0.94115,0.11355,0.96118,-0.47019,2.45540,-0.64051,1.01364,-0.64051,1.01364,0.00000,0.00000,0,0.00033
84.0217,-0.32219,0.68750,-0.32219,0.68750,-0.20514,0.80623,-0.46617,2.41104,-0.15846,1.20169,-0.15846,1.20169,0.00000,0.00000,0,0.00027
84.1239,-0.50199,0.18901,-0.50199,0.18901,-0.40989,0.37463,-0.44924,2.38412,0.16559,1.82218,0.16559,1.82218,0.00000,0.00000,0,0.00028
84.2257,-0.42689,0.00175,-0.42689,0.00175,-0.44740,0.10075,-0.42660,2.37444,0.24451,2.22332,0.24451,2.22332,0.00000,0.00000,0,0.00029
84.3266,-0.33602,-0.17894,-0.33602,-0.17894,-0.38478,-0.09253,-0.40569,2.37510,0.17148,2.51390,0.17148,2.51390,0.00000,0.00000,0,0.00028
84.4271,-0.22610,-0.33174,-0.22610,-0.33174,-0.27890,-0.26073,-0.38958,2.38502,0.02876,2.77611,0.02876,2.77611,0.00000,0.00000,0,0.00027
84.5284,-0.10566,-0.37912,-0.10566,-0.37912,-0.16663,-0.34623,-0.37891,2.40078,-0.12897,2.92013,-0.12897,2.92013,0.00000,0.00000,0,0.00027
84.6294,0.16908,-0.27761,0.16908,-0.27761,0.02324,-0.32001,-0.37516,2.41803,-0.41002,2.89805,-0.41002,2.89805,0.00000,0.00000,0,0.00029
84.7313,0.22508,-0.24999,0.22508,-0.24999,0.17529,-0.26913,-0.38145,2.43234,-0.64439,2.83603,-0.64439,2.83603,0.00000,0.00000,0,0.00028
84.8334,0.41832,-0.16557,0.41832,-0.16557,0.35133,-0.20393,-0.39547,2.44377,-0.92246,2.74967,-0.92246,2.74967,0.00000,0.00000,0,0.00032
84.9349,0.54512,0.02965,0.54512,0.02965,0.47887,-0.05936,-0.41666,2.45001,-1.13496,2.53906,-1.13496,2.53906,0.00000,0.00000,0,0.00027
85.0374,0.57392,0.18632,0.57392,0.18632,0.55383,0.10839,-0.44317,2.44797,-1.27391,2.28538,-1.27391,2.28538,0.00000,0.00000,0,0.00027
85.1382,0.57508,0.23569,0.57508,0.23569,0.56708,0.20482,-0.47127,2.43923,-1.32189,2.13200,-1.32189,2.13200,0.00000,0.00000,0,0.00027
85.2392,0.57301,0.25835,0.57301,0.25835,0.57130,0.24241,-0.49978,2.42783,-1.35673,2.06421,-1.35673,2.06421,0.00000,0.00000,0,0.00027
85.3405,0.58924,0.37570,0.58924,0.37570,0.58123,0.31925,-0.52860,2.41381,-1.40044,1.93494,-1.40044,1.93494,0.00000,0.00000,0,0.00095
85.4409,0.60713,0.52802,0.60713,0.52802,0.59747,0.47316,-0.55810,2.39316,-1.45430,1.68342,-1.45430,1.68342,0.00000,0.00000,0,0.00043
85.5435,0.60284,0.60912,0.60284,0.60912,0.60391,0.57240,-0.58829,2.36633,-1.49416,1.50772,-1.49416,1.50772,0.00000,0.00000,0,0.00047
85.6456,0.54279,0.71618,0.54279,0.71618,0.58352,0.65905,-0.61828,2.33536,-1.49355,1.34678,-1.49355,1.34678,0.00000,0.00000,0,0.00045
85.7484,0.37844,0.85425,0.37844,0.85425,0.44223,0.79328,-0.64321,2.29843,-1.30656,1.10851,-1.30656,1.10851,0.00000,0.00000,0,0.00030
85.8501,0.10404,0.89982,0.10404,0.89982,0.20281,0.87999,-0.65815,2.25544,-0.96236,0.93546,-0.96236,0.93546,0.00000,0.00000,0,0.00111
85.9507,0.03082,0.89099,0.03082,0.89099,0.08833,0.89625,-0.66484,2.21053,-0.79734,0.86615,-0.79734,0.86615,0.00000,0.00000,0,0.00032
86.0518,-0.12602,0.88561,-0.12602,0.88561,-0.04744,0.90029,-0.66538,2.16533,-0.59423,0.81490,-0.59423,0.81490,0.00000,0.00000,0,0.00028
86.1548,-0.29597,0.63374,-0.29597,0.63374,-0.21631,0.76618,-0.65805,2.12308,-0.33359,0.97381,-0.33359,0.97381,0.00000,0.00000,0,0.00039
86.2575,-0.34313,0.44999,-0.34313,0.44999,-0.30426,0.55064,-0.64444,2.09160,-0.18805,1.26564,-0.18805,1.26564,0.00000,0.00000,0,0.00029
86.3584,-0.37129,0.27400,-0.37129,0.27400,-0.36408,0.35331,-0.62708,2.07043,-0.08097,1.54046,-0.08097,1.54046,0.00000,0.00000,0,0.00026
86.4594,-0.38151,0.19144,-0.38151,0.19144,-0.37146,0.22153,-0.60881,2.05756,-0.05161,1.72527,-0.05161,1.72527,0.00000,0.00000,0,0.00027
86.5609,-0.38199,0.17035,-0.38199,0.17035,-0.37722,0.18326,-0.58994,2.04774,-0.02411,1.77285,-0.02411,1.77285,0.00000,0.00000,0,0.00036
86.6619,-0.37064,0.11728,-0.37064,0.11728,-0.37562,0.14163,-0.57105,2.03970,-0.00762,1.82726,-0.00762,1.82726,0.00000,0.00000,0,0.00027
86.7628,-0.33315,0.02333,-0.33315,0.02333,-0.35455,0.06199,-0.55276,2.03504,-0.02093,1.94205,-0.02093,1.94205,0.00000,0.00000,0,0.00028
86.8646,-0.27524,-0.08603,-0.27524,-0.08603,-0.29193,-0.03937,-0.53708,2.03473,-0.09919,2.09379,-0.09919,2.09379,0.00000,0.00000,0,0.00027
86.9674,-0.20618,-0.13373,-0.20618,-0.13373,-0.23365,-0.10583,-0.52417,2.03882,-0.17370,2.19757,-0.17370,2.19757,0.00000,0.00000,0,0.00032
87.0711,-0.14427,-0.20147,-0.14427,-0.20147,-0.16734,-0.17298,-0.51446,2.04607,-0.26345,2.30554,-0.26345,2.30554,0.00000,0.00000,0,0.00183
87.1711,-0.08584,-0.22754,-0.08584,-0.22754,-0.11489,-0.20982,-0.50759,2.05586,-0.33526,2.37058,-0.33526,2.37058,0.00000,0.00000,0,0.00031
87.2721,0.00729,-0.24962,0.00729,-0.24962,-0.04073,-0.24271,-0.50387,2.06744,-0.44277,2.43151,-0.44277,2.43151,0.00000,0.00000,0,0.00029
87.3742,0.11059,-0.21193,0.11059,-0.21193,0.07451,-0.20812,-0.50562,2.07835,-0.61738,2.39054,-0.61738,2.39054,0.00000,0.00000,0,0.00035
87.4756,0.13193,-0.19153,0.13193,-0.19153,0.11755,-0.19590,-0.51084,2.08841,-0.68717,2.38226,-0.68717,2.38226,0.00000,0.00000,0,0.00036
87.5774,0.15656,-0.17226,0.15656,-0.17226,0.14770,-0.17896,-0.51774,2.09766,-0.73928,2.36609,-0.73928,2.36609,0.00000,0.00000,0,0.00027
87.6796,0.19127,-0.10790,0.19127,-0.10790,0.17648,-0.13855,-0.52598,2.10563,-0.79069,2.31346,-0.79069,2.31346,0.00000,0.00000,0,0.00028
87.7822,0.20892,-0.03874,0.20892,-0.03874,0.20067,-0.07444,-0.53560,2.11066,-0.83661,2.22232,-0.83661,2.22232,0.00000,0.00000,0,0.00031
87.8848,0.22503,0.00855,0.22503,0.00855,0.22138,-0.01066,-0.54633,2.11198,-0.87840,2.12797,-0.87840,2.12797,0.00000,0.00000,32,0.00175
87.9877,0.23804,0.03825,0.23804,0.03825,0.23120,0.02427,-0.55765,2.11174,-0.90446,2.07534,-0.90446,2.07534,0.00000,0.00000,0,0.00096
88.0879,0.23857,0.08941,0.23857,0.08941,0.23685,0.06566,-0.56940,2.10937,-0.92468,2.01088,-0.92468,2.01088,0.00000,0.00000,0,0.00027
88.1890,0.24805,0.11296,0.24805,0.11296,0.24427,0.10196,-0.58146,2.10489,-0.94787,1.95194,-0.94787,1.95194,0.00000,0.00000,0,0.00026
88.2902,0.24583,0.13040,0.24583,0.13040,0.24687,0.12156,-0.59379,2.09919,-0.96410,1.91685,-0.96410,1.91685,0.00000,0.00000,0,0.00034
88.3909,0.24830,0.13910,-0.75170,0.13910,-0.40990,0.13399,-0.75895,2.09271,-0.14410,1.89173,-0.14410,1.89173,1.00000,0.00000,0,0.00028
88.4939,0.23584,0.10508,-0.76416,0.10508,-0.69924,0.12224,-0.72793,2.08614,0.32093,1.90277,0.32093,1.90277,1.00000,0.00000,0,0.00043
88.5955,0.25401,0.00066,-0.74599,0.00066,-0.74697,0.04103,-0.69100,2.08213,0.42945,2.02057,0.42945,2.02057,1.00000,0.00000,0,0.00033
88.6977,0.21579,-0.08332,-0.78421,-0.08332,-0.77181,-0.04744,-0.65301,2.08267,0.50471,2.15384,0.50471,2.15384,1.00000,0.00000,0,0.00030
88.7983,0.20233,-0.21190,-0.79767,-0.21190,-0.79123,-0.17222,-0.61396,2.08894,0.57289,2.34727,0.57289,2.34727,1.00000,0.00000,0,0.00029
88.8987,0.21057,-0.24151,-0.78943,-0.24151,-0.78552,-0.22554,-0.57463,2.09933,0.60365,2.43764,0.60365,2.43764,1.00000,0.00000,0,0.00028
89.0016,0.23000,-0.27168,-0.77000,-0.27168,-0.77491,-0.25664,-0.53565,2.11157,0.62672,2.49654,0.62672,2.49654,1.00000,0.00000,0,0.00073
89.1044,0.24319,-0.30456,-0.75681,-0.30456,-0.76403,-0.28889,-0.49716,2.12536,0.64888,2.55869,0.64888,2.55869,1.00000,0.00000,0,0.00030
89.2080,0.29581,-0.37235,-0.70419,-0.37235,-0.73127,-0.33861,-0.45974,2.14109,0.63716,2.64901,0.63716,2.64901,1.00000,0.00000,0,0.00027
89.3090,0.39781,-0.53167,-0.60219,-0.53167,-0.64249,-0.46624,-0.42578,2.16157,0.53796,2.86093,0.53796,2.86093,1.00000,0.00000,0,0.00027
89.4102,0.47625,-0.65882,-0.52375,-0.65882,-0.56086,-0.60427,-0.39612,2.18913,0.44517,3.09553,0.44517,3.09553,1.00000,0.00000,0,0.00026
89.5107,0.59749,-0.72166,-0.40251,-0.72166,-0.46184,-0.68772,-0.37074,2.22195,0.32202,3.25353,0.32202,3.25353,1.00000,0.00000,0,0.00026
89.6145,0.89389,-0.61134,-0.10611,-0.61134,-0.23568,-0.63772,-0.35377,2.25534,-0.00025,3.21193,-0.00025,3.21193,1.00000,0.00000,0,0.00028
89.7155,0.88629,-0.59267,-0.11371,-0.59267,-0.13014,-0.61721,-0.34579,2.28689,-0.15058,3.21270,-0.15058,3.21270,1.00000,0.00000,0,0.00031
89.8174,0.90585,-0.62086,-0.09415,-0.62086,-0.09997,-0.62079,-0.34028,2.31797,-0.19032,3.24915,-0.19032,3.24915,1.00000,0.00000,0,0.00026
89.9183,0.91202,-0.60974,-0.08798,-0.60974,-0.08969,-0.61510,-0.33552,2.34885,-0.20099,3.27151,-0.20099,3.27151,1.00000,0.00000,0,0.00026
90.0190,0.93892,-0.59235,-0.06108,-0.59235,-0.07095,-0.60128,-0.33155,2.37924,-0.22512,3.28117,-0.22512,3.28117,1.00000,0.00000,0,0.00026
90.1199,0.95483,-0.53963,-0.04517,-0.53963,-0.05173,-0.56084,-0.32862,2.40820,-0.25102,3.24946,-0.25102,3.24946,1.00000,0.00000,0,0.00038
90.2211,0.96897,-0.52831,-0.03103,-0.52831,-0.03474,-0.53627,-0.32658,2.43539,-0.27447,3.23979,-0.27447,3.23979,1.00000,0.00000,0,0.00030
90.3225,0.98949,-0.51800,-0.01051,-0.51800,-0.01985,-0.52370,-0.32544,2.46182,-0.29567,3.24737,-0.29567,3.24737,1.00000,0.00000,16,0.00031
90.4242,1.00387,-0.51012,0.00387,-0.51012,-0.00315,-0.51404,-0.32544,2.48770,-0.32070,3.25876,-0.32070,3.25876,1.00000,0.00000,16,0.00034
90.5245,1.02307,-0.49674,0.02307,-0.49674,0.01489,-0.50165,-0.32544,2.51303,-0.34777,3.26550,-0.34777,3.26550,1.00000,0.00000,16,0.00034
90.6272,1.05443,-0.48947,0.05443,-0.48947,0.03970,-0.49232,-0.32669,2.53780,-0.38624,3.27628,-0.38624,3.27628,1.00000,0.00000,0,0.00025
90.7285,1.10273,-0.47532,0.10273,-0.47532,0.08176,-0.48206,-0.32986,2.56216,-0.45250,3.28525,-0.45250,3.28525,1.00000,0.00000,0,0.00028
90.8297,1.23453,-0.39651,0.23453,-0.39651,0.17304,-0.43186,-0.33632,2.58504,-0.59588,3.23283,-0.59588,3.23283,1.00000,0.00000,0,0.00028
90.9309,1.41612,-0.22659,0.41612,-0.22659,0.33387,-0.30414,-0.34953,2.60324,-0.85034,3.05945,-0.85034,3.05945,1.00000,0.00000,0,0.00027
91.0325,1.47828,0.11489,0.47828,0.11489,0.44959,-0.02153,-0.37015,2.61048,-1.04454,2.64278,-1.04454,2.64278,1.00000,0.00000,0,0.00028
91.1343,1.43668,0.22818,0.43668,0.22818,0.44410,0.16076,-0.39283,2.60581,-1.05897,2.36467,-1.05897,2.36467,1.00000,0.00000,0,0.00041
91.2375,1.30375,0.33958,0.30375,0.33958,0.36894,0.26411,-0.41331,2.59495,-0.96672,2.19878,-0.96672,2.19878,1.00000,0.00000,0,0.00027
91.3377,1.27359,0.35669,0.27359,0.35669,0.30044,0.34663,-0.42955,2.57831,-0.88022,2.05836,-0.88022,2.05836,1.00000,0.00000,0,0.00025
91.4385,1.24699,0.34190,0.24699,0.34190,0.26265,0.34974,-0.44339,2.56064,-0.83736,2.03604,-0.83736,2.03604,1.00000,0.00000,0,0.00026
91.5401,1.20037,0.32175,0.20037,0.32175,0.22237,0.33305,-0.45536,2.54355,-0.78891,2.04398,-0.78891,2.04398,1.00000,0.00000,0,0.00027
91.6408,1.16803,0.30232,0.16803,0.30232,0.18321,0.31210,-0.46524,2.52755,-0.74005,2.05941,-0.74005,2.05941,1.00000,0.00000,0,0.00029
91.7453,1.11362,0.27956,0.11362,0.27956,0.14037,0.28991,-0.47321,2.51259,-0.68377,2.07772,-0.68377,2.07772,1.00000,0.00000,0,0.00040
91.8465,1.08307,0.26860,0.08307,0.26860,0.09777,0.27515,-0.47883,2.49855,-0.62549,2.08583,-0.62549,2.08583,1.00000,0.00000,0,0.00031
91.9476,1.06250,0.25910,0.06250,0.25910,0.07151,0.26345,-0.48288,2.48516,-0.59014,2.08998,-0.59014,2.08998,1.00000,0.00000,0,0.00030
92.0482,1.02730,0.26014,0.02730,0.26014,0.04406,0.25837,-0.48568,2.47219,-0.55177,2.08464,-0.55177,2.08464,1.00000,0.00000,0,0.00033
92.1496,1.00077,0.24597,0.00077,0.24597,0.01368,0.25007,-0.48659,2.45951,-0.50711,2.08441,-0.50711,2.08441,1.00000,0.00000,16,0.00098
92.2515,0.97250,0.23442,-0.02750,0.23442,-0.01388,0.23985,-0.48659,2.44731,-0.46578,2.08755,-0.46578,2.08755,1.00000,0.00000,16,0.00031
92.3530,0.95342,0.22074,-0.04658,0.22074,-0.03593,0.22744,-0.48542,2.43567,-0.43152,2.09451,-0.43152,2.09451,1.00000,0.00000,0,0.00028
92.4542,0.92828,0.20806,-0.07172,0.20806,-0.05944,0.21462,-0.48292,2.42469,-0.39376,2.10277,-0.39376,2.10277,1.00000,0.00000,0,0.00028
92.5579,0.87604,0.17493,-0.12396,0.17493,-0.10083,0.18860,-0.47878,2.41470,-0.32754,2.13180,-0.32754,2.13180,1.00000,0.00000,0,0.00028
92.6594,0.83410,0.13595,-0.16590,0.13595,-0.14649,0.15407,-0.47235,2.40626,-0.25262,2.17515,-0.25262,2.17515,1.00000,0.00000,0,0.00027
92.7634,0.81053,0.09813,-0.18947,0.09813,-0.17675,0.11672,-0.46406,2.39966,-0.19895,2.22458,-0.19895,2.22458,1.00000,0.00000,0,0.00027
92.8644,0.79943,0.03362,-0.20057,0.03362,-0.19415,0.06245,-0.45466,2.39535,-0.16344,2.30168,-0.16344,2.30168,1.00000,0.00000,0,0.00032
92.9663,0.78659,-0.06326,-0.21341,-0.06326,-0.21144,-0.02245,-0.44439,2.39473,-0.12723,2.42841,-0.12723,2.42841,1.00000,0.00000,0,0.00026
93.0673,0.76151,-0.09784,-0.23849,-0.09784,-0.22738,-0.07628,-0.43345,2.39761,-0.09239,2.51204,-0.09239,2.51204,1.00000,0.00000,0,0.00025
93.1691,0.73038,-0.17172,-0.26962,-0.17172,-0.25427,-0.14354,-0.42139,2.40339,-0.03998,2.61870,-0.03998,2.61870,1.00000,0.00000,0,0.00104
93.2700,0.70279,-0.28235,-0.29721,-0.28235,-0.27523,-0.23042,-0.40816,2.41280,0.00468,2.75842,0.00468,2.75842,1.00000,0.00000,0,0.00029
93.3710,0.70585,-0.29626,0.70585,-0.29626,0.21906,-0.28287,-0.23597,2.42615,-0.57968,2.85046,-0.56456,2.85046,0.00000,0.00000,1,0.00028
93.4728,0.71573,-0.24754,0.71573,-0.24754,0.62358,-0.27516,-0.26158,2.44046,-1.19695,2.85321,-1.19695,2.85321,0.00000,0.00000,0,0.00025
93.5769,0.74265,-0.05006,0.74265,-0.05006,0.71645,-0.13608,-0.29594,2.45061,-1.37061,2.65473,-1.37061,2.65473,0.00000,0.00000,0,0.00177
93.6775,0.74112,0.03525,0.74112,0.03525,0.73913,-0.00410,-0.33269,2.45290,-1.44139,2.45906,-1.44139,2.45906,0.00000,0.00000,32,0.00026
93.7785,0.73375,0.07568,0.73375,0.07568,0.73788,0.05413,-0.36968,2.45133,-1.47649,2.37013,-1.47649,2.37013,0.00000,0.00000,0,0.00027
93.8796,0.73220,0.11775,0.73220,0.11775,0.73372,0.09705,-0.40643,2.44733,-1.50701,2.30175,-1.50701,2.30175,0.00000,0.00000,0,0.00027
93.9827,0.72345,0.24409,0.72345,0.24409,0.72745,0.18518,-0.44296,2.44023,-1.53414,2.16246,-1.53414,2.16246,0.00000,0.00000,0,0.00028
94.0841,0.57932,0.55752,0.57932,0.55752,0.64967,0.42426,-0.47774,2.42469,-1.45225,1.78829,-1.45225,1.78829,0.00000,0.00000,0,0.00042
94.1854,0.27419,0.68647,0.27419,0.68647,0.38061,0.64077,-0.50248,2.39649,-1.07339,1.43533,-1.07339,1.43533,0.00000,0.00000,0,0.00036
94.2873,0.19128,0.82141,0.19128,0.82141,0.23338,0.78617,-0.51631,2.35974,-0.86638,1.18049,-0.86638,1.18049,0.00000,0.00000,0,0.00027
94.3889,0.12559,0.82164,0.12559,0.82164,0.15702,0.81786,-0.52556,2.31947,-0.76108,1.09268,-0.76108,1.09268,0.00000,0.00000,0,0.00089
94.4892,0.02277,0.79434,0.02277,0.79434,0.05403,0.80169,-0.53017,2.27909,-0.61122,1.07656,-0.61122,1.07656,0.00000,0.00000,0,0.00026
94.5897,-0.03553,0.74255,-0.03553,0.74255,-0.00564,0.76870,-0.53109,2.23984,-0.52262,1.08679,-0.52262,1.08679,0.00000,0.00000,16,0.00035
94.6905,-0.06054,0.64466,-0.06054,0.64466,-0.04305,0.69137,-0.53003,2.20351,-0.46545,1.16646,-0.46545,1.16646,0.00000,0.00000,0,0.00026
94.7936,-0.11681,0.46054,-0.11681,0.46054,-0.08497,0.54277,-0.52678,2.17291,-0.39932,1.35875,-0.39932,1.35875,0.00000,0.00000,0,0.00057
94.8940,-0.11245,0.43683,-0.11245,0.43683,-0.10915,0.46453,-0.52155,2.14839,-0.35783,1.45160,-0.35783,1.45160,0.00000,0.00000,0,0.00033
94.9957,-0.13712,0.39872,-0.13712,0.39872,-0.13101,0.42072,-0.51534,2.12652,-0.31882,1.49544,-0.31882,1.49544,0.00000,0.00000,0,0.00035
95.0979,-0.19898,0.31494,-0.19898,0.31494,-0.17631,0.35021,-0.50754,2.10753,-0.24308,1.58222,-0.24308,1.58222,0.00000,0.00000,0,0.00029
95.1985,-0.20224,0.21092,-0.20224,0.21092,-0.20235,0.24624,-0.49768,2.09316,-0.19416,1.72380,-0.19416,1.72380,0.00000,0.00000,0,0.00037
95.2995,-0.22330,0.17447,-0.22330,0.17447,-0.21977,0.19523,-0.48700,2.08252,-0.15734,1.78967,-0.15734,1.78967,0.00000,0.00000,0,0.00029
95.4007,-0.22857,0.10803,-0.22857,0.10803,-0.22607,0.13389,-0.47589,2.07455,-0.13678,1.87372,-0.13678,1.87372,0.00000,0.00000,0,0.00028
95.5035,-0.17617,0.06852,-0.17617,0.06852,-0.19335,0.08885,-0.46547,2.06920,-0.17544,1.93593,-0.17544,1.93593,0.00000,0.00000,0,0.00036
95.6044,-0.13239,0.02633,-0.13239,0.02633,-0.14886,0.04441,-0.45720,2.06615,-0.23391,1.99953,-0.23391,1.99953,0.00000,0.00000,0,0.00037
95.7056,-0.12013,0.00098,-0.12013,0.00098,-0.12672,0.01385,-0.45051,2.06523,-0.26042,2.04445,-0.26042,2.04445,0.00000,0.00000,32,0.00029
95.8070,-0.10941,-0.02716,-0.10941,-0.02716,-0.11630,-0.01464,-0.44446,2.06523,-0.27002,2.08719,-0.27002,2.08719,0.00000,0.00000,32,0.00032
95.9080,-0.08995,-0.04260,-0.08995,-0.04260,-0.09775,-0.03432,-0.43921,2.06638,-0.29259,2.11786,-0.29259,2.11786,0.00000,0.00000,0,0.00028
96.0088,-0.06289,-0.06047,-0.06289,-0.06047,-0.07448,-0.05125,-0.43500,2.06859,-0.32328,2.14547,-0.32328,2.14547,0.00000,0.00000,0,0.00025
96.1104,-0.03919,-0.07755,-0.03919,-0.07755,-0.04978,-0.06956,-0.43203,2.07173,-0.35735,2.17608,-0.35735,2.17608,0.00000,0.00000,0,0.00035
96.2119,-0.02849,-0.08906,-0.02849,-0.08906,-0.03560,-0.08348,-0.42999,2.07564,-0.37658,2.20086,-0.37658,2.20086,0.00000,0.00000,0,0.00030
96.3144,0.06296,-0.10469,0.06296,-0.10469,0.02231,-0.09203,-0.42960,2.08005,-0.46306,2.21809,-0.46306,2.21809,0.00000,0.00000,0,0.00029
96.4154,0.11461,-0.09936,0.11461,-0.09936,0.08909,-0.09448,-0.43289,2.08468,-0.56652,2.22640,-0.56652,2.22640,0.00000,0.00000,0,0.00026
96.5174,0.14535,-0.09931,0.14535,-0.09931,0.12969,-0.09767,-0.43871,2.08950,-0.63325,2.23600,-0.63325,2.23600,0.00000,0.00000,0,0.00029
96.6183,0.15388,-0.09457,0.15388,-0.09457,0.15070,-0.09622,-0.44595,2.09436,-0.67200,2.23869,-0.67200,2.23869,0.00000,0.00000,0,0.00053
96.7200,0.17917,-0.06057,0.17917,-0.06057,0.16853,-0.07533,-0.45400,2.09867,-0.70680,2.21166,-0.70680,2.21166,0.00000,0.00000,0,0.00036
96.8202,0.19074,-0.03545,0.19074,-0.03545,0.18518,-0.04684,-0.46299,2.10153,-0.74075,2.17179,-0.74075,2.17179,0.00000,0.00000,0,0.00027
96.9214,0.22787,0.01571,0.22787,0.01571,0.20802,-0.01170,-0.47280,2.10287,-0.78483,2.12042,-0.78483,2.12042,0.00000,0.00000,32,0.00029
97.0230,0.35523,0.09780,0.35523,0.09780,0.31598,0.06245,-0.48637,2.10139,-0.96035,2.00771,-0.96035,2.00771,0.00000,0.00000,0,0.00027
97.1238,0.34654,0.20320,0.34654,0.20320,0.34393,0.15747,-0.50327,2.09538,-1.01916,1.85917,-1.01916,1.85917,0.00000,0.00000,0,0.00033
97.2278,0.35519,0.22229,0.35519,0.22229,0.35080,0.20632,-0.52065,2.08582,-1.04686,1.77634,-1.04686,1.77634,0.00000,0.00000,0,0.00026
97.3295,0.34646,0.23271,0.34646,0.23271,0.34870,0.22559,-0.53814,2.07489,-1.06120,1.73650,-1.06120,1.73650,0.00000,0.00000,0,0.00075
97.4301,0.34936,0.24082,0.34936,0.24082,0.34913,0.23683,-0.55558,2.06325,-1.07927,1.70800,-1.07927,1.70800,0.00000,0.00000,0,0.00027
97.5317,0.35764,0.25968,0.35764,0.25968,0.35456,0.25147,-0.57320,2.05100,-1.10504,1.67379,-1.10504,1.67379,0.00000,0.00000,0,0.00026
97.6352,0.35856,0.29425,0.35856,0.29425,0.35824,0.27763,-0.59105,2.03771,-1.12841,1.62127,-1.12841,1.62127,0.00000,0.00000,0,0.00040
97.7374,0.37344,0.37322,0.37344,0.37322,0.36713,0.33387,-0.60919,2.02236,-1.15989,1.52156,-1.15989,1.52156,0.00000,0.00000,0,0.00026
97.8382,0.34874,0.55573,0.34874,0.55573,0.35619,0.47532,-0.62738,2.00199,-1.16166,1.28901,-1.16166,1.28901,0.00000,0.00000,0,0.00027
97.9392,0.24526,0.62028,0.24526,0.62028,0.29406,0.57375,-0.64376,1.97519,-1.08485,1.11456,-1.08485,1.11456,0.00000,0.00000,0,0.00027
98.0397,0.02253,0.77750,0.02253,0.77750,0.15338,0.68379,-0.65504,1.94369,-0.88511,0.91800,-0.88511,0.91800,0.00000,0.00000,0,0.00024
98.1405,-0.12472,0.77449,-0.12472,0.77449,-0.03997,0.75676,-0.65653,1.90719,-0.59658,0.77206,-0.59658,0.77206,0.00000,0.00000,0,0.00027
98.2432,-0.20274,0.74686,-0.20274,0.74686,-0.16529,0.75431,-0.65036,1.86922,-0.40243,0.73776,-0.40243,0.73776,0.00000,0.00000,0,0.00037
98.3444,-0.46155,0.62243,-0.46155,0.62243,-0.34475,0.67786,-0.63759,1.83332,-0.12046,0.81653,-0.12046,0.81653,0.00000,0.00000,0,0.00043
98.4476,-0.63935,0.07787,-1.63935,0.07787,-1.35792,0.37550,-0.88536,1.80614,1.15151,1.24289,1.15151,1.24289,1.00000,0.00000,0,0.00031
98.5505,-0.62048,-0.82016,-1.62048,-0.82016,-1.61765,-0.39064,-0.80740,1.81020,1.61907,2.39616,1.61907,2.39616,1.00000,0.00000,0,0.00114
98.6542,-0.22387,-1.22028,-1.22387,-1.22028,-1.37315,-1.01128,-0.73264,1.85016,1.32708,3.36708,1.32708,3.36708,1.00000,0.00000,0,0.00031
98.7555,-0.00781,-1.32830,-1.00781,-1.32830,-1.12125,-1.24143,-0.67148,1.90812,1.01039,3.77026,1.01039,3.77026,1.00000,0.00000,0,0.00043
98.8575,0.36645,-1.28369,-0.63355,-1.28369,-0.78161,-1.29257,-0.62575,1.97258,0.54665,3.91143,0.54665,3.91143,1.00000,0.00000,0,0.00027
98.9587,0.86908,-1.05330,-0.13092,-1.05330,-0.32946,-1.14373,-0.60052,2.03327,-0.10633,3.74886,-0.10633,3.74886,1.00000,0.00000,0,0.00024
99.0603,0.88345,-0.78810,-0.11655,-0.78810,-0.15818,-0.91779,-0.59015,2.08413,-0.35289,3.46081,-0.35289,3.46081,1.00000,0.00000,0,0.00022
99.1638,0.90645,-0.48902,-0.09355,-0.48902,-0.11337,-0.62733,-0.58370,2.12158,-0.41365,3.06258,-0.41365,3.06258,1.00000,0.00000,0,0.00103
99.2652,0.91580,-0.46884,-0.08420,-0.46884,-0.08277,-0.49881,-0.57930,2.14848,-0.45514,2.89669,-0.45514,2.89669,1.00000,0.00000,0,0.00030
99.3658,0.91839,-0.45193,-0.08161,-0.45193,-0.07878,-0.46269,-0.57526,2.17223,-0.45710,2.86627,-0.45710,2.86627,1.00000,0.00000,0,0.00030
99.4702,0.92698,-0.43657,-0.07302,-0.43657,-0.07442,-0.44482,-0.57143,2.19485,-0.45980,2.86208,-0.45980,2.86208,1.00000,0.00000,0,0.00031
99.5721,0.92719,-0.40703,-0.07281,-0.40703,-0.07381,-0.41940,-0.56772,2.21634,-0.45701,2.84544,-0.45701,2.84544,1.00000,0.00000,0,0.00119
99.6741,0.93749,-0.37914,-0.06251,-0.37914,-0.06721,-0.39245,-0.56416,2.23654,-0.46335,2.82521,-0.46335,2.82521,1.00000,0.00000,0,0.00032
99.7756,0.95187,-0.31036,-0.04813,-0.31036,-0.05477,-0.33625,-0.56116,2.25456,-0.47901,2.75893,-0.47901,2.75893,1.00000,0.00000,0,0.00045
99.8765,0.91719,-0.22437,-0.08281,-0.22437,-0.07519,-0.26826,-0.55793,2.26958,-0.44515,2.67197,-0.44515,2.67197,1.00000,0.00000,0,0.00030
99.9782,0.90989,-0.18911,-0.09011,-0.18911,-0.08456,-0.21560,-0.55388,2.28144,-0.42704,2.60483,-0.42704,2.60483,1.00000,0.00000,0,0.00034
100.0796,0.90070,-0.17080,-0.09930,-0.17080,-0.09381,-0.18513,-0.54939,2.29127,-0.40867,2.56897,-0.40867,2.56897,1.00000,0.00000,0,0.00029
100.1800,0.89991,-0.16720,-0.10009,-0.16720,-0.09898,-0.17064,-0.54450,2.30003,-0.39604,2.55598,-0.39604,2.55598,1.00000,0.00000,0,0.00027
100.2816,0.89772,-0.16138,-0.10228,-0.16138,-0.10083,-0.16372,-0.53950,2.30834,-0.38826,2.55392,-0.38826,2.55392,1.00000,0.00000,0,0.00024
100.3844,0.88958,-0.14984,-0.11042,-0.14984,-0.10649,-0.15558,-0.53432,2.31632,-0.37459,2.54969,-0.37459,2.54969,1.00000,0.00000,0,0.00027
100.4863,0.87777,-0.13817,-0.12223,-0.13817,-0.11659,-0.14440,-0.52873,2.32377,-0.35384,2.54038,-0.35384,2.54038,1.00000,0.00000,0,0.00152
100.5860,0.84852,-0.09800,-0.15148,-0.09800,-0.13512,-0.11685,-0.52245,2.33026,-0.31977,2.50553,-0.31977,2.50553,1.00000,0.00000,0,0.00037
100.6876,0.77762,-0.01089,-0.22238,-0.01089,-0.19850,-0.03340,-0.51370,2.33357,-0.21594,2.38367,-0.21594,2.38367,1.00000,0.00000,0,0.00030
100.7895,0.78356,-0.00357,-0.21644,-0.00357,-0.21342,-0.00725,-0.50317,2.33405,-0.18304,2.34493,-0.18304,2.34493,1.00000,0.00000,32,0.00034
100.8912,0.78231,0.00001,-0.21769,0.00001,-0.21615,-0.00072,-0.49245,2.33405,-0.16822,2.33514,-0.16822,2.33514,1.00000,0.00000,32,0.00036
100.9940,0.78274,-0.00239,-0.21726,-0.00239,-0.21655,-0.00085,-0.48167,2.33405,-0.15684,2.33534,-0.15684,2.33534,1.00000,0.00000,32,0.00261
101.0964,0.77880,0.00065,-0.22120,0.00065,-0.21875,-0.00100,-0.47080,2.33405,-0.14268,2.33556,-0.14268,2.33556,1.00000,0.00000,32,0.00029
101.1988,0.78173,0.00299,-0.21827,0.00299,-0.21856,0.00206,-0.45985,2.33405,-0.13200,2.33097,-0.13200,2.33097,1.00000,0.00000,32,0.00028
101.3003,0.78511,-0.00036,-0.21489,-0.00036,-0.21542,0.00129,-0.44902,2.33405,-0.12590,2.33212,-0.12590,2.33212,1.00000,0.00000,32,0.00103
101.4000,0.78590,-0.01510,-0.21410,-0.01510,-0.21526,-0.00717,-0.43822,2.33405,-0.11534,2.34481,-0.11534,2.34481,1.00000,0.00000,32,0.00029
101.5006,0.77362,-0.05435,-0.22638,-0.05435,-0.22357,-0.04324,-0.42725,2.33539,-0.09190,2.40025,-0.09190,2.40025,1.00000,0.00000,0,0.00025
101.6014,0.76572,-0.07279,-0.23428,-0.07279,-0.22899,-0.06387,-0.41598,2.33817,-0.07250,2.43397,-0.07250,2.43397,1.00000,0.00000,0,0.00032
101.7018,0.76250,-0.13085,-0.23750,-0.13085,-0.23313,-0.09702,-0.40443,2.34213,-0.05473,2.48765,-0.05473,2.48765,1.00000,0.00000,0,0.00025
101.8047,0.75419,-0.17260,-0.24581,-0.17260,-0.24852,-0.15727,-0.39207,2.34911,-0.01929,2.58501,-0.01929,2.58501,1.00000,0.00000,0,0.00048
101.9076,0.75699,-0.18273,-0.24301,-0.18273,-0.24882,-0.17680,-0.37958,2.35762,-0.00635,2.62283,-0.00635,2.62283,1.00000,0.00000,0,0.00113
102.0104,0.75439,-0.18172,-0.24561,-0.18172,-0.24754,-0.18148,-0.36719,2.36663,0.00412,2.63885,0.00412,2.63885,1.00000,0.00000,0,0.00029
102.1139,0.75906,-0.19029,-0.24094,-0.19029,-0.24404,-0.18746,-0.35492,2.37586,0.01113,2.65705,0.01113,2.65705,1.00000,0.00000,0,0.00067
102.2162,0.75526,-0.19123,-0.24474,-0.19123,-0.24294,-0.18990,-0.34279,2.38531,0.02162,2.67016,0.02162,2.67016,1.00000,0.00000,0,0.00033
102.3168,0.75558,-0.19412,-0.24442,-0.19412,-0.24503,-0.19241,-0.33055,2.39488,0.03700,2.68348,0.03700,2.68348,1.00000,0.00000,0,0.00026
102.4182,0.76406,-0.20411,-0.23594,-0.20411,-0.23952,-0.19993,-0.31844,2.40471,0.04084,2.70460,0.04084,2.70460,1.00000,0.00000,0,0.00025
102.5201,0.76887,-0.21588,-0.23113,-0.21588,-0.23315,-0.21087,-0.30667,2.41502,0.04305,2.73133,0.04305,2.73133,1.00000,0.00000,0,0.00039
102.6215,0.76799,-0.22334,-0.23201,-0.22334,-0.23152,-0.21918,-0.29509,2.42581,0.05219,2.75459,0.05219,2.75459,1.00000,0.00000,0,0.00033
102.7222,0.77111,-0.23323,-0.22889,-0.23323,-0.23008,-0.22835,-0.28356,2.43703,0.06156,2.77956,0.06156,2.77956,1.00000,0.00000,0,0.00030
102.8240,0.77519,-0.23786,-0.22481,-0.23786,-0.22694,-0.23524,-0.27214,2.44866,0.06828,2.80152,0.06828,2.80152,1.00000,0.00000,0,0.00033
102.9245,0.78139,-0.24199,-0.21861,-0.24199,-0.22180,-0.23981,-0.26094,2.46056,0.07176,2.82027,0.07176,2.82027,1.00000,0.00000,0,0.00033
103.0266,0.78773,-0.24974,-0.21227,-0.24974,-0.21519,-0.24715,-0.25006,2.47278,0.07273,2.84349,0.07273,2.84349,1.00000,0.00000,0,0.00027
103.1269,0.78682,-0.25733,-0.21318,-0.25733,-0.21344,-0.25362,-0.23937,2.48532,0.08079,2.86575,0.08079,2.86575,1.00000,0.00000,0,0.00029
103.2292,0.79705,-0.26880,-0.20295,-0.26880,-0.20783,-0.26361,-0.22883,2.49828,0.08291,2.89369,0.08291,2.89369,1.00000,0.00000,0,0.00078
103.3298,0.79776,-0.27729,-0.20224,-0.27729,-0.20365,-0.27345,-0.21858,2.51177,0.08689,2.92195,0.08689,2.92195,1.00000,0.00000,0,0.00041
103.4304,0.80540,-0.28437,0.80540,-0.28437,0.56301,-0.28092,-0.05784,2.52567,-0.90235,2.94705,-0.90235,2.94705,0.00000,0.00000,0,0.00026
103.5315,0.83431,-0.16014,0.83431,-0.16014,0.77884,-0.22088,-0.09367,2.53857,-1.26194,2.86988,-1.26194,2.86988,0.00000,0.00000,0,0.00027
103.6356,0.85809,-0.05149,0.85809,-0.05149,0.83990,-0.09915,-0.13468,2.54594,-1.39453,2.69467,-1.39453,2.69467,0.00000,0.00000,0,0.00109
103.7352,0.85197,0.07239,0.85197,0.07239,0.85141,0.01031,-0.17715,2.54774,-1.45427,2.53228,-1.45427,2.53228,0.00000,0.00000,32,0.00036
103.8373,0.86125,0.11346,0.86125,0.11346,0.85459,0.09028,-0.21971,2.54446,-1.50159,2.40905,-1.50159,2.40905,0.00000,0.00000,0,0.00026
103.9399,0.87309,0.20125,0.87309,0.20125,0.86569,0.15342,-0.26277,2.53831,-1.56130,2.30818,-1.56130,2.30818,0.00000,0.00000,0,0.00079
104.0398,0.83973,0.50768,0.83973,0.50768,0.84463,0.37891,-0.30555,2.52485,-1.57249,1.95649,-1.57249,1.95649,0.00000,0.00000,0,0.00033
104.1406,0.80359,0.56671,0.80359,0.56671,0.81718,0.51001,-0.34698,2.50170,-1.57275,1.73669,-1.57275,1.73669,0.00000,0.00000,0,0.00027
104.2416,0.78583,0.61139,0.78583,0.61139,0.79841,0.57208,-0.38727,2.47435,-1.58488,1.61623,-1.58488,1.61623,0.00000,0.00000,0,0.00030
104.3445,0.68183,0.73124,0.68183,0.73124,0.73094,0.67233,-0.42556,2.44302,-1.52197,1.43453,-1.52197,1.43453,0.00000,0.00000,0,0.00091
104.4454,0.64081,0.76032,0.64081,0.76032,0.66945,0.74572,-0.46015,2.40656,-1.46432,1.28798,-1.46432,1.28798,0.00000,0.00000,0,0.00049
104.5457,0.49121,0.82500,0.49121,0.82500,0.57256,0.79436,-0.49126,2.36788,-1.35010,1.17635,-1.35010,1.17635,0.00000,0.00000,0,0.00038
104.6482,0.22443,0.92794,0.22443,0.92794,0.32992,0.88484,-0.51242,2.32548,-1.00729,0.99822,-1.00729,0.99822,0.00000,0.00000,0,0.00029
104.7513,-0.11945,0.91849,-0.11945,0.91849,0.01535,0.91264,-0.51954,2.27973,-0.54256,0.91077,-0.54256,0.91077,0.00000,0.00000,16,0.00027
104.8520,-0.41626,0.59493,-0.41626,0.59493,-0.26840,0.74178,-0.51236,2.23759,-0.10976,1.12493,-0.10976,1.12493,0.00000,0.00000,0,0.00029
104.9536,-0.52730,0.15291,-0.52730,0.15291,-0.44531,0.37059,-0.49323,2.21064,0.17473,1.65475,0.17473,1.65475,0.00000,0.00000,0,0.00026
105.0550,-0.48920,0.09521,-0.48920,0.09521,-0.48272,0.16996,-0.46927,2.19878,0.25481,1.94385,0.25481,1.94385,0.00000,0.00000,0,0.00031
105.1567,-0.44949,-0.02840,-0.44949,-0.02840,-0.46937,0.02946,-0.44527,2.19450,0.25879,2.15031,0.25879,2.15031,0.00000,0.00000,0,0.00032
105.2594,-0.36219,-0.18077,-0.36219,-0.18077,-0.39167,-0.12358,-0.42424,2.19766,0.16327,2.38304,0.16327,2.38304,0.00000,0.00000,0,0.00025
105.3601,-0.24082,-0.29624,-0.24082,-0.29624,-0.28281,-0.24462,-0.40789,2.20753,0.01633,2.57447,0.01633,2.57447,0.00000,0.00000,0,0.00038
105.4619,-0.11040,-0.35332,-0.11040,-0.35332,-0.16803,-0.32348,-0.39705,2.22229,-0.14501,2.70751,-0.14501,2.70751,0.00000,0.00000,0,0.00153
105.5644,0.05620,-0.30873,0.05620,-0.30873,-0.04532,-0.33370,-0.39178,2.23921,-0.32379,2.73975,-0.32379,2.73975,0.00000,0.00000,0,0.00073
105.6651,0.25397,-0.26606,0.25397,-0.26606,0.17560,-0.26505,-0.39650,2.25320,-0.65990,2.65078,-0.65990,2.65078,0.00000,0.00000,0,0.00038
105.7659,0.40881,-0.15240,0.40881,-0.15240,0.30984,-0.19009,-0.40903,2.26426,-0.87379,2.54939,-0.87379,2.54939,0.00000,0.00000,0,0.00028
105.8677,0.49980,0.00999,0.49980,0.00999,0.45402,-0.07275,-0.42956,2.27090,-1.11059,2.38002,-1.11059,2.38002,0.00000,0.00000,0,0.00025
105.9714,0.57600,0.14866,0.57600,0.14866,0.54893,0.08542,-0.45539,2.26953,-1.27878,2.14141,-1.27878,2.14141,0.00000,0.00000,0,0.00106
106.0714,0.57041,0.24521,0.57041,0.24521,0.56821,0.20688,-0.48357,2.26152,-1.33588,1.95121,-1.33588,1.95121,0.00000,0.00000,0,0.00040
106.1748,0.58375,0.30378,0.58375,0.30378,0.58097,0.27235,-0.51240,2.24917,-1.38387,1.84064,-1.38387,1.84064,0.00000,0.00000,0,0.00035
106.2756,0.59998,0.44268,0.59998,0.44268,0.59250,0.37637,-0.54175,2.23266,-1.43050,1.66810,-1.43050,1.66810,0.00000,0.00000,0,0.00027
106.3789,0.60024,0.54741,0.60024,0.54741,0.60303,0.49636,-0.57184,2.21001,-1.47639,1.46546,-1.47639,1.46546,0.00000,0.00000,0,0.00027
106.4817,0.54124,0.68164,0.54124,0.68164,0.58055,0.60784,-0.60170,2.18212,-1.47253,1.27035,-1.47253,1.27035,0.00000,0.00000,0,0.00150
106.5834,0.36662,0.79853,0.36662,0.79853,0.43631,0.74964,-0.62644,2.14718,-1.28090,1.02272,-1.28090,1.02272,0.00000,0.00000,0,0.00029
106.6845,0.10305,0.88419,0.10305,0.88419,0.19610,0.85112,-0.64064,2.10602,-0.93479,0.82934,-0.93479,0.82934,0.00000,0.00000,0,0.00043
106.7855,-0.03419,0.86862,-0.03419,0.86862,0.04668,0.88789,-0.64595,2.06175,-0.71597,0.72991,-0.71597,0.72991,0.00000,0.00000,0,0.00033
106.8874,-0.14950,0.84266,-0.14950,0.84266,-0.09363,0.86005,-0.64387,2.01814,-0.50343,0.72806,-0.50343,0.72806,0.00000,0.00000,0,0.00029
106.9881,-0.31991,0.66854,-0.31991,0.66854,-0.24922,0.74536,-0.63461,1.97794,-0.26078,0.85991,-0.26078,0.85991,0.00000,0.00000,0,0.00024
107.0900,-0.48615,0.34739,-0.48615,0.34739,-0.41149,0.50558,-0.61712,1.94736,0.00011,1.18899,0.00011,1.18899,0.00000,0.00000,0,0.00046
107.1901,-0.46978,0.16918,-0.46978,0.16918,-0.48623,0.26354,-0.59333,1.92946,0.13602,1.53415,0.13602,1.53415,0.00000,0.00000,0,0.00029
107.2938,-0.53441,0.06916,-0.53441,0.06916,-0.51866,0.12995,-0.56819,1.92037,0.20980,1.72545,0.20980,1.72545,0.00000,0.00000,0,0.00046
107.3953,-0.52452,-0.07704,-0.52452,-0.07704,-0.51901,-0.00187,-0.54230,1.91750,0.23622,1.92030,0.23622,1.92030,0.00000,0.00000,32,0.00044
107.4954,-0.38864,-0.15730,-0.38864,-0.15730,-0.44884,-0.11443,-0.51778,1.92115,0.15548,2.09280,0.15548,2.09280,0.00000,0.00000,0,0.00030
107.5974,-0.32922,-0.21841,-0.32922,-0.21841,-0.36326,-0.18503,-0.49806,1.92900,0.04683,2.20654,0.04683,2.20654,0.00000,0.00000,0,0.00040
107.7003,-0.24884,-0.28272,-0.24884,-0.28272,-0.28284,-0.25422,-0.48226,1.94031,-0.05799,2.32164,-0.05799,2.32164,0.00000,0.00000,0,0.00109
107.8001,-0.20722,-0.31473,-0.20722,-0.31473,-0.23156,-0.29496,-0.46969,1.95426,-0.12235,2.39670,-0.12235,2.39670,0.00000,0.00000,0,0.00036
107.9033,-0.12499,-0.35260,-0.12499,-0.35260,-0.16309,-0.33725,-0.46006,1.97033,-0.21543,2.47621,-0.21543,2.47621,0.00000,0.00000,0,0.00031
108.0043,0.11328,-0.25782,0.11328,-0.25782,-0.02542,-0.31020,-0.45505,1.98698,-0.41692,2.45229,-0.41692,2.45229,0.00000,0.00000,0,0.00029
108.1052,0.19658,-0.21842,0.19658,-0.21842,0.15166,-0.24111,-0.46010,2.00009,-0.68760,2.36175,-0.68760,2.36175,0.00000,0.00000,0,0.00030
108.2057,0.24455,-0.15923,0.24455,-0.15923,0.22054,-0.18691,-0.46989,2.01055,-0.80071,2.29091,-0.80071,2.29091,0.00000,0.00000,0,0.00027
108.3077,0.41178,-0.03968,0.41178,-0.03968,0.34972,-0.08684,-0.48438,2.01707,-1.00897,2.14734,-1.00897,2.14734,0.00000,0.00000,0,0.00030
