t_s,roll,pitch,err_r,err_p,err_r_filt,err_p_filt,integ_r,integ_p,pi_out_r,pi_out_p,corr_r,corr_p,target_roll,target_pitch,clip_flags,dt_actual,mt_0,enc_0,vel_0,iq_sp_0,iq_0,mt_1,enc_1,vel_1,iq_sp_1,iq_1,mt_2,enc_2,vel_2,iq_sp_2,iq_2,mt_3,enc_3,vel_3,iq_sp_3,iq_3,mt_4,enc_4,vel_4,iq_sp_4,iq_4,mt_5,enc_5,vel_5,iq_sp_5,iq_5
0.0000,-0.04398,0.82395,-0.04398,0.82395,-0.04137,0.82438,-0.08009,1.39514,-0.03872,0.57076,-0.03872,0.57076,0.00000,0.00000,0,0.00305,-0.00640,-0.02520,0.00784,-0.97528,-0.97423,-0.02517,-0.04164,0.00716,0.47788,0.43802,0.02173,0.00157,0.00745,0.31412,0.41555,-0.21121,-0.17944,-0.00144,3.02249,3.14113,-0.01005,0.03239,-0.00643,4.54421,4.41056,-0.03184,-0.04641,-0.00064,-0.06485,-0.01239
0.0972,-0.04867,0.82453,-0.04867,0.82453,-0.04584,0.82464,-0.07878,1.37040,-0.03294,0.54576,-0.03294,0.54576,0.00000,0.00000,0,0.00029,-0.00547,-0.02512,0.00483,-1.06087,-1.05399,-0.02481,-0.04135,0.00205,0.45476,0.44213,0.02191,0.00164,-0.00153,0.23307,0.30445,-0.21236,-0.17988,-0.00332,3.11412,3.22754,-0.01115,0.03176,-0.01631,4.65862,4.64601,-0.03104,-0.04639,-0.00490,-0.14782,-0.23611
0.1998,-0.04970,0.82226,-0.04970,0.82226,-0.04905,0.82344,-0.07733,1.34568,-0.02828,0.52224,-0.02828,0.52224,0.00000,0.00000,0,0.00030,-0.00459,-0.02503,-0.00138,-1.12196,-1.18456,-0.02451,-0.04109,0.00116,0.39972,0.39888,0.02204,0.00170,-0.00486,0.21424,0.23542,-0.21343,-0.18024,0.00068,3.23048,3.22613,-0.01216,0.03116,0.00104,4.76787,4.76781,-0.03028,-0.04635,0.00459,-0.23474,-0.33089
0.3029,-0.05375,0.81746,-0.05375,0.81746,-0.05187,0.81997,-0.07581,1.32103,-0.02394,0.50106,-0.02394,0.50106,0.00000,0.00000,0,0.00155,-0.00380,-0.02492,0.00163,-1.22101,-1.21897,-0.02423,-0.04094,0.00104,0.39720,0.38573,0.02217,0.00176,-0.00227,0.18575,0.29296,-0.21439,-0.18068,-0.00374,3.30369,3.24276,-0.01308,0.03053,-0.00903,4.83152,4.87118,-0.02959,-0.04634,0.00222,-0.30950,-0.22166
0.4025,-0.06197,0.81303,-0.06197,0.81303,-0.05804,0.81466,-0.07415,1.29653,-0.01611,0.48188,-0.01611,0.48188,0.00000,0.00000,0,0.00029,-0.00316,-0.02477,-0.00205,-1.27681,-1.22562,-0.02379,-0.04074,-0.00537,0.31429,0.30243,0.02246,0.00187,0.00742,0.13156,0.12063,-0.21534,-0.18103,-0.00122,3.41565,3.51581,-0.01401,0.02971,-0.01176,4.89486,4.94501,-0.02907,-0.04632,0.00560,-0.35254,-0.30727
0.5043,-0.07012,0.80960,-0.07012,0.80960,-0.06684,0.81159,-0.07225,1.27215,-0.00542,0.46056,-0.00542,0.46056,0.00000,0.00000,0,0.00026,-0.00249,-0.02444,0.00079,-1.34715,-1.14250,-0.02322,-0.04049,-0.00822,0.25003,0.25425,0.02288,0.00194,-0.00695,0.06048,-0.09751,-0.21643,-0.18149,-0.00680,3.45396,3.58336,-0.01510,0.02834,-0.01392,4.97408,4.89144,-0.02855,-0.04630,-0.00119,-0.42965,-0.40136
0.6054,-0.08990,0.80222,-0.08990,0.80222,-0.07897,0.80583,-0.07007,1.24790,0.00889,0.44207,0.00889,0.44207,0.00000,0.00000,0,0.00026,-0.00201,-0.02388,0.00977,-1.35150,-1.41527,-0.02249,-0.04023,0.00399,0.21457,0.26797,0.02347,0.00207,-0.00112,-0.00293,0.07835,-0.21748,-0.18204,-0.00261,3.61632,3.47821,-0.01617,0.02529,-0.05648,4.79730,4.72802,-0.02822,-0.04627,0.00481,-0.45292,-0.42678
0.7082,-0.12289,0.78932,-0.12289,0.78932,-0.10766,0.79528,-0.06724,1.22389,0.04042,0.42861,0.04042,0.42861,0.00000,0.00000,0,0.00176,-0.00208,-0.02324,-0.00582,-1.39825,-1.44492,-0.02100,-0.03982,0.00108,0.10562,0.01119,0.02486,0.00226,0.00632,-0.11725,-0.13344,-0.21866,-0.18260,-0.00584,3.70522,3.87292,-0.01750,0.02006,-0.05042,4.66433,4.61187,-0.02854,-0.04626,-0.00588,-0.47845,-0.38833
0.8080,-0.15463,0.77740,-0.15463,0.77740,-0.14081,0.78273,-0.06337,1.20026,0.07744,0.41753,0.07744,0.41753,0.00000,0.00000,0,0.00028,-0.00236,-0.02291,0.00874,-1.33487,-1.19276,-0.01925,-0.03912,0.00351,-0.00864,-0.08302,0.02651,0.00261,0.01040,-0.23492,-0.27472,-0.21984,-0.18343,-0.01553,3.78330,3.91374,-0.01888,0.01671,-0.03310,4.64291,4.67825,-0.02909,-0.04625,0.00253,-0.45495,-0.45208
0.9091,-0.17675,0.76035,-0.17675,0.76035,-0.16378,0.76877,-0.05874,1.17702,0.10504,0.40825,0.10504,0.40825,0.00000,0.00000,0,0.00029,-0.00252,-0.02251,-0.00347,-1.35475,-1.43882,-0.01795,-0.03854,0.01325,-0.05805,-0.00389,0.02774,0.00316,0.00666,-0.31625,-0.26385,-0.22077,-0.18439,-0.01736,3.84008,3.74326,-0.01994,0.01150,-0.07356,4.33255,4.17311,-0.02946,-0.04624,0.00264,-0.46923,-0.49380
1.0114,-0.23875,0.74201,-0.23875,0.74201,-0.21414,0.74948,-0.05296,1.15432,0.16118,0.40483,0.16118,0.40483,0.00000,0.00000,0,0.00027,-0.00350,-0.02228,-0.00379,-1.31486,-1.34930,-0.01536,-0.03707,0.03102,-0.13293,0.02112,0.03030,0.00389,0.00827,-0.49938,-0.39790,-0.22201,-0.18563,-0.01588,3.92385,4.04148,-0.02153,0.00518,-0.03508,4.22919,4.11940,-0.03080,-0.04624,0.00081,-0.38708,-0.43943
1.1142,-0.25942,0.72798,-0.25942,0.72798,-0.24694,0.73496,-0.04590,1.13209,0.20103,0.39714,0.20103,0.39714,0.00000,0.00000,0,0.00111,-0.00398,-0.02215,0.00676,-1.30963,-1.39932,-0.01350,-0.03478,0.01474,-0.16975,-0.16339,0.03209,0.00486,0.01489,-0.57426,-0.51327,-0.22311,-0.18733,-0.02749,3.90976,3.88168,-0.02286,0.00322,-0.00965,4.28032,4.24567,-0.03155,-0.04625,-0.00129,-0.40160,-0.37678
1.2139,-0.27680,0.70880,-0.27680,0.70880,-0.26783,0.71709,-0.03811,1.11036,0.22972,0.39327,0.22972,0.39327,0.00000,0.00000,0,0.00045,-0.00439,-0.02203,0.00526,-1.31591,-1.37679,-0.01217,-0.03344,0.00748,-0.22711,-0.24186,0.03339,0.00549,0.01019,-0.68630,-0.62554,-0.22383,-0.18927,-0.01929,3.88185,3.76434,-0.02375,0.00127,-0.03139,4.22907,4.21015,-0.03216,-0.04626,-0.00135,-0.37636,-0.37950
1.3144,-0.31233,0.69170,-0.31233,0.69170,-0.29662,0.70069,-0.02958,1.08914,0.26705,0.38845,0.26705,0.38845,0.00000,0.00000,0,0.00044,-0.00493,-0.02195,-0.01064,-1.34402,-1.45534,-0.01044,-0.03276,0.00877,-0.32570,-0.22654,0.03508,0.00619,0.00468,-0.80002,-0.80226,-0.22476,-0.19087,-0.01499,3.95714,3.93785,-0.02490,-0.00210,-0.03841,4.10132,4.08695,-0.03295,-0.04623,0.00402,-0.37430,-0.30040
1.4161,-0.33662,0.67030,-0.33662,0.67030,-0.32568,0.68082,-0.02016,1.06846,0.30552,0.38765,0.30552,0.38765,0.00000,0.00000,0,0.00036,-0.00567,-0.02190,-0.00169,-1.31006,-1.16175,-0.00867,-0.03167,0.00736,-0.43187,-0.29962,0.03683,0.00710,0.01213,-0.87378,-0.90958,-0.22555,-0.19249,-0.02240,3.91980,3.92643,-0.02593,-0.00414,-0.01696,4.13919,4.09491,-0.03393,-0.04624,0.00049,-0.36597,-0.30442
1.5164,-0.36191,0.64557,-0.36191,0.64557,-0.35063,0.65671,-0.00993,1.04847,0.34069,0.39176,0.34069,0.39176,0.00000,0.00000,0,0.00035,-0.00654,-0.02187,0.00803,-1.24070,-1.33683,-0.00707,-0.03081,0.00789,-0.50402,-0.28842,0.03845,0.00836,0.01849,-0.93593,-0.85554,-0.22607,-0.19474,-0.01756,3.89336,3.89678,-0.02669,-0.00525,0.00352,4.20040,4.15219,-0.03501,-0.04625,0.00088,-0.27941,-0.28020
1.6168,-0.38371,0.61370,-0.38371,0.61370,-0.37293,0.62903,0.00099,1.02925,0.37392,0.40022,0.37392,0.40022,0.00000,0.00000,0,0.00029,-0.00755,-0.02189,-0.00517,-1.26040,-1.15103,-0.00558,-0.02993,0.01325,-0.58247,-0.59829,0.04000,0.01089,0.04318,-0.86508,-0.88041,-0.22637,-0.19668,-0.01948,3.81630,3.75644,-0.02723,-0.00635,-0.02930,4.10233,4.15826,-0.03620,-0.04625,0.00199,-0.22299,-0.22171
1.7189,-0.40432,0.53176,-0.40432,0.53176,-0.39342,0.57544,0.01254,1.01117,0.40595,0.43572,0.40595,0.43572,0.00000,0.00000,0,0.00055,-0.00966,-0.02187,0.01010,-1.09982,-1.05328,-0.00424,-0.02913,0.01590,-0.64802,-0.54551,0.04158,0.02377,0.29905,0.59524,0.02963,-0.22552,-0.19979,-0.05300,3.55790,3.54688,-0.02671,-0.00745,-0.01126,4.09625,4.08223,-0.03838,-0.04625,-0.00203,-0.12218,-0.19428
1.8195,-0.44809,0.47466,-0.44809,0.47466,-0.43303,0.49620,0.02508,0.99558,0.45812,0.49938,0.45812,0.49938,0.00000,0.00000,0,0.00039,-0.01335,-0.02203,0.00011,-0.86553,-0.84972,-0.00207,-0.02817,0.00330,-0.79080,-0.81579,0.04417,0.02651,0.00455,-0.37792,-0.31181,-0.22390,-0.20584,-0.06018,3.02674,3.14448,-0.02565,-0.00811,-0.01213,3.98913,4.23020,-0.04215,-0.04631,-0.00654,0.10517,0.07580
1.9228,-0.47864,0.44177,-0.47864,0.44177,-0.46518,0.45492,0.03863,0.98153,0.50380,0.52661,0.50380,0.52661,0.00000,0.00000,0,0.00028,-0.01539,-0.02213,0.00127,-0.80153,-0.88478,-0.00007,-0.02734,0.00824,-0.91688,-0.96456,0.04634,0.02709,0.01471,-0.46880,-0.55006,-0.22366,-0.20950,-0.02457,2.98210,2.91398,-0.02580,-0.01016,-0.03507,3.87825,3.84275,-0.04438,-0.04633,0.00025,0.25363,0.19829
2.0231,-0.52650,0.42010,-0.52650,0.42010,-0.50189,0.43147,0.05318,0.96829,0.55507,0.53683,0.55507,0.53683,0.00000,0.00000,0,0.00027,-0.01684,-0.02217,-0.00967,-0.73845,-0.71769,0.00224,-0.02644,0.00687,-1.01447,-1.01164,0.04871,0.02765,0.01210,-0.59297,-0.62909,-0.22424,-0.21064,-0.00421,3.02369,2.94251,-0.02675,-0.01524,-0.06150,3.56228,3.59272,-0.04611,-0.04635,-0.00099,0.31857,0.33558
2.1253,-0.55517,0.38805,-0.55517,0.38805,-0.54172,0.40283,0.06899,0.95584,0.61071,0.55300,0.61071,0.55300,0.00000,0.00000,0,0.00030,-0.01862,-0.02221,0.00296,-0.61461,-0.62522,0.00474,-0.02428,0.01850,-1.10143,-1.13591,0.05130,0.02862,0.01544,-0.75418,-0.70212,-0.22465,-0.21133,-0.01025,3.03956,2.99102,-0.02758,-0.01837,-0.02158,3.59487,3.56636,-0.04818,-0.04637,-0.00497,0.43723,0.43553
2.2258,-0.58047,0.35725,-0.58047,0.35725,-0.56950,0.37168,0.08577,0.94431,0.65527,0.57263,0.65527,0.57263,0.00000,0.00000,0,0.00028,-0.02032,-0.02235,-0.00270,-0.55239,-0.58981,0.00672,-0.02141,0.02565,-1.06109,-1.01306,0.05340,0.02978,0.00619,-0.86310,-0.81913,-0.22471,-0.21175,-0.00312,3.02397,2.97130,-0.02800,-0.02103,-0.04098,3.38593,3.31970,-0.05009,-0.04641,-0.00280,0.57220,0.66307
2.3261,-0.61289,0.32320,-0.61289,0.32320,-0.59591,0.33976,0.10329,0.93372,0.69920,0.59396,0.69920,0.59396,0.00000,0.00000,0,0.00029,-0.02208,-0.02245,-0.00479,-0.45409,-0.58428,0.00866,-0.01950,0.02119,-1.11135,-1.19245,0.05547,0.03129,0.03004,-0.86827,-0.89454,-0.22468,-0.21200,0.00713,3.05905,3.17082,-0.02833,-0.02639,-0.06094,3.02802,3.03152,-0.05205,-0.04640,0.00895,0.70366,0.70568
2.4299,-0.65306,0.21144,-0.65306,0.21144,-0.63437,0.26905,0.12187,0.92454,0.75623,0.65549,0.75623,0.65549,0.00000,0.00000,0,0.00122,-0.02578,-0.02267,-0.01138,-0.24026,-0.39976,0.01106,-0.01317,0.17689,-0.46750,-0.70681,0.05826,0.04164,0.12889,-0.13869,-0.17038,-0.22324,-0.21230,0.00889,2.98178,2.86279,-0.02748,-0.02887,-0.00886,2.96449,2.91234,-0.05586,-0.04648,-0.00102,0.86116,0.80393
2.5334,-0.67208,0.01396,-0.67208,0.01396,-0.66509,0.07774,0.14153,0.91988,0.80662,0.84214,0.80662,0.84214,0.00000,0.00000,0,0.00266,-0.03455,-0.02400,-0.02994,0.21054,0.16815,0.01271,0.00008,0.00358,-0.28599,-0.29953,0.06115,0.05553,0.03485,0.22786,0.05199,-0.21648,-0.21226,0.00455,2.43106,2.45937,-0.02170,-0.02905,0.00499,2.57174,2.59117,-0.06423,-0.04673,-0.01833,1.59698,1.45510
2.6314,-0.67438,-0.00576,-0.67438,-0.00576,-0.67674,0.01341,0.16175,0.91902,0.83849,0.90561,0.83849,0.90561,0.00000,0.00000,32,0.00040,-0.03783,-0.02561,0.00053,0.40603,0.28820,0.01395,0.00057,0.00241,-0.34679,-0.10304,0.06280,0.05694,-0.00190,0.09780,0.08465,-0.21447,-0.21224,0.00287,2.40345,2.42436,-0.02013,-0.02905,-0.00142,2.51003,2.63527,-0.06746,-0.04678,0.00120,1.73174,1.79404
2.7326,-0.67562,-0.00628,-0.67562,-0.00628,-0.67522,-0.00440,0.18201,0.91902,0.85723,0.92341,0.85723,0.92341,0.00000,0.00000,32,0.00028,-0.03894,-0.02586,-0.00763,0.41872,0.39348,0.01475,0.00113,-0.00132,-0.40932,-0.46477,0.06371,0.05720,0.00586,0.07332,0.12607,-0.21410,-0.21224,-0.00031,2.44316,2.45739,-0.01994,-0.02905,-0.00086,2.46349,2.45565,-0.06862,-0.04681,-0.00602,1.79167,1.78490
2.8339,-0.67847,-0.01063,-0.67847,-0.01063,-0.67782,-0.00902,0.20231,0.91902,0.88013,0.92804,0.88013,0.92804,0.00000,0.00000,32,0.00038,-0.03959,-0.02600,-0.00302,0.46409,0.34525,0.01579,0.00158,0.00254,-0.44509,-0.33338,0.06477,0.05754,0.00487,0.03037,0.12626,-0.21435,-0.21226,-0.00606,2.44337,2.52698,-0.02036,-0.02906,0.00012,2.49115,2.53251,-0.06940,-0.04684,0.00191,1.86114,1.86408
2.9348,-0.68317,-0.01634,-0.68317,-0.01634,-0.68093,-0.01381,0.22270,0.91902,0.90362,0.93282,0.90362,0.93282,0.00000,0.00000,32,0.00032,-0.04026,-0.02618,0.00249,0.53304,0.54751,0.01685,0.00225,-0.00178,-0.49354,-0.50431,0.06585,0.05791,0.00252,-0.03064,-0.07556,-0.21461,-0.21226,0.00186,2.46554,2.54676,-0.02079,-0.02906,-0.00090,2.49804,2.64655,-0.07019,-0.04687,0.00493,1.97648,1.92029
3.0357,-0.68468,-0.02279,-0.68468,-0.02279,-0.68374,-0.02043,0.24318,0.91914,0.92692,0.93956,0.92692,0.93956,0.00000,0.00000,0,0.00036,-0.04100,-0.02641,-0.00371,0.57284,0.55811,0.01790,0.00273,-0.00196,-0.58967,-0.40507,0.06693,0.05812,-0.00751,-0.10748,-0.27784,-0.21478,-0.21224,0.00428,2.52243,2.48785,-0.02114,-0.02906,0.00306,2.51004,2.48187,-0.07106,-0.04690,0.00138,2.07797,1.98634
3.1378,-0.68504,-0.02867,-0.68504,-0.02867,-0.68411,-0.02655,0.26369,0.91987,0.94781,0.94642,0.94781,0.94642,0.00000,0.00000,0,0.00136,-0.04171,-0.02666,-0.00832,0.60951,0.67021,0.01883,0.00308,0.00213,-0.64787,-0.51180,0.06790,0.05841,0.00577,-0.12703,-0.16003,-0.21491,-0.21227,0.00082,2.50991,2.53566,-0.02143,-0.02905,0.00350,2.48930,2.65910,-0.07187,-0.04693,0.00290,2.15312,2.23821
3.2376,-0.68443,-0.03485,-0.68443,-0.03485,-0.68459,-0.03204,0.28423,0.92075,0.96882,0.95279,0.96882,0.95279,0.00000,0.00000,0,0.00030,-0.04239,-0.02686,-0.00300,0.67092,0.59825,0.01978,0.00353,0.00474,-0.68893,-0.70083,0.06887,0.05870,0.00427,-0.20423,-0.26204,-0.21505,-0.21226,0.01055,2.55832,2.52338,-0.02173,-0.02905,-0.00086,2.51298,2.41593,-0.07266,-0.04697,0.00608,2.28546,2.23871
3.3386,-0.68603,-0.04193,-0.68603,-0.04193,-0.68448,-0.03912,0.30476,0.92185,0.98924,0.96096,0.98924,0.96096,0.00000,0.00000,0,0.00026,-0.04314,-0.02702,-0.00211,0.74766,0.67791,0.02069,0.00397,0.00614,-0.71794,-0.80567,0.06983,0.05895,0.00581,-0.25340,-0.28293,-0.21511,-0.21227,0.00394,2.54003,2.58801,-0.02195,-0.02905,0.00219,2.51861,2.43651,-0.07351,-0.04704,-0.00297,2.33559,2.35367
3.4406,-0.68630,-0.04605,-0.68630,-0.04605,-0.68606,-0.04317,0.32533,0.92308,1.01139,0.96626,1.01139,0.96626,0.00000,0.00000,0,0.00079,-0.04380,-0.02719,0.00040,0.78570,0.90130,0.02169,0.00458,0.00394,-0.78985,-0.72349,0.07085,0.05926,0.00480,-0.31878,-0.27083,-0.21532,-0.21230,-0.00467,2.55191,2.55489,-0.02233,-0.02906,0.00050,2.55708,2.54802,-0.07429,-0.04709,-0.00333,2.44468,2.24656
3.5436,-0.68816,-0.05446,-0.68816,-0.05446,-0.68747,-0.05093,0.34593,0.92452,1.03341,0.97545,1.03341,0.97545,0.00000,0.00000,0,0.00029,-0.04462,-0.02740,-0.00322,0.86247,0.87769,0.02267,0.00503,-0.00276,-0.85654,-0.88352,0.07188,0.05953,-0.00055,-0.41927,-0.34940,-0.21537,-0.21229,-0.00242,2.53667,2.68769,-0.02256,-0.02908,-0.00682,2.52353,2.60154,-0.07521,-0.04711,0.00240,2.55483,2.64498
3.6450,-0.68702,-0.05748,-0.68702,-0.05748,-0.68712,-0.05563,0.36655,0.92614,1.05367,0.98177,1.05367,0.98177,0.00000,0.00000,0,0.00030,-0.04529,-0.02766,-0.00639,0.94577,0.85675,0.02358,0.00552,0.00821,-0.92822,-0.97190,0.07282,0.05991,0.01548,-0.43641,-0.53806,-0.21550,-0.21229,0.00142,2.59284,2.72903,-0.02285,-0.02906,0.00051,2.53033,2.39036,-0.07598,-0.04718,-0.00435,2.61788,2.53909
3.7453,-0.68487,-0.06188,-0.68487,-0.06188,-0.68545,-0.05904,0.38713,0.92785,1.07258,0.98689,1.07258,0.98689,0.00000,0.00000,0,0.00027,-0.04588,-0.02781,-0.00011,0.99441,1.04130,0.02443,0.00610,0.01199,-0.94903,-0.85840,0.07369,0.06014,0.00236,-0.50096,-0.55976,-0.21566,-0.21230,0.00060,2.56981,2.49214,-0.02315,-0.02905,0.00448,2.55165,2.53723,-0.07667,-0.04720,0.00451,2.72187,2.69521
3.8462,-0.68655,-0.06520,-0.68655,-0.06520,-0.68567,-0.06328,0.40769,0.92971,1.09336,0.99299,1.09336,0.99299,0.00000,0.00000,0,0.00029,-0.04655,-0.02799,-0.00257,1.05623,1.02991,0.02537,0.00664,0.00514,-1.02905,-1.10196,0.07465,0.06041,0.00394,-0.57831,-0.56985,-0.21581,-0.21231,-0.00007,2.61466,2.62515,-0.02346,-0.02906,0.00140,2.54429,2.45622,-0.07745,-0.04726,0.00226,2.84529,2.84575
3.9492,-0.68963,-0.07240,-0.68963,-0.07240,-0.68810,-0.06986,0.42831,0.93174,1.11642,1.00159,1.11642,1.00159,0.00000,0.00000,0,0.00028,-0.04736,-0.02817,0.00340,1.11832,1.09563,0.02640,0.00741,0.00670,-1.05632,-1.02335,0.07573,0.06071,0.00675,-0.64821,-0.51516,-0.21590,-0.21231,0.00434,2.60310,2.74041,-0.02373,-0.02908,-0.00524,2.55082,2.69379,-0.07838,-0.04733,0.00669,2.98144,3.01033
4.0523,-0.69057,-0.08048,-0.69057,-0.08048,-0.68969,-0.07692,0.44898,0.93395,1.13868,1.01087,1.13868,1.01087,0.00000,0.00000,0,0.00032,-0.04819,-0.02840,0.00915,1.22493,1.31477,0.02739,0.00821,0.00677,-1.09227,-1.28163,0.07677,0.06104,0.00703,-0.72386,-0.62826,-0.21595,-0.21232,0.00314,2.63595,2.78659,-0.02396,-0.02905,0.00515,2.57275,2.49114,-0.07932,-0.04742,-0.00029,3.00963,3.13505
4.1538,-0.69156,-0.09233,-0.69156,-0.09233,-0.69084,-0.08691,0.46969,0.93643,1.16052,1.02334,1.16052,1.02334,0.00000,0.00000,0,0.00039,-0.04915,-0.02870,-0.00873,1.25710,1.15393,0.02835,0.00928,0.01005,-1.11830,-1.00934,0.07780,0.06133,0.00355,-0.84711,-0.78386,-0.21585,-0.21233,0.00037,2.61984,2.68506,-0.02406,-0.02906,0.00633,2.56599,2.69668,-0.08036,-0.04751,-0.00476,3.13002,3.00254
4.2546,-0.69350,-0.11740,-0.69350,-0.11740,-0.69122,-0.10341,0.49040,0.93928,1.18162,1.04269,1.18162,1.04269,0.00000,0.00000,0,0.00028,-0.05038,-0.02894,0.00356,1.38218,1.40866,0.02925,0.01712,0.24966,-0.03940,-0.46142,0.07881,0.06165,0.00087,-0.88570,-0.81517,-0.21546,-0.21235,-0.00522,2.58459,2.46652,-0.02387,-0.02906,0.00534,2.54543,2.59219,-0.08165,-0.04761,-0.00289,3.27136,3.40043
4.3562,-0.67910,-0.24457,-0.67910,-0.24457,-0.68697,-0.20246,0.51116,0.94408,1.19813,1.14654,1.19813,1.14654,0.00000,0.00000,0,0.00035,-0.05504,-0.02974,-0.01314,1.69026,1.75178,0.02966,0.02931,0.01534,-0.01916,0.06757,0.07988,0.06234,-0.00164,-0.94572,-0.86640,-0.21148,-0.21229,0.00193,2.36128,2.41586,-0.02036,-0.02906,0.00439,2.23676,2.23410,-0.08599,-0.04788,-0.00590,3.59471,3.76085
4.4577,-0.69491,-0.24700,-0.69491,-0.24700,-0.69582,-0.23669,0.53193,0.95088,1.22775,1.18757,1.22775,1.18757,0.00000,0.00000,0,0.00127,-0.05734,-0.03042,-0.00286,1.80461,1.71152,0.03088,0.02940,0.00082,-0.11362,-0.06799,0.08135,0.06305,0.00080,-1.02826,-1.06745,-0.21035,-0.21229,-0.01300,2.22578,2.23277,-0.01958,-0.02906,0.00160,2.22590,2.33049,-0.08832,-0.04835,-0.00063,3.86239,3.91783
4.5575,-0.69850,-0.25122,-0.69850,-0.25122,-0.69652,-0.24805,0.55277,0.95825,1.24929,1.20630,1.24929,1.20630,0.00000,0.00000,0,0.00026,-0.05855,-0.03082,-0.00292,1.89073,1.86444,0.03180,0.02973,0.00670,-0.17573,-0.19603,0.08238,0.06394,0.01782,-1.01231,-0.97784,-0.21000,-0.21224,0.01400,2.29506,2.23280,-0.01943,-0.02907,-0.00430,2.18149,2.20815,-0.08959,-0.04905,0.00378,3.93838,3.92676
4.6587,-0.70129,-0.26166,-0.70129,-0.26166,-0.69793,-0.25804,0.57366,0.96588,1.27159,1.22393,1.27159,1.22393,0.00000,0.00000,0,0.00028,-0.05973,-0.03119,-0.00745,1.96685,2.05849,0.03277,0.02995,0.00772,-0.19605,-0.26729,0.08344,0.06490,0.01522,-1.06075,-1.00079,-0.20970,-0.21227,-0.00628,2.22025,2.36823,-0.01934,-0.02905,0.00319,2.19471,2.04271,-0.09084,-0.05003,-0.00695,3.99379,3.86638
4.7622,-0.69974,-0.27715,-0.69974,-0.27715,-0.69844,-0.26896,0.59459,0.97380,1.29303,1.24276,1.29303,1.24276,0.00000,0.00000,0,0.00115,-0.06095,-0.03150,-0.00140,2.11635,2.28180,0.03369,0.03013,-0.00083,-0.23401,-0.20374,0.08447,0.06789,0.07123,-0.77725,-0.94482,-0.20933,-0.21226,-0.00774,2.19844,2.15997,-0.01919,-0.02906,-0.00185,2.15740,2.13036,-0.09211,-0.05133,-0.00979,4.04576,3.88311
4.8617,-0.71495,-0.39172,-0.71495,-0.39172,-0.70725,-0.34420,0.61566,0.98299,1.32290,1.32719,1.32290,1.32719,0.00000,0.00000,0,0.00025,-0.06507,-0.03208,-0.00969,2.41528,2.46733,0.03478,0.03065,-0.00029,-0.27641,-0.32562,0.08608,0.08639,0.16260,0.48777,0.41878,-0.20642,-0.21219,0.00721,2.04875,2.06737,-0.01676,-0.02905,-0.00247,1.95334,1.97891,-0.09608,-0.05287,-0.03466,4.15309,4.25412
4.9638,-0.71259,-0.43819,-0.71259,-0.43819,-0.71712,-0.41890,0.63715,0.99492,1.35428,1.41382,1.35428,1.41382,0.00000,0.00000,0,0.00028,-0.06931,-0.03341,0.00175,2.66992,2.70115,0.03593,0.03105,0.00443,-0.37078,-0.26520,0.08776,0.08832,0.00846,0.01028,-0.09838,-0.20344,-0.21211,0.00132,1.79864,1.77957,-0.01429,-0.02900,0.00463,1.80405,1.87697,-0.10016,-0.05638,-0.04451,4.33545,4.27608
5.0659,-0.69991,-0.45015,-0.69991,-0.45015,-0.70762,-0.44351,0.65851,1.00800,1.36613,1.45152,1.36613,1.45152,0.00000,0.00000,0,0.00039,-0.07112,-0.03417,-0.00740,2.74624,2.45634,0.03635,0.03128,-0.00382,-0.37235,-0.34828,0.08840,0.08864,0.00139,0.00369,-0.06294,-0.20211,-0.21207,-0.00716,1.72589,1.82032,-0.01317,-0.02901,-0.00504,1.68892,1.80737,-0.10189,-0.05976,-0.00868,4.32564,4.31532
5.1704,-0.68310,-0.45760,-0.68310,-0.45760,-0.69068,-0.45387,0.67943,1.02151,1.37011,1.47538,1.37011,1.47538,0.00000,0.00000,0,0.00077,-0.07220,-0.03481,-0.00783,2.83728,2.70459,0.03645,0.03144,-0.00437,-0.38020,-0.55566,0.08866,0.08878,0.00797,0.00631,0.02114,-0.20119,-0.21201,0.00895,1.66917,1.74431,-0.01237,-0.02900,-0.00279,1.63082,1.71868,-0.10290,-0.06190,-0.01566,4.34477,4.60110
5.2723,-0.67079,-0.46296,-0.67079,-0.46296,-0.67727,-0.46087,0.69989,1.03526,1.37716,1.49612,1.37716,1.49612,0.00000,0.00000,0,0.00033,-0.07321,-0.03534,-0.00661,2.95962,2.90662,0.03670,0.03146,-0.00377,-0.41944,-0.42370,0.08904,0.08887,0.00727,-0.00472,-0.05041,-0.20047,-0.21197,0.00784,1.62730,1.56266,-0.01177,-0.02899,-0.00325,1.56077,1.67755,-0.10386,-0.06366,-0.02148,4.34572,4.64159
5.3746,-0.66800,-0.47321,-0.66800,-0.47321,-0.67012,-0.46867,0.72008,1.04921,1.39020,1.51788,1.39020,1.51788,0.00000,0.00000,0,0.00030,-0.07438,-0.03592,-0.01601,3.04906,3.00323,0.03723,0.03162,-0.00007,-0.42794,-0.31533,0.08969,0.08898,-0.00058,-0.06516,0.23328,-0.19982,-0.21196,-0.00451,1.54654,1.40073,-0.01128,-0.02893,0.01906,1.57850,1.52176,-0.10502,-0.06499,-0.00981,4.44557,4.51775
5.4755,-0.65244,-0.47875,-0.65244,-0.47875,-0.65940,-0.47652,0.74001,1.06343,1.39941,1.53995,1.39941,1.53995,0.00000,0.00000,0,0.00026,-0.07548,-0.03664,-0.00914,3.14062,3.19840,0.03758,0.03172,0.00424,-0.46163,-0.46822,0.09017,0.08918,0.00916,-0.05043,-0.15199,-0.19909,-0.21190,0.00554,1.50860,1.47229,-0.01068,-0.02895,0.00411,1.44475,1.54752,-0.10610,-0.06595,-0.00559,4.55120,4.64896
5.5799,-0.64522,-0.48017,-0.64522,-0.48017,-0.64943,-0.47974,0.75961,1.07779,1.40904,1.55753,1.40904,1.55753,0.00000,0.00000,0,0.00261,-0.07641,-0.03715,-0.01045,3.24675,3.18488,0.03796,0.03189,-0.00330,-0.47284,-0.55302,0.09066,0.08931,-0.00108,-0.09722,-0.11068,-0.19855,-0.21187,-0.00056,1.40959,1.42664,-0.01027,-0.02895,0.00275,1.41146,1.40337,-0.10701,-0.06685,-0.01520,4.60173,4.68077
5.6792,-0.63975,-0.48607,-0.63975,-0.48607,-0.64387,-0.48386,0.77899,1.09225,1.42286,1.57610,1.42286,1.57610,0.00000,0.00000,0,0.00035,-0.07746,-0.03761,0.00159,3.36304,3.29862,0.03854,0.03203,0.00227,-0.52853,-0.53258,0.09134,0.08945,-0.00206,-0.12222,-0.14469,-0.19805,-0.21183,0.00117,1.39068,1.48089,-0.00992,-0.02894,0.00183,1.33694,1.20214,-0.10807,-0.06772,-0.00021,4.70984,4.72116
5.7809,-0.63324,-0.49570,-0.63324,-0.49570,-0.63742,-0.49157,0.79820,1.10689,1.43562,1.59846,1.43562,1.59846,0.00000,0.00000,0,0.00036,-0.07865,-0.03822,-0.00523,3.47756,3.37066,0.03905,0.03221,-0.00012,-0.53457,-0.64060,0.09198,0.08961,-0.00087,-0.17261,-0.19443,-0.19737,-0.21177,0.00943,1.34706,1.41634,-0.00941,-0.02894,-0.00378,1.27820,1.26781,-0.10925,-0.06829,-0.00403,4.82965,4.98168
5.8816,-0.62436,-0.49866,-0.62436,-0.49866,-0.62825,-0.49756,0.81716,1.12176,1.44541,1.61932,1.44541,1.61932,0.00000,0.00000,0,0.00029,-0.07972,-0.03881,-0.00304,3.55788,3.58976,0.03943,0.03237,-0.00443,-0.57535,-0.55275,0.09248,0.08986,0.00096,-0.18339,-0.05946,-0.19670,-0.21174,-0.00210,1.26530,1.25517,-0.00887,-0.02890,-0.00116,1.20559,1.18713,-0.11029,-0.06879,0.00500,4.94710,5.02548
5.9858,-0.62194,-0.50364,-0.62194,-0.50364,-0.62371,-0.50162,0.83592,1.13676,1.45963,1.63838,1.45963,1.63838,0.00000,0.00000,0,0.00113,-0.08080,-0.03932,-0.00365,3.66332,3.90465,0.04002,0.03257,0.00581,-0.59899,-0.52173,0.09318,0.09000,0.00753,-0.21714,-0.08960,-0.19618,-0.21169,-0.00203,1.17471,1.26209,-0.00852,-0.02888,0.00484,1.14953,1.14056,-0.11138,-0.06925,0.00761,5.04701,4.99367
6.0869,-0.62047,-0.51369,-0.62047,-0.51369,-0.62163,-0.50945,0.85459,1.15194,1.47622,1.66139,1.47622,1.66139,0.00000,0.00000,0,0.00110,-0.08210,-0.04003,-0.01708,3.74123,3.58921,0.04071,0.03286,-0.00424,-0.65606,-0.61682,0.09400,0.09024,0.00888,-0.23505,-0.22533,-0.19555,-0.21163,0.00006,1.15460,1.05839,-0.00808,-0.02887,0.00524,1.08695,1.06554,-0.11269,-0.06973,-0.00473,5.17454,5.20002
6.1874,-0.60756,-0.52527,-0.60756,-0.52527,-0.61356,-0.52048,0.87311,1.16742,1.48668,1.68789,1.48668,1.68789,0.00000,0.00000,0,0.00028,-0.08341,-0.04088,-0.01061,3.85286,3.85901,0.04110,0.03315,0.00542,-0.68890,-0.62117,0.09455,0.09055,0.00404,-0.26308,-0.21633,-0.19466,-0.21156,-0.00374,1.05005,0.95775,-0.00735,-0.02887,-0.00176,0.99288,1.06111,-0.11396,-0.07027,-0.00318,5.30316,5.27991
6.2895,-0.60101,-0.53261,-0.60101,-0.53261,-0.60364,-0.52939,0.89132,1.18320,1.49496,1.71259,1.49496,1.71259,0.00000,0.00000,0,0.00027,-0.08461,-0.04202,0.00205,3.96160,3.98897,0.04140,0.03339,0.00829,-0.66374,-0.75396,0.09499,0.09077,0.00560,-0.28403,-0.32383,-0.19380,-0.21147,-0.00644,0.94247,0.91576,-0.00663,-0.02884,0.00157,0.93148,0.98432,-0.11511,-0.07070,-0.00981,5.39437,5.24324
6.3906,-0.59115,-0.54503,-0.59115,-0.54503,-0.59617,-0.53930,0.90931,1.19925,1.50548,1.73855,1.50548,1.73855,0.00000,0.00000,0,0.00037,-0.08591,-0.04355,-0.00054,4.01812,4.15662,0.04180,0.03357,0.00347,-0.68283,-0.77478,0.09555,0.09095,0.00153,-0.33645,-0.29450,-0.19293,-0.21137,-0.00268,0.90090,0.93579,-0.00591,-0.02882,-0.00090,0.82546,0.91860,-0.11636,-0.07113,-0.00271,5.54955,5.65659
6.4919,-0.58411,-0.55562,-0.58411,-0.55562,-0.58763,-0.55083,0.92705,1.21564,1.51467,1.76647,1.51467,1.76647,0.00000,0.00000,0,0.00030,-0.08726,-0.04609,-0.02175,3.99097,3.99219,0.04213,0.03368,0.00441,-0.73547,-0.67544,0.09604,0.09130,0.00242,-0.32560,-0.36534,-0.19195,-0.21128,0.00436,0.79322,0.91173,-0.00509,-0.02880,-0.00059,0.76122,0.89194,-0.11765,-0.07158,-0.00462,5.68546,5.65769
6.5931,-0.56212,-0.57109,-0.56212,-0.57109,-0.57137,-0.56443,0.94441,1.23240,1.51577,1.79684,1.51577,1.79684,0.00000,0.00000,0,0.00025,-0.08855,-0.04994,-0.04113,3.83201,3.93607,0.04207,0.03384,0.00776,-0.74517,-0.69215,0.09618,0.09152,-0.00951,-0.37998,-0.32467,-0.19072,-0.21117,-0.00380,0.69131,0.67460,-0.00397,-0.02877,-0.00136,0.62721,0.72599,-0.11882,-0.07203,0.00101,5.81777,5.76990
6.6952,-0.54064,-0.59097,-0.54064,-0.59097,-0.55096,-0.58297,0.96118,1.24968,1.51214,1.83265,1.51214,1.83265,0.00000,0.00000,0,0.00027,-0.08998,-0.05392,-0.03333,3.75486,3.89485,0.04179,0.03387,-0.00209,-0.74708,-0.65755,0.09612,0.09163,0.00021,-0.35181,-0.24054,-0.18916,-0.21099,-0.00300,0.56311,0.49463,-0.00251,-0.02874,0.00011,0.49340,0.46860,-0.12007,-0.07250,-0.00634,5.93503,5.94489
6.7961,-0.51433,-0.61508,-0.51433,-0.61508,-0.52643,-0.60354,0.97727,1.26752,1.50370,1.87106,1.50370,1.87106,0.00000,0.00000,0,0.00030,-0.09142,-0.05870,-0.05856,3.57779,3.38148,0.04126,0.03388,-0.00570,-0.73141,-0.70799,0.09585,0.09167,-0.00073,-0.34912,-0.43954,-0.18741,-0.21078,0.00125,0.45168,0.56257,-0.00083,-0.02868,0.01288,0.36329,0.35345,-0.12129,-0.07286,0.00333,5.95405,5.95456
6.8980,-0.49664,-0.64246,-0.49664,-0.64246,-0.50468,-0.63062,0.99265,1.28610,1.49733,1.91672,1.49733,1.91672,0.00000,0.00000,0,0.00113,-0.09321,-0.06328,-0.02532,3.50468,3.51583,0.04082,0.03390,0.00205,-0.71141,-0.84398,0.09570,0.09169,-0.00252,-0.33451,-0.35817,-0.18541,-0.21046,0.00138,0.25396,0.34717,0.00107,-0.02865,-0.00235,0.14446,0.15964,-0.12284,-0.07318,0.00135,5.95115,5.95641
6.9975,-0.48871,-0.65389,-0.48871,-0.65389,-0.49313,-0.64784,1.00757,1.30536,1.50069,1.95320,1.50069,1.95320,0.00000,0.00000,0,0.00024,-0.09480,-0.06458,-0.00193,3.67390,3.61081,0.04085,0.03392,0.00762,-0.67178,-0.66824,0.09595,0.09176,0.00358,-0.33793,-0.41567,-0.18396,-0.21004,0.00274,0.18784,0.21385,0.00237,-0.02862,-0.00422,0.02681,0.03227,-0.12430,-0.07350,-0.00597,5.96723,6.09771
7.0995,-0.47919,-0.65511,-0.47919,-0.65511,-0.48360,-0.65375,1.02219,1.32493,1.50578,1.97868,1.50578,1.97868,0.00000,0.00000,0,0.00040,-0.09597,-0.06530,-0.00371,3.75679,3.93931,0.04099,0.03391,-0.00233,-0.76576,-0.74303,0.09626,0.09185,0.00603,-0.37174,-0.43119,-0.18301,-0.20969,0.00345,0.11400,0.02417,0.00320,-0.02858,-0.00101,-0.05732,-0.03321,-0.12539,-0.07370,-0.00443,5.95024,6.03961
7.2015,-0.47322,-0.65772,-0.47322,-0.65772,-0.47676,-0.65650,1.03657,1.34459,1.51334,2.00109,1.51334,2.00109,0.00000,0.00000,0,0.00035,-0.09706,-0.06592,-0.01025,3.85573,3.71742,0.04127,0.03404,0.00224,-0.76704,-0.82181,0.09666,0.09201,0.00656,-0.37477,-0.50181,-0.18223,-0.20941,0.00782,0.02966,-0.02351,0.00386,-0.02856,-0.00361,-0.17705,-0.17241,-0.12643,-0.07389,0.00334,5.96967,5.83210
7.3036,-0.46706,-0.66647,-0.46706,-0.66647,-0.46966,-0.66355,1.05075,1.36441,1.52041,2.02797,1.52041,2.02797,0.00000,0.00000,0,0.00073,-0.09833,-0.06650,-0.00722,3.95126,3.66492,0.04150,0.03427,0.00209,-0.75763,-0.84128,0.09706,0.09222,0.00092,-0.43487,-0.25777,-0.18126,-0.20906,0.00272,-0.07180,-0.04735,0.00469,-0.02850,0.00357,-0.26791,-0.32213,-0.12763,-0.07407,-0.00133,5.94956,5.89269
7.4041,-0.46187,-0.67121,-0.46187,-0.67121,-0.46425,-0.66927,1.06474,1.38443,1.52899,2.05370,1.52899,2.05370,0.00000,0.00000,0,0.00028,-0.09958,-0.06742,-0.01227,3.99925,3.87817,0.04181,0.03440,-0.00197,-0.78825,-0.77321,0.09752,0.09244,-0.00443,-0.45269,-0.41559,-0.18036,-0.20862,0.00404,-0.14101,-0.19170,0.00545,-0.02847,0.00295,-0.35133,-0.21182,-0.12882,-0.07422,0.01052,5.97454,5.73778
7.5057,-0.45771,-0.68086,-0.45771,-0.68086,-0.46006,-0.67671,1.07859,1.40464,1.53865,2.08135,1.53865,2.08135,0.00000,0.00000,0,0.00036,-0.10093,-0.06836,-0.00319,4.09463,3.98979,0.04217,0.03465,-0.00288,-0.81860,-0.75970,0.09804,0.09278,-0.00745,-0.46383,-0.55898,-0.17940,-0.20802,0.00968,-0.16685,-0.17894,0.00625,-0.02845,0.00680,-0.46115,-0.45485,-0.13011,-0.07437,-0.00181,5.96062,5.98054
7.6075,-0.45161,-0.68748,-0.45161,-0.68748,-0.45468,-0.68437,1.09230,1.42508,1.54698,2.10946,1.54698,2.10946,0.00000,0.00000,0,0.00157,-0.10228,-0.06919,-0.00957,4.17908,4.01116,0.04246,0.03505,0.00042,-0.82312,-0.88087,0.09849,0.09307,0.00201,-0.49587,-0.41018,-0.17841,-0.20668,0.01853,-0.22325,-0.17327,0.00710,-0.02839,0.00903,-0.57412,-0.64095,-0.13139,-0.07449,0.00088,5.96698,6.12498
7.7070,-0.44746,-0.69864,-0.44746,-0.69864,-0.45021,-0.69327,1.10587,1.44577,1.55608,2.13903,1.55608,2.13903,0.00000,0.00000,0,0.00038,-0.10370,-0.06998,0.00020,4.30467,4.42508,0.04278,0.03530,0.00826,-0.81817,-0.99419,0.09899,0.09341,0.00029,-0.50409,-0.43184,-0.17736,-0.20493,0.01463,-0.21686,-0.31972,0.00798,-0.02841,-0.00786,-0.71730,-0.64693,-0.13274,-0.07460,0.00227,5.98199,5.82402
7.8078,-0.43926,-0.70342,-0.43926,-0.70342,-0.44417,-0.70152,1.11927,1.46674,1.56344,2.16826,1.56344,2.16826,0.00000,0.00000,0,0.00026,-0.10507,-0.07074,-0.00696,4.37381,4.32050,0.04302,0.03551,0.00402,-0.86098,-0.92588,0.09940,0.09365,0.00045,-0.52712,-0.47314,-0.17630,-0.20188,0.06144,0.00507,0.04130,0.00890,-0.02834,0.00400,-0.83653,-0.76385,-0.13403,-0.07468,0.00652,5.98711,6.03166
7.9108,-0.40280,-0.68242,-0.40280,-0.68242,-0.41911,-0.69231,1.13222,1.48768,1.55133,2.17999,1.55133,2.17999,0.00000,0.00000,0,0.00026,-0.10532,-0.07180,-0.00293,4.42132,4.41578,0.04242,0.03568,-0.00270,-0.82725,-0.84533,0.09889,0.09386,-0.00154,-0.47557,-0.53130,-0.17558,-0.19358,0.01491,0.29217,0.26416,0.00966,-0.02831,-0.00278,-0.97107,-0.99818,-0.13415,-0.07478,-0.01228,5.92237,5.99973
8.0125,-0.39418,-0.68902,-0.39418,-0.68902,-0.39974,-0.68948,1.14440,1.50836,1.54413,2.19784,1.54413,2.19784,0.00000,0.00000,0,0.00123,-0.10592,-0.07261,-0.00107,4.46820,4.56197,0.04202,0.03568,-0.00472,-0.83193,-0.79439,0.09862,0.09389,0.00213,-0.46515,-0.46633,-0.17470,-0.19216,0.00852,0.25866,0.28272,0.01053,-0.02828,0.00420,-1.08878,-0.99507,-0.13463,-0.07486,-0.00870,5.95318,5.87390
8.1128,-0.38430,-0.69299,-0.38430,-0.69299,-0.38886,-0.69174,1.15620,1.52908,1.54506,2.22082,1.54506,2.22082,0.00000,0.00000,0,0.00027,-0.10691,-0.07411,-0.02373,4.44087,4.37291,0.04199,0.03569,0.00404,-0.82001,-0.89041,0.09873,0.09395,0.00251,-0.48531,-0.51541,-0.17377,-0.19127,0.01110,0.24846,0.31303,0.01138,-0.02827,0.00772,-1.17719,-1.24625,-0.13552,-0.07491,-0.00354,5.95348,5.95563
8.2143,-0.36448,-0.69956,-0.36448,-0.69956,-0.37388,-0.69687,1.16761,1.54993,1.54149,2.24680,1.54149,2.24680,0.00000,0.00000,0,0.00029,-0.10793,-0.07682,-0.03575,4.33790,4.42108,0.04173,0.03571,0.00399,-0.81329,-0.62483,0.09864,0.09396,-0.00380,-0.50574,-0.50548,-0.17263,-0.19023,0.01592,0.20276,0.32069,0.01246,-0.02829,-0.01287,-1.34973,-1.23344,-0.13640,-0.07497,0.00003,5.97476,5.94775
8.3182,-0.33668,-0.71266,-0.33668,-0.71266,-0.35058,-0.70641,1.17845,1.57099,1.52903,2.27739,1.52903,2.27739,0.00000,0.00000,0,0.00032,-0.10896,-0.08137,-0.05632,4.10147,4.12924,0.04105,0.03568,-0.01027,-0.79607,-0.71288,0.09817,0.09403,0.00479,-0.45475,-0.60342,-0.17113,-0.18819,0.02797,0.25751,0.19294,0.01395,-0.02691,0.02866,-1.32186,-1.25522,-0.13722,-0.07504,-0.00570,5.94812,5.96990
8.4202,-0.29932,-0.73199,-0.29932,-0.73199,-0.31591,-0.72310,1.18835,1.59247,1.50426,2.31557,1.50426,2.31557,0.00000,0.00000,0,0.00035,-0.11007,-0.08745,-0.06341,3.83529,3.75386,0.03977,0.03571,0.00216,-0.69033,-0.73276,0.09717,0.09400,-0.00379,-0.42943,-0.44657,-0.16908,-0.18524,0.02858,0.25308,0.21758,0.01605,-0.02113,0.03568,-1.15924,-1.18573,-0.13800,-0.07512,-0.00969,5.93051,6.08251
8.5232,-0.26699,-0.74704,-0.26699,-0.74704,-0.28027,-0.73981,1.19717,1.61445,1.47743,2.35427,1.47743,2.35427,0.00000,0.00000,0,0.00036,-0.11115,-0.09147,-0.02230,3.84077,3.90078,0.03840,0.03570,0.00553,-0.61626,-0.62905,0.09607,0.09399,0.00384,-0.33517,-0.33809,-0.16697,-0.18358,0.00706,0.13094,0.05499,0.01823,-0.01939,0.02240,-1.35330,-1.41617,-0.13875,-0.07515,0.00139,5.96108,5.98723
8.6246,-0.24683,-0.75103,-0.24683,-0.75103,-0.25702,-0.74870,1.20514,1.63683,1.46216,2.38554,1.46216,2.38554,0.00000,0.00000,0,0.00029,-0.11216,-0.09292,-0.00215,3.88494,3.70757,0.03758,0.03568,-0.00799,-0.55729,-0.58648,0.09548,0.09396,0.00284,-0.30146,-0.26153,-0.16539,-0.18263,0.00450,0.05185,0.07032,0.01982,-0.01801,0.01677,-1.42310,-1.30458,-0.13952,-0.07521,0.00092,5.96650,6.12692
8.7253,-0.23282,-0.74964,-0.23282,-0.74964,-0.23966,-0.74895,1.21252,1.65930,1.45218,2.40825,1.45218,2.40825,0.00000,0.00000,0,0.00026,-0.11291,-0.09419,-0.02042,3.86517,3.67216,0.03704,0.03568,-0.00454,-0.55656,-0.56648,0.09509,0.09395,0.00016,-0.29528,-0.25362,-0.16426,-0.18216,0.00138,-0.02748,-0.02085,0.02094,-0.01661,0.01303,-1.47295,-1.43648,-0.14011,-0.07526,0.00193,5.97129,5.94554
8.8274,-0.21212,-0.75051,-0.21212,-0.75051,-0.22388,-0.75083,1.21946,1.68181,1.44333,2.43264,1.44333,2.43264,0.00000,0.00000,0,0.00033,-0.11376,-0.09560,-0.01637,3.84987,3.68063,0.03655,0.03571,0.00836,-0.51343,-0.47910,0.09477,0.09394,-0.00366,-0.30346,-0.39171,-0.16308,-0.18166,0.00283,-0.05891,-0.14735,0.02210,-0.01126,0.13812,-0.87147,-0.97510,-0.14080,-0.07532,0.00693,5.96807,5.93662
8.9293,-0.16033,-0.74993,-0.16033,-0.74993,-0.17698,-0.74968,1.22532,1.70428,1.40231,2.45395,1.40231,2.45395,0.00000,0.00000,0,0.00051,-0.11384,-0.09801,-0.02599,3.67835,3.94792,0.03457,0.03568,-0.00402,-0.39894,-0.50551,0.09299,0.09390,-0.00297,-0.14705,-0.09883,-0.16142,-0.18113,0.00280,-0.18922,-0.21349,0.02399,-0.00483,0.03851,-0.99754,-0.95925,-0.14052,-0.07541,-0.00613,5.95162,5.76648
9.0299,-0.12729,-0.75398,-0.12729,-0.75398,-0.14287,-0.75115,1.23001,1.72676,1.37288,2.47791,1.37288,2.47791,0.00000,0.00000,0,0.00064,-0.11425,-0.10096,-0.02481,3.58080,3.49647,0.03313,0.03569,0.00017,-0.27929,-0.31468,0.09174,0.09388,0.00693,-0.06511,0.01847,-0.15986,-0.18059,0.00819,-0.30188,-0.28370,0.02567,-0.00283,0.02319,-1.03993,-1.01641,-0.14064,-0.07547,-0.01054,5.92451,6.23483
9.1313,-0.09254,-0.74792,-0.09254,-0.74792,-0.11118,-0.75070,1.23377,1.74931,1.34496,2.50000,1.34496,2.50000,0.00000,0.00000,0,0.00041,-0.11462,-0.10258,-0.00871,3.59354,3.50638,0.03175,0.03569,0.00354,-0.21749,-0.27472,0.09055,0.09382,0.00005,-0.03936,0.02164,-0.15842,-0.18011,0.02242,-0.32516,-0.26510,0.02724,0.00230,0.07136,-0.72538,-0.79789,-0.14074,-0.07548,0.00214,5.94333,6.02834
9.2336,-0.04835,-0.74444,-0.04835,-0.74444,-0.06510,-0.74576,1.23624,1.77172,1.30134,2.51748,1.30134,2.51748,0.00000,0.00000,0,0.00118,-0.11448,-0.10346,-0.00644,3.53036,3.64137,0.02967,0.03568,-0.00049,-0.04593,-0.10114,0.08864,0.09369,-0.00609,0.09856,0.05629,-0.15686,-0.17950,0.00956,-0.46538,-0.47209,0.02905,0.00546,0.01540,-0.86875,-0.78185,-0.14025,-0.07555,-0.00415,5.92672,5.78852
9.3333,-0.02753,-0.74147,-0.02753,-0.74147,-0.03857,-0.74260,1.23770,1.79403,1.27627,2.53663,1.27627,2.53663,0.00000,0.00000,0,0.00031,-0.11478,-0.10405,-0.00683,3.52164,3.59453,0.02844,0.03565,-0.01125,0.00304,-0.01844,0.08757,0.09365,-0.00083,0.17759,0.19149,-0.15559,-0.17903,0.00253,-0.57903,-0.43557,0.03043,0.00669,0.01145,-0.94876,-0.92276,-0.14031,-0.07559,-0.00275,5.93880,5.92008
9.4350,-0.00554,-0.73486,-0.00554,-0.73486,-0.01700,-0.73787,1.23839,1.81623,1.25539,2.55410,1.25539,2.55410,0.00000,0.00000,16,0.00040,-0.11510,-0.10451,-0.01217,3.56529,3.59911,0.02741,0.03567,0.00133,0.06054,0.04136,0.08669,0.09359,0.00025,0.24043,0.18346,-0.15447,-0.17842,-0.00166,-0.66477,-0.50396,0.03165,0.00905,0.04418,-0.76600,-0.80063,-0.14042,-0.07561,0.00565,5.96474,6.04025
9.5361,0.08336,-0.71240,0.08336,-0.71240,0.03988,-0.71975,1.23802,1.83809,1.19814,2.55784,1.19814,2.55784,0.00000,0.00000,0,0.00034,-0.11411,-0.10485,-0.00461,3.47765,3.48576,0.02474,0.03561,-0.01483,0.14921,0.18838,0.08413,0.09351,-0.00837,0.38694,0.35528,-0.15321,-0.17777,0.00308,-0.71352,-0.65974,0.03329,0.01994,0.03081,-0.30615,-0.28056,-0.13906,-0.07568,-0.01138,5.94889,6.16456
9.6368,0.11770,-0.69415,0.11770,-0.69415,0.09604,-0.70331,1.23573,1.85943,1.13969,2.56275,1.13969,2.56275,0.00000,0.00000,0,0.00037,-0.11314,-0.10502,0.00670,3.43758,3.49278,0.02201,0.03562,-0.00706,0.47270,0.43506,0.08152,0.09333,0.00801,0.62004,0.62834,-0.15188,-0.17709,0.00600,-0.81586,-0.78415,0.03500,0.02757,0.14103,0.37921,0.13636,-0.13771,-0.07569,0.00942,5.94701,5.85539
9.7375,0.16147,-0.68474,0.16147,-0.68474,0.14842,-0.69243,1.23175,1.88034,1.08333,2.57278,1.08333,2.57278,0.00000,0.00000,0,0.00028,-0.11243,-0.10521,-0.01219,3.37121,3.34276,0.01936,0.03538,0.00100,0.63978,0.63288,0.07902,0.09315,0.00340,0.77528,0.78638,-0.15038,-0.17670,0.00747,-0.92918,-0.90278,0.03686,0.02989,0.00362,-0.05434,0.02276,-0.13661,-0.07574,-0.00230,5.92162,6.12814
9.8405,0.16810,-0.68761,0.16810,-0.68761,0.16397,-0.68870,1.22699,1.90104,1.06303,2.58973,1.06303,2.58973,0.00000,0.00000,0,0.00099,-0.11274,-0.10532,0.00668,3.43387,3.41001,0.01835,0.03521,-0.00105,0.72875,0.58892,0.07816,0.09304,0.00086,0.81175,0.70782,-0.14929,-0.17642,-0.00341,-1.03013,-0.97880,0.03804,0.03024,0.00146,-0.06987,-0.05448,-0.13671,-0.07575,0.01155,5.99400,5.84583
9.9410,0.17363,-0.68789,0.17363,-0.68789,0.17154,-0.68680,1.22194,1.92164,1.05039,2.60844,1.05039,2.60844,0.00000,0.00000,0,0.00044,-0.11327,-0.10552,-0.00175,3.44957,3.56332,0.01770,0.03508,-0.01045,0.75120,0.82134,0.07765,0.09296,-0.00681,0.83545,0.85098,-0.14828,-0.17605,0.00372,-1.12005,-1.18589,0.03908,0.03059,-0.00203,-0.15812,-0.15666,-0.13708,-0.07579,0.00686,5.93485,5.94621
10.0428,0.17694,-0.69117,0.17694,-0.69117,0.17573,-0.68988,1.21669,1.94230,1.04096,2.63218,1.04096,2.63218,0.00000,0.00000,0,0.00027,-0.11408,-0.10572,-0.00393,3.52446,3.38832,0.01718,0.03492,-0.00329,0.79836,0.81339,0.07730,0.09291,-0.00092,0.89101,0.81691,-0.14712,-0.17565,0.00736,-1.19337,-1.17327,0.04023,0.03097,-0.00068,-0.21015,-0.23449,-0.13772,-0.07587,-0.01016,5.93610,5.78179
10.1439,0.17410,-0.69007,0.17410,-0.69007,0.17555,-0.69052,1.21143,1.96302,1.03588,2.65353,1.03588,2.65353,0.00000,0.00000,0,0.00028,-0.11487,-0.10597,-0.00543,3.56806,3.62582,0.01687,0.03477,-0.00331,0.86044,0.71473,0.07714,0.09286,0.00369,0.95011,0.91859,-0.14615,-0.17523,0.00480,-1.28869,-1.25286,0.04117,0.03126,0.00070,-0.27396,-0.23785,-0.13839,-0.07588,-0.00018,5.94638,5.85542
10.2453,0.18032,-0.68870,0.18032,-0.68870,0.17736,-0.68973,1.20615,1.98372,1.02879,2.67345,1.02879,2.67345,0.00000,0.00000,0,0.00036,-0.11556,-0.10624,-0.00930,3.61410,3.57576,0.01647,0.03466,-0.00226,0.87513,0.82451,0.07688,0.09283,0.00251,0.96981,0.93558,-0.14519,-0.17480,0.00357,-1.36199,-1.35634,0.04212,0.03152,-0.00227,-0.32639,-0.35059,-0.13895,-0.07591,0.00296,5.96526,5.92083
10.3481,0.18528,-0.69127,0.18528,-0.69127,0.18288,-0.69064,1.20075,2.00442,1.01787,2.69507,1.01787,2.69507,0.00000,0.00000,0,0.00030,-0.11625,-0.10650,-0.00181,3.66760,3.62561,0.01588,0.03445,0.00457,0.95931,0.95802,0.07645,0.09275,0.00004,1.00779,1.02895,-0.14410,-0.17437,0.00418,-1.47038,-1.31159,0.04322,0.03198,0.00756,-0.38254,-0.39780,-0.13948,-0.07592,0.01099,5.99093,6.24744
10.4490,0.18752,-0.69119,0.18752,-0.69119,0.18630,-0.69137,1.19519,2.02516,1.00889,2.71653,1.00889,2.71653,0.00000,0.00000,0,0.00031,-0.11697,-0.10679,0.00002,3.72896,3.76198,0.01539,0.03420,-0.00428,1.00691,1.12398,0.07612,0.09268,-0.00326,1.07065,1.19254,-0.14304,-0.17399,-0.00336,-1.58691,-1.39736,0.04428,0.03241,-0.00116,-0.46193,-0.51758,-0.14005,-0.07599,-0.00652,5.93478,5.89242
10.5525,0.19027,-0.69293,0.19027,-0.69293,0.18886,-0.69261,1.18955,2.04591,1.00070,2.73852,1.00070,2.73852,0.00000,0.00000,0,0.00028,-0.11773,-0.10716,0.00066,3.74608,3.83395,0.01493,0.03408,0.00339,1.05101,1.13557,0.07582,0.09261,-0.00092,1.11622,1.08332,-0.14198,-0.17353,0.00370,-1.67208,-1.61991,0.04533,0.03299,0.02004,-0.46819,-0.46298,-0.14066,-0.07602,-0.00345,5.92019,5.89159
10.6537,0.20017,-0.68904,0.20017,-0.68904,0.19611,-0.69003,1.18377,2.06665,0.98766,2.75667,0.98766,2.75667,0.00000,0.00000,0,0.00033,-0.11823,-0.10752,-0.00921,3.77095,3.88350,0.01426,0.03387,-0.00512,1.11057,1.17296,0.07529,0.09255,0.00123,1.16093,1.11033,-0.14098,-0.17311,0.00304,-1.73289,-1.77619,0.04636,0.03346,0.00138,-0.58241,-0.58974,-0.14100,-0.07605,-0.00848,5.92224,5.83837
10.7547,0.20837,-0.68987,0.20837,-0.68987,0.20393,-0.68973,1.17776,2.08734,0.97383,2.77707,0.97383,2.77707,0.00000,0.00000,0,0.00034,-0.11881,-0.10778,-0.00407,3.81651,3.81298,0.01354,0.03367,0.00064,1.17508,1.17686,0.07473,0.09246,0.00091,1.23419,1.06894,-0.13988,-0.17248,0.00664,-1.82460,-1.80885,0.04750,0.03410,0.00574,-0.57945,-0.55815,-0.14140,-0.07609,-0.01217,5.91842,5.82384
10.8567,0.21318,-0.69374,0.21318,-0.69374,0.21086,-0.69237,1.17151,2.10808,0.96066,2.80045,0.96066,2.80045,0.00000,0.00000,0,0.00031,-0.11953,-0.10808,-0.00363,3.86867,3.88987,0.01285,0.03341,-0.00242,1.27285,1.31271,0.07421,0.09239,0.00188,1.29526,1.30152,-0.13867,-0.17172,-0.00204,-1.94465,-2.06536,0.04873,0.03487,0.01169,-0.66311,-0.71298,-0.14194,-0.07609,-0.00580,5.94602,5.84243
10.9596,0.22262,-0.69563,0.22262,-0.69563,0.21809,-0.69579,1.16506,2.12893,0.94697,2.82472,0.94697,2.82472,0.00000,0.00000,0,0.00029,-0.12027,-0.10843,-0.00098,3.90634,4.06540,0.01212,0.03317,-0.00234,1.33809,1.44190,0.07367,0.09230,0.00321,1.37017,1.24403,-0.13741,-0.17092,0.00725,-2.03328,-1.96461,0.05001,0.03571,0.01234,-0.72582,-0.75236,-0.14249,-0.07610,-0.00691,5.93990,6.07097
11.0640,0.23280,-0.69517,0.23280,-0.69517,0.22750,-0.69602,1.15835,2.14981,0.93086,2.84584,0.93086,2.84584,0.00000,0.00000,0,0.00027,-0.12084,-0.10882,-0.00561,3.93912,3.97416,0.01130,0.03294,-0.01106,1.35866,1.36025,0.07301,0.09219,-0.00365,1.43031,1.43345,-0.13623,-0.16978,0.01170,-2.06006,-1.95930,0.05124,0.03627,0.00549,-0.77324,-0.81287,-0.14286,-0.07612,-0.00628,5.94453,5.87010
11.1646,0.24892,-0.69074,0.24892,-0.69074,0.24092,-0.69271,1.15130,2.17063,0.91037,2.86334,0.91037,2.86334,0.00000,0.00000,0,0.00032,-0.12116,-0.10911,-0.00672,3.96277,3.89082,0.01028,0.03267,-0.00161,1.49505,1.38611,0.07215,0.09206,-0.00056,1.51499,1.57227,-0.13512,-0.16775,0.03215,-2.02119,-2.06616,0.05244,0.03677,-0.00145,-0.85611,-0.79537,-0.14298,-0.07613,-0.00245,5.96243,6.14917
11.2664,0.27035,-0.67633,0.27035,-0.67633,0.26042,-0.68277,1.14374,2.19127,0.88332,2.87403,0.88332,2.87403,0.00000,0.00000,0,0.00102,-0.12107,-0.10931,-0.00169,3.96214,3.87878,0.00898,0.03238,-0.00196,1.58096,1.61771,0.07097,0.09190,0.00263,1.61272,1.58083,-0.13416,-0.16382,0.03389,-1.87481,-1.89990,0.05355,0.03734,0.01399,-0.89283,-0.81536,-0.14267,-0.07616,-0.00671,5.94276,5.98677
11.3661,0.28270,-0.66951,0.28270,-0.66951,0.27728,-0.67384,1.13560,2.21157,0.85832,2.88542,0.85832,2.88542,0.00000,0.00000,0,0.00029,-0.12104,-0.10948,-0.00316,3.94710,3.97230,0.00778,0.03202,-0.00237,1.68568,1.74863,0.06988,0.09173,-0.00170,1.70436,1.83383,-0.13321,-0.16139,0.01845,-1.86312,-1.75535,0.05464,0.03772,0.00927,-0.97634,-1.17363,-0.14245,-0.07616,0.00038,5.95573,6.05315
11.4665,0.29716,-0.66459,0.29716,-0.66459,0.29004,-0.66701,1.12705,2.23165,0.83701,2.89866,0.83701,2.89866,0.00000,0.00000,0,0.00029,-0.12117,-0.10965,0.00366,3.99647,4.08443,0.00674,0.03172,0.00065,1.80965,1.89559,0.06897,0.09155,0.00139,1.78707,1.52457,-0.13226,-0.15881,0.02762,-1.80519,-1.73910,0.05570,0.03802,0.00555,-1.05757,-0.99354,-0.14239,-0.07616,0.01159,5.96304,5.99922
11.5690,0.32786,-0.64619,0.32786,-0.64619,0.31358,-0.65525,1.11797,2.25149,0.80439,2.90674,0.80439,2.90674,0.00000,0.00000,0,0.00029,-0.12085,-0.10980,-0.00347,3.98058,3.99347,0.00519,0.03134,0.00025,1.89739,2.01490,0.06753,0.09127,-0.00031,1.92254,1.86383,-0.13130,-0.15198,0.14947,-1.12851,-1.15125,0.05686,0.03843,0.00547,-1.13859,-1.10267,-0.14184,-0.07619,-0.00174,5.92594,5.80427
11.6699,0.41911,-0.57459,0.41911,-0.57459,0.38878,-0.60191,1.10725,2.27032,0.71848,2.87223,0.71848,2.87223,0.00000,0.00000,0,0.00030,-0.11768,-0.10985,-0.00770,3.72144,3.90143,0.00132,0.03043,-0.01736,2.13187,2.18810,0.06357,0.09063,-0.01185,2.17859,2.14844,-0.13106,-0.13793,0.02970,-0.63906,-0.61754,0.05779,0.03896,-0.00106,-1.20754,-1.15465,-0.13829,-0.07620,-0.00540,5.71477,5.53985
11.7716,0.42347,-0.58028,0.42347,-0.58028,0.41903,-0.58816,1.09496,2.28814,0.67593,2.87630,0.67593,2.87630,0.00000,0.00000,0,0.00026,-0.11699,-0.10987,-0.00630,3.73960,3.65493,-0.00068,0.02979,-0.00401,2.29601,2.29765,0.06168,0.08959,-0.00543,2.27559,2.36608,-0.13007,-0.13674,0.01378,-0.71901,-0.65707,0.05905,0.03935,-0.00194,-1.30049,-1.27539,-0.13733,-0.07618,0.00547,5.86372,5.87825
11.8731,0.43911,-0.57618,0.43911,-0.57618,0.43297,-0.57902,1.08215,2.30561,0.64918,2.88463,0.64918,2.88463,0.00000,0.00000,0,0.00037,-0.11680,-0.10988,0.00146,3.77735,3.82780,-0.00195,0.02945,0.00234,2.38471,2.46745,0.06051,0.08911,-0.00265,2.32810,2.58168,-0.12921,-0.13617,-0.00226,-0.78062,-0.86678,0.06007,0.03972,0.01132,-1.34924,-1.30221,-0.13695,-0.07618,0.01621,5.97545,5.92320
11.9735,0.44583,-0.57222,0.44583,-0.57222,0.44207,-0.57368,1.06900,2.32287,0.62693,2.89655,0.62693,2.89655,0.00000,0.00000,0,0.00030,-0.11686,-0.10989,0.00647,3.80021,3.68170,-0.00303,0.02911,-0.00366,2.47719,2.56555,0.05955,0.08870,0.00499,2.46251,2.58117,-0.12829,-0.13574,-0.00256,-0.82351,-0.83465,0.06110,0.04002,0.00151,-1.47115,-1.51967,-0.13681,-0.07624,-0.00428,5.92904,5.95845
12.0740,0.44955,-0.56846,0.44955,-0.56846,0.44790,-0.57030,1.05563,2.34002,0.60773,2.91032,0.60773,2.91032,0.00000,0.00000,0,0.00026,-0.11705,-0.10994,0.00146,3.81660,3.70294,-0.00398,0.02873,0.00024,2.55530,2.54939,0.05873,0.08831,-0.00541,2.50234,2.49190,-0.12736,-0.13512,0.01538,-0.83192,-0.87313,0.06213,0.04028,-0.00396,-1.56211,-1.47720,-0.13683,-0.07623,0.01118,5.94864,6.21373
12.1753,0.45120,-0.56367,0.45120,-0.56367,0.45054,-0.56595,1.04214,2.35705,0.59160,2.92301,0.59160,2.92301,0.00000,0.00000,0,0.00028,-0.11726,-0.11002,-0.00851,3.82788,3.77518,-0.00478,0.02833,-0.00173,2.66564,2.62895,0.05805,0.08799,0.00178,2.58525,2.57895,-0.12653,-0.13453,0.00904,-0.84346,-0.75848,0.06303,0.04056,0.00100,-1.60470,-1.66336,-0.13688,-0.07626,-0.00450,5.98115,6.02885
12.2770,0.45547,-0.56251,0.45547,-0.56251,0.45514,-0.56357,1.02853,2.37399,0.57340,2.93756,0.57340,2.93756,0.00000,0.00000,0,0.00034,-0.11750,-0.11008,-0.00600,3.86367,3.76770,-0.00568,0.02795,-0.00500,2.71777,2.78925,0.05728,0.08765,-0.00111,2.67619,2.68326,-0.12558,-0.13371,0.01959,-0.85869,-0.82617,0.06406,0.04084,0.00678,-1.69052,-1.72043,-0.13696,-0.07629,-0.00873,5.91359,6.02864
12.3833,0.46897,-0.55527,0.46897,-0.55527,0.46400,-0.55829,1.01473,2.39081,0.55072,2.94910,0.55072,2.94910,0.00000,0.00000,0,0.00047,-0.11753,-0.11015,-0.01089,3.85595,3.84299,-0.00678,0.02743,-0.00592,2.84821,2.95668,0.05630,0.08731,-0.00303,2.76365,2.72243,-0.12467,-0.13235,0.02558,-0.82295,-0.87454,0.06509,0.04123,-0.00041,-1.78264,-1.79880,-0.13680,-0.07628,0.01025,5.96537,5.91990
12.4831,0.47827,-0.54598,0.47827,-0.54598,0.47384,-0.55008,1.00065,2.40743,0.52680,2.95751,0.52680,2.95751,0.00000,0.00000,0,0.00031,-0.11740,-0.11017,0.00460,3.88950,3.75231,-0.00792,0.02665,-0.01437,2.89147,2.88150,0.05525,0.08685,-0.00852,2.84316,2.76430,-0.12387,-0.13011,0.02398,-0.73215,-0.72927,0.06604,0.04154,0.00143,-1.85361,-1.85356,-0.13649,-0.07631,-0.00189,5.93051,5.99764
12.5837,0.56022,-0.50162,0.56022,-0.50162,0.51427,-0.52605,0.98593,2.42361,0.47167,2.94966,0.47167,2.94966,0.00000,0.00000,0,0.00031,-0.11596,-0.11018,0.00807,3.83643,3.91556,-0.01046,0.02538,-0.01879,3.03333,3.08677,0.05276,0.08635,-0.01863,2.99713,3.06083,-0.12312,-0.11259,0.30003,1.12853,0.85343,0.06717,0.04217,0.01247,-1.91716,-1.93612,-0.13475,-0.07629,0.01065,5.95997,5.74869
12.6852,0.59043,-0.45168,0.59043,-0.45168,0.57621,-0.46219,0.96916,2.43796,0.39295,2.90015,0.39295,2.90015,0.00000,0.00000,0,0.00037,-0.11230,-0.11013,-0.00524,3.49320,3.58431,-0.01394,0.02006,-0.04082,2.97615,2.98470,0.04907,0.08518,-0.01856,3.28366,3.40434,-0.12363,-0.11093,-0.00593,0.36443,0.39670,0.06734,0.04246,0.01360,-1.94930,-2.12297,-0.13084,-0.07631,-0.00444,5.70892,5.78180
12.7862,0.60217,-0.42392,0.60217,-0.42392,0.59612,-0.43200,0.95145,2.45120,0.35532,2.88320,0.35532,2.88320,0.00000,0.00000,0,0.00046,-0.11083,-0.11012,-0.00312,3.45747,3.40428,-0.01563,0.01497,-0.06784,2.67291,2.64258,0.04732,0.08391,-0.00709,3.34689,3.40513,-0.12360,-0.11094,-0.00747,0.38447,0.35775,0.06767,0.04277,0.00163,-2.03018,-1.89803,-0.12922,-0.07631,0.00161,5.73988,5.79158
12.8879,0.60555,-0.33460,0.60555,-0.33460,0.60555,-0.37013,0.93335,2.46313,0.32780,2.83327,0.32780,2.83327,0.00000,0.00000,0,0.00027,-0.10818,-0.11006,0.00672,3.31820,3.42921,-0.01673,0.00602,-0.02909,2.35884,2.41205,0.04593,0.08173,-0.02177,3.32871,3.39285,-0.12511,-0.11093,-0.00039,0.53205,0.61011,0.06649,0.04302,-0.00024,-1.94444,-2.00448,-0.12663,-0.07632,-0.00353,5.68382,5.66657
12.9883,0.61311,-0.30812,0.61311,-0.30812,0.61026,-0.32390,0.91512,2.47330,0.30486,2.79720,0.30486,2.79720,0.00000,0.00000,0,0.00027,-0.10620,-0.11002,0.00054,3.19696,3.17830,-0.01766,0.00499,-0.00441,2.46372,2.52743,0.04478,0.07867,-0.05041,3.18281,3.16629,-0.12615,-0.11096,0.00093,0.63611,0.49483,0.06571,0.04305,0.00716,-1.92186,-1.77354,-0.12468,-0.07629,0.00821,5.67617,5.46661
13.0895,0.62448,-0.26005,0.62448,-0.26005,0.61748,-0.28161,0.89672,2.48230,0.27925,2.76390,0.27925,2.76390,0.00000,0.00000,0,0.00034,-0.10429,-0.10996,0.00455,3.06132,3.02220,-0.01873,0.00448,-0.00929,2.54186,2.53082,0.04352,0.07290,-0.06040,2.88842,2.78893,-0.12702,-0.11099,0.00489,0.71079,0.69706,0.06511,0.04305,-0.00520,-1.98103,-1.96648,-0.12276,-0.07628,0.01240,5.67743,5.71589
13.1914,0.62800,-0.20882,0.62800,-0.20882,0.62556,-0.23349,0.87805,2.48990,0.25249,2.72339,0.25249,2.72339,0.00000,0.00000,0,0.00033,-0.10205,-0.10987,0.01018,2.95071,2.93149,-0.01982,0.00404,-0.00925,2.62658,2.63709,0.04218,0.06324,-0.12589,2.25682,2.45337,-0.12816,-0.11105,0.00214,0.80033,0.82797,0.06427,0.04305,-0.00693,-1.96888,-2.10090,-0.12054,-0.07631,-0.00220,5.58295,5.42992
13.2928,0.64379,-0.15749,0.64379,-0.15749,0.64120,-0.17308,0.85895,2.49567,0.21775,2.66875,0.21775,2.66875,0.00000,0.00000,0,0.00027,-0.09906,-0.10978,-0.00604,2.69180,2.76923,-0.02123,0.00341,0.00091,2.74455,2.83478,0.04044,0.05913,-0.00807,2.53185,2.63127,-0.12973,-0.11114,0.00012,0.91800,0.84847,0.06309,0.04306,-0.00547,-1.90668,-1.86440,-0.11758,-0.07629,0.00307,5.45497,5.82374
13.3937,0.64025,-0.14738,0.64025,-0.14738,0.64122,-0.15325,0.83972,2.50045,0.19850,2.65370,0.19850,2.65370,0.00000,0.00000,0,0.00027,-0.09805,-0.10971,0.00118,2.68179,2.69749,-0.02207,0.00262,-0.01371,2.76399,2.77711,0.03953,0.05872,-0.00402,2.60090,2.51110,-0.12997,-0.11121,-0.00727,0.94147,0.89119,0.06302,0.04307,0.00303,-1.96089,-1.99066,-0.11651,-0.07631,-0.00200,5.47694,5.27792
13.4956,0.63870,-0.14512,0.63870,-0.14512,0.63955,-0.14787,0.82050,2.50495,0.18095,2.65281,0.18095,2.65281,0.00000,0.00000,0,0.00034,-0.09766,-0.10968,0.00007,2.60090,2.71490,-0.02289,0.00216,-0.00634,2.79086,2.71238,0.03873,0.05838,0.00214,2.65853,2.69783,-0.12967,-0.11121,0.00041,0.97875,0.92551,0.06344,0.04313,-0.00217,-2.04832,-1.95786,-0.11602,-0.07630,-0.00107,5.54520,5.53601
13.5965,0.64382,-0.13901,0.64382,-0.13901,0.64070,-0.14220,0.80133,2.50928,0.16063,2.65148,0.16063,2.65148,0.00000,0.00000,0,0.00029,-0.09719,-0.10967,0.00155,2.56716,2.46479,-0.02383,0.00151,-0.01195,2.89608,2.91267,0.03782,0.05805,0.00518,2.71280,2.62856,-0.12933,-0.11124,-0.00970,0.93733,0.94062,0.06392,0.04334,-0.00427,-2.08894,-1.98972,-0.11544,-0.07631,-0.00269,5.56909,5.68175
13.6989,0.64393,-0.12901,0.64393,-0.12901,0.64305,-0.13347,0.78206,2.51339,0.13901,2.64686,0.13901,2.64686,0.00000,0.00000,0,0.00026,-0.09656,-0.10961,0.00288,2.50803,2.60199,-0.02482,0.00059,-0.00173,2.94840,2.97009,0.03683,0.05770,0.00108,2.83554,2.86461,-0.12910,-0.11122,0.00220,0.99953,1.13446,0.06430,0.04364,0.00970,-2.09492,-2.06964,-0.11470,-0.07630,0.00868,5.63347,5.75302
13.8007,0.64809,-0.12181,0.64809,-0.12181,0.64620,-0.12650,0.76271,2.51727,0.11651,2.64377,0.11651,2.64377,0.00000,0.00000,0,0.00028,-0.09598,-0.10959,-0.00743,2.42284,2.47551,-0.02585,-0.00010,-0.01059,3.00968,2.97924,0.03581,0.05721,0.00493,2.88590,2.92132,-0.12879,-0.11124,0.00040,0.99595,0.94980,0.06477,0.04449,0.00994,-2.11696,-1.95839,-0.11400,-0.07631,0.00306,5.63736,6.03361
13.9035,0.65356,-0.11300,0.65356,-0.11300,0.65079,-0.11724,0.74326,2.52090,0.09247,2.63813,0.09247,2.63813,0.00000,0.00000,0,0.00105,-0.09526,-0.10955,-0.01407,2.38918,2.48867,-0.02695,-0.00070,-0.00145,3.08814,3.14942,0.03471,0.05674,-0.01945,2.90412,2.88334,-0.12856,-0.11126,-0.00052,1.03261,1.04098,0.06518,0.04643,0.03459,-1.98924,-2.10192,-0.11316,-0.07632,0.00414,5.65156,5.80608
14.0031,0.68908,-0.09227,0.68908,-0.09227,0.67315,-0.10176,0.72339,2.52417,0.05024,2.62592,0.05024,2.62592,0.00000,0.00000,0,0.00028,-0.09390,-0.10945,0.00126,2.31333,2.08424,-0.02887,-0.00147,-0.01099,3.19659,3.12708,0.03277,0.05630,-0.00304,3.08838,3.21581,-0.12824,-0.11123,0.01515,1.07756,0.91386,0.06581,0.05204,0.04822,-1.64132,-1.65734,-0.11160,-0.07631,0.00257,5.61596,5.62766
14.1045,0.71415,-0.07223,0.71415,-0.07223,0.70209,-0.08199,0.70264,2.52687,0.00055,2.60886,0.00055,2.60886,0.00000,0.00000,0,0.00033,-0.09218,-0.10934,0.00631,2.18105,2.10627,-0.03111,-0.00241,-0.01824,3.28352,3.53726,0.03047,0.05555,-0.00824,3.24571,3.29081,-0.12798,-0.11128,0.00066,1.05355,1.06452,0.06646,0.05694,0.11376,-1.23286,-1.20111,-0.10967,-0.07630,0.01049,5.60026,5.40871
14.2057,0.81888,-0.03718,0.81888,-0.03718,0.78212,-0.04866,0.68026,2.52864,-0.10186,2.57730,-0.10186,2.57730,0.00000,0.00000,0,0.00085,-0.08879,-0.10914,0.00570,1.89993,1.92351,-0.03576,-0.00433,-0.02636,3.50340,3.43859,0.02576,0.05424,-0.02006,3.49975,3.21697,-0.12729,-0.11130,0.00242,1.07179,1.12690,0.06791,0.06934,-0.00196,-0.92886,-0.75767,-0.10582,-0.07632,-0.01285,5.31986,5.38408
14.3061,0.83231,0.01347,0.83231,0.01347,0.81804,-0.00504,0.65605,2.52907,-0.16199,2.53411,-0.16199,2.53411,0.00000,0.00000,32,0.00048,-0.08577,-0.10895,0.00064,1.66701,1.74110,-0.03839,-0.00842,-0.03384,3.46285,3.64793,0.02290,0.05186,-0.01529,3.54196,3.56619,-0.12789,-0.11131,0.00338,1.13359,1.11080,0.06783,0.07047,0.01066,-0.79687,-0.87436,-0.10263,-0.07628,0.00083,5.23047,5.40139
14.4078,0.84146,0.09829,0.84146,0.09829,0.83422,0.05355,0.63121,2.52839,-0.20301,2.47483,-0.20301,2.47483,0.00000,0.00000,0,0.00027,-0.08246,-0.10875,-0.00400,1.51168,1.49628,-0.04007,-0.02013,-0.18724,2.42833,2.55623,0.02085,0.04897,-0.03769,3.43152,3.54729,-0.12952,-0.11139,-0.00163,1.20063,1.12188,0.06664,0.07064,-0.00743,-0.74877,-0.72339,-0.09933,-0.07626,0.00210,5.10722,5.17811
14.5097,0.84276,0.19909,0.84276,0.19909,0.83856,0.16244,0.60608,2.52464,-0.23247,2.36220,-0.23247,2.36220,0.00000,0.00000,0,0.00028,-0.07716,-0.10832,-0.00290,1.10208,1.06757,-0.04100,-0.02853,-0.01327,2.47283,2.36914,0.01913,0.04638,-0.02089,3.50088,3.30956,-0.13357,-0.11171,-0.00587,1.55912,1.49065,0.06311,0.07065,-0.01446,-0.44478,-0.41444,-0.09433,-0.07622,0.00518,4.78205,4.75742
14.6173,0.84994,0.22657,0.84994,0.22657,0.84718,0.20685,0.58075,2.51893,-0.26643,2.31208,-0.26643,2.31208,0.00000,0.00000,0,0.00027,-0.07438,-0.10792,-0.00711,0.86819,0.84601,-0.04239,-0.02912,-0.01084,2.58263,2.49695,0.01743,0.04167,-0.07631,3.20942,3.24021,-0.13497,-0.11188,-0.00121,1.64752,1.86454,0.06208,0.07067,-0.00741,-0.39193,-0.39732,-0.09156,-0.07621,-0.00730,4.65540,4.75417
14.7206,0.86547,0.29367,0.86547,0.29367,0.85935,0.26486,0.55513,2.51171,-0.30422,2.24686,-0.30422,2.24686,0.00000,0.00000,0,0.00033,-0.07089,-0.10753,0.00436,0.61255,0.55600,-0.04389,-0.02951,0.00179,2.73690,2.74440,0.01549,0.03170,-0.12542,2.75705,2.52108,-0.13691,-0.11205,0.00151,1.78568,1.80006,0.06058,0.07069,0.00433,-0.25957,-0.35763,-0.08812,-0.07618,0.00111,4.50383,4.39083
14.8235,0.87715,0.35176,0.87715,0.35176,0.87198,0.33013,0.52913,2.50254,-0.34285,2.17241,-0.34285,2.17241,0.00000,0.00000,0,0.00030,-0.06700,-0.10701,0.00628,0.33667,0.36124,-0.04540,-0.03020,-0.00347,2.78884,2.78882,0.01349,0.02570,-0.01906,2.69221,2.78960,-0.13921,-0.11235,-0.00724,1.98275,2.05490,0.05875,0.07069,0.00789,-0.10186,-0.11897,-0.08431,-0.07613,0.00113,4.26526,4.21773
14.9249,0.87609,0.36425,0.87609,0.36425,0.87472,0.35585,0.50292,2.49212,-0.37180,2.13626,-0.37180,2.13626,0.00000,0.00000,0,0.00096,-0.06491,-0.10650,0.00415,0.21287,0.14057,-0.04660,-0.03092,-0.00307,2.84617,2.77848,0.01205,0.02482,-0.00383,2.80319,2.94607,-0.14013,-0.11250,-0.00205,2.04789,2.06871,0.05812,0.07067,-0.00111,-0.10732,-0.20321,-0.08220,-0.07612,-0.00916,4.13188,4.14906
15.0252,0.87892,0.37119,0.87892,0.37119,0.87835,0.36662,0.47659,2.48123,-0.40176,2.11461,-0.40176,2.11461,0.00000,0.00000,0,0.00029,-0.06340,-0.10613,-0.00460,0.05612,0.11682,-0.04790,-0.03163,-0.00228,2.89702,2.92534,0.01062,0.02435,-0.00192,2.89572,3.03268,-0.14044,-0.11259,-0.00268,2.11148,1.97751,0.05807,0.07067,-0.00181,-0.09601,-0.15304,-0.08060,-0.07611,-0.00675,4.07079,4.11363
15.1259,0.87980,0.38017,0.87980,0.38017,0.87975,0.37578,0.45021,2.47006,-0.42954,2.09428,-0.42954,2.09428,0.00000,0.00000,0,0.00030,-0.06199,-0.10575,-0.00283,-0.07160,-0.06191,-0.04912,-0.03256,-0.01207,2.93671,2.95727,0.00930,0.02392,-0.01311,2.93987,2.81688,-0.14073,-0.11270,-0.00233,2.14565,2.11396,0.05802,0.07067,0.00283,-0.05672,0.03941,-0.07911,-0.07607,0.00510,4.04630,4.05104
15.2293,0.88515,0.39345,0.88515,0.39345,0.88245,0.38730,0.42379,2.45860,-0.45867,2.07130,-0.45867,2.07130,0.00000,0.00000,0,0.00269,-0.06044,-0.10528,0.00997,-0.21719,-0.18053,-0.05038,-0.03429,-0.02475,2.88828,2.96356,0.00790,0.02356,-0.00124,3.06810,3.18351,-0.14111,-0.11284,0.00063,2.21368,2.24828,0.05790,0.07068,0.00945,-0.02882,-0.07050,-0.07749,-0.07608,-0.00716,3.93074,3.97492
15.3328,0.88753,0.41478,0.88753,0.41478,0.88626,0.40528,0.39724,2.44667,-0.48902,2.04138,-0.48902,2.04138,0.00000,0.00000,0,0.00191,-0.05858,-0.10477,0.00445,-0.39426,-0.38511,-0.05167,-0.03687,-0.01604,2.85831,3.06337,0.00642,0.02293,-0.01127,3.14572,3.08895,-0.14175,-0.11299,-0.00330,2.31245,2.55660,0.05754,0.07066,-0.00032,0.02530,0.05593,-0.07557,-0.07606,-0.00438,3.80772,3.72845
15.4338,0.88792,0.43120,0.88792,0.43120,0.88789,0.42327,0.37061,2.43418,-0.51728,2.01090,-0.51728,2.01090,0.00000,0.00000,0,0.00047,-0.05674,-0.10415,-0.00067,-0.54132,-0.48072,-0.05286,-0.03814,-0.00596,2.91867,2.98720,0.00503,0.02215,-0.00664,3.20507,3.21558,-0.14245,-0.11320,-0.00914,2.39808,2.30132,0.05711,0.07067,0.00555,0.05539,0.05172,-0.07369,-0.07602,-0.00388,3.67940,3.62968
15.5345,0.88477,0.44247,0.88477,0.44247,0.88664,0.43711,0.34399,2.42122,-0.54265,1.98410,-0.54265,1.98410,0.00000,0.00000,0,0.00029,-0.05511,-0.10335,0.01263,-0.63188,-0.64984,-0.05393,-0.03874,-0.00409,2.94951,3.00460,0.00379,0.02144,-0.00872,3.26578,3.29310,-0.14305,-0.11335,-0.00414,2.48056,2.46355,0.05675,0.07065,-0.00478,0.08764,0.11139,-0.07202,-0.07599,0.00187,3.61023,3.60458
15.6356,0.88780,0.45706,0.88780,0.45706,0.88681,0.45037,0.31740,2.40786,-0.56941,1.95750,-0.56941,1.95750,0.00000,0.00000,0,0.00028,-0.05346,-0.10242,0.00755,-0.80302,-0.80721,-0.05507,-0.03919,-0.00626,3.06309,3.03677,0.00248,0.02026,-0.01502,3.27814,3.32045,-0.14362,-0.11359,0.00239,2.57312,2.56713,0.05643,0.07065,-0.00724,0.15641,0.20177,-0.07032,-0.07598,0.00345,3.47748,3.38707
15.7367,0.89264,0.47816,0.89264,0.47816,0.89020,0.46922,0.29074,2.39403,-0.59946,1.92481,-0.59946,1.92481,0.00000,0.00000,0,0.00071,-0.05149,-0.10172,0.01201,-0.97901,-1.00095,-0.05633,-0.03965,-0.01753,3.06254,3.12815,0.00101,0.01790,-0.03629,3.20161,3.39845,-0.14438,-0.11385,-0.00949,2.62261,2.56717,0.05596,0.07066,-0.00320,0.23368,0.26700,-0.06831,-0.07595,0.00667,3.33154,3.27755
15.8372,0.89308,0.53980,0.89308,0.53980,0.89171,0.50924,0.26401,2.37936,-0.62770,1.87012,-0.62770,1.87012,0.00000,0.00000,0,0.00033,-0.04864,-0.10072,0.01082,-1.17501,-1.05816,-0.05743,-0.04058,-0.01792,3.12652,3.21811,-0.00047,0.00900,-0.14630,2.44530,2.38081,-0.14608,-0.11414,0.01348,2.84254,2.86820,0.05461,0.07063,-0.01425,0.29455,0.36619,-0.06552,-0.07590,0.01184,3.15790,3.33885
15.9381,0.90164,0.59726,0.90164,0.59726,0.89917,0.57538,0.23710,2.36277,-0.66206,1.78739,-0.66206,1.78739,0.00000,0.00000,0,0.00038,-0.04450,-0.09861,0.03095,-1.39211,-1.32590,-0.05869,-0.04179,-0.01441,3.17808,3.29444,-0.00232,0.00287,-0.01524,2.57972,2.51698,-0.14881,-0.11501,-0.01026,2.97795,2.92122,0.05235,0.07065,0.00057,0.51930,0.56555,-0.06150,-0.07585,0.00986,2.84278,2.81080
16.0420,0.90447,0.60726,0.90447,0.60726,0.90365,0.60065,0.21004,2.34498,-0.69361,1.74433,-0.69361,1.74433,0.00000,0.00000,0,0.00186,-0.04207,-0.09229,0.11901,-0.97423,-1.06780,-0.05998,-0.04281,-0.01501,3.23500,3.23481,-0.00391,0.00192,-0.00051,2.65473,2.74332,-0.14996,-0.11551,-0.00189,3.06982,3.14599,0.05152,0.07065,0.00055,0.58179,0.64375,-0.05906,-0.07581,0.00151,2.68401,2.93357
16.1429,0.88710,0.62909,0.88710,0.62909,0.89372,0.62078,0.18308,2.32661,-0.71064,1.70583,-0.71064,1.70583,0.00000,0.00000,0,0.00029,-0.04012,-0.08391,0.14037,-0.56680,-0.64484,-0.06062,-0.04387,-0.01219,3.22680,3.09970,-0.00482,0.00122,-0.00784,2.69386,2.72989,-0.15121,-0.11590,-0.01074,3.17851,3.15016,0.05050,0.07063,-0.00854,0.67837,0.75883,-0.05717,-0.07579,-0.00754,2.53322,2.80380
16.2448,0.83016,0.69936,0.83016,0.69936,0.85200,0.66848,0.15695,2.30728,-0.69505,1.63879,-0.69505,1.63879,0.00000,0.00000,0,0.00027,-0.03764,-0.06806,0.05655,-0.07361,-0.01604,-0.05963,-0.04451,0.01657,3.20007,3.09721,-0.00436,0.00086,-0.00891,2.59742,2.53503,-0.15427,-0.11679,-0.01332,3.37104,3.34996,0.04755,0.07063,-0.00022,0.91831,0.89508,-0.05504,-0.07574,0.00352,2.40759,2.33519
16.3452,0.81476,0.71411,0.81476,0.71411,0.82321,0.70283,0.13198,2.28651,-0.69122,1.58369,-0.69122,1.58369,0.00000,0.00000,0,0.00027,-0.03542,-0.06525,0.02496,-0.18307,-0.24432,-0.05923,-0.04476,-0.00614,3.15349,3.18877,-0.00439,0.00062,-0.00624,2.61060,2.51620,-0.15661,-0.11826,-0.01143,3.52149,3.62664,0.04535,0.07065,0.00439,1.11348,1.09348,-0.05306,-0.07572,-0.00640,2.24492,2.29182
16.4457,0.80709,0.72208,0.80709,0.72208,0.80984,0.71614,0.10755,2.26517,-0.70228,1.54903,-0.70228,1.54903,0.00000,0.00000,0,0.00027,-0.03376,-0.06424,0.01197,-0.28041,-0.30245,-0.05961,-0.04518,-0.00587,3.16017,3.23822,-0.00501,0.00041,-0.00617,2.63356,2.65274,-0.15782,-0.11914,-0.00890,3.58872,3.59556,0.04432,0.07062,-0.01034,1.17422,1.22186,-0.05147,-0.07566,0.00038,2.08916,2.06694
16.5466,0.80063,0.72591,0.80063,0.72591,0.80286,0.72249,0.08339,2.24357,-0.71946,1.52109,-0.71946,1.52109,0.00000,0.00000,0,0.00034,-0.03225,-0.06349,0.00435,-0.39942,-0.52647,-0.06029,-0.04596,-0.01548,3.16542,3.12178,-0.00590,0.00012,-0.00546,2.70249,2.66164,-0.15864,-0.12021,-0.01627,3.60022,3.57034,0.04370,0.07051,0.00423,1.26218,1.29124,-0.04997,-0.07559,0.01101,2.02391,2.02302
16.6490,0.79972,0.74179,0.79972,0.74179,0.80090,0.73357,0.05934,2.22172,-0.74157,1.48816,-0.74157,1.48816,0.00000,0.00000,0,0.00031,-0.03043,-0.06235,0.01410,-0.50803,-0.45195,-0.06118,-0.04866,-0.05184,3.02532,3.15520,-0.00702,-0.00026,-0.00296,2.76566,2.73360,-0.15956,-0.12184,-0.02463,3.60654,3.65454,0.04301,0.07032,-0.00521,1.34018,1.32897,-0.04815,-0.07557,0.00277,1.81664,1.77880
16.7511,0.78031,0.77536,0.78031,0.77536,0.79102,0.76190,0.03544,2.19923,-0.75559,1.43733,-0.75559,1.43733,0.00000,0.00000,0,0.00027,-0.02804,-0.06006,0.03117,-0.52529,-0.46951,-0.06163,-0.05232,-0.02902,2.86987,2.95973,-0.00784,-0.00074,-0.00656,2.80006,2.66183,-0.16138,-0.12682,-0.09361,3.26865,3.16381,0.04144,0.07000,-0.00783,1.47165,1.51337,-0.04587,-0.07551,0.00462,1.61295,1.53749
16.8547,0.68492,0.77511,0.68492,0.77511,0.72913,0.77331,0.01259,2.17610,-0.71654,1.40279,-0.71654,1.40279,0.00000,0.00000,0,0.00095,-0.02739,-0.05096,0.07746,0.12983,0.09974,-0.05968,-0.05345,-0.01046,2.72839,2.61441,-0.00619,-0.00106,-0.00775,2.63457,2.66898,-0.16356,-0.13905,-0.07642,2.78068,2.69275,0.03912,0.06954,-0.00035,1.64984,1.61288,-0.04558,-0.07547,0.00296,1.56182,1.62582
16.9553,0.63459,0.79856,0.63459,0.79856,0.65959,0.79016,-0.00793,2.15262,-0.66752,1.36246,-0.66752,1.36246,0.00000,0.00000,0,0.00030,-0.02669,-0.04388,0.08945,0.52445,0.51578,-0.05725,-0.05346,0.00377,2.59831,2.60499,-0.00411,-0.00108,0.00219,2.54482,2.50662,-0.16618,-0.14203,-0.01529,3.00023,2.78896,0.03632,0.06894,-0.00181,1.85948,1.90977,-0.04533,-0.07548,-0.00871,1.52708,1.51178
17.0556,0.60705,0.81945,0.60705,0.81945,0.62025,0.81401,-0.02694,2.12845,-0.64719,1.31444,-0.64719,1.31444,0.00000,0.00000,0,0.00027,-0.02510,-0.03995,0.00813,0.35673,0.44987,-0.05612,-0.05347,-0.00008,2.54066,2.41757,-0.00336,-0.00112,-0.00664,2.51073,2.44709,-0.16856,-0.14374,-0.01132,3.09834,3.03967,0.03397,0.06821,-0.01282,1.99094,1.99776,-0.04405,-0.07540,0.01032,1.37175,1.26594
17.1566,0.59131,0.81976,0.59131,0.81976,0.60002,0.81800,-0.04516,2.10396,-0.64518,1.28596,-0.64518,1.28596,0.00000,0.00000,0,0.00090,-0.02396,-0.03935,0.00842,0.30678,0.40431,-0.05591,-0.05350,-0.01405,2.52837,2.67367,-0.00337,-0.00116,-0.00747,2.50291,2.73280,-0.16977,-0.14537,-0.01508,3.08406,3.04018,0.03283,0.06772,-0.00152,2.09348,1.99340,-0.04303,-0.07537,0.00909,1.24935,1.37004
17.2573,0.57549,0.81417,0.57549,0.81417,0.58313,0.81648,-0.06285,2.07943,-0.64597,1.26294,-0.64597,1.26294,0.00000,0.00000,0,0.00035,-0.02299,-0.03895,-0.00290,0.22583,0.32389,-0.05586,-0.05346,0.00663,2.58706,2.36947,-0.00349,-0.00120,-0.00276,2.54433,2.50877,-0.17071,-0.14720,-0.01599,3.03604,3.04951,0.03198,0.06727,-0.00046,2.20021,2.12464,-0.04214,-0.07532,0.00661,1.14578,1.04079
17.3581,0.56278,0.80768,0.56278,0.80768,0.56906,0.81138,-0.08008,2.05501,-0.64914,1.24363,-0.64914,1.24363,0.00000,0.00000,0,0.00029,-0.02212,-0.03863,0.00453,0.16130,0.08713,-0.05593,-0.05348,0.00158,2.57132,2.48076,-0.00371,-0.00122,0.00534,2.57059,2.46701,-0.17144,-0.14991,-0.04419,2.88962,2.99455,0.03132,0.06691,-0.00691,2.26179,2.26717,-0.04133,-0.07529,0.00098,1.00825,0.96694
17.4603,0.51138,0.78133,0.51138,0.78133,0.53770,0.79493,-0.09671,2.03091,-0.63441,1.23598,-0.63441,1.23598,0.00000,0.00000,0,0.00032,-0.02210,-0.03833,-0.00836,0.14058,-0.00888,-0.05522,-0.05347,0.00400,2.53688,2.59532,-0.00306,-0.00127,-0.00807,2.50227,2.54940,-0.17205,-0.16094,-0.14827,1.94339,1.98730,0.03065,0.06656,-0.00284,2.33312,2.40105,-0.04142,-0.07525,0.00956,0.97082,0.94146
17.5644,0.46867,0.75089,0.46867,0.75089,0.48700,0.76144,-0.11189,2.00770,-0.59889,1.24626,-0.59889,1.24626,0.00000,0.00000,0,0.00028,-0.02324,-0.03834,-0.00783,0.22311,0.17802,-0.05362,-0.05349,-0.00515,2.40030,2.20571,-0.00141,-0.00124,0.00012,2.37316,2.43112,-0.17232,-0.16897,-0.03903,1.80990,1.73117,0.03013,0.06628,0.00407,2.44944,2.61719,-0.04273,-0.07523,0.01208,1.08968,0.93173
17.6653,0.45349,0.73887,0.45349,0.73887,0.46293,0.74498,-0.12603,1.98518,-0.58896,1.24020,-0.58896,1.24020,0.00000,0.00000,0,0.00031,-0.02319,-0.03829,0.00260,0.19177,0.10442,-0.05313,-0.05348,-0.00026,2.38578,2.36498,-0.00098,-0.00123,0.00399,2.38907,2.47531,-0.17276,-0.17189,-0.02350,1.72000,1.86141,0.02964,0.06607,0.00416,2.52185,2.46530,-0.04276,-0.07526,-0.00382,0.93893,1.17346
17.7657,0.44818,0.73836,0.44818,0.73836,0.45235,0.73950,-0.13971,1.96295,-0.59206,1.22345,-0.59206,1.22345,0.00000,0.00000,0,0.00028,-0.02243,-0.03814,0.00462,0.13130,0.06053,-0.05321,-0.05348,-0.00277,2.42639,2.49533,-0.00118,-0.00123,0.00161,2.40783,2.33430,-0.17339,-0.17306,-0.00565,1.76725,1.67235,0.02908,0.06582,0.00686,2.61058,2.48133,-0.04205,-0.07521,0.00051,0.82976,0.82556
17.8664,0.44187,0.73644,0.44187,0.73644,0.44522,0.73764,-0.15315,1.94079,-0.59836,1.20315,-0.59836,1.20315,0.00000,0.00000,0,0.00034,-0.02146,-0.03784,0.00962,0.07472,0.05785,-0.05342,-0.05348,-0.00073,2.41719,2.38151,-0.00154,-0.00127,-0.01258,2.39869,2.39270,-0.17411,-0.17372,0.00363,1.77737,1.78050,0.02847,0.06551,-0.00106,2.70305,2.57115,-0.04112,-0.07514,0.00844,0.73934,0.68246
17.9687,0.43596,0.73599,0.43596,0.73599,0.43872,0.73578,-0.16638,1.91870,-0.60510,1.18292,-0.60510,1.18292,0.00000,0.00000,0,0.00099,-0.02048,-0.03751,0.00655,-0.02595,-0.06559,-0.05365,-0.05348,0.00025,2.43533,2.42108,-0.00192,-0.00125,0.00575,2.45606,2.57118,-0.17481,-0.17414,-0.01634,1.76796,1.73706,0.02788,0.06518,-0.00365,2.76519,2.86779,-0.04018,-0.07511,0.00658,0.60287,0.57605
18.0697,0.43376,0.73693,0.43376,0.73693,0.43398,0.73685,-0.17944,1.89661,-0.61342,1.15976,-0.61342,1.15976,0.00000,0.00000,0,0.00031,-0.01935,-0.03713,-0.00143,-0.11993,-0.07477,-0.05395,-0.05348,-0.00368,2.46789,2.55685,-0.00238,-0.00127,0.00602,2.47272,2.38352,-0.17560,-0.17441,0.00275,1.82182,1.74397,0.02721,0.06483,0.00210,2.86096,2.81420,-0.03909,-0.07504,0.00076,0.45710,0.47262
18.1708,0.42929,0.73628,0.42929,0.73628,0.43197,0.73680,-0.19244,1.87450,-0.62442,1.13770,-0.62442,1.13770,0.00000,0.00000,0,0.00032,-0.01821,-0.03647,0.01088,-0.15591,-0.11151,-0.05437,-0.05348,-0.00422,2.50040,2.52742,-0.00296,-0.00133,-0.00938,2.50088,2.59201,-0.17629,-0.17466,-0.00552,1.84851,1.88517,0.02666,0.06449,-0.00451,2.92932,3.03482,-0.03797,-0.07495,-0.00082,0.33213,0.44283
18.2730,0.42691,0.73855,0.42691,0.73855,0.42905,0.73808,-0.20536,1.85237,-0.63441,1.11429,-0.63441,1.11429,0.00000,0.00000,0,0.00028,-0.01704,-0.03593,0.00821,-0.23879,-0.09547,-0.05473,-0.05347,0.00818,2.53688,2.40090,-0.00350,-0.00135,-0.00276,2.54159,2.50867,-0.17706,-0.17488,0.00202,1.89405,1.78243,0.02602,0.06410,-0.02020,2.98319,3.06508,-0.03683,-0.07483,0.00230,0.21216,0.47854
18.3747,0.42179,0.73596,0.42179,0.73596,0.42354,0.73661,-0.21812,1.83025,-0.64167,1.09364,-0.64167,1.09364,0.00000,0.00000,0,0.00103,-0.01603,-0.03542,0.00274,-0.33837,-0.39096,-0.05499,-0.05349,-0.00269,2.50748,2.46814,-0.00391,-0.00139,-0.00010,2.58589,2.74632,-0.17777,-0.17508,0.00202,1.91815,1.94308,0.02543,0.06363,-0.01444,3.08641,3.02021,-0.03586,-0.07471,-0.00099,0.08145,0.17291
18.4753,0.41507,0.73204,0.41507,0.73204,0.41782,0.73318,-0.23073,1.80822,-0.64855,1.07504,-0.64855,1.07504,0.00000,0.00000,0,0.00032,-0.01512,-0.03485,0.01217,-0.35114,-0.32635,-0.05523,-0.05352,-0.00537,2.53156,2.38176,-0.00429,-0.00145,-0.00091,2.61124,2.39851,-0.17841,-0.17527,-0.00256,1.96093,1.96675,0.02490,0.06320,-0.00210,3.19324,3.21772,-0.03498,-0.07454,0.00579,-0.01839,0.02452
18.5758,0.40756,0.73197,0.40756,0.73197,0.41097,0.73225,-0.24314,1.78625,-0.65411,1.05400,-0.65411,1.05400,0.00000,0.00000,0,0.00032,-0.01414,-0.03442,-0.00345,-0.47201,-0.47756,-0.05540,-0.05352,0.00061,2.56572,2.39593,-0.00462,-0.00151,-0.00905,2.60434,2.51010,-0.17917,-0.17544,0.00256,1.99956,2.00052,0.02424,0.06253,-0.00596,3.19676,3.24477,-0.03404,-0.07439,0.00179,-0.13782,-0.18788
18.6799,0.39807,0.73290,0.39807,0.73290,0.40252,0.73247,-0.25533,1.76428,-0.65784,1.03182,-0.65784,1.03182,0.00000,0.00000,0,0.00275,-0.01314,-0.03381,0.01128,-0.48353,-0.57534,-0.05549,-0.05355,-0.00123,2.54833,2.54591,-0.00487,-0.00156,0.00135,2.65737,2.64944,-0.18001,-0.17564,0.00456,2.07465,2.11248,0.02349,0.06129,-0.01675,3.25652,3.14920,-0.03310,-0.07416,0.00132,-0.25851,-0.25080
18.7808,0.38259,0.73202,0.38259,0.73202,0.39095,0.73325,-0.26723,1.74228,-0.65817,1.00904,-0.65817,1.00904,0.00000,0.00000,0,0.00163,-0.01219,-0.03329,0.00907,-0.54751,-0.56688,-0.05541,-0.05358,-0.00653,2.54603,2.58630,-0.00497,-0.00162,0.00253,2.67191,2.58658,-0.18094,-0.17588,0.00018,2.11399,2.03384,0.02263,0.05412,-0.08274,2.75431,2.70996,-0.03223,-0.07381,0.00211,-0.35127,-0.32199
18.8804,0.35167,0.72173,0.35167,0.72173,0.36361,0.72585,-0.27845,1.72041,-0.64206,0.99457,-0.64206,0.99457,0.00000,0.00000,0,0.00041,-0.01191,-0.03302,0.00521,-0.59906,-0.53254,-0.05461,-0.05357,-0.00070,2.48085,2.29538,-0.00429,-0.00166,0.00234,2.59775,2.69166,-0.18186,-0.17622,-0.00914,2.11474,2.08873,0.02167,0.05026,-0.03165,2.76420,2.75861,-0.03211,-0.07361,-0.00783,-0.43068,-0.52498
18.9818,0.32468,0.71217,0.32468,0.71217,0.33716,0.71690,-0.28889,1.69880,-0.62605,0.98189,-0.62605,0.98189,0.00000,0.00000,0,0.00035,-0.01171,-0.03283,-0.00464,-0.62932,-0.62543,-0.05382,-0.05357,-0.00134,2.45666,2.51484,-0.00360,-0.00171,0.00041,2.55590,2.67896,-0.18269,-0.17661,-0.00424,2.18583,2.20353,0.02077,0.04674,-0.05875,2.56118,2.66502,-0.03205,-0.07339,0.00910,-0.49002,-0.47180
19.0830,0.29129,0.70076,0.29129,0.70076,0.30385,0.70503,-0.29839,1.67751,-0.60224,0.97248,-0.60224,0.97248,0.00000,0.00000,0,0.00029,-0.01179,-0.03264,0.00930,-0.62922,-0.46995,-0.05269,-0.05355,0.00467,2.37412,2.56156,-0.00255,-0.00170,-0.00852,2.45859,2.47506,-0.18355,-0.17692,-0.00209,2.20505,2.29873,0.01980,0.04297,-0.00783,2.59987,2.62321,-0.03231,-0.07326,0.00015,-0.54645,-0.51057
19.1847,0.28399,0.69374,0.28399,0.69374,0.28897,0.69770,-0.30721,1.65649,-0.59618,0.95879,-0.59618,0.95879,0.00000,0.00000,0,0.00036,-0.01135,-0.03245,0.01060,-0.71935,-0.71817,-0.05235,-0.05356,0.00138,2.38406,2.38481,-0.00232,-0.00171,0.00237,2.49198,2.66068,-0.18423,-0.17723,-0.00579,2.25235,2.35320,0.01912,0.04238,-0.00030,2.64643,2.51574,-0.03195,-0.07308,-0.00060,-0.62410,-0.49600
19.2857,0.28089,0.68925,0.28089,0.68925,0.28336,0.69173,-0.31578,1.63568,-0.59914,0.94395,-0.59914,0.94395,0.00000,0.00000,0,0.00028,-0.01067,-0.03219,0.01161,-0.77723,-0.77009,-0.05243,-0.05355,0.00532,2.37775,2.17996,-0.00251,-0.00175,-0.00341,2.50754,2.60408,-0.18479,-0.17746,-0.00190,2.30576,2.33461,0.01863,0.04198,-0.00167,2.69745,2.64397,-0.03131,-0.07279,0.00871,-0.70296,-0.69770
19.3877,0.27357,0.68654,0.27357,0.68654,0.27715,0.68746,-0.32418,1.61501,-0.60133,0.92755,-0.60133,0.92755,0.00000,0.00000,0,0.00155,-0.00994,-0.03187,0.00131,-0.86171,-0.85331,-0.05247,-0.05356,0.00035,2.39348,2.33509,-0.00267,-0.00173,0.00881,2.53230,2.43656,-0.18542,-0.17771,-0.00928,2.32911,2.32274,0.01807,0.04165,-0.00422,2.76102,2.80769,-0.03064,-0.07253,0.00502,-0.80457,-0.73264
19.4876,0.26922,0.68116,0.26922,0.68116,0.27089,0.68341,-0.33237,1.59445,-0.60326,0.91104,-0.60326,0.91104,0.00000,0.00000,0,0.00033,-0.00922,-0.03153,0.00699,-0.89172,-0.89506,-0.05249,-0.05357,-0.00270,2.37582,2.30565,-0.00282,-0.00177,-0.00478,2.51060,2.51816,-0.18607,-0.17791,-0.00391,2.36381,2.51145,0.01749,0.04136,-0.01257,2.80955,2.69779,-0.02996,-0.07221,0.00277,-0.94019,-0.91686
19.5895,0.26565,0.67594,0.26565,0.67594,0.26657,0.67780,-0.34041,1.57406,-0.60698,0.89626,-0.60698,0.89626,0.00000,0.00000,0,0.00036,-0.00853,-0.03127,-0.00079,-0.99963,-0.99109,-0.05260,-0.05356,0.00329,2.37616,2.49852,-0.00304,-0.00179,0.00122,2.53569,2.69817,-0.18660,-0.17812,-0.00377,2.38278,2.27353,0.01702,0.04113,-0.00109,2.84398,2.88443,-0.02931,-0.07184,0.01289,-1.00651,-1.02074
19.6909,0.26254,0.67441,0.26254,0.67441,0.26390,0.67555,-0.34836,1.55376,-0.61226,0.87821,-0.61226,0.87821,0.00000,0.00000,0,0.00039,-0.00768,-0.03105,-0.00093,-1.06768,-1.12752,-0.05278,-0.05357,-0.00131,2.40123,2.48680,-0.00335,-0.00183,-0.00559,2.54483,2.43485,-0.18725,-0.17831,0.00026,2.43817,2.55928,0.01647,0.04089,0.00797,2.93499,2.91279,-0.02849,-0.07152,0.00735,-1.12472,-1.07291
19.7923,0.25846,0.67219,0.25846,0.67219,0.26065,0.67321,-0.35623,1.53354,-0.61688,0.86033,-0.61688,0.86033,0.00000,0.00000,0,0.00030,-0.00684,-0.03067,0.00303,-1.14980,-1.07047,-0.05292,-0.05357,-0.00422,2.36369,2.56784,-0.00362,-0.00185,0.00549,2.61523,2.65721,-0.18789,-0.17850,-0.00197,2.50333,2.55679,0.01591,0.04066,0.00197,3.02823,2.97996,-0.02769,-0.07125,0.00401,-1.26182,-1.26196
19.8949,0.25538,0.67549,0.25538,0.67549,0.25677,0.67414,-0.36398,1.51334,-0.62074,0.83919,-0.62074,0.83919,0.00000,0.00000,0,0.00027,-0.00589,-0.03030,-0.00218,-1.21284,-1.08285,-0.05301,-0.05356,0.00138,2.42081,2.37865,-0.00388,-0.00190,-0.00296,2.58656,2.75756,-0.18869,-0.17866,0.00642,2.56919,2.66458,0.01521,0.04038,0.00070,3.07764,3.13358,-0.02679,-0.07093,0.00658,-1.35972,-1.27310
19.9956,0.25881,0.67339,0.25881,0.67339,0.25771,0.67457,-0.37168,1.49309,-0.62939,0.81852,-0.62939,0.81852,0.00000,0.00000,0,0.00027,-0.00485,-0.02994,0.00189,-1.29148,-1.32948,-0.05333,-0.05355,0.00584,2.43161,2.57101,-0.00435,-0.00193,-0.00306,2.60336,2.64395,-0.18938,-0.17888,-0.00229,2.60296,2.64084,0.01465,0.04013,-0.00573,3.11995,3.14979,-0.02579,-0.07056,0.00192,-1.49923,-1.42718
20.0966,0.25379,0.67310,0.25379,0.67310,0.25555,0.67335,-0.37939,1.47287,-0.63494,0.79952,-0.63494,0.79952,0.00000,0.00000,0,0.00039,-0.00396,-0.02956,0.01254,-1.38924,-1.26537,-0.05351,-0.05357,-0.00237,2.43947,2.32134,-0.00467,-0.00201,-0.00020,2.64848,2.49114,-0.19005,-0.17911,-0.00759,2.64079,2.70644,0.01407,0.03988,0.00594,3.21860,3.10954,-0.02493,-0.07026,-0.00047,-1.58815,-1.45275
20.1998,0.24842,0.67242,0.24842,0.67242,0.25070,0.67257,-0.38696,1.45269,-0.63767,0.78012,-0.63767,0.78012,0.00000,0.00000,0,0.00042,-0.00310,-0.02923,-0.00266,-1.47166,-1.39455,-0.05356,-0.05356,-0.00043,2.41581,2.41509,-0.00486,-0.00207,-0.00531,2.65769,2.71047,-0.19080,-0.17932,0.00160,2.70544,2.69784,0.01340,0.03956,-0.00432,3.28559,3.39279,-0.02412,-0.06989,0.00428,-1.71711,-1.94899
20.3017,0.24787,0.67224,0.24787,0.67224,0.24852,0.67204,-0.39445,1.43252,-0.64296,0.76048,-0.64296,0.76048,0.00000,0.00000,0,0.00038,-0.00217,-0.02876,0.00567,-1.53175,-1.55903,-0.05372,-0.05357,-0.00175,2.44828,2.46039,-0.00518,-0.00216,0.00106,2.67097,2.51026,-0.19151,-0.17954,-0.00691,2.74372,2.73810,0.01279,0.03926,0.00451,3.38118,3.29314,-0.02324,-0.06950,-0.00076,-1.83112,-1.87493
20.4041,0.24521,0.67270,0.24521,0.67270,0.24627,0.67291,-0.40186,1.41234,-0.64814,0.73943,-0.64814,0.73943,0.00000,0.00000,0,0.00030,-0.00120,-0.02831,0.00850,-1.59376,-1.68784,-0.05388,-0.05357,-0.00499,2.41644,2.50223,-0.00549,-0.00228,0.00263,2.69444,2.63928,-0.19228,-0.17977,-0.00303,2.80288,2.82710,0.01212,0.03895,-0.00707,3.41128,3.48466,-0.02231,-0.06915,-0.00596,-1.93402,-1.75877
20.5053,0.24359,0.67202,0.24359,0.67202,0.24454,0.67274,-0.40922,1.39215,-0.65376,0.71941,-0.65376,0.71941,0.00000,0.00000,0,0.00028,-0.00025,-0.02787,0.01468,-1.68059,-1.63397,-0.05406,-0.05356,0.00342,2.49376,2.52408,-0.00582,-0.00241,0.00616,2.71731,2.83002,-0.19299,-0.17996,0.00611,2.87730,2.89263,0.01151,0.03862,0.00244,3.49449,3.44680,-0.02141,-0.06870,0.00603,-2.05987,-1.97262
20.6071,0.23774,0.67181,0.23774,0.67181,0.23941,0.67152,-0.41645,1.37199,-0.65587,0.70047,-0.65587,0.70047,0.00000,0.00000,0,0.00108,0.00057,-0.02735,0.01235,-1.73741,-1.83698,-0.05408,-0.05357,-0.00056,2.44794,2.35786,-0.00598,-0.00252,0.01180,2.74966,2.75762,-0.19374,-0.18021,0.00136,2.88733,2.96348,0.01084,0.03823,-0.01106,3.53837,3.56675,-0.02064,-0.06832,0.00872,-2.13588,-2.39586
20.7072,0.23300,0.66964,0.23300,0.66964,0.23503,0.67012,-0.42356,1.35188,-0.65859,0.68175,-0.65859,0.68175,0.00000,0.00000,0,0.00035,0.00141,-0.02673,-0.01309,-1.83948,-1.90900,-0.05413,-0.05356,0.00199,2.45874,2.41169,-0.00618,-0.00273,-0.00029,2.72853,2.69877,-0.19446,-0.18046,0.00205,2.99067,3.22414,0.01020,0.03784,0.00759,3.61707,3.61726,-0.01986,-0.06784,0.00063,-2.28229,-2.28395
20.8087,0.22868,0.67076,0.22868,0.67076,0.23056,0.67032,-0.43053,1.33177,-0.66108,0.66145,-0.66108,0.66145,0.00000,0.00000,0,0.00030,0.00230,-0.02591,0.00564,-1.86553,-1.83006,-0.05417,-0.05357,-0.00061,2.49287,2.62029,-0.00636,-0.00291,0.00724,2.72735,2.78505,-0.19525,-0.18072,0.00609,3.03938,3.00642,0.00949,0.03735,0.00626,3.66690,3.61286,-0.01903,-0.06742,0.00111,-2.37876,-2.35059
20.9103,0.21956,0.67401,0.21956,0.67401,0.22464,0.67215,-0.43736,1.31164,-0.66201,0.63949,-0.66201,0.63949,0.00000,0.00000,0,0.00043,0.00323,-0.02486,0.03101,-1.84495,-1.67680,-0.05412,-0.05357,-0.00263,2.47648,2.30548,-0.00648,-0.00310,0.00315,2.72167,2.72544,-0.19614,-0.18104,-0.00157,3.05361,3.02945,0.00868,0.03676,-0.00422,3.71962,3.74837,-0.01818,-0.06683,0.00175,-2.50443,-2.50409
21.0117,0.20579,0.68501,0.20579,0.68501,0.21252,0.67953,-0.44390,1.29137,-0.65642,0.61184,-0.65642,0.61184,0.00000,0.00000,0,0.00113,0.00426,-0.02219,0.05158,-1.73770,-1.80113,-0.05376,-0.05357,0.00108,2.42654,2.30989,-0.00633,-0.00324,0.00455,2.72830,2.62847,-0.19739,-0.18136,-0.00065,3.20299,3.29264,0.00749,0.03583,-0.02365,3.76207,3.78117,-0.01728,-0.06619,0.00711,-2.57857,-2.71756
21.1132,0.16541,0.71271,0.16541,0.71271,0.18352,0.70146,-0.44980,1.27061,-0.63332,0.56916,-0.63332,0.56916,0.00000,0.00000,0,0.00031,0.00557,-0.01307,0.20959,-0.82905,-0.95280,-0.05252,-0.05358,-0.00679,2.34531,2.38652,-0.00543,-0.00333,0.00476,2.65356,2.71750,-0.19961,-0.18185,-0.01010,3.28992,3.28556,0.00527,0.03470,-0.01142,3.94753,3.93451,-0.01626,-0.06508,0.01728,-2.63039,-2.73505
21.2134,0.06726,0.80969,0.06726,0.80969,0.10340,0.76727,-0.45392,1.24860,-0.55732,0.48132,-0.55732,0.48132,0.00000,0.00000,0,0.00027,0.00769,0.00152,0.00870,-0.68950,-0.48306,-0.04868,-0.05357,-0.00485,2.05712,2.10420,-0.00227,-0.00328,0.00743,2.41618,2.34444,-0.20474,-0.18311,-0.02224,3.58958,3.45141,-0.00003,0.03284,-0.03355,4.19030,4.33925,-0.01492,-0.06226,0.05286,-2.54272,-2.65629
21.3148,0.00440,0.81198,0.00440,0.81198,0.03764,0.79472,-0.45585,1.22505,-0.49349,0.43034,-0.49349,0.43034,0.00000,0.00000,0,0.00027,0.00852,0.00234,0.00275,-0.68247,-0.73829,-0.04554,-0.05356,-0.00376,1.85564,1.89942,0.00046,-0.00324,0.00061,2.26067,2.30507,-0.20811,-0.18480,0.00112,3.73608,3.77086,-0.00362,0.03135,-0.01098,4.39279,4.32398,-0.01466,-0.05018,0.20255,-1.41863,-1.35343
21.4154,-0.09445,0.83651,-0.09445,0.83651,-0.05361,0.82978,-0.45546,1.20049,-0.40184,0.37071,-0.40184,0.37071,0.00000,0.00000,0,0.00031,0.00916,0.00313,0.00214,-0.69549,-0.77480,-0.04110,-0.05352,0.00560,1.58517,1.55469,0.00444,-0.00313,0.00223,1.98684,1.98163,-0.21238,-0.18692,-0.03994,3.86476,3.96752,-0.00825,0.03012,-0.00994,4.70227,4.72327,-0.01480,-0.03832,0.03017,-1.25213,-1.30389
21.5163,-0.12832,0.84228,-0.12832,0.84228,-0.10703,0.84308,-0.45282,1.17527,-0.34579,0.33219,-0.34579,0.33219,0.00000,0.00000,0,0.00049,0.00963,0.00359,-0.01019,-0.76031,-0.73979,-0.03837,-0.05351,-0.00448,1.39877,1.42825,0.00687,-0.00309,-0.00625,1.84963,1.78880,-0.21508,-0.19008,-0.01577,3.89891,3.86578,-0.01116,0.02869,-0.01251,4.84164,4.92121,-0.01480,-0.03667,0.02235,-1.21491,-0.91685
21.6177,-0.16155,0.83889,-0.16155,0.83889,-0.14412,0.84067,-0.44893,1.15001,-0.30480,0.30935,-0.30480,0.30935,0.00000,0.00000,0,0.00027,0.00976,0.00384,0.00877,-0.69536,-0.67190,-0.03640,-0.05350,-0.00408,1.24139,1.19662,0.00866,-0.00304,-0.00419,1.70918,1.77885,-0.21683,-0.19246,-0.02389,3.86100,3.78204,-0.01309,0.02706,-0.02470,4.88340,4.92025,-0.01501,-0.03556,0.01698,-1.17785,-1.20640
21.7204,-0.19989,0.82594,-0.19989,0.82594,-0.18054,0.83272,-0.44398,1.12490,-0.26344,0.29218,-0.26344,0.29218,0.00000,0.00000,0,0.00029,0.00965,0.00413,0.00770,-0.68489,-0.72499,-0.03443,-0.05345,0.00073,1.13469,1.17569,0.01049,-0.00295,0.00584,1.65527,1.86613,-0.21835,-0.19473,-0.02421,3.88307,3.85172,-0.01481,0.02275,-0.06355,4.66558,4.49793,-0.01544,-0.03500,-0.00552,-1.21269,-1.25376
21.8230,-0.25682,0.80713,-0.25682,0.80713,-0.23369,0.81473,-0.43763,1.10023,-0.20394,0.28550,-0.20394,0.28550,0.00000,0.00000,0,0.00027,0.00874,0.00412,-0.00537,-0.63585,-0.63466,-0.03168,-0.05338,0.00241,0.91804,0.78720,0.01319,-0.00283,0.00108,1.39833,1.39965,-0.21980,-0.19775,-0.03469,3.77869,3.81463,-0.01660,0.01704,-0.03921,4.57154,4.35572,-0.01674,-0.03485,0.00814,-1.11245,-1.12951
21.9236,-0.32331,0.77299,-0.32331,0.77299,-0.28969,0.78947,-0.42968,1.07620,-0.13999,0.28673,-0.13999,0.28673,0.00000,0.00000,0,0.00028,0.00741,0.00409,0.00085,-0.56835,-0.60066,-0.02874,-0.05331,0.00594,0.73026,0.75741,0.01612,-0.00269,0.00241,1.22248,1.28237,-0.22100,-0.20675,-0.14209,3.02463,3.15039,-0.01821,0.01234,-0.08200,4.30378,4.20424,-0.01846,-0.03484,0.00318,-1.05832,-1.01959
22.0253,-0.41533,0.73360,-0.41533,0.73360,-0.37668,0.74632,-0.41942,1.05335,-0.04274,0.30703,-0.04274,0.30703,0.00000,0.00000,0,0.00040,0.00462,0.00391,-0.00750,-0.39023,-0.39821,-0.02436,-0.05326,0.01333,0.36441,0.41480,0.02064,-0.00244,0.00504,0.89184,0.92118,-0.22207,-0.21201,-0.00963,3.16333,3.22663,-0.01996,0.00437,-0.04652,4.05426,4.09603,-0.02177,-0.03486,0.00437,-0.84672,-0.96678
22.1274,-0.43619,0.72489,-0.43619,0.72489,-0.42167,0.73081,-0.40721,1.03126,0.01446,0.30044,0.01446,0.30044,0.00000,0.00000,0,0.00042,0.00376,0.00383,0.00256,-0.35844,-0.20624,-0.02170,-0.05245,0.00896,0.21873,0.08567,0.02323,-0.00228,-0.00486,0.72483,0.72536,-0.22346,-0.21271,-0.00804,3.23216,3.18440,-0.02169,0.00150,-0.03721,4.08886,4.11637,-0.02302,-0.03487,0.00297,-0.84271,-0.82723
22.2299,-0.46541,0.71112,-0.46541,0.71112,-0.45120,0.71784,-0.39404,1.00956,0.05715,0.29172,0.05715,0.29172,0.00000,0.00000,0,0.00070,0.00327,0.00380,0.00459,-0.32101,-0.06778,-0.01971,-0.05174,0.00915,0.11704,0.13192,0.02516,-0.00214,0.00192,0.58186,0.61059,-0.22466,-0.21327,-0.00310,3.32554,3.44770,-0.02313,-0.00264,-0.05351,3.91577,4.06831,-0.02380,-0.03489,-0.00192,-0.85306,-0.86612
22.3308,-0.49884,0.70430,-0.49884,0.70430,-0.48400,0.70861,-0.37990,0.98819,0.10410,0.27958,0.10410,0.27958,0.00000,0.00000,0,0.00038,0.00283,0.00372,0.00138,-0.31852,-0.23654,-0.01751,-0.05047,0.01035,-0.00118,-0.02102,0.02726,-0.00194,0.00074,0.38219,0.43822,-0.22609,-0.21396,-0.01003,3.33477,3.35610,-0.02481,-0.00550,-0.01804,3.96367,3.86868,-0.02457,-0.03490,-0.00654,-0.84680,-0.72976
22.4325,-0.50991,0.69375,-0.50991,0.69375,-0.50368,0.69826,-0.36499,0.96713,0.13869,0.26887,0.13869,0.26887,0.00000,0.00000,0,0.00036,0.00259,0.00369,-0.00550,-0.30860,-0.36642,-0.01589,-0.04801,0.03378,0.08130,0.20386,0.02881,-0.00174,0.00101,0.28136,0.17661,-0.22721,-0.21463,-0.01422,3.40072,3.39649,-0.02611,-0.00688,-0.02080,4.02464,3.95319,-0.02508,-0.03488,0.00509,-0.79035,-0.84736
22.5351,-0.52358,0.69289,-0.52358,0.69289,-0.51640,0.69484,-0.34966,0.94625,0.16674,0.25141,0.16674,0.25141,0.00000,0.00000,0,0.00098,0.00275,0.00370,0.00056,-0.33417,-0.41978,-0.01453,-0.04410,0.02908,0.17307,0.25248,0.03003,-0.00149,0.00161,0.15798,0.18818,-0.22849,-0.21529,-0.00187,3.47650,3.47974,-0.02750,-0.00831,-0.01734,4.05324,4.03290,-0.02515,-0.03488,0.00093,-0.82773,-0.52900
22.6351,-0.54300,0.68207,-0.54300,0.68207,-0.53322,0.68709,-0.33389,0.92552,0.19933,0.23843,0.19933,0.23843,0.00000,0.00000,0,0.00033,0.00264,0.00370,0.00408,-0.31178,-0.36583,-0.01299,-0.04247,0.01686,0.07388,0.21845,0.03148,-0.00120,0.00941,0.04506,0.06642,-0.22966,-0.21598,-0.01093,3.51682,3.51427,-0.02884,-0.01097,-0.04075,3.91515,3.77150,-0.02551,-0.03487,0.00637,-0.79535,-0.77097
22.7358,-0.59124,0.65511,-0.59124,0.65511,-0.56964,0.66533,-0.31728,0.90530,0.25236,0.23996,0.25236,0.23996,0.00000,0.00000,0,0.00027,0.00152,0.00362,-0.00151,-0.25420,-0.39127,-0.01056,-0.04096,0.01770,-0.05575,-0.02844,0.03391,-0.00059,0.00207,-0.13377,-0.10365,-0.23064,-0.21693,-0.00403,3.54575,3.59041,-0.03016,-0.01717,-0.06789,3.56930,3.57170,-0.02696,-0.03491,-0.01038,-0.71986,-0.90588
22.8365,-0.63476,0.62578,-0.63476,0.62578,-0.61483,0.63872,-0.29937,0.88580,0.31546,0.24707,0.31546,0.24707,0.00000,0.00000,0,0.00064,-0.00003,0.00351,0.00160,-0.10222,-0.22162,-0.00770,-0.03937,0.01987,-0.19195,-0.12551,0.03681,0.00112,0.01609,-0.23756,-0.20909,-0.23158,-0.21805,-0.01765,3.53177,3.49077,-0.03152,-0.02144,-0.04524,3.48858,3.75865,-0.02888,-0.03493,-0.00084,-0.60516,-0.75261
22.9379,-0.67752,0.59580,-0.67752,0.59580,-0.65671,0.60943,-0.28019,0.86716,0.37652,0.25773,0.37652,0.25773,0.00000,0.00000,0,0.00030,-0.00169,0.00337,-0.00112,-0.01922,-0.22498,-0.00493,-0.03803,0.01614,-0.34893,-0.39264,0.03964,0.00277,0.00932,-0.39361,-0.23662,-0.23233,-0.21957,-0.02727,3.45605,3.48239,-0.03270,-0.02778,-0.09423,3.00733,2.95946,-0.03089,-0.03495,-0.00135,-0.48564,-0.59388
23.0400,-0.72213,0.55538,-0.72213,0.55538,-0.70427,0.57522,-0.25957,0.84947,0.44470,0.27425,0.44470,0.27425,0.00000,0.00000,0,0.00028,-0.00373,0.00309,0.00124,0.08806,0.11783,-0.00187,-0.03369,0.05764,-0.21038,-0.25225,0.04281,0.00409,0.02139,-0.55845,-0.51231,-0.23298,-0.22175,-0.02260,3.41273,3.48513,-0.03385,-0.03087,-0.01155,3.16450,3.08272,-0.03330,-0.03503,-0.00196,-0.35647,-0.43659
23.1430,-0.74420,0.51593,-0.74420,0.51593,-0.73098,0.53222,-0.23797,0.83304,0.49301,0.30082,0.49301,0.30082,0.00000,0.00000,0,0.00026,-0.00580,0.00272,-0.01565,0.19446,0.21419,0.00025,-0.03200,0.00347,-0.41790,-0.35958,0.04511,0.00530,0.01692,-0.70551,-0.71731,-0.23283,-0.22594,-0.05687,3.04672,2.92747,-0.03409,-0.03127,0.00414,3.16129,3.17068,-0.03557,-0.03506,0.00272,-0.18685,-0.33002
23.2450,-0.79903,0.47260,-0.79903,0.47260,-0.77178,0.49505,-0.21537,0.81769,0.55641,0.32264,0.55641,0.32264,0.00000,0.00000,0,0.00090,-0.00796,0.00250,-0.00629,0.32495,0.19556,0.00308,-0.03064,0.00989,-0.56941,-0.62754,0.04807,0.00650,0.01867,-0.88755,-0.83196,-0.23316,-0.23566,-0.13659,2.26596,2.11478,-0.03491,-0.03170,-0.00664,3.16965,3.12872,-0.03806,-0.03513,-0.00464,-0.11703,-0.14252
23.3456,-0.86482,0.40049,-0.86482,0.40049,-0.83792,0.43235,-0.19104,0.80390,0.64688,0.37155,0.64688,0.37155,0.00000,0.00000,0,0.00029,-0.01180,0.00186,-0.00833,0.56792,0.32732,0.00705,-0.02863,0.01621,-0.75177,-0.67938,0.05236,0.00926,0.05356,-0.99337,-0.75476,-0.23290,-0.24632,-0.02678,1.89292,1.80180,-0.03541,-0.03228,-0.02556,3.16373,3.24211,-0.04228,-0.03527,-0.01018,0.20984,0.06015
23.4471,-0.87812,0.29187,-0.87812,0.29187,-0.86921,0.35148,-0.16527,0.79222,0.70394,0.44074,0.70394,0.44074,0.00000,0.00000,0,0.00027,-0.01581,0.00097,-0.01451,0.74410,0.72485,0.00942,-0.02717,0.02455,-0.85262,-0.86452,0.05519,0.02630,0.20207,0.30036,0.11674,-0.23114,-0.24699,-0.00514,1.79324,1.58496,-0.03427,-0.03250,-0.00463,3.13497,3.00147,-0.04639,-0.03541,-0.00654,0.46221,0.33685
23.5489,-0.89381,0.24765,-0.89381,0.24765,-0.89321,0.26569,-0.13863,0.78358,0.75458,0.51788,0.75458,0.51788,0.00000,0.00000,0,0.00026,-0.02002,-0.00055,-0.00520,1.02424,0.93960,0.01147,-0.02618,0.01982,-0.97991,-0.94082,0.05775,0.02727,-0.00130,-0.44080,-0.44787,-0.22892,-0.24696,0.00023,1.57256,1.65300,-0.03266,-0.03255,0.00196,2.97715,2.95167,-0.05063,-0.03564,0.00652,0.78768,0.74331
23.6507,-0.90133,0.23680,-0.90133,0.23680,-0.90080,0.24235,-0.11170,0.77615,0.78910,0.53380,0.78910,0.53380,0.00000,0.00000,0,0.00029,-0.02137,-0.00097,-0.00563,1.06232,0.95009,0.01300,-0.02500,0.02265,-1.07864,-1.12027,0.05937,0.02759,-0.00148,-0.58639,-0.44753,-0.22894,-0.24699,-0.00579,1.59274,1.65020,-0.03295,-0.03264,0.00643,3.06245,3.05182,-0.05214,-0.03576,-0.00718,0.80675,0.96460
23.7536,-0.90410,0.22435,-0.90410,0.22435,-0.90223,0.22924,-0.08465,0.76913,0.81757,0.53988,0.81757,0.53988,0.00000,0.00000,0,0.00118,-0.02219,-0.00125,-0.00619,1.13585,1.19006,0.01428,-0.02269,0.01989,-1.04428,-0.97899,0.06069,0.02823,0.01227,-0.64993,-0.71702,-0.22924,-0.24699,0.00103,1.56222,1.57796,-0.03347,-0.03274,0.00468,3.08944,3.02606,-0.05312,-0.03581,0.00080,0.91186,0.80241
23.8531,-0.89979,0.20590,-0.89979,0.20590,-0.89978,0.21354,-0.05765,0.76253,0.84214,0.54899,0.84214,0.54899,0.00000,0.00000,0,0.00029,-0.02306,-0.00160,-0.00536,1.17884,1.17030,0.01538,-0.02102,0.01293,-1.11652,-1.02865,0.06184,0.02890,0.01302,-0.73357,-0.62893,-0.22934,-0.24696,0.01137,1.61482,1.48516,-0.03376,-0.03289,0.00126,3.07698,2.96897,-0.05410,-0.03589,-0.00091,0.98587,1.20937
23.9537,-0.90661,0.18857,-0.90661,0.18857,-0.90442,0.19721,-0.03056,0.75641,0.87386,0.55920,0.87386,0.55920,0.00000,0.00000,0,0.00033,-0.02411,-0.00197,-0.00381,1.27093,1.28471,0.01680,-0.01936,0.03023,-1.11636,-0.95960,0.06332,0.03005,0.01855,-0.80277,-0.66123,-0.22953,-0.24700,-0.00641,1.51982,1.53311,-0.03420,-0.03305,-0.00569,3.08461,3.10631,-0.05532,-0.03597,0.00525,1.09461,1.10528
24.0563,-0.91196,0.15148,-0.91196,0.15148,-0.90940,0.16965,-0.00333,0.75093,0.90607,0.58128,0.90607,0.58128,0.00000,0.00000,0,0.00122,-0.02567,-0.00243,-0.01064,1.37667,1.41811,0.01820,-0.01386,0.14763,-0.57166,-0.87043,0.06485,0.03228,0.04383,-0.73206,-0.77175,-0.22925,-0.24698,0.00572,1.48593,1.46166,-0.03420,-0.03313,-0.00376,3.07672,3.01122,-0.05700,-0.03613,0.00060,1.22815,1.16932
24.1562,-0.90942,-0.03046,-0.90942,-0.03046,-0.91282,0.03151,0.02408,0.74804,0.93691,0.71654,0.93691,0.71654,0.00000,0.00000,0,0.00041,-0.03191,-0.00396,-0.02675,1.78552,1.70666,0.01914,-0.00022,0.00879,-0.26021,-0.17603,0.06668,0.04369,0.13205,0.06243,-0.16293,-0.22423,-0.24688,0.00992,1.05876,1.13967,-0.02987,-0.03318,-0.00233,2.68154,2.80875,-0.06292,-0.03664,-0.01039,1.66514,1.67125
24.2590,-0.93621,-0.12661,-0.93621,-0.12661,-0.93266,-0.08593,0.05180,0.74940,0.98446,0.83533,0.98446,0.83533,0.00000,0.00000,0,0.00026,-0.03781,-0.00622,-0.02714,2.00706,1.96538,0.02091,0.00039,0.01767,-0.34012,-0.31574,0.06922,0.05573,0.02115,0.26674,0.27002,-0.22023,-0.24673,0.01295,0.81248,0.79679,-0.02660,-0.03316,0.00105,2.53451,2.45850,-0.06864,-0.03896,-0.02967,1.89094,1.94248
24.3603,-0.93979,-0.13476,-0.93979,-0.13476,-0.93644,-0.12760,0.07983,0.75288,1.01627,0.88048,1.01627,0.88048,0.00000,0.00000,0,0.00032,-0.04032,-0.00735,-0.00625,2.13239,2.05977,0.02221,0.00131,-0.00170,-0.42682,-0.31042,0.07080,0.05656,0.01490,0.20309,0.22416,-0.21897,-0.24668,0.00389,0.72706,0.60406,-0.02572,-0.03313,0.00304,2.52256,2.33381,-0.07118,-0.04009,-0.00550,2.02414,2.14400
24.4632,-0.93825,-0.14239,-0.93825,-0.14239,-0.93777,-0.13924,0.10797,0.75694,1.04574,0.89618,1.04574,0.89618,0.00000,0.00000,0,0.00031,-0.04156,-0.00802,-0.01272,2.21057,2.29065,0.02351,0.00204,-0.00266,-0.50701,-0.50028,0.07219,0.05712,0.00954,0.11771,0.16619,-0.21890,-0.24669,-0.00861,0.66041,0.64623,-0.02589,-0.03314,-0.00050,2.53293,2.48946,-0.07255,-0.04062,-0.01586,2.07745,2.18929
24.5657,-0.93481,-0.14826,-0.93481,-0.14826,-0.93569,-0.14492,0.13606,0.76121,1.07176,0.90613,1.07176,0.90613,0.00000,0.00000,0,0.00041,-0.04250,-0.00863,-0.00803,2.29777,2.35316,0.02468,0.00260,0.00341,-0.56413,-0.59894,0.07340,0.05758,0.00168,0.03504,0.05681,-0.21899,-0.24664,0.00181,0.65106,0.61416,-0.02619,-0.03315,-0.00321,2.56315,2.75682,-0.07361,-0.04111,-0.00354,2.17045,2.08080
24.6676,-0.93974,-0.15473,-0.93974,-0.15473,-0.93781,-0.15163,0.16417,0.76568,1.10198,0.91731,1.10198,0.91731,0.00000,0.00000,0,0.00029,-0.04356,-0.00955,-0.01190,2.35601,2.23735,0.02603,0.00329,0.01084,-0.63878,-0.60810,0.07481,0.05803,0.00144,-0.06966,-0.11385,-0.21911,-0.24663,-0.00664,0.58540,0.56356,-0.02655,-0.03315,-0.00009,2.54975,2.49435,-0.07483,-0.04173,-0.01150,2.27585,2.23190
24.7690,-0.93297,-0.16299,-0.93297,-0.16299,-0.93616,-0.15925,0.19230,0.77037,1.12846,0.92962,1.12846,0.92962,0.00000,0.00000,0,0.00027,-0.04460,-0.01099,-0.02338,2.37368,2.28850,0.02720,0.00391,0.00846,-0.72643,-0.75679,0.07605,0.05846,0.00617,-0.14002,-0.08910,-0.21912,-0.24660,-0.00098,0.56943,0.56649,-0.02678,-0.03313,0.00610,2.55083,2.62758,-0.07599,-0.04226,-0.00700,2.36670,2.34020
24.8712,-0.92491,-0.17202,-0.92491,-0.17202,-0.92865,-0.16777,0.22027,0.77530,1.14892,0.94307,1.14892,0.94307,0.00000,0.00000,0,0.00028,-0.04557,-0.01722,-0.12280,1.81063,1.91543,0.02810,0.00441,0.01652,-0.77916,-0.65308,0.07702,0.05876,0.00056,-0.22455,-0.11967,-0.21896,-0.24655,0.00170,0.47726,0.62199,-0.02680,-0.03314,-0.00308,2.56319,2.55186,-0.07703,-0.04264,-0.00230,2.50429,2.53094
24.9727,-0.89195,-0.21205,-0.89195,-0.21205,-0.90613,-0.19537,0.24778,0.78076,1.15390,0.97613,1.15390,0.97613,0.00000,0.00000,0,0.00029,-0.04705,-0.02632,-0.06385,1.56035,1.66653,0.02821,0.00477,-0.00342,-0.83222,-0.78411,0.07735,0.05911,0.00536,-0.24506,-0.26509,-0.21768,-0.24649,-0.00011,0.36454,0.35267,-0.02568,-0.03313,0.00530,2.43095,2.45609,-0.07841,-0.04304,-0.00529,2.60512,2.71536
25.0742,-0.87437,-0.23155,-0.87437,-0.23155,-0.88191,-0.22354,0.27449,0.78718,1.15640,1.01072,1.15640,1.01072,0.00000,0.00000,0,0.00031,-0.04854,-0.02900,-0.00666,1.69834,1.49847,0.02820,0.00488,-0.00156,-0.82806,-0.73503,0.07757,0.05925,0.00758,-0.25852,-0.34312,-0.21630,-0.24635,-0.00140,0.19575,0.35554,-0.02443,-0.03312,0.00394,2.33321,2.20487,-0.07978,-0.04352,-0.00280,2.73690,2.67104
25.1751,-0.87161,-0.23693,-0.87161,-0.23693,-0.87250,-0.23410,0.30074,0.79411,1.17324,1.02822,1.17324,1.02822,0.00000,0.00000,0,0.00046,-0.04961,-0.02959,-0.01104,1.74282,1.81820,0.02892,0.00529,0.00345,-0.92012,-0.99642,0.07839,0.05940,0.00537,-0.36227,-0.33823,-0.21590,-0.24624,-0.00080,0.17118,0.12438,-0.02420,-0.03311,0.00965,2.34730,2.39698,-0.08088,-0.04394,-0.00841,2.82634,2.75349
25.2785,-0.86805,-0.24387,-0.86805,-0.24387,-0.86896,-0.23999,0.32684,0.80124,1.19581,1.04123,1.19581,1.04123,0.00000,0.00000,0,0.00210,-0.05060,-0.02993,0.00140,1.83358,1.90733,0.02991,0.00579,0.00938,-0.98884,-0.89486,0.07945,0.05970,0.00247,-0.43602,-0.38552,-0.21580,-0.24619,0.00480,0.10193,0.01294,-0.02430,-0.03311,0.00091,2.31842,2.36759,-0.08196,-0.04426,0.00609,2.97497,2.98788
25.3777,-0.87001,-0.25302,-0.87001,-0.25302,-0.86912,-0.24924,0.35292,0.80861,1.22203,1.05786,1.22203,1.05786,0.00000,0.00000,0,0.00033,-0.05181,-0.03028,-0.00369,1.92923,2.02344,0.03106,0.00667,0.00486,-1.05202,-1.07182,0.08069,0.06011,0.00764,-0.51884,-0.53609,-0.21562,-0.24613,-0.00430,0.03103,-0.00497,-0.02435,-0.03312,-0.00379,2.31469,2.27774,-0.08328,-0.04472,-0.01424,3.05507,3.07848
25.4810,-0.86685,-0.26131,-0.86685,-0.26131,-0.86845,-0.25726,0.37899,0.81623,1.24744,1.07350,1.24744,1.07350,0.00000,0.00000,0,0.00049,-0.05297,-0.03058,-0.00471,2.01327,2.10707,0.03218,0.00748,0.00526,-1.10529,-1.06623,0.08189,0.06047,0.00547,-0.61852,-0.69693,-0.21546,-0.24605,0.00789,-0.00835,-0.04522,-0.02442,-0.03312,-0.00334,2.30801,2.26975,-0.08454,-0.04526,-0.01185,3.18741,2.95753
25.5814,-0.86643,-0.27615,-0.86643,-0.27615,-0.86803,-0.26945,0.40505,0.82416,1.27307,1.09361,1.27307,1.09361,0.00000,0.00000,0,0.00036,-0.05432,-0.03095,-0.00562,2.14580,2.13881,0.03329,0.00885,0.01469,-1.12342,-1.18708,0.08312,0.06095,0.01189,-0.68983,-0.61634,-0.21513,-0.24601,-0.00143,-0.12181,-0.01410,-0.02433,-0.03311,0.00403,2.28249,2.23778,-0.08597,-0.04569,-0.00183,3.35292,3.31930
25.6842,-0.86879,-0.29389,-0.86879,-0.29389,-0.86771,-0.28370,0.43106,0.83247,1.29878,1.11617,1.29878,1.11617,0.00000,0.00000,0,0.00158,-0.05577,-0.03133,-0.00445,2.25318,2.30349,0.03439,0.01273,0.12564,-0.66895,-0.76109,0.08435,0.06129,-0.00203,-0.80598,-0.82131,-0.21469,-0.24590,0.01449,-0.15547,-0.05128,-0.02415,-0.03311,0.00198,2.27940,2.23336,-0.08750,-0.04634,-0.01841,3.43891,3.32798
25.7854,-0.85781,-0.43207,-0.85781,-0.43207,-0.86740,-0.38016,0.45717,0.84243,1.32457,1.22260,1.32457,1.22260,0.00000,0.00000,0,0.00239,-0.06073,-0.03225,-0.02373,2.56605,2.42279,0.03521,0.02892,0.00086,-0.12214,-0.15428,0.08584,0.06204,-0.00257,-0.90833,-0.92014,-0.21078,-0.24574,-0.00439,-0.52249,-0.27801,-0.02078,-0.03306,-0.00177,1.97782,1.94351,-0.09218,-0.04721,-0.01507,3.82699,3.84432
25.8840,-0.86863,-0.44030,-0.86863,-0.44030,-0.87231,-0.42747,0.48326,0.85485,1.35558,1.28232,1.35558,1.28232,0.00000,0.00000,0,0.00029,-0.06384,-0.03358,-0.00334,2.73080,2.71064,0.03644,0.02959,0.00493,-0.17217,-0.06538,0.08742,0.06290,0.00304,-0.98271,-0.96847,-0.20891,-0.24532,0.00409,-0.64400,-0.64534,-0.01932,-0.03302,-0.01000,1.86916,1.80642,-0.09525,-0.04871,-0.01732,3.95041,4.01590
25.9857,-0.86088,-0.44857,-0.86088,-0.44857,-0.86174,-0.44385,0.50918,0.86804,1.37092,1.31190,1.37092,1.31190,0.00000,0.00000,0,0.00029,-0.06538,-0.03427,0.00017,2.79205,2.91308,0.03704,0.02976,0.00484,-0.14134,-0.24193,0.08821,0.06338,0.00900,-1.01037,-0.95101,-0.20798,-0.24515,0.00009,-0.72289,-0.74085,-0.01860,-0.03300,-0.00381,1.84431,1.81952,-0.09677,-0.04979,-0.02091,4.01468,3.96070
26.0866,-0.85260,-0.45741,-0.85260,-0.45741,-0.85360,-0.45329,0.53485,0.88152,1.38845,1.33482,1.38845,1.33482,0.00000,0.00000,0,0.00045,-0.06669,-0.03478,-0.00670,2.89057,2.74255,0.03777,0.02997,0.00949,-0.24122,-0.23370,0.08907,0.06411,0.00958,-1.08430,-1.02846,-0.20737,-0.24495,0.00948,-0.81811,-0.81527,-0.01819,-0.03298,0.00422,1.79835,1.82244,-0.09809,-0.05106,-0.01266,4.07800,4.07500
26.1878,-0.85385,-0.47124,-0.85385,-0.47124,-0.85303,-0.46446,0.56044,0.89530,1.41347,1.35977,1.41347,1.35977,0.00000,0.00000,0,0.00033,-0.06823,-0.03540,-0.00186,3.02486,3.13617,0.03884,0.03021,-0.00425,-0.31952,-0.28406,0.09027,0.06520,0.01714,-1.07829,-1.03816,-0.20682,-0.24479,0.00318,-0.90399,-1.00678,-0.01790,-0.03298,0.00330,1.75877,1.82543,-0.09969,-0.05298,-0.01965,4.14776,4.19459
26.2908,-0.84799,-0.52812,-0.84799,-0.52812,-0.84964,-0.49688,0.58598,0.90968,1.43562,1.40656,1.43562,1.40656,0.00000,0.00000,0,0.00030,-0.07063,-0.03622,-0.01085,3.16625,3.11858,0.03970,0.03060,0.01399,-0.29958,-0.25216,0.09141,0.07572,0.20288,0.00261,-0.21694,-0.20531,-0.24458,0.00953,-1.04452,-0.95822,-0.01670,-0.03297,0.00131,1.68526,1.78115,-0.10203,-0.05529,-0.03314,4.20969,4.16332
26.3933,-0.86282,-0.65410,-0.86282,-0.65410,-0.85817,-0.61257,0.61158,0.92670,1.46975,1.53927,1.46975,1.53927,0.00000,0.00000,0,0.00158,-0.07686,-0.03779,-0.02060,3.49118,3.43988,0.04083,0.03103,0.00369,-0.39474,-0.55155,0.09335,0.08789,0.02782,0.08402,0.01519,-0.20048,-0.24360,0.00770,-1.43413,-1.30279,-0.01255,-0.03292,0.00058,1.35356,1.50149,-0.10792,-0.05919,-0.05655,4.45815,4.19301
26.4929,-0.82538,-0.68352,-0.82538,-0.68352,-0.83576,-0.66893,0.63698,0.94623,1.47273,1.61517,1.47273,1.61517,0.00000,0.00000,0,0.00028,-0.08009,-0.03975,-0.01656,3.69934,3.76012,0.04070,0.03146,0.00868,-0.37157,-0.47442,0.09371,0.08851,0.00194,0.01264,0.00153,-0.19740,-0.24238,0.01745,-1.56518,-1.60122,-0.00974,-0.03288,0.00131,1.08379,1.07322,-0.11086,-0.06296,-0.03260,4.49594,4.38236
26.5935,-0.79986,-0.69493,-0.79986,-0.69493,-0.81093,-0.68857,0.66162,0.96667,1.47255,1.65524,1.47255,1.65524,0.00000,0.00000,0,0.00024,-0.08176,-0.04080,-0.02050,3.77568,3.78990,0.04056,0.03148,0.00759,-0.36888,-0.27721,0.09382,0.08864,0.00042,0.00373,-0.02568,-0.19573,-0.24174,0.01017,-1.69050,-1.74880,-0.00822,-0.03287,-0.00165,0.99321,1.03675,-0.11236,-0.06529,-0.01999,4.52831,4.63967
26.6945,-0.78063,-0.70782,-0.78063,-0.70782,-0.79053,-0.70168,0.68557,0.98757,1.47610,1.68925,1.47610,1.68925,0.00000,0.00000,0,0.00088,-0.08326,-0.04194,-0.02028,3.84798,3.94486,0.04061,0.03147,0.00192,-0.41375,-0.32291,0.09407,0.08872,0.00355,0.00596,-0.10383,-0.19440,-0.24093,0.00295,-1.84097,-1.83526,-0.00702,-0.03279,0.01800,0.95474,0.97654,-0.11373,-0.06667,-0.01950,4.58226,4.46738
26.7982,-0.76552,-0.71635,-0.76552,-0.71635,-0.77316,-0.71205,0.70897,1.00881,1.48213,1.72086,1.48213,1.72086,0.00000,0.00000,0,0.00216,-0.08470,-0.04347,-0.03054,3.86533,3.79792,0.04078,0.03153,0.00219,-0.40587,-0.44854,0.09444,0.08882,-0.00043,-0.04627,0.04198,-0.19321,-0.23964,0.01405,-1.90526,-1.79637,-0.00597,-0.03281,0.00182,0.78407,0.80453,-0.11508,-0.06769,0.00681,4.77919,4.75635
26.9015,-0.74978,-0.73629,-0.74978,-0.73629,-0.75812,-0.72735,0.73192,1.03042,1.49004,1.75776,1.49004,1.75776,0.00000,0.00000,0,0.00030,-0.08640,-0.04652,-0.04108,3.91461,3.97378,0.04102,0.03160,-0.00817,-0.49440,-0.57632,0.09490,0.08894,0.00035,-0.07962,-0.08025,-0.19183,-0.23779,0.02277,-1.92541,-2.00279,-0.00478,-0.03277,0.00628,0.68092,0.70405,-0.11667,-0.06856,-0.01528,4.89137,4.87265
27.0034,-0.71385,-0.74764,-0.71385,-0.74764,-0.73149,-0.74181,0.75424,1.05251,1.48573,1.79431,1.48573,1.79431,0.00000,0.00000,0,0.00029,-0.08785,-0.05107,-0.05581,3.67451,3.77720,0.04070,0.03173,0.00543,-0.44507,-0.48084,0.09482,0.08904,0.00491,-0.07614,-0.23993,-0.19024,-0.23239,0.10651,-1.53871,-1.56739,-0.00328,-0.03274,0.00161,0.50342,0.47627,-0.11793,-0.06919,-0.00200,5.05022,5.11859
27.1041,-0.58043,-0.69878,-0.58043,-0.69878,-0.63664,-0.72703,0.77472,1.07470,1.41135,1.80173,1.41135,1.80173,0.00000,0.00000,0,0.00028,-0.08668,-0.05731,-0.06720,3.24432,3.25452,0.03723,0.03173,0.00136,-0.28323,-0.28018,0.09148,0.08901,-0.00313,0.16953,0.09057,-0.18850,-0.21190,0.02657,-0.69915,-0.52032,-0.00105,-0.03274,-0.00904,0.27686,0.45588,-0.11626,-0.06959,-0.00520,5.02283,5.12120
27.2058,-0.52565,-0.74188,-0.52565,-0.74188,-0.55815,-0.72925,0.79232,1.09629,1.35047,1.82554,1.35047,1.82554,0.00000,0.00000,0,0.00072,-0.08646,-0.06273,-0.03378,3.03247,2.93346,0.03434,0.03172,-0.00058,-0.07763,-0.22539,0.08881,0.08891,-0.00119,0.30766,0.32619,-0.18633,-0.21014,0.01153,-0.72609,-0.68208,0.00145,-0.03267,-0.00461,0.09845,0.24871,-0.11555,-0.06974,-0.00160,4.97196,4.98135
27.3060,-0.50729,-0.74313,-0.50729,-0.74313,-0.52176,-0.73981,0.80839,1.11836,1.33016,1.85817,1.33016,1.85817,0.00000,0.00000,0,0.00026,-0.08742,-0.06508,-0.01604,3.04376,3.15683,0.03329,0.03173,0.00451,0.01323,0.03082,0.08799,0.08888,-0.00042,0.34620,0.33725,-0.18459,-0.20806,0.01047,-0.78905,-0.78674,0.00322,-0.03260,0.00248,-0.03230,0.07561,-0.11624,-0.07009,-0.00336,5.12005,5.06725
27.4087,-0.48936,-0.74566,-0.48936,-0.74566,-0.49891,-0.74421,0.82360,1.14065,1.32251,1.88486,1.32251,1.88486,0.00000,0.00000,0,0.00030,-0.08838,-0.06606,-0.00689,3.12590,3.31956,0.03284,0.03170,-0.01348,-0.02156,-0.01978,0.08772,0.08886,-0.00266,0.36072,0.21944,-0.18334,-0.20615,0.01200,-0.78839,-0.82037,0.00444,-0.03253,-0.00370,-0.18298,-0.08199,-0.11704,-0.07047,-0.00434,5.24201,5.14830
27.5105,-0.47203,-0.74106,-0.47203,-0.74106,-0.48186,-0.74446,0.83827,1.16301,1.32013,1.90748,1.32013,1.90748,0.00000,0.00000,0,0.00045,-0.08928,-0.06679,-0.01197,3.18338,3.11034,0.03266,0.03173,0.00341,0.01866,0.03165,0.08768,0.08885,-0.00069,0.32700,0.37553,-0.18236,-0.20184,0.11643,-0.30949,-0.37092,0.00536,-0.03245,-0.00518,-0.31177,-0.30329,-0.11783,-0.07078,-0.00620,5.34042,5.27485
27.6127,-0.39941,-0.68417,-0.39941,-0.68417,-0.42317,-0.70721,0.85169,1.18481,1.27487,1.89202,1.27487,1.89202,0.00000,0.00000,0,0.00026,-0.08773,-0.06722,0.00723,3.06925,3.16209,0.03062,0.03172,0.00682,0.15951,0.12396,0.08560,0.08882,0.00017,0.51918,0.56469,-0.18213,-0.18870,0.05031,0.21758,0.10415,0.00596,-0.03233,-0.00004,-0.42404,-0.36996,-0.11606,-0.07106,-0.00332,5.33295,5.18521
27.7146,-0.38751,-0.69479,-0.38751,-0.69479,-0.39459,-0.69942,0.86380,1.20588,1.25839,1.90530,1.25839,1.90530,0.00000,0.00000,0,0.00052,-0.08796,-0.06752,-0.00961,3.12194,3.12814,0.02981,0.03170,-0.00430,0.21300,0.06148,0.08489,0.08873,-0.00561,0.53673,0.62959,-0.18126,-0.18713,0.02280,0.21012,0.24701,0.00689,-0.03227,-0.00554,-0.53995,-0.53947,-0.11613,-0.07121,-0.00579,5.35436,5.27964
27.8155,-0.37943,-0.69613,-0.37943,-0.69613,-0.38158,-0.69583,0.87539,1.22679,1.25697,1.92262,1.25697,1.92262,0.00000,0.00000,0,0.00027,-0.08865,-0.06791,-0.00766,3.16571,3.12452,0.02968,0.03170,-0.00613,0.20235,0.09926,0.08488,0.08873,-0.00173,0.51559,0.41014,-0.18052,-0.18544,0.02206,0.25800,0.18773,0.00759,-0.03212,0.00259,-0.58736,-0.64717,-0.11674,-0.07144,-0.00862,5.46444,5.44305
27.9163,-0.37148,-0.69479,-0.37148,-0.69479,-0.37476,-0.69465,0.88671,1.24764,1.26147,1.94229,1.26147,1.94229,0.00000,0.00000,0,0.00028,-0.08957,-0.06835,-0.00929,3.22730,3.19984,0.02982,0.03172,0.00626,0.20248,0.13117,0.08514,0.08874,0.00184,0.50839,0.57508,-0.17979,-0.18453,0.00489,0.20142,0.16030,0.00822,-0.03195,-0.00798,-0.69650,-0.69139,-0.11760,-0.07172,0.00430,5.64486,5.52867
28.0177,-0.36683,-0.69837,-0.36683,-0.69837,-0.36855,-0.69635,0.89783,1.26850,1.26638,1.96485,1.26638,1.96485,0.00000,0.00000,0,0.00031,-0.09061,-0.06891,-0.00256,3.30564,3.22064,0.02997,0.03171,-0.00229,0.16442,0.27940,0.08543,0.08874,0.00352,0.50991,0.57590,-0.17896,-0.18404,-0.00048,0.18326,0.21635,0.00895,-0.03178,-0.00006,-0.81948,-0.69716,-0.11857,-0.07205,-0.00581,5.72569,5.66639
28.1233,-0.35723,-0.70164,-0.35723,-0.70164,-0.36134,-0.70054,0.90878,1.28947,1.27012,1.99001,1.27012,1.99001,0.00000,0.00000,0,0.00372,-0.09174,-0.06972,-0.00703,3.39079,3.52131,0.03006,0.03171,-0.00007,0.19268,0.19804,0.08567,0.08875,0.00399,0.49226,0.49012,-0.17799,-0.18357,0.00615,0.14709,0.02114,0.00981,-0.03159,-0.00329,-0.95983,-0.89886,-0.11962,-0.07235,0.00535,5.88628,5.66559
28.2208,-0.34719,-0.70169,-0.34719,-0.70169,-0.35232,-0.70137,0.91946,1.31050,1.27178,2.01188,1.27178,2.01188,0.00000,0.00000,0,0.00031,-0.09269,-0.07050,-0.00551,3.45526,3.49039,0.03006,0.03170,-0.00457,0.18935,0.11781,0.08581,0.08874,-0.00127,0.47313,0.50489,-0.17712,-0.18321,-0.00052,0.09568,0.12201,0.01059,-0.03129,-0.00179,-1.06224,-1.01360,-0.12048,-0.07269,-0.00979,5.92519,5.87800
28.3227,-0.34288,-0.70746,-1.34288,-0.70746,-0.64474,-0.70538,0.87861,1.33162,1.57642,2.03700,1.52335,2.03700,1.00000,0.00000,1,0.00028,-0.09877,-0.07152,-0.00803,3.46941,3.46783,0.04161,0.03171,0.00210,0.18313,0.21405,0.09722,0.08873,-0.00317,0.46214,0.67424,-0.18094,-0.18283,0.00106,0.06228,0.02802,0.00496,-0.03103,0.00020,-1.15827,-1.09880,-0.12804,-0.07291,-0.00801,5.95555,6.18185
28.4249,-0.30583,-0.90296,-1.30583,-0.90296,-1.20842,-0.79668,0.91057,1.35365,2.11899,2.15033,2.11899,2.15033,1.00000,0.00000,0,0.00168,-0.11539,-0.08447,-0.19673,3.77298,3.68974,0.06877,0.04470,0.15203,-1.51283,-1.70774,0.12432,0.10518,0.31074,-0.49507,-0.82533,-0.18773,-0.18370,-0.00293,1.11598,1.17738,-0.00637,-0.03099,-0.00135,0.14128,0.33762,-0.14800,-0.07309,0.00983,5.98688,6.14795
28.5249,-0.21453,-1.37793,-1.21453,-1.37793,-1.23406,-1.20261,0.94779,1.38448,2.18186,2.58709,2.18186,2.58709,1.00000,0.00000,0,0.00039,-0.13500,-0.10826,-0.11194,3.60064,3.43530,0.07026,0.06791,0.01681,-0.21795,-0.18530,0.12830,0.12943,0.00847,0.22883,0.29635,-0.17091,-0.18280,0.03888,-0.08706,0.19285,0.00858,-0.03097,0.00600,-0.99456,-0.77661,-0.16604,-0.07345,0.00097,5.98225,5.97549
28.6257,-0.16340,-1.38052,-1.16340,-1.38052,-1.18549,-1.35329,0.98392,1.42395,2.16942,2.77724,2.16942,2.77724,1.00000,0.00000,0,0.00026,-0.14275,-0.11209,-0.00949,4.28210,4.25698,0.06906,0.06810,-0.00134,0.00617,-0.05329,0.12825,0.12972,0.00074,0.37672,0.35906,-0.16283,-0.17847,0.00490,-0.69659,-0.65588,0.01614,-0.02864,0.02117,-1.60821,-1.57062,-0.17283,-0.07369,-0.00425,5.97420,5.98232
28.7278,-0.16041,-1.38689,-1.16041,-1.38689,-1.16563,-1.38194,1.01906,1.46521,2.18469,2.84715,2.18469,2.84715,1.00000,0.00000,0,0.00030,-0.14600,-0.11264,-0.00029,4.37812,4.33128,0.06954,0.06809,-0.00773,-0.01174,0.02605,0.12912,0.12972,-0.00041,0.33820,0.32659,-0.16024,-0.17806,0.00230,-0.69154,-0.78038,0.01839,-0.02741,0.01288,-1.63665,-1.60716,-0.17586,-0.07388,0.00006,5.97216,6.01990
28.8296,-0.15395,-1.38506,-1.15395,-1.38506,-1.15670,-1.38491,1.05386,1.50673,2.21056,2.89165,2.21056,2.89165,1.00000,0.00000,0,0.00054,-0.14839,-0.11322,-0.00208,4.54733,4.52840,0.07059,0.06813,0.00636,-0.12431,-0.18537,0.13039,0.12981,0.00274,0.24420,0.21328,-0.15891,-0.17776,0.00030,-0.78838,-0.68450,0.01940,-0.02448,0.06508,-1.41814,-1.58616,-0.17820,-0.07412,-0.00351,5.92204,5.81801
28.9327,-0.13109,-1.38669,-1.13109,-1.38669,-1.14126,-1.38507,1.08831,1.54828,2.22958,2.93335,2.22958,2.93335,1.00000,0.00000,0,0.00191,-0.15052,-0.11399,-0.00828,4.71091,4.97648,0.07134,0.06813,0.00628,-0.17506,-0.03773,0.13135,0.13004,0.00273,0.20080,0.28513,-0.15755,-0.17743,0.00183,-0.88744,-0.90984,0.02049,-0.01971,0.01856,-1.40739,-1.33571,-0.18027,-0.07430,-0.00338,5.94903,5.89724
29.0319,-0.11704,-1.38629,-1.11704,-1.38629,-1.12280,-1.38615,1.12219,1.58985,2.24499,2.97600,2.24499,2.97600,1.00000,0.00000,0,0.00039,-0.15263,-0.11475,-0.00219,4.79983,4.92762,0.07192,0.06813,0.00111,-0.17965,-0.33523,0.13215,0.13017,0.00084,0.18117,0.17414,-0.15609,-0.17692,0.00452,-0.95585,-0.88881,0.02171,-0.01842,0.01826,-1.46425,-1.41731,-0.18227,-0.07441,-0.00414,5.93977,5.95202
29.1342,-0.10039,-1.38780,-1.10039,-1.38780,-1.10843,-1.38779,1.15562,1.63147,2.26405,3.01926,2.26405,3.01926,1.00000,0.00000,0,0.00111,-0.15483,-0.11620,-0.01110,4.96321,4.92324,0.07266,0.06842,0.00355,-0.22717,-0.30434,0.13311,0.13035,-0.00243,0.09230,-0.00196,-0.15468,-0.17648,0.00234,-1.08411,-1.07558,0.02285,-0.01703,0.01223,-1.52852,-1.60765,-0.18439,-0.07452,0.00050,5.95100,5.99801
29.2354,-0.08096,-1.39103,-1.08096,-1.39103,-1.09046,-1.38927,1.18859,1.67312,2.27905,3.06239,2.27905,3.06239,1.00000,0.00000,0,0.00030,-0.15694,-0.11786,-0.01505,5.03526,4.92181,0.07322,0.06889,-0.00056,-0.26195,-0.30173,0.13389,0.13057,-0.00063,0.08917,0.00901,-0.15319,-0.17600,0.00196,-1.14943,-1.07657,0.02410,-0.01336,0.08688,-1.22416,-1.29892,-0.18640,-0.07462,-0.00313,5.97248,6.11665
29.3357,-0.00864,-1.39243,-1.00864,-1.39243,-1.03602,-1.38923,1.22040,1.71477,2.25642,3.10400,2.25642,3.10400,1.00000,0.00000,0,0.00028,-0.15825,-0.11972,-0.02734,5.03220,4.98748,0.07203,0.06942,-0.00164,-0.14184,-0.11030,0.13299,0.13071,0.00744,0.15563,0.06203,-0.15105,-0.17543,0.00546,-1.29214,-1.24282,0.02628,-0.00435,0.01179,-1.07458,-1.15094,-0.18736,-0.07469,-0.00175,5.94678,6.03006
29.4369,0.02477,-1.39236,-0.97523,-1.39236,-0.99456,-1.39011,1.25070,1.75645,2.24526,3.14656,2.24526,3.14656,1.00000,0.00000,0,0.00039,-0.15982,-0.12166,-0.01262,5.07833,5.01735,0.07137,0.06943,0.00617,-0.09662,-0.09810,0.13260,0.13070,0.00245,0.16483,0.15856,-0.14908,-0.17478,-0.00627,-1.47158,-1.49320,0.02819,-0.00086,0.04256,-0.94021,-0.92743,-0.18866,-0.07479,-0.00245,5.97491,5.73882
29.5380,0.08050,-1.38201,-0.91950,-1.38201,-0.94316,-1.38374,1.27964,1.79805,2.22280,3.18179,2.22280,3.18179,1.00000,0.00000,0,0.00031,-0.16085,-0.12361,-0.01633,5.06347,5.15482,0.07021,0.06942,-0.00164,-0.01032,-0.05876,0.13169,0.13072,0.00867,0.22624,0.19274,-0.14721,-0.17416,0.00249,-1.56503,-1.56887,0.03012,0.00521,0.02109,-0.81273,-0.88702,-0.18938,-0.07485,-0.00546,5.97030,5.85326
29.6398,0.10626,-1.38040,-0.89374,-1.38040,-0.90626,-1.38121,1.30721,1.83952,2.21347,3.22073,2.21347,3.22073,1.00000,0.00000,0,0.00037,-0.16231,-0.12547,-0.01352,5.11420,5.16665,0.06965,0.06941,-0.00365,0.00341,-0.00841,0.13138,0.13069,-0.00165,0.22732,0.21932,-0.14543,-0.17345,-0.00682,-1.71713,-1.56575,0.03185,0.00689,0.02313,-0.86729,-0.94635,-0.19060,-0.07492,-0.00264,5.92404,6.00550
29.7415,0.14014,-1.38309,-0.85986,-1.38309,-0.87670,-1.38103,1.33389,1.88093,2.21059,3.26197,2.21059,3.26197,1.00000,0.00000,0,0.00026,-0.16399,-0.12914,-0.04995,4.97478,5.00371,0.06938,0.06942,-0.00008,-0.01963,-0.03227,0.13136,0.13069,-0.00366,0.22645,0.15263,-0.14368,-0.17286,0.00629,-1.77988,-1.78340,0.03349,0.00960,0.05266,-0.74250,-0.77237,-0.19206,-0.07495,0.01032,5.99400,5.91489
29.8426,0.28522,-1.40159,-0.71478,-1.40159,-0.78015,-1.38829,1.35878,1.92245,2.13894,3.31074,2.13894,3.31074,1.00000,0.00000,0,0.00027,-0.16461,-0.13732,-0.05596,4.51364,4.59716,0.06589,0.06943,0.00384,0.27046,0.16431,0.12830,0.13068,-0.00264,0.46414,0.36204,-0.14031,-0.17172,0.00443,-1.99207,-1.91790,0.03724,0.02232,0.06551,-0.21608,-0.02995,-0.19200,-0.07503,-0.00274,5.92461,6.12476
29.9432,0.37194,-1.39373,-0.62806,-1.39373,-0.66662,-1.39346,1.38005,1.96429,2.04667,3.35775,2.04667,3.35775,1.00000,0.00000,0,0.00028,-0.16475,-0.14054,-0.00937,4.50953,4.64149,0.06144,0.06940,-0.00169,0.55677,0.50435,0.12431,0.13059,0.00358,0.76359,0.67833,-0.13662,-0.16907,0.02222,-2.06729,-2.03005,0.04146,0.03061,0.01204,-0.19147,-0.06517,-0.19133,-0.07508,0.00196,5.94978,5.99310
30.0457,0.41284,-1.38026,-0.58716,-1.38026,-0.60909,-1.38583,1.39890,2.00601,2.00799,3.39184,2.00799,3.39184,1.00000,0.00000,0,0.00027,-0.16541,-0.14199,-0.01078,4.53633,4.22129,0.05953,0.06939,0.00416,0.67647,0.79422,0.12268,0.13050,-0.00120,0.79956,0.78972,-0.13448,-0.16439,0.04666,-1.89981,-1.84602,0.04377,0.03162,0.00508,-0.27383,-0.36126,-0.19158,-0.07513,0.00285,5.94880,5.84773
30.1460,0.44516,-1.36717,-0.55484,-1.36717,-0.56932,-1.37221,1.41641,2.04732,1.98572,3.41953,1.98572,3.41953,1.00000,0.00000,0,0.00035,-0.16613,-0.14286,-0.00002,4.57507,4.87513,0.05840,0.06938,0.00435,0.74144,0.68551,0.12177,0.13046,0.00029,0.84191,0.83452,-0.13292,-0.16082,0.03462,-1.85772,-1.78470,0.04541,0.03212,0.00839,-0.32263,-0.35622,-0.19203,-0.07518,0.00911,5.95031,5.98894
30.2488,0.46953,-1.35944,-0.53047,-1.35944,-0.54193,-1.36402,1.43297,2.08834,1.97491,3.45236,1.97491,3.45236,1.00000,0.00000,0,0.00028,-0.16730,-0.14354,-0.01750,4.63528,4.48443,0.05779,0.06936,-0.00349,0.79608,0.65378,0.12137,0.13045,0.00629,0.88516,0.81659,-0.13137,-0.15719,0.05147,-1.74565,-1.67775,0.04695,0.03267,0.00938,-0.41306,-0.47482,-0.19298,-0.07522,0.00865,5.99290,6.01877
30.3527,0.56763,-1.30862,-0.43237,-1.30862,-0.48342,-1.33602,1.44844,2.12890,1.93185,3.46492,1.93185,3.46492,1.00000,0.00000,0,0.00154,-0.16697,-0.14421,0.00115,4.71845,4.82491,0.05574,0.06934,-0.00542,0.92047,1.03660,0.11949,0.13043,0.00195,0.96321,0.91967,-0.13003,-0.14056,0.17386,-0.45386,-0.49819,0.04856,0.03368,0.00690,-0.51716,-0.51649,-0.19231,-0.07528,0.00095,5.97545,5.95831
30.4528,0.59837,-1.29453,-0.40163,-1.29453,-0.42075,-1.29609,1.46163,2.16802,1.88238,3.46411,1.88238,3.46411,1.00000,0.00000,0,0.00027,-0.16594,-0.14450,-0.01751,4.52161,4.60643,0.05344,0.06931,-0.00449,1.10613,1.07892,0.11729,0.13020,-0.00222,1.17184,1.17324,-0.12912,-0.13697,0.00882,-0.77967,-0.65179,0.04983,0.03439,0.01464,-0.55167,-0.53531,-0.19098,-0.07533,0.00064,5.96971,6.00755
30.5536,0.61084,-1.28375,-0.38916,-1.28375,-0.39839,-1.28628,1.47380,2.20670,1.87218,3.49297,1.87218,3.49297,1.00000,0.00000,0,0.00026,-0.16695,-0.14491,-0.00818,4.68131,4.53785,0.05287,0.06929,-0.00126,1.17098,1.30406,0.11691,0.13015,-0.00353,1.17881,1.20799,-0.12774,-0.13584,0.00927,-0.78860,-0.82751,0.05119,0.03515,0.01671,-0.60087,-0.60819,-0.19179,-0.07537,-0.00306,5.94416,6.09929
30.6547,0.62112,-1.27740,-0.37888,-1.27740,-0.38463,-1.28072,1.48549,2.24519,1.87012,3.52590,1.87012,3.52590,1.00000,0.00000,0,0.00027,-0.16830,-0.14535,-0.00630,4.78383,4.60211,0.05266,0.06923,-0.00071,1.20352,1.21032,0.11691,0.13015,0.00248,1.22068,1.15444,-0.12635,-0.13496,0.00525,-0.87793,-0.78670,0.05250,0.03586,0.00041,-0.73350,-0.59218,-0.19297,-0.07541,-0.00160,5.96547,6.04287
30.7581,0.63600,-1.27545,-0.36400,-1.27545,-0.37094,-1.27737,1.49678,2.28356,1.86772,3.56093,1.86772,3.56093,1.00000,0.00000,0,0.00036,-0.16973,-0.14581,-0.00451,4.90453,4.86155,0.05243,0.06912,0.00231,1.22810,1.17944,0.11690,0.13013,0.00407,1.23593,1.04569,-0.12487,-0.13389,0.01183,-0.88274,-0.86183,0.05390,0.03672,0.01440,-0.75056,-0.72045,-0.19422,-0.07544,-0.00037,5.95888,6.00573
30.8600,0.64850,-1.26602,-0.35150,-1.26602,-0.35756,-1.27026,1.50767,2.32176,1.86523,3.59203,1.86523,3.59203,1.00000,0.00000,0,0.00042,-0.17099,-0.14633,-0.00263,4.97160,5.00207,0.05221,0.06899,0.00526,1.27210,1.15198,0.11687,0.13010,-0.00088,1.25965,1.26531,-0.12355,-0.13187,0.02397,-0.86086,-0.84883,0.05515,0.03730,0.00079,-0.84612,-0.83711,-0.19532,-0.07548,-0.00055,5.96223,5.78649
30.9612,0.67532,-1.25947,-0.32468,-1.25947,-0.33733,-1.26244,1.51806,2.35971,1.85539,3.62216,1.85539,3.62216,1.00000,0.00000,0,0.00034,-0.17206,-0.14686,0.00354,5.09164,5.12394,0.05165,0.06877,-0.00437,1.33405,1.26005,0.11651,0.13007,-0.00177,1.29337,1.33805,-0.12213,-0.12793,0.09957,-0.49969,-0.56318,0.05655,0.03786,0.00948,-0.90000,-0.91914,-0.19618,-0.07551,-0.00767,5.93080,6.00578
31.0631,0.78986,-1.16133,-0.21014,-1.16133,-0.25046,-1.20594,1.52676,2.39685,1.77723,3.60279,1.77723,3.60279,1.00000,0.00000,0,0.00031,-0.16968,-0.14756,0.00198,4.89612,4.88251,0.04807,0.06806,-0.00395,1.57014,1.61235,0.11299,0.12996,-0.00546,1.50811,1.59438,-0.12143,-0.11068,0.01435,0.28219,0.30743,0.05787,0.03842,-0.01013,-1.08431,-1.03882,-0.19341,-0.07554,-0.00493,5.94688,5.92052
31.1634,0.80522,-1.18843,-0.19478,-1.18843,-0.20720,-1.19588,1.53343,2.43275,1.74063,3.62863,1.74063,3.62863,1.00000,0.00000,0,0.00029,-0.17004,-0.14843,-0.01382,4.86165,4.88698,0.04627,0.06719,0.00186,1.67187,1.64581,0.11143,0.12973,-0.00272,1.69560,1.76859,-0.11967,-0.11053,0.01253,0.15961,0.27550,0.05982,0.03875,0.00645,-1.17176,-1.12035,-0.19341,-0.07554,-0.00345,5.95449,5.96918
31.2651,0.80469,-1.19551,-0.19531,-1.19551,-0.20071,-1.19638,1.53956,2.46863,1.74027,3.66501,1.74027,3.66501,1.00000,0.00000,0,0.00028,-0.17156,-0.14937,-0.01850,4.95853,4.93211,0.04613,0.06696,-0.00514,1.64081,1.55738,0.11152,0.12968,-0.00509,1.67474,1.67606,-0.11818,-0.11041,-0.00604,0.10332,0.17097,0.06121,0.03929,0.00570,-1.20576,-1.20636,-0.19476,-0.07559,-0.01116,5.92987,5.83003
31.3654,0.81792,-1.19497,0.81792,-1.19497,0.31969,-1.19502,1.59321,2.50451,1.27352,3.69954,1.27352,3.69954,0.00000,0.00000,0,0.00027,-0.16364,-0.15020,0.02567,4.49444,4.65821,0.02423,0.06676,-0.00922,3.27736,2.10556,0.09086,0.12942,-0.07990,2.96968,2.73939,-0.10785,-0.11025,0.00246,0.05518,-0.01840,0.07477,0.03969,0.00483,-2.21095,-1.74741,-0.18382,-0.07559,0.00055,5.98582,5.80007
31.4683,0.94002,-0.99500,0.94002,-0.99500,0.79746,-1.09319,1.57374,2.53923,0.77628,3.63242,0.77628,3.63242,0.00000,0.00000,0,0.00179,-0.15080,-0.14983,0.00143,3.55827,3.53194,0.00124,0.03894,-0.29912,2.27635,2.44360,0.06852,0.11488,-0.18641,3.39698,3.62870,-0.10107,-0.10625,-0.00226,-0.83849,-0.78099,0.08523,0.05539,0.18281,-1.52048,-1.54530,-0.16831,-0.07561,-0.00356,5.93976,5.90486
31.5680,1.07936,-0.76455,1.07936,-0.76455,1.01295,-0.85126,1.54561,2.56741,0.53267,3.41866,0.53267,3.41866,0.00000,0.00000,0,0.00029,-0.13689,-0.14904,0.01805,2.78720,2.72963,-0.00936,0.02920,-0.01523,3.02188,2.99932,0.05698,0.09617,-0.23330,2.64962,2.67795,-0.10512,-0.10636,-0.00078,-0.35138,-0.37730,0.08344,0.07109,-0.00071,-0.73039,-0.76113,-0.15394,-0.07562,-0.00181,5.87899,5.96604
31.6683,1.10032,-0.68260,1.10032,-0.68260,1.08470,-0.71364,1.51364,2.58999,0.42894,3.30364,0.42894,3.30364,0.00000,0.00000,0,0.00026,-0.12997,-0.14858,0.00021,2.34969,2.29428,-0.01377,0.02796,-0.01700,3.24088,3.25872,0.05198,0.08814,-0.01684,3.07623,3.01805,-0.10782,-0.10649,0.00360,-0.21518,-0.19469,0.08177,0.07107,-0.00465,-0.66157,-0.63603,-0.14692,-0.07559,0.01121,5.75327,5.90797
31.7726,1.09575,-0.65839,1.09575,-0.65839,1.09398,-0.67227,1.48089,2.61052,0.38691,3.28279,0.38691,3.28279,0.00000,0.00000,0,0.00028,-0.12824,-0.14846,-0.00859,2.31947,2.19628,-0.01566,0.02589,-0.02751,3.19639,3.13287,0.05004,0.08735,-0.00743,3.18085,3.35914,-0.10786,-0.10653,-0.00378,-0.28495,-0.22197,0.08207,0.07109,0.00097,-0.73859,-0.69395,-0.14505,-0.07563,0.00670,5.87762,5.94548
31.8735,1.10205,-0.63651,1.10205,-0.63651,1.09897,-0.64819,1.44799,2.63026,0.34902,3.27845,0.34902,3.27845,0.00000,0.00000,0,0.00028,-0.12730,-0.14836,-0.00246,2.28659,2.20941,-0.01741,0.02250,-0.03256,3.12802,3.19128,0.04833,0.08663,-0.00188,3.28863,3.29679,-0.10731,-0.10653,-0.00876,-0.33906,-0.33448,0.08289,0.07120,0.00016,-0.81330,-0.78072,-0.14390,-0.07565,-0.00069,5.96104,6.04942
31.9751,1.10692,-0.61666,1.10692,-0.61666,1.10375,-0.62584,1.41494,2.64929,0.31119,3.27513,0.31119,3.27513,0.00000,0.00000,0,0.00030,-0.12639,-0.14826,-0.00038,2.22554,2.36101,-0.01916,0.01960,-0.03037,3.12476,3.27977,0.04662,0.08565,-0.01377,3.40039,3.44537,-0.10672,-0.10652,-0.00095,-0.33380,-0.38059,0.08375,0.07156,0.00651,-0.84964,-0.88857,-0.14279,-0.07568,-0.00308,5.95961,5.83164
32.0759,1.11190,-0.55411,1.11190,-0.55411,1.10859,-0.58513,1.38175,2.66746,0.27316,3.25259,0.27316,3.25259,0.00000,0.00000,0,0.00027,-0.12468,-0.14815,0.00031,2.09073,2.04028,-0.02085,0.00923,-0.16884,2.24606,2.29232,0.04485,0.08457,-0.01780,3.48784,3.46559,-0.10691,-0.10653,-0.00865,-0.38120,-0.39036,0.08388,0.07199,-0.00221,-0.85910,-0.85784,-0.14095,-0.07570,-0.00352,5.92761,5.94566
32.1778,1.11381,-0.49196,1.11381,-0.49196,1.11001,-0.51438,1.34848,2.68360,0.23847,3.19798,0.23847,3.19798,0.00000,0.00000,0,0.00076,-0.12169,-0.14781,0.00544,1.86411,1.89194,-0.02226,0.00423,-0.01237,2.53273,2.43529,0.04312,0.08299,-0.01342,3.55227,3.31884,-0.10847,-0.10652,0.00158,-0.18752,-0.13779,0.08270,0.07212,-0.01427,-0.77407,-0.71232,-0.13800,-0.07569,0.00066,5.81268,5.87320
32.2807,1.12114,-0.46431,1.12114,-0.46431,1.11730,-0.48062,1.31504,2.69843,0.19774,3.17904,0.19774,3.17904,0.00000,0.00000,0,0.00119,-0.12007,-0.14756,0.00173,1.74429,1.70651,-0.02409,0.00367,-0.00541,2.69301,2.54598,0.04123,0.07909,-0.04598,3.41568,3.56442,-0.10846,-0.10654,-0.00566,-0.25117,-0.32122,0.08304,0.07217,-0.00149,-0.81536,-0.74206,-0.13623,-0.07569,0.00329,5.83445,5.82183
32.3846,1.13446,-0.39755,1.13446,-0.39755,1.12963,-0.42780,1.28130,2.71199,0.15167,3.13979,0.15167,3.13979,0.00000,0.00000,0,0.00118,-0.11749,-0.14726,0.00634,1.52677,1.58220,-0.02610,0.00283,-0.00711,2.81224,2.75771,0.03904,0.07052,-0.08869,3.01213,3.00479,-0.10917,-0.10654,0.00180,-0.16878,-0.20698,0.08275,0.07237,0.00362,-0.80509,-0.84995,-0.13355,-0.07571,-0.00343,5.76840,5.81530
32.4848,1.14615,-0.29945,1.14615,-0.29945,1.13905,-0.34365,1.24725,2.72343,0.10820,3.06708,0.10820,3.06708,0.00000,0.00000,0,0.00030,-0.11356,-0.14687,-0.00024,1.19587,1.32712,-0.02785,0.00123,-0.02152,2.84797,2.88685,0.03685,0.05971,-0.03627,2.64936,2.60608,-0.11131,-0.10660,-0.00251,-0.06795,-0.09300,0.08111,0.07235,-0.00876,-0.71236,-0.74553,-0.12969,-0.07572,-0.00917,5.65523,5.75300
32.5854,1.14551,-0.28693,1.14551,-0.28693,1.14456,-0.29973,1.21294,2.73282,0.06839,3.03256,0.06839,3.03256,0.00000,0.00000,0,0.00027,-0.11131,-0.14631,0.00209,1.06546,0.98836,-0.02957,0.00025,-0.01007,2.98017,2.98169,0.03495,0.05841,-0.00713,2.84070,2.85663,-0.11195,-0.10670,0.00455,0.03762,-0.13013,0.08083,0.07236,-0.00710,-0.71710,-0.68278,-0.12736,-0.07571,-0.00893,5.57872,5.62867
32.6862,1.14677,-0.27715,1.14677,-0.27715,1.14655,-0.28390,1.17856,2.74152,0.03201,3.02542,0.03201,3.02542,0.00000,0.00000,0,0.00035,-0.11027,-0.14597,0.00535,1.00931,0.93657,-0.03124,-0.00083,-0.00185,3.07672,2.93116,0.03329,0.05781,-0.00516,2.95486,2.99003,-0.11154,-0.10672,-0.00033,-0.02647,-0.03356,0.08150,0.07237,0.00335,-0.79008,-0.76187,-0.12614,-0.07570,0.00084,5.65684,5.49596
32.7866,1.15130,-0.26609,1.15130,-0.26609,1.14996,-0.27141,1.14410,2.74980,-0.00586,3.02121,-0.00586,3.02121,0.00000,0.00000,0,0.00034,-0.10933,-0.14573,0.00671,0.88449,0.99494,-0.03299,-0.00158,-0.00641,3.17531,3.19864,0.03158,0.05723,-0.00813,3.02194,3.16977,-0.11098,-0.10671,0.00254,-0.04816,-0.00744,0.08232,0.07242,-0.00012,-0.86367,-0.83664,-0.12500,-0.07571,-0.00381,5.66127,5.76347
32.8878,1.15157,-0.25934,1.15157,-0.25934,1.15062,-0.26319,1.10960,2.75779,-0.04102,3.02098,-0.04102,3.02098,0.00000,0.00000,0,0.00029,-0.10861,-0.14545,0.00029,0.79317,0.87904,-0.03463,-0.00221,0.00341,3.31298,3.40014,0.03000,0.05663,-0.00822,3.13495,3.08925,-0.11031,-0.10671,-0.00184,-0.10143,-0.07606,0.08323,0.07266,0.00502,-0.91300,-0.92149,-0.12408,-0.07571,0.00018,5.72010,5.67954
32.9904,1.15038,-0.24905,1.15038,-0.24905,1.15032,-0.25367,1.07509,2.76552,-0.07524,3.01919,-0.07524,3.01919,0.00000,0.00000,0,0.00032,-0.10785,-0.14518,0.00168,0.71785,0.58441,-0.03622,-0.00300,-0.01295,3.37549,3.42038,0.02846,0.05586,-0.01363,3.22549,3.12957,-0.10972,-0.10670,0.01004,-0.11557,-0.17258,0.08405,0.07298,-0.00338,-0.94624,-0.90931,-0.12312,-0.07572,-0.00321,5.72920,5.70124
33.0921,1.15087,-0.23827,1.15087,-0.23827,1.15065,-0.24395,1.04057,2.77297,-0.11007,3.01692,-0.11007,3.01692,0.00000,0.00000,0,0.00030,-0.10705,-0.14485,0.00930,0.60584,0.66811,-0.03784,-0.00426,-0.00672,3.50939,3.48692,0.02689,0.05508,-0.00530,3.34362,3.26621,-0.10914,-0.10673,-0.01012,-0.16572,-0.16920,0.08487,0.07333,-0.00611,-1.02737,-0.97294,-0.12213,-0.07572,-0.00157,5.76344,5.76632
33.1931,1.15866,-0.22046,1.15866,-0.22046,1.15528,-0.22816,1.00599,2.78001,-0.14930,3.00817,-0.14930,3.00817,0.00000,0.00000,0,0.00027,-0.10589,-0.14449,0.00355,0.46282,0.40234,-0.03963,-0.00613,-0.00256,3.56171,3.59584,0.02510,0.05409,-0.01733,3.40813,3.19579,-0.10874,-0.10672,0.00185,-0.16004,-0.18994,0.08555,0.07379,0.00165,-1.04996,-1.16257,-0.12078,-0.07573,-0.00586,5.74775,5.83960
33.2946,1.16290,-0.19177,1.16290,-0.19177,1.16132,-0.20586,0.97120,2.78647,-0.19013,2.99233,-0.19013,2.99233,0.00000,0.00000,0,0.00027,-0.10440,-0.14400,0.01147,0.32372,0.38187,-0.04148,-0.00856,-0.03161,3.50314,3.39362,0.02321,0.05289,-0.01245,3.56161,3.63730,-0.10860,-0.10673,-0.01146,-0.19265,-0.26543,0.08601,0.07407,0.00602,-1.08350,-1.16507,-0.11913,-0.07574,-0.01035,5.70919,5.71754
33.3960,1.16825,-0.08148,1.16825,-0.08148,1.16628,-0.13904,0.93629,2.79172,-0.23000,2.93075,-0.23000,2.93075,0.00000,0.00000,0,0.00027,-0.10101,-0.14334,0.01196,0.18832,0.25583,-0.04310,-0.02333,-0.15590,2.35221,2.57515,0.02121,0.05060,-0.04186,3.49488,3.42340,-0.11034,-0.10671,0.00041,-0.11651,-0.10347,0.08470,0.07418,0.00476,-1.03374,-0.99688,-0.11578,-0.07570,0.00968,5.68268,5.75569
33.4989,1.17283,-0.02497,1.17283,-0.02497,1.16770,-0.04985,0.90132,2.79410,-0.26639,2.84394,-0.26639,2.84394,0.00000,0.00000,0,0.00097,-0.09664,-0.14054,0.02049,-0.07465,-0.06198,-0.04446,-0.02880,-0.01239,2.57653,2.63382,0.01928,0.04846,-0.02245,3.55074,3.41298,-0.11318,-0.10682,-0.00053,0.19208,0.25374,0.08234,0.07418,-0.00029,-0.81565,-0.94811,-0.11157,-0.07569,0.00029,5.34422,5.56039
33.6005,1.17984,0.00396,1.17984,0.00396,1.17649,-0.01136,0.86610,2.79468,-0.31039,2.80604,-0.31039,2.80604,0.00000,0.00000,32,0.00042,-0.09416,-0.13917,0.00836,-0.24178,-0.28255,-0.04636,-0.02940,0.00099,2.74719,2.70337,0.01717,0.04576,-0.00963,3.61454,3.57283,-0.11388,-0.10689,-0.00020,0.18499,0.09499,0.08203,0.07417,-0.00521,-0.87488,-0.73119,-0.10900,-0.07570,-0.00261,5.27814,5.37476
33.7012,1.18660,0.04856,1.18660,0.04856,1.18487,0.02501,0.83063,2.79453,-0.35425,2.76952,-0.35425,2.76952,0.00000,0.00000,0,0.00028,-0.09175,-0.13807,0.01442,-0.37164,-0.25622,-0.04826,-0.03010,-0.00184,2.83548,2.86525,0.01507,0.03872,-0.10197,3.12286,3.02183,-0.11453,-0.10693,-0.00570,0.21670,0.17625,0.08178,0.07419,0.00204,-0.85847,-0.94556,-0.10649,-0.07566,0.00690,5.24158,5.20186
33.8036,1.19508,0.13941,1.19508,0.13941,1.19306,0.09765,0.79492,2.79253,-0.39815,2.69487,-0.39815,2.69487,0.00000,0.00000,0,0.00029,-0.08774,-0.13603,0.02759,-0.54935,-0.47465,-0.05002,-0.03122,-0.01921,2.87306,2.67993,0.01283,0.02826,-0.09265,2.62741,2.59663,-0.11673,-0.10706,-0.00782,0.37122,0.29661,0.08007,0.07419,0.00416,-0.77170,-0.81797,-0.10254,-0.07565,0.00573,5.00313,4.97876
33.9048,1.20315,0.17864,1.20315,0.17864,1.20351,0.16092,0.75890,2.78829,-0.44460,2.62737,-0.44460,2.62737,0.00000,0.00000,0,0.00030,-0.08397,-0.12832,0.22260,0.19456,-0.22686,-0.05191,-0.03260,-0.01528,2.93373,2.92077,0.01050,0.02494,-0.00152,2.90585,2.92739,-0.11859,-0.10734,-0.00083,0.52886,0.54335,0.07871,0.07418,-0.00148,-0.71329,-0.54653,-0.09879,-0.07562,0.00545,4.81844,4.92574
34.0051,1.16182,0.24319,1.16182,0.24319,1.17548,0.22006,0.72330,2.78244,-0.45218,2.56238,-0.45218,2.56238,0.00000,0.00000,0,0.00030,-0.08110,-0.11562,0.08152,0.28384,0.13069,-0.05201,-0.03535,-0.02586,2.76825,2.82194,0.00993,0.02442,-0.00687,2.90267,3.04503,-0.12110,-0.10755,-0.00172,0.63159,0.50158,0.07643,0.07419,0.00421,-0.52844,-0.61842,-0.09615,-0.07562,-0.00390,4.72568,4.81376
34.1055,1.14821,0.27058,1.14821,0.27058,1.15464,0.25851,0.68846,2.77511,-0.46618,2.51661,-0.46618,2.51661,0.00000,0.00000,0,0.00027,-0.07890,-0.11253,0.01938,0.09641,0.05611,-0.05248,-0.03675,-0.01024,2.79030,2.77439,0.00914,0.02407,-0.01079,2.94786,3.16016,-0.12270,-0.10780,0.00082,0.77839,0.62749,0.07505,0.07418,-0.00147,-0.48818,-0.51518,-0.09406,-0.07560,-0.00112,4.65667,4.62953
34.2083,1.14375,0.28026,1.14375,0.28026,1.14587,0.27529,0.65399,2.76703,-0.49188,2.49174,-0.49188,2.49174,0.00000,0.00000,0,0.00044,-0.07734,-0.11168,0.00451,-0.00761,-0.01411,-0.05358,-0.03752,-0.00599,2.82781,2.82036,0.00789,0.02368,-0.00769,3.03029,2.94264,-0.12322,-0.10794,0.00100,0.81688,0.93631,0.07476,0.07419,0.00668,-0.46040,-0.46600,-0.09246,-0.07558,0.00244,4.58666,4.53285
34.3125,1.14515,0.28800,1.14515,0.28800,1.14542,0.28435,0.61963,2.75860,-0.52579,2.47425,-0.52579,2.47425,0.00000,0.00000,0,0.00044,-0.07593,-0.11107,0.00734,-0.11198,-0.05057,-0.05509,-0.03824,-0.00384,2.94610,2.88623,0.00630,0.02313,-0.00770,3.13734,3.25314,-0.12328,-0.10799,0.00276,0.84171,0.96458,0.07498,0.07419,0.00338,-0.50444,-0.45001,-0.09092,-0.07558,-0.00412,4.49176,4.55110
34.4129,1.14127,0.29740,0.14127,0.29740,0.38357,0.29378,0.55329,2.74990,0.16972,2.45612,0.16972,2.45612,1.00000,0.00000,0,0.00027,-0.08919,-0.11160,-0.01649,0.86091,0.69995,-0.02266,-0.03830,0.01898,0.21721,0.70326,0.03757,0.02424,0.03080,0.65578,0.95644,-0.13752,-0.10992,-0.01747,1.91067,1.98465,0.05624,0.07415,-0.00817,1.06971,0.76973,-0.10833,-0.07574,-0.00677,5.88638,5.78725
34.5132,1.14553,0.29870,0.14553,0.29870,0.18382,0.29728,0.54621,2.74101,0.36239,2.44372,0.36239,2.44372,1.00000,0.00000,0,0.00027,-0.09255,-0.11204,0.02087,0.85071,0.85972,-0.01366,-0.03602,0.00587,0.28092,0.12688,0.04621,0.02486,-0.00128,0.56760,0.50047,-0.14176,-0.11058,-0.00315,1.96489,2.09890,0.05076,0.07415,0.00254,1.16627,1.20605,-0.11289,-0.07573,0.00311,5.86349,5.80144
34.6149,1.14371,0.29543,0.14371,0.29543,0.15099,0.29611,0.54141,2.73210,0.39043,2.43599,0.39043,2.43599,1.00000,0.00000,0,0.00078,-0.09279,-0.11203,-0.00112,0.75035,0.69946,-0.01233,-0.03601,0.00233,0.34744,0.11629,0.04744,0.02485,0.00215,0.64005,0.65525,-0.14262,-0.11064,-0.00017,2.04364,2.04046,0.04974,0.07415,0.00150,1.15944,0.98436,-0.11334,-0.07574,0.00518,5.86950,6.04673
34.7155,1.14455,0.29279,0.14455,0.29279,0.14521,0.29390,0.53701,2.72325,0.39179,2.42935,0.39179,2.42935,1.00000,0.00000,0,0.00031,-0.09254,-0.11200,-0.00155,0.67225,0.66853,-0.01224,-0.03599,0.00226,0.33322,0.21347,0.04748,0.02483,-0.01115,0.57470,0.56648,-0.14292,-0.11074,-0.00549,2.06950,2.08758,0.04945,0.07414,0.00116,1.20031,1.18208,-0.11312,-0.07574,0.00941,5.90533,5.81762
34.8160,1.14085,0.29307,0.14085,0.29307,0.14282,0.29371,0.53269,2.71444,0.38988,2.42073,0.38988,2.42073,1.00000,0.00000,0,0.00027,-0.09214,-0.11195,0.00222,0.60501,0.62199,-0.01230,-0.03597,-0.00129,0.26272,0.30094,0.04737,0.02487,-0.00135,0.58008,0.59429,-0.14324,-0.11086,0.00096,2.12458,2.15199,0.04917,0.07412,-0.00181,1.25518,1.23534,-0.11275,-0.07577,-0.00056,5.89899,5.87250
34.9174,1.14172,0.29533,0.14172,0.29533,0.14176,0.29433,0.52843,2.70562,0.38666,2.41129,0.38666,2.41129,1.00000,0.00000,0,0.00043,-0.09168,-0.11191,0.00063,0.53009,0.64578,-0.01241,-0.03589,0.00865,0.26579,0.37650,0.04719,0.02490,-0.00177,0.58013,0.44712,-0.14356,-0.11104,-0.00683,2.19355,2.21674,0.04889,0.07400,-0.00871,1.30447,1.38459,-0.11231,-0.07579,-0.00105,5.89809,5.94427
35.0207,1.14376,0.29319,0.14376,0.29319,0.14222,0.29351,0.52418,2.69680,0.38196,2.40329,0.38196,2.40329,1.00000,0.00000,0,0.00117,-0.09125,-0.11183,0.00418,0.51166,0.44055,-0.01260,-0.03577,-0.00260,0.21958,0.21400,0.04696,0.02494,0.00473,0.53123,0.51056,-0.14380,-0.11120,-0.00868,2.26293,2.23976,0.04871,0.07386,0.00257,1.35957,1.20039,-0.11189,-0.07579,0.01028,5.92798,5.98484
35.1222,1.13943,0.28806,0.13943,0.28806,0.14066,0.29061,0.51994,2.68803,0.37928,2.39742,0.37928,2.39742,1.00000,0.00000,0,0.00031,-0.09095,-0.11175,0.00913,0.44291,0.53409,-0.01271,-0.03561,0.00023,0.22187,0.26665,0.04682,0.02496,-0.00308,0.49128,0.56117,-0.14399,-0.11130,0.00100,2.32935,2.09926,0.04856,0.07362,-0.00515,1.39882,1.43342,-0.11159,-0.07581,0.00015,5.91936,5.89795
35.2235,1.14005,0.28771,0.14005,0.28771,0.13927,0.28795,0.51576,2.67937,0.37649,2.39142,0.37649,2.39142,1.00000,0.00000,0,0.00029,-0.09064,-0.11171,0.01040,0.38541,0.33496,-0.01281,-0.03534,0.00437,0.19778,0.18720,0.04667,0.02500,0.00388,0.47200,0.26361,-0.14418,-0.11142,0.00358,2.41214,2.34346,0.04840,0.07350,0.01076,1.46757,1.49943,-0.11130,-0.07583,-0.00328,5.94878,6.06567
35.3251,1.14013,0.28824,0.14013,0.28824,0.14025,0.28825,0.51157,2.67074,0.37132,2.38248,0.37132,2.38248,1.00000,0.00000,0,0.00075,-0.09016,-0.11164,-0.00111,0.30985,0.37691,-0.01302,-0.03510,0.00614,0.19712,0.11392,0.04641,0.02505,0.00799,0.46526,0.50684,-0.14445,-0.11155,-0.00286,2.47041,2.55422,0.04820,0.07334,-0.00905,1.46328,1.50268,-0.11082,-0.07586,-0.00184,5.91596,5.77905
35.4255,1.14476,0.28737,0.14476,0.28737,0.14251,0.28760,0.50733,2.66210,0.36482,2.37450,0.36482,2.37450,1.00000,0.00000,0,0.00027,-0.08970,-0.11154,0.00607,0.26328,0.23960,-0.01329,-0.03499,-0.00144,0.18012,0.04014,0.04609,0.02506,0.00131,0.42797,0.43696,-0.14465,-0.11171,-0.00320,2.52852,2.63962,0.04806,0.07317,-0.00123,1.54143,1.51989,-0.11035,-0.07586,0.00436,5.92551,5.96700
35.5260,1.14239,0.28258,0.14239,0.28258,0.14287,0.28494,0.50305,2.65351,0.36018,2.36857,0.36018,2.36857,1.00000,0.00000,0,0.00026,-0.08936,-0.11148,-0.00561,0.21417,0.10210,-0.01349,-0.03485,0.01037,0.14961,0.21008,0.04586,0.02508,-0.00288,0.42679,0.45861,-0.14480,-0.11184,-0.00097,2.62272,2.64897,0.04796,0.07299,0.00248,1.58496,1.67914,-0.11001,-0.07589,0.00379,5.93078,5.77184
35.6275,1.14694,0.28350,0.14694,0.28350,0.14533,0.28378,0.49872,2.64499,0.35339,2.36121,0.35339,2.36121,1.00000,0.00000,0,0.00031,-0.08891,-0.11137,0.00405,0.14335,0.21980,-0.01377,-0.03469,0.00280,0.12189,0.27044,0.04553,0.02513,0.00245,0.42298,0.34616,-0.14497,-0.11201,0.00027,2.63522,2.67855,0.04785,0.07279,-0.00123,1.61448,1.56763,-0.10956,-0.07595,-0.02007,5.85465,5.79733
35.7300,1.14300,0.28074,0.14300,0.28074,0.14364,0.28149,0.49439,2.63651,0.35075,2.35502,0.35075,2.35502,1.00000,0.00000,0,0.00046,-0.08860,-0.11124,0.00406,0.12242,0.04531,-0.01387,-0.03458,0.00633,0.13668,0.09788,0.04539,0.02516,0.00358,0.39455,0.24841,-0.14518,-0.11213,0.00067,2.73153,2.72289,0.04769,0.07268,0.00678,1.68644,1.81926,-0.10925,-0.07592,0.00398,5.95174,5.85395
35.8338,1.14438,0.27596,0.14438,0.27596,0.14310,0.27753,0.49010,2.62814,0.34701,2.35061,0.34701,2.35061,1.00000,0.00000,0,0.00089,-0.08834,-0.11116,0.00586,0.05101,0.09655,-0.01403,-0.03449,-0.00343,0.09723,0.24327,0.04521,0.02521,-0.00237,0.33889,0.41909,-0.14529,-0.11232,-0.00187,2.77868,2.83606,0.04762,0.07245,-0.00075,1.71861,1.59991,-0.10899,-0.07596,-0.00627,5.93156,5.89721
35.9348,1.14725,0.27770,0.14725,0.27770,0.14646,0.27758,0.48575,2.61983,0.33929,2.34224,0.33929,2.34224,1.00000,0.00000,0,0.00028,-0.08783,-0.11105,-0.00637,-0.06139,-0.00673,-0.01436,-0.03435,0.00742,0.09905,0.13160,0.04484,0.02523,0.00059,0.32417,0.15093,-0.14548,-0.11247,-0.00035,2.83232,2.85360,0.04750,0.07224,0.00302,1.74983,1.56975,-0.10848,-0.07597,-0.00570,5.90934,5.87218
36.0354,1.14886,0.27698,0.14886,0.27698,0.14838,0.27732,0.48132,2.61150,0.33294,2.33418,0.33294,2.33418,1.00000,0.00000,0,0.00028,-0.08737,-0.11091,-0.00194,-0.10453,-0.14797,-0.01462,-0.03424,0.00113,0.09352,0.16089,0.04452,0.02527,0.00150,0.32765,0.29743,-0.14569,-0.11261,-0.00499,2.90057,2.94859,0.04736,0.07204,0.00076,1.80922,1.93415,-0.10801,-0.07597,-0.00134,5.91804,5.91297
36.1377,1.14758,0.27912,0.14758,0.27912,0.14792,0.27815,0.47687,2.60317,0.32894,2.32502,0.32894,2.32502,1.00000,0.00000,0,0.00050,-0.08690,-0.11077,0.01144,-0.14221,-0.13800,-0.01477,-0.03412,0.00305,0.04310,-0.02365,0.04431,0.02531,0.00749,0.31750,0.25560,-0.14599,-0.11277,0.00540,3.02487,2.98383,0.04711,0.07182,-0.00153,1.83155,1.90327,-0.10756,-0.07599,0.00212,5.91192,5.87100
36.2416,1.14271,0.27893,0.14271,0.27893,0.14485,0.27850,0.47248,2.59483,0.32763,2.31633,0.32763,2.31633,1.00000,0.00000,0,0.00037,-0.08651,-0.11060,-0.00424,-0.22102,-0.14655,-0.01480,-0.03402,-0.00590,0.00917,0.11930,0.04422,0.02536,0.00666,0.27639,0.32955,-0.14632,-0.11295,0.00117,3.04584,2.94841,0.04682,0.07161,-0.01151,1.89478,1.92824,-0.10720,-0.07601,0.00036,5.96059,6.00935
36.3427,1.14371,0.27970,0.14371,0.27970,0.14386,0.27898,0.46815,2.58646,0.32428,2.30748,0.32428,2.30748,1.00000,0.00000,0,0.00029,-0.08608,-0.11035,0.00519,-0.25005,-0.28131,-0.01493,-0.03385,-0.00147,-0.03696,-0.08735,0.04405,0.02541,0.01166,0.26543,0.22833,-0.14662,-0.11317,-0.00382,3.10919,3.12385,0.04657,0.07142,-0.00633,1.93688,1.85263,-0.10678,-0.07602,-0.00055,5.94575,5.93785
36.4438,1.14348,0.28064,0.14348,0.28064,0.14358,0.28061,0.46385,2.57806,0.32027,2.29745,0.32027,2.29745,1.00000,0.00000,0,0.00025,-0.08558,-0.11008,-0.00339,-0.35876,-0.28049,-0.01507,-0.03366,0.01142,-0.00167,0.04246,0.04383,0.02544,0.00708,0.24976,0.26847,-0.14695,-0.11336,0.00315,3.19743,3.07433,0.04629,0.07126,0.00070,1.99201,1.89731,-0.10629,-0.07602,0.00627,5.94513,6.14400
36.5446,1.14506,0.28373,0.14506,0.28373,0.14481,0.28275,0.45951,2.56960,0.31470,2.28685,0.31470,2.28685,1.00000,0.00000,0,0.00026,-0.08502,-0.10977,0.00485,-0.38996,-0.33069,-0.01529,-0.03359,0.00528,-0.00099,-0.03947,0.04355,0.02546,0.00298,0.23827,0.26627,-0.14728,-0.11362,-0.00510,3.22789,3.22936,0.04603,0.07106,-0.00237,2.04731,2.07124,-0.10575,-0.07604,0.00004,5.93658,5.93392
36.6450,1.14555,0.28167,0.14555,0.28167,0.14516,0.28212,0.45517,2.56112,0.31000,2.27901,0.31000,2.27901,1.00000,0.00000,0,0.00026,-0.08460,-0.10947,0.01006,-0.42484,-0.42072,-0.01548,-0.03352,-0.00063,-0.06393,-0.06548,0.04331,0.02550,0.00009,0.19496,0.27427,-0.14751,-0.11385,-0.00118,3.30912,3.25851,0.04585,0.07082,-0.00658,2.08101,2.13114,-0.10533,-0.07603,0.01369,5.94319,6.12597
36.7453,1.13995,0.28338,0.13995,0.28338,0.14152,0.28257,0.45088,2.55266,0.30936,2.27009,0.30936,2.27009,1.00000,0.00000,0,0.00028,-0.08421,-0.10917,-0.00107,-0.48257,-0.42991,-0.01548,-0.03336,0.00443,-0.05565,-0.08539,0.04325,0.02555,-0.00712,0.17279,0.16615,-0.14786,-0.11406,-0.00528,3.37870,3.36400,0.04553,0.07062,-0.00061,2.10933,2.20687,-0.10498,-0.07606,-0.00020,5.90546,5.94644
36.8467,1.14220,0.28711,0.14220,0.28711,0.14129,0.28512,0.44665,2.54414,0.30536,2.25902,0.30536,2.25902,1.00000,0.00000,0,0.00034,-0.08367,-0.10884,0.00807,-0.53004,-0.61794,-0.01562,-0.03320,0.00266,-0.08663,-0.14100,0.04303,0.02563,0.00196,0.16670,0.06843,-0.14824,-0.11441,-0.00099,3.41167,3.55539,0.04521,0.07036,0.00209,2.19494,2.28907,-0.10446,-0.07606,0.00149,5.93036,5.70616
36.9490,1.14420,0.28875,0.14420,0.28875,0.14361,0.28859,0.44237,2.53552,0.29876,2.24693,0.29876,2.24693,1.00000,0.00000,0,0.00094,-0.08303,-0.10857,-0.00841,-0.64453,-0.56574,-0.01588,-0.03308,0.00148,-0.09760,-0.16477,0.04270,0.02569,-0.00579,0.13644,0.07844,-0.14861,-0.11473,-0.00637,3.50193,3.43499,0.04493,0.07016,0.00195,2.23228,2.36971,-0.10383,-0.07609,-0.00639,5.89548,5.88456
37.0504,1.14505,0.28648,0.14505,0.28648,0.14474,0.28696,0.43804,2.52689,0.29330,2.23992,0.29330,2.23992,1.00000,0.00000,0,0.00051,-0.08263,-0.10814,0.00575,-0.67035,-0.72625,-0.01611,-0.03303,-0.00153,-0.12812,-0.09133,0.04243,0.02573,-0.00124,0.16137,0.21369,-0.14879,-0.11512,-0.00733,3.51830,3.46635,0.04480,0.06993,-0.00476,2.25917,2.19719,-0.10343,-0.07609,-0.00183,5.93099,5.99953
37.1509,1.14353,0.28642,0.14353,0.28642,0.14374,0.28668,0.43372,2.51829,0.28999,2.23161,0.28999,2.23161,1.00000,0.00000,0,0.00028,-0.08221,-0.10785,-0.00448,-0.73315,-0.69365,-0.01623,-0.03299,0.00307,-0.14594,0.00948,0.04225,0.02580,0.00723,0.14149,0.17487,-0.14907,-0.11547,-0.00277,3.62993,3.56633,0.04457,0.06972,-0.00502,2.32708,2.31872,-0.10303,-0.07609,0.00510,5.93081,5.78257
37.2527,1.13670,0.28486,0.13670,0.28486,0.14029,0.28614,0.42945,2.50968,0.28915,2.22355,0.28915,2.22355,1.00000,0.00000,0,0.00028,-0.08186,-0.10744,0.01198,-0.73781,-0.88572,-0.01624,-0.03285,-0.00389,-0.15013,-0.19089,0.04219,0.02582,-0.00027,0.10617,0.06351,-0.14939,-0.11601,-0.01203,3.62274,3.63995,0.04429,0.06952,-0.00503,2.37026,2.35210,-0.10270,-0.07610,0.00701,5.96221,5.90707
37.3542,1.13361,0.28435,1.13361,0.28435,0.43499,0.28485,0.47556,2.50112,-0.01145,2.21628,0.04057,2.21628,0.00000,0.00000,1,0.00030,-0.07655,-0.10705,0.00759,-0.77338,-0.78139,-0.02776,-0.03267,0.00005,-0.19884,-0.21700,0.03095,0.02591,0.00061,0.05807,0.04951,-0.14486,-0.11648,-0.00409,3.70818,3.78430,0.05047,0.06929,0.00618,2.43222,2.43807,-0.09594,-0.07611,0.00103,5.93183,5.76481
37.4545,1.11573,0.31142,1.11573,0.31142,1.00609,0.29518,0.44980,2.49249,-0.55629,2.19730,-0.55629,2.19730,0.00000,0.00000,0,0.00027,-0.06374,-0.10003,0.02756,-1.66973,-1.71876,-0.05541,-0.03661,0.00087,2.58192,2.60434,0.00394,0.02396,-0.00263,2.82611,2.83093,-0.13404,-0.11613,0.00630,2.60896,2.60892,0.06522,0.06925,0.00207,0.82735,0.75714,-0.07970,-0.07593,-0.01184,4.27337,4.38861
37.5551,1.10791,0.32539,1.10791,0.32539,1.09147,0.31658,0.41772,2.48321,-0.67375,2.16664,-0.67375,2.16664,0.00000,0.00000,0,0.00028,-0.06009,-0.09777,0.02765,-1.65649,-1.49792,-0.06075,-0.03678,0.00464,2.46289,2.62619,-0.00148,0.02376,0.00377,2.78529,2.91651,-0.13301,-0.11616,0.00265,2.75309,2.67694,0.06709,0.06926,0.00656,0.99776,0.87631,-0.07550,-0.07591,-0.00922,4.21931,4.21065
37.6555,1.08593,0.34978,1.08593,0.34978,1.09425,0.33725,0.38480,2.47337,-0.70945,2.13613,-0.70945,2.13613,0.00000,0.00000,0,0.00028,-0.05809,-0.08987,0.11041,-1.07650,-1.14537,-0.06229,-0.03687,0.00210,2.52088,2.53842,-0.00321,0.02364,-0.00932,2.83446,2.84323,-0.13356,-0.11615,0.01512,2.85411,2.86246,0.06685,0.06923,-0.00770,1.01956,0.92357,-0.07342,-0.07590,-0.00742,4.16544,4.15293
37.7558,1.02407,0.39855,1.02407,0.39855,1.05371,0.37802,0.35260,2.46251,-0.70111,2.08450,-0.70111,2.08450,0.00000,0.00000,0,0.00025,-0.05610,-0.07660,0.21520,-0.10977,-0.35952,-0.06169,-0.03693,-0.00392,2.49024,2.44025,-0.00302,0.02352,-0.00668,2.85873,2.89673,-0.13584,-0.11625,-0.00540,3.02130,2.97422,0.06467,0.06925,0.00045,1.17539,1.18436,-0.07169,-0.07587,-0.00469,4.08057,4.10169
37.8572,0.95710,0.48068,0.95710,0.48068,0.98185,0.45841,0.32237,2.44967,-0.65948,1.99127,-0.65948,1.99127,0.00000,0.00000,0,0.00109,-0.05305,-0.06558,0.01022,-0.24991,-0.15218,-0.05939,-0.03692,0.00270,2.35798,2.27414,-0.00147,0.02355,0.00399,2.77617,2.82441,-0.14048,-0.11642,-0.01140,3.34592,3.36054,0.06004,0.06925,0.00284,1.54081,1.59273,-0.06926,-0.07584,-0.00456,3.90604,4.13928
37.9575,0.95060,0.49067,0.95060,0.49067,0.95764,0.48234,0.29342,2.43548,-0.66423,1.95314,-0.66423,1.95314,0.00000,0.00000,0,0.00028,-0.05137,-0.06438,0.00608,-0.31383,-0.30808,-0.05945,-0.03692,0.00131,2.41474,2.33984,-0.00182,0.02348,0.00643,2.85399,2.84531,-0.14195,-0.11657,-0.00377,3.50111,3.44779,0.05871,0.06926,0.00834,1.63308,1.72638,-0.06770,-0.07581,0.00520,3.83262,3.73660
38.0586,0.94789,0.49162,0.94789,0.49162,0.94958,0.48968,0.26486,2.42087,-0.68472,1.93119,-0.68472,1.93119,0.00000,0.00000,0,0.00026,-0.05004,-0.06381,-0.00060,-0.38479,-0.33204,-0.06032,-0.03697,-0.00331,2.51705,2.42430,-0.00283,0.02335,0.00096,2.95274,2.81257,-0.14246,-0.11665,-0.00014,3.54823,3.52174,0.05841,0.06925,0.00146,1.62832,1.69539,-0.06634,-0.07580,-0.00638,3.69547,3.64956
38.1606,0.94729,0.49135,0.94729,0.49135,0.94686,0.49147,0.23644,2.40613,-0.71041,1.91466,-0.71041,1.91466,0.00000,0.00000,0,0.00032,-0.04883,-0.06331,-0.00008,-0.46418,-0.44251,-0.06144,-0.03713,-0.00075,2.62301,2.56927,-0.00405,0.02313,-0.00189,3.06020,3.13707,-0.14263,-0.11681,-0.00181,3.59816,3.71521,0.05844,0.06924,-0.00170,1.64306,1.61818,-0.06505,-0.07579,-0.00228,3.61969,3.58316
38.2615,0.94075,0.49396,0.94075,0.49396,0.94315,0.49304,0.20810,2.39136,-0.73505,1.89832,-0.73505,1.89832,0.00000,0.00000,0,0.00035,-0.04765,-0.06269,0.01407,-0.51467,-0.49121,-0.06252,-0.03738,-0.00407,2.71988,2.67956,-0.00523,0.02280,-0.00498,3.14256,3.34737,-0.14282,-0.11706,0.00276,3.61078,3.74941,0.05846,0.06923,-0.00601,1.65550,1.67814,-0.06379,-0.07576,0.00599,3.54186,3.59062
38.3642,0.93128,0.50177,0.93128,0.50177,0.93518,0.49900,0.17994,2.37647,-0.75525,1.87747,-0.75525,1.87747,0.00000,0.00000,0,0.00031,-0.04638,-0.06161,0.00795,-0.55143,-0.40835,-0.06338,-0.03767,-0.00338,2.83510,2.78305,-0.00622,0.02227,-0.00592,3.26084,3.31594,-0.14329,-0.11732,-0.00124,3.69756,3.75398,0.05819,0.06925,0.00374,1.71187,1.80466,-0.06248,-0.07575,0.00666,3.40982,3.53598
38.4647,0.92341,0.51290,0.92341,0.51290,0.92646,0.50748,0.15205,2.36137,-0.77441,1.85389,-0.77441,1.85389,0.00000,0.00000,0,0.00028,-0.04501,-0.05930,0.03879,-0.41399,-0.39650,-0.06417,-0.03799,-0.00645,2.88506,2.86202,-0.00717,0.02164,-0.01427,3.31141,3.46933,-0.14388,-0.11784,0.00091,3.73311,3.67680,0.05778,0.06924,0.00049,1.73688,1.76728,-0.06110,-0.07573,-0.00240,3.29555,3.34845
38.5660,0.88983,0.54678,0.88983,0.54678,0.90652,0.53000,0.12454,2.34580,-0.78198,1.81580,-0.78198,1.81580,0.00000,0.00000,0,0.00027,-0.04327,-0.05166,0.08699,0.05382,0.19610,-0.06437,-0.03822,-0.00490,2.91181,2.88116,-0.00766,0.02080,-0.01107,3.32971,3.40341,-0.14530,-0.11895,-0.02513,3.75009,3.65178,0.05653,0.06924,0.00323,1.84919,1.83161,-0.05946,-0.07569,0.00561,3.18046,3.01834
38.6671,0.83755,0.59301,0.83755,0.59301,0.86055,0.57248,0.09812,2.32916,-0.76242,1.75667,-0.76242,1.75667,0.00000,0.00000,0,0.00041,-0.04120,-0.04129,0.10015,0.55865,0.49372,-0.06322,-0.03831,0.00283,2.88459,2.81190,-0.00699,0.01992,-0.01232,3.27200,3.26028,-0.14811,-0.12197,-0.04716,3.73998,3.71725,0.05377,0.06924,0.00044,2.07007,1.94402,-0.05774,-0.07567,0.00551,3.05461,3.00018
38.7681,0.77195,0.60285,0.77195,0.60285,0.80347,0.60442,0.07332,2.31122,-0.73015,1.70680,-0.73015,1.70680,0.00000,0.00000,0,0.00029,-0.03977,-0.03952,0.00216,0.30093,0.29598,-0.06153,-0.03831,0.00461,2.80218,2.62718,-0.00570,0.01883,-0.01604,3.16750,3.17310,-0.15079,-0.13592,-0.15348,2.78237,2.93820,0.05104,0.06924,0.00148,2.27549,2.23331,-0.05670,-0.07565,0.00312,2.91503,2.94322
38.8705,0.72352,0.57662,0.72352,0.57662,0.74109,0.58011,0.05047,2.29358,-0.69062,1.71347,-0.69062,1.71347,0.00000,0.00000,0,0.00028,-0.04084,-0.03944,-0.00069,0.41648,0.42002,-0.05972,-0.03832,0.00464,2.74330,2.81797,-0.00389,0.01778,-0.00791,3.01930,2.94698,-0.15129,-0.14215,-0.01387,2.82506,2.93013,0.05027,0.06916,-0.00413,2.32022,2.29024,-0.05798,-0.07565,0.00688,3.05016,3.06784
38.9726,0.71913,0.58682,0.71913,0.58682,0.72381,0.58284,0.02861,2.27616,-0.69520,1.69332,-0.69520,1.69332,0.00000,0.00000,0,0.00097,-0.03991,-0.03944,-0.00355,0.34626,0.42596,-0.05985,-0.03834,0.00876,2.82654,2.76799,-0.00417,0.01589,-0.03263,2.93050,2.89676,-0.15203,-0.14280,0.00623,2.88928,2.92660,0.04962,0.06910,-0.00211,2.39251,2.37418,-0.05710,-0.07564,0.00472,2.94705,2.96595
39.0750,0.72276,0.61625,0.72276,0.61625,0.72226,0.60344,0.00694,2.25836,-0.71532,1.65492,-0.71532,1.65492,0.00000,0.00000,0,0.00199,-0.03791,-0.03923,0.00573,0.25512,0.21421,-0.06063,-0.03846,0.00294,2.90446,2.87308,-0.00522,0.01018,-0.06775,2.57559,2.56200,-0.15321,-0.14352,-0.01718,2.91105,2.86537,0.04868,0.06900,0.00539,2.48797,2.55250,-0.05513,-0.07561,0.00694,2.76502,2.60649
39.1742,0.72554,0.66316,0.72554,0.66316,0.72489,0.64419,-0.01478,2.23954,-0.73967,1.59535,-0.73967,1.59535,0.00000,0.00000,0,0.00030,-0.03494,-0.03844,0.01067,0.11129,0.15503,-0.06152,-0.03884,0.00204,2.97553,3.02926,-0.00654,0.00470,-0.01913,2.49990,2.54614,-0.15519,-0.14436,-0.00879,3.01430,3.28058,0.04704,0.06853,-0.01323,2.56581,2.49029,-0.05225,-0.07557,0.00216,2.50472,2.60066
39.2751,0.70977,0.67064,0.70977,0.67064,0.71618,0.66401,-0.03640,2.21980,-0.75257,1.55580,-0.75257,1.55580,0.00000,0.00000,0,0.00030,-0.03303,-0.03776,0.00562,0.00136,0.07335,-0.06196,-0.03926,-0.01780,2.98697,2.97269,-0.00727,0.00344,-0.00901,2.52266,2.74003,-0.15656,-0.14584,-0.00754,3.00971,3.13934,0.04587,0.06806,-0.01088,2.65655,2.62411,-0.05042,-0.07552,0.00221,2.39671,2.40631
39.3763,0.69863,0.67493,0.69863,0.67493,0.70373,0.67255,-0.05766,2.19971,-0.76138,1.52716,-0.76138,1.52716,0.00000,0.00000,0,0.00034,-0.03166,-0.03740,0.01440,-0.03626,-0.01805,-0.06225,-0.03984,-0.00681,3.02176,2.88638,-0.00778,0.00291,-0.00864,2.54033,2.46660,-0.15757,-0.14748,-0.02135,2.94612,2.84395,0.04501,0.06779,0.00422,2.75975,2.68214,-0.04911,-0.07552,-0.00238,2.26872,2.28876
39.4767,0.67884,0.67602,0.67884,0.67602,0.68806,0.67584,-0.07850,2.17946,-0.76656,1.50363,-0.76656,1.50363,0.00000,0.00000,0,0.00034,-0.03057,-0.03703,-0.00199,-0.10059,-0.14764,-0.06240,-0.04042,-0.00504,3.02608,3.19971,-0.00810,0.00248,-0.00597,2.56695,2.61942,-0.15843,-0.15069,-0.04863,2.71616,2.55883,0.04425,0.06748,0.00082,2.80925,2.90950,-0.04809,-0.07547,0.00079,2.13348,2.26878
39.5770,0.63149,0.65802,0.63149,0.65802,0.65597,0.66820,-0.09866,2.15926,-0.75464,1.49105,-0.75464,1.49105,0.00000,0.00000,0,0.00028,-0.03029,-0.03663,-0.00061,-0.11140,-0.09977,-0.06180,-0.04084,0.00246,3.02290,3.02649,-0.00760,0.00221,-0.00515,2.51888,2.74101,-0.15918,-0.16242,-0.12893,1.83540,1.90747,0.04346,0.06723,0.00791,2.90712,2.79908,-0.04792,-0.07545,-0.00102,2.08271,2.20433
39.6808,0.58138,0.63041,0.58138,0.63041,0.60366,0.63937,-0.11737,2.13978,-0.72103,1.50040,-0.72103,1.50040,0.00000,0.00000,0,0.00032,-0.03136,-0.03663,-0.00347,-0.02571,-0.10045,-0.06028,-0.04097,0.00408,2.96401,2.90105,-0.00604,0.00209,-0.00019,2.41826,2.53759,-0.15946,-0.16887,-0.03886,1.71004,1.79535,0.04295,0.06699,-0.01653,2.90758,2.97174,-0.04915,-0.07542,0.00645,2.15040,2.10829
39.7835,0.56360,0.62484,0.56360,0.62484,0.57425,0.62823,-0.13491,2.12082,-0.70916,1.49259,-0.70916,1.49259,0.00000,0.00000,0,0.00168,-0.03127,-0.03664,-0.00893,-0.08589,0.01284,-0.05970,-0.04109,-0.00380,2.94487,3.02428,-0.00553,0.00203,0.00055,2.38553,2.37540,-0.16001,-0.17158,-0.02194,1.60278,1.53035,0.04235,0.06674,-0.00659,3.01834,3.01658,-0.04916,-0.07545,-0.00882,2.08837,2.07620
39.8825,0.55597,0.62179,0.55597,0.62179,0.56019,0.62314,-0.15185,2.10208,-0.71204,1.47893,-0.71204,1.47893,0.00000,0.00000,0,0.00031,-0.03064,-0.03661,-0.00236,-0.13582,-0.09324,-0.05978,-0.04126,0.00189,2.98424,2.92538,-0.00571,0.00196,-0.00093,2.44053,2.48713,-0.16052,-0.17297,-0.00903,1.57242,1.70954,0.04190,0.06650,-0.00449,3.04924,3.08663,-0.04857,-0.07539,0.00274,2.02656,1.88991
39.9844,0.54999,0.62578,0.54999,0.62578,0.55341,0.62536,-0.16853,2.08335,-0.72194,1.45799,-0.72194,1.45799,0.00000,0.00000,0,0.00042,-0.02957,-0.03640,-0.00190,-0.18108,-0.20520,-0.06015,-0.04144,0.00080,2.99308,3.05615,-0.00624,0.00188,-0.00322,2.49725,2.47635,-0.16119,-0.17342,-0.00695,1.59367,1.58029,0.04136,0.06628,0.00173,3.11853,3.08621,-0.04752,-0.07540,-0.00598,1.87248,1.83322
40.0872,0.54939,0.62407,0.54939,0.62407,0.55057,0.62455,-0.18508,2.06460,-0.73565,1.44004,-0.73565,1.44004,0.00000,0.00000,0,0.00085,-0.02855,-0.03609,-0.00086,-0.24409,-0.25881,-0.06071,-0.04172,-0.00307,3.05549,3.04304,-0.00693,0.00176,0.00160,2.54015,2.44254,-0.16166,-0.17368,-0.01031,1.56145,1.50687,0.04103,0.06608,0.00715,3.20716,3.23460,-0.04649,-0.07536,-0.00578,1.76343,1.61129
40.1888,0.54525,0.62529,0.54525,0.62529,0.54702,0.62449,-0.20153,2.04587,-0.74855,1.42138,-0.74855,1.42138,0.00000,0.00000,0,0.00144,-0.02751,-0.03578,-0.01005,-0.28222,-0.18752,-0.06124,-0.04210,-0.00816,3.11106,3.19787,-0.00758,0.00160,0.00554,2.60790,2.51122,-0.16217,-0.17383,-0.00085,1.56913,1.80633,0.04065,0.06584,0.00159,3.23589,3.23852,-0.04545,-0.07531,0.00095,1.64968,1.62098
40.2888,0.54021,0.62987,0.54021,0.62987,0.54252,0.62825,-0.21787,2.02707,-0.76039,1.39882,-0.76039,1.39882,0.00000,0.00000,0,0.00025,-0.02634,-0.03509,0.00102,-0.31774,-0.59073,-0.06169,-0.04250,-0.00365,3.16581,3.27355,-0.00820,0.00140,-0.00235,2.61544,2.62699,-0.16287,-0.17398,-0.01506,1.55326,1.70281,0.04010,0.06552,0.00450,3.29917,3.34619,-0.04429,-0.07528,-0.00707,1.52754,1.64590
40.3916,0.53366,0.63393,-0.46634,0.63393,0.02663,0.63224,-0.27935,2.00816,-0.30598,1.37592,-0.30598,1.37592,1.00000,0.00000,0,0.00026,-0.03452,-0.03456,-0.01064,0.25560,-0.21426,-0.04058,-0.04296,-0.00885,3.16921,3.13558,0.01236,0.00153,0.09256,1.41117,1.62944,-0.17270,-0.17405,0.00477,2.30674,1.88441,0.02748,0.06482,-0.07506,4.01934,3.74301,-0.05525,-0.07526,-0.00937,2.28295,1.93844
40.4934,0.41745,0.57962,-0.58255,0.57962,-0.44026,0.60641,-0.27049,1.98946,0.16977,1.38304,0.16977,1.38304,1.00000,0.00000,0,0.00028,-0.04436,-0.03603,-0.00190,0.84905,0.75021,-0.01862,-0.04077,0.01203,0.24171,0.33391,0.03399,0.00338,0.00913,-0.24291,-0.19098,-0.18169,-0.17912,-0.01280,2.53189,2.50838,0.01542,0.04255,-0.12922,3.37526,3.34347,-0.06793,-0.07543,0.00241,3.06466,3.12683
40.5960,0.36784,0.56155,-0.63216,0.56155,-0.59812,0.57468,-0.25390,1.97185,0.34423,1.39717,0.34423,1.39717,1.00000,0.00000,0,0.00086,-0.04844,-0.03661,0.00270,1.02395,0.94091,-0.01062,-0.03913,0.00880,0.07375,0.04959,0.04195,0.00466,0.00247,-0.49711,-0.38598,-0.18450,-0.17955,0.00391,2.64291,2.51086,0.01142,0.03856,-0.01782,3.58918,3.57880,-0.07303,-0.07546,0.00251,3.31591,3.38019
40.6964,0.35803,0.55557,-0.64197,0.55557,-0.63517,0.56087,-0.23516,1.95489,0.40002,1.39402,0.40002,1.39402,1.00000,0.00000,0,0.00034,-0.04943,-0.03673,0.00412,1.03148,1.07115,-0.00803,-0.03858,0.00832,-0.01502,0.04237,0.04447,0.00532,0.00572,-0.58042,-0.53727,-0.18572,-0.17981,-0.01421,2.62313,2.67737,0.00985,0.03787,-0.01679,3.65477,3.60746,-0.07437,-0.07548,0.00430,3.32414,3.19922
40.7968,0.35026,0.55263,-0.64974,0.55263,-0.64669,0.55477,-0.21588,1.93818,0.43081,1.38341,0.43081,1.38341,1.00000,0.00000,0,0.00028,-0.04960,-0.03682,-0.00491,1.03431,1.13605,-0.00657,-0.03803,0.01036,-0.08603,-0.05150,0.04583,0.00587,0.00622,-0.63628,-0.62478,-0.18676,-0.18003,-0.01394,2.66689,2.67982,0.00865,0.03723,-0.00679,3.71626,3.75375,-0.07477,-0.07549,-0.00017,3.29623,3.25738
40.8984,0.33919,0.54666,-0.66081,0.54666,-0.65727,0.54883,-0.19627,1.92164,0.46100,1.37282,0.46100,1.37282,1.00000,0.00000,0,0.00035,-0.04976,-0.03687,-0.00019,1.07911,1.06997,-0.00513,-0.03701,0.00434,-0.15779,0.04675,0.04716,0.00654,0.00585,-0.73176,-0.99155,-0.18778,-0.18023,-0.00867,2.73668,2.79619,0.00746,0.03647,-0.01156,3.81529,3.84836,-0.07516,-0.07548,0.00512,3.34031,3.23811
41.0006,0.33125,0.54060,-0.66875,0.54060,-0.66442,0.54361,-0.17644,1.90527,0.48798,1.36166,0.48798,1.36166,1.00000,0.00000,0,0.00031,-0.04984,-0.03689,0.00955,1.12264,1.07761,-0.00385,-0.03546,0.01367,-0.14162,-0.13150,0.04835,0.00745,0.00520,-0.82452,-0.86760,-0.18877,-0.18042,0.00225,2.82854,2.84872,0.00633,0.03549,-0.02093,3.83192,3.84552,-0.07545,-0.07549,0.00640,3.35683,3.28173
41.1012,0.32122,0.53100,-0.67878,0.53100,-0.67352,0.53682,-0.15634,1.88906,0.51718,1.35223,0.51718,1.35223,1.00000,0.00000,0,0.00029,-0.05003,-0.03698,-0.00126,1.13439,1.20117,-0.00247,-0.03405,0.00712,-0.24428,-0.20347,0.04964,0.00890,0.01662,-0.87802,-0.70999,-0.18973,-0.18063,0.00086,2.90133,2.86742,0.00521,0.03465,-0.01437,3.96311,3.91077,-0.07586,-0.07550,0.00431,3.36892,3.40989
41.2032,0.31381,0.50285,-0.68619,0.50285,-0.68197,0.51627,-0.13598,1.87328,0.54599,1.35701,0.54599,1.35701,1.00000,0.00000,0,0.00040,-0.05080,-0.03710,-0.00597,1.18526,1.11381,-0.00115,-0.03316,0.01002,-0.33094,-0.27987,0.05097,0.01228,0.06108,-0.69166,-0.78233,-0.19009,-0.18082,0.00258,2.89244,2.94573,0.00464,0.03396,-0.00032,4.00164,4.10924,-0.07680,-0.07553,-0.01151,3.40227,3.45852
41.3050,0.29222,0.39665,-0.70778,0.39665,-0.69598,0.44519,-0.11531,1.85879,0.58067,1.41361,0.58067,1.41361,1.00000,0.00000,0,0.00030,-0.05386,-0.03737,-0.00461,1.42288,1.45286,0.00024,-0.03178,0.00926,-0.39027,-0.39158,0.05272,0.02585,0.02132,-0.15765,-0.06746,-0.18843,-0.18096,-0.00336,2.85545,2.89509,0.00589,0.03346,-0.00152,3.92993,3.98143,-0.07984,-0.07551,0.00445,3.54227,3.70544
41.4060,0.29203,0.38534,-0.70797,0.38534,-0.70610,0.40195,-0.09417,1.84630,0.61193,1.44435,0.61193,1.44435,1.00000,0.00000,0,0.00031,-0.05577,-0.03815,0.00153,1.50392,1.52581,0.00157,-0.03077,0.01877,-0.45787,-0.42633,0.05424,0.02649,-0.00101,-0.30788,-0.25237,-0.18776,-0.18094,0.00207,2.78117,2.74688,0.00625,0.03327,-0.01542,3.94641,3.71374,-0.08181,-0.07555,0.00412,3.78096,3.97268
41.5063,0.28258,0.38739,-0.71742,0.38739,-0.71454,0.39157,-0.07282,1.83446,0.64172,1.44288,0.64172,1.44288,1.00000,0.00000,0,0.00033,-0.05630,-0.03832,0.00192,1.53724,1.62522,0.00295,-0.03014,0.00529,-0.59613,-0.57398,0.05558,0.02688,0.00682,-0.37225,-0.39372,-0.18840,-0.18100,-0.00127,2.80273,2.70632,0.00542,0.03303,-0.00980,4.03321,3.85395,-0.08254,-0.07557,0.00167,3.82249,3.88477
41.6083,0.27505,0.38140,-0.72495,0.38140,-0.72186,0.38422,-0.05125,1.82285,0.67061,1.43863,0.67061,1.43863,1.00000,0.00000,0,0.00031,-0.05670,-0.03842,-0.00189,1.59172,1.52442,0.00430,-0.02950,0.01209,-0.66136,-0.57205,0.05688,0.02734,0.00782,-0.48659,-0.57823,-0.18914,-0.18109,-0.00739,2.85661,2.81874,0.00450,0.03265,-0.00497,4.15780,4.18968,-0.08314,-0.07559,-0.00432,3.84058,3.85901
41.7106,0.27065,0.37352,-0.72935,0.37352,-0.72756,0.37622,-0.02950,1.81147,0.69806,1.43525,0.69806,1.43525,1.00000,0.00000,0,0.00034,-0.05711,-0.03861,0.00234,1.64681,1.54662,0.00558,-0.02881,0.00440,-0.75831,-0.82678,0.05811,0.02783,0.00099,-0.60169,-0.58667,-0.18982,-0.18119,0.00028,2.94827,3.08309,0.00366,0.03231,-0.00049,4.23297,4.32510,-0.08373,-0.07560,-0.00712,3.88332,3.70245
41.8119,0.26745,0.37030,-0.73255,0.37030,-0.73120,0.37188,-0.00760,1.80027,0.72361,1.42839,0.72361,1.42839,1.00000,0.00000,0,0.00029,-0.05733,-0.03883,-0.00611,1.66368,1.73013,0.00679,-0.02803,0.00867,-0.86959,-0.81732,0.05925,0.02846,0.00842,-0.70547,-0.66100,-0.19059,-0.18136,-0.00520,2.98312,2.81794,0.00273,0.03197,-0.00216,4.31433,4.28374,-0.08414,-0.07558,0.00392,3.92398,3.75359
41.9128,0.26166,0.36338,-0.73834,0.36338,-0.73540,0.36615,0.01440,1.78923,0.74980,1.42308,0.74980,1.42308,1.00000,0.00000,0,0.00027,-0.05764,-0.03895,-0.00757,1.70603,1.77759,0.00801,-0.02734,0.00931,-0.95344,-0.91549,0.06042,0.02916,0.00485,-0.78322,-0.77940,-0.19132,-0.18150,0.00109,3.01582,2.95329,0.00185,0.03158,-0.01201,4.38612,4.53615,-0.08463,-0.07559,0.00848,4.01045,4.02733
42.0146,0.25747,0.35289,-0.74253,0.35289,-0.74101,0.35738,0.03657,1.77839,0.77757,1.42101,0.77757,1.42101,1.00000,0.00000,0,0.00029,-0.05810,-0.03910,-0.00097,1.77260,1.74381,0.00930,-0.02638,0.00219,-1.05836,-0.96871,0.06167,0.03022,0.00711,-0.84222,-0.84920,-0.19195,-0.18169,-0.00879,3.05965,3.06131,0.00104,0.03122,-0.00782,4.44938,4.56236,-0.08528,-0.07561,0.00028,4.03196,3.96248
42.1151,0.25047,0.33234,-0.74953,0.33234,-0.74703,0.34116,0.05891,1.76794,0.80594,1.42678,0.80594,1.42678,1.00000,0.00000,0,0.00027,-0.05891,-0.03937,-0.01026,1.83608,1.74041,0.01059,-0.02499,0.02225,-1.09615,-1.12294,0.06297,0.03247,0.05622,-0.69494,-0.60512,-0.19226,-0.18183,0.00128,3.11493,3.17449,0.00052,0.03087,-0.01409,4.53136,4.57817,-0.08624,-0.07562,0.00413,4.10977,4.00713
42.2161,0.23880,0.25166,-0.76120,0.25166,-0.75479,0.28443,0.08142,1.75858,0.83622,1.47415,0.83622,1.47415,1.00000,0.00000,0,0.00027,-0.06150,-0.03982,-0.01162,1.96177,1.92016,0.01182,-0.02238,0.02242,-1.07672,-0.99958,0.06449,0.04274,0.11807,0.01868,-0.02959,-0.19089,-0.18189,0.00670,3.07012,2.95889,0.00153,0.03065,-0.00737,4.54878,4.65873,-0.08882,-0.07565,0.00065,4.27919,4.48052
42.3178,0.22652,0.15520,-0.77348,0.15520,-0.76569,0.19006,0.10423,1.75176,0.86992,1.56170,0.86992,1.56170,1.00000,0.00000,0,0.00031,-0.06583,-0.04098,-0.02521,2.20407,2.23993,0.01307,-0.02057,0.00408,-1.10328,-1.18942,0.06629,0.05443,0.05876,0.40953,0.25193,-0.18793,-0.18186,0.00518,2.79930,2.63900,0.00398,0.03060,0.00381,4.40904,4.56392,-0.09300,-0.07571,0.00070,4.60600,4.43456
42.4194,0.23411,0.13360,-0.76589,0.13360,-0.76678,0.14658,0.12725,1.74693,0.89403,1.60034,0.89403,1.60034,1.00000,0.00000,0,0.00036,-0.06792,-0.04207,-0.00082,2.36540,2.14936,0.01404,-0.01889,0.01576,-1.09747,-1.11956,0.06750,0.05592,0.00691,0.24578,0.18986,-0.18680,-0.18186,-0.00110,2.76458,2.76941,0.00482,0.03057,-0.00427,4.37493,4.28870,-0.09508,-0.07577,-0.00640,4.72447,5.13561
42.5216,0.23222,0.11325,-0.76778,0.11325,-0.76681,0.12336,0.15024,1.74297,0.91705,1.61960,0.91705,1.61960,1.00000,0.00000,0,0.00029,-0.06919,-0.04298,-0.01297,2.39642,2.32171,0.01504,-0.01542,0.08168,-0.80091,-0.85792,0.06861,0.05654,0.00400,0.15834,0.26290,-0.18645,-0.18186,0.00543,2.82840,2.72338,0.00495,0.03053,-0.00576,4.44205,4.59410,-0.09641,-0.07576,0.00150,4.83187,5.03286
42.6231,0.23928,-0.00347,-0.76072,-0.00347,-0.76784,0.04104,0.17334,1.74052,0.94118,1.69948,0.94118,1.69948,1.00000,0.00000,0,0.00027,-0.07301,-0.04419,-0.03843,2.59986,2.46561,0.01587,-0.00097,0.03714,-0.17730,-0.18966,0.06994,0.05732,-0.01158,0.06591,-0.04133,-0.18362,-0.18185,-0.00600,2.62960,2.43410,0.00736,0.03048,-0.00804,4.32145,4.35898,-0.10005,-0.07581,0.00228,5.10459,5.09302
42.7241,0.22990,-0.00378,-0.77010,-0.00378,-0.77256,0.00594,0.19643,1.74036,0.96899,1.73442,0.96899,1.73442,1.00000,0.00000,32,0.00032,-0.07502,-0.04695,-0.01734,2.61573,2.62217,0.01703,-0.00033,0.00756,-0.30370,-0.25127,0.07131,0.05790,0.00638,0.02082,0.19138,-0.18271,-0.18179,-0.00619,2.55032,2.57576,0.00796,0.03047,-0.00606,4.34530,4.49665,-0.10210,-0.07585,0.00406,5.31342,5.27463
42.8262,0.22991,-0.01033,-0.77009,-0.01033,-0.76873,-0.00771,0.21949,1.74036,0.98822,1.74807,0.98822,1.74807,1.00000,0.00000,32,0.00095,-0.07598,-0.04868,-0.01400,2.60127,2.48073,0.01787,0.00030,0.00563,-0.35917,-0.38480,0.07222,0.05813,-0.00104,-0.01937,0.08948,-0.18252,-0.18178,0.00359,2.57138,2.49449,0.00798,0.03047,-0.00220,4.39336,4.53622,-0.10312,-0.07589,-0.00511,5.37413,5.41020
42.9259,0.23481,-0.01609,-0.76519,-0.01609,-0.76415,-0.01506,0.24247,1.74036,1.00662,1.75542,1.00662,1.75542,1.00000,0.00000,32,0.00027,-0.07665,-0.05019,-0.00619,2.62651,2.80309,0.01869,0.00083,0.00235,-0.38659,-0.42047,0.07307,0.05836,-0.00457,-0.08480,-0.09536,-0.18258,-0.18179,-0.00252,2.55246,2.63103,0.00778,0.03040,0.00063,4.44139,4.52926,-0.10388,-0.07589,0.00451,5.49938,5.40984
43.0273,0.23563,-0.02651,-0.76437,-0.02651,-0.76419,-0.02269,0.26540,1.74062,1.02959,1.76332,1.02959,1.76332,1.00000,0.00000,0,0.00035,-0.07744,-0.05133,-0.00962,2.61212,2.52628,0.01973,0.00136,0.00718,-0.44258,-0.47597,0.07414,0.05861,0.00384,-0.13530,-0.21341,-0.18270,-0.18179,-0.00282,2.57058,2.59811,0.00748,0.03030,-0.00141,4.50563,4.35998,-0.10478,-0.07591,0.01090,5.57859,5.57889
43.1293,0.23583,-0.03297,-0.76417,-0.03297,-0.76381,-0.02961,0.28832,1.74143,1.05214,1.77103,1.05214,1.77103,1.00000,0.00000,0,0.00044,-0.07822,-0.05243,-0.00616,2.64927,2.63245,0.02074,0.00189,0.00303,-0.53113,-0.41736,0.07518,0.05890,0.00379,-0.21667,-0.02221,-0.18281,-0.18178,0.00280,2.60065,2.57231,0.00718,0.03012,-0.00484,4.54636,4.54835,-0.10566,-0.07596,-0.00220,5.68364,5.43099
43.2326,0.23860,-0.03841,-0.76140,-0.03841,-0.76234,-0.03623,0.31121,1.74244,1.07355,1.77868,1.07355,1.77868,1.00000,0.00000,0,0.00205,-0.07897,-0.05379,-0.01496,2.67122,2.71191,0.02171,0.00235,-0.00059,-0.61933,-0.65262,0.07617,0.05919,0.00300,-0.31694,-0.34695,-0.18291,-0.18180,-0.00140,2.58442,2.59679,0.00691,0.02989,-0.00559,4.60212,4.50658,-0.10651,-0.07595,0.01635,5.82523,5.76852
43.3320,0.24215,-0.04438,-0.75785,-0.04438,-0.75953,-0.04180,0.33404,1.74364,1.09357,1.78544,1.09357,1.78544,1.00000,0.00000,0,0.00032,-0.07965,-0.05577,-0.02238,2.61918,2.56853,0.02261,0.00293,0.00510,-0.64746,-0.58781,0.07709,0.05953,0.00116,-0.36721,-0.31190,-0.18302,-0.18179,-0.00190,2.63013,2.66590,0.00665,0.02966,-0.00147,4.63747,4.56852,-0.10729,-0.07600,0.00168,5.88502,6.00225
43.4344,0.24557,-0.05536,0.24557,-0.05536,0.00386,-0.05042,0.39123,1.74503,0.38737,1.79545,0.38737,1.79545,0.00000,0.00000,16,0.00031,-0.06593,-0.05667,0.00099,1.60896,1.58155,-0.01010,0.00314,-0.04474,1.66381,1.54107,0.04521,0.05868,-0.07187,1.71100,1.15450,-0.16891,-0.18129,0.01146,1.63355,1.60547,0.02544,0.02958,0.00610,3.28672,3.23285,-0.08916,-0.07584,0.00710,4.62905,4.56229
43.5357,0.24277,-0.05829,0.24277,-0.05829,0.20350,-0.05695,0.38670,1.74668,0.18320,1.80363,0.18320,1.80363,0.00000,0.00000,0,0.00038,-0.06218,-0.05645,-0.00660,1.48381,1.57487,-0.01958,-0.00089,-0.00385,1.95696,1.90055,0.03601,0.05669,-0.00961,2.20512,2.09967,-0.16461,-0.18101,-0.00515,1.38557,1.38174,0.03106,0.02957,-0.00535,3.01569,3.02848,-0.08413,-0.07584,-0.00202,4.41145,4.32333
43.6366,0.24112,-0.05918,0.24112,-0.05918,0.23559,-0.05824,0.37988,1.74841,0.14429,1.80665,0.14429,1.80665,0.00000,0.00000,0,0.00051,-0.06152,-0.05645,-0.00312,1.54715,1.48360,-0.02139,-0.00091,-0.00711,1.87130,1.82135,0.03425,0.05659,0.00216,2.18226,2.28779,-0.16373,-0.18099,-0.01128,1.41749,1.20967,0.03219,0.02960,0.00975,3.07084,3.05324,-0.08323,-0.07586,-0.00384,4.46888,4.40142
43.7374,0.24124,-0.05787,0.24124,-0.05787,0.24048,-0.05849,0.37270,1.75017,0.13222,1.80866,0.13222,1.80866,0.00000,0.00000,0,0.00027,-0.06136,-0.05642,0.01134,1.59642,1.60196,-0.02196,-0.00091,-0.00561,1.91141,1.83716,0.03372,0.05650,0.00070,2.19562,2.21413,-0.16341,-0.18095,-0.00525,1.36350,1.37672,0.03258,0.02959,0.00521,3.07111,3.02944,-0.08299,-0.07585,0.00293,4.54881,4.59454
43.8404,0.24166,-0.05824,0.24166,-0.05824,0.24090,-0.05819,0.36550,1.75193,0.12459,1.81012,0.12459,1.81012,0.00000,0.00000,0,0.00037,-0.06127,-0.05644,0.00072,1.59164,1.58339,-0.02232,-0.00094,-0.00050,1.95710,1.99585,0.03338,0.05642,0.00274,2.23581,2.32563,-0.16320,-0.18090,0.00326,1.34630,1.35400,0.03283,0.02957,-0.00168,3.02864,3.04995,-0.08284,-0.07583,0.00860,4.51422,4.33992
43.9425,0.24152,-0.05739,0.24152,-0.05739,0.24129,-0.05744,0.35826,1.75365,0.11697,1.81109,0.11697,1.81109,0.00000,0.00000,0,0.00126,-0.06116,-0.05647,-0.00961,1.54021,1.58965,-0.02268,-0.00109,-0.00180,2.02671,1.99351,0.03303,0.05629,-0.00388,2.29925,2.20206,-0.16301,-0.18087,-0.00391,1.29551,1.32564,0.03307,0.02958,-0.00245,3.03079,3.15436,-0.08268,-0.07585,0.00109,4.51950,4.45824
44.0434,0.23630,-0.05897,0.23630,-0.05897,0.23827,-0.05838,0.35107,1.75539,0.11279,1.81377,0.11279,1.81377,0.00000,0.00000,0,0.00035,-0.06119,-0.05646,0.00066,1.59054,1.71342,-0.02288,-0.00123,0.00332,2.07558,2.21006,0.03285,0.05617,-0.00143,2.33296,2.40935,-0.16282,-0.18080,0.00686,1.26285,1.20074,0.03328,0.02957,-0.00423,3.01074,3.03099,-0.08267,-0.07585,0.00509,4.54534,4.63592
44.1446,0.23017,-0.05754,0.23017,-0.05754,0.23248,-0.05766,0.34402,1.75713,0.11155,1.81479,0.11155,1.81479,0.00000,0.00000,0,0.00027,-0.06120,-0.05645,0.00275,1.61106,1.56964,-0.02294,-0.00135,-0.00830,2.10659,2.17418,0.03280,0.05602,-0.00982,2.35455,2.43801,-0.16275,-0.18078,0.00160,1.22457,1.25167,0.03335,0.02958,-0.00172,3.01260,3.00936,-0.08268,-0.07585,0.00035,4.54336,4.57657
44.2460,0.22464,-0.05936,0.22464,-0.05936,0.22815,-0.05827,0.33711,1.75886,0.10896,1.81713,0.10896,1.81713,0.00000,0.00000,0,0.00027,-0.06125,-0.05650,-0.00830,1.55772,1.51267,-0.02307,-0.00147,0.00621,2.16745,2.07540,0.03269,0.05591,0.00055,2.43747,2.43544,-0.16261,-0.18074,-0.00225,1.16484,1.13716,0.03351,0.02959,0.00613,2.96622,2.97957,-0.08270,-0.07586,-0.00290,4.54054,4.57721
44.3465,0.22419,-0.05853,0.22419,-0.05853,0.22443,-0.05836,0.33035,1.76061,0.10592,1.81897,0.10592,1.81897,0.00000,0.00000,0,0.00037,-0.06127,-0.05648,0.00711,1.59556,1.58721,-0.02322,-0.00158,0.00054,2.19439,2.11221,0.03256,0.05576,-0.00698,2.43705,2.46412,-0.16247,-0.18070,-0.00294,1.14342,1.04469,0.03366,0.02957,-0.00647,2.93187,3.16082,-0.08269,-0.07588,-0.00621,4.53051,4.48770
44.4470,0.22234,-0.06013,0.22234,-0.06013,0.22337,-0.05912,0.32364,1.76237,0.10027,1.82149,0.10027,1.82149,0.00000,0.00000,0,0.00033,-0.06126,-0.05646,0.01269,1.66506,1.77753,-0.02349,-0.00173,-0.00650,2.23484,2.38860,0.03231,0.05559,0.00078,2.52039,2.54870,-0.16226,-0.18062,0.00390,1.09212,1.08348,0.03390,0.02959,0.00591,2.95722,2.73657,-0.08264,-0.07585,0.00375,4.58420,4.57165
44.5501,0.22319,-0.05957,0.22319,-0.05957,0.22220,-0.05984,0.31697,1.76416,0.09477,1.82400,0.09477,1.82400,0.00000,0.00000,0,0.00028,-0.06125,-0.05649,0.00604,1.64213,1.70932,-0.02375,-0.00184,0.00130,2.27796,2.35782,0.03207,0.05541,-0.00041,2.55899,2.55467,-0.16205,-0.18059,-0.00336,1.04525,1.17703,0.03414,0.02959,0.00106,2.92052,2.93706,-0.08259,-0.07586,0.00091,4.58864,4.45144
44.6526,0.22446,-0.05679,0.22446,-0.05679,0.22362,-0.05812,0.31027,1.76593,0.08666,1.82405,0.08666,1.82405,0.00000,0.00000,0,0.00030,-0.06109,-0.05652,-0.00296,1.62127,1.55257,-0.02413,-0.00200,-0.00106,2.31281,2.31579,0.03171,0.05522,-0.00297,2.60617,2.55820,-0.16189,-0.18051,0.00375,1.00564,1.02069,0.03435,0.02960,0.00696,2.92075,2.91121,-0.08238,-0.07586,-0.00129,4.60603,4.77147
44.7556,0.22587,-0.05672,0.22587,-0.05672,0.22538,-0.05605,0.30352,1.76762,0.07815,1.82368,0.07815,1.82368,0.00000,0.00000,0,0.00032,-0.06090,-0.05652,-0.00472,1.61418,1.72746,-0.02452,-0.00224,-0.00567,2.38506,2.33024,0.03132,0.05499,-0.00087,2.67516,2.62164,-0.16174,-0.18047,0.00418,0.98994,1.01530,0.03456,0.02960,0.00003,2.87737,2.92521,-0.08214,-0.07586,0.00422,4.59069,4.56209
44.8564,0.22778,-0.06149,0.22778,-0.06149,0.22693,-0.05945,0.29674,1.76936,0.06980,1.82881,0.06980,1.82881,0.00000,0.00000,0,0.00038,-0.06095,-0.05651,0.00115,1.61625,1.71680,-0.02493,-0.00243,-0.00123,2.44447,2.53574,0.03096,0.05478,0.00182,2.71911,2.82758,-0.16136,-0.18038,0.00833,0.93373,0.90621,0.03497,0.02960,-0.00232,2.86933,2.87148,-0.08212,-0.07588,-0.00833,4.57773,4.51529
44.9581,0.22769,-0.05823,0.22769,-0.05823,0.22735,-0.05926,0.28993,1.77115,0.06257,1.83041,0.06257,1.83041,0.00000,0.00000,0,0.00026,-0.06087,-0.05651,-0.00150,1.64326,1.64032,-0.02527,-0.00260,-0.00021,2.47183,2.43688,0.03064,0.05453,0.00192,2.76082,2.80013,-0.16116,-0.18032,0.00170,0.85954,0.91035,0.03522,0.02961,0.00135,2.82875,2.96353,-0.08199,-0.07586,0.00136,4.59882,4.48003
45.0612,0.22337,-0.05981,0.22337,-0.05981,0.22510,-0.05962,0.28314,1.77293,0.05804,1.83254,0.05804,1.83254,0.00000,0.00000,0,0.00081,-0.06087,-0.05652,-0.00038,1.64557,1.69037,-0.02549,-0.00278,-0.00652,2.53774,2.66701,0.03044,0.05424,0.00403,2.82035,2.74407,-0.16098,-0.18028,-0.00321,0.82509,0.91593,0.03542,0.02962,0.00050,2.81032,2.93048,-0.08195,-0.07586,0.00349,4.60839,4.53927
45.1638,0.22618,-0.05785,0.22618,-0.05785,0.22451,-0.05914,0.27642,1.77471,0.05191,1.83385,0.05191,1.83385,0.00000,0.00000,0,0.00026,-0.06080,-0.05651,0.00305,1.67440,1.53211,-0.02578,-0.00293,-0.00478,2.53974,2.65115,0.03017,0.05390,-0.00138,2.81997,2.65295,-0.16081,-0.18022,0.00113,0.76837,0.75639,0.03562,0.02962,-0.00279,2.76910,2.75296,-0.08184,-0.07588,-0.00466,4.58342,4.46865
45.2651,0.22388,-0.05561,0.22388,-0.05561,0.22462,-0.05647,0.26966,1.77643,0.04504,1.83290,0.04504,1.83290,0.00000,0.00000,0,0.00032,-0.06062,-0.05651,0.00348,1.63326,1.57926,-0.02609,-0.00318,-0.00700,2.61576,2.62181,0.02985,0.05362,0.00318,2.89679,3.07999,-0.16071,-0.18014,0.00614,0.75478,0.87240,0.03577,0.02962,-0.00761,2.73855,2.68046,-0.08163,-0.07588,-0.00660,4.59717,4.67781
45.3654,0.22288,-0.05071,0.22288,-0.05071,0.22333,-0.05381,0.26295,1.77809,0.03961,1.83190,0.03961,1.83190,0.00000,0.00000,0,0.00024,-0.06047,-0.05653,0.00726,1.64104,1.81354,-0.02634,-0.00342,-0.00413,2.66629,2.70575,0.02960,0.05331,-0.00463,2.90431,3.00611,-0.16065,-0.18011,0.00394,0.72651,0.67655,0.03587,0.02963,0.00000,2.75126,2.70140,-0.08145,-0.07586,0.00446,4.61908,4.42077
45.4664,0.22281,-0.05073,0.22281,-0.05073,0.22255,-0.05111,0.25627,1.77965,0.03372,1.83076,0.03372,1.83076,0.00000,0.00000,0,0.00040,-0.06031,-0.05656,-0.01026,1.62552,1.62020,-0.02661,-0.00357,-0.00222,2.70466,2.67299,0.02933,0.05303,-0.00427,2.95887,2.81372,-0.16058,-0.18005,0.00304,0.69158,0.72696,0.03598,0.02964,-0.00029,2.73844,2.88542,-0.08125,-0.07586,-0.00347,4.62064,4.63645
45.5689,0.22008,-0.04684,0.22008,-0.04684,0.22118,-0.04873,0.24962,1.78115,0.02844,1.82988,0.02844,1.82988,0.00000,0.00000,0,0.00051,-0.06016,-0.05654,0.00047,1.64081,1.75627,-0.02685,-0.00375,0.00265,2.80064,2.75931,0.02909,0.05266,-0.00583,2.99224,3.00761,-0.16052,-0.18002,-0.00389,0.64388,0.57492,0.03608,0.02964,-0.00423,2.70537,2.72621,-0.08108,-0.07587,-0.00271,4.61474,4.68583
45.6703,0.22429,-0.04489,0.22429,-0.04489,0.22267,-0.04625,0.24296,1.78257,0.02029,1.82882,0.02029,1.82882,0.00000,0.00000,0,0.00043,-0.05996,-0.05652,0.00693,1.65992,1.47695,-0.02722,-0.00405,-0.00044,2.80480,2.87482,0.02872,0.05228,-0.00584,3.05782,2.95375,-0.16040,-0.17995,0.00084,0.59137,0.66448,0.03625,0.02966,-0.00065,2.67846,2.82091,-0.08083,-0.07587,-0.00032,4.59208,4.77275
45.7726,0.22631,-0.04027,0.22631,-0.04027,0.22487,-0.04203,0.23625,1.78388,0.01137,1.82591,0.01137,1.82591,0.00000,0.00000,0,0.00030,-0.05966,-0.05654,-0.00386,1.63009,1.63003,-0.02762,-0.00438,-0.00826,2.84958,2.89118,0.02831,0.05168,-0.00163,3.08762,3.08967,-0.16035,-0.17987,0.00911,0.55832,0.54279,0.03637,0.02966,-0.00351,2.65052,2.63563,-0.08048,-0.07587,-0.00763,4.58006,4.72817
45.8740,0.22849,-0.03608,0.22849,-0.03608,0.22783,-0.03833,0.22945,1.78508,0.00162,1.82342,0.00162,1.82342,0.00000,0.00000,0,0.00028,-0.05936,-0.05655,-0.00666,1.57467,1.61544,-0.02807,-0.00475,-0.00678,2.89639,2.86742,0.02786,0.05106,-0.00720,3.10099,3.23655,-0.16026,-0.17985,-0.01064,0.50155,0.59021,0.03653,0.02968,0.00426,2.65726,2.56271,-0.08014,-0.07586,-0.00276,4.59068,4.62974
45.9756,0.22765,-0.03219,0.22765,-0.03219,0.22774,-0.03375,0.22261,1.78614,-0.00513,1.81989,-0.00513,1.81989,0.00000,0.00000,0,0.00031,-0.05907,-0.05651,0.00474,1.58923,1.62778,-0.02837,-0.00511,0.00330,2.96871,2.92132,0.02754,0.05043,-0.01275,3.12413,3.04206,-0.16027,-0.17976,0.00611,0.50919,0.41867,0.03657,0.02968,0.00242,2.60711,2.65885,-0.07983,-0.07586,0.00029,4.58108,4.54199
46.0766,0.22988,-0.02543,0.22988,-0.02543,0.22895,-0.02826,0.21577,1.78706,-0.01318,1.81533,-0.01318,1.81533,0.00000,0.00000,0,0.00028,-0.05872,-0.05652,0.00075,1.58873,1.62813,-0.02872,-0.00552,0.00198,2.98962,2.92286,0.02716,0.04976,-0.00382,3.16387,3.09551,-0.16030,-0.17969,0.00058,0.46913,0.53050,0.03661,0.02970,0.00773,2.62208,2.73241,-0.07944,-0.07587,-0.00461,4.55648,4.70858
46.1799,0.23232,-0.02131,0.23232,-0.02131,0.23106,-0.02349,0.20885,1.78782,-0.02221,1.81131,-0.02221,1.81131,0.00000,0.00000,0,0.00096,-0.05837,-0.05650,0.00738,1.57066,1.61295,-0.02912,-0.00607,-0.00849,3.01841,3.20833,0.02674,0.04907,-0.00193,3.19100,3.17749,-0.16029,-0.17964,-0.00284,0.44565,0.48029,0.03669,0.02966,-0.01201,2.58536,2.54666,-0.07906,-0.07586,-0.00049,4.52598,4.49664
46.2808,0.22745,-0.01542,0.22745,-0.01542,0.22993,-0.01855,0.20192,1.78822,-0.02800,1.80677,-0.02800,1.80677,0.00000,0.00000,32,0.00034,-0.05807,-0.05652,-0.00377,1.53867,1.63427,-0.02938,-0.00654,-0.01038,3.02018,3.04460,0.02646,0.04845,-0.00546,3.19523,3.06851,-0.16037,-0.17958,0.00299,0.40191,0.54021,0.03667,0.02968,-0.00259,2.58035,2.70571,-0.07874,-0.07584,0.00131,4.52721,4.47574
46.3844,0.22970,-0.00773,-0.77030,-0.00773,-0.06995,-0.01175,0.14625,1.78822,0.26677,1.79996,0.21620,1.79996,1.00000,0.00000,33,0.00179,-0.06269,-0.05650,0.00267,1.50550,1.55977,-0.01804,-0.00703,-0.00202,3.07020,3.03371,0.03749,0.04781,-0.00680,3.22531,3.30687,-0.16540,-0.17955,-0.00269,0.36987,0.50061,0.03007,0.02969,0.00077,2.55995,2.74066,-0.08485,-0.07583,0.00601,4.48929,4.46911
46.4853,0.22814,-0.00419,-0.77186,-0.00419,-0.65377,-0.00598,0.16123,1.78822,0.81500,1.79419,0.81500,1.79419,1.00000,0.00000,32,0.00034,-0.07444,-0.05977,-0.03284,2.52008,2.59462,0.00970,-0.00489,0.00749,0.30266,0.55541,0.06454,0.05038,0.03492,0.62564,0.64382,-0.17726,-0.17997,0.00263,1.59951,1.73791,0.01425,0.02967,0.00577,4.26250,4.24943,-0.10031,-0.07602,0.01076,5.94357,5.94079
46.5856,0.24036,-0.02661,-0.75964,-0.02661,-0.74447,-0.02049,0.18289,1.78834,0.92736,1.80883,0.92736,1.80883,1.00000,0.00000,0,0.00032,-0.07730,-0.06270,-0.01885,2.41992,2.09258,0.01484,-0.00421,0.00276,0.38688,0.39142,0.06966,0.05185,0.00362,0.64487,0.71942,-0.17884,-0.18002,0.00334,1.50364,1.48401,0.01188,0.02965,-0.00365,4.18519,4.19190,-0.10380,-0.07607,-0.00372,5.94529,5.88424
46.6879,0.24598,-0.03061,-0.75402,-0.03061,-0.75304,-0.02841,0.20542,1.78911,0.95847,1.81753,0.95847,1.81753,1.00000,0.00000,0,0.00026,-0.07829,-0.06351,-0.00631,2.42987,2.42689,0.01625,-0.00423,-0.01134,0.34825,0.38360,0.07109,0.05202,0.00097,0.64546,0.71723,-0.17908,-0.18001,0.00109,1.45960,1.51780,0.01140,0.02963,-0.01137,4.14046,4.17113,-0.10495,-0.07607,-0.00379,5.88758,5.73371
46.7903,0.24548,-0.03449,-0.75452,-0.03449,-0.75337,-0.03215,0.22801,1.79003,0.98138,1.82218,0.98138,1.82218,1.00000,0.00000,0,0.00032,-0.07894,-0.06401,-0.00725,2.45086,2.50736,0.01729,-0.00417,-0.00144,0.25904,0.29090,0.07214,0.05226,0.00284,0.60978,0.63840,-0.17933,-0.18002,-0.00354,1.45954,1.53544,0.01098,0.02965,-0.00005,4.24601,4.35352,-0.10572,-0.07607,-0.00066,5.90686,5.95763
46.8940,0.24484,-0.04037,-0.75516,-0.04037,-0.75455,-0.03758,0.25064,1.79109,1.00518,1.82868,1.00518,1.82868,1.00000,0.00000,0,0.00025,-0.07969,-0.06440,-0.00231,2.50829,2.44510,0.01837,-0.00368,0.01085,0.23936,0.23906,0.07323,0.05281,0.01105,0.51925,0.59405,-0.17952,-0.18001,0.00398,1.49568,1.32159,0.01060,0.02965,0.00351,4.31445,4.30995,-0.10659,-0.07607,0.00281,5.94674,5.83117
46.9958,0.24817,-0.04261,-0.75183,-0.04261,-0.75212,-0.04143,0.27323,1.79229,1.02535,1.83372,1.02535,1.83372,1.00000,0.00000,0,0.00033,-0.08030,-0.06473,-0.00388,2.53224,2.45769,0.01928,-0.00333,0.00955,0.15337,0.06379,0.07416,0.05369,0.01963,0.52134,0.47719,-0.17971,-0.18002,-0.00000,1.47818,1.36636,0.01027,0.02962,-0.00632,4.34645,4.54232,-0.10731,-0.07608,0.00140,5.91625,6.05654
47.0966,0.24970,-0.04966,-0.75030,-0.04966,-0.75103,-0.04633,0.29577,1.79361,1.04680,1.83994,1.04680,1.83994,1.00000,0.00000,0,0.00035,-0.08099,-0.06505,-0.00417,2.60442,2.72901,0.02025,-0.00292,-0.00309,0.03131,0.01415,0.07515,0.05462,0.01067,0.45534,0.46678,-0.17987,-0.18003,-0.00537,1.50518,1.41919,0.00994,0.02964,0.01136,4.42528,4.28654,-0.10811,-0.07607,0.01575,5.91301,6.02893
47.1974,0.24883,-0.05590,-0.75117,-0.05590,-0.75166,-0.05326,0.31833,1.79513,1.06999,1.84839,1.06999,1.84839,1.00000,0.00000,0,0.00027,-0.08181,-0.06542,0.00187,2.65011,2.70953,0.02130,-0.00258,0.00338,-0.04988,0.05632,0.07622,0.05539,0.00834,0.39064,0.30809,-0.17997,-0.18002,-0.00073,1.49539,1.58931,0.00966,0.02951,0.00076,4.45871,4.44041,-0.10904,-0.07612,-0.00776,5.87993,5.92075
47.3003,0.25127,-0.06025,-0.74873,-0.06025,-0.75013,-0.05822,0.34085,1.79682,1.09098,1.85504,1.09098,1.85504,1.00000,0.00000,0,0.00033,-0.08251,-0.06573,0.00037,2.69625,2.74415,0.02224,-0.00211,0.00645,-0.04553,-0.15709,0.07719,0.05591,-0.00416,0.32860,0.21171,-0.18010,-0.18003,-0.00719,1.51006,1.42538,0.00936,0.02944,0.00669,4.51058,4.43767,-0.10984,-0.07614,-0.00444,5.93224,5.99281
47.4012,0.25302,-0.06197,-0.74698,-0.06197,-0.74734,-0.06066,0.36329,1.79861,1.11063,1.85927,1.11063,1.85927,1.00000,0.00000,0,0.00036,-0.08308,-0.06609,-0.00836,2.74836,2.68977,0.02314,-0.00160,0.00408,-0.15671,-0.25319,0.07809,0.05644,0.00911,0.26441,0.42222,-0.18030,-0.18004,0.00184,1.57953,1.56142,0.00901,0.02930,-0.00777,4.54985,4.59329,-0.11051,-0.07613,0.00422,5.92048,5.94780
47.5034,0.24988,-0.06737,-0.75012,-0.06737,-0.74883,-0.06583,0.38573,1.80053,1.13456,1.86636,1.13456,1.86636,1.00000,0.00000,0,0.00030,-0.08385,-0.06646,-0.00928,2.83419,2.72746,0.02422,-0.00108,0.00039,-0.21356,-0.28224,0.07919,0.05693,0.00528,0.17683,0.21655,-0.18047,-0.18003,0.00275,1.53096,1.53366,0.00865,0.02917,-0.00066,4.61115,4.56798,-0.11141,-0.07615,0.00515,5.88629,5.91578
47.6042,0.24940,-0.06888,-0.75060,-0.06888,-0.75016,-0.06783,0.40822,1.80254,1.15838,1.87037,1.15838,1.87037,1.00000,0.00000,0,0.00035,-0.08450,-0.06683,-0.00496,2.85901,2.80308,0.02531,-0.00045,0.00256,-0.32015,-0.34498,0.08028,0.05728,0.00052,0.08916,0.08290,-0.18077,-0.18005,0.00126,1.54398,1.65806,0.00818,0.02895,-0.00258,4.67942,4.74169,-0.11218,-0.07618,-0.00153,5.90026,5.97514
47.7072,0.24970,-0.07767,-0.75030,-0.07767,-0.75006,-0.07387,0.43073,1.80467,1.18080,1.87854,1.18080,1.87854,1.00000,0.00000,0,0.00183,-0.08529,-0.06724,0.00637,2.94772,3.07628,0.02631,0.00058,0.00522,-0.37396,-0.35399,0.08131,0.05773,0.01029,0.03787,0.00997,-0.18086,-0.18004,0.00341,1.58819,1.55432,0.00791,0.02868,0.00685,4.71235,4.81565,-0.11308,-0.07619,0.00129,5.95469,6.00767
47.8060,0.25215,-0.08391,-0.74785,-0.08391,-0.74894,-0.08105,0.45321,1.80702,1.20215,1.88806,1.20215,1.88806,1.00000,0.00000,0,0.00028,-0.08611,-0.06777,0.00617,3.01019,2.83144,0.02727,0.00121,0.00972,-0.43655,-0.44411,0.08230,0.05803,0.00657,-0.05160,-0.08195,-0.18088,-0.18006,0.00469,1.56122,1.61231,0.00771,0.02842,-0.00062,4.76688,4.75870,-0.11400,-0.07622,-0.00435,5.93904,6.09320
47.9083,0.25302,-0.09315,-0.74698,-0.09315,-0.74688,-0.08865,0.47563,1.80957,1.22251,1.89822,1.22251,1.89822,1.00000,0.00000,0,0.00027,-0.08694,-0.06839,-0.01099,2.98007,2.90172,0.02817,0.00166,0.00878,-0.49564,-0.60520,0.08325,0.05841,0.00658,-0.11677,-0.00278,-0.18086,-0.18006,-0.00090,1.56056,1.62370,0.00756,0.02801,-0.00243,4.73431,4.90163,-0.11492,-0.07622,0.00385,5.92972,5.92886
48.0103,0.25140,-0.09803,-0.74860,-0.09803,-0.74789,-0.09619,0.49805,1.81238,1.24594,1.90857,1.24594,1.90857,1.00000,0.00000,0,0.00029,-0.08785,-0.06917,0.00037,3.03970,3.10847,0.02922,0.00221,0.01034,-0.55944,-0.54251,0.08434,0.05875,0.01170,-0.21840,-0.20791,-0.18089,-0.18008,-0.00558,1.56333,1.47219,0.00734,0.02728,-0.01992,4.73733,4.75041,-0.11592,-0.07625,-0.00170,5.95628,6.10215
48.1129,0.24736,-0.10939,-0.75264,-0.10939,-0.75105,-0.10430,0.52054,1.81539,1.27160,1.91970,1.27160,1.91970,1.00000,0.00000,0,0.00081,-0.08882,-0.06983,-0.00508,3.10669,3.12585,0.03037,0.00283,0.00785,-0.64129,-0.64866,0.08553,0.05910,0.00284,-0.33448,-0.32592,-0.18092,-0.18006,0.00363,1.59041,1.43079,0.00710,0.02545,-0.02020,4.64935,4.60121,-0.11701,-0.07626,0.00651,5.90446,5.98200
48.2134,0.23651,-0.12264,-0.76349,-0.12264,-0.75841,-0.11597,0.54319,1.81871,1.30160,1.93469,1.30160,1.93469,1.00000,0.00000,0,0.00040,-0.09005,-0.07073,-0.00844,3.16102,3.22999,0.03170,0.00358,0.00491,-0.72891,-0.71395,0.08693,0.05960,0.00614,-0.45554,-0.35852,-0.18088,-0.18007,0.00128,1.60369,1.63036,0.00688,0.02219,-0.03866,4.45435,4.57668,-0.11837,-0.07631,-0.00806,5.94903,5.86831
48.3140,0.22522,-0.14299,-0.77478,-0.14299,-0.77078,-0.13444,0.56618,1.82252,1.33696,1.95697,1.33696,1.95697,1.00000,0.00000,0,0.00026,-0.09169,-0.07215,-0.01581,3.19591,3.13125,0.03326,0.00444,0.00678,-0.86051,-0.76185,0.08859,0.06011,-0.00133,-0.58061,-0.48273,-0.18065,-0.18005,0.01280,1.55059,1.64655,0.00680,0.01956,-0.02815,4.35030,4.28791,-0.12013,-0.07632,-0.00526,5.95013,5.89137
48.4158,0.22380,-0.16179,-0.77620,-0.16179,-0.77612,-0.15317,0.58943,1.82690,1.36555,1.98007,1.36555,1.98007,1.00000,0.00000,0,0.00029,-0.09323,-0.07469,-0.03302,3.13040,3.17348,0.03451,0.00510,0.00268,-0.90951,-0.85774,0.08994,0.06065,-0.00336,-0.66337,-0.62879,-0.18024,-0.18007,0.00204,1.55718,1.55327,0.00693,0.01838,-0.01026,4.30311,4.24765,-0.12175,-0.07633,-0.00416,5.92556,5.93452
48.5175,0.23017,-0.18225,-0.76983,-0.18225,-0.77211,-0.17287,0.61266,1.83184,1.38477,2.00470,1.38477,2.00470,1.00000,0.00000,0,0.00031,-0.09465,-0.07810,-0.03553,3.00423,3.07466,0.03531,0.00584,0.00961,-0.99710,-1.13992,0.09088,0.06111,-0.00194,-0.75021,-0.80499,-0.17960,-0.18006,0.00488,1.46225,1.36963,0.00736,0.01769,-0.00473,4.29717,4.31269,-0.12318,-0.07633,0.00745,5.94445,6.01396
48.6180,0.24701,-0.20442,-0.75299,-0.20442,-0.76095,-0.19465,0.63565,1.83742,1.39660,2.03207,1.39660,2.03207,1.00000,0.00000,0,0.00024,-0.09603,-0.08226,-0.05032,2.82947,2.66893,0.03576,0.00651,0.01034,-1.00591,-1.04027,0.09150,0.06151,0.00171,-0.80491,-0.78974,-0.17870,-0.18005,-0.00195,1.42749,1.48016,0.00809,0.01735,-0.00349,4.25564,4.28968,-0.12452,-0.07636,-0.00030,5.96521,5.93333
48.7198,0.27463,-0.23839,-0.72537,-0.23839,-0.73862,-0.22340,0.65811,1.84377,1.39673,2.06717,1.39673,2.06717,1.00000,0.00000,0,0.00031,-0.09750,-0.08862,-0.07725,2.42454,2.55506,0.03565,0.00699,-0.00095,-1.08436,-1.11225,0.09161,0.06176,0.00234,-0.85057,-0.81109,-0.17725,-0.18003,-0.00418,1.35461,1.36508,0.00943,0.01716,-0.00244,4.16450,4.17739,-0.12585,-0.07639,-0.00233,5.94762,5.75895
48.8221,0.29859,-0.26094,-0.70141,-0.26094,-0.71144,-0.25186,0.67975,1.85104,1.39119,2.10290,1.39119,2.10290,1.00000,0.00000,0,0.00031,-0.09889,-0.09311,-0.02802,2.43326,2.33146,0.03527,0.00718,-0.00252,-1.05683,-1.00233,0.09146,0.06190,0.00381,-0.91412,-0.87096,-0.17567,-0.18001,-0.00827,1.19902,1.40371,0.01093,0.01711,-0.00258,4.08897,4.17773,-0.12704,-0.07639,0.00198,5.97991,5.84933
48.9241,0.31435,-0.28015,-0.68565,-0.28015,-0.69352,-0.27111,0.70076,1.85893,1.39429,2.13005,1.39429,2.13005,1.00000,0.00000,0,0.00030,-0.10009,-0.09774,-0.07785,2.08924,2.08255,0.03532,0.00743,-0.00027,-1.10559,-1.17534,0.09168,0.06213,0.00043,-0.95181,-0.96842,-0.17461,-0.17995,0.00651,1.15990,1.19091,0.01188,0.01709,-0.00907,4.02178,4.03920,-0.12814,-0.07638,0.00680,5.91132,5.96694
49.0309,0.34427,-0.31577,-0.65573,-0.31577,-0.66721,-0.30161,0.72111,1.86759,1.38832,2.16920,1.38832,2.16920,1.00000,0.00000,0,0.00034,-0.10161,-0.10257,-0.01660,2.04078,2.05816,0.03491,0.00798,0.00227,-1.10132,-1.01867,0.09153,0.06244,-0.00407,-0.98606,-0.85511,-0.17288,-0.17995,-0.00665,1.00170,1.20039,0.01353,0.01709,-0.00968,3.96507,3.91337,-0.12946,-0.07644,-0.00456,5.97631,5.99280
49.1343,0.35935,-0.32704,-0.64065,-0.32704,-0.64664,-0.31947,0.74073,1.87698,1.38737,2.19645,1.38737,2.19645,1.00000,0.00000,0,0.00096,-0.10273,-0.10352,-0.01232,2.12077,1.99417,0.03477,0.00821,-0.00302,-1.14868,-1.16441,0.09156,0.06267,0.00126,-1.02226,-1.02452,-0.17174,-0.17990,0.00231,0.98578,1.06467,0.01459,0.01710,-0.00340,3.87733,3.99389,-0.13046,-0.07643,0.00358,5.94447,6.07337
49.2347,0.36615,-0.33202,-0.63385,-0.33202,-0.63740,-0.32812,0.75996,1.88673,1.39736,2.21485,1.39736,2.21485,1.00000,0.00000,0,0.00029,-0.10371,-0.10391,-0.00150,2.13561,2.26159,0.03517,0.00884,0.01229,-1.12472,-1.12422,0.09207,0.06302,0.00095,-1.10523,-1.08351,-0.17117,-0.17988,0.00425,0.93941,0.91810,0.01502,0.01708,-0.01115,3.83506,4.11768,-0.13141,-0.07644,0.00288,5.91419,6.02698
49.3373,0.36723,-0.34951,-0.63277,-0.34951,-0.63431,-0.34141,0.77902,1.89679,1.41333,2.23820,1.41333,2.23820,1.00000,0.00000,0,0.00042,-0.10500,-0.10422,-0.00296,2.20768,2.17763,0.03583,0.01242,0.11053,-0.73233,-0.80502,0.09285,0.06366,0.01544,-1.12891,-1.15958,-0.17052,-0.17986,0.00065,0.88076,0.91549,0.01549,0.01710,-0.00077,3.86375,3.84893,-0.13271,-0.07645,0.00891,5.89974,5.73613
49.4400,0.38066,-0.49160,0.38066,-0.49160,0.02632,-0.43021,0.83527,1.90829,0.80894,2.33851,0.80894,2.33851,0.00000,0.00000,0,0.00028,-0.09711,-0.10445,0.01038,1.73162,1.85049,0.00746,0.02855,-0.00676,2.38982,1.76509,0.06597,0.06429,-0.03565,0.22855,-0.20834,-0.15472,-0.17955,0.00635,-0.45297,0.14326,0.03512,0.01733,0.02145,2.27020,2.21627,-0.12062,-0.07635,0.01700,4.78754,4.77350
49.5425,0.36882,-0.47115,0.36882,-0.47115,0.31321,-0.47028,0.82807,1.92222,0.51486,2.39250,0.51486,2.39250,0.00000,0.00000,0,0.00098,-0.09347,-0.10428,0.01128,1.39928,1.47631,-0.00639,0.02090,-0.01331,2.37950,2.48360,0.05290,0.06135,-0.00901,1.47254,1.47392,-0.14681,-0.17636,0.01159,-0.58300,-0.62170,0.04484,0.01755,0.00132,1.77901,1.83007,-0.11495,-0.07635,-0.00263,4.70033,4.84935
49.6435,0.37235,-0.47139,0.37235,-0.47139,0.36558,-0.47182,0.81748,1.93639,0.45190,2.40820,0.45190,2.40820,0.00000,0.00000,0,0.00028,-0.09286,-0.10432,-0.00482,1.37599,1.41031,-0.00937,0.02035,-0.00465,2.33915,2.22923,0.05012,0.06102,0.00149,1.35244,1.40331,-0.14495,-0.17624,-0.00374,-0.61185,-0.55070,0.04708,0.01757,0.00849,1.79731,1.83044,-0.11390,-0.07636,-0.00131,4.79359,4.91889
49.7441,0.37604,-0.47018,0.37604,-0.47018,0.37475,-0.47089,0.80632,1.95052,0.43157,2.42141,0.43157,2.42141,0.00000,0.00000,0,0.00028,-0.09300,-0.10431,-0.00571,1.38503,1.44399,-0.01037,0.02001,-0.00930,2.39527,2.24316,0.04925,0.06089,-0.00293,1.34596,1.43715,-0.14401,-0.17610,0.00489,-0.70459,-0.79488,0.04811,0.01759,0.00713,1.71426,1.83404,-0.11386,-0.07639,-0.01286,4.91679,5.00981
49.8452,0.37257,-0.46993,0.37257,-0.46993,0.37389,-0.47043,0.79509,1.96464,0.42120,2.43507,0.42120,2.43507,0.00000,0.00000,0,0.00046,-0.09337,-0.10429,0.00795,1.45147,1.46015,-0.01090,0.01943,-0.00903,2.43068,2.35664,0.04883,0.06081,-0.00274,1.39708,1.40614,-0.14325,-0.17585,0.00240,-0.78976,-0.87832,0.04890,0.01762,0.00107,1.61684,1.71811,-0.11410,-0.07637,-0.00437,5.01547,5.05987
49.9500,0.37981,-0.46904,0.37981,-0.46904,0.37647,-0.46925,0.78385,1.97872,0.40738,2.44797,0.40738,2.44797,0.00000,0.00000,0,0.00029,-0.09363,-0.10430,0.00063,1.41155,1.46185,-0.01159,0.01866,0.00207,2.49573,2.44171,0.04825,0.06072,-0.00049,1.44338,1.52385,-0.14246,-0.17558,-0.00783,-0.90398,-0.92275,0.04975,0.01770,0.01054,1.52876,1.59981,-0.11423,-0.07640,-0.01184,5.12211,5.14359
50.0522,0.37790,-0.46329,0.37790,-0.46329,0.37793,-0.46656,0.77252,1.99277,0.39460,2.45933,0.39460,2.45933,0.00000,0.00000,0,0.00035,-0.09385,-0.10430,0.00147,1.41015,1.52066,-0.01222,0.01729,-0.01216,2.48056,2.39570,0.04771,0.06061,-0.00135,1.48309,1.45215,-0.14174,-0.17529,0.00507,-0.96335,-0.95945,0.05052,0.01782,-0.00180,1.40743,1.31087,-0.11432,-0.07639,-0.00558,5.14625,5.01893
50.1528,0.38339,-0.44434,0.38339,-0.44434,0.38204,-0.45447,0.76110,2.00659,0.37907,2.46107,0.37907,2.46107,0.00000,0.00000,0,0.00026,-0.09361,-0.10431,-0.00940,1.33165,1.27903,-0.01295,0.01201,-0.11003,1.95711,1.95459,0.04701,0.06051,0.00144,1.54921,1.61221,-0.14137,-0.17507,0.01212,-1.04944,-1.08946,0.05099,0.01798,0.00495,1.34266,1.33780,-0.11398,-0.07638,-0.00412,5.22057,5.30427
50.2532,0.38339,-0.39337,0.38339,-0.39337,0.38244,-0.41017,0.74963,2.01942,0.36719,2.42959,0.36719,2.42959,0.00000,0.00000,0,0.00030,-0.09205,-0.10427,-0.00611,1.21966,1.24601,-0.01339,0.00668,-0.00707,1.95374,1.96575,0.04638,0.06035,-0.00010,1.60979,1.59770,-0.14243,-0.17503,-0.00959,-1.01998,-0.91954,0.05010,0.01806,-0.00063,1.36475,1.22013,-0.11249,-0.07638,0.00579,5.16821,5.02748
50.3546,0.38501,-0.39330,0.38501,-0.39330,0.38514,-0.39637,0.73810,2.03143,0.35296,2.42780,0.35296,2.42780,0.00000,0.00000,0,0.00027,-0.09169,-0.10422,0.00331,1.19211,1.23596,-0.01404,0.00626,0.00090,2.03431,2.01171,0.04573,0.06020,0.00019,1.64943,1.59687,-0.14223,-0.17493,-0.00166,-1.10269,-1.06671,0.05040,0.01812,0.00304,1.29509,1.30146,-0.11205,-0.07638,0.00201,5.17615,5.23574
50.4550,0.38545,-0.39107,0.38545,-0.39107,0.38501,-0.39287,0.72654,2.04326,0.34153,2.43612,0.34153,2.43612,0.00000,0.00000,0,0.00036,-0.09181,-0.10420,0.00805,1.20555,1.02987,-0.01460,0.00595,-0.00247,2.12182,2.05861,0.04524,0.06005,0.00161,1.72926,1.75024,-0.14167,-0.17472,-0.00955,-1.18342,-1.00418,0.05101,0.01825,0.00680,1.18836,1.20929,-0.11206,-0.07638,0.00632,5.29370,5.40152
50.5556,0.38290,-0.38984,0.38290,-0.38984,0.38334,-0.39067,0.71503,2.05500,0.33168,2.44567,0.33168,2.44567,0.00000,0.00000,0,0.00027,-0.09201,-0.10422,-0.00326,1.18166,1.23586,-0.01510,0.00577,-0.00002,2.19330,2.20159,0.04483,0.05992,0.00105,1.74990,1.92346,-0.14108,-0.17437,0.00903,-1.27017,-1.28809,0.05163,0.01841,0.00561,1.08730,1.27991,-0.11217,-0.07643,-0.01008,5.33057,5.34167
50.6578,0.38668,-0.39193,0.38668,-0.39193,0.38456,-0.39131,0.70352,2.06672,0.31895,2.45803,0.31895,2.45803,0.00000,0.00000,0,0.00030,-0.09227,-0.10423,-0.01043,1.18745,1.22933,-0.01574,0.00559,-0.00160,2.24196,2.22434,0.04430,0.05979,0.00617,1.79078,1.76882,-0.14033,-0.17413,0.00572,-1.32071,-1.30794,0.05244,0.01860,0.00648,1.02009,1.07726,-0.11230,-0.07638,0.00792,5.43599,5.46494
50.7600,0.38696,-0.39197,0.38696,-0.39197,0.38621,-0.39185,0.69195,2.07847,0.30574,2.47032,0.30574,2.47032,0.00000,0.00000,0,0.00157,-0.09252,-0.10419,0.00809,1.15067,1.23451,-0.01640,0.00536,0.00511,2.27820,2.17343,0.04374,0.05964,-0.00013,1.87829,1.76529,-0.13957,-0.17375,-0.00391,-1.45534,-1.46005,0.05325,0.01880,0.00564,0.89859,0.86759,-0.11242,-0.07645,-0.00692,5.47318,5.56954
50.8603,0.38717,-0.39027,0.38717,-0.39027,0.38722,-0.39120,0.68035,2.09022,0.29313,2.48143,0.29313,2.48143,0.00000,0.00000,0,0.00029,-0.09273,-0.10420,0.00143,1.16323,1.14487,-0.01702,0.00507,-0.00568,2.37722,2.30154,0.04321,0.05949,-0.00578,1.90026,1.91799,-0.13887,-0.17339,0.00801,-1.51141,-1.49215,0.05400,0.01904,-0.00423,0.80878,0.82729,-0.11250,-0.07642,0.00588,5.57510,5.51460
50.9635,0.38618,-0.38544,0.38618,-0.38544,0.38654,-0.38744,0.66874,2.10189,0.28220,2.48933,0.28220,2.48933,0.00000,0.00000,0,0.00028,-0.09284,-0.10419,0.00140,1.13405,1.00905,-0.01756,0.00481,0.00158,2.40421,2.45716,0.04275,0.05935,0.00116,1.98389,2.03946,-0.13833,-0.17294,0.00072,-1.56969,-1.57867,0.05458,0.01930,0.00355,0.71422,0.62546,-0.11252,-0.07644,-0.00514,5.63596,5.53809
51.0658,0.38408,-0.38273,0.38408,-0.38273,0.38497,-0.38384,0.65717,2.11345,0.27220,2.49729,0.27220,2.49729,0.00000,0.00000,0,0.00038,-0.09298,-0.10419,-0.00315,1.15132,1.17279,-0.01806,0.00444,0.00317,2.46157,2.51845,0.04232,0.05920,-0.01001,1.99695,2.12721,-0.13781,-0.17258,0.00067,-1.64032,-1.59428,0.05515,0.01958,0.00673,0.64678,0.68239,-0.11255,-0.07645,-0.00513,5.69566,5.81842
51.1707,0.38636,-0.38157,0.38636,-0.38157,0.38537,-0.38181,0.64562,2.12493,0.26026,2.50673,0.26026,2.50673,0.00000,0.00000,0,0.00030,-0.09313,-0.10419,-0.00698,1.09688,1.09041,-0.01865,0.00413,0.00396,2.49449,2.51719,0.04182,0.05905,-0.00620,2.07894,2.08440,-0.13720,-0.17216,-0.01116,-1.76575,-1.79162,0.05582,0.01996,0.00665,0.56163,0.63683,-0.11260,-0.07648,-0.01219,5.76368,5.90419
51.2726,0.38594,-0.37952,0.38594,-0.37952,0.38696,-0.37951,0.63402,2.13633,0.24706,2.51584,0.24706,2.51584,0.00000,0.00000,0,0.00033,-0.09325,-0.10417,0.00630,1.10394,1.09724,-0.01929,0.00379,-0.00463,2.59209,2.58015,0.04125,0.05895,-0.00694,2.10437,2.17517,-0.13657,-0.17154,0.00728,-1.80051,-1.73706,0.05651,0.02041,0.00403,0.48652,0.46940,-0.11260,-0.07649,-0.01010,5.82986,5.86061
51.3729,0.38591,-0.37531,0.38591,-0.37531,0.38591,-0.37657,0.62243,2.14766,0.23652,2.52423,0.23652,2.52423,0.00000,0.00000,0,0.00027,-0.09339,-0.10418,-0.00374,1.09547,1.14441,-0.01982,0.00337,-0.00749,2.58672,2.67667,0.04081,0.05877,-0.00327,2.17008,2.19088,-0.13602,-0.17101,-0.00036,-1.86921,-1.95539,0.05710,0.02090,0.00231,0.41628,0.35322,-0.11264,-0.07649,-0.00525,5.88291,5.93145
51.4736,0.38404,-0.37159,0.38404,-0.37159,0.38330,-0.37361,0.61093,2.15892,0.22763,2.53253,0.22763,2.53253,0.00000,0.00000,0,0.00027,-0.09356,-0.10416,0.00278,1.11378,1.05074,-0.02026,0.00295,-0.00512,2.66827,2.54384,0.04044,0.05864,-0.00156,2.21329,2.37728,-0.13551,-0.17038,0.00262,-1.90608,-1.92794,0.05765,0.02203,0.01914,0.42267,0.36323,-0.11272,-0.07647,0.00333,5.91716,5.89978
51.5757,0.38988,-0.36429,0.38988,-0.36429,0.38676,-0.36741,0.59938,2.17002,0.21262,2.53743,0.21262,2.53743,0.00000,0.00000,0,0.00050,-0.09346,-0.10416,-0.00008,1.07923,1.09988,-0.02098,0.00242,-0.01600,2.70427,2.62726,0.03978,0.05845,-0.00440,2.26822,2.26370,-0.13501,-0.16937,0.01862,-1.92011,-1.81821,0.05822,0.02584,0.04889,0.62910,0.59871,-0.11251,-0.07652,-0.01423,5.91761,5.92141
51.6770,0.39779,-0.35286,0.39779,-0.35286,0.39379,-0.35885,0.58766,2.18091,0.19387,2.53976,0.19387,2.53976,0.00000,0.00000,0,0.00033,-0.09318,-0.10417,-0.00415,0.99894,0.99529,-0.02186,0.00184,-0.01651,2.76706,2.79937,0.03894,0.05824,-0.00285,2.36975,2.36638,-0.13456,-0.16741,0.02116,-1.88670,-1.84149,0.05880,0.02775,0.01312,0.55669,0.62060,-0.11211,-0.07649,0.00624,5.96977,5.99393
51.7793,0.40731,-0.33736,0.40731,-0.33736,0.40358,-0.34440,0.57567,2.19141,0.17209,2.53581,0.17209,2.53581,0.00000,0.00000,0,0.00195,-0.09257,-0.10411,0.00125,0.98137,0.83771,-0.02286,0.00117,-0.00109,2.88253,2.78368,0.03795,0.05797,-0.00537,2.41870,2.51428,-0.13430,-0.16463,0.01976,-1.78391,-1.86680,0.05922,0.02841,-0.00537,0.49180,0.57936,-0.11139,-0.07650,0.00687,5.94337,6.15159
51.8792,0.42377,-0.32201,0.42377,-0.32201,0.41636,-0.32947,0.56334,2.20148,0.14698,2.53095,0.14698,2.53095,0.00000,0.00000,0,0.00083,-0.09187,-0.10408,0.00462,0.91589,0.88569,-0.02401,0.00014,-0.01295,2.89689,2.92582,0.03680,0.05768,0.00113,2.53541,2.55160,-0.13401,-0.16323,0.00886,-1.76750,-1.82964,0.05968,0.02879,0.00167,0.45852,0.41079,-0.11055,-0.07649,0.00927,5.92560,5.92946
51.9816,0.42778,-0.31516,0.42778,-0.31516,0.42535,-0.31840,0.55067,2.21115,0.12533,2.52954,0.12533,2.52954,0.00000,0.00000,0,0.00040,-0.09137,-0.10401,0.01016,0.84974,0.78116,-0.02501,-0.00058,-0.00230,2.99954,3.06595,0.03582,0.05723,0.00061,2.59593,2.58091,-0.13365,-0.16225,0.01138,-1.80993,-1.81724,0.06019,0.02919,0.00359,0.39166,0.39982,-0.10994,-0.07652,0.00331,5.94530,5.99935
52.0820,0.43488,-0.30573,0.43488,-0.30573,0.43125,-0.31072,0.53781,2.22058,0.10657,2.53130,0.10657,2.53130,0.00000,0.00000,0,0.00038,-0.09107,-0.10399,0.00607,0.81167,0.77014,-0.02589,-0.00098,-0.00079,3.05111,3.02483,0.03498,0.05678,-0.00482,2.66636,2.56768,-0.13321,-0.16115,0.00849,-1.82816,-1.83350,0.06075,0.02967,0.00411,0.31387,0.21037,-0.10951,-0.07654,0.00109,5.89216,5.75014
52.1838,0.44022,-0.30140,0.44022,-0.30140,0.43721,-0.30394,0.52476,2.22976,0.08755,2.53371,0.08755,2.53371,0.00000,0.00000,0,0.00029,-0.09078,-0.10395,0.00543,0.78959,0.83004,-0.02678,-0.00146,-0.00805,3.09808,3.09065,0.03414,0.05639,0.00041,2.74360,2.63973,-0.13274,-0.15995,0.01701,-1.77828,-1.78414,0.06133,0.02999,0.00359,0.24499,0.25566,-0.10911,-0.07654,-0.00255,5.94846,6.00041
52.2854,0.45628,-0.28790,0.45628,-0.28790,0.44952,-0.29314,0.51143,2.23869,0.06191,2.53183,0.06191,2.53183,0.00000,0.00000,0,0.00071,-0.09019,-0.10393,-0.00262,0.71070,0.71623,-0.02797,-0.00186,0.00243,3.19728,3.19599,0.03297,0.05593,-0.00216,2.80098,2.90931,-0.13232,-0.15801,0.02120,-1.72985,-1.73890,0.06193,0.03029,0.00233,0.16629,0.17276,-0.10837,-0.07656,-0.00361,5.91425,6.05814
52.3859,0.48640,-0.26457,0.48640,-0.26457,0.47077,-0.27643,0.49763,2.24723,0.02686,2.52366,0.02686,2.52366,0.00000,0.00000,0,0.00031,-0.08914,-0.10387,-0.00060,0.65200,0.65675,-0.02956,-0.00239,-0.00899,3.28223,3.25826,0.03137,0.05539,-0.00818,2.90468,2.98149,-0.13198,-0.15145,0.14681,-1.00203,-1.17315,0.06253,0.03066,0.00096,0.09062,0.11844,-0.10715,-0.07658,-0.00861,5.88198,5.97732
52.4883,0.54618,-0.20275,-0.45382,-0.20275,-0.30372,-0.22192,0.46092,2.25459,0.76464,2.47652,0.76464,2.47652,1.00000,0.00000,0,0.00030,-0.10200,-0.10425,-0.01361,1.60613,1.62175,0.00490,-0.00246,-0.00617,0.62636,0.75261,0.06441,0.05675,0.00803,0.48405,0.56828,-0.14819,-0.14177,-0.00865,0.40158,0.29901,0.04152,0.03087,-0.00185,1.64997,1.85517,-0.12464,-0.07657,-0.00363,5.94289,5.89053
52.5902,0.54755,-0.21011,-0.45245,-0.21011,-0.42558,-0.21148,0.47273,2.26109,0.89831,2.47256,0.89831,2.47256,1.00000,0.00000,0,0.00032,-0.10452,-0.10424,0.00393,1.59546,1.54036,0.01112,-0.00225,0.00336,0.71809,0.70965,0.07040,0.05729,-0.00306,0.47252,0.61806,-0.15093,-0.14202,-0.00581,0.35150,0.29383,0.03788,0.03086,0.00026,1.66577,1.61882,-0.12799,-0.07656,0.00585,5.98343,5.92617
52.6926,0.54876,-0.21441,-0.45124,-0.21441,-0.44529,-0.21225,0.48591,2.26746,0.93120,2.47971,0.93120,2.47971,1.00000,0.00000,0,0.00027,-0.10548,-0.10425,0.00486,1.62146,1.60706,0.01262,-0.00223,0.00324,0.68929,0.65772,0.07190,0.05737,0.00658,0.52476,0.49738,-0.15127,-0.14201,0.00433,0.33191,0.21410,0.03730,0.03089,0.01215,1.59744,1.64261,-0.12912,-0.07657,0.00251,5.95428,5.88280
52.7933,0.54689,-0.21830,-0.45311,-0.21830,-0.45120,-0.21603,0.49939,2.27388,0.95059,2.48991,0.95059,2.48991,1.00000,0.00000,0,0.00030,-0.10629,-0.10429,-0.00359,1.66179,1.50948,0.01349,-0.00222,0.00828,0.65910,0.58059,0.07281,0.05742,0.00211,0.44131,0.35969,-0.15123,-0.14200,0.00070,0.35741,0.21212,0.03718,0.03087,0.00023,1.55938,1.60579,-0.13001,-0.07660,0.00454,5.93835,5.83525
52.8938,0.54733,-0.21452,-0.45267,-0.21452,-0.45281,-0.21584,0.51296,2.28037,0.96577,2.49621,0.96577,2.49621,1.00000,0.00000,0,0.00030,-0.10686,-0.10429,0.00289,1.71310,1.62430,0.01417,-0.00218,-0.00309,0.57649,0.64348,0.07351,0.05754,0.00570,0.39163,0.38199,-0.15126,-0.14203,-0.00700,0.33249,0.42953,0.03702,0.03085,-0.00833,1.55463,1.59488,-0.13065,-0.07661,-0.00273,5.91895,6.03593
52.9947,0.54896,-0.21176,-0.45104,-0.21176,-0.45204,-0.21328,0.52654,2.28681,0.97858,2.50009,0.97858,2.50009,1.00000,0.00000,0,0.00025,-0.10728,-0.10436,-0.00573,1.70130,1.69466,0.01475,-0.00212,-0.00916,0.49881,0.53097,0.07410,0.05766,0.00429,0.33698,0.38721,-0.15135,-0.14201,0.00538,0.37161,0.37287,0.03683,0.03087,0.00601,1.57568,1.51316,-0.13113,-0.07662,-0.00308,5.95985,5.90479
53.0955,0.55138,-0.21136,-0.44862,-0.21136,-0.45020,-0.21225,0.54008,2.29319,0.99028,2.50544,0.99028,2.50544,1.00000,0.00000,0,0.00028,-0.10774,-0.10435,0.00099,1.72998,1.92831,0.01528,-0.00194,0.00885,0.50199,0.54218,0.07464,0.05776,0.00382,0.26653,0.25305,-0.15136,-0.14206,-0.00322,0.39768,0.42931,0.03673,0.03086,0.00353,1.56063,1.53109,-0.13164,-0.07663,-0.00837,5.93223,5.92418
53.1960,0.54993,-0.21439,-0.45007,-0.21439,-0.44959,-0.21344,0.55357,2.29957,1.00315,2.51302,1.00315,2.51302,1.00000,0.00000,0,0.00028,-0.10832,-0.10438,0.00599,1.79494,1.73867,0.01585,-0.00173,0.00426,0.41902,0.48210,0.07524,0.05790,-0.00330,0.19518,0.25627,-0.15129,-0.14206,0.00201,0.39625,0.38204,0.03668,0.03086,-0.00110,1.56388,1.74073,-0.13226,-0.07664,-0.00787,5.93204,5.98204
53.3022,0.55243,-0.21365,-0.44757,-0.21365,-0.44875,-0.21366,0.56705,2.30598,1.01580,2.51964,1.01580,2.51964,1.00000,0.00000,0,0.00037,-0.10885,-0.10443,0.00512,1.81745,1.77474,0.01641,-0.00148,0.00173,0.35006,0.42630,0.07583,0.05812,0.00117,0.16363,0.23484,-0.15127,-0.14209,0.00077,0.42607,0.49725,0.03660,0.03084,-0.01048,1.52165,1.53093,-0.13284,-0.07665,0.00156,5.95781,5.93399
53.4026,0.55201,-0.21248,-0.44799,-0.21248,-0.44858,-0.21239,0.58052,2.31237,1.02910,2.52476,1.02910,2.52476,1.00000,0.00000,0,0.00026,-0.10933,-0.10447,0.00074,1.84603,1.82099,0.01701,-0.00128,0.00481,0.30965,0.41264,0.07644,0.05831,-0.00114,0.09976,0.09561,-0.15131,-0.14210,0.00594,0.45498,0.34023,0.03645,0.03087,0.00255,1.58014,1.63597,-0.13338,-0.07666,-0.01126,5.89112,5.85496
53.5036,0.55202,-0.21265,-0.44798,-0.21265,-0.44803,-0.21283,0.59396,2.31876,1.04199,2.53158,1.04199,2.53158,1.00000,0.00000,0,0.00026,-0.10988,-0.10450,0.00447,1.91434,1.93594,0.01758,-0.00110,-0.00233,0.23071,0.29809,0.07704,0.05849,0.00379,0.05666,0.07573,-0.15128,-0.14212,0.00088,0.43981,0.42435,0.03637,0.03085,-0.00062,1.51900,1.50954,-0.13397,-0.07662,0.01654,5.97598,5.93607
53.6054,0.54805,-0.21448,-0.45195,-0.21448,-0.45039,-0.21357,0.60745,2.32515,1.05783,2.53872,1.05783,2.53872,1.00000,0.00000,0,0.00093,-0.11049,-0.10457,0.00460,1.92284,1.99472,0.01829,-0.00075,-0.00387,0.20418,0.28588,0.07777,0.05869,0.00715,-0.02320,0.04951,-0.15129,-0.14214,-0.00271,0.46858,0.37001,0.03623,0.03086,-0.00037,1.55625,1.39996,-0.13466,-0.07667,-0.00056,5.92460,5.94576
53.7050,0.54983,-0.21436,-0.45017,-0.21436,-0.45067,-0.21418,0.62097,2.33157,1.07164,2.54576,1.07164,2.54576,1.00000,0.00000,0,0.00026,-0.11107,-0.10464,0.01019,2.00599,2.03303,0.01891,-0.00040,0.00604,0.13540,0.09080,0.07841,0.05889,-0.00182,-0.09904,-0.08298,-0.15127,-0.14217,-0.00003,0.47409,0.30464,0.03614,0.03087,0.00202,1.53257,1.40542,-0.13528,-0.07667,0.00342,5.96446,5.83316
53.8060,0.55383,-0.21186,-0.44617,-0.21186,-0.44773,-0.21276,0.63444,2.33798,1.08216,2.55074,1.08216,2.55074,1.00000,0.00000,0,0.00028,-0.11149,-0.10472,0.00405,2.00559,2.04584,0.01938,-0.00011,0.00649,0.08352,0.18356,0.07890,0.05905,0.00813,-0.13131,-0.14112,-0.15127,-0.14219,0.00170,0.51149,0.49028,0.03605,0.03087,0.00429,1.53414,1.53395,-0.13575,-0.07668,-0.00590,5.94911,6.06349
53.9083,0.55498,-0.21143,-0.44502,-0.21143,-0.44507,-0.21097,0.64782,2.34431,1.09289,2.55528,1.09289,2.55528,1.00000,0.00000,0,0.00125,-0.11189,-0.10481,-0.00473,2.02575,2.16262,0.01986,0.00021,0.00806,0.08342,0.14307,0.07940,0.05921,0.00325,-0.18165,-0.23300,-0.15129,-0.14221,-0.00114,0.51895,0.45610,0.03594,0.03088,0.00825,1.51857,1.51001,-0.13620,-0.07669,-0.00057,5.94369,5.96178
54.0079,0.55347,-0.21237,-0.44653,-0.21237,-0.44627,-0.21201,0.66120,2.35066,1.10747,2.56267,1.10747,2.56267,1.00000,0.00000,0,0.00035,-0.11249,-0.10490,0.00395,2.08683,2.10168,0.02051,0.00062,0.00974,0.02235,-0.03817,0.08007,0.05941,0.00170,-0.24842,-0.38874,-0.15126,-0.14223,0.00181,0.52566,0.45414,0.03584,0.03086,0.00108,1.51761,1.43454,-0.13686,-0.07672,-0.00741,5.89312,5.93493
54.1105,0.55009,-0.21438,-0.44991,-0.21438,-0.44849,-0.21349,0.67463,2.35706,1.12313,2.57055,1.12313,2.57055,1.00000,0.00000,0,0.00026,-0.11314,-0.10507,-0.00648,2.11342,2.01559,0.02121,0.00102,0.00168,-0.04208,-0.00344,0.08080,0.05969,0.00114,-0.32571,-0.30267,-0.15124,-0.14224,0.00266,0.53640,0.44489,0.03573,0.03086,-0.00229,1.53278,1.56575,-0.13757,-0.07670,0.00367,5.96737,6.04618
54.2126,0.55606,-0.21031,-0.44394,-0.21031,-0.44651,-0.21148,0.68807,2.36343,1.13458,2.57491,1.13458,2.57491,1.00000,0.00000,0,0.00140,-0.11355,-0.10517,-0.00032,2.16850,2.21009,0.02173,0.00134,0.00341,-0.10664,-0.31091,0.08133,0.05994,-0.00242,-0.39046,-0.27019,-0.15128,-0.14228,-0.00569,0.54047,0.61739,0.03560,0.03085,-0.00508,1.52082,1.51732,-0.13803,-0.07667,0.01262,5.96326,5.95651
54.3127,0.55463,-0.21342,-0.44537,-0.21342,-0.44516,-0.21256,0.70143,2.36979,1.14658,2.58234,1.14658,2.58234,1.00000,0.00000,0,0.00029,-0.11410,-0.10528,0.00263,2.23656,2.21241,0.02226,0.00175,0.00094,-0.16507,-0.03721,0.08189,0.06017,0.00388,-0.44400,-0.35964,-0.15121,-0.14229,0.00190,0.56686,0.52272,0.03557,0.03087,0.00797,1.52970,1.46962,-0.13862,-0.07671,0.00509,5.97812,5.85869
54.4132,0.55196,-0.21498,-0.44804,-0.21498,-0.44704,-0.21351,0.71482,2.37617,1.16185,2.58968,1.16185,2.58968,1.00000,0.00000,0,0.00026,-0.11472,-0.10545,-0.00359,2.25785,2.25929,0.02294,0.00199,0.00084,-0.23268,-0.33468,0.08260,0.06036,0.00194,-0.51152,-0.48662,-0.15120,-0.14231,-0.00295,0.59037,0.57120,0.03545,0.03086,0.00204,1.50801,1.56724,-0.13930,-0.07674,-0.00511,5.96171,5.98591
54.5150,0.55080,-0.22135,-0.44920,-0.22135,-0.44835,-0.21789,0.72825,2.38264,1.17659,2.60053,1.17659,2.60053,1.00000,0.00000,0,0.00075,-0.11547,-0.10566,-0.01654,2.25169,2.30094,0.02359,0.00236,-0.00056,-0.25396,-0.22553,0.08329,0.06067,0.00082,-0.57654,-0.63232,-0.15104,-0.14232,0.00203,0.60581,0.51646,0.03548,0.03088,0.00911,1.49847,1.50722,-0.14009,-0.07674,-0.00578,5.94521,5.90446
54.6151,0.55247,-0.22022,-0.44753,-0.22022,-0.44853,-0.22017,0.74172,2.38924,1.19025,2.60941,1.19025,2.60941,1.00000,0.00000,0,0.00031,-0.11611,-0.10589,0.00290,2.37290,2.19747,0.02419,0.00266,-0.00356,-0.32625,-0.34507,0.08393,0.06093,0.00740,-0.65354,-0.61731,-0.15094,-0.14235,-0.00017,0.58725,0.56879,0.03546,0.03086,-0.00127,1.47801,1.52893,-0.14078,-0.07674,0.00202,5.99046,5.83181
54.7159,0.55498,-0.22165,-0.44502,-0.22165,-0.44660,-0.22105,0.75514,2.39585,1.20174,2.61690,1.20174,2.61690,1.00000,0.00000,0,0.00028,-0.11666,-0.10613,0.00088,2.36535,2.26711,0.02470,0.00298,0.00751,-0.36829,-0.42792,0.08447,0.06116,0.00466,-0.69146,-0.71773,-0.15085,-0.14236,0.00287,0.60727,0.63853,0.03544,0.03086,-0.00211,1.47074,1.43638,-0.14137,-0.07675,-0.00177,5.94959,5.96657
54.8169,0.55446,-0.22690,-0.44554,-0.22690,-0.44583,-0.22549,0.76852,2.40257,1.21436,2.62806,1.21436,2.62806,1.00000,0.00000,0,0.00038,-0.11738,-0.10641,-0.00749,2.40378,2.54727,0.02525,0.00322,0.00493,-0.43181,-0.38068,0.08507,0.06141,0.00217,-0.76098,-0.75152,-0.15063,-0.14241,-0.00667,0.59728,0.57330,0.03553,0.03084,-0.00752,1.45664,1.49183,-0.14212,-0.07677,-0.00306,5.94472,5.97289
54.9201,0.55523,-0.23001,-0.44477,-0.23001,-0.44483,-0.22755,0.78188,2.40937,1.22671,2.63692,1.22671,2.63692,1.00000,0.00000,0,0.00112,-0.11800,-0.10667,0.00111,2.45739,2.49155,0.02579,0.00346,0.00427,-0.49507,-0.53884,0.08565,0.06170,0.00360,-0.82580,-0.82372,-0.15051,-0.14242,0.00194,0.61025,0.67727,0.03555,0.03087,0.00809,1.48442,1.62833,-0.14277,-0.07676,-0.00325,5.92860,5.88089
55.0236,0.55614,-0.23728,-0.44386,-0.23728,-0.44343,-0.23362,0.79519,2.41629,1.23862,2.64991,1.23862,2.64991,1.00000,0.00000,0,0.00093,-0.11878,-0.10700,0.00024,2.50258,2.46456,0.02630,0.00377,-0.00135,-0.56934,-0.63929,0.08622,0.06200,0.00173,-0.90287,-0.86712,-0.15020,-0.14241,0.00699,0.62005,0.60737,0.03573,0.03084,-0.00880,1.42207,1.45181,-0.14357,-0.07677,-0.00002,5.95859,6.12346
55.1236,0.55954,-0.24470,-0.44046,-0.24470,-0.44071,-0.24086,0.80844,2.42343,1.24915,2.66429,1.24915,2.66429,1.00000,0.00000,0,0.00030,-0.11960,-0.10743,-0.01229,2.54312,2.65488,0.02673,0.00407,0.00190,-0.60961,-0.61188,0.08673,0.06225,0.00282,-0.95164,-1.07374,-0.14981,-0.14243,0.00181,0.61960,0.55974,0.03600,0.03086,0.00186,1.40556,1.39120,-0.14439,-0.07676,0.00801,5.97709,5.81124
55.2247,0.56196,-0.25261,-0.43804,-0.25261,-0.43971,-0.24877,0.82165,2.43080,1.26136,2.67957,1.26136,2.67957,1.00000,0.00000,0,0.00028,-0.12048,-0.10796,-0.00783,2.58236,2.64662,0.02725,0.00436,0.00964,-0.62456,-0.65556,0.08733,0.06264,-0.00333,-1.02423,-1.04626,-0.14942,-0.14245,-0.00665,0.57082,0.52916,0.03626,0.03087,0.00237,1.39010,1.51305,-0.14528,-0.07678,0.00447,5.95519,6.02338
55.3254,0.56307,-0.25920,-0.43693,-0.25920,-0.43779,-0.25619,0.83480,2.43840,1.27259,2.69460,1.27259,2.69460,1.00000,0.00000,0,0.00030,-0.12134,-0.10836,-0.00188,2.66296,2.62255,0.02772,0.00466,-0.00398,-0.71665,-0.69239,0.08788,0.06293,0.00296,-1.06952,-1.09596,-0.14902,-0.14243,-0.00435,0.57380,0.48147,0.03654,0.03087,0.00578,1.37098,1.34827,-0.14614,-0.07678,0.00132,5.95574,5.62605
55.4264,0.56337,-0.26514,0.56337,-0.26514,0.07339,-0.26246,0.89217,2.44621,0.81878,2.70867,0.81878,2.70867,0.00000,0.00000,0,0.00029,-0.11283,-0.10876,0.00123,2.69379,2.60596,0.00658,0.00495,0.00087,-0.78864,-0.66722,0.06756,0.06333,-0.00335,-1.14784,-1.06806,-0.13970,-0.14244,-0.00210,0.56681,0.70431,0.04894,0.03087,0.00270,1.33569,1.43783,-0.13478,-0.07679,-0.00099,5.97381,5.81571
55.5296,0.57081,-0.26609,0.57081,-0.26609,0.48512,-0.26683,0.88092,2.45418,0.39580,2.72101,0.39580,2.72101,0.00000,0.00000,0,0.00046,-0.10484,-0.10826,0.00213,1.49043,1.49624,-0.01314,0.00200,-0.00080,2.02902,1.99320,0.04861,0.06037,-0.00393,1.52531,1.58118,-0.13103,-0.14103,0.01054,-0.58626,-0.55169,0.06045,0.03191,0.01027,-0.31579,-0.21305,-0.12419,-0.07661,0.00239,4.44693,4.46398
55.6318,0.58175,-0.25918,0.58175,-0.25918,0.56377,-0.26191,0.86466,2.46210,0.30089,2.72401,0.30089,2.72401,0.00000,0.00000,0,0.00029,-0.10305,-0.10823,0.00489,1.50626,1.60120,-0.01757,0.00187,-0.00012,1.98388,1.99354,0.04436,0.05998,0.00307,1.49515,1.40907,-0.12907,-0.14028,0.00781,-0.53107,-0.64095,0.06303,0.03258,0.00135,-0.28809,-0.31714,-0.12182,-0.07663,-0.00347,4.53135,4.68051
55.7352,0.58138,-0.25819,0.58138,-0.25819,0.57769,-0.25935,0.84744,2.46991,0.26975,2.72926,0.26975,2.72926,0.00000,0.00000,0,0.00077,-0.10265,-0.10821,0.00211,1.54004,1.48391,-0.01904,0.00180,-0.00362,2.04792,1.86823,0.04298,0.05985,-0.00282,1.50214,1.54521,-0.12825,-0.14007,0.00340,-0.58562,-0.46683,0.06404,0.03293,0.01314,-0.34075,-0.29183,-0.12121,-0.07664,0.00044,4.62374,4.62400
55.8366,0.58077,-0.25573,0.58077,-0.25573,0.57989,-0.25787,0.83005,2.47767,0.25016,2.73554,0.25016,2.73554,0.00000,0.00000,0,0.00032,-0.10252,-0.10820,0.00885,1.52514,1.48975,-0.01998,0.00167,-0.00066,2.09210,2.05423,0.04212,0.05974,0.00583,1.60223,1.68463,-0.12762,-0.13980,-0.00117,-0.62119,-0.69746,0.06479,0.03345,-0.00094,-0.44173,-0.33110,-0.12093,-0.07666,-0.01313,4.67697,4.73867
55.9379,0.58266,-0.25417,0.58266,-0.25417,0.58167,-0.25509,0.81262,2.48535,0.23095,2.74044,0.23095,2.74044,0.00000,0.00000,0,0.00029,-0.10234,-0.10822,-0.00673,1.47230,1.63236,-0.02089,0.00146,-0.00045,2.18293,2.24015,0.04127,0.05958,-0.00857,1.63880,1.55832,-0.12705,-0.13928,-0.00340,-0.67320,-0.67843,0.06548,0.03408,0.01058,-0.47538,-0.54340,-0.12062,-0.07663,0.00233,4.77397,4.74515
56.0382,0.58908,-0.25076,0.58908,-0.25076,0.58674,-0.25250,0.79508,2.49296,0.20834,2.74546,0.20834,2.74546,0.00000,0.00000,0,0.00026,-0.10209,-0.10819,0.00137,1.46123,1.44625,-0.02196,0.00119,-0.00649,2.27394,2.39345,0.04027,0.05945,-0.00705,1.72204,1.82240,-0.12640,-0.13866,0.00479,-0.67015,-0.59300,0.06626,0.03462,0.00335,-0.54326,-0.50582,-0.12022,-0.07664,0.00777,4.83807,5.01345
56.1396,0.59559,-0.24629,0.59559,-0.24629,0.59227,-0.24831,0.77738,2.50046,0.18511,2.74877,0.18511,2.74877,0.00000,0.00000,0,0.00027,-0.10176,-0.10819,-0.00651,1.40364,1.40351,-0.02305,0.00096,0.00334,2.37620,2.44509,0.03924,0.05928,-0.00693,1.82219,1.90164,-0.12582,-0.13823,0.01105,-0.71488,-0.75358,0.06699,0.03529,0.00873,-0.58735,-0.53191,-0.11974,-0.07667,-0.00397,4.86584,4.93430
56.2432,0.59655,-0.24157,0.59655,-0.24157,0.59590,-0.24340,0.75954,2.50782,0.16365,2.75122,0.16365,2.75122,0.00000,0.00000,0,0.00100,-0.10143,-0.10815,0.00015,1.40548,1.27251,-0.02406,0.00058,-0.00196,2.45616,2.45613,0.03828,0.05910,-0.00081,1.89312,1.75717,-0.12530,-0.13784,-0.00085,-0.73383,-0.73053,0.06764,0.03602,0.00701,-0.66122,-0.65233,-0.11927,-0.07668,-0.00785,4.92824,5.00983
56.3434,0.60201,-0.23812,0.60201,-0.23812,0.59931,-0.23969,0.74161,2.51505,0.14231,2.75474,0.14231,2.75474,0.00000,0.00000,0,0.00031,-0.10115,-0.10814,-0.00031,1.38341,1.28941,-0.02507,0.00026,0.00085,2.56647,2.54330,0.03734,0.05891,-0.00403,2.00934,2.06776,-0.12475,-0.13718,0.00502,-0.75993,-0.84060,0.06833,0.03667,0.00934,-0.72157,-0.75081,-0.11885,-0.07666,0.00779,5.01237,4.87087
56.4449,0.60807,-0.23574,0.60807,-0.23574,0.60537,-0.23725,0.72353,2.52221,0.11816,2.75946,0.11816,2.75946,0.00000,0.00000,0,0.00028,-0.10086,-0.10810,0.00936,1.37453,1.36794,-0.02621,-0.00010,-0.00854,2.64008,2.68639,0.03627,0.05871,-0.00109,2.10640,1.86463,-0.12409,-0.13668,0.00196,-0.79783,-0.85648,0.06913,0.03721,0.01694,-0.78465,-0.77161,-0.11839,-0.07666,0.00744,5.06346,5.06786
56.5453,0.61300,-0.23254,0.61300,-0.23254,0.61086,-0.23417,0.70527,2.52928,0.09441,2.76345,0.09441,2.76345,0.00000,0.00000,0,0.00033,-0.10055,-0.10809,-0.00207,1.30994,1.32015,-0.02733,-0.00052,-0.00275,2.75555,2.80489,0.03521,0.05848,-0.00113,2.17271,2.16342,-0.12346,-0.13622,0.01017,-0.78894,-0.67307,0.06990,0.03758,0.00119,-0.90099,-0.98943,-0.11792,-0.07668,0.00123,5.07918,5.09126
56.6456,0.62151,-0.22435,0.62151,-0.22435,0.61769,-0.22729,0.68683,2.53618,0.06914,2.76348,0.06914,2.76348,0.00000,0.00000,0,0.00029,-0.10004,-0.10808,-0.00222,1.27790,1.34433,-0.02851,-0.00086,-0.00415,2.81510,2.83322,0.03408,0.05819,0.00487,2.28051,2.39322,-0.12297,-0.13569,0.00630,-0.83252,-0.91864,0.07056,0.03794,0.00788,-0.96007,-0.89589,-0.11727,-0.07671,-0.01321,5.10969,5.04815
56.7470,0.62745,-0.21926,0.62745,-0.21926,0.62496,-0.22212,0.66816,2.54291,0.04320,2.76503,0.04320,2.76503,0.00000,0.00000,0,0.00028,-0.09958,-0.10803,0.00526,1.22084,1.23164,-0.02973,-0.00126,-0.00726,2.92864,3.06467,0.03292,0.05791,0.00404,2.39107,2.22748,-0.12241,-0.13518,-0.00432,-0.88774,-0.76064,0.07129,0.03828,-0.01004,-1.05261,-1.06275,-0.11665,-0.07668,-0.00264,5.16540,5.21333
56.8481,0.63508,-0.21655,0.63508,-0.21655,0.63077,-0.21825,0.64932,2.54950,0.01855,2.76775,0.01855,2.76775,0.00000,0.00000,0,0.00031,-0.09920,-0.10800,0.00571,1.17648,1.12595,-0.03088,-0.00158,-0.00459,3.02088,2.93192,0.03182,0.05761,-0.00144,2.46165,2.35864,-0.12182,-0.13451,0.00650,-0.90398,-0.82526,0.07204,0.03867,0.01663,-1.09772,-1.00334,-0.11611,-0.07666,0.01110,5.22550,5.13906
56.9512,0.63994,-0.21658,0.63994,-0.21658,0.63745,-0.21693,0.63027,2.55601,-0.00718,2.77295,-0.00718,2.77295,0.00000,0.00000,0,0.00096,-0.09890,-0.10798,-0.00557,1.14196,1.00123,-0.03210,-0.00192,0.00005,3.16605,3.04213,0.03068,0.05729,-0.00260,2.55608,2.53197,-0.12111,-0.13380,0.00812,-0.90387,-0.77515,0.07290,0.03903,0.00331,-1.20320,-1.03774,-0.11564,-0.07668,0.00170,5.23139,5.17277
57.0532,0.64992,-0.21128,0.64992,-0.21128,0.64605,-0.21365,0.61099,2.56247,-0.03506,2.77613,-0.03506,2.77613,0.00000,0.00000,0,0.00035,-0.09847,-0.10793,0.00044,1.11288,1.14445,-0.03341,-0.00233,-0.00930,3.24086,3.23987,0.02944,0.05690,-0.00887,2.67474,2.82473,-0.12044,-0.13270,0.01155,-0.87990,-0.79213,0.07375,0.03942,0.00503,-1.32095,-1.25595,-0.11503,-0.07669,0.00704,5.28185,5.29357
57.1535,0.66274,-0.19742,0.66274,-0.19742,0.65727,-0.20303,0.59140,2.56870,-0.06587,2.77173,-0.06587,2.77173,0.00000,0.00000,0,0.00027,-0.09766,-0.10786,0.01152,1.08077,1.04514,-0.03483,-0.00272,-0.00114,3.37477,3.34456,0.02804,0.05641,-0.00714,2.78419,2.75359,-0.12002,-0.13113,0.02011,-0.81669,-0.89190,0.07438,0.03980,0.00153,-1.40319,-1.43584,-0.11406,-0.07668,0.00430,5.30494,5.29771
57.2544,0.68859,-0.18214,0.68859,-0.18214,0.67635,-0.18941,0.57138,2.57456,-0.10497,2.76397,-0.10497,2.76397,0.00000,0.00000,0,0.00026,-0.09655,-0.10780,0.00324,0.97144,0.94156,-0.03662,-0.00336,-0.01794,3.47212,3.54458,0.02626,0.05583,-0.01270,2.88740,2.80781,-0.11958,-0.12764,0.08253,-0.45513,-0.73329,0.07510,0.04025,0.00078,-1.46868,-1.49769,-0.11276,-0.07669,0.00183,5.26184,5.20264
57.3550,0.77649,-0.08214,0.77649,-0.08214,0.74715,-0.13112,0.54996,2.57947,-0.19719,2.71060,-0.19719,2.71060,0.00000,0.00000,0,0.00028,-0.09245,-0.10763,0.00157,0.64669,0.64576,-0.04071,-0.00503,-0.04199,3.70367,3.68422,0.02193,0.05455,-0.02877,3.15130,2.98267,-0.11998,-0.11115,0.00853,0.32694,0.37543,0.07546,0.04092,-0.00220,-1.55438,-1.43368,-0.10835,-0.07668,0.00471,5.11041,5.24573
57.4556,0.79548,-0.03479,0.79548,-0.03479,0.78520,-0.07354,0.52676,2.58238,-0.25844,2.65592,-0.25844,2.65592,0.00000,0.00000,0,0.00027,-0.08893,-0.10716,0.00356,0.44826,0.54487,-0.04335,-0.01189,-0.13728,3.16363,3.05311,0.01898,0.05233,-0.02205,3.25062,3.20804,-0.12103,-0.11099,-0.00593,0.42315,0.26095,0.07497,0.04101,-0.01099,-1.60134,-1.59714,-0.10470,-0.07666,0.00325,4.89826,4.74821
57.5561,0.79350,0.08937,0.79350,0.08937,0.79446,0.02993,0.50298,2.58292,-0.29148,2.55299,-0.29148,2.55299,0.00000,0.00000,0,0.00030,-0.08395,-0.10670,0.00498,0.22669,0.29268,-0.04449,-0.02759,-0.04542,2.54474,2.55680,0.01714,0.04988,-0.01238,3.22686,3.34118,-0.12461,-0.11100,-0.00403,0.60444,0.47453,0.07191,0.04107,-0.00334,-1.44708,-1.64393,-0.09997,-0.07662,0.00971,4.69843,4.65133
57.6578,0.80524,0.09885,0.80524,0.09885,0.80019,0.08518,0.47909,2.58086,-0.32109,2.49567,-0.32109,2.49567,0.00000,0.00000,0,0.00029,-0.08095,-0.10588,0.00181,-0.01936,0.03669,-0.04565,-0.02901,-0.00157,2.67734,2.63520,0.01560,0.04832,-0.00901,3.29057,3.44580,-0.12638,-0.11117,0.00161,0.84678,0.81136,0.07049,0.04107,-0.00296,-1.35440,-1.42511,-0.09704,-0.07662,0.00439,4.47301,4.26970
57.7604,0.81083,0.11038,0.81083,0.11038,0.80745,0.10289,0.45497,2.57797,-0.35248,2.47508,-0.35248,2.47508,0.00000,0.00000,0,0.00041,-0.07946,-0.10558,0.00156,-0.11152,-0.15644,-0.04703,-0.02941,0.00068,2.76404,2.63526,0.01412,0.04660,-0.02427,3.28591,3.34267,-0.12661,-0.11117,0.00890,0.87264,0.79020,0.07052,0.04107,0.00064,-1.44516,-1.43938,-0.09545,-0.07662,-0.00085,4.44048,4.45110
57.8610,0.81391,0.12169,0.81391,0.12169,0.81104,0.11552,0.43068,2.57466,-0.38036,2.45914,-0.38036,2.45914,0.00000,0.00000,0,0.00034,-0.07823,-0.10535,0.00219,-0.21252,-0.26541,-0.04826,-0.02981,-0.00654,2.84650,2.82238,0.01280,0.04470,-0.02194,3.34175,3.37613,-0.12672,-0.11121,0.00302,0.86603,0.86163,0.07064,0.04107,0.00153,-1.50320,-1.60082,-0.09413,-0.07660,0.00754,4.42411,4.29345
57.9620,0.82111,0.15438,0.82111,0.15438,0.81757,0.13735,0.40623,2.57088,-0.41133,2.43353,-0.41133,2.43353,0.00000,0.00000,0,0.00038,-0.07653,-0.10498,0.00070,-0.36668,-0.32500,-0.04960,-0.03037,-0.00444,2.94892,2.86035,0.01132,0.03935,-0.08308,2.95210,2.85724,-0.12717,-0.11123,0.00521,0.94755,0.97002,0.07046,0.04111,0.00113,-1.52788,-1.51292,-0.09236,-0.07659,0.00723,4.34723,4.17195
58.0648,0.82457,0.21525,0.82457,0.21525,0.82327,0.18984,0.38159,2.56583,-0.44168,2.37599,-0.44168,2.37599,0.00000,0.00000,0,0.00125,-0.07352,-0.10435,0.00217,-0.60799,-0.57335,-0.05079,-0.03122,-0.02175,2.95223,2.96980,0.00975,0.03043,-0.08792,2.54795,2.49558,-0.12894,-0.11133,0.00161,1.07596,1.07190,0.06906,0.04110,-0.00145,-1.48036,-1.41658,-0.08941,-0.07660,-0.00912,4.14506,4.04922
58.1659,0.83091,0.27216,0.83091,0.27216,0.82934,0.25001,0.35678,2.55899,-0.47256,2.30897,-0.47256,2.30897,0.00000,0.00000,0,0.00026,-0.07009,-0.10330,0.01578,-0.78028,-0.77283,-0.05196,-0.03268,-0.00655,3.01988,2.87898,0.00811,0.02579,-0.01642,2.65253,2.63527,-0.13109,-0.11151,-0.00938,1.22340,1.30843,0.06730,0.04111,0.00054,-1.40367,-1.53233,-0.08608,-0.07656,-0.00181,3.96350,4.03487
58.2665,0.83288,0.28748,0.83288,0.28748,0.83122,0.27721,0.33188,2.55096,-0.49934,2.27374,-0.49934,2.27374,0.00000,0.00000,0,0.00029,-0.06808,-0.10249,0.01082,-0.89181,-1.00102,-0.05307,-0.03430,-0.02888,2.92848,2.78093,0.00678,0.02509,-0.01097,2.71449,2.71260,-0.13201,-0.11162,-0.00678,1.28010,1.22425,0.06666,0.04111,0.00393,-1.45099,-1.39687,-0.08406,-0.07653,0.01167,3.92946,4.04730
58.3699,0.83006,0.31477,0.83006,0.31477,0.83112,0.30241,0.30693,2.54221,-0.52419,2.23979,-0.52419,2.23979,0.00000,0.00000,0,0.00213,-0.06616,-0.10190,0.00102,-1.04576,-0.98928,-0.05409,-0.03708,-0.03113,2.86100,2.76569,0.00554,0.02461,-0.00918,2.80118,2.76753,-0.13292,-0.11173,-0.00160,1.39661,1.42162,0.06601,0.04112,0.00410,-1.46434,-1.57163,-0.08213,-0.07649,0.01318,3.81165,3.76456
58.4696,0.83319,0.32567,-0.16681,0.32567,0.07240,0.32084,0.24865,2.53275,0.17625,2.21191,0.17625,2.21191,1.00000,0.00000,0,0.00035,-0.07910,-0.10167,-0.00272,-0.10374,-0.23310,-0.02144,-0.03781,0.00187,0.46908,0.77777,0.03706,0.02551,-0.00120,0.50777,0.73739,-0.14767,-0.11352,-0.01859,2.53417,2.48679,0.04678,0.04107,-0.00725,-0.09349,-0.27477,-0.09932,-0.07668,-0.00507,5.25019,5.27522
58.5712,0.83074,0.32325,-0.16926,0.32325,-0.12851,0.32360,0.25090,2.52306,0.37941,2.19946,0.37941,2.19946,1.00000,0.00000,0,0.00038,-0.08266,-0.10212,-0.00235,-0.05928,-0.06243,-0.01196,-0.03476,-0.00024,0.25549,0.33325,0.04618,0.02628,0.00017,0.15392,0.09364,-0.15213,-0.11435,0.00230,2.62780,2.67585,0.04102,0.04105,0.00751,0.16056,0.13769,-0.10415,-0.07669,0.00336,5.33685,5.35940
58.6732,0.83615,0.32228,-0.16385,0.32228,-0.15873,0.32298,0.25544,2.51336,0.41417,2.19038,0.41417,2.19038,1.00000,0.00000,0,0.00139,-0.08298,-0.10208,0.00788,-0.13603,-0.11485,-0.01032,-0.03474,0.00067,0.27744,0.41552,0.04771,0.02629,-0.00062,0.22319,0.13355,-0.15317,-0.11449,0.00073,2.68580,2.55099,0.03977,0.04105,0.00292,0.11302,0.19084,-0.10472,-0.07669,0.00065,5.29054,5.30678
58.7729,0.83648,0.32550,-0.16352,0.32550,-0.16290,0.32450,0.26030,2.50365,0.42320,2.17915,0.42320,2.17915,1.00000,0.00000,0,0.00027,-0.08269,-0.10207,0.00236,-0.20593,-0.06087,-0.00986,-0.03474,-0.00847,0.21019,0.31914,0.04808,0.02631,0.00662,0.19904,0.23873,-0.15381,-0.11470,-0.00640,2.73157,2.78618,0.03911,0.04106,0.00823,0.16597,0.15438,-0.10453,-0.07669,0.00529,5.33274,5.42150
58.8737,0.83186,0.32571,-0.16814,0.32571,-0.16639,0.32539,0.26525,2.49389,0.43164,2.16850,0.43164,2.16850,1.00000,0.00000,0,0.00027,-0.08242,-0.10205,0.00092,-0.24587,-0.30911,-0.00943,-0.03466,0.00049,0.18619,0.14957,0.04843,0.02634,0.00007,0.13704,0.17023,-0.15441,-0.11496,0.00209,2.83192,2.68209,0.03848,0.04103,-0.00316,0.17582,0.24000,-0.10435,-0.07671,0.00419,5.38078,5.29324
58.9745,0.83176,0.33013,-0.16824,0.33013,-0.16799,0.32794,0.27027,2.48409,0.43826,2.15615,0.43826,2.15615,1.00000,0.00000,0,0.00028,-0.08203,-0.10203,-0.00116,-0.29462,-0.36304,-0.00907,-0.03448,0.00535,0.17484,0.26166,0.04869,0.02642,0.00668,0.12026,0.14798,-0.15505,-0.11533,-0.00561,2.88968,3.03892,0.03784,0.04106,0.00803,0.23539,0.25667,-0.10406,-0.07670,0.00048,5.41186,5.26097
59.0752,0.83482,0.32900,-0.16518,0.32900,-0.16545,0.32877,0.27526,2.47424,0.44071,2.14547,0.44071,2.14547,1.00000,0.00000,0,0.00031,-0.08163,-0.10200,0.00076,-0.37170,-0.33020,-0.00892,-0.03414,0.00560,0.10169,0.01274,0.04876,0.02646,-0.00212,0.04760,0.04860,-0.15553,-0.11568,-0.00486,2.98312,3.03649,0.03737,0.04102,-0.00066,0.25525,0.33425,-0.10372,-0.07669,0.01063,5.43848,5.65732
59.1762,0.83349,0.32834,-0.16651,0.32834,-0.16579,0.32860,0.28022,2.46438,0.44601,2.13577,0.44601,2.13577,1.00000,0.00000,0,0.00028,-0.08134,-0.10197,0.00211,-0.43695,-0.51969,-0.00864,-0.03393,0.00783,0.06806,0.17076,0.04897,0.02652,-0.00231,-0.00743,-0.18238,-0.15604,-0.11604,-0.00736,3.06352,2.82768,0.03686,0.04098,-0.00256,0.29740,0.30136,-0.10350,-0.07669,0.00544,5.46096,5.46231
59.2776,0.83512,0.32645,-0.16488,0.32645,-0.16542,0.32652,0.28519,2.45456,0.45061,2.12804,0.45061,2.12804,1.00000,0.00000,0,0.00030,-0.08110,-0.10193,0.01374,-0.42418,-0.35739,-0.00840,-0.03368,0.00975,0.00280,-0.01225,0.04915,0.02663,0.00021,-0.02462,-0.02086,-0.15644,-0.11650,-0.00392,3.15487,3.12614,0.03645,0.04097,0.00237,0.33460,0.30076,-0.10333,-0.07672,0.00165,5.54038,5.53787
59.3823,0.83406,0.32639,-0.16594,0.32639,-0.16570,0.32629,0.29016,2.44478,0.45586,2.11848,0.45586,2.11848,1.00000,0.00000,0,0.00131,-0.08081,-0.10192,-0.00481,-0.53703,-0.54703,-0.00812,-0.03340,0.00684,-0.00096,-0.05325,0.04936,0.02674,-0.00407,-0.08679,-0.16504,-0.15694,-0.11700,-0.01405,3.20205,3.17623,0.03595,0.04092,-0.00351,0.36214,0.30354,-0.10310,-0.07674,-0.00508,5.53400,5.60826
59.4849,0.83352,0.32255,-0.16648,0.32255,-0.16678,0.32367,0.29516,2.43503,0.46195,2.11136,0.46195,2.11136,1.00000,0.00000,0,0.00199,-0.08063,-0.10187,0.00711,-0.58014,-0.54884,-0.00781,-0.03309,0.00295,-0.05927,-0.11504,0.04961,0.02689,0.00019,-0.14233,-0.09919,-0.15735,-0.11754,-0.00739,3.25946,3.29941,0.03552,0.04085,-0.00990,0.40824,0.45244,-0.10300,-0.07674,-0.00277,5.56049,5.62587
59.5844,0.83340,0.31950,-0.16660,0.31950,-0.16626,0.32047,0.30015,2.42539,0.46642,2.10491,0.46642,2.10491,1.00000,0.00000,0,0.00030,-0.08045,-0.10184,0.00043,-0.64125,-0.56043,-0.00758,-0.03275,-0.00074,-0.12588,-0.15988,0.04979,0.02706,0.01173,-0.15694,-0.17325,-0.15770,-0.11805,-0.00841,3.32949,3.40366,0.03516,0.04086,0.00409,0.42585,0.33993,-0.10287,-0.07674,0.00131,5.61267,5.89917
59.6857,0.83196,0.31820,-0.16804,0.31820,-0.16703,0.31900,0.30515,2.41580,0.47218,2.09680,0.47218,2.09680,1.00000,0.00000,0,0.00028,-0.08023,-0.10179,0.00105,-0.66494,-0.76663,-0.00728,-0.03235,0.00578,-0.16343,-0.15075,0.05003,0.02720,-0.00572,-0.21699,-0.30588,-0.15815,-0.11873,-0.00887,3.38974,3.25691,0.03470,0.04081,0.00369,0.46359,0.35815,-0.10272,-0.07676,-0.00393,5.65278,5.65454
59.7872,0.82715,0.31296,-0.17285,0.31296,-0.17084,0.31520,0.31023,2.40630,0.48107,2.09110,0.48107,2.09110,1.00000,0.00000,0,0.00039,-0.08017,-0.10175,0.00074,-0.71552,-0.66126,-0.00685,-0.03216,-0.00123,-0.24541,-0.23174,0.05041,0.02739,0.00138,-0.27901,-0.28708,-0.15855,-0.11974,0.00255,3.47160,3.49159,0.03425,0.04076,0.00835,0.51620,0.50557,-0.10273,-0.07674,0.00515,5.74132,5.75886
59.8915,0.82176,0.31020,-0.17824,0.31020,-0.17636,0.31159,0.31546,2.39691,0.49182,2.08532,0.49182,2.08532,1.00000,0.00000,0,0.00194,-0.08014,-0.10173,-0.00143,-0.74332,-0.74697,-0.00633,-0.03183,0.00338,-0.26897,-0.34132,0.05087,0.02757,0.00263,-0.33783,-0.36602,-0.15900,-0.12162,-0.01583,3.38115,3.32045,0.03375,0.04068,-0.00578,0.52904,0.48258,-0.10280,-0.07675,-0.00081,5.77501,5.92575
59.9906,0.80720,0.30193,-0.19280,0.30193,-0.18666,0.30571,0.32092,2.38766,0.50758,2.08195,0.50758,2.08195,1.00000,0.00000,0,0.00030,-0.08032,-0.10168,0.00028,-0.77961,-0.96827,-0.00559,-0.03144,0.01238,-0.32962,-0.34691,0.05157,0.02777,0.00233,-0.39949,-0.38175,-0.15944,-0.12592,-0.08285,3.02044,3.18401,0.03321,0.04064,0.00714,0.60118,0.53354,-0.10308,-0.07677,-0.00062,5.83059,5.79756
60.0937,0.75109,0.25748,-0.24891,0.25748,-0.22338,0.27912,0.32706,2.37886,0.55044,2.09973,0.55044,2.09973,1.00000,0.00000,0,0.00026,-0.08192,-0.10167,-0.00447,-0.71405,-0.79959,-0.00366,-0.03078,0.01509,-0.48369,-0.42190,0.05357,0.02807,0.00567,-0.56586,-0.59523,-0.15954,-0.13764,-0.05846,2.45807,2.37133,0.03277,0.04058,0.00730,0.64139,0.67363,-0.10487,-0.07681,-0.00901,5.94540,6.05520
60.1948,0.73283,0.24700,-0.26717,0.24700,-0.25569,0.25454,0.33442,2.37102,0.59011,2.11647,0.59011,2.11647,1.00000,0.00000,0,0.00026,-0.08342,-0.10171,-0.01104,-0.65886,-0.61583,-0.00189,-0.02984,0.00484,-0.60005,-0.46239,0.05541,0.02889,0.01200,-0.64625,-0.65396,-0.15962,-0.13986,-0.01041,2.46391,2.49249,0.03238,0.04051,0.00006,0.64323,0.65392,-0.10654,-0.07679,0.00319,5.95546,6.10440
60.2964,0.72639,0.24311,-0.27361,0.24311,-0.26871,0.24591,0.34233,2.36355,0.61104,2.11765,0.61104,2.11765,1.00000,0.00000,0,0.00093,-0.08389,-0.10170,-0.00152,-0.63661,-0.61699,-0.00092,-0.02928,0.00050,-0.67598,-0.69979,0.05636,0.02961,0.01466,-0.69758,-0.76849,-0.15998,-0.14034,0.00708,2.54343,2.63828,0.03188,0.04043,-0.00354,0.66668,0.60190,-0.10713,-0.07679,0.00209,5.97380,6.02728
60.3964,0.71973,0.23335,-0.28027,0.23335,-0.27649,0.23818,0.35054,2.35630,0.62703,2.11812,0.62703,2.11812,1.00000,0.00000,0,0.00027,-0.08423,-0.10168,-0.00195,-0.67989,-0.65271,-0.00018,-0.02885,0.00625,-0.72092,-0.74711,0.05708,0.03055,0.01205,-0.75188,-0.81779,-0.16027,-0.14075,-0.00129,2.55814,2.51703,0.03148,0.04036,-0.00724,0.71847,0.69425,-0.10757,-0.07680,0.00437,5.96650,5.93144
60.4969,0.71878,0.20690,-0.28122,0.20690,-0.27967,0.22143,0.35889,2.34940,0.63856,2.12797,0.63856,2.12797,1.00000,0.00000,0,0.00028,-0.08487,-0.10167,0.00477,-0.67613,-0.75033,0.00032,-0.02846,-0.00224,-0.78579,-0.77186,0.05763,0.03504,0.11761,-0.21799,-0.43893,-0.16009,-0.14109,0.00094,2.56342,2.61671,0.03155,0.04037,0.00730,0.78026,0.73180,-0.10824,-0.07682,-0.00523,5.93016,5.88911
60.5997,0.71340,0.15966,-0.28660,0.15966,-0.28591,0.17711,0.36740,2.34357,0.65331,2.16646,0.65331,2.16646,1.00000,0.00000,0,0.00035,-0.08678,-0.10172,-0.00573,-0.57600,-0.50855,0.00086,-0.02802,0.00615,-0.83974,-0.84429,0.05842,0.04123,0.03613,-0.17755,-0.14199,-0.15879,-0.14122,0.01127,2.50320,2.32681,0.03263,0.04034,0.00096,0.67262,0.69945,-0.11007,-0.07681,-0.00262,5.96689,5.95410
60.7035,0.70596,0.08991,-0.29404,0.08991,-0.28762,0.12653,0.37597,2.33902,0.66358,2.21250,0.66358,2.21250,1.00000,0.00000,0,0.00098,-0.08891,-0.10173,-0.00238,-0.46649,-0.62096,0.00117,-0.02752,0.00272,-0.88172,-0.84508,0.05903,0.05082,0.06588,0.45053,0.48059,-0.15709,-0.14129,0.00539,2.43868,2.38074,0.03411,0.04034,0.00029,0.55744,0.61400,-0.11207,-0.07678,0.00842,5.95135,5.87873
60.8040,0.70670,0.06904,-0.29330,0.06904,-0.29405,0.08350,0.38476,2.33609,0.67881,2.25259,0.67881,2.25259,1.00000,0.00000,0,0.00028,-0.09090,-0.10178,0.00005,-0.36982,-0.32388,0.00173,-0.02709,0.00002,-0.93275,-0.93828,0.05984,0.05331,0.01055,0.38308,0.35026,-0.15574,-0.14133,-0.00841,2.35258,2.39385,0.03524,0.04038,0.01142,0.54734,0.58932,-0.11398,-0.07680,0.00221,5.95907,5.98305
60.9052,0.69859,0.06517,-0.30141,0.06517,-0.29932,0.06880,0.39369,2.33389,0.69301,2.26509,0.69301,2.26509,1.00000,0.00000,0,0.00028,-0.09171,-0.10180,-0.00014,-0.33620,-0.41720,0.00234,-0.02662,0.00635,-1.01340,-1.06941,0.06052,0.05418,0.00265,0.34355,0.30272,-0.15550,-0.14134,-0.00578,2.36996,2.41724,0.03535,0.04035,0.00342,0.56299,0.53847,-0.11482,-0.07683,-0.00612,5.91581,6.00778
61.0069,0.70507,0.06122,-0.29493,0.06122,-0.29727,0.06368,0.40265,2.33193,0.69992,2.26825,0.69992,2.26825,1.00000,0.00000,0,0.00070,-0.09198,-0.10180,-0.00145,-0.35420,-0.37322,0.00265,-0.02603,0.01064,-1.01225,-1.02507,0.06084,0.05462,0.00117,0.34114,0.43526,-0.15550,-0.14141,-0.00400,2.37356,2.44525,0.03529,0.04035,0.00356,0.58058,0.57027,-0.11512,-0.07681,-0.00079,5.94749,5.96537
61.1077,0.70354,0.05793,-0.29646,0.05793,-0.29664,0.05933,0.41155,2.33011,0.70819,2.27077,0.70819,2.27077,1.00000,0.00000,0,0.00032,-0.09225,-0.10180,-0.00091,-0.35902,-0.32326,0.00303,-0.02526,0.00563,-1.05775,-1.05411,0.06122,0.05484,0.00308,0.32345,0.40401,-0.15556,-0.14142,0.01558,2.46063,2.40892,0.03517,0.04034,0.00117,0.58043,0.58131,-0.11543,-0.07684,-0.00626,5.89795,5.70035
61.2082,0.70037,0.04534,-0.29963,0.04534,-0.29765,0.05000,0.42045,2.32849,0.71810,2.27848,0.71810,2.27848,1.00000,0.00000,0,0.00027,-0.09277,-0.10179,0.00003,-0.33808,-0.39264,0.00346,-0.02387,0.02224,-1.00570,-1.08197,0.06169,0.05506,-0.00122,0.30208,0.38799,-0.15543,-0.14152,-0.00470,2.45073,2.39846,0.03520,0.04036,0.00785,0.58887,0.55038,-0.11598,-0.07684,-0.00803,5.89459,5.93813
61.3101,0.70255,0.03558,-0.29745,0.03558,-0.29786,0.04019,0.42940,2.32716,0.72726,2.28697,0.72726,2.28697,1.00000,0.00000,0,0.00033,-0.09331,-0.10182,-0.00459,-0.31521,-0.29882,0.00385,-0.02227,0.01363,-1.00456,-0.94686,0.06213,0.05529,-0.00507,0.25063,0.33221,-0.15526,-0.14159,-0.00815,2.43789,2.40308,0.03529,0.04034,0.00193,0.60215,0.51303,-0.11654,-0.07685,-0.00954,5.93676,5.98204
61.4126,0.70335,0.02921,-0.29665,0.02921,-0.29686,0.03203,0.43832,2.32611,0.73518,2.29408,0.73518,2.29408,1.00000,0.00000,0,0.00030,-0.09377,-0.10182,-0.00231,-0.32369,-0.38646,0.00420,-0.02151,0.00848,-1.06178,-1.00446,0.06251,0.05550,-0.00067,0.25720,0.26063,-0.15512,-0.14166,-0.00974,2.41608,2.49683,0.03535,0.04035,0.00258,0.60302,0.71932,-0.11702,-0.07686,-0.01081,5.93009,5.93047
61.5142,0.70641,0.02684,0.70641,0.02684,0.53708,0.02831,0.47947,2.32522,-0.05761,2.29691,-0.05761,2.29691,0.00000,0.00000,0,0.00038,-0.07795,-0.09985,0.05328,-1.35689,-1.36371,-0.03262,-0.02614,-0.07189,1.34808,1.16630,0.02679,0.05211,-0.03286,2.81301,2.72388,-0.13964,-0.14120,0.00169,1.31277,1.33350,0.05609,0.04038,-0.00011,-1.04571,-0.91452,-0.09642,-0.07667,-0.00859,4.35107,4.23284
61.6147,0.70619,0.03319,0.70619,0.03319,0.67806,0.03211,0.46024,2.32431,-0.21782,2.29220,-0.21782,2.29220,0.00000,0.00000,0,0.00028,-0.07453,-0.09791,0.01301,-1.37571,-1.44576,-0.04005,-0.02662,-0.00719,1.50590,1.48870,0.01955,0.05020,-0.00042,2.77612,2.82870,-0.13673,-0.14113,0.00494,1.31864,1.35147,0.06007,0.04044,0.00139,-1.05245,-1.08999,-0.09207,-0.07662,0.00667,4.37371,4.31876
61.7155,0.70961,0.03671,0.70961,0.03671,0.70417,0.03505,0.43933,2.32329,-0.26485,2.28824,-0.26485,2.28824,0.00000,0.00000,0,0.00027,-0.07341,-0.09693,0.01655,-1.35099,-1.36897,-0.04222,-0.02660,0.00948,1.53082,1.44710,0.01742,0.04958,-0.00380,2.78364,2.90085,-0.13598,-0.14114,-0.00678,1.31606,1.31167,0.06113,0.04044,-0.00119,-1.08922,-1.13370,-0.09070,-0.07663,0.00202,4.38686,4.37588
61.8183,0.69935,0.04462,0.69935,0.04462,0.70341,0.04001,0.41817,2.32217,-0.28524,2.28216,-0.28524,2.28216,0.00000,0.00000,0,0.00033,-0.07275,-0.09226,0.10032,-0.86297,-0.86602,-0.04315,-0.02671,0.00166,1.59748,1.53074,0.01647,0.04899,-0.00456,2.84075,2.83658,-0.13583,-0.14112,0.00477,1.31828,1.34438,0.06143,0.04047,0.00384,-1.10589,-1.24050,-0.08994,-0.07664,0.00518,4.38840,4.24538
61.9199,0.68292,0.07045,0.68292,0.07045,0.68812,0.06359,0.39736,2.32052,-0.29076,2.25693,-0.29076,2.25693,0.00000,0.00000,0,0.00033,-0.07158,-0.08767,0.03166,-0.89721,-0.96718,-0.04330,-0.02678,0.00742,1.58655,1.64234,0.01614,0.04844,0.00070,2.88144,2.92274,-0.13676,-0.14114,-0.00399,1.36053,1.41241,0.06061,0.04046,-0.00617,-1.09664,-1.08289,-0.08885,-0.07662,0.00448,4.30592,4.27813
62.0216,0.66390,0.08649,0.66390,0.08649,0.67331,0.07796,0.37697,2.31837,-0.29634,2.24041,-0.29634,2.24041,0.00000,0.00000,0,0.00033,-0.07078,-0.07973,0.17356,-0.09485,-0.24138,-0.04350,-0.02687,0.00657,1.65219,1.74411,0.01583,0.04789,-0.01540,2.89751,2.79089,-0.13733,-0.14115,-0.00117,1.37583,1.45143,0.06013,0.04049,0.00400,-1.07460,-1.11678,-0.08808,-0.07665,-0.00551,4.27644,4.40019
62.1230,0.61785,0.13680,0.61785,0.13680,0.63517,0.12161,0.35746,2.31525,-0.27771,2.19364,-0.27771,2.19364,0.00000,0.00000,0,0.00103,-0.06920,-0.07045,0.05292,0.02859,0.00289,-0.04245,-0.02692,0.00295,1.59380,1.63959,0.01651,0.04755,-0.00518,2.91408,2.89832,-0.13961,-0.14118,0.00196,1.57594,1.56096,0.05787,0.04046,-0.00268,-1.00277,-1.09644,-0.08680,-0.07661,0.00466,4.22049,4.10303
62.2249,0.60066,0.15380,0.60066,0.15380,0.60930,0.14683,0.33891,2.31111,-0.27039,2.16427,-0.27039,2.16427,0.00000,0.00000,0,0.00029,-0.06812,-0.06767,0.01396,0.00363,0.04260,-0.04200,-0.02693,0.00257,1.58149,1.63577,0.01673,0.04720,0.00218,2.96770,3.00734,-0.14096,-0.14120,0.00273,1.62104,1.55310,0.05656,0.04049,0.00900,-0.90506,-1.03542,-0.08589,-0.07660,0.01035,4.22219,4.17802
62.3255,0.59422,0.15572,0.59422,0.15572,0.59764,0.15424,0.32086,2.30655,-0.27677,2.15231,-0.27677,2.15231,0.00000,0.00000,0,0.00025,-0.06749,-0.06719,0.00178,0.00053,-0.09753,-0.04225,-0.02698,-0.01038,1.63327,1.76254,0.01640,0.04675,-0.00255,2.99984,2.77070,-0.14132,-0.14121,0.00345,1.66191,1.49712,0.05627,0.04047,-0.00560,-0.96697,-1.00084,-0.08527,-0.07662,0.00304,4.17578,4.35757
62.4258,0.59441,0.16195,0.59441,0.16195,0.59524,0.15926,0.30298,2.30183,-0.29226,2.14256,-0.29226,2.14256,0.00000,0.00000,0,0.00027,-0.06677,-0.06691,0.00870,-0.05080,-0.14251,-0.04293,-0.02702,0.00694,1.74580,1.74331,0.01567,0.04616,-0.01037,3.05619,3.03269,-0.14142,-0.14122,-0.00228,1.63595,1.42114,0.05630,0.04047,0.00277,-1.01034,-1.07289,-0.08450,-0.07662,0.00038,4.17258,4.24297
62.5275,0.59467,0.16597,0.59467,0.16597,0.59463,0.16436,0.28515,2.29695,-0.30948,2.13260,-0.30948,2.13260,0.00000,0.00000,0,0.00101,-0.06601,-0.06657,-0.00509,-0.06394,-0.03580,-0.04369,-0.02719,-0.00072,1.76201,1.63248,0.01486,0.04546,-0.00477,3.12410,3.18085,-0.14150,-0.14120,0.00440,1.61038,1.60498,0.05637,0.04047,-0.00294,-1.02761,-0.96430,-0.08368,-0.07663,-0.00889,4.10286,3.90542
62.6317,0.59241,0.17318,0.59241,0.17318,0.59264,0.16906,0.26735,2.29196,-0.32529,2.12290,-0.32529,2.12290,0.00000,0.00000,0,0.00275,-0.06529,-0.06635,0.00236,-0.10494,-0.10144,-0.04439,-0.02744,-0.00666,1.82417,1.93536,0.01411,0.04427,-0.02348,3.10518,3.11617,-0.14159,-0.14120,0.00700,1.65378,1.70560,0.05641,0.04048,-0.00337,-1.03958,-1.08676,-0.08290,-0.07663,-0.00473,4.07195,4.26340
62.7305,0.58888,0.18942,0.58888,0.18942,0.59077,0.18152,0.24960,2.28669,-0.34117,2.10517,-0.34117,2.10517,0.00000,0.00000,0,0.00053,-0.06422,-0.06603,0.00257,-0.15474,-0.09083,-0.04505,-0.02774,-0.00442,1.90015,1.88510,0.01333,0.04127,-0.04354,2.95115,2.87315,-0.14201,-0.14122,0.00007,1.67931,1.47294,0.05614,0.04047,-0.00392,-1.04686,-1.08411,-0.08182,-0.07661,-0.00505,4.00736,4.12027
62.8320,0.59390,0.22566,0.59390,0.22566,0.59213,0.20975,0.23187,2.28078,-0.36026,2.07103,-0.36026,2.07103,0.00000,0.00000,0,0.00031,-0.06241,-0.06546,0.00163,-0.21414,-0.10383,-0.04581,-0.02786,-0.00686,1.94537,1.96262,0.01235,0.03636,-0.04731,2.72743,2.69431,-0.14304,-0.14125,-0.00142,1.73744,1.69976,0.05534,0.04048,-0.00324,-1.05054,-1.06080,-0.08004,-0.07658,0.00795,3.93186,3.90695
62.9355,0.59182,0.25572,0.59182,0.25572,0.59164,0.24076,0.21411,2.27392,-0.37752,2.03316,-0.37752,2.03316,0.00000,0.00000,0,0.00031,-0.06049,-0.06456,0.00547,-0.32085,-0.61215,-0.04646,-0.02811,-0.00742,2.01429,2.02473,0.01143,0.03166,-0.06429,2.53144,2.58026,-0.14426,-0.14129,-0.00669,1.81141,1.65746,0.05434,0.04048,-0.00298,-1.00119,-0.96702,-0.07816,-0.07655,0.00494,3.83301,3.99175
63.0377,0.59221,0.29048,0.59221,0.29048,0.59221,0.27651,0.19636,2.26605,-0.39585,1.98954,-0.39585,1.98954,0.00000,0.00000,0,0.00118,-0.05830,-0.06373,0.00625,-0.42912,-0.34916,-0.04714,-0.02833,-0.00043,2.07527,2.05912,0.01045,0.02715,-0.01353,2.47717,2.63567,-0.14569,-0.14132,-0.00032,1.89504,1.88383,0.05316,0.04049,0.00341,-0.93443,-0.87601,-0.07604,-0.07656,-0.00309,3.68987,3.69893
63.1374,0.58640,0.30304,0.58640,0.30304,0.58754,0.29652,0.17868,2.25735,-0.40886,1.96083,-0.40886,1.96083,0.00000,0.00000,0,0.00043,-0.05683,-0.06280,0.00873,-0.42385,-0.44856,-0.04763,-0.02858,0.00237,2.11278,2.18268,0.00976,0.02632,0.00217,2.50423,2.48869,-0.14662,-0.14135,0.00366,1.96530,1.93705,0.05240,0.04047,-0.00509,-0.93868,-0.94015,-0.07462,-0.07654,0.00091,3.59691,3.69068
63.2383,0.58030,0.30820,0.58030,0.30820,0.58194,0.30464,0.16117,2.24830,-0.42078,1.94366,-0.42078,1.94366,0.00000,0.00000,0,0.00027,-0.05588,-0.06213,0.01115,-0.43783,-0.45416,-0.04812,-0.02874,-0.00518,2.15975,2.19697,0.00916,0.02588,-0.01018,2.53794,2.44274,-0.14709,-0.14135,0.01197,2.01661,2.10259,0.05206,0.04048,0.00040,-0.96032,-0.95175,-0.07367,-0.07654,-0.00990,3.52941,3.56617
63.3399,0.57993,0.31417,0.57993,0.31417,0.58103,0.31139,0.14373,2.23902,-0.43731,1.92763,-0.43731,1.92763,0.00000,0.00000,0,0.00033,-0.05488,-0.06148,0.01382,-0.47346,-0.59316,-0.04882,-0.02902,-0.00491,2.23591,2.12350,0.00836,0.02559,0.00690,2.66009,2.60722,-0.14743,-0.14139,-0.00222,2.01193,1.99157,0.05187,0.04049,0.00432,-0.95324,-0.89420,-0.07263,-0.07652,0.00784,3.45835,3.54828
63.4417,0.57650,0.32405,0.57650,0.32405,0.57780,0.31963,0.12635,2.22954,-0.45145,1.90991,-0.45145,1.90991,0.00000,0.00000,0,0.00034,-0.05385,-0.06004,0.02071,-0.46058,-0.44287,-0.04941,-0.02932,0.00141,2.28855,2.47791,0.00765,0.02529,-0.00378,2.70251,2.73977,-0.14788,-0.14140,0.00242,2.09709,2.20528,0.05157,0.04047,-0.00283,-0.95381,-0.92898,-0.07160,-0.07651,-0.00561,3.39668,3.30265
63.5449,0.56768,0.33474,0.56768,0.33474,0.57229,0.32936,0.10911,2.21979,-0.46318,1.89042,-0.46318,1.89042,0.00000,0.00000,0,0.00026,-0.05280,-0.05665,0.06254,-0.17699,-0.35361,-0.04988,-0.02954,0.00016,2.35649,2.26887,0.00705,0.02504,-0.00667,2.74295,2.87680,-0.14845,-0.14145,-0.01544,2.08828,2.13519,0.05113,0.04046,-0.00345,-0.95458,-0.89325,-0.07056,-0.07650,-0.00519,3.31284,3.31971
63.6454,0.53516,0.36413,0.53516,0.36413,0.54902,0.35091,0.09232,2.20956,-0.45670,1.85865,-0.45670,1.85865,0.00000,0.00000,0,0.00027,-0.05161,-0.05012,0.06590,0.10654,0.03310,-0.04945,-0.02970,0.00003,2.35286,2.47528,0.00723,0.02488,0.00227,2.77799,2.87130,-0.14988,-0.14145,0.00963,2.24779,2.05191,0.04975,0.04048,-0.00157,-0.86057,-0.94156,-0.06953,-0.07648,0.00417,3.26524,3.22489
63.7470,0.51269,0.38604,0.51269,0.38604,0.52384,0.37497,0.07631,2.19860,-0.44753,1.82363,-0.44753,1.82363,0.00000,0.00000,0,0.00105,-0.05033,-0.04428,0.06157,0.42364,0.52218,-0.04889,-0.02980,-0.00398,2.34318,2.37291,0.00752,0.02475,-0.00800,2.74008,2.82984,-0.15150,-0.14155,0.00254,2.33442,2.22224,0.04818,0.04049,0.00529,-0.77253,-0.78436,-0.06845,-0.07647,-0.00052,3.17541,3.15131
63.8479,0.48994,0.40888,0.48994,0.40888,0.49916,0.40057,0.06106,2.18687,-0.43810,1.78630,-0.43810,1.78630,0.00000,0.00000,0,0.00031,-0.04896,-0.04069,0.00651,0.40702,0.41201,-0.04830,-0.02983,-0.00099,2.32857,2.31274,0.00782,0.02463,-0.00289,2.73138,2.67699,-0.15322,-0.14169,0.00772,2.49087,2.41582,0.04652,0.04047,-0.00868,-0.67015,-0.58133,-0.06728,-0.07647,-0.01081,3.03970,3.11749
63.9495,0.48937,0.41409,0.48937,0.41409,0.49098,0.41120,0.04627,2.17464,-0.44471,1.76344,-0.44471,1.76344,0.00000,0.00000,0,0.00028,-0.04788,-0.04027,-0.00642,0.35671,0.36796,-0.04852,-0.02992,0.00276,2.37291,2.34760,0.00744,0.02448,-0.01012,2.77390,2.74570,-0.15403,-0.14186,-0.00978,2.47981,2.52732,0.04582,0.04045,-0.01350,-0.68647,-0.72070,-0.06625,-0.07643,0.00261,3.03186,2.96879
64.0502,0.48961,0.41726,0.48961,0.41726,0.48941,0.41576,0.03158,2.16221,-0.45783,1.74645,-0.45783,1.74645,0.00000,0.00000,0,0.00029,-0.04691,-0.03995,0.00271,0.37938,0.40354,-0.04906,-0.03007,-0.00534,2.42517,2.46499,0.00678,0.02432,-0.00882,2.82604,2.89178,-0.15447,-0.14203,0.00530,2.56542,2.69483,0.04551,0.04048,0.00170,-0.65371,-0.57292,-0.06527,-0.07644,-0.00823,2.88521,3.17552
64.1512,0.48803,0.42145,0.48803,0.42145,0.48728,0.41975,0.01694,2.14966,-0.47034,1.72992,-0.47034,1.72992,0.00000,0.00000,0,0.00043,-0.04596,-0.03975,-0.00094,0.32374,0.33316,-0.04958,-0.03037,0.00497,2.51631,2.60189,0.00616,0.02417,0.00260,2.93727,2.90579,-0.15491,-0.14227,-0.00364,2.57389,2.66934,0.04520,0.04049,0.00266,-0.66605,-0.64219,-0.06432,-0.07640,0.00544,2.83953,2.74918
64.2518,0.48355,0.42578,0.48355,0.42578,0.48476,0.42404,0.00237,2.13699,-0.48239,1.71294,-0.48239,1.71294,0.00000,0.00000,0,0.00027,-0.04501,-0.03954,0.00737,0.29642,0.24065,-0.05007,-0.03065,0.00315,2.54750,2.55208,0.00555,0.02390,0.00014,2.98118,2.99207,-0.15537,-0.14268,-0.02148,2.54987,2.37462,0.04487,0.04048,0.00233,-0.62839,-0.63470,-0.06337,-0.07638,0.00542,2.78087,2.76236
64.3533,0.48060,0.42863,0.48060,0.42863,0.48125,0.42705,-0.01210,2.12422,-0.49335,1.69716,-0.49335,1.69716,0.00000,0.00000,0,0.00029,-0.04414,-0.03944,-0.00514,0.23856,0.31657,-0.05051,-0.03089,0.00526,2.60051,2.50775,0.00500,0.02367,-0.00341,3.03109,3.03985,-0.15581,-0.14308,-0.00763,2.59976,2.57946,0.04455,0.04047,-0.00513,-0.64916,-0.59122,-0.06249,-0.07637,-0.00197,2.72125,2.83219
64.4563,0.47958,0.43309,-0.52042,0.43309,-0.02937,0.43117,-0.07075,2.11133,-0.04138,1.68016,-0.04138,1.68016,1.00000,0.00000,0,0.00170,-0.05251,-0.03922,0.00403,0.90551,0.27456,-0.02951,-0.03125,-0.00426,1.03454,1.60893,0.02542,0.02345,0.02442,1.63359,1.90007,-0.16532,-0.14364,-0.00431,2.65111,2.61304,0.03220,0.04047,-0.00467,0.25282,-0.53356,-0.07362,-0.07634,0.00323,2.62654,2.48541
64.5551,0.40725,0.39905,-0.59275,0.39905,-0.47302,0.41871,-0.06045,2.09849,0.41258,1.67978,0.41258,1.67978,1.00000,0.00000,0,0.00025,-0.06160,-0.04090,-0.00389,1.42557,1.42828,-0.00850,-0.02962,0.00323,-0.26836,-0.20342,0.04597,0.02531,0.00813,0.27285,0.37910,-0.17417,-0.16187,-0.35303,1.79252,2.00171,0.02039,0.04006,-0.00442,1.07848,1.07901,-0.08546,-0.07655,0.00065,4.26377,4.40275
64.6557,0.30058,0.30852,-0.69942,0.30852,-0.64973,0.33618,-0.04268,2.08744,0.60705,1.75126,0.60705,1.75126,1.00000,0.00000,0,0.00027,-0.06849,-0.04192,-0.00508,1.74058,1.81800,0.00023,-0.02849,0.00912,-0.49027,-0.48050,0.05500,0.02600,0.01004,-0.02466,-0.00481,-0.17500,-0.17724,-0.00797,1.78720,1.77213,0.01804,0.03989,0.00399,1.06591,1.08823,-0.09324,-0.07662,-0.00601,4.66772,4.71740
64.7570,0.29851,0.30943,-0.70149,0.30943,-0.69410,0.31671,-0.02220,2.07772,0.67190,1.76101,0.67190,1.76101,1.00000,0.00000,0,0.00031,-0.07019,-0.04259,0.00448,1.81023,1.79157,0.00320,-0.02756,0.00125,-0.62834,-0.55930,0.05797,0.02673,0.00442,-0.14977,-0.06182,-0.17586,-0.17737,0.00063,1.82429,1.83797,0.01672,0.03982,0.00181,1.13645,1.24467,-0.09531,-0.07663,-0.00467,4.76931,4.77894
64.8586,0.30188,0.31273,-0.69812,0.31273,-0.69881,0.31350,-0.00127,2.06827,0.69754,1.75477,0.69754,1.75477,1.00000,0.00000,0,0.00028,-0.07045,-0.04279,0.00635,1.86458,1.90784,0.00440,-0.02723,0.01083,-0.67788,-0.78122,0.05911,0.02698,0.00054,-0.22219,-0.10614,-0.17661,-0.17745,0.00009,1.84179,1.87062,0.01582,0.03973,-0.00345,1.20943,1.30418,-0.09574,-0.07664,-0.00921,4.78337,4.75479
64.9609,0.30260,0.31288,-0.69740,0.31288,-0.69707,0.31255,0.01965,2.05890,0.71672,1.74635,0.71672,1.74635,1.00000,0.00000,0,0.00031,-0.07048,-0.04302,0.00600,1.90882,1.92739,0.00532,-0.02694,0.00590,-0.78120,-0.80457,0.05995,0.02720,0.00162,-0.30689,-0.19758,-0.17733,-0.17753,-0.00436,1.87874,1.87093,0.01500,0.03961,-0.00514,1.33089,1.30578,-0.09593,-0.07663,0.00380,4.86083,4.80264
65.0631,0.30520,0.31376,-0.69480,0.31376,-0.69569,0.31413,0.04054,2.04949,0.73622,1.73536,0.73622,1.73536,1.00000,0.00000,0,0.00031,-0.07041,-0.04322,-0.00008,1.91478,1.99232,0.00626,-0.02633,0.00274,-0.89171,-0.92333,0.06079,0.02752,-0.00262,-0.42471,-0.33016,-0.17816,-0.17762,-0.00506,1.91261,1.88725,0.01407,0.03947,0.00037,1.43278,1.28084,-0.09603,-0.07666,-0.00286,4.86166,4.76813
65.1649,0.30391,0.31267,-0.69609,0.31267,-0.69624,0.31299,0.06141,2.04008,0.75766,1.72709,0.75766,1.72709,1.00000,0.00000,0,0.00073,-0.07049,-0.04346,-0.00403,1.94735,2.02444,0.00728,-0.02559,0.00647,-0.92010,-0.88568,0.06173,0.02800,0.00751,-0.48929,-0.55441,-0.17892,-0.17771,-0.00692,1.96472,1.86923,0.01320,0.03927,-0.00633,1.49250,1.69595,-0.09628,-0.07667,-0.00461,4.93387,4.90480
65.2649,0.30676,0.31193,-0.69324,0.31193,-0.69491,0.31215,0.08229,2.03071,0.77720,1.71856,0.77720,1.71856,1.00000,0.00000,0,0.00028,-0.07053,-0.04401,-0.00323,1.97704,1.94761,0.00822,-0.02484,0.00406,-1.02241,-1.01405,0.06259,0.02848,-0.00482,-0.57250,-0.53251,-0.17965,-0.17779,-0.00513,2.00101,2.05294,0.01236,0.03917,0.00437,1.58427,1.49486,-0.09647,-0.07663,0.01537,5.00382,5.12153
65.3657,0.30903,0.31330,-0.69097,0.31330,-0.69180,0.31279,0.10306,2.02133,0.79486,1.70854,0.79486,1.70854,1.00000,0.00000,0,0.00026,-0.07046,-0.04430,-0.00282,1.97513,1.76022,0.00907,-0.02362,0.01684,-1.00086,-1.09571,0.06336,0.02890,-0.00061,-0.67063,-0.54709,-0.18041,-0.17786,0.00260,2.06226,2.11314,0.01152,0.03900,0.00113,1.66809,1.58868,-0.09656,-0.07667,0.00381,5.01341,5.07065
65.4672,0.30931,0.30304,-0.69069,0.30304,-0.69056,0.30722,0.12378,2.01202,0.81434,1.70480,0.81434,1.70480,1.00000,0.00000,0,0.00033,-0.07069,-0.04467,-0.00792,2.02904,1.91454,0.00999,-0.02230,0.01800,-1.04902,-1.06362,0.06423,0.02971,0.00801,-0.70816,-0.62637,-0.18094,-0.17796,0.00817,2.09655,2.03364,0.01087,0.03880,0.00086,1.74094,1.86010,-0.09693,-0.07667,0.00443,5.07201,5.03773
65.5690,0.30931,0.29292,-0.69069,0.29292,-0.69026,0.29746,0.14449,2.00297,0.83475,1.70551,0.83475,1.70551,1.00000,0.00000,0,0.00126,-0.07113,-0.04525,-0.00840,2.06113,1.96443,0.01093,-0.02126,0.00729,-1.09530,-1.19131,0.06515,0.03101,0.02280,-0.69398,-0.52676,-0.18131,-0.17807,-0.00164,2.12127,2.19836,0.01037,0.03866,-0.00191,1.82474,1.69130,-0.09749,-0.07668,0.00342,5.15294,5.01372
65.6697,0.30578,0.23506,-0.69422,0.23506,-0.69214,0.26286,0.16523,1.99453,0.85736,1.73168,0.85736,1.73168,1.00000,0.00000,0,0.00037,-0.07268,-0.04614,-0.00232,2.13040,2.04407,0.01188,-0.01978,0.02769,-1.08802,-1.20875,0.06626,0.03879,0.07062,-0.20257,-0.35735,-0.18066,-0.17812,0.00094,2.06071,1.98660,0.01077,0.03849,-0.00395,1.83280,1.86399,-0.09907,-0.07672,-0.00654,5.27291,5.05498
65.7723,0.30340,0.15282,-0.69660,0.15282,-0.69640,0.19984,0.18611,1.98767,0.88251,1.78783,0.88251,1.78783,1.00000,0.00000,0,0.00027,-0.07553,-0.04869,-0.02867,2.15098,2.00017,0.01284,-0.01680,0.06219,-0.93883,-1.03585,0.06757,0.04994,0.10893,0.47371,0.33622,-0.17883,-0.17812,-0.00822,1.98827,2.01390,0.01225,0.03848,0.01391,1.84819,1.81334,-0.10184,-0.07673,0.00550,5.48692,5.67240
65.8748,0.29797,0.00301,-0.70203,0.00301,-0.70732,0.08328,0.20724,1.98354,0.91455,1.90026,0.91455,1.90026,1.00000,0.00000,0,0.00142,-0.08087,-0.05174,-0.01846,2.29693,2.34763,0.01392,-0.00157,0.00366,-0.27074,-0.02947,0.06936,0.05525,0.00545,0.35713,0.45790,-0.17482,-0.17806,-0.00184,1.77786,1.80030,0.01569,0.03845,-0.00358,1.71520,1.78531,-0.10691,-0.07678,-0.00023,5.78809,5.80407
65.9749,0.29093,-0.00487,-0.70907,-0.00487,-0.70186,0.00803,0.22824,1.98285,0.93010,1.97482,0.93010,1.97482,1.00000,0.00000,32,0.00028,-0.08430,-0.05616,-0.04062,2.36561,2.35335,0.01438,-0.00049,-0.00575,-0.27279,-0.32975,0.07030,0.05578,0.00996,0.33221,0.38825,-0.17204,-0.17795,-0.00383,1.46492,1.55053,0.01812,0.03846,0.00361,1.45203,1.42839,-0.11012,-0.07684,-0.00854,5.92464,5.84933
66.0757,0.31146,-0.02650,-0.68854,-0.02650,-0.69002,-0.02114,0.24908,1.98298,0.93910,2.00412,0.93910,2.00412,1.00000,0.00000,0,0.00026,-0.08571,-0.05985,-0.02670,2.28208,2.21856,0.01469,-0.00029,-0.00363,-0.28485,-0.39808,0.07079,0.05618,-0.00264,0.27478,0.27499,-0.17101,-0.17793,0.00511,1.44979,1.48268,0.01900,0.03846,0.00363,1.48507,1.40535,-0.11146,-0.07682,0.00187,5.96006,5.95602
66.1768,0.31684,-0.04752,-0.68316,-0.04752,-0.68632,-0.03866,0.26976,1.98391,0.95608,2.02257,0.95608,2.02257,1.00000,0.00000,0,0.00030,-0.08682,-0.06237,-0.01975,2.25104,2.19145,0.01541,0.00004,0.01115,-0.32995,-0.16895,0.07162,0.05657,0.00440,0.20640,0.22215,-0.17058,-0.17790,0.01108,1.45716,1.52904,0.01926,0.03845,0.00331,1.54322,1.53987,-0.11260,-0.07685,-0.01078,5.93499,5.73354
66.2779,0.31794,-0.04963,-0.68206,-0.04963,-0.68503,-0.04769,0.29034,1.98525,0.97538,2.03294,0.97538,2.03294,1.00000,0.00000,0,0.00087,-0.08764,-0.06327,-0.00876,2.31091,2.24729,0.01627,0.00032,0.00542,-0.39290,-0.36482,0.07252,0.05685,0.00411,0.12628,0.14227,-0.17052,-0.17791,-0.00240,1.41363,1.51768,0.01915,0.03845,-0.00255,1.55209,1.71370,-0.11349,-0.07686,-0.00913,5.92340,5.77206
66.3798,0.32294,-0.05542,-0.67706,-0.05542,-0.68097,-0.05283,0.31084,1.98678,0.99180,2.03960,0.99180,2.03960,1.00000,0.00000,0,0.00041,-0.08825,-0.06390,-0.00894,2.36208,2.31625,0.01700,0.00069,0.01318,-0.41606,-0.40925,0.07328,0.05710,0.00416,0.07432,0.02874,-0.17057,-0.17791,0.00110,1.42449,1.44782,0.01897,0.03847,0.00630,1.64229,1.54034,-0.11417,-0.07684,-0.00115,5.96005,6.20839
66.4815,0.32538,-0.05901,-0.67462,-0.05901,-0.67612,-0.05742,0.33117,1.98844,1.00728,2.04585,1.00728,2.04585,1.00000,0.00000,0,0.00034,-0.08882,-0.06435,-0.00719,2.37186,2.41705,0.01770,0.00115,0.00663,-0.48643,-0.46546,0.07400,0.05736,0.00048,0.01857,0.02008,-0.17061,-0.17788,0.00352,1.43265,1.27493,0.01880,0.03845,-0.00586,1.66828,1.67362,-0.11482,-0.07685,-0.00328,5.96247,5.93063
66.5837,0.32487,-0.07288,-0.67513,-0.07288,-0.67538,-0.06654,0.35144,1.99031,1.02681,2.05685,1.02681,2.05685,1.00000,0.00000,0,0.00035,-0.08967,-0.06484,-0.00557,2.49936,2.40300,0.01856,0.00186,0.00899,-0.50201,-0.42912,0.07491,0.05767,0.00102,-0.04782,-0.09258,-0.17053,-0.17787,0.00286,1.38829,1.35393,0.01871,0.03845,-0.00101,1.69953,1.69877,-0.11574,-0.07683,0.00661,5.95127,5.97591
66.6849,0.32365,-0.08212,-0.67635,-0.08212,-0.67531,-0.07774,0.37169,1.99252,1.04700,2.07026,1.04700,2.07026,1.00000,0.00000,0,0.00032,-0.09064,-0.06537,0.00370,2.52966,2.69821,0.01945,0.00249,0.00744,-0.58409,-0.49379,0.07586,0.05805,0.00361,-0.09902,-0.03462,-0.17037,-0.17789,-0.00159,1.36726,1.40724,0.01869,0.03845,0.00023,1.73375,1.77284,-0.11677,-0.07685,0.00043,5.95053,5.96023
66.7852,0.32650,-0.08848,-0.67350,-0.08848,-0.67434,-0.08528,0.39192,1.99499,1.06627,2.08028,1.06627,2.08028,1.00000,0.00000,0,0.00029,-0.09144,-0.06589,-0.00382,2.57983,2.56012,0.02031,0.00290,0.00620,-0.61631,-0.47987,0.07676,0.05852,0.00540,-0.16142,-0.13679,-0.17033,-0.17788,-0.00269,1.35837,1.17201,0.01857,0.03846,0.00566,1.80133,1.73547,-0.11766,-0.07685,0.00215,5.97269,6.12481
66.8859,0.32642,-0.09579,-0.67358,-0.09579,-0.67335,-0.09244,0.41213,1.99768,1.08549,2.09012,1.08549,2.09012,1.00000,0.00000,0,0.00032,-0.09224,-0.06640,-0.00166,2.67135,2.66066,0.02116,0.00331,0.00203,-0.69561,-0.67266,0.07766,0.05888,0.00105,-0.24564,-0.22208,-0.17029,-0.17788,-0.00166,1.31322,1.32138,0.01844,0.03842,-0.00471,1.82054,1.73554,-0.11853,-0.07685,0.00212,5.93036,6.15937
66.9876,0.32780,-0.10299,-0.67220,-0.10299,-0.67376,-0.09932,0.43236,2.00057,1.10611,2.09990,1.10611,2.09990,1.00000,0.00000,0,0.00031,-0.09306,-0.06694,0.00426,2.75529,2.70610,0.02208,0.00364,-0.00886,-0.78924,-0.74825,0.07861,0.05931,0.00556,-0.29842,-0.36621,-0.17029,-0.17783,0.00897,1.35771,1.37429,0.01828,0.03839,0.00438,1.88024,1.95532,-0.11944,-0.07686,0.00266,5.95311,6.03875
67.0912,0.32987,-0.10846,-0.67013,-0.10846,-0.67066,-0.10593,0.45252,2.00368,1.12318,2.10961,1.12318,2.10961,1.00000,0.00000,0,0.00035,-0.09381,-0.06746,-0.00058,2.81603,2.78679,0.02284,0.00395,-0.00081,-0.84732,-0.70595,0.07941,0.05966,0.00526,-0.36960,-0.36919,-0.17022,-0.17786,-0.00765,1.27223,1.30898,0.01820,0.03833,-0.00177,1.89745,1.87291,-0.12025,-0.07686,0.00850,5.93917,5.73914
67.1931,0.33465,-0.11154,-0.66535,-0.11154,-0.66764,-0.10975,0.47260,2.00693,1.14024,2.11668,1.14024,2.11668,1.00000,0.00000,0,0.00034,-0.09445,-0.06805,-0.00825,2.83717,2.66012,0.02360,0.00442,0.00663,-0.85844,-0.91087,0.08020,0.05997,0.01264,-0.42275,-0.46563,-0.17026,-0.17784,-0.00155,1.29112,1.28556,0.01802,0.03829,0.00181,1.97210,1.84587,-0.12097,-0.07688,0.00218,5.92897,6.01591
67.2935,0.33581,-0.11763,-0.66419,-0.11763,-0.66532,-0.11511,0.49257,2.01031,1.15789,2.12542,1.15789,2.12542,1.00000,0.00000,0,0.00028,-0.09517,-0.06863,0.00104,2.89444,2.87248,0.02439,0.00511,0.00932,-0.90502,-0.92118,0.08102,0.06022,0.00770,-0.49104,-0.64613,-0.17024,-0.17784,-0.00557,1.26185,1.27061,0.01789,0.03822,0.01252,2.00703,1.96612,-0.12176,-0.07687,0.00435,5.96754,5.89127
67.3954,0.33347,-0.12808,-0.66653,-0.12808,-0.66583,-0.12383,0.51254,2.01392,1.17837,2.13775,1.17837,2.13775,1.00000,0.00000,0,0.00026,-0.09609,-0.06929,-0.00909,2.96690,2.96050,0.02530,0.00578,0.00239,-0.99493,-0.79652,0.08198,0.06052,0.00403,-0.58537,-0.64823,-0.17013,-0.17782,0.00222,1.24693,1.15775,0.01783,0.03810,0.00184,2.00824,1.95077,-0.12276,-0.07688,-0.00706,5.91078,5.88266
67.4959,0.33673,-0.13921,0.33673,-0.13921,0.09517,-0.13404,0.56696,2.01781,0.47179,2.15185,0.47179,2.15185,0.00000,0.00000,0,0.00037,-0.08253,-0.06945,0.00298,2.00264,2.09656,-0.00750,0.00487,-0.13961,1.30548,0.85037,0.05019,0.05929,-0.05023,1.51024,1.32295,-0.15587,-0.17731,0.01860,0.26759,0.47823,0.03680,0.03807,0.00820,0.66531,0.77122,-0.10478,-0.07673,0.00049,4.59646,4.59635
67.5963,0.34100,-0.13850,0.34100,-0.13850,0.29917,-0.13843,0.55962,2.02194,0.26045,2.16037,0.26045,2.16037,0.00000,0.00000,0,0.00025,-0.07864,-0.06926,0.00041,1.86532,1.95055,-0.01734,0.00217,0.00088,1.66628,1.70222,0.04068,0.05766,0.00109,2.01592,1.92201,-0.15143,-0.17666,-0.00289,-0.01807,-0.08768,0.04263,0.03811,0.01511,0.40898,0.48345,-0.09958,-0.07669,0.00710,4.43709,4.34242
67.6988,0.34343,-0.13791,0.34343,-0.13791,0.33522,-0.13790,0.54986,2.02608,0.21464,2.16398,0.21464,2.16398,0.00000,0.00000,0,0.00026,-0.07787,-0.06927,-0.00021,1.94800,2.03785,-0.01948,0.00216,0.00362,1.65596,1.61965,0.03863,0.05753,0.00475,1.96440,2.10134,-0.15039,-0.17657,-0.00347,-0.02231,0.01246,0.04396,0.03809,-0.00120,0.41288,0.40619,-0.09852,-0.07670,0.00596,4.52486,4.44895
67.8023,0.34799,-0.13902,0.34799,-0.13902,0.34472,-0.13859,0.53962,2.03023,0.19489,2.16882,0.19489,2.16882,0.00000,0.00000,0,0.00101,-0.07767,-0.06927,0.00110,1.95816,2.07455,-0.02041,0.00211,0.00631,1.68705,1.90152,0.03775,0.05746,0.00752,2.01391,1.99627,-0.14981,-0.17649,0.01570,-0.01898,-0.03936,0.04466,0.03807,-0.00541,0.38493,0.39071,-0.09818,-0.07672,-0.00209,4.56006,4.63950
67.9052,0.34751,-0.13601,0.34751,-0.13601,0.34762,-0.13669,0.52921,2.03435,0.18159,2.17104,0.18159,2.17104,0.00000,0.00000,0,0.00232,-0.07750,-0.06927,0.00339,1.94904,2.00138,-0.02104,0.00194,0.00170,1.75777,1.81133,0.03716,0.05730,-0.00795,2.04813,2.00749,-0.14946,-0.17642,0.00596,-0.13142,-0.04172,0.04509,0.03808,-0.00552,0.32202,0.46924,-0.09792,-0.07674,-0.00549,4.53455,4.66763
68.0051,0.34648,-0.13979,0.34648,-0.13979,0.34744,-0.13866,0.51877,2.03848,0.17133,2.17714,0.17133,2.17714,0.00000,0.00000,0,0.00028,-0.07755,-0.06929,-0.00561,1.96869,2.01059,-0.02154,0.00174,-0.00082,1.83251,1.73738,0.03672,0.05722,0.00497,2.13275,2.29664,-0.14901,-0.17633,-0.00941,-0.20249,-0.15277,0.04558,0.03809,0.00287,0.28501,0.35839,-0.09788,-0.07671,0.00710,4.62220,4.57048
68.1059,0.34835,-0.13803,0.34835,-0.13803,0.34848,-0.13875,0.50833,2.04265,0.15986,2.18140,0.15986,2.18140,0.00000,0.00000,0,0.00028,-0.07749,-0.06929,-0.00082,1.99034,2.04078,-0.02209,0.00157,0.00093,1.88044,1.88358,0.03621,0.05710,0.00139,2.18274,2.12734,-0.14861,-0.17620,-0.00400,-0.27915,-0.29752,0.04604,0.03810,0.00154,0.26746,0.34683,-0.09774,-0.07674,-0.00145,4.61739,4.70491
68.2071,0.34919,-0.13651,0.34919,-0.13651,0.34854,-0.13733,0.49788,2.04679,0.14934,2.18413,0.14934,2.18413,0.00000,0.00000,0,0.00032,-0.07740,-0.06929,-0.00008,1.97481,1.83395,-0.02258,0.00131,-0.00564,1.93467,1.90604,0.03575,0.05698,0.01021,2.26289,2.09639,-0.14829,-0.17606,0.00327,-0.34160,-0.26536,0.04642,0.03810,-0.00007,0.19966,0.26888,-0.09757,-0.07672,0.00512,4.67499,4.67725
68.3081,0.34430,-0.13507,0.34430,-0.13507,0.34607,-0.13610,0.48746,2.05090,0.14138,2.18700,0.14138,2.18700,0.00000,0.00000,0,0.00026,-0.07736,-0.06927,0.00612,2.01424,2.04531,-0.02296,0.00107,0.00479,1.98624,2.11318,0.03540,0.05681,-0.00204,2.28553,2.27743,-0.14802,-0.17590,-0.00605,-0.38396,-0.52110,0.04674,0.03810,-0.00009,0.16952,0.19046,-0.09747,-0.07673,0.00149,4.69035,4.69970
68.4093,0.34266,-0.13243,0.34266,-0.13243,0.34374,-0.13374,0.47711,2.05494,0.13337,2.18868,0.13337,2.18868,0.00000,0.00000,0,0.00026,-0.07727,-0.06928,0.00123,1.99943,2.09577,-0.02334,0.00082,-0.00154,2.04859,1.87835,0.03504,0.05666,-0.00320,2.31885,2.24135,-0.14780,-0.17573,0.00596,-0.43531,-0.46766,0.04701,0.03812,0.00489,0.19610,0.10371,-0.09732,-0.07673,0.00312,4.72168,4.60191
68.5110,0.34242,-0.13090,0.34242,-0.13090,0.34314,-0.13135,0.46681,2.05890,0.12367,2.19026,0.12367,2.19026,0.00000,0.00000,0,0.00035,-0.07714,-0.06929,0.00716,2.02330,1.99077,-0.02380,0.00060,-0.00588,2.06716,2.03251,0.03461,0.05649,-0.00631,2.36594,2.38491,-0.14754,-0.17559,-0.00461,-0.51047,-0.40049,0.04732,0.03810,-0.01028,0.09467,0.12930,-0.09713,-0.07674,0.00031,4.73594,4.68207
68.6140,0.34078,-0.13215,0.34078,-0.13215,0.34183,-0.13151,0.45654,2.06284,0.11471,2.19435,0.11471,2.19435,0.00000,0.00000,0,0.00112,-0.07713,-0.06930,-0.00103,2.03455,1.90739,-0.02423,0.00031,0.00570,2.16744,2.21937,0.03422,0.05632,-0.00345,2.41263,2.45622,-0.14720,-0.17543,0.00664,-0.55232,-0.62081,0.04771,0.03812,-0.00740,0.07288,0.01866,-0.09705,-0.07673,0.01137,4.80746,4.93325
68.7144,0.34331,-0.12833,0.34331,-0.12833,0.34265,-0.12967,0.44628,2.06676,0.10363,2.19643,0.10363,2.19643,0.00000,0.00000,0,0.00028,-0.07699,-0.06931,-0.00456,2.02858,1.89229,-0.02475,0.00000,0.00199,2.22137,2.05284,0.03373,0.05617,0.00436,2.50966,2.30768,-0.14690,-0.17526,0.00126,-0.64097,-0.63585,0.04808,0.03816,0.00237,0.05635,0.00708,-0.09684,-0.07675,-0.00213,4.80914,4.88421
68.8159,0.34208,-0.12888,0.34208,-0.12888,0.34209,-0.12919,0.43601,2.07064,0.09392,2.19984,0.09392,2.19984,0.00000,0.00000,0,0.00024,-0.07694,-0.06930,0.00293,2.06210,2.25875,-0.02522,-0.00031,-0.01464,2.25290,2.21363,0.03330,0.05592,-0.01636,2.52674,2.46988,-0.14657,-0.17508,0.00322,-0.66046,-0.75911,0.04846,0.03818,0.00237,0.03204,-0.01537,-0.09672,-0.07676,0.00345,4.85041,4.71423
68.9175,0.34273,-0.13037,0.34273,-0.13037,0.34218,-0.12965,0.42574,2.07452,0.08357,2.20416,0.08357,2.20416,0.00000,0.00000,0,0.00024,-0.07691,-0.06930,0.01082,2.10219,2.19604,-0.02571,-0.00058,-0.00193,2.29959,2.24659,0.03285,0.05571,-0.00770,2.59779,2.52188,-0.14619,-0.17488,0.00793,-0.73506,-0.61720,0.04889,0.03818,-0.00633,-0.04188,-0.04952,-0.09661,-0.07677,-0.00679,4.84084,4.71950
69.0207,0.34078,-0.13010,0.34078,-0.13010,0.34165,-0.13031,0.41548,2.07843,0.07382,2.20874,0.07382,2.20874,0.00000,0.00000,0,0.00111,-0.07691,-0.06935,-0.00380,2.07668,1.96790,-0.02618,-0.00080,0.00257,2.38755,2.35032,0.03242,0.05552,0.00173,2.67884,2.68713,-0.14582,-0.17471,0.00596,-0.82205,-0.81211,0.04932,0.03822,-0.00472,-0.09673,-0.14927,-0.09653,-0.07674,0.00768,4.93800,5.03174
69.1240,0.34080,-0.12704,0.34080,-0.12704,0.34070,-0.12789,0.40524,2.08229,0.06455,2.21018,0.06455,2.21018,0.00000,0.00000,0,0.00029,-0.07678,-0.06934,-0.00675,2.04668,2.04866,-0.02662,-0.00104,-0.01205,2.39976,2.46140,0.03201,0.05522,-0.00577,2.70707,2.77730,-0.14558,-0.17456,0.01275,-0.83617,-0.85199,0.04962,0.03825,0.00208,-0.11929,-0.07062,-0.09634,-0.07676,-0.00282,4.91856,4.97135
69.2258,0.33884,-0.12592,0.33884,-0.12592,0.33925,-0.12682,0.39505,2.08611,0.05580,2.21293,0.05580,2.21293,0.00000,0.00000,0,0.00025,-0.07672,-0.06935,-0.00763,2.07954,2.12952,-0.02704,-0.00127,-0.00114,2.50524,2.54982,0.03162,0.05494,-0.00523,2.74312,2.85897,-0.14530,-0.17440,0.01590,-0.90104,-0.81848,0.04995,0.03829,0.00420,-0.13422,-0.18259,-0.09621,-0.07676,-0.00288,4.94668,5.00515
69.3275,0.34058,-0.11976,0.34058,-0.11976,0.33982,-0.12247,0.38487,2.08984,0.04504,2.21231,0.04504,2.21231,0.00000,0.00000,0,0.00024,-0.07648,-0.06934,-0.00391,2.06259,2.08808,-0.02753,-0.00151,0.00839,2.56510,2.56327,0.03114,0.05467,-0.00172,2.82669,2.91362,-0.14511,-0.17424,-0.00421,-1.00308,-0.91978,0.05020,0.03829,-0.00899,-0.21404,-0.30864,-0.09591,-0.07678,-0.00633,4.94542,5.03615
69.4314,0.34202,-0.11388,0.34202,-0.11388,0.34081,-0.11659,0.37466,2.09341,0.03384,2.21000,0.03384,2.21000,0.00000,0.00000,0,0.00143,-0.07616,-0.06932,0.00293,2.09015,1.96619,-0.02804,-0.00181,-0.00874,2.61283,2.64992,0.03062,0.05433,-0.00739,2.87584,2.82617,-0.14499,-0.17411,-0.00151,-1.07250,-1.08327,0.05041,0.03832,-0.00352,-0.24369,-0.34860,-0.09553,-0.07676,0.00182,4.95425,4.83289
69.5324,0.34151,-0.11046,0.34151,-0.11046,0.34203,-0.11191,0.36439,2.09681,0.02236,2.20872,0.02236,2.20872,0.00000,0.00000,0,0.00033,-0.07587,-0.06935,-0.00518,2.07175,2.00774,-0.02857,-0.00202,0.00420,2.70437,2.82680,0.03010,0.05397,-0.01050,2.89503,2.90079,-0.14482,-0.17396,0.00518,-1.09347,-1.10745,0.05066,0.03836,0.00132,-0.27374,-0.08428,-0.09518,-0.07676,0.00136,4.99953,4.88973
69.6333,0.33916,-0.10929,0.33916,-0.10929,0.34048,-0.10952,0.35416,2.10012,0.01368,2.20964,0.01368,2.20964,0.00000,0.00000,0,0.00032,-0.07574,-0.06935,-0.00184,2.05463,2.15713,-0.02898,-0.00223,0.00406,2.77813,2.65980,0.02971,0.05354,-0.01042,2.96940,2.87241,-0.14461,-0.17380,-0.00061,-1.17481,-1.16060,0.05092,0.03841,0.00597,-0.30025,-0.27230,-0.09499,-0.07675,0.01020,5.05666,5.03317
69.7341,0.33761,-0.10880,0.33761,-0.10880,0.33816,-0.10912,0.34400,2.10339,0.00584,2.21251,0.00584,2.21251,0.00000,0.00000,0,0.00034,-0.07570,-0.06934,-0.00114,2.07246,2.09374,-0.02935,-0.00254,-0.00044,2.81319,2.87664,0.02937,0.05318,-0.00357,2.99613,3.00036,-0.14434,-0.17358,0.00107,-1.21227,-1.20945,0.05123,0.03845,0.00131,-0.33439,-0.37901,-0.09490,-0.07676,0.00816,5.04472,5.15187
69.8357,0.33271,-0.10650,0.33271,-0.10650,0.33528,-0.10712,0.33389,2.10663,-0.00139,2.21375,-0.00139,2.21375,0.00000,0.00000,0,0.00041,-0.07560,-0.06935,-0.00976,2.07506,2.10952,-0.02969,-0.00283,-0.00258,2.87935,2.93855,0.02905,0.05272,0.00205,3.06788,3.01220,-0.14415,-0.17339,0.00446,-1.25000,-1.12046,0.05146,0.03851,0.00255,-0.36855,-0.28088,-0.09475,-0.07677,0.00112,5.07152,5.00615
69.9386,0.33365,-0.10278,0.33365,-0.10278,0.33332,-0.10406,0.32388,2.10978,-0.00943,2.21384,-0.00943,2.21384,0.00000,0.00000,0,0.00036,-0.07545,-0.06933,0.00956,2.12223,2.01520,-0.03007,-0.00308,-0.00351,2.88935,2.88027,0.02868,0.05223,-0.00001,3.08995,3.13639,-0.14399,-0.17318,0.00141,-1.29968,-1.39106,0.05168,0.03854,0.00056,-0.42490,-0.43137,-0.09455,-0.07674,0.01365,5.11431,5.22861
70.0394,0.33413,-0.09515,0.33413,-0.09515,0.33394,-0.09766,0.31387,2.11279,-0.02007,2.21044,-0.02007,2.21044,0.00000,0.00000,0,0.00035,-0.07509,-0.06935,-0.00391,2.08739,2.12151,-0.03055,-0.00340,-0.00157,2.97926,2.96579,0.02819,0.05153,-0.00493,3.09210,3.19384,-0.14392,-0.17298,0.00905,-1.34121,-1.35883,0.05182,0.03859,0.00075,-0.42801,-0.44879,-0.09414,-0.07678,0.00447,5.10255,5.08932
70.1408,0.33484,-0.08984,0.33484,-0.08984,0.33395,-0.09233,0.30386,2.11561,-0.03009,2.20795,-0.03009,2.20795,0.00000,0.00000,0,0.00029,-0.07478,-0.06934,-0.00308,2.08982,2.07001,-0.03101,-0.00386,0.00231,3.02056,2.82267,0.02773,0.05081,-0.00423,3.12261,3.04830,-0.14383,-0.17284,-0.00252,-1.41572,-1.36459,0.05199,0.03863,-0.00452,-0.48237,-0.48348,-0.09379,-0.07677,0.00611,5.12686,5.15789
70.2425,0.33660,-0.08227,0.33660,-0.08227,0.33594,-0.08595,0.29380,2.11828,-0.04214,2.20423,-0.04214,2.20423,0.00000,0.00000,0,0.00041,-0.07439,-0.06934,0.00411,2.06439,1.93534,-0.03155,-0.00440,-0.00646,3.05252,3.19547,0.02718,0.05003,-0.01770,3.12577,3.37717,-0.14375,-0.17264,-0.00343,-1.46126,-1.53881,0.05216,0.03871,0.00242,-0.49049,-0.47745,-0.09333,-0.07680,-0.00426,5.07674,4.94557
70.3428,0.33688,-0.07169,0.33688,-0.07169,0.33664,-0.07639,0.28371,2.12069,-0.05292,2.19708,-0.05292,2.19708,0.00000,0.00000,0,0.00029,-0.07387,-0.06932,-0.00038,2.03930,2.08399,-0.03202,-0.00498,-0.00241,3.12013,3.06555,0.02666,0.04911,-0.00617,3.17422,3.24949,-0.14383,-0.17241,0.01175,-1.48212,-1.45266,0.05217,0.03876,0.00330,-0.51363,-0.47411,-0.09278,-0.07678,-0.00106,5.09441,5.08440
70.4434,0.33823,-0.06061,0.33823,-0.06061,0.33736,-0.06625,0.27360,2.12280,-0.06375,2.18905,-0.06375,2.18905,0.00000,0.00000,0,0.00027,-0.07332,-0.06931,0.00032,2.00935,1.97674,-0.03250,-0.00584,-0.01427,3.08090,2.96019,0.02615,0.04834,-0.01100,3.19866,3.06780,-0.14395,-0.17231,-0.00418,-1.54731,-1.54195,0.05214,0.03878,-0.00407,-0.54646,-0.56672,-0.09220,-0.07679,-0.00082,5.07842,5.16545
70.5447,0.33610,-0.05188,-0.66390,-0.05188,-0.49465,-0.05566,0.23219,2.12458,0.72685,2.18024,0.72685,2.18024,1.00000,0.00000,0,0.00027,-0.08883,-0.07124,-0.01327,3.13858,2.98356,0.00422,-0.00443,0.00839,0.32170,0.60861,0.06178,0.05061,0.03739,0.60776,0.66187,-0.15965,-0.17289,-0.00713,-0.36052,-0.37567,0.03124,0.03878,-0.00015,1.13580,1.20553,-0.11252,-0.07690,0.00594,5.94403,6.06480
70.6458,0.34775,-0.06680,-0.65225,-0.06680,-0.62819,-0.06176,0.25003,2.12632,0.87821,2.18808,0.87821,2.18808,1.00000,0.00000,0,0.00030,-0.09219,-0.07289,-0.02078,3.03456,3.12163,0.01121,-0.00381,0.00032,0.43342,0.36320,0.06862,0.05228,0.00870,0.69669,0.78291,-0.16225,-0.17302,0.00399,-0.46054,-0.43758,0.02758,0.03876,-0.00051,1.06436,1.04437,-0.11678,-0.07690,0.00568,5.95501,6.01196
70.7469,0.35586,-0.07255,-0.64414,-0.07255,-0.64374,-0.06924,0.26925,2.12831,0.91298,2.19755,0.91298,2.19755,1.00000,0.00000,0,0.00036,-0.09329,-0.07459,-0.01216,3.00699,3.16569,0.01279,-0.00381,-0.00088,0.40429,0.46687,0.07021,0.05241,0.00497,0.69977,0.72009,-0.16253,-0.17302,-0.00373,-0.51533,-0.54209,0.02704,0.03876,-0.00255,1.03644,1.16799,-0.11804,-0.07692,-0.00515,5.94985,5.98356
70.8490,0.36594,-0.07670,-0.63406,-0.07670,-0.63709,-0.07382,0.28844,2.13046,0.92554,2.20429,0.92554,2.20429,1.00000,0.00000,0,0.00028,-0.09382,-0.07656,-0.01107,2.90264,2.78737,0.01335,-0.00381,-0.00269,0.38909,0.43324,0.07080,0.05253,-0.00023,0.64828,0.73686,-0.16250,-0.17300,0.00126,-0.51728,-0.46308,0.02696,0.03878,0.00592,1.08430,1.12050,-0.11863,-0.07692,-0.00286,5.92170,5.84470
70.9504,0.37709,-0.08930,-0.62291,-0.08930,-0.62753,-0.08348,0.30738,2.13283,0.93491,2.21631,0.93491,2.21631,1.00000,0.00000,0,0.00028,-0.09451,-0.07905,-0.02373,2.79338,2.81391,0.01374,-0.00380,0.00429,0.33205,0.26261,0.07126,0.05266,-0.00622,0.58306,0.66188,-0.16218,-0.17299,0.00187,-0.58604,-0.55623,0.02718,0.03879,0.01014,1.07767,1.03776,-0.11932,-0.07694,-0.01279,5.93203,6.00449
71.0521,0.38797,-0.09969,-0.61203,-0.09969,-0.61621,-0.09432,0.32601,2.13553,0.94221,2.22985,0.94221,2.22985,1.00000,0.00000,0,0.00034,-0.09523,-0.08128,-0.01998,2.75161,2.80609,0.01403,-0.00371,-0.00364,0.28482,0.35839,0.07163,0.05291,-0.00058,0.56413,0.63830,-0.16177,-0.17296,0.01243,-0.61739,-0.67496,0.02750,0.03874,-0.00978,1.04692,1.13690,-0.12002,-0.07694,-0.00818,5.92859,5.90466
71.1524,0.40062,-0.11411,-0.59938,-0.11411,-0.60361,-0.10689,0.34424,2.13858,0.94785,2.24547,0.94785,2.24547,1.00000,0.00000,0,0.00028,-0.09599,-0.08416,-0.03819,2.59118,2.57324,0.01423,-0.00359,0.00598,0.28000,0.26558,0.07193,0.05322,-0.00207,0.52800,0.60169,-0.16123,-0.17294,0.00523,-0.68140,-0.61833,0.02795,0.03877,0.00511,1.07352,0.94148,-0.12076,-0.07691,0.00421,5.97287,6.05281
71.2527,0.42234,-0.13781,-0.57766,-0.13781,-0.58848,-0.12599,0.36212,2.14210,0.95060,2.26809,0.95060,2.26809,1.00000,0.00000,0,0.00028,-0.09700,-0.08938,-0.04151,2.33016,2.48113,0.01428,-0.00340,-0.00310,0.22526,0.19891,0.07213,0.05351,0.00150,0.49638,0.55987,-0.16036,-0.17292,0.00776,-0.73726,-0.76072,0.02874,0.03876,-0.00399,1.04091,1.13444,-0.12168,-0.07693,-0.00125,5.95765,5.93127
71.3537,0.43776,-0.15422,-0.56224,-0.15422,-0.56899,-0.14729,0.37940,2.14630,0.94838,2.29359,0.94838,2.29359,1.00000,0.00000,0,0.00035,-0.09802,-0.09236,-0.01470,2.30960,2.33364,0.01409,-0.00331,0.01181,0.25159,0.20317,0.07210,0.05370,0.00102,0.48957,0.42800,-0.15926,-0.17288,0.00304,-0.85980,-0.82413,0.02977,0.03877,0.00170,0.97113,1.00377,-0.12258,-0.07693,-0.00031,5.96652,5.76353
71.4551,0.44744,-0.16169,-0.55256,-0.16169,-0.55761,-0.15789,0.39625,2.15093,0.95386,2.30882,0.95386,2.30882,1.00000,0.00000,0,0.00028,-0.09877,-0.09420,-0.01554,2.24800,2.18149,0.01429,-0.00325,-0.00327,0.15695,0.26265,0.07240,0.05391,-0.00346,0.44567,0.41247,-0.15874,-0.17288,-0.00666,-0.93617,-0.90396,0.03020,0.03876,-0.00316,0.95454,1.01467,-0.12330,-0.07697,-0.01549,5.89504,5.84758
71.5557,0.45735,-0.17646,-0.54265,-0.17646,-0.54723,-0.16924,0.41279,2.15585,0.96002,2.32510,0.96002,2.32510,1.00000,0.00000,0,0.00029,-0.09957,-0.09804,-0.07426,1.92445,1.96917,0.01451,-0.00309,-0.00129,0.14359,0.22720,0.07273,0.05434,0.00372,0.44332,0.30591,-0.15819,-0.17282,0.00693,-0.94780,-1.06299,0.03066,0.03877,0.00347,0.93896,0.91795,-0.12407,-0.07696,-0.01232,5.91379,5.84628
71.6577,0.47472,-0.20410,-0.52528,-0.20410,-0.53243,-0.19193,0.42894,2.16131,0.96138,2.35324,0.96138,2.35324,1.00000,0.00000,0,0.00031,-0.10078,-0.10189,-0.01147,1.92561,2.07371,0.01448,-0.00292,-0.00028,0.12869,0.03599,0.07287,0.05481,0.00471,0.42455,0.51642,-0.15706,-0.17281,-0.01102,-1.05212,-1.11398,0.03169,0.03876,-0.00002,0.88885,1.09951,-0.12516,-0.07691,0.01324,5.97559,6.08702
71.7609,0.47559,-0.21343,-0.52441,-0.21343,-0.52484,-0.20799,0.44475,2.16739,0.96959,2.37537,0.96959,2.37537,1.00000,0.00000,0,0.00035,-0.10187,-0.10291,-0.00416,1.95693,1.92751,0.01478,-0.00282,0.00459,0.08236,0.13280,0.07331,0.05521,-0.00034,0.35928,0.32495,-0.15631,-0.17270,0.00603,-1.13213,-1.13137,0.03232,0.03877,0.00111,0.87538,0.88989,-0.12621,-0.07697,-0.00598,5.91504,5.91145
71.8623,0.47906,-0.21974,-0.52094,-0.21974,-0.52181,-0.21652,0.46043,2.17379,0.98224,2.39031,0.98224,2.39031,1.00000,0.00000,0,0.00030,-0.10275,-0.10340,-0.01505,1.97338,1.98013,0.01531,-0.00257,-0.00038,0.04732,0.08506,0.07392,0.05595,0.02444,0.37410,0.33590,-0.15594,-0.17266,0.00298,-1.15831,-1.10415,0.03256,0.03878,0.00720,0.91292,0.92146,-0.12710,-0.07696,-0.00483,5.95258,5.83093
71.9626,0.47825,-0.22340,-0.52175,-0.22340,-0.52177,-0.22139,0.47609,2.18038,0.99786,2.40177,0.99786,2.40177,1.00000,0.00000,0,0.00027,-0.10355,-0.10371,-0.01192,1.97868,1.98173,0.01600,-0.00228,0.00991,-0.02520,-0.06404,0.07466,0.05643,0.00595,0.29208,0.25862,-0.15577,-0.17262,0.00226,-1.20410,-1.15959,0.03259,0.03876,0.00016,0.89419,0.90819,-0.12794,-0.07695,-0.00130,5.93039,5.95062
72.0640,0.47790,-0.22683,-0.52210,-0.22683,-0.52127,-0.22509,0.49173,2.18708,1.01299,2.41217,1.01299,2.41217,1.00000,0.00000,0,0.00114,-0.10429,-0.10389,0.00145,2.04818,1.94561,0.01666,-0.00195,0.00225,-0.08594,-0.04842,0.07537,0.05677,0.00801,0.23121,0.27876,-0.15563,-0.17259,0.00357,-1.22828,-1.22318,0.03259,0.03877,0.00287,0.91480,0.82301,-0.12873,-0.07696,0.00511,5.97398,5.77720
72.1645,0.48526,-0.22788,-0.51474,-0.22788,-0.51781,-0.22727,0.50732,2.19388,1.02513,2.42115,1.02513,2.42115,1.00000,0.00000,0,0.00028,-0.10491,-0.10410,0.00126,2.09432,2.14456,0.01719,-0.00159,0.01158,-0.13950,-0.28510,0.07595,0.05708,0.00589,0.17445,0.16427,-0.15550,-0.17256,0.00468,-1.27030,-1.17079,0.03261,0.03875,-0.00290,0.89689,0.84456,-0.12939,-0.07695,0.00099,5.91865,5.96319
72.2655,0.48541,-0.23135,-0.51459,-0.23135,-0.51465,-0.22988,0.52279,2.20075,1.03743,2.43063,1.03743,2.43063,1.00000,0.00000,0,0.00026,-0.10555,-0.10427,-0.00072,2.12325,1.97934,0.01773,-0.00128,-0.00163,-0.18030,-0.07340,0.07653,0.05735,0.00412,0.13673,0.11597,-0.15534,-0.17250,0.00635,-1.30278,-1.24522,0.03265,0.03876,0.00038,0.92098,0.81045,-0.13006,-0.07696,0.00206,5.94025,5.94026
72.3668,0.48497,-0.23283,-0.51503,-0.23283,-0.51477,-0.23249,0.53822,2.20770,1.05299,2.44019,1.05299,2.44019,1.00000,0.00000,0,0.00028,-0.10626,-0.10439,0.01396,2.17349,2.31179,0.01842,-0.00062,0.00507,-0.20677,-0.19283,0.07726,0.05762,-0.00293,0.06718,0.01335,-0.15525,-0.17246,0.00058,-1.33229,-1.40013,0.03261,0.03876,-0.00516,0.91412,0.95759,-0.13083,-0.07697,-0.00008,5.93748,6.14897
72.4724,0.48016,-0.23149,-0.51984,-0.23149,-0.51829,-0.23205,0.55373,2.21467,1.07202,2.44672,1.07202,2.44672,1.00000,0.00000,0,0.00236,-0.10692,-0.10458,-0.00646,2.16684,2.10861,0.01928,-0.00010,-0.00532,-0.25735,-0.26291,0.07813,0.05787,0.00472,-0.00912,0.04093,-0.15535,-0.17243,0.00670,-1.35635,-1.37560,0.03236,0.03877,0.00567,0.96346,1.06388,-0.13158,-0.07697,0.00050,5.94092,5.96232
72.5721,0.48075,-0.23617,-0.51925,-0.23617,-0.51912,-0.23470,0.56929,2.22167,1.08841,2.45637,1.08841,2.45637,1.00000,0.00000,0,0.00031,-0.10765,-0.10474,0.00094,2.21812,2.01823,0.02000,0.00045,0.00657,-0.33229,-0.31256,0.07890,0.05814,0.00808,-0.07054,0.05478,-0.15527,-0.17239,-0.00394,-1.43645,-1.45620,0.03230,0.03876,-0.00461,0.96468,0.86968,-0.13237,-0.07697,0.00589,5.97668,6.06398
72.6725,0.48034,-0.24045,-0.51966,-0.24045,-0.51882,-0.23815,0.58486,2.22877,1.10368,2.46692,1.10368,2.46692,1.00000,0.00000,0,0.00027,-0.10840,-0.10496,-0.00385,2.22213,2.23965,0.02068,0.00083,-0.00401,-0.37137,-0.47724,0.07962,0.05837,0.01128,-0.13342,-0.20562,-0.15513,-0.17236,-0.00803,-1.47264,-1.45899,0.03230,0.03876,-0.00085,0.98622,1.05867,-0.13316,-0.07699,-0.00251,5.93351,5.96571
72.7736,0.48566,-0.24166,-0.51434,-0.24166,-0.51621,-0.24103,0.60039,2.23598,1.11660,2.47701,1.11660,2.47701,1.00000,0.00000,0,0.00094,-0.10908,-0.10516,-0.00280,2.28434,2.41445,0.02124,0.00117,0.00518,-0.40772,-0.52719,0.08023,0.05859,0.00227,-0.18244,-0.29425,-0.15496,-0.17232,-0.00260,-1.50115,-1.52850,0.03235,0.03875,-0.00332,0.98129,0.99610,-0.13388,-0.07698,0.00433,5.95212,6.10546
72.8740,0.49126,-0.24377,-0.50874,-0.24377,-0.51193,-0.24276,0.61580,2.24324,1.12774,2.48600,1.12774,2.48600,1.00000,0.00000,0,0.00027,-0.10968,-0.10536,-0.00234,2.30976,2.37417,0.02172,0.00163,-0.00053,-0.47719,-0.45703,0.08075,0.05884,0.00355,-0.25072,-0.29334,-0.15481,-0.17224,-0.00275,-1.53370,-1.68522,0.03240,0.03877,0.00643,1.03511,1.02110,-0.13451,-0.07697,0.01067,5.96378,5.86678
72.9747,0.48887,-0.24490,-0.51113,-0.24490,-0.51162,-0.24457,0.63116,2.25056,1.14278,2.49513,1.14278,2.49513,1.00000,0.00000,0,0.00026,-0.11037,-0.10554,-0.00279,2.32074,2.29625,0.02239,0.00194,0.00284,-0.51458,-0.50778,0.08146,0.05912,0.00020,-0.34513,-0.20216,-0.15472,-0.17211,0.01259,-1.50811,-1.43861,0.03235,0.03876,0.00202,1.03151,1.02317,-0.13525,-0.07699,0.00425,5.98732,5.96030
73.0759,0.49454,-0.24704,-0.50546,-0.24704,-0.50806,-0.24637,0.64644,2.25793,1.15450,2.50430,1.15450,2.50430,1.00000,0.00000,0,0.00028,-0.11099,-0.10572,-0.00008,2.39776,2.38891,0.02290,0.00235,0.00151,-0.57746,-0.65178,0.08201,0.05937,-0.00016,-0.39996,-0.32736,-0.15457,-0.17204,0.00515,-1.55817,-1.62841,0.03239,0.03877,0.00378,1.01390,0.92909,-0.13590,-0.07702,-0.01047,5.90175,5.88996
73.1800,0.49470,-0.25086,-0.50530,-0.25086,-0.50526,-0.24964,0.66162,2.26538,1.16688,2.51502,1.16688,2.51502,1.00000,0.00000,0,0.00248,-0.11168,-0.10591,0.00541,2.44151,2.36299,0.02344,0.00267,0.00153,-0.61560,-0.50517,0.08260,0.05967,0.00826,-0.42386,-0.54675,-0.15437,-0.17190,0.00643,-1.61584,-1.72442,0.03248,0.03877,0.00455,1.02013,1.02077,-0.13663,-0.07700,0.00360,5.96336,5.81124
73.2799,0.49388,-0.25813,-0.50612,-0.25813,-0.50630,-0.25549,0.67681,2.27298,1.18311,2.52846,1.18311,2.52846,1.00000,0.00000,0,0.00034,-0.11257,-0.10617,-0.00306,2.49275,2.48288,0.02415,0.00314,-0.00036,-0.66356,-0.39371,0.08337,0.05996,0.00419,-0.52250,-0.52859,-0.15413,-0.17169,0.00377,-1.65209,-1.59285,0.03256,0.03876,-0.00087,1.04085,1.01889,-0.13756,-0.07700,0.00663,5.96415,5.79416
73.3814,0.49283,-0.26511,-0.50717,-0.26511,-0.50728,-0.26213,0.69201,2.28076,1.19930,2.54289,1.19930,2.54289,1.00000,0.00000,0,0.00041,-0.11350,-0.10645,0.00467,2.55664,2.53259,0.02485,0.00352,0.00278,-0.73965,-0.64406,0.08414,0.06032,0.00933,-0.59025,-0.45034,-0.15385,-0.17144,0.00111,-1.68645,-1.72037,0.03269,0.03876,-0.00176,1.03965,1.04707,-0.13852,-0.07702,-0.00749,5.91711,5.90661
73.4837,0.49647,-0.27488,0.49647,-0.27488,-0.20449,-0.27067,0.75457,2.28877,0.90988,2.55944,0.95906,2.55944,0.00000,0.00000,1,0.00035,-0.10938,-0.10673,-0.00070,2.56079,2.46566,0.01363,0.00394,0.00522,-0.74445,-0.60386,0.07340,0.06059,0.00325,-0.63913,-0.76524,-0.14853,-0.17122,0.01110,-1.72189,-1.70214,0.03960,0.03878,0.00873,1.02475,1.02246,-0.13285,-0.07702,-0.00582,5.92695,5.79315
73.5857,0.55129,-0.24673,0.55129,-0.24673,0.40675,-0.26507,0.74755,2.29693,0.34080,2.56200,0.34080,2.56200,0.00000,0.00000,0,0.00031,-0.09707,-0.10631,0.00570,1.34345,1.33345,-0.01511,0.00025,-0.01323,2.04920,2.12459,0.04562,0.05795,-0.00682,2.09487,2.22010,-0.13649,-0.15707,0.18240,-1.67081,-1.65336,0.05582,0.03879,0.00465,-0.71043,-0.53139,-0.11678,-0.07681,0.01298,4.34654,4.38229
73.6871,0.66284,-0.14378,0.66284,-0.14378,0.60153,-0.18872,0.73153,2.30365,0.13000,2.49237,0.13000,2.49237,0.00000,0.00000,0,0.00032,-0.08991,-0.10609,0.00625,0.97201,1.05055,-0.02465,-0.00058,-0.00515,2.18016,2.31734,0.03591,0.05707,-0.00713,2.35653,2.20525,-0.13526,-0.13599,0.04745,-0.76980,-0.63332,0.05866,0.03890,-0.00131,-0.67787,-0.72531,-0.10866,-0.07679,-0.00269,4.10797,4.22510
73.7874,0.67915,-0.14439,0.67915,-0.14439,0.66345,-0.16062,0.71218,2.30874,0.04873,2.46936,0.04873,2.46936,0.00000,0.00000,0,0.00030,-0.08731,-0.10586,0.00491,0.87971,0.91730,-0.02834,-0.00122,-0.00744,2.37204,2.42580,0.03217,0.05644,-0.00391,2.44781,2.42370,-0.13463,-0.13537,0.00967,-0.73923,-0.67153,0.05989,0.03895,-0.00927,-0.71199,-0.64636,-0.10568,-0.07679,-0.00454,4.02302,3.96451
73.8881,0.67916,-0.14379,0.67916,-0.14379,0.67570,-0.14902,0.69205,2.31335,0.01635,2.46236,0.01635,2.46236,0.00000,0.00000,0,0.00033,-0.08636,-0.10583,-0.00496,0.81665,0.96155,-0.02982,-0.00147,-0.01064,2.38978,2.36416,0.03069,0.05603,0.00450,2.49664,2.41031,-0.13429,-0.13514,-0.00309,-0.77535,-0.71862,0.06047,0.03905,0.00058,-0.76533,-0.83702,-0.10457,-0.07678,0.00167,4.05258,4.12738
73.9901,0.68093,-0.14538,0.68093,-0.14538,0.67892,-0.14546,0.67173,2.31774,-0.00720,2.46319,-0.00720,2.46319,0.00000,0.00000,0,0.00029,-0.08592,-0.10575,0.00276,0.79065,0.64029,-0.03092,-0.00176,-0.00623,2.51438,2.66569,0.02963,0.05567,-0.00426,2.57413,2.42228,-0.13380,-0.13499,0.00630,-0.78081,-0.84254,0.06111,0.03918,0.00679,-0.80409,-0.81649,-0.10399,-0.07680,-0.00551,4.06556,3.98849
74.0951,0.67880,-0.14040,0.67880,-0.14040,0.67920,-0.14238,0.65135,2.32205,-0.02785,2.46444,-0.02785,2.46444,0.00000,0.00000,0,0.00030,-0.08556,-0.10571,0.00014,0.71098,0.59869,-0.03188,-0.00201,0.00017,2.62799,2.38866,0.02871,0.05527,-0.00506,2.65300,2.53622,-0.13335,-0.13483,0.00225,-0.79606,-0.80140,0.06169,0.03932,-0.00731,-0.91545,-0.94163,-0.10350,-0.07678,0.00126,4.08303,4.13626
74.1955,0.67773,-0.13535,0.67773,-0.13535,0.67842,-0.13796,0.63099,2.32625,-0.04743,2.46421,-0.04743,2.46421,0.00000,0.00000,0,0.00027,-0.08516,-0.10565,0.00108,0.65650,0.53635,-0.03279,-0.00241,-0.02054,2.66655,2.56715,0.02782,0.05490,-0.00847,2.72389,2.83499,-0.13298,-0.13461,0.00686,-0.80729,-0.81488,0.06219,0.03940,-0.00924,-0.97791,-0.91670,-0.10298,-0.07679,-0.00286,4.08631,4.19643
74.2963,0.67888,-0.13141,0.67888,-0.13141,0.67800,-0.13428,0.61066,2.33032,-0.06734,2.46460,-0.06734,2.46460,0.00000,0.00000,0,0.00026,-0.08477,-0.10558,0.00470,0.61934,0.68062,-0.03372,-0.00270,-0.00200,2.79100,2.92264,0.02693,0.05446,-0.00371,2.83327,2.73991,-0.13258,-0.13445,-0.00204,-0.82715,-0.78985,0.06273,0.03952,-0.00257,-1.02396,-0.94463,-0.10248,-0.07679,-0.00219,4.09644,4.16589
74.3982,0.67512,-0.12470,0.67512,-0.12470,0.67590,-0.12733,0.59036,2.33422,-0.08554,2.46155,-0.08554,2.46155,0.00000,0.00000,0,0.00112,-0.08428,-0.10551,-0.00155,0.53074,0.56313,-0.03456,-0.00303,-0.00522,2.88821,2.90275,0.02610,0.05396,-0.01552,2.86655,2.82869,-0.13235,-0.13413,-0.00304,-0.79677,-0.72569,0.06308,0.03966,0.00686,-1.11902,-1.13445,-0.10189,-0.07679,-0.00283,4.12921,4.28881
74.4993,0.67970,-0.11216,0.67970,-0.11216,0.67808,-0.11765,0.57005,2.33788,-0.10802,2.45553,-0.10802,2.45553,0.00000,0.00000,0,0.00027,-0.08357,-0.10540,0.00200,0.44558,0.50394,-0.03558,-0.00345,-0.00346,2.99539,3.15554,0.02506,0.05342,-0.01289,2.96468,2.88597,-0.13216,-0.13380,0.00421,-0.81221,-0.84719,0.06344,0.03978,0.00438,-1.15343,-1.12039,-0.10108,-0.07679,-0.00246,4.13938,4.07534
74.6006,0.68273,-0.10021,0.68273,-0.10021,0.68105,-0.10561,0.54966,2.34119,-0.13139,2.44679,-0.13139,2.44679,0.00000,0.00000,0,0.00028,-0.08273,-0.10524,0.00537,0.37152,0.36312,-0.03663,-0.00407,-0.01280,3.04736,3.16259,0.02398,0.05264,-0.00637,3.02137,2.88125,-0.13206,-0.13363,0.00626,-0.83112,-0.73872,0.06371,0.03989,0.00033,-1.17672,-1.20009,-0.10014,-0.07678,0.00234,4.11653,4.08246
74.7030,0.68697,-0.08801,0.68697,-0.08801,0.68498,-0.09423,0.52916,2.34416,-0.15582,2.43839,-0.15582,2.43839,0.00000,0.00000,0,0.00075,-0.08189,-0.10513,-0.00641,0.31788,0.22296,-0.03773,-0.00471,0.00193,3.16519,3.04844,0.02285,0.05183,-0.00955,3.08468,3.06100,-0.13193,-0.13348,0.00033,-0.81383,-0.72440,0.06402,0.04001,0.00013,-1.24779,-1.12301,-0.09919,-0.07679,-0.00205,4.09266,4.20796
74.8055,0.68887,-0.07171,0.68887,-0.07171,0.68748,-0.07923,0.50857,2.34672,-0.17891,2.42595,-0.17891,2.42595,0.00000,0.00000,0,0.00030,-0.08090,-0.10495,0.00308,0.17022,0.33040,-0.03876,-0.00592,-0.01228,3.17258,3.03745,0.02177,0.05081,-0.01715,3.16101,3.00303,-0.13200,-0.13337,0.00078,-0.79969,-0.91893,0.06415,0.04014,0.00297,-1.26191,-1.31867,-0.09812,-0.07680,-0.00533,4.07008,4.15113
74.9062,0.68895,-0.05607,0.68895,-0.05607,0.68848,-0.06348,0.48792,2.34882,-0.20056,2.41230,-0.20056,2.41230,0.00000,0.00000,0,0.00029,-0.07990,-0.10479,0.00392,0.09857,0.12144,-0.03971,-0.00735,-0.02038,3.21402,3.15463,0.02074,0.04956,-0.01095,3.20240,3.17151,-0.13214,-0.13334,-0.00020,-0.76546,-0.78505,0.06419,0.04020,-0.00003,-1.32774,-1.42885,-0.09704,-0.07679,-0.00602,4.02906,3.97758
75.0072,0.69012,-0.03990,0.69012,-0.03990,0.69007,-0.04722,0.46723,2.35042,-0.22284,2.39763,-0.22284,2.39763,0.00000,0.00000,0,0.00042,-0.07883,-0.10460,0.01132,-0.02478,-0.00096,-0.04069,-0.00866,-0.01418,3.22599,3.16540,0.01969,0.04837,-0.00970,3.22682,3.23334,-0.13230,-0.13331,0.00681,-0.80769,-0.78504,0.06421,0.04032,0.01043,-1.36347,-1.39377,-0.09591,-0.07680,-0.01573,4.01729,4.08452
75.1096,0.69351,-0.00024,0.69351,-0.00024,0.69201,-0.02169,0.44650,2.35145,-0.24551,2.37313,-0.24551,2.37313,0.00000,0.00000,0,0.00090,-0.07735,-0.10441,0.00363,-0.13636,-0.09695,-0.04165,-0.01556,-0.17671,2.59208,2.57944,0.01858,0.04710,-0.01847,3.27573,3.25614,-0.13287,-0.13331,-0.00423,-0.77096,-0.86686,0.06387,0.04038,0.00477,-1.38590,-1.39763,-0.09440,-0.07676,0.00827,3.98170,3.89710
75.2106,0.69077,0.09719,0.69077,0.09719,0.69248,0.05944,0.42571,2.35069,-0.26677,2.29125,-0.26677,2.29125,0.00000,0.00000,0,0.00037,-0.07350,-0.10392,0.01426,-0.44144,-0.35016,-0.04232,-0.02680,-0.02712,2.29758,2.36645,0.01734,0.04519,-0.01458,3.24857,3.20315,-0.13581,-0.13334,-0.00535,-0.52342,-0.61850,0.06130,0.04040,0.01150,-1.24288,-1.33200,-0.09076,-0.07676,-0.00900,3.68575,3.67207
75.3119,0.70341,0.12421,0.70341,0.12421,0.69979,0.10643,0.40483,2.34798,-0.29496,2.24156,-0.29496,2.24156,0.00000,0.00000,0,0.00027,-0.07085,-0.10337,0.00327,-0.59889,-0.52663,-0.04344,-0.02767,-0.01000,2.36295,2.27726,0.01589,0.04132,-0.06200,3.05028,2.92096,-0.13731,-0.13341,-0.00058,-0.46252,-0.51471,0.06014,0.04035,-0.01078,-1.25456,-1.16619,-0.08816,-0.07671,0.00601,3.60924,3.48252
75.4122,0.71332,0.18327,0.71332,0.18327,0.70856,0.15811,0.38369,2.34388,-0.32488,2.18576,-0.32488,2.18576,0.00000,0.00000,0,0.00027,-0.06792,-0.10269,0.01704,-0.78539,-0.79749,-0.04461,-0.02820,0.00254,2.48618,2.48836,0.01435,0.03437,-0.07641,2.71737,2.77423,-0.13901,-0.13346,-0.00520,-0.33611,-0.43229,0.05879,0.04037,-0.00082,-1.14582,-1.32292,-0.08528,-0.07668,0.00091,3.46298,3.41103
75.5143,0.71853,0.24234,0.71853,0.24234,0.71381,0.21380,0.36236,2.33817,-0.35146,2.12437,-0.35146,2.12437,0.00000,0.00000,0,0.00036,-0.06482,-0.10181,0.01252,-1.00169,-0.90633,-0.04561,-0.02862,-0.00497,2.53701,2.58524,0.01293,0.02715,-0.03650,2.49727,2.51756,-0.14102,-0.13357,0.00256,-0.21589,-0.41753,0.05714,0.04037,-0.00259,-1.09069,-1.08697,-0.08228,-0.07669,-0.01004,3.24952,3.50871
75.6149,0.71975,0.25942,0.71975,0.25942,0.71918,0.24922,0.34082,2.33103,-0.37837,2.08180,-0.37837,2.08180,0.00000,0.00000,0,0.00032,-0.06250,-0.10059,0.00621,-1.13519,-1.14326,-0.04669,-0.02900,-0.00387,2.58233,2.68954,0.01157,0.02589,0.00029,2.65415,2.62029,-0.14224,-0.13374,-0.01072,-0.14830,-0.25384,0.05622,0.04037,-0.00062,-1.10406,-1.09176,-0.07997,-0.07662,0.00050,3.14251,3.03859
75.7155,0.72591,0.27167,0.72591,0.27167,0.72383,0.26586,0.31915,2.32323,-0.40468,2.05737,-0.40468,2.05737,0.00000,0.00000,0,0.00028,-0.06095,-0.09958,-0.00114,-1.20620,-1.16478,-0.04782,-0.02959,-0.00238,2.65532,2.65092,0.01029,0.02541,-0.00179,2.67688,2.72659,-0.14273,-0.13376,0.01324,-0.09216,-0.18458,0.05597,0.04037,0.00219,-1.11934,-1.10032,-0.07837,-0.07661,-0.00032,3.07287,3.27105
75.8172,0.73015,0.28035,0.73015,0.28035,0.72916,0.27601,0.29734,2.31507,-0.43182,2.03906,-0.43182,2.03906,0.00000,0.00000,0,0.00098,-0.05964,-0.09871,0.01269,-1.25351,-1.30970,-0.04900,-0.03012,-0.00694,2.73187,2.73968,0.00900,0.02501,0.00348,2.79073,2.83625,-0.14296,-0.13383,-0.00046,-0.11926,-0.03191,0.05597,0.04038,0.00229,-1.14835,-1.11077,-0.07697,-0.07661,0.00102,3.00042,3.22525
75.9212,0.72550,0.28881,0.72550,0.28881,0.72698,0.28460,0.27548,2.30663,-0.45150,2.02203,-0.45150,2.02203,0.00000,0.00000,0,0.00156,-0.05853,-0.09740,0.01090,-1.33235,-1.28098,-0.04985,-0.03076,-0.01231,2.74766,2.79157,0.00805,0.02466,-0.00348,2.84324,2.84688,-0.14327,-0.13383,0.00614,-0.05951,0.02472,0.05584,0.04037,-0.00250,-1.19092,-1.34658,-0.07582,-0.07659,-0.00575,2.90873,2.94585
76.0223,0.71781,0.30207,0.71781,0.30207,0.72246,0.29586,0.25374,2.29790,-0.46872,2.00205,-0.46872,2.00205,0.00000,0.00000,0,0.00029,-0.05735,-0.09111,0.08180,-0.85823,-0.80821,-0.05057,-0.03160,0.00008,2.83148,2.78381,0.00720,0.02433,0.00050,2.92173,3.02757,-0.14376,-0.13390,0.00158,-0.00095,-0.10208,0.05552,0.04037,-0.00041,-1.19123,-1.20934,-0.07462,-0.07656,0.00293,2.85768,2.91192
76.1241,0.69402,0.33007,0.69402,0.33007,0.70268,0.32191,0.23243,2.28852,-0.47025,1.96661,-0.47025,1.96661,0.00000,0.00000,0,0.00029,-0.05584,-0.08589,0.07062,-0.78281,-0.85918,-0.05050,-0.03213,-0.00496,2.83638,2.81953,0.00700,0.02405,-0.00366,2.93333,2.97549,-0.14518,-0.13410,-0.00430,0.07910,0.06520,0.05421,0.04038,0.00636,-1.09485,-1.06666,-0.07324,-0.07657,-0.00581,2.75763,2.78756
76.2248,0.64208,0.40244,0.64208,0.40244,0.66830,0.36622,0.21184,2.27822,-0.45646,1.91200,-0.45646,1.91200,0.00000,0.00000,0,0.00032,-0.05384,-0.07192,0.09657,0.01530,0.00747,-0.04965,-0.03249,0.00014,2.74853,2.82300,0.00743,0.02385,0.00553,2.96315,3.07286,-0.14770,-0.13427,-0.00533,0.18944,0.17063,0.05178,0.04038,0.00515,-0.97464,-1.14420,-0.07154,-0.07655,-0.00426,2.65587,2.61466
76.3252,0.61050,0.42739,0.61050,0.42739,0.62517,0.41273,0.19262,2.26629,-0.43255,1.85356,-0.43255,1.85356,0.00000,0.00000,0,0.00028,-0.05188,-0.06676,0.01260,-0.07731,-0.07435,-0.04831,-0.03253,0.00584,2.70435,2.69027,0.00831,0.02375,-0.00452,2.87474,2.76546,-0.15056,-0.13477,-0.00064,0.44571,0.50537,0.04893,0.04038,0.00204,-0.81303,-0.73489,-0.06996,-0.07649,0.00978,2.57451,2.59269
76.4269,0.60270,0.43230,0.60270,0.43230,0.60752,0.42639,0.17423,2.25363,-0.43329,1.82724,-0.43329,1.82724,0.00000,0.00000,0,0.00032,-0.05077,-0.06602,0.00371,-0.13667,-0.06441,-0.04824,-0.03261,-0.00765,2.71241,2.87795,0.00818,0.02366,-0.00487,2.92359,2.93086,-0.15163,-0.13501,0.00068,0.50705,0.47290,0.04795,0.04036,-0.00366,-0.78079,-0.72829,-0.06895,-0.07648,0.00007,2.48551,2.48814
