t_s,roll,pitch,err_r,err_p,err_r_filt,err_p_filt,integ_r,integ_p,pi_out_r,pi_out_p,corr_r,corr_p,target_roll,target_pitch,clip_flags,dt_actual,mt_0,enc_0,vel_0,iq_sp_0,iq_0,mt_1,enc_1,vel_1,iq_sp_1,iq_1,mt_2,enc_2,vel_2,iq_sp_2,iq_2,mt_3,enc_3,vel_3,iq_sp_3,iq_3,mt_4,enc_4,vel_4,iq_sp_4,iq_4,mt_5,enc_5,vel_5,iq_sp_5,iq_5
0.0000,-2.11357,-3.95605,-2.11357,-3.95605,-2.11446,-3.95549,2.88554,1.04451,5.01230,5.02397,5.00000,5.00000,0.00000,0.00000,12,0.00056,-0.42526,-0.41967,-0.01073,2.28048,2.21340,0.06242,0.06148,-0.00078,1.04129,0.98018,0.12641,0.12630,0.00481,-0.04963,-0.10983,-0.25649,-0.25706,0.00082,0.76100,0.77237,-0.10602,-0.10394,0.00832,2.41074,2.25160,-0.46286,0.24250,-0.00550,5.95413,6.05371
0.1021,-2.11320,-3.96115,-2.11320,-3.96115,-2.11252,-3.95867,2.88748,1.04133,5.01297,5.02482,5.00000,5.00000,0.00000,0.00000,12,0.00029,-0.42526,-0.42093,-0.01849,2.21503,2.31636,0.06242,0.06151,0.00771,1.03584,1.00114,0.12641,0.12629,-0.00104,-0.07657,-0.07759,-0.25649,-0.25706,0.00292,0.72519,0.88718,-0.10602,-0.10396,0.00465,2.44807,2.48177,-0.46286,0.24253,0.00742,5.96080,6.01102
0.2036,-2.10670,-3.96323,-2.10670,-3.96323,-2.10824,-3.96127,2.89176,1.03873,5.01199,5.02461,5.00000,5.00000,0.00000,0.00000,12,0.00027,-0.42526,-0.42241,-0.01619,2.19781,2.01779,0.06242,0.06150,-0.00014,0.99628,1.06459,0.12641,0.12627,-0.00417,-0.09775,0.04974,-0.25649,-0.25708,-0.00719,0.71139,0.67311,-0.10602,-0.10399,-0.00706,2.41915,2.59857,-0.46286,0.24253,0.00294,5.98068,5.94528
0.3060,-2.10757,-3.96677,-2.10757,-3.96677,-2.10796,-3.96514,2.89204,1.03486,5.01248,5.02449,5.00000,5.00000,0.00000,0.00000,12,0.00092,-0.42526,-0.42449,-0.03633,2.01771,1.90163,0.06242,0.06148,-0.00764,0.98719,1.02617,0.12641,0.12628,-0.00210,-0.08506,-0.10762,-0.25649,-0.25708,-0.00731,0.70541,0.58078,-0.10602,-0.10400,-0.00564,2.47367,2.54686,-0.46286,0.24255,0.01101,5.99400,6.06572
0.4064,-2.10035,-3.97456,-2.10035,-3.97456,-2.10372,-3.97032,2.89628,1.02968,5.01118,5.02564,5.00000,5.00000,0.00000,0.00000,12,0.00027,-0.42526,-0.42763,-0.01148,1.85967,1.76044,0.06242,0.06151,0.00415,0.99289,1.03601,0.12641,0.12630,0.00595,-0.08109,-0.20173,-0.25649,-0.25708,-0.00723,0.69715,0.66062,-0.10602,-0.10401,-0.00893,2.48209,2.48281,-0.46286,0.24250,-0.01052,5.91804,5.97516
0.5071,-2.09666,-3.97322,-2.09666,-3.97322,-2.09894,-3.97372,2.90106,1.02628,5.01162,5.02363,5.00000,5.00000,0.00000,0.00000,12,0.00027,-0.42526,-0.42817,-0.01255,1.79724,1.77472,0.06242,0.06152,-0.00420,0.96712,0.99213,0.12641,0.12630,0.00291,-0.06425,0.07676,-0.25649,-0.25707,-0.00360,0.70500,0.60465,-0.10602,-0.10402,-0.00506,2.51221,2.31372,-0.46286,0.24250,-0.00872,5.97029,6.03892
0.6097,-2.09374,-3.97291,-2.09374,-3.97291,-2.09510,-3.97314,2.90490,1.02686,5.01199,5.02374,5.00000,5.00000,0.00000,0.00000,12,0.00034,-0.42526,-0.42820,-0.00441,1.79698,1.77045,0.06242,0.06154,0.00192,0.95141,1.02343,0.12641,0.12630,0.00603,-0.08300,-0.11614,-0.25649,-0.25707,-0.00299,0.70122,0.66978,-0.10602,-0.10406,-0.00829,2.53906,2.58489,-0.46286,0.24253,0.00290,5.97590,5.97564
0.7118,-2.08945,-3.97317,-2.08945,-3.97317,-2.09195,-3.97295,2.90805,1.02705,5.01148,5.02393,5.00000,5.00000,0.00000,0.00000,12,0.00034,-0.42526,-0.42825,-0.00517,1.76522,1.83656,0.06242,0.06152,-0.00810,0.93229,0.94645,0.12641,0.12633,0.01344,-0.04598,-0.00589,-0.25649,-0.25706,0.00356,0.68934,0.61999,-0.10602,-0.10403,0.00173,2.57466,2.54760,-0.46286,0.24252,0.00181,5.98182,5.98837
0.8131,-2.09238,-3.97276,-2.09238,-3.97276,-2.09241,-3.97292,2.90759,1.02708,5.01254,5.02377,5.00000,5.00000,0.00000,0.00000,12,0.00036,-0.42526,-0.42822,-0.00188,1.71608,1.70718,0.06242,0.06155,0.00129,0.96709,0.88726,0.12641,0.12628,-0.00410,-0.09660,-0.00964,-0.25649,-0.25707,-0.00439,0.65152,0.75138,-0.10602,-0.10405,0.00105,2.62025,2.73288,-0.46286,0.24253,0.00473,5.99400,5.90259
0.9135,-2.08926,-3.97380,-2.08926,-3.97380,-2.09060,-3.97350,2.90940,1.02650,5.01197,5.02397,5.00000,5.00000,0.00000,0.00000,12,0.00027,-0.42526,-0.42823,0.00271,1.69287,1.86950,0.06242,0.06155,0.00194,0.92726,0.93806,0.12641,0.12629,-0.00016,-0.08425,-0.11306,-0.25649,-0.25708,-0.01000,0.65458,0.51992,-0.10602,-0.10405,0.00570,2.65417,2.72539,-0.46286,0.24253,0.00332,5.99400,6.00761
1.0163,-2.09172,-3.97186,-2.09172,-3.97186,-2.09093,-3.97272,2.90907,1.02728,5.01288,5.02347,5.00000,5.00000,0.00000,0.00000,12,0.00071,-0.42526,-0.42822,-0.00721,1.63003,1.55993,0.06242,0.06155,-0.00402,0.92895,0.95150,0.12641,0.12630,0.00023,-0.07936,-0.16528,-0.25649,-0.25703,0.01024,0.70201,0.74282,-0.10602,-0.10410,-0.00510,2.61956,2.57282,-0.46286,0.24250,-0.00308,5.96370,5.92553
1.1174,-2.09485,-3.97164,-2.09485,-3.97164,-2.09347,-3.97197,2.90653,1.02803,5.01315,5.02369,5.00000,5.00000,0.00000,0.00000,12,0.00029,-0.42526,-0.42819,0.00035,1.63491,1.52675,0.06242,0.06154,-0.01235,0.88892,0.87264,0.12641,0.12628,-0.00882,-0.08523,-0.12081,-0.25649,-0.25706,-0.00570,0.66651,0.60436,-0.10602,-0.10407,0.00747,2.66197,2.54411,-0.46286,0.24252,0.00558,5.99400,5.91843
1.2177,-2.09137,-3.97263,-2.09137,-3.97263,-2.09257,-3.97265,2.90743,1.02735,5.01204,5.02383,5.00000,5.00000,0.00000,0.00000,12,0.00029,-0.42526,-0.42819,0.00339,1.60856,1.63591,0.06242,0.06157,-0.00191,0.89559,0.90576,0.12641,0.12632,0.00951,-0.07001,-0.19767,-0.25649,-0.25703,0.01034,0.66090,0.57948,-0.10602,-0.10410,0.00002,2.70882,2.80711,-0.46286,0.24252,0.00108,5.96885,5.95734
1.3186,-2.09215,-3.97518,-2.09215,-3.97518,-2.09202,-3.97319,2.90798,1.02681,5.01261,5.02469,5.00000,5.00000,0.00000,0.00000,12,0.00042,-0.42526,-0.42819,0.00283,1.54204,1.50412,0.06242,0.06158,-0.00433,0.87988,0.91864,0.12641,0.12631,0.00804,-0.08516,-0.09227,-0.25649,-0.25704,0.00438,0.66298,0.62061,-0.10602,-0.10414,-0.00218,2.68583,2.59953,-0.46286,0.24252,0.00753,5.99098,5.88546
1.4217,-2.08666,-3.97478,-2.08666,-3.97478,-2.08893,-3.97488,2.91107,1.02511,5.01156,5.02381,5.00000,5.00000,0.00000,0.00000,12,0.00152,-0.42526,-0.42817,0.00582,1.52389,1.41066,0.06242,0.06160,-0.00044,0.86349,0.91883,0.12641,0.12629,-0.00117,-0.09049,0.05935,-0.25649,-0.25705,-0.00004,0.63724,0.58542,-0.10602,-0.10414,0.00431,2.75157,2.68908,-0.46286,0.24251,-0.00177,5.97328,6.19569
1.5212,-2.08081,-3.97645,-2.08081,-3.97645,-2.08388,-3.97558,2.91612,1.02442,5.01119,5.02423,5.00000,5.00000,0.00000,0.00000,12,0.00028,-0.42526,-0.42819,-0.00482,1.47990,1.56973,0.06242,0.06161,-0.00227,0.88400,0.80599,0.12641,0.12629,0.00129,-0.08600,-0.09038,-0.25649,-0.25704,-0.00222,0.62876,0.62050,-0.10602,-0.10414,0.00823,2.75017,2.77632,-0.46286,0.24250,-0.00809,5.91796,6.12758
1.6231,-2.08346,-3.97760,-2.08346,-3.97760,-2.08246,-3.97725,2.91754,1.02275,5.01292,5.02401,5.00000,5.00000,0.00000,0.00000,12,0.00037,-0.42526,-0.42817,-0.00366,1.42276,1.38639,0.06242,0.06162,0.00326,0.86672,0.86428,0.12641,0.12629,-0.00440,-0.10593,-0.02057,-0.25649,-0.25704,-0.00122,0.62523,0.76062,-0.10602,-0.10418,0.00153,2.79226,2.63068,-0.46286,0.24252,0.00526,5.96901,5.94469
1.7248,-2.08394,-3.98177,-2.08394,-3.98177,-2.08389,-3.98026,2.91611,1.01974,5.01253,5.02453,5.00000,5.00000,0.00000,0.00000,12,0.00030,-0.42526,-0.42815,-0.00248,1.40673,1.42649,0.06242,0.06162,0.00144,0.88169,0.86791,0.12641,0.12630,0.00484,-0.07083,-0.12016,-0.25649,-0.25701,0.00953,0.63610,0.72440,-0.10602,-0.10420,-0.00601,2.81494,2.84352,-0.46286,0.24252,0.00309,5.96646,6.05114
1.8279,-2.08504,-3.98476,-2.08504,-3.98476,-2.08471,-3.98384,2.91529,1.01616,5.01265,5.02430,5.00000,5.00000,0.00000,0.00000,12,0.00173,-0.42526,-0.42815,-0.00583,1.36026,1.44675,0.06242,0.06163,0.00090,0.84787,0.71033,0.12641,0.12629,-0.00358,-0.10449,-0.10173,-0.25649,-0.25700,0.00829,0.62970,0.66362,-0.10602,-0.10423,-0.01458,2.78909,2.88236,-0.46286,0.24252,0.00241,5.98105,6.03376
1.9270,-2.08733,-3.98916,-2.08733,-3.98916,-2.08585,-3.98784,2.91415,1.01216,5.01315,5.02449,5.00000,5.00000,0.00000,0.00000,12,0.00029,-0.42526,-0.42813,-0.00075,1.34860,1.26068,0.06242,0.06165,0.00197,0.84890,1.00235,0.12641,0.12629,-0.00330,-0.10471,-0.10881,-0.25649,-0.25702,0.00473,0.60338,0.47173,-0.10602,-0.10421,0.00567,2.85573,2.82719,-0.46286,0.24252,0.00275,5.96468,6.04737
2.0277,-2.08545,-3.98908,-2.08545,-3.98908,-2.08638,-3.98799,2.91362,1.01201,5.01212,5.02439,5.00000,5.00000,0.00000,0.00000,12,0.00027,-0.42526,-0.42813,-0.00505,1.27219,1.23411,0.06242,0.06164,-0.00388,0.81890,0.89147,0.12641,0.12631,0.00096,-0.08399,0.00735,-0.25649,-0.25702,-0.00489,0.59554,0.59309,-0.10602,-0.10423,0.00619,2.89831,2.85395,-0.46286,0.24253,0.00940,5.99400,5.88100
2.1296,-2.08552,-3.99132,-2.08552,-3.99132,-2.08446,-3.99001,2.91554,1.00999,5.01296,5.02450,5.00000,5.00000,0.00000,0.00000,12,0.00115,-0.42526,-0.42811,0.00006,1.26156,1.41564,0.06242,0.06166,-0.00123,0.83186,0.64155,0.12641,0.12632,0.00756,-0.09047,-0.13977,-0.25649,-0.25703,-0.00687,0.58020,0.56021,-0.10602,-0.10428,-0.01021,2.87293,2.95150,-0.46286,0.24251,-0.00023,5.93930,5.79236
2.2340,-2.08450,-3.99484,-2.08450,-3.99484,-2.08502,-3.99332,2.91498,1.00668,5.01229,5.02461,5.00000,5.00000,0.00000,0.00000,12,0.00152,-0.42526,-0.42811,0.00620,1.24852,1.33804,0.06242,0.06167,0.00181,0.80631,0.63934,0.12641,0.12631,0.00395,-0.10490,-0.06481,-0.25649,-0.25700,0.00454,0.59366,0.55127,-0.10602,-0.10427,0.00232,2.90686,2.84701,-0.46286,0.24251,0.00115,5.98702,5.91128
2.3343,-2.08681,-3.99585,-2.08681,-3.99585,-2.08612,-3.99505,2.91388,1.00495,5.01281,5.02431,5.00000,5.00000,0.00000,0.00000,12,0.00031,-0.42526,-0.42809,-0.00467,1.15491,1.15947,0.06242,0.06170,0.00626,0.82694,0.97727,0.12641,0.12630,0.00036,-0.09610,-0.12729,-0.25649,-0.25703,-0.01345,0.57874,0.65489,-0.10602,-0.10430,0.00090,2.96743,3.04343,-0.46286,0.24251,0.00019,5.97421,5.98513
2.4359,-2.08538,-3.99839,-2.08538,-3.99839,-2.08634,-3.99722,2.91366,1.00278,5.01211,5.02449,5.00000,5.00000,0.00000,0.00000,12,0.00091,-0.42526,-0.42807,-0.00214,1.17619,1.29673,0.06242,0.06169,-0.00024,0.82464,0.74567,0.12641,0.12630,-0.00061,-0.09818,-0.21110,-0.25649,-0.25700,0.00106,0.60285,0.69080,-0.10602,-0.10435,-0.00531,2.90998,2.95845,-0.46286,0.24252,0.00712,5.99400,5.83826
2.5378,-2.08629,-3.99859,-2.08629,-3.99859,-2.08634,-3.99843,2.91366,1.00157,5.01250,5.02406,5.00000,5.00000,0.00000,0.00000,12,0.00195,-0.42526,-0.42807,-0.00447,1.13420,1.07520,0.06242,0.06171,0.00263,0.80093,0.86093,0.12641,0.12630,0.00391,-0.11780,0.02997,-0.25649,-0.25701,-0.00256,0.57823,0.55434,-0.10602,-0.10435,-0.00454,2.96595,2.89115,-0.46286,0.24252,0.00076,5.94914,5.73578
2.6368,-2.08568,-3.99777,-2.08568,-3.99777,-2.08548,-3.99777,2.91452,1.00223,5.01260,5.02398,5.00000,5.00000,0.00000,0.00000,12,0.00029,-0.42526,-0.42804,0.00725,1.11996,1.05617,0.06242,0.06171,-0.00128,0.77956,0.78629,0.12641,0.12630,0.00060,-0.09704,-0.21986,-0.25649,-0.25698,0.00526,0.58117,0.62209,-0.10602,-0.10435,0.00365,3.00997,2.90911,-0.46286,0.24250,-0.00138,5.95239,5.99275
2.7380,-2.07866,-3.99516,-2.07866,-3.99516,-2.08132,-3.99584,2.91868,1.00416,5.01134,5.02368,5.00000,5.00000,0.00000,0.00000,12,0.00030,-0.42526,-0.42803,-0.00041,1.07052,1.05144,0.06242,0.06171,0.00031,0.77979,0.70113,0.12641,0.12631,0.00033,-0.09609,-0.20340,-0.25649,-0.25700,0.00058,0.58477,0.45865,-0.10602,-0.10439,0.00093,2.96707,2.91553,-0.46286,0.24253,0.00907,5.99400,5.82294
2.8393,-2.07483,-3.99280,-2.07483,-3.99280,-2.07741,-3.99486,2.92259,1.00514,5.01136,5.02309,5.00000,5.00000,0.00000,0.00000,12,0.00032,-0.42526,-0.42800,0.01019,1.05239,1.07233,0.06242,0.06172,0.00106,0.77875,0.81902,0.12641,0.12632,0.00451,-0.10934,-0.20244,-0.25649,-0.25699,0.00455,0.56387,0.49169,-0.10602,-0.10441,-0.00279,3.02633,3.07679,-0.46286,0.24251,-0.00404,5.99110,5.97858
2.9420,-2.07589,-3.99710,-2.07589,-3.99710,-2.07592,-3.99552,2.92408,1.00448,5.01244,5.02465,5.00000,5.00000,0.00000,0.00000,12,0.00046,-0.42526,-0.42801,-0.00004,1.01692,0.99652,0.06242,0.06173,-0.00290,0.76239,0.67351,0.12641,0.12632,0.00509,-0.10795,-0.06857,-0.25649,-0.25699,0.00096,0.54266,0.61638,-0.10602,-0.10444,-0.01067,3.03758,3.12205,-0.46286,0.24251,0.00176,5.99400,6.15449
3.0449,-2.07610,-3.99879,-2.07610,-3.99879,-2.07567,-3.99769,2.92433,1.00231,5.01264,5.02446,5.00000,5.00000,0.00000,0.00000,12,0.00033,-0.42526,-0.42799,0.00470,0.94379,1.02344,0.06242,0.06174,0.00274,0.77953,0.71202,0.12641,0.12630,-0.00276,-0.11096,-0.16085,-0.25649,-0.25699,-0.00299,0.55772,0.58162,-0.10602,-0.10442,0.00354,3.08082,3.03708,-0.46286,0.24250,-0.00553,5.96522,5.88940
3.1469,-2.07921,-4.00060,-2.07921,-4.00060,-2.07708,-3.99953,2.92292,1.00047,5.01337,5.02446,5.00000,5.00000,0.00000,0.00000,12,0.00025,-0.42526,-0.42799,-0.00401,0.91361,0.87885,0.06242,0.06175,-0.00237,0.75670,0.83742,0.12641,0.12631,0.00195,-0.12748,0.07979,-0.25649,-0.25698,-0.00230,0.52589,0.48821,-0.10602,-0.10445,-0.00480,3.05798,3.18204,-0.46286,0.24250,-0.00172,5.99188,6.07038
3.2483,-2.08210,-4.00517,-2.08210,-4.00517,-2.08098,-4.00287,2.91902,0.99713,5.01296,5.02500,5.00000,5.00000,0.00000,0.00000,12,0.00031,-0.42526,-0.42797,-0.00553,0.91850,0.93929,0.06242,0.06176,-0.00323,0.71952,0.63624,0.12641,0.12629,-0.01000,-0.14226,-0.07365,-0.25649,-0.25696,0.00659,0.56172,0.49149,-0.10602,-0.10446,-0.00017,3.11772,3.21601,-0.46286,0.24252,0.00923,5.97628,5.96553
3.3499,-2.08107,-4.00740,-2.08107,-4.00740,-2.08129,-4.00608,2.91871,0.99392,5.01239,5.02460,5.00000,5.00000,0.00000,0.00000,12,0.00032,-0.42526,-0.42796,-0.00700,0.85666,0.87494,0.06242,0.06179,0.00833,0.73765,0.79248,0.12641,0.12632,0.00153,-0.09065,-0.14299,-0.25649,-0.25697,-0.00293,0.51782,0.56561,-0.10602,-0.10446,0.00409,3.14694,3.38850,-0.46286,0.24250,0.00076,5.97213,5.96897
3.4543,-2.07939,-4.00240,-2.07939,-4.00240,-2.08044,-4.00315,2.91956,0.99685,5.01203,5.02370,5.00000,5.00000,0.00000,0.00000,12,0.00115,-0.42526,-0.42791,0.00755,0.86413,0.80073,0.06242,0.06179,-0.00194,0.73774,0.71224,0.12641,0.12631,0.00367,-0.09002,-0.06076,-0.25649,-0.25695,0.00563,0.51893,0.54746,-0.10602,-0.10448,0.00377,3.15371,3.05606,-0.46286,0.24250,-0.00413,5.96796,6.18637
3.5548,-2.07966,-3.99906,-2.07966,-3.99906,-2.07949,-4.00006,2.92051,0.99994,5.01255,5.02357,5.00000,5.00000,0.00000,0.00000,12,0.00030,-0.42526,-0.42793,-0.00619,0.80714,0.81191,0.06242,0.06179,-0.00457,0.71407,0.61832,0.12641,0.12631,-0.00057,-0.13514,-0.13786,-0.25649,-0.25697,-0.00407,0.50619,0.48454,-0.10602,-0.10450,0.00023,3.15367,3.22279,-0.46286,0.24251,0.00543,5.98680,5.90178
3.6556,-2.07889,-3.99894,-2.07889,-3.99894,-2.07859,-3.99869,2.92141,1.00131,5.01260,5.02410,5.00000,5.00000,0.00000,0.00000,12,0.00027,-0.42526,-0.42789,0.00304,0.76750,0.86565,0.06242,0.06180,-0.00082,0.72271,0.67552,0.12641,0.12632,0.00056,-0.09860,-0.20998,-0.25649,-0.25697,-0.00802,0.48912,0.48212,-0.10602,-0.10452,-0.00419,3.17334,3.14928,-0.46286,0.24251,0.00034,5.97063,6.00720
3.7570,-2.07636,-3.99930,-2.07636,-3.99930,-2.07678,-3.99896,2.92322,1.00104,5.01228,5.02414,5.00000,5.00000,0.00000,0.00000,12,0.00029,-0.42526,-0.42789,-0.00534,0.73747,0.78557,0.06242,0.06183,0.00305,0.68123,0.61960,0.12641,0.12633,0.00786,-0.10132,-0.09343,-0.25649,-0.25693,0.00781,0.51837,0.45305,-0.10602,-0.10455,-0.01154,3.18795,3.17980,-0.46286,0.24252,0.00441,5.96948,5.86859
3.8575,-2.07388,-3.99790,-2.07388,-3.99790,-2.07523,-3.99815,2.92477,1.00185,5.01187,5.02388,5.00000,5.00000,0.00000,0.00000,12,0.00031,-0.42526,-0.42786,0.00369,0.71861,0.76393,0.06242,0.06185,0.01321,0.71324,0.77692,0.12641,0.12632,0.00415,-0.12015,-0.06815,-0.25649,-0.25695,-0.00425,0.49682,0.51987,-0.10602,-0.10454,-0.00557,3.19440,3.26800,-0.46286,0.24250,-0.00181,5.95572,6.01921
3.9583,-2.07245,-3.99737,-2.07245,-3.99737,-2.07378,-3.99714,2.92622,1.00286,5.01187,5.02408,5.00000,5.00000,0.00000,0.00000,12,0.00039,-0.42526,-0.42785,-0.00847,0.65705,0.77471,0.06242,0.06184,0.00548,0.67632,0.72934,0.12641,0.12629,-0.01038,-0.15053,-0.14294,-0.25649,-0.25694,0.00014,0.48325,0.43102,-0.10602,-0.10455,0.00247,3.22990,3.20422,-0.46286,0.24250,-0.00544,5.97685,5.77151
4.0600,-2.07898,-3.99631,-2.07898,-3.99631,-2.07635,-3.99659,2.92365,1.00341,5.01358,5.02386,5.00000,5.00000,0.00000,0.00000,12,0.00036,-0.42526,-0.42781,0.00889,0.67284,0.63795,0.06242,0.06182,-0.00375,0.66278,0.65981,0.12641,0.12631,0.00361,-0.12789,-0.17139,-0.25649,-0.25694,-0.00471,0.46049,0.41627,-0.10602,-0.10457,0.00637,3.28560,3.29873,-0.46286,0.24250,0.00167,5.97133,5.92417
4.1627,-2.08463,-3.99885,-2.08463,-3.99885,-2.08120,-3.99763,2.91880,1.00237,5.01396,5.02451,5.00000,5.00000,0.00000,0.00000,12,0.00034,-0.42526,-0.42781,0.00293,0.65472,0.54486,0.06242,0.06184,-0.00223,0.68292,0.59585,0.12641,0.12631,-0.00479,-0.12555,-0.06267,-0.25649,-0.25693,0.00574,0.49417,0.52015,-0.10602,-0.10459,-0.00298,3.25971,3.17977,-0.46286,0.24250,-0.00218,5.98837,5.99903
4.2635,-2.08285,-4.00139,-2.08285,-4.00139,-2.08324,-4.00023,2.91676,0.99977,5.01233,5.02450,5.00000,5.00000,0.00000,0.00000,12,0.00028,-0.42526,-0.42780,0.00265,0.59692,0.57310,0.06242,0.06185,0.00213,0.68497,0.68177,0.12641,0.12632,-0.00344,-0.11907,-0.11845,-0.25649,-0.25692,0.00089,0.47524,0.37366,-0.10602,-0.10463,-0.01038,3.22936,3.34660,-0.46286,0.24252,0.00724,5.97949,6.12159
4.3664,-2.08439,-3.99828,-2.08439,-3.99828,-2.08440,-3.99942,2.91560,1.00058,5.01250,5.02351,5.00000,5.00000,0.00000,0.00000,12,0.00026,-0.42526,-0.42778,-0.00225,0.52859,0.65613,0.06242,0.06186,-0.00212,0.67013,0.74064,0.12641,0.12631,-0.00248,-0.11848,-0.07109,-0.25649,-0.25692,0.00429,0.48437,0.54058,-0.10602,-0.10465,-0.00556,3.31516,3.24409,-0.46286,0.24249,-0.00509,5.96069,5.83009
4.4669,-2.08208,-3.99909,-2.08208,-3.99909,-2.08304,-3.99885,2.91696,1.00115,5.01209,5.02410,5.00000,5.00000,0.00000,0.00000,12,0.00027,-0.42526,-0.42777,-0.00181,0.53785,0.45718,0.06242,0.06188,0.00482,0.66631,0.67416,0.12641,0.12632,0.00106,-0.10676,-0.22657,-0.25649,-0.25692,0.00474,0.48130,0.50169,-0.10602,-0.10464,0.00617,3.34281,3.31462,-0.46286,0.24251,0.00406,5.98235,6.03680
4.5686,-2.08200,-3.99975,-2.08200,-3.99975,-2.08227,-3.99944,2.91773,1.00056,5.01238,5.02413,5.00000,5.00000,0.00000,0.00000,12,0.00040,-0.42526,-0.42773,0.01040,0.50440,0.44306,0.06242,0.06191,0.01331,0.66995,0.59783,0.12641,0.12630,-0.00698,-0.14309,-0.21971,-0.25649,-0.25691,-0.00169,0.45867,0.56897,-0.10602,-0.10467,-0.00124,3.28690,3.24468,-0.46286,0.24250,-0.00195,5.95951,5.94565
4.6694,-2.07892,-4.00121,-2.07892,-4.00121,-2.08005,-4.00103,2.91995,0.99897,5.01199,5.02408,5.00000,5.00000,0.00000,0.00000,12,0.00028,-0.42526,-0.42773,-0.00280,0.46822,0.50415,0.06242,0.06189,-0.00117,0.63931,0.63877,0.12641,0.12632,0.00451,-0.12810,-0.13604,-0.25649,-0.25690,0.00038,0.46979,0.43362,-0.10602,-0.10473,-0.01746,3.31409,3.28351,-0.46286,0.24249,-0.00482,5.97536,5.83314
4.7698,-2.07823,-4.00365,-2.07823,-4.00365,-2.07921,-4.00259,2.92079,0.99741,5.01206,5.02447,5.00000,5.00000,0.00000,0.00000,12,0.00033,-0.42526,-0.42771,0.00182,0.43197,0.32514,0.06242,0.06189,-0.00368,0.62611,0.65571,0.12641,0.12630,-0.00426,-0.13711,-0.08400,-0.25649,-0.25688,0.00253,0.48002,0.41791,-0.10602,-0.10474,-0.00298,3.33411,3.37437,-0.46286,0.24251,0.01018,5.98809,5.98286
4.8729,-2.08680,-3.99150,-2.08680,-3.99150,-2.08117,-3.99994,2.91883,1.00006,5.01490,5.02038,5.00000,5.00000,0.00000,0.00000,12,0.00028,-0.42526,-0.42769,-0.00485,0.39224,0.31469,0.06242,0.06190,-0.00531,0.62281,0.61189,0.12641,0.12634,0.00916,-0.10790,-0.10301,-0.25649,-0.25688,0.00031,0.43431,0.54091,-0.10602,-0.10480,0.00350,3.36495,3.46059,-0.46286,0.24248,-0.01044,5.95203,6.00404
4.9749,-2.08538,-3.99285,-2.08538,-3.99285,-2.08585,-3.99388,2.91415,1.00612,5.01231,5.02352,5.00000,5.00000,0.00000,0.00000,12,0.00031,-0.42526,-0.42767,-0.00675,0.39599,0.35304,0.06242,0.06191,-0.00440,0.62513,0.66671,0.12641,0.12632,0.00131,-0.14024,-0.13408,-0.25649,-0.25690,-0.00876,0.42550,0.46085,-0.10602,-0.10485,0.00652,3.36089,3.46989,-0.46286,0.24251,0.00249,5.96091,5.98043
5.0757,-2.08688,-3.99437,-2.08688,-3.99437,-2.08701,-3.99454,2.91299,1.00546,5.01246,5.02389,5.00000,5.00000,0.00000,0.00000,12,0.00028,-0.42526,-0.42762,0.00699,0.37727,0.38324,0.06242,0.06192,-0.00194,0.62977,0.56232,0.12641,0.12632,0.00725,-0.12288,-0.21633,-0.25649,-0.25689,-0.00483,0.43811,0.37967,-0.10602,-0.10495,-0.00125,3.39157,3.27541,-0.46286,0.24248,-0.01164,5.96831,6.03128
5.1775,-2.08660,-3.99592,-2.08660,-3.99592,-2.08690,-3.99561,2.91310,1.00439,5.01239,5.02411,5.00000,5.00000,0.00000,0.00000,12,0.00028,-0.42526,-0.42761,-0.00639,0.31216,0.29815,0.06242,0.06194,0.00250,0.61809,0.53258,0.12641,0.12632,0.00076,-0.14396,-0.11106,-0.25649,-0.25686,0.00485,0.48016,0.39659,-0.10602,-0.10504,-0.01007,3.35344,3.35747,-0.46286,0.24251,0.00847,5.99400,6.05383
5.2780,-2.08840,-3.99770,-2.08840,-3.99770,-2.08833,-3.99718,2.91167,1.00282,5.01256,5.02421,5.00000,5.00000,0.00000,0.00000,12,0.00030,-0.42526,-0.42761,-0.01627,0.28924,0.20472,0.06242,0.06194,-0.00131,0.60096,0.70877,0.12641,0.12632,-0.00199,-0.12221,-0.15649,-0.25649,-0.25684,0.01291,0.47771,0.43870,-0.10602,-0.10507,0.00216,3.38452,3.35943,-0.46286,0.24252,0.00848,5.96962,6.14179
5.3788,-2.08884,-3.99864,-2.08884,-3.99864,-2.08905,-3.99874,2.91095,1.00126,5.01245,5.02395,5.00000,5.00000,0.00000,0.00000,12,0.00028,-0.42526,-0.42755,0.00168,0.28448,0.21158,0.06242,0.06195,-0.00235,0.59681,0.52414,0.12641,0.12634,0.00678,-0.11973,-0.12129,-0.25649,-0.25686,0.00361,0.43561,0.47755,-0.10602,-0.10513,0.00096,3.42121,3.44918,-0.46286,0.24250,-0.00017,5.98213,6.08594
5.4797,-2.08431,-3.99822,-2.08431,-3.99822,-2.08605,-3.99891,2.91395,1.00109,5.01177,5.02370,5.00000,5.00000,0.00000,0.00000,12,0.00033,-0.42526,-0.42752,0.00300,0.27643,0.18504,0.06242,0.06197,-0.00475,0.59663,0.62632,0.12641,0.12632,-0.00367,-0.13238,-0.07698,-0.25649,-0.25686,-0.00225,0.41105,0.37126,-0.10602,-0.10516,0.00376,3.38804,3.37449,-0.46286,0.24250,-0.00167,5.94796,5.69486
5.5850,-2.08386,-3.99856,-2.08386,-3.99856,-2.08518,-3.99805,2.91482,1.00195,5.01195,5.02421,5.00000,5.00000,0.00000,0.00000,12,0.00046,-0.42526,-0.42751,-0.00238,0.21161,0.38975,0.06242,0.06199,0.00569,0.59646,0.53949,0.12641,0.12632,-0.00420,-0.13065,-0.19391,-0.25649,-0.25686,-0.00244,0.40852,0.51357,-0.10602,-0.10521,0.00059,3.39140,3.31173,-0.46286,0.24249,0.00082,5.96770,5.91861
5.6872,-2.08132,-4.00019,-2.08132,-4.00019,-2.08219,-4.00012,2.91781,0.99988,5.01212,5.02403,5.00000,5.00000,0.00000,0.00000,12,0.00032,-0.42526,-0.42747,0.00599,0.23378,0.14391,0.06242,0.06199,0.00135,0.58342,0.53123,0.12641,0.12630,-0.01020,-0.16262,-0.27485,-0.25649,-0.25685,0.00143,0.41968,0.46103,-0.10602,-0.10530,-0.00516,3.42612,3.57793,-0.46286,0.24248,-0.01318,5.98034,5.84115
5.7886,-2.07999,-4.00232,-2.07999,-4.00232,-2.08040,-4.00112,2.91960,0.99888,5.01231,5.02452,5.00000,5.00000,0.00000,0.00000,12,0.00108,-0.42526,-0.42744,0.00324,0.18022,0.12084,0.06242,0.06199,-0.00098,0.57361,0.55426,0.12641,0.12631,-0.00989,-0.15729,-0.17788,-0.25649,-0.25685,-0.00285,0.40148,0.51258,-0.10602,-0.10534,0.00557,3.44539,3.53213,-0.46286,0.24251,0.00977,5.99400,6.02058
5.8902,-2.08332,-4.00235,-2.08332,-4.00235,-2.08226,-4.00246,2.91774,0.99754,5.01295,5.02397,5.00000,5.00000,0.00000,0.00000,12,0.00070,-0.42526,-0.42741,0.00431,0.17678,0.25158,0.06242,0.06201,0.00219,0.58869,0.63971,0.12641,0.12631,-0.00482,-0.14399,-0.15489,-0.25649,-0.25683,0.00359,0.41705,0.32744,-0.10602,-0.10543,0.00415,3.45846,3.45885,-0.46286,0.24248,-0.00681,5.93873,5.76430
5.9930,-2.08832,-4.00511,-2.08832,-4.00511,-2.08628,-4.00359,2.91372,0.99641,5.01339,5.02467,5.00000,5.00000,0.00000,0.00000,12,0.00044,-0.42526,-0.42739,-0.00349,0.10581,0.21477,0.06242,0.06202,0.00035,0.58398,0.64381,0.12641,0.12632,-0.00461,-0.16846,-0.28285,-0.25649,-0.25683,0.00166,0.38933,0.52723,-0.10602,-0.10551,-0.00092,3.40580,3.46151,-0.46286,0.24248,-0.00688,5.95547,5.95339
6.0950,-2.09085,-4.00136,-2.09085,-4.00136,-2.08843,-4.00256,2.91157,0.99744,5.01357,5.02350,5.00000,5.00000,0.00000,0.00000,12,0.00026,-0.42526,-0.42735,-0.00248,0.10457,0.07042,0.06242,0.06201,-0.01241,0.53449,0.63127,0.12641,0.12631,-0.00342,-0.17174,-0.12785,-0.25649,-0.25683,0.00014,0.41339,0.40124,-0.10602,-0.10554,-0.00183,3.42443,3.32572,-0.46286,0.24249,-0.00591,5.96287,5.99855
6.1967,-2.08980,-4.00165,-2.08980,-4.00165,-2.08987,-4.00161,2.91013,0.99840,5.01251,5.02403,5.00000,5.00000,0.00000,0.00000,12,0.00030,-0.42526,-0.42731,0.00083,0.10157,0.03182,0.06242,0.06206,0.00257,0.56867,0.59010,0.12641,0.12632,-0.00015,-0.16030,-0.18858,-0.25649,-0.25683,-0.00149,0.40383,0.44479,-0.10602,-0.10556,0.00475,3.46827,3.39216,-0.46286,0.24249,0.00049,5.98857,5.84637
6.2980,-2.08687,-3.99824,-2.08687,-3.99824,-2.08865,-3.99914,2.91135,1.00086,5.01177,5.02361,5.00000,5.00000,0.00000,0.00000,12,0.00035,-0.42526,-0.42728,-0.00143,0.06325,-0.02170,0.06242,0.06205,-0.00131,0.54634,0.51110,0.12641,0.12631,-0.01040,-0.16651,-0.09635,-0.25649,-0.25682,0.00119,0.41433,0.32231,-0.10602,-0.10564,-0.01700,3.38968,3.55235,-0.46286,0.24249,-0.00436,5.95869,5.97681
6.4002,-2.08426,-3.99690,-2.08426,-3.99690,-2.08505,-3.99776,2.91495,1.00224,5.01217,5.02362,5.00000,5.00000,0.00000,0.00000,12,0.00031,-0.42526,-0.42724,0.00048,0.03741,0.00262,0.06242,0.06205,-0.00305,0.57413,0.51573,0.12641,0.12634,0.00090,-0.14923,-0.13579,-0.25649,-0.25679,0.01434,0.40229,0.38423,-0.10602,-0.10563,0.00332,3.43425,3.38494,-0.46286,0.24250,0.00171,5.99400,5.93758
6.5031,-2.07776,-3.99276,-2.07776,-3.99276,-2.08054,-3.99493,2.91946,1.00507,5.01129,5.02304,5.00000,5.00000,0.00000,0.00000,12,0.00031,-0.42526,-0.42716,0.00061,0.02268,0.11271,0.06242,0.06207,0.00270,0.56083,0.65264,0.12641,0.12632,-0.00533,-0.14501,-0.33120,-0.25649,-0.25683,-0.00274,0.35489,0.46546,-0.10602,-0.10567,0.00577,3.45010,3.32443,-0.46286,0.24248,-0.00537,5.94991,5.99471
6.6057,-2.08032,-3.99229,-2.08032,-3.99229,-2.08005,-3.99351,2.91995,1.00649,5.01259,5.02344,5.00000,5.00000,0.00000,0.00000,12,0.00027,-0.42526,-0.42710,0.00012,0.00922,0.00475,0.06242,0.06208,0.00495,0.53889,0.45741,0.12641,0.12634,0.00773,-0.12606,-0.18745,-0.25649,-0.25682,-0.00316,0.35587,0.41011,-0.10602,-0.10572,-0.00118,3.46952,3.46906,-0.46286,0.24250,0.00072,5.99400,6.05711
6.7083,-2.07907,-3.99189,-2.07907,-3.99189,-2.07970,-3.99280,2.92030,1.00720,5.01221,5.02357,5.00000,5.00000,0.00000,0.00000,12,0.00038,-0.42526,-0.42703,0.00977,-0.00522,0.00039,0.06242,0.06207,-0.00546,0.53161,0.58591,0.12641,0.12631,-0.00812,-0.15990,-0.03716,-0.25649,-0.25681,-0.00012,0.36758,0.33283,-0.10602,-0.10575,0.00502,3.44461,3.50102,-0.46286,0.24250,0.00211,5.96841,5.96676
6.8112,-2.08463,-3.98870,-2.08463,-3.98870,-2.08289,-3.98974,2.91711,1.01026,5.01324,5.02350,5.00000,5.00000,0.00000,0.00000,12,0.00030,-0.42526,-0.42695,0.00924,-0.01484,-0.06777,0.06242,0.06210,0.00606,0.54435,0.53744,0.12641,0.12632,-0.00499,-0.14502,-0.13538,-0.25649,-0.25679,0.00348,0.38368,0.41690,-0.10602,-0.10580,-0.00046,3.43367,3.40015,-0.46286,0.24247,-0.00774,5.94475,5.88690
6.9165,-2.10771,-3.98865,-2.10771,-3.98865,-2.09930,-3.98873,2.90070,1.01127,5.01620,5.02390,5.00000,5.00000,0.00000,0.00000,12,0.00036,-0.42526,-0.42691,-0.00225,-0.07907,-0.02123,0.06242,0.06211,0.01381,0.57149,0.45186,0.12641,0.12632,-0.00090,-0.16595,-0.07524,-0.25649,-0.25681,-0.00565,0.37410,0.32034,-0.10602,-0.10581,-0.00332,3.44899,3.50563,-0.46286,0.24247,-0.01243,5.92673,5.95615
7.0178,-2.10738,-3.99239,-2.10738,-3.99239,-2.10702,-3.99047,2.89298,1.00953,5.01280,5.02477,5.00000,5.00000,0.00000,0.00000,12,0.00037,-0.42526,-0.42686,0.00702,-0.04211,-0.01867,0.06242,0.06210,0.00206,0.52902,0.59381,0.12641,0.12632,-0.00308,-0.14261,-0.28788,-0.25649,-0.25681,-0.00829,0.35831,0.52537,-0.10602,-0.10588,-0.00452,3.44310,3.58841,-0.46286,0.24248,-0.00205,5.96796,6.07711
7.1184,-2.10824,-3.99016,-2.10824,-3.99016,-2.10732,-3.99051,2.89268,1.00949,5.01304,5.02379,5.00000,5.00000,0.00000,0.00000,12,0.00034,-0.42526,-0.42684,0.00068,-0.07001,-0.09500,0.06242,0.06208,-0.00908,0.50928,0.57402,0.12641,0.12634,0.00329,-0.14479,-0.07185,-0.25649,-0.25681,-0.00293,0.34350,0.34787,-0.10602,-0.10589,-0.00110,3.44406,3.53976,-0.46286,0.24249,0.00578,5.98582,5.88358
7.2198,-2.10303,-3.98847,-2.10303,-3.98847,-2.10445,-3.98910,2.89555,1.01090,5.01202,5.02366,5.00000,5.00000,0.00000,0.00000,12,0.00027,-0.42526,-0.42682,0.00023,-0.11219,-0.17909,0.06242,0.06210,-0.00074,0.54486,0.54477,0.12641,0.12633,-0.00546,-0.14908,-0.15351,-0.25649,-0.25679,-0.00134,0.35133,0.50070,-0.10602,-0.10593,-0.00884,3.43297,3.46890,-0.46286,0.24247,-0.00544,5.95642,5.81598
7.3217,-2.11012,-3.98727,-2.11012,-3.98727,-2.10701,-3.98750,2.89299,1.01250,5.01397,5.02382,5.00000,5.00000,0.00000,0.00000,12,0.00035,-0.42526,-0.42676,0.00607,-0.10605,-0.14211,0.06242,0.06212,0.00204,0.52465,0.52423,0.12641,0.12633,-0.00106,-0.16594,-0.14626,-0.25649,-0.25677,0.00763,0.34449,0.23477,-0.10602,-0.10593,-0.00323,3.45205,3.64973,-0.46286,0.24249,-0.00010,5.95115,6.03139
7.4242,-2.10874,-3.98782,-2.10874,-3.98782,-2.10853,-3.98770,2.89147,1.01230,5.01274,5.02398,5.00000,5.00000,0.00000,0.00000,12,0.00028,-0.42526,-0.42668,-0.00223,-0.16985,-0.15903,0.06242,0.06212,-0.00066,0.54381,0.51995,0.12641,0.12633,-0.00361,-0.14507,-0.21842,-0.25649,-0.25678,0.00241,0.36661,0.35509,-0.10602,-0.10595,-0.00678,3.42760,3.37041,-0.46286,0.24251,0.01464,5.99400,6.10033
7.5253,-2.10836,-3.98524,-2.10836,-3.98524,-2.10919,-3.98606,2.89081,1.01394,5.01230,5.02357,5.00000,5.00000,0.00000,0.00000,12,0.00026,-0.42526,-0.42663,0.00120,-0.14529,-0.15576,0.06242,0.06213,-0.00156,0.51391,0.50334,0.12641,0.12634,-0.00165,-0.16504,-0.01872,-0.25649,-0.25676,0.00277,0.37473,0.40137,-0.10602,-0.10596,-0.00587,3.42545,3.47283,-0.46286,0.24247,-0.00669,5.94199,5.92451
7.6269,-2.10645,-3.98732,-2.10645,-3.98732,-2.10715,-3.98750,2.89285,1.01250,5.01234,5.02385,5.00000,5.00000,0.00000,0.00000,12,0.00070,-0.42526,-0.42659,-0.00104,-0.17828,-0.06011,0.06242,0.06214,0.00047,0.52431,0.48680,0.12641,0.12633,-0.00445,-0.14507,-0.09712,-0.25649,-0.25677,0.00168,0.36322,0.38796,-0.10602,-0.10599,-0.00422,3.41416,3.47221,-0.46286,0.24249,0.00390,5.97369,5.99073
7.7286,-2.10398,-3.98853,-2.10398,-3.98853,-2.10576,-3.98882,2.89424,1.01118,5.01187,5.02381,5.00000,5.00000,0.00000,0.00000,12,0.00082,-0.42526,-0.42654,-0.00318,-0.16921,-0.15431,0.06242,0.06214,-0.00392,0.50434,0.49995,0.12641,0.12632,-0.00652,-0.15899,-0.05047,-0.25649,-0.25676,0.00014,0.35751,0.37923,-0.10602,-0.10600,-0.00152,3.45111,3.45019,-0.46286,0.24249,0.00374,5.99400,5.95529
7.8294,-2.10549,-3.98796,-2.10549,-3.98796,-2.10463,-3.98806,2.89537,1.01194,5.01300,5.02389,5.00000,5.00000,0.00000,0.00000,12,0.00024,-0.42526,-0.42651,-0.00449,-0.17264,-0.10653,0.06242,0.06214,-0.01132,0.47908,0.54077,0.12641,0.12634,-0.00192,-0.13744,-0.14558,-0.25649,-0.25677,-0.00495,0.33623,0.35925,-0.10602,-0.10605,-0.00920,3.42995,3.30872,-0.46286,0.24247,-0.00761,5.94969,6.05930
7.9328,-2.10303,-3.98591,-2.10303,-3.98591,-2.10364,-3.98671,2.89636,1.01329,5.01236,5.02358,5.00000,5.00000,0.00000,0.00000,12,0.00049,-0.42526,-0.42645,0.00706,-0.21022,-0.23914,0.06242,0.06215,-0.00040,0.54328,0.48855,0.12641,0.12633,-0.00492,-0.14991,-0.19157,-0.25649,-0.25675,0.00543,0.34261,0.48984,-0.10602,-0.10603,0.00911,3.46544,3.48519,-0.46286,0.24248,-0.00058,5.96049,5.78900
8.0339,-2.10301,-3.98433,-2.10301,-3.98433,-2.10341,-3.98480,2.89659,1.01520,5.01245,5.02371,5.00000,5.00000,0.00000,0.00000,12,0.00090,-0.42526,-0.42643,-0.00437,-0.21526,-0.18860,0.06242,0.06216,-0.00176,0.52505,0.58231,0.12641,0.12633,-0.00347,-0.14859,-0.17501,-0.25649,-0.25674,0.00385,0.33765,0.30359,-0.10602,-0.10606,-0.00228,3.40927,3.34613,-0.46286,0.24250,0.00645,5.97879,6.09386
8.1359,-2.10134,-3.98251,-2.10134,-3.98251,-2.10132,-3.98335,2.89868,1.01665,5.01262,5.02354,5.00000,5.00000,0.00000,0.00000,12,0.00126,-0.42526,-0.42636,0.00287,-0.20081,-0.15846,0.06242,0.06216,-0.00450,0.50135,0.56504,0.12641,0.12635,0.00512,-0.14385,-0.11437,-0.25649,-0.25676,-0.00132,0.31039,0.29009,-0.10602,-0.10607,0.00155,3.47892,3.61641,-0.46286,0.24248,-0.00236,5.95981,5.95872
8.2363,-2.09978,-3.98238,-2.09978,-3.98238,-2.10134,-3.98174,2.89866,1.01826,5.01194,5.02416,5.00000,5.00000,0.00000,0.00000,12,0.00029,-0.42526,-0.42632,0.00805,-0.20629,-0.35156,0.06242,0.06218,0.00109,0.49853,0.54135,0.12641,0.12635,0.00301,-0.15061,-0.12325,-0.25649,-0.25676,-0.00281,0.30325,0.30333,-0.10602,-0.10612,-0.01156,3.40874,3.34890,-0.46286,0.24250,0.01292,5.99400,6.11198
8.3368,-2.10099,-3.98169,-2.10099,-3.98169,-2.10072,-3.98161,2.89928,1.01839,5.01272,5.02393,5.00000,5.00000,0.00000,0.00000,12,0.00030,-0.42526,-0.42627,0.00507,-0.24898,-0.26329,0.06242,0.06217,-0.00165,0.51353,0.48055,0.12641,0.12634,0.00279,-0.15673,-0.12228,-0.25649,-0.25674,0.00217,0.35807,0.33936,-0.10602,-0.10613,-0.00547,3.42212,3.35261,-0.46286,0.24247,-0.00498,5.95619,6.03109
8.4379,-2.09808,-3.98336,-2.09808,-3.98336,-2.09922,-3.98259,2.90078,1.01741,5.01211,5.02423,5.00000,5.00000,0.00000,0.00000,12,0.00031,-0.42526,-0.42623,0.00794,-0.24341,-0.27085,0.06242,0.06217,-0.00077,0.48068,0.47751,0.12641,0.12634,-0.00136,-0.17065,-0.06559,-0.25649,-0.25675,-0.00203,0.33675,0.34630,-0.10602,-0.10609,0.01493,3.47386,3.46599,-0.46286,0.24251,0.01183,5.99400,6.01393
8.5392,-2.09503,-3.98312,-2.09503,-3.98312,-2.09712,-3.98334,2.90288,1.01666,5.01169,5.02381,5.00000,5.00000,0.00000,0.00000,12,0.00032,-0.42526,-0.42623,-0.01011,-0.27818,-0.17685,0.06242,0.06219,0.00006,0.48831,0.45642,0.12641,0.12634,0.00027,-0.16453,-0.18320,-0.25649,-0.25674,-0.00203,0.30735,0.42577,-0.10602,-0.10614,-0.00357,3.42225,3.32689,-0.46286,0.24247,-0.00555,5.93229,5.82151
8.6412,-2.09716,-3.98129,-2.09716,-3.98129,-2.09660,-3.98225,2.90340,1.01775,5.01282,5.02348,5.00000,5.00000,0.00000,0.00000,12,0.00044,-0.42526,-0.42616,0.00062,-0.27951,-0.27782,0.06242,0.06221,0.00310,0.50694,0.50025,0.12641,0.12633,-0.00552,-0.15874,-0.17335,-0.25649,-0.25673,0.00271,0.32149,0.30124,-0.10602,-0.10615,-0.00489,3.40913,3.22133,-0.46286,0.24249,0.00198,5.97932,5.98187
8.7421,-2.09571,-3.98332,-2.09571,-3.98332,-2.09693,-3.98259,2.90307,1.01741,5.01206,5.02421,5.00000,5.00000,0.00000,0.00000,12,0.00030,-0.42526,-0.42612,-0.00426,-0.31095,-0.39669,0.06242,0.06220,-0.00172,0.48479,0.47498,0.12641,0.12633,-0.01012,-0.20697,-0.08981,-0.25649,-0.25673,-0.00222,0.30614,0.30317,-0.10602,-0.10616,0.00002,3.41534,3.18902,-0.46286,0.24249,0.00230,5.95323,5.91102
8.8462,-2.09899,-3.98283,-2.09899,-3.98283,-2.09814,-3.98340,2.90186,1.01660,5.01295,5.02366,5.00000,5.00000,0.00000,0.00000,12,0.00026,-0.42526,-0.42602,0.00794,-0.29279,-0.30628,0.06242,0.06220,-0.00305,0.47799,0.36799,0.12641,0.12633,-0.00541,-0.15866,-0.07887,-0.25649,-0.25672,-0.00160,0.27745,0.35507,-0.10602,-0.10618,-0.00864,3.40558,3.42398,-0.46286,0.24248,0.00172,5.96642,6.02003
8.9476,-2.09731,-3.98315,-2.09731,-3.98315,-2.09789,-3.98334,2.90211,1.01666,5.01234,5.02382,5.00000,5.00000,0.00000,0.00000,12,0.00029,-0.42526,-0.42599,0.00357,-0.29491,-0.17686,0.06242,0.06221,0.00080,0.49701,0.40235,0.12641,0.12634,0.00039,-0.16804,-0.26529,-0.25649,-0.25670,0.00781,0.31802,0.41250,-0.10602,-0.10616,0.00400,3.45489,3.46990,-0.46286,0.24248,0.00454,5.96454,5.89409
9.0484,-2.10226,-3.98607,-2.10226,-3.98607,-2.10117,-3.98475,2.89883,1.01525,5.01307,5.02448,5.00000,5.00000,0.00000,0.00000,12,0.00034,-0.42526,-0.42602,-0.01303,-0.30586,-0.35454,0.06242,0.06222,-0.00097,0.48974,0.54907,0.12641,0.12634,-0.00162,-0.17500,-0.07307,-0.25649,-0.25670,0.00041,0.28806,0.37855,-0.10602,-0.10617,-0.00010,3.43348,3.44044,-0.46286,0.24248,-0.00047,5.98007,5.95333
9.1508,-2.10205,-3.98797,-2.10205,-3.98797,-2.10170,-3.98718,2.89830,1.01282,5.01276,5.02426,5.00000,5.00000,0.00000,0.00000,12,0.00034,-0.42526,-0.42596,0.00156,-0.30223,-0.25856,0.06242,0.06223,0.00010,0.49621,0.43094,0.12641,0.12636,0.00444,-0.15033,-0.24975,-0.25649,-0.25670,0.00203,0.32679,0.20071,-0.10602,-0.10618,0.00574,3.41598,3.50509,-0.46286,0.24247,-0.00515,5.96008,5.96710
9.2543,-2.10335,-3.98964,-2.10335,-3.98964,-2.10281,-3.98887,2.89719,1.01113,5.01285,5.02426,5.00000,5.00000,0.00000,0.00000,12,0.00028,-0.42526,-0.42589,0.00067,-0.30280,-0.42600,0.06242,0.06222,-0.00178,0.48713,0.42650,0.12641,0.12635,0.00153,-0.16275,-0.14971,-0.25649,-0.25669,0.00790,0.31442,0.34790,-0.10602,-0.10620,0.00109,3.41963,3.40964,-0.46286,0.24249,0.00257,5.98023,5.94636
9.3562,-2.10429,-3.98961,-2.10429,-3.98961,-2.10332,-3.99012,2.89668,1.00988,5.01304,5.02372,5.00000,5.00000,0.00000,0.00000,12,0.00096,-0.42526,-0.42587,-0.00081,-0.30299,-0.30899,0.06242,0.06223,-0.00344,0.48150,0.52568,0.12641,0.12634,-0.00086,-0.17780,-0.16550,-0.25649,-0.25669,0.00345,0.29557,0.33916,-0.10602,-0.10620,0.00153,3.38358,3.39902,-0.46286,0.24247,-0.00227,5.97770,5.91374
9.4567,-2.10775,-3.98978,-2.10775,-3.98978,-2.10704,-3.98964,2.89296,1.01036,5.01295,5.02399,5.00000,5.00000,0.00000,0.00000,12,0.00027,-0.42526,-0.42581,0.00112,-0.33257,-0.41560,0.06242,0.06223,-0.00145,0.45327,0.54517,0.12641,0.12635,0.00041,-0.17057,-0.12263,-0.25649,-0.25669,0.00584,0.30259,0.27298,-0.10602,-0.10620,-0.00161,3.40441,3.41266,-0.46286,0.24249,0.00718,5.97391,5.91351
9.5581,-2.10995,-3.99056,-2.10995,-3.99056,-2.10864,-3.99038,2.89136,1.00962,5.01321,5.02402,5.00000,5.00000,0.00000,0.00000,12,0.00029,-0.42526,-0.42574,0.00605,-0.31336,-0.24311,0.06242,0.06224,-0.00257,0.48556,0.44765,0.12641,0.12635,-0.00020,-0.17049,-0.07733,-0.25649,-0.25670,-0.00357,0.29694,0.28396,-0.10602,-0.10621,-0.00421,3.42227,3.28443,-0.46286,0.24249,0.00509,5.98511,5.92005
9.6591,-2.11016,-3.99231,-2.11016,-3.99231,-2.11037,-3.99123,2.88963,1.00877,5.01257,5.02441,5.00000,5.00000,0.00000,0.00000,12,0.00031,-0.42526,-0.42573,0.00179,-0.32709,-0.31399,0.06242,0.06224,-0.00231,0.45530,0.49157,0.12641,0.12635,-0.00028,-0.16888,-0.18645,-0.25649,-0.25671,-0.00402,0.29021,0.31729,-0.10602,-0.10621,-0.00190,3.39331,3.44476,-0.46286,0.24249,0.00861,5.98170,5.86685
9.7605,-2.10678,-3.99196,-2.10678,-3.99196,-2.10851,-3.99138,2.89149,1.00862,5.01191,5.02420,5.00000,5.00000,0.00000,0.00000,12,0.00033,-0.42526,-0.42572,-0.00096,-0.30807,-0.30055,0.06242,0.06225,0.00116,0.47065,0.51613,0.12641,0.12635,-0.00006,-0.16966,-0.20349,-0.25649,-0.25668,0.00429,0.29436,0.37542,-0.10602,-0.10622,-0.00633,3.40521,3.45453,-0.46286,0.24247,-0.00051,5.96329,5.99793
9.8638,-2.10885,-3.99408,-2.10885,-3.99408,-2.10755,-3.99233,2.89245,1.00767,5.01320,5.02470,5.00000,5.00000,0.00000,0.00000,12,0.00168,-0.42526,-0.42569,-0.00039,-0.32149,-0.34095,0.06242,0.06226,0.00209,0.47437,0.44858,0.12641,0.12635,-0.00218,-0.17772,-0.28371,-0.25649,-0.25671,-0.01230,0.25513,0.30554,-0.10602,-0.10621,0.00476,3.40987,3.48096,-0.46286,0.24246,-0.00563,5.98892,5.86166
9.9634,-2.10612,-3.99418,-2.10612,-3.99418,-2.10713,-3.99352,2.89287,1.00648,5.01221,5.02425,5.00000,5.00000,0.00000,0.00000,12,0.00025,-0.42526,-0.42569,-0.00968,-0.35446,-0.36831,0.06242,0.06226,0.00186,0.47185,0.34558,0.12641,0.12634,-0.00066,-0.14652,-0.20553,-0.25649,-0.25668,0.00060,0.27784,0.30689,-0.10602,-0.10622,-0.00089,3.38130,3.33511,-0.46286,0.24248,0.00263,5.97041,6.06680
10.0670,-2.10838,-3.99485,-2.10838,-3.99485,-2.10773,-3.99465,2.89227,1.00535,5.01292,5.02405,5.00000,5.00000,0.00000,0.00000,12,0.00027,-0.42526,-0.42566,-0.00674,-0.36438,-0.34375,0.06242,0.06225,-0.00683,0.43993,0.42518,0.12641,0.12634,-0.00333,-0.18771,-0.19198,-0.25649,-0.25668,0.00052,0.27806,0.30875,-0.10602,-0.10623,-0.00514,3.39266,3.53064,-0.46286,0.24248,0.00043,5.93720,5.90564
10.1693,-2.11452,-3.99708,-2.11452,-3.99708,-2.11244,-3.99647,2.88756,1.00353,5.01357,5.02424,5.00000,5.00000,0.00000,0.00000,12,0.00109,-0.42526,-0.42560,0.00635,-0.32978,-0.47033,0.06242,0.06226,-0.00088,0.46198,0.32953,0.12641,0.12635,-0.00004,-0.17645,-0.19647,-0.25649,-0.25670,-0.01152,0.26102,0.32325,-0.10602,-0.10620,0.01096,3.42834,3.40139,-0.46286,0.24249,0.00266,5.97869,6.09417
10.2701,-2.11516,-3.99199,-2.11516,-3.99199,-2.11402,-3.99301,2.88598,1.00699,5.01317,5.02352,5.00000,5.00000,0.00000,0.00000,12,0.00030,-0.42526,-0.42557,-0.00336,-0.34669,-0.33064,0.06242,0.06226,-0.00538,0.47465,0.47325,0.12641,0.12635,0.00073,-0.17025,-0.18349,-0.25649,-0.25668,-0.00165,0.26388,0.27791,-0.10602,-0.10622,0.00435,3.42204,3.39019,-0.46286,0.24249,0.00918,5.98907,5.87372
10.3721,-2.11360,-3.99440,-2.11360,-3.99440,-2.11368,-3.99320,2.88632,1.00680,5.01264,5.02447,5.00000,5.00000,0.00000,0.00000,12,0.00031,-0.42526,-0.42556,-0.00240,-0.37032,-0.34795,0.06242,0.06229,0.00542,0.45994,0.49225,0.12641,0.12634,-0.00540,-0.19924,-0.10378,-0.25649,-0.25667,-0.00084,0.27232,0.16997,-0.10602,-0.10623,-0.00113,3.36424,3.40133,-0.46286,0.24248,0.00409,5.98415,5.87007
10.4743,-2.11316,-3.99376,-2.11316,-3.99376,-2.11296,-3.99322,2.88704,1.00678,5.01276,5.02419,5.00000,5.00000,0.00000,0.00000,12,0.00030,-0.42526,-0.42551,0.01424,-0.32580,-0.29817,0.06242,0.06229,0.00159,0.44867,0.43107,0.12641,0.12635,-0.00237,-0.18352,-0.16220,-0.25649,-0.25667,-0.00042,0.26949,0.12937,-0.10602,-0.10623,-0.00194,3.35988,3.36841,-0.46286,0.24247,-0.00047,5.97031,5.91773
10.5756,-2.10817,-3.99077,-2.10817,-3.99077,-2.10935,-3.99159,2.89065,1.00841,5.01215,5.02360,5.00000,5.00000,0.00000,0.00000,12,0.00028,-0.42526,-0.42550,0.00357,-0.35918,-0.48510,0.06242,0.06228,-0.00326,0.45462,0.47825,0.12641,0.12635,0.00042,-0.17592,-0.06157,-0.25649,-0.25668,-0.00469,0.24908,0.08327,-0.10602,-0.10623,-0.00276,3.38877,3.45061,-0.46286,0.24246,-0.00667,5.96609,6.02179
10.6772,-2.11070,-3.99150,-2.11070,-3.99150,-2.11110,-3.99158,2.88890,1.00842,5.01250,5.02391,5.00000,5.00000,0.00000,0.00000,12,0.00036,-0.42526,-0.42547,0.00734,-0.32976,-0.46344,0.06242,0.06229,-0.00161,0.46378,0.35793,0.12641,0.12635,0.00023,-0.17525,-0.17867,-0.25649,-0.25666,0.00093,0.27776,0.14404,-0.10602,-0.10624,-0.00422,3.37857,3.33652,-0.46286,0.24249,0.01027,5.98651,5.95977
10.7786,-2.11800,-3.98962,-2.11800,-3.98962,-2.11516,-3.99059,2.88484,1.00941,5.01391,5.02353,5.00000,5.00000,0.00000,0.00000,12,0.00030,-0.42526,-0.42545,0.00597,-0.35674,-0.40433,0.06242,0.06230,0.00629,0.46242,0.37505,0.12641,0.12635,-0.00210,-0.18331,-0.30174,-0.25649,-0.25665,-0.00340,0.26577,0.28351,-0.10602,-0.10623,-0.00265,3.38470,3.35736,-0.46286,0.24248,0.00485,5.98586,6.14158
10.8792,-2.11819,-3.98996,-2.11819,-3.98996,-2.11731,-3.98994,2.88269,1.01006,5.01308,5.02395,5.00000,5.00000,0.00000,0.00000,12,0.00026,-0.42526,-0.42544,-0.01215,-0.37886,-0.34535,0.06242,0.06228,-0.00246,0.42477,0.44946,0.12641,0.12635,-0.00080,-0.18195,-0.10973,-0.25649,-0.25664,0.00308,0.28808,0.28882,-0.10602,-0.10623,0.00667,3.37963,3.27007,-0.46286,0.24248,0.00555,5.99265,5.95539
10.9826,-2.12036,-3.98825,-2.12036,-3.98825,-2.11873,-3.98886,2.88127,1.01114,5.01341,5.02367,5.00000,5.00000,0.00000,0.00000,12,0.00200,-0.42526,-0.42535,0.01012,-0.32368,-0.45171,0.06242,0.06229,0.00102,0.47108,0.43174,0.12641,0.12637,0.00629,-0.15219,-0.10854,-0.25649,-0.25664,0.00007,0.27707,0.24132,-0.10602,-0.10625,-0.00500,3.36116,3.17797,-0.46286,0.24246,-0.01032,5.95146,5.86403
11.0864,-2.12233,-3.99068,-2.12233,-3.99068,-2.12126,-3.98932,2.87874,1.01068,5.01319,5.02452,5.00000,5.00000,0.00000,0.00000,12,0.00040,-0.42526,-0.42533,-0.00037,-0.34150,-0.29897,0.06242,0.06229,-0.00136,0.42712,0.42010,0.12641,0.12634,-0.00716,-0.21012,-0.20970,-0.25649,-0.25664,-0.00276,0.26652,0.21166,-0.10602,-0.10623,0.00027,3.38218,3.38847,-0.46286,0.24245,-0.00714,5.92685,6.04175
11.1871,-2.12081,-3.99336,-2.12081,-3.99336,-2.12174,-3.99234,2.87826,1.00766,5.01233,5.02439,5.00000,5.00000,0.00000,0.00000,12,0.00031,-0.42526,-0.42531,-0.00020,-0.36032,-0.31310,0.06242,0.06229,-0.01052,0.42987,0.37418,0.12641,0.12636,0.00252,-0.16675,-0.07746,-0.25649,-0.25664,-0.00355,0.26218,0.20359,-0.10602,-0.10625,-0.00655,3.34886,3.30033,-0.46286,0.24248,0.00126,5.98579,5.89242
11.2875,-2.12405,-3.99522,-2.12405,-3.99522,-2.12365,-3.99460,2.87635,1.00540,5.01291,5.02423,5.00000,5.00000,0.00000,0.00000,12,0.00029,-0.42526,-0.42529,0.00418,-0.34134,-0.35263,0.06242,0.06231,0.00311,0.45109,0.33815,0.12641,0.12634,-0.00784,-0.21106,-0.09929,-0.25649,-0.25663,0.00348,0.25891,0.21140,-0.10602,-0.10624,-0.00275,3.36617,3.42880,-0.46286,0.24248,0.00206,5.96082,6.09637
11.3894,-2.12412,-3.99792,-2.12412,-3.99792,-2.12410,-3.99566,2.87590,1.00434,5.01275,5.02494,5.00000,5.00000,0.00000,0.00000,12,0.00109,-0.42526,-0.42529,-0.00465,-0.33317,-0.36252,0.06242,0.06230,-0.00023,0.43619,0.47679,0.12641,0.12634,-0.00773,-0.21363,-0.18521,-0.25649,-0.25663,0.00319,0.25662,0.19144,-0.10602,-0.10622,0.00824,3.37385,3.37338,-0.46286,0.24249,0.00740,5.99400,6.04560
11.4906,-2.12261,-3.99547,-2.12261,-3.99547,-2.12389,-3.99609,2.87611,1.00391,5.01219,5.02371,5.00000,5.00000,0.00000,0.00000,12,0.00041,-0.42526,-0.42530,-0.00707,-0.37778,-0.24359,0.06242,0.06231,0.00203,0.44636,0.28094,0.12641,0.12635,-0.00008,-0.18213,-0.18700,-0.25649,-0.25665,-0.00771,0.24265,0.36068,-0.10602,-0.10623,0.00624,3.39440,3.32361,-0.46286,0.24250,0.01244,5.97851,5.91820
11.5927,-2.12278,-3.99459,-2.12278,-3.99459,-2.12254,-3.99492,2.87746,1.00508,5.01284,5.02383,5.00000,5.00000,0.00000,0.00000,12,0.00027,-0.42526,-0.42525,0.01002,-0.33051,-0.41468,0.06242,0.06232,0.00101,0.44649,0.43428,0.12641,0.12636,0.00909,-0.18000,-0.17141,-0.25649,-0.25662,0.00306,0.25479,0.32261,-0.10602,-0.10623,0.00517,3.35235,3.51270,-0.46286,0.24247,-0.00549,5.95349,5.91391
11.6943,-2.12121,-3.99025,-2.12121,-3.99025,-2.12259,-3.99155,2.87741,1.00845,5.01214,5.02339,5.00000,5.00000,0.00000,0.00000,12,0.00033,-0.42526,-0.42528,-0.01300,-0.35374,-0.36436,0.06242,0.06231,-0.00312,0.42713,0.43247,0.12641,0.12636,-0.00131,-0.18531,-0.23966,-0.25649,-0.25663,-0.00501,0.22580,0.22528,-0.10602,-0.10625,-0.00655,3.36671,3.29102,-0.46286,0.24248,-0.00053,5.96172,5.95760
11.7967,-2.12553,-3.99116,-2.12553,-3.99116,-2.12395,-3.99113,2.87605,1.00887,5.01342,5.02396,5.00000,5.00000,0.00000,0.00000,12,0.00075,-0.42526,-0.42523,0.01044,-0.31766,-0.33652,0.06242,0.06233,0.00685,0.43638,0.50169,0.12641,0.12635,-0.00110,-0.19008,-0.09561,-0.25649,-0.25662,-0.00039,0.24040,0.28341,-0.10602,-0.10624,0.00232,3.36788,3.34585,-0.46286,0.24244,-0.01403,5.95317,5.94278
11.8975,-2.12991,-3.99355,-2.12991,-3.99355,-2.12867,-3.99186,2.87133,1.00814,5.01330,5.02467,5.00000,5.00000,0.00000,0.00000,12,0.00030,-0.42526,-0.42524,0.00203,-0.35065,-0.32558,0.06242,0.06234,0.00352,0.42808,0.50947,0.12641,0.12635,-0.00192,-0.19179,-0.16990,-0.25649,-0.25663,-0.00750,0.24425,0.32406,-0.10602,-0.10626,-0.00788,3.32352,3.28792,-0.46286,0.24248,0.00342,5.95502,6.05062
11.9981,-2.13340,-3.99897,-2.13340,-3.99897,-2.13142,-3.99606,2.86858,1.00394,5.01364,5.02523,5.00000,5.00000,0.00000,0.00000,12,0.00027,-0.42526,-0.42524,-0.00257,-0.36119,-0.38326,0.06242,0.06231,-0.00975,0.43554,0.34920,0.12641,0.12634,-0.01191,-0.19907,-0.20239,-0.25649,-0.25661,-0.00270,0.23658,0.20098,-0.10602,-0.10625,-0.00161,3.31325,3.34728,-0.46286,0.24249,0.00560,5.96582,6.04538
12.0985,-2.12496,-4.00027,-2.12496,-4.00027,-2.12772,-3.99929,2.87228,1.00071,5.01158,5.02441,5.00000,5.00000,0.00000,0.00000,12,0.00030,-0.42526,-0.42522,0.00332,-0.36414,-0.35763,0.06242,0.06235,0.00551,0.47247,0.36854,0.12641,0.12635,-0.00260,-0.19675,-0.17606,-0.25649,-0.25660,0.00132,0.25465,0.20199,-0.10602,-0.10623,0.00751,3.33217,3.27268,-0.46286,0.24248,0.00641,5.91594,5.95413
12.1996,-2.12289,-3.99595,-2.12289,-3.99595,-2.12447,-3.99707,2.87553,1.00293,5.01207,5.02350,5.00000,5.00000,0.00000,0.00000,12,0.00033,-0.42526,-0.42519,0.00515,-0.34137,-0.32384,0.06242,0.06234,0.00354,0.41275,0.49671,0.12641,0.12636,0.00343,-0.16986,-0.18296,-0.25649,-0.25661,-0.00314,0.26281,0.26926,-0.10602,-0.10624,-0.00487,3.30967,3.11197,-0.46286,0.24246,-0.00758,5.96415,5.84017
12.3012,-2.12971,-4.00104,-2.12971,-4.00104,-2.12723,-3.99959,2.87277,1.00041,5.01383,5.02462,5.00000,5.00000,0.00000,0.00000,12,0.00035,-0.42526,-0.42521,-0.00515,-0.34982,-0.25806,0.06242,0.06233,-0.00276,0.43278,0.40991,0.12641,0.12636,-0.00132,-0.17340,-0.19000,-0.25649,-0.25662,-0.00340,0.22795,0.17079,-0.10602,-0.10624,0.00552,3.36514,3.26451,-0.46286,0.24246,-0.00646,5.95022,5.97729
12.4029,-2.12892,-4.00389,-2.12892,-4.00389,-2.12851,-4.00164,2.87149,0.99836,5.01295,5.02497,5.00000,5.00000,0.00000,0.00000,12,0.00036,-0.42526,-0.42519,-0.00039,-0.34992,-0.36341,0.06242,0.06232,-0.01012,0.40323,0.51427,0.12641,0.12635,-0.00553,-0.20374,-0.17327,-0.25649,-0.25662,-0.00806,0.23993,0.16762,-0.10602,-0.10624,-0.00249,3.35482,3.31321,-0.46286,0.24245,-0.00495,5.92804,5.91881
12.5039,-2.13040,-4.00563,-2.13040,-4.00563,-2.12994,-4.00476,2.87006,0.99524,5.01297,5.02440,5.00000,5.00000,0.00000,0.00000,12,0.00040,-0.42526,-0.42519,0.00204,-0.33764,-0.36762,0.06242,0.06235,0.00446,0.43300,0.37429,0.12641,0.12635,-0.00179,-0.19202,-0.14477,-0.25649,-0.25661,-0.00296,0.23191,0.31473,-0.10602,-0.10623,0.00356,3.35447,3.49759,-0.46286,0.24247,-0.00216,5.96348,5.95523
12.6045,-2.12327,-4.00470,-2.12327,-4.00470,-2.12523,-4.00495,2.87477,0.99505,5.01191,5.02392,5.00000,5.00000,0.00000,0.00000,12,0.00031,-0.42526,-0.42519,-0.00391,-0.36788,-0.29284,0.06242,0.06234,0.00263,0.42223,0.32458,0.12641,0.12635,-0.00344,-0.19919,-0.21213,-0.25649,-0.25659,0.00350,0.25842,0.28030,-0.10602,-0.10622,0.01044,3.31542,3.09179,-0.46286,0.24247,0.00388,5.99400,5.91302
12.7053,-2.11601,-4.00510,-2.11601,-4.00510,-2.11860,-4.00504,2.88140,0.99496,5.01160,5.02405,5.00000,5.00000,0.00000,0.00000,12,0.00025,-0.42526,-0.42518,0.00217,-0.34036,-0.39825,0.06242,0.06235,0.00218,0.42355,0.49712,0.12641,0.12637,0.00471,-0.19660,-0.29780,-0.25649,-0.25660,-0.00565,0.22663,0.14842,-0.10602,-0.10626,-0.00742,3.29875,3.34072,-0.46286,0.24243,-0.01644,5.91945,5.90045
12.8069,-2.12171,-4.00735,-2.12171,-4.00735,-2.12010,-4.00688,2.87990,0.99312,5.01341,5.02424,5.00000,5.00000,0.00000,0.00000,12,0.00033,-0.42526,-0.42519,-0.00654,-0.33782,-0.37288,0.06242,0.06234,-0.00049,0.41180,0.47106,0.12641,0.12638,0.00465,-0.19391,-0.25145,-0.25649,-0.25659,-0.00200,0.24038,0.39165,-0.10602,-0.10625,-0.00004,3.29654,3.22713,-0.46286,0.24248,0.00896,5.98013,6.01513
12.9084,-2.12138,-4.00609,-2.12138,-4.00609,-2.12178,-4.00619,2.87822,0.99381,5.01256,5.02400,5.00000,5.00000,0.00000,0.00000,12,0.00036,-0.42526,-0.42515,0.00360,-0.31430,-0.36156,0.06242,0.06233,-0.00408,0.42585,0.33741,0.12641,0.12637,0.00330,-0.16971,-0.12767,-0.25649,-0.25658,-0.00126,0.24667,0.23800,-0.10602,-0.10625,-0.00312,3.31560,3.21364,-0.46286,0.24248,0.00228,5.97808,6.09926
13.0115,-2.12435,-4.00411,-2.12435,-4.00411,-2.12218,-4.00512,2.87782,0.99488,5.01366,5.02359,5.00000,5.00000,0.00000,0.00000,12,0.00064,-0.42526,-0.42516,0.00104,-0.29436,-0.39614,0.06242,0.06235,0.00162,0.44756,0.57195,0.12641,0.12636,-0.00056,-0.22044,-0.15820,-0.25649,-0.25660,-0.00764,0.21724,0.30902,-0.10602,-0.10625,-0.00341,3.31316,3.22358,-0.46286,0.24247,0.00180,5.93933,5.94846
13.1145,-2.11974,-3.99859,-2.11974,-3.99859,-2.12096,-4.00111,2.87904,0.99889,5.01221,5.02293,5.00000,5.00000,0.00000,0.00000,12,0.00026,-0.42526,-0.42517,0.00012,-0.33410,-0.32265,0.06242,0.06234,-0.00212,0.43246,0.35563,0.12641,0.12636,-0.00126,-0.19052,-0.12441,-0.25649,-0.25659,-0.00417,0.23236,0.20178,-0.10602,-0.10624,0.00414,3.30398,3.45324,-0.46286,0.24247,0.00258,5.98989,5.94702
13.2155,-2.11727,-3.99438,-2.11727,-3.99438,-2.11885,-3.99652,2.88115,1.00348,5.01203,5.02306,5.00000,5.00000,0.00000,0.00000,12,0.00026,-0.42526,-0.42515,0.00046,-0.32157,-0.26560,0.06242,0.06236,0.00249,0.42420,0.42169,0.12641,0.12635,-0.00421,-0.20481,-0.15567,-0.25649,-0.25656,0.00961,0.25547,0.23029,-0.10602,-0.10627,-0.00820,3.31268,3.39732,-0.46286,0.24248,0.00447,5.98870,5.92762
13.3168,-2.12023,-3.99826,-2.12023,-3.99826,-2.11945,-3.99705,2.88055,1.00295,5.01305,5.02450,5.00000,5.00000,0.00000,0.00000,12,0.00027,-0.42526,-0.42515,0.00120,-0.35279,-0.26837,0.06242,0.06233,-0.00701,0.41250,0.42289,0.12641,0.12639,0.01197,-0.16770,-0.08367,-0.25649,-0.25658,-0.00054,0.21519,0.35404,-0.10602,-0.10622,0.01007,3.32994,3.64787,-0.46286,0.24248,0.00278,5.98381,6.08424
13.4175,-2.12105,-4.00085,-2.12105,-4.00085,-2.12098,-3.99968,2.87902,1.00032,5.01276,5.02450,5.00000,5.00000,0.00000,0.00000,12,0.00031,-0.42526,-0.42518,-0.00874,-0.33347,-0.44417,0.06242,0.06236,0.00280,0.42528,0.36028,0.12641,0.12637,0.00284,-0.17244,-0.28023,-0.25649,-0.25659,-0.00527,0.22406,0.23387,-0.10602,-0.10625,-0.00488,3.32535,3.38275,-0.46286,0.24247,0.00029,5.94438,6.08056
13.5183,-2.12605,-4.00132,-2.12605,-4.00132,-2.12405,-4.00099,2.87595,0.99901,5.01360,5.02415,5.00000,5.00000,0.00000,0.00000,12,0.00033,-0.42526,-0.42517,-0.00627,-0.34909,-0.34157,0.06242,0.06236,0.00235,0.42099,0.28906,0.12641,0.12636,0.00065,-0.21625,-0.28021,-0.25649,-0.25657,0.00189,0.25400,0.17075,-0.10602,-0.10624,-0.00238,3.30340,3.40277,-0.46286,0.24249,0.01127,5.99400,6.00841
13.6191,-2.12120,-4.00464,-2.12120,-4.00464,-2.12336,-4.00347,2.87664,0.99653,5.01181,5.02452,5.00000,5.00000,0.00000,0.00000,12,0.00035,-0.42526,-0.42514,-0.00272,-0.32051,-0.31886,0.06242,0.06236,-0.00176,0.44412,0.40477,0.12641,0.12637,0.00125,-0.17692,-0.11249,-0.25649,-0.25657,0.00290,0.22639,0.32450,-0.10602,-0.10625,-0.00357,3.29404,3.26119,-0.46286,0.24245,-0.00562,5.92376,6.07095
13.7222,-2.12394,-4.00826,-2.12394,-4.00826,-2.12403,-4.00679,2.87597,0.99321,5.01271,5.02467,5.00000,5.00000,0.00000,0.00000,12,0.00107,-0.42526,-0.42514,0.00211,-0.30343,-0.32120,0.06242,0.06236,0.00032,0.41499,0.39492,0.12641,0.12636,-0.00030,-0.19000,-0.26525,-0.25649,-0.25659,-0.00781,0.21190,0.22864,-0.10602,-0.10625,-0.00362,3.29335,3.35990,-0.46286,0.24245,-0.00812,5.97874,6.02748
13.8235,-2.12591,-4.00883,-2.12591,-4.00883,-2.12473,-4.00787,2.87527,0.99213,5.01325,5.02446,5.00000,5.00000,0.00000,0.00000,12,0.00041,-0.42526,-0.42514,0.00143,-0.33496,-0.44398,0.06242,0.06237,-0.00085,0.41564,0.39981,0.12641,0.12635,-0.00619,-0.21386,-0.19646,-0.25649,-0.25657,0.00321,0.22630,0.20781,-0.10602,-0.10626,-0.00994,3.26445,3.16898,-0.46286,0.24247,-0.00267,5.95861,5.91813
13.9260,-2.12872,-4.00911,-2.12872,-4.00911,-2.12716,-4.00873,2.87284,0.99127,5.01343,5.02421,5.00000,5.00000,0.00000,0.00000,12,0.00029,-0.42526,-0.42513,0.00182,-0.33134,-0.22829,0.06242,0.06237,0.00146,0.42371,0.28895,0.12641,0.12636,-0.00085,-0.19264,-0.10969,-0.25649,-0.25658,-0.00665,0.21809,0.07554,-0.10602,-0.10623,0.00683,3.29753,3.35780,-0.46286,0.24246,0.00252,5.98715,5.87351
14.0265,-2.13856,-4.01150,-2.13856,-4.01150,-2.13338,-4.00980,2.86662,0.99020,5.01502,5.02479,5.00000,5.00000,0.00000,0.00000,12,0.00027,-0.42526,-0.42516,-0.01253,-0.32258,-0.20401,0.06242,0.06235,-0.00886,0.38138,0.43057,0.12641,0.12635,-0.00555,-0.21182,-0.12763,-0.25649,-0.25658,-0.00486,0.22433,0.34124,-0.10602,-0.10623,0.00389,3.31916,3.20616,-0.46286,0.24248,0.01125,5.99400,5.98423
14.1280,-2.13758,-4.01034,-2.13758,-4.01034,-2.13773,-4.00976,2.86227,0.99024,5.01276,5.02431,5.00000,5.00000,0.00000,0.00000,12,0.00030,-0.42526,-0.42514,-0.00121,-0.33884,-0.15354,0.06242,0.06237,-0.00014,0.41794,0.53149,0.12641,0.12638,0.00319,-0.20535,-0.19774,-0.25649,-0.25656,0.00699,0.24150,0.36011,-0.10602,-0.10625,-0.00147,3.25435,3.19972,-0.46286,0.24249,0.01186,5.99400,5.86713
14.2298,-2.14202,-4.01130,-2.14202,-4.01130,-2.14111,-4.01170,2.85889,0.98830,5.01323,5.02390,5.00000,5.00000,0.00000,0.00000,12,0.00028,-0.42526,-0.42514,0.00036,-0.29964,-0.35538,0.06242,0.06237,-0.00064,0.41551,0.33444,0.12641,0.12635,-0.00629,-0.21496,-0.15256,-0.25649,-0.25654,0.01534,0.24231,0.23458,-0.10602,-0.10622,0.01335,3.31409,3.17660,-0.46286,0.24246,0.00258,5.99314,6.02479
14.3302,-2.14074,-4.00625,-2.14074,-4.00625,-2.14075,-4.00859,2.85925,0.99141,5.01284,5.02305,5.00000,5.00000,0.00000,0.00000,12,0.00038,-0.42526,-0.42513,0.00355,-0.31461,-0.27490,0.06242,0.06238,0.00170,0.42558,0.40975,0.12641,0.12635,-0.00873,-0.22227,-0.19113,-0.25649,-0.25657,-0.00042,0.20951,0.18886,-0.10602,-0.10623,0.01029,3.29895,3.23660,-0.46286,0.24248,0.00952,5.97947,5.87082
14.4331,-2.13956,-4.00595,-2.13956,-4.00595,-2.13986,-4.00635,2.86014,0.99365,5.01271,5.02387,5.00000,5.00000,0.00000,0.00000,12,0.00036,-0.42526,-0.42513,0.00334,-0.28196,-0.24868,0.06242,0.06238,0.00195,0.42660,0.44128,0.12641,0.12637,-0.00243,-0.22883,-0.14788,-0.25649,-0.25657,-0.00292,0.20307,0.27100,-0.10602,-0.10626,-0.00920,3.25020,3.21697,-0.46286,0.24244,-0.00708,5.97043,5.96724
14.5345,-2.14053,-4.00389,-2.14053,-4.00389,-2.13864,-4.00407,2.86136,0.99593,5.01364,5.02395,5.00000,5.00000,0.00000,0.00000,12,0.00037,-0.42526,-0.42514,-0.00160,-0.33440,-0.40691,0.06242,0.06236,-0.00873,0.41350,0.40654,0.12641,0.12637,-0.00270,-0.19700,-0.15254,-0.25649,-0.25658,-0.00814,0.21308,0.09152,-0.10602,-0.10624,-0.00159,3.24641,3.17068,-0.46286,0.24245,-0.00180,5.94743,5.92865
14.6347,-2.13865,-4.00703,-2.13865,-4.00703,-2.13907,-4.00589,2.86093,0.99411,5.01266,5.02453,5.00000,5.00000,0.00000,0.00000,12,0.00031,-0.42526,-0.42515,-0.00997,-0.33189,-0.18356,0.06242,0.06239,0.00560,0.40908,0.46072,0.12641,0.12636,-0.00036,-0.19367,-0.16703,-0.25649,-0.25655,0.00398,0.23165,0.34389,-0.10602,-0.10623,0.00152,3.29098,3.16424,-0.46286,0.24247,0.00555,5.96555,6.10654
14.7367,-2.14148,-4.00633,-2.14148,-4.00633,-2.14048,-4.00629,2.85952,0.99371,5.01327,5.02405,5.00000,5.00000,0.00000,0.00000,12,0.00035,-0.42526,-0.42511,0.01105,-0.27602,-0.43463,0.06242,0.06238,0.00128,0.42665,0.50497,0.12641,0.12638,0.00145,-0.21227,-0.20738,-0.25649,-0.25656,0.00140,0.21915,0.12190,-0.10602,-0.10625,-0.00409,3.26266,3.34167,-0.46286,0.24245,-0.00043,5.95311,5.95885
14.8373,-2.14238,-4.00244,-2.14238,-4.00244,-2.14200,-4.00378,2.85800,0.99623,5.01302,5.02345,5.00000,5.00000,0.00000,0.00000,12,0.00033,-0.42526,-0.42515,-0.00769,-0.32289,-0.33669,0.06242,0.06239,0.00770,0.41852,0.39403,0.12641,0.12637,-0.00239,-0.19885,-0.14241,-0.25649,-0.25658,-0.01144,0.16441,0.01836,-0.10602,-0.10626,-0.00868,3.24147,3.40999,-0.46286,0.24247,0.00671,5.98622,5.84103
14.9380,-2.14341,-3.99917,-2.14341,-3.99917,-2.14306,-4.00069,2.85694,0.99931,5.01301,5.02335,5.00000,5.00000,0.00000,0.00000,12,0.00029,-0.42526,-0.42513,-0.00212,-0.32376,-0.27909,0.06242,0.06240,0.00718,0.41882,0.41589,0.12641,0.12636,-0.00577,-0.21225,-0.14541,-0.25649,-0.25655,0.00440,0.22940,0.22817,-0.10602,-0.10624,-0.00010,3.24256,3.28442,-0.46286,0.24246,0.00254,5.96830,5.99972
15.0390,-2.14583,-3.99757,-2.14583,-3.99757,-2.14426,-3.99801,2.85574,1.00199,5.01354,5.02380,5.00000,5.00000,0.00000,0.00000,12,0.00030,-0.42526,-0.42514,-0.00879,-0.31686,-0.29799,0.06242,0.06237,-0.00521,0.42881,0.43284,0.12641,0.12638,-0.00303,-0.22808,-0.37510,-0.25649,-0.25656,0.00192,0.21853,0.17627,-0.10602,-0.10624,0.00135,3.26323,3.37305,-0.46286,0.24246,0.00607,5.99400,6.01669
15.1409,-2.14422,-3.99773,-2.14422,-3.99773,-2.14368,-3.99761,2.85632,1.00239,5.01309,5.02403,5.00000,5.00000,0.00000,0.00000,12,0.00103,-0.42526,-0.42511,0.00682,-0.28384,-0.40123,0.06242,0.06238,-0.00203,0.41178,0.55526,0.12641,0.12638,0.00052,-0.21623,-0.14243,-0.25649,-0.25655,0.00290,0.22524,0.16245,-0.10602,-0.10623,0.00264,3.25096,3.38475,-0.46286,0.24245,-0.00618,5.96780,5.91612
15.2420,-2.14610,-3.99574,-2.14610,-3.99574,-2.14524,-3.99582,2.85476,1.00418,5.01324,5.02394,5.00000,5.00000,0.00000,0.00000,12,0.00034,-0.42526,-0.42511,0.01017,-0.27188,-0.31233,0.06242,0.06239,-0.00000,0.42081,0.42657,0.12641,0.12635,-0.01321,-0.24140,-0.15298,-0.25649,-0.25658,-0.00924,0.20212,0.37685,-0.10602,-0.10624,0.00098,3.26911,3.33867,-0.46286,0.24245,-0.00411,5.95236,6.00984
15.3452,-2.14890,-3.99633,-2.14890,-3.99633,-2.14772,-3.99591,2.85228,1.00409,5.01339,5.02416,5.00000,5.00000,0.00000,0.00000,12,0.00026,-0.42526,-0.42513,-0.00126,-0.31592,-0.21342,0.06242,0.06239,-0.00257,0.41509,0.36086,0.12641,0.12636,-0.00631,-0.21849,-0.23204,-0.25649,-0.25656,-0.00229,0.20100,0.12960,-0.10602,-0.10623,0.00607,3.29050,3.29855,-0.46286,0.24244,-0.00594,5.96306,6.08813
15.4457,-2.15307,-3.99622,-2.15307,-3.99622,-2.15043,-3.99643,2.84957,1.00357,5.01403,5.02389,5.00000,5.00000,0.00000,0.00000,12,0.00028,-0.42526,-0.42511,0.00597,-0.28397,-0.28926,0.06242,0.06238,-0.00501,0.39929,0.32997,0.12641,0.12637,0.00138,-0.21974,-0.27647,-0.25649,-0.25655,-0.00115,0.21125,0.17851,-0.10602,-0.10624,0.00117,3.26223,3.14857,-0.46286,0.24246,-0.00172,5.92481,5.90446
15.5469,-2.15420,-3.99424,-2.15420,-3.99424,-2.15203,-3.99443,2.84797,1.00558,5.01384,5.02389,5.00000,5.00000,0.00000,0.00000,12,0.00028,-0.42526,-0.42513,0.00028,-0.30769,-0.27826,0.06242,0.06240,0.00148,0.43044,0.34807,0.12641,0.12637,0.00054,-0.18961,-0.21855,-0.25649,-0.25655,-0.00088,0.20982,0.30038,-0.10602,-0.10626,-0.00914,3.22148,3.23966,-0.46286,0.24248,0.01338,5.99400,6.06293
15.6483,-2.15226,-3.99238,-2.15226,-3.99238,-2.15258,-3.99321,2.84742,1.00679,5.01278,5.02360,5.00000,5.00000,0.00000,0.00000,12,0.00034,-0.42526,-0.42513,-0.00032,-0.27726,-0.22317,0.06242,0.06240,0.00074,0.42984,0.40381,0.12641,0.12638,0.00014,-0.18857,-0.13627,-0.25649,-0.25654,-0.00074,0.21204,0.20950,-0.10602,-0.10624,-0.00019,3.22558,3.39095,-0.46286,0.24247,0.01056,5.98629,6.00421
15.7494,-2.15350,-3.99163,-2.15350,-3.99163,-2.15297,-3.99154,2.84703,1.00846,5.01314,5.02399,5.00000,5.00000,0.00000,0.00000,12,0.00025,-0.42526,-0.42513,-0.00113,-0.30965,-0.33436,0.06242,0.06239,0.00460,0.43875,0.39700,0.12641,0.12638,0.00148,-0.18105,-0.06506,-0.25649,-0.25653,-0.00115,0.21703,0.29866,-0.10602,-0.10624,-0.00311,3.27495,3.44372,-0.46286,0.24245,0.00109,5.98012,5.99142
15.8530,-2.14971,-3.99186,-2.14971,-3.99186,-2.15107,-3.99224,2.84893,1.00776,5.01232,5.02379,5.00000,5.00000,0.00000,0.00000,12,0.00029,-0.42526,-0.42513,-0.00038,-0.27182,-0.15176,0.06242,0.06239,0.00092,0.42556,0.37335,0.12641,0.12636,-0.00359,-0.20755,-0.26821,-0.25649,-0.25651,0.00777,0.22305,0.26410,-0.10602,-0.10624,0.00147,3.22068,3.28288,-0.46286,0.24247,0.00954,5.96462,5.88424
15.9546,-2.14573,-3.99046,-2.14573,-3.99046,-2.14815,-3.99136,2.85185,1.00864,5.01185,5.02356,5.00000,5.00000,0.00000,0.00000,12,0.00033,-0.42526,-0.42515,-0.00747,-0.33608,-0.32923,0.06242,0.06240,0.00023,0.40109,0.45107,0.12641,0.12636,-0.00417,-0.21001,-0.20052,-0.25649,-0.25654,-0.00227,0.20708,0.23546,-0.10602,-0.10623,0.00934,3.25230,3.06383,-0.46286,0.24245,0.00524,5.98945,6.03489
16.0571,-2.14364,-3.99020,-2.14364,-3.99020,-2.14439,-3.99103,2.85561,1.00897,5.01255,5.02359,5.00000,5.00000,0.00000,0.00000,12,0.00115,-0.42526,-0.42513,-0.00331,-0.28203,-0.04551,0.06242,0.06239,-0.00332,0.41249,0.35311,0.12641,0.12637,-0.00032,-0.19538,-0.12015,-0.25649,-0.25652,0.00467,0.24062,0.23154,-0.10602,-0.10626,-0.00513,3.21855,3.04932,-0.46286,0.24246,0.00502,5.97574,6.09035
16.1574,-2.13917,-3.99197,-2.13917,-3.99197,-2.14111,-3.99257,2.85889,1.00743,5.01202,5.02370,5.00000,5.00000,0.00000,0.00000,12,0.00027,-0.42526,-0.42514,-0.00412,-0.28561,-0.27402,0.06242,0.06241,0.00631,0.45122,0.52356,0.12641,0.12638,0.00162,-0.21535,-0.28249,-0.25649,-0.25653,0.00006,0.18732,0.13037,-0.10602,-0.10625,-0.00146,3.23327,3.35148,-0.46286,0.24246,0.00306,5.98621,5.95903
16.2584,-2.13812,-3.99154,-2.13812,-3.99154,-2.13822,-3.99125,2.86178,1.00875,5.01278,5.02407,5.00000,5.00000,0.00000,0.00000,12,0.00029,-0.42526,-0.42513,-0.00145,-0.30424,-0.29087,0.06242,0.06241,0.00654,0.41929,0.35678,0.12641,0.12639,0.00226,-0.21007,-0.12113,-0.25649,-0.25652,0.00685,0.21453,0.20208,-0.10602,-0.10624,-0.00004,3.20844,3.29836,-0.46286,0.24245,-0.00274,5.93337,6.00234
16.3612,-2.13599,-3.99178,-2.13599,-3.99178,-2.13724,-3.99139,2.86276,1.00861,5.01229,5.02412,5.00000,5.00000,0.00000,0.00000,12,0.00029,-0.42526,-0.42513,0.00480,-0.27984,-0.30676,0.06242,0.06239,-0.00615,0.40389,0.36015,0.12641,0.12638,0.00093,-0.21594,-0.25954,-0.25649,-0.25655,-0.01006,0.21164,0.17820,-0.10602,-0.10624,0.00582,3.25664,3.34167,-0.46286,0.24245,0.00038,5.95848,5.87780
16.4645,-2.13616,-3.99038,-2.13616,-3.99038,-2.13712,-3.99110,2.86288,1.00890,5.01241,5.02364,5.00000,5.00000,0.00000,0.00000,12,0.00074,-0.42526,-0.42511,0.00719,-0.26383,-0.28436,0.06242,0.06241,0.00261,0.43360,0.48854,0.12641,0.12639,0.00989,-0.18381,-0.19431,-0.25649,-0.25652,0.00405,0.20350,0.29774,-0.10602,-0.10624,0.00315,3.21399,3.28327,-0.46286,0.24245,0.00139,5.97522,5.96795
16.5643,-2.13757,-3.99341,-2.13757,-3.99341,-2.13717,-3.99186,2.86283,1.00814,5.01299,5.02461,5.00000,5.00000,0.00000,0.00000,12,0.00026,-0.42526,-0.42511,0.01057,-0.24952,-0.27851,0.06242,0.06242,0.00716,0.42635,0.41757,0.12641,0.12639,0.00423,-0.20254,-0.21182,-0.25649,-0.25652,0.00037,0.22482,0.33155,-0.10602,-0.10625,-0.00243,3.21762,3.12554,-0.46286,0.24245,0.00226,5.97468,5.94750
16.6665,-2.13841,-3.99341,-2.13841,-3.99341,-2.13888,-3.99340,2.86112,1.00660,5.01263,5.02396,5.00000,5.00000,0.00000,0.00000,12,0.00027,-0.42526,-0.42514,-0.00451,-0.28027,-0.37766,0.06242,0.06240,-0.00075,0.39287,0.46396,0.12641,0.12638,0.00012,-0.22136,-0.24292,-0.25649,-0.25653,0.00133,0.18999,0.19432,-0.10602,-0.10625,-0.00009,3.19284,3.27394,-0.46286,0.24243,-0.00855,5.95064,5.90601
16.7681,-2.13514,-3.99372,-2.13514,-3.99372,-2.13685,-3.99383,2.86315,1.00617,5.01208,5.02392,5.00000,5.00000,0.00000,0.00000,12,0.00028,-0.42526,-0.42514,-0.00925,-0.29289,-0.45338,0.06242,0.06240,-0.00053,0.42162,0.37705,0.12641,0.12637,-0.00383,-0.20652,-0.27047,-0.25649,-0.25653,-0.00149,0.21324,0.18371,-0.10602,-0.10625,-0.00328,3.20746,3.18101,-0.46286,0.24244,0.00233,5.98644,6.15802
16.8707,-2.13340,-3.99524,-2.13340,-3.99524,-2.13419,-3.99507,2.86581,1.00493,5.01247,5.02404,5.00000,5.00000,0.00000,0.00000,12,0.00194,-0.42526,-0.42512,0.00565,-0.26481,-0.22754,0.06242,0.06239,-0.00307,0.41259,0.32077,0.12641,0.12637,-0.00543,-0.24800,-0.14894,-0.25649,-0.25652,0.00046,0.22150,0.26802,-0.10602,-0.10626,-0.00416,3.20184,3.16340,-0.46286,0.24246,0.00881,5.99400,6.05632
16.9693,-2.14047,-4.00171,-2.14047,-4.00171,-2.13979,-4.00082,2.86021,0.99918,5.01313,5.02439,5.00000,5.00000,0.00000,0.00000,12,0.00026,-0.42526,-0.42512,0.00123,-0.27930,-0.31157,0.06242,0.06240,-0.00294,0.41503,0.50980,0.12641,0.12636,-0.01128,-0.23929,-0.29204,-0.25649,-0.25655,-0.00711,0.18503,0.21965,-0.10602,-0.10625,-0.00439,3.23488,3.16262,-0.46286,0.24246,0.00654,5.96881,5.98999
17.0704,-2.14211,-4.00279,-2.14211,-4.00279,-2.14078,-4.00250,2.85922,0.99750,5.01341,5.02414,5.00000,5.00000,0.00000,0.00000,12,0.00037,-0.42526,-0.42512,0.00430,-0.26452,-0.25233,0.06242,0.06241,-0.00004,0.42926,0.36418,0.12641,0.12638,0.00126,-0.18984,-0.12369,-0.25649,-0.25653,-0.00263,0.20906,0.19582,-0.10602,-0.10622,0.00664,3.21622,3.20037,-0.46286,0.24245,0.00201,5.97653,5.90859
17.1734,-2.14152,-4.00225,-2.14152,-4.00225,-2.14144,-4.00252,2.85856,0.99748,5.01288,5.02390,5.00000,5.00000,0.00000,0.00000,12,0.00099,-0.42526,-0.42511,0.00675,-0.28586,-0.10508,0.06242,0.06242,0.00223,0.43995,0.34558,0.12641,0.12638,0.00130,-0.18813,-0.20732,-0.25649,-0.25652,0.00160,0.22476,0.06824,-0.10602,-0.10623,0.00156,3.22482,3.12004,-0.46286,0.24243,-0.00748,5.96956,5.90258
17.2740,-2.14035,-4.00176,-2.14035,-4.00176,-2.14148,-4.00301,2.85852,0.99699,5.01237,5.02348,5.00000,5.00000,0.00000,0.00000,12,0.00031,-0.42526,-0.42511,0.00273,-0.26501,-0.11773,0.06242,0.06242,0.00171,0.43864,0.32294,0.12641,0.12638,0.00164,-0.21989,-0.20401,-0.25649,-0.25652,-0.00083,0.21848,0.25175,-0.10602,-0.10623,0.00513,3.20201,3.26024,-0.46286,0.24245,0.00480,5.98673,5.86734
17.3755,-2.14782,-4.00232,-2.14782,-4.00232,-2.14573,-4.00293,2.85427,0.99707,5.01377,5.02376,5.00000,5.00000,0.00000,0.00000,12,0.00028,-0.42526,-0.42513,-0.00033,-0.28478,-0.14603,0.06242,0.06241,-0.00013,0.43000,0.27098,0.12641,0.12639,0.00141,-0.21533,-0.27168,-0.25649,-0.25654,-0.00951,0.18037,0.24532,-0.10602,-0.10624,-0.00001,3.21129,3.15197,-0.46286,0.24246,0.00639,5.99400,6.02331
17.4763,-2.14586,-4.00370,-2.14586,-4.00370,-2.14624,-4.00268,2.85376,0.99732,5.01271,5.02445,5.00000,5.00000,0.00000,0.00000,12,0.00028,-0.42526,-0.42513,-0.00135,-0.28611,-0.32731,0.06242,0.06242,0.00751,0.42845,0.41933,0.12641,0.12639,0.00277,-0.21398,-0.22288,-0.25649,-0.25652,-0.00410,0.20698,0.25296,-0.10602,-0.10624,-0.00244,3.19938,3.15086,-0.46286,0.24244,0.00005,5.99400,5.92983
17.5767,-2.14612,-4.00354,-2.14612,-4.00354,-2.14693,-4.00387,2.85307,0.99613,5.01254,5.02389,5.00000,5.00000,0.00000,0.00000,12,0.00027,-0.42526,-0.42512,0.00513,-0.25587,-0.23832,0.06242,0.06242,0.00414,0.41326,0.27392,0.12641,0.12638,0.00155,-0.22120,-0.25729,-0.25649,-0.25652,-0.00236,0.17920,0.13364,-0.10602,-0.10627,-0.01257,3.14877,3.14350,-0.46286,0.24245,0.00655,5.99217,5.92111
17.6771,-2.14655,-4.00286,-2.14655,-4.00286,-2.14572,-4.00293,2.85428,0.99707,5.01323,5.02399,5.00000,5.00000,0.00000,0.00000,12,0.00028,-0.42526,-0.42514,-0.00821,-0.27379,-0.35887,0.06242,0.06241,0.00037,0.39807,0.36074,0.12641,0.12639,0.00644,-0.19879,-0.20447,-0.25649,-0.25653,-0.00717,0.19125,0.24937,-0.10602,-0.10623,0.00544,3.19353,3.20926,-0.46286,0.24245,0.00289,5.97965,5.99009
17.7777,-2.14425,-4.00527,-2.14425,-4.00527,-2.14491,-4.00480,2.85509,0.99520,5.01259,5.02423,5.00000,5.00000,0.00000,0.00000,12,0.00027,-0.42526,-0.42512,0.00468,-0.25442,-0.26118,0.06242,0.06242,0.00408,0.41434,0.37651,0.12641,0.12638,-0.00127,-0.19789,-0.26240,-0.25649,-0.25650,0.00803,0.22327,0.24771,-0.10602,-0.10626,-0.01195,3.15104,3.07462,-0.46286,0.24244,-0.00137,5.96308,5.96471
17.8803,-2.14868,-4.00684,-2.14868,-4.00684,-2.14680,-4.00649,2.85320,0.99351,5.01369,5.02419,5.00000,5.00000,0.00000,0.00000,12,0.00037,-0.42526,-0.42513,-0.00377,-0.25402,-0.40320,0.06242,0.06240,-0.00352,0.38186,0.45449,0.12641,0.12639,0.00313,-0.21360,-0.11626,-0.25649,-0.25653,-0.00664,0.19088,0.19740,-0.10602,-0.10624,0.00002,3.16185,3.21015,-0.46286,0.24244,-0.00223,5.97937,6.03761
17.9829,-2.15000,-4.00672,-2.15000,-4.00672,-2.14842,-4.00683,2.85158,0.99317,5.01357,5.02399,5.00000,5.00000,0.00000,0.00000,12,0.00038,-0.42526,-0.42512,0.00802,-0.27224,-0.42614,0.06242,0.06242,0.00261,0.40784,0.51813,0.12641,0.12638,0.00081,-0.22228,-0.35024,-0.25649,-0.25652,-0.00038,0.18702,0.19057,-0.10602,-0.10623,0.00089,3.19964,3.31958,-0.46286,0.24242,-0.00798,5.90411,5.83009
18.0853,-2.14833,-4.00407,-2.14833,-4.00407,-2.14971,-4.00473,2.85029,0.99527,5.01231,5.02374,5.00000,5.00000,0.00000,0.00000,12,0.00033,-0.42526,-0.42514,-0.00696,-0.26815,-0.29862,0.06242,0.06241,-0.00096,0.39164,0.39266,0.12641,0.12639,0.00373,-0.21203,-0.15459,-0.25649,-0.25652,-0.00366,0.20674,0.25358,-0.10602,-0.10622,0.00628,3.18782,3.19834,-0.46286,0.24242,-0.00652,5.98216,6.05746
18.1867,-2.14687,-4.00577,-2.14687,-4.00577,-2.14688,-4.00512,2.85312,0.99488,5.01288,5.02431,5.00000,5.00000,0.00000,0.00000,12,0.00031,-0.42526,-0.42513,0.00185,-0.23001,-0.31069,0.06242,0.06242,0.00332,0.41067,0.39150,0.12641,0.12640,0.00675,-0.19589,-0.28377,-0.25649,-0.25651,0.00288,0.20124,0.22438,-0.10602,-0.10623,0.00488,3.20826,3.08301,-0.46286,0.24246,0.01215,5.99400,6.02789
18.2870,-2.14527,-4.00543,-2.14527,-4.00543,-2.14738,-4.00558,2.85262,0.99442,5.01198,5.02397,5.00000,5.00000,0.00000,0.00000,12,0.00032,-0.42526,-0.42512,0.00484,-0.24826,-0.22606,0.06242,0.06242,0.00538,0.41937,0.58405,0.12641,0.12636,-0.00651,-0.22546,-0.22090,-0.25649,-0.25653,-0.00650,0.19285,0.08056,-0.10602,-0.10623,0.00823,3.18573,2.95373,-0.46286,0.24243,-0.00240,5.95941,6.08092
18.3881,-2.14583,-4.00686,-2.14583,-4.00686,-2.14688,-4.00583,2.85312,0.99417,5.01243,5.02448,5.00000,5.00000,0.00000,0.00000,12,0.00030,-0.42526,-0.42512,0.00437,-0.24726,-0.24325,0.06242,0.06243,0.00266,0.41590,0.51705,0.12641,0.12638,-0.00350,-0.20860,-0.19854,-0.25649,-0.25650,0.00670,0.21718,0.38787,-0.10602,-0.10625,-0.00329,3.20058,3.23363,-0.46286,0.24244,-0.00202,5.97864,5.82050
18.4900,-2.14782,-4.00565,-2.14782,-4.00565,-2.14721,-4.00620,2.85279,0.99380,5.01314,5.02380,5.00000,5.00000,0.00000,0.00000,12,0.00036,-0.42526,-0.42512,0.00046,-0.25589,-0.30365,0.06242,0.06241,-0.00133,0.39434,0.43772,0.12641,0.12639,0.00360,-0.21412,-0.24542,-0.25649,-0.25652,-0.00035,0.18397,0.20679,-0.10602,-0.10624,-0.00086,3.14638,3.11298,-0.46286,0.24243,-0.00178,5.97711,6.03883
18.5920,-2.15282,-4.00996,-2.15282,-4.00996,-2.15102,-4.00840,2.84898,0.99160,5.01367,5.02472,5.00000,5.00000,0.00000,0.00000,12,0.00038,-0.42526,-0.42512,0.01014,-0.22425,-0.12287,0.06242,0.06240,-0.00615,0.37086,0.37315,0.12641,0.12638,-0.00424,-0.21208,-0.18894,-0.25649,-0.25653,-0.00646,0.19261,0.26410,-0.10602,-0.10623,0.00239,3.18827,3.26616,-0.46286,0.24240,-0.01909,5.95509,5.98302
18.6953,-2.15388,-4.01126,-2.15388,-4.01126,-2.15219,-4.00980,2.84781,0.99020,5.01364,5.02468,5.00000,5.00000,0.00000,0.00000,12,0.00168,-0.42526,-0.42511,0.00652,-0.23126,-0.20444,0.06242,0.06240,-0.00359,0.41392,0.39106,0.12641,0.12638,-0.00111,-0.20273,-0.31103,-0.25649,-0.25652,-0.00366,0.20604,0.25068,-0.10602,-0.10624,-0.00161,3.16758,3.31103,-0.46286,0.24242,-0.00502,5.97634,5.95596
18.7953,-2.15242,-4.01069,-2.15242,-4.01069,-2.15374,-4.01068,2.84626,0.98932,5.01235,5.02407,5.00000,5.00000,0.00000,0.00000,12,0.00031,-0.42526,-0.42512,-0.00227,-0.26151,-0.36511,0.06242,0.06242,0.00422,0.41581,0.45600,0.12641,0.12639,0.00528,-0.20650,-0.20111,-0.25649,-0.25650,0.00326,0.20274,0.22035,-0.10602,-0.10624,-0.00173,3.16687,3.37375,-0.46286,0.24245,0.00511,5.97211,5.85218
18.8959,-2.15217,-4.01060,-2.15217,-4.01060,-2.15243,-4.01010,2.84757,0.98990,5.01280,5.02428,5.00000,5.00000,0.00000,0.00000,12,0.00025,-0.42526,-0.42512,0.00275,-0.21163,-0.09630,0.06242,0.06241,-0.00039,0.42887,0.48827,0.12641,0.12639,0.00154,-0.22105,-0.24022,-0.25649,-0.25652,-0.00483,0.20231,0.26213,-0.10602,-0.10622,0.00967,3.17557,3.19201,-0.46286,0.24244,-0.00148,5.99400,6.02436
18.9969,-2.14938,-4.01331,-2.14938,-4.01331,-2.15085,-4.01187,2.84915,0.98813,5.01228,5.02469,5.00000,5.00000,0.00000,0.00000,12,0.00026,-0.42526,-0.42514,-0.00122,-0.26388,-0.44468,0.06242,0.06243,0.00529,0.42261,0.37216,0.12641,0.12639,0.00392,-0.21198,-0.24628,-0.25649,-0.25650,0.00329,0.20209,0.16060,-0.10602,-0.10626,-0.00844,3.12994,3.16466,-0.46286,0.24246,0.00976,5.99400,6.06185
19.0975,-2.14564,-4.01523,-2.14564,-4.01523,-2.14717,-4.01395,2.85283,0.98606,5.01223,5.02463,5.00000,5.00000,0.00000,0.00000,12,0.00031,-0.42526,-0.42514,-0.00391,-0.24102,-0.17210,0.06242,0.06242,0.00121,0.40389,0.45395,0.12641,0.12639,0.00143,-0.22281,-0.27606,-0.25649,-0.25652,-0.00372,0.20553,0.27959,-0.10602,-0.10626,-0.00806,3.13102,3.23449,-0.46286,0.24244,-0.00162,5.96496,5.82848
19.1982,-2.14639,-4.01577,-2.14639,-4.01577,-2.14515,-4.01503,2.85485,0.98497,5.01340,5.02441,5.00000,5.00000,0.00000,0.00000,12,0.00026,-0.42526,-0.42513,0.00084,-0.25298,-0.30224,0.06242,0.06242,0.00135,0.40348,0.43572,0.12641,0.12638,-0.00290,-0.20561,-0.27078,-0.25649,-0.25650,0.00233,0.19922,0.21127,-0.10602,-0.10622,0.00574,3.15687,3.26818,-0.46286,0.24245,0.00786,5.98610,6.07476
19.3030,-2.14755,-4.01996,-2.14755,-4.01996,-2.14712,-4.01835,2.85288,0.98165,5.01307,5.02480,5.00000,5.00000,0.00000,0.00000,12,0.00029,-0.42526,-0.42515,-0.00570,-0.24646,-0.27853,0.06242,0.06243,0.00637,0.42778,0.35134,0.12641,0.12640,0.01107,-0.21836,-0.10722,-0.25649,-0.25652,-0.00084,0.21381,0.21446,-0.10602,-0.10623,0.00376,3.17572,3.06748,-0.46286,0.24242,-0.00591,5.95890,6.06344
19.4054,-2.14926,-4.01767,-2.14926,-4.01767,-2.14829,-4.01868,2.85171,0.98132,5.01331,5.02368,5.00000,5.00000,0.00000,0.00000,12,0.00035,-0.42526,-0.42514,-0.00368,-0.23605,-0.26240,0.06242,0.06242,0.00073,0.40158,0.32332,0.12641,0.12638,-0.00216,-0.20652,-0.11931,-0.25649,-0.25652,-0.00710,0.16106,0.19233,-0.10602,-0.10625,-0.00204,3.11478,3.18232,-0.46286,0.24243,-0.00424,5.98287,5.91403
19.5076,-2.14608,-4.01882,-2.14608,-4.01882,-2.14796,-4.01847,2.85204,0.98153,5.01208,5.02426,5.00000,5.00000,0.00000,0.00000,12,0.00112,-0.42526,-0.42512,0.00418,-0.22895,-0.28906,0.06242,0.06244,0.00516,0.42588,0.43223,0.12641,0.12640,0.00501,-0.20609,-0.25468,-0.25649,-0.25651,-0.00483,0.20219,0.11917,-0.10602,-0.10624,-0.00247,3.14426,3.11410,-0.46286,0.24243,-0.00097,5.97828,5.88340
19.6075,-2.14578,-4.01852,-2.14578,-4.01852,-2.14578,-4.01788,2.85422,0.98212,5.01287,5.02438,5.00000,5.00000,0.00000,0.00000,12,0.00025,-0.42526,-0.42513,-0.00298,-0.25875,-0.23546,0.06242,0.06242,0.00139,0.40585,0.39837,0.12641,0.12640,0.00691,-0.20046,-0.26443,-0.25649,-0.25650,0.00276,0.20222,0.13675,-0.10602,-0.10625,-0.00316,3.10390,3.17133,-0.46286,0.24245,0.00865,5.97508,5.97143
19.7081,-2.14322,-4.01724,-2.14322,-4.01724,-2.14297,-4.01709,2.85703,0.98291,5.01297,5.02417,5.00000,5.00000,0.00000,0.00000,12,0.00026,-0.42526,-0.42514,-0.00790,-0.24508,-0.11375,0.06242,0.06241,-0.00522,0.41054,0.46591,0.12641,0.12639,0.00464,-0.21101,-0.28981,-0.25649,-0.25651,-0.00078,0.21729,0.06249,-0.10602,-0.10622,0.00859,3.15322,3.08203,-0.46286,0.24244,0.00326,5.97245,5.79467
19.8086,-2.14119,-4.01598,-2.14119,-4.01598,-2.14260,-4.01686,2.85740,0.98314,5.01225,5.02373,5.00000,5.00000,0.00000,0.00000,12,0.00039,-0.42526,-0.42514,-0.00077,-0.21768,-0.18459,0.06242,0.06243,0.00593,0.42636,0.45035,0.12641,0.12638,-0.00014,-0.23015,-0.28056,-0.25649,-0.25651,-0.00093,0.18420,0.22691,-0.10602,-0.10624,-0.00329,3.13521,3.00855,-0.46286,0.24244,0.00092,5.98107,6.00224
19.9133,-2.14625,-4.01639,-2.14625,-4.01639,-2.14433,-4.01669,2.85567,0.98331,5.01369,5.02397,5.00000,5.00000,0.00000,0.00000,12,0.00032,-0.42526,-0.42512,0.00189,-0.23166,-0.23617,0.06242,0.06243,0.00735,0.42910,0.40958,0.12641,0.12639,0.00325,-0.21601,-0.20764,-0.25649,-0.25650,0.00313,0.20049,0.10436,-0.10602,-0.10624,-0.00211,3.10487,3.07686,-0.46286,0.24241,-0.01012,5.97609,5.86984
20.0177,-2.14658,-4.01750,-2.14658,-4.01750,-2.14633,-4.01678,2.85367,0.98322,5.01298,5.02441,5.00000,5.00000,0.00000,0.00000,12,0.00177,-0.42526,-0.42513,-0.00466,-0.22575,-0.21927,0.06242,0.06241,-0.00482,0.41147,0.34675,0.12641,0.12638,-0.00015,-0.23215,-0.19425,-0.25649,-0.25650,0.00365,0.20477,0.36562,-0.10602,-0.10624,-0.00305,3.12997,3.17776,-0.46286,0.24243,-0.00502,5.93861,5.96875
20.1166,-2.14760,-4.01759,-2.14760,-4.01759,-2.14880,-4.01703,2.85120,0.98297,5.01238,5.02434,5.00000,5.00000,0.00000,0.00000,12,0.00027,-0.42526,-0.42513,-0.00233,-0.21500,-0.22091,0.06242,0.06242,-0.00137,0.39589,0.38909,0.12641,0.12637,-0.00413,-0.21983,-0.24129,-0.25649,-0.25650,-0.00010,0.18843,0.25374,-0.10602,-0.10623,0.00401,3.12192,3.01332,-0.46286,0.24243,-0.00340,5.94671,5.75215
20.2177,-2.14425,-4.01850,-2.14425,-4.01850,-2.14677,-4.01817,2.85323,0.98183,5.01180,5.02425,5.00000,5.00000,0.00000,0.00000,12,0.00027,-0.42526,-0.42515,-0.01115,-0.22197,-0.25760,0.06242,0.06241,-0.00387,0.41826,0.44125,0.12641,0.12636,-0.01394,-0.22148,-0.11975,-0.25649,-0.25649,0.00523,0.21168,0.26012,-0.10602,-0.10623,0.00134,3.14307,3.03063,-0.46286,0.24245,0.00475,5.98157,6.07849
20.3193,-2.14378,-4.01901,-2.14378,-4.01901,-2.14508,-4.01892,2.85492,0.98108,5.01231,5.02415,5.00000,5.00000,0.00000,0.00000,12,0.00031,-0.42526,-0.42514,0.00030,-0.20722,-0.28879,0.06242,0.06241,-0.00267,0.38740,0.43032,0.12641,0.12638,-0.00051,-0.20249,-0.30511,-0.25649,-0.25651,-0.00281,0.17399,0.16187,-0.10602,-0.10622,0.00730,3.13395,3.15506,-0.46286,0.24245,0.00576,5.97069,5.87533
20.4196,-2.14320,-4.01817,-2.14320,-4.01817,-2.14386,-4.01893,2.85614,0.98107,5.01258,5.02379,5.00000,5.00000,0.00000,0.00000,12,0.00026,-0.42526,-0.42513,0.00120,-0.23217,-0.23779,0.06242,0.06242,-0.00182,0.42553,0.44222,0.12641,0.12638,-0.00362,-0.21589,-0.12746,-0.25649,-0.25650,0.00440,0.20570,0.08466,-0.10602,-0.10625,-0.00559,3.10800,3.00656,-0.46286,0.24242,-0.00581,5.96937,6.04744
20.5241,-2.14137,-4.02188,-2.14137,-4.02188,-2.14335,-4.02146,2.85665,0.97854,5.01201,5.02431,5.00000,5.00000,0.00000,0.00000,12,0.00027,-0.42526,-0.42512,0.00624,-0.20714,-0.26958,0.06242,0.06243,0.00369,0.41769,0.37680,0.12641,0.12638,-0.00493,-0.21860,-0.18688,-0.25649,-0.25650,0.00373,0.20469,0.16261,-0.10602,-0.10622,0.00552,3.12185,2.96711,-0.46286,0.24245,0.00400,5.96221,5.95912
20.6255,-2.14317,-4.02295,-2.14317,-4.02295,-2.14172,-4.02254,2.85828,0.97746,5.01347,5.02431,5.00000,5.00000,0.00000,0.00000,12,0.00029,-0.42526,-0.42513,0.00153,-0.19523,-0.15668,0.06242,0.06241,-0.00706,0.40402,0.40300,0.12641,0.12638,-0.00808,-0.22820,-0.26139,-0.25649,-0.25649,0.00563,0.21477,0.25602,-0.10602,-0.10623,0.00164,3.13401,2.98057,-0.46286,0.24243,-0.00313,5.97803,6.12504
20.7275,-2.14346,-4.02276,-2.14346,-4.02276,-2.14341,-4.02276,2.85659,0.97724,5.01288,5.02414,5.00000,5.00000,0.00000,0.00000,12,0.00166,-0.42526,-0.42512,0.00369,-0.21532,-0.18828,0.06242,0.06244,0.01232,0.41971,0.38801,0.12641,0.12638,-0.00461,-0.21986,-0.21494,-0.25649,-0.25650,-0.00362,0.21050,0.28931,-0.10602,-0.10623,0.00298,3.10564,3.21410,-0.46286,0.24242,-0.00663,5.96426,5.89200
20.8281,-2.14154,-4.02407,-2.14154,-4.02407,-2.14236,-4.02380,2.85764,0.97620,5.01250,5.02426,5.00000,5.00000,0.00000,0.00000,12,0.00043,-0.42526,-0.42514,-0.00225,-0.21010,-0.26889,0.06242,0.06241,-0.00272,0.38895,0.35368,0.12641,0.12640,0.00151,-0.22140,-0.17920,-0.25649,-0.25650,0.00113,0.19339,0.32307,-0.10602,-0.10623,-0.00306,3.11332,3.24163,-0.46286,0.24242,-0.00613,5.96927,5.86691
20.9288,-2.14407,-4.02758,-2.14407,-4.02758,-2.14324,-4.02661,2.85676,0.97339,5.01321,5.02458,5.00000,5.00000,0.00000,0.00000,12,0.00026,-0.42526,-0.42512,0.00530,-0.20803,-0.16161,0.06242,0.06241,-0.00359,0.41452,0.48546,0.12641,0.12640,0.00400,-0.21300,-0.15531,-0.25649,-0.25650,-0.00295,0.18190,0.13965,-0.10602,-0.10626,-0.01140,3.06834,3.10956,-0.46286,0.24246,0.01168,5.99400,5.98376
21.0311,-2.14235,-4.02590,-2.14235,-4.02590,-2.14300,-4.02678,2.85700,0.97322,5.01258,5.02378,5.00000,5.00000,0.00000,0.00000,12,0.00030,-0.42526,-0.42512,0.00813,-0.19462,-0.15500,0.06242,0.06241,-0.00252,0.42092,0.54147,0.12641,0.12638,-0.00487,-0.25257,-0.34702,-0.25649,-0.25650,-0.00068,0.21693,0.19302,-0.10602,-0.10624,-0.00267,3.10668,2.91277,-0.46286,0.24244,0.00415,5.99400,6.04195
21.1338,-2.14228,-4.02422,-2.14228,-4.02422,-2.14199,-4.02487,2.85801,0.97513,5.01298,5.02387,5.00000,5.00000,0.00000,0.00000,12,0.00036,-0.42526,-0.42514,-0.00128,-0.20128,-0.18378,0.06242,0.06242,0.00186,0.40882,0.41131,0.12641,0.12640,0.00430,-0.21223,-0.21108,-0.25649,-0.25649,0.00017,0.19322,0.13519,-0.10602,-0.10623,0.00295,3.09367,3.14704,-0.46286,0.24241,-0.00886,5.94079,6.12961
21.2343,-2.14380,-4.02593,-2.14380,-4.02593,-2.14290,-4.02499,2.85710,0.97501,5.01324,5.02455,5.00000,5.00000,0.00000,0.00000,12,0.00032,-0.42526,-0.42514,-0.00406,-0.20972,-0.12462,0.06242,0.06243,0.00638,0.42312,0.44322,0.12641,0.12640,0.00621,-0.20477,-0.30768,-0.25649,-0.25650,0.00200,0.19620,0.18624,-0.10602,-0.10625,-0.00490,3.11924,3.19239,-0.46286,0.24246,0.01409,5.97837,6.01576
21.3360,-2.14832,-4.02561,-2.14832,-4.02561,-2.14670,-4.02587,2.85330,0.97413,5.01357,5.02404,5.00000,5.00000,0.00000,0.00000,12,0.00029,-0.42526,-0.42515,-0.01113,-0.20593,-0.23315,0.06242,0.06244,0.00696,0.43218,0.21825,0.12641,0.12638,-0.00122,-0.20587,-0.10865,-0.25649,-0.25652,-0.00821,0.18519,0.27210,-0.10602,-0.10623,0.00333,3.08656,3.06808,-0.46286,0.24244,0.00167,5.97658,5.91032
21.4372,-2.14623,-4.02596,-2.14623,-4.02596,-2.14689,-4.02560,2.85311,0.97440,5.01260,5.02431,5.00000,5.00000,0.00000,0.00000,12,0.00034,-0.42526,-0.42516,-0.01283,-0.24375,-0.18418,0.06242,0.06241,-0.00288,0.42083,0.34723,0.12641,0.12639,0.00068,-0.19638,-0.18670,-0.25649,-0.25649,0.00106,0.19744,0.25908,-0.10602,-0.10626,-0.01092,3.09021,2.82746,-0.46286,0.24242,-0.00630,5.95910,6.01778
21.5387,-2.14670,-4.02509,-2.14670,-4.02509,-2.14641,-4.02547,2.85359,0.97453,5.01300,5.02399,5.00000,5.00000,0.00000,0.00000,12,0.00038,-0.42526,-0.42513,0.00625,-0.20112,-0.28050,0.06242,0.06243,0.00429,0.41925,0.38682,0.12641,0.12640,0.00091,-0.22375,-0.29032,-0.25649,-0.25650,-0.00195,0.18268,0.14581,-0.10602,-0.10624,-0.00116,3.09947,3.06585,-0.46286,0.24243,-0.00142,5.96553,6.18265
21.6404,-2.14834,-4.02185,-2.14834,-4.02185,-2.14685,-4.02248,2.85315,0.97752,5.01352,5.02386,5.00000,5.00000,0.00000,0.00000,12,0.00033,-0.42526,-0.42515,-0.00429,-0.20815,-0.01719,0.06242,0.06243,0.00194,0.41020,0.38816,0.12641,0.12638,-0.00415,-0.21660,-0.32013,-0.25649,-0.25649,-0.00105,0.22187,0.12311,-0.10602,-0.10624,0.00060,3.09964,3.12913,-0.46286,0.24244,0.00362,5.94116,6.06919
21.7421,-2.14758,-4.02122,-2.14758,-4.02122,-2.14752,-4.02132,2.85248,0.97868,5.01291,5.02409,5.00000,5.00000,0.00000,0.00000,12,0.00029,-0.42526,-0.42512,0.01087,-0.17531,-0.14541,0.06242,0.06242,-0.00007,0.40274,0.44960,0.12641,0.12638,-0.00603,-0.21888,-0.36543,-0.25649,-0.25648,0.00635,0.22022,0.24399,-0.10602,-0.10624,-0.00207,3.08681,3.07177,-0.46286,0.24243,0.00008,5.95844,5.96330
21.8439,-2.14764,-4.01970,-2.14764,-4.01970,-2.14725,-4.02057,2.85275,0.97943,5.01305,5.02375,5.00000,5.00000,0.00000,0.00000,12,0.00030,-0.42526,-0.42512,0.00556,-0.19354,-0.23857,0.06242,0.06242,-0.00267,0.42400,0.44160,0.12641,0.12639,0.00470,-0.21646,-0.26933,-0.25649,-0.25649,-0.00022,0.19178,0.31700,-0.10602,-0.10626,-0.00986,3.08431,2.98730,-0.46286,0.24244,0.00692,5.97190,5.83332
21.9456,-2.14941,-4.02065,-2.14941,-4.02065,-2.14965,-4.02129,2.85035,0.97871,5.01279,5.02386,5.00000,5.00000,0.00000,0.00000,12,0.00030,-0.42526,-0.42513,0.00483,-0.19825,-0.21012,0.06242,0.06242,-0.00072,0.43071,0.48082,0.12641,0.12640,0.00572,-0.20830,-0.14421,-0.25649,-0.25650,-0.00094,0.18794,0.19337,-0.10602,-0.10625,-0.01067,3.04993,3.20384,-0.46286,0.24244,0.00484,5.96330,6.11326
22.0467,-2.15167,-4.02128,-2.15167,-4.02128,-2.15099,-4.02158,2.84901,0.97842,5.01320,5.02400,5.00000,5.00000,0.00000,0.00000,12,0.00025,-0.42526,-0.42516,-0.01250,-0.23501,-0.17505,0.06242,0.06244,0.00493,0.42459,0.40208,0.12641,0.12639,-0.00425,-0.24770,-0.20766,-0.25649,-0.25649,-0.00157,0.18700,0.24847,-0.10602,-0.10621,0.01425,3.08209,3.32371,-0.46286,0.24243,0.00344,5.99400,5.96878
22.1492,-2.14899,-4.02451,-2.14899,-4.02451,-2.15016,-4.02348,2.84984,0.97652,5.01240,5.02458,5.00000,5.00000,0.00000,0.00000,12,0.00028,-0.42526,-0.42514,0.00133,-0.17785,-0.24381,0.06242,0.06242,-0.00597,0.41712,0.44057,0.12641,0.12639,-0.00113,-0.23801,-0.26835,-0.25649,-0.25652,-0.01287,0.17159,0.16244,-0.10602,-0.10623,-0.00255,3.08025,3.00300,-0.46286,0.24243,0.00127,5.98267,5.90332
22.2523,-2.14904,-4.02017,-2.14904,-4.02017,-2.14972,-4.02129,2.85028,0.97871,5.01260,5.02365,5.00000,5.00000,0.00000,0.00000,12,0.00027,-0.42526,-0.42513,0.00441,-0.19701,-0.18643,0.06242,0.06240,-0.00906,0.39571,0.32276,0.12641,0.12638,-0.00444,-0.24966,-0.22918,-0.25649,-0.25649,0.00338,0.20219,0.25092,-0.10602,-0.10621,0.00943,3.09310,3.00036,-0.46286,0.24243,-0.00351,5.97047,6.06069
22.3552,-2.14710,-4.01356,-2.14710,-4.01356,-2.14727,-4.01607,2.85273,0.98393,5.01281,5.02302,5.00000,5.00000,0.00000,0.00000,12,0.00034,-0.42526,-0.42514,-0.00123,-0.18437,-0.13777,0.06242,0.06242,-0.00115,0.39693,0.36717,0.12641,0.12640,0.00282,-0.22783,-0.22165,-0.25649,-0.25648,0.00297,0.20589,0.03795,-0.10602,-0.10623,-0.00188,3.07699,3.18457,-0.46286,0.24242,0.00043,5.94840,5.81661
22.4562,-2.14845,-4.01578,-2.14845,-4.01578,-2.14878,-4.01571,2.85122,0.98429,5.01275,5.02413,5.00000,5.00000,0.00000,0.00000,12,0.00033,-0.42526,-0.42513,0.00365,-0.16488,-0.19126,0.06242,0.06243,0.00200,0.41267,0.37922,0.12641,0.12638,-0.00231,-0.24379,-0.19830,-0.25649,-0.25649,0.00442,0.20962,0.23559,-0.10602,-0.10625,-0.00759,3.04895,2.97180,-0.46286,0.24242,0.00033,5.98421,6.17942
22.5567,-2.15675,-4.01507,-2.15675,-4.01507,-2.15429,-4.01489,2.84571,0.98511,5.01398,5.02416,5.00000,5.00000,0.00000,0.00000,12,0.00028,-0.42526,-0.42513,0.00194,-0.20001,-0.12227,0.06242,0.06242,-0.00475,0.42080,0.42697,0.12641,0.12639,-0.00052,-0.23447,-0.23558,-0.25649,-0.25650,-0.00337,0.17992,0.18559,-0.10602,-0.10623,0.00229,3.05371,3.08626,-0.46286,0.24241,-0.00117,5.97775,5.93121
22.6572,-2.15355,-4.01737,-2.15355,-4.01737,-2.15351,-4.01584,2.84649,0.98416,5.01294,5.02475,5.00000,5.00000,0.00000,0.00000,12,0.00028,-0.42526,-0.42515,-0.00308,-0.22157,-0.13682,0.06242,0.06241,-0.00694,0.40602,0.39883,0.12641,0.12639,-0.00055,-0.23664,-0.19278,-0.25649,-0.25645,0.01475,0.22701,0.09215,-0.10602,-0.10624,-0.00245,3.06190,2.94350,-0.46286,0.24241,-0.00186,5.97934,6.04644
22.7599,-2.15513,-4.02147,-2.15513,-4.02147,-2.15388,-4.01983,2.84612,0.98016,5.01346,5.02482,5.00000,5.00000,0.00000,0.00000,12,0.00114,-0.42526,-0.42511,0.01032,-0.15801,-0.18559,0.06242,0.06243,0.00266,0.41555,0.31487,0.12641,0.12640,0.00126,-0.22419,-0.16077,-0.25649,-0.25648,0.00082,0.19916,0.11680,-0.10602,-0.10622,0.00323,3.05621,3.02221,-0.46286,0.24243,0.00564,5.99400,6.02819
22.8603,-2.15161,-4.02102,-2.15161,-4.02102,-2.15245,-4.02091,2.84755,0.97909,5.01255,5.02417,5.00000,5.00000,0.00000,0.00000,12,0.00037,-0.42526,-0.42514,-0.00029,-0.20386,-0.15344,0.06242,0.06243,0.00225,0.41257,0.60405,0.12641,0.12639,-0.00070,-0.23565,-0.22427,-0.25649,-0.25648,-0.00166,0.19282,0.29181,-0.10602,-0.10623,0.00043,3.07118,3.05150,-0.46286,0.24242,0.00026,5.96710,6.07916
22.9621,-2.14875,-4.01723,-2.14875,-4.01723,-2.14990,-4.01887,2.85010,0.98113,5.01241,5.02341,5.00000,5.00000,0.00000,0.00000,12,0.00033,-0.42526,-0.42514,-0.00134,-0.17488,-0.18110,0.06242,0.06243,0.00431,0.41958,0.42082,0.12641,0.12641,0.00626,-0.20209,-0.39586,-0.25649,-0.25649,-0.00157,0.18771,0.22344,-0.10602,-0.10623,0.00252,3.04719,3.03995,-0.46286,0.24242,0.00130,5.99400,5.97420
23.0634,-2.14912,-4.01718,-2.14912,-4.01718,-2.14897,-4.01729,2.85103,0.98271,5.01296,5.02405,5.00000,5.00000,0.00000,0.00000,12,0.00028,-0.42526,-0.42514,0.00304,-0.16072,-0.13269,0.06242,0.06242,-0.00208,0.42932,0.45170,0.12641,0.12640,0.00103,-0.20545,-0.17265,-0.25649,-0.25648,0.00534,0.21567,0.09291,-0.10602,-0.10624,0.00091,3.06558,3.06156,-0.46286,0.24241,-0.00472,5.96385,5.70248
23.1666,-2.14683,-4.01754,-2.14683,-4.01754,-2.14850,-4.01791,2.85150,0.98209,5.01218,5.02395,5.00000,5.00000,0.00000,0.00000,12,0.00028,-0.42526,-0.42515,-0.00497,-0.18902,-0.29514,0.06242,0.06243,0.00394,0.41881,0.40521,0.12641,0.12641,0.00216,-0.21914,-0.32463,-0.25649,-0.25648,0.00336,0.20795,0.17154,-0.10602,-0.10625,-0.00796,3.02627,3.04279,-0.46286,0.24240,-0.00430,5.96293,6.12388
23.2674,-2.14573,-4.01686,-2.14573,-4.01686,-2.14675,-4.01713,2.85325,0.98287,5.01244,5.02399,5.00000,5.00000,0.00000,0.00000,12,0.00034,-0.42526,-0.42515,-0.00984,-0.19936,-0.10989,0.06242,0.06244,0.00416,0.40481,0.41028,0.12641,0.12639,-0.00190,-0.24170,-0.20377,-0.25649,-0.25648,0.00212,0.19845,0.23964,-0.10602,-0.10623,0.00226,3.05044,3.08406,-0.46286,0.24240,-0.00679,5.95126,5.94083
23.3686,-2.15340,-4.01598,-2.15340,-4.01598,-2.15074,-4.01676,2.84926,0.98324,5.01404,5.02377,5.00000,5.00000,0.00000,0.00000,12,0.00037,-0.42526,-0.42514,-0.00211,-0.21027,-0.27521,0.06242,0.06245,0.00989,0.39466,0.36300,0.12641,0.12640,0.00234,-0.23869,-0.16088,-0.25649,-0.25649,0.00140,0.19720,0.30825,-0.10602,-0.10624,-0.00453,3.04044,2.86143,-0.46286,0.24242,0.00184,5.94794,5.99229
23.4692,-2.15538,-4.01868,-2.15538,-4.01868,-2.15412,-4.01719,2.84588,0.98281,5.01346,5.02474,5.00000,5.00000,0.00000,0.00000,12,0.00031,-0.42526,-0.42514,0.00340,-0.16970,-0.19209,0.06242,0.06242,-0.00562,0.42358,0.32831,0.12641,0.12639,-0.00587,-0.23722,-0.13725,-0.25649,-0.25649,-0.00009,0.19568,0.21661,-0.10602,-0.10623,0.00324,3.03417,2.95081,-0.46286,0.24240,-0.00933,5.93035,5.98058
23.5713,-2.15791,-4.02138,-2.15791,-4.02138,-2.15608,-4.02013,2.84392,0.97987,5.01372,5.02466,5.00000,5.00000,0.00000,0.00000,12,0.00033,-0.42526,-0.42513,0.00440,-0.18159,-0.14196,0.06242,0.06241,-0.00740,0.41709,0.38295,0.12641,0.12640,0.00444,-0.23148,-0.27081,-0.25649,-0.25648,-0.00094,0.19191,0.17070,-0.10602,-0.10626,-0.01299,2.99713,3.09080,-0.46286,0.24242,0.00207,5.99122,6.12473
23.6737,-2.16277,-4.02099,-2.16277,-4.02099,-2.16038,-4.02107,2.83962,0.97893,5.01399,5.02409,5.00000,5.00000,0.00000,0.00000,12,0.00027,-0.42526,-0.42513,0.00679,-0.16654,-0.08742,0.06242,0.06242,-0.00638,0.38244,0.36818,0.12641,0.12639,0.00078,-0.19852,-0.15864,-0.25649,-0.25648,0.00056,0.19795,0.16557,-0.10602,-0.10623,0.00099,3.03111,2.89393,-0.46286,0.24242,0.00605,5.97701,5.95269
23.7756,-2.16583,-4.02310,-2.16583,-4.02310,-2.16390,-4.02156,2.83610,0.97844,5.01381,5.02479,5.00000,5.00000,0.00000,0.00000,12,0.00029,-0.42526,-0.42514,0.00132,-0.16805,-0.13221,0.06242,0.06243,0.00081,0.39743,0.33879,0.12641,0.12638,-0.00460,-0.22300,-0.23765,-0.25649,-0.25646,0.00569,0.18309,0.20334,-0.10602,-0.10623,0.00541,3.02344,3.05429,-0.46286,0.24243,0.00719,5.97962,5.92837
23.8769,-2.16399,-4.02431,-2.16399,-4.02431,-2.16429,-4.02349,2.83571,0.97651,5.01286,5.02449,5.00000,5.00000,0.00000,0.00000,12,0.00033,-0.42526,-0.42516,-0.00222,-0.18143,-0.21720,0.06242,0.06244,0.00292,0.45184,0.29373,0.12641,0.12640,0.00214,-0.22534,-0.22642,-0.25649,-0.25647,0.00462,0.18583,0.24253,-0.10602,-0.10623,0.00123,3.04802,3.09659,-0.46286,0.24241,-0.00450,5.94572,6.03455
23.9777,-2.16575,-4.02175,-2.16575,-4.02175,-2.16607,-4.02235,2.83393,0.97765,5.01286,5.02388,5.00000,5.00000,0.00000,0.00000,12,0.00035,-0.42526,-0.42516,-0.00251,-0.17539,-0.06764,0.06242,0.06244,-0.00020,0.41020,0.24599,0.12641,0.12641,0.00502,-0.20681,-0.22812,-0.25649,-0.25649,0.00110,0.19703,0.09866,-0.10602,-0.10625,-0.00873,3.00646,2.85939,-0.46286,0.24243,0.00691,5.99400,5.81574
24.0786,-2.16527,-4.02406,-2.16527,-4.02406,-2.16541,-4.02393,2.83459,0.97607,5.01293,5.02420,5.00000,5.00000,0.00000,0.00000,12,0.00029,-0.42526,-0.42516,-0.00661,-0.18657,-0.18863,0.06242,0.06243,-0.00139,0.40417,0.50054,0.12641,0.12640,0.00062,-0.22775,-0.18373,-0.25649,-0.25648,0.00107,0.20455,0.26159,-0.10602,-0.10624,-0.00648,3.00680,2.95576,-0.46286,0.24241,-0.00397,5.95056,5.97774
24.1794,-2.16457,-4.02555,-2.16457,-4.02555,-2.16448,-4.02442,2.83552,0.97558,5.01302,5.02463,5.00000,5.00000,0.00000,0.00000,12,0.00027,-0.42526,-0.42515,0.00044,-0.15825,-0.29530,0.06242,0.06243,0.00055,0.41000,0.40392,0.12641,0.12642,0.01013,-0.22252,-0.16724,-0.25649,-0.25647,0.00402,0.21850,0.18599,-0.10602,-0.10626,-0.00845,2.99666,3.03968,-0.46286,0.24244,0.01417,5.99400,5.95993
24.2844,-2.16693,-4.02701,-2.16693,-4.02701,-2.16504,-4.02644,2.83496,0.97356,5.01380,5.02441,5.00000,5.00000,0.00000,0.00000,12,0.00035,-0.42526,-0.42514,0.00334,-0.17450,-0.24047,0.06242,0.06244,0.00551,0.42838,0.64176,0.12641,0.12640,-0.00070,-0.23339,-0.28106,-0.25649,-0.25649,-0.00485,0.21321,0.09688,-0.10602,-0.10623,0.00130,3.00744,3.03979,-0.46286,0.24239,-0.01160,5.96104,6.19053
24.3867,-2.16972,-4.02745,-2.16972,-4.02745,-2.16901,-4.02758,2.83099,0.97242,5.01332,5.02411,5.00000,5.00000,0.00000,0.00000,12,0.00029,-0.42526,-0.42513,0.00299,-0.17220,-0.20676,0.06242,0.06244,0.00365,0.42464,0.39482,0.12641,0.12640,0.00248,-0.22386,-0.23028,-0.25649,-0.25649,-0.00185,0.19057,0.18236,-0.10602,-0.10624,-0.00555,3.00751,2.92958,-0.46286,0.24241,-0.00401,5.95157,5.89372
24.4873,-2.17269,-4.02823,-2.17269,-4.02823,-2.17178,-4.02780,2.82822,0.97220,5.01342,5.02435,5.00000,5.00000,0.00000,0.00000,12,0.00039,-0.42526,-0.42514,-0.00198,-0.16002,-0.08755,0.06242,0.06243,-0.00328,0.42912,0.28001,0.12641,0.12641,0.00164,-0.22179,-0.21132,-0.25649,-0.25649,-0.00235,0.18488,0.47521,-0.10602,-0.10622,0.00561,3.01900,2.99249,-0.46286,0.24244,0.01297,5.97443,6.10111
24.5876,-2.17290,-4.03133,-2.17290,-4.03133,-2.17221,-4.02931,2.82779,0.97069,5.01333,5.02504,5.00000,5.00000,0.00000,0.00000,12,0.00028,-0.42526,-0.42513,0.00354,-0.16614,-0.16827,0.06242,0.06243,-0.00028,0.40735,0.44950,0.12641,0.12640,0.00294,-0.22146,-0.30225,-0.25649,-0.25648,0.00637,0.18797,0.32884,-0.10602,-0.10624,0.00117,3.02520,3.08779,-0.46286,0.24241,-0.00810,5.97766,5.87507
24.6885,-2.16992,-4.03329,-2.16992,-4.03329,-2.17155,-4.03203,2.82845,0.96797,5.01233,5.02473,5.00000,5.00000,0.00000,0.00000,12,0.00033,-0.42526,-0.42515,-0.00085,-0.15658,-0.18437,0.06242,0.06241,-0.00725,0.40732,0.42053,0.12641,0.12640,0.00442,-0.21822,-0.27883,-0.25649,-0.25650,-0.00451,0.17595,0.05200,-0.10602,-0.10623,-0.00064,2.98858,2.99686,-0.46286,0.24242,0.00156,5.97193,5.98950
24.7901,-2.17111,-4.03256,-2.17111,-4.03256,-2.17054,-4.03212,2.82946,0.96787,5.01327,5.02438,5.00000,5.00000,0.00000,0.00000,12,0.00051,-0.42526,-0.42514,0.00073,-0.14638,-0.23283,0.06242,0.06242,-0.00021,0.40352,0.35162,0.12641,0.12640,0.00021,-0.22956,-0.21957,-0.25649,-0.25647,0.00632,0.22571,0.17756,-0.10602,-0.10623,0.00083,3.02668,2.95424,-0.46286,0.24241,-0.00026,5.97889,5.93371
24.8908,-2.16555,-4.02859,-2.16555,-4.02859,-2.16650,-4.03047,2.83350,0.96953,5.01259,5.02338,5.00000,5.00000,0.00000,0.00000,12,0.00036,-0.42526,-0.42515,-0.00612,-0.16966,-0.24365,0.06242,0.06245,0.00560,0.43603,0.52923,0.12641,0.12641,0.00440,-0.21181,-0.33033,-0.25649,-0.25648,0.00215,0.19054,0.18726,-0.10602,-0.10622,0.00037,2.99309,3.19665,-0.46286,0.24240,-0.00494,5.96808,5.99863
24.9925,-2.16513,-4.02750,-2.16513,-4.02750,-2.16503,-4.02768,2.83497,0.97232,5.01303,5.02409,5.00000,5.00000,0.00000,0.00000,12,0.00032,-0.42526,-0.42516,-0.00686,-0.17637,-0.13718,0.06242,0.06242,-0.00384,0.39356,0.31985,0.12641,0.12640,0.00226,-0.22333,-0.30696,-0.25649,-0.25647,0.00620,0.22486,0.33068,-0.10602,-0.10624,-0.00371,2.99770,3.01182,-0.46286,0.24243,0.00499,5.98060,5.95079
25.0959,-2.16736,-4.02977,-2.16736,-4.02977,-2.16752,-4.02896,2.83248,0.97104,5.01294,5.02452,5.00000,5.00000,0.00000,0.00000,12,0.00027,-0.42526,-0.42516,-0.00698,-0.17526,-0.19784,0.06242,0.06244,0.00183,0.41867,0.40018,0.12641,0.12639,-0.00327,-0.24768,-0.26738,-0.25649,-0.25648,-0.00141,0.19633,0.19330,-0.10602,-0.10624,-0.00510,2.99092,2.93704,-0.46286,0.24241,-0.00286,5.94706,6.01589
25.1966,-2.16903,-4.03305,-2.16903,-4.03305,-2.16902,-4.03166,2.83098,0.96834,5.01302,5.02479,5.00000,5.00000,0.00000,0.00000,12,0.00029,-0.42526,-0.42516,-0.00633,-0.17166,-0.06595,0.06242,0.06244,0.00286,0.42254,0.28684,0.12641,0.12640,0.00507,-0.21616,-0.18724,-0.25649,-0.25648,-0.00109,0.19681,0.10037,-0.10602,-0.10624,-0.00760,2.98199,3.12179,-0.46286,0.24242,0.00704,5.98676,5.88661
25.2970,-2.17401,-4.03290,-2.17401,-4.03290,-2.17137,-4.03249,2.82863,0.96752,5.01416,5.02437,5.00000,5.00000,0.00000,0.00000,12,0.00029,-0.42526,-0.42512,0.00896,-0.13539,-0.14339,0.06242,0.06241,-0.00756,0.40870,0.39836,0.12641,0.12641,0.00490,-0.21209,-0.26579,-0.25649,-0.25649,-0.00958,0.19575,0.20559,-0.10602,-0.10622,0.00176,3.01869,3.00637,-0.46286,0.24241,-0.00040,5.96425,5.92806
25.3976,-2.17038,-4.03308,-2.17038,-4.03308,-2.17177,-4.03327,2.82823,0.96673,5.01244,5.02412,5.00000,5.00000,0.00000,0.00000,12,0.00026,-0.42526,-0.42514,0.00005,-0.14129,-0.27479,0.06242,0.06245,0.00545,0.43761,0.46737,0.12641,0.12641,0.00377,-0.21593,-0.17676,-0.25649,-0.25648,-0.00419,0.18794,0.19152,-0.10602,-0.10622,0.00782,2.97048,3.00205,-0.46286,0.24241,-0.00216,5.93221,5.87464
25.4996,-2.17128,-4.03276,-2.17128,-4.03276,-2.17178,-4.03307,2.82822,0.96693,5.01282,5.02407,5.00000,5.00000,0.00000,0.00000,12,0.00095,-0.42526,-0.42514,0.00232,-0.16245,-0.16394,0.06242,0.06244,-0.00085,0.41043,0.32890,0.12641,0.12641,0.00186,-0.22055,-0.29089,-0.25649,-0.25649,-0.00577,0.17686,0.20715,-0.10602,-0.10625,-0.00968,2.96165,3.12621,-0.46286,0.24243,0.01173,5.98718,5.93716
25.6025,-2.17220,-4.03223,-2.17220,-4.03223,-2.17111,-4.03265,2.82889,0.96735,5.01349,5.02402,5.00000,5.00000,0.00000,0.00000,12,0.00028,-0.42526,-0.42515,-0.00260,-0.14730,-0.17918,0.06242,0.06245,0.00680,0.44169,0.38576,0.12641,0.12640,-0.00254,-0.24163,-0.16190,-0.25649,-0.25648,-0.00178,0.19580,0.25012,-0.10602,-0.10621,0.00751,3.00339,3.17277,-0.46286,0.24243,0.00585,5.95236,5.86640
25.7041,-2.16697,-4.02879,-2.16697,-4.02879,-2.16860,-4.03012,2.83140,0.96988,5.01231,5.02361,5.00000,5.00000,0.00000,0.00000,12,0.00026,-0.42526,-0.42514,0.00095,-0.13375,-0.14429,0.06242,0.06243,-0.00032,0.37490,0.43410,0.12641,0.12640,-0.00062,-0.23559,-0.24534,-0.25649,-0.25648,-0.00254,0.19587,0.19020,-0.10602,-0.10624,-0.00344,2.98280,3.22166,-0.46286,0.24242,0.00642,5.99400,5.87247
25.8067,-2.16890,-4.03086,-2.16890,-4.03086,-2.16783,-4.03010,2.83217,0.96990,5.01347,5.02450,5.00000,5.00000,0.00000,0.00000,12,0.00028,-0.42526,-0.42517,-0.01269,-0.19145,-0.06658,0.06242,0.06244,0.00072,0.41463,0.30523,0.12641,0.12640,0.00030,-0.23058,-0.22490,-0.25649,-0.25648,-0.00300,0.18983,0.26668,-0.10602,-0.10622,0.00689,2.99269,3.02761,-0.46286,0.24242,0.00175,5.95430,5.88543
25.9083,-2.16511,-4.03259,-2.16511,-4.03259,-2.16712,-4.03155,2.83288,0.96845,5.01214,5.02463,5.00000,5.00000,0.00000,0.00000,12,0.00062,-0.42526,-0.42515,0.00025,-0.13923,-0.05776,0.06242,0.06243,-0.00209,0.40527,0.37910,0.12641,0.12639,-0.00531,-0.25750,-0.19948,-0.25649,-0.25649,-0.00372,0.18669,0.22914,-0.10602,-0.10624,-0.00713,2.96478,3.12125,-0.46286,0.24242,0.00245,5.95335,5.89892
26.0095,-2.16777,-4.03221,-2.16777,-4.03221,-2.16805,-4.03202,2.83195,0.96798,5.01289,5.02427,5.00000,5.00000,0.00000,0.00000,12,0.00025,-0.42526,-0.42516,-0.00328,-0.15204,-0.03737,0.06242,0.06243,-0.00230,0.40081,0.31511,0.12641,0.12641,0.00252,-0.22123,-0.25766,-0.25649,-0.25648,-0.00694,0.17868,0.32553,-0.10602,-0.10623,-0.00102,2.95404,2.97634,-0.46286,0.24239,-0.00898,5.93315,5.85072
26.1102,-2.16737,-4.03660,-2.16737,-4.03660,-2.16776,-4.03499,2.83224,0.96501,5.01284,5.02490,5.00000,5.00000,0.00000,0.00000,12,0.00029,-0.42526,-0.42516,-0.00331,-0.15257,-0.07452,0.06242,0.06244,0.00109,0.41838,0.39087,0.12641,0.12641,-0.00049,-0.23073,-0.11442,-0.25649,-0.25649,-0.00282,0.18912,0.37393,-0.10602,-0.10623,-0.00146,2.98186,2.99687,-0.46286,0.24241,0.00022,5.99400,6.10654
26.2119,-2.16373,-4.03828,-2.16373,-4.03828,-2.16572,-4.03739,2.83428,0.96261,5.01214,5.02460,5.00000,5.00000,0.00000,0.00000,12,0.00036,-0.42526,-0.42516,-0.00046,-0.14265,-0.17632,0.06242,0.06244,0.00139,0.41779,0.37034,0.12641,0.12641,0.00250,-0.22069,-0.27777,-0.25649,-0.25649,-0.00813,0.20078,0.13908,-0.10602,-0.10623,0.00051,2.95729,3.06775,-0.46286,0.24241,0.00143,5.96918,5.95431
26.3149,-2.16926,-4.04002,-2.16926,-4.04002,-2.16641,-4.03913,2.83359,0.96087,5.01422,5.02461,5.00000,5.00000,0.00000,0.00000,12,0.00101,-0.42526,-0.42515,0.00179,-0.12629,-0.15746,0.06242,0.06244,0.00066,0.41559,0.46853,0.12641,0.12640,-0.00286,-0.25833,-0.32187,-0.25649,-0.25648,-0.00241,0.19264,0.35900,-0.10602,-0.10623,-0.00602,2.96229,2.96169,-0.46286,0.24241,0.00744,5.99400,5.93613
26.4170,-2.16446,-4.04060,-2.16446,-4.04060,-2.16610,-4.04088,2.83390,0.95912,5.01229,5.02412,5.00000,5.00000,0.00000,0.00000,12,0.00096,-0.42526,-0.42515,0.00166,-0.12672,-0.05545,0.06242,0.06243,-0.00032,0.41137,0.48746,0.12641,0.12641,0.00403,-0.21555,-0.25528,-0.25649,-0.25648,0.00230,0.21028,0.24034,-0.10602,-0.10624,-0.00694,2.95336,2.94968,-0.46286,0.24239,-0.00526,5.96060,5.98464
26.5172,-2.16850,-4.04062,-2.16850,-4.04062,-2.16772,-4.04172,2.83228,0.95828,5.01334,5.02378,5.00000,5.00000,0.00000,0.00000,12,0.00027,-0.42526,-0.42515,-0.00526,-0.11665,-0.13272,0.06242,0.06243,0.00101,0.41657,0.38246,0.12641,0.12639,-0.00500,-0.25612,-0.20931,-0.25649,-0.25649,-0.00734,0.17544,0.17081,-0.10602,-0.10626,-0.01396,2.91856,3.09573,-0.46286,0.24242,0.00407,5.97450,6.05527
26.6189,-2.16995,-4.04276,-2.16995,-4.04276,-2.16920,-4.04296,2.83080,0.95704,5.01333,5.02417,5.00000,5.00000,0.00000,0.00000,12,0.00034,-0.42526,-0.42516,-0.00648,-0.15497,-0.12963,0.06242,0.06244,0.00034,0.41787,0.40245,0.12641,0.12640,0.00182,-0.22769,-0.25361,-0.25649,-0.25648,-0.00281,0.19393,0.22120,-0.10602,-0.10624,-0.00487,2.95457,2.91270,-0.46286,0.24240,-0.00551,5.93854,6.11458
26.7247,-2.17204,-4.04362,-2.17204,-4.04362,-2.17117,-4.04351,2.82883,0.95649,5.01340,5.02431,5.00000,5.00000,0.00000,0.00000,12,0.00028,-0.42526,-0.42516,-0.00463,-0.14888,-0.18673,0.06242,0.06243,-0.00349,0.40022,0.61523,0.12641,0.12640,0.00142,-0.22803,-0.24409,-0.25649,-0.25647,0.00291,0.21755,0.29506,-0.10602,-0.10623,-0.00216,2.96525,2.88654,-0.46286,0.24242,0.00431,5.99400,6.01126
26.8259,-2.17563,-4.04484,-2.17563,-4.04484,-2.17324,-4.04391,2.82676,0.95609,5.01406,5.02466,5.00000,5.00000,0.00000,0.00000,12,0.00031,-0.42526,-0.42516,-0.00172,-0.10823,-0.16204,0.06242,0.06244,0.00107,0.41921,0.42548,0.12641,0.12641,0.00011,-0.22962,-0.21408,-0.25649,-0.25649,-0.00851,0.20574,0.14871,-0.10602,-0.10624,-0.00256,2.92673,2.86220,-0.46286,0.24240,0.00031,5.96331,6.12626
26.9273,-2.17103,-4.04302,-2.17103,-4.04302,-2.17240,-4.04312,2.82760,0.95688,5.01245,5.02422,5.00000,5.00000,0.00000,0.00000,12,0.00034,-0.42526,-0.42515,0.00259,-0.11825,-0.09478,0.06242,0.06242,-0.00668,0.41488,0.47735,0.12641,0.12640,0.00063,-0.23211,-0.24652,-0.25649,-0.25648,-0.00445,0.18890,0.14292,-0.10602,-0.10621,0.00599,2.99768,2.91371,-0.46286,0.24240,-0.00281,5.95238,5.89442
27.0279,-2.16879,-4.04195,-2.16879,-4.04195,-2.17052,-4.04329,2.82948,0.95671,5.01228,5.02369,5.00000,5.00000,0.00000,0.00000,12,0.00026,-0.42526,-0.42514,0.00465,-0.13645,-0.08884,0.06242,0.06243,-0.00520,0.42559,0.40175,0.12641,0.12640,-0.00114,-0.23820,-0.13767,-0.25649,-0.25646,0.00321,0.19008,0.18967,-0.10602,-0.10621,0.00622,2.96281,2.89480,-0.46286,0.24239,-0.00456,5.94746,5.93166
27.1297,-2.16878,-4.04337,-2.16878,-4.04337,-2.16855,-4.04315,2.83145,0.95685,5.01311,5.02435,5.00000,5.00000,0.00000,0.00000,12,0.00027,-0.42526,-0.42515,-0.00526,-0.14121,-0.21267,0.06242,0.06244,-0.00241,0.40786,0.46001,0.12641,0.12641,0.00157,-0.22355,-0.21803,-0.25649,-0.25648,-0.00007,0.20351,0.26836,-0.10602,-0.10623,0.00020,2.96305,2.96596,-0.46286,0.24240,0.00141,5.97380,5.92715
27.2361,-2.16586,-4.04731,-2.16586,-4.04731,-2.16774,-4.04604,2.83226,0.95396,5.01220,5.02482,5.00000,5.00000,0.00000,0.00000,12,0.00174,-0.42526,-0.42515,-0.00276,-0.13029,-0.07283,0.06242,0.06244,0.00218,0.41773,0.47891,0.12641,0.12641,0.00627,-0.20857,-0.23234,-0.25649,-0.25649,-0.00764,0.17664,0.17036,-0.10602,-0.10623,0.00023,2.93065,2.97171,-0.46286,0.24240,-0.00361,5.98894,5.87558
27.3368,-2.16610,-4.04688,-2.16610,-4.04688,-2.16565,-4.04697,2.83435,0.95303,5.01318,5.02424,5.00000,5.00000,0.00000,0.00000,12,0.00103,-0.42526,-0.42517,-0.00716,-0.15281,-0.21486,0.06242,0.06243,-0.00235,0.43772,0.45153,0.12641,0.12639,-0.00295,-0.21897,-0.22614,-0.25649,-0.25646,0.00339,0.22518,0.17814,-0.10602,-0.10623,-0.00436,2.94266,2.94114,-0.46286,0.24241,0.00097,5.99400,5.90625
27.4369,-2.16553,-4.04782,-2.16553,-4.04782,-2.16571,-4.04809,2.83429,0.95191,5.01291,5.02417,5.00000,5.00000,0.00000,0.00000,12,0.00031,-0.42526,-0.42517,-0.00362,-0.13886,-0.10662,0.06242,0.06245,0.00518,0.40870,0.38545,0.12641,0.12641,0.00403,-0.21678,-0.25299,-0.25649,-0.25647,0.00145,0.21646,0.22285,-0.10602,-0.10621,0.00627,2.95140,3.03452,-0.46286,0.24243,0.01047,5.99400,6.01627
27.5372,-2.16495,-4.04645,-2.16495,-4.04645,-2.16542,-4.04694,2.83458,0.95306,5.01279,5.02407,5.00000,5.00000,0.00000,0.00000,12,0.00030,-0.42526,-0.42516,-0.00397,-0.13787,-0.07014,0.06242,0.06244,-0.00028,0.41733,0.57267,0.12641,0.12639,-0.00382,-0.21843,-0.25591,-0.25649,-0.25648,-0.00547,0.18466,0.21275,-0.10602,-0.10625,-0.00814,2.91705,2.95777,-0.46286,0.24238,-0.00629,5.95172,5.94129
27.6390,-2.16370,-4.04804,-2.16370,-4.04804,-2.16464,-4.04757,2.83536,0.95243,5.01259,5.02449,5.00000,5.00000,0.00000,0.00000,12,0.00039,-0.42526,-0.42516,-0.00029,-0.12570,-0.08965,0.06242,0.06245,0.00650,0.44516,0.31283,0.12641,0.12640,0.00132,-0.23205,-0.13170,-0.25649,-0.25647,0.00443,0.19354,0.11856,-0.10602,-0.10622,0.00434,2.96731,2.85232,-0.46286,0.24238,-0.00991,5.92930,5.99301
27.7451,-2.16413,-4.04649,-2.16413,-4.04649,-2.16573,-4.04689,2.83427,0.95311,5.01231,5.02411,5.00000,5.00000,0.00000,0.00000,12,0.00290,-0.42526,-0.42514,0.00455,-0.09689,-0.05888,0.06242,0.06244,-0.00010,0.44442,0.50252,0.12641,0.12641,0.00474,-0.21396,-0.24235,-0.25649,-0.25647,0.00343,0.20073,0.09953,-0.10602,-0.10621,0.00708,2.94668,2.98437,-0.46286,0.24239,-0.00303,5.96931,6.13602
27.8438,-2.16073,-4.04595,-2.16073,-4.04595,-2.16237,-4.04623,2.83763,0.95377,5.01227,5.02416,5.00000,5.00000,0.00000,0.00000,12,0.00026,-0.42526,-0.42516,-0.00471,-0.13297,-0.04403,0.06242,0.06243,-0.00092,0.41141,0.30428,0.12641,0.12640,-0.00195,-0.23854,-0.22530,-0.25649,-0.25647,0.00047,0.21231,0.05146,-0.10602,-0.10621,0.00468,2.96801,2.92523,-0.46286,0.24242,0.00961,5.97972,6.18398
27.9461,-2.15956,-4.04366,-2.15956,-4.04366,-2.16000,-4.04456,2.84000,0.95544,5.01277,5.02388,5.00000,5.00000,0.00000,0.00000,12,0.00026,-0.42526,-0.42515,0.00589,-0.12553,-0.02926,0.06242,0.06243,-0.00344,0.40169,0.38461,0.12641,0.12640,-0.00107,-0.23879,-0.17271,-0.25649,-0.25644,0.01242,0.23077,0.09562,-0.10602,-0.10621,0.01141,2.95736,2.82890,-0.46286,0.24239,-0.00179,5.96592,5.89307
28.0470,-2.15896,-4.04279,-2.15896,-4.04279,-2.15979,-4.04271,2.84021,0.95729,5.01260,5.02429,5.00000,5.00000,0.00000,0.00000,12,0.00031,-0.42526,-0.42516,-0.00157,-0.12488,-0.15462,0.06242,0.06244,-0.00292,0.40846,0.39733,0.12641,0.12641,0.00030,-0.23084,-0.21802,-0.25649,-0.25648,-0.00029,0.20106,0.28035,-0.10602,-0.10624,-0.00446,2.92131,2.87848,-0.46286,0.24240,0.00634,5.99400,6.03388
28.1499,-2.16278,-4.04433,-2.16278,-4.04433,-2.16086,-4.04403,2.83914,0.95597,5.01379,5.02440,5.00000,5.00000,0.00000,0.00000,12,0.00117,-0.42526,-0.42516,-0.00260,-0.08945,-0.09404,0.06242,0.06244,-0.00101,0.41567,0.32649,0.12641,0.12640,-0.00435,-0.24870,-0.17415,-0.25649,-0.25646,0.00269,0.19046,0.21991,-0.10602,-0.10623,0.00270,2.91311,2.75067,-0.46286,0.24239,0.00096,5.97815,5.93956
28.2500,-2.16169,-4.04404,-2.16169,-4.04404,-2.16232,-4.04422,2.83768,0.95578,5.01270,5.02419,5.00000,5.00000,0.00000,0.00000,12,0.00026,-0.42526,-0.42516,0.00260,-0.10470,-0.06742,0.06242,0.06245,0.00548,0.44141,0.47295,0.12641,0.12640,-0.00245,-0.24259,-0.24383,-0.25649,-0.25647,-0.00383,0.19998,0.25749,-0.10602,-0.10621,0.00548,2.92793,2.94808,-0.46286,0.24237,-0.01228,5.95927,5.88468
28.3509,-2.16633,-4.04368,-2.16633,-4.04368,-2.16491,-4.04386,2.83509,0.95614,5.01360,5.02418,5.00000,5.00000,0.00000,0.00000,12,0.00029,-0.42526,-0.42516,0.00026,-0.11222,-0.12519,0.06242,0.06244,-0.00083,0.41655,0.42210,0.12641,0.12641,0.00047,-0.23023,-0.22979,-0.25649,-0.25647,0.00065,0.21238,0.14968,-0.10602,-0.10623,0.00192,2.90548,2.96765,-0.46286,0.24240,0.00245,5.95522,5.98370
28.4531,-2.16338,-4.04102,-2.16338,-4.04102,-2.16426,-4.04284,2.83574,0.95716,5.01261,5.02348,5.00000,5.00000,0.00000,0.00000,12,0.00028,-0.42526,-0.42517,-0.00782,-0.11181,-0.16539,0.06242,0.06243,-0.00111,0.41269,0.41753,0.12641,0.12640,-0.00263,-0.24096,-0.37847,-0.25649,-0.25649,-0.00447,0.18851,0.05061,-0.10602,-0.10622,0.00338,2.94384,2.83110,-0.46286,0.24240,0.00227,5.97604,5.94156
28.5561,-2.16511,-4.04074,-2.16511,-4.04074,-2.16466,-4.04112,2.83534,0.95888,5.01318,5.02408,5.00000,5.00000,0.00000,0.00000,12,0.00028,-0.42526,-0.42515,0.00322,-0.09851,-0.19194,0.06242,0.06245,0.00284,0.43258,0.46752,0.12641,0.12641,0.00282,-0.22060,-0.24781,-0.25649,-0.25648,-0.00446,0.19353,0.12437,-0.10602,-0.10622,0.00528,2.95007,3.11006,-0.46286,0.24240,0.00575,5.95594,5.94357
28.6565,-2.16341,-4.03995,-3.16341,-4.03995,-2.46335,-4.04064,2.53665,0.95936,5.31481,5.02395,5.00000,5.00000,1.00000,0.00000,13,0.00025,-0.42526,-0.42518,-0.00376,-0.13385,-0.07341,0.06242,0.06243,-0.00028,0.41539,0.41425,0.12641,0.12639,-0.00345,-0.21751,-0.14622,-0.25649,-0.25645,0.01018,0.25220,0.10604,-0.10602,-0.10622,0.00236,2.90435,3.22375,-0.46286,0.24240,0.00517,5.98947,6.04161
28.7577,-2.15849,-4.04009,-3.15849,-4.04009,-3.04246,-4.04063,1.95754,0.95937,5.06798,5.02401,5.00000,5.00000,1.00000,0.00000,12,0.00024,-0.42526,-0.42516,0.00279,-0.09937,-0.12383,0.06242,0.06244,0.00267,0.42811,0.39248,0.12641,0.12639,-0.00505,-0.22391,-0.13615,-0.25649,-0.25648,-0.00854,0.17996,0.09757,-0.10602,-0.10623,-0.00572,2.90376,2.97795,-0.46286,0.24240,-0.00082,5.98366,6.06074
28.8588,-2.16512,-4.03974,-3.16512,-4.03974,-3.14228,-4.03988,1.85772,0.96012,5.02864,5.02418,5.00000,5.00000,1.00000,0.00000,12,0.00036,-0.42526,-0.42515,0.00413,-0.09021,-0.05030,0.06242,0.06244,0.00328,0.43006,0.59939,0.12641,0.12640,0.00090,-0.23460,-0.20610,-0.25649,-0.25646,0.00364,0.22689,0.18382,-0.10602,-0.10624,-0.00481,2.90034,2.96224,-0.46286,0.24240,0.00209,5.96656,5.98500
28.9609,-2.16577,-4.03868,-3.16577,-4.03868,-3.16121,-4.03932,1.83879,0.96068,5.02092,5.02396,5.00000,5.00000,1.00000,0.00000,12,0.00043,-0.42526,-0.42514,0.00830,-0.10067,-0.20297,0.06242,0.06244,0.00061,0.42201,0.28332,0.12641,0.12640,-0.00420,-0.24956,-0.18008,-0.25649,-0.25647,0.00607,0.20136,0.25206,-0.10602,-0.10621,0.00630,2.91290,2.94062,-0.46286,0.24238,-0.00143,5.99340,6.00027
29.0612,-2.16412,-4.03858,-3.16412,-4.03858,-3.16495,-4.03894,1.83505,0.96106,5.01864,5.02408,5.00000,5.00000,1.00000,0.00000,12,0.00029,-0.42526,-0.42518,-0.00859,-0.11322,-0.11865,0.06242,0.06245,0.00364,0.43641,0.43613,0.12641,0.12640,0.00141,-0.19694,-0.29474,-0.25649,-0.25648,0.00016,0.17730,0.16634,-0.10602,-0.10623,-0.00326,2.90481,3.04680,-0.46286,0.24241,0.00907,5.99400,5.83238
29.1652,-2.16400,-4.04183,-3.16400,-4.04183,-3.16357,-4.04034,1.83643,0.95966,5.01917,5.02488,5.00000,5.00000,1.00000,0.00000,12,0.00029,-0.42526,-0.42516,0.00051,-0.10348,-0.03667,0.06242,0.06245,0.00272,0.43349,0.37601,0.12641,0.12640,-0.00447,-0.21972,-0.21997,-0.25649,-0.25647,0.00145,0.21559,0.21879,-0.10602,-0.10622,-0.00263,2.87405,2.96155,-0.46286,0.24238,-0.00556,5.98393,5.99475
29.2668,-2.16108,-4.04383,-3.16108,-4.04383,-3.16207,-4.04248,1.83793,0.95752,5.01855,5.02483,5.00000,5.00000,1.00000,0.00000,12,0.00029,-0.42526,-0.42516,0.00163,-0.09724,-0.08457,0.06242,0.06245,0.00624,0.41383,0.40143,0.12641,0.12641,0.00152,-0.22648,-0.27022,-0.25649,-0.25647,0.00040,0.21400,0.16365,-0.10602,-0.10623,-0.00158,2.90382,2.97108,-0.46286,0.24239,-0.00360,5.97619,5.81874
29.3684,-2.16539,-4.04683,-3.16539,-4.04683,-3.16317,-4.04497,1.83683,0.95503,5.01993,5.02507,5.00000,5.00000,1.00000,0.00000,12,0.00106,-0.42526,-0.42518,-0.00706,-0.10451,-0.18364,0.06242,0.06245,0.00787,0.45191,0.55292,0.12641,0.12641,0.00193,-0.22710,-0.24282,-0.25649,-0.25648,-0.00209,0.20335,0.24052,-0.10602,-0.10623,-0.00205,2.89740,2.88766,-0.46286,0.24241,0.00461,5.98756,5.86858
29.4686,-2.16308,-4.04732,-3.16308,-4.04732,-3.16275,-4.04701,1.83725,0.95299,5.01912,5.02442,5.00000,5.00000,1.00000,0.00000,12,0.00040,-0.42526,-0.42519,-0.00683,-0.10478,-0.17431,0.06242,0.06243,-0.00443,0.40061,0.41344,0.12641,0.12638,-0.00586,-0.23065,-0.18571,-0.25649,-0.25646,0.00317,0.19506,0.19886,-0.10602,-0.10621,0.00297,2.90575,2.92966,-0.46286,0.24239,-0.00477,5.97852,6.06510
29.5699,-2.16269,-4.04660,-3.16269,-4.04660,-3.16352,-4.04647,1.83648,0.95353,5.01862,5.02434,5.00000,5.00000,1.00000,0.00000,12,0.00025,-0.42526,-0.42516,0.00064,-0.09852,-0.09678,0.06242,0.06244,-0.00006,0.42235,0.29417,0.12641,0.12640,0.00097,-0.23195,-0.09123,-0.25649,-0.25647,-0.00099,0.21195,0.36695,-0.10602,-0.10623,-0.00497,2.88340,2.96505,-0.46286,0.24239,-0.00010,5.96444,5.98027
29.6749,-2.16256,-4.04794,-3.16256,-4.04794,-3.16230,-4.04807,1.83770,0.95193,5.01909,5.02423,5.00000,5.00000,1.00000,0.00000,12,0.00029,-0.42526,-0.42517,0.00081,-0.10067,-0.17104,0.06242,0.06242,-0.00756,0.42130,0.38108,0.12641,0.12640,-0.00137,-0.24262,-0.35137,-0.25649,-0.25646,0.00716,0.21185,0.22694,-0.10602,-0.10623,-0.00472,2.88528,2.95768,-0.46286,0.24238,-0.00364,5.94979,5.93263
29.7764,-2.16439,-4.05096,-3.16439,-4.05096,-3.16363,-4.04977,1.83637,0.95023,5.01931,5.02481,5.00000,5.00000,1.00000,0.00000,12,0.00027,-0.42526,-0.42516,0.00390,-0.08841,-0.08184,0.06242,0.06243,0.00005,0.41913,0.50069,0.12641,0.12641,0.00137,-0.22913,-0.32943,-0.25649,-0.25648,-0.00451,0.19687,0.24216,-0.10602,-0.10620,0.01368,2.89239,3.04967,-0.46286,0.24241,0.01099,5.99400,6.01584
29.8790,-2.16751,-4.05255,-3.16751,-4.05255,-3.16560,-4.05185,1.83440,0.94815,5.01981,5.02461,5.00000,5.00000,1.00000,0.00000,12,0.00231,-0.42526,-0.42515,0.00543,-0.07686,0.05667,0.06242,0.06244,0.00025,0.42381,0.41557,0.12641,0.12639,-0.00511,-0.25505,-0.35702,-0.25649,-0.25645,0.00677,0.24398,0.13620,-0.10602,-0.10625,-0.00759,2.86132,3.00864,-0.46286,0.24239,-0.00009,5.97378,5.98906
29.9777,-2.16872,-4.04968,-3.16872,-4.04968,-3.16796,-4.05100,1.83204,0.94900,5.01933,5.02374,5.00000,5.00000,1.00000,0.00000,12,0.00026,-0.42526,-0.42516,0.00382,-0.11448,-0.09050,0.06242,0.06244,0.00011,0.45267,0.40287,0.12641,0.12640,-0.00052,-0.23552,-0.29950,-0.25649,-0.25645,0.00957,0.22316,0.16573,-0.10602,-0.10621,0.01186,2.87597,2.89109,-0.46286,0.24240,0.00648,5.99400,5.87722
30.0789,-2.17274,-4.04736,-3.17274,-4.04736,-3.17130,-4.04869,1.82870,0.95131,5.01965,5.02372,5.00000,5.00000,1.00000,0.00000,12,0.00031,-0.42526,-0.42518,-0.00964,-0.10524,0.00628,0.06242,0.06245,0.00428,0.43977,0.48143,0.12641,0.12640,-0.00013,-0.23465,-0.24178,-0.25649,-0.25647,0.00113,0.18867,0.17626,-0.10602,-0.10623,-0.00484,2.87290,2.93228,-0.46286,0.24241,0.01379,5.99223,5.99194
30.1831,-2.17169,-4.04546,-3.17169,-4.04546,-3.17071,-4.04656,1.82929,0.95344,5.01945,5.02381,5.00000,5.00000,1.00000,0.00000,12,0.00042,-0.42526,-0.42518,-0.00587,-0.09031,-0.09881,0.06242,0.06244,0.00179,0.42765,0.40943,0.12641,0.12640,0.00077,-0.23157,-0.25987,-0.25649,-0.25648,-0.00146,0.20515,0.25734,-0.10602,-0.10620,0.00964,2.90055,2.93384,-0.46286,0.24238,-0.00502,5.99400,5.97959
30.2844,-2.17264,-4.04829,-3.17264,-4.04829,-3.17197,-4.04715,1.82803,0.95285,5.01932,5.02477,5.00000,5.00000,1.00000,0.00000,12,0.00063,-0.42526,-0.42516,0.00554,-0.10887,-0.19046,0.06242,0.06244,0.00095,0.42594,0.46677,0.12641,0.12642,0.00276,-0.21516,-0.12144,-0.25649,-0.25647,-0.00016,0.21752,0.09126,-0.10602,-0.10623,0.00130,2.85649,2.97289,-0.46286,0.24238,-0.00159,5.96164,5.80082
30.3846,-2.17927,-4.05001,-3.17927,-4.05001,-3.17664,-4.04907,1.82336,0.95093,5.02019,5.02470,5.00000,5.00000,1.00000,0.00000,12,0.00031,-0.42526,-0.42519,-0.00639,-0.09381,0.01476,0.06242,0.06245,0.00458,0.44218,0.41821,0.12641,0.12641,-0.00077,-0.23260,-0.24971,-0.25649,-0.25647,-0.00160,0.21092,0.28804,-0.10602,-0.10622,-0.00225,2.84574,2.82542,-0.46286,0.24239,0.00360,5.98503,6.06406
30.4858,-2.18012,-4.05526,-3.18012,-4.05526,-3.17889,-4.05307,1.82111,0.94693,5.01960,5.02526,5.00000,5.00000,1.00000,0.00000,12,0.00035,-0.42526,-0.42518,-0.00222,-0.10708,-0.24658,0.06242,0.06246,0.00804,0.42533,0.46166,0.12641,0.12641,0.00154,-0.22571,-0.13837,-0.25649,-0.25646,0.00227,0.19730,0.20754,-0.10602,-0.10624,-0.00634,2.85567,2.79916,-0.46286,0.24238,-0.00033,5.96905,5.82467
30.5875,-2.17783,-4.05555,-3.17783,-4.05555,-3.17817,-4.05458,1.82183,0.94542,5.01892,5.02474,5.00000,5.00000,1.00000,0.00000,12,0.00030,-0.42526,-0.42518,-0.00285,-0.10743,-0.14171,0.06242,0.06245,0.00619,0.44622,0.51714,0.12641,0.12641,0.00634,-0.20958,-0.29910,-0.25649,-0.25646,0.00111,0.22383,-0.00997,-0.10602,-0.10624,-0.00885,2.84326,2.65304,-0.46286,0.24239,0.00222,5.98305,5.94507
30.6880,-2.17688,-4.05303,-3.17688,-4.05303,-3.17774,-4.05414,1.82226,0.94585,5.01870,5.02384,5.00000,5.00000,1.00000,0.00000,12,0.00030,-0.42526,-0.42517,-0.00233,-0.10303,-0.03831,0.06242,0.06244,-0.00261,0.41507,0.34406,0.12641,0.12640,-0.00012,-0.23748,-0.31323,-0.25649,-0.25645,0.00642,0.24892,0.26427,-0.10602,-0.10620,0.01145,2.86418,2.84186,-0.46286,0.24237,-0.00854,5.95894,6.11935
30.7892,-2.17546,-4.05114,-3.17546,-4.05114,-3.17687,-4.05199,1.82313,0.94801,5.01846,5.02395,5.00000,5.00000,1.00000,0.00000,12,0.00028,-0.42526,-0.42515,0.00663,-0.06418,-0.08891,0.06242,0.06243,0.00057,0.42237,0.39968,0.12641,0.12640,-0.00486,-0.22250,-0.08778,-0.25649,-0.25647,-0.00093,0.18213,0.27326,-0.10602,-0.10624,-0.00600,2.84931,2.95786,-0.46286,0.24237,-0.00663,5.98197,5.90474
30.8911,-2.17783,-4.05330,-3.17783,-4.05330,-3.17637,-4.05265,1.82363,0.94735,5.01968,5.02460,5.00000,5.00000,1.00000,0.00000,12,0.00034,-0.42526,-0.42516,0.00067,-0.08687,-0.15440,0.06242,0.06243,-0.00408,0.40417,0.37171,0.12641,0.12641,0.00284,-0.22153,-0.39945,-0.25649,-0.25646,0.00304,0.19902,0.13969,-0.10602,-0.10622,-0.00025,2.84377,3.05630,-0.46286,0.24239,-0.00086,5.96012,5.88898
30.9967,-2.17809,-4.05178,-3.17809,-4.05178,-3.17822,-4.05212,1.82178,0.94788,5.01902,5.02416,5.00000,5.00000,1.00000,0.00000,12,0.00233,-0.42526,-0.42517,-0.00148,-0.09756,-0.21011,0.06242,0.06245,0.00401,0.40918,0.45497,0.12641,0.12641,0.00101,-0.22788,-0.19384,-0.25649,-0.25646,0.00116,0.19289,0.26449,-0.10602,-0.10622,-0.00123,2.86670,2.96379,-0.46286,0.24239,0.00048,5.93122,5.89670
31.0958,-2.17703,-4.05174,-3.17703,-4.05174,-3.17802,-4.05174,1.82198,0.94826,5.01864,5.02431,5.00000,5.00000,1.00000,0.00000,12,0.00026,-0.42526,-0.42519,-0.00974,-0.13052,-0.10018,0.06242,0.06245,0.00497,0.44503,0.53376,0.12641,0.12641,-0.00014,-0.23440,-0.28637,-0.25649,-0.25647,0.00067,0.22048,0.26998,-0.10602,-0.10624,-0.00608,2.87353,2.75299,-0.46286,0.24237,-0.00759,5.96091,6.00025
31.1969,-2.17103,-4.05339,-3.17103,-4.05339,-3.17333,-4.05243,1.82667,0.94757,5.01806,5.02473,5.00000,5.00000,1.00000,0.00000,12,0.00028,-0.42526,-0.42518,-0.00239,-0.10128,-0.08610,0.06242,0.06243,-0.00275,0.40970,0.31728,0.12641,0.12640,-0.00386,-0.24780,-0.33418,-0.25649,-0.25646,0.00562,0.20966,0.13582,-0.10602,-0.10622,0.00650,2.85615,2.86700,-0.46286,0.24241,0.00689,5.99248,5.93862
31.2980,-2.16804,-4.05047,-3.16804,-4.05047,-3.17063,-4.05158,1.82937,0.94842,5.01791,5.02384,5.00000,5.00000,1.00000,0.00000,12,0.00090,-0.42526,-0.42518,0.00052,-0.05803,0.02311,0.06242,0.06243,-0.00528,0.40128,0.57491,0.12641,0.12639,-0.00420,-0.22090,-0.24142,-0.25649,-0.25648,-0.00506,0.19639,0.20127,-0.10602,-0.10622,-0.00136,2.85841,2.80009,-0.46286,0.24240,0.00783,5.99020,6.00277
31.3980,-2.17001,-4.05145,-3.17001,-4.05145,-3.16974,-4.05049,1.83026,0.94951,5.01913,5.02471,5.00000,5.00000,1.00000,0.00000,12,0.00032,-0.42526,-0.42517,0.00209,-0.11294,-0.09281,0.06242,0.06244,0.00035,0.42534,0.51060,0.12641,0.12639,-0.00640,-0.23274,-0.39889,-0.25649,-0.25645,0.00772,0.25127,0.28575,-0.10602,-0.10618,0.01595,2.86739,3.01330,-0.46286,0.24237,-0.00411,5.95752,5.91889
31.4998,-2.16712,-4.04889,-3.16712,-4.04889,-3.16841,-4.04973,1.83159,0.95027,5.01846,5.02394,5.00000,5.00000,1.00000,0.00000,12,0.00026,-0.42526,-0.42517,-0.00071,-0.08914,-0.14509,0.06242,0.06244,0.00042,0.42634,0.30638,0.12641,0.12640,-0.00096,-0.23792,-0.35805,-0.25649,-0.25648,-0.00604,0.19337,0.20512,-0.10602,-0.10623,-0.00721,2.82994,2.83601,-0.46286,0.24238,-0.00128,5.95318,5.88389
31.6010,-2.17030,-4.05319,-3.17030,-4.05319,-3.16885,-4.05119,1.83115,0.94881,5.01964,5.02517,5.00000,5.00000,1.00000,0.00000,12,0.00032,-0.42526,-0.42519,-0.00697,-0.11633,-0.07938,0.06242,0.06245,0.00190,0.43679,0.34229,0.12641,0.12640,-0.00445,-0.25215,-0.18811,-0.25649,-0.25646,0.00255,0.23308,0.18909,-0.10602,-0.10622,-0.00056,2.82463,2.75991,-0.46286,0.24238,-0.00275,5.96793,6.10664
31.7045,-2.16626,-4.05115,-2.16626,-4.05115,-2.51148,-4.05166,1.91158,0.94834,4.42307,5.02409,4.42307,5.00000,0.00000,0.00000,8,0.00104,-0.41380,-0.42505,0.00623,-0.74724,-0.58076,0.03551,0.06203,-0.01945,1.96325,1.71792,0.10125,0.12613,-0.02230,1.16760,0.55971,-0.24574,-0.25623,0.02304,-0.66487,-0.30151,-0.09059,-0.10609,-0.00502,1.89438,1.85842,-0.44751,0.24239,0.00363,5.98743,6.04232
31.8051,-2.20574,-3.98796,-2.20574,-3.98796,-2.24533,-4.02380,1.98086,0.97620,4.22619,5.00878,4.22619,5.00000,0.00000,0.00000,8,0.00030,-0.40988,-0.40473,0.01791,0.22680,0.21229,0.02632,0.05906,-0.00263,3.17542,3.11621,0.09265,0.12223,-0.02386,2.19884,2.37367,-0.24206,-0.25296,0.00547,-0.72250,-0.75712,-0.08533,-0.10530,0.01208,1.15813,1.09235,-0.44228,0.24237,-0.00341,5.94483,6.00487
31.9055,-2.20563,-4.00193,-2.20563,-4.00193,-2.21265,-3.99421,2.04753,1.00579,4.26017,5.02727,4.26017,5.00000,0.00000,0.00000,8,0.00025,-0.41056,-0.40466,-0.00525,0.33110,0.33035,0.02791,0.05893,-0.00232,3.24923,3.28833,0.09414,0.12126,-0.00643,2.24944,2.24886,-0.24270,-0.25269,0.00703,-0.69053,-0.65300,-0.08624,-0.10526,0.00217,1.10924,1.15434,-0.44318,0.24239,-0.00176,5.98900,6.07680
32.0091,-2.20271,-3.98428,-2.20271,-3.98428,-2.20586,-3.98311,2.11376,1.01689,4.31962,5.02440,4.31962,5.00000,0.00000,0.00000,8,0.00026,-0.41174,-0.40482,0.00083,0.51326,0.43615,0.03068,0.05862,-0.00576,3.40041,3.33612,0.09673,0.12059,-0.00650,2.35430,2.15184,-0.24381,-0.25256,-0.00480,-0.74853,-0.67500,-0.08783,-0.10514,0.00452,1.05157,0.97090,-0.44476,0.24238,-0.00253,5.94196,5.95538
32.1117,-2.20139,-3.97763,-2.20139,-3.97763,-2.20203,-3.97921,2.17986,1.02079,4.38189,5.02320,4.38189,5.00000,0.00000,0.00000,8,0.00074,-0.41298,-0.40504,-0.00174,0.64569,0.71360,0.03359,0.05815,-0.00159,3.49069,3.27701,0.09945,0.11980,-0.00640,2.36968,2.22459,-0.24497,-0.25237,0.00616,-0.72067,-0.76938,-0.08949,-0.10498,0.00892,0.97186,1.03487,-0.44642,0.24238,-0.00203,5.95800,6.09561
32.2147,-2.19789,-3.96564,-2.19789,-3.96564,-2.20036,-3.97032,2.24590,1.02968,4.44626,5.02181,4.44626,5.00000,0.00000,0.00000,8,0.00034,-0.41426,-0.40533,-0.00180,0.81625,0.69265,0.03660,0.05750,-0.01072,3.50086,3.50248,0.10226,0.11884,-0.00737,2.34087,2.41373,-0.24617,-0.25225,0.00486,-0.71543,-0.73566,-0.09121,-0.10483,0.00858,0.87775,0.92761,-0.44813,0.24239,0.00277,5.97300,5.87942
32.3150,-2.19057,-3.94741,-2.19057,-3.94741,-2.19362,-3.95534,2.31180,1.04466,4.50542,5.02033,4.50542,5.00000,0.00000,0.00000,8,0.00027,-0.41544,-0.40567,-0.00683,1.00077,0.92368,0.03936,0.05697,0.00001,3.54200,3.42444,0.10484,0.11814,-0.01008,2.32580,2.41270,-0.24728,-0.25223,-0.00027,-0.76769,-0.81643,-0.09279,-0.10464,0.00125,0.84610,0.85897,-0.44970,0.24236,-0.01062,5.94636,5.88246
32.4157,-2.18635,-3.94126,-2.18635,-3.94126,-2.18904,-3.94527,2.37752,1.05473,4.56656,5.02196,4.56656,5.00000,0.00000,0.00000,8,0.00027,-0.41665,-0.40613,-0.00958,1.17700,1.20333,0.04221,0.05655,-0.00792,3.57276,3.68190,0.10751,0.11771,-0.00441,2.31435,2.30308,-0.24842,-0.25221,0.00328,-0.72205,-0.59762,-0.09442,-0.10446,0.00493,0.81010,0.81227,-0.45132,0.24238,-0.00240,5.99400,6.05082
32.5169,-2.18799,-3.93576,-2.18799,-3.93576,-2.18771,-3.93759,2.44315,1.06241,4.63086,5.02284,4.63086,5.00000,0.00000,0.00000,8,0.00028,-0.41793,-0.40651,-0.00861,1.34047,1.32218,0.04521,0.05628,-0.00962,3.51033,3.69715,0.11032,0.11740,-0.00869,2.21896,2.27530,-0.24961,-0.25221,0.00344,-0.69238,-0.71108,-0.09614,-0.10440,-0.00172,0.80967,0.80158,-0.45303,0.24239,0.00813,5.99087,6.05028
32.6187,-2.19021,-3.93137,-2.19021,-3.93137,-2.18845,-3.93340,2.50880,1.06660,4.69724,5.02273,4.69724,5.00000,0.00000,0.00000,8,0.00139,-0.41925,-0.40727,-0.01686,1.48156,1.64977,0.04831,0.05614,0.00320,3.44251,3.33174,0.11321,0.11729,-0.00281,2.11306,2.04916,-0.25085,-0.25220,0.00902,-0.61026,-0.55226,-0.09792,-0.10439,-0.01349,0.81209,0.92654,-0.45480,0.24238,-0.00103,5.94162,6.08392
32.7185,-2.18780,-3.93027,-2.18780,-3.93027,-2.18882,-3.93066,2.57447,1.06934,4.76329,5.02342,4.76329,5.00000,0.00000,0.00000,8,0.00032,-0.42056,-0.40831,-0.02199,1.62525,1.69964,0.05139,0.05612,-0.00081,3.33418,3.30646,0.11609,0.11729,0.00383,1.98228,1.97956,-0.25208,-0.25222,-0.00311,-0.59509,-0.54727,-0.09968,-0.10437,-0.00305,0.83325,0.84548,-0.45656,0.24237,-0.00687,5.96967,6.04229
32.8216,-2.18634,-3.93244,-2.18634,-3.93244,-2.18779,-3.93223,2.64013,1.06777,4.82792,5.02368,4.82792,5.00000,0.00000,0.00000,8,0.00032,-0.42184,-0.41012,-0.00724,1.75523,1.59380,0.05440,0.05614,0.00688,3.18735,3.20121,0.11891,0.11731,-0.00098,1.77137,1.72269,-0.25329,-0.25221,0.00321,-0.48743,-0.49565,-0.10141,-0.10436,-0.00192,0.93102,0.97172,-0.45828,0.24236,-0.00772,5.96315,5.90318
32.9247,-2.17533,-3.93235,-2.17533,-3.93235,-2.18093,-3.93268,2.70565,1.06732,4.88658,5.02345,4.88658,5.00000,0.00000,0.00000,8,0.00163,-0.42301,-0.41151,-0.00553,1.88287,1.87655,0.05714,0.05611,-0.00898,2.95470,3.06658,0.12147,0.11738,0.00003,1.58765,1.58464,-0.25438,-0.25222,0.00450,-0.38709,-0.36653,-0.10298,-0.10436,0.00068,1.01269,0.96224,-0.45984,0.24239,0.00214,5.95714,6.02038
33.0256,-2.17087,-3.93361,-2.17087,-3.93361,-2.17339,-3.93294,2.77093,1.06706,4.94432,5.02388,4.94432,5.00000,0.00000,0.00000,8,0.00035,-0.42415,-0.41268,-0.00466,2.07121,2.22836,0.05983,0.05614,0.00408,2.78888,2.83751,0.12398,0.11745,-0.00002,1.34345,1.31091,-0.25545,-0.25224,-0.00632,-0.31867,-0.27310,-0.10453,-0.10440,-0.01374,1.02497,1.04926,-0.46138,0.24240,0.01203,5.99342,5.91524
33.1266,-2.17016,-3.93371,-2.17016,-3.93371,-2.16992,-3.93320,2.83008,1.06680,5.00598,5.02382,5.00000,5.00000,0.00000,0.00000,12,0.00026,-0.42526,-0.41365,-0.00292,2.18553,2.18123,0.06242,0.05616,-0.00348,2.56872,2.45284,0.12641,0.11756,-0.00553,1.09732,1.11811,-0.25649,-0.25225,-0.00495,-0.23302,-0.17660,-0.10602,-0.10438,0.00199,1.20061,1.24756,-0.46286,0.24238,-0.00072,5.96083,5.92969
33.2273,-2.16389,-3.93461,-2.16389,-3.93461,-2.16695,-3.93441,2.83305,1.06559,5.01169,5.02369,5.00000,5.00000,0.00000,0.00000,12,0.00025,-0.42526,-0.41485,-0.01060,2.22175,2.28656,0.06242,0.05619,0.00332,2.51571,2.72710,0.12641,0.11761,-0.00268,1.01294,0.98517,-0.25649,-0.25227,-0.00029,-0.15144,-0.27307,-0.10602,-0.10440,-0.00163,1.19229,1.24168,-0.46286,0.24236,-0.00640,5.96392,5.76752
33.3295,-2.16448,-3.93340,-2.16448,-3.93340,-2.16424,-3.93373,2.83576,1.06627,5.01309,5.02346,5.00000,5.00000,0.00000,0.00000,12,0.00057,-0.42526,-0.41559,-0.01224,2.31185,2.24100,0.06242,0.05619,-0.00494,2.42158,2.52663,0.12641,0.11768,0.00740,0.95244,0.87853,-0.25649,-0.25227,0.00318,-0.09304,-0.11808,-0.10602,-0.10439,0.00314,1.25971,1.29986,-0.46286,0.24238,-0.00260,5.98573,5.95626
33.4303,-2.16078,-3.93333,-2.16078,-3.93333,-2.16170,-3.93236,2.83830,1.06764,5.01258,5.02401,5.00000,5.00000,0.00000,0.00000,12,0.00036,-0.42526,-0.41638,0.00681,2.39585,2.43125,0.06242,0.05624,-0.00247,2.38451,2.38368,0.12641,0.11772,0.00063,0.82240,0.81875,-0.25649,-0.25228,0.00344,-0.05124,-0.05260,-0.10602,-0.10439,0.00092,1.24183,1.33700,-0.46286,0.24238,0.00213,5.99400,6.01246
33.5328,-2.15395,-3.93070,-2.15395,-3.93070,-2.15698,-3.93074,2.84302,1.06926,5.01164,5.02357,5.00000,5.00000,0.00000,0.00000,12,0.00037,-0.42526,-0.41726,-0.01242,2.40100,2.31561,0.06242,0.05625,0.00212,2.30121,2.30819,0.12641,0.11778,0.00621,0.73735,0.76517,-0.25649,-0.25231,0.00027,0.00488,0.01039,-0.10602,-0.10440,-0.00649,1.26131,1.23854,-0.46286,0.24237,-0.00047,5.95799,5.98703
33.6349,-2.14679,-3.93186,-2.14679,-3.93186,-2.14848,-3.93160,2.85152,1.06840,5.01217,5.02370,5.00000,5.00000,0.00000,0.00000,12,0.00038,-0.42526,-0.41830,-0.01297,2.42454,2.37830,0.06242,0.05628,-0.00268,2.22826,2.15782,0.12641,0.11783,-0.00293,0.63443,0.53143,-0.25649,-0.25232,0.00068,0.03524,0.22562,-0.10602,-0.10439,-0.00003,1.30632,1.32643,-0.46286,0.24237,0.00254,5.98101,5.90272
33.7363,-2.13520,-3.93262,-2.13520,-3.93262,-2.14043,-3.93268,2.85957,1.06732,5.01060,5.02357,5.00000,5.00000,0.00000,0.00000,12,0.00033,-0.42526,-0.41968,-0.00431,2.39126,2.42252,0.06242,0.05632,-0.00527,2.12750,2.26351,0.12641,0.11791,0.00114,0.51635,0.48218,-0.25649,-0.25234,0.00265,0.10166,0.07248,-0.10602,-0.10441,-0.00260,1.27747,1.40094,-0.46286,0.24237,-0.00464,5.97275,5.91991
33.8369,-2.13194,-3.93088,-2.13194,-3.93088,-2.13380,-3.93228,2.86620,1.06772,5.01201,5.02299,5.00000,5.00000,0.00000,0.00000,12,0.00029,-0.42526,-0.42095,-0.00543,2.39663,2.42413,0.06242,0.05635,0.00603,2.10850,1.98087,0.12641,0.11797,0.00464,0.42877,0.39002,-0.25649,-0.25234,0.00686,0.16251,0.18568,-0.10602,-0.10440,-0.00184,1.33531,1.36393,-0.46286,0.24238,0.00277,5.97428,6.10976
33.9377,-2.12676,-3.93406,-2.12676,-3.93406,-2.12936,-3.93160,2.87064,1.06840,5.01166,5.02465,5.00000,5.00000,0.00000,0.00000,12,0.00032,-0.42526,-0.42202,-0.02174,2.33533,2.28391,0.06242,0.05637,0.00711,2.02047,2.16263,0.12641,0.11804,0.00339,0.34103,0.35836,-0.25649,-0.25241,-0.01070,0.18513,0.19892,-0.10602,-0.10441,-0.00153,1.32007,1.32051,-0.46286,0.24238,-0.00310,5.96745,5.99822
34.0399,-2.12212,-3.93832,-2.12212,-3.93832,-2.12463,-3.93635,2.87537,1.06365,5.01167,5.02446,5.00000,5.00000,0.00000,0.00000,12,0.00032,-0.42526,-0.42436,-0.05103,2.11308,2.01945,0.06242,0.05641,0.00472,1.96291,1.87948,0.12641,0.11813,0.00326,0.21775,0.32491,-0.25649,-0.25241,0.00318,0.27303,0.32571,-0.10602,-0.10440,0.00041,1.38343,1.33637,-0.46286,0.24237,-0.00322,5.99307,5.94427
34.1451,-2.11317,-3.94739,-2.11317,-3.94739,-2.11624,-3.94349,2.88376,1.05651,5.01138,5.02533,5.00000,5.00000,0.00000,0.00000,12,0.00300,-0.42526,-0.42856,-0.00584,1.95586,1.82566,0.06242,0.05643,-0.00639,1.85829,1.84737,0.12641,0.11823,0.00556,0.15585,0.15894,-0.25649,-0.25246,-0.00018,0.28839,0.40822,-0.10602,-0.10441,-0.00024,1.39784,1.48882,-0.46286,0.24238,0.00287,5.96661,5.96968
34.2429,-2.11088,-3.94495,-2.11088,-3.94495,-2.11285,-3.94437,2.88715,1.05563,5.01183,5.02391,5.00000,5.00000,0.00000,0.00000,12,0.00029,-0.42526,-0.42881,-0.00195,1.90964,1.80663,0.06242,0.05650,0.00662,1.80568,1.89611,0.12641,0.11832,0.00019,0.05136,0.13354,-0.25649,-0.25248,0.00283,0.36885,0.22441,-0.10602,-0.10440,0.00607,1.41117,1.35137,-0.46286,0.24240,0.01129,5.99400,6.04439
34.3462,-2.10830,-3.94487,-2.10830,-3.94487,-2.10896,-3.94464,2.89104,1.05536,5.01237,5.02377,5.00000,5.00000,0.00000,0.00000,12,0.00024,-0.42526,-0.42885,-0.00363,1.83115,1.97368,0.06242,0.05654,0.00013,1.73693,1.75828,0.12641,0.11841,0.00024,-0.05820,-0.04273,-0.25649,-0.25252,-0.00083,0.38254,0.31408,-0.10602,-0.10441,-0.00366,1.42446,1.44910,-0.46286,0.24239,0.00677,5.97804,5.86493
34.4481,-2.09950,-3.94376,-2.09950,-3.94376,-2.10342,-3.94477,2.89658,1.05523,5.01094,5.02324,5.00000,5.00000,0.00000,0.00000,12,0.00077,-0.42526,-0.42882,0.00735,1.83885,1.78796,0.06242,0.05660,-0.00303,1.66196,1.72434,0.12641,0.11850,-0.00370,-0.14229,-0.10737,-0.25649,-0.25256,0.00306,0.44892,0.43815,-0.10602,-0.10442,-0.01094,1.44562,1.47695,-0.46286,0.24237,-0.00718,5.95262,5.85051
34.5493,-2.10266,-3.94145,-2.10266,-3.94145,-2.10139,-3.94243,2.89861,1.05757,5.01315,5.02323,5.00000,5.00000,0.00000,0.00000,12,0.00031,-0.42526,-0.42884,-0.00504,1.77739,1.70208,0.06242,0.05671,0.00504,1.58708,1.56349,0.12641,0.11865,0.00465,-0.22226,-0.27548,-0.25649,-0.25260,0.00676,0.48454,0.69867,-0.10602,-0.10445,-0.01359,1.41036,1.35836,-0.46286,0.24236,-0.00573,5.97387,5.93325
34.6508,-2.09786,-3.93871,-2.09786,-3.93871,-2.09936,-3.93993,2.90064,1.06007,5.01195,5.02312,5.00000,5.00000,0.00000,0.00000,12,0.00032,-0.42526,-0.42883,0.00106,1.69692,1.65451,0.06242,0.05680,-0.00635,1.53319,1.46554,0.12641,0.11879,-0.00160,-0.31597,-0.36435,-0.25649,-0.25268,-0.00352,0.51714,0.46453,-0.10602,-0.10441,0.00487,1.50769,1.60367,-0.46286,0.24239,0.00247,5.95102,5.85735
34.7526,-2.10019,-3.94058,-3.10019,-3.94058,-2.86004,-3.94037,2.13996,1.05963,5.12008,5.02373,5.00000,5.00000,1.00000,0.00000,12,0.00028,-0.42526,-0.42881,0.00351,1.67245,1.71616,0.06242,0.05691,-0.00009,1.48383,1.70621,0.12641,0.11896,0.00451,-0.41004,-0.37843,-0.25649,-0.25272,0.00133,0.55413,0.42274,-0.10602,-0.10442,0.00168,1.48490,1.40459,-0.46286,0.24237,-0.00160,5.97583,5.99747
34.8539,-2.10022,-3.94109,-3.10022,-3.94109,-3.06006,-3.94051,1.93994,1.05949,5.03557,5.02389,5.00000,5.00000,1.00000,0.00000,12,0.00047,-0.42526,-0.42881,0.00298,1.65986,1.72637,0.06242,0.05703,0.00829,1.44937,1.38397,0.12641,0.11914,-0.00265,-0.48414,-0.47093,-0.25649,-0.25278,-0.00016,0.62669,0.71000,-0.10602,-0.10444,-0.00350,1.50852,1.39478,-0.46286,0.24238,0.00567,5.98860,5.92092
34.9562,-2.10341,-3.94244,-3.10341,-3.94244,-3.09555,-3.94206,1.90445,1.05794,5.02194,5.02381,5.00000,5.00000,1.00000,0.00000,12,0.00099,-0.42526,-0.42881,-0.00171,1.59806,1.43241,0.06242,0.05715,-0.00115,1.32728,1.27654,0.12641,0.11952,0.00881,-0.50827,-0.50941,-0.25649,-0.25284,0.00353,0.64692,0.50481,-0.10602,-0.10441,0.00487,1.53386,1.65354,-0.46286,0.24239,0.00495,5.97369,5.91655
35.0591,-2.10588,-3.94339,-3.10588,-3.94339,-3.10288,-3.94280,1.89712,1.05720,5.01990,5.02391,5.00000,5.00000,1.00000,0.00000,12,0.00046,-0.42526,-0.42878,-0.00010,1.54252,1.52086,0.06242,0.05726,-0.00053,1.30317,1.22037,0.12641,0.12018,0.00503,-0.56169,-0.58776,-0.25649,-0.25292,0.00195,0.67078,0.64529,-0.10602,-0.10444,-0.00213,1.54923,1.57218,-0.46286,0.24239,0.00678,5.97749,5.89257
35.1597,-2.09532,-3.94817,-3.09532,-3.94817,-3.09869,-3.94546,1.90131,1.05454,5.01715,5.02483,5.00000,5.00000,1.00000,0.00000,12,0.00028,-0.42526,-0.42881,-0.01560,1.47093,1.52602,0.06242,0.05738,0.00087,1.24974,1.18418,0.12641,0.12183,0.02223,-0.46406,-0.55508,-0.25649,-0.25297,0.00642,0.76047,0.67677,-0.10602,-0.10444,-0.00506,1.59262,1.68840,-0.46286,0.24238,-0.00477,5.96844,5.83568
35.2621,-2.09857,-3.95810,-3.09857,-3.95810,-3.09780,-3.95479,1.90220,1.04521,5.01892,5.02515,5.00000,5.00000,1.00000,0.00000,12,0.00046,-0.42526,-0.42878,-0.00901,1.43258,1.41773,0.06242,0.05748,-0.00757,1.18531,1.25728,0.12641,0.12316,0.00299,-0.45758,-0.44225,-0.25649,-0.25305,0.00123,0.77486,0.71266,-0.10602,-0.10442,0.00660,1.59412,1.46504,-0.46286,0.24239,0.00581,5.98849,5.95826
35.3661,-2.09125,-3.96089,-3.09125,-3.96089,-3.09443,-3.95953,1.90557,1.04047,5.01721,5.02434,5.00000,5.00000,1.00000,0.00000,12,0.00028,-0.42526,-0.42873,0.00812,1.43716,1.50683,0.06242,0.05760,-0.00007,1.12458,1.34132,0.12641,0.12360,0.00406,-0.51798,-0.49388,-0.25649,-0.25312,-0.00369,0.79479,0.93639,-0.10602,-0.10443,0.00445,1.63483,1.55971,-0.46286,0.24238,-0.00266,5.95824,5.93651
35.4692,-2.09166,-3.96104,-3.09166,-3.96104,-3.09211,-3.96095,1.90789,1.03905,5.01836,5.02380,5.00000,5.00000,1.00000,0.00000,12,0.00158,-0.42526,-0.42874,-0.00230,1.35457,1.29918,0.06242,0.05774,-0.00294,1.07646,1.08261,0.12641,0.12392,0.00127,-0.49817,-0.55013,-0.25649,-0.25318,-0.00511,0.82404,1.15671,-0.10602,-0.10445,-0.00123,1.65445,1.69514,-0.46286,0.24236,-0.00752,5.97052,5.92363
35.5689,-2.09123,-3.96308,-3.09123,-3.96308,-3.09082,-3.96168,1.90918,1.03832,5.01872,5.02437,5.00000,5.00000,1.00000,0.00000,12,0.00038,-0.42526,-0.42871,0.00643,1.35543,1.33476,0.06242,0.05786,-0.00107,1.03448,0.99388,0.12641,0.12425,0.00044,-0.52604,-0.29587,-0.25649,-0.25323,0.00033,0.88174,0.96959,-0.10602,-0.10445,-0.00490,1.63487,1.85272,-0.46286,0.24238,0.00132,5.98988,5.97246
35.6697,-2.08608,-3.96465,-3.08608,-3.96465,-3.08810,-3.96416,1.91190,1.03584,5.01766,5.02399,5.00000,5.00000,1.00000,0.00000,12,0.00025,-0.42526,-0.42870,0.00337,1.31494,1.20316,0.06242,0.05797,-0.00089,0.98242,1.04969,0.12641,0.12448,0.00283,-0.50390,-0.46496,-0.25649,-0.25329,0.00242,0.92379,0.98993,-0.10602,-0.10446,-0.00688,1.67103,1.45699,-0.46286,0.24238,0.00441,5.97145,6.05068
35.7718,-2.09081,-3.96850,-3.09081,-3.96850,-3.08948,-3.96711,1.91052,1.03289,5.01910,5.02440,5.00000,5.00000,1.00000,0.00000,12,0.00031,-0.42526,-0.42870,0.00004,1.23038,1.20536,0.06242,0.05811,-0.00295,0.94241,1.05736,0.12641,0.12469,0.00204,-0.53410,-0.45672,-0.25649,-0.25333,0.00426,0.97481,0.92923,-0.10602,-0.10449,-0.01310,1.69006,1.69921,-0.46286,0.24237,-0.00319,5.97102,6.02098
35.8768,-2.09365,-3.97096,-3.09365,-3.97096,-3.09293,-3.97018,1.90707,1.02982,5.01887,5.02416,5.00000,5.00000,1.00000,0.00000,12,0.00029,-0.42526,-0.42866,0.01107,1.20760,1.34247,0.06242,0.05825,0.00423,0.89030,0.87936,0.12641,0.12484,0.00064,-0.53311,-0.54500,-0.25649,-0.25341,-0.00737,0.96835,0.98806,-0.10602,-0.10446,-0.00022,1.69825,1.68947,-0.46286,0.24238,0.01067,5.97825,5.93167
35.9785,-2.09499,-3.97197,-3.09499,-3.97197,-3.09472,-3.97103,1.90528,1.02897,5.01868,5.02423,5.00000,5.00000,1.00000,0.00000,12,0.00136,-0.42526,-0.42866,0.00343,1.17444,1.04704,0.06242,0.05835,0.00262,0.86559,0.81822,0.12641,0.12502,-0.00397,-0.55205,-0.56483,-0.25649,-0.25344,0.01103,1.04246,1.01042,-0.10602,-0.10446,-0.00253,1.74073,1.79048,-0.46286,0.24237,0.00274,5.99400,5.94883
36.0791,-2.09385,-3.97079,-3.09385,-3.97079,-3.09363,-3.97085,1.90637,1.02915,5.01866,5.02380,5.00000,5.00000,1.00000,0.00000,12,0.00027,-0.42526,-0.42867,-0.00541,1.13435,1.26830,0.06242,0.05849,-0.00034,0.82705,0.74727,0.12641,0.12516,-0.00236,-0.54701,-0.64971,-0.25649,-0.25351,-0.00050,1.03646,0.99909,-0.10602,-0.10446,0.00215,1.74816,1.89791,-0.46286,0.24239,0.01159,5.99400,6.07100
36.1807,-2.09555,-3.97037,-3.09555,-3.97037,-3.09435,-3.97063,1.90565,1.02937,5.01908,5.02371,5.00000,5.00000,1.00000,0.00000,12,0.00032,-0.42526,-0.42865,-0.00242,1.08321,1.10718,0.06242,0.05859,-0.00109,0.77484,0.78383,0.12641,0.12533,-0.00880,-0.57727,-0.50262,-0.25649,-0.25357,-0.00199,1.06459,1.13073,-0.10602,-0.10446,0.00053,1.78956,1.92988,-0.46286,0.24237,0.00730,5.95624,5.94116
36.2834,-2.09057,-3.97216,-3.09057,-3.97216,-3.09238,-3.97140,1.90762,1.02860,5.01778,5.02415,5.00000,5.00000,1.00000,0.00000,12,0.00048,-0.42526,-0.42864,-0.00334,1.04678,1.10524,0.06242,0.05874,-0.00200,0.74918,0.75932,0.12641,0.12554,0.00079,-0.56254,-0.56759,-0.25649,-0.25364,-0.00290,1.11855,1.17942,-0.10602,-0.10447,0.00335,1.78207,1.94568,-0.46286,0.24235,-0.00854,5.97333,6.10589
36.3854,-2.08695,-3.97237,-3.08695,-3.97237,-3.08969,-3.97237,1.91031,1.02763,5.01736,5.02383,5.00000,5.00000,1.00000,0.00000,12,0.00164,-0.42526,-0.42860,0.00800,0.99826,0.85362,0.06242,0.05887,-0.00072,0.68770,0.60286,0.12641,0.12567,0.00040,-0.56378,-0.41932,-0.25649,-0.25370,0.00007,1.13123,1.05985,-0.10602,-0.10447,0.00230,1.83067,1.77774,-0.46286,0.24238,0.00390,5.96442,5.90334
36.4847,-2.09138,-3.97402,-3.09138,-3.97402,-3.09114,-3.97305,1.90886,1.02695,5.01865,5.02425,5.00000,5.00000,1.00000,0.00000,12,0.00034,-0.42526,-0.42857,0.00817,1.00348,0.96118,0.06242,0.05898,0.00088,0.68209,0.73281,0.12641,0.12576,-0.00049,-0.55438,-0.46476,-0.25649,-0.25376,0.00059,1.15867,1.23679,-0.10602,-0.10446,0.00680,1.83396,1.81635,-0.46286,0.24239,0.01253,5.98236,5.84422
36.5856,-2.09116,-3.97483,-3.09116,-3.97483,-3.08935,-3.97398,1.91065,1.02602,5.01931,5.02421,5.00000,5.00000,1.00000,0.00000,12,0.00040,-0.42526,-0.42858,-0.00272,0.89591,1.03785,0.06242,0.05912,0.00730,0.64881,0.55368,0.12641,0.12583,-0.00189,-0.55521,-0.56471,-0.25649,-0.25380,-0.00545,1.18276,1.07030,-0.10602,-0.10448,-0.00432,1.83824,2.00395,-0.46286,0.24235,-0.00637,5.96712,5.90917
36.6873,-2.08790,-3.98238,-3.08790,-3.98238,-3.08874,-3.97938,1.91126,1.02062,5.01817,5.02516,5.00000,5.00000,1.00000,0.00000,12,0.00110,-0.42526,-0.42855,0.00320,0.88962,0.90677,0.06242,0.05919,-0.00695,0.60476,0.55551,0.12641,0.12591,-0.00672,-0.56077,-0.57263,-0.25649,-0.25386,0.00166,1.23225,1.30643,-0.10602,-0.10447,0.00449,1.86005,2.03297,-0.46286,0.24238,0.00661,5.97624,5.87631
36.7878,-2.09550,-3.98520,-3.09550,-3.98520,-3.09254,-3.98392,1.90746,1.01608,5.01983,5.02445,5.00000,5.00000,1.00000,0.00000,12,0.00028,-0.42526,-0.42854,0.00050,0.84867,0.82412,0.06242,0.05934,0.00963,0.61015,0.50954,0.12641,0.12599,-0.00165,-0.56859,-0.54058,-0.25649,-0.25392,0.00125,1.25923,1.35443,-0.10602,-0.10447,0.00402,1.90482,1.76132,-0.46286,0.24235,-0.00746,5.95623,6.00200
36.8888,-2.09615,-3.98755,-3.09615,-3.98755,-3.09615,-3.98669,1.90385,1.01331,5.01858,5.02429,5.00000,5.00000,1.00000,0.00000,12,0.00038,-0.42526,-0.42850,0.00179,0.83307,0.79515,0.06242,0.05942,0.00445,0.53979,0.49326,0.12641,0.12605,0.00017,-0.56289,-0.50675,-0.25649,-0.25400,-0.00991,1.27601,1.24343,-0.10602,-0.10450,-0.00255,1.89072,1.84208,-0.46286,0.24238,0.00630,5.96605,5.83121
36.9927,-2.10203,-3.98855,-3.10203,-3.98855,-3.09996,-3.98770,1.90004,1.01230,5.01949,5.02429,5.00000,5.00000,1.00000,0.00000,12,0.00161,-0.42526,-0.42850,-0.00034,0.78832,0.71547,0.06242,0.05951,0.00239,0.51989,0.52913,0.12641,0.12610,-0.00257,-0.57736,-0.69787,-0.25649,-0.25406,-0.00024,1.29866,1.31392,-0.10602,-0.10449,0.00432,1.93415,1.95654,-0.46286,0.24236,-0.00017,5.94338,5.91801
37.0981,-2.10186,-3.99166,-3.10186,-3.99166,-3.10127,-3.98962,1.89873,1.01038,5.01886,5.02481,5.00000,5.00000,1.00000,0.00000,12,0.00027,-0.42526,-0.42848,0.00331,0.73389,0.66872,0.06242,0.05962,0.00004,0.47594,0.43213,0.12641,0.12615,0.00401,-0.56559,-0.56921,-0.25649,-0.25413,-0.00278,1.34256,1.43579,-0.10602,-0.10452,-0.00615,1.93857,1.92916,-0.46286,0.24237,-0.00079,5.95873,6.08925
37.1992,-2.10302,-3.99775,-3.10302,-3.99775,-3.10161,-3.99501,1.89839,1.00499,5.01921,5.02514,5.00000,5.00000,1.00000,0.00000,12,0.00027,-0.42526,-0.42848,-0.00640,0.69947,0.65434,0.06242,0.05973,0.00201,0.45125,0.50176,0.12641,0.12617,-0.00026,-0.57015,-0.50287,-0.25649,-0.25419,0.00216,1.35417,1.27819,-0.10602,-0.10450,0.00316,1.96579,2.10716,-0.46286,0.24235,-0.00313,5.97169,5.91429
37.2999,-2.09672,-3.99515,-3.09672,-3.99515,-3.09766,-3.99558,1.90234,1.00442,5.01818,5.02379,5.00000,5.00000,1.00000,0.00000,12,0.00031,-0.42526,-0.42845,0.00009,0.66808,0.78805,0.06242,0.05981,0.00130,0.42968,0.46971,0.12641,0.12621,-0.00596,-0.59559,-0.48806,-0.25649,-0.25427,-0.00935,1.36368,1.30941,-0.10602,-0.10449,0.01172,2.01321,2.02636,-0.46286,0.24235,-0.00843,5.97518,5.93617
37.4033,-2.09343,-3.99622,-3.09343,-3.99622,-3.09506,-3.99551,1.90494,1.00449,5.01787,5.02427,5.00000,5.00000,1.00000,0.00000,12,0.00029,-0.42526,-0.42842,0.00614,0.63215,0.64644,0.06242,0.05990,-0.00484,0.39862,0.45578,0.12641,0.12627,0.01155,-0.54063,-0.59588,-0.25649,-0.25431,0.00351,1.40846,1.51728,-0.10602,-0.10449,0.00952,2.02874,2.09421,-0.46286,0.24238,0.00816,5.97958,5.85643
37.5067,-2.09597,-3.99748,-3.09597,-3.99748,-3.09511,-3.99699,1.90489,1.00301,5.01894,5.02419,5.00000,5.00000,1.00000,0.00000,12,0.00028,-0.42526,-0.42840,0.00264,0.59124,0.55280,0.06242,0.05998,-0.00364,0.38628,0.43767,0.12641,0.12628,0.00255,-0.56692,-0.66540,-0.25649,-0.25439,-0.00461,1.42269,1.52676,-0.10602,-0.10453,-0.00564,2.00849,2.02141,-0.46286,0.24236,-0.00580,5.94466,5.89594
37.6073,-2.09610,-3.99626,-3.09610,-3.99626,-3.09669,-3.99650,1.90331,1.00350,5.01833,5.02388,5.00000,5.00000,1.00000,0.00000,12,0.00029,-0.42526,-0.42838,-0.00413,0.54343,0.55275,0.06242,0.06007,-0.00428,0.34792,0.41681,0.12641,0.12631,0.00231,-0.55088,-0.56331,-0.25649,-0.25442,0.00733,1.46707,1.33710,-0.10602,-0.10451,0.00877,2.01701,2.13228,-0.46286,0.24234,-0.01125,5.93720,6.04744
37.7081,-2.10063,-4.00044,-2.10063,-4.00044,-2.79905,-3.99898,1.95095,1.00102,4.71747,5.02462,4.75000,5.00000,0.00000,0.00000,9,0.00031,-0.42030,-0.42836,-0.00515,0.51701,0.63942,0.05077,0.06012,0.00323,0.30736,0.26145,0.11551,0.12633,0.00173,-0.57055,-0.57760,-0.25183,-0.25451,-0.00760,1.46008,1.53439,-0.09933,-0.10453,-0.00599,2.04042,2.17746,-0.45620,0.24236,-0.00605,5.94881,6.05602
37.8127,-2.10090,-3.99974,-2.10090,-3.99974,-2.21811,-4.00076,2.02210,0.99924,4.24021,5.02357,4.24021,5.00000,0.00000,0.00000,8,0.00238,-0.41016,-0.42228,0.16359,0.06347,-0.11060,0.02697,0.05693,-0.01316,3.05384,3.09862,0.09326,0.12337,-0.02752,1.98243,1.95474,-0.24232,-0.25431,-0.00434,0.30541,0.43314,-0.08571,-0.10261,0.02222,0.50884,0.54259,-0.44265,0.24236,-0.00506,5.98387,5.87218
37.9116,-2.13032,-3.95396,-2.13032,-3.95396,-2.13899,-3.97497,2.08677,1.02503,4.22576,5.01484,4.22576,5.00000,0.00000,0.00000,8,0.00034,-0.40988,-0.41233,-0.00254,0.35636,0.28604,0.02630,0.05667,-0.00154,3.11203,3.13579,0.09263,0.12206,-0.01064,1.98716,1.90053,-0.24205,-0.25422,0.00199,0.29632,0.32807,-0.08532,-0.10189,0.00221,0.49687,0.51377,-0.44227,0.24236,-0.00071,5.98692,6.13333
38.0139,-2.12240,-3.96694,-2.12240,-3.96694,-2.12700,-3.96827,2.15071,1.03173,4.27772,5.02324,4.27772,5.00000,0.00000,0.00000,8,0.00027,-0.41091,-0.41231,-0.00052,0.44439,0.41115,0.02873,0.05659,-0.00273,3.24336,3.16816,0.09490,0.12151,-0.01718,2.08390,2.00602,-0.24303,-0.25421,-0.00235,0.24053,0.23265,-0.08671,-0.10163,0.00546,0.47797,0.52161,-0.44365,0.24238,0.00978,5.96843,6.03377
38.1161,-2.12081,-3.96054,-2.12081,-3.96054,-2.12330,-3.96138,2.21445,1.03862,4.33776,5.02341,4.33776,5.00000,0.00000,0.00000,8,0.00073,-0.41210,-0.41234,0.00292,0.49707,0.38731,0.03153,0.05636,-0.00620,3.34905,3.43968,0.09752,0.12081,-0.00862,2.17146,2.28506,-0.24415,-0.25417,-0.00255,0.18040,0.21622,-0.08831,-0.10116,0.01305,0.45785,0.52696,-0.44524,0.24234,-0.00730,5.93499,5.92147
38.2160,-2.11910,-3.95578,-2.11910,-3.95578,-2.11957,-3.95707,2.27808,1.04293,4.39764,5.02319,4.39764,5.00000,0.00000,0.00000,8,0.00028,-0.41330,-0.41243,0.00194,0.56753,0.67016,0.03433,0.05615,-0.00242,3.44604,3.55309,0.10014,0.12004,-0.00431,2.21649,2.17512,-0.24526,-0.25412,-0.00156,0.16772,0.02808,-0.08991,-0.10089,-0.00529,0.38995,0.43690,-0.44684,0.24233,-0.01813,5.94300,6.01548
38.3170,-2.12073,-3.94734,-2.12073,-3.94734,-2.11915,-3.95026,2.34165,1.04974,4.46079,5.02245,4.46079,5.00000,0.00000,0.00000,8,0.00029,-0.41455,-0.41250,0.00115,0.68423,0.61743,0.03727,0.05593,-0.00599,3.48893,3.55718,0.10290,0.11917,-0.01038,2.20325,2.05421,-0.24644,-0.25408,0.00411,0.12239,0.17460,-0.09160,-0.10073,0.00686,0.41337,0.44433,-0.44851,0.24236,0.00294,5.94841,6.04871
38.4178,-2.11804,-3.94123,-2.11804,-3.94123,-2.11932,-3.94383,2.40523,1.05617,4.52455,5.02255,4.52455,5.00000,0.00000,0.00000,8,0.00030,-0.41582,-0.41260,0.00009,0.77035,0.65686,0.04025,0.05584,-0.00382,3.48079,3.54640,0.10568,0.11854,-0.00876,2.14618,2.13343,-0.24763,-0.25406,0.00131,0.14599,0.09543,-0.09330,-0.10067,0.00438,0.44719,0.31839,-0.45021,0.24238,0.00926,5.98419,5.94891
38.5192,-2.11757,-3.93670,-2.11757,-3.93670,-2.11831,-3.93889,2.46879,1.06111,4.58711,5.02270,4.58711,5.00000,0.00000,0.00000,8,0.00051,-0.41706,-0.41274,-0.01161,0.86749,0.92706,0.04317,0.05577,-0.00080,3.50399,3.51349,0.10841,0.11820,0.00219,2.13927,2.15804,-0.24880,-0.25406,-0.00413,0.10297,0.23177,-0.09497,-0.10065,0.00184,0.43940,0.54594,-0.45187,0.24237,0.00494,5.98219,5.93058
38.6200,-2.12131,-3.93514,-2.12131,-3.93514,-2.11899,-3.93636,2.53234,1.06364,4.65132,5.02310,4.65132,5.00000,0.00000,0.00000,8,0.00027,-0.41834,-0.41288,-0.00591,1.00775,1.06663,0.04617,0.05573,-0.01069,3.39964,3.42664,0.11121,0.11801,0.00195,2.01415,2.07996,-0.25000,-0.25406,-0.00178,0.15652,0.16062,-0.09669,-0.10065,-0.00140,0.51435,0.55178,-0.45358,0.24234,-0.00341,5.95648,6.02441
38.7222,-2.12047,-3.92864,-2.12047,-3.92864,-2.12051,-3.93150,2.59593,1.06850,4.71644,5.02236,4.71644,5.00000,0.00000,0.00000,8,0.00162,-0.41963,-0.41314,-0.00298,1.14284,1.04535,0.04920,0.05576,0.00099,3.35127,3.37939,0.11405,0.11797,0.00056,1.89974,1.87306,-0.25121,-0.25407,-0.00157,0.14285,0.13322,-0.09843,-0.10064,0.00123,0.57035,0.53122,-0.45531,0.24235,-0.00009,5.99400,5.91171
38.8230,-2.12563,-3.92621,-2.12563,-3.92621,-2.12392,-3.92836,2.65961,1.07164,4.78353,5.02265,4.78353,5.00000,0.00000,0.00000,8,0.00036,-0.42096,-0.41344,-0.00444,1.27572,1.30299,0.05233,0.05575,-0.00361,3.20421,3.16546,0.11697,0.11798,-0.00500,1.77008,1.80925,-0.25246,-0.25405,0.00376,0.22965,0.21131,-0.10022,-0.10067,-0.00474,0.66455,0.66109,-0.45710,0.24238,0.01209,5.98191,5.91520
38.9233,-2.12830,-3.93005,-2.12830,-3.93005,-2.12741,-3.92901,2.72340,1.07099,4.85081,5.02402,4.85081,5.00000,0.00000,0.00000,8,0.00030,-0.42230,-0.41381,-0.00691,1.44992,1.40169,0.05547,0.05576,-0.00262,3.03110,2.91042,0.11991,0.11805,0.00011,1.57279,1.46146,-0.25371,-0.25407,0.00157,0.28243,0.31125,-0.10203,-0.10067,0.00135,0.76999,0.78394,-0.45889,0.24234,-0.00499,5.96247,5.99463
39.0237,-2.12831,-3.92614,-2.12831,-3.92614,-2.12888,-3.92767,2.78726,1.07233,4.91614,5.02291,4.91614,5.00000,0.00000,0.00000,8,0.00030,-0.42359,-0.41411,-0.00772,1.58343,1.43593,0.05851,0.05577,0.00540,2.82569,2.76875,0.12275,0.11813,0.00022,1.33522,1.30979,-0.25493,-0.25405,0.00975,0.39855,0.21877,-0.10377,-0.10068,0.00214,0.93546,0.83046,-0.46063,0.24235,-0.00024,5.98554,6.10054
39.1264,-2.12920,-3.92744,-2.12920,-3.92744,-2.12842,-3.92715,2.85111,1.07285,4.97953,5.02369,4.97953,5.00000,0.00000,0.00000,8,0.00029,-0.42485,-0.41454,-0.00567,1.79423,1.85239,0.06147,0.05580,0.00502,2.60605,2.70304,0.12552,0.11820,-0.00561,1.11588,1.17535,-0.25611,-0.25410,-0.01354,0.45549,0.43042,-0.10547,-0.10071,0.00664,1.00247,1.09207,-0.46232,0.24238,0.01148,5.94210,6.00972
39.2277,-2.11877,-3.92440,-2.11877,-3.92440,-2.12245,-3.92562,2.87755,1.07438,5.01116,5.02303,5.00000,5.00000,0.00000,0.00000,12,0.00027,-0.42526,-0.41505,-0.00642,1.88641,1.78533,0.06242,0.05583,0.00352,2.47727,2.36899,0.12641,0.11830,-0.00450,0.98393,1.15714,-0.25649,-0.25408,0.00095,0.51823,0.44329,-0.10602,-0.10077,-0.00884,1.18321,1.13273,-0.46286,0.24236,0.00227,5.95645,5.92633
39.3294,-2.11612,-3.92138,-2.11612,-3.92138,-2.11876,-3.92273,2.88124,1.07727,5.01158,5.02295,5.00000,5.00000,0.00000,0.00000,12,0.00026,-0.42526,-0.41545,-0.01119,1.98153,1.96684,0.06242,0.05584,-0.00235,2.41549,2.37109,0.12641,0.11834,0.00231,0.92337,0.96267,-0.25649,-0.25410,-0.00871,0.50801,0.52905,-0.10602,-0.10077,-0.00357,1.18912,1.07846,-0.46286,0.24235,-0.00018,5.95533,5.98368
39.4306,-2.11832,-3.92054,-2.11832,-3.92054,-2.11730,-3.92083,2.88270,1.07917,5.01314,5.02340,5.00000,5.00000,0.00000,0.00000,12,0.00043,-0.42526,-0.41606,-0.00482,2.08987,2.01581,0.06242,0.05587,-0.00154,2.32464,2.33784,0.12641,0.11838,0.00312,0.83854,0.91804,-0.25649,-0.25410,-0.00555,0.55588,0.59514,-0.10602,-0.10079,-0.00347,1.27654,1.19270,-0.46286,0.24236,-0.00100,5.98325,6.06944
39.5333,-2.11710,-3.92508,-2.11710,-3.92508,-2.11881,-3.92263,2.88119,1.07737,5.01198,5.02459,5.00000,5.00000,0.00000,0.00000,12,0.00046,-0.42526,-0.41716,-0.02288,2.06230,2.08849,0.06242,0.05588,-0.00548,2.27556,2.33754,0.12641,0.11845,0.00739,0.71789,0.80407,-0.25649,-0.25409,0.00110,0.60498,0.62815,-0.10602,-0.10078,0.00126,1.32471,1.17539,-0.46286,0.24234,-0.00623,5.97493,5.98030
39.6353,-2.11547,-3.92746,-2.11547,-3.92746,-2.11526,-3.92643,2.88474,1.07357,5.01278,5.02400,5.00000,5.00000,0.00000,0.00000,12,0.00041,-0.42526,-0.41808,-0.01427,2.10974,2.23724,0.06242,0.05595,0.00750,2.18542,2.19311,0.12641,0.11848,-0.00409,0.61703,0.71393,-0.25649,-0.25409,0.00522,0.60552,0.81986,-0.10602,-0.10082,-0.01005,1.39728,1.43104,-0.46286,0.24233,-0.00935,5.93302,5.94866
39.7357,-2.11122,-3.92300,-2.11122,-3.92300,-2.11319,-3.92459,2.88681,1.07541,5.01184,5.02287,5.00000,5.00000,0.00000,0.00000,12,0.00030,-0.42526,-0.41881,-0.00348,2.14493,2.19096,0.06242,0.05596,-0.00622,2.10674,2.10316,0.12641,0.11857,0.00950,0.55038,0.48294,-0.25649,-0.25413,-0.00967,0.63851,0.65691,-0.10602,-0.10079,0.00926,1.44542,1.39162,-0.46286,0.24237,0.00315,5.99400,5.87382
39.8368,-2.11236,-3.92248,-2.11236,-3.92248,-2.11286,-3.92307,2.88714,1.07693,5.01246,5.02329,5.00000,5.00000,0.00000,0.00000,12,0.00034,-0.42526,-0.41962,-0.01360,2.15299,2.34644,0.06242,0.05598,-0.00618,2.00715,1.86200,0.12641,0.11860,0.00278,0.45150,0.42762,-0.25649,-0.25410,0.00929,0.69938,0.65568,-0.10602,-0.10084,-0.00338,1.52887,1.45302,-0.46286,0.24234,-0.00284,5.99400,5.98502
39.9377,-2.11134,-3.92023,-2.11134,-3.92023,-2.11058,-3.92086,2.88942,1.07914,5.01299,5.02325,5.00000,5.00000,0.00000,0.00000,12,0.00052,-0.42526,-0.42064,-0.01654,2.18782,2.25758,0.06242,0.05605,0.00703,1.93544,2.00495,0.12641,0.11867,0.00112,0.36477,0.36801,-0.25649,-0.25411,0.00782,0.69533,0.58862,-0.10602,-0.10086,-0.00555,1.54613,1.45534,-0.46286,0.24235,0.00283,5.99400,5.94083
40.0387,-2.10565,-3.92235,-2.10565,-3.92235,-2.10863,-3.92191,2.89137,1.07809,5.01137,5.02372,5.00000,5.00000,0.00000,0.00000,12,0.00043,-0.42526,-0.42145,-0.00777,2.16215,2.12942,0.06242,0.05609,-0.00175,1.90690,1.81991,0.12641,0.11873,0.00236,0.25627,0.38405,-0.25649,-0.25413,-0.00142,0.73202,0.76997,-0.10602,-0.10087,0.00126,1.64480,1.55896,-0.46286,0.24236,0.00479,5.97441,5.92322
40.1396,-2.10457,-3.92517,-2.10457,-3.92517,-2.10504,-3.92383,2.89496,1.07617,5.01243,5.02412,5.00000,5.00000,0.00000,0.00000,12,0.00039,-0.42526,-0.42291,-0.02047,2.08348,2.22827,0.06242,0.05617,-0.00528,1.81299,1.77400,0.12641,0.11884,0.00780,0.20106,0.22857,-0.25649,-0.25414,-0.00478,0.75085,0.65634,-0.10602,-0.10089,0.00218,1.67740,1.73616,-0.46286,0.24232,-0.01194,5.95575,5.99431
40.2425,-2.08957,-3.92531,-2.08957,-3.92531,-2.09558,-3.92485,2.90442,1.07515,5.01000,5.02374,5.00000,5.00000,0.00000,0.00000,12,0.00113,-0.42526,-0.42560,-0.03544,1.86223,1.91684,0.06242,0.05623,-0.00232,1.73752,1.91795,0.12641,0.11891,-0.00125,0.09251,0.11561,-0.25649,-0.25414,-0.00340,0.78309,0.66169,-0.10602,-0.10093,-0.00375,1.76171,1.52731,-0.46286,0.24236,0.00931,5.98073,5.84562
40.3434,-2.08693,-3.93042,-2.08693,-3.93042,-2.08953,-3.92884,2.91047,1.07116,5.01142,5.02425,5.00000,5.00000,0.00000,0.00000,12,0.00063,-0.42526,-0.42748,-0.00162,1.82666,1.84830,0.06242,0.05636,0.00711,1.66045,1.70847,0.12641,0.11901,0.00357,0.00674,0.10994,-0.25649,-0.25416,-0.00270,0.80765,0.71314,-0.10602,-0.10096,-0.00563,1.79961,1.73785,-0.46286,0.24232,-0.01009,5.96578,5.94007
40.4437,-2.08555,-3.93128,-2.08555,-3.93128,-2.08587,-3.93085,2.91413,1.06915,5.01238,5.02377,5.00000,5.00000,0.00000,0.00000,12,0.00026,-0.42526,-0.42774,-0.00209,1.77104,1.78798,0.06242,0.05642,-0.00612,1.58697,1.83968,0.12641,0.11912,0.00566,-0.04552,-0.05917,-0.25649,-0.25417,-0.00196,0.83234,0.88786,-0.10602,-0.10098,-0.00508,1.88126,1.97325,-0.46286,0.24236,0.00590,5.95744,6.11930
40.5449,-2.07796,-3.92871,-2.07796,-3.92871,-2.08178,-3.92916,2.91822,1.07084,5.01085,5.02339,5.00000,5.00000,0.00000,0.00000,12,0.00027,-0.42526,-0.42781,-0.00279,1.75968,1.69898,0.06242,0.05658,0.00461,1.54192,1.55219,0.12641,0.11922,-0.00028,-0.15508,-0.19735,-0.25649,-0.25417,0.00356,0.87887,0.81681,-0.10602,-0.10099,-0.00002,1.92292,1.90507,-0.46286,0.24232,-0.00794,5.94667,5.89141
40.6462,-2.07582,-3.92697,-2.07582,-3.92697,-2.07648,-3.92742,2.92352,1.07258,5.01218,5.02337,5.00000,5.00000,0.00000,0.00000,12,0.00034,-0.42526,-0.42782,-0.00122,1.69704,1.89893,0.06242,0.05670,0.00574,1.48664,1.44909,0.12641,0.11932,-0.00382,-0.22455,-0.27761,-0.25649,-0.25417,0.00027,0.92508,0.98614,-0.10602,-0.10101,0.00370,2.01204,1.97060,-0.46286,0.24234,-0.00646,5.94341,6.04194
40.7465,-2.07273,-3.92941,-3.07273,-3.92941,-2.58357,-3.92863,2.41643,1.07137,5.22514,5.02391,5.00000,5.00000,1.00000,0.00000,12,0.00026,-0.42526,-0.42783,-0.01021,1.66112,1.54818,0.06242,0.05681,0.00420,1.41378,1.45822,0.12641,0.11944,0.00109,-0.32062,-0.31641,-0.25649,-0.25419,0.00164,0.91326,0.95870,-0.10602,-0.10104,0.00363,2.08795,2.18703,-0.46286,0.24236,0.00453,5.96246,5.81888
40.8472,-2.06979,-3.92705,-3.06979,-3.92705,-2.98883,-3.92776,2.01117,1.07224,5.05263,5.02326,5.00000,5.00000,1.00000,0.00000,12,0.00027,-0.42526,-0.42782,-0.00059,1.66685,1.68269,0.06242,0.05692,0.00454,1.34789,1.42411,0.12641,0.11962,0.01152,-0.36128,-0.31466,-0.25649,-0.25420,-0.00388,0.95146,1.00879,-0.10602,-0.10109,-0.00114,2.13884,2.09176,-0.46286,0.24235,-0.00041,5.97769,6.02061
40.9497,-2.06971,-3.92681,-3.06971,-3.92681,-3.05569,-3.92715,1.94431,1.07285,5.02434,5.02342,5.00000,5.00000,1.00000,0.00000,12,0.00117,-0.42526,-0.42780,0.00232,1.62405,1.61970,0.06242,0.05704,0.00518,1.29136,1.15354,0.12641,0.11988,0.00608,-0.43306,-0.44463,-0.25649,-0.25422,-0.00544,0.96495,0.96162,-0.10602,-0.10112,-0.00720,2.15958,2.22513,-0.46286,0.24233,-0.00863,5.94830,5.93976
41.0501,-2.07075,-3.92755,-3.07075,-3.92755,-3.06776,-3.92786,1.93224,1.07214,5.01969,5.02343,5.00000,5.00000,1.00000,0.00000,12,0.00026,-0.42526,-0.42782,-0.00824,1.58004,1.65148,0.06242,0.05715,-0.00334,1.23625,1.15510,0.12641,0.12029,0.01248,-0.47326,-0.36240,-0.25649,-0.25424,-0.00943,0.99856,0.94573,-0.10602,-0.10113,0.00789,2.26643,2.06408,-0.46286,0.24232,-0.00926,5.97309,6.00136
41.1533,-2.07411,-3.93098,-3.07411,-3.93098,-3.07177,-3.92912,1.92823,1.07088,5.01943,5.02437,5.00000,5.00000,1.00000,0.00000,12,0.00049,-0.42526,-0.42780,0.00114,1.55739,1.50673,0.06242,0.05729,0.00153,1.16797,1.22896,0.12641,0.12110,0.00669,-0.50576,-0.56841,-0.25649,-0.25426,-0.00539,1.03110,0.96949,-0.10602,-0.10116,0.00785,2.27346,2.26991,-0.46286,0.24233,-0.00682,5.95444,5.99181
41.2543,-2.07679,-3.94014,-3.07679,-3.94014,-3.07448,-3.93545,1.92552,1.06455,5.01944,5.02562,5.00000,5.00000,1.00000,0.00000,12,0.00034,-0.42526,-0.42778,-0.00331,1.52886,1.58678,0.06242,0.05740,-0.00866,1.12538,1.04477,0.12641,0.12212,0.00763,-0.46105,-0.44481,-0.25649,-0.25424,0.00300,1.06209,1.13816,-0.10602,-0.10120,0.00772,2.37251,2.28112,-0.46286,0.24233,-0.00489,5.99400,5.88333
41.3555,-2.07703,-3.94664,-3.07703,-3.94664,-3.07821,-3.94376,1.92179,1.05624,5.01796,5.02489,5.00000,5.00000,1.00000,0.00000,12,0.00029,-0.42526,-0.42780,-0.00476,1.47974,1.54452,0.06242,0.05752,0.00714,1.10227,1.16807,0.12641,0.12311,0.00728,-0.47024,-0.42954,-0.25649,-0.25427,-0.00807,1.06816,0.99056,-0.10602,-0.10125,-0.01097,2.37590,2.35757,-0.46286,0.24235,0.00213,5.97214,6.01710
41.4559,-2.08306,-3.94937,-3.08306,-3.94937,-3.08183,-3.94816,1.91817,1.05184,5.01902,5.02421,5.00000,5.00000,1.00000,0.00000,12,0.00025,-0.42526,-0.42778,-0.00323,1.46478,1.29872,0.06242,0.05764,-0.00144,0.99452,1.05498,0.12641,0.12365,0.01756,-0.44540,-0.54125,-0.25649,-0.25424,0.01064,1.13910,1.04061,-0.10602,-0.10130,-0.01559,2.42444,2.55971,-0.46286,0.24235,0.00388,5.98489,6.11944
41.5565,-2.07973,-3.95571,-3.07973,-3.95571,-3.08102,-3.95244,1.91898,1.04756,5.01793,5.02512,5.00000,5.00000,1.00000,0.00000,12,0.00028,-0.42526,-0.42775,0.00404,1.44292,1.40487,0.06242,0.05776,-0.00200,0.97334,1.00222,0.12641,0.12402,-0.00224,-0.50747,-0.43930,-0.25649,-0.25427,-0.00373,1.13676,1.11985,-0.10602,-0.10130,0.00594,2.51411,2.64780,-0.46286,0.24236,0.00975,5.98021,6.09506
41.6595,-2.08253,-3.95437,-3.08253,-3.95437,-3.08141,-3.95438,1.91859,1.04562,5.01897,5.02372,5.00000,5.00000,1.00000,0.00000,12,0.00033,-0.42526,-0.42777,-0.00712,1.39596,1.55344,0.06242,0.05792,0.00363,0.93214,0.98882,0.12641,0.12429,0.00118,-0.49555,-0.46929,-0.25649,-0.25427,0.00169,1.20956,1.11819,-0.10602,-0.10133,0.01026,2.59679,2.44551,-0.46286,0.24233,-0.00741,5.94752,5.92880
41.7615,-2.08033,-3.95746,-3.08033,-3.95746,-3.08045,-3.95633,1.91955,1.04367,5.01843,5.02422,5.00000,5.00000,1.00000,0.00000,12,0.00033,-0.42526,-0.42774,0.00565,1.38899,1.43785,0.06242,0.05808,0.00694,0.88982,0.93558,0.12641,0.12447,-0.00017,-0.51052,-0.45834,-0.25649,-0.25433,-0.00796,1.17542,1.17845,-0.10602,-0.10136,0.00715,2.63227,2.48171,-0.46286,0.24236,0.00610,5.97667,6.05985
41.8637,-2.07332,-3.95991,-3.07332,-3.95991,-3.07700,-3.95869,1.92300,1.04131,5.01689,5.02427,5.00000,5.00000,1.00000,0.00000,12,0.00026,-0.42526,-0.42773,0.00601,1.36327,1.26961,0.06242,0.05822,0.00638,0.84678,0.97093,0.12641,0.12470,0.00342,-0.51685,-0.44367,-0.25649,-0.25432,-0.00252,1.22147,1.15292,-0.10602,-0.10141,-0.00180,2.69230,2.86552,-0.46286,0.24234,-0.00396,5.96530,5.99305
41.9653,-2.06861,-3.96027,-3.06861,-3.96027,-3.07092,-3.96009,1.92908,1.03991,5.01743,5.02384,5.00000,5.00000,1.00000,0.00000,12,0.00026,-0.42526,-0.42772,-0.00150,1.31814,1.26252,0.06242,0.05830,-0.00295,0.78540,0.83278,0.12641,0.12485,-0.00528,-0.54197,-0.44427,-0.25649,-0.25435,0.00405,1.25486,1.35091,-0.10602,-0.10148,-0.00847,2.72201,2.66492,-0.46286,0.24235,0.00629,5.98919,5.99890
42.0668,-2.06831,-3.96427,-3.06831,-3.96427,-3.06909,-3.96196,1.93091,1.03804,5.01808,5.02476,5.00000,5.00000,1.00000,0.00000,12,0.00027,-0.42526,-0.42772,0.00198,1.29856,1.21778,0.06242,0.05844,-0.00090,0.76051,0.85001,0.12641,0.12502,0.00076,-0.53508,-0.53853,-0.25649,-0.25438,-0.00352,1.23933,1.20770,-0.10602,-0.10150,-0.00799,2.76557,2.96334,-0.46286,0.24234,-0.00179,5.98453,5.96505
42.1687,-2.06684,-3.95987,-3.06684,-3.95987,-3.06669,-3.96150,1.93331,1.03850,5.01846,5.02307,5.00000,5.00000,1.00000,0.00000,12,0.00034,-0.42526,-0.42770,0.00324,1.25263,1.32276,0.06242,0.05860,-0.00154,0.71013,0.79616,0.12641,0.12517,0.00392,-0.51840,-0.57358,-0.25649,-0.25435,0.01072,1.32022,1.13912,-0.10602,-0.10152,0.00041,2.83219,2.89702,-0.46286,0.24235,0.00110,5.97425,5.76729
42.2703,-2.06602,-3.96497,-3.06602,-3.96497,-3.06639,-3.96319,1.93361,1.03681,5.01824,5.02454,5.00000,5.00000,1.00000,0.00000,12,0.00029,-0.42526,-0.42769,0.00681,1.27134,1.28864,0.06242,0.05875,0.00657,0.68148,0.74949,0.12641,0.12530,0.00213,-0.55691,-0.53069,-0.25649,-0.25438,0.00362,1.30984,1.34695,-0.10602,-0.10155,0.00123,2.91187,3.04144,-0.46286,0.24236,0.00426,5.96151,6.01935
42.3748,-2.06966,-3.96762,-3.06966,-3.96762,-3.06812,-3.96662,1.93188,1.03338,5.01907,5.02423,5.00000,5.00000,1.00000,0.00000,12,0.00029,-0.42526,-0.42770,0.00125,1.21892,1.28863,0.06242,0.05883,-0.00649,0.60952,0.52663,0.12641,0.12540,-0.00385,-0.56245,-0.49842,-0.25649,-0.25440,0.00509,1.36066,1.39668,-0.10602,-0.10160,-0.00944,2.93592,2.92409,-0.46286,0.24236,0.00585,5.97978,5.96604
42.4751,-2.06688,-3.97048,-3.06688,-3.97048,-3.06789,-3.96824,1.93211,1.03176,5.01797,5.02477,5.00000,5.00000,1.00000,0.00000,12,0.00028,-0.42526,-0.42766,0.01030,1.17542,1.08176,0.06242,0.05895,-0.00208,0.62066,0.71231,0.12641,0.12550,0.00024,-0.56283,-0.61545,-0.25649,-0.25443,0.00043,1.35258,1.45699,-0.10602,-0.10161,0.00224,2.98355,2.90478,-0.46286,0.24235,0.00551,5.97805,6.00795
42.5776,-2.07230,-3.97299,-3.07230,-3.97299,-3.07048,-3.97240,1.92952,1.02760,5.01920,5.02409,5.00000,5.00000,1.00000,0.00000,12,0.00073,-0.42526,-0.42767,0.00196,1.14335,1.01265,0.06242,0.05909,0.00840,0.56172,0.60595,0.12641,0.12559,0.00307,-0.57981,-0.56141,-0.25649,-0.25446,-0.00755,1.36922,1.32723,-0.10602,-0.10166,-0.00050,3.06535,3.09901,-0.46286,0.24231,-0.00886,5.97201,5.93103
42.6790,-2.07479,-3.97905,-3.07479,-3.97905,-3.07299,-3.97622,1.92701,1.02378,5.01921,5.02507,5.00000,5.00000,1.00000,0.00000,12,0.00035,-0.42526,-0.42765,0.00632,1.10691,1.16752,0.06242,0.05913,-0.00585,0.50646,0.53479,0.12641,0.12568,0.00087,-0.57248,-0.58589,-0.25649,-0.25447,0.00311,1.41986,1.42010,-0.10602,-0.10170,0.00856,3.11942,3.17933,-0.46286,0.24234,0.00376,5.98570,5.93082
42.7800,-2.07369,-3.98416,-3.07369,-3.98416,-3.07440,-3.98181,1.92560,1.01819,5.01814,5.02490,5.00000,5.00000,1.00000,0.00000,12,0.00027,-0.42526,-0.42765,-0.00327,1.04991,0.97485,0.06242,0.05927,0.00097,0.50287,0.51399,0.12641,0.12576,0.00325,-0.55516,-0.61408,-0.25649,-0.25449,0.00096,1.42776,1.44262,-0.10602,-0.10180,0.01104,3.15546,2.93700,-0.46286,0.24234,0.00077,5.99400,5.98304
42.8838,-2.07527,-3.98397,-3.07527,-3.98397,-3.07491,-3.98394,1.92509,1.01606,5.01860,5.02391,5.00000,5.00000,1.00000,0.00000,12,0.00100,-0.42526,-0.42762,0.00954,1.04607,1.13341,0.06242,0.05936,0.00206,0.49048,0.34530,0.12641,0.12581,-0.00382,-0.59098,-0.54438,-0.25649,-0.25450,-0.00001,1.43902,1.38916,-0.10602,-0.10194,0.00735,3.20611,3.21483,-0.46286,0.24235,0.00458,5.96182,5.92121
42.9858,-2.07544,-3.98768,-3.07544,-3.98768,-3.07554,-3.98540,1.92446,1.01460,5.01841,5.02489,5.00000,5.00000,1.00000,0.00000,12,0.00044,-0.42526,-0.42764,-0.00168,1.03855,1.05477,0.06242,0.05947,-0.00656,0.42726,0.27630,0.12641,0.12586,-0.00134,-0.59007,-0.65225,-0.25649,-0.25454,0.00118,1.48036,1.35239,-0.10602,-0.10206,0.00417,3.23758,3.36211,-0.46286,0.24232,-0.00690,5.97442,6.02763
43.0876,-2.07846,-3.99182,-3.07846,-3.99182,-3.07682,-3.99018,1.92318,1.00982,5.01916,5.02464,5.00000,5.00000,1.00000,0.00000,12,0.00124,-0.42526,-0.42760,0.00531,1.01815,1.08655,0.06242,0.05961,0.00741,0.41093,0.30033,0.12641,0.12589,-0.00180,-0.61446,-0.59574,-0.25649,-0.25455,0.00505,1.50890,1.48729,-0.10602,-0.10223,-0.01365,3.22809,3.20755,-0.46286,0.24232,-0.00513,5.98225,5.91092
43.1877,-2.07841,-3.99469,-3.07841,-3.99469,-3.07713,-3.99394,1.92287,1.00607,5.01901,5.02429,5.00000,5.00000,1.00000,0.00000,12,0.00029,-0.42526,-0.42761,-0.00459,0.95238,0.85190,0.06242,0.05965,-0.00263,0.38306,0.41278,0.12641,0.12593,0.00109,-0.61829,-0.68897,-0.25649,-0.25461,0.00133,1.51805,1.44505,-0.10602,-0.10229,0.00258,3.31799,3.46336,-0.46286,0.24233,-0.00226,5.94760,5.86141
43.2884,-2.07706,-3.99736,-3.07706,-3.99736,-3.07759,-3.99632,1.92241,1.00368,5.01824,5.02443,5.00000,5.00000,1.00000,0.00000,12,0.00030,-0.42526,-0.42759,-0.00041,0.95411,0.87374,0.06242,0.05973,0.00226,0.34676,0.34168,0.12641,0.12596,-0.00035,-0.58027,-0.60272,-0.25649,-0.25464,-0.00349,1.53738,1.61771,-0.10602,-0.10245,-0.00580,3.34320,3.46597,-0.46286,0.24235,0.00753,5.98497,6.14753
43.3911,-2.07753,-3.99741,-3.07753,-3.99741,-3.07659,-3.99742,1.92341,1.00258,5.01886,5.02398,5.00000,5.00000,1.00000,0.00000,12,0.00233,-0.42526,-0.42756,0.00739,0.92959,0.87576,0.06242,0.05979,0.00146,0.31480,0.24573,0.12641,0.12598,-0.00025,-0.60265,-0.61664,-0.25649,-0.25467,0.00850,1.57721,1.54132,-0.10602,-0.10256,0.00058,3.35623,3.35847,-0.46286,0.24233,0.00084,5.99400,5.99130
43.4901,-2.07296,-4.00124,-3.07296,-4.00124,-3.07428,-3.99916,1.92572,1.00084,5.01788,5.02489,5.00000,5.00000,1.00000,0.00000,12,0.00030,-0.42526,-0.42755,0.00561,0.90147,0.83976,0.06242,0.05989,0.00594,0.32344,0.30837,0.12641,0.12602,-0.00772,-0.60537,-0.64448,-0.25649,-0.25476,-0.00821,1.56111,1.67332,-0.10602,-0.10268,-0.00894,3.41425,3.38825,-0.46286,0.24232,-0.00539,5.97053,5.82120
43.5913,-2.07818,-4.00239,-3.07818,-4.00239,-3.07610,-4.00108,1.92390,0.99892,5.01935,5.02457,5.00000,5.00000,1.00000,0.00000,12,0.00034,-0.42526,-0.42757,-0.00432,0.86780,0.94305,0.06242,0.05998,-0.00701,0.27160,0.32342,0.12641,0.12611,0.00116,-0.59850,-0.54635,-0.25649,-0.25479,0.00771,1.61418,1.64489,-0.10602,-0.10281,-0.00707,3.41219,3.62816,-0.46286,0.24233,-0.00565,5.97759,5.98202
43.6929,-2.07293,-4.00367,-3.07293,-4.00367,-3.07508,-4.00316,1.92492,0.99684,5.01753,5.02424,5.00000,5.00000,1.00000,0.00000,12,0.00034,-0.42526,-0.42754,-0.00137,0.83302,0.80939,0.06242,0.06008,-0.00250,0.25276,0.28887,0.12641,0.12613,-0.00306,-0.59912,-0.65418,-0.25649,-0.25487,0.00273,1.60449,1.49709,-0.10602,-0.10295,-0.00037,3.48495,3.36546,-0.46286,0.24232,-0.00396,5.99400,6.00350
43.7939,-2.07047,-4.00050,-2.07047,-4.00050,-2.31318,-4.00163,2.01954,0.99837,4.33272,5.02352,4.33272,5.00000,0.00000,0.00000,8,0.00051,-0.41200,-0.42675,0.04288,-0.20965,-0.17534,0.03129,0.05761,-0.03366,2.74398,2.81567,0.09730,0.12470,-0.03659,1.80050,1.48856,-0.24405,-0.25476,0.00594,0.55180,0.67801,-0.08818,-0.10286,-0.00086,2.01564,2.09016,-0.44511,0.24235,0.00773,5.99400,6.02046
43.8955,-2.07859,-3.99210,-2.07859,-3.99210,-2.11508,-3.99557,2.08455,1.00443,4.19963,5.02249,4.19963,5.00000,0.00000,0.00000,8,0.00026,-0.40935,-0.41867,0.14275,0.51388,0.28472,0.02508,0.05671,-0.00462,3.05380,3.15869,0.09149,0.12216,-0.01364,1.99731,2.07231,-0.24157,-0.25464,0.00836,0.42200,0.42954,-0.08462,-0.10272,0.00209,1.74253,1.72638,-0.44158,0.24233,-0.00273,5.96409,5.94824
43.9972,-2.09472,-3.96075,-2.09472,-3.96075,-2.09645,-3.97286,2.14752,1.02714,4.24397,5.01865,4.24397,5.00000,0.00000,0.00000,8,0.00027,-0.41024,-0.41399,0.00272,0.43985,0.54334,0.02715,0.05658,0.00320,3.14767,3.15630,0.09343,0.12142,-0.00818,2.07667,2.06456,-0.24240,-0.25461,0.00501,0.37392,0.35646,-0.08581,-0.10267,0.00438,1.72076,1.70646,-0.44275,0.24233,0.00148,5.98332,5.86222
44.0988,-2.09654,-3.96289,-2.09654,-3.96289,-2.09517,-3.96724,2.21038,1.03276,4.30555,5.02194,4.30555,5.00000,0.00000,0.00000,8,0.00035,-0.41146,-0.41395,0.00300,0.48227,0.41631,0.03003,0.05640,-0.00459,3.27192,3.43991,0.09612,0.12084,-0.01230,2.15649,2.04557,-0.24355,-0.25459,0.00353,0.32159,0.34883,-0.08745,-0.10263,0.00202,1.62159,1.66057,-0.44439,0.24232,-0.00451,5.98811,5.98733
44.1994,-2.09399,-3.95704,-2.09399,-3.95704,-2.09302,-3.95986,2.27319,1.04014,4.36620,5.02255,4.36620,5.00000,0.00000,0.00000,8,0.00024,-0.41267,-0.41396,0.00441,0.53950,0.48027,0.03286,0.05615,-0.00300,3.36925,3.31978,0.09877,0.12014,-0.00438,2.22618,2.20161,-0.24468,-0.25457,-0.00574,0.25502,0.30246,-0.08907,-0.10260,-0.00815,1.55491,1.49709,-0.44600,0.24232,-0.00903,5.95648,5.95627
44.3008,-2.08885,-3.94953,-2.08885,-3.94953,-2.09080,-3.95234,2.33594,1.04766,4.42674,5.02251,4.42674,5.00000,0.00000,0.00000,8,0.00028,-0.41387,-0.41402,0.00079,0.62137,0.57709,0.03568,0.05589,-0.00756,3.45474,3.45893,0.10141,0.11935,-0.00986,2.23242,2.20301,-0.24581,-0.25452,-0.00036,0.23007,0.27412,-0.09069,-0.10257,-0.00813,1.52562,1.53647,-0.44761,0.24231,-0.01031,5.96242,5.99312
44.4022,-2.09208,-3.94532,-2.09208,-3.94532,-2.08980,-3.94739,2.39863,1.05261,4.48843,5.02279,4.48843,5.00000,0.00000,0.00000,8,0.00028,-0.41510,-0.41407,0.00213,0.67931,0.66618,0.03856,0.05574,-0.00387,3.47470,3.58499,0.10410,0.11859,0.00071,2.22875,2.26037,-0.24696,-0.25449,-0.00168,0.18411,0.19257,-0.09234,-0.10252,-0.00386,1.48337,1.39583,-0.44925,0.24234,0.00651,5.99400,5.95600
44.5049,-2.08879,-3.93628,-2.08879,-3.93628,-2.09060,-3.93961,2.46135,1.06039,4.55195,5.02221,4.55195,5.00000,0.00000,0.00000,8,0.00098,-0.41636,-0.41416,-0.00201,0.78031,0.88194,0.04153,0.05568,-0.00859,3.44527,3.55332,0.10687,0.11808,-0.00765,2.14162,2.31745,-0.24814,-0.25445,0.00149,0.21487,0.11539,-0.09403,-0.10249,0.00030,1.44839,1.46331,-0.45094,0.24232,-0.00614,5.96270,5.82065
44.6053,-2.09747,-3.93467,-2.09747,-3.93467,-2.09542,-3.93563,2.52415,1.06437,4.61957,5.02320,4.61957,5.00000,0.00000,0.00000,8,0.00030,-0.41771,-0.41426,-0.00146,0.91849,0.82131,0.04468,0.05563,-0.00440,3.45960,3.41865,0.10982,0.11789,-0.00020,2.12408,1.92835,-0.24940,-0.25443,0.00252,0.21999,0.21843,-0.09584,-0.10247,0.00276,1.51189,1.58556,-0.45273,0.24231,-0.00674,5.97531,6.06002
44.7072,-2.10093,-3.93451,-2.10093,-3.93451,-2.09933,-3.93459,2.58708,1.06541,4.68641,5.02357,4.68641,5.00000,0.00000,0.00000,8,0.00028,-0.41904,-0.41442,0.00009,1.01498,0.89488,0.04780,0.05562,-0.00462,3.36640,3.38903,0.11274,0.11785,0.00144,1.99093,2.05797,-0.25065,-0.25443,0.00464,0.22475,0.13411,-0.09763,-0.10248,-0.00050,1.54757,1.62910,-0.45451,0.24232,-0.00834,5.97186,6.01117
44.8093,-2.10179,-3.93254,-2.10179,-3.93254,-2.10101,-3.93331,2.65010,1.06669,4.75111,5.02327,4.75111,5.00000,0.00000,0.00000,8,0.00081,-0.42032,-0.41461,-0.00205,1.12929,1.16229,0.05082,0.05564,0.00130,3.25189,3.31471,0.11556,0.11785,0.00495,1.87304,2.05487,-0.25186,-0.25445,-0.00783,0.23974,0.37740,-0.09936,-0.10247,0.00216,1.61377,1.55903,-0.45623,0.24234,0.00382,5.98777,5.99847
44.9101,-2.10194,-3.93134,-2.10194,-3.93134,-2.10085,-3.93190,2.71312,1.06810,4.81397,5.02335,4.81397,5.00000,0.00000,0.00000,8,0.00032,-0.42157,-0.41484,0.00859,1.30918,1.28739,0.05375,0.05563,-0.00199,3.12883,3.20063,0.11830,0.11788,-0.00217,1.71424,1.74048,-0.25303,-0.25442,0.00569,0.31471,0.20072,-0.10104,-0.10248,-0.00240,1.67150,1.55939,-0.45791,0.24232,-0.00291,5.96012,5.93299
45.0149,-2.09591,-3.92733,-2.09591,-3.92733,-2.09878,-3.92939,2.77612,1.07061,4.87490,5.02270,4.87490,5.00000,0.00000,0.00000,8,0.00314,-0.42278,-0.41511,-0.00333,1.40296,1.35998,0.05659,0.05564,-0.00022,2.89570,2.97671,0.12096,0.11793,-0.00215,1.48607,1.60606,-0.25416,-0.25443,0.00669,0.39159,0.39724,-0.10267,-0.10250,-0.00467,1.78261,1.88595,-0.45953,0.24232,-0.00445,5.98290,5.97250
45.1129,-2.09682,-3.92625,-2.09682,-3.92625,-2.09733,-3.92705,2.83906,1.07295,4.93639,5.02322,4.93639,5.00000,0.00000,0.00000,8,0.00032,-0.42400,-0.41540,0.00365,1.58588,1.57451,0.05946,0.05566,0.00212,2.70789,2.69934,0.12364,0.11804,0.01126,1.30603,1.35790,-0.25530,-0.25445,-0.00494,0.44479,0.46652,-0.10432,-0.10249,0.00650,1.90220,1.89647,-0.46117,0.24232,-0.00230,5.97222,5.94935
45.2157,-2.09914,-3.92494,-2.09914,-3.92494,-2.09774,-3.92606,2.90197,1.07394,4.99971,5.02308,4.99971,5.00000,0.00000,0.00000,8,0.00076,-0.42525,-0.41576,-0.00560,1.72512,1.60611,0.06241,0.05570,-0.00051,2.48442,2.63429,0.12639,0.11812,0.00254,1.08756,1.10339,-0.25648,-0.25443,0.01437,0.56183,0.43204,-0.10601,-0.10251,0.00369,2.01599,2.07547,-0.46285,0.24229,-0.01239,5.93310,5.92489
45.3179,-2.10104,-3.92649,-2.10104,-3.92649,-2.09995,-3.92633,2.90005,1.07367,5.01306,5.02363,5.00000,5.00000,0.00000,0.00000,12,0.00073,-0.42526,-0.41622,-0.00074,1.85065,1.91280,0.06242,0.05572,-0.01162,2.40531,2.41044,0.12641,0.11821,0.00404,0.96609,1.00867,-0.25649,-0.25446,-0.00208,0.55033,0.66470,-0.10602,-0.10252,0.00016,2.08105,2.02218,-0.46286,0.24232,-0.00543,5.98054,5.89941
45.4183,-2.10634,-3.92295,-2.10634,-3.92295,-2.10443,-3.92466,2.89557,1.07534,5.01344,5.02282,5.00000,5.00000,0.00000,0.00000,12,0.00026,-0.42526,-0.41663,-0.00127,1.90140,1.81552,0.06242,0.05576,0.00087,2.36562,2.28449,0.12641,0.11822,-0.00514,0.88605,0.94584,-0.25649,-0.25447,-0.00477,0.55997,0.61501,-0.10602,-0.10250,0.00611,2.11396,2.12143,-0.46286,0.24232,-0.00405,5.97065,6.13338
45.5193,-2.10381,-3.92181,-2.10381,-3.92181,-2.10461,-3.92263,2.89539,1.07737,5.01228,5.02318,5.00000,5.00000,0.00000,0.00000,12,0.00034,-0.42526,-0.41707,0.00420,1.98346,2.00286,0.06242,0.05578,0.00346,2.27456,2.19370,0.12641,0.11828,0.00177,0.77668,0.79695,-0.25649,-0.25447,0.00091,0.60273,0.69065,-0.10602,-0.10251,0.00773,2.18813,2.09233,-0.46286,0.24233,0.00128,5.96439,5.95593
45.6205,-2.10744,-3.91679,-2.10744,-3.91679,-2.10629,-3.91898,2.89371,1.08102,5.01313,5.02257,5.00000,5.00000,0.00000,0.00000,12,0.00033,-0.42526,-0.41760,-0.00117,2.03636,1.96740,0.06242,0.05580,-0.00446,2.18248,2.09372,0.12641,0.11834,-0.00173,0.67442,0.64657,-0.25649,-0.25447,0.00224,0.62920,0.68320,-0.10602,-0.10254,-0.00455,2.17885,2.08095,-0.46286,0.24231,-0.01051,5.96224,5.90155
45.7250,-2.10265,-3.91415,-2.10265,-3.91415,-2.10448,-3.91577,2.89552,1.08423,5.01184,5.02280,5.00000,5.00000,0.00000,0.00000,12,0.00181,-0.42526,-0.41822,-0.00066,2.08034,2.06059,0.06242,0.05583,-0.00291,2.08389,2.14429,0.12641,0.11839,-0.00061,0.57160,0.56483,-0.25649,-0.25447,0.00163,0.65525,0.71408,-0.10602,-0.10254,-0.00356,2.22387,2.17243,-0.46286,0.24232,-0.00278,5.96004,5.94347
45.8255,-2.09625,-3.91108,-2.09625,-3.91108,-2.09944,-3.91232,2.90056,1.08768,5.01123,5.02294,5.00000,5.00000,0.00000,0.00000,12,0.00029,-0.42526,-0.41935,-0.01459,2.06630,2.08564,0.06242,0.05587,-0.00153,2.03570,1.98592,0.12641,0.11845,0.00418,0.49283,0.37761,-0.25649,-0.25450,-0.00518,0.64204,0.68435,-0.10602,-0.10258,-0.01371,2.24556,2.25872,-0.46286,0.24231,-0.01099,5.95510,5.98527
45.9266,-2.09323,-3.90966,-2.09323,-3.90966,-2.09499,-3.90964,2.90501,1.09036,5.01182,5.02347,5.00000,5.00000,0.00000,0.00000,12,0.00026,-0.42526,-0.42012,-0.01775,2.08220,2.01328,0.06242,0.05594,0.00642,1.95271,1.91772,0.12641,0.11852,0.00228,0.39521,0.51067,-0.25649,-0.25448,0.00067,0.69237,0.68094,-0.10602,-0.10255,-0.00044,2.27922,2.14905,-0.46286,0.24231,-0.00623,5.97632,6.00421
46.0274,-2.09073,-3.90798,-2.09073,-3.90798,-2.09225,-3.90845,2.90775,1.09155,5.01190,5.02325,5.00000,5.00000,0.00000,0.00000,12,0.00026,-0.42526,-0.42083,-0.00718,2.10680,1.97975,0.06242,0.05597,0.00100,1.87745,1.91575,0.12641,0.11858,-0.00307,0.29258,0.36616,-0.25649,-0.25446,0.01155,0.72898,0.75432,-0.10602,-0.10257,-0.00261,2.33631,2.27049,-0.46286,0.24235,0.01098,5.98451,5.81970
46.1292,-2.08866,-3.91004,-2.08866,-3.91004,-2.08892,-3.90928,2.91108,1.09072,5.01242,5.02378,5.00000,5.00000,0.00000,0.00000,12,0.00033,-0.42526,-0.42173,-0.01456,2.04835,1.80449,0.06242,0.05607,0.00159,1.79778,1.80127,0.12641,0.11867,0.00074,0.23110,0.24323,-0.25649,-0.25450,-0.00472,0.71260,0.63670,-0.10602,-0.10256,0.00272,2.43050,2.42835,-0.46286,0.24231,-0.00343,5.99400,6.06569
46.2305,-2.08346,-3.91659,-2.08346,-3.91659,-2.08551,-3.91422,2.91449,1.08578,5.01163,5.02450,5.00000,5.00000,0.00000,0.00000,12,0.00029,-0.42526,-0.42323,-0.02054,2.01074,2.04908,0.06242,0.05613,-0.00424,1.73762,1.76901,0.12641,0.11875,-0.00200,0.10956,-0.05817,-0.25649,-0.25449,0.00122,0.79119,0.63710,-0.10602,-0.10256,0.00627,2.48803,2.45919,-0.46286,0.24233,0.00538,5.99242,6.03040
46.3337,-2.08148,-3.91562,-2.08148,-3.91562,-2.08264,-3.91572,2.91736,1.08428,5.01200,5.02345,5.00000,5.00000,0.00000,0.00000,12,0.00038,-0.42526,-0.42650,-0.02040,1.78418,1.83455,0.06242,0.05628,0.00402,1.67215,1.64445,0.12641,0.11886,0.00302,0.05953,-0.04185,-0.25649,-0.25449,0.00104,0.78613,0.71424,-0.10602,-0.10259,-0.00572,2.47640,2.39513,-0.46286,0.24233,0.00042,5.97245,5.86093
46.4374,-2.08129,-3.92131,-2.08129,-3.92131,-2.08195,-3.91973,2.91805,1.08027,5.01221,5.02420,5.00000,5.00000,0.00000,0.00000,12,0.00076,-0.42526,-0.42721,-0.00328,1.78340,1.75934,0.06242,0.05636,-0.00701,1.58108,1.55716,0.12641,0.11894,0.00262,-0.01224,0.00498,-0.25649,-0.25450,0.00001,0.80365,0.72227,-0.10602,-0.10258,-0.00499,2.52134,2.53862,-0.46286,0.24232,0.00064,5.95742,5.97408
46.5373,-2.07705,-3.91847,-2.07705,-3.91847,-2.07881,-3.91909,2.92119,1.08091,5.01172,5.02325,5.00000,5.00000,0.00000,0.00000,12,0.00031,-0.42526,-0.42735,-0.00517,1.72818,1.82132,0.06242,0.05649,-0.00037,1.54416,1.55167,0.12641,0.11904,0.00150,-0.11578,-0.05069,-0.25649,-0.25452,-0.00527,0.83083,0.90707,-0.10602,-0.10260,-0.00644,2.55104,2.51060,-0.46286,0.24233,0.00323,5.98736,5.93864
46.6380,-2.07478,-3.91860,-2.07478,-3.91860,-2.07527,-3.91839,2.92473,1.08161,5.01224,5.02360,5.00000,5.00000,0.00000,0.00000,12,0.00030,-0.42526,-0.42741,-0.00017,1.71873,1.68563,0.06242,0.05659,0.00516,1.48302,1.51117,0.12641,0.11915,-0.00150,-0.21187,-0.16782,-0.25649,-0.25451,-0.00514,0.85833,0.82298,-0.10602,-0.10257,0.00610,2.61177,2.61061,-0.46286,0.24231,-0.00620,5.94925,5.84122
46.7390,-2.07108,-3.91411,-3.07108,-3.91411,-2.37228,-3.91513,2.62772,1.08487,5.31372,5.02306,5.00000,5.00000,1.00000,0.00000,13,0.00028,-0.42526,-0.42739,0.00443,1.68173,1.74745,0.06242,0.05672,0.00003,1.41369,1.38868,0.12641,0.11930,-0.00080,-0.27200,-0.26713,-0.25649,-0.25450,0.01098,0.90916,0.85459,-0.10602,-0.10260,0.00660,2.63697,2.66891,-0.46286,0.24231,-0.00672,5.96352,6.00263
46.8405,-2.06751,-3.91298,-3.06751,-3.91298,-2.95104,-3.91322,2.04896,1.08678,5.06762,5.02337,5.00000,5.00000,1.00000,0.00000,12,0.00113,-0.42526,-0.42741,-0.00187,1.65831,1.56795,0.06242,0.05684,-0.00094,1.34949,1.25893,0.12641,0.11946,0.00216,-0.35191,-0.38009,-0.25649,-0.25454,-0.00449,0.92665,0.87622,-0.10602,-0.10263,-0.00508,2.69573,2.59794,-0.46286,0.24233,0.00173,5.98258,6.06862
46.9406,-2.06757,-3.91772,-3.06757,-3.91772,-3.04806,-3.91601,1.95194,1.08399,5.02665,5.02423,5.00000,5.00000,1.00000,0.00000,12,0.00036,-0.42526,-0.42741,0.00327,1.65183,1.57340,0.06242,0.05693,-0.00211,1.29929,1.14504,0.12641,0.11964,-0.00064,-0.42847,-0.40730,-0.25649,-0.25453,0.00174,0.93866,0.99614,-0.10602,-0.10263,0.00154,2.75740,2.70281,-0.46286,0.24233,0.00560,5.99400,6.01095
47.0419,-2.07015,-3.91715,-3.07015,-3.91715,-3.06560,-3.91709,1.93440,1.08291,5.02035,5.02353,5.00000,5.00000,1.00000,0.00000,12,0.00034,-0.42526,-0.42742,-0.00253,1.60085,1.64240,0.06242,0.05707,-0.00189,1.21522,1.22408,0.12641,0.11997,0.00521,-0.45577,-0.41911,-0.25649,-0.25455,-0.00284,0.97352,0.82514,-0.10602,-0.10264,0.00312,2.79422,2.75861,-0.46286,0.24232,-0.00150,5.99400,5.91743
47.1430,-2.06970,-3.92079,-3.06970,-3.92079,-3.06850,-3.91837,1.93150,1.08163,5.01893,5.02455,5.00000,5.00000,1.00000,0.00000,12,0.00028,-0.42526,-0.42739,0.00265,1.57299,1.64085,0.06242,0.05721,0.00497,1.18759,1.16514,0.12641,0.12052,0.00868,-0.49021,-0.53869,-0.25649,-0.25456,-0.00093,0.96630,1.02050,-0.10602,-0.10266,-0.00020,2.81491,2.84982,-0.46286,0.24232,-0.00443,5.97323,5.96720
47.2457,-2.07169,-3.92678,-3.07169,-3.92678,-3.07098,-3.92417,1.92902,1.07583,5.01873,5.02466,5.00000,5.00000,1.00000,0.00000,12,0.00163,-0.42526,-0.42740,-0.00109,1.56507,1.35202,0.06242,0.05731,0.00292,1.11356,1.17817,0.12641,0.12150,0.01886,-0.49584,-0.45054,-0.25649,-0.25456,0.00004,0.99258,0.91293,-0.10602,-0.10268,-0.00283,2.86537,2.87731,-0.46286,0.24232,-0.00392,5.97713,5.98873
47.3462,-2.07582,-3.93895,-3.07582,-3.93895,-3.07376,-3.93449,1.92624,1.06551,5.01932,5.02551,5.00000,5.00000,1.00000,0.00000,12,0.00025,-0.42526,-0.42741,-0.01028,1.50454,1.51240,0.06242,0.05747,0.00682,1.06528,1.06526,0.12641,0.12291,0.00272,-0.46230,-0.41531,-0.25649,-0.25456,0.00402,1.06080,0.88189,-0.10602,-0.10270,-0.00663,2.88468,2.96767,-0.46286,0.24230,-0.00370,5.98608,5.97934
47.4477,-2.07406,-3.94161,-3.07406,-3.94161,-3.07429,-3.93968,1.92571,1.06032,5.01835,5.02447,5.00000,5.00000,1.00000,0.00000,12,0.00026,-0.42526,-0.42740,-0.00266,1.47556,1.39022,0.06242,0.05760,-0.00181,1.02644,0.99313,0.12641,0.12352,-0.00188,-0.47530,-0.54659,-0.25649,-0.25457,0.00009,1.02875,0.89663,-0.10602,-0.10268,0.01075,2.95635,2.92707,-0.46286,0.24231,-0.00382,5.94607,5.85843
47.5487,-2.07471,-3.94216,-3.07471,-3.94216,-3.07498,-3.94243,1.92502,1.05757,5.01834,5.02354,5.00000,5.00000,1.00000,0.00000,12,0.00026,-0.42526,-0.42740,-0.00654,1.46793,1.31365,0.06242,0.05773,0.00556,0.97000,0.98798,0.12641,0.12391,0.00404,-0.48228,-0.54445,-0.25649,-0.25457,0.00615,1.10524,0.95312,-0.10602,-0.10274,0.00381,2.96982,2.83309,-0.46286,0.24233,0.00540,5.99400,5.87192
47.6532,-2.07147,-3.94143,-3.07147,-3.94143,-3.07265,-3.94183,1.92735,1.05817,5.01793,5.02348,5.00000,5.00000,1.00000,0.00000,12,0.00098,-0.42526,-0.42738,-0.00225,1.43617,1.51317,0.06242,0.05784,-0.00335,0.91881,0.92458,0.12641,0.12413,0.00913,-0.49275,-0.47931,-0.25649,-0.25460,-0.00397,1.07951,1.09111,-0.10602,-0.10276,0.00526,3.00810,2.95785,-0.46286,0.24233,0.00300,5.97230,6.05870
47.7536,-2.06930,-3.94225,-3.06930,-3.94225,-3.07052,-3.94160,1.92948,1.05840,5.01790,5.02393,5.00000,5.00000,1.00000,0.00000,12,0.00026,-0.42526,-0.42735,0.00632,1.41552,1.45959,0.06242,0.05797,-0.00230,0.87624,0.85651,0.12641,0.12434,0.00448,-0.50974,-0.58608,-0.25649,-0.25459,0.00248,1.13022,1.04179,-0.10602,-0.10279,0.00010,3.07995,3.02019,-0.46286,0.24230,-0.00803,5.95575,5.85159
47.8575,-2.07188,-3.94263,-3.07188,-3.94263,-3.07042,-3.94302,1.92958,1.05698,5.01905,5.02349,5.00000,5.00000,1.00000,0.00000,12,0.00028,-0.42526,-0.42734,0.01161,1.44887,1.51396,0.06242,0.05809,-0.00993,0.80768,0.69936,0.12641,0.12451,0.00107,-0.53745,-0.55529,-0.25649,-0.25462,-0.00414,1.14965,1.14520,-0.10602,-0.10281,0.00186,3.08038,3.16370,-0.46286,0.24232,-0.00166,5.95394,5.83887
47.9589,-2.07122,-3.94410,-3.07122,-3.94410,-3.07175,-3.94268,1.92825,1.05732,5.01820,5.02427,5.00000,5.00000,1.00000,0.00000,12,0.00031,-0.42526,-0.42734,0.00384,1.36816,1.45904,0.06242,0.05826,0.00946,0.78641,0.67752,0.12641,0.12468,0.00144,-0.52135,-0.61701,-0.25649,-0.25462,-0.00461,1.13711,1.23089,-0.10602,-0.10284,-0.01067,3.09611,3.03319,-0.46286,0.24231,-0.00123,5.98472,6.07733
48.0604,-2.07794,-3.94630,-3.07794,-3.94630,-3.07634,-3.94517,1.92366,1.05483,5.01914,5.02416,5.00000,5.00000,1.00000,0.00000,12,0.00029,-0.42526,-0.42735,-0.00254,1.34646,1.44907,0.06242,0.05834,-0.00460,0.71201,0.71940,0.12641,0.12479,-0.00432,-0.55896,-0.46313,-0.25649,-0.25462,0.00307,1.21353,1.22056,-0.10602,-0.10286,-0.00693,3.13414,3.06294,-0.46286,0.24233,0.00671,5.98828,5.93286
48.1637,-2.07860,-3.94954,-3.07860,-3.94954,-3.07857,-3.94876,1.92143,1.05124,5.01848,5.02403,5.00000,5.00000,1.00000,0.00000,12,0.00034,-0.42526,-0.42733,0.00169,1.34479,1.40634,0.06242,0.05846,-0.00221,0.67925,0.73673,0.12641,0.12490,-0.00544,-0.57876,-0.53425,-0.25649,-0.25464,0.00068,1.21928,1.09766,-0.10602,-0.10289,-0.01056,3.14780,3.07739,-0.46286,0.24230,-0.00686,5.97382,5.85888
48.2648,-2.07595,-3.94761,-3.07595,-3.94761,-3.07809,-3.94845,1.92191,1.05155,5.01755,5.02333,5.00000,5.00000,1.00000,0.00000,12,0.00028,-0.42526,-0.42732,0.00300,1.29686,1.23484,0.06242,0.05858,-0.00014,0.67040,0.63056,0.12641,0.12509,-0.00140,-0.56963,-0.55687,-0.25649,-0.25466,0.00036,1.22907,1.21316,-0.10602,-0.10288,0.00635,3.24116,3.31007,-0.46286,0.24232,0.00390,5.98801,5.88134
48.3656,-2.07666,-3.94748,-3.07666,-3.94748,-3.07650,-3.94814,1.92350,1.05186,5.01853,5.02340,5.00000,5.00000,1.00000,0.00000,12,0.00026,-0.42526,-0.42732,-0.00046,1.26059,1.30763,0.06242,0.05870,-0.00041,0.62919,0.60919,0.12641,0.12520,0.00328,-0.57049,-0.52730,-0.25649,-0.25468,-0.00112,1.26629,1.26705,-0.10602,-0.10291,-0.00247,3.26477,3.30005,-0.46286,0.24231,-0.00410,5.94653,5.98746
48.4671,-2.07410,-3.94875,-3.07410,-3.94875,-3.07521,-3.94838,1.92479,1.05162,5.01798,5.02385,5.00000,5.00000,1.00000,0.00000,12,0.00028,-0.42526,-0.42730,0.00514,1.26402,1.29759,0.06242,0.05887,0.00581,0.57776,0.49459,0.12641,0.12537,0.00445,-0.57747,-0.54172,-0.25649,-0.25469,-0.00596,1.26543,1.32955,-0.10602,-0.10295,-0.00642,3.30140,3.32850,-0.46286,0.24231,-0.00044,5.98997,6.08004
48.5689,-2.07763,-3.94823,-3.07763,-3.94823,-3.07673,-3.94821,1.92327,1.05179,5.01885,5.02370,5.00000,5.00000,1.00000,0.00000,12,0.00075,-0.42526,-0.42730,0.00199,1.22984,1.07144,0.06242,0.05899,0.00443,0.56923,0.70311,0.12641,0.12546,0.00091,-0.60974,-0.66238,-0.25649,-0.25468,0.00653,1.30268,1.23907,-0.10602,-0.10296,0.00179,3.31364,3.24351,-0.46286,0.24232,0.00070,5.96464,6.03808
48.6691,-2.07955,-3.95226,-3.07955,-3.95226,-3.07859,-3.95075,1.92141,1.04925,5.01888,5.02435,5.00000,5.00000,1.00000,0.00000,12,0.00028,-0.42526,-0.42728,0.00877,1.20853,1.23496,0.06242,0.05904,-0.00155,0.50816,0.46924,0.12641,0.12553,-0.00265,-0.58997,-0.54329,-0.25649,-0.25470,0.00368,1.33396,1.26755,-0.10602,-0.10300,-0.00356,3.35800,3.48029,-0.46286,0.24232,0.00382,5.97583,6.03177
48.7696,-2.08467,-3.95488,-3.08467,-3.95488,-3.08320,-3.95347,1.91680,1.04653,5.01913,5.02432,5.00000,5.00000,1.00000,0.00000,12,0.00026,-0.42526,-0.42730,-0.00499,1.16239,1.18032,0.06242,0.05916,0.00631,0.46479,0.49595,0.12641,0.12558,-0.00313,-0.63466,-0.70553,-0.25649,-0.25473,-0.00325,1.31990,1.29008,-0.10602,-0.10301,0.00018,3.39902,3.50881,-0.46286,0.24233,0.00537,5.99199,5.86710
48.8723,-2.09079,-3.95531,-3.09079,-3.95531,-3.08706,-3.95480,1.91294,1.04520,5.02012,5.02395,5.00000,5.00000,1.00000,0.00000,12,0.00031,-0.42526,-0.42729,-0.00409,1.12287,1.23949,0.06242,0.05926,-0.00171,0.43354,0.47369,0.12641,0.12565,0.00971,-0.62491,-0.62272,-0.25649,-0.25473,0.00172,1.34628,1.41909,-0.10602,-0.10304,-0.00730,3.45887,3.59707,-0.46286,0.24230,-0.00925,5.94364,5.86941
48.9741,-2.09045,-3.95344,-3.09045,-3.95344,-3.08995,-3.95350,1.91005,1.04650,5.01875,5.02370,5.00000,5.00000,1.00000,0.00000,12,0.00029,-0.42526,-0.42728,-0.00052,1.13627,1.09645,0.06242,0.05936,-0.00107,0.38825,0.43278,0.12641,0.12569,0.00215,-0.60435,-0.61805,-0.25649,-0.25472,0.00716,1.39863,1.32056,-0.10602,-0.10308,0.00054,3.49389,3.51574,-0.46286,0.24233,0.00968,5.99400,5.83388
49.0758,-2.08929,-3.95553,-3.08929,-3.95553,-3.08952,-3.95424,1.91048,1.04576,5.01844,5.02428,5.00000,5.00000,1.00000,0.00000,12,0.00025,-0.42526,-0.42725,0.00748,1.09125,1.14677,0.06242,0.05942,-0.00268,0.38311,0.35630,0.12641,0.12576,0.00690,-0.62011,-0.47949,-0.25649,-0.25476,-0.00507,1.38995,1.39918,-0.10602,-0.10314,-0.00705,3.50273,3.50846,-0.46286,0.24232,0.00073,5.96858,6.06637
49.1773,-2.08940,-3.95126,-3.08940,-3.95126,-3.08883,-3.95226,1.91117,1.04774,5.01878,5.02329,5.00000,5.00000,1.00000,0.00000,12,0.00026,-0.42526,-0.42726,-0.00525,1.08338,1.03490,0.06242,0.05951,-0.00137,0.33877,0.23387,0.12641,0.12579,0.00048,-0.63059,-0.52852,-0.25649,-0.25478,0.00175,1.42418,1.65266,-0.10602,-0.10321,-0.00806,3.52381,3.53993,-0.46286,0.24229,-0.01073,5.95356,5.99717
49.2791,-2.08611,-3.95046,-3.08611,-3.95046,-3.08773,-3.94996,1.91227,1.05004,5.01783,5.02391,5.00000,5.00000,1.00000,0.00000,12,0.00095,-0.42526,-0.42723,0.00975,1.05806,1.04680,0.06242,0.05963,0.00629,0.33454,0.34903,0.12641,0.12584,0.00005,-0.64287,-0.60229,-0.25649,-0.25481,-0.01088,1.41953,1.29851,-0.10602,-0.10332,-0.00055,3.57985,3.70868,-0.46286,0.24231,-0.00293,5.97206,6.06437
49.3794,-2.08477,-3.95125,-3.08477,-3.95125,-3.08639,-3.95062,1.91361,1.04938,5.01782,5.02397,5.00000,5.00000,1.00000,0.00000,12,0.00025,-0.42526,-0.42722,0.00132,1.04495,0.99923,0.06242,0.05972,-0.00510,0.28456,0.28468,0.12641,0.12590,0.00607,-0.62751,-0.62030,-0.25649,-0.25480,0.00195,1.44490,1.31245,-0.10602,-0.10354,-0.00511,3.56679,3.50629,-0.46286,0.24231,-0.00046,5.97588,5.75539
49.4836,-2.08861,-3.95307,-3.08861,-3.95307,-3.08694,-3.95279,1.91306,1.04721,5.01923,5.02384,5.00000,5.00000,1.00000,0.00000,12,0.00101,-0.42526,-0.42723,-0.00441,0.99852,1.06522,0.06242,0.05982,0.00096,0.27166,0.24515,0.12641,0.12597,0.00424,-0.62898,-0.66116,-0.25649,-0.25481,0.00806,1.48175,1.41854,-0.10602,-0.10367,0.00486,3.61216,3.62707,-0.46286,0.24231,-0.00227,5.94462,6.15182
49.5856,-2.08809,-3.95426,-3.08809,-3.95426,-3.08913,-3.95359,1.91087,1.04641,5.01809,5.02401,5.00000,5.00000,1.00000,0.00000,12,0.00049,-0.42526,-0.42722,-0.00076,0.99475,0.98585,0.06242,0.05992,0.00258,0.23742,0.10137,0.12641,0.12603,0.00018,-0.64562,-0.63545,-0.25649,-0.25483,0.00309,1.50885,1.43650,-0.10602,-0.10383,0.00666,3.64414,3.65001,-0.46286,0.24229,-0.00895,5.95871,5.89588
49.6884,-2.09159,-3.95806,-3.09159,-3.95806,-3.09054,-3.95632,1.90946,1.04368,5.01899,5.02448,5.00000,5.00000,1.00000,0.00000,12,0.00034,-0.42526,-0.42721,-0.00415,0.98511,0.93648,0.06242,0.05998,-0.00072,0.23209,0.07676,0.12641,0.12608,-0.00022,-0.61715,-0.64237,-0.25649,-0.25489,-0.00536,1.50124,1.58309,-0.10602,-0.10394,0.00894,3.64533,3.62315,-0.46286,0.24230,-0.00468,5.98130,5.88321
49.7906,-2.09092,-3.96061,-2.09092,-3.96061,-2.43393,-3.95895,1.98949,1.04105,4.42342,5.02447,4.42342,5.00000,0.00000,0.00000,8,0.00164,-0.41381,-0.42697,0.00229,0.24084,0.43727,0.03553,0.05978,-0.04820,1.67713,1.67382,0.10126,0.12564,-0.02828,0.78830,0.28282,-0.24575,-0.25482,0.00004,0.89257,0.98250,-0.09060,-0.10392,0.01550,2.71994,2.87569,-0.44752,0.24231,0.00157,5.97397,5.84249
49.8904,-2.09225,-3.95439,-2.09225,-3.95439,-2.15064,-3.95763,2.05628,1.04237,4.20692,5.02236,4.20692,5.00000,0.00000,0.00000,8,0.00029,-0.40950,-0.42354,0.03627,-0.03460,0.02174,0.02542,0.05675,-0.00115,3.06569,2.97888,0.09181,0.12251,-0.01448,1.98939,2.00464,-0.24170,-0.25462,0.00658,0.32530,0.39977,-0.08482,-0.10380,0.00604,1.93805,2.11960,-0.44177,0.24231,0.00064,5.97023,5.88137
49.9921,-2.10400,-3.93915,-2.10400,-3.93915,-2.10727,-3.94713,2.11979,1.05287,4.22705,5.02026,4.22705,5.00000,0.00000,0.00000,8,0.00030,-0.40990,-0.41521,0.08674,0.65355,0.59939,0.02636,0.05656,-0.00604,3.09913,3.22723,0.09269,0.12159,-0.00618,2.03481,1.95561,-0.24208,-0.25459,-0.00938,0.29572,0.32604,-0.08536,-0.10375,0.00382,1.82565,1.85673,-0.44231,0.24229,-0.01202,5.93507,5.98292
50.0949,-2.11188,-3.92282,-2.11188,-3.92282,-2.11284,-3.92641,2.18312,1.07359,4.29595,5.02202,4.29595,5.00000,0.00000,0.00000,8,0.00072,-0.41127,-0.41434,-0.00145,0.52306,0.48996,0.02958,0.05644,-0.00361,3.18733,2.99856,0.09570,0.12102,-0.00374,2.06503,1.98748,-0.24337,-0.25456,-0.00024,0.23492,0.16698,-0.08720,-0.10372,-0.00204,1.80761,1.98974,-0.44413,0.24232,0.00309,5.99400,6.04203
50.1972,-2.11489,-3.91879,-2.11489,-3.91879,-2.11261,-3.92147,2.24649,1.07853,4.35909,5.02238,4.35909,5.00000,0.00000,0.00000,8,0.00182,-0.41253,-0.41438,-0.00666,0.57397,0.50429,0.03253,0.05621,-0.01203,3.24405,3.32041,0.09846,0.12038,-0.00546,2.14469,2.13393,-0.24455,-0.25450,0.00319,0.19885,0.11369,-0.08888,-0.10367,-0.00172,1.68678,1.68396,-0.44581,0.24229,-0.00562,5.92836,5.93971
50.2968,-2.11546,-3.91446,-2.11546,-3.91446,-2.11429,-3.91747,2.30989,1.08253,4.42418,5.02221,4.42418,5.00000,0.00000,0.00000,8,0.00025,-0.41382,-0.41441,-0.00453,0.63268,0.59950,0.03557,0.05606,0.00048,3.36090,3.40152,0.10130,0.11979,-0.00618,2.20566,2.19648,-0.24576,-0.25447,-0.00264,0.14590,0.21102,-0.09062,-0.10360,-0.00754,1.65405,1.72604,-0.44754,0.24230,-0.01000,5.98115,5.95811
50.3986,-2.12018,-3.90966,-2.12018,-3.90966,-2.11883,-3.91198,2.37341,1.08802,4.49224,5.02248,4.49224,5.00000,0.00000,0.00000,8,0.00026,-0.41518,-0.41445,0.00137,0.69502,0.76690,0.03874,0.05588,-0.00575,3.39409,3.31862,0.10427,0.11920,-0.00812,2.16044,2.22641,-0.24703,-0.25444,0.00002,0.15333,0.16355,-0.09244,-0.10352,0.00498,1.61047,1.72408,-0.44935,0.24230,-0.00296,5.93142,6.02839
50.4991,-2.12064,-3.90693,-2.12064,-3.90693,-2.12006,-3.90799,2.43701,1.09201,4.55707,5.02299,4.55707,5.00000,0.00000,0.00000,8,0.00028,-0.41647,-0.41456,-0.00932,0.79311,0.77287,0.04177,0.05583,0.00096,3.37959,3.42163,0.10710,0.11881,-0.00599,2.13717,2.11867,-0.24824,-0.25443,0.00280,0.13065,0.11344,-0.09417,-0.10349,0.00403,1.64805,1.61166,-0.45107,0.24230,-0.00477,5.95729,5.97952
50.5998,-2.12232,-3.90226,-2.12232,-3.90226,-2.12173,-3.90430,2.50063,1.09570,4.62236,5.02255,4.62236,5.00000,0.00000,0.00000,8,0.00025,-0.41776,-0.41463,0.00133,0.92470,0.90725,0.04481,0.05579,-0.00442,3.37252,3.37315,0.10995,0.11862,0.00378,2.09420,1.83518,-0.24946,-0.25442,0.00536,0.13584,0.21407,-0.09591,-0.10349,0.00163,1.62273,1.74291,-0.45281,0.24232,0.00499,5.95458,5.85435
50.7006,-2.12963,-3.90073,-2.12963,-3.90073,-2.12654,-3.90180,2.56437,1.09820,4.69091,5.02295,4.69091,5.00000,0.00000,0.00000,8,0.00027,-0.41912,-0.41476,-0.00075,1.02197,1.16006,0.04801,0.05580,0.00426,3.28365,3.11506,0.11294,0.11852,0.00009,1.98340,2.02812,-0.25073,-0.25444,-0.00312,0.17258,0.25177,-0.09775,-0.10351,-0.00376,1.63480,1.57998,-0.45463,0.24230,-0.00412,5.99400,6.09980
50.8029,-2.12574,-3.89919,-2.12574,-3.89919,-2.12601,-3.89903,2.62816,1.10097,4.75416,5.02347,4.75416,5.00000,0.00000,0.00000,8,0.00032,-0.42038,-0.41493,-0.00048,1.18111,1.11431,0.05096,0.05580,-0.00225,3.15938,3.13655,0.11569,0.11852,-0.00579,1.82847,1.83691,-0.25191,-0.25445,-0.01065,0.17700,0.22094,-0.09944,-0.10348,0.00359,1.69435,1.76203,-0.45631,0.24230,-0.00501,5.96260,5.95041
50.9057,-2.12652,-3.89629,-2.12652,-3.89629,-2.12620,-3.89683,2.69194,1.10317,4.81814,5.02315,4.81814,5.00000,0.00000,0.00000,8,0.00055,-0.42165,-0.41518,-0.00280,1.27083,1.33561,0.05394,0.05580,-0.00011,2.98626,2.85387,0.11848,0.11855,-0.00625,1.69598,1.60988,-0.25310,-0.25443,0.00106,0.25966,0.19240,-0.10115,-0.10349,-0.00143,1.76811,1.73873,-0.45802,0.24233,0.00892,5.97018,5.90039
51.0064,-2.12946,-3.89589,-2.12946,-3.89589,-2.12727,-3.89668,2.75575,1.10332,4.88301,5.02304,4.88301,5.00000,0.00000,0.00000,8,0.00029,-0.42294,-0.41544,0.00292,1.47496,1.52745,0.05697,0.05581,0.00239,2.85121,2.88833,0.12131,0.11863,-0.00152,1.49154,1.52470,-0.25431,-0.25445,-0.01047,0.32863,0.37361,-0.10289,-0.10350,0.00010,1.86451,1.97512,-0.45974,0.24231,0.00533,5.99400,5.85511
51.1070,-2.12255,-3.89466,-2.12255,-3.89466,-2.12500,-3.89523,2.81953,1.10477,4.94453,5.02313,4.94453,5.00000,0.00000,0.00000,8,0.00027,-0.42416,-0.41580,0.00073,1.57530,1.45898,0.05984,0.05583,0.00357,2.62455,2.70726,0.12399,0.11869,-0.00362,1.30561,1.25065,-0.25546,-0.25442,0.00733,0.41168,0.41282,-0.10453,-0.10351,0.00325,1.96135,1.95380,-0.46138,0.24231,0.00277,5.96430,5.99926
51.2078,-2.12770,-3.88848,-2.12770,-3.88848,-2.12595,-3.89168,2.87405,1.10832,5.00923,5.02198,5.00000,5.00000,0.00000,0.00000,12,0.00030,-0.42526,-0.41616,0.00130,1.73706,1.69649,0.06242,0.05587,-0.00314,2.38330,2.32684,0.12641,0.11882,0.00319,1.05567,1.04365,-0.25649,-0.25444,0.00249,0.47746,0.51612,-0.10602,-0.10353,-0.00150,2.06651,2.07238,-0.46286,0.24232,0.00871,5.99224,6.03638
51.3104,-2.12759,-3.88666,-2.12759,-3.88666,-2.12591,-3.88797,2.87409,1.11203,5.01347,5.02277,5.00000,5.00000,0.00000,0.00000,12,0.00129,-0.42526,-0.41652,-0.00146,1.83839,1.79466,0.06242,0.05589,-0.00043,2.32658,2.48551,0.12641,0.11888,0.00226,1.01394,1.02651,-0.25649,-0.25444,0.00532,0.49068,0.56905,-0.10602,-0.10354,-0.00344,2.07812,2.17949,-0.46286,0.24229,-0.00153,5.96869,5.93392
51.4101,-2.12030,-3.88272,-2.12030,-3.88272,-2.12317,-3.88469,2.87683,1.11531,5.01151,5.02247,5.00000,5.00000,0.00000,0.00000,12,0.00025,-0.42526,-0.41680,0.00421,1.92096,1.98377,0.06242,0.05589,-0.01568,2.24815,2.27957,0.12641,0.11891,0.00129,0.90938,0.94176,-0.25649,-0.25444,0.00311,0.54921,0.45603,-0.10602,-0.10353,0.00139,2.12268,2.23336,-0.46286,0.24231,0.00538,5.99400,6.02833
51.5125,-2.12706,-3.88132,-2.12706,-3.88132,-2.12463,-3.88197,2.87537,1.11803,5.01379,5.02301,5.00000,5.00000,0.00000,0.00000,12,0.00034,-0.42526,-0.41732,-0.00771,1.96161,2.02888,0.06242,0.05594,0.00095,2.15861,2.12365,0.12641,0.11897,0.00892,0.83023,0.86742,-0.25649,-0.25445,0.00750,0.58344,0.40845,-0.10602,-0.10353,0.00048,2.14982,2.25590,-0.46286,0.24231,-0.00052,5.94670,5.94449
51.6140,-2.12062,-3.87755,-2.12062,-3.87755,-2.12350,-3.87933,2.87650,1.12067,5.01151,5.02251,5.00000,5.00000,0.00000,0.00000,12,0.00034,-0.42526,-0.41774,-0.00562,2.00954,2.00098,0.06242,0.05598,-0.00016,2.08415,2.11960,0.12641,0.11902,0.01124,0.72126,0.68412,-0.25649,-0.25445,0.00535,0.60229,0.60735,-0.10602,-0.10355,-0.00433,2.18791,2.09453,-0.46286,0.24232,0.01225,5.99261,5.87863
51.7163,-2.12780,-3.87621,-2.12780,-3.87621,-2.12529,-3.87660,2.87471,1.12340,5.01383,5.02309,5.00000,5.00000,0.00000,0.00000,12,0.00030,-0.42526,-0.41858,-0.00491,2.05839,1.90173,0.06242,0.05600,-0.00018,2.03337,1.93222,0.12641,0.11906,-0.00017,0.65321,0.55684,-0.25649,-0.25447,-0.00478,0.58588,0.67295,-0.10602,-0.10354,0.00077,2.23734,2.11340,-0.46286,0.24230,-0.00012,5.96393,5.98272
51.8166,-2.12620,-3.87674,-2.12620,-3.87674,-2.12443,-3.87693,2.87557,1.12307,5.01350,5.02318,5.00000,5.00000,0.00000,0.00000,12,0.00025,-0.42526,-0.41959,-0.01054,2.06275,2.08348,0.06242,0.05604,-0.00736,1.92270,1.92944,0.12641,0.11910,-0.00002,0.56187,0.54568,-0.25649,-0.25447,-0.00220,0.61623,0.61663,-0.10602,-0.10355,-0.00232,2.25503,2.31510,-0.46286,0.24229,-0.00195,5.95659,5.88162
51.9171,-2.11705,-3.87417,-2.11705,-3.87417,-2.12082,-3.87503,2.87918,1.12497,5.01111,5.02288,5.00000,5.00000,0.00000,0.00000,12,0.00026,-0.42526,-0.42049,-0.00210,2.06865,2.17374,0.06242,0.05609,-0.00162,1.86186,2.02145,0.12641,0.11915,0.00015,0.46983,0.45415,-0.25649,-0.25447,0.00180,0.65564,0.54354,-0.10602,-0.10354,0.00557,2.27892,2.29014,-0.46286,0.24231,0.00667,5.97621,5.89011
52.0177,-2.11769,-3.87429,-2.11769,-3.87429,-2.11804,-3.87360,2.88196,1.12640,5.01256,5.02354,5.00000,5.00000,0.00000,0.00000,12,0.00038,-0.42526,-0.42140,-0.01624,2.05224,2.10539,0.06242,0.05619,0.00823,1.81389,1.79887,0.12641,0.11924,0.00740,0.39052,0.35994,-0.25649,-0.25447,0.00051,0.67264,0.57617,-0.10602,-0.10355,-0.00077,2.32699,2.30010,-0.46286,0.24230,-0.00157,5.96892,6.00714
52.1188,-2.11186,-3.87833,-2.11186,-3.87833,-2.11442,-3.87727,2.88558,1.12273,5.01159,5.02372,5.00000,5.00000,0.00000,0.00000,12,0.00031,-0.42526,-0.42269,-0.01280,1.97851,2.00277,0.06242,0.05624,0.00222,1.71885,1.79903,0.12641,0.11929,0.00064,0.31450,0.33803,-0.25649,-0.25448,0.00176,0.69407,0.66855,-0.10602,-0.10353,0.00932,2.33953,2.11193,-0.46286,0.24232,0.00645,5.97875,6.03934
52.2202,-2.10751,-3.88397,-2.10751,-3.88397,-2.11017,-3.88098,2.88983,1.11902,5.01152,5.02457,5.00000,5.00000,0.00000,0.00000,12,0.00029,-0.42526,-0.42453,-0.01840,1.88782,1.86977,0.06242,0.05632,0.00520,1.66588,1.56144,0.12641,0.11936,-0.00341,0.22598,0.23500,-0.25649,-0.25450,-0.00505,0.73582,0.62389,-0.10602,-0.10356,-0.00109,2.37424,2.44933,-0.46286,0.24228,-0.00800,5.94042,5.85777
52.3225,-2.10629,-3.89078,-2.10629,-3.89078,-2.10618,-3.88770,2.89382,1.11230,5.01268,5.02464,5.00000,5.00000,0.00000,0.00000,12,0.00113,-0.42526,-0.42636,-0.00769,1.76693,1.73016,0.06242,0.05645,0.00773,1.59236,1.64363,0.12641,0.11944,0.00027,0.13464,0.30510,-0.25649,-0.25448,0.00707,0.74283,0.82568,-0.10602,-0.10356,0.00366,2.38795,2.44557,-0.46286,0.24231,0.00905,5.94454,5.82765
52.4248,-2.10062,-3.88912,-2.10062,-3.88912,-2.10268,-3.88908,2.89732,1.11092,5.01173,5.02335,5.00000,5.00000,0.00000,0.00000,12,0.00030,-0.42526,-0.42676,-0.00111,1.75706,1.68200,0.06242,0.05658,0.00744,1.54544,1.43917,0.12641,0.11955,0.00076,0.04568,0.07059,-0.25649,-0.25449,0.00429,0.77260,0.71593,-0.10602,-0.10358,-0.00585,2.40898,2.39436,-0.46286,0.24230,-0.00048,5.96848,5.92925
52.5277,-2.10326,-3.88584,-2.10326,-3.88584,-2.10259,-3.88713,2.89741,1.11287,5.01290,5.02277,5.00000,5.00000,0.00000,0.00000,12,0.00036,-0.42526,-0.42689,0.00402,1.74003,1.59321,0.06242,0.05668,0.00871,1.47668,1.52092,0.12641,0.11964,0.00700,0.00477,0.05500,-0.25649,-0.25450,-0.00370,0.79568,0.81631,-0.10602,-0.10356,0.00710,2.45384,2.39651,-0.46286,0.24231,0.00578,5.96538,6.04710
52.6284,-2.10045,-3.88894,-2.10045,-3.88894,-2.10218,-3.88807,2.89782,1.11193,5.01187,5.02370,5.00000,5.00000,0.00000,0.00000,12,0.00027,-0.42526,-0.42691,0.00336,1.73653,1.82953,0.06242,0.05678,0.01066,1.40615,1.39657,0.12641,0.11973,0.00527,-0.09476,0.01335,-0.25649,-0.25449,0.00799,0.83373,0.66663,-0.10602,-0.10358,-0.00152,2.48066,2.49189,-0.46286,0.24228,-0.01066,5.96574,5.93874
52.7301,-2.10090,-3.88710,-2.10090,-3.88710,-2.10154,-3.88792,2.89846,1.11208,5.01233,5.02298,5.00000,5.00000,0.00000,0.00000,12,0.00034,-0.42526,-0.42696,-0.00132,1.67195,1.65947,0.06242,0.05686,0.00347,1.33469,1.39690,0.12641,0.11985,0.00968,-0.15372,-0.11398,-0.25649,-0.25451,-0.00280,0.84231,0.88560,-0.10602,-0.10357,0.00441,2.50336,2.57365,-0.46286,0.24229,0.00265,5.99400,6.10487
52.8335,-2.09787,-3.88687,-3.09787,-3.88687,-2.85868,-3.88641,2.14132,1.11359,5.11966,5.02351,5.00000,5.00000,1.00000,0.00000,12,0.00098,-0.42526,-0.42698,-0.00718,1.65419,1.79147,0.06242,0.05699,0.00528,1.28760,1.16247,0.12641,0.11994,0.00567,-0.22314,-0.17209,-0.25649,-0.25451,0.00172,0.87826,0.87137,-0.10602,-0.10359,-0.00086,2.53429,2.54351,-0.46286,0.24228,-0.00848,5.94390,5.95388
52.9343,-2.09523,-3.88784,-3.09523,-3.88784,-3.05648,-3.88725,1.94352,1.11275,5.03495,5.02358,5.00000,5.00000,1.00000,0.00000,12,0.00035,-0.42526,-0.42697,-0.00561,1.64055,1.63504,0.06242,0.05711,0.00341,1.21516,1.32713,0.12641,0.12007,0.00021,-0.31095,-0.32325,-0.25649,-0.25453,-0.00182,0.88718,0.94361,-0.10602,-0.10359,0.00153,2.60329,2.44140,-0.46286,0.24228,-0.00291,5.96901,6.01859
53.0353,-2.09622,-3.88721,-3.09622,-3.88721,-3.08867,-3.88610,1.91134,1.11390,5.02177,5.02379,5.00000,5.00000,1.00000,0.00000,12,0.00031,-0.42526,-0.42697,0.00219,1.61647,1.82307,0.06242,0.05721,-0.00254,1.16096,1.08291,0.12641,0.12026,0.00170,-0.36301,-0.37612,-0.25649,-0.25454,-0.00665,0.91842,0.88985,-0.10602,-0.10359,0.00099,2.63228,2.66348,-0.46286,0.24230,0.00418,5.95631,5.89436
53.1374,-2.09453,-3.88431,-3.09453,-3.88431,-3.09350,-3.88482,1.90650,1.11518,5.01900,5.02309,5.00000,5.00000,1.00000,0.00000,12,0.00105,-0.42526,-0.42696,0.00307,1.60242,1.63527,0.06242,0.05734,-0.00267,1.09350,1.16299,0.12641,0.12057,0.00243,-0.39925,-0.57270,-0.25649,-0.25454,0.00522,0.94066,0.92613,-0.10602,-0.10360,0.00253,2.63181,2.64613,-0.46286,0.24229,-0.00852,5.95980,6.04000
53.2375,-2.09553,-3.88435,-3.09553,-3.88435,-3.09536,-3.88459,1.90464,1.11541,5.01865,5.02320,5.00000,5.00000,1.00000,0.00000,12,0.00039,-0.42526,-0.42697,-0.00926,1.56861,1.62226,0.06242,0.05747,-0.00242,1.06151,0.99618,0.12641,0.12102,0.01181,-0.44381,-0.53739,-0.25649,-0.25456,-0.00764,0.95300,0.83569,-0.10602,-0.10363,-0.01139,2.66419,2.70865,-0.46286,0.24229,-0.00069,5.94270,5.93604
53.3380,-2.09453,-3.88847,-3.09453,-3.88847,-3.09486,-3.88709,1.90514,1.11291,5.01843,5.02391,5.00000,5.00000,1.00000,0.00000,12,0.00031,-0.42526,-0.42694,0.01005,1.59233,1.31011,0.06242,0.05758,-0.00429,1.00088,1.00263,0.12641,0.12147,-0.00027,-0.49871,-0.47180,-0.25649,-0.25455,0.00522,0.98899,0.95600,-0.10602,-0.10361,0.00063,2.67388,2.74764,-0.46286,0.24229,0.00147,5.98684,6.06695
53.4398,-2.09491,-3.89408,-3.09491,-3.89408,-3.09462,-3.89061,1.90538,1.10939,5.01869,5.02483,5.00000,5.00000,1.00000,0.00000,12,0.00031,-0.42526,-0.42693,0.00747,1.56880,1.44519,0.06242,0.05769,-0.00098,0.95265,0.95646,0.12641,0.12206,0.00613,-0.50795,-0.42828,-0.25649,-0.25457,-0.00403,0.97450,0.98474,-0.10602,-0.10361,0.00547,2.73425,2.80049,-0.46286,0.24229,0.00107,5.98358,5.98437
53.5413,-2.09995,-3.89949,-3.09995,-3.89949,-3.09789,-3.89687,1.90211,1.10313,5.01947,5.02451,5.00000,5.00000,1.00000,0.00000,12,0.00030,-0.42526,-0.42694,0.00040,1.52224,1.48583,0.06242,0.05782,-0.00010,0.90998,0.91931,0.12641,0.12275,0.00404,-0.50370,-0.46997,-0.25649,-0.25456,-0.00013,1.01208,0.99645,-0.10602,-0.10359,0.01135,2.77924,2.79597,-0.46286,0.24227,-0.00848,5.93697,5.90381
53.6451,-2.10620,-3.90355,-3.10620,-3.90355,-3.10350,-3.90160,1.89650,1.09840,5.01978,5.02425,5.00000,5.00000,1.00000,0.00000,12,0.00031,-0.42526,-0.42694,-0.00076,1.49745,1.61751,0.06242,0.05799,0.00223,0.83466,0.83873,0.12641,0.12341,0.01205,-0.48557,-0.48646,-0.25649,-0.25457,-0.00052,1.02931,1.03030,-0.10602,-0.10362,0.00720,2.78125,2.78505,-0.46286,0.24229,-0.00021,5.97418,5.95391
53.7465,-2.11113,-3.90521,-3.11113,-3.90521,-3.10856,-3.90427,1.89144,1.09573,5.01975,5.02383,5.00000,5.00000,1.00000,0.00000,12,0.00026,-0.42526,-0.42693,-0.00154,1.48015,1.43142,0.06242,0.05811,-0.00095,0.80615,0.72567,0.12641,0.12381,-0.00720,-0.53193,-0.57615,-0.25649,-0.25458,0.00095,1.08156,1.10654,-0.10602,-0.10364,0.00027,2.80944,2.89159,-0.46286,0.24228,-0.00319,5.94469,5.89734
53.8488,-2.10733,-3.90741,-3.10733,-3.90741,-3.10755,-3.90616,1.89245,1.09384,5.01855,5.02397,5.00000,5.00000,1.00000,0.00000,12,0.00044,-0.42526,-0.42692,0.00218,1.44310,1.30979,0.06242,0.05820,0.00223,0.75822,0.84180,0.12641,0.12418,0.00083,-0.51553,-0.54826,-0.25649,-0.25461,-0.00546,1.10237,1.17852,-0.10602,-0.10363,0.00915,2.87080,2.79449,-0.46286,0.24230,0.00349,5.93460,5.92634
53.9493,-2.11153,-3.91099,-3.11153,-3.91099,-3.10888,-3.90960,1.89112,1.09040,5.01979,5.02405,5.00000,5.00000,1.00000,0.00000,12,0.00025,-0.42526,-0.42692,-0.00228,1.44495,1.46256,0.06242,0.05831,-0.00461,0.71996,0.70889,0.12641,0.12443,-0.00102,-0.52299,-0.52083,-0.25649,-0.25462,-0.00047,1.11575,1.07579,-0.10602,-0.10364,0.00221,2.87325,2.89680,-0.46286,0.24232,0.01256,5.92130,5.97862
54.0512,-2.11496,-3.91096,-3.11496,-3.91096,-3.11215,-3.91101,1.88785,1.08899,5.01987,5.02344,5.00000,5.00000,1.00000,0.00000,12,0.00102,-0.42526,-0.42691,0.00006,1.43529,1.50805,0.06242,0.05843,-0.00411,0.69812,0.63823,0.12641,0.12469,0.00629,-0.53056,-0.52870,-0.25649,-0.25463,-0.00510,1.13713,1.09037,-0.10602,-0.10366,-0.00128,2.91221,2.81935,-0.46286,0.24227,-0.01161,5.98020,5.89769
54.1544,-2.11510,-3.91165,-3.11510,-3.91165,-3.11561,-3.91098,1.88439,1.08902,5.01847,5.02375,5.00000,5.00000,1.00000,0.00000,12,0.00027,-0.42526,-0.42692,-0.00430,1.39668,1.54211,0.06242,0.05854,0.01065,0.64015,0.60803,0.12641,0.12482,0.00193,-0.55514,-0.53063,-0.25649,-0.25464,-0.00268,1.16403,1.13280,-0.10602,-0.10367,0.00044,2.90590,2.90829,-0.46286,0.24230,0.00376,5.99032,5.87737
54.2551,-2.11715,-3.91254,-3.11715,-3.91254,-3.11633,-3.91217,1.88367,1.08783,5.01905,5.02363,5.00000,5.00000,1.00000,0.00000,12,0.00031,-0.42526,-0.42690,0.00345,1.37678,1.42856,0.06242,0.05866,0.00524,0.61245,0.73101,0.12641,0.12493,0.00488,-0.55909,-0.52239,-0.25649,-0.25463,0.00344,1.21024,1.13669,-0.10602,-0.10368,-0.00674,2.93826,2.76444,-0.46286,0.24228,-0.00149,5.96788,6.00013
54.3567,-2.11640,-3.91387,-3.11640,-3.91387,-3.11739,-3.91317,1.88261,1.08683,5.01828,5.02378,5.00000,5.00000,1.00000,0.00000,12,0.00034,-0.42526,-0.42693,-0.00800,1.38600,1.27004,0.06242,0.05879,-0.00376,0.55460,0.64378,0.12641,0.12507,-0.00100,-0.57729,-0.47542,-0.25649,-0.25465,0.00413,1.19163,1.23265,-0.10602,-0.10369,-0.00245,2.97664,3.00037,-0.46286,0.24228,-0.00026,5.96032,6.00402
54.4584,-2.11928,-3.91636,-3.11928,-3.91636,-3.11665,-3.91471,1.88335,1.08529,5.01982,5.02420,5.00000,5.00000,1.00000,0.00000,12,0.00099,-0.42526,-0.42690,0.00003,1.32733,1.33606,0.06242,0.05891,-0.00342,0.51913,0.56489,0.12641,0.12519,0.00330,-0.57298,-0.68300,-0.25649,-0.25467,0.00022,1.25054,1.25862,-0.10602,-0.10371,-0.00262,2.99434,2.88012,-0.46286,0.24226,-0.01006,5.97478,5.94868
54.5581,-2.10972,-3.91625,-3.10972,-3.91625,-3.11242,-3.91548,1.88758,1.08452,5.01752,5.02382,5.00000,5.00000,1.00000,0.00000,12,0.00027,-0.42526,-0.42691,-0.00665,1.31258,1.28335,0.06242,0.05903,0.00374,0.50635,0.51405,0.12641,0.12530,-0.00050,-0.56610,-0.66834,-0.25649,-0.25468,0.00074,1.27168,1.26584,-0.10602,-0.10371,-0.00149,3.05617,3.09560,-0.46286,0.24230,0.00679,5.95451,5.89574
54.6591,-2.11367,-3.91750,-3.11367,-3.91750,-3.11177,-3.91666,1.88823,1.08334,5.01948,5.02386,5.00000,5.00000,1.00000,0.00000,12,0.00029,-0.42526,-0.42690,-0.00871,1.29426,1.60869,0.06242,0.05913,-0.00725,0.42975,0.38143,0.12641,0.12539,-0.00254,-0.59632,-0.50581,-0.25649,-0.25468,0.00555,1.27630,1.32480,-0.10602,-0.10372,0.00706,3.07136,3.13618,-0.46286,0.24228,-0.00700,5.96822,5.92182
54.7622,-2.11590,-3.91942,-3.11590,-3.91942,-3.11337,-3.91814,1.88663,1.08186,5.01977,5.02406,5.00000,5.00000,1.00000,0.00000,12,0.00087,-0.42526,-0.42685,0.01366,1.30948,1.27914,0.06242,0.05926,0.00771,0.44939,0.38356,0.12641,0.12549,0.00017,-0.60639,-0.59009,-0.25649,-0.25471,-0.00431,1.28555,1.35809,-0.10602,-0.10373,0.00157,3.10732,3.23079,-0.46286,0.24228,-0.00118,5.97685,6.15548
54.8649,-2.11947,-3.92309,-3.11947,-3.92309,-3.11860,-3.92177,1.88140,1.07823,5.01908,5.02410,5.00000,5.00000,1.00000,0.00000,12,0.00102,-0.42526,-0.42687,-0.00263,1.29773,1.25232,0.06242,0.05933,0.00228,0.39715,0.37432,0.12641,0.12558,0.00458,-0.61099,-0.71862,-0.25649,-0.25471,0.00043,1.31844,1.48141,-0.10602,-0.10374,0.00221,3.13441,3.31534,-0.46286,0.24227,-0.00603,5.94324,5.77693
54.9667,-2.12916,-3.92414,-3.12916,-3.92414,-3.12446,-3.92373,1.87554,1.07627,5.02076,5.02372,5.00000,5.00000,1.00000,0.00000,12,0.00029,-0.42526,-0.42686,0.00379,1.26522,1.28216,0.06242,0.05940,0.00564,0.37499,0.41762,0.12641,0.12562,-0.00181,-0.61547,-0.62522,-0.25649,-0.25473,-0.00226,1.30943,1.23836,-0.10602,-0.10378,-0.00568,3.14644,3.24163,-0.46286,0.24229,0.00258,5.97629,6.04297
55.0675,-2.12260,-3.92310,-3.12260,-3.92310,-3.12442,-3.92340,1.87558,1.07660,5.01797,5.02341,5.00000,5.00000,1.00000,0.00000,12,0.00027,-0.42526,-0.42686,-0.00010,1.21483,1.20322,0.06242,0.05951,-0.00016,0.33358,0.31465,0.12641,0.12570,0.00548,-0.62234,-0.63599,-0.25649,-0.25475,-0.00287,1.37221,1.42203,-0.10602,-0.10379,0.00346,3.15140,3.36491,-0.46286,0.24227,-0.00073,5.98164,6.06756
55.1692,-2.12842,-3.92270,-3.12842,-3.92270,-3.12563,-3.92292,1.87437,1.07708,5.01995,5.02344,5.00000,5.00000,1.00000,0.00000,12,0.00033,-0.42526,-0.42685,0.00152,1.20977,1.20755,0.06242,0.05960,0.00034,0.29311,0.23461,0.12641,0.12572,-0.00184,-0.62799,-0.59812,-0.25649,-0.25475,0.00099,1.39731,1.46600,-0.10602,-0.10380,0.00814,3.23329,3.22719,-0.46286,0.24228,-0.00003,5.99400,5.86129
55.2719,-2.13048,-3.92774,-3.13048,-3.92774,-3.12789,-3.92556,1.87211,1.07444,5.01987,5.02449,5.00000,5.00000,1.00000,0.00000,12,0.00036,-0.42526,-0.42684,0.00079,1.19262,1.31197,0.06242,0.05969,0.00954,0.27950,0.30409,0.12641,0.12578,0.00138,-0.62487,-0.72421,-0.25649,-0.25477,-0.00219,1.40052,1.30696,-0.10602,-0.10385,-0.00296,3.19640,3.22274,-0.46286,0.24228,-0.00499,5.95689,5.98601
55.3729,-2.13218,-3.93083,-3.13218,-3.93083,-3.13174,-3.92877,1.86826,1.07123,5.01898,5.02446,5.00000,5.00000,1.00000,0.00000,12,0.00035,-0.42526,-0.42684,0.00213,1.17108,1.42771,0.06242,0.05973,-0.00182,0.22420,0.23160,0.12641,0.12583,-0.00378,-0.63075,-0.48830,-0.25649,-0.25478,0.00253,1.42203,1.42985,-0.10602,-0.10387,-0.00520,3.23671,3.38699,-0.46286,0.24230,0.01072,5.98963,5.98852
55.4759,-2.14143,-3.93219,-3.14143,-3.93219,-3.13685,-3.93133,1.86315,1.06867,5.02078,5.02396,5.00000,5.00000,1.00000,0.00000,12,0.00029,-0.42526,-0.42682,0.00848,1.16868,1.23849,0.06242,0.05983,-0.00348,0.21270,0.28111,0.12641,0.12590,0.00334,-0.63936,-0.65233,-0.25649,-0.25482,-0.00984,1.45276,1.43991,-0.10602,-0.10388,-0.00707,3.25306,3.31818,-0.46286,0.24228,-0.00027,5.96666,5.98850
55.5768,-2.14159,-3.93421,-3.14159,-3.93421,-3.14139,-3.93303,1.85861,1.06697,5.01893,5.02410,5.00000,5.00000,1.00000,0.00000,12,0.00032,-0.42526,-0.42685,-0.00649,1.12603,1.14125,0.06242,0.05991,-0.00066,0.20292,0.09247,0.12641,0.12595,0.00883,-0.63064,-0.61295,-0.25649,-0.25482,-0.00316,1.45625,1.51605,-0.10602,-0.10390,-0.00715,3.26130,3.10118,-0.46286,0.24229,0.00595,5.98928,6.04951
55.6782,-2.14271,-3.93711,-3.14271,-3.93711,-3.14336,-3.93583,1.85664,1.06417,5.01858,5.02416,5.00000,5.00000,1.00000,0.00000,12,0.00125,-0.42526,-0.42681,0.00155,1.11845,1.08598,0.06242,0.05998,-0.00044,0.15490,0.20421,0.12641,0.12598,0.00471,-0.63133,-0.66681,-0.25649,-0.25483,0.00060,1.47772,1.52883,-0.10602,-0.10391,-0.00635,3.31529,3.32179,-0.46286,0.24230,0.00850,5.98676,6.06532
55.7787,-2.14974,-3.94056,-2.14974,-3.94056,-2.84709,-3.93943,1.90291,1.06057,4.71822,5.02412,4.75000,5.00000,0.00000,0.00000,9,0.00031,-0.42030,-0.42683,-0.00916,1.05861,1.08740,0.05077,0.06006,-0.00219,0.13525,0.09215,0.11551,0.12599,0.00038,-0.64067,-0.63041,-0.25183,-0.25484,0.00194,1.50066,1.48515,-0.09933,-0.10391,0.00407,3.34223,3.32470,-0.45620,0.24229,0.00572,5.99400,6.03426
55.8792,-2.14500,-3.93840,-2.14500,-3.93840,-2.26532,-3.93985,1.97551,1.06015,4.24083,5.02302,4.24083,5.00000,0.00000,0.00000,8,0.00028,-0.41018,-0.42520,0.03744,0.01373,-0.08544,0.02700,0.05704,-0.01627,2.89962,2.95178,0.09329,0.12317,-0.03032,1.89860,1.74301,-0.24234,-0.25465,-0.00477,0.30200,0.35579,-0.08572,-0.10362,-0.00436,1.64761,1.67460,-0.44267,0.24228,0.00300,5.98452,6.03771
55.9804,-2.14189,-3.92753,-2.14189,-3.92753,-2.16176,-3.93149,2.04120,1.06851,4.20296,5.02189,4.20296,5.00000,0.00000,0.00000,8,0.00101,-0.40942,-0.42278,0.02879,0.06568,0.00129,0.02523,0.05668,-0.00156,3.03083,2.88293,0.09164,0.12164,-0.01678,1.97668,2.01578,-0.24163,-0.25456,0.00170,0.24854,0.26824,-0.08471,-0.10352,0.00420,1.59209,1.52059,-0.44167,0.24230,0.01206,5.97687,5.76379
56.0834,-2.14877,-3.91674,-2.14877,-3.91674,-2.14795,-3.92317,2.10570,1.07683,4.25365,5.02078,4.25365,5.00000,0.00000,0.00000,8,0.00254,-0.41043,-0.41671,0.09510,0.62893,0.52233,0.02760,0.05648,-0.00592,3.13010,3.13386,0.09385,0.12094,-0.00663,2.09102,1.86469,-0.24258,-0.25453,0.00021,0.21953,0.30775,-0.08607,-0.10347,-0.00221,1.52782,1.58054,-0.44301,0.24228,0.00315,5.98643,5.83461
56.1822,-2.16145,-3.90388,-2.16145,-3.90388,-2.15952,-3.90649,2.17037,1.09351,4.32989,5.02232,4.32989,5.00000,0.00000,0.00000,8,0.00040,-0.41195,-0.41493,-0.00376,0.54618,0.53818,0.03116,0.05630,0.00004,3.19368,3.06925,0.09718,0.12037,-0.00268,2.11822,2.09906,-0.24400,-0.25449,0.00881,0.19902,0.19178,-0.08810,-0.10339,0.00128,1.44424,1.44146,-0.44504,0.24229,0.00370,5.94749,5.76489
56.2849,-2.16560,-3.90157,-2.16560,-3.90157,-2.16306,-3.90374,2.23520,1.09626,4.39827,5.02249,4.39827,5.00000,0.00000,0.00000,8,0.00115,-0.41331,-0.41494,0.00084,0.58014,0.61549,0.03436,0.05616,-0.00287,3.28340,3.21705,0.10017,0.11982,-0.00555,2.14975,2.13989,-0.24528,-0.25446,0.00212,0.15543,0.18061,-0.08993,-0.10333,-0.00330,1.37384,1.36381,-0.44685,0.24228,-0.00013,5.99400,5.98530
56.3871,-2.16652,-3.89750,-2.16652,-3.89750,-2.16464,-3.89926,2.30011,1.10074,4.46474,5.02264,4.46474,5.00000,0.00000,0.00000,8,0.00057,-0.41463,-0.41497,0.00494,0.68864,0.65103,0.03746,0.05602,0.00655,3.32772,3.41068,0.10307,0.11926,-0.00184,2.14118,2.04480,-0.24652,-0.25444,0.00131,0.11056,0.15581,-0.09170,-0.10324,0.00279,1.33580,1.42499,-0.44862,0.24228,0.00287,5.98683,5.99076
56.4872,-2.17048,-3.89421,-2.17048,-3.89421,-2.16887,-3.89522,2.36513,1.10478,4.53400,5.02294,4.53400,5.00000,0.00000,0.00000,8,0.00032,-0.41601,-0.41504,-0.00231,0.76758,0.86797,0.04069,0.05591,-0.00519,3.33590,3.34397,0.10609,0.11891,-0.00872,2.12114,1.93927,-0.24781,-0.25444,-0.00717,0.09810,0.18431,-0.09355,-0.10322,0.00215,1.33878,1.31017,-0.45046,0.24229,0.00569,5.99400,6.08700
56.5880,-2.17097,-3.89057,-2.17097,-3.89057,-2.17039,-3.89177,2.43023,1.10823,4.60062,5.02284,4.60062,5.00000,0.00000,0.00000,8,0.00035,-0.41733,-0.41510,-0.00347,0.85942,0.86401,0.04380,0.05587,-0.00161,3.27768,3.19519,0.10900,0.11877,0.00139,2.07956,2.09147,-0.24905,-0.25443,-0.00662,0.11195,-0.00764,-0.09533,-0.10319,0.00219,1.33331,1.44469,-0.45223,0.24225,-0.01184,5.95463,5.98274
56.6899,-2.17200,-3.88596,-2.17200,-3.88596,-2.17204,-3.88815,2.49537,1.11185,4.66741,5.02239,4.66741,5.00000,0.00000,0.00000,8,0.00031,-0.41866,-0.41522,-0.00142,0.94422,0.99179,0.04692,0.05586,0.00264,3.26622,3.16276,0.11191,0.11865,-0.00613,1.98185,2.01126,-0.25030,-0.25443,-0.00302,0.10684,0.08078,-0.09712,-0.10316,0.00517,1.37684,1.35096,-0.45401,0.24226,-0.00521,5.96855,6.09714
56.7910,-2.17301,-3.88562,-2.17301,-3.88562,-2.17218,-3.88647,2.56054,1.11353,4.73272,5.02296,4.73272,5.00000,0.00000,0.00000,8,0.00051,-0.41995,-0.41536,-0.00148,1.08786,1.13737,0.04996,0.05588,0.01529,3.18569,3.24018,0.11476,0.11864,-0.00085,1.87721,2.03086,-0.25151,-0.25442,-0.00035,0.14899,0.20754,-0.09887,-0.10318,-0.00477,1.37763,1.31664,-0.45574,0.24229,0.00341,5.97235,6.06050
56.8952,-2.17128,-3.88425,-2.17128,-3.88425,-2.17121,-3.88539,2.62568,1.11461,4.79689,5.02283,4.79689,5.00000,0.00000,0.00000,8,0.00033,-0.42123,-0.41552,0.01129,1.25899,1.21560,0.05295,0.05588,0.01006,3.07775,3.13005,0.11756,0.11869,0.00858,1.72865,1.74473,-0.25271,-0.25442,0.00139,0.20012,0.22839,-0.10058,-0.10318,-0.00313,1.47750,1.65729,-0.45745,0.24226,-0.00773,5.95916,5.94226
56.9959,-2.17585,-3.88222,-2.17585,-3.88222,-2.17439,-3.88342,2.69087,1.11658,4.86526,5.02279,4.86526,5.00000,0.00000,0.00000,8,0.00030,-0.42259,-0.41582,-0.00116,1.37718,1.36235,0.05614,0.05587,0.00228,2.86355,2.79471,0.12054,0.11873,-0.01073,1.53666,1.66047,-0.25398,-0.25441,0.00511,0.28484,0.17201,-0.10241,-0.10319,0.00015,1.54728,1.68996,-0.45927,0.24231,0.01729,5.99400,5.97713
57.0966,-2.17560,-3.87800,-2.17560,-3.87800,-2.17628,-3.87986,2.75614,1.12014,4.93242,5.02248,4.93242,5.00000,0.00000,0.00000,8,0.00025,-0.42392,-0.41615,-0.00657,1.46690,1.44310,0.05927,0.05589,0.00618,2.63318,2.62100,0.12346,0.11882,-0.00240,1.35884,1.46704,-0.25523,-0.25444,-0.00298,0.32521,0.32070,-0.10421,-0.10318,0.00796,1.72112,1.75563,-0.46106,0.24229,0.00844,5.98503,5.90145
57.1988,-2.17616,-3.87589,-2.17616,-3.87589,-2.17611,-3.87694,2.82143,1.12306,4.99754,5.02281,4.99754,5.00000,0.00000,0.00000,8,0.00033,-0.42521,-0.41653,-0.00649,1.64900,1.72725,0.06231,0.05593,0.00486,2.37454,2.38907,0.12630,0.11892,0.00078,1.12208,1.18307,-0.25644,-0.25443,0.00290,0.43971,0.34069,-0.10595,-0.10320,-0.00100,1.80849,1.67834,-0.46280,0.24228,0.00521,5.99400,6.25779
57.2995,-2.17810,-3.87721,-2.17810,-3.87721,-2.17744,-3.87743,2.82256,1.12257,5.01335,5.02317,5.00000,5.00000,0.00000,0.00000,12,0.00027,-0.42526,-0.41687,0.00218,1.70903,1.63118,0.06242,0.05596,-0.00622,2.30220,2.12066,0.12641,0.11899,-0.00164,0.98826,0.90814,-0.25649,-0.25444,-0.00230,0.47472,0.44300,-0.10602,-0.10320,0.00223,1.89865,1.95094,-0.46286,0.24226,-0.00591,5.96062,5.99040
57.4021,-2.18110,-3.87144,-2.18110,-3.87144,-2.17943,-3.87403,2.82057,1.12597,5.01379,5.02214,5.00000,5.00000,0.00000,0.00000,12,0.00028,-0.42526,-0.41714,-0.00695,1.80840,1.93865,0.06242,0.05597,-0.00222,2.21554,2.19956,0.12641,0.11904,0.00905,0.93813,1.02894,-0.25649,-0.25445,-0.00930,0.46925,0.58374,-0.10602,-0.10322,-0.01072,1.83926,1.85742,-0.46286,0.24229,0.00763,5.99400,5.92592
57.5053,-2.18292,-3.87092,-2.18292,-3.87092,-2.18112,-3.87088,2.81888,1.12912,5.01386,5.02324,5.00000,5.00000,0.00000,0.00000,12,0.00056,-0.42526,-0.41743,-0.00280,1.90737,1.89498,0.06242,0.05601,0.00278,2.14361,1.97375,0.12641,0.11905,-0.00442,0.81958,0.81142,-0.25649,-0.25444,-0.00172,0.52322,0.50426,-0.10602,-0.10321,-0.00024,1.91209,2.02857,-0.46286,0.24230,0.01306,5.98928,5.94409
57.6087,-2.18482,-3.86732,-2.18482,-3.86732,-2.18405,-3.86955,2.81595,1.13045,5.01344,5.02226,5.00000,5.00000,0.00000,0.00000,12,0.00032,-0.42526,-0.41793,-0.00175,1.94292,2.02320,0.06242,0.05604,0.00246,2.05503,2.13253,0.12641,0.11912,0.00166,0.75002,0.87662,-0.25649,-0.25443,0.00630,0.54547,0.52472,-0.10602,-0.10323,-0.00019,1.93398,2.02824,-0.46286,0.24229,0.00870,5.99400,6.16483
57.7092,-2.18934,-3.86903,-2.18934,-3.86903,-2.18735,-3.86920,2.81265,1.13080,5.01397,5.02314,5.00000,5.00000,0.00000,0.00000,12,0.00036,-0.42526,-0.41845,-0.01168,1.97607,2.01892,0.06242,0.05607,0.00319,1.99855,2.01510,0.12641,0.11916,-0.00044,0.64794,0.65484,-0.25649,-0.25445,0.00209,0.57972,0.43917,-0.10602,-0.10322,0.00326,1.95338,2.03490,-0.46286,0.24227,0.00102,5.99103,6.10420
57.8122,-2.18427,-3.86834,-2.18427,-3.86834,-2.18596,-3.86849,2.81404,1.13151,5.01239,5.02315,5.00000,5.00000,0.00000,0.00000,12,0.00026,-0.42526,-0.41912,-0.00757,2.02200,2.05419,0.06242,0.05612,-0.00134,1.92683,1.89359,0.12641,0.11924,0.00504,0.62128,0.58761,-0.25649,-0.25446,-0.00229,0.58609,0.61235,-0.10602,-0.10324,-0.00532,2.01300,2.12041,-0.46286,0.24227,-0.00034,5.97015,6.00350
57.9136,-2.18295,-3.86659,-2.18295,-3.86659,-2.18346,-3.86734,2.81654,1.13266,5.01289,5.02288,5.00000,5.00000,0.00000,0.00000,12,0.00028,-0.42526,-0.42026,-0.01039,2.02061,2.05324,0.06242,0.05617,0.00450,1.83608,1.73523,0.12641,0.11927,-0.00309,0.48953,0.50138,-0.25649,-0.25444,0.00647,0.61918,0.58559,-0.10602,-0.10322,0.00512,2.06052,2.13305,-0.46286,0.24227,0.00224,5.96232,5.83479
58.0162,-2.17184,-3.86572,-2.17184,-3.86572,-2.17626,-3.86621,2.82374,1.13379,5.01116,5.02299,5.00000,5.00000,0.00000,0.00000,12,0.00028,-0.42526,-0.42147,-0.01007,1.97055,1.90106,0.06242,0.05623,-0.00142,1.74733,1.72554,0.12641,0.11933,0.00044,0.41891,0.46798,-0.25649,-0.25444,0.00263,0.63230,0.61505,-0.10602,-0.10324,-0.00460,2.08270,2.25254,-0.46286,0.24226,-0.00577,5.96788,6.08679
58.1176,-2.16910,-3.86636,-2.16910,-3.86636,-2.17056,-3.86595,2.82944,1.13405,5.01240,5.02337,5.00000,5.00000,0.00000,0.00000,12,0.00031,-0.42526,-0.42273,-0.01779,1.91332,2.01866,0.06242,0.05630,-0.00274,1.70927,1.73417,0.12641,0.11940,0.00254,0.34710,0.36980,-0.25649,-0.25445,0.00353,0.68300,0.70560,-0.10602,-0.10325,-0.00835,2.10143,2.16005,-0.46286,0.24228,0.00157,5.98204,6.08893
58.2184,-2.16372,-3.86723,-2.16372,-3.86723,-2.16554,-3.86647,2.83446,1.13353,5.01221,5.02353,5.00000,5.00000,0.00000,0.00000,12,0.00027,-0.42526,-0.42392,-0.01728,1.87739,1.90487,0.06242,0.05640,0.00646,1.65527,1.50939,0.12641,0.11951,0.00760,0.27728,0.24684,-0.25649,-0.25447,-0.00080,0.68708,0.57499,-0.10602,-0.10325,-0.00081,2.16081,2.21243,-0.46286,0.24224,-0.01061,5.96145,6.11692
58.3196,-2.16008,-3.86894,-2.16008,-3.86894,-2.16197,-3.86751,2.83803,1.13249,5.01216,5.02382,5.00000,5.00000,0.00000,0.00000,12,0.00026,-0.42526,-0.42501,-0.01158,1.83509,1.81120,0.06242,0.05650,0.00336,1.57289,1.60148,0.12641,0.11955,-0.00575,0.17753,0.25270,-0.25649,-0.25447,0.00385,0.72110,0.71880,-0.10602,-0.10327,-0.00845,2.16071,2.16505,-0.46286,0.24228,0.00696,5.98571,6.10113
58.4213,-2.16210,-3.87351,-2.16210,-3.87351,-2.16099,-3.87129,2.83901,1.12871,5.01344,5.02418,5.00000,5.00000,0.00000,0.00000,12,0.00029,-0.42526,-0.42591,0.00304,1.76069,1.95289,0.06242,0.05662,0.00547,1.51189,1.52738,0.12641,0.11963,-0.00199,0.08895,0.07276,-0.25649,-0.25449,-0.00281,0.74786,0.66141,-0.10602,-0.10325,0.00032,2.19898,2.18634,-0.46286,0.24225,-0.00749,5.96197,6.08000
58.5258,-2.15556,-3.87362,-2.15556,-3.87362,-2.15797,-3.87336,2.84203,1.12664,5.01191,5.02335,5.00000,5.00000,0.00000,0.00000,12,0.00174,-0.42526,-0.42621,0.00894,1.78299,1.70117,0.06242,0.05671,-0.00469,1.42509,1.36943,0.12641,0.11973,-0.00023,0.00122,-0.04255,-0.25649,-0.25450,-0.00740,0.75396,0.80667,-0.10602,-0.10327,-0.00371,2.27444,2.23807,-0.46286,0.24228,0.00491,5.99400,5.97282
58.6258,-2.15221,-3.86879,-2.15221,-3.86879,-2.15437,-3.87095,2.84563,1.12905,5.01200,5.02230,5.00000,5.00000,0.00000,0.00000,12,0.00026,-0.42526,-0.42636,-0.00754,1.72677,1.77665,0.06242,0.05682,-0.00008,1.37690,1.47428,0.12641,0.11979,0.00056,-0.07112,-0.03101,-0.25649,-0.25450,-0.00518,0.78701,0.67286,-0.10602,-0.10326,0.00235,2.26961,2.28736,-0.46286,0.24227,0.00177,5.99400,6.08385
58.7267,-2.14815,-3.86376,-2.14815,-3.86376,-2.15040,-3.86638,2.84960,1.13362,5.01194,5.02207,5.00000,5.00000,0.00000,0.00000,12,0.00029,-0.42526,-0.42640,0.00133,1.72012,1.89652,0.06242,0.05695,0.00269,1.32654,1.34959,0.12641,0.11990,0.00540,-0.10620,-0.16747,-0.25649,-0.25448,0.00423,0.81596,0.85638,-0.10602,-0.10328,-0.00845,2.31865,2.40078,-0.46286,0.24227,0.00392,5.98966,5.96424
58.8279,-2.14246,-3.86406,-3.14246,-3.86406,-2.80246,-3.86392,2.19754,1.13608,5.16253,5.02324,5.00000,5.00000,1.00000,0.00000,12,0.00054,-0.42526,-0.42642,-0.00169,1.71463,1.73323,0.06242,0.05704,0.00418,1.25877,1.29280,0.12641,0.11998,-0.00430,-0.19401,-0.20106,-0.25649,-0.25451,-0.00307,0.83253,0.92600,-0.10602,-0.10325,0.00916,2.35885,2.31876,-0.46286,0.24224,-0.01049,5.96392,6.08334
58.9291,-2.14434,-3.86623,-3.14434,-3.86623,-3.08632,-3.86621,1.91368,1.13379,5.04338,5.02320,5.00000,5.00000,1.00000,0.00000,12,0.00043,-0.42526,-0.42645,0.00002,1.69084,1.77058,0.06242,0.05715,0.00009,1.21010,1.14882,0.12641,0.12015,0.00522,-0.27027,-0.32310,-0.25649,-0.25449,0.00771,0.87269,0.85116,-0.10602,-0.10327,0.00404,2.42185,2.40185,-0.46286,0.24228,0.00806,5.98175,6.00666
59.0305,-2.13664,-3.86370,-3.13664,-3.86370,-3.12860,-3.86439,1.87140,1.13561,5.02222,5.02289,5.00000,5.00000,1.00000,0.00000,12,0.00027,-0.42526,-0.42646,0.00298,1.67830,1.66245,0.06242,0.05727,0.01078,1.15438,1.37068,0.12641,0.12029,0.00619,-0.32292,-0.33922,-0.25649,-0.25451,0.00384,0.90173,0.81003,-0.10602,-0.10328,0.00176,2.42263,2.36003,-0.46286,0.24227,0.00482,5.99400,6.04491
59.1325,-2.13905,-3.86640,-3.13905,-3.86640,-3.13654,-3.86457,1.86346,1.13543,5.01990,5.02397,5.00000,5.00000,1.00000,0.00000,12,0.00043,-0.42526,-0.42644,0.00861,1.68920,1.53581,0.06242,0.05737,-0.00343,1.07880,1.01636,0.12641,0.12052,-0.00131,-0.37775,-0.41356,-0.25649,-0.25453,-0.00479,0.88638,0.93464,-0.10602,-0.10330,-0.00518,2.45212,2.40259,-0.46286,0.24225,-0.00571,5.97171,5.72022
59.2364,-2.13533,-3.86784,-3.13533,-3.86784,-3.13601,-3.86682,1.86399,1.13318,5.01853,5.02364,5.00000,5.00000,1.00000,0.00000,12,0.00030,-0.42526,-0.42646,0.00969,1.66567,1.66837,0.06242,0.05751,0.00834,1.03420,0.86671,0.12641,0.12086,0.00114,-0.43923,-0.33456,-0.25649,-0.25454,0.00005,0.92534,0.80239,-0.10602,-0.10329,0.00678,2.49814,2.48873,-0.46286,0.24224,-0.01161,5.95860,5.95067
59.3374,-2.13832,-3.87137,-3.13832,-3.87137,-3.13803,-3.86956,1.86197,1.13044,5.01895,5.02400,5.00000,5.00000,1.00000,0.00000,12,0.00033,-0.42526,-0.42647,0.00735,1.60819,1.55249,0.06242,0.05759,-0.00924,0.94207,0.96764,0.12641,0.12117,0.00319,-0.47755,-0.37010,-0.25649,-0.25454,0.00236,0.98723,0.83479,-0.10602,-0.10330,-0.00371,2.52084,2.36039,-0.46286,0.24225,-0.00675,5.96659,6.03163
59.4386,-2.14257,-3.87092,-3.14257,-3.87092,-3.14062,-3.87112,1.85938,1.12888,5.01968,5.02314,5.00000,5.00000,1.00000,0.00000,12,0.00032,-0.42526,-0.42649,-0.00467,1.61080,1.50593,0.06242,0.05772,0.00353,0.93040,1.01553,0.12641,0.12150,0.00468,-0.49845,-0.43728,-0.25649,-0.25455,0.00160,0.97018,1.04200,-0.10602,-0.10330,-0.00146,2.56200,2.51410,-0.46286,0.24226,0.00120,5.99400,5.89585
59.5396,-2.14127,-3.87799,-3.14127,-3.87799,-3.14061,-3.87543,1.85939,1.12457,5.01913,5.02435,5.00000,5.00000,1.00000,0.00000,12,0.00026,-0.42526,-0.42647,-0.00945,1.62108,1.63071,0.06242,0.05784,0.00201,0.87884,0.92773,0.12641,0.12203,0.00512,-0.52419,-0.39770,-0.25649,-0.25457,-0.00491,0.99489,0.95361,-0.10602,-0.10333,-0.00672,2.56486,2.71092,-0.46286,0.24226,0.00013,5.96102,6.07685
59.6421,-2.13986,-3.87975,-3.13986,-3.87975,-3.13990,-3.87792,1.86010,1.12208,5.01882,5.02405,5.00000,5.00000,1.00000,0.00000,12,0.00036,-0.42526,-0.42648,-0.00096,1.56563,1.56375,0.06242,0.05798,-0.00043,0.83779,0.72958,0.12641,0.12287,0.00995,-0.50924,-0.54969,-0.25649,-0.25455,0.00801,1.03238,1.04279,-0.10602,-0.10333,-0.00623,2.63292,2.68759,-0.46286,0.24226,0.00148,5.97650,5.91052
59.7456,-2.13770,-3.88484,-3.13770,-3.88484,-3.13751,-3.88345,1.86249,1.11655,5.01890,5.02390,5.00000,5.00000,1.00000,0.00000,12,0.00176,-0.42526,-0.42648,-0.00332,1.57202,1.56174,0.06242,0.05809,-0.00282,0.77411,0.77190,0.12641,0.12372,0.00415,-0.51312,-0.44742,-0.25649,-0.25456,0.00330,1.03765,0.97360,-0.10602,-0.10332,-0.00242,2.64784,2.79121,-0.46286,0.24224,-0.01035,5.96081,6.13799
59.8457,-2.13422,-3.88336,-3.13422,-3.88336,-3.13634,-3.88323,1.86366,1.11677,5.01791,5.02335,5.00000,5.00000,1.00000,0.00000,12,0.00027,-0.42526,-0.42646,-0.00291,1.56967,1.59530,0.06242,0.05821,0.00355,0.74838,0.70961,0.12641,0.12422,0.00598,-0.49874,-0.40765,-0.25649,-0.25458,0.00074,1.07384,1.05416,-0.10602,-0.10335,-0.00562,2.68443,2.64964,-0.46286,0.24226,-0.00018,5.98821,5.98397
59.9488,-2.13998,-3.88761,-3.13998,-3.88761,-3.13768,-3.88640,1.86232,1.11360,5.01981,5.02384,5.00000,5.00000,1.00000,0.00000,12,0.00036,-0.42526,-0.42647,-0.00360,1.51541,1.58420,0.06242,0.05835,0.00682,0.72596,0.78372,0.12641,0.12461,0.00581,-0.51522,-0.55798,-0.25649,-0.25456,0.01483,1.12187,1.01206,-0.10602,-0.10334,0.00859,2.73825,2.62398,-0.46286,0.24227,0.00393,5.97218,6.06089
60.0491,-2.13618,-3.89160,-3.13618,-3.89160,-3.13723,-3.89115,1.86277,1.10885,5.01837,5.02354,5.00000,5.00000,1.00000,0.00000,12,0.00033,-0.42526,-0.42643,0.00874,1.53211,1.59638,0.06242,0.05849,0.00664,0.69369,0.61160,0.12641,0.12480,0.00163,-0.53414,-0.48308,-0.25649,-0.25460,-0.00104,1.10237,1.11309,-0.10602,-0.10339,-0.01065,2.71574,2.77769,-0.46286,0.24226,0.00467,5.98555,6.05700
60.1504,-2.13743,-3.89344,-3.13743,-3.89344,-3.13751,-3.89229,1.86249,1.10771,5.01879,5.02385,5.00000,5.00000,1.00000,0.00000,12,0.00031,-0.42526,-0.42645,0.00190,1.51456,1.51507,0.06242,0.05856,-0.00092,0.63455,0.52332,0.12641,0.12491,-0.00125,-0.52768,-0.45839,-0.25649,-0.25463,-0.00445,1.13258,1.12395,-0.10602,-0.10338,0.00038,2.78343,2.75829,-0.46286,0.24226,0.00262,5.99400,5.94790
60.2539,-2.13860,-3.89586,-3.13860,-3.89586,-3.13868,-3.89481,1.86132,1.10519,5.01880,5.02382,5.00000,5.00000,1.00000,0.00000,12,0.00036,-0.42526,-0.42643,0.00672,1.49782,1.44373,0.06242,0.05870,0.00101,0.57437,0.67318,0.12641,0.12500,-0.00375,-0.54000,-0.50176,-0.25649,-0.25463,-0.00186,1.13142,1.18331,-0.10602,-0.10340,0.00323,2.81405,2.67160,-0.46286,0.24226,0.00225,5.96127,5.96133
60.3563,-2.13794,-3.89297,-3.13794,-3.89297,-3.13892,-3.89316,1.86108,1.10684,5.01841,5.02328,5.00000,5.00000,1.00000,0.00000,12,0.00027,-0.42526,-0.42643,-0.00161,1.48494,1.65487,0.06242,0.05881,0.00470,0.57488,0.57782,0.12641,0.12511,0.00439,-0.55772,-0.68329,-0.25649,-0.25463,-0.00260,1.18346,1.17097,-0.10602,-0.10343,-0.00620,2.83230,2.89008,-0.46286,0.24226,-0.00019,5.99400,5.93921
60.4578,-2.13838,-3.89203,-3.13838,-3.89203,-3.13965,-3.89307,1.86035,1.10693,5.01829,5.02291,5.00000,5.00000,1.00000,0.00000,12,0.00027,-0.42526,-0.42644,-0.00032,1.47193,1.40417,0.06242,0.05892,0.00230,0.52821,0.51381,0.12641,0.12516,-0.00476,-0.57340,-0.53522,-0.25649,-0.25464,0.00317,1.18761,1.25263,-0.10602,-0.10343,-0.00220,2.84167,2.73613,-0.46286,0.24225,-0.00305,5.96913,5.95024
60.5595,-2.13544,-3.89357,-3.13544,-3.89357,-3.13685,-3.89316,1.86315,1.10684,5.01822,5.02353,5.00000,5.00000,1.00000,0.00000,12,0.00027,-0.42526,-0.42644,0.00126,1.43175,1.26370,0.06242,0.05900,0.00285,0.46786,0.52553,0.12641,0.12523,-0.00574,-0.57853,-0.58988,-0.25649,-0.25465,0.00699,1.21447,1.19934,-0.10602,-0.10342,0.01165,2.92656,2.91983,-0.46286,0.24225,-0.00263,5.99400,6.08672
60.6619,-2.13313,-3.89292,-3.13313,-3.89292,-3.13504,-3.89319,1.86496,1.10681,5.01799,5.02324,5.00000,5.00000,1.00000,0.00000,12,0.00111,-0.42526,-0.42642,0.00355,1.46489,1.52184,0.06242,0.05913,0.00288,0.47226,0.48100,0.12641,0.12530,-0.00016,-0.59638,-0.53761,-0.25649,-0.25466,0.00772,1.26378,1.13760,-0.10602,-0.10348,-0.00277,2.91208,2.89464,-0.46286,0.24226,0.00356,5.97900,5.98056
60.7633,-2.13584,-3.89448,-3.13584,-3.89448,-3.13447,-3.89423,1.86553,1.10577,5.01939,5.02348,5.00000,5.00000,1.00000,0.00000,12,0.00037,-0.42526,-0.42641,0.00384,1.45713,1.34292,0.06242,0.05923,-0.00022,0.41432,0.47396,0.12641,0.12541,0.00067,-0.60958,-0.62240,-0.25649,-0.25469,-0.00193,1.26980,1.08380,-0.10602,-0.10351,-0.01462,2.91768,3.00516,-0.46286,0.24226,0.00097,5.96693,5.99378
60.8650,-2.13556,-3.89824,-3.13556,-3.89824,-3.13530,-3.89640,1.86470,1.10360,5.01893,5.02417,5.00000,5.00000,1.00000,0.00000,12,0.00029,-0.42526,-0.42641,0.00416,1.41424,1.53950,0.06242,0.05928,-0.00663,0.35901,0.42154,0.12641,0.12545,0.00255,-0.62147,-0.63935,-0.25649,-0.25468,0.00589,1.32300,1.26243,-0.10602,-0.10350,0.00083,2.97031,3.11357,-0.46286,0.24224,-0.00067,5.98860,5.98144
60.9665,-2.13744,-3.90198,-3.13744,-3.90198,-3.13601,-3.90026,1.86399,1.09974,5.01943,5.02414,5.00000,5.00000,1.00000,0.00000,12,0.00027,-0.42526,-0.42643,0.00054,1.40853,1.61892,0.06242,0.05941,0.01008,0.35201,0.42716,0.12641,0.12552,0.00047,-0.59763,-0.56684,-0.25649,-0.25470,-0.00004,1.31545,1.28218,-0.10602,-0.10352,0.00187,3.02571,3.05089,-0.46286,0.24226,0.00473,5.96728,5.91803
61.0694,-2.13832,-3.90455,-3.13832,-3.90455,-3.13701,-3.90380,1.86299,1.09620,5.01938,5.02374,5.00000,5.00000,1.00000,0.00000,12,0.00191,-0.42526,-0.42642,-0.00364,1.38433,1.32161,0.06242,0.05951,-0.00005,0.31256,0.32631,0.12641,0.12556,-0.00084,-0.62400,-0.55987,-0.25649,-0.25473,-0.00272,1.34417,1.34279,-0.10602,-0.10356,-0.00664,3.00621,2.94231,-0.46286,0.24225,0.00110,5.99400,5.85234
61.1689,-2.13469,-3.90657,-3.13469,-3.90657,-3.13591,-3.90629,1.86409,1.09371,5.01829,5.02356,5.00000,5.00000,1.00000,0.00000,12,0.00034,-0.42526,-0.42640,0.00695,1.38629,1.31958,0.06242,0.05959,-0.00679,0.27309,0.33429,0.12641,0.12561,0.00120,-0.63056,-0.66291,-0.25649,-0.25474,0.00165,1.34138,1.31702,-0.10602,-0.10360,-0.00569,3.12052,3.09204,-0.46286,0.24225,0.00455,5.99400,6.04442
61.2691,-2.13333,-3.90642,-3.13333,-3.90642,-3.13411,-3.90609,1.86589,1.09391,5.01847,5.02358,5.00000,5.00000,1.00000,0.00000,12,0.00028,-0.42526,-0.42642,-0.00576,1.35186,1.27732,0.06242,0.05967,-0.00974,0.24289,0.20380,0.12641,0.12564,-0.00448,-0.63962,-0.58589,-0.25649,-0.25475,-0.00115,1.37876,1.44699,-0.10602,-0.10361,0.00474,3.10228,3.29123,-0.46286,0.24224,-0.00237,5.93926,6.02137
61.3735,-2.13001,-3.90848,-3.13001,-3.90848,-3.13258,-3.90761,1.86742,1.09239,5.01769,5.02382,5.00000,5.00000,1.00000,0.00000,12,0.00028,-0.42526,-0.42642,-0.01084,1.34533,1.29323,0.06242,0.05977,-0.00132,0.22977,0.24029,0.12641,0.12567,-0.00262,-0.65587,-0.55935,-0.25649,-0.25477,-0.00303,1.38233,1.37870,-0.10602,-0.10363,0.00021,3.17118,3.14956,-0.46286,0.24225,0.00172,5.95621,5.78050
61.4755,-2.13365,-3.90924,-3.13365,-3.90924,-3.13310,-3.90898,1.86690,1.09102,5.01904,5.02357,5.00000,5.00000,1.00000,0.00000,12,0.00034,-0.42526,-0.42642,-0.00547,1.29469,1.15704,0.06242,0.05985,-0.00322,0.17298,0.23903,0.12641,0.12571,0.00199,-0.66149,-0.65843,-0.25649,-0.25478,0.00215,1.41665,1.37587,-0.10602,-0.10366,0.00661,3.13747,3.07559,-0.46286,0.24224,-0.00050,5.98159,6.06222
61.5767,-2.13789,-3.91152,-3.13789,-3.91152,-3.13446,-3.91023,1.86554,1.08977,5.02027,5.02401,5.00000,5.00000,1.00000,0.00000,12,0.00027,-0.42526,-0.42640,0.00242,1.31342,1.13385,0.06242,0.05992,0.00335,0.17667,0.19922,0.12641,0.12573,0.00081,-0.65926,-0.57834,-0.25649,-0.25480,-0.00188,1.44372,1.33675,-0.10602,-0.10372,-0.00814,3.18406,3.24725,-0.46286,0.24226,0.00964,5.99400,6.01914
61.6786,-2.13353,-3.91428,-3.13353,-3.91428,-3.13540,-3.91272,1.86460,1.08728,5.01801,5.02414,5.00000,5.00000,1.00000,0.00000,12,0.00038,-0.42526,-0.42639,0.00185,1.30517,1.27123,0.06242,0.05998,-0.00107,0.13700,0.12080,0.12641,0.12578,-0.00195,-0.67991,-0.63039,-0.25649,-0.25478,0.01073,1.47867,1.43875,-0.10602,-0.10372,0.00057,3.20092,3.21194,-0.46286,0.24225,0.00297,5.96660,5.97107
61.7796,-2.14026,-3.91609,-3.14026,-3.91609,-3.13814,-3.91532,1.86186,1.08468,5.01974,5.02382,5.00000,5.00000,1.00000,0.00000,12,0.00036,-0.42526,-0.42637,0.01072,1.29676,1.15440,0.06242,0.06005,0.00453,0.13356,0.23557,0.12641,0.12583,0.00056,-0.64907,-0.64660,-0.25649,-0.25485,-0.01317,1.45189,1.37394,-0.10602,-0.10375,-0.00565,3.25504,3.33589,-0.46286,0.24224,0.00043,5.97407,6.06844
61.8830,-2.13980,-3.91973,-2.13980,-3.91973,-2.30822,-3.91779,1.96985,1.08221,4.27807,5.02433,4.27807,5.00000,0.00000,0.00000,8,0.00205,-0.41092,-0.42576,0.00605,0.07576,0.20041,0.02874,0.05722,-0.00472,2.83238,2.96830,0.09492,0.12364,-0.02945,1.85324,1.81324,-0.24303,-0.25463,0.01104,0.35318,0.50016,-0.08672,-0.10347,0.00320,1.57228,1.71110,-0.44366,0.24226,0.00911,5.99400,5.88246
61.9839,-2.14110,-3.91164,-2.14110,-3.91164,-2.16920,-3.91253,2.03604,1.08747,4.20524,5.02310,4.20524,5.00000,0.00000,0.00000,8,0.00045,-0.40947,-0.42433,-0.00081,0.04015,0.07106,0.02534,0.05674,-0.00084,2.99552,3.14947,0.09174,0.12170,-0.00973,1.94112,1.92259,-0.24167,-0.25453,0.00795,0.28247,0.21533,-0.08477,-0.10333,0.00625,1.53293,1.51059,-0.44173,0.24223,-0.00080,5.98287,5.96985
62.0851,-2.14062,-3.90393,-2.14062,-3.90393,-2.14433,-3.90657,2.10057,1.09343,4.24490,5.02231,4.24490,5.00000,0.00000,0.00000,8,0.00040,-0.41026,-0.42393,0.00879,0.02632,0.00938,0.02719,0.05657,-0.00031,3.09250,3.07864,0.09347,0.12104,-0.01078,1.99391,2.06101,-0.24241,-0.25453,-0.00512,0.22688,0.19313,-0.08583,-0.10329,0.00251,1.43113,1.41071,-0.44278,0.24224,-0.00110,5.97193,5.97964
62.1869,-2.13530,-3.89767,-2.13530,-3.89767,-2.13861,-3.90030,2.16479,1.09970,4.30341,5.02227,4.30341,5.00000,0.00000,0.00000,8,0.00030,-0.41142,-0.42285,0.01102,0.04379,0.08511,0.02993,0.05631,-0.00661,3.18793,3.23549,0.09602,0.12037,-0.00422,2.12861,2.08321,-0.24351,-0.25450,-0.00845,0.13934,0.21705,-0.08739,-0.10323,-0.00205,1.36087,1.27282,-0.44433,0.24225,0.00528,5.98111,6.04687
62.2873,-2.13678,-3.89031,-2.13678,-3.89031,-2.13443,-3.89374,2.22886,1.10626,4.36328,5.02189,4.36328,5.00000,0.00000,0.00000,8,0.00031,-0.41261,-0.41866,0.07882,0.50745,0.15101,0.03272,0.05604,-0.00387,3.32294,3.29197,0.09864,0.11955,-0.00923,2.15909,2.18515,-0.24462,-0.25442,0.01078,0.11720,0.10930,-0.08899,-0.10311,0.00449,1.27121,1.23687,-0.44592,0.24225,0.00147,5.97527,5.72513
62.3880,-2.14794,-3.86398,-2.14794,-3.86398,-2.14435,-3.87366,2.29305,1.12634,4.43740,5.01909,4.43740,5.00000,0.00000,0.00000,8,0.00029,-0.41409,-0.41531,0.00176,0.53345,0.47691,0.03618,0.05587,-0.00316,3.33696,3.37141,0.10188,0.11897,0.00138,2.16730,2.09490,-0.24601,-0.25441,-0.00122,0.07784,0.02534,-0.09097,-0.10304,0.00521,1.26113,1.12904,-0.44789,0.24226,0.00950,5.99038,5.89059
62.4892,-2.15013,-3.86902,-2.15013,-3.86902,-2.14871,-3.87055,2.35748,1.12945,4.50619,5.02257,4.50619,5.00000,0.00000,0.00000,8,0.00029,-0.41545,-0.41532,0.00301,0.64341,0.69253,0.03939,0.05582,0.00051,3.33981,3.26257,0.10488,0.11859,-0.01174,2.09989,2.08571,-0.24729,-0.25440,-0.00250,0.06634,0.16372,-0.09281,-0.10301,-0.00339,1.22065,1.24576,-0.44972,0.24223,-0.00539,5.95092,5.90049
62.5907,-2.15342,-3.86680,-2.15342,-3.86680,-2.15078,-3.86881,2.42196,1.13119,4.57274,5.02235,4.57274,5.00000,0.00000,0.00000,8,0.00030,-0.41678,-0.41537,-0.00284,0.68466,0.63532,0.04250,0.05578,-0.00499,3.32596,3.43798,0.10778,0.11842,-0.00326,2.09088,2.23018,-0.24853,-0.25438,-0.00099,0.04496,0.05067,-0.09459,-0.10299,0.00279,1.24692,1.18395,-0.45149,0.24225,0.00249,5.98356,6.14220
62.6973,-2.15706,-3.86959,-2.15706,-3.86959,-2.15585,-3.86938,2.48657,1.13062,4.64242,5.02331,4.64242,5.00000,0.00000,0.00000,8,0.00245,-0.41816,-0.41549,-0.00538,0.82406,0.82624,0.04575,0.05577,-0.00682,3.24788,3.25930,0.11082,0.11836,-0.00379,1.99928,1.92324,-0.24983,-0.25436,0.01248,0.11659,0.06782,-0.09645,-0.10296,0.01510,1.24200,1.19524,-0.45334,0.24224,0.00092,5.97647,5.91203
62.7960,-2.16230,-3.86656,-2.16230,-3.86656,-2.16028,-3.86799,2.55133,1.13201,4.71161,5.02259,4.71161,5.00000,0.00000,0.00000,8,0.00029,-0.41954,-0.41557,0.01049,0.97975,0.89778,0.04898,0.05580,0.00675,3.20489,3.23953,0.11384,0.11837,0.00114,1.87496,2.02110,-0.25112,-0.25439,-0.00972,0.09576,0.09838,-0.09830,-0.10300,-0.00716,1.29481,1.42544,-0.45518,0.24224,-0.00474,5.95855,5.81834
62.8965,-2.15961,-3.86530,-2.15961,-3.86530,-2.16079,-3.86584,2.61616,1.13416,4.77694,5.02296,4.77694,5.00000,0.00000,0.00000,8,0.00030,-0.42083,-0.41572,-0.00333,1.05228,1.01467,0.05202,0.05577,-0.00616,3.02167,3.15163,0.11669,0.11841,0.00309,1.75695,1.73417,-0.25234,-0.25438,0.00394,0.19233,0.08041,-0.10005,-0.10302,-0.00836,1.34477,1.32417,-0.45692,0.24223,-0.00615,5.95407,5.94387
62.9974,-2.16083,-3.86800,-2.16083,-3.86800,-2.16141,-3.86700,2.68100,1.13300,4.84240,5.02363,4.84240,5.00000,0.00000,0.00000,8,0.00029,-0.42213,-0.41594,-0.00928,1.18116,1.16075,0.05508,0.05579,0.00150,2.88927,2.91896,0.11954,0.11847,0.00886,1.60668,1.50775,-0.25356,-0.25440,-0.00604,0.20579,0.12141,-0.10180,-0.10300,-0.00262,1.43541,1.46280,-0.45866,0.24226,0.01095,5.97788,6.05348
63.0979,-2.16452,-3.86481,-2.16452,-3.86481,-2.16171,-3.86559,2.74583,1.13441,4.90754,5.02286,4.90754,5.00000,0.00000,0.00000,8,0.00027,-0.42342,-0.41617,-0.00408,1.35349,1.39837,0.05811,0.05581,0.00346,2.68057,2.60380,0.12238,0.11851,-0.00779,1.37634,1.39550,-0.25477,-0.25440,-0.00931,0.26867,0.23771,-0.10354,-0.10301,-0.00199,1.55755,1.47688,-0.46040,0.24224,0.00216,5.99316,6.09682
63.1986,-2.15513,-3.86206,-2.15513,-3.86206,-2.15825,-3.86282,2.81063,1.13718,4.96889,5.02285,4.96889,5.00000,0.00000,0.00000,8,0.00030,-0.42464,-0.41649,-0.00318,1.49965,1.62584,0.06097,0.05583,0.00031,2.44977,2.52379,0.12505,0.11862,0.00416,1.13985,1.18490,-0.25591,-0.25440,-0.00007,0.38356,0.29659,-0.10519,-0.10301,0.00058,1.67619,1.70341,-0.46203,0.24223,-0.00189,5.97893,5.82127
63.3016,-2.15739,-3.86186,-2.15739,-3.86186,-2.15680,-3.86283,2.84320,1.13717,5.01319,5.02276,5.00000,5.00000,0.00000,0.00000,12,0.00128,-0.42526,-0.41683,-0.00199,1.62668,1.59141,0.06242,0.05588,-0.00492,2.28258,2.26297,0.12641,0.11872,0.00055,0.99847,0.96857,-0.25649,-0.25441,0.00184,0.45044,0.38734,-0.10602,-0.10300,0.01211,1.77849,1.98257,-0.46286,0.24222,-0.00530,5.99400,5.89079
63.4047,-2.15529,-3.85871,-2.15529,-3.85871,-2.15608,-3.86020,2.84392,1.13980,5.01260,5.02252,5.00000,5.00000,0.00000,0.00000,12,0.00138,-0.42526,-0.41703,-0.00961,1.67308,1.66275,0.06242,0.05590,0.00216,2.25255,2.27132,0.12641,0.11874,-0.00455,0.92103,0.96447,-0.25649,-0.25444,-0.00864,0.45648,0.44506,-0.10602,-0.10304,-0.00763,1.80914,1.79119,-0.46286,0.24223,-0.00556,5.95201,5.94570
63.5070,-2.15823,-3.85599,-2.15823,-3.85599,-2.15789,-3.85785,2.84211,1.14215,5.01309,5.02235,5.00000,5.00000,0.00000,0.00000,12,0.00098,-0.42526,-0.41732,-0.00629,1.77721,1.66656,0.06242,0.05592,-0.00740,2.16228,2.17402,0.12641,0.11880,0.00208,0.85105,0.81519,-0.25649,-0.25441,-0.00092,0.46868,0.41198,-0.10602,-0.10302,0.00433,1.82657,1.71782,-0.46286,0.24224,-0.00089,5.97632,5.91815
63.6069,-2.16589,-3.85317,-2.16589,-3.85317,-2.16186,-3.85487,2.83814,1.14513,5.01470,5.02240,5.00000,5.00000,0.00000,0.00000,12,0.00027,-0.42526,-0.41762,0.00372,1.85216,1.77765,0.06242,0.05598,0.01319,2.11722,2.09605,0.12641,0.11885,0.00008,0.75084,0.79568,-0.25649,-0.25440,0.00446,0.49770,0.48346,-0.10602,-0.10302,0.00633,1.87181,1.83790,-0.46286,0.24224,0.00063,5.99131,6.10261
63.7077,-2.16423,-3.85159,-2.16423,-3.85159,-2.16397,-3.85223,2.83603,1.14777,5.01310,5.02284,5.00000,5.00000,0.00000,0.00000,12,0.00027,-0.42526,-0.41801,-0.01195,1.93571,1.93803,0.06242,0.05598,0.00102,2.00765,2.07394,0.12641,0.11891,-0.00158,0.66040,0.60067,-0.25649,-0.25444,-0.00909,0.51548,0.53821,-0.10602,-0.10304,-0.00104,1.86610,1.96407,-0.46286,0.24222,-0.00954,5.93806,5.79264
63.8096,-2.16560,-3.85042,-2.16560,-3.85042,-2.16513,-3.85086,2.83487,1.14914,5.01319,5.02292,5.00000,5.00000,0.00000,0.00000,12,0.00034,-0.42526,-0.41841,-0.00710,1.97628,2.01803,0.06242,0.05602,0.00345,1.96097,2.01164,0.12641,0.11897,0.00474,0.57585,0.56692,-0.25649,-0.25442,0.00005,0.55881,0.49274,-0.10602,-0.10303,0.00307,1.95373,2.04502,-0.46286,0.24223,-0.01117,5.97141,6.08366
63.9106,-2.16697,-3.84829,-2.16697,-3.84829,-2.16607,-3.84886,2.83393,1.15114,5.01338,5.02285,5.00000,5.00000,0.00000,0.00000,12,0.00029,-0.42526,-0.41896,-0.00208,1.98734,1.91526,0.06242,0.05607,-0.00311,1.88692,1.85089,0.12641,0.11900,-0.00145,0.49093,0.53024,-0.25649,-0.25441,0.00376,0.57427,0.56391,-0.10602,-0.10305,-0.00751,1.91946,1.97067,-0.46286,0.24225,0.00519,5.98262,5.94333
64.0119,-2.16538,-3.84828,-2.16538,-3.84828,-2.16667,-3.84767,2.83333,1.15233,5.01245,5.02335,5.00000,5.00000,0.00000,0.00000,12,0.00033,-0.42526,-0.41966,-0.01111,2.03870,1.98786,0.06242,0.05615,-0.00297,1.78550,1.59899,0.12641,0.11906,0.00022,0.40389,0.48223,-0.25649,-0.25442,0.00364,0.60110,0.61922,-0.10602,-0.10307,-0.00742,1.97879,2.09627,-0.46286,0.24225,0.00691,5.99400,5.92743
64.1137,-2.16503,-3.85005,-2.16503,-3.85005,-2.16548,-3.84836,2.83452,1.15164,5.01280,5.02382,5.00000,5.00000,0.00000,0.00000,12,0.00032,-0.42526,-0.42055,-0.00412,2.04782,2.15288,0.06242,0.05624,-0.00127,1.71954,1.83137,0.12641,0.11913,0.00077,0.32241,0.44510,-0.25649,-0.25445,-0.01189,0.59676,0.69025,-0.10602,-0.10306,-0.00256,2.03697,2.07903,-0.46286,0.24223,-0.00045,5.97464,5.99860
64.2143,-2.15906,-3.85090,-2.15906,-3.85090,-2.16167,-3.85065,2.83833,1.14935,5.01185,5.02321,5.00000,5.00000,0.00000,0.00000,12,0.00033,-0.42526,-0.42178,-0.01728,1.98935,1.78142,0.06242,0.05631,-0.00460,1.66605,1.76461,0.12641,0.11921,-0.00793,0.23485,0.24296,-0.25649,-0.25444,0.00098,0.63530,0.58728,-0.10602,-0.10305,0.00508,2.07338,1.99432,-0.46286,0.24223,0.00085,5.99400,5.92557
64.3169,-2.15133,-3.85369,-2.15133,-3.85369,-2.15543,-3.85271,2.84457,1.14729,5.01118,5.02354,5.00000,5.00000,0.00000,0.00000,12,0.00029,-0.42526,-0.42392,-0.02870,1.80813,1.83125,0.06242,0.05642,0.00299,1.58230,1.66790,0.12641,0.11931,0.00214,0.17396,0.12458,-0.25649,-0.25445,-0.00550,0.64914,0.56384,-0.10602,-0.10308,-0.00829,2.12742,2.12672,-0.46286,0.24224,-0.00150,5.97464,6.03940
64.4171,-2.14329,-3.85601,-2.14329,-3.85601,-2.14659,-3.85483,2.85341,1.14517,5.01147,5.02363,5.00000,5.00000,0.00000,0.00000,12,0.00028,-0.42526,-0.42577,-0.01368,1.75156,1.68054,0.06242,0.05653,0.00261,1.53307,1.60620,0.12641,0.11940,0.00079,0.08195,0.11190,-0.25649,-0.25446,-0.00863,0.70177,0.70813,-0.10602,-0.10304,0.00790,2.12953,2.09506,-0.46286,0.24224,0.00552,5.99132,5.93936
64.5191,-2.14169,-3.85662,-2.14169,-3.85662,-2.14287,-3.85662,2.85713,1.14338,5.01235,5.02314,5.00000,5.00000,0.00000,0.00000,12,0.00035,-0.42526,-0.42618,-0.00353,1.75318,1.70840,0.06242,0.05662,-0.00481,1.46907,1.52627,0.12641,0.11948,0.00075,-0.03004,-0.00244,-0.25649,-0.25447,-0.01036,0.68688,0.76754,-0.10602,-0.10309,-0.00660,2.15014,2.29145,-0.46286,0.24224,0.00348,5.97046,5.91850
64.6229,-2.13927,-3.85367,-2.13927,-3.85367,-2.13976,-3.85412,2.86024,1.14588,5.01263,5.02293,5.00000,5.00000,0.00000,0.00000,12,0.00102,-0.42526,-0.42629,-0.00482,1.76062,1.65562,0.06242,0.05676,0.00343,1.39057,1.42649,0.12641,0.11957,0.00181,-0.08520,0.00852,-0.25649,-0.25446,0.00085,0.75135,0.69075,-0.10602,-0.10306,0.00612,2.20867,2.22419,-0.46286,0.24225,0.00607,5.98612,5.98673
64.7252,-2.13740,-3.85384,-2.13740,-3.85384,-2.13805,-3.85364,2.86195,1.14636,5.01255,5.02321,5.00000,5.00000,0.00000,0.00000,12,0.00042,-0.42526,-0.42633,0.00603,1.73571,1.67578,0.06242,0.05685,-0.00224,1.34990,1.29197,0.12641,0.11969,0.01092,-0.15953,-0.06173,-0.25649,-0.25448,-0.00574,0.77270,0.67478,-0.10602,-0.10307,0.00864,2.23627,2.22483,-0.46286,0.24223,0.00230,5.98218,6.13159
64.8261,-2.14052,-3.85438,-3.14052,-3.85438,-2.64892,-3.85421,2.35108,1.14579,5.22658,5.02320,5.00000,5.00000,1.00000,0.00000,12,0.00028,-0.42526,-0.42638,-0.00157,1.70687,1.60202,0.06242,0.05696,0.00381,1.28388,1.22741,0.12641,0.11980,0.00408,-0.24263,-0.16809,-0.25649,-0.25447,0.00857,0.80086,0.84776,-0.10602,-0.10310,-0.00676,2.25771,2.21853,-0.46286,0.24223,-0.00517,5.98137,5.94674
64.9272,-2.14197,-3.85187,-3.14197,-3.85187,-3.05935,-3.85354,1.94065,1.14646,5.05376,5.02240,5.00000,5.00000,1.00000,0.00000,12,0.00033,-0.42526,-0.42637,0.00536,1.71679,1.81008,0.06242,0.05707,0.00152,1.22294,1.20491,0.12641,0.11993,-0.00276,-0.32795,-0.37516,-0.25649,-0.25449,-0.00167,0.81458,0.86667,-0.10602,-0.10310,0.00357,2.30302,2.23419,-0.46286,0.24224,0.00132,5.97415,6.07156
65.0290,-2.14681,-3.85125,-3.14681,-3.85125,-3.12998,-3.85163,1.87002,1.14836,5.02599,5.02294,5.00000,5.00000,1.00000,0.00000,12,0.00109,-0.42526,-0.42641,-0.00346,1.65473,1.60669,0.06242,0.05722,-0.00062,1.15838,1.16367,0.12641,0.12016,0.00358,-0.34929,-0.25419,-0.25649,-0.25450,-0.00623,0.85345,0.85148,-0.10602,-0.10312,-0.00556,2.34552,2.45881,-0.46286,0.24224,0.00576,5.95480,5.86849
65.1296,-2.14153,-3.84954,-3.14153,-3.84954,-3.14073,-3.85037,1.85927,1.14963,5.01919,5.02275,5.00000,5.00000,1.00000,0.00000,12,0.00029,-0.42526,-0.42641,-0.00382,1.69263,1.58902,0.06242,0.05732,-0.00547,1.10769,1.10452,0.12641,0.12049,0.00345,-0.42193,-0.45524,-0.25649,-0.25449,-0.00278,0.87297,0.95797,-0.10602,-0.10314,-0.00787,2.36706,2.30351,-0.46286,0.24221,-0.01088,5.93799,5.82655
65.2328,-2.14238,-3.85045,-3.14238,-3.85045,-3.14178,-3.85010,1.85822,1.14990,5.01911,5.02325,5.00000,5.00000,1.00000,0.00000,12,0.00104,-0.42526,-0.42639,0.00283,1.62429,1.64586,0.06242,0.05741,0.00309,1.07221,1.04832,0.12641,0.12090,0.00913,-0.46501,-0.37107,-0.25649,-0.25448,0.00601,0.87485,1.00526,-0.10602,-0.10313,-0.00388,2.38603,2.44108,-0.46286,0.24223,0.00172,5.96374,5.97963
65.3353,-2.13659,-3.85455,-3.13659,-3.85455,-3.13898,-3.85274,1.86102,1.14726,5.01781,5.02389,5.00000,5.00000,1.00000,0.00000,12,0.00044,-0.42526,-0.42639,0.00485,1.64303,1.56601,0.06242,0.05750,-0.00325,0.99271,1.03697,0.12641,0.12138,0.00941,-0.47963,-0.44928,-0.25649,-0.25451,-0.00281,0.91355,0.86697,-0.10602,-0.10314,-0.00438,2.44803,2.42604,-0.46286,0.24224,0.00525,5.97848,5.97976
65.4371,-2.13954,-3.85764,-3.13954,-3.85764,-3.13922,-3.85583,1.86078,1.14417,5.01897,5.02391,5.00000,5.00000,1.00000,0.00000,12,0.00129,-0.42526,-0.42641,0.00442,1.62256,1.70048,0.06242,0.05762,0.00528,0.96080,0.94790,0.12641,0.12189,0.00620,-0.51562,-0.53859,-0.25649,-0.25452,-0.00198,0.93810,1.00835,-0.10602,-0.10314,-0.00436,2.47960,2.48076,-0.46286,0.24223,0.00014,5.97598,6.10543
65.5367,-2.14302,-3.86052,-3.14302,-3.86052,-3.14115,-3.85874,1.85885,1.14126,5.01965,5.02391,5.00000,5.00000,1.00000,0.00000,12,0.00034,-0.42526,-0.42642,-0.00473,1.60668,1.42719,0.06242,0.05780,0.00279,0.90728,0.90217,0.12641,0.12261,0.01175,-0.51189,-0.45968,-0.25649,-0.25453,-0.00164,0.95388,1.00733,-0.10602,-0.10315,-0.00083,2.52072,2.40626,-0.46286,0.24222,-0.00231,5.96898,5.96343
65.6373,-2.13878,-3.86676,-3.13878,-3.86676,-3.13996,-3.86383,1.86004,1.13617,5.01833,5.02444,5.00000,5.00000,1.00000,0.00000,12,0.00029,-0.42526,-0.42639,0.00569,1.57609,1.51619,0.06242,0.05793,-0.00217,0.86429,0.83567,0.12641,0.12330,0.00477,-0.51201,-0.54794,-0.25649,-0.25454,-0.00235,0.99851,0.88825,-0.10602,-0.10313,0.01267,2.57332,2.60307,-0.46286,0.24224,0.00642,5.99183,5.78140
65.7381,-2.14483,-3.87105,-3.14483,-3.87105,-3.14169,-3.86923,1.85831,1.13077,5.02019,5.02399,5.00000,5.00000,1.00000,0.00000,12,0.00032,-0.42526,-0.42640,0.00509,1.58992,1.48183,0.06242,0.05799,-0.00767,0.78517,0.70316,0.12641,0.12379,-0.00005,-0.53030,-0.42010,-0.25649,-0.25455,0.00318,1.00685,0.98620,-0.10602,-0.10316,0.00845,2.61451,2.55797,-0.46286,0.24223,0.00758,5.99182,5.99454
65.8385,-2.14808,-3.87563,-3.14808,-3.87563,-3.14503,-3.87400,1.85497,1.12600,5.02018,5.02394,5.00000,5.00000,1.00000,0.00000,12,0.00030,-0.42526,-0.42643,-0.00891,1.54754,1.72162,0.06242,0.05812,-0.00407,0.75524,0.67535,0.12641,0.12411,-0.00116,-0.53385,-0.55275,-0.25649,-0.25456,-0.00565,1.02684,0.88675,-0.10602,-0.10317,0.00206,2.65028,2.61675,-0.46286,0.24222,-0.00132,5.96243,5.93911
65.9396,-2.14785,-3.88083,-3.14785,-3.88083,-3.14874,-3.87817,1.85126,1.12183,5.01851,5.02441,5.00000,5.00000,1.00000,0.00000,12,0.00027,-0.42526,-0.42639,-0.00683,1.52685,1.41614,0.06242,0.05824,0.00396,0.70112,0.73331,0.12641,0.12440,0.00386,-0.53463,-0.57898,-0.25649,-0.25456,-0.00016,1.07065,1.14553,-0.10602,-0.10319,0.00490,2.68871,2.70732,-0.46286,0.24225,0.00782,5.97498,6.09434
66.0414,-2.15138,-3.88488,-3.15138,-3.88488,-3.14966,-3.88231,1.85034,1.11769,5.01964,5.02439,5.00000,5.00000,1.00000,0.00000,12,0.00036,-0.42526,-0.42637,0.00363,1.55604,1.44976,0.06242,0.05840,0.00399,0.68102,0.74896,0.12641,0.12467,-0.00113,-0.54071,-0.44156,-0.25649,-0.25458,-0.00758,1.05587,1.04863,-0.10602,-0.10319,0.00509,2.68813,2.65616,-0.46286,0.24222,-0.00135,5.97107,5.94543
66.1444,-2.14614,-3.88668,-3.14614,-3.88668,-3.14740,-3.88537,1.85260,1.11463,5.01834,5.02387,5.00000,5.00000,1.00000,0.00000,12,0.00110,-0.42526,-0.42637,0.00593,1.51772,1.43328,0.06242,0.05851,-0.00314,0.63921,0.56120,0.12641,0.12486,0.00901,-0.54597,-0.54683,-0.25649,-0.25459,-0.00443,1.08800,0.96412,-0.10602,-0.10324,-0.00237,2.70108,2.77448,-0.46286,0.24223,0.00313,5.98130,6.06115
66.2450,-2.14666,-3.88741,-3.14666,-3.88741,-3.14745,-3.88676,1.85255,1.11324,5.01855,5.02360,5.00000,5.00000,1.00000,0.00000,12,0.00028,-0.42526,-0.42637,0.00511,1.53500,1.42717,0.06242,0.05859,-0.00227,0.58295,0.58035,0.12641,0.12501,0.00053,-0.56516,-0.51104,-0.25649,-0.25460,0.00002,1.11920,1.13700,-0.10602,-0.10323,0.00473,2.79453,2.99702,-0.46286,0.24223,0.00350,5.98872,5.95438
66.3465,-2.14975,-3.89333,-3.14975,-3.89333,-3.14850,-3.89206,1.85150,1.10794,5.01943,5.02390,5.00000,5.00000,1.00000,0.00000,12,0.00027,-0.42526,-0.42638,-0.00379,1.48902,1.36707,0.06242,0.05869,-0.00102,0.53518,0.58732,0.12641,0.12513,0.00204,-0.57289,-0.55027,-0.25649,-0.25463,-0.00854,1.12747,1.03763,-0.10602,-0.10324,0.00896,2.77523,2.84156,-0.46286,0.24224,0.00442,5.98355,5.94045
66.4474,-2.15048,-3.89341,-3.15048,-3.89341,-3.15123,-3.89280,1.84877,1.10720,5.01859,5.02362,5.00000,5.00000,1.00000,0.00000,12,0.00028,-0.42526,-0.42637,0.00655,1.51384,1.40735,0.06242,0.05881,0.00366,0.51320,0.51879,0.12641,0.12521,0.00184,-0.60015,-0.63651,-0.25649,-0.25462,-0.00168,1.17957,1.22126,-0.10602,-0.10327,0.00084,2.83080,2.84044,-0.46286,0.24223,0.00369,5.94766,5.92255
66.5483,-2.15254,-3.89290,-3.15254,-3.89290,-3.15162,-3.89330,1.84838,1.10670,5.01930,5.02319,5.00000,5.00000,1.00000,0.00000,12,0.00028,-0.42526,-0.42636,0.00132,1.48880,1.50102,0.06242,0.05892,0.00392,0.50202,0.41330,0.12641,0.12528,-0.00246,-0.58768,-0.57437,-0.25649,-0.25463,-0.00124,1.16611,1.24613,-0.10602,-0.10329,-0.00128,2.84029,2.74109,-0.46286,0.24221,-0.00147,5.95634,6.02668
66.6496,-2.14577,-3.89301,-3.14577,-3.89301,-3.14768,-3.89287,1.85232,1.10713,5.01807,5.02341,5.00000,5.00000,1.00000,0.00000,12,0.00027,-0.42526,-0.42637,-0.00297,1.45472,1.43346,0.06242,0.05906,0.00892,0.45887,0.35323,0.12641,0.12533,-0.00429,-0.60750,-0.63281,-0.25649,-0.25465,-0.00924,1.18305,1.16357,-0.10602,-0.10332,-0.00251,2.85993,2.73454,-0.46286,0.24222,0.00549,5.99400,6.03230
66.7508,-2.14925,-3.89114,-3.14925,-3.89114,-3.14820,-3.89125,1.85180,1.10875,5.01934,5.02330,5.00000,5.00000,1.00000,0.00000,12,0.00036,-0.42526,-0.42636,0.00287,1.43616,1.53845,0.06242,0.05912,-0.00278,0.38824,0.34811,0.12641,0.12541,0.00180,-0.61841,-0.56694,-0.25649,-0.25462,0.01232,1.25440,1.11386,-0.10602,-0.10332,-0.00088,2.95831,2.94956,-0.46286,0.24222,0.00830,5.99215,5.92532
66.8545,-2.14978,-3.89414,-3.14978,-3.89414,-3.14884,-3.89281,1.85116,1.10719,5.01929,5.02393,5.00000,5.00000,1.00000,0.00000,12,0.00216,-0.42526,-0.42637,-0.00455,1.42654,1.37526,0.06242,0.05922,0.00139,0.35876,0.38737,0.12641,0.12545,-0.00232,-0.62217,-0.57680,-0.25649,-0.25468,-0.00247,1.21714,1.14085,-0.10602,-0.10334,0.00347,2.96137,2.99484,-0.46286,0.24222,-0.00008,5.97998,5.90209
66.9557,-2.14804,-3.89985,-3.14804,-3.89985,-3.14888,-3.89764,1.85112,1.10236,5.01853,5.02433,5.00000,5.00000,1.00000,0.00000,12,0.00037,-0.42526,-0.42636,0.00111,1.43623,1.48137,0.06242,0.05931,-0.00362,0.31936,0.44892,0.12641,0.12551,-0.00572,-0.64221,-0.77564,-0.25649,-0.25469,-0.00487,1.24196,1.20159,-0.10602,-0.10337,-0.00097,2.99607,2.99015,-0.46286,0.24222,0.00016,5.96773,5.92572
67.0563,-2.15634,-3.90361,-3.15634,-3.90361,-3.15313,-3.90167,1.84687,1.09833,5.02029,5.02424,5.00000,5.00000,1.00000,0.00000,12,0.00027,-0.42526,-0.42639,-0.01849,1.34454,1.46608,0.06242,0.05940,-0.00596,0.26571,0.21699,0.12641,0.12556,0.00062,-0.63534,-0.58167,-0.25649,-0.25470,-0.00337,1.29385,1.33076,-0.10602,-0.10341,-0.00857,3.01170,2.92958,-0.46286,0.24223,0.00949,5.99400,6.06389
67.1570,-2.14990,-3.90156,-3.14990,-3.90156,-3.15235,-3.90247,1.84765,1.09753,5.01787,5.02303,5.00000,5.00000,1.00000,0.00000,12,0.00029,-0.42526,-0.42633,0.00700,1.40868,1.34600,0.06242,0.05951,-0.00291,0.27508,0.29161,0.12641,0.12560,-0.00271,-0.63273,-0.51559,-0.25649,-0.25472,-0.00318,1.30205,1.42329,-0.10602,-0.10342,0.00027,3.02933,3.09620,-0.46286,0.24222,0.00204,5.97528,6.05930
67.2585,-2.15365,-3.89979,-3.15365,-3.89979,-3.15347,-3.90044,1.84653,1.09956,5.01900,5.02312,5.00000,5.00000,1.00000,0.00000,12,0.00031,-0.42526,-0.42637,-0.01024,1.35470,1.35220,0.06242,0.05963,-0.00081,0.25090,0.18418,0.12641,0.12562,-0.00216,-0.65656,-0.67225,-0.25649,-0.25471,0.00371,1.38225,1.36581,-0.10602,-0.10346,-0.00662,3.05173,3.09480,-0.46286,0.24223,0.01011,5.99400,5.77576
67.3588,-2.15474,-3.90089,-3.15474,-3.90089,-3.15376,-3.90134,1.84624,1.09866,5.01935,5.02322,5.00000,5.00000,1.00000,0.00000,12,0.00030,-0.42526,-0.42633,0.00640,1.38260,1.42611,0.06242,0.05975,0.00671,0.24737,0.19228,0.12641,0.12565,-0.01006,-0.67367,-0.73790,-0.25649,-0.25472,0.00380,1.36448,1.41360,-0.10602,-0.10350,-0.00496,3.09453,3.09624,-0.46286,0.24224,0.01394,5.99400,6.15452
67.4596,-2.14948,-3.90096,-3.14948,-3.90096,-3.15148,-3.90095,1.84852,1.09905,5.01805,5.02341,5.00000,5.00000,1.00000,0.00000,12,0.00042,-0.42526,-0.42634,0.00645,1.36549,1.44025,0.06242,0.05983,0.00212,0.22023,0.20112,0.12641,0.12569,-0.00128,-0.66373,-0.68501,-0.25649,-0.25475,-0.00287,1.38070,1.35834,-0.10602,-0.10350,-0.00134,3.13440,3.26045,-0.46286,0.24221,-0.00692,5.94901,6.08450
67.5620,-2.15090,-3.90239,-3.15090,-3.90239,-3.15062,-3.90270,1.84938,1.09730,5.01903,5.02329,5.00000,5.00000,1.00000,0.00000,12,0.00142,-0.42526,-0.42634,0.00159,1.30589,1.45458,0.06242,0.05991,0.01004,0.19445,0.22300,0.12641,0.12573,0.00546,-0.65871,-0.64988,-0.25649,-0.25476,0.00126,1.38027,1.47380,-0.10602,-0.10353,0.00307,3.13421,2.80754,-0.46286,0.24218,-0.01350,5.96109,6.03857
67.6628,-2.15492,-3.90248,-3.15492,-3.90248,-3.15242,-3.90233,1.84758,1.09767,5.01999,5.02348,5.00000,5.00000,1.00000,0.00000,12,0.00044,-0.42526,-0.42634,0.00007,1.31808,1.32839,0.06242,0.05998,0.00399,0.18306,0.33315,0.12641,0.12575,-0.00102,-0.65549,-0.54786,-0.25649,-0.25478,0.00056,1.41791,1.50244,-0.10602,-0.10356,0.00462,3.21590,3.19693,-0.46286,0.24221,0.00048,5.97202,5.95490
67.7661,-2.15354,-3.90120,-3.15354,-3.90120,-3.15427,-3.90164,1.84573,1.09836,5.01861,5.02322,5.00000,5.00000,1.00000,0.00000,12,0.00028,-0.42526,-0.42633,-0.00467,1.32548,1.22493,0.06242,0.06002,-0.00726,0.11268,0.09685,0.12641,0.12579,0.00068,-0.68640,-0.69997,-0.25649,-0.25482,-0.00830,1.41967,1.36002,-0.10602,-0.10357,0.00701,3.24374,3.28269,-0.46286,0.24222,0.00176,5.99341,6.03443
67.8667,-2.15285,-3.90175,-2.15285,-3.90175,-2.39299,-3.90090,1.94180,1.09910,4.33479,5.02377,4.33479,5.00000,0.00000,0.00000,8,0.00029,-0.41205,-0.42587,0.01089,0.18448,0.43706,0.03139,0.05779,-0.06876,2.52346,2.38863,0.09739,0.12460,-0.03428,1.74982,1.25391,-0.24409,-0.25468,0.00861,0.51435,0.66354,-0.08823,-0.10341,0.01191,1.89544,1.42416,-0.44517,0.24223,0.00669,5.98560,6.01744
67.9687,-2.14882,-3.89518,-2.14882,-3.89518,-2.19081,-3.89744,2.00914,1.10256,4.19995,5.02241,4.19995,5.00000,0.00000,0.00000,8,0.00142,-0.40936,-0.42474,-0.00309,0.06359,-0.01378,0.02509,0.05672,-0.00654,2.97691,3.11850,0.09151,0.12194,-0.01563,1.93136,1.84655,-0.24157,-0.25453,0.00637,0.24861,0.20372,-0.08463,-0.10323,-0.00295,1.47230,1.35812,-0.44159,0.24221,0.00328,5.99400,6.02640
68.0689,-2.14999,-3.88776,-2.14999,-3.88776,-2.15628,-3.89072,2.07410,1.10928,4.23038,5.02208,4.23038,5.00000,0.00000,0.00000,8,0.00026,-0.40997,-0.42415,0.00507,0.02414,0.20043,0.02652,0.05656,-0.00683,3.07446,3.12983,0.09283,0.12119,-0.01411,2.01061,1.95598,-0.24214,-0.25451,-0.00452,0.18345,0.08849,-0.08545,-0.10315,0.01013,1.43666,1.46235,-0.44239,0.24221,0.00305,5.99400,5.92938
68.1709,-2.14737,-3.88258,-2.14737,-3.88258,-2.14832,-3.88510,2.13861,1.11490,4.28693,5.02223,4.28693,5.00000,0.00000,0.00000,8,0.00027,-0.41109,-0.42335,0.00456,0.03830,-0.02143,0.02916,0.05631,-0.01143,3.18619,3.12027,0.09530,0.12046,-0.00702,2.08765,2.14827,-0.24320,-0.25445,0.00310,0.11525,0.21204,-0.08695,-0.10312,-0.00783,1.33604,1.30763,-0.44389,0.24221,-0.00053,5.95836,5.98493
68.2731,-2.14653,-3.87866,-2.14653,-3.87866,-2.14725,-3.88122,2.20304,1.11878,4.35029,5.02219,4.35029,5.00000,0.00000,0.00000,8,0.00035,-0.41235,-0.42160,0.03311,0.14842,0.23896,0.03212,0.05608,0.00299,3.30092,3.38684,0.09807,0.11967,-0.00739,2.12988,2.13877,-0.24438,-0.25442,-0.00089,0.07590,0.11096,-0.08865,-0.10302,-0.00388,1.25186,1.42134,-0.44558,0.24221,-0.00032,5.98716,6.03254
68.3763,-2.16335,-3.86183,-2.16335,-3.86183,-2.15543,-3.87009,2.26754,1.12991,4.42297,5.01968,4.42297,5.00000,0.00000,0.00000,8,0.00175,-0.41380,-0.41550,0.01340,0.54247,0.61628,0.03551,0.05585,-0.00390,3.32249,3.32184,0.10125,0.11898,-0.00090,2.15724,2.10340,-0.24574,-0.25439,0.00683,0.05805,0.07998,-0.09059,-0.10296,-0.00220,1.21171,1.17530,-0.44751,0.24220,-0.00168,5.96482,6.05632
68.4758,-2.16313,-3.85883,-2.16313,-3.85883,-2.16319,-3.85925,2.33239,1.14075,4.49558,5.02298,4.49558,5.00000,0.00000,0.00000,8,0.00026,-0.41524,-0.41540,0.01049,0.62840,0.67253,0.03890,0.05581,0.00088,3.31692,3.40151,0.10441,0.11862,-0.00509,2.10469,2.21701,-0.24709,-0.25438,-0.00241,0.05665,-0.07105,-0.09253,-0.10294,0.00283,1.23952,1.14359,-0.44944,0.24222,0.00275,5.97984,5.97174
68.5767,-2.17142,-3.85286,-2.17142,-3.85286,-2.16786,-3.85425,2.39735,1.14575,4.56522,5.02253,4.56522,5.00000,0.00000,0.00000,8,0.00026,-0.41663,-0.41548,-0.00633,0.68694,0.74103,0.04215,0.05578,0.00334,3.36470,3.19014,0.10745,0.11845,-0.00054,2.12213,2.11427,-0.24839,-0.25437,0.00142,0.02801,0.01787,-0.09439,-0.10293,0.00083,1.19952,1.18097,-0.45129,0.24219,-0.00749,5.94342,5.87825
68.6784,-2.16971,-3.84711,-2.16971,-3.84711,-2.17017,-3.84903,2.46245,1.15097,4.63262,5.02227,4.63262,5.00000,0.00000,0.00000,8,0.00092,-0.41797,-0.41555,-0.00488,0.75810,0.78833,0.04529,0.05576,-0.00496,3.26965,3.12944,0.11039,0.11838,-0.00353,2.01522,1.97879,-0.24965,-0.25436,0.00254,0.05254,0.09730,-0.09619,-0.10292,-0.00114,1.25671,1.15161,-0.45308,0.24219,-0.00241,5.97280,5.75843
68.7792,-2.17169,-3.84540,-2.17169,-3.84540,-2.17079,-3.84604,2.52756,1.15396,4.69836,5.02280,4.69836,5.00000,0.00000,0.00000,8,0.00028,-0.41927,-0.41563,-0.00061,0.88560,0.75640,0.04836,0.05577,0.00004,3.24751,3.24701,0.11326,0.11837,-0.00831,1.91332,1.93473,-0.25087,-0.25434,0.01138,0.11464,0.07525,-0.09795,-0.10295,-0.01729,1.26830,1.20671,-0.45483,0.24219,-0.00290,5.98802,6.04608
68.8798,-2.16973,-3.84478,-2.16973,-3.84478,-2.17049,-3.84558,2.59268,1.15442,4.76318,5.02273,4.76318,5.00000,0.00000,0.00000,8,0.00025,-0.42056,-0.41576,-0.00201,1.00482,0.96090,0.05138,0.05577,0.00460,3.10826,3.16007,0.11609,0.11842,0.00361,1.80810,1.84079,-0.25208,-0.25437,-0.00444,0.08938,0.13606,-0.09968,-0.10292,-0.00033,1.33408,1.35361,-0.45655,0.24221,0.00584,5.99209,6.13466
68.9821,-2.17115,-3.84491,-2.17115,-3.84491,-2.17104,-3.84552,2.65780,1.15448,4.82885,5.02281,4.82885,5.00000,0.00000,0.00000,8,0.00041,-0.42186,-0.41594,-0.00713,1.12133,1.13858,0.05444,0.05577,-0.00079,2.94216,2.99946,0.11895,0.11845,-0.00242,1.64658,1.63364,-0.25330,-0.25437,0.00239,0.16755,0.10491,-0.10144,-0.10292,0.00318,1.43243,1.47059,-0.45830,0.24221,0.00128,5.99092,5.82301
69.0887,-2.17139,-3.84299,-2.17139,-3.84299,-2.17093,-3.84336,2.72293,1.15664,4.89386,5.02290,4.89386,5.00000,0.00000,0.00000,8,0.00125,-0.42315,-0.41616,-0.00286,1.29421,1.32340,0.05747,0.05578,0.00066,2.72013,2.67114,0.12178,0.11852,-0.00424,1.41833,1.44087,-0.25451,-0.25438,-0.00606,0.24891,0.21940,-0.10318,-0.10292,0.00515,1.51659,1.36045,-0.46003,0.24223,0.01358,5.99152,6.01567
69.1898,-2.17317,-3.83928,-2.17317,-3.83928,-2.17204,-3.84110,2.78807,1.15890,4.96011,5.02226,4.96011,5.00000,0.00000,0.00000,8,0.00035,-0.42447,-0.41649,-0.01295,1.42625,1.48406,0.06056,0.05580,-0.00563,2.47840,2.51630,0.12467,0.11864,0.00372,1.16888,1.17039,-0.25575,-0.25437,0.00455,0.34464,0.39002,-0.10495,-0.10296,-0.00843,1.63097,1.76896,-0.46180,0.24222,0.00750,5.99400,6.02604
69.2928,-2.17444,-3.83278,-2.17444,-3.83278,-2.17376,-3.83647,2.82624,1.16353,5.01333,5.02144,5.00000,5.00000,0.00000,0.00000,12,0.00122,-0.42526,-0.41687,-0.00210,1.57805,1.49196,0.06242,0.05587,-0.00402,2.25670,2.29181,0.12641,0.11875,0.00831,0.94763,1.00280,-0.25649,-0.25437,0.00090,0.44749,0.44479,-0.10602,-0.10296,-0.00301,1.74902,1.70547,-0.46286,0.24218,-0.00838,5.94588,6.05594
69.3936,-2.16857,-3.82881,-2.16857,-3.82881,-2.17116,-3.83061,2.82884,1.16939,5.01191,5.02221,5.00000,5.00000,0.00000,0.00000,12,0.00030,-0.42526,-0.41704,0.00650,1.67812,1.68609,0.06242,0.05588,-0.00135,2.27635,2.17462,0.12641,0.11877,-0.00058,0.91400,0.77911,-0.25649,-0.25438,-0.00107,0.42911,0.36036,-0.10602,-0.10295,-0.00545,1.78871,1.85748,-0.46286,0.24222,0.01269,5.99400,6.01783
69.4951,-2.17018,-3.82574,-2.17018,-3.82574,-2.17100,-3.82807,2.82900,1.17193,5.01268,5.02197,5.00000,5.00000,0.00000,0.00000,12,0.00027,-0.42526,-0.41735,-0.00680,1.75302,1.73948,0.06242,0.05595,0.01008,2.20505,2.24968,0.12641,0.11881,-0.00204,0.84177,0.88834,-0.25649,-0.25439,0.00077,0.42703,0.39932,-0.10602,-0.10294,0.01027,1.81831,1.98765,-0.46286,0.24220,0.00288,5.99400,6.07643
69.5967,-2.16924,-3.82337,-2.16924,-3.82337,-2.16973,-3.82452,2.83027,1.17548,5.01281,5.02246,5.00000,5.00000,0.00000,0.00000,12,0.00028,-0.42526,-0.41760,-0.00261,1.81823,1.91060,0.06242,0.05593,-0.00539,2.10231,2.23464,0.12641,0.11888,0.00469,0.74626,0.84363,-0.25649,-0.25439,-0.00345,0.46713,0.55042,-0.10602,-0.10296,0.00338,1.85653,1.81090,-0.46286,0.24219,-0.00313,5.96847,6.05240
69.7004,-2.16879,-3.82033,-2.16879,-3.82033,-2.16899,-3.82163,2.83101,1.17837,5.01293,5.02237,5.00000,5.00000,0.00000,0.00000,12,0.00235,-0.42526,-0.41799,-0.00766,1.87579,1.76001,0.06242,0.05594,-0.01797,1.98920,1.83379,0.12641,0.11893,0.00282,0.68009,0.64290,-0.25649,-0.25440,-0.00148,0.49594,0.40044,-0.10602,-0.10297,-0.00157,1.87684,1.89448,-0.46286,0.24218,-0.00840,5.96474,5.86749
69.7990,-2.17404,-3.81753,-2.17404,-3.81753,-2.17180,-3.81876,2.82820,1.18124,5.01399,5.02238,5.00000,5.00000,0.00000,0.00000,12,0.00031,-0.42526,-0.41841,0.00727,1.91962,1.95364,0.06242,0.05600,-0.00461,1.95890,2.04607,0.12641,0.11897,-0.00052,0.57202,0.57861,-0.25649,-0.25438,0.00437,0.54768,0.48303,-0.10602,-0.10297,0.00045,1.91493,2.06597,-0.46286,0.24221,0.00373,5.98428,5.92287
69.9027,-2.16952,-3.81393,-2.16952,-3.81393,-2.17167,-3.81581,2.82833,1.18419,5.01211,5.02209,5.00000,5.00000,0.00000,0.00000,12,0.00029,-0.42526,-0.41901,-0.01251,1.93748,1.92548,0.06242,0.05606,-0.00253,1.85268,1.96904,0.12641,0.11903,0.00103,0.49237,0.48922,-0.25649,-0.25440,-0.00091,0.54718,0.62588,-0.10602,-0.10297,0.00604,1.94018,2.01941,-0.46286,0.24220,0.00541,5.95096,6.07028
70.0035,-2.17417,-3.81069,-2.17417,-3.81069,-2.17222,-3.81228,2.82778,1.18772,5.01387,5.02219,5.00000,5.00000,0.00000,0.00000,12,0.00034,-0.42526,-0.41964,-0.01045,1.99545,1.93788,0.06242,0.05613,0.00219,1.81079,1.89079,0.12641,0.11912,0.01157,0.42505,0.39498,-0.25649,-0.25442,-0.00173,0.56347,0.47408,-0.10602,-0.10297,0.00455,2.00481,2.04694,-0.46286,0.24220,0.00516,5.96762,5.80981
70.1062,-2.17030,-3.80558,-2.17030,-3.80558,-2.17159,-3.80780,2.82841,1.19220,5.01248,5.02190,5.00000,5.00000,0.00000,0.00000,12,0.00101,-0.42526,-0.42039,-0.00459,2.02523,1.99466,0.06242,0.05622,0.00104,1.74191,1.52662,0.12641,0.11915,-0.00200,0.30704,0.41024,-0.25649,-0.25442,-0.00527,0.60661,0.61907,-0.10602,-0.10297,0.00677,2.04455,2.01147,-0.46286,0.24221,0.00188,5.96100,5.94966
70.2066,-2.16890,-3.80736,-2.16890,-3.80736,-2.17026,-3.80682,2.82974,1.19318,5.01244,5.02307,5.00000,5.00000,0.00000,0.00000,12,0.00027,-0.42526,-0.42120,-0.01239,1.99163,2.10687,0.06242,0.05633,-0.00461,1.65011,1.77061,0.12641,0.11924,0.00413,0.22288,0.21136,-0.25649,-0.25441,0.00017,0.62363,0.61453,-0.10602,-0.10300,-0.00337,2.06860,2.23599,-0.46286,0.24220,0.00093,5.96943,5.84085
70.3074,-2.16429,-3.80537,-2.16429,-3.80537,-2.16596,-3.80615,2.83404,1.19385,5.01228,5.02250,5.00000,5.00000,0.00000,0.00000,12,0.00027,-0.42526,-0.42225,-0.00886,1.97258,1.88693,0.06242,0.05642,0.00094,1.58136,1.60952,0.12641,0.11932,0.00701,0.16451,0.19519,-0.25649,-0.25441,0.00046,0.67820,0.59282,-0.10602,-0.10299,0.00144,2.08986,2.06025,-0.46286,0.24220,-0.00001,5.98312,6.04242
70.4086,-2.15557,-3.80841,-2.15557,-3.80841,-2.16018,-3.80686,2.83982,1.19314,5.01099,5.02351,5.00000,5.00000,0.00000,0.00000,12,0.00028,-0.42526,-0.42406,-0.02474,1.84201,1.92666,0.06242,0.05650,-0.01039,1.52343,1.48059,0.12641,0.11941,-0.00108,0.07336,-0.01516,-0.25649,-0.25443,-0.00199,0.65397,0.69912,-0.10602,-0.10300,0.00059,2.15399,2.16277,-0.46286,0.24219,-0.00492,5.94563,5.89378
70.5113,-2.15230,-3.81225,-2.15230,-3.81225,-2.15444,-3.81082,2.84556,1.18918,5.01201,5.02348,5.00000,5.00000,0.00000,0.00000,12,0.00041,-0.42526,-0.42627,-0.02228,1.69776,1.72591,0.06242,0.05661,-0.00509,1.47104,1.66701,0.12641,0.11951,0.00575,0.00694,-0.07835,-0.25649,-0.25443,0.00089,0.71909,0.85965,-0.10602,-0.10299,0.00127,2.19770,2.06517,-0.46286,0.24218,-0.00457,5.96190,5.99465
70.6143,-2.15061,-3.80995,-2.15061,-3.80995,-2.15038,-3.81007,2.84962,1.18993,5.01300,5.02281,5.00000,5.00000,0.00000,0.00000,12,0.00026,-0.42526,-0.42652,0.00110,1.72815,1.73514,0.06242,0.05671,-0.00706,1.38152,1.29591,0.12641,0.11958,0.00249,-0.08440,-0.02292,-0.25649,-0.25445,-0.00396,0.68749,0.60212,-0.10602,-0.10302,-0.00969,2.18469,2.31367,-0.46286,0.24218,-0.00560,5.95676,5.86775
70.7156,-2.15224,-3.81087,-2.15224,-3.81087,-2.15195,-3.81069,2.84805,1.18931,5.01303,5.02294,5.00000,5.00000,0.00000,0.00000,12,0.00027,-0.42526,-0.42656,-0.00718,1.69804,1.76979,0.06242,0.05682,0.00880,1.36395,1.36697,0.12641,0.11967,-0.00346,-0.16612,-0.05911,-0.25649,-0.25444,0.00321,0.77534,0.65649,-0.10602,-0.10303,-0.00616,2.22863,2.36215,-0.46286,0.24219,0.00063,5.96458,6.17675
70.8175,-2.15426,-3.81040,-2.15426,-3.81040,-2.15364,-3.81097,2.84636,1.18903,5.01319,5.02262,5.00000,5.00000,0.00000,0.00000,12,0.00027,-0.42526,-0.42657,0.00047,1.69935,1.80998,0.06242,0.05695,0.00725,1.30365,1.19785,0.12641,0.11982,0.00078,-0.23828,-0.26386,-0.25649,-0.25443,0.00904,0.78921,0.72815,-0.10602,-0.10301,-0.00011,2.26023,2.23992,-0.46286,0.24219,-0.00345,5.96862,6.04520
70.9200,-2.15460,-3.80944,-3.15460,-3.80944,-2.98757,-3.80998,2.01243,1.19002,5.08951,5.02263,5.00000,5.00000,1.00000,0.00000,12,0.00177,-0.42526,-0.42658,0.00470,1.69303,1.67789,0.06242,0.05707,-0.00215,1.21635,1.25028,0.12641,0.11997,-0.00084,-0.30091,-0.41230,-0.25649,-0.25447,-0.00702,0.77082,0.88675,-0.10602,-0.10304,-0.01011,2.31510,2.48169,-0.46286,0.24221,0.00616,5.99231,6.10368
71.0203,-2.15337,-3.80839,-3.15337,-3.80839,-3.12663,-3.80807,1.87337,1.19193,5.03022,5.02299,5.00000,5.00000,1.00000,0.00000,12,0.00032,-0.42526,-0.42660,-0.00383,1.67207,1.63090,0.06242,0.05717,-0.00033,1.15314,1.28671,0.12641,0.12019,-0.00031,-0.36992,-0.26140,-0.25649,-0.25445,0.00179,0.83501,0.83492,-0.10602,-0.10305,-0.01484,2.33154,2.35084,-0.46286,0.24217,-0.01140,5.95433,5.99429
71.1211,-2.14920,-3.81198,-3.14920,-3.81198,-3.14594,-3.81050,1.85406,1.18950,5.02027,5.02350,5.00000,5.00000,1.00000,0.00000,12,0.00030,-0.42526,-0.42658,-0.00074,1.67396,1.69739,0.06242,0.05730,-0.00429,1.09308,1.12643,0.12641,0.12045,0.00035,-0.41545,-0.35222,-0.25649,-0.25447,0.00053,0.84363,0.79191,-0.10602,-0.10302,0.00453,2.37867,2.46066,-0.46286,0.24220,0.00263,5.99371,6.01859
71.2235,-2.14788,-3.81356,-3.14788,-3.81356,-3.14782,-3.81235,1.85218,1.18765,5.01891,5.02339,5.00000,5.00000,1.00000,0.00000,12,0.00033,-0.42526,-0.42660,-0.00505,1.59807,1.61896,0.06242,0.05742,0.00598,1.06155,1.14276,0.12641,0.12078,0.00687,-0.44107,-0.51330,-0.25649,-0.25448,0.00693,0.88729,1.10907,-0.10602,-0.10304,-0.00178,2.44836,2.27903,-0.46286,0.24218,-0.00231,5.95694,5.93750
71.3265,-2.14918,-3.81854,-3.14918,-3.81854,-3.14750,-3.81616,1.85250,1.18384,5.01960,5.02392,5.00000,5.00000,1.00000,0.00000,12,0.00079,-0.42526,-0.42660,-0.00461,1.62008,1.76973,0.06242,0.05751,-0.00216,1.00123,1.09268,0.12641,0.12124,0.00317,-0.49797,-0.58682,-0.25649,-0.25451,-0.00538,0.88664,0.87737,-0.10602,-0.10304,0.00580,2.47522,2.64626,-0.46286,0.24220,0.00311,5.99400,5.99953
71.4265,-2.15210,-3.82446,-3.15210,-3.82446,-3.15055,-3.82182,1.84945,1.17818,5.01957,5.02406,5.00000,5.00000,1.00000,0.00000,12,0.00028,-0.42526,-0.42657,0.00113,1.60682,1.57710,0.06242,0.05764,0.00087,0.96640,0.91990,0.12641,0.12196,0.00444,-0.51383,-0.55128,-0.25649,-0.25448,0.00774,0.93464,1.04477,-0.10602,-0.10306,-0.00142,2.51170,2.54656,-0.46286,0.24220,0.00578,5.96328,5.92203
71.5271,-2.15471,-3.83203,-3.15471,-3.83203,-3.15343,-3.82886,1.84657,1.17114,5.01947,5.02433,5.00000,5.00000,1.00000,0.00000,12,0.00027,-0.42526,-0.42658,0.00202,1.58290,1.58246,0.06242,0.05773,0.00111,0.89464,1.03523,0.12641,0.12280,0.01267,-0.48792,-0.56287,-0.25649,-0.25451,-0.00183,0.91600,1.00359,-0.10602,-0.10310,-0.01736,2.50551,2.54746,-0.46286,0.24220,0.00350,5.97258,6.03500
71.6285,-2.15348,-3.83958,-3.15348,-3.83958,-3.15346,-3.83541,1.84654,1.16459,5.01893,5.02480,5.00000,5.00000,1.00000,0.00000,12,0.00028,-0.42526,-0.42659,-0.00606,1.57364,1.54097,0.06242,0.05784,0.00179,0.84585,0.84444,0.12641,0.12354,0.00469,-0.49633,-0.50993,-0.25649,-0.25450,0.00078,0.98043,0.88398,-0.10602,-0.10308,0.00349,2.55621,2.56360,-0.46286,0.24217,-0.00877,5.94131,5.97444
71.7305,-2.15109,-3.84161,-3.15109,-3.84161,-3.15259,-3.84002,1.84741,1.15998,5.01827,5.02372,5.00000,5.00000,1.00000,0.00000,12,0.00131,-0.42526,-0.42654,0.01530,1.58305,1.62340,0.06242,0.05796,-0.00857,0.79431,0.82919,0.12641,0.12398,-0.00175,-0.51305,-0.50094,-0.25649,-0.25450,0.00935,1.00046,0.97252,-0.10602,-0.10311,-0.00567,2.60872,2.46960,-0.46286,0.24218,-0.00540,5.97248,6.00913
71.8306,-2.15342,-3.84469,-3.15342,-3.84469,-3.15266,-3.84318,1.84734,1.15682,5.01924,5.02371,5.00000,5.00000,1.00000,0.00000,12,0.00026,-0.42526,-0.42657,-0.00267,1.52615,1.57884,0.06242,0.05807,-0.00123,0.76838,0.80734,0.12641,0.12424,0.00996,-0.51037,-0.45025,-0.25649,-0.25457,-0.01221,0.98472,1.06501,-0.10602,-0.10314,-0.01404,2.63294,2.44907,-0.46286,0.24220,0.00373,5.96329,5.92866
71.9327,-2.15076,-3.84796,-3.15076,-3.84796,-3.15080,-3.84615,1.84920,1.15385,5.01889,5.02385,5.00000,5.00000,1.00000,0.00000,12,0.00037,-0.42526,-0.42657,-0.00133,1.51721,1.37434,0.06242,0.05819,0.01007,0.72193,0.76984,0.12641,0.12446,0.00231,-0.52760,-0.55062,-0.25649,-0.25455,-0.00219,1.04502,0.91110,-0.10602,-0.10312,0.00418,2.67241,2.60052,-0.46286,0.24218,-0.00962,5.95808,5.94562
72.0378,-2.15409,-3.85323,-3.15409,-3.85323,-3.15294,-3.85109,1.84706,1.14891,5.01941,5.02402,5.00000,5.00000,1.00000,0.00000,12,0.00044,-0.42526,-0.42655,0.00196,1.52255,1.57069,0.06242,0.05830,0.00162,0.67982,0.63869,0.12641,0.12462,0.00481,-0.54456,-0.57909,-0.25649,-0.25456,-0.00245,1.06562,1.03876,-0.10602,-0.10317,-0.00048,2.69933,2.86997,-0.46286,0.24218,-0.00536,5.97311,5.96686
72.1389,-2.15789,-3.85839,-3.15789,-3.85839,-3.15571,-3.85512,1.84429,1.14488,5.01987,5.02453,5.00000,5.00000,1.00000,0.00000,12,0.00031,-0.42526,-0.42654,0.00846,1.49640,1.52096,0.06242,0.05844,0.00398,0.65260,0.63644,0.12641,0.12475,0.00510,-0.54941,-0.59809,-0.25649,-0.25456,-0.00237,1.08739,1.04244,-0.10602,-0.10319,-0.00487,2.73725,2.82489,-0.46286,0.24219,0.00277,5.99400,5.92176
72.2397,-2.15912,-3.86237,-3.15912,-3.86237,-3.15757,-3.85984,1.84243,1.14016,5.01961,5.02424,5.00000,5.00000,1.00000,0.00000,12,0.00029,-0.42526,-0.42657,-0.00689,1.45068,1.43263,0.06242,0.05856,0.00524,0.58108,0.61719,0.12641,0.12485,0.00646,-0.53937,-0.61503,-0.25649,-0.25458,0.00020,1.07767,1.05143,-0.10602,-0.10319,-0.00179,2.78778,2.67684,-0.46286,0.24220,0.01107,5.99400,5.96389
72.3414,-2.15922,-3.86464,-3.15922,-3.86464,-3.15924,-3.86352,1.84076,1.13648,5.01895,5.02366,5.00000,5.00000,1.00000,0.00000,12,0.00029,-0.42526,-0.42657,-0.00777,1.43238,1.48134,0.06242,0.05869,0.00575,0.55247,0.54378,0.12641,0.12500,0.00666,-0.56299,-0.62761,-0.25649,-0.25459,-0.00110,1.12172,1.18188,-0.10602,-0.10318,-0.00114,2.82569,2.74072,-0.46286,0.24217,-0.00832,5.96140,6.04483
72.4428,-2.15734,-3.86529,-3.15734,-3.86529,-3.15771,-3.86460,1.84229,1.13540,5.01879,5.02348,5.00000,5.00000,1.00000,0.00000,12,0.00031,-0.42526,-0.42654,-0.00041,1.45719,1.26622,0.06242,0.05880,0.00065,0.52261,0.48911,0.12641,0.12507,0.00246,-0.58491,-0.65686,-0.25649,-0.25461,-0.00705,1.14782,1.31349,-0.10602,-0.10321,0.00337,2.79342,2.94291,-0.46286,0.24220,0.00710,5.98297,6.05092
72.5452,-2.15600,-3.86687,-3.15600,-3.86687,-3.15756,-3.86597,1.84244,1.13403,5.01828,5.02358,5.00000,5.00000,1.00000,0.00000,12,0.00114,-0.42526,-0.42652,0.00871,1.41719,1.33829,0.06242,0.05894,0.00329,0.47146,0.36622,0.12641,0.12514,0.00136,-0.59382,-0.63375,-0.25649,-0.25461,0.00384,1.17330,1.18180,-0.10602,-0.10325,-0.00215,2.88515,2.93880,-0.46286,0.24216,-0.01445,5.95809,6.05974
72.6456,-2.16401,-3.87019,-3.16401,-3.87019,-3.16185,-3.86925,1.83815,1.13075,5.01990,5.02362,5.00000,5.00000,1.00000,0.00000,12,0.00026,-0.42526,-0.42652,0.00533,1.42123,1.37555,0.06242,0.05906,0.00602,0.44924,0.43409,0.12641,0.12523,0.00465,-0.61124,-0.49035,-0.25649,-0.25463,-0.00219,1.19686,1.23495,-0.10602,-0.10324,-0.00026,2.89346,2.95530,-0.46286,0.24217,-0.00413,5.97000,5.91595
72.7475,-2.16300,-3.86962,-3.16300,-3.86962,-3.16319,-3.86969,1.83681,1.13031,5.01890,5.02319,5.00000,5.00000,1.00000,0.00000,12,0.00028,-0.42526,-0.42655,-0.00716,1.38353,1.49430,0.06242,0.05916,0.00472,0.42658,0.38587,0.12641,0.12530,0.00170,-0.62229,-0.62729,-0.25649,-0.25463,0.00606,1.21272,1.27080,-0.10602,-0.10326,0.00457,2.96301,3.05576,-0.46286,0.24219,0.00965,5.99299,5.90327
72.8484,-2.16823,-3.87275,-3.16823,-3.87275,-3.16612,-3.87150,1.83388,1.12850,5.01990,5.02376,5.00000,5.00000,1.00000,0.00000,12,0.00027,-0.42526,-0.42652,-0.00015,1.40414,1.50277,0.06242,0.05922,-0.00404,0.36996,0.30037,0.12641,0.12535,-0.00084,-0.61813,-0.56417,-0.25649,-0.25466,-0.00451,1.21920,1.27531,-0.10602,-0.10329,-0.00123,2.95892,2.96637,-0.46286,0.24219,0.00605,5.96912,6.00741
72.9505,-2.17084,-3.87442,-3.17084,-3.87442,-3.16886,-3.87418,1.83114,1.12582,5.01986,5.02335,5.00000,5.00000,1.00000,0.00000,12,0.00031,-0.42526,-0.42652,0.00576,1.37995,1.23911,0.06242,0.05933,0.00211,0.34736,0.29855,0.12641,0.12542,0.00926,-0.62014,-0.53368,-0.25649,-0.25467,-0.00039,1.24711,1.32839,-0.10602,-0.10330,0.00063,3.02666,2.85637,-0.46286,0.24218,0.00365,5.96092,6.00401
73.0550,-2.16731,-3.87744,-3.16731,-3.87744,-3.16921,-3.87614,1.83079,1.12386,5.01820,5.02381,5.00000,5.00000,1.00000,0.00000,12,0.00130,-0.42526,-0.42654,-0.00409,1.31618,1.35254,0.06242,0.05947,0.00159,0.29473,0.20653,0.12641,0.12547,0.00165,-0.65756,-0.63009,-0.25649,-0.25467,0.00540,1.28700,1.28148,-0.10602,-0.10336,-0.00869,3.03127,3.02117,-0.46286,0.24216,-0.00803,5.97543,6.04158
73.1549,-2.17441,-3.87681,-3.17441,-3.87681,-3.17221,-3.87694,1.82779,1.12306,5.01998,5.02321,5.00000,5.00000,1.00000,0.00000,12,0.00029,-0.42526,-0.42651,0.00496,1.35046,1.39207,0.06242,0.05956,0.00082,0.30851,0.27519,0.12641,0.12552,-0.00243,-0.65142,-0.65527,-0.25649,-0.25469,-0.00106,1.30800,1.44019,-0.10602,-0.10335,0.00619,3.08312,3.03441,-0.46286,0.24221,0.01311,5.99400,5.96232
73.2567,-2.16759,-3.87953,-3.16759,-3.87953,-3.17070,-3.87877,1.82930,1.12123,5.01769,5.02360,5.00000,5.00000,1.00000,0.00000,12,0.00028,-0.42526,-0.42653,-0.00604,1.31920,1.20474,0.06242,0.05967,0.00189,0.24689,0.15776,0.12641,0.12557,-0.00017,-0.65936,-0.67534,-0.25649,-0.25472,-0.00394,1.30396,1.31841,-0.10602,-0.10340,0.00110,3.10228,3.21116,-0.46286,0.24218,0.00567,5.95803,5.99494
73.3588,-2.17135,-3.87825,-3.17135,-3.87825,-3.16937,-3.87857,1.83063,1.12143,5.01986,5.02314,5.00000,5.00000,1.00000,0.00000,12,0.00037,-0.42526,-0.42652,0.00043,1.29680,1.25179,0.06242,0.05972,-0.00391,0.22467,0.15785,0.12641,0.12560,-0.00055,-0.68676,-0.48289,-0.25649,-0.25473,-0.00054,1.33054,1.37409,-0.10602,-0.10343,-0.00408,3.09895,3.12522,-0.46286,0.24218,0.00397,5.98608,6.01763
73.4608,-2.16939,-3.87664,-3.16939,-3.87664,-3.16841,-3.87671,1.83159,1.12329,5.01943,5.02323,5.00000,5.00000,1.00000,0.00000,12,0.00037,-0.42526,-0.42648,0.00506,1.28619,1.18861,0.06242,0.05980,-0.00149,0.21616,0.08305,0.12641,0.12563,-0.00377,-0.68733,-0.70189,-0.25649,-0.25473,0.00198,1.35798,1.33431,-0.10602,-0.10342,0.00766,3.17262,3.12035,-0.46286,0.24218,0.00217,5.96622,5.97597
73.5613,-2.16815,-3.87848,-3.16815,-3.87848,-3.16920,-3.87841,1.83080,1.12159,5.01857,5.02330,5.00000,5.00000,1.00000,0.00000,12,0.00030,-0.42526,-0.42650,-0.00217,1.27397,1.27372,0.06242,0.05988,-0.00010,0.17084,0.01259,0.12641,0.12568,0.00103,-0.68371,-0.61263,-0.25649,-0.25475,-0.00547,1.37650,1.50387,-0.10602,-0.10347,-0.00179,3.17675,3.08202,-0.46286,0.24219,0.00320,5.94370,5.93333
73.6631,-2.17456,-3.88082,-3.17456,-3.88082,-3.17140,-3.87966,1.82860,1.12034,5.02038,5.02378,5.00000,5.00000,1.00000,0.00000,12,0.00036,-0.42526,-0.42650,-0.00332,1.25287,1.39097,0.06242,0.05998,-0.00541,0.11816,0.22274,0.12641,0.12572,-0.00452,-0.68677,-0.65664,-0.25649,-0.25476,0.00025,1.41130,1.41755,-0.10602,-0.10349,-0.00106,3.23231,3.23855,-0.46286,0.24217,-0.00047,5.97452,6.07967
73.7660,-2.16855,-3.88062,-3.16855,-3.88062,-3.17079,-3.88048,1.82921,1.11952,5.01806,5.02334,5.00000,5.00000,1.00000,0.00000,12,0.00095,-0.42526,-0.42648,0.00512,1.24514,1.43947,0.06242,0.06006,0.00192,0.12512,0.10803,0.12641,0.12575,0.00025,-0.69411,-0.69561,-0.25649,-0.25478,-0.00103,1.41598,1.51347,-0.10602,-0.10349,0.00397,3.24302,3.30121,-0.46286,0.24217,-0.00113,5.94505,5.85863
73.8686,-2.17183,-3.88561,-2.17183,-3.88561,-2.66115,-3.88390,1.89511,1.11610,4.55626,5.02404,4.55626,5.00000,0.00000,0.00000,8,0.00117,-0.41645,-0.42633,0.01982,0.61315,0.85693,0.04173,0.06011,-0.00177,1.71598,0.57764,0.10706,0.12564,-0.02832,0.71230,-0.21564,-0.24822,-0.25476,0.00823,0.84117,1.13140,-0.09415,-0.10348,0.01577,2.43272,2.50259,-0.45105,0.24217,0.00032,5.95258,5.96614
73.9688,-2.17448,-3.88165,-2.17448,-3.88165,-2.25517,-3.88368,1.96598,1.11632,4.22116,5.02243,4.22116,5.00000,0.00000,0.00000,8,0.00030,-0.40978,-0.42485,0.02257,0.05654,-0.01424,0.02608,0.05684,-0.00521,2.89328,2.74153,0.09243,0.12255,-0.01639,1.87762,1.88191,-0.24197,-0.25457,-0.00626,0.24374,0.19696,-0.08520,-0.10321,0.00159,1.61802,1.51374,-0.44215,0.24219,0.00820,5.97545,6.11339
74.0711,-2.17035,-3.87548,-2.17035,-3.87548,-2.18647,-3.87840,2.03214,1.12160,4.21861,5.02202,4.21861,5.00000,0.00000,0.00000,8,0.00040,-0.40973,-0.42401,0.01301,0.06034,0.02453,0.02597,0.05665,-0.00338,2.94812,3.02611,0.09232,0.12154,-0.01046,1.91747,2.07247,-0.24192,-0.25451,0.00108,0.20840,0.28206,-0.08513,-0.10317,-0.00357,1.52729,1.41309,-0.44208,0.24216,-0.00067,5.99400,6.13014
74.1734,-2.17539,-3.86820,-2.17539,-3.86820,-2.17596,-3.87250,2.09748,1.12750,4.27344,5.02139,4.27344,5.00000,0.00000,0.00000,8,0.00029,-0.41082,-0.42288,0.01185,0.08438,0.01592,0.02853,0.05646,-0.00834,3.10334,3.03609,0.09472,0.12091,0.00194,2.06891,2.21096,-0.24295,-0.25447,0.00131,0.15249,0.07749,-0.08659,-0.10309,0.00685,1.45263,1.63184,-0.44354,0.24217,-0.00373,5.94816,5.80510
74.2752,-2.17573,-3.86173,-2.17573,-3.86173,-2.17556,-3.86558,2.16273,1.13442,4.33829,5.02154,4.33829,5.00000,0.00000,0.00000,8,0.00029,-0.41212,-0.41977,0.04431,0.32893,0.20437,0.03156,0.05623,-0.00978,3.18493,3.12337,0.09755,0.12024,0.00104,2.11671,1.94262,-0.24416,-0.25443,0.00095,0.12935,0.12361,-0.08833,-0.10301,0.01210,1.38378,1.44027,-0.44526,0.24216,-0.00216,5.99400,6.02555
74.3759,-2.19509,-3.83660,-2.19509,-3.83660,-2.18886,-3.84711,2.22822,1.15289,4.41709,5.01858,4.41709,5.00000,0.00000,0.00000,8,0.00026,-0.41368,-0.41559,0.00411,0.54069,0.44355,0.03523,0.05612,-0.00151,3.24260,3.07448,0.10099,0.11970,0.00326,2.10813,2.06855,-0.24563,-0.25441,0.00070,0.09586,0.15049,-0.09043,-0.10298,0.00251,1.34952,1.35202,-0.44735,0.24217,0.00111,5.95601,5.99229
74.4765,-2.19309,-3.84053,-2.19309,-3.84053,-2.19208,-3.84232,2.29396,1.15768,4.48604,5.02229,4.48604,5.00000,0.00000,0.00000,8,0.00040,-0.41505,-0.41560,0.00168,0.57472,0.62885,0.03845,0.05603,-0.00098,3.29576,3.31403,0.10400,0.11932,0.00123,2.10587,2.11871,-0.24691,-0.25439,-0.00705,0.05775,0.03119,-0.09227,-0.10294,0.00572,1.27286,1.26086,-0.44918,0.24218,0.00238,5.97675,6.00037
74.5779,-2.19251,-3.83767,-2.19251,-3.83767,-2.19378,-3.83912,2.35976,1.16088,4.55354,5.02241,4.55354,5.00000,0.00000,0.00000,8,0.00088,-0.41640,-0.41564,0.00236,0.68319,0.65135,0.04160,0.05598,0.00537,3.27098,3.25405,0.10694,0.11903,-0.00147,2.05034,2.05424,-0.24817,-0.25439,-0.00562,0.06710,0.11625,-0.09407,-0.10293,0.00437,1.29821,1.17693,-0.45098,0.24216,-0.00451,5.97057,5.95248
74.6782,-2.19419,-3.83287,-2.19419,-3.83287,-2.19336,-3.83424,2.42556,1.16576,4.61892,5.02242,4.61892,5.00000,0.00000,0.00000,8,0.00028,-0.41769,-0.41569,0.00515,0.76892,0.91312,0.04465,0.05592,-0.00436,3.24489,3.29723,0.10980,0.11892,-0.00218,1.99888,1.93338,-0.24939,-0.25438,-0.00466,0.08492,0.07294,-0.09582,-0.10295,-0.00824,1.31077,1.32350,-0.45272,0.24216,-0.00256,5.96451,6.06182
74.7795,-2.19428,-3.83250,-2.19428,-3.83250,-2.19392,-3.83329,2.49137,1.16671,4.68529,5.02266,4.68529,5.00000,0.00000,0.00000,8,0.00027,-0.41901,-0.41580,-0.00080,0.87828,0.84509,0.04775,0.05593,-0.00306,3.13923,2.92879,0.11269,0.11892,0.00709,1.89304,1.96716,-0.25063,-0.25437,0.00040,0.11233,0.08152,-0.09760,-0.10295,-0.00836,1.34179,1.29424,-0.45448,0.24216,-0.00171,5.95309,6.01217
74.8838,-2.19706,-3.83121,-2.19706,-3.83121,-2.19568,-3.83269,2.55721,1.16731,4.75289,5.02236,4.75289,5.00000,0.00000,0.00000,8,0.00101,-0.42036,-0.41590,0.00145,1.00984,0.97659,0.05090,0.05595,0.00703,3.00435,3.32911,0.11564,0.11893,0.00138,1.76337,1.72036,-0.25189,-0.25437,0.00099,0.14396,0.04755,-0.09941,-0.10294,-0.00159,1.43066,1.56900,-0.45628,0.24215,-0.00693,5.98687,5.80255
74.9872,-2.19862,-3.83141,-2.19862,-3.83141,-2.19798,-3.83203,2.62313,1.16797,4.82111,5.02273,4.82111,5.00000,0.00000,0.00000,8,0.00272,-0.42171,-0.41610,-0.00459,1.15167,1.15973,0.05408,0.05594,0.00264,2.84841,2.91718,0.11861,0.11898,0.01012,1.61866,1.54503,-0.25316,-0.25439,-0.00890,0.18338,0.29428,-0.10123,-0.10294,-0.00512,1.50761,1.44038,-0.45810,0.24218,0.00307,5.99400,6.01350
75.0864,-2.19763,-3.82697,-2.19763,-3.82697,-2.19783,-3.82927,2.68907,1.17073,4.88690,5.02199,4.88690,5.00000,0.00000,0.00000,8,0.00048,-0.42301,-0.41630,0.00169,1.28687,1.19071,0.05715,0.05595,0.00053,2.65303,2.67127,0.12148,0.11904,0.00566,1.44559,1.41341,-0.25438,-0.25436,0.00703,0.28893,0.41941,-0.10299,-0.10294,-0.00062,1.59595,1.49646,-0.45985,0.24218,0.00686,5.97495,6.02565
75.1875,-2.20184,-3.82634,-2.20184,-3.82634,-2.20012,-3.82715,2.75504,1.17285,4.95516,5.02261,4.95516,5.00000,0.00000,0.00000,8,0.00028,-0.42437,-0.41661,-0.00634,1.43349,1.52280,0.06033,0.05597,0.00309,2.42473,2.40324,0.12445,0.11914,-0.00001,1.19574,1.27664,-0.25565,-0.25438,0.00240,0.36002,0.22301,-0.10482,-0.10295,-0.00003,1.70666,1.90613,-0.46167,0.24215,-0.00533,5.95013,5.95618
75.2886,-2.19895,-3.82228,-2.19895,-3.82228,-2.19983,-3.82423,2.80017,1.17577,5.01282,5.02211,5.00000,5.00000,0.00000,0.00000,12,0.00037,-0.42526,-0.41701,0.00150,1.57494,1.56887,0.06242,0.05603,-0.00329,2.20911,2.08499,0.12641,0.11924,0.00013,0.99907,1.06894,-0.25649,-0.25441,-0.00846,0.41321,0.45094,-0.10602,-0.10299,-0.00972,1.83823,1.77409,-0.46286,0.24218,0.00825,5.98933,5.96676
75.3895,-2.19774,-3.81790,-2.19774,-3.81790,-2.19886,-3.81958,2.80114,1.18042,5.01271,5.02220,5.00000,5.00000,0.00000,0.00000,12,0.00037,-0.42526,-0.41719,-0.00646,1.61315,1.49627,0.06242,0.05607,0.00691,2.20858,2.19665,0.12641,0.11927,0.00424,0.96232,0.85859,-0.25649,-0.25441,-0.00296,0.43269,0.41674,-0.10602,-0.10297,0.00169,1.82677,1.89052,-0.46286,0.24216,0.00178,5.99232,6.09681
75.4903,-2.19618,-3.81214,-2.19618,-3.81214,-2.19701,-3.81519,2.80299,1.18481,5.01283,5.02159,5.00000,5.00000,0.00000,0.00000,12,0.00028,-0.42526,-0.41742,-0.00138,1.71843,1.66339,0.06242,0.05607,0.00382,2.12999,2.06364,0.12641,0.11931,-0.00049,0.85422,0.92881,-0.25649,-0.25441,-0.00264,0.46028,0.52783,-0.10602,-0.10297,-0.00075,1.89099,1.90343,-0.46286,0.24217,0.00216,5.98652,5.87794
75.5914,-2.19757,-3.80669,-2.19757,-3.80669,-2.19757,-3.80919,2.80243,1.19081,5.01319,5.02178,5.00000,5.00000,0.00000,0.00000,12,0.00034,-0.42526,-0.41770,-0.00542,1.79077,1.81390,0.06242,0.05610,0.00700,2.08094,2.17392,0.12641,0.11936,0.00307,0.81263,0.81965,-0.25649,-0.25441,0.00029,0.49232,0.50333,-0.10602,-0.10297,0.00157,1.93382,2.14436,-0.46286,0.24217,0.00523,5.98130,6.05763
75.6941,-2.19943,-3.80802,-2.19943,-3.80802,-2.19929,-3.80815,2.80071,1.19185,5.01325,5.02279,5.00000,5.00000,0.00000,0.00000,12,0.00037,-0.42526,-0.41804,-0.00040,1.88616,1.81472,0.06242,0.05613,0.00046,1.96866,2.05557,0.12641,0.11940,0.00378,0.72121,0.70354,-0.25649,-0.25440,0.00051,0.52242,0.42732,-0.10602,-0.10299,-0.00175,1.95020,2.08426,-0.46286,0.24215,-0.00182,5.96981,5.96809
75.7965,-2.20153,-3.81050,-2.20153,-3.81050,-2.20081,-3.80928,2.79919,1.19072,5.01351,5.02338,5.00000,5.00000,0.00000,0.00000,12,0.00034,-0.42526,-0.41852,-0.01015,1.89427,1.87424,0.06242,0.05614,-0.00713,1.90260,1.91136,0.12641,0.11946,0.00297,0.62944,0.61059,-0.25649,-0.25440,0.00491,0.56480,0.45075,-0.10602,-0.10299,-0.00202,1.98466,1.97371,-0.46286,0.24214,-0.00433,5.94450,5.88592
75.8968,-2.20156,-3.81026,-2.20156,-3.81026,-2.20169,-3.81041,2.79831,1.18959,5.01315,5.02280,5.00000,5.00000,0.00000,0.00000,12,0.00028,-0.42526,-0.41888,-0.00460,2.00008,1.86756,0.06242,0.05623,0.00079,1.83511,1.69861,0.12641,0.11951,0.00474,0.54486,0.49855,-0.25649,-0.25442,-0.00515,0.54690,0.46402,-0.10602,-0.10300,-0.00490,2.03947,2.05451,-0.46286,0.24216,-0.00075,5.99400,6.11435
75.9976,-2.20088,-3.81011,-2.20088,-3.81011,-2.20083,-3.80951,2.79917,1.19049,5.01323,5.02311,5.00000,5.00000,0.00000,0.00000,12,0.00028,-0.42526,-0.41952,-0.00246,2.01980,1.98295,0.06242,0.05629,0.00164,1.76723,1.66002,0.12641,0.11955,0.00117,0.47734,0.45196,-0.25649,-0.25441,0.00220,0.59870,0.76090,-0.10602,-0.10299,-0.00053,2.09411,2.23243,-0.46286,0.24214,-0.00956,5.92966,5.78290
76.0988,-2.19991,-3.80937,-2.19991,-3.80937,-2.19941,-3.80938,2.80059,1.19062,5.01341,5.02285,5.00000,5.00000,0.00000,0.00000,12,0.00033,-0.42526,-0.42028,-0.00592,2.01106,1.92680,0.06242,0.05635,-0.00160,1.68736,1.64560,0.12641,0.11960,-0.00367,0.34838,0.40053,-0.25649,-0.25445,-0.01090,0.59591,0.70487,-0.10602,-0.10299,0.00373,2.11263,2.14921,-0.46286,0.24218,0.00930,5.97795,5.90206
76.2002,-2.19990,-3.81244,-2.19990,-3.81244,-2.19981,-3.81041,2.80019,1.18959,5.01324,5.02373,5.00000,5.00000,0.00000,0.00000,12,0.00030,-0.42526,-0.42128,-0.01510,1.99368,2.11345,0.06242,0.05643,-0.00167,1.60161,1.62998,0.12641,0.11968,0.00258,0.29965,0.29803,-0.25649,-0.25442,0.00221,0.64504,0.77359,-0.10602,-0.10300,0.00328,2.14511,2.18087,-0.46286,0.24216,0.00069,5.99230,6.03783
76.3048,-2.19848,-3.81299,-2.19848,-3.81299,-2.19846,-3.81140,2.80154,1.18860,5.01320,5.02355,5.00000,5.00000,0.00000,0.00000,12,0.00029,-0.42526,-0.42281,-0.02279,1.90770,1.88693,0.06242,0.05655,-0.00218,1.55722,1.45446,0.12641,0.11976,0.00007,0.21786,0.02577,-0.25649,-0.25442,0.00621,0.68476,0.63588,-0.10602,-0.10301,-0.00259,2.18868,2.20780,-0.46286,0.24216,-0.00005,5.97433,6.05694
76.4057,-2.19275,-3.81189,-2.19275,-3.81189,-2.19537,-3.81227,2.80463,1.18773,5.01205,5.02271,5.00000,5.00000,0.00000,0.00000,12,0.00028,-0.42526,-0.42461,-0.01812,1.80671,1.80860,0.06242,0.05667,-0.00203,1.49542,1.48788,0.12641,0.11982,-0.00259,0.13111,0.25039,-0.25649,-0.25445,-0.00448,0.69258,0.64000,-0.10602,-0.10302,-0.00650,2.23808,2.13104,-0.46286,0.24215,-0.00382,5.95854,6.03376
76.5075,-2.18407,-3.81638,-2.18407,-3.81638,-2.18909,-3.81443,2.81091,1.18557,5.01098,5.02372,5.00000,5.00000,0.00000,0.00000,12,0.00094,-0.42526,-0.42598,-0.00698,1.73267,1.91878,0.06242,0.05676,0.00105,1.42205,1.37280,0.12641,0.11991,0.00361,0.09048,-0.12937,-0.25649,-0.25443,0.00649,0.72792,0.79947,-0.10602,-0.10300,0.00683,2.26409,2.22990,-0.46286,0.24216,0.00160,5.97961,6.02853
76.6077,-2.18496,-3.81371,-2.18496,-3.81371,-2.18548,-3.81474,2.81452,1.18526,5.01289,5.02244,5.00000,5.00000,0.00000,0.00000,12,0.00041,-0.42526,-0.42627,0.00682,1.75381,1.58066,0.06242,0.05686,-0.00169,1.34314,1.38133,0.12641,0.11998,0.00277,-0.01155,-0.03728,-0.25649,-0.25447,-0.00973,0.74620,0.68822,-0.10602,-0.10303,-0.00391,2.24666,2.18897,-0.46286,0.24216,0.00089,5.96336,6.00037
76.7080,-2.17974,-3.81459,-2.17974,-3.81459,-2.18165,-3.81400,2.81835,1.18600,5.01227,5.02314,5.00000,5.00000,0.00000,0.00000,12,0.00028,-0.42526,-0.42637,-0.00579,1.70497,1.58695,0.06242,0.05697,0.00321,1.29501,1.28311,0.12641,0.12006,0.00318,-0.06800,0.02343,-0.25649,-0.25444,0.00728,0.80514,0.72411,-0.10602,-0.10304,-0.01113,2.31985,2.35326,-0.46286,0.24216,0.00452,5.99400,5.98534
76.8091,-2.17940,-3.81208,-2.17940,-3.81208,-2.17954,-3.81202,2.82046,1.18798,5.01302,5.02290,5.00000,5.00000,0.00000,0.00000,12,0.00035,-0.42526,-0.42643,-0.00382,1.69898,1.69126,0.06242,0.05706,-0.00551,1.22010,1.15664,0.12641,0.12013,0.00229,-0.14002,-0.20182,-0.25649,-0.25448,-0.00440,0.77387,0.80797,-0.10602,-0.10302,0.01084,2.41048,2.35898,-0.46286,0.24215,-0.00393,5.94894,5.96859
