t_s,roll,pitch,err_r,err_p,err_r_filt,err_p_filt,integ_r,integ_p,pi_out_r,pi_out_p,corr_r,corr_p,target_roll,target_pitch,clip_flags,dt_actual,mt_0,enc_0,vel_0,iq_sp_0,iq_0,mt_1,enc_1,vel_1,iq_sp_1,iq_1,mt_2,enc_2,vel_2,iq_sp_2,iq_2,mt_3,enc_3,vel_3,iq_sp_3,iq_3,mt_4,enc_4,vel_4,iq_sp_4,iq_4,mt_5,enc_5,vel_5,iq_sp_5,iq_5
0.0000,-2.52942,-3.55004,-2.52942,-3.55004,-2.53144,-3.54727,2.46856,1.45273,5.01432,5.02247,5.00000,5.00000,0.00000,0.00000,12,0.00286,-0.49140,-0.48677,-0.00015,1.73231,1.77895,-0.00343,-0.00605,0.00503,1.45166,1.39942,0.06070,0.04343,0.00067,-0.56170,-0.56295,-0.32238,-0.32277,0.00247,-0.21234,-0.28458,-0.17190,-0.17338,-0.00316,5.06369,5.09657,-0.52906,0.24195,-0.00880,5.95666,6.03573
0.1046,-2.53081,-3.55473,-2.53081,-3.55473,-2.53033,-3.55322,2.46967,1.44678,5.01539,5.02197,5.00000,5.00000,0.00000,0.00000,12,0.00027,-0.49140,-0.48707,0.00685,1.77081,1.60928,-0.00343,-0.00607,-0.00029,1.42317,1.33588,0.06070,0.04404,0.00441,-0.73216,-0.71713,-0.32238,-0.32278,-0.01266,-0.20903,-0.35069,-0.17190,-0.17337,0.00240,5.06740,5.19584,-0.52906,0.24197,-0.00209,5.96942,5.99350
0.2064,-2.53090,-3.56248,-2.53090,-3.56248,-2.53041,-3.55978,2.46959,1.44022,5.01539,5.02252,5.00000,5.00000,0.00000,0.00000,12,0.00028,-0.49140,-0.48724,-0.00225,1.82197,1.85397,-0.00343,-0.00606,-0.00044,1.36384,1.37577,0.06070,0.04473,0.01311,-0.88408,-0.83960,-0.32238,-0.32277,-0.00314,-0.20542,-0.13629,-0.17190,-0.17337,-0.00204,5.03255,4.90344,-0.52906,0.24198,0.00990,5.97672,5.93612
0.3087,-2.53084,-3.56721,-2.53084,-3.56721,-2.53086,-3.56490,2.46914,1.43510,5.01518,5.02238,5.00000,5.00000,0.00000,0.00000,12,0.00034,-0.49140,-0.48741,0.00684,1.82539,1.86020,-0.00343,-0.00606,0.00107,1.34041,1.35079,0.06070,0.04564,0.00654,-0.99662,-0.95096,-0.32238,-0.32275,0.00454,-0.20989,-0.12520,-0.17190,-0.17338,-0.00570,4.99811,5.07811,-0.52906,0.24197,0.00196,5.97807,6.04097
0.4123,-2.52881,-3.58236,-2.52881,-3.58236,-2.52945,-3.57542,2.47055,1.42458,5.01490,5.02443,5.00000,5.00000,0.00000,0.00000,12,0.00077,-0.49140,-0.48767,-0.00166,1.86184,1.94757,-0.00343,-0.00606,-0.00437,1.31898,1.21800,0.06070,0.04724,0.01117,-1.05610,-1.14209,-0.32238,-0.32276,-0.00005,-0.23465,-0.38531,-0.17190,-0.17335,0.00550,5.03321,5.17966,-0.52906,0.24198,0.01067,5.99400,6.00200
0.5133,-2.53057,-3.59135,-2.53057,-3.59135,-2.53075,-3.58604,2.46925,1.41396,5.01511,5.02380,5.00000,5.00000,0.00000,0.00000,12,0.00031,-0.49140,-0.48785,-0.00527,1.88028,1.99432,-0.00343,-0.00606,-0.00916,1.27373,1.28784,0.06070,0.04893,0.01439,-1.09514,-1.04412,-0.32238,-0.32275,0.00548,-0.21813,-0.12173,-0.17190,-0.17336,0.00337,5.00425,4.99020,-0.52906,0.24196,-0.00570,5.96346,6.03805
0.6138,-2.52971,-3.59781,-2.52971,-3.59781,-2.52973,-3.59380,2.47027,1.40620,5.01517,5.02328,5.00000,5.00000,0.00000,0.00000,12,0.00039,-0.49140,-0.48802,0.00065,1.93715,1.95556,-0.00343,-0.00603,0.00498,1.26898,1.27924,0.06070,0.05028,0.00839,-1.15274,-1.15688,-0.32238,-0.32276,-0.00317,-0.22163,-0.33010,-0.17190,-0.17338,-0.01118,4.92710,5.10989,-0.52906,0.24196,-0.00252,5.99013,5.89823
0.7144,-2.52393,-3.60781,-2.52393,-3.60781,-2.52490,-3.60286,2.47510,1.39714,5.01473,5.02374,5.00000,5.00000,0.00000,0.00000,12,0.00027,-0.49140,-0.48823,-0.00266,1.96974,1.92406,-0.00343,-0.00603,-0.00179,1.24855,1.20505,0.06070,0.05145,0.00751,-1.22110,-1.23410,-0.32238,-0.32274,0.00716,-0.21431,-0.13258,-0.17190,-0.17338,-0.00804,4.94982,4.99510,-0.52906,0.24196,-0.00248,5.99400,6.04450
0.8176,-2.51840,-3.61402,-2.51840,-3.61402,-2.52148,-3.61051,2.47852,1.38949,5.01381,5.02317,5.00000,5.00000,0.00000,0.00000,12,0.00187,-0.49140,-0.48840,0.00696,2.00040,2.06539,-0.00343,-0.00601,0.00657,1.22526,1.28185,0.06070,0.05274,0.01558,-1.20576,-1.15787,-0.32238,-0.32277,-0.01043,-0.25911,-0.19480,-0.17190,-0.17338,-0.00944,4.92788,4.95549,-0.52906,0.24198,0.01025,5.99135,6.01671
0.9178,-2.51583,-3.63378,-2.51583,-3.63378,-2.51709,-3.62403,2.48291,1.37597,5.01456,5.02592,5.00000,5.00000,0.00000,0.00000,12,0.00038,-0.49140,-0.48865,-0.00498,2.01103,2.05015,-0.00343,-0.00601,0.00936,1.16631,1.18679,0.06070,0.05689,0.12595,-0.66722,-0.82059,-0.32238,-0.32275,0.00046,-0.24929,-0.24025,-0.17190,-0.17336,0.00006,4.91860,4.77481,-0.52906,0.24197,0.00529,5.96817,5.86127
1.0193,-2.53682,-3.78374,-2.53682,-3.78374,-2.52751,-3.74272,2.47249,1.25728,5.01916,5.04004,5.00000,5.00000,0.00000,0.00000,12,0.00027,-0.49140,-0.48892,-0.00883,2.00412,2.11714,-0.00343,-0.00597,0.00578,1.14881,1.19077,0.06070,0.07534,0.00112,0.28991,0.33325,-0.32238,-0.32275,-0.00512,-0.24041,-0.23768,-0.17190,-0.17333,0.01467,4.93273,4.86543,-0.52906,0.24196,0.00203,5.98358,5.95336
1.1210,-2.53833,-3.76958,-2.53833,-3.76958,-2.52914,-3.77647,2.47086,1.22353,5.01911,5.01971,5.00000,5.00000,0.00000,0.00000,12,0.00030,-0.49140,-0.48943,-0.00289,2.03222,2.08283,-0.00343,-0.00598,0.00205,1.09765,1.05843,0.06070,0.07528,-0.00061,0.46259,0.56162,-0.32238,-0.32274,0.00297,-0.24543,-0.34201,-0.17190,-0.17339,-0.01402,4.82804,4.87181,-0.52906,0.24194,-0.01214,5.94091,5.91021
1.2231,-2.52769,-3.79007,-2.52769,-3.79007,-2.52575,-3.79116,2.47425,1.20884,5.01599,5.02228,5.00000,5.00000,0.00000,0.00000,12,0.00105,-0.49140,-0.48963,-0.00335,1.99621,2.01782,-0.00343,-0.00599,-0.00588,1.06785,1.01388,0.06070,0.07520,-0.00105,0.62147,0.68546,-0.32238,-0.32276,-0.00634,-0.28792,-0.15726,-0.17190,-0.17336,-0.00046,4.86402,4.86680,-0.52906,0.24196,-0.00206,5.99400,6.02836
1.3238,-2.52205,-3.79733,-2.52205,-3.79733,-2.52575,-3.79341,2.47425,1.20659,5.01357,5.02444,5.00000,5.00000,0.00000,0.00000,12,0.00046,-0.49140,-0.48982,0.00381,2.05675,1.93929,-0.00343,-0.00598,-0.00734,1.00570,0.87341,0.06070,0.07512,0.00065,0.81436,0.80933,-0.32238,-0.32274,0.00016,-0.26525,-0.19325,-0.17190,-0.17336,-0.00393,4.87007,4.95809,-0.52906,0.24196,0.00696,5.99400,5.99502
1.4240,-2.53026,-3.79502,-2.53026,-3.79502,-2.52884,-3.79494,2.47116,1.20506,5.01578,5.02281,5.00000,5.00000,0.00000,0.00000,12,0.00028,-0.49140,-0.48997,0.00698,2.05884,2.04409,-0.00343,-0.00598,-0.00916,1.00475,1.05033,0.06070,0.07504,0.00244,0.98271,0.86879,-0.32238,-0.32273,0.00243,-0.25519,-0.21525,-0.17190,-0.17336,-0.00009,4.83326,4.85592,-0.52906,0.24197,0.00497,5.96398,6.12251
1.5260,-2.52535,-3.79513,-2.52535,-3.79513,-2.52842,-3.79583,2.47158,1.20417,5.01385,5.02248,5.00000,5.00000,0.00000,0.00000,12,0.00100,-0.49140,-0.49012,0.00028,2.05982,2.07909,-0.00343,-0.00595,-0.00282,0.97721,1.04791,0.06070,0.07494,0.00230,1.15590,1.10573,-0.32238,-0.32274,-0.00126,-0.27424,-0.13973,-0.17190,-0.17336,-0.00542,4.79469,4.76868,-0.52906,0.24194,-0.00805,5.97326,5.93623
1.6301,-2.52624,-3.79659,-2.52624,-3.79659,-2.52671,-3.79621,2.47329,1.20379,5.01496,5.02294,5.00000,5.00000,0.00000,0.00000,12,0.00145,-0.49140,-0.49022,-0.00703,2.06174,2.05063,-0.00343,-0.00593,0.00188,0.93924,0.92356,0.06070,0.07481,-0.00819,1.28158,1.26383,-0.32238,-0.32273,0.00201,-0.26440,-0.29258,-0.17190,-0.17333,0.00527,4.79475,4.65876,-0.52906,0.24196,0.00026,5.96132,5.98921
1.7292,-2.52072,-3.79838,-2.52072,-3.79838,-2.52243,-3.79784,2.47757,1.20216,5.01440,5.02302,5.00000,5.00000,0.00000,0.00000,12,0.00030,-0.49140,-0.49030,-0.00426,2.06761,1.95788,-0.00343,-0.00592,0.00728,0.93266,0.86584,0.06070,0.07467,-0.00095,1.47427,1.50173,-0.32238,-0.32274,-0.00337,-0.29192,-0.30449,-0.17190,-0.17335,-0.00261,4.77860,4.79582,-0.52906,0.24195,-0.00253,5.97770,6.01937
1.8305,-2.51428,-3.79575,-2.51428,-3.79575,-2.51760,-3.79697,2.48240,1.20303,5.01368,5.02226,5.00000,5.00000,0.00000,0.00000,12,0.00097,-0.49140,-0.49036,0.00933,2.08155,2.05615,-0.00343,-0.00592,-0.00472,0.90052,0.89907,0.06070,0.07459,0.00863,1.64044,1.69690,-0.32238,-0.32272,0.00405,-0.26171,-0.23291,-0.17190,-0.17333,0.00183,4.75018,4.72025,-0.52906,0.24197,0.00841,5.98162,5.95099
1.9316,-2.51811,-3.79841,-2.51811,-3.79841,-2.51693,-3.79745,2.48307,1.20255,5.01561,5.02319,5.00000,5.00000,0.00000,0.00000,12,0.00032,-0.49140,-0.49045,0.00482,2.09433,1.97990,-0.00343,-0.00587,0.00340,0.85630,0.83891,0.06070,0.07444,-0.00105,1.79753,1.77339,-0.32238,-0.32271,0.00893,-0.27639,-0.22827,-0.17190,-0.17331,0.01124,4.77376,4.86986,-0.52906,0.24195,-0.00049,5.95196,5.81149
2.0319,-2.52053,-3.80108,-2.52053,-3.80108,-2.51862,-3.79994,2.48138,1.20006,5.01593,5.02329,5.00000,5.00000,0.00000,0.00000,12,0.00031,-0.49140,-0.49054,0.00314,2.07814,2.10057,-0.00343,-0.00581,0.00197,0.82863,0.79085,0.06070,0.07431,0.00244,1.96111,2.10508,-0.32238,-0.32275,-0.00991,-0.32766,-0.27475,-0.17190,-0.17333,0.00482,4.72744,4.67310,-0.52906,0.24194,-0.00358,5.96861,5.94537
2.1324,-2.52305,-3.80331,-2.52305,-3.80331,-2.52281,-3.80197,2.47719,1.19803,5.01524,5.02338,5.00000,5.00000,0.00000,0.00000,12,0.00036,-0.49140,-0.49064,-0.00259,2.10778,2.08478,-0.00343,-0.00579,-0.00220,0.79490,0.69701,0.06070,0.07417,0.00496,2.11691,2.15981,-0.32238,-0.32272,0.00197,-0.27675,-0.24536,-0.17190,-0.17331,0.00996,4.73576,4.83205,-0.52906,0.24196,0.00220,5.99400,5.98727
2.2341,-2.52648,-3.80592,-2.52648,-3.80592,-2.52421,-3.80460,2.47579,1.19540,5.01612,5.02339,5.00000,5.00000,0.00000,0.00000,12,0.00114,-0.49140,-0.49071,0.00088,2.08632,2.21809,-0.00343,-0.00573,0.00517,0.79753,0.74584,0.06070,0.07402,-0.00302,2.29307,2.30523,-0.32238,-0.32270,0.00686,-0.28998,-0.42217,-0.17190,-0.17333,0.00074,4.67979,4.73773,-0.52906,0.24195,-0.00053,5.98577,5.91471
2.3340,-2.52417,-3.80920,-2.52417,-3.80920,-2.52413,-3.80749,2.47587,1.19251,5.01516,5.02358,5.00000,5.00000,0.00000,0.00000,12,0.00025,-0.49140,-0.49078,-0.00299,2.10602,2.17173,-0.00343,-0.00569,-0.00744,0.72108,0.73160,0.06070,0.07387,0.00199,2.40941,2.46464,-0.32238,-0.32272,-0.00379,-0.30715,-0.22191,-0.17190,-0.17333,0.00144,4.66291,4.59897,-0.52906,0.24195,0.00465,5.97034,5.85961
2.4353,-2.52475,-3.80957,-2.52475,-3.80957,-2.52448,-3.80889,2.47552,1.19111,5.01526,5.02314,5.00000,5.00000,0.00000,0.00000,12,0.00027,-0.49140,-0.49084,0.00301,2.12703,2.12775,-0.00343,-0.00562,0.00269,0.73605,0.64014,0.06070,0.07371,-0.00282,2.55339,2.53171,-0.32238,-0.32271,0.00088,-0.29106,-0.22450,-0.17190,-0.17333,0.00043,4.67372,4.54797,-0.52906,0.24192,-0.01048,5.92801,6.02373
2.5371,-2.52257,-3.80952,-2.52257,-3.80952,-2.52230,-3.80915,2.47770,1.19085,5.01525,5.02301,5.00000,5.00000,0.00000,0.00000,12,0.00034,-0.49140,-0.49088,-0.00008,2.09916,2.15726,-0.00343,-0.00556,0.00585,0.71910,0.56282,0.06070,0.07350,-0.00005,2.72535,2.67932,-0.32238,-0.32270,0.00294,-0.31285,-0.33838,-0.17190,-0.17334,-0.00209,4.64507,4.70211,-0.52906,0.24195,0.01008,5.97721,5.94504
2.6389,-2.52108,-3.81222,-2.52108,-3.81222,-2.52144,-3.81158,2.47856,1.18842,5.01497,5.02315,5.00000,5.00000,0.00000,0.00000,12,0.00029,-0.49140,-0.49091,0.00623,2.13769,2.20170,-0.00343,-0.00554,-0.00234,0.68093,0.69054,0.06070,0.07327,-0.00344,2.84096,2.93924,-0.32238,-0.32270,0.00109,-0.29195,-0.21103,-0.17190,-0.17332,0.00123,4.61766,4.66001,-0.52906,0.24194,0.00457,5.98371,5.95880
2.7419,-2.52218,-3.81084,-2.52218,-3.81084,-2.52181,-3.81116,2.47819,1.18884,5.01529,5.02273,5.00000,5.00000,0.00000,0.00000,12,0.00025,-0.49140,-0.49100,0.00134,2.10933,2.24339,-0.00343,-0.00547,0.00308,0.65091,0.74719,0.06070,0.07302,-0.00217,2.97594,3.03230,-0.32238,-0.32271,-0.00244,-0.34218,-0.31949,-0.17190,-0.17332,0.00488,4.61229,4.49921,-0.52906,0.24193,0.00072,5.98698,5.88225
2.8426,-2.52405,-3.81369,-2.52405,-3.81369,-2.52280,-3.81292,2.47720,1.18708,5.01567,5.02321,5.00000,5.00000,0.00000,0.00000,12,0.00024,-0.49140,-0.49106,-0.00578,2.11898,2.10054,-0.00343,-0.00541,0.00232,0.65991,0.70947,0.06070,0.07267,-0.00805,3.09449,3.02498,-0.32238,-0.32270,0.00119,-0.33257,-0.32862,-0.17190,-0.17332,-0.00275,4.60100,5.03218,-0.52906,0.24194,0.00850,5.98980,5.86618
2.9440,-2.52586,-3.81058,-2.52586,-3.81058,-2.52621,-3.81194,2.47379,1.18806,5.01500,5.02229,5.00000,5.00000,0.00000,0.00000,12,0.00026,-0.49140,-0.49108,-0.00012,2.09635,2.14279,-0.00343,-0.00536,0.00426,0.63980,0.68903,0.06070,0.07225,-0.00835,3.20872,3.23438,-0.32238,-0.32270,-0.00320,-0.31544,-0.17215,-0.17190,-0.17332,-0.00175,4.58700,4.69984,-0.52906,0.24191,-0.00486,5.94922,5.96460
3.0459,-2.53166,-3.81045,-2.53166,-3.81045,-2.52902,-3.81077,2.47098,1.18923,5.01630,5.02272,5.00000,5.00000,0.00000,0.00000,12,0.00034,-0.49140,-0.49115,-0.00786,2.10274,2.25397,-0.00343,-0.00529,-0.00079,0.60591,0.65841,0.06070,0.07172,-0.00369,3.33749,3.37920,-0.32238,-0.32269,0.00449,-0.32155,-0.35219,-0.17190,-0.17332,0.00169,4.54960,4.55320,-0.52906,0.24193,0.00430,5.96535,6.07507
3.1512,-2.53096,-3.80786,-2.53096,-3.80786,-2.53063,-3.80901,2.46937,1.19099,5.01532,5.02236,5.00000,5.00000,0.00000,0.00000,12,0.00100,-0.49140,-0.49116,0.00339,2.13312,2.22174,-0.00343,-0.00524,0.00137,0.58966,0.58542,0.06070,0.07098,-0.01304,3.39820,3.50084,-0.32238,-0.32269,0.00259,-0.30070,-0.48858,-0.17190,-0.17332,-0.00172,4.52184,4.56041,-0.52906,0.24190,-0.01126,5.94697,5.89016
3.2508,-2.53388,-3.80697,-2.53388,-3.80697,-2.53257,-3.80804,2.46743,1.19196,5.01576,5.02239,5.00000,5.00000,0.00000,0.00000,12,0.00027,-0.49140,-0.49118,0.00387,2.09155,2.12607,-0.00343,-0.00519,-0.00184,0.55453,0.57186,0.06070,0.07030,-0.00788,3.48137,3.40099,-0.32238,-0.32269,0.00577,-0.32391,-0.29144,-0.17190,-0.17331,0.00208,4.55291,4.48594,-0.52906,0.24194,0.00692,5.99400,6.08728
3.3518,-2.53193,-3.80347,-2.53193,-3.80347,-2.53214,-3.80502,2.46786,1.19498,5.01510,5.02216,5.00000,5.00000,0.00000,0.00000,12,0.00029,-0.49140,-0.49126,-0.01623,2.08177,1.95714,-0.00343,-0.00512,0.00669,0.57016,0.55330,0.06070,0.06959,-0.00182,3.54264,3.61064,-0.32238,-0.32271,-0.00617,-0.34361,-0.32469,-0.17190,-0.17331,0.00510,4.51370,4.36947,-0.52906,0.24193,0.00473,5.95776,5.83720
3.4529,-2.53114,-3.80083,-2.53114,-3.80083,-2.53217,-3.80211,2.46783,1.19789,5.01475,5.02226,5.00000,5.00000,0.00000,0.00000,12,0.00030,-0.49140,-0.49128,-0.00933,2.12540,1.99805,-0.00343,-0.00503,0.00826,0.57609,0.59713,0.06070,0.06881,-0.00542,3.58989,3.56292,-0.32238,-0.32267,0.00106,-0.33726,-0.38270,-0.17190,-0.17331,-0.00144,4.50644,4.35536,-0.52906,0.24193,0.00727,5.99400,6.06986
3.5545,-2.53220,-3.80043,-2.53220,-3.80043,-2.53270,-3.80085,2.46730,1.19915,5.01499,5.02262,5.00000,5.00000,0.00000,0.00000,12,0.00028,-0.49140,-0.49131,-0.00139,2.09973,2.08380,-0.00343,-0.00497,-0.00298,0.52423,0.45732,0.06070,0.06803,-0.01925,3.63098,3.54499,-0.32238,-0.32268,0.00067,-0.34850,-0.20601,-0.17190,-0.17330,0.00294,4.47815,4.45865,-0.52906,0.24191,-0.00371,5.92845,5.94499
3.6560,-2.53794,-3.79186,-2.53794,-3.79186,-2.53533,-3.79571,2.46467,1.20429,5.01633,5.02113,5.00000,5.00000,0.00000,0.00000,12,0.00029,-0.49140,-0.49133,0.00002,2.09527,2.01259,-0.00343,-0.00494,-0.00257,0.49613,0.47174,0.06070,0.06716,-0.00460,3.66389,3.60497,-0.32238,-0.32267,0.00163,-0.34322,-0.31367,-0.17190,-0.17331,-0.00302,4.43197,4.50419,-0.52906,0.24193,0.00550,5.98375,6.00933
3.7591,-2.53979,-3.78436,-2.53979,-3.78436,-2.53914,-3.78807,2.46086,1.21193,5.01551,5.02114,5.00000,5.00000,0.00000,0.00000,12,0.00027,-0.49140,-0.49138,-0.00828,2.10447,2.08589,-0.00343,-0.00487,-0.00507,0.47644,0.57952,0.06070,0.06614,-0.00982,3.66767,3.78956,-0.32238,-0.32266,-0.00194,-0.35101,-0.35008,-0.17190,-0.17331,-0.00576,4.41084,4.52299,-0.52906,0.24191,-0.00289,5.96309,6.06618
3.8610,-2.54118,-3.77710,-2.54118,-3.77710,-2.54061,-3.78050,2.45939,1.21950,5.01549,5.02122,5.00000,5.00000,0.00000,0.00000,12,0.00036,-0.49140,-0.49138,-0.00633,2.10718,2.18311,-0.00343,-0.00482,-0.00156,0.46893,0.53993,0.06070,0.06531,-0.01165,3.68002,3.80030,-0.32238,-0.32266,-0.00136,-0.35280,-0.32198,-0.17190,-0.17329,0.00354,4.43057,4.38259,-0.52906,0.24189,-0.00769,5.94140,6.06977
3.9614,-2.54270,-3.77064,-2.54270,-3.77064,-2.54226,-3.77462,2.45774,1.22538,5.01544,5.02094,5.00000,5.00000,0.00000,0.00000,12,0.00026,-0.49140,-0.49141,-0.00410,2.09581,2.12464,-0.00343,-0.00475,0.00255,0.47048,0.41250,0.06070,0.06453,-0.00981,3.66019,3.61542,-0.32238,-0.32263,0.00673,-0.34638,-0.31867,-0.17190,-0.17331,-0.00699,4.36935,4.53884,-0.52906,0.24191,-0.00049,5.98019,5.85166
4.0617,-2.53973,-3.76302,-2.53973,-3.76302,-2.54036,-3.76696,2.45964,1.23304,5.01497,5.02091,5.00000,5.00000,0.00000,0.00000,12,0.00028,-0.49140,-0.49143,0.00063,2.10368,2.20815,-0.00343,-0.00471,0.00406,0.45364,0.44434,0.06070,0.06384,-0.00513,3.65611,3.64873,-0.32238,-0.32264,-0.00333,-0.38423,-0.29114,-0.17190,-0.17326,0.01572,4.41908,4.34975,-0.52906,0.24193,0.00615,5.98593,5.92061
4.1624,-2.54018,-3.75984,-2.54018,-3.75984,-2.53975,-3.76163,2.46025,1.23837,5.01542,5.02181,5.00000,5.00000,0.00000,0.00000,12,0.00029,-0.49140,-0.49145,-0.00201,2.11323,2.07187,-0.00343,-0.00460,0.00201,0.43165,0.43881,0.06070,0.06327,-0.00683,3.66910,3.58808,-0.32238,-0.32261,0.00811,-0.33481,-0.31355,-0.17190,-0.17330,-0.00194,4.36083,4.34541,-0.52906,0.24190,-0.00248,5.98750,6.00186
4.2630,-2.54131,-3.75545,-2.54131,-3.75545,-2.54012,-3.75706,2.45988,1.24294,5.01575,5.02185,5.00000,5.00000,0.00000,0.00000,12,0.00025,-0.49140,-0.49148,-0.00545,2.08589,2.16367,-0.00343,-0.00453,0.00168,0.42514,0.44968,0.06070,0.06275,-0.00274,3.66163,3.73540,-0.32238,-0.32262,0.00621,-0.35103,-0.53955,-0.17190,-0.17329,-0.00010,4.35302,4.33917,-0.52906,0.24194,0.01031,5.95215,5.91394
4.3639,-2.54221,-3.74886,-2.54221,-3.74886,-2.54217,-3.75148,2.45783,1.24852,5.01527,5.02138,5.00000,5.00000,0.00000,0.00000,12,0.00025,-0.49140,-0.49147,-0.00450,2.09429,2.06727,-0.00343,-0.00447,0.00138,0.41647,0.57331,0.06070,0.06221,0.00104,3.66248,3.62294,-0.32238,-0.32263,-0.00071,-0.38042,-0.35098,-0.17190,-0.17328,0.00085,4.30981,4.34274,-0.52906,0.24189,-0.00570,5.94198,6.00906
4.4676,-2.54204,-3.74596,-2.54204,-3.74596,-2.54197,-3.74800,2.45803,1.25200,5.01528,5.02161,5.00000,5.00000,0.00000,0.00000,12,0.00051,-0.49140,-0.49146,0.01145,2.11488,2.03864,-0.00343,-0.00442,0.00176,0.40829,0.40298,0.06070,0.06175,-0.00181,3.65379,3.55025,-0.32238,-0.32262,0.00228,-0.35751,-0.27018,-0.17190,-0.17329,-0.00412,4.30642,4.29423,-0.52906,0.24189,-0.00716,5.93465,6.05365
4.5702,-2.53686,-3.74070,-2.53686,-3.74070,-2.53972,-3.74351,2.46028,1.25649,5.01401,5.02126,5.00000,5.00000,0.00000,0.00000,12,0.00100,-0.49140,-0.49150,-0.00067,2.08233,2.14818,-0.00343,-0.00441,-0.00328,0.41497,0.44339,0.06070,0.06127,-0.00999,3.60875,3.67042,-0.32238,-0.32261,0.00301,-0.36064,-0.38544,-0.17190,-0.17327,0.00631,4.33232,4.28588,-0.52906,0.24192,0.00826,5.99400,5.84194
4.6711,-2.53527,-3.73265,-2.53527,-3.73265,-2.53606,-3.73602,2.46394,1.26398,5.01488,5.02097,5.00000,5.00000,0.00000,0.00000,12,0.00027,-0.49140,-0.49152,-0.00284,2.06456,2.16571,-0.00343,-0.00434,0.00198,0.39185,0.41091,0.06070,0.06059,-0.00726,3.60005,3.53132,-0.32238,-0.32260,0.00652,-0.34770,-0.34253,-0.17190,-0.17326,0.00532,4.28826,4.44170,-0.52906,0.24191,0.00195,5.97750,6.03851
4.7719,-2.52838,-3.72658,-2.52838,-3.72658,-2.53025,-3.72966,2.46975,1.27034,5.01438,5.02106,5.00000,5.00000,0.00000,0.00000,12,0.00028,-0.49140,-0.49152,-0.00234,2.06360,2.11964,-0.00343,-0.00430,0.00615,0.38860,0.48675,0.06070,0.05977,-0.01205,3.47897,3.41282,-0.32238,-0.32261,-0.00076,-0.37823,-0.19813,-0.17190,-0.17326,0.00167,4.28903,4.25344,-0.52906,0.24190,-0.00355,5.95269,6.09140
4.8731,-2.52710,-3.70972,-2.52710,-3.70972,-2.52782,-3.71775,2.47218,1.28225,5.01486,5.01886,5.00000,5.00000,0.00000,0.00000,12,0.00072,-0.49140,-0.49153,0.00305,2.10779,1.99606,-0.00343,-0.00428,0.00185,0.37491,0.44409,0.06070,0.05818,-0.02435,3.31693,3.32331,-0.32238,-0.32259,0.00562,-0.38165,-0.28088,-0.17190,-0.17328,-0.00506,4.24246,4.33157,-0.52906,0.24190,-0.00150,5.99078,6.08828
4.9756,-2.52007,-3.63149,-2.52007,-3.63149,-2.52477,-3.67101,2.47523,1.32899,5.01314,5.00509,5.00000,5.00000,0.00000,0.00000,12,0.00176,-0.49140,-0.49154,-0.00315,2.07805,2.10825,-0.00343,-0.00424,0.00584,0.40157,0.33631,0.06070,0.04768,-0.11784,2.26856,2.20712,-0.32238,-0.32259,0.00657,-0.38152,-0.29233,-0.17190,-0.17329,-0.01305,4.19349,4.31505,-0.52906,0.24190,0.00066,5.99400,5.99775
5.0749,-2.52434,-3.59883,-2.52434,-3.59883,-2.52182,-3.61136,2.47818,1.38864,5.01621,5.01630,5.00000,5.00000,0.00000,0.00000,12,0.00025,-0.49140,-0.49154,0.00211,2.09086,2.15247,-0.00343,-0.00422,-0.00197,0.37751,0.48136,0.06070,0.04428,0.00169,2.21292,2.29391,-0.32238,-0.32260,0.00108,-0.37469,-0.51597,-0.17190,-0.17325,0.01025,4.20584,4.31394,-0.52906,0.24188,-0.00605,5.97072,6.03326
5.1779,-2.52923,-3.60084,-2.52923,-3.60084,-2.52578,-3.60082,2.47422,1.39918,5.01664,5.02161,5.00000,5.00000,0.00000,0.00000,12,0.00103,-0.49140,-0.49156,-0.00222,2.09694,2.13570,-0.00343,-0.00418,0.00895,0.36146,0.37397,0.06070,0.04422,-0.00023,2.00298,2.03673,-0.32238,-0.32259,0.00147,-0.40134,-0.41797,-0.17190,-0.17327,-0.00171,4.20827,4.23896,-0.52906,0.24190,-0.00004,5.95593,5.93817
5.2797,-2.52839,-3.60777,-2.52839,-3.60777,-2.52716,-3.60488,2.47284,1.39512,5.01569,5.02287,5.00000,5.00000,0.00000,0.00000,12,0.00033,-0.49140,-0.49155,0.00182,2.08111,2.00559,-0.00343,-0.00416,0.00340,0.34779,0.37309,0.06070,0.04423,-0.00581,1.79658,1.86242,-0.32238,-0.32259,0.00161,-0.40526,-0.33324,-0.17190,-0.17326,-0.00433,4.18683,4.10747,-0.52906,0.24189,-0.00103,5.97525,5.81794
5.3825,-2.52614,-3.60663,-2.52614,-3.60663,-2.52739,-3.60714,2.47261,1.39286,5.01463,5.02143,5.00000,5.00000,0.00000,0.00000,12,0.00038,-0.49140,-0.49156,0.00083,2.10395,2.04804,-0.00343,-0.00415,-0.00947,0.30441,0.19235,0.06070,0.04430,-0.00306,1.59293,1.65311,-0.32238,-0.32256,0.00357,-0.38655,-0.38066,-0.17190,-0.17325,0.00191,4.16490,4.08815,-0.52906,0.24190,0.00276,5.98808,6.12272
5.4830,-2.52963,-3.60610,-2.52963,-3.60610,-2.52868,-3.60650,2.47132,1.39350,5.01558,5.02147,5.00000,5.00000,0.00000,0.00000,12,0.00032,-0.49140,-0.49157,-0.00119,2.08850,2.16085,-0.00343,-0.00411,-0.00012,0.31854,0.27652,0.06070,0.04434,-0.00395,1.38861,1.34521,-0.32238,-0.32258,0.00155,-0.40439,-0.36968,-0.17190,-0.17325,0.00094,4.14428,4.13729,-0.52906,0.24189,-0.00406,5.96227,6.08220
5.5839,-2.52681,-3.60592,-2.52681,-3.60592,-2.52820,-3.60598,2.47180,1.39402,5.01457,5.02161,5.00000,5.00000,0.00000,0.00000,12,0.00045,-0.49140,-0.49157,0.00275,2.06877,2.02800,-0.00343,-0.00407,-0.00011,0.32647,0.43331,0.06070,0.04444,0.00399,1.22674,1.31384,-0.32238,-0.32256,0.00550,-0.38535,-0.38658,-0.17190,-0.17323,0.00617,4.15507,4.18949,-0.52906,0.24191,0.00429,5.98237,6.04356
5.6846,-2.53597,-3.61109,-2.53597,-3.61109,-2.53228,-3.60953,2.46772,1.39047,5.01678,5.02233,5.00000,5.00000,0.00000,0.00000,12,0.00031,-0.49140,-0.49156,0.00429,2.07286,2.07753,-0.00343,-0.00402,0.00776,0.34907,0.36558,0.06070,0.04450,-0.00443,1.02484,1.02085,-0.32238,-0.32256,-0.00004,-0.40360,-0.37592,-0.17190,-0.17325,0.00571,4.13072,4.04512,-0.52906,0.24189,-0.00175,5.97080,5.97496
5.7855,-2.53390,-3.60990,-2.53390,-3.60990,-2.53306,-3.60970,2.46694,1.39030,5.01556,5.02174,5.00000,5.00000,0.00000,0.00000,12,0.00031,-0.49140,-0.49159,-0.00868,2.04784,2.06477,-0.00343,-0.00400,0.00393,0.34246,0.24903,0.06070,0.04459,-0.00042,0.82548,0.72707,-0.32238,-0.32255,0.00399,-0.38866,-0.37082,-0.17190,-0.17326,-0.00529,4.07289,4.11675,-0.52906,0.24188,-0.00685,5.96637,6.03726
5.8867,-2.53015,-3.61317,-2.53015,-3.61317,-2.53153,-3.61174,2.46847,1.38826,5.01460,5.02229,5.00000,5.00000,0.00000,0.00000,12,0.00027,-0.49140,-0.49159,-0.00362,2.06428,2.09253,-0.00343,-0.00397,0.00722,0.31262,0.35846,0.06070,0.04470,0.00497,0.64899,0.65653,-0.32238,-0.32257,-0.00964,-0.38475,-0.45316,-0.17190,-0.17324,0.00213,4.05916,3.97739,-0.52906,0.24191,0.00712,5.94996,6.04469
5.9896,-2.53571,-3.61678,-2.53571,-3.61678,-2.53340,-3.61516,2.46660,1.38484,5.01619,5.02239,5.00000,5.00000,0.00000,0.00000,12,0.00027,-0.49140,-0.49159,-0.00276,2.05978,2.03352,-0.00343,-0.00394,0.00279,0.32766,0.39105,0.06070,0.04478,-0.00949,0.40821,0.57669,-0.32238,-0.32256,-0.00063,-0.40975,-0.37808,-0.17190,-0.17322,0.00810,4.10007,3.93923,-0.52906,0.24191,0.00853,5.98020,6.12299
6.0929,-2.53666,-3.61938,-2.53666,-3.61938,-2.53710,-3.61813,2.46290,1.38187,5.01503,5.02225,5.00000,5.00000,0.00000,0.00000,12,0.00093,-0.49140,-0.49161,-0.00389,2.04631,2.05210,-0.00343,-0.00392,-0.00046,0.32254,0.36153,0.06070,0.04494,0.00209,0.25161,0.27499,-0.32238,-0.32254,0.00435,-0.38625,-0.41094,-0.17190,-0.17323,0.00439,4.03996,4.17535,-0.52906,0.24187,-0.00565,5.91903,5.96019
6.1944,-2.54223,-3.61811,-2.54223,-3.61811,-2.54012,-3.61850,2.45988,1.38150,5.01615,5.02154,5.00000,5.00000,0.00000,0.00000,12,0.00034,-0.49140,-0.49159,0.00386,2.07459,1.88392,-0.00343,-0.00390,-0.00209,0.29160,0.25516,0.06070,0.04507,0.00373,0.08247,-0.11452,-0.32238,-0.32255,0.00025,-0.40344,-0.43044,-0.17190,-0.17323,-0.00165,4.03239,4.03742,-0.52906,0.24187,-0.00661,5.99121,5.88155
6.2955,-2.54432,-3.61628,-2.54432,-3.61628,-2.54251,-3.61735,2.45749,1.38265,5.01603,5.02125,5.00000,5.00000,0.00000,0.00000,12,0.00025,-0.49140,-0.49159,-0.00082,2.05750,1.97418,-0.00343,-0.00389,-0.00639,0.28079,0.23912,0.06070,0.04524,0.00889,-0.08959,-0.01724,-0.32238,-0.32253,0.00410,-0.41492,-0.42189,-0.17190,-0.17324,-0.00309,4.04053,3.95345,-0.52906,0.24191,0.00757,5.98097,6.08729
6.3971,-2.53980,-3.62028,-2.53980,-3.62028,-2.54202,-3.61864,2.45798,1.38136,5.01430,5.02242,5.00000,5.00000,0.00000,0.00000,12,0.00036,-0.49140,-0.49160,-0.00111,2.05003,2.11389,-0.00343,-0.00387,-0.00432,0.29184,0.41741,0.06070,0.04536,0.00261,-0.28244,-0.22417,-0.32238,-0.32252,-0.00023,-0.39190,-0.30325,-0.17190,-0.17323,-0.00464,3.99479,3.89583,-0.52906,0.24189,0.00229,5.98286,5.97005
6.4996,-2.53958,-3.62144,-2.53958,-3.62144,-2.53947,-3.62110,2.46053,1.37890,5.01528,5.02187,5.00000,5.00000,0.00000,0.00000,12,0.00028,-0.49140,-0.49159,0.00353,2.06731,2.14899,-0.00343,-0.00385,-0.00286,0.26831,0.23149,0.06070,0.04556,0.00138,-0.45032,-0.50285,-0.32238,-0.32252,-0.00048,-0.42768,-0.36020,-0.17190,-0.17321,0.01020,4.00328,3.99990,-0.52906,0.24190,0.00454,5.96461,6.10712
6.6025,-2.53591,-3.62260,-2.53591,-3.62260,-2.53836,-3.62190,2.46164,1.37810,5.01418,5.02203,5.00000,5.00000,0.00000,0.00000,12,0.00095,-0.49140,-0.49161,-0.00090,2.03908,2.16962,-0.00343,-0.00383,0.00032,0.28701,0.36760,0.06070,0.04577,-0.00041,-0.62926,-0.64024,-0.32238,-0.32252,-0.00315,-0.40621,-0.47275,-0.17190,-0.17323,-0.00485,3.96156,3.71824,-0.52906,0.24188,-0.00166,5.96991,6.06752
6.7024,-2.54067,-3.62394,-2.54067,-3.62394,-2.54007,-3.62385,2.45993,1.37615,5.01550,5.02178,5.00000,5.00000,0.00000,0.00000,12,0.00026,-0.49140,-0.49161,-0.00281,2.06242,1.93963,-0.00343,-0.00382,-0.00547,0.26866,0.36342,0.06070,0.04602,0.00411,-0.80279,-0.65520,-0.32238,-0.32250,0.00621,-0.40155,-0.47790,-0.17190,-0.17323,-0.00588,3.97383,4.00406,-0.52906,0.24188,0.00035,5.96334,6.10001
6.8037,-2.54343,-3.62399,-2.54343,-3.62399,-2.54169,-3.62396,2.45831,1.37604,5.01600,5.02176,5.00000,5.00000,0.00000,0.00000,12,0.00046,-0.49140,-0.49160,0.00539,2.06232,1.87892,-0.00343,-0.00379,0.00232,0.27688,0.20536,0.06070,0.04644,0.01161,-0.93266,-0.85593,-0.32238,-0.32251,0.00051,-0.39098,-0.35036,-0.17190,-0.17320,0.00519,3.94530,3.91030,-0.52906,0.24184,-0.01637,5.89838,5.92002
6.9054,-2.54391,-3.62750,-2.54391,-3.62750,-2.54407,-3.62581,2.45593,1.37419,5.01519,5.02248,5.00000,5.00000,0.00000,0.00000,12,0.00031,-0.49140,-0.49161,0.00080,2.03639,2.08297,-0.00343,-0.00379,-0.00433,0.28236,0.31778,0.06070,0.04708,0.01129,-1.04491,-1.00661,-0.32238,-0.32253,-0.01398,-0.45014,-0.31560,-0.17190,-0.17320,0.00611,3.92862,3.97072,-0.52906,0.24187,0.00051,5.98181,5.99611
7.0090,-2.54793,-3.63341,-2.54793,-3.63341,-2.54611,-3.63051,2.45389,1.36949,5.01606,5.02303,5.00000,5.00000,0.00000,0.00000,12,0.00033,-0.49140,-0.49161,0.00126,2.06894,2.11510,-0.00343,-0.00377,-0.00360,0.26099,0.33695,0.06070,0.04857,0.02517,-1.04656,-1.09280,-0.32238,-0.32251,-0.00176,-0.43155,-0.28971,-0.17190,-0.17321,-0.00049,3.92157,4.05799,-0.52906,0.24187,-0.00191,5.99176,5.98651
7.1097,-2.54862,-3.65079,-2.54862,-3.65079,-2.54891,-3.64432,2.45109,1.35568,5.01517,5.02464,5.00000,5.00000,0.00000,0.00000,12,0.00028,-0.49140,-0.49162,-0.00693,2.00237,1.98326,-0.00343,-0.00377,-0.00564,0.25165,0.20618,0.06070,0.05106,0.00781,-1.07094,-1.09426,-0.32238,-0.32249,0.00505,-0.40251,-0.46849,-0.17190,-0.17322,-0.00576,3.88115,4.01758,-0.52906,0.24188,0.00109,5.97623,5.91634
7.2105,-2.54572,-3.65465,-2.54572,-3.65465,-2.54725,-3.65214,2.45275,1.34786,5.01463,5.02299,5.00000,5.00000,0.00000,0.00000,12,0.00027,-0.49140,-0.49163,-0.00563,2.03201,2.17831,-0.00343,-0.00373,0.00262,0.26292,0.26015,0.06070,0.05200,0.01265,-1.12493,-1.03247,-0.32238,-0.32249,0.00031,-0.41584,-0.31478,-0.17190,-0.17323,-0.01060,3.84838,4.02230,-0.52906,0.24186,-0.00235,5.95873,6.04444
7.3117,-2.54262,-3.66059,-2.54262,-3.66059,-2.54331,-3.65697,2.45669,1.34303,5.01496,5.02349,5.00000,5.00000,0.00000,0.00000,12,0.00028,-0.49140,-0.49163,-0.00948,2.01807,1.99499,-0.00343,-0.00374,-0.00153,0.24117,0.27762,0.06070,0.05296,0.01497,-1.16226,-1.21641,-0.32238,-0.32249,0.00092,-0.41762,-0.38999,-0.17190,-0.17319,0.00599,3.86925,3.83999,-0.52906,0.24186,-0.00511,5.96868,6.00278
7.4162,-2.54282,-3.67273,-2.54282,-3.67273,-2.54356,-3.66633,2.45644,1.33367,5.01494,5.02474,5.00000,5.00000,0.00000,0.00000,12,0.00318,-0.49140,-0.49160,0.00451,2.01026,2.01042,-0.00343,-0.00372,0.00103,0.25687,0.23823,0.06070,0.05560,0.07303,-0.88256,-0.97210,-0.32238,-0.32248,0.00027,-0.41437,-0.43960,-0.17190,-0.17322,-0.00593,3.83570,3.86919,-0.52906,0.24187,-0.00073,5.96148,5.98720
7.5137,-2.57046,-3.81368,-2.57046,-3.81368,-2.55635,-3.77274,2.44365,1.22726,5.02138,5.04018,5.00000,5.00000,0.00000,0.00000,12,0.00038,-0.49140,-0.49163,-0.00373,2.02962,2.08075,-0.00343,-0.00367,0.00066,0.24913,0.27852,0.06070,0.07521,0.01031,0.30740,0.34810,-0.32238,-0.32248,-0.00308,-0.42494,-0.42759,-0.17190,-0.17321,-0.00323,3.83269,3.77629,-0.52906,0.24188,0.00285,5.96326,5.96494
7.6157,-2.56650,-3.82168,-2.56650,-3.82168,-2.55872,-3.81826,2.44128,1.18174,5.01869,5.02438,5.00000,5.00000,0.00000,0.00000,12,0.00030,-0.49140,-0.49163,-0.00286,1.99780,1.97064,-0.00343,-0.00359,0.00344,0.27102,0.17497,0.06070,0.07520,-0.00639,0.45332,0.43258,-0.32238,-0.32247,-0.00482,-0.42529,-0.37052,-0.17190,-0.17317,0.01018,3.84710,3.73304,-0.52906,0.24185,-0.01190,5.95595,6.02608
7.7187,-2.55738,-3.83382,-2.55738,-3.83382,-2.55828,-3.82924,2.44172,1.17076,5.01496,5.02494,5.00000,5.00000,0.00000,0.00000,12,0.00039,-0.49140,-0.49162,-0.00192,2.00181,2.10667,-0.00343,-0.00357,-0.00499,0.25610,0.26319,0.06070,0.07513,-0.01258,0.60425,0.49464,-0.32238,-0.32247,-0.00749,-0.43283,-0.45097,-0.17190,-0.17319,-0.00397,3.80852,3.69808,-0.52906,0.24189,0.00806,5.97378,6.03378
7.8221,-2.55698,-3.82990,-2.55698,-3.82990,-2.55916,-3.82380,2.44084,1.17620,5.01442,5.02556,5.00000,5.00000,0.00000,0.00000,12,0.00146,-0.49140,-0.49164,-0.01674,2.00466,2.08990,-0.00343,-0.00356,-0.00168,0.24047,0.20565,0.06070,0.07505,-0.00542,0.83012,0.78477,-0.32238,-0.32245,-0.00109,-0.43497,-0.33174,-0.17190,-0.17320,-0.00352,3.75996,3.87618,-0.52906,0.24186,-0.00323,5.94633,6.12576
7.9274,-2.55367,-3.82451,-2.55367,-3.82451,-2.55559,-3.82282,2.44441,1.17718,5.01451,5.02366,5.00000,5.00000,0.00000,0.00000,12,0.00280,-0.49140,-0.49162,-0.00126,1.99976,2.10140,-0.00343,-0.00355,-0.00019,0.24448,0.30092,0.06070,0.07496,-0.00546,0.98726,0.95467,-0.32238,-0.32243,0.00531,-0.37706,-0.47490,-0.17190,-0.17316,0.00350,3.78228,3.72827,-0.52906,0.24187,0.00329,5.94453,6.00660
8.0269,-2.55419,-3.82432,-2.55419,-3.82432,-2.55457,-3.82402,2.44543,1.17598,5.01516,5.02307,5.00000,5.00000,0.00000,0.00000,12,0.00059,-0.49140,-0.49163,-0.00693,2.00278,1.93468,-0.00343,-0.00353,0.00070,0.25726,0.36423,0.06070,0.07486,-0.00298,1.13402,1.10433,-0.32238,-0.32243,0.00003,-0.42588,-0.41242,-0.17190,-0.17321,-0.01588,3.74544,3.71456,-0.52906,0.24187,0.00790,5.98796,5.98336
8.1283,-2.55480,-3.82370,-2.55480,-3.82370,-2.55509,-3.82410,2.44491,1.17590,5.01521,5.02277,5.00000,5.00000,0.00000,0.00000,12,0.00044,-0.49140,-0.49163,-0.00282,2.01606,1.98110,-0.00343,-0.00351,0.00350,0.24908,0.19234,0.06070,0.07473,-0.00168,1.32263,1.32845,-0.32238,-0.32243,0.00438,-0.41115,-0.49061,-0.17190,-0.17319,-0.00664,3.73583,3.64160,-0.52906,0.24186,0.00766,5.97005,6.01266
8.2298,-2.56044,-3.82618,-2.56044,-3.82618,-2.55793,-3.82539,2.44207,1.17461,5.01642,5.02329,5.00000,5.00000,0.00000,0.00000,12,0.00045,-0.49140,-0.49161,0.00653,2.02240,1.98517,-0.00343,-0.00352,0.00138,0.25781,0.22743,0.06070,0.07463,-0.00406,1.46597,1.43554,-0.32238,-0.32243,-0.00157,-0.43218,-0.38055,-0.17190,-0.17318,-0.00434,3.70296,3.65506,-0.52906,0.24184,-0.00786,5.94541,5.96780
8.3316,-2.56057,-3.82722,-2.56057,-3.82722,-2.55972,-3.82708,2.44028,1.17292,5.01572,5.02302,5.00000,5.00000,0.00000,0.00000,12,0.00032,-0.49140,-0.49161,0.00561,2.01493,2.02301,-0.00343,-0.00350,0.00602,0.25513,0.34581,0.06070,0.07452,0.00141,1.66340,1.56397,-0.32238,-0.32245,-0.01079,-0.43729,-0.39156,-0.17190,-0.17315,0.00581,3.70431,3.79085,-0.52906,0.24185,-0.00512,5.95665,6.07948
8.4323,-2.56161,-3.82965,-2.56161,-3.82965,-2.56111,-3.82859,2.43889,1.17141,5.01558,5.02343,5.00000,5.00000,0.00000,0.00000,12,0.00030,-0.49140,-0.49162,-0.00117,1.98440,1.99498,-0.00343,-0.00352,-0.00490,0.24564,0.40359,0.06070,0.07437,-0.00499,1.81763,1.81442,-0.32238,-0.32242,0.00139,-0.41718,-0.48817,-0.17190,-0.17317,-0.00693,3.67211,3.76867,-0.52906,0.24187,0.00746,5.99335,6.03647
8.5331,-2.55947,-3.82828,-2.55947,-3.82828,-2.56000,-3.82893,2.44000,1.17107,5.01513,5.02270,5.00000,5.00000,0.00000,0.00000,12,0.00026,-0.49140,-0.49164,-0.00482,1.99384,2.01316,-0.00343,-0.00349,0.00913,0.27391,0.31999,0.06070,0.07425,0.00548,1.97741,1.91326,-0.32238,-0.32243,-0.00987,-0.42528,-0.35606,-0.17190,-0.17314,0.00554,3.70840,3.58110,-0.52906,0.24183,-0.00593,5.95104,5.83779
8.6348,-2.55724,-3.82824,-2.55724,-3.82824,-2.55838,-3.82848,2.44162,1.17152,5.01486,5.02287,5.00000,5.00000,0.00000,0.00000,12,0.00111,-0.49140,-0.49162,-0.00038,1.98204,2.01843,-0.00343,-0.00350,-0.00198,0.23156,0.30277,0.06070,0.07412,-0.00036,2.10807,1.96003,-0.32238,-0.32241,0.00322,-0.43641,-0.44612,-0.17190,-0.17313,0.00956,3.67805,3.59567,-0.52906,0.24186,0.00252,5.99066,5.99096
8.7346,-2.55967,-3.82996,-2.55967,-3.82996,-2.55834,-3.82884,2.44166,1.17116,5.01592,5.02345,5.00000,5.00000,0.00000,0.00000,12,0.00028,-0.49140,-0.49163,-0.00677,1.98654,1.97247,-0.00343,-0.00348,0.00422,0.26067,0.18431,0.06070,0.07397,-0.00024,2.28006,2.17512,-0.32238,-0.32242,-0.00748,-0.44588,-0.45230,-0.17190,-0.17317,-0.00647,3.62658,3.54401,-0.52906,0.24185,-0.00475,5.93174,5.97737
8.8359,-2.56535,-3.83018,-2.56535,-3.83018,-2.56277,-3.82988,2.43723,1.17012,5.01648,5.02311,5.00000,5.00000,0.00000,0.00000,12,0.00033,-0.49140,-0.49163,-0.00421,1.99119,2.06020,-0.00343,-0.00348,0.00171,0.25068,0.20776,0.06070,0.07381,-0.00417,2.39233,2.50191,-0.32238,-0.32238,0.00858,-0.40628,-0.36941,-0.17190,-0.17314,0.00291,3.62550,3.57344,-0.52906,0.24182,-0.01103,5.95994,5.89746
8.9392,-2.56840,-3.82914,-2.56840,-3.82914,-2.56608,-3.82977,2.43392,1.17023,5.01639,5.02271,5.00000,5.00000,0.00000,0.00000,12,0.00027,-0.49140,-0.49162,-0.00063,1.97219,2.04439,-0.00343,-0.00349,0.00005,0.24133,0.25367,0.06070,0.07363,-0.00015,2.56784,2.48777,-0.32238,-0.32238,0.00287,-0.42430,-0.48042,-0.17190,-0.17314,0.00468,3.61600,3.64653,-0.52906,0.24184,-0.00110,5.96847,5.96775
9.0411,-2.56833,-3.82467,-2.56833,-3.82467,-2.56730,-3.82650,2.43270,1.17350,5.01585,5.02218,5.00000,5.00000,0.00000,0.00000,12,0.00028,-0.49140,-0.49162,0.00017,1.97208,1.94872,-0.00343,-0.00348,-0.00063,0.24211,0.28496,0.06070,0.07345,-0.00180,2.74034,2.78292,-0.32238,-0.32239,0.00125,-0.43352,-0.35286,-0.17190,-0.17316,-0.00767,3.58453,3.69526,-0.52906,0.24185,0.00276,5.96979,6.00261
9.1449,-2.56800,-3.82762,-2.56800,-3.82762,-2.56791,-3.82699,2.43209,1.17301,5.01544,5.02323,5.00000,5.00000,0.00000,0.00000,12,0.00160,-0.49140,-0.49162,0.00652,1.99145,2.05884,-0.00343,-0.00349,-0.00621,0.24959,0.17464,0.06070,0.07322,-0.00254,2.85213,2.75058,-0.32238,-0.32239,0.00050,-0.40082,-0.24714,-0.17190,-0.17314,-0.00275,3.59374,3.73181,-0.52906,0.24182,-0.00871,5.96957,6.00192
9.2444,-2.56324,-3.82658,-2.56324,-3.82658,-2.56520,-3.82780,2.43480,1.17220,5.01455,5.02245,5.00000,5.00000,0.00000,0.00000,12,0.00027,-0.49140,-0.49162,-0.00467,1.98357,2.01197,-0.00343,-0.00348,0.00011,0.24682,0.22166,0.06070,0.07293,0.00047,2.96999,2.92123,-0.32238,-0.32239,0.00107,-0.43422,-0.38204,-0.17190,-0.17314,-0.00126,3.58193,3.63177,-0.52906,0.24187,0.01466,5.99400,5.95485
9.3468,-2.56786,-3.82569,-2.56786,-3.82569,-2.56685,-3.82641,2.43315,1.17359,5.01583,5.02265,5.00000,5.00000,0.00000,0.00000,12,0.00032,-0.49140,-0.49160,0.00563,1.99057,1.97270,-0.00343,-0.00347,0.00316,0.25813,0.20045,0.06070,0.07261,0.00062,3.11819,3.07292,-0.32238,-0.32237,0.00782,-0.40322,-0.42883,-0.17190,-0.17313,-0.00091,3.57206,3.39439,-0.52906,0.24182,-0.01377,5.94851,5.90500
9.4490,-2.56943,-3.82684,-2.56943,-3.82684,-2.56944,-3.82699,2.43056,1.17301,5.01541,5.02290,5.00000,5.00000,0.00000,0.00000,12,0.00027,-0.49140,-0.49162,-0.00150,1.95780,2.02432,-0.00343,-0.00346,0.00329,0.26173,0.35489,0.06070,0.07217,-0.00407,3.22170,3.31176,-0.32238,-0.32238,0.00420,-0.41875,-0.40502,-0.17190,-0.17312,0.00310,3.54707,3.61032,-0.52906,0.24183,-0.00575,5.96445,5.87708
9.5522,-2.57001,-3.82844,-2.57001,-3.82844,-2.57060,-3.82859,2.42940,1.17141,5.01517,5.02291,5.00000,5.00000,0.00000,0.00000,12,0.00074,-0.49140,-0.49164,-0.00824,1.95564,1.93038,-0.00343,-0.00346,0.00670,0.27367,0.23369,0.06070,0.07166,-0.00184,3.32216,3.42082,-0.32238,-0.32239,-0.00109,-0.44001,-0.34859,-0.17190,-0.17310,0.00811,3.55634,3.66571,-0.52906,0.24183,-0.00355,5.95428,5.86389
9.6525,-2.57184,-3.82709,-2.57184,-3.82709,-2.57162,-3.82756,2.42838,1.17244,5.01553,5.02277,5.00000,5.00000,0.00000,0.00000,12,0.00027,-0.49140,-0.49162,0.00464,1.96994,2.04398,-0.00343,-0.00347,0.00106,0.25088,0.28764,0.06070,0.07104,-0.01205,3.40599,3.63295,-0.32238,-0.32239,-0.00204,-0.40988,-0.35538,-0.17190,-0.17311,0.00515,3.49497,3.43625,-0.52906,0.24183,-0.00200,5.96274,5.89834
9.7533,-2.56859,-3.82059,-2.56859,-3.82059,-2.56970,-3.82350,2.43030,1.17650,5.01495,5.02170,5.00000,5.00000,0.00000,0.00000,12,0.00027,-0.49140,-0.49162,-0.00342,1.94090,2.04107,-0.00343,-0.00346,0.00362,0.26464,0.37275,0.06070,0.07030,-0.00952,3.47952,3.49541,-0.32238,-0.32237,0.00464,-0.41254,-0.35324,-0.17190,-0.17311,0.01122,3.46940,3.64141,-0.52906,0.24183,-0.00197,5.99296,5.90248
9.8540,-2.57064,-3.81387,-2.57064,-3.81387,-2.57002,-3.81709,2.42998,1.18291,5.01569,5.02152,5.00000,5.00000,0.00000,0.00000,12,0.00032,-0.49140,-0.49163,-0.00749,1.95268,1.98353,-0.00343,-0.00346,0.00453,0.23571,0.26205,0.06070,0.06951,-0.00479,3.55603,3.52137,-0.32238,-0.32239,-0.00591,-0.42495,-0.33251,-0.17190,-0.17312,-0.00574,3.45949,3.54741,-0.52906,0.24184,0.00540,5.98898,5.92547
9.9547,-2.57301,-3.80818,-2.57301,-3.80818,-2.57132,-3.81057,2.42868,1.18943,5.01615,5.02184,5.00000,5.00000,0.00000,0.00000,12,0.00031,-0.49140,-0.49163,-0.00153,1.97218,1.85969,-0.00343,-0.00345,0.00502,0.27283,0.28915,0.06070,0.06863,-0.01394,3.55803,3.48758,-0.32238,-0.32238,-0.00014,-0.40215,-0.44412,-0.17190,-0.17312,-0.00529,3.44417,3.43717,-0.52906,0.24182,-0.00746,5.96833,6.06071
10.0564,-2.57634,-3.80589,-2.57634,-3.80589,-2.57490,-3.80656,2.42510,1.19344,5.01607,5.02255,5.00000,5.00000,0.00000,0.00000,12,0.00049,-0.49140,-0.49162,-0.00126,1.94142,1.94813,-0.00343,-0.00346,-0.00065,0.25037,0.19259,0.06070,0.06787,-0.00820,3.59979,3.56166,-0.32238,-0.32238,0.00201,-0.42206,-0.36218,-0.17190,-0.17310,0.00119,3.46014,3.39777,-0.52906,0.24182,-0.00080,5.95851,5.84613
10.1580,-2.57543,-3.79692,-2.57543,-3.79692,-2.57583,-3.80005,2.42417,1.19995,5.01528,5.02146,5.00000,5.00000,0.00000,0.00000,12,0.00066,-0.49140,-0.49161,0.00027,1.98123,2.02549,-0.00343,-0.00344,0.00263,0.26859,0.21176,0.06070,0.06697,-0.01402,3.64507,3.51498,-0.32238,-0.32236,0.00514,-0.40598,-0.35223,-0.17190,-0.17313,-0.01390,3.38332,3.33616,-0.52906,0.24182,-0.00872,5.94784,6.05673
10.2610,-2.57566,-3.78461,-2.57566,-3.78461,-2.57599,-3.78989,2.42401,1.21011,5.01532,5.02048,5.00000,5.00000,0.00000,0.00000,12,0.00029,-0.49140,-0.49162,-0.00286,1.96127,1.93875,-0.00343,-0.00345,0.00032,0.26099,0.13113,0.06070,0.06588,-0.01039,3.63327,3.72076,-0.32238,-0.32236,0.00481,-0.40651,-0.35724,-0.17190,-0.17310,-0.00343,3.41799,3.45052,-0.52906,0.24182,-0.00536,5.97222,5.97187
10.3616,-2.57464,-3.78057,-2.57464,-3.78057,-2.57483,-3.78291,2.42517,1.21709,5.01537,5.02169,5.00000,5.00000,0.00000,0.00000,12,0.00027,-0.49140,-0.49161,0.00499,1.95688,1.81356,-0.00343,-0.00346,-0.00363,0.24229,0.28865,0.06070,0.06505,-0.01550,3.62978,3.82172,-0.32238,-0.32237,0.00030,-0.42604,-0.44409,-0.17190,-0.17310,-0.00056,3.38081,3.25620,-0.52906,0.24182,-0.00303,5.98407,6.01602
10.4619,-2.57833,-3.77297,-2.57833,-3.77297,-2.57697,-3.77551,2.42303,1.22449,5.01604,5.02156,5.00000,5.00000,0.00000,0.00000,12,0.00026,-0.49140,-0.49163,-0.00605,1.94467,1.86086,-0.00343,-0.00343,0.00185,0.24100,0.22760,0.06070,0.06430,-0.01060,3.63686,3.62094,-0.32238,-0.32236,0.00689,-0.40087,-0.44393,-0.17190,-0.17309,-0.00200,3.39751,3.42768,-0.52906,0.24182,-0.00194,5.94214,6.05575
10.5629,-2.58114,-3.77005,-2.58114,-3.77005,-2.58001,-3.77144,2.41999,1.22856,5.01597,5.02204,5.00000,5.00000,0.00000,0.00000,12,0.00027,-0.49140,-0.49162,-0.00316,1.95678,2.09103,-0.00343,-0.00345,-0.00665,0.23780,0.14127,0.06070,0.06366,-0.01064,3.64804,3.54500,-0.32238,-0.32237,0.00146,-0.41766,-0.43552,-0.17190,-0.17310,-0.00384,3.39798,3.41644,-0.52906,0.24181,-0.00459,5.97679,5.81245
10.6636,-2.57937,-3.76370,-2.57937,-3.76370,-2.58013,-3.76656,2.41987,1.23344,5.01515,5.02137,5.00000,5.00000,0.00000,0.00000,12,0.00031,-0.49140,-0.49163,-0.00228,1.94805,1.84215,-0.00343,-0.00344,0.00117,0.26496,0.21262,0.06070,0.06312,-0.00804,3.65753,3.70149,-0.32238,-0.32237,-0.00375,-0.39456,-0.40017,-0.17190,-0.17309,-0.00254,3.36032,3.49792,-0.52906,0.24183,0.00326,5.95674,6.00716
10.7645,-2.58030,-3.75825,-2.58030,-3.75825,-2.58018,-3.76122,2.41982,1.23878,5.01553,5.02129,5.00000,5.00000,0.00000,0.00000,12,0.00028,-0.49140,-0.49163,-0.00462,1.93900,1.85369,-0.00343,-0.00344,-0.00480,0.25945,0.22995,0.06070,0.06269,-0.00065,3.66412,3.60215,-0.32238,-0.32237,-0.00207,-0.42881,-0.48332,-0.17190,-0.17309,-0.00515,3.34661,3.38801,-0.52906,0.24184,0.00522,5.97593,5.75270
10.8661,-2.57669,-3.75255,-2.57669,-3.75255,-2.57843,-3.75565,2.42157,1.24435,5.01472,5.02121,5.00000,5.00000,0.00000,0.00000,12,0.00033,-0.49140,-0.49160,0.00511,1.95131,1.99248,-0.00343,-0.00344,-0.00102,0.22679,0.30759,0.06070,0.06221,0.00413,3.61191,3.57152,-0.32238,-0.32237,-0.00189,-0.37505,-0.33096,-0.17190,-0.17307,-0.00007,3.32557,3.20939,-0.52906,0.24183,0.00046,5.99400,6.05571
10.9706,-2.57849,-3.74874,-2.57849,-3.74874,-2.57809,-3.75014,2.42191,1.24986,5.01564,5.02190,5.00000,5.00000,0.00000,0.00000,12,0.00180,-0.49140,-0.49160,0.01094,1.95943,2.04788,-0.00343,-0.00342,0.00602,0.25774,0.20559,0.06070,0.06175,-0.00492,3.62874,3.55516,-0.32238,-0.32236,0.00069,-0.39637,-0.46514,-0.17190,-0.17307,0.00182,3.31639,3.26712,-0.52906,0.24181,-0.00684,5.95185,6.03694
11.0701,-2.58374,-3.74892,-2.58374,-3.74892,-2.58153,-3.74833,2.41847,1.25167,5.01644,5.02274,5.00000,5.00000,0.00000,0.00000,12,0.00028,-0.49140,-0.49162,0.00060,1.92197,1.98942,-0.00343,-0.00342,0.00630,0.25970,0.20921,0.06070,0.06129,-0.00428,3.58811,3.62102,-0.32238,-0.32236,-0.00140,-0.42419,-0.48013,-0.17190,-0.17306,0.00626,3.32328,3.36031,-0.52906,0.24181,-0.00534,5.96064,6.00554
11.1712,-2.58412,-3.74552,-2.58412,-3.74552,-2.58451,-3.74727,2.41549,1.25273,5.01534,5.02174,5.00000,5.00000,0.00000,0.00000,12,0.00027,-0.49140,-0.49162,-0.00427,1.90251,1.91021,-0.00343,-0.00343,0.00011,0.23514,0.14605,0.06070,0.06075,-0.00297,3.56601,3.59442,-0.32238,-0.32236,-0.00127,-0.42375,-0.40851,-0.17190,-0.17307,0.00261,3.26050,3.31712,-0.52906,0.24181,-0.00451,5.94930,5.96301
11.2722,-2.58414,-3.73896,-2.58414,-3.73896,-2.58502,-3.74185,2.41498,1.25815,5.01513,5.02121,5.00000,5.00000,0.00000,0.00000,12,0.00029,-0.49140,-0.49163,-0.00625,1.91878,2.02107,-0.00343,-0.00344,-0.00534,0.24430,0.31433,0.06070,0.06006,-0.00488,3.49806,3.56362,-0.32238,-0.32234,0.00814,-0.41338,-0.25999,-0.17190,-0.17305,0.00310,3.32007,3.17476,-0.52906,0.24182,-0.00255,5.97607,5.93199
11.3730,-2.57812,-3.73100,-2.57812,-3.73100,-2.57955,-3.73465,2.42045,1.26535,5.01486,5.02084,5.00000,5.00000,0.00000,0.00000,12,0.00029,-0.49140,-0.49162,0.00075,1.94244,1.99886,-0.00343,-0.00345,-0.00702,0.23603,0.28401,0.06070,0.05905,-0.01031,3.41644,3.45658,-0.32238,-0.32235,0.00797,-0.41883,-0.42534,-0.17190,-0.17307,-0.00498,3.26542,3.12708,-0.52906,0.24183,0.00329,5.99400,6.04892
11.4740,-2.57058,-3.69908,-2.57058,-3.69908,-2.57322,-3.71643,2.42678,1.28357,5.01431,5.01486,5.00000,5.00000,0.00000,0.00000,12,0.00034,-0.49140,-0.49161,0.00246,1.92039,1.87794,-0.00343,-0.00342,0.00652,0.23623,0.28129,0.06070,0.05294,-0.15329,2.52225,2.61497,-0.32238,-0.32236,-0.00044,-0.43622,-0.36406,-0.17190,-0.17307,0.00011,3.28726,3.08014,-0.52906,0.24182,-0.00183,5.96459,6.05710
11.5757,-2.56645,-3.61170,-2.56645,-3.61170,-2.56729,-3.64208,2.43271,1.35792,5.01504,5.00883,5.00000,5.00000,0.00000,0.00000,12,0.00034,-0.49140,-0.49161,0.00453,1.89289,1.89168,-0.00343,-0.00344,-0.00261,0.26289,0.20849,0.06070,0.04446,-0.00968,2.27862,2.24278,-0.32238,-0.32237,-0.00600,-0.40772,-0.42392,-0.17190,-0.17306,-0.00645,3.21299,3.16699,-0.52906,0.24182,0.00009,5.98880,6.09640
11.6789,-2.56738,-3.61359,-2.56738,-3.61359,-2.56793,-3.61883,2.43207,1.38117,5.01517,5.01947,5.00000,5.00000,0.00000,0.00000,12,0.00039,-0.49140,-0.49161,-0.00254,1.92997,1.94076,-0.00343,-0.00344,-0.00312,0.25440,0.27761,0.06070,0.04433,-0.00045,2.07198,2.09817,-0.32238,-0.32235,-0.00200,-0.41806,-0.42063,-0.17190,-0.17305,-0.00503,3.21172,3.21357,-0.52906,0.24181,-0.00424,5.95988,5.96841
11.7797,-2.56879,-3.61632,-2.56879,-3.61632,-2.56953,-3.61563,2.43047,1.38437,5.01510,5.02199,5.00000,5.00000,0.00000,0.00000,12,0.00035,-0.49140,-0.49162,0.00123,1.93453,1.85090,-0.00343,-0.00342,0.00288,0.24886,0.28640,0.06070,0.04434,0.00070,1.86483,1.92807,-0.32238,-0.32236,-0.00469,-0.42627,-0.30263,-0.17190,-0.17303,0.00344,3.23291,3.19858,-0.52906,0.24180,-0.00463,5.95519,5.99910
11.8803,-2.56944,-3.61383,-2.56944,-3.61383,-2.56801,-3.61457,2.43199,1.38543,5.01602,5.02137,5.00000,5.00000,0.00000,0.00000,12,0.00030,-0.49140,-0.49159,0.00915,1.91053,2.05880,-0.00343,-0.00343,0.00133,0.24135,0.12757,0.06070,0.04439,-0.00014,1.65864,1.67455,-0.32238,-0.32233,0.00636,-0.41237,-0.44342,-0.17190,-0.17304,-0.00141,3.19615,3.07959,-0.52906,0.24184,0.01169,5.99400,5.96590
11.9819,-2.56425,-3.61160,-2.56425,-3.61160,-2.56610,-3.61247,2.43390,1.38753,5.01460,5.02130,5.00000,5.00000,0.00000,0.00000,12,0.00033,-0.49140,-0.49160,0.00962,1.93599,1.82955,-0.00343,-0.00342,0.00423,0.24581,0.14112,0.06070,0.04443,-0.00367,1.49591,1.53227,-0.32238,-0.32233,0.01174,-0.39252,-0.46433,-0.17190,-0.17303,0.00257,3.17211,3.15261,-0.52906,0.24182,0.00545,5.98763,5.94956
12.0847,-2.56038,-3.61312,-2.56038,-3.61312,-2.56132,-3.61253,2.43868,1.38747,5.01496,5.02193,5.00000,5.00000,0.00000,0.00000,12,0.00252,-0.49140,-0.49162,-0.00370,1.88084,1.77199,-0.00343,-0.00343,-0.00150,0.22843,0.26959,0.06070,0.04451,0.00322,1.28664,1.36881,-0.32238,-0.32236,-0.00295,-0.42086,-0.43211,-0.17190,-0.17303,-0.00125,3.17737,3.01603,-0.52906,0.24180,-0.00797,5.95391,5.90684
12.1832,-2.56294,-3.61593,-2.56294,-3.61593,-2.56146,-3.61472,2.43854,1.38528,5.01600,5.02221,5.00000,5.00000,0.00000,0.00000,12,0.00028,-0.49140,-0.49159,0.00436,1.91755,1.92563,-0.00343,-0.00342,-0.00052,0.23773,0.16842,0.06070,0.04458,0.00433,1.10377,1.15742,-0.32238,-0.32235,-0.00215,-0.41637,-0.46563,-0.17190,-0.17302,0.00490,3.18848,2.95144,-0.52906,0.24181,0.00026,5.98987,5.96695
12.2841,-2.56293,-3.61463,-2.56293,-3.61463,-2.56346,-3.61378,2.43654,1.38622,5.01516,5.02205,5.00000,5.00000,0.00000,0.00000,12,0.00041,-0.49140,-0.49162,-0.00126,1.91761,1.88678,-0.00343,-0.00343,0.00109,0.24002,0.23554,0.06070,0.04466,-0.00176,0.90739,0.86328,-0.32238,-0.32234,0.00651,-0.41231,-0.45135,-0.17190,-0.17303,-0.00343,3.14405,3.26272,-0.52906,0.24181,0.00201,5.93731,6.01831
12.3867,-2.56319,-3.61685,-2.56319,-3.61685,-2.56335,-3.61674,2.43665,1.38326,5.01531,5.02175,5.00000,5.00000,0.00000,0.00000,12,0.00130,-0.49140,-0.49161,0.00088,1.92626,1.96273,-0.00343,-0.00344,-0.00906,0.23173,0.16720,0.06070,0.04476,0.00300,0.71916,0.71152,-0.32238,-0.32235,0.00451,-0.42389,-0.43631,-0.17190,-0.17302,-0.00224,3.13644,3.13126,-0.52906,0.24180,0.00231,5.98196,5.91555
12.4878,-2.55875,-3.61840,-2.55875,-3.61840,-2.56021,-3.61808,2.43979,1.38192,5.01473,5.02185,5.00000,5.00000,0.00000,0.00000,12,0.00033,-0.49140,-0.49162,-0.00117,1.91006,1.95238,-0.00343,-0.00342,0.00388,0.25390,0.19836,0.06070,0.04485,0.00391,0.52237,0.63271,-0.32238,-0.32234,0.00215,-0.39480,-0.40096,-0.17190,-0.17302,0.00363,3.14533,3.05602,-0.52906,0.24180,0.00271,5.95713,5.83300
12.5901,-2.55682,-3.61895,-2.55682,-3.61895,-2.55798,-3.61806,2.44202,1.38194,5.01485,5.02209,5.00000,5.00000,0.00000,0.00000,12,0.00027,-0.49140,-0.49162,0.00205,1.88746,1.94326,-0.00343,-0.00342,0.00475,0.25704,0.29236,0.06070,0.04499,0.00368,0.32712,0.29975,-0.32238,-0.32233,0.00580,-0.37826,-0.41457,-0.17190,-0.17300,0.00529,3.11295,2.97407,-0.52906,0.24177,-0.01571,5.96754,5.86189
12.6910,-2.56075,-3.62093,-2.56075,-3.62093,-2.55890,-3.61985,2.44110,1.38015,5.01615,5.02218,5.00000,5.00000,0.00000,0.00000,12,0.00030,-0.49140,-0.49162,-0.00064,1.90864,1.87631,-0.00343,-0.00342,0.00164,0.24388,0.19013,0.06070,0.04512,0.00529,0.17428,0.21571,-0.32238,-0.32235,-0.00413,-0.41793,-0.37992,-0.17190,-0.17300,0.00203,3.08996,2.98416,-0.52906,0.24180,0.00122,5.97457,5.92634
12.7926,-2.56506,-3.62455,-2.56506,-3.62455,-2.56374,-3.62299,2.43626,1.37701,5.01595,5.02240,5.00000,5.00000,0.00000,0.00000,12,0.00099,-0.49140,-0.49160,0.00317,1.89348,1.75427,-0.00343,-0.00342,0.00108,0.24287,0.32536,0.06070,0.04525,0.00258,-0.02415,-0.15534,-0.32238,-0.32233,0.00651,-0.40662,-0.43046,-0.17190,-0.17299,0.00546,3.06317,3.11710,-0.52906,0.24179,-0.00588,5.95050,5.91558
12.8931,-2.56939,-3.62437,-2.56939,-3.62437,-2.56818,-3.62410,2.43182,1.37590,5.01593,5.02186,5.00000,5.00000,0.00000,0.00000,12,0.00026,-0.49140,-0.49162,-0.00389,1.85884,1.87319,-0.00343,-0.00342,0.00299,0.25180,0.17480,0.06070,0.04540,0.00310,-0.18386,-0.27129,-0.32238,-0.32234,-0.00098,-0.43472,-0.38363,-0.17190,-0.17301,-0.00484,3.03968,3.09152,-0.52906,0.24180,0.00695,5.99400,5.98103
12.9949,-2.56821,-3.62510,-2.56821,-3.62510,-2.56708,-3.62415,2.43292,1.37585,5.01588,5.02215,5.00000,5.00000,0.00000,0.00000,12,0.00027,-0.49140,-0.49160,0.00399,1.86012,1.82713,-0.00343,-0.00342,-0.00114,0.23967,0.28594,0.06070,0.04556,0.00221,-0.37099,-0.34229,-0.32238,-0.32233,0.00796,-0.39985,-0.52065,-0.17190,-0.17297,0.00851,3.05397,3.14970,-0.52906,0.24179,0.00059,5.96187,5.96421
13.0967,-2.56679,-3.62463,-2.56679,-3.62463,-2.56694,-3.62449,2.43306,1.37551,5.01534,5.02181,5.00000,5.00000,0.00000,0.00000,12,0.00032,-0.49140,-0.49161,0.00122,1.87545,1.95744,-0.00343,-0.00342,0.00190,0.25803,0.24880,0.06070,0.04573,0.00044,-0.55182,-0.45260,-0.32238,-0.32235,-0.00536,-0.42149,-0.50722,-0.17190,-0.17299,-0.00011,3.00348,3.15649,-0.52906,0.24181,0.00780,5.96333,5.90184
13.1991,-2.56277,-3.62023,-2.56277,-3.62023,-2.56349,-3.62179,2.43651,1.37821,5.01507,5.02106,5.00000,5.00000,0.00000,0.00000,12,0.00111,-0.49140,-0.49162,-0.00425,1.85090,1.84338,-0.00343,-0.00342,-0.00023,0.23904,0.20027,0.06070,0.04595,0.00349,-0.72539,-0.69485,-0.32238,-0.32233,0.00406,-0.41072,-0.38234,-0.17190,-0.17297,-0.00457,3.01986,2.98823,-0.52906,0.24178,-0.00250,5.99400,5.98288
13.2987,-2.56198,-3.62100,-2.56198,-3.62100,-2.56224,-3.62067,2.43776,1.37933,5.01526,5.02187,5.00000,5.00000,0.00000,0.00000,12,0.00037,-0.49140,-0.49161,0.00169,1.88142,1.84896,-0.00343,-0.00341,0.00468,0.26115,0.28215,0.06070,0.04626,0.01169,-0.87164,-0.82079,-0.32238,-0.32234,0.00049,-0.39592,-0.40841,-0.17190,-0.17298,-0.00605,3.02909,3.03480,-0.52906,0.24181,0.00401,5.97214,6.13219
13.4001,-2.55918,-3.62472,-2.55918,-3.62472,-2.56052,-3.62325,2.43948,1.37675,5.01479,5.02237,5.00000,5.00000,0.00000,0.00000,12,0.00037,-0.49140,-0.49161,-0.00169,1.89265,1.97494,-0.00343,-0.00340,0.00322,0.26076,0.26253,0.06070,0.04670,0.00702,-1.00076,-1.11533,-0.32238,-0.32233,0.00382,-0.38017,-0.35574,-0.17190,-0.17296,0.00231,2.98898,3.00492,-0.52906,0.24179,0.00609,5.99400,5.85138
13.5014,-2.56079,-3.63249,-2.56079,-3.63249,-2.55966,-3.62867,2.44034,1.37133,5.01584,5.02341,5.00000,5.00000,0.00000,0.00000,12,0.00051,-0.49140,-0.49161,-0.00131,1.85725,1.87193,-0.00343,-0.00344,-0.01047,0.23123,0.22298,0.06070,0.04767,0.01688,-1.09095,-1.07461,-0.32238,-0.32234,-0.00035,-0.39375,-0.49179,-0.17190,-0.17295,0.00691,2.99703,3.01449,-0.52906,0.24178,-0.00054,5.96469,5.97560
13.6028,-2.56026,-3.64636,-2.56026,-3.64636,-2.55986,-3.63851,2.44014,1.36149,5.01553,5.02519,5.00000,5.00000,0.00000,0.00000,12,0.00032,-0.49140,-0.49160,-0.00092,1.86265,1.93426,-0.00343,-0.00344,-0.01039,0.23172,0.29721,0.06070,0.05051,0.02677,-1.02178,-1.04265,-0.32238,-0.32232,0.01139,-0.38222,-0.25764,-0.17190,-0.17297,-0.00436,2.97086,2.82335,-0.52906,0.24179,0.00210,5.96272,6.01763
13.7036,-2.56347,-3.65487,-2.56347,-3.65487,-2.56256,-3.65157,2.43744,1.34843,5.01576,5.02333,5.00000,5.00000,0.00000,0.00000,12,0.00036,-0.49140,-0.49161,-0.00643,1.86817,1.87193,-0.00343,-0.00341,0.00126,0.25090,0.12431,0.06070,0.05154,0.00235,-1.11526,-1.03808,-0.32238,-0.32235,-0.00539,-0.41814,-0.34661,-0.17190,-0.17296,0.00427,2.96780,2.99097,-0.52906,0.24178,-0.00073,5.96401,5.93432
13.8052,-2.56544,-3.66054,-2.56544,-3.66054,-2.56536,-3.65795,2.43464,1.34205,5.01543,5.02306,5.00000,5.00000,0.00000,0.00000,12,0.00029,-0.49140,-0.49160,0.00170,1.86254,1.92509,-0.00343,-0.00342,0.00084,0.24409,0.12349,0.06070,0.05237,0.01389,-1.13972,-1.24164,-0.32238,-0.32235,-0.00544,-0.41750,-0.50020,-0.17190,-0.17298,-0.01336,2.91037,2.88406,-0.52906,0.24178,-0.00167,5.97600,5.99538
13.9076,-2.56542,-3.66326,-2.56542,-3.66326,-2.56517,-3.66107,2.43483,1.33893,5.01550,5.02291,5.00000,5.00000,0.00000,0.00000,12,0.00101,-0.49140,-0.49160,0.00392,1.83957,1.88389,-0.00343,-0.00343,-0.00872,0.24410,0.29891,0.06070,0.05359,0.02417,-1.12245,-1.06342,-0.32238,-0.32235,-0.00392,-0.40782,-0.39868,-0.17190,-0.17297,-0.00540,2.92931,2.86666,-0.52906,0.24175,-0.00723,5.97557,6.04302
14.0116,-2.56102,-3.77978,-2.56102,-3.77978,-2.56285,-3.70957,2.43715,1.29043,5.01460,5.05235,5.00000,5.00000,0.00000,0.00000,12,0.00106,-0.49140,-0.49160,0.00626,1.87074,1.87963,-0.00343,-0.00340,0.00327,0.26177,0.17642,0.06070,0.07420,0.24789,0.89836,0.79382,-0.32238,-0.32233,0.00246,-0.37934,-0.29679,-0.17190,-0.17295,0.00301,2.92300,2.95721,-0.52906,0.24179,0.00967,5.99400,5.99353
14.1111,-2.56913,-3.83714,-2.56913,-3.83714,-2.57328,-3.80708,2.42672,1.19292,5.01366,5.03573,5.00000,5.00000,0.00000,0.00000,12,0.00026,-0.49140,-0.49161,-0.00171,1.83926,1.89635,-0.00343,-0.00337,-0.00163,0.26545,0.20929,0.06070,0.07518,0.00016,0.39570,0.46929,-0.32238,-0.32235,-0.00892,-0.45772,-0.49050,-0.17190,-0.17294,0.00051,2.90585,2.84963,-0.52906,0.24179,0.01065,5.99400,5.81885
14.2131,-2.56514,-3.83260,-2.56514,-3.83260,-2.57493,-3.82079,2.42507,1.17921,5.01125,5.02798,5.00000,5.00000,0.00000,0.00000,12,0.00027,-0.49140,-0.49161,-0.00360,1.86605,1.80515,-0.00343,-0.00337,0.00148,0.24825,0.30302,0.06070,0.07513,-0.00470,0.55880,0.60574,-0.32238,-0.32232,0.00462,-0.39933,-0.31094,-0.17190,-0.17292,0.00073,2.90505,2.87176,-0.52906,0.24177,-0.00284,5.95068,5.88039
14.3139,-2.57329,-3.81636,-2.57329,-3.81636,-2.57182,-3.82375,2.42818,1.17625,5.01606,5.01978,5.00000,5.00000,0.00000,0.00000,12,0.00034,-0.49140,-0.49163,-0.01187,1.82513,1.87243,-0.00343,-0.00336,0.00629,0.26889,0.23698,0.06070,0.07502,-0.00897,0.71641,0.78847,-0.32238,-0.32234,-0.00653,-0.41243,-0.43690,-0.17190,-0.17291,0.00715,2.88674,2.85361,-0.52906,0.24177,-0.00340,5.96358,5.94763
14.4148,-2.57605,-3.82173,-2.57605,-3.82173,-2.57337,-3.82512,2.42663,1.17488,5.01659,5.02150,5.00000,5.00000,0.00000,0.00000,12,0.00028,-0.49140,-0.49161,-0.00172,1.86557,1.75178,-0.00343,-0.00336,0.00381,0.25753,0.25352,0.06070,0.07494,-0.00021,0.90311,0.95467,-0.32238,-0.32232,0.00757,-0.38480,-0.44805,-0.17190,-0.17291,0.00320,2.86344,3.04687,-0.52906,0.24178,0.00757,5.98659,6.03978
14.5193,-2.57437,-3.82520,-2.57437,-3.82520,-2.57319,-3.82443,2.42681,1.17557,5.01594,5.02328,5.00000,5.00000,0.00000,0.00000,12,0.00030,-0.49140,-0.49161,-0.00470,1.82319,1.79672,-0.00343,-0.00336,0.00295,0.26006,0.23124,0.06070,0.07485,-0.00431,1.05615,1.01569,-0.32238,-0.32233,-0.00228,-0.39303,-0.38940,-0.17190,-0.17290,0.00253,2.85162,2.93731,-0.52906,0.24178,0.00243,5.97086,5.95511
14.6212,-2.57397,-3.82687,-2.57397,-3.82687,-2.57344,-3.82560,2.42656,1.17440,5.01567,5.02350,5.00000,5.00000,0.00000,0.00000,12,0.00029,-0.49140,-0.49160,0.00260,1.88020,1.81762,-0.00343,-0.00337,0.00069,0.24567,0.21596,0.06070,0.07476,0.00520,1.26448,1.34486,-0.32238,-0.32232,0.00402,-0.39890,-0.36403,-0.17190,-0.17292,-0.00830,2.83004,2.94169,-0.52906,0.24177,0.00314,5.97266,5.99652
14.7224,-2.57483,-3.82854,-2.57483,-3.82854,-2.57432,-3.82791,2.42568,1.17209,5.01567,5.02324,5.00000,5.00000,0.00000,0.00000,12,0.00029,-0.49140,-0.49162,-0.01065,1.79338,1.66830,-0.00343,-0.00337,-0.00198,0.23954,0.30329,0.06070,0.07464,-0.00230,1.40492,1.46357,-0.32238,-0.32233,-0.00223,-0.42336,-0.43198,-0.17190,-0.17292,-0.00758,2.85038,2.81878,-0.52906,0.24175,-0.00848,5.95833,6.09095
14.8249,-2.57488,-3.82798,-2.57488,-3.82798,-2.57491,-3.82759,2.42509,1.17241,5.01544,5.02313,5.00000,5.00000,0.00000,0.00000,12,0.00111,-0.49140,-0.49158,0.00997,1.84624,1.76558,-0.00343,-0.00337,-0.00194,0.24201,0.16087,0.06070,0.07451,0.00055,1.56833,1.52457,-0.32238,-0.32233,-0.00020,-0.38391,-0.37821,-0.17190,-0.17289,0.00476,2.82649,2.81476,-0.52906,0.24177,0.00087,5.96547,6.02120
14.9253,-2.57469,-3.82370,-2.57469,-3.82370,-2.57474,-3.82496,2.42526,1.17504,5.01543,5.02241,5.00000,5.00000,0.00000,0.00000,12,0.00029,-0.49140,-0.49157,0.01009,1.84882,1.82147,-0.00343,-0.00337,-0.00475,0.26185,0.34306,0.06070,0.07438,-0.00981,1.69290,1.64529,-0.32238,-0.32232,0.00387,-0.39643,-0.41645,-0.17190,-0.17289,-0.00014,2.80171,2.91145,-0.52906,0.24177,-0.00048,5.95840,6.07412
15.0273,-2.57353,-3.82195,-2.57353,-3.82195,-2.57389,-3.82296,2.42611,1.17704,5.01529,5.02250,5.00000,5.00000,0.00000,0.00000,12,0.00049,-0.49140,-0.49159,0.00222,1.80728,1.82646,-0.00343,-0.00338,-0.00519,0.25920,0.22481,0.06070,0.07429,0.00286,1.87461,2.01669,-0.32238,-0.32233,0.00262,-0.40260,-0.39342,-0.17190,-0.17288,-0.00029,2.79583,2.75321,-0.52906,0.24178,0.00575,5.99400,6.02110
15.1293,-2.56741,-3.82024,-2.56741,-3.82024,-2.56976,-3.82061,2.43024,1.17939,5.01441,5.02277,5.00000,5.00000,0.00000,0.00000,12,0.00037,-0.49140,-0.49160,-0.00226,1.81833,1.79232,-0.00343,-0.00336,0.00491,0.29251,0.21127,0.06070,0.07412,-0.00504,2.00920,2.12172,-0.32238,-0.32234,-0.00220,-0.39143,-0.45908,-0.17190,-0.17288,-0.00050,2.81167,2.78980,-0.52906,0.24176,-0.00301,5.97629,6.02042
15.2314,-2.57138,-3.81913,-2.57138,-3.81913,-2.57071,-3.81941,2.42929,1.18059,5.01571,5.02280,5.00000,5.00000,0.00000,0.00000,12,0.00108,-0.49140,-0.49161,-0.00631,1.79808,1.91175,-0.00343,-0.00336,0.00701,0.27800,0.27290,0.06070,0.07397,-0.00485,2.19338,2.20338,-0.32238,-0.32234,-0.00296,-0.39350,-0.38156,-0.17190,-0.17286,0.00456,2.79738,2.74822,-0.52906,0.24176,0.00014,5.98484,5.99694
15.3310,-2.57384,-3.81723,-2.57384,-3.81723,-2.57380,-3.81811,2.42620,1.18189,5.01546,5.02253,5.00000,5.00000,0.00000,0.00000,12,0.00030,-0.49140,-0.49160,-0.00202,1.81370,1.82189,-0.00343,-0.00336,0.00447,0.27110,0.29727,0.06070,0.07381,-0.00922,2.31168,2.28036,-0.32238,-0.32232,0.00816,-0.37742,-0.40954,-0.17190,-0.17287,-0.00670,2.74572,2.75708,-0.52906,0.24177,0.00518,5.97664,5.99634
15.4320,-2.57804,-3.81541,-2.57804,-3.81541,-2.57749,-3.81654,2.42251,1.18346,5.01570,5.02242,5.00000,5.00000,0.00000,0.00000,12,0.00030,-0.49140,-0.49159,0.00038,1.79401,1.85543,-0.00343,-0.00337,-0.00369,0.24636,0.19926,0.06070,0.07371,0.00001,2.48485,2.42659,-0.32238,-0.32235,-0.00514,-0.40385,-0.35337,-0.17190,-0.17284,0.00422,2.75540,2.90828,-0.52906,0.24175,-0.00357,5.97410,5.89654
15.5340,-2.57838,-3.81759,-2.57838,-3.81759,-2.57841,-3.81714,2.42159,1.18286,5.01546,5.02310,5.00000,5.00000,0.00000,0.00000,12,0.00121,-0.49140,-0.49160,-0.00520,1.76639,1.89709,-0.00343,-0.00336,0.00228,0.26332,0.30173,0.06070,0.07350,-0.00245,2.62231,2.60232,-0.32238,-0.32235,-0.00680,-0.40771,-0.40016,-0.17190,-0.17287,-0.00806,2.72197,2.76979,-0.52906,0.24176,-0.00057,5.98709,6.06017
15.6341,-2.58335,-3.82025,-2.58335,-3.82025,-2.58150,-3.81936,2.41850,1.18064,5.01628,5.02330,5.00000,5.00000,0.00000,0.00000,12,0.00031,-0.49140,-0.49159,-0.00022,1.81803,1.92383,-0.00343,-0.00337,-0.00034,0.28434,0.37879,0.06070,0.07328,-0.00430,2.76756,2.86205,-0.32238,-0.32233,-0.00042,-0.37697,-0.49666,-0.17190,-0.17283,0.00226,2.73098,2.78780,-0.52906,0.24176,-0.00319,5.98199,5.92878
15.7352,-2.58175,-3.82046,-2.58175,-3.82046,-2.58253,-3.82057,2.41747,1.17943,5.01516,5.02287,5.00000,5.00000,0.00000,0.00000,12,0.00027,-0.49140,-0.49159,0.00035,1.81923,1.79326,-0.00343,-0.00337,-0.00149,0.28147,0.31215,0.06070,0.07308,0.00300,2.91994,2.80713,-0.32238,-0.32233,0.00147,-0.40177,-0.38984,-0.17190,-0.17283,-0.00212,2.73407,2.61490,-0.52906,0.24176,0.00031,5.96372,5.94866
15.8364,-2.58908,-3.82056,-2.58908,-3.82056,-2.58675,-3.82062,2.41325,1.17938,5.01652,5.02290,5.00000,5.00000,0.00000,0.00000,12,0.00036,-0.49140,-0.49158,0.00584,1.83716,1.67214,-0.00343,-0.00339,-0.00848,0.24921,0.22093,0.06070,0.07280,-0.00590,3.03028,3.15376,-0.32238,-0.32233,0.00079,-0.40412,-0.39304,-0.17190,-0.17284,-0.00387,2.71434,2.62517,-0.52906,0.24175,-0.00757,5.98189,6.07981
15.9371,-2.59295,-3.81923,-2.59295,-3.81923,-2.59031,-3.81968,2.40969,1.18032,5.01667,5.02272,5.00000,5.00000,0.00000,0.00000,12,0.00037,-0.49140,-0.49160,-0.00365,1.79925,1.67242,-0.00343,-0.00337,-0.00495,0.27228,0.33750,0.06070,0.07244,-0.00040,3.17121,3.30705,-0.32238,-0.32233,0.00171,-0.40132,-0.38532,-0.17190,-0.17282,0.00482,2.70973,2.77028,-0.52906,0.24177,0.00623,5.99400,5.97722
16.0394,-2.59371,-3.81695,-2.59371,-3.81695,-2.59279,-3.81775,2.40721,1.18225,5.01595,5.02257,5.00000,5.00000,0.00000,0.00000,12,0.00028,-0.49140,-0.49160,-0.00373,1.79376,1.84570,-0.00343,-0.00338,-0.00670,0.25998,0.32628,0.06070,0.07196,-0.00330,3.29023,3.34022,-0.32238,-0.32233,0.00005,-0.40612,-0.36322,-0.17190,-0.17279,0.00486,2.68309,2.81576,-0.52906,0.24176,0.00692,5.97775,5.92702
16.1413,-2.59450,-3.81334,-2.59450,-3.81334,-2.59331,-3.81568,2.40669,1.18432,5.01607,5.02189,5.00000,5.00000,0.00000,0.00000,12,0.00036,-0.49140,-0.49160,-0.00605,1.78652,1.73602,-0.00343,-0.00337,-0.00376,0.27625,0.30377,0.06070,0.07140,-0.01149,3.35442,3.34829,-0.32238,-0.32232,0.00677,-0.37685,-0.40042,-0.17190,-0.17281,-0.00067,2.67865,2.78029,-0.52906,0.24174,-0.00498,5.96374,5.84709
16.2422,-2.59012,-3.80603,-2.59012,-3.80603,-2.59226,-3.80935,2.40774,1.19065,5.01464,5.02144,5.00000,5.00000,0.00000,0.00000,12,0.00069,-0.49140,-0.49157,0.00196,1.79270,1.83530,-0.00343,-0.00337,0.00303,0.26751,0.20694,0.06070,0.07069,-0.00856,3.42312,3.52477,-0.32238,-0.32233,0.00034,-0.37116,-0.37885,-0.17190,-0.17280,0.00157,2.67878,2.65304,-0.52906,0.24175,-0.00758,5.94653,6.03736
16.3426,-2.59071,-3.80366,-2.59071,-3.80366,-2.59141,-3.80500,2.40859,1.19500,5.01525,5.02226,5.00000,5.00000,0.00000,0.00000,12,0.00027,-0.49140,-0.49160,-0.01132,1.79482,1.71508,-0.00343,-0.00336,-0.00236,0.25494,0.32080,0.06070,0.06990,-0.01163,3.50828,3.65766,-0.32238,-0.32234,-0.00704,-0.40180,-0.31056,-0.17190,-0.17279,-0.00397,2.65717,2.55865,-0.52906,0.24177,0.00764,5.96193,5.96724
16.4435,-2.59463,-3.80318,-2.59463,-3.80318,-2.59275,-3.80318,2.40725,1.19682,5.01636,5.02282,5.00000,5.00000,0.00000,0.00000,12,0.00028,-0.49140,-0.49158,0.00453,1.82164,1.92069,-0.00343,-0.00336,0.00177,0.27035,0.27051,0.06070,0.06907,-0.00690,3.55348,3.72996,-0.32238,-0.32232,0.00841,-0.37070,-0.32341,-0.17190,-0.17278,-0.00248,2.65616,2.65053,-0.52906,0.24174,-0.00697,5.92086,5.95673
16.5441,-2.58990,-3.79867,-2.58990,-3.79867,-2.59147,-3.80011,2.40853,1.19989,5.01488,5.02218,5.00000,5.00000,0.00000,0.00000,12,0.00031,-0.49140,-0.49159,-0.00052,1.79671,1.86227,-0.00343,-0.00337,-0.00225,0.25429,0.20090,0.06070,0.06821,-0.00713,3.59314,3.73109,-0.32238,-0.32233,-0.00089,-0.37565,-0.42245,-0.17190,-0.17279,-0.00636,2.62940,2.68031,-0.52906,0.24177,0.00908,5.98715,6.02393
16.6452,-2.58813,-3.79307,-2.58813,-3.79307,-2.58994,-3.79561,2.41006,1.20439,5.01476,5.02169,5.00000,5.00000,0.00000,0.00000,12,0.00027,-0.49140,-0.49159,-0.00064,1.79401,1.78963,-0.00343,-0.00335,0.00656,0.28849,0.31062,0.06070,0.06742,-0.00292,3.63763,3.71855,-0.32238,-0.32233,0.00271,-0.39298,-0.36892,-0.17190,-0.17278,-0.00165,2.63713,2.57290,-0.52906,0.24177,0.00977,5.99400,6.12868
16.7474,-2.58809,-3.78385,-2.58809,-3.78385,-2.58850,-3.78870,2.41150,1.21130,5.01535,5.02065,5.00000,5.00000,0.00000,0.00000,12,0.00031,-0.49140,-0.49160,-0.00531,1.77398,1.81740,-0.00343,-0.00335,0.00731,0.29607,0.41840,0.06070,0.06645,-0.00619,3.64545,3.67685,-0.32238,-0.32231,0.00621,-0.37430,-0.35175,-0.17190,-0.17276,0.00548,2.62693,2.52182,-0.52906,0.24177,0.01218,5.98737,6.02125
16.8492,-2.58980,-3.77909,-2.58980,-3.77909,-2.58998,-3.78133,2.41002,1.21867,5.01546,5.02173,5.00000,5.00000,0.00000,0.00000,12,0.00072,-0.49140,-0.49160,-0.00862,1.75947,1.75508,-0.00343,-0.00337,-0.00269,0.28461,0.28542,0.06070,0.06552,-0.00403,3.64280,3.76480,-0.32238,-0.32234,-0.00321,-0.38336,-0.42473,-0.17190,-0.17275,-0.00180,2.60010,2.54940,-0.52906,0.24176,0.00463,5.99393,6.06143
16.9519,-2.59589,-3.77359,-2.59589,-3.77359,-2.59347,-3.77609,2.40653,1.22391,5.01660,5.02159,5.00000,5.00000,0.00000,0.00000,12,0.00099,-0.49140,-0.49160,-0.00378,1.77197,1.74509,-0.00343,-0.00337,-0.00268,0.28793,0.35826,0.06070,0.06468,-0.01395,3.62681,3.65964,-0.32238,-0.32232,0.00177,-0.35992,-0.35113,-0.17190,-0.17274,-0.00012,2.60215,2.55003,-0.52906,0.24174,-0.00223,5.90673,5.96637
17.0517,-2.59544,-3.77166,-2.59544,-3.77166,-2.59439,-3.77287,2.40561,1.22713,5.01602,5.02212,5.00000,5.00000,0.00000,0.00000,12,0.00027,-0.49140,-0.49159,-0.00748,1.76502,1.67022,-0.00343,-0.00337,-0.00417,0.24890,0.31725,0.06070,0.06410,0.00045,3.65593,3.70172,-0.32238,-0.32232,0.00604,-0.37642,-0.38813,-0.17190,-0.17273,-0.00193,2.59082,2.53626,-0.52906,0.24176,0.00855,5.98447,5.86672
17.1527,-2.60018,-3.76684,-2.60018,-3.76684,-2.59914,-3.76947,2.40086,1.23053,5.01604,5.02149,5.00000,5.00000,0.00000,0.00000,12,0.00029,-0.49140,-0.49159,-0.00997,1.75350,1.66846,-0.00343,-0.00336,0.00152,0.27507,0.22721,0.06070,0.06339,-0.00760,3.63394,3.63064,-0.32238,-0.32233,-0.00220,-0.40725,-0.40693,-0.17190,-0.17272,0.00214,2.59953,2.60905,-0.52906,0.24175,0.00182,5.98016,6.05500
17.2533,-2.60056,-3.76088,-2.60056,-3.76088,-2.59920,-3.76401,2.40080,1.23599,5.01618,5.02124,5.00000,5.00000,0.00000,0.00000,12,0.00029,-0.49140,-0.49159,-0.00397,1.76923,1.81579,-0.00343,-0.00337,-0.00050,0.29605,0.22897,0.06070,0.06287,-0.00856,3.61098,3.42837,-0.32238,-0.32232,0.00750,-0.36897,-0.44816,-0.17190,-0.17272,-0.00060,2.57989,2.49167,-0.52906,0.24174,-0.00146,5.95353,5.92165
17.3539,-2.59451,-3.75696,-2.59451,-3.75696,-2.59674,-3.75910,2.40326,1.24090,5.01463,5.02164,5.00000,5.00000,0.00000,0.00000,12,0.00030,-0.49140,-0.49159,-0.00427,1.76682,1.86163,-0.00343,-0.00337,-0.00240,0.29066,0.25687,0.06070,0.06239,-0.01018,3.60131,3.66975,-0.32238,-0.32235,-0.00971,-0.40761,-0.35107,-0.17190,-0.17272,-0.00107,2.57180,2.53281,-0.52906,0.24172,-0.00646,5.94331,5.95624
17.4542,-2.59872,-3.75134,-2.59872,-3.75134,-2.59751,-3.75327,2.40249,1.24673,5.01611,5.02169,5.00000,5.00000,0.00000,0.00000,12,0.00028,-0.49140,-0.49159,-0.00366,1.76681,1.76226,-0.00343,-0.00336,0.00468,0.28814,0.33572,0.06070,0.06193,-0.00849,3.60416,3.69247,-0.32238,-0.32232,0.00667,-0.37310,-0.37745,-0.17190,-0.17271,0.00001,2.53755,2.46841,-0.52906,0.24173,-0.00233,5.94772,5.91223
17.5559,-2.59532,-3.74477,-2.59532,-3.74477,-2.59552,-3.74754,2.40448,1.25246,5.01549,5.02130,5.00000,5.00000,0.00000,0.00000,12,0.00028,-0.49140,-0.49157,0.00867,1.81220,1.78179,-0.00343,-0.00336,0.00160,0.27572,0.24644,0.06070,0.06145,-0.00574,3.59735,3.56024,-0.32238,-0.32235,-0.00857,-0.40008,-0.28055,-0.17190,-0.17268,0.00917,2.57262,2.36656,-0.52906,0.24172,-0.00765,5.97700,5.99350
17.6615,-2.59215,-3.73867,-2.59215,-3.73867,-2.59461,-3.74219,2.40539,1.25781,5.01451,5.02094,5.00000,5.00000,0.00000,0.00000,12,0.00230,-0.49140,-0.49157,0.00260,1.79241,1.72977,-0.00343,-0.00337,-0.00152,0.29538,0.23599,0.06070,0.06088,0.00466,3.58996,3.62491,-0.32238,-0.32235,-0.00673,-0.39616,-0.26504,-0.17190,-0.17268,0.00771,2.55765,2.58576,-0.52906,0.24175,0.00777,5.99051,6.11064
17.7611,-2.59003,-3.73048,-2.59003,-3.73048,-2.59183,-3.73400,2.40817,1.26600,5.01478,5.02089,5.00000,5.00000,0.00000,0.00000,12,0.00032,-0.49140,-0.49159,-0.00566,1.75540,1.83438,-0.00343,-0.00337,-0.00139,0.26587,0.19234,0.06070,0.06030,-0.00793,3.52749,3.46140,-0.32238,-0.32232,0.00373,-0.37889,-0.33999,-0.17190,-0.17270,-0.00754,2.52075,2.60380,-0.52906,0.24172,-0.00561,5.92420,5.89163
17.8619,-2.58206,-3.71866,-2.58206,-3.71866,-2.58559,-3.72449,2.41441,1.27550,5.01400,5.01985,5.00000,5.00000,0.00000,0.00000,12,0.00029,-0.49140,-0.49156,0.01008,1.81807,1.77265,-0.00343,-0.00337,0.00080,0.27361,0.26237,0.06070,0.05937,-0.00841,3.44511,3.33160,-0.32238,-0.32233,0.00003,-0.39491,-0.40311,-0.17190,-0.17268,-0.00073,2.51220,2.56967,-0.52906,0.24174,0.00020,5.98352,5.96832
17.9642,-2.58255,-3.69549,-2.58255,-3.69549,-2.58265,-3.70741,2.41735,1.29259,5.01545,5.01713,5.00000,5.00000,0.00000,0.00000,12,0.00029,-0.49140,-0.49158,0.00266,1.78323,1.47106,-0.00343,-0.00337,-0.00367,0.29269,0.33296,0.06070,0.05673,-0.05684,3.08352,3.04545,-0.32238,-0.32233,0.00268,-0.35344,-0.31333,-0.17190,-0.17265,0.00431,2.50258,2.44948,-0.52906,0.24171,-0.00988,5.92601,5.91392
18.0691,-2.56523,-3.59834,-2.56523,-3.59834,-2.57317,-3.63964,2.42683,1.36036,5.01204,5.00414,5.00000,5.00000,0.00000,0.00000,12,0.00031,-0.49140,-0.49159,-0.00649,1.74679,1.79960,-0.00343,-0.00336,0.00310,0.28243,0.40164,0.06070,0.04541,-0.07591,2.18346,2.21303,-0.32238,-0.32235,-0.00650,-0.39244,-0.41717,-0.17190,-0.17264,0.00233,2.49358,2.50495,-0.52906,0.24172,0.00122,5.97876,5.90519
18.1720,-2.56653,-3.58849,-2.56653,-3.58849,-2.56835,-3.59922,2.43165,1.40078,5.01463,5.01700,5.00000,5.00000,0.00000,0.00000,12,0.00029,-0.49140,-0.49158,-0.00117,1.76714,1.75032,-0.00343,-0.00336,0.00142,0.28209,0.15923,0.06070,0.04442,-0.00155,2.11854,2.08997,-0.32238,-0.32234,-0.00357,-0.37631,-0.37632,-0.17190,-0.17266,0.00424,2.48127,2.35544,-0.52906,0.24174,0.00683,5.99400,5.96124
18.2737,-2.57116,-3.59333,-2.57116,-3.59333,-2.56928,-3.59351,2.43072,1.40649,5.01622,5.02148,5.00000,5.00000,0.00000,0.00000,12,0.00039,-0.49140,-0.49157,0.00071,1.77479,1.84468,-0.00343,-0.00335,0.00506,0.29914,0.32255,0.06070,0.04441,0.00240,1.93081,1.92595,-0.32238,-0.32233,0.00111,-0.35749,-0.42322,-0.17190,-0.17266,-0.00616,2.46952,2.35491,-0.52906,0.24172,-0.00644,5.97517,6.08652
18.3742,-2.57247,-3.59700,-2.57247,-3.59700,-2.57240,-3.59600,2.42760,1.40400,5.01547,5.02200,5.00000,5.00000,0.00000,0.00000,12,0.00026,-0.49140,-0.49159,0.00005,1.76080,1.64358,-0.00343,-0.00337,-0.00616,0.25234,0.38019,0.06070,0.04446,0.00581,1.73890,1.78461,-0.32238,-0.32233,0.00244,-0.38449,-0.38536,-0.17190,-0.17266,-0.00234,2.47355,2.47889,-0.52906,0.24174,0.00361,5.97344,6.01797
18.4755,-2.58189,-3.60320,-2.58189,-3.60320,-2.57775,-3.60108,2.42225,1.39892,5.01724,5.02252,5.00000,5.00000,0.00000,0.00000,12,0.00033,-0.49140,-0.49155,0.01090,1.78092,1.71123,-0.00343,-0.00336,0.00051,0.28272,0.23802,0.06070,0.04450,0.00038,1.54866,1.51267,-0.32238,-0.32234,-0.00444,-0.37594,-0.41533,-0.17190,-0.17263,0.00449,2.46915,2.42503,-0.52906,0.24174,0.01040,5.98282,5.98750
18.5803,-2.57910,-3.60415,-2.57910,-3.60415,-2.57875,-3.60324,2.42125,1.39676,5.01562,5.02201,5.00000,5.00000,0.00000,0.00000,12,0.00038,-0.49140,-0.49158,-0.00247,1.75347,1.77446,-0.00343,-0.00335,0.00138,0.28850,0.23126,0.06070,0.04456,0.00125,1.33089,1.29317,-0.32238,-0.32232,0.00479,-0.37107,-0.35062,-0.17190,-0.17264,-0.00444,2.42656,2.62122,-0.52906,0.24173,0.00734,5.99400,5.89032
18.6825,-2.58005,-3.60601,-2.58005,-3.60601,-2.57945,-3.60437,2.42055,1.39563,5.01573,5.02233,5.00000,5.00000,0.00000,0.00000,12,0.00101,-0.49140,-0.49157,0.00350,1.74267,1.66815,-0.00343,-0.00336,0.00228,0.29052,0.26257,0.06070,0.04464,0.00162,1.12940,1.10282,-0.32238,-0.32232,0.00438,-0.36936,-0.31562,-0.17190,-0.17262,0.00300,2.45206,2.46748,-0.52906,0.24174,0.00377,5.99012,6.15224
18.7829,-2.58092,-3.61086,-2.58092,-3.61086,-2.58092,-3.60903,2.41908,1.39097,5.01549,5.02244,5.00000,5.00000,0.00000,0.00000,12,0.00031,-0.49140,-0.49159,-0.00573,1.76613,1.75076,-0.00343,-0.00337,-0.00664,0.29012,0.26270,0.06070,0.04471,0.00038,0.94262,1.06775,-0.32238,-0.32235,-0.00884,-0.39330,-0.30884,-0.17190,-0.17261,0.00156,2.44509,2.53174,-0.52906,0.24171,-0.00660,5.97715,6.09030
18.8841,-2.57782,-3.60965,-2.57782,-3.60965,-2.57935,-3.60922,2.42065,1.39078,5.01482,5.02184,5.00000,5.00000,0.00000,0.00000,12,0.00040,-0.49140,-0.49156,0.00398,1.74769,1.68321,-0.00343,-0.00335,0.00501,0.30575,0.25329,0.06070,0.04480,0.00069,0.77201,0.80372,-0.32238,-0.32232,0.00633,-0.36547,-0.33653,-0.17190,-0.17261,0.00352,2.41384,2.34023,-0.52906,0.24173,0.00437,5.97641,5.87401
18.9872,-2.57935,-3.60769,-2.57935,-3.60769,-2.57837,-3.60723,2.42163,1.39277,5.01589,5.02184,5.00000,5.00000,0.00000,0.00000,12,0.00151,-0.49140,-0.49158,-0.00193,1.74441,1.72710,-0.00343,-0.00337,-0.00454,0.29702,0.25847,0.06070,0.04489,0.00388,0.58157,0.57100,-0.32238,-0.32233,0.00093,-0.38549,-0.25853,-0.17190,-0.17260,0.00114,2.42113,2.53475,-0.52906,0.24175,0.01592,5.99400,6.12899
19.0871,-2.57702,-3.60836,-2.57702,-3.60836,-2.57702,-3.60774,2.42298,1.39226,5.01546,5.02191,5.00000,5.00000,0.00000,0.00000,12,0.00047,-0.49140,-0.49157,0.00359,1.73602,1.74774,-0.00343,-0.00336,0.00396,0.30417,0.29652,0.06070,0.04500,-0.00245,0.40098,0.29883,-0.32238,-0.32233,-0.00021,-0.35669,-0.34152,-0.17190,-0.17261,-0.00876,2.38716,2.36954,-0.52906,0.24174,0.01103,5.99400,6.01866
19.1911,-2.57735,-3.60735,-2.57735,-3.60735,-2.57720,-3.60756,2.42280,1.39244,5.01553,5.02155,5.00000,5.00000,0.00000,0.00000,12,0.00027,-0.49140,-0.49157,0.00057,1.72312,1.76032,-0.00343,-0.00335,0.00471,0.30699,0.21101,0.06070,0.04515,-0.00147,0.18976,0.35622,-0.32238,-0.32232,0.00191,-0.34546,-0.19651,-0.17190,-0.17258,0.00650,2.41010,2.22505,-0.52906,0.24170,-0.00866,5.96673,5.62545
19.2929,-2.57864,-3.60729,-2.57864,-3.60729,-2.57852,-3.60742,2.42148,1.39258,5.01552,5.02159,5.00000,5.00000,0.00000,0.00000,12,0.00029,-0.49140,-0.49156,0.00093,1.75862,1.64789,-0.00343,-0.00336,-0.00000,0.28829,0.13994,0.06070,0.04529,0.00226,0.03414,0.01690,-0.32238,-0.32233,-0.00394,-0.36742,-0.38582,-0.17190,-0.17261,-0.00661,2.38043,2.35847,-0.52906,0.24173,0.00308,5.97045,6.00741
19.3932,-2.58098,-3.61127,-2.58098,-3.61127,-2.57985,-3.60930,2.42015,1.39070,5.01596,5.02250,5.00000,5.00000,0.00000,0.00000,12,0.00026,-0.49140,-0.49157,-0.00129,1.71246,1.55692,-0.00343,-0.00337,-0.00433,0.26626,0.28829,0.06070,0.04544,0.00283,-0.15549,-0.18122,-0.32238,-0.32231,0.00797,-0.35252,-0.43857,-0.17190,-0.17257,0.00351,2.39068,2.24734,-0.52906,0.24171,-0.00232,5.99400,5.91130
19.4954,-2.58384,-3.61423,-2.58384,-3.61423,-2.58117,-3.61262,2.41883,1.38738,5.01663,5.02237,5.00000,5.00000,0.00000,0.00000,12,0.00100,-0.49140,-0.49157,-0.00159,1.74047,1.68569,-0.00343,-0.00337,-0.00476,0.26761,0.22285,0.06070,0.04559,-0.00144,-0.32790,-0.28539,-0.32238,-0.32234,-0.00145,-0.39283,-0.41796,-0.17190,-0.17256,0.00534,2.36842,2.48142,-0.52906,0.24170,-0.00564,5.93328,5.90811
19.5965,-2.58460,-3.61462,-2.58460,-3.61462,-2.58390,-3.61408,2.41610,1.38592,5.01581,5.02192,5.00000,5.00000,0.00000,0.00000,12,0.00043,-0.49140,-0.49156,0.00220,1.76020,1.91070,-0.00343,-0.00337,-0.00269,0.27491,0.26960,0.06070,0.04577,0.00828,-0.50078,-0.46889,-0.32238,-0.32233,0.00072,-0.35074,-0.28238,-0.17190,-0.17256,-0.00410,2.39215,2.37601,-0.52906,0.24172,0.00267,5.98334,6.02827
19.6978,-2.58488,-3.61304,-2.58488,-3.61304,-2.58499,-3.61334,2.41501,1.38666,5.01546,5.02155,5.00000,5.00000,0.00000,0.00000,12,0.00028,-0.49140,-0.49156,0.00611,1.73595,1.83406,-0.00343,-0.00337,-0.00244,0.30894,0.16220,0.06070,0.04595,0.00377,-0.64993,-0.64962,-0.32238,-0.32233,0.00162,-0.34572,-0.37794,-0.17190,-0.17257,-0.00566,2.37532,2.26484,-0.52906,0.24172,0.00504,5.98852,5.98990
19.8016,-2.58563,-3.61326,-2.58563,-3.61326,-2.58498,-3.61310,2.41502,1.38690,5.01579,5.02174,5.00000,5.00000,0.00000,0.00000,12,0.00029,-0.49140,-0.49158,0.00092,1.74045,1.86141,-0.00343,-0.00336,0.00077,0.29034,0.30182,0.06070,0.04624,0.00436,-0.83547,-0.86904,-0.32238,-0.32232,0.00256,-0.37209,-0.36253,-0.17190,-0.17254,0.00584,2.35402,2.45602,-0.52906,0.24170,-0.00249,5.97286,6.02585
19.9031,-2.58406,-3.61892,-2.58406,-3.61892,-2.58550,-3.61640,2.41450,1.38360,5.01489,5.02278,5.00000,5.00000,0.00000,0.00000,12,0.00028,-0.49140,-0.49157,0.00070,1.74041,1.71023,-0.00343,-0.00336,0.00341,0.30286,0.42978,0.06070,0.04664,0.00046,-0.97033,-1.04213,-0.32238,-0.32234,-0.00495,-0.37106,-0.30347,-0.17190,-0.17255,-0.00472,2.33962,2.28603,-0.52906,0.24171,0.00420,5.96846,5.87722
20.0039,-2.58333,-3.62097,-2.58333,-3.62097,-2.58363,-3.61954,2.41637,1.38046,5.01537,5.02233,5.00000,5.00000,0.00000,0.00000,12,0.00036,-0.49140,-0.49156,0.00536,1.72923,1.77185,-0.00343,-0.00337,-0.00524,0.26963,0.33713,0.06070,0.04739,0.01050,-1.07801,-1.03642,-0.32238,-0.32233,0.00208,-0.34198,-0.27603,-0.17190,-0.17254,-0.00251,2.34523,2.44975,-0.52906,0.24170,-0.00642,5.96338,5.87779
20.1043,-2.57781,-3.63935,-2.57781,-3.63935,-2.58017,-3.63096,2.41983,1.36904,5.01447,5.02538,5.00000,5.00000,0.00000,0.00000,12,0.00028,-0.49140,-0.49157,-0.00425,1.72338,1.75297,-0.00343,-0.00337,-0.00234,0.28022,0.33430,0.06070,0.04999,0.03615,-0.98455,-1.12306,-0.32238,-0.32236,-0.01118,-0.39791,-0.33323,-0.17190,-0.17255,-0.00613,2.32143,2.19327,-0.52906,0.24171,0.00210,5.98095,6.10005
20.2053,-2.57203,-3.64874,-2.57203,-3.64874,-2.57526,-3.64453,2.42474,1.35547,5.01407,5.02367,5.00000,5.00000,0.00000,0.00000,12,0.00029,-0.49140,-0.49156,0.00120,1.70876,1.60751,-0.00343,-0.00334,0.00964,0.30309,0.25351,0.06070,0.05129,0.00459,-1.10336,-1.12340,-0.32238,-0.32233,0.00071,-0.34673,-0.32050,-0.17190,-0.17254,-0.00720,2.31527,2.34590,-0.52906,0.24172,0.00532,5.97853,6.06969
20.3084,-2.57193,-3.65312,-2.57193,-3.65312,-2.57241,-3.65090,2.42759,1.34910,5.01523,5.02286,5.00000,5.00000,0.00000,0.00000,12,0.00105,-0.49140,-0.49156,0.00463,1.71750,1.80175,-0.00343,-0.00336,0.00004,0.29678,0.21349,0.06070,0.05218,0.01262,-1.13582,-1.27551,-0.32238,-0.32233,0.00212,-0.37188,-0.35444,-0.17190,-0.17251,0.01175,2.35045,2.31620,-0.52906,0.24170,-0.00290,5.97393,5.86515
20.4096,-2.57031,-3.65576,-2.57031,-3.65576,-2.57127,-3.65401,2.42873,1.34599,5.01502,5.02268,5.00000,5.00000,0.00000,0.00000,12,0.00032,-0.49140,-0.49159,-0.01179,1.71068,1.60643,-0.00343,-0.00336,0.00059,0.29958,0.15387,0.06070,0.05340,0.02259,-1.13183,-1.01354,-0.32238,-0.32233,-0.00267,-0.35372,-0.32952,-0.17190,-0.17254,-0.00731,2.29785,2.50084,-0.52906,0.24172,0.00742,5.98123,5.75110
20.5106,-2.56612,-3.70751,-2.56612,-3.70751,-2.56782,-3.67625,2.43218,1.32375,5.01468,5.03546,5.00000,5.00000,0.00000,0.00000,12,0.00027,-0.49140,-0.49155,0.00706,1.72844,1.67567,-0.00343,-0.00335,0.00004,0.30009,0.35557,0.06070,0.06717,0.52482,1.24841,0.45693,-0.32238,-0.32233,0.00147,-0.37123,-0.33037,-0.17190,-0.17251,0.00569,2.31864,2.19715,-0.52906,0.24171,0.00397,5.98177,6.00749
20.6122,-2.56928,-3.82312,-2.56928,-3.82312,-2.57889,-3.79298,2.42111,1.20702,5.01135,5.03567,5.00000,5.00000,0.00000,0.00000,12,0.00028,-0.49140,-0.49158,-0.00684,1.72860,1.83970,-0.00343,-0.00337,-0.00355,0.28091,0.38289,0.06070,0.07513,-0.00174,0.36408,0.34720,-0.32238,-0.32233,-0.00136,-0.38205,-0.36622,-0.17190,-0.17249,0.00170,2.30778,2.26992,-0.52906,0.24171,0.00274,5.99242,5.99355
20.7145,-2.58910,-3.81471,-2.58910,-3.81471,-2.58442,-3.81128,2.41558,1.18872,5.01751,5.02434,5.00000,5.00000,0.00000,0.00000,12,0.00111,-0.49140,-0.49157,0.00034,1.69388,1.79980,-0.00343,-0.00336,-0.00043,0.29893,0.31250,0.06070,0.07511,0.00725,0.55546,0.56261,-0.32238,-0.32234,-0.00296,-0.35837,-0.40387,-0.17190,-0.17248,0.00111,2.27044,2.25413,-0.52906,0.24172,0.00920,5.98952,5.95689
20.8159,-2.58991,-3.81724,-2.58991,-3.81724,-2.58338,-3.82011,2.41662,1.17989,5.01830,5.02169,5.00000,5.00000,0.00000,0.00000,12,0.00029,-0.49140,-0.49157,-0.00142,1.71787,1.75836,-0.00343,-0.00336,-0.00209,0.29242,0.39937,0.06070,0.07501,-0.00483,0.69413,0.65751,-0.32238,-0.32231,0.00651,-0.34710,-0.36828,-0.17190,-0.17248,0.00367,2.30569,2.06390,-0.52906,0.24170,0.00000,5.96575,6.01614
20.9169,-2.58317,-3.82044,-2.58317,-3.82044,-2.58138,-3.82208,2.41862,1.17792,5.01625,5.02223,5.00000,5.00000,0.00000,0.00000,12,0.00034,-0.49140,-0.49155,0.00324,1.70618,1.69107,-0.00343,-0.00335,-0.00053,0.33290,0.32545,0.06070,0.07493,0.00129,0.87267,0.85272,-0.32238,-0.32234,-0.00276,-0.38724,-0.19231,-0.17190,-0.17249,-0.00167,2.24631,2.30481,-0.52906,0.24171,0.00512,5.96964,6.11741
21.0192,-2.57800,-3.81960,-2.57800,-3.81960,-2.57940,-3.82076,2.42060,1.17924,5.01488,5.02243,5.00000,5.00000,0.00000,0.00000,12,0.00116,-0.49140,-0.49156,-0.00074,1.71948,1.78688,-0.00343,-0.00335,0.00626,0.32439,0.40102,0.06070,0.07483,0.00708,1.03289,1.01847,-0.32238,-0.32234,-0.00602,-0.36678,-0.36882,-0.17190,-0.17247,-0.00049,2.28361,2.36029,-0.52906,0.24171,0.00659,5.97659,6.01120
21.1215,-2.57391,-3.82269,-2.57391,-3.82269,-2.57536,-3.82153,2.42464,1.17847,5.01483,5.02343,5.00000,5.00000,0.00000,0.00000,12,0.00028,-0.49140,-0.49157,-0.00513,1.69841,1.70130,-0.00343,-0.00336,-0.00768,0.30777,0.35103,0.06070,0.07472,-0.00167,1.22234,1.09106,-0.32238,-0.32234,-0.00378,-0.35717,-0.49571,-0.17190,-0.17247,-0.00121,2.24079,2.18703,-0.52906,0.24168,-0.00448,5.96313,5.79045
21.2224,-2.57261,-3.82111,-2.57261,-3.82111,-2.57350,-3.82145,2.42650,1.17855,5.01506,5.02278,5.00000,5.00000,0.00000,0.00000,12,0.00027,-0.49140,-0.49156,0.00040,1.68580,1.83985,-0.00343,-0.00335,0.00020,0.30603,0.41509,0.06070,0.07462,0.00304,1.37900,1.22090,-0.32238,-0.32232,0.00700,-0.34471,-0.37614,-0.17190,-0.17247,0.00296,2.25014,2.19902,-0.52906,0.24171,0.00312,5.98759,6.01328
21.3240,-2.57324,-3.82166,-2.57324,-3.82166,-2.57254,-3.82139,2.42746,1.17861,5.01574,5.02304,5.00000,5.00000,0.00000,0.00000,12,0.00038,-0.49140,-0.49155,0.00613,1.70857,1.80620,-0.00343,-0.00335,0.00461,0.32337,0.23420,0.06070,0.07451,0.00506,1.55379,1.57323,-0.32238,-0.32234,-0.00210,-0.38274,-0.46504,-0.17190,-0.17248,-0.00487,2.24206,2.06534,-0.52906,0.24166,-0.01086,5.95429,5.98033
21.4251,-2.57457,-3.82175,-2.57457,-3.82175,-2.57406,-3.82168,2.42594,1.17832,5.01566,5.02296,5.00000,5.00000,0.00000,0.00000,12,0.00029,-0.49140,-0.49157,-0.00583,1.69182,1.76261,-0.00343,-0.00334,0.00343,0.32340,0.30737,0.06070,0.07438,-0.00006,1.68967,1.68143,-0.32238,-0.32231,0.00554,-0.34587,-0.27248,-0.17190,-0.17246,0.00065,2.23623,2.28400,-0.52906,0.24170,0.00490,5.99400,5.67582
21.5279,-2.58181,-3.82280,-2.58181,-3.82280,-2.57825,-3.82295,2.42175,1.17705,5.01699,5.02288,5.00000,5.00000,0.00000,0.00000,12,0.00044,-0.49140,-0.49154,0.00640,1.71217,1.60290,-0.00343,-0.00335,0.00102,0.31304,0.40885,0.06070,0.07424,-0.00380,1.85710,1.90795,-0.32238,-0.32234,-0.00349,-0.38546,-0.33616,-0.17190,-0.17246,-0.00209,2.25361,2.31243,-0.52906,0.24167,-0.01253,5.94284,5.83880
21.6307,-2.58291,-3.82275,-2.58291,-3.82275,-2.58184,-3.82257,2.41816,1.17743,5.01595,5.02301,5.00000,5.00000,0.00000,0.00000,12,0.00034,-0.49140,-0.49159,-0.01384,1.64894,1.67019,-0.00343,-0.00336,-0.00506,0.31999,0.37749,0.06070,0.07412,0.00253,2.01807,2.03888,-0.32238,-0.32233,-0.00212,-0.37967,-0.32932,-0.17190,-0.17244,-0.00126,2.22390,2.31832,-0.52906,0.24168,0.00113,5.98999,5.93016
21.7312,-2.58684,-3.82523,-2.58684,-3.82523,-2.58508,-3.82399,2.41492,1.17601,5.01626,5.02347,5.00000,5.00000,0.00000,0.00000,12,0.00029,-0.49140,-0.49157,-0.00516,1.68491,1.72986,-0.00343,-0.00334,0.00336,0.32561,0.19967,0.06070,0.07398,0.00027,2.18217,2.12813,-0.32238,-0.32233,0.00114,-0.33421,-0.35253,-0.17190,-0.17244,-0.00208,2.21689,2.19735,-0.52906,0.24169,0.00023,5.98242,5.88079
21.8320,-2.58698,-3.82537,-2.58698,-3.82537,-2.58682,-3.82532,2.41318,1.17468,5.01559,5.02297,5.00000,5.00000,0.00000,0.00000,12,0.00027,-0.49140,-0.49156,-0.00047,1.70162,1.72268,-0.00343,-0.00338,-0.01343,0.28608,0.25536,0.06070,0.07382,-0.00286,2.30483,2.39944,-0.32238,-0.32235,-0.01080,-0.38208,-0.50252,-0.17190,-0.17244,-0.00078,2.21567,2.16892,-0.52906,0.24167,-0.00626,5.95341,5.95239
21.9342,-2.58686,-3.82719,-2.58686,-3.82719,-2.58772,-3.82676,2.41228,1.17324,5.01516,5.02314,5.00000,5.00000,0.00000,0.00000,12,0.00101,-0.49140,-0.49156,0.00026,1.67340,1.61767,-0.00343,-0.00335,0.00132,0.31954,0.34339,0.06070,0.07367,0.00728,2.46450,2.48827,-0.32238,-0.32233,0.00101,-0.36603,-0.41216,-0.17190,-0.17242,0.00124,2.22577,2.22213,-0.52906,0.24170,0.00557,5.99400,5.95083
22.0345,-2.58421,-3.82612,-2.58421,-3.82612,-2.58412,-3.82591,2.41588,1.17409,5.01554,5.02305,5.00000,5.00000,0.00000,0.00000,12,0.00030,-0.49140,-0.49155,0.00628,1.69522,1.62588,-0.00343,-0.00337,-0.00488,0.29067,0.35044,0.06070,0.07351,0.00438,2.61558,2.52776,-0.32238,-0.32235,-0.00662,-0.36549,-0.29402,-0.17190,-0.17243,-0.00191,2.20357,1.99047,-0.52906,0.24168,0.00039,5.95757,6.05729
22.1357,-2.57892,-3.82827,-2.57892,-3.82827,-2.58039,-3.82690,2.41961,1.17310,5.01485,5.02355,5.00000,5.00000,0.00000,0.00000,12,0.00030,-0.49140,-0.49155,-0.00022,1.67058,1.64886,-0.00343,-0.00335,0.00149,0.31886,0.24844,0.06070,0.07331,-0.00190,2.72776,2.72959,-0.32238,-0.32231,0.00675,-0.33684,-0.31335,-0.17190,-0.17241,0.00560,2.23372,2.16611,-0.52906,0.24169,0.00057,5.94994,6.04454
22.2392,-2.58094,-3.83027,-2.58094,-3.83027,-2.58033,-3.82995,2.41967,1.17005,5.01574,5.02312,5.00000,5.00000,0.00000,0.00000,12,0.00029,-0.49140,-0.49156,0.00231,1.67180,1.85795,-0.00343,-0.00335,0.00649,0.31085,0.36497,0.06070,0.07308,-0.01154,2.87009,2.96548,-0.32238,-0.32232,0.00725,-0.33695,-0.36328,-0.17190,-0.17240,0.00545,2.20189,2.17740,-0.52906,0.24171,0.01282,5.98157,5.94566
22.3404,-2.58311,-3.82899,-2.58311,-3.82899,-2.58160,-3.82983,2.41840,1.17017,5.01614,5.02262,5.00000,5.00000,0.00000,0.00000,12,0.00030,-0.49140,-0.49157,-0.00272,1.68469,1.73643,-0.00343,-0.00336,0.00173,0.31759,0.27831,0.06070,0.07278,-0.01338,3.01573,3.05279,-0.32238,-0.32234,-0.00261,-0.37807,-0.30888,-0.17190,-0.17244,-0.01278,2.14942,2.21166,-0.52906,0.24166,-0.00603,5.96671,5.84457
22.4418,-2.58491,-3.82764,-2.58491,-3.82764,-2.58480,-3.82820,2.41520,1.17180,5.01555,5.02273,5.00000,5.00000,0.00000,0.00000,12,0.00032,-0.49140,-0.49156,-0.00160,1.65404,1.77170,-0.00343,-0.00335,0.00379,0.33042,0.26597,0.06070,0.07244,-0.00660,3.13926,3.27927,-0.32238,-0.32233,-0.00010,-0.33493,-0.28206,-0.17190,-0.17243,-0.01042,2.18713,2.15562,-0.52906,0.24166,-0.00816,5.93514,6.02323
22.5425,-2.59182,-3.82986,-2.59182,-3.82986,-2.58940,-3.82923,2.41060,1.17077,5.01657,5.02324,5.00000,5.00000,0.00000,0.00000,12,0.00028,-0.49140,-0.49157,-0.00408,1.67335,1.83230,-0.00343,-0.00336,-0.00411,0.33431,0.42729,0.06070,0.07204,0.00050,3.25394,3.38150,-0.32238,-0.32233,0.00025,-0.36259,-0.35784,-0.17190,-0.17237,0.00824,2.17353,2.24502,-0.52906,0.24167,-0.00049,5.96579,6.01939
22.6441,-2.59375,-3.83104,-2.59375,-3.83104,-2.59271,-3.83026,2.40729,1.16974,5.01600,5.02332,5.00000,5.00000,0.00000,0.00000,12,0.00073,-0.49140,-0.49156,-0.00033,1.69028,1.63693,-0.00343,-0.00336,0.00231,0.32355,0.24575,0.06070,0.07152,0.00059,3.33925,3.40107,-0.32238,-0.32232,0.00412,-0.34761,-0.38811,-0.17190,-0.17237,0.00128,2.18092,2.09303,-0.52906,0.24166,-0.00500,5.96073,5.89952
22.7444,-2.59786,-3.82800,-2.59786,-3.82800,-2.59657,-3.82925,2.40343,1.17075,5.01613,5.02244,5.00000,5.00000,0.00000,0.00000,12,0.00028,-0.49140,-0.49156,-0.00063,1.65191,1.77415,-0.00343,-0.00334,0.00618,0.34456,0.35479,0.06070,0.07080,-0.01493,3.40978,3.38659,-0.32238,-0.32232,0.00341,-0.34736,-0.30051,-0.17190,-0.17236,0.00308,2.18519,2.15725,-0.52906,0.24169,0.00387,5.97561,5.98457
22.8456,-2.60285,-3.82419,-2.60285,-3.82419,-2.60006,-3.82666,2.39994,1.17334,5.01679,5.02190,5.00000,5.00000,0.00000,0.00000,12,0.00027,-0.49140,-0.49156,-0.00015,1.68752,1.69203,-0.00343,-0.00337,-0.00302,0.33535,0.27041,0.06070,0.07003,-0.01641,3.48229,3.61448,-0.32238,-0.32233,-0.00121,-0.33649,-0.29050,-0.17190,-0.17235,0.00590,2.16310,2.16644,-0.52906,0.24166,-0.00164,5.96462,6.00948
22.9469,-2.60420,-3.81845,-2.60420,-3.81845,-2.60376,-3.82042,2.39624,1.17958,5.01581,5.02208,5.00000,5.00000,0.00000,0.00000,12,0.00045,-0.49140,-0.49153,0.01001,1.70101,1.79054,-0.00343,-0.00335,0.00369,0.33189,0.29726,0.06070,0.06920,-0.00809,3.54023,3.65817,-0.32238,-0.32231,0.00461,-0.33897,-0.25872,-0.17190,-0.17235,0.00220,2.17700,2.10990,-0.52906,0.24166,0.00133,5.98885,6.11275
23.0498,-2.60586,-3.81613,-2.60586,-3.81613,-2.60461,-3.81717,2.39539,1.18283,5.01616,5.02246,5.00000,5.00000,0.00000,0.00000,12,0.00169,-0.49140,-0.49156,0.00096,1.65317,1.70741,-0.00343,-0.00336,0.00166,0.32445,0.21040,0.06070,0.06827,-0.01657,3.54031,3.68536,-0.32238,-0.32231,0.00756,-0.32737,-0.33260,-0.17190,-0.17234,0.00124,2.17258,2.25833,-0.52906,0.24167,0.00307,5.96958,5.95750
23.1488,-2.60193,-3.81389,-2.60193,-3.81389,-2.60280,-3.81499,2.39720,1.18501,5.01524,5.02242,5.00000,5.00000,0.00000,0.00000,12,0.00038,-0.49140,-0.49157,-0.00959,1.65753,1.59304,-0.00343,-0.00336,-0.00021,0.31833,0.39985,0.06070,0.06732,-0.00110,3.57576,3.70495,-0.32238,-0.32234,-0.00459,-0.34650,-0.34923,-0.17190,-0.17236,-0.00903,2.12599,2.07099,-0.52906,0.24168,0.01165,5.99400,5.87942
23.2495,-2.60393,-3.80389,-2.60393,-3.80389,-2.60323,-3.80714,2.39677,1.19286,5.01592,5.02145,5.00000,5.00000,0.00000,0.00000,12,0.00027,-0.49140,-0.49159,-0.01593,1.61185,1.55742,-0.00343,-0.00334,0.00302,0.33927,0.27775,0.06070,0.06642,-0.00941,3.63112,3.72310,-0.32238,-0.32232,0.00345,-0.34236,-0.36711,-0.17190,-0.17236,-0.00360,2.10497,2.04039,-0.52906,0.24165,-0.00408,5.98578,5.87630
23.3521,-2.60400,-3.79863,-2.60400,-3.79863,-2.60377,-3.80160,2.39623,1.19840,5.01572,5.02154,5.00000,5.00000,0.00000,0.00000,12,0.00103,-0.49140,-0.49155,0.00634,1.67135,1.53685,-0.00343,-0.00336,0.00216,0.32849,0.38846,0.06070,0.06552,-0.01008,3.60856,3.60020,-0.32238,-0.32234,-0.00550,-0.34853,-0.34256,-0.17190,-0.17234,-0.00033,2.15273,2.12325,-0.52906,0.24167,0.00857,5.99400,5.89000
23.4520,-2.60397,-3.79662,-2.60397,-3.79662,-2.60399,-3.79804,2.39601,1.20196,5.01562,5.02218,5.00000,5.00000,0.00000,0.00000,12,0.00028,-0.49140,-0.49157,-0.00830,1.64246,1.58180,-0.00343,-0.00336,-0.00004,0.32378,0.40048,0.06070,0.06481,-0.01329,3.61663,3.82893,-0.32238,-0.32231,0.00694,-0.32812,-0.24866,-0.17190,-0.17231,0.00936,2.16346,2.29064,-0.52906,0.24164,-0.00536,5.98219,6.04596
23.5533,-2.60832,-3.78953,-2.60832,-3.78953,-2.60701,-3.79282,2.39299,1.20718,5.01620,5.02135,5.00000,5.00000,0.00000,0.00000,12,0.00029,-0.49140,-0.49154,0.00503,1.66739,1.68101,-0.00343,-0.00334,0.00450,0.34581,0.28132,0.06070,0.06418,-0.00576,3.63393,3.54059,-0.32238,-0.32232,0.00430,-0.34045,-0.38478,-0.17190,-0.17235,-0.00479,2.12701,2.06549,-0.52906,0.24167,0.00452,5.97703,5.91034
23.6549,-2.60927,-3.78620,-2.60927,-3.78620,-2.60805,-3.78747,2.39195,1.21253,5.01617,5.02218,5.00000,5.00000,0.00000,0.00000,12,0.00104,-0.49140,-0.49155,0.00638,1.66502,1.68728,-0.00343,-0.00336,-0.00176,0.35242,0.40525,0.06070,0.06360,-0.00384,3.62620,3.64516,-0.32238,-0.32235,-0.00743,-0.35776,-0.24907,-0.17190,-0.17230,0.00747,2.15376,2.16869,-0.52906,0.24164,-0.00182,5.96198,5.75223
23.7562,-2.60778,-3.78597,-2.60778,-3.78597,-2.60935,-3.78600,2.39065,1.21400,5.01498,5.02270,5.00000,5.00000,0.00000,0.00000,12,0.00030,-0.49140,-0.49154,0.00269,1.65512,1.70189,-0.00343,-0.00335,-0.00087,0.32676,0.32107,0.06070,0.06311,-0.00581,3.65106,3.69500,-0.32238,-0.32233,-0.00063,-0.32801,-0.39428,-0.17190,-0.17233,-0.00893,2.07894,1.96061,-0.52906,0.24165,-0.00100,5.96664,6.00062
23.8587,-2.60678,-3.77889,-2.60678,-3.77889,-2.60701,-3.78179,2.39299,1.21821,5.01554,5.02145,5.00000,5.00000,0.00000,0.00000,12,0.00031,-0.49140,-0.49156,-0.00363,1.62453,1.57712,-0.00343,-0.00335,-0.00094,0.36134,0.39904,0.06070,0.06257,-0.00823,3.61841,3.84606,-0.32238,-0.32232,0.00271,-0.34233,-0.33139,-0.17190,-0.17232,-0.00762,2.08397,2.06556,-0.52906,0.24163,-0.00644,5.92579,5.97968
23.9600,-2.60504,-3.77295,-2.60504,-3.77295,-2.60617,-3.77560,2.39383,1.22440,5.01515,5.02152,5.00000,5.00000,0.00000,0.00000,12,0.00028,-0.49140,-0.49154,0.00543,1.66346,1.51253,-0.00343,-0.00336,-0.00299,0.31902,0.27782,0.06070,0.06215,-0.00307,3.61731,3.57621,-0.32238,-0.32232,0.00307,-0.34382,-0.39803,-0.17190,-0.17231,-0.00586,2.08909,2.07946,-0.52906,0.24165,0.00013,5.98287,5.95698
24.0621,-2.60586,-3.76838,-2.60586,-3.76838,-2.60453,-3.77044,2.39547,1.22956,5.01620,5.02174,5.00000,5.00000,0.00000,0.00000,12,0.00074,-0.49140,-0.49156,-0.00648,1.64100,1.79172,-0.00343,-0.00334,0.00469,0.35227,0.32933,0.06070,0.06163,-0.00175,3.61815,3.64132,-0.32238,-0.32234,-0.00165,-0.36514,-0.36280,-0.17190,-0.17229,0.00415,2.09502,2.17881,-0.52906,0.24164,-0.00742,5.97033,5.84175
24.1641,-2.60502,-3.76306,-2.60502,-3.76306,-2.60470,-3.76550,2.39530,1.23450,5.01576,5.02155,5.00000,5.00000,0.00000,0.00000,12,0.00104,-0.49140,-0.49155,-0.00321,1.62283,1.64767,-0.00343,-0.00337,-0.00607,0.30552,0.26568,0.06070,0.06118,-0.00908,3.56024,3.76918,-0.32238,-0.32233,-0.00182,-0.32797,-0.43358,-0.17190,-0.17229,0.00387,2.09169,2.08732,-0.52906,0.24167,0.00891,5.99060,6.03000
24.2640,-2.60199,-3.75437,-2.60199,-3.75437,-2.60431,-3.75816,2.39569,1.24184,5.01463,5.02092,5.00000,5.00000,0.00000,0.00000,12,0.00040,-0.49140,-0.49154,0.00731,1.65837,1.56092,-0.00343,-0.00335,-0.00095,0.36410,0.28349,0.06070,0.06059,-0.00883,3.53381,3.60617,-0.32238,-0.32234,-0.00846,-0.35497,-0.50508,-0.17190,-0.17230,-0.00499,2.08577,2.15823,-0.52906,0.24166,0.00670,5.97968,5.96213
24.3650,-2.60323,-3.74456,-2.60323,-3.74456,-2.60311,-3.74887,2.39689,1.25113,5.01567,5.02065,5.00000,5.00000,0.00000,0.00000,12,0.00026,-0.49140,-0.49156,-0.00520,1.64088,1.62202,-0.00343,-0.00336,-0.00274,0.35627,0.26121,0.06070,0.05983,-0.00800,3.46508,3.49818,-0.32238,-0.32232,0.00428,-0.33502,-0.21817,-0.17190,-0.17231,-0.00755,2.06832,2.07644,-0.52906,0.24165,0.00038,5.95781,6.10942
24.4672,-2.60227,-3.73372,-2.60227,-3.73372,-2.60337,-3.73916,2.39663,1.26084,5.01515,5.02010,5.00000,5.00000,0.00000,0.00000,12,0.00033,-0.49140,-0.49154,0.00370,1.64928,1.65842,-0.00343,-0.00337,-0.01047,0.32601,0.48156,0.06070,0.05817,-0.02638,3.30694,3.42563,-0.32238,-0.32233,0.00030,-0.31850,-0.39426,-0.17190,-0.17230,-0.00097,2.05742,2.05909,-0.52906,0.24165,-0.00030,5.97635,5.82439
24.5709,-2.59638,-3.65133,-2.59638,-3.65133,-2.59955,-3.68981,2.40045,1.31019,5.01424,5.00565,5.00000,5.00000,0.00000,0.00000,12,0.00031,-0.49140,-0.49156,-0.00455,1.60847,1.71803,-0.00343,-0.00336,-0.00745,0.33840,0.39730,0.06070,0.04711,-0.11291,2.22099,2.19581,-0.32238,-0.32234,-0.00192,-0.36192,-0.38726,-0.17190,-0.17228,-0.00259,2.08876,2.00399,-0.52906,0.24167,0.00558,5.97850,5.90910
24.6719,-2.59741,-3.61910,-2.59741,-3.61910,-2.59568,-3.63240,2.40432,1.36760,5.01631,5.01609,5.00000,5.00000,0.00000,0.00000,12,0.00028,-0.49140,-0.49154,0.00577,1.64708,1.54442,-0.00343,-0.00334,0.00420,0.35390,0.29260,0.06070,0.04449,-0.00401,2.17921,2.20648,-0.32238,-0.32232,0.00563,-0.32583,-0.29309,-0.17190,-0.17227,0.00548,2.11361,2.12066,-0.52906,0.24165,-0.00243,5.98823,5.90517
24.7728,-2.59508,-3.61907,-2.59508,-3.61907,-2.59454,-3.62025,2.40546,1.37975,5.01580,5.02121,5.00000,5.00000,0.00000,0.00000,12,0.00029,-0.49140,-0.49155,-0.00286,1.64707,1.69059,-0.00343,-0.00335,0.00160,0.34491,0.29208,0.06070,0.04443,-0.00096,1.99124,2.02089,-0.32238,-0.32235,-0.00904,-0.35524,-0.46463,-0.17190,-0.17228,-0.00307,2.04493,2.09440,-0.52906,0.24164,-0.00509,5.96009,5.98935
24.8747,-2.59536,-3.62109,-2.59536,-3.62109,-2.59522,-3.62114,2.40478,1.37886,5.01563,5.02170,5.00000,5.00000,0.00000,0.00000,12,0.00105,-0.49140,-0.49155,-0.00081,1.58941,1.65504,-0.00343,-0.00336,-0.00435,0.31844,0.38864,0.06070,0.04445,-0.00494,1.79336,1.73957,-0.32238,-0.32232,0.00396,-0.33112,-0.18191,-0.17190,-0.17226,0.00767,2.05012,2.14454,-0.52906,0.24163,-0.00837,5.95836,5.93836
24.9746,-2.59551,-3.62378,-2.59551,-3.62378,-2.59554,-3.62241,2.40446,1.37759,5.01556,5.02232,5.00000,5.00000,0.00000,0.00000,12,0.00026,-0.49140,-0.49153,0.00529,1.64597,1.78824,-0.00343,-0.00337,-0.00719,0.30919,0.32325,0.06070,0.04451,0.00135,1.59212,1.50234,-0.32238,-0.32232,0.00421,-0.33310,-0.38191,-0.17190,-0.17225,0.00507,2.04934,2.12907,-0.52906,0.24165,0.00039,5.95456,5.98261
25.0766,-2.59726,-3.62424,-2.59726,-3.62424,-2.59635,-3.62435,2.40365,1.37565,5.01597,5.02170,5.00000,5.00000,0.00000,0.00000,12,0.00146,-0.49140,-0.49155,-0.00332,1.64223,1.51579,-0.00343,-0.00336,0.00040,0.33892,0.27885,0.06070,0.04457,-0.00056,1.39210,1.40556,-0.32238,-0.32230,0.01506,-0.28352,-0.43491,-0.17190,-0.17224,0.00781,2.09225,2.13357,-0.52906,0.24166,0.00754,5.97670,6.09165
25.1780,-2.59722,-3.62385,-2.59722,-3.62385,-2.59681,-3.62414,2.40319,1.37586,5.01576,5.02162,5.00000,5.00000,0.00000,0.00000,12,0.00037,-0.49140,-0.49154,0.00246,1.62866,1.71485,-0.00343,-0.00334,0.00341,0.35831,0.38132,0.06070,0.04464,-0.00286,1.19817,1.26450,-0.32238,-0.32233,0.00301,-0.35411,-0.40814,-0.17190,-0.17225,0.00497,2.07427,1.97571,-0.52906,0.24164,0.00092,5.99400,6.04828
25.2796,-2.59782,-3.62812,-2.59782,-3.62812,-2.59779,-3.62622,2.40221,1.37378,5.01560,5.02257,5.00000,5.00000,0.00000,0.00000,12,0.00040,-0.49140,-0.49155,0.00245,1.64748,1.59571,-0.00343,-0.00335,0.00110,0.33991,0.32796,0.06070,0.04472,0.00376,1.00630,1.10983,-0.32238,-0.32233,-0.00116,-0.32249,-0.34135,-0.17190,-0.17224,0.00575,2.04621,1.93352,-0.52906,0.24165,0.00247,5.98938,6.10465
25.3809,-2.59749,-3.62967,-2.59749,-3.62967,-2.59905,-3.62932,2.40095,1.37068,5.01493,5.02193,5.00000,5.00000,0.00000,0.00000,12,0.00037,-0.49140,-0.49154,-0.00035,1.63170,1.54935,-0.00343,-0.00336,-0.00076,0.33898,0.29777,0.06070,0.04481,0.00964,0.85276,0.88497,-0.32238,-0.32234,-0.00451,-0.33286,-0.39346,-0.17190,-0.17224,0.00355,2.02700,2.00152,-0.52906,0.24165,0.00443,5.98029,6.05743
25.4816,-2.59657,-3.62927,-2.59657,-3.62927,-2.59680,-3.62978,2.40320,1.37022,5.01548,5.02156,5.00000,5.00000,0.00000,0.00000,12,0.00031,-0.49140,-0.49155,-0.00484,1.62823,1.63303,-0.00343,-0.00335,0.00405,0.36091,0.30432,0.06070,0.04489,0.00015,0.62253,0.72942,-0.32238,-0.32231,0.00775,-0.35366,-0.29047,-0.17190,-0.17224,-0.00033,2.07806,1.99140,-0.52906,0.24165,0.00203,5.98779,6.04339
25.5831,-2.59599,-3.62939,-2.59599,-3.62939,-2.59639,-3.62928,2.40361,1.37072,5.01541,5.02183,5.00000,5.00000,0.00000,0.00000,12,0.00032,-0.49140,-0.49156,-0.00818,1.63272,1.65476,-0.00343,-0.00335,0.00256,0.35303,0.25243,0.06070,0.04500,0.00432,0.45399,0.38794,-0.32238,-0.32233,-0.00002,-0.31179,-0.22790,-0.17190,-0.17222,0.00683,2.04692,2.04210,-0.52906,0.24165,0.00153,5.97128,5.99010
25.6858,-2.59382,-3.62994,-2.59382,-3.62994,-2.59505,-3.62892,2.40495,1.37108,5.01504,5.02221,5.00000,5.00000,0.00000,0.00000,12,0.00042,-0.49140,-0.49154,-0.00186,1.60812,1.56326,-0.00343,-0.00335,0.00057,0.34715,0.37798,0.06070,0.04513,0.00611,0.28131,0.33094,-0.32238,-0.32234,-0.00120,-0.35180,-0.38109,-0.17190,-0.17224,-0.00285,2.00123,2.09529,-0.52906,0.24163,-0.00449,5.93069,5.95245
25.7877,-2.59351,-3.63121,-2.59351,-3.63121,-2.59355,-3.63085,2.40645,1.36915,5.01555,5.02194,5.00000,5.00000,0.00000,0.00000,12,0.00042,-0.49140,-0.49156,-0.00672,1.57944,1.48427,-0.00343,-0.00335,0.00320,0.35797,0.47731,0.06070,0.04526,0.00190,0.09520,0.27224,-0.32238,-0.32235,-0.00858,-0.37904,-0.27497,-0.17190,-0.17223,-0.00393,2.03270,2.11531,-0.52906,0.24164,0.00037,5.99288,5.95772
25.8885,-2.58822,-3.63413,-2.58822,-3.63413,-2.59070,-3.63300,2.40930,1.36700,5.01448,5.02228,5.00000,5.00000,0.00000,0.00000,12,0.00028,-0.49140,-0.49153,0.00178,1.61974,1.63946,-0.00343,-0.00334,0.00238,0.35980,0.32077,0.06070,0.04541,0.00743,-0.08042,-0.21677,-0.32238,-0.32233,-0.00133,-0.31620,-0.28404,-0.17190,-0.17221,0.00070,2.05113,2.02712,-0.52906,0.24163,0.00067,5.96000,5.91685
25.9913,-2.58958,-3.63778,-2.58958,-3.63778,-2.58865,-3.63615,2.41135,1.36385,5.01593,5.02252,5.00000,5.00000,0.00000,0.00000,12,0.00112,-0.49140,-0.49154,0.00192,1.58086,1.57315,-0.00343,-0.00335,-0.00167,0.34253,0.44661,0.06070,0.04553,-0.00658,-0.29846,-0.27416,-0.32238,-0.32235,-0.00893,-0.34887,-0.31201,-0.17190,-0.17223,-0.00627,1.98583,2.04380,-0.52906,0.24164,0.00804,5.99156,5.99620
26.0921,-2.58665,-3.64323,-2.58665,-3.64323,-2.58656,-3.64076,2.41344,1.35924,5.01556,5.02290,5.00000,5.00000,0.00000,0.00000,12,0.00030,-0.49140,-0.49154,0.00369,1.61589,1.60579,-0.00343,-0.00335,0.00197,0.35665,0.45032,0.06070,0.04573,0.00447,-0.44181,-0.52994,-0.32238,-0.32234,-0.00439,-0.33243,-0.37661,-0.17190,-0.17220,0.00274,1.99173,1.97991,-0.52906,0.24162,-0.00883,5.95832,6.04120
26.1933,-2.58468,-3.64508,-2.58468,-3.64508,-2.58562,-3.64415,2.41438,1.35585,5.01511,5.02226,5.00000,5.00000,0.00000,0.00000,12,0.00026,-0.49140,-0.49153,0.00420,1.62096,1.62848,-0.00343,-0.00334,0.00412,0.36973,0.24995,0.06070,0.04593,0.00367,-0.60430,-0.55633,-0.32238,-0.32232,0.00499,-0.31909,-0.38971,-0.17190,-0.17221,-0.00310,2.03214,2.05819,-0.52906,0.24162,-0.00284,5.98161,5.84645
26.2939,-2.58742,-3.64406,-2.58742,-3.64406,-2.58573,-3.64347,2.41427,1.35653,5.01624,5.02211,5.00000,5.00000,0.00000,0.00000,12,0.00027,-0.49140,-0.49152,0.00619,1.60431,1.62435,-0.00343,-0.00337,-0.00496,0.35882,0.38290,0.06070,0.04614,0.00636,-0.77375,-0.76499,-0.32238,-0.32234,-0.00275,-0.35286,-0.21550,-0.17190,-0.17222,-0.00067,1.99823,2.09029,-0.52906,0.24162,-0.00478,5.98943,5.99763
26.3967,-2.58995,-3.64523,-2.58995,-3.64523,-2.58978,-3.64465,2.41022,1.35535,5.01561,5.02212,5.00000,5.00000,0.00000,0.00000,12,0.00029,-0.49140,-0.49155,-0.00436,1.61193,1.44061,-0.00343,-0.00336,-0.00562,0.36254,0.31529,0.06070,0.04645,0.00527,-0.92857,-0.97582,-0.32238,-0.32233,-0.00229,-0.31746,-0.32994,-0.17190,-0.17221,-0.01108,2.00181,1.96389,-0.52906,0.24165,0.00822,5.96538,5.88149
26.4981,-2.59313,-3.64871,-2.59313,-3.64871,-2.59225,-3.64760,2.40775,1.35240,5.01593,5.02236,5.00000,5.00000,0.00000,0.00000,12,0.00036,-0.49140,-0.49153,0.00087,1.60672,1.74084,-0.00343,-0.00334,0.00506,0.37411,0.33826,0.06070,0.04701,0.00879,-1.04596,-0.98533,-0.32238,-0.32232,0.00320,-0.30833,-0.33306,-0.17190,-0.17218,0.00669,2.00436,2.02749,-0.52906,0.24162,-0.00099,5.98572,5.92321
26.5986,-2.59743,-3.65570,-2.59743,-3.65570,-2.59499,-3.65229,2.40501,1.34771,5.01662,5.02338,5.00000,5.00000,0.00000,0.00000,12,0.00027,-0.49140,-0.49154,-0.00103,1.59899,1.76567,-0.00343,-0.00335,0.00632,0.37571,0.34443,0.06070,0.04856,0.02277,-1.04513,-0.96813,-0.32238,-0.32234,-0.00836,-0.33874,-0.44932,-0.17190,-0.17220,-0.00776,2.00969,2.33216,-0.52906,0.24163,-0.00182,5.96876,6.11919
26.7007,-2.59639,-3.67167,-2.59639,-3.67167,-2.59727,-3.66644,2.40273,1.33356,5.01521,5.02424,5.00000,5.00000,0.00000,0.00000,12,0.00027,-0.49140,-0.49152,0.00450,1.62080,1.54355,-0.00343,-0.00336,0.00022,0.35391,0.36319,0.06070,0.05128,0.01148,-1.04271,-0.99326,-0.32238,-0.32233,-0.00241,-0.31351,-0.42852,-0.17190,-0.17216,0.00546,2.00565,2.06792,-0.52906,0.24163,0.00426,5.98376,6.04758
26.8018,-2.59825,-3.67259,-2.59825,-3.67259,-2.59745,-3.67186,2.40255,1.32814,5.01593,5.02235,5.00000,5.00000,0.00000,0.00000,12,0.00032,-0.49140,-0.49153,0.00351,1.61293,1.70345,-0.00343,-0.00334,0.00435,0.37518,0.33692,0.06070,0.05198,0.01251,-1.11896,-1.04766,-0.32238,-0.32234,-0.00165,-0.34717,-0.31697,-0.17190,-0.17217,0.00422,1.99334,2.00191,-0.52906,0.24161,-0.00717,5.95353,5.98151
26.9031,-2.59664,-3.67440,-2.59664,-3.67440,-2.59676,-3.67356,2.40324,1.32644,5.01553,5.02240,5.00000,5.00000,0.00000,0.00000,12,0.00027,-0.49140,-0.49151,0.00769,1.60072,1.60828,-0.00343,-0.00335,0.00320,0.36723,0.36825,0.06070,0.05279,0.00863,-1.16575,-1.13269,-0.32238,-0.32234,-0.00381,-0.31994,-0.28057,-0.17190,-0.17217,-0.00125,2.00588,1.91556,-0.52906,0.24162,-0.00287,5.94349,5.93727
27.0039,-2.59477,-3.68647,-2.59477,-3.68647,-2.59544,-3.68093,2.40456,1.31907,5.01529,5.02446,5.00000,5.00000,0.00000,0.00000,12,0.00032,-0.49140,-0.49154,-0.00314,1.58003,1.62842,-0.00343,-0.00337,-0.00381,0.33854,0.33853,0.06070,0.05532,0.06114,-0.91028,-0.79651,-0.32238,-0.32232,0.00547,-0.31197,-0.21997,-0.17190,-0.17218,-0.00522,2.01343,2.02497,-0.52906,0.24162,-0.00191,5.96361,5.89927
27.1050,-2.61689,-3.82887,-2.61689,-3.82887,-2.60353,-3.77959,2.39647,1.22041,5.02135,5.04380,5.00000,5.00000,0.00000,0.00000,12,0.00031,-0.49140,-0.49152,0.01009,1.60124,1.52034,-0.00343,-0.00335,-0.00240,0.35037,0.41007,0.06070,0.07504,-0.01103,0.24457,0.40011,-0.32238,-0.32235,-0.01159,-0.35009,-0.42233,-0.17190,-0.17214,0.01158,2.02201,1.82312,-0.52906,0.24164,0.01022,5.99400,6.05398
27.2062,-2.60200,-3.83303,-2.60200,-3.83303,-2.60086,-3.82791,2.39914,1.17208,5.01609,5.02516,5.00000,5.00000,0.00000,0.00000,12,0.00031,-0.49140,-0.49154,-0.00254,1.58339,1.57911,-0.00343,-0.00335,0.00124,0.36503,0.26750,0.06070,0.07510,-0.00628,0.46405,0.43118,-0.32238,-0.32233,-0.00162,-0.30832,-0.18535,-0.17190,-0.17215,0.00700,1.96805,1.82609,-0.52906,0.24161,-0.00200,5.96330,5.95935
27.3071,-2.59453,-3.84786,-2.59453,-3.84786,-2.59727,-3.84312,2.40273,1.15688,5.01441,5.02509,5.00000,5.00000,0.00000,0.00000,12,0.00026,-0.49140,-0.49153,0.00167,1.62965,1.72094,-0.00343,-0.00337,-0.00453,0.37059,0.34464,0.06070,0.07506,0.00500,0.64729,0.53947,-0.32238,-0.32231,0.00578,-0.30603,-0.40297,-0.17190,-0.17216,-0.00123,1.99893,1.93095,-0.52906,0.24163,0.00768,5.99143,5.98621
27.4089,-2.59500,-3.84740,-2.59500,-3.84740,-2.59813,-3.83861,2.40187,1.16139,5.01425,5.02680,5.00000,5.00000,0.00000,0.00000,12,0.00029,-0.49140,-0.49151,0.00228,1.60750,1.62354,-0.00343,-0.00337,-0.00595,0.36688,0.33523,0.06070,0.07496,-0.00337,0.80259,0.85097,-0.32238,-0.32232,0.00420,-0.31646,-0.32280,-0.17190,-0.17216,-0.00257,1.98958,1.87052,-0.52906,0.24161,0.00031,5.99189,6.18103
27.5115,-2.59604,-3.83986,-2.59604,-3.83986,-2.59687,-3.83855,2.40313,1.16145,5.01522,5.02359,5.00000,5.00000,0.00000,0.00000,12,0.00025,-0.49140,-0.49152,0.00526,1.61104,1.65780,-0.00343,-0.00336,-0.00386,0.37680,0.36498,0.06070,0.07487,-0.00197,0.97563,1.02391,-0.32238,-0.32234,-0.00723,-0.36145,-0.28710,-0.17190,-0.17213,0.01084,2.01028,1.85995,-0.52906,0.24159,-0.01450,5.93481,5.88676
27.6120,-2.59697,-3.84003,-2.59697,-3.84003,-2.59605,-3.83947,2.40395,1.16053,5.01597,5.02327,5.00000,5.00000,0.00000,0.00000,12,0.00029,-0.49140,-0.49155,-0.00894,1.58108,1.69519,-0.00343,-0.00336,-0.00732,0.36569,0.32648,0.06070,0.07475,-0.01027,1.11105,1.18367,-0.32238,-0.32235,-0.00669,-0.33174,-0.24660,-0.17190,-0.17215,0.00016,1.96290,1.88851,-0.52906,0.24161,-0.00077,5.95996,5.90241
27.7122,-2.59431,-3.83872,-2.59431,-3.83872,-2.59488,-3.83879,2.40512,1.16121,5.01533,5.02300,5.00000,5.00000,0.00000,0.00000,12,0.00025,-0.49140,-0.49151,0.00842,1.59120,1.41617,-0.00343,-0.00336,-0.00753,0.36578,0.29544,0.06070,0.07467,0.00177,1.30182,1.27171,-0.32238,-0.32233,-0.00097,-0.30352,-0.30364,-0.17190,-0.17215,0.00077,1.99757,1.89125,-0.52906,0.24161,-0.00069,5.99046,5.94485
27.8138,-2.59774,-3.83801,-2.59774,-3.83801,-2.59649,-3.83713,2.40351,1.16287,5.01612,5.02340,5.00000,5.00000,0.00000,0.00000,12,0.00033,-0.49140,-0.49156,-0.00793,1.54574,1.55579,-0.00343,-0.00334,0.00066,0.37116,0.36483,0.06070,0.07456,-0.00145,1.46162,1.57911,-0.32238,-0.32233,0.00164,-0.32490,-0.26590,-0.17190,-0.17215,0.00214,1.96426,1.85448,-0.52906,0.24159,-0.00484,5.97380,6.00609
27.9180,-2.59691,-3.83893,-2.59691,-3.83893,-2.59698,-3.83870,2.40302,1.16130,5.01555,5.02313,5.00000,5.00000,0.00000,0.00000,12,0.00100,-0.49140,-0.49153,-0.00398,1.57136,1.64884,-0.00343,-0.00335,-0.00128,0.36243,0.34693,0.06070,0.07442,-0.01181,1.60787,1.68815,-0.32238,-0.32234,-0.00612,-0.32086,-0.34675,-0.17190,-0.17213,0.00960,1.99724,1.95435,-0.52906,0.24160,-0.00512,5.98969,5.87953
28.0207,-2.59592,-3.84171,-2.59592,-3.84171,-2.59577,-3.84054,2.40423,1.15946,5.01564,5.02354,5.00000,5.00000,0.00000,0.00000,12,0.00238,-0.49140,-0.49150,0.00514,1.59117,1.50651,-0.00343,-0.00337,-0.01307,0.34859,0.47423,0.06070,0.07432,0.00085,1.78768,1.76195,-0.32238,-0.32234,-0.00416,-0.31515,-0.16823,-0.17190,-0.17212,0.01032,1.97100,1.94153,-0.52906,0.24160,0.00245,5.99400,6.11084
28.1208,-2.59886,-3.84566,-2.59886,-3.84566,-2.59677,-3.84364,2.40323,1.15636,5.01648,5.02393,5.00000,5.00000,0.00000,0.00000,12,0.00029,-0.49140,-0.49153,0.00253,1.58561,1.81723,-0.00343,-0.00335,0.00276,0.37860,0.32256,0.06070,0.07416,-0.00198,1.95704,2.02865,-0.32238,-0.32233,0.00213,-0.32198,-0.38304,-0.17190,-0.17214,-0.00033,1.95488,1.83745,-0.52906,0.24163,0.00780,5.98111,6.03284
28.2219,-2.59846,-3.84626,-2.59846,-3.84626,-2.59777,-3.84549,2.40223,1.15451,5.01588,5.02340,5.00000,5.00000,0.00000,0.00000,12,0.00040,-0.49140,-0.49153,-0.00219,1.54036,1.36316,-0.00343,-0.00336,-0.00221,0.35670,0.23156,0.06070,0.07402,0.00097,2.11011,2.24304,-0.32238,-0.32233,0.00070,-0.29313,-0.44483,-0.17190,-0.17212,0.00721,1.95269,2.20419,-0.52906,0.24161,0.00608,5.99400,6.02676
28.3229,-2.60120,-3.84937,-2.60120,-3.84937,-2.60138,-3.84738,2.39862,1.15262,5.01553,5.02394,5.00000,5.00000,0.00000,0.00000,12,0.00029,-0.49140,-0.49153,-0.00321,1.56502,1.55869,-0.00343,-0.00336,-0.00166,0.39269,0.35585,0.06070,0.07389,-0.00014,2.25739,2.23340,-0.32238,-0.32232,0.00608,-0.30190,-0.28115,-0.17190,-0.17213,0.00006,1.95453,2.10177,-0.52906,0.24160,-0.00061,5.98870,5.92436
28.4259,-2.60518,-3.85271,-2.60518,-3.85271,-2.60410,-3.85165,2.39590,1.14835,5.01609,5.02356,5.00000,5.00000,0.00000,0.00000,12,0.00029,-0.49140,-0.49155,-0.01176,1.55740,1.54240,-0.00343,-0.00336,-0.00435,0.35364,0.27260,0.06070,0.07374,0.00042,2.42512,2.44687,-0.32238,-0.32233,-0.00001,-0.32602,-0.28965,-0.17190,-0.17212,0.00288,1.99793,2.14346,-0.52906,0.24160,-0.00036,5.99073,6.09691
28.5276,-2.60535,-3.85204,-3.60535,-3.85204,-3.11522,-3.85228,1.88478,1.14772,5.22875,5.02301,5.00000,5.00000,1.00000,0.00000,12,0.00045,-0.49140,-0.49150,0.01034,1.59228,1.57615,-0.00343,-0.00336,-0.00135,0.36375,0.44303,0.06070,0.07359,-0.00228,2.54410,2.44488,-0.32238,-0.32232,0.00507,-0.30335,-0.26706,-0.17190,-0.17213,0.00109,1.95522,1.98392,-0.52906,0.24160,-0.00101,5.95785,6.07408
28.6289,-2.60514,-3.85241,-3.60514,-3.85241,-3.52344,-3.85204,1.47656,1.14796,5.05615,5.02327,5.00000,5.00000,1.00000,0.00000,12,0.00037,-0.49140,-0.49152,0.00050,1.56312,1.57194,-0.00343,-0.00334,0.00142,0.38209,0.51183,0.06070,0.07339,-0.00093,2.71097,2.75568,-0.32238,-0.32234,-0.00886,-0.32767,-0.35500,-0.17190,-0.17213,-0.00344,1.96559,1.91445,-0.52906,0.24162,0.00968,5.99400,6.00335
28.7325,-2.60020,-3.85806,-3.60020,-3.85806,-3.58883,-3.85693,1.41117,1.14307,5.02640,5.02362,5.00000,5.00000,1.00000,0.00000,12,0.00029,-0.49140,-0.49153,-0.00736,1.54911,1.56027,-0.00343,-0.00335,-0.00054,0.37070,0.34615,0.06070,0.07320,0.00119,2.82658,2.83838,-0.32238,-0.32234,-0.00724,-0.32346,-0.25976,-0.17190,-0.17214,-0.00670,1.94719,1.91797,-0.52906,0.24159,-0.00445,5.98728,5.92584
28.8337,-2.59966,-3.85653,-3.59966,-3.85653,-3.59865,-3.85702,1.40135,1.14298,5.02203,5.02293,5.00000,5.00000,1.00000,0.00000,12,0.00039,-0.49140,-0.49152,0.00271,1.58292,1.67921,-0.00343,-0.00335,-0.00001,0.37320,0.48512,0.06070,0.07290,-0.00605,2.94908,2.95516,-0.32238,-0.32233,0.00118,-0.31978,-0.27726,-0.17190,-0.17213,-0.00066,1.93971,1.86014,-0.52906,0.24160,-0.00008,5.97445,5.93791
28.9345,-2.59885,-3.85252,-3.59885,-3.85252,-3.59923,-3.85407,1.40077,1.14593,5.02143,5.02246,5.00000,5.00000,1.00000,0.00000,12,0.00028,-0.49140,-0.49153,-0.00726,1.54581,1.49039,-0.00343,-0.00334,0.00353,0.39151,0.34204,0.06070,0.07256,-0.00725,3.08639,3.02902,-0.32238,-0.32235,-0.00922,-0.32987,-0.28170,-0.17190,-0.17213,-0.00398,1.92459,1.81787,-0.52906,0.24159,-0.00504,5.96939,5.90499
29.0367,-2.59546,-3.85203,-3.59546,-3.85203,-3.59679,-3.85265,1.40321,1.14735,5.02101,5.02285,5.00000,5.00000,1.00000,0.00000,12,0.00032,-0.49140,-0.49152,0.00137,1.57446,1.43170,-0.00343,-0.00336,-0.00299,0.36260,0.45285,0.06070,0.07216,-0.01116,3.19918,3.12720,-0.32238,-0.32233,0.00004,-0.29085,-0.41222,-0.17190,-0.17214,-0.00726,1.93844,1.87524,-0.52906,0.24159,-0.00025,5.96678,5.85491
29.1390,-2.59602,-3.85060,-3.59602,-3.85060,-3.59486,-3.85051,1.40514,1.14949,5.02206,5.02314,5.00000,5.00000,1.00000,0.00000,12,0.00029,-0.49140,-0.49150,0.00655,1.56836,1.75090,-0.00343,-0.00337,-0.00670,0.37940,0.43637,0.06070,0.07170,-0.00619,3.30675,3.14634,-0.32238,-0.32234,-0.00052,-0.32754,-0.35644,-0.17190,-0.17215,-0.01445,1.90923,1.97644,-0.52906,0.24158,-0.00589,5.97696,5.90324
29.2415,-2.59690,-3.84797,-3.59690,-3.84797,-3.59633,-3.84863,1.40367,1.15137,5.02182,5.02281,5.00000,5.00000,1.00000,0.00000,12,0.00053,-0.49140,-0.49151,0.00628,1.56469,1.45573,-0.00343,-0.00336,-0.00784,0.37887,0.50776,0.06070,0.07111,-0.00850,3.40998,3.31796,-0.32238,-0.32233,0.00070,-0.31923,-0.28348,-0.17190,-0.17212,0.00289,1.94777,1.82543,-0.52906,0.24161,0.00388,5.98717,5.82648
29.3417,-2.59982,-3.84425,-3.59982,-3.84425,-3.59970,-3.84562,1.40030,1.15438,5.02165,5.02249,5.00000,5.00000,1.00000,0.00000,12,0.00028,-0.49140,-0.49150,0.01034,1.57819,1.65031,-0.00343,-0.00334,0.00428,0.39572,0.27718,0.06070,0.07025,-0.01715,3.44566,3.34896,-0.32238,-0.32234,-0.00791,-0.32077,-0.47730,-0.17190,-0.17211,0.00613,1.92525,1.89629,-0.52906,0.24159,0.00079,5.96835,6.01564
29.4439,-2.60457,-3.84203,-3.60457,-3.84203,-3.60289,-3.84266,1.39711,1.15734,5.02234,5.02279,5.00000,5.00000,1.00000,0.00000,12,0.00027,-0.49140,-0.49153,-0.00451,1.54944,1.51952,-0.00343,-0.00337,-0.00369,0.38997,0.33177,0.06070,0.06940,-0.01439,3.50960,3.55887,-0.32238,-0.32233,0.00104,-0.31526,-0.26390,-0.17190,-0.17212,-0.00203,1.92310,1.97321,-0.52906,0.24159,0.00053,5.98267,5.82136
29.5456,-2.60330,-3.83676,-3.60330,-3.83676,-3.60342,-3.83887,1.39658,1.16113,5.02157,5.02213,5.00000,5.00000,1.00000,0.00000,12,0.00025,-0.49140,-0.49151,0.00485,1.55313,1.59065,-0.00343,-0.00337,-0.00607,0.38613,0.31553,0.06070,0.06844,-0.01040,3.56571,3.53637,-0.32238,-0.32233,-0.00323,-0.30025,-0.46248,-0.17190,-0.17213,-0.00813,1.92757,1.94296,-0.52906,0.24159,-0.00030,5.99270,5.96531
29.6483,-2.60813,-3.83354,-3.60813,-3.83354,-3.60576,-3.83513,1.39424,1.16487,5.02265,5.02233,5.00000,5.00000,1.00000,0.00000,12,0.00077,-0.49140,-0.49152,-0.00261,1.55732,1.52282,-0.00343,-0.00334,0.00404,0.39937,0.40254,0.06070,0.06769,-0.00761,3.60570,3.49331,-0.32238,-0.32234,-0.00639,-0.34420,-0.18944,-0.17190,-0.17212,-0.00378,1.94468,1.93347,-0.52906,0.24159,0.00024,5.94622,6.01198
29.7489,-2.60744,-3.82954,-3.60744,-3.82954,-3.60633,-3.83094,1.39367,1.16906,5.02211,5.02239,5.00000,5.00000,1.00000,0.00000,12,0.00033,-0.49140,-0.49152,0.00333,1.56034,1.76313,-0.00343,-0.00337,-0.00907,0.37718,0.36815,0.06070,0.06674,-0.01010,3.59707,3.58044,-0.32238,-0.32232,0.00460,-0.29704,-0.24647,-0.17190,-0.17213,-0.00525,1.89973,1.87773,-0.52906,0.24157,-0.00867,5.95797,6.01842
29.8499,-2.61171,-3.82598,-3.61171,-3.82598,-3.61041,-3.82648,1.38959,1.17352,5.02222,5.02274,5.00000,5.00000,1.00000,0.00000,12,0.00026,-0.49140,-0.49151,0.00046,1.53508,1.70432,-0.00343,-0.00334,0.00273,0.39591,0.39325,0.06070,0.06594,-0.00607,3.62932,3.48651,-0.32238,-0.32233,-0.00239,-0.32757,-0.23654,-0.17190,-0.17209,0.00653,1.92436,1.68576,-0.52906,0.24156,-0.01215,5.94247,6.00604
29.9521,-2.61504,-3.81904,-3.61504,-3.81904,-3.61296,-3.82228,1.38704,1.17772,5.02257,5.02155,5.00000,5.00000,1.00000,0.00000,12,0.00028,-0.49140,-0.49151,-0.00061,1.56574,1.52038,-0.00343,-0.00335,-0.00291,0.37363,0.40497,0.06070,0.06512,-0.00558,3.64861,3.76046,-0.32238,-0.32234,-0.00448,-0.30480,-0.36941,-0.17190,-0.17211,-0.00032,1.89088,1.87204,-0.52906,0.24159,-0.00228,5.93753,5.83743
30.0538,-2.61763,-3.81256,-3.61763,-3.81256,-3.61646,-3.81493,1.38354,1.18507,5.02220,5.02187,5.00000,5.00000,1.00000,0.00000,12,0.00104,-0.49140,-0.49151,-0.00167,1.55789,1.58059,-0.00343,-0.00335,-0.00002,0.38348,0.34435,0.06070,0.06437,0.00421,3.63618,3.51950,-0.32238,-0.32233,0.00243,-0.27484,-0.26811,-0.17190,-0.17210,0.00012,1.92502,1.98704,-0.52906,0.24159,-0.00099,5.95755,6.08636
30.1535,-2.61331,-3.80425,-3.61331,-3.80425,-3.61493,-3.80765,1.38507,1.19235,5.02100,5.02139,5.00000,5.00000,1.00000,0.00000,12,0.00023,-0.49140,-0.49153,-0.01096,1.51687,1.72798,-0.00343,-0.00334,0.00582,0.40848,0.33897,0.06070,0.06372,-0.00473,3.64757,3.62202,-0.32238,-0.32232,0.00458,-0.29865,-0.17214,-0.17190,-0.17209,0.00675,1.91712,1.78740,-0.52906,0.24156,-0.01482,5.96256,5.96070
30.2568,-2.61417,-3.79776,-3.61417,-3.79776,-3.61357,-3.80086,1.38643,1.19914,5.02194,5.02148,5.00000,5.00000,1.00000,0.00000,12,0.00033,-0.49140,-0.49150,0.00240,1.54158,1.50247,-0.00343,-0.00334,0.00248,0.39895,0.48358,0.06070,0.06308,-0.00784,3.61491,3.80936,-0.32238,-0.32234,-0.00562,-0.33842,-0.27996,-0.17190,-0.17212,-0.00766,1.88746,1.94030,-0.52906,0.24158,-0.00159,5.98280,6.08194
30.3586,-2.60843,-3.79036,-3.60843,-3.79036,-3.61116,-3.79493,1.38884,1.20507,5.02049,5.02081,5.00000,5.00000,1.00000,0.00000,12,0.00031,-0.49140,-0.49149,0.01235,1.57527,1.51370,-0.00343,-0.00335,-0.00205,0.40230,0.37132,0.06070,0.06260,-0.00500,3.62195,3.62064,-0.32238,-0.32233,0.00183,-0.30967,-0.18602,-0.17190,-0.17209,0.00767,1.91639,1.89509,-0.52906,0.24157,-0.00349,5.95796,5.74782
30.4602,-2.60748,-3.78257,-3.60748,-3.78257,-3.60852,-3.78622,1.39148,1.21378,5.02120,5.02115,5.00000,5.00000,1.00000,0.00000,12,0.00135,-0.49140,-0.49150,0.00177,1.53831,1.50613,-0.00343,-0.00335,0.00214,0.39534,0.45729,0.06070,0.06208,0.00068,3.64387,3.74722,-0.32238,-0.32233,0.00107,-0.30980,-0.38111,-0.17190,-0.17211,-0.00095,1.87805,2.00570,-0.52906,0.24157,-0.00156,5.99400,6.03381
30.5614,-2.60598,-3.78162,-3.60598,-3.78162,-3.60627,-3.78257,1.39373,1.21743,5.02151,5.02229,5.00000,5.00000,1.00000,0.00000,12,0.00025,-0.49140,-0.49152,-0.00843,1.52283,1.61615,-0.00343,-0.00337,-0.00850,0.38780,0.34739,0.06070,0.06160,0.00217,3.60076,3.58485,-0.32238,-0.32234,-0.00589,-0.30610,-0.27315,-0.17190,-0.17209,0.00085,1.92007,1.87396,-0.52906,0.24159,-0.00117,5.94391,6.02265
30.6617,-2.60956,-3.77948,-3.60956,-3.77948,-3.60839,-3.78026,1.39161,1.21974,5.02215,5.02235,5.00000,5.00000,1.00000,0.00000,12,0.00028,-0.49140,-0.49153,-0.01048,1.54677,1.58052,-0.00343,-0.00334,0.00403,0.40842,0.43663,0.06070,0.06116,-0.00488,3.58130,3.40625,-0.32238,-0.32233,0.00092,-0.27765,-0.45467,-0.17190,-0.17211,-0.00528,1.85666,1.84935,-0.52906,0.24158,-0.00308,5.96431,5.94307
30.7630,-2.60883,-3.77660,-3.60883,-3.77660,-3.60912,-3.77819,1.39088,1.22181,5.02153,5.02199,5.00000,5.00000,1.00000,0.00000,12,0.00027,-0.49140,-0.49152,-0.00462,1.53174,1.45319,-0.00343,-0.00334,0.00371,0.40821,0.40061,0.06070,0.06061,-0.00431,3.51889,3.43116,-0.32238,-0.32233,0.00273,-0.30156,-0.36809,-0.17190,-0.17209,0.00644,1.87260,1.77967,-0.52906,0.24156,-0.00350,5.95823,5.85114
30.8637,-2.60921,-3.77244,-3.60921,-3.77244,-3.60940,-3.77443,1.39060,1.22557,5.02157,5.02179,5.00000,5.00000,1.00000,0.00000,12,0.00030,-0.49140,-0.49151,-0.00049,1.54929,1.54988,-0.00343,-0.00336,0.00120,0.39125,0.45099,0.06070,0.05992,-0.01762,3.44626,3.29759,-0.32238,-0.32232,0.00665,-0.28484,-0.25613,-0.17190,-0.17210,-0.00303,1.89624,1.88270,-0.52906,0.24160,0.01383,5.99400,6.04631
30.9651,-2.61104,-3.76941,-3.61104,-3.76941,-3.61084,-3.77138,1.38916,1.22862,5.02175,5.02178,5.00000,5.00000,1.00000,0.00000,12,0.00024,-0.49140,-0.49149,0.00945,1.55674,1.63060,-0.00343,-0.00334,0.00449,0.41082,0.42676,0.06070,0.05868,-0.01733,3.33674,3.44647,-0.32238,-0.32233,0.00090,-0.30907,-0.30651,-0.17190,-0.17209,0.00181,1.91766,1.87592,-0.52906,0.24157,0.00069,5.98002,6.03922
31.0679,-2.60438,-3.71626,-3.60438,-3.71626,-3.60717,-3.74415,1.39283,1.25585,5.02045,5.01051,5.00000,5.00000,1.00000,0.00000,12,0.00039,-0.49140,-0.49151,0.00561,1.53727,1.47017,-0.00343,-0.00335,0.00089,0.40057,0.39976,0.06070,0.05078,-0.14823,2.36819,2.39763,-0.32238,-0.32233,0.00259,-0.30226,-0.24657,-0.17190,-0.17208,0.00385,1.85960,1.97488,-0.52906,0.24157,-0.00522,5.95836,5.91886
31.1704,-2.60072,-3.66382,-3.60072,-3.66382,-3.59926,-3.68027,1.40074,1.31973,5.02222,5.01503,5.00000,5.00000,1.00000,0.00000,12,0.00034,-0.49140,-0.49150,0.00102,1.54377,1.53029,-0.00343,-0.00335,0.00258,0.40140,0.34578,0.06070,0.04449,0.00426,2.22349,2.21382,-0.32238,-0.32233,-0.00087,-0.31059,-0.27517,-0.17190,-0.17207,0.01097,1.88378,1.83496,-0.52906,0.24156,-0.00176,5.97672,5.94849
31.2729,-2.59859,-3.66157,-3.59859,-3.66157,-3.59756,-3.66426,1.40244,1.33574,5.02203,5.02084,5.00000,5.00000,1.00000,0.00000,12,0.00031,-0.49140,-0.49152,-0.00412,1.52168,1.51532,-0.00343,-0.00336,-0.00122,0.38939,0.41330,0.06070,0.04440,-0.00099,2.00137,2.11400,-0.32238,-0.32232,0.00192,-0.26801,-0.55430,-0.17190,-0.17210,-0.00397,1.88766,2.01570,-0.52906,0.24157,0.00052,5.98444,5.98320
31.3741,-2.59539,-3.66304,-3.59539,-3.66304,-3.59720,-3.66318,1.40280,1.33682,5.02080,5.02192,5.00000,5.00000,1.00000,0.00000,12,0.00035,-0.49140,-0.49150,0.00371,1.52946,1.47114,-0.00343,-0.00336,-0.00152,0.38606,0.48251,0.06070,0.04443,-0.00231,1.81772,1.82775,-0.32238,-0.32232,0.00545,-0.28547,-0.34564,-0.17190,-0.17209,-0.01193,1.86288,1.89401,-0.52906,0.24159,0.01220,5.98382,6.00059
31.4770,-2.59725,-3.66457,-3.59725,-3.66457,-3.59661,-3.66453,1.40339,1.33547,5.02185,5.02200,5.00000,5.00000,1.00000,0.00000,12,0.00040,-0.49140,-0.49153,-0.00631,1.51423,1.61171,-0.00343,-0.00334,0.00277,0.41139,0.38084,0.06070,0.04450,0.00464,1.62107,1.51543,-0.32238,-0.32234,-0.00572,-0.29957,-0.23134,-0.17190,-0.17206,0.00638,1.90224,1.77145,-0.52906,0.24156,0.00035,5.98573,5.98804
31.5797,-2.60058,-3.65722,-2.60058,-3.65722,-2.83864,-3.66177,1.50677,1.33823,4.34541,5.02002,4.34541,5.00000,0.00000,0.00000,8,0.00043,-0.47839,-0.49111,0.00286,0.54749,0.67917,-0.03398,-0.00536,-0.11703,2.37020,2.41924,0.03213,0.04217,-0.08469,3.29382,3.42773,-0.31017,-0.32156,0.07441,-0.99599,-0.83167,-0.15439,-0.17129,0.01498,0.35608,0.68317,-0.51164,0.24157,0.00172,5.99400,6.14236
31.6810,-2.59984,-3.62239,-2.59984,-3.62239,-2.63851,-3.63217,1.58750,1.36783,4.22601,5.01760,4.22601,5.00000,0.00000,0.00000,8,0.00036,-0.47601,-0.48956,0.00083,0.38242,0.29028,-0.03956,-0.00810,-0.00714,3.04464,3.10386,0.02690,0.03891,-0.00526,3.64323,3.59899,-0.30794,-0.31630,0.01004,-0.98990,-1.10449,-0.15120,-0.17045,0.00408,0.24980,0.20940,-0.50847,0.24155,-0.00829,5.96065,6.09354
31.7815,-2.60359,-3.61787,-2.60359,-3.61787,-2.60761,-3.62126,1.66595,1.37874,4.27356,5.02028,4.27356,5.00000,0.00000,0.00000,8,0.00032,-0.47696,-0.48927,-0.00136,0.38134,0.26071,-0.03734,-0.00917,-0.01808,2.98046,2.96385,0.02898,0.03873,0.00350,3.44128,3.28537,-0.30883,-0.31617,0.00133,-1.01316,-1.02305,-0.15247,-0.17035,-0.00138,0.19537,0.24901,-0.50973,0.24155,-0.01018,5.92671,5.83215
31.8823,-2.60225,-3.61203,-2.60225,-3.61203,-2.60407,-3.61472,1.74411,1.38528,4.34818,5.02054,4.34818,5.00000,0.00000,0.00000,8,0.00029,-0.47844,-0.48917,0.00605,0.37033,0.36398,-0.03385,-0.01012,-0.00924,3.05865,3.07963,0.03225,0.03871,0.00446,3.33400,3.35912,-0.31023,-0.31613,0.00228,-0.98089,-0.95204,-0.15446,-0.17026,0.00330,0.14670,0.09199,-0.51171,0.24156,-0.00101,5.96135,6.07419
31.9832,-2.60206,-3.60997,-2.60206,-3.60997,-2.60239,-3.61156,1.82220,1.38844,4.42460,5.02099,4.42460,5.00000,0.00000,0.00000,8,0.00027,-0.47997,-0.48901,0.00285,0.31257,0.41642,-0.03028,-0.01069,0.00350,3.08470,3.05557,0.03559,0.03873,0.00272,3.18408,3.23342,-0.31165,-0.31612,0.00586,-0.96591,-0.92742,-0.15650,-0.17014,0.00336,0.13747,0.07246,-0.51374,0.24156,0.00219,5.97708,5.93088
32.0838,-2.60150,-3.60612,-2.60150,-3.60612,-2.60113,-3.60654,1.90024,1.39346,4.50137,5.02146,4.50137,5.00000,0.00000,0.00000,8,0.00030,-0.48149,-0.48898,-0.00585,0.29970,0.19911,-0.02669,-0.01101,0.00280,3.04294,2.93452,0.03894,0.03874,-0.00823,2.96810,2.99997,-0.31309,-0.31613,-0.00123,-0.92131,-0.89691,-0.15855,-0.17008,-0.01043,0.04047,0.03895,-0.51579,0.24156,-0.00261,5.92188,5.97555
32.1847,-2.59970,-3.60697,-2.59970,-3.60697,-2.59951,-3.60650,1.97824,1.39350,4.57776,5.02184,4.57776,5.00000,0.00000,0.00000,8,0.00028,-0.48301,-0.48893,-0.00436,0.28722,0.39593,-0.02313,-0.01115,0.00086,2.99378,3.04089,0.04228,0.03883,-0.00400,2.77176,2.62240,-0.31451,-0.31612,0.00516,-0.86730,-0.96691,-0.16060,-0.17000,0.00581,0.08594,0.03820,-0.51782,0.24156,-0.00558,5.97669,5.97639
32.2863,-2.59858,-3.60810,-2.59858,-3.60810,-2.59790,-3.60791,2.05619,1.39209,4.65409,5.02173,4.65409,5.00000,0.00000,0.00000,8,0.00074,-0.48453,-0.48892,-0.00378,0.35819,0.48915,-0.01956,-0.01116,0.00609,2.90619,2.97207,0.04561,0.03893,0.00429,2.52178,2.56201,-0.31594,-0.31614,-0.00357,-0.82573,-0.61251,-0.16264,-0.16999,-0.00665,0.14335,0.17043,-0.51985,0.24155,-0.00705,5.94153,6.04092
32.3893,-2.60005,-3.60639,-2.60005,-3.60639,-2.59932,-3.60578,2.13415,1.39422,4.73347,5.02190,4.73347,5.00000,0.00000,0.00000,8,0.00034,-0.48611,-0.48892,0.00059,0.42616,0.43889,-0.01586,-0.01117,0.00187,2.69349,2.72516,0.04908,0.03906,0.00176,2.20538,2.34174,-0.31742,-0.31615,0.00227,-0.70058,-0.85738,-0.16476,-0.16998,0.00410,0.15380,0.23336,-0.52196,0.24155,-0.00504,5.98183,5.89891
32.4905,-2.60606,-3.61046,-2.60606,-3.61046,-2.60336,-3.60875,2.21219,1.39125,4.81555,5.02238,4.81555,5.00000,0.00000,0.00000,8,0.00030,-0.48774,-0.48895,0.00075,0.53925,0.51416,-0.01203,-0.01117,-0.00019,2.48039,2.51691,0.05266,0.03925,0.00795,1.81610,1.75824,-0.31895,-0.31617,0.00200,-0.55764,-0.68321,-0.16696,-0.16999,-0.00813,0.26406,0.17429,-0.52415,0.24154,-0.00752,5.95498,5.74550
32.5933,-2.60988,-3.61749,-2.60988,-3.61749,-2.60833,-3.61429,2.29038,1.38571,4.89871,5.02305,4.89871,5.00000,0.00000,0.00000,8,0.00025,-0.48939,-0.48897,0.00017,0.62498,0.44019,-0.00815,-0.01115,0.00207,2.28851,2.26768,0.05629,0.03944,0.00378,1.44969,1.48266,-0.32050,-0.31623,-0.00507,-0.45796,-0.32232,-0.16919,-0.17001,-0.00584,0.34380,0.31807,-0.52636,0.24156,0.00241,5.98200,5.87898
32.6999,-2.61660,-3.62063,-2.61660,-3.62063,-2.61323,-3.61844,2.36872,1.38156,4.98196,5.02265,4.98196,5.00000,0.00000,0.00000,8,0.00034,-0.49104,-0.48901,0.00082,0.72271,0.73161,-0.00427,-0.01113,-0.00064,1.93576,1.86832,0.05992,0.03970,-0.00536,0.93001,1.00628,-0.32205,-0.31631,-0.00571,-0.26299,-0.34979,-0.17142,-0.17001,-0.00143,0.52445,0.46152,-0.52858,0.24152,-0.01148,5.95295,5.92467
32.8001,-2.61333,-3.62655,-2.61333,-3.62655,-2.61395,-3.62419,2.38605,1.37581,5.01542,5.02276,5.00000,5.00000,0.00000,0.00000,12,0.00027,-0.49140,-0.48906,0.00294,0.76634,0.83421,-0.00343,-0.01109,0.00376,1.80660,1.92904,0.06070,0.03997,-0.00016,0.67600,0.76606,-0.32238,-0.31640,0.00849,-0.16586,-0.22073,-0.17190,-0.17002,-0.00038,0.58055,0.58725,-0.52906,0.24153,-0.01015,5.97483,6.02442
32.9029,-2.61378,-3.62989,-2.61378,-3.62989,-2.61384,-3.62746,2.38616,1.37254,5.01566,5.02281,5.00000,5.00000,0.00000,0.00000,12,0.00026,-0.49140,-0.48905,0.00425,0.79806,0.78277,-0.00343,-0.01109,-0.00274,1.73668,1.67416,0.06070,0.04014,-0.00174,0.47185,0.43901,-0.32238,-0.31648,0.00450,-0.12314,-0.21593,-0.17190,-0.17004,-0.00643,0.56660,0.55855,-0.52906,0.24156,0.00647,5.95187,5.92050
33.0049,-2.60988,-3.62904,-2.60988,-3.62904,-2.61260,-3.62902,2.38740,1.37098,5.01451,5.02178,5.00000,5.00000,0.00000,0.00000,12,0.00035,-0.49140,-0.48907,0.00083,0.80453,0.78338,-0.00343,-0.01107,-0.00155,1.66347,1.55735,0.06070,0.04037,0.00121,0.24280,0.31718,-0.32238,-0.31654,-0.00043,-0.07312,-0.03734,-0.17190,-0.17001,0.00860,0.62309,0.55264,-0.52906,0.24155,0.00404,5.96880,5.88019
33.1061,-2.61192,-3.63135,-2.61192,-3.63135,-2.61260,-3.63070,2.38740,1.36930,5.01539,5.02206,5.00000,5.00000,0.00000,0.00000,12,0.00031,-0.49140,-0.48909,-0.00292,0.83811,0.82878,-0.00343,-0.01105,0.00088,1.55533,1.42273,0.06070,0.04070,0.00835,0.01820,0.11770,-0.32238,-0.31661,-0.00631,0.00342,-0.04148,-0.17190,-0.17002,0.00345,0.62338,0.60609,-0.52906,0.24153,-0.00364,5.97136,6.09565
33.2077,-2.61327,-3.63343,-2.61327,-3.63343,-2.61218,-3.63274,2.38782,1.36726,5.01614,5.02209,5.00000,5.00000,0.00000,0.00000,12,0.00028,-0.49140,-0.48911,-0.00761,0.87572,0.80182,-0.00343,-0.01101,0.00242,1.44950,1.46116,0.06070,0.04108,0.00339,-0.16812,-0.22446,-0.32238,-0.31671,-0.00375,0.05922,0.04869,-0.17190,-0.17003,-0.00163,0.65948,0.61828,-0.52906,0.24154,-0.00378,5.95468,5.80997
33.3084,-2.61863,-3.64335,-2.61863,-3.64335,-2.61699,-3.63883,2.38301,1.36117,5.01641,5.02377,5.00000,5.00000,0.00000,0.00000,12,0.00029,-0.49140,-0.48913,-0.01040,0.88254,0.85510,-0.00343,-0.01100,-0.00347,1.38687,1.31154,0.06070,0.04162,0.00920,-0.39137,-0.35997,-0.32238,-0.31681,-0.00785,0.11626,0.14419,-0.17190,-0.17004,-0.00511,0.66253,0.50154,-0.52906,0.24154,-0.00384,5.97206,5.96604
33.4126,-2.62503,-3.65245,-2.62503,-3.65245,-2.62232,-3.64834,2.37768,1.35166,5.01689,5.02365,5.00000,5.00000,0.00000,0.00000,12,0.00153,-0.49140,-0.48912,0.00271,0.89876,0.74834,-0.00343,-0.01097,-0.00338,1.27557,1.29459,0.06070,0.04225,0.00252,-0.58567,-0.48762,-0.32238,-0.31692,-0.00247,0.17151,0.24110,-0.17190,-0.17002,0.00787,0.70849,0.58851,-0.52906,0.24154,0.00103,5.97563,6.03029
33.5120,-2.63023,-3.65837,-2.63023,-3.65837,-2.62828,-3.65580,2.37172,1.34420,5.01660,5.02304,5.00000,5.00000,0.00000,0.00000,12,0.00029,-0.49140,-0.48912,0.00763,0.96475,0.92372,-0.00343,-0.01093,-0.00567,1.20156,1.16678,0.06070,0.04319,0.01491,-0.71097,-0.80572,-0.32238,-0.31703,0.00110,0.27902,0.17267,-0.17190,-0.17007,-0.01208,0.73381,0.76584,-0.52906,0.24153,-0.00312,5.92657,5.87206
33.6126,-2.63269,-3.66704,-2.63269,-3.66704,-2.63181,-3.66240,2.36819,1.33760,5.01617,5.02396,5.00000,5.00000,0.00000,0.00000,12,0.00028,-0.49140,-0.48915,-0.00211,0.97636,0.92932,-0.00343,-0.01088,-0.01048,1.09364,1.22058,0.06070,0.04443,0.01885,-0.84527,-0.87563,-0.32238,-0.31715,0.00043,0.30226,0.28397,-0.17190,-0.17004,0.00627,0.76658,0.74241,-0.52906,0.24153,-0.00594,5.91822,5.72489
33.7139,-2.63542,-3.67905,-2.63542,-3.67905,-2.63354,-3.67343,2.36646,1.32657,5.01661,5.02445,5.00000,5.00000,0.00000,0.00000,12,0.00044,-0.49140,-0.48918,-0.00047,0.99194,0.97147,-0.00343,-0.01077,-0.00420,1.02375,1.10814,0.06070,0.04570,0.01067,-0.94931,-0.92985,-0.32238,-0.31726,-0.00034,0.35788,0.30495,-0.17190,-0.17003,0.00592,0.76043,0.66695,-0.52906,0.24154,-0.00070,5.99400,5.92590
33.8150,-2.62845,-3.68857,-2.62845,-3.68857,-2.63114,-3.68385,2.36886,1.31615,5.01463,5.02413,5.00000,5.00000,0.00000,0.00000,12,0.00035,-0.49140,-0.48917,0.00844,1.05216,1.10746,-0.00343,-0.01065,-0.00584,0.94008,0.98154,0.06070,0.04690,0.01698,-1.03389,-1.06809,-0.32238,-0.31736,0.00241,0.43234,0.30197,-0.17190,-0.17004,0.00637,0.77998,0.87053,-0.52906,0.24154,0.00264,5.96797,5.88663
33.9157,-2.62692,-3.69547,-2.62692,-3.69547,-2.62833,-3.69163,2.37167,1.30837,5.01517,5.02380,5.00000,5.00000,0.00000,0.00000,12,0.00028,-0.49140,-0.48921,-0.00711,1.04280,0.93534,-0.00343,-0.01045,0.00119,0.89237,0.98691,0.06070,0.04800,0.00684,-1.14762,-1.29217,-0.32238,-0.31748,-0.00120,0.47779,0.38946,-0.17190,-0.17008,-0.00997,0.79440,0.75102,-0.52906,0.24152,-0.00898,5.96707,6.03859
34.0182,-2.62457,-3.70871,-2.62457,-3.70871,-2.62531,-3.70264,2.37469,1.29736,5.01544,5.02482,5.00000,5.00000,0.00000,0.00000,12,0.00027,-0.49140,-0.48921,-0.00063,1.08603,1.03931,-0.00343,-0.01025,0.00201,0.79632,0.79794,0.06070,0.04965,0.01988,-1.13594,-1.29542,-0.32238,-0.31760,0.00121,0.51003,0.49914,-0.17190,-0.17006,-0.00048,0.82495,0.76549,-0.52906,0.24156,0.01232,5.98700,6.04603
34.1214,-2.62489,-3.72391,-2.62489,-3.72391,-2.62456,-3.71648,2.37544,1.28352,5.01589,5.02549,5.00000,5.00000,0.00000,0.00000,12,0.00034,-0.49140,-0.48923,0.00356,1.11559,1.10854,-0.00343,-0.01013,-0.00403,0.70193,0.68929,0.06070,0.05121,0.01516,-1.19553,-1.17027,-0.32238,-0.31770,0.00286,0.60808,0.55792,-0.17190,-0.17006,-0.00043,0.84772,0.83722,-0.52906,0.24155,0.00739,5.96953,5.77414
34.2239,-2.62457,-3.73310,-2.62457,-3.73310,-2.62391,-3.72877,2.37609,1.27123,5.01602,5.02423,5.00000,5.00000,0.00000,0.00000,12,0.00112,-0.49140,-0.48927,-0.00374,1.09330,1.12311,-0.00343,-0.00995,0.00393,0.65779,0.67820,0.06070,0.05262,0.01143,-1.21510,-1.31496,-0.32238,-0.31782,-0.00645,0.59358,0.51174,-0.17190,-0.17008,-0.00620,0.87261,0.89874,-0.52906,0.24153,0.00158,5.97353,6.10038
34.3244,-2.62391,-3.74773,-2.62391,-3.74773,-2.62393,-3.74097,2.37607,1.25903,5.01574,5.02534,5.00000,5.00000,0.00000,0.00000,12,0.00028,-0.49140,-0.48926,0.01134,1.17250,1.00943,-0.00343,-0.00971,0.00289,0.58839,0.59038,0.06070,0.05535,0.06509,-0.95976,-1.15793,-0.32238,-0.31792,-0.00012,0.67194,0.51262,-0.17190,-0.17008,-0.00467,0.86911,0.98958,-0.52906,0.24154,0.00265,5.99400,5.87738
34.4270,-2.64859,-3.89212,-2.64859,-3.89212,-2.63567,-3.84488,2.36433,1.15512,5.02135,5.04331,5.00000,5.00000,0.00000,0.00000,12,0.00073,-0.49140,-0.48932,-0.00961,1.16365,1.28085,-0.00343,-0.00934,0.00835,0.55767,0.67211,0.06070,0.07521,0.00113,0.23524,0.43889,-0.32238,-0.31808,-0.00729,0.70412,0.72377,-0.17190,-0.17007,0.00272,0.92276,1.00453,-0.52906,0.24153,0.00073,5.98256,5.80046
34.5295,-2.64309,-3.90514,-3.64309,-3.90514,-2.93584,-3.89848,2.06416,1.10152,5.32072,5.02625,5.00000,5.00000,1.00000,0.00000,13,0.00034,-0.49140,-0.48930,0.00541,1.21170,1.11362,-0.00343,-0.00905,0.00895,0.53264,0.49181,0.06070,0.07526,0.00304,0.44492,0.44770,-0.32238,-0.31825,-0.00249,0.76871,0.77872,-0.17190,-0.17010,-0.00618,0.92796,0.94162,-0.52906,0.24153,-0.00217,5.95756,5.90744
34.6315,-2.63705,-3.91849,-3.63705,-3.91849,-3.52068,-3.91133,1.47932,1.08867,5.07100,5.02654,5.00000,5.00000,1.00000,0.00000,12,0.00032,-0.49140,-0.48935,0.00652,1.24961,1.28741,-0.00343,-0.00869,0.00524,0.44283,0.41982,0.06070,0.07518,-0.00410,0.60098,0.66584,-0.32238,-0.31841,0.00356,0.80818,0.67806,-0.17190,-0.17009,-0.00301,0.93458,1.07470,-0.52906,0.24154,0.00614,5.97048,5.89669
34.7323,-2.64117,-3.91076,-3.64117,-3.91076,-3.62265,-3.90607,1.37735,1.09393,5.02967,5.02544,5.00000,5.00000,1.00000,0.00000,12,0.00032,-0.49140,-0.48938,-0.00339,1.25437,1.15111,-0.00343,-0.00834,0.00454,0.39200,0.38446,0.06070,0.07510,-0.00111,0.76846,0.77855,-0.32238,-0.31852,0.00470,0.86129,0.93181,-0.17190,-0.17007,0.00682,0.99514,0.89804,-0.52906,0.24154,0.01030,5.99400,5.98513
34.8328,-2.64344,-3.90827,-3.64344,-3.90827,-3.64076,-3.90680,1.35924,1.09320,5.02299,5.02407,5.00000,5.00000,1.00000,0.00000,12,0.00029,-0.49140,-0.48941,0.00528,1.29121,1.27256,-0.00343,-0.00789,-0.00151,0.39132,0.42439,0.06070,0.07499,-0.00084,0.94506,0.82821,-0.32238,-0.31860,0.01008,0.90641,0.77889,-0.17190,-0.17009,-0.00368,1.00541,1.02451,-0.52906,0.24152,0.00093,5.97872,6.00127
34.9340,-2.64770,-3.90645,-3.64770,-3.90645,-3.64558,-3.90635,1.35442,1.09365,5.02278,5.02348,5.00000,5.00000,1.00000,0.00000,12,0.00070,-0.49140,-0.48944,-0.00732,1.25431,1.22007,-0.00343,-0.00752,0.00464,0.38086,0.38582,0.06070,0.07491,0.00338,1.11484,1.14092,-0.32238,-0.31874,-0.00618,0.88452,0.87489,-0.17190,-0.17008,0.00459,1.02782,1.11504,-0.52906,0.24152,-0.00173,5.99400,6.08868
35.0345,-2.64859,-3.90737,-3.64859,-3.90737,-3.64777,-3.90680,1.35223,1.09320,5.02223,5.02369,5.00000,5.00000,1.00000,0.00000,12,0.00061,-0.49140,-0.48947,0.00411,1.32765,1.31534,-0.00343,-0.00719,0.00477,0.33745,0.32494,0.06070,0.07480,-0.00029,1.27057,1.32950,-0.32238,-0.31889,-0.00291,0.94511,1.07706,-0.17190,-0.17009,0.00165,1.06942,1.02685,-0.52906,0.24154,0.00637,5.98884,6.08969
35.1345,-2.64524,-3.90804,-3.64524,-3.90804,-3.64614,-3.90807,1.35386,1.09193,5.02149,5.02343,5.00000,5.00000,1.00000,0.00000,12,0.00028,-0.49140,-0.48950,0.00046,1.35666,1.42709,-0.00343,-0.00690,-0.00059,0.32432,0.38365,0.06070,0.07468,0.00126,1.43875,1.44544,-0.32238,-0.31899,-0.00163,0.99236,1.02091,-0.17190,-0.17009,0.00101,1.05535,1.06053,-0.52906,0.24152,-0.00345,5.97972,5.97349
35.2363,-2.64249,-3.90690,-3.64249,-3.90690,-3.64269,-3.90719,1.35731,1.09281,5.02177,5.02332,5.00000,5.00000,1.00000,0.00000,12,0.00030,-0.49140,-0.48953,0.00330,1.33904,1.32426,-0.00343,-0.00671,0.00070,0.26716,0.24652,0.06070,0.07457,0.00232,1.60996,1.59770,-0.32238,-0.31911,-0.00090,1.03022,1.21296,-0.17190,-0.17009,0.00165,1.08112,1.12167,-0.52906,0.24153,0.00295,5.97414,6.00520
35.3395,-2.63900,-3.90906,-3.63900,-3.90906,-3.63989,-3.90764,1.36011,1.09236,5.02146,5.02405,5.00000,5.00000,1.00000,0.00000,12,0.00088,-0.49140,-0.48957,-0.00833,1.39573,1.23716,-0.00343,-0.00649,-0.00130,0.25735,0.28741,0.06070,0.07445,-0.00324,1.75185,1.76109,-0.32238,-0.31920,0.00287,1.05791,1.03749,-0.17190,-0.17009,0.00364,1.13973,1.06066,-0.52906,0.24153,0.00825,5.97395,5.91593
35.4403,-2.63054,-3.90864,-3.63054,-3.90864,-3.63365,-3.90930,1.36635,1.09070,5.02047,5.02317,5.00000,5.00000,1.00000,0.00000,12,0.00026,-0.49140,-0.48959,-0.00193,1.39498,1.43494,-0.00343,-0.00629,0.00767,0.23670,0.22478,0.06070,0.07432,0.00335,1.94340,1.97231,-0.32238,-0.31932,-0.00093,1.08073,1.23112,-0.17190,-0.17013,-0.01117,1.12679,1.03161,-0.52906,0.24151,-0.00089,5.98118,6.01185
35.5416,-2.63280,-3.90971,-3.63280,-3.90971,-3.63184,-3.90841,1.36816,1.09159,5.02220,5.02401,5.00000,5.00000,1.00000,0.00000,12,0.00027,-0.49140,-0.48962,-0.00050,1.43832,1.44038,-0.00343,-0.00615,0.01067,0.22819,0.16949,0.06070,0.07417,0.00076,2.07319,2.21185,-0.32238,-0.31946,0.00512,1.11751,1.10714,-0.17190,-0.17010,0.00723,1.19249,1.20673,-0.52906,0.24152,0.00215,5.96771,6.00217
35.6427,-2.63109,-3.90941,-3.63109,-3.90941,-3.63118,-3.90910,1.36882,1.09090,5.02175,5.02359,5.00000,5.00000,1.00000,0.00000,12,0.00030,-0.49140,-0.48967,-0.00369,1.41938,1.54935,-0.00343,-0.00604,-0.00085,0.16677,0.21193,0.06070,0.07400,-0.00059,2.22718,2.08446,-0.32238,-0.31961,-0.00700,1.12276,1.14136,-0.17190,-0.17014,-0.01611,1.14696,1.13518,-0.52906,0.24150,-0.00411,5.95944,5.97599
35.7436,-2.63316,-3.91058,-3.63316,-3.91058,-3.63172,-3.90999,1.36828,1.09001,5.02241,5.02371,5.00000,5.00000,1.00000,0.00000,12,0.00030,-0.49140,-0.48967,0.00384,1.45908,1.48395,-0.00343,-0.00585,0.00526,0.17000,0.23283,0.06070,0.07386,0.00044,2.40286,2.48173,-0.32238,-0.31967,0.00083,1.20426,1.12006,-0.17190,-0.17013,-0.00442,1.18224,1.23918,-0.52906,0.24154,0.01390,5.99225,5.99886
35.8442,-2.63484,-3.90896,-3.63484,-3.90896,-3.63462,-3.90973,1.36538,1.09027,5.02190,5.02313,5.00000,5.00000,1.00000,0.00000,12,0.00032,-0.49140,-0.48974,-0.00685,1.43986,1.44745,-0.00343,-0.00575,0.00305,0.13163,0.05996,0.06070,0.07370,0.00427,2.53907,2.58009,-0.32238,-0.31977,-0.00353,1.19977,1.21257,-0.17190,-0.17013,-0.00678,1.22718,1.12885,-0.52906,0.24150,-0.00310,5.98532,5.99166
35.9454,-2.63436,-3.90793,-3.63436,-3.90793,-3.63460,-3.90815,1.36540,1.09185,5.02171,5.02336,5.00000,5.00000,1.00000,0.00000,12,0.00027,-0.49140,-0.48976,-0.00327,1.48879,1.60979,-0.00343,-0.00562,0.00445,0.11599,0.10687,0.06070,0.07351,0.00354,2.68029,2.69124,-0.32238,-0.31988,-0.00783,1.18414,1.22901,-0.17190,-0.17013,-0.00066,1.23882,1.28091,-0.52906,0.24152,-0.00013,5.96810,6.07526
36.0485,-2.63396,-3.91018,-3.63396,-3.91018,-3.63428,-3.90912,1.36572,1.09088,5.02167,5.02390,5.00000,5.00000,1.00000,0.00000,12,0.00080,-0.49140,-0.48978,0.00527,1.49236,1.62586,-0.00343,-0.00548,0.00254,0.10511,0.21678,0.06070,0.07327,-0.00777,2.81408,2.82107,-0.32238,-0.31998,0.00110,1.24723,1.30464,-0.17190,-0.17014,0.00238,1.26082,1.27789,-0.52906,0.24152,0.00455,5.97458,6.13545
36.1492,-2.63417,-3.90751,-3.63417,-3.90751,-3.63347,-3.90882,1.36653,1.09118,5.02210,5.02289,5.00000,5.00000,1.00000,0.00000,12,0.00037,-0.49140,-0.48981,0.00117,1.54596,1.50900,-0.00343,-0.00541,0.00550,0.09992,0.06706,0.06070,0.07301,0.00304,2.95839,2.87893,-0.32238,-0.32011,-0.00288,1.25219,1.22435,-0.17190,-0.17015,-0.00298,1.29047,1.30291,-0.52906,0.24151,0.00040,5.94389,6.02257
36.2504,-2.63191,-3.90460,-3.63191,-3.90460,-3.63264,-3.90554,1.36736,1.09446,5.02148,5.02303,5.00000,5.00000,1.00000,0.00000,12,0.00028,-0.49140,-0.48984,0.00491,1.55815,1.57860,-0.00343,-0.00532,-0.00005,0.07598,0.09739,0.06070,0.07264,-0.00556,3.04765,3.05456,-0.32238,-0.32026,-0.01250,1.25638,1.26658,-0.17190,-0.17013,0.00093,1.30251,1.34368,-0.52906,0.24152,0.00985,5.99400,6.02070
36.3517,-2.63060,-3.90673,-3.63060,-3.90673,-3.63124,-3.90643,1.36876,1.09357,5.02151,5.02357,5.00000,5.00000,1.00000,0.00000,12,0.00028,-0.49140,-0.48985,0.00784,1.57936,1.52099,-0.00343,-0.00513,0.00620,0.06190,0.01118,0.06070,0.07227,-0.00857,3.19084,3.27099,-0.32238,-0.32035,-0.00567,1.28001,1.31121,-0.17190,-0.17015,0.00556,1.33130,1.36875,-0.52906,0.24151,0.00310,5.99106,6.00515
36.4531,-2.62863,-3.90702,-3.62863,-3.90702,-3.62989,-3.90746,1.37011,1.09254,5.02124,5.02326,5.00000,5.00000,1.00000,0.00000,12,0.00029,-0.49140,-0.48992,-0.00689,1.58013,1.72090,-0.00343,-0.00501,-0.00364,0.01499,-0.01132,0.06070,0.07183,-0.00909,3.28540,3.20520,-0.32238,-0.32045,-0.00398,1.31626,1.25956,-0.17190,-0.17016,-0.00521,1.34681,1.45932,-0.52906,0.24149,-0.00408,5.96322,6.09774
36.5537,-2.62637,-3.90503,-3.62637,-3.90503,-3.62814,-3.90658,1.37186,1.09342,5.02101,5.02278,5.00000,5.00000,1.00000,0.00000,12,0.00033,-0.49140,-0.48996,-0.00417,1.56381,1.60716,-0.00343,-0.00495,0.00276,0.03508,0.12472,0.06070,0.07124,-0.00321,3.37774,3.37308,-0.32238,-0.32054,0.00245,1.34699,1.22669,-0.17190,-0.17015,-0.00067,1.39680,1.40027,-0.52906,0.24150,0.00291,5.95431,5.94122
36.6541,-2.62678,-3.90019,-3.62678,-3.90019,-3.62671,-3.90315,1.37329,1.09685,5.02179,5.02215,5.00000,5.00000,1.00000,0.00000,12,0.00030,-0.49140,-0.48998,-0.00097,1.60163,1.58212,-0.00343,-0.00490,-0.00274,0.00406,-0.06942,0.06070,0.07039,-0.01161,3.46164,3.47503,-0.32238,-0.32066,-0.00171,1.36038,1.37865,-0.17190,-0.17015,0.00170,1.41195,1.39505,-0.52906,0.24150,0.00248,5.98002,5.83545
36.7558,-2.62672,-3.89540,-3.62672,-3.89540,-3.62550,-3.89807,1.37450,1.10193,5.02228,5.02224,5.00000,5.00000,1.00000,0.00000,12,0.00035,-0.49140,-0.49001,0.00453,1.64806,1.83960,-0.00343,-0.00480,-0.00098,0.00453,-0.02607,0.06070,0.06958,-0.00970,3.52743,3.46482,-0.32238,-0.32076,-0.00788,1.34322,1.34790,-0.17190,-0.17015,0.00090,1.39212,1.24733,-0.52906,0.24151,0.00560,5.96863,6.04881
36.8587,-2.62712,-3.88618,-3.62712,-3.88618,-3.62694,-3.88986,1.37306,1.11014,5.02184,5.02176,5.00000,5.00000,1.00000,0.00000,12,0.00033,-0.49140,-0.49002,0.00394,1.63032,1.70149,-0.00343,-0.00477,-0.00044,-0.03192,0.00903,0.06070,0.06860,-0.01269,3.54263,3.42235,-0.32238,-0.32084,0.00342,1.38510,1.33355,-0.17190,-0.17017,-0.00613,1.44042,1.30840,-0.52906,0.24148,-0.00497,5.96641,5.90496
36.9617,-2.63316,-3.87957,-3.63316,-3.87957,-3.63102,-3.88251,1.36898,1.11749,5.02270,5.02204,5.00000,5.00000,1.00000,0.00000,12,0.00032,-0.49140,-0.49007,-0.00272,1.65477,1.68384,-0.00343,-0.00469,-0.00035,-0.03127,0.00382,0.06070,0.06773,-0.01877,3.55103,3.57611,-0.32238,-0.32091,-0.00229,1.38438,1.53383,-0.17190,-0.17019,-0.01273,1.43842,1.36148,-0.52906,0.24148,-0.00939,5.95277,5.90597
37.0626,-2.63368,-3.87047,-3.63368,-3.87047,-3.63265,-3.87402,1.36735,1.12598,5.02224,5.02172,5.00000,5.00000,1.00000,0.00000,12,0.00034,-0.49140,-0.49008,0.00128,1.66996,1.70116,-0.00343,-0.00456,0.00672,-0.06010,0.01188,0.06070,0.06691,-0.00836,3.61273,3.57658,-0.32238,-0.32100,0.00633,1.39649,1.24670,-0.17190,-0.17017,0.00243,1.48978,1.50344,-0.52906,0.24149,-0.00504,5.96066,5.86238
37.1643,-2.63531,-3.86430,-3.63531,-3.86430,-3.63546,-3.86734,1.36454,1.13266,5.02175,5.02190,5.00000,5.00000,1.00000,0.00000,12,0.00031,-0.49140,-0.49011,0.00360,1.67811,1.77290,-0.00343,-0.00448,0.00295,-0.03991,-0.01021,0.06070,0.06599,-0.01010,3.62564,3.59494,-0.32238,-0.32111,-0.00014,1.40566,1.37050,-0.17190,-0.17018,0.00068,1.50053,1.60208,-0.52906,0.24149,-0.00235,5.97075,5.99109
37.2672,-2.63673,-3.85827,-3.63673,-3.85827,-3.63574,-3.86162,1.36426,1.13837,5.02224,5.02173,5.00000,5.00000,1.00000,0.00000,12,0.00107,-0.49140,-0.49015,-0.01193,1.69606,1.62273,-0.00343,-0.00447,-0.00382,-0.06480,-0.04116,0.06070,0.06520,-0.00076,3.62124,3.61010,-0.32238,-0.32118,-0.00216,1.43151,1.43680,-0.17190,-0.17017,-0.00101,1.55214,1.46955,-0.52906,0.24150,0.00405,5.99400,5.94704
37.3687,-2.63468,-3.85415,-3.63468,-3.85415,-3.63626,-3.85698,1.36374,1.14302,5.02114,5.02193,5.00000,5.00000,1.00000,0.00000,12,0.00031,-0.49140,-0.49017,-0.00742,1.71089,1.84261,-0.00343,-0.00444,0.00016,-0.06483,-0.04839,0.06070,0.06452,-0.00269,3.66300,3.78352,-0.32238,-0.32125,0.00341,1.45011,1.49654,-0.17190,-0.17017,0.00756,1.55749,1.55344,-0.52906,0.24149,0.00352,5.99330,5.91311
37.4703,-2.63047,-3.84272,-3.63047,-3.84272,-3.63238,-3.84726,1.36762,1.15274,5.02097,5.02114,5.00000,5.00000,1.00000,0.00000,12,0.00027,-0.49140,-0.49021,-0.01011,1.72271,1.65434,-0.00343,-0.00433,0.00917,-0.04778,-0.11603,0.06070,0.06383,-0.01079,3.62247,3.83786,-0.32238,-0.32131,-0.00057,1.44422,1.34442,-0.17190,-0.17019,0.00227,1.56560,1.55976,-0.52906,0.24149,0.00145,5.97398,5.90178
37.5720,-2.63350,-3.81844,-2.63350,-3.81844,-2.97504,-3.83547,1.45538,1.16453,4.43042,5.01571,4.43042,5.00000,0.00000,0.00000,8,0.00027,-0.48008,-0.48992,0.00410,0.73406,0.95724,-0.03001,-0.00558,-0.15643,1.74008,1.80644,0.03584,0.05609,-0.42204,4.10256,4.01058,-0.31176,-0.32121,0.01050,0.47883,0.79794,-0.15666,-0.17012,-0.00367,0.20397,0.53092,-0.51390,0.24150,0.00326,5.99400,6.01318
37.6735,-2.60873,-3.59137,-2.60873,-3.59137,-2.67427,-3.66965,1.53816,1.26855,4.21242,4.93820,4.21242,4.93820,0.00000,0.00000,0,0.00030,-0.47311,-0.48908,0.02044,0.32922,0.47645,-0.04001,-0.00990,-0.00456,2.54956,2.65635,0.02620,0.03013,-0.07427,3.83316,3.94590,-0.31022,-0.32105,-0.00561,0.48196,0.42282,-0.15319,-0.16967,0.01110,0.09830,-0.03959,-0.50581,0.24149,-0.00052,5.99400,6.06600
37.7739,-2.59991,-3.59795,-2.59991,-3.59795,-2.62277,-3.60008,1.61739,1.37687,4.24015,4.97695,4.24015,4.97695,0.00000,0.00000,0,0.00036,-0.47531,-0.48844,-0.00667,0.45803,0.38423,-0.03883,-0.01039,0.00116,2.56007,2.66264,0.02748,0.02936,0.00126,3.75487,3.72730,-0.30915,-0.32105,-0.00244,0.32511,0.30278,-0.15246,-0.16966,0.00158,-0.08208,0.03001,-0.50799,0.24148,-0.00380,5.97933,5.89550
37.8756,-2.60635,-3.57958,-2.60635,-3.57958,-2.61648,-3.57379,1.69599,1.42621,4.31247,5.02392,4.31247,5.00000,0.00000,0.00000,8,0.00031,-0.47773,-0.48847,0.00260,0.50112,0.58786,-0.03552,-0.01074,0.00082,2.58300,2.62080,0.03069,0.02932,0.00160,3.49723,3.53578,-0.30956,-0.32094,-0.00446,0.20514,0.22418,-0.15351,-0.16918,0.00268,-0.19056,-0.26914,-0.51076,0.24149,0.00333,5.96235,5.92395
37.9781,-2.60916,-3.57422,-2.60916,-3.57422,-2.61174,-3.57350,1.77439,1.42650,4.38613,5.02175,4.38613,5.00000,0.00000,0.00000,8,0.00039,-0.47920,-0.48847,0.00122,0.45182,0.48671,-0.03208,-0.01098,-0.00645,2.63657,2.56921,0.03391,0.02935,-0.00846,3.25389,3.18851,-0.31093,-0.32090,-0.00022,0.17356,0.09808,-0.15547,-0.16910,0.00359,-0.21601,-0.11247,-0.51272,0.24147,-0.00214,5.96038,5.91419
38.0793,-2.61197,-3.57415,-2.61197,-3.57415,-2.61291,-3.57442,1.85276,1.42558,4.46567,5.02133,4.46567,5.00000,0.00000,0.00000,8,0.00046,-0.48078,-0.48846,-0.00127,0.41514,0.42240,-0.02836,-0.01106,0.00725,2.67343,2.63763,0.03738,0.02951,0.00123,2.96781,3.01289,-0.31242,-0.32091,-0.00688,0.17325,0.21579,-0.15760,-0.16902,0.00659,-0.24492,-0.11657,-0.51484,0.24149,0.00347,5.99400,5.96486
38.1807,-2.60890,-3.57183,-2.60890,-3.57183,-2.61062,-3.57183,1.93112,1.42817,4.54174,5.02143,4.54174,5.00000,0.00000,0.00000,8,0.00031,-0.48230,-0.48846,-0.00462,0.41783,0.34855,-0.02481,-0.01111,0.00131,2.61856,2.44375,0.04070,0.02965,0.00142,2.66379,2.56930,-0.31384,-0.32088,-0.00013,0.17221,0.25309,-0.15963,-0.16899,0.00221,-0.20334,-0.25653,-0.51686,0.24149,0.00529,5.96449,5.87867
38.2820,-2.60595,-3.57559,-2.60595,-3.57559,-2.60791,-3.57377,2.00939,1.42623,4.61731,5.02222,4.61731,5.00000,0.00000,0.00000,8,0.00048,-0.48380,-0.48846,-0.00237,0.49205,0.41403,-0.02128,-0.01111,0.00705,2.55355,2.55767,0.04400,0.02983,-0.00061,2.32394,2.28392,-0.31525,-0.32087,0.00369,0.17105,0.15144,-0.16165,-0.16900,-0.00685,-0.19660,-0.20620,-0.51887,0.24148,0.00262,5.97887,6.02240
38.3837,-2.60206,-3.57212,-2.60206,-3.57212,-2.60374,-3.57256,2.08756,1.42744,4.69130,5.02125,4.69130,5.00000,0.00000,0.00000,8,0.00045,-0.48527,-0.48846,0.00001,0.54005,0.45715,-0.01783,-0.01112,-0.00123,2.43737,2.46754,0.04724,0.03017,-0.00073,1.94954,1.93167,-0.31663,-0.32087,0.00263,0.23045,0.21986,-0.16363,-0.16903,-0.02015,-0.14038,-0.01409,-0.52084,0.24146,-0.00382,5.95063,6.01384
38.4858,-2.60422,-3.56939,-2.60422,-3.56939,-2.60432,-3.57066,2.16569,1.42934,4.77000,5.02088,4.77000,5.00000,0.00000,0.00000,8,0.00208,-0.48683,-0.48846,0.00416,0.58989,0.58706,-0.01415,-0.01112,-0.00436,2.25437,2.25102,0.05067,0.03056,0.00772,1.54256,1.51873,-0.31810,-0.32088,0.00113,0.23867,0.15514,-0.16574,-0.16898,0.00381,-0.05942,-0.08401,-0.52293,0.24146,-0.00364,5.99400,6.01809
38.5849,-2.59998,-3.56916,-2.59998,-3.56916,-2.60019,-3.56933,2.24374,1.43067,4.84392,5.02134,4.84392,5.00000,0.00000,0.00000,8,0.00027,-0.48830,-0.48851,-0.00208,0.65362,0.73967,-0.01071,-0.01112,-0.00298,2.02776,1.96609,0.05390,0.03110,-0.00149,1.08410,1.27174,-0.31948,-0.32088,-0.00319,0.31291,0.32622,-0.16772,-0.16897,0.00932,0.05817,0.01042,-0.52490,0.24148,-0.00078,5.96581,5.92814
38.6859,-2.60239,-3.57130,-2.60239,-3.57130,-2.60078,-3.56913,2.32173,1.43087,4.92251,5.02234,4.92251,5.00000,0.00000,0.00000,8,0.00029,-0.48986,-0.48855,-0.00939,0.77787,0.68226,-0.00704,-0.01111,-0.00442,1.76894,1.98575,0.05732,0.03223,0.01751,0.71818,0.77526,-0.32094,-0.32088,-0.00115,0.35304,0.38068,-0.16982,-0.16902,-0.00127,0.16728,0.14947,-0.52700,0.24146,-0.00721,5.96681,6.01957
38.7901,-2.60378,-3.59720,-2.60378,-3.59720,-2.60246,-3.58484,2.39754,1.41516,5.00224,5.02681,5.00000,5.00000,0.00000,0.00000,12,0.00032,-0.49140,-0.48861,-0.00205,0.87402,1.02961,-0.00343,-0.01105,-0.00041,1.55197,1.52047,0.06070,0.03600,0.03816,0.52518,0.59906,-0.32238,-0.32089,-0.00048,0.48822,0.48515,-0.17190,-0.16903,-0.00165,0.34652,0.30762,-0.52906,0.24146,-0.00071,5.98197,5.97150
38.8928,-2.60519,-3.61099,-2.60519,-3.61099,-2.60468,-3.60390,2.39532,1.39610,5.01585,5.02466,5.00000,5.00000,0.00000,0.00000,12,0.00108,-0.49140,-0.48865,-0.00019,0.92147,0.73876,-0.00343,-0.01103,-0.00120,1.44505,1.59416,0.06070,0.03768,0.02001,0.27587,0.28850,-0.32238,-0.32090,0.00235,0.50750,0.40874,-0.17190,-0.16906,-0.00858,0.31561,0.34083,-0.52906,0.24145,-0.00460,5.97063,6.11916
38.9924,-2.61081,-3.61587,-2.61081,-3.61587,-2.60885,-3.61281,2.39115,1.38719,5.01649,5.02299,5.00000,5.00000,0.00000,0.00000,12,0.00028,-0.49140,-0.48868,-0.00989,0.90344,0.85714,-0.00343,-0.01100,0.00009,1.34413,1.33567,0.06070,0.03847,0.00602,0.04077,-0.00774,-0.32238,-0.32090,0.00257,0.52005,0.48254,-0.17190,-0.16903,0.00873,0.38380,0.37840,-0.52906,0.24146,-0.00115,5.96869,6.10680
39.0938,-2.61284,-3.62541,-2.61284,-3.62541,-2.61138,-3.62061,2.38862,1.37939,5.01629,5.02378,5.00000,5.00000,0.00000,0.00000,12,0.00076,-0.49140,-0.48868,0.00240,0.94071,0.99207,-0.00343,-0.01099,0.00456,1.27442,1.36824,0.06070,0.03937,0.00870,-0.16766,-0.12023,-0.32238,-0.32091,0.00428,0.54253,0.45380,-0.17190,-0.16904,0.00402,0.36618,0.38719,-0.52906,0.24146,-0.00270,5.97916,5.99741
39.1942,-2.61268,-3.63229,-2.61268,-3.63229,-2.61309,-3.62899,2.38691,1.37101,5.01550,5.02319,5.00000,5.00000,0.00000,0.00000,12,0.00037,-0.49140,-0.48869,0.00649,1.01179,0.99977,-0.00343,-0.01095,0.00362,1.17362,1.20300,0.06070,0.04042,0.00304,-0.36783,-0.42299,-0.32238,-0.32090,0.00431,0.56303,0.46030,-0.17190,-0.16904,0.00115,0.46021,0.39884,-0.52906,0.24148,0.00921,5.99400,6.21950
39.2954,-2.61311,-3.63724,-2.61311,-3.63724,-2.61241,-3.63455,2.38759,1.36545,5.01598,5.02296,5.00000,5.00000,0.00000,0.00000,12,0.00026,-0.49140,-0.48871,0.00363,1.05331,1.00802,-0.00343,-0.01093,-0.00535,1.09952,1.09045,0.06070,0.04134,0.01073,-0.52426,-0.48356,-0.32238,-0.32093,-0.00744,0.55741,0.56704,-0.17190,-0.16908,-0.01149,0.46274,0.39997,-0.52906,0.24146,0.00179,5.99400,5.98883
39.3967,-2.61016,-3.64677,-2.61016,-3.64677,-2.61176,-3.64179,2.38824,1.35821,5.01498,5.02398,5.00000,5.00000,0.00000,0.00000,12,0.00028,-0.49140,-0.48874,0.00461,1.07168,1.04697,-0.00343,-0.01084,0.00514,1.02933,1.07460,0.06070,0.04239,0.01135,-0.67351,-0.64917,-0.32238,-0.32092,-0.00072,0.57071,0.57370,-0.17190,-0.16906,0.00475,0.49674,0.53194,-0.52906,0.24146,0.00017,5.97250,5.83762
39.5003,-2.61212,-3.65862,-2.61212,-3.65862,-2.61181,-3.65359,2.38819,1.34641,5.01580,5.02407,5.00000,5.00000,0.00000,0.00000,12,0.00028,-0.49140,-0.48879,0.00161,1.10446,0.97404,-0.00343,-0.01078,-0.00646,0.89962,0.89823,0.06070,0.04345,0.01097,-0.86197,-0.99120,-0.32238,-0.32091,0.00497,0.61212,0.54325,-0.17190,-0.16909,-0.01129,0.49532,0.44926,-0.52906,0.24149,0.01180,5.99400,5.93343
39.6027,-2.60868,-3.66375,-2.60868,-3.66375,-2.61007,-3.66106,2.38993,1.33894,5.01507,5.02312,5.00000,5.00000,0.00000,0.00000,12,0.00029,-0.49140,-0.48883,-0.00353,1.12500,1.21746,-0.00343,-0.01066,-0.00043,0.83304,0.88183,0.06070,0.04445,0.01242,-0.97900,-0.92160,-0.32238,-0.32093,-0.00504,0.61974,0.51236,-0.17190,-0.16908,-0.00195,0.59618,0.48598,-0.52906,0.24146,0.00258,5.99400,6.10588
39.7037,-2.60804,-3.66581,-2.60804,-3.66581,-2.60821,-3.66487,2.39179,1.33513,5.01557,5.02239,5.00000,5.00000,0.00000,0.00000,12,0.00032,-0.49140,-0.48886,-0.00289,1.10893,1.22712,-0.00343,-0.01046,0.00029,0.77280,0.78234,0.06070,0.04538,0.01048,-1.10642,-1.04406,-0.32238,-0.32092,0.00624,0.64860,0.57661,-0.17190,-0.16908,0.00417,0.61405,0.58363,-0.52906,0.24145,-0.00230,5.97890,5.99560
39.8044,-2.61008,-3.67620,-2.61008,-3.67620,-2.60855,-3.67156,2.39145,1.32844,5.01631,5.02402,5.00000,5.00000,0.00000,0.00000,12,0.00029,-0.49140,-0.48891,-0.00834,1.15830,1.16132,-0.00343,-0.01032,0.00016,0.67425,0.76028,0.06070,0.04700,0.01324,-1.14549,-1.22719,-0.32238,-0.32095,-0.00809,0.63679,0.63816,-0.17190,-0.16906,0.01471,0.63305,0.63975,-0.52906,0.24145,-0.00414,5.95860,5.84827
39.9059,-2.61298,-3.69044,-2.61298,-3.69044,-2.61182,-3.68443,2.38818,1.31557,5.01617,5.02468,5.00000,5.00000,0.00000,0.00000,12,0.00028,-0.49140,-0.48894,0.00294,1.23279,1.39265,-0.00343,-0.01015,0.00128,0.60349,0.62409,0.06070,0.04858,0.01123,-1.20729,-1.37230,-0.32238,-0.32095,0.00022,0.67575,0.66763,-0.17190,-0.16910,0.00055,0.69599,0.66683,-0.52906,0.24148,0.00990,5.98281,6.07199
40.0091,-2.61325,-3.69936,-2.61325,-3.69936,-2.61391,-3.69478,2.38609,1.30522,5.01540,5.02413,5.00000,5.00000,0.00000,0.00000,12,0.00129,-0.49140,-0.48900,-0.00556,1.20060,1.18101,-0.00343,-0.00992,-0.00046,0.54681,0.52308,0.06070,0.05019,0.00904,-1.25969,-1.21895,-0.32238,-0.32096,-0.00327,0.67820,0.60336,-0.17190,-0.16911,-0.00136,0.68473,0.70266,-0.52906,0.24147,0.00986,5.99400,6.10208
40.1093,-2.61538,-3.70727,-2.61538,-3.70727,-2.61460,-3.70314,2.38540,1.29686,5.01602,5.02399,5.00000,5.00000,0.00000,0.00000,12,0.00035,-0.49140,-0.48901,0.00874,1.27205,1.31657,-0.00343,-0.00967,-0.00277,0.48600,0.50629,0.06070,0.05190,0.01983,-1.23843,-1.33268,-0.32238,-0.32095,0.00693,0.70451,0.56756,-0.17190,-0.16910,0.01014,0.72912,0.72541,-0.52906,0.24147,0.00888,5.99400,5.92089
40.2107,-2.61567,-3.72083,-2.61567,-3.72083,-2.61439,-3.71401,2.38561,1.28599,5.01624,5.02521,5.00000,5.00000,0.00000,0.00000,12,0.00029,-0.49140,-0.48906,-0.00555,1.28983,1.40075,-0.00343,-0.00932,0.00021,0.43309,0.48831,0.06070,0.05443,0.05399,-1.06881,-1.06122,-0.32238,-0.32097,-0.00167,0.71251,0.70846,-0.17190,-0.16912,-0.00087,0.78194,0.70869,-0.52906,0.24145,-0.00430,5.96037,5.87564
40.3126,-2.63418,-3.89388,-2.63418,-3.89388,-2.61952,-3.80897,2.38048,1.19103,5.02200,5.05925,5.00000,5.00000,0.00000,0.00000,12,0.00089,-0.49140,-0.48912,-0.01694,1.25050,1.36484,-0.00343,-0.00904,0.00397,0.38052,0.47277,0.06070,0.07511,0.01564,0.23289,0.33537,-0.32238,-0.32097,0.00148,0.74357,0.79117,-0.17190,-0.16912,-0.00657,0.79484,0.76753,-0.52906,0.24144,-0.00261,5.96747,6.00853
40.4144,-2.61046,-3.88204,-2.61046,-3.88204,-2.61883,-3.87586,2.38117,1.12414,5.01212,5.02590,5.00000,5.00000,0.00000,0.00000,12,0.00036,-0.49140,-0.48913,0.00122,1.32914,1.39868,-0.00343,-0.00872,0.00652,0.35417,0.45238,0.06070,0.07530,-0.00264,0.37111,0.26053,-0.32238,-0.32097,0.00592,0.77113,0.79929,-0.17190,-0.16913,0.00309,0.85281,0.83733,-0.52906,0.24142,-0.01035,5.96342,5.95797
40.5158,-2.61363,-3.89908,-2.61363,-3.89908,-2.62026,-3.88297,2.37974,1.11703,5.01288,5.03020,5.00000,5.00000,0.00000,0.00000,12,0.00027,-0.49140,-0.48919,-0.00093,1.34481,1.35793,-0.00343,-0.00822,0.00946,0.33951,0.35084,0.06070,0.07524,0.00055,0.55651,0.56212,-0.32238,-0.32098,0.00267,0.77377,0.77013,-0.17190,-0.16913,0.00851,0.87632,0.85075,-0.52906,0.24145,0.00274,5.96153,5.95699
40.6175,-2.61870,-3.87652,-3.61870,-3.87652,-3.45254,-3.87775,1.54746,1.12225,5.09193,5.02274,5.00000,5.00000,1.00000,0.00000,12,0.00029,-0.49140,-0.48920,-0.00180,1.39283,1.27152,-0.00343,-0.00772,0.00331,0.30000,0.40060,0.06070,0.07519,-0.00086,0.72568,0.63394,-0.32238,-0.32100,-0.00298,0.77223,0.86116,-0.17190,-0.16917,-0.01198,0.88899,0.81121,-0.52906,0.24146,0.00639,5.99400,5.84140
40.7183,-2.61055,-3.87914,-3.61055,-3.87914,-3.58601,-3.87997,1.41399,1.12003,5.03203,5.02293,5.00000,5.00000,1.00000,0.00000,12,0.00030,-0.49140,-0.48926,-0.01022,1.38900,1.43419,-0.00343,-0.00746,0.00225,0.24682,0.34774,0.06070,0.07509,-0.00103,0.87281,0.84807,-0.32238,-0.32098,0.00598,0.81704,0.87534,-0.17190,-0.16916,-0.00644,0.94079,0.97254,-0.52906,0.24146,0.00781,5.99400,5.80972
40.8221,-2.61388,-3.87908,-3.61388,-3.87908,-3.60836,-3.87917,1.39164,1.12083,5.02401,5.02323,5.00000,5.00000,1.00000,0.00000,12,0.00093,-0.49140,-0.48931,-0.00666,1.42950,1.48402,-0.00343,-0.00721,0.00666,0.22841,0.29599,0.06070,0.07498,0.00427,1.08253,1.09250,-0.32238,-0.32100,0.00092,0.84138,0.90815,-0.17190,-0.16916,-0.00196,0.95536,0.96548,-0.52906,0.24143,-0.00613,5.95903,6.06046
40.9224,-2.61357,-3.88013,-3.61357,-3.88013,-3.61299,-3.87900,1.38701,1.12100,5.02193,5.02376,5.00000,5.00000,1.00000,0.00000,12,0.00026,-0.49140,-0.48935,-0.00272,1.44828,1.57373,-0.00343,-0.00700,0.00550,0.20327,0.25639,0.06070,0.07487,-0.00475,1.22328,1.12934,-0.32238,-0.32101,-0.00282,0.83599,0.79831,-0.17190,-0.16916,0.00393,1.03771,0.90091,-0.52906,0.24145,0.00487,5.97652,5.83638
41.0239,-2.61380,-3.87768,-3.61380,-3.87768,-3.61476,-3.87848,1.38524,1.12152,5.02128,5.02293,5.00000,5.00000,1.00000,0.00000,12,0.00039,-0.49140,-0.48938,0.00608,1.47774,1.35165,-0.00343,-0.00666,0.01091,0.18782,0.13252,0.06070,0.07474,-0.00444,1.38320,1.31606,-0.32238,-0.32102,-0.00282,0.84981,0.82800,-0.17190,-0.16917,-0.00006,1.02137,1.14463,-0.52906,0.24143,-0.00449,5.98872,5.91723
41.1273,-2.61986,-3.87970,-3.61986,-3.87970,-3.61737,-3.87947,1.38263,1.12053,5.02277,5.02338,5.00000,5.00000,1.00000,0.00000,12,0.00290,-0.49140,-0.48945,-0.01337,1.50033,1.68995,-0.00343,-0.00658,-0.00531,0.11987,0.00394,0.06070,0.07464,-0.00362,1.55810,1.63623,-0.32238,-0.32105,-0.00637,0.83958,0.72724,-0.17190,-0.16917,-0.00001,1.09115,1.04255,-0.52906,0.24146,0.01627,5.97991,5.87769
41.2279,-2.61992,-3.87929,-3.61992,-3.87929,-3.61959,-3.87959,1.38041,1.12041,5.02186,5.02315,5.00000,5.00000,1.00000,0.00000,12,0.00071,-0.49140,-0.48944,0.00746,1.52763,1.57416,-0.00343,-0.00639,-0.00580,0.09659,0.07755,0.06070,0.07450,-0.00362,1.71000,1.79878,-0.32238,-0.32103,0.00171,0.88985,0.79620,-0.17190,-0.16917,0.00410,1.10399,1.00562,-0.52906,0.24142,-0.00721,5.93699,5.81715
41.3290,-2.61968,-3.87975,-3.61968,-3.87975,-3.62003,-3.88013,1.37997,1.11987,5.02157,5.02312,5.00000,5.00000,1.00000,0.00000,12,0.00040,-0.49140,-0.48950,-0.00558,1.54057,1.53931,-0.00343,-0.00622,0.00326,0.08728,0.05844,0.06070,0.07439,0.00173,1.89015,1.87665,-0.32238,-0.32105,-0.00739,0.89958,0.84366,-0.17190,-0.16921,-0.00865,1.13716,1.28851,-0.52906,0.24142,-0.00741,5.98407,6.10154
41.4303,-2.61513,-3.87931,-3.61513,-3.87931,-3.61694,-3.87935,1.38306,1.12065,5.02093,5.02326,5.00000,5.00000,1.00000,0.00000,12,0.00029,-0.49140,-0.48954,0.00356,1.57109,1.58682,-0.00343,-0.00606,-0.01114,0.04327,0.08660,0.06070,0.07422,0.00321,2.06739,2.01360,-0.32238,-0.32104,0.00241,0.91914,0.86638,-0.17190,-0.16920,0.00401,1.21495,1.29139,-0.52906,0.24142,-0.00435,5.97864,6.12712
41.5320,-2.61071,-3.87591,-3.61071,-3.87591,-3.61364,-3.87740,1.38636,1.12260,5.02043,5.02263,5.00000,5.00000,1.00000,0.00000,12,0.00110,-0.49140,-0.48956,0.00719,1.59021,1.64953,-0.00343,-0.00581,0.00617,0.05427,0.07534,0.06070,0.07407,0.00167,2.20330,2.19604,-0.32238,-0.32105,0.00159,0.92795,1.02341,-0.17190,-0.16920,0.00491,1.21693,1.13933,-0.52906,0.24142,-0.00594,5.98753,5.86411
41.6320,-2.61402,-3.87892,-3.61402,-3.87892,-3.61349,-3.87826,1.38651,1.12174,5.02191,5.02355,5.00000,5.00000,1.00000,0.00000,12,0.00030,-0.49140,-0.48960,0.00459,1.61376,1.61723,-0.00343,-0.00572,0.00714,0.01973,0.01396,0.06070,0.07392,-0.00387,2.32129,2.35242,-0.32238,-0.32106,0.00189,0.97347,0.88008,-0.17190,-0.16922,0.00646,1.24654,1.27070,-0.52906,0.24145,0.01171,5.98571,6.03164
41.7329,-2.61062,-3.87680,-3.61062,-3.87680,-3.61077,-3.87722,1.38923,1.12278,5.02160,5.02308,5.00000,5.00000,1.00000,0.00000,12,0.00030,-0.49140,-0.48964,-0.00371,1.61979,1.69010,-0.00343,-0.00563,-0.00170,0.01471,-0.13379,0.06070,0.07379,0.00711,2.50172,2.53463,-0.32238,-0.32107,0.00326,0.95434,0.90333,-0.17190,-0.16925,-0.00942,1.27515,1.26384,-0.52906,0.24144,0.00300,5.98811,5.98373
41.8337,-2.61525,-3.88067,-3.61525,-3.88067,-3.61360,-3.87903,1.38640,1.12097,5.02239,5.02398,5.00000,5.00000,1.00000,0.00000,12,0.00030,-0.49140,-0.48968,0.00286,1.63289,1.54119,-0.00343,-0.00554,0.00253,-0.00890,0.03845,0.06070,0.07359,-0.00026,2.64516,2.69730,-0.32238,-0.32108,-0.00015,0.98208,0.87165,-0.17190,-0.16924,-0.00304,1.30076,1.24200,-0.52906,0.24143,0.00078,5.97852,6.10283
41.9344,-2.61897,-3.88066,-3.61897,-3.88066,-3.61613,-3.88023,1.38387,1.11977,5.02291,5.02347,5.00000,5.00000,1.00000,0.00000,12,0.00038,-0.49140,-0.48972,0.00090,1.68703,1.69243,-0.00343,-0.00542,0.00191,-0.02862,-0.07995,0.06070,0.07338,0.00535,2.78841,2.81695,-0.32238,-0.32108,0.00244,1.00778,1.00011,-0.17190,-0.16921,0.01470,1.34181,1.32268,-0.52906,0.24145,0.00798,5.99400,6.09750
42.0346,-2.62015,-3.88169,-3.62015,-3.88169,-3.61969,-3.88181,1.38031,1.11819,5.02191,5.02324,5.00000,5.00000,1.00000,0.00000,12,0.00030,-0.49140,-0.48975,0.00225,1.69827,1.72950,-0.00343,-0.00528,0.00108,-0.06595,-0.16448,0.06070,0.07310,-0.00542,2.90059,2.75857,-0.32238,-0.32111,-0.00524,1.01294,0.98005,-0.17190,-0.16924,0.00126,1.37837,1.32585,-0.52906,0.24141,-0.00184,5.95318,5.95169
42.1360,-2.62749,-3.88414,-3.62749,-3.88414,-3.62383,-3.88242,1.37617,1.11758,5.02331,5.02403,5.00000,5.00000,1.00000,0.00000,12,0.00030,-0.49140,-0.48979,-0.00372,1.67126,1.88380,-0.00343,-0.00517,0.00693,-0.03954,0.06898,0.06070,0.07275,-0.00748,3.02757,3.02994,-0.32238,-0.32111,0.00290,1.02475,0.94950,-0.17190,-0.16926,0.00484,1.41139,1.33034,-0.52906,0.24142,-0.00127,5.95817,5.89510
42.2408,-2.62707,-3.88246,-3.62707,-3.88246,-3.62649,-3.88313,1.37351,1.11687,5.02201,5.02301,5.00000,5.00000,1.00000,0.00000,12,0.00184,-0.49140,-0.48981,0.00153,1.72633,1.62412,-0.00343,-0.00512,0.00746,-0.05850,-0.21622,0.06070,0.07239,-0.00342,3.16318,3.09400,-0.32238,-0.32110,0.00499,1.05070,1.16031,-0.17190,-0.16929,-0.00658,1.38845,1.47171,-0.52906,0.24142,0.00423,5.97617,5.98364
42.3398,-2.62535,-3.87830,-3.62535,-3.87830,-3.62685,-3.88050,1.37315,1.11950,5.02112,5.02234,5.00000,5.00000,1.00000,0.00000,12,0.00027,-0.49140,-0.48989,-0.01021,1.69893,1.68703,-0.00343,-0.00504,-0.00176,-0.09101,-0.03552,0.06070,0.07192,-0.00857,3.28129,3.15713,-0.32238,-0.32112,0.00402,1.05510,1.00099,-0.17190,-0.16928,0.00476,1.46341,1.47294,-0.52906,0.24143,0.00901,5.99400,6.05455
42.4411,-2.62798,-3.87656,-3.62798,-3.87656,-3.62721,-3.87807,1.37279,1.12193,5.02209,5.02262,5.00000,5.00000,1.00000,0.00000,12,0.00027,-0.49140,-0.48988,0.00484,1.76890,1.77490,-0.00343,-0.00494,-0.00874,-0.10933,-0.07706,0.06070,0.07129,-0.00149,3.35129,3.25238,-0.32238,-0.32114,-0.00591,1.05537,1.14686,-0.17190,-0.16928,0.00691,1.49952,1.61821,-0.52906,0.24141,-0.00573,5.93933,5.96821
42.5424,-2.62507,-3.87291,-3.62507,-3.87291,-3.62648,-3.87445,1.37352,1.12555,5.02115,5.02259,5.00000,5.00000,1.00000,0.00000,12,0.00101,-0.49140,-0.48994,-0.00516,1.75532,1.67141,-0.00343,-0.00487,0.00502,-0.10605,-0.16960,0.06070,0.07055,-0.01197,3.41898,3.41814,-0.32238,-0.32115,0.00252,1.09284,1.06919,-0.17190,-0.16930,0.00409,1.54655,1.54634,-0.52906,0.24141,0.00189,5.96635,5.94584
42.6427,-2.62559,-3.86619,-3.62559,-3.86619,-3.62588,-3.86940,1.37412,1.13060,5.02163,5.02184,5.00000,5.00000,1.00000,0.00000,12,0.00029,-0.49140,-0.48994,0.00729,1.77735,1.78700,-0.00343,-0.00481,0.00594,-0.11830,-0.22191,0.06070,0.06984,0.00216,3.51035,3.54289,-0.32238,-0.32115,0.00237,1.10411,1.10819,-0.17190,-0.16930,0.00975,1.59302,1.51343,-0.52906,0.24141,-0.00273,5.97892,5.88253
42.7432,-2.62618,-3.85768,-3.62618,-3.85768,-3.62595,-3.86157,1.37405,1.13843,5.02186,5.02150,5.00000,5.00000,1.00000,0.00000,12,0.00026,-0.49140,-0.49001,-0.00833,1.76641,1.68421,-0.00343,-0.00475,0.00271,-0.13794,-0.15091,0.06070,0.06904,-0.00888,3.52837,3.42221,-0.32238,-0.32117,-0.00266,1.09506,1.14915,-0.17190,-0.16936,-0.01670,1.53864,1.51492,-0.52906,0.24142,0.00615,5.98239,6.03751
42.8451,-2.62711,-3.85378,-3.62711,-3.85378,-3.62699,-3.85581,1.37301,1.14419,5.02181,5.02226,5.00000,5.00000,1.00000,0.00000,12,0.00074,-0.49140,-0.49005,-0.00357,1.80896,1.78221,-0.00343,-0.00468,0.01090,-0.15479,-0.17381,0.06070,0.06821,0.00108,3.61065,3.58241,-0.32238,-0.32117,0.00171,1.12050,1.10289,-0.17190,-0.16931,0.01529,1.58755,1.59831,-0.52906,0.24141,0.00253,5.98247,5.93704
42.9464,-2.62795,-3.84993,-3.62795,-3.84993,-3.62701,-3.85162,1.37299,1.14837,5.02217,5.02238,5.00000,5.00000,1.00000,0.00000,12,0.00033,-0.49140,-0.49009,0.00152,1.84572,1.90040,-0.00343,-0.00464,-0.00061,-0.17762,-0.23352,0.06070,0.06742,-0.00519,3.62391,3.76178,-0.32238,-0.32117,0.00605,1.17891,1.05466,-0.17190,-0.16936,-0.00247,1.64937,1.57372,-0.52906,0.24141,0.00206,5.99400,5.99106
43.0480,-2.62686,-3.84269,-3.62686,-3.84269,-3.62668,-3.84556,1.37332,1.15444,5.02184,5.02184,5.00000,5.00000,1.00000,0.00000,12,0.00027,-0.49140,-0.49012,0.00559,1.82527,1.78167,-0.00343,-0.00454,0.01058,-0.16709,-0.11201,0.06070,0.06631,-0.01089,3.60550,3.49704,-0.32238,-0.32122,-0.00564,1.16428,1.20020,-0.17190,-0.16936,-0.00154,1.68172,1.67370,-0.52906,0.24142,0.00499,5.98783,6.05241
43.1498,-2.62914,-3.83255,-3.62914,-3.83255,-3.62924,-3.83723,1.37076,1.16277,5.02173,5.02102,5.00000,5.00000,1.00000,0.00000,12,0.00029,-0.49140,-0.49015,0.00418,1.85035,1.98335,-0.00343,-0.00452,-0.00366,-0.18036,-0.22697,0.06070,0.06528,-0.01234,3.63191,3.69699,-0.32238,-0.32122,-0.00253,1.15460,1.17542,-0.17190,-0.16935,0.00667,1.71033,1.61949,-0.52906,0.24140,-0.00121,5.97638,6.04094
43.2517,-2.63034,-3.82632,-3.63034,-3.82632,-3.63022,-3.82959,1.36978,1.17041,5.02183,5.02158,5.00000,5.00000,1.00000,0.00000,12,0.00028,-0.49140,-0.49016,0.00426,1.85989,1.91211,-0.00343,-0.00444,0.00115,-0.19594,-0.16854,0.06070,0.06453,-0.00229,3.62209,3.83057,-0.32238,-0.32121,0.00863,1.20804,1.22604,-0.17190,-0.16936,0.00967,1.74570,1.65787,-0.52906,0.24140,-0.00143,5.99054,6.17047
43.3533,-2.63170,-3.82497,-3.63170,-3.82497,-3.63203,-3.82611,1.36797,1.17389,5.02165,5.02247,5.00000,5.00000,1.00000,0.00000,12,0.00032,-0.49140,-0.49022,-0.00582,1.87530,1.91590,-0.00343,-0.00438,0.00265,-0.19698,-0.19122,0.06070,0.06384,-0.01354,3.60575,3.43663,-0.32238,-0.32123,0.00300,1.19571,1.16825,-0.17190,-0.16940,-0.00242,1.74761,1.77962,-0.52906,0.24142,0.01061,5.98766,6.00359
43.4536,-2.63467,-3.82436,-3.63467,-3.82436,-3.63414,-3.82502,1.36586,1.17498,5.02203,5.02267,5.00000,5.00000,1.00000,0.00000,12,0.00026,-0.49140,-0.49024,-0.00266,1.88685,1.89355,-0.00343,-0.00434,0.00284,-0.21429,-0.21013,0.06070,0.06336,-0.00375,3.64412,3.66732,-0.32238,-0.32125,-0.00116,1.21723,1.23917,-0.17190,-0.16941,0.00188,1.81590,1.78310,-0.52906,0.24139,-0.00267,5.98336,5.95409
43.5541,-2.62849,-3.81622,-2.62849,-3.81622,-3.33057,-3.82063,1.41943,1.17937,4.71909,5.02103,4.75000,5.00000,0.00000,0.00000,9,0.00040,-0.48644,-0.49028,-0.01256,1.84274,2.00071,-0.01509,-0.00429,-0.00303,-0.24519,-0.22817,0.04980,0.06282,-0.00158,3.61664,3.53575,-0.31773,-0.32126,-0.00451,1.21234,1.28964,-0.16520,-0.16941,0.00027,1.80725,1.81081,-0.52240,0.24140,-0.00103,5.96207,6.09617
43.6555,-2.61407,-3.61837,-2.61407,-3.61837,-2.74314,-3.71216,1.50647,1.24436,4.24960,4.95652,4.24960,4.95652,0.00000,0.00000,0,0.00031,-0.47463,-0.48971,0.00911,0.56389,0.80412,-0.03833,-0.00981,-0.02095,2.32416,2.13756,0.02786,0.03534,-0.15738,4.01275,3.87505,-0.31017,-0.32093,0.00301,0.05193,0.20319,-0.15349,-0.16923,0.00112,0.27226,0.38914,-0.50748,0.24141,0.00586,5.99400,6.01582
43.7562,-2.61858,-3.53104,-2.61858,-3.53104,-2.63955,-3.56658,1.58637,1.35280,4.22592,4.91939,4.22592,4.91939,0.00000,0.00000,0,0.00028,-0.47258,-0.48882,0.01306,0.36044,0.40652,-0.03933,-0.01030,-0.00339,2.40617,2.41073,0.02676,0.02847,0.00076,3.86613,3.80256,-0.31125,-0.32093,-0.00026,0.35917,0.38241,-0.15427,-0.16920,0.00950,0.40764,0.40531,-0.50547,0.24140,0.00284,5.96116,5.83839
43.8594,-2.61470,-3.52433,-2.61470,-3.52433,-2.61111,-3.54274,1.66486,1.45726,4.27598,5.00226,4.27598,5.00000,0.00000,0.00000,8,0.00027,-0.47701,-0.48877,0.00100,0.61342,0.56347,-0.03722,-0.01084,-0.00155,2.48867,2.33272,0.02909,0.02841,-0.00061,3.58389,3.47078,-0.30888,-0.32081,0.01230,0.02944,-0.04872,-0.15253,-0.16915,0.00534,0.02977,0.05575,-0.50979,0.24138,-0.00822,5.94593,5.82702
43.9614,-2.60185,-3.53969,-2.60185,-3.53969,-2.59998,-3.54530,1.74296,1.45470,4.34293,5.01887,4.34293,5.00000,0.00000,0.00000,8,0.00035,-0.47834,-0.48878,-0.00313,0.54517,0.62999,-0.03410,-0.01109,-0.00534,2.53581,2.45396,0.03202,0.02845,0.00091,3.39439,3.52750,-0.31013,-0.32073,0.00838,-0.00801,-0.07144,-0.15432,-0.16904,-0.00052,0.00200,-0.00928,-0.51157,0.24138,-0.00411,5.97429,5.98426
44.0626,-2.59362,-3.54401,-2.59362,-3.54401,-2.59517,-3.54499,1.82085,1.45501,4.41602,5.02085,4.41602,5.00000,0.00000,0.00000,8,0.00051,-0.47980,-0.48878,-0.00675,0.51227,0.44208,-0.03068,-0.01128,-0.00590,2.58770,2.67055,0.03521,0.02856,-0.00387,3.08515,3.15629,-0.31149,-0.32071,0.00656,-0.02432,-0.03948,-0.15627,-0.16902,-0.00512,-0.05526,-0.08483,-0.51352,0.24139,0.00040,5.94820,6.07211
44.1641,-2.58834,-3.54372,-2.58834,-3.54372,-2.58962,-3.54419,1.89860,1.45581,4.48822,5.02106,4.48822,5.00000,0.00000,0.00000,8,0.00031,-0.48123,-0.48875,0.00539,0.47187,0.56279,-0.02731,-0.01137,0.00071,2.62649,2.62896,0.03837,0.02869,0.00229,2.87160,2.74098,-0.31284,-0.32068,0.00682,-0.07700,-0.14135,-0.15820,-0.16899,-0.00561,-0.06861,-0.08568,-0.51544,0.24140,0.00785,5.97857,6.09516
44.2655,-2.59230,-3.54394,-2.59230,-3.54394,-2.59049,-3.54381,1.97628,1.45619,4.56677,5.02132,4.56677,5.00000,0.00000,0.00000,8,0.00027,-0.48279,-0.48877,-0.00076,0.49161,0.49896,-0.02364,-0.01140,0.00623,2.56116,2.70524,0.04180,0.02888,-0.00097,2.51577,2.63284,-0.31431,-0.32069,-0.00127,-0.06747,0.03280,-0.16030,-0.16898,0.00191,-0.03589,0.01929,-0.51752,0.24138,-0.00239,5.95522,5.97658
44.3675,-2.59235,-3.54634,-2.59235,-3.54634,-2.59208,-3.54470,2.05401,1.45530,4.64609,5.02197,4.64609,5.00000,0.00000,0.00000,8,0.00029,-0.48437,-0.48877,-0.00213,0.55438,0.51262,-0.01994,-0.01142,-0.00306,2.40936,2.39002,0.04526,0.02913,0.00278,2.13066,2.04156,-0.31579,-0.32070,-0.00661,-0.08903,-0.03014,-0.16242,-0.16898,-0.00332,0.02021,0.01838,-0.51964,0.24138,-0.00179,5.98594,5.96356
44.4710,-2.59587,-3.54788,-2.59587,-3.54788,-2.59395,-3.54633,2.13180,1.45367,4.72575,5.02194,4.72575,5.00000,0.00000,0.00000,8,0.00207,-0.48595,-0.48874,0.01043,0.63195,0.44220,-0.01622,-0.01142,0.00033,2.23515,2.34264,0.04874,0.02949,0.00722,1.72416,1.68056,-0.31727,-0.32068,0.00502,0.00606,0.03515,-0.16456,-0.16899,-0.00631,0.04153,0.03146,-0.52176,0.24139,0.00250,5.99152,5.80924
44.5705,-2.59662,-3.54882,-2.59662,-3.54882,-2.59522,-3.54790,2.20963,1.45210,4.80484,5.02168,4.80484,5.00000,0.00000,0.00000,8,0.00027,-0.48753,-0.48880,-0.00606,0.70585,0.66035,-0.01253,-0.01140,-0.00030,2.04712,1.95617,0.05219,0.03003,0.00550,1.24729,1.27386,-0.31875,-0.32070,-0.00313,0.06721,-0.03460,-0.16667,-0.16898,0.00061,0.13774,0.14134,-0.52386,0.24138,-0.00726,5.94152,5.98667
44.6717,-2.59679,-3.55261,-2.59679,-3.55261,-2.59681,-3.55110,2.28752,1.44890,4.88433,5.02195,4.88433,5.00000,0.00000,0.00000,8,0.00029,-0.48910,-0.48883,-0.00401,0.75783,0.82814,-0.00882,-0.01140,-0.00582,1.78599,1.83235,0.05566,0.03085,0.00620,0.78313,0.94885,-0.32023,-0.32072,-0.01006,0.11277,0.04602,-0.16880,-0.16899,-0.00190,0.27026,0.36524,-0.52598,0.24139,0.00229,5.97835,5.93444
44.7724,-2.59651,-3.56985,-2.59651,-3.56985,-2.59622,-3.56167,2.36541,1.43833,4.96163,5.02488,4.96163,5.00000,0.00000,0.00000,8,0.00029,-0.49064,-0.48883,0.00583,0.89383,0.94173,-0.00522,-0.01135,0.00314,1.53162,1.76181,0.05903,0.03396,0.04718,0.59407,0.54649,-0.32167,-0.32070,-0.00104,0.23989,0.18974,-0.17087,-0.16899,-0.00314,0.40894,0.41363,-0.52804,0.24138,0.00397,5.97844,5.93218
44.8739,-2.59355,-3.58914,-2.59355,-3.58914,-2.59530,-3.58260,2.40470,1.41740,5.01482,5.02430,5.00000,5.00000,0.00000,0.00000,12,0.00048,-0.49140,-0.48890,-0.00387,0.95757,0.96715,-0.00343,-0.01130,0.00215,1.30084,1.34779,0.06070,0.03720,0.02011,0.35145,0.33537,-0.32238,-0.32072,-0.00186,0.29723,0.26893,-0.17190,-0.16898,0.01298,0.56312,0.59592,-0.52906,0.24138,-0.00330,5.95832,5.92211
44.9744,-2.59670,-3.59383,-2.59670,-3.59383,-2.59686,-3.59189,2.40314,1.40811,5.01551,5.02238,5.00000,5.00000,0.00000,0.00000,12,0.00027,-0.49140,-0.48892,-0.00322,0.96121,0.98432,-0.00343,-0.01129,-0.00017,1.27853,1.41101,0.06070,0.03816,0.00714,0.10786,0.19062,-0.32238,-0.32074,-0.00560,0.26984,0.22060,-0.17190,-0.16902,-0.00558,0.54483,0.47241,-0.52906,0.24136,-0.00911,5.93476,5.86949
45.0771,-2.59773,-3.60388,-2.59773,-3.60388,-2.59666,-3.59907,2.40334,1.40093,5.01604,5.02366,5.00000,5.00000,0.00000,0.00000,12,0.00043,-0.49140,-0.48893,-0.00279,0.98415,0.91929,-0.00343,-0.01126,-0.00266,1.19552,1.22043,0.06070,0.03894,0.00438,-0.09038,-0.06840,-0.32238,-0.32071,0.00866,0.34729,0.26957,-0.17190,-0.16902,0.00166,0.57225,0.51912,-0.52906,0.24137,-0.00407,5.95584,5.99596
45.1786,-2.60286,-3.61157,-2.60286,-3.61157,-2.60117,-3.60760,2.39883,1.39240,5.01633,5.02335,5.00000,5.00000,0.00000,0.00000,12,0.00054,-0.49140,-0.48895,-0.00017,1.04445,0.94712,-0.00343,-0.01120,0.00499,1.12739,1.23483,0.06070,0.03986,0.01250,-0.26700,-0.09536,-0.32238,-0.32072,0.00060,0.33643,0.35949,-0.17190,-0.16901,0.00538,0.58874,0.59968,-0.52906,0.24137,-0.00618,5.93609,5.90362
45.2806,-2.60231,-3.61858,-2.60231,-3.61858,-2.60193,-3.61530,2.39807,1.38470,5.01577,5.02310,5.00000,5.00000,0.00000,0.00000,12,0.00035,-0.49140,-0.48896,0.00376,1.04832,0.96446,-0.00343,-0.01116,-0.00071,1.00296,1.18791,0.06070,0.04101,0.00534,-0.45804,-0.44579,-0.32238,-0.32074,-0.00054,0.37706,0.40355,-0.17190,-0.16903,0.00462,0.61273,0.64497,-0.52906,0.24136,-0.00155,5.97284,6.05779
45.3812,-2.60468,-3.62507,-2.60468,-3.62507,-2.60379,-3.62214,2.39621,1.37786,5.01601,5.02299,5.00000,5.00000,0.00000,0.00000,12,0.00031,-0.49140,-0.48898,0.00421,1.09896,1.00289,-0.00343,-0.01107,0.00074,0.90138,0.94424,0.06070,0.04201,0.01865,-0.61083,-0.58909,-0.32238,-0.32077,-0.00838,0.32510,0.36924,-0.17190,-0.16905,-0.00995,0.65011,0.55834,-0.52906,0.24137,0.00345,5.97864,6.01040
45.4818,-2.60800,-3.63534,-2.60800,-3.63534,-2.60727,-3.63133,2.39273,1.36867,5.01595,5.02351,5.00000,5.00000,0.00000,0.00000,12,0.00031,-0.49140,-0.48901,-0.00051,1.12891,1.15929,-0.00343,-0.01097,-0.00477,0.82034,0.72412,0.06070,0.04282,0.00284,-0.79140,-0.73639,-0.32238,-0.32074,0.00094,0.38524,0.29462,-0.17190,-0.16902,0.01214,0.74248,0.77263,-0.52906,0.24137,0.00189,5.97458,5.64718
45.5834,-2.60976,-3.64202,-2.60976,-3.64202,-2.60889,-3.63876,2.39111,1.36124,5.01603,5.02323,5.00000,5.00000,0.00000,0.00000,12,0.00033,-0.49140,-0.48904,0.00244,1.15144,1.02372,-0.00343,-0.01079,0.00157,0.75678,0.80421,0.06070,0.04392,0.00793,-0.93689,-0.98486,-0.32238,-0.32073,0.00956,0.43992,0.40833,-0.17190,-0.16903,0.00546,0.75029,0.79118,-0.52906,0.24135,-0.00821,5.93328,6.02081
45.6839,-2.61012,-3.64976,-2.61012,-3.64976,-2.60967,-3.64614,2.39033,1.35386,5.01585,5.02343,5.00000,5.00000,0.00000,0.00000,12,0.00041,-0.49140,-0.48906,-0.00296,1.18328,0.97119,-0.00343,-0.01063,0.00353,0.67713,0.64199,0.06070,0.04484,0.00459,-1.08011,-1.07478,-0.32238,-0.32077,-0.00536,0.42048,0.44357,-0.17190,-0.16905,-0.00385,0.77483,0.74724,-0.52906,0.24138,0.00847,5.98514,5.91206
45.7841,-2.61395,-3.66059,-2.61395,-3.66059,-2.61150,-3.65549,2.38850,1.34451,5.01672,5.02412,5.00000,5.00000,0.00000,0.00000,12,0.00030,-0.49140,-0.48907,0.00135,1.18382,1.32558,-0.00343,-0.01044,0.00368,0.60403,0.53781,0.06070,0.04619,0.01948,-1.12441,-1.18621,-0.32238,-0.32077,-0.00271,0.45142,0.48611,-0.17190,-0.16905,0.00120,0.80905,0.70000,-0.52906,0.24135,-0.00542,5.94515,5.96556
45.8863,-2.61798,-3.67401,-2.61798,-3.67401,-2.61656,-3.66801,2.38344,1.33199,5.01631,5.02458,5.00000,5.00000,0.00000,0.00000,12,0.00109,-0.49140,-0.48912,-0.00669,1.22557,1.12442,-0.00343,-0.01027,-0.00530,0.52978,0.62273,0.06070,0.04792,0.00428,-1.20478,-1.25343,-0.32238,-0.32078,-0.00467,0.45979,0.45399,-0.17190,-0.16906,-0.00366,0.84412,0.79697,-0.52906,0.24133,-0.01310,5.95423,5.99926
45.9882,-2.62305,-3.68763,-2.62305,-3.68763,-2.62097,-3.68152,2.37903,1.31848,5.01661,5.02471,5.00000,5.00000,0.00000,0.00000,12,0.00035,-0.49140,-0.48913,0.00088,1.23656,1.18136,-0.00343,-0.00997,-0.00101,0.47037,0.47053,0.06070,0.04952,0.01824,-1.22349,-1.29738,-0.32238,-0.32079,-0.00654,0.50134,0.45114,-0.17190,-0.16907,-0.00408,0.86823,0.75440,-0.52906,0.24137,0.00411,5.94603,5.98846
46.0909,-2.62334,-3.69742,-2.62334,-3.69742,-2.62300,-3.69330,2.37700,1.30670,5.01588,5.02393,5.00000,5.00000,0.00000,0.00000,12,0.00025,-0.49140,-0.48917,0.00231,1.27765,1.24911,-0.00343,-0.00967,0.01056,0.41764,0.38425,0.06070,0.05107,0.01758,-1.27402,-1.29180,-0.32238,-0.32077,0.00086,0.51893,0.50679,-0.17190,-0.16905,0.00592,0.91400,0.79556,-0.52906,0.24135,-0.00070,5.97066,5.74945
46.1917,-2.62720,-3.70734,-2.62720,-3.70734,-2.62466,-3.70196,2.37534,1.29804,5.01684,5.02452,5.00000,5.00000,0.00000,0.00000,12,0.00027,-0.49140,-0.48922,-0.00325,1.28958,1.11563,-0.00343,-0.00938,0.01193,0.35726,0.45735,0.06070,0.05266,0.01281,-1.25481,-1.11313,-0.32238,-0.32078,0.00508,0.54902,0.60783,-0.17190,-0.16908,-0.00791,0.95251,0.82825,-0.52906,0.24134,-0.00571,5.98088,5.98433
46.2930,-2.62718,-3.73255,-2.62718,-3.73255,-2.62616,-3.71909,2.37384,1.28091,5.01619,5.02808,5.00000,5.00000,0.00000,0.00000,12,0.00029,-0.49140,-0.48924,0.00430,1.35734,1.39904,-0.00343,-0.00903,-0.00687,0.30945,0.30993,0.06070,0.05943,0.26296,-0.18575,-0.66423,-0.32238,-0.32080,-0.00208,0.53610,0.51557,-0.17190,-0.16907,0.00166,0.98939,1.03582,-0.52906,0.24135,-0.00404,5.96064,6.01993
46.3944,-2.64522,-3.87003,-2.64522,-3.87003,-2.63982,-3.83610,2.36018,1.16390,5.01815,5.03756,5.00000,5.00000,0.00000,0.00000,12,0.00037,-0.49140,-0.48928,0.00552,1.33175,1.23814,-0.00343,-0.00859,-0.00252,0.26240,0.27915,0.06070,0.07542,0.00059,0.26120,0.35776,-0.32238,-0.32077,0.01249,0.61291,0.56249,-0.17190,-0.16910,0.00083,1.00565,1.02439,-0.52906,0.24136,-0.00007,5.99063,5.81044
46.4954,-2.64402,-3.85285,-2.64402,-3.85285,-2.63496,-3.86270,2.36504,1.13730,5.01969,5.01895,5.00000,5.00000,0.00000,0.00000,12,0.00026,-0.49140,-0.48933,-0.00215,1.36907,1.28890,-0.00343,-0.00821,0.00509,0.25386,0.24653,0.06070,0.07536,-0.00111,0.43074,0.39340,-0.32238,-0.32079,0.00807,0.60616,0.55330,-0.17190,-0.16908,0.00786,1.04266,1.02032,-0.52906,0.24136,0.00422,5.98949,6.09943
46.5977,-2.62704,-3.86434,-3.62704,-3.86434,-3.28465,-3.87097,1.71535,1.12903,5.16645,5.02038,5.00000,5.00000,1.00000,0.00000,12,0.00025,-0.49140,-0.48936,0.00127,1.42101,1.38748,-0.00343,-0.00780,0.00744,0.21902,0.20793,0.06070,0.07527,-0.00999,0.59133,0.56919,-0.32238,-0.32080,0.00696,0.62218,0.49594,-0.17190,-0.16909,0.00452,1.12103,1.10455,-0.52906,0.24133,-0.00924,5.96175,5.81391
46.7012,-2.62178,-3.86879,-3.62178,-3.86879,-3.56865,-3.86849,1.43135,1.13151,5.04418,5.02334,5.00000,5.00000,1.00000,0.00000,12,0.00080,-0.49140,-0.48941,-0.01092,1.38072,1.40980,-0.00343,-0.00750,0.00401,0.17560,0.03839,0.06070,0.07519,0.00280,0.79323,0.77726,-0.32238,-0.32081,-0.00093,0.63845,0.78300,-0.17190,-0.16911,-0.00565,1.11443,1.11945,-0.52906,0.24136,0.00615,5.99091,6.16963
46.8011,-2.61977,-3.86438,-3.61977,-3.86438,-3.61365,-3.86613,1.38635,1.13387,5.02430,5.02245,5.00000,5.00000,1.00000,0.00000,12,0.00026,-0.49140,-0.48939,0.00250,1.45792,1.54824,-0.00343,-0.00721,0.00864,0.15180,0.11535,0.06070,0.07511,-0.00268,0.95213,0.89754,-0.32238,-0.32084,-0.00108,0.64106,0.55648,-0.17190,-0.16912,-0.00604,1.14115,1.02496,-0.52906,0.24135,0.00033,5.95245,5.99448
46.9022,-2.61895,-3.86562,-3.61895,-3.86562,-3.61904,-3.86614,1.38096,1.13386,5.02168,5.02297,5.00000,5.00000,1.00000,0.00000,12,0.00028,-0.49140,-0.48943,-0.00223,1.47344,1.41315,-0.00343,-0.00691,-0.00273,0.12309,0.23126,0.06070,0.07500,-0.00087,1.12817,1.17512,-0.32238,-0.32083,0.00314,0.67986,0.55069,-0.17190,-0.16913,-0.00827,1.16096,1.08025,-0.52906,0.24135,0.00276,5.97412,5.93434
47.0037,-2.62079,-3.86559,-3.62079,-3.86559,-3.62058,-3.86637,1.37942,1.13363,5.02181,5.02286,5.00000,5.00000,1.00000,0.00000,12,0.00079,-0.49140,-0.48947,-0.00152,1.47295,1.55170,-0.00343,-0.00665,0.00356,0.09987,0.09523,0.06070,0.07488,-0.00417,1.28514,1.32630,-0.32238,-0.32086,-0.00135,0.66934,0.66123,-0.17190,-0.16911,-0.00018,1.19842,1.09587,-0.52906,0.24136,0.00609,5.97387,6.00145
47.1056,-2.62534,-3.86363,-3.62534,-3.86363,-3.62335,-3.86449,1.37665,1.13551,5.02259,5.02282,5.00000,5.00000,1.00000,0.00000,12,0.00104,-0.49140,-0.48952,0.00182,1.51404,1.57360,-0.00343,-0.00646,0.00298,0.07560,-0.09397,0.06070,0.07477,-0.00572,1.45053,1.46061,-0.32238,-0.32085,0.00091,0.72690,0.78057,-0.17190,-0.16912,-0.00119,1.22217,1.27979,-0.52906,0.24134,0.00000,5.95905,5.80890
47.2068,-2.62554,-3.85831,-3.62554,-3.85831,-3.62525,-3.85978,1.37475,1.14022,5.02188,5.02253,5.00000,5.00000,1.00000,0.00000,12,0.00035,-0.49140,-0.48953,0.00959,1.52116,1.55779,-0.00343,-0.00630,0.00151,0.03191,0.12105,0.06070,0.07465,-0.00381,1.61721,1.57325,-0.32238,-0.32087,-0.00282,0.69167,0.74450,-0.17190,-0.16914,-0.00047,1.28612,1.23500,-0.52906,0.24135,0.00450,5.98315,6.02532
47.3086,-2.62375,-3.86358,-3.62375,-3.86358,-3.62419,-3.86141,1.37581,1.13859,5.02155,5.02410,5.00000,5.00000,1.00000,0.00000,12,0.00030,-0.49140,-0.48959,-0.00031,1.54155,1.56174,-0.00343,-0.00612,0.00100,0.00687,0.16230,0.06070,0.07453,0.00280,1.80180,1.68641,-0.32238,-0.32089,-0.00668,0.72305,0.71854,-0.17190,-0.16911,0.00969,1.36279,1.30840,-0.52906,0.24132,-0.00809,5.97042,5.91040
47.4105,-2.62185,-3.86320,-3.62185,-3.86320,-3.62390,-3.86271,1.37610,1.13729,5.02086,5.02339,5.00000,5.00000,1.00000,0.00000,12,0.00032,-0.49140,-0.48962,-0.00076,1.57629,1.58554,-0.00343,-0.00594,0.00742,-0.00011,0.03800,0.06070,0.07438,0.00049,1.93134,1.85765,-0.32238,-0.32088,-0.00051,0.73144,0.76840,-0.17190,-0.16915,-0.00199,1.36921,1.44113,-0.52906,0.24134,0.00886,5.98852,5.95005
47.5129,-2.61797,-3.86132,-3.61797,-3.86132,-3.61947,-3.86195,1.38053,1.13805,5.02107,5.02290,5.00000,5.00000,1.00000,0.00000,12,0.00054,-0.49140,-0.48965,0.00030,1.58612,1.53969,-0.00343,-0.00580,0.00528,-0.01592,-0.00319,0.06070,0.07424,0.00114,2.12987,2.17677,-0.32238,-0.32089,0.00303,0.78594,0.85761,-0.17190,-0.16915,0.00374,1.39226,1.50253,-0.52906,0.24133,0.00116,5.97717,6.09376
47.6135,-2.61290,-3.85547,-3.61290,-3.85547,-3.61489,-3.85758,1.38511,1.14242,5.02084,5.02224,5.00000,5.00000,1.00000,0.00000,12,0.00028,-0.49140,-0.48967,0.00451,1.60491,1.72086,-0.00343,-0.00569,-0.00545,-0.07166,-0.02628,0.06070,0.07405,-0.00327,2.23066,2.22852,-0.32238,-0.32090,-0.00297,0.77863,0.76771,-0.17190,-0.16916,0.00443,1.38933,1.51068,-0.52906,0.24132,-0.00937,5.95380,6.02129
47.7140,-2.61029,-3.85315,-3.61029,-3.85315,-3.61082,-3.85461,1.38918,1.14539,5.02144,5.02250,5.00000,5.00000,1.00000,0.00000,12,0.00035,-0.49140,-0.48971,-0.01064,1.62001,1.63877,-0.00343,-0.00560,-0.00193,-0.06968,0.03282,0.06070,0.07393,0.00398,2.40927,2.52302,-0.32238,-0.32092,-0.00589,0.81307,0.90439,-0.17190,-0.16916,0.00563,1.48968,1.52059,-0.52906,0.24134,0.00432,5.99038,6.00181
47.8153,-2.60856,-3.85441,-3.60856,-3.85441,-3.60957,-3.85462,1.39043,1.14538,5.02122,5.02304,5.00000,5.00000,1.00000,0.00000,12,0.00032,-0.49140,-0.48973,0.00108,1.63250,1.64402,-0.00343,-0.00552,0.00316,-0.09780,-0.09234,0.06070,0.07376,0.00481,2.56114,2.66590,-0.32238,-0.32092,-0.00209,0.81550,0.86447,-0.17190,-0.16918,-0.00449,1.48207,1.37175,-0.52906,0.24134,0.00331,5.96525,6.01430
47.9162,-2.60601,-3.85158,-3.60601,-3.85158,-3.60699,-3.85255,1.39301,1.14745,5.02122,5.02270,5.00000,5.00000,1.00000,0.00000,12,0.00027,-0.49140,-0.48977,0.00151,1.68100,1.63966,-0.00343,-0.00539,0.00131,-0.12690,-0.01740,0.06070,0.07354,-0.00145,2.67848,2.63942,-0.32238,-0.32093,-0.00089,0.82579,0.86215,-0.17190,-0.16920,-0.00514,1.50124,1.49172,-0.52906,0.24133,0.00029,5.96879,5.94131
48.0180,-2.60893,-3.85137,-3.60893,-3.85137,-3.60825,-3.85153,1.39175,1.14847,5.02194,5.02304,5.00000,5.00000,1.00000,0.00000,12,0.00026,-0.49140,-0.48981,-0.00693,1.66849,1.74493,-0.00343,-0.00531,0.00131,-0.12234,-0.16467,0.06070,0.07332,-0.00067,2.82376,2.76216,-0.32238,-0.32094,-0.00150,0.86893,0.86059,-0.17190,-0.16921,0.00050,1.54506,1.47651,-0.52906,0.24131,-0.01029,5.92165,6.01397
48.1194,-2.60602,-3.85178,-3.60602,-3.85178,-3.60674,-3.85163,1.39326,1.14837,5.02133,5.02317,5.00000,5.00000,1.00000,0.00000,12,0.00034,-0.49140,-0.48983,-0.00415,1.68471,1.79527,-0.00343,-0.00526,0.00152,-0.14923,-0.07785,0.06070,0.07302,0.00123,2.93810,2.99440,-0.32238,-0.32095,-0.00175,0.84410,0.79261,-0.17190,-0.16923,-0.00704,1.57828,1.45628,-0.52906,0.24131,-0.00717,5.94918,5.93034
48.2237,-2.61178,-3.85142,-3.61178,-3.85142,-3.60916,-3.85083,1.39084,1.14917,5.02278,5.02336,5.00000,5.00000,1.00000,0.00000,12,0.00231,-0.49140,-0.48986,0.00393,1.74168,1.59722,-0.00343,-0.00517,0.00098,-0.14990,-0.11652,0.06070,0.07265,0.00218,3.09304,3.02294,-0.32238,-0.32097,0.00024,0.89115,0.84233,-0.17190,-0.16923,-0.00012,1.61239,1.58172,-0.52906,0.24134,0.00839,5.99400,5.95836
48.3225,-2.61302,-3.84877,-3.61302,-3.84877,-3.61157,-3.84882,1.38843,1.15118,5.02229,5.02307,5.00000,5.00000,1.00000,0.00000,12,0.00032,-0.49140,-0.48992,-0.00523,1.69733,1.72964,-0.00343,-0.00509,-0.00031,-0.15199,-0.18827,0.06070,0.07225,-0.00501,3.19352,3.27397,-0.32238,-0.32097,0.00066,0.91720,0.82179,-0.17190,-0.16926,-0.00994,1.64596,1.70166,-0.52906,0.24133,0.00290,5.97548,5.89390
48.4239,-2.61460,-3.84482,-3.61460,-3.84482,-3.61435,-3.84622,1.38565,1.15378,5.02179,5.02248,5.00000,5.00000,1.00000,0.00000,12,0.00042,-0.49140,-0.48992,0.00902,1.72382,1.80379,-0.00343,-0.00498,0.00403,-0.15406,-0.14873,0.06070,0.07173,-0.00114,3.31658,3.21920,-0.32238,-0.32099,0.00056,0.92927,0.83801,-0.17190,-0.16926,-0.00733,1.69189,1.63759,-0.52906,0.24131,-0.00141,5.96992,6.11935
48.5254,-2.62174,-3.84085,-3.62174,-3.84085,-3.61833,-3.84301,1.38167,1.15699,5.02317,5.02214,5.00000,5.00000,1.00000,0.00000,12,0.00101,-0.49140,-0.48996,-0.00073,1.75970,1.78684,-0.00343,-0.00488,-0.00024,-0.17535,-0.19524,0.06070,0.07100,-0.01291,3.36780,3.48923,-0.32238,-0.32100,0.00077,0.95307,1.05570,-0.17190,-0.16927,-0.00745,1.70805,1.55175,-0.52906,0.24132,0.00219,5.97683,5.96844
48.6275,-2.62061,-3.83772,-3.62061,-3.83772,-3.62097,-3.83937,1.37903,1.16063,5.02157,5.02233,5.00000,5.00000,1.00000,0.00000,12,0.00183,-0.49140,-0.48998,-0.00186,1.78667,1.68660,-0.00343,-0.00483,-0.00088,-0.22103,-0.26878,0.06070,0.07031,-0.01008,3.45386,3.49616,-0.32238,-0.32102,-0.00807,0.93088,0.82486,-0.17190,-0.16927,-0.00020,1.73832,1.65172,-0.52906,0.24132,0.00798,5.98092,5.96623
48.7277,-2.62120,-3.83011,-3.62120,-3.83011,-3.62241,-3.83352,1.37759,1.16648,5.02122,5.02154,5.00000,5.00000,1.00000,0.00000,12,0.00055,-0.49140,-0.49001,-0.00184,1.78736,1.84470,-0.00343,-0.00473,-0.00111,-0.21469,-0.10441,0.06070,0.06953,-0.01026,3.48891,3.35233,-0.32238,-0.32103,0.00054,0.97254,1.09051,-0.17190,-0.16928,-0.00030,1.77146,1.77066,-0.52906,0.24131,-0.00687,5.94616,6.03161
48.8286,-2.62298,-3.82398,-3.62298,-3.82398,-3.62241,-3.82775,1.37759,1.17225,5.02198,5.02135,5.00000,5.00000,1.00000,0.00000,12,0.00042,-0.49140,-0.49001,0.00511,1.81971,1.77609,-0.00343,-0.00467,0.00290,-0.24519,-0.36185,0.06070,0.06868,-0.01397,3.55719,3.54734,-0.32238,-0.32105,-0.00150,0.97138,0.95073,-0.17190,-0.16929,0.00298,1.79890,1.73339,-0.52906,0.24130,-0.00217,5.97441,6.07592
48.9323,-2.61995,-3.81451,-3.61995,-3.81451,-3.62217,-3.81905,1.37783,1.18095,5.02078,5.02097,5.00000,5.00000,1.00000,0.00000,12,0.00033,-0.49140,-0.49006,-0.00206,1.81862,1.88880,-0.00343,-0.00464,0.00148,-0.24837,-0.22494,0.06070,0.06776,-0.00614,3.57347,3.81732,-0.32238,-0.32104,0.00484,1.01049,1.10899,-0.17190,-0.16929,0.00026,1.85145,1.81502,-0.52906,0.24130,-0.00473,5.99400,5.80208
49.0332,-2.61785,-3.81140,-3.61785,-3.81140,-3.61876,-3.81399,1.38124,1.18601,5.02132,5.02178,5.00000,5.00000,1.00000,0.00000,12,0.00029,-0.49140,-0.49008,0.00619,1.84970,1.78309,-0.00343,-0.00458,-0.00221,-0.26599,-0.26077,0.06070,0.06687,-0.01009,3.60849,3.59112,-0.32238,-0.32105,0.00241,1.01373,1.01559,-0.17190,-0.16932,-0.00395,1.85333,1.81301,-0.52906,0.24131,0.00290,5.93490,6.01184
49.1336,-2.61675,-3.80482,-3.61675,-3.80482,-3.61701,-3.80776,1.38299,1.19224,5.02159,5.02159,5.00000,5.00000,1.00000,0.00000,12,0.00029,-0.49140,-0.49014,-0.00500,1.86250,1.80283,-0.00343,-0.00446,0.00828,-0.24378,-0.18824,0.06070,0.06586,-0.00871,3.63141,3.62747,-0.32238,-0.32108,0.00131,1.04284,1.06047,-0.17190,-0.16932,-0.00767,1.87015,2.03542,-0.52906,0.24130,-0.00498,5.95081,6.05538
49.2340,-2.61707,-3.79559,-3.61707,-3.79559,-3.61736,-3.80035,1.38264,1.19965,5.02158,5.02076,5.00000,5.00000,1.00000,0.00000,12,0.00031,-0.49140,-0.49016,0.00289,1.88674,1.94897,-0.00343,-0.00441,0.00035,-0.28117,-0.28311,0.06070,0.06501,-0.00381,3.64765,3.68865,-0.32238,-0.32110,-0.00061,1.03808,1.04686,-0.17190,-0.16931,0.00568,1.91625,1.84296,-0.52906,0.24129,-0.00267,5.97186,6.18865
49.3357,-2.61593,-3.79060,-3.61593,-3.79060,-3.61579,-3.79289,1.38421,1.20711,5.02175,5.02177,5.00000,5.00000,1.00000,0.00000,12,0.00032,-0.49140,-0.49020,-0.00160,1.86404,1.93190,-0.00343,-0.00438,-0.00189,-0.28313,-0.36573,0.06070,0.06426,-0.00429,3.63102,3.60190,-0.32238,-0.32113,-0.00659,1.05250,0.91857,-0.17190,-0.16933,0.00205,1.99353,1.99724,-0.52906,0.24131,-0.00080,5.96845,6.09558
49.4371,-2.61248,-3.78195,-3.61248,-3.78195,-3.61383,-3.78603,1.38617,1.21397,5.02111,5.02097,5.00000,5.00000,1.00000,0.00000,12,0.00034,-0.49140,-0.49022,0.00116,1.87704,1.86648,-0.00343,-0.00428,-0.00086,-0.30306,-0.21623,0.06070,0.06358,-0.01049,3.63615,3.50834,-0.32238,-0.32111,0.00238,1.10354,1.07901,-0.17190,-0.16937,-0.00913,1.96874,1.87013,-0.52906,0.24128,-0.00699,5.96612,6.05128
49.5376,-2.61383,-3.77631,-3.61383,-3.77631,-3.61399,-3.77896,1.38601,1.22104,5.02162,5.02154,5.00000,5.00000,1.00000,0.00000,12,0.00042,-0.49140,-0.49023,0.00046,1.91484,1.97294,-0.00343,-0.00418,-0.00303,-0.28830,-0.37964,0.06070,0.06303,0.00351,3.64130,3.66701,-0.32238,-0.32114,-0.00507,1.08099,1.14641,-0.17190,-0.16933,0.00741,2.03742,1.95121,-0.52906,0.24131,0.00682,5.99349,6.01942
49.6397,-2.61859,-3.62967,-2.61859,-3.62967,-2.78469,-3.72115,1.50653,1.26197,4.29122,4.98312,4.29122,4.98312,0.00000,0.00000,0,0.00100,-0.47659,-0.48980,0.00859,0.74456,0.79749,-0.03646,-0.00879,-0.09038,1.94177,1.97801,0.02973,0.04028,-0.43324,3.43253,3.67779,-0.30985,-0.32089,0.00653,0.01858,0.13267,-0.15358,-0.16923,0.00359,0.35841,0.85400,-0.50957,0.24128,-0.00766,5.98775,5.89699
49.7400,-2.61666,-3.48203,-2.61666,-3.48203,-2.63671,-3.54436,1.58670,1.37024,4.22342,4.91460,4.22342,4.91460,0.00000,0.00000,0,0.00025,-0.47232,-0.48901,0.00574,0.40134,0.56252,-0.03943,-0.01042,0.00454,2.24992,2.17812,0.02664,0.02824,0.00382,3.82544,3.69920,-0.31140,-0.32078,0.00522,0.24375,0.15234,-0.15439,-0.16917,0.01381,0.58777,0.41058,-0.50523,0.24130,0.00401,5.97871,5.89671
49.8411,-2.60015,-3.49019,-2.60015,-3.49019,-2.60343,-3.51439,1.66512,1.47596,4.26856,4.99035,4.26856,4.99035,0.00000,0.00000,0,0.00027,-0.47645,-0.48875,0.01634,0.66722,0.57871,-0.03754,-0.01069,0.00295,2.36070,2.54147,0.02875,0.02821,0.00263,3.56928,3.66065,-0.30913,-0.32076,-0.00469,-0.16235,-0.05540,-0.15270,-0.16917,0.00198,0.32261,0.24098,-0.50924,0.24132,0.00855,5.98593,6.10136
49.9425,-2.58754,-3.51249,-2.58754,-3.51249,-2.59398,-3.50732,1.74313,1.49268,4.33711,5.02326,4.33711,5.00000,0.00000,0.00000,8,0.00026,-0.47822,-0.48882,-0.00150,0.56884,0.67928,-0.03437,-0.01092,0.00366,2.41549,2.25680,0.03176,0.02826,0.00467,3.32528,3.38412,-0.31002,-0.32066,-0.00500,-0.13877,-0.04305,-0.15416,-0.16910,0.00152,0.25202,0.20661,-0.51142,0.24129,-0.00137,5.95594,5.92969
50.0438,-2.58854,-3.50787,-2.58854,-3.50787,-2.58998,-3.50597,1.82089,1.49403,4.41088,5.02185,4.41088,5.00000,0.00000,0.00000,8,0.00032,-0.47969,-0.48879,0.00365,0.57017,0.52255,-0.03092,-0.01109,-0.00058,2.47688,2.38550,0.03499,0.02835,0.00637,3.08050,3.18533,-0.31140,-0.32062,0.00218,-0.15151,-0.22359,-0.15613,-0.16909,-0.00873,0.22783,0.18755,-0.51338,0.24128,-0.00464,5.94008,5.89693
50.1447,-2.58206,-3.50255,-2.58206,-3.50255,-2.58431,-3.50397,1.89851,1.49603,4.48281,5.02041,4.48281,5.00000,0.00000,0.00000,8,0.00027,-0.48112,-0.48879,-0.00313,0.51979,0.53814,-0.02756,-0.01118,0.00009,2.46333,2.48426,0.03813,0.02848,0.00503,2.83034,2.86207,-0.31274,-0.32061,0.00244,-0.17637,-0.23517,-0.15806,-0.16905,0.00161,0.20158,0.11919,-0.51529,0.24129,0.00040,5.97463,5.97935
50.2467,-2.57777,-3.49990,-2.57777,-3.49990,-2.57819,-3.50152,1.97591,1.49848,4.55410,5.02032,4.55410,5.00000,0.00000,0.00000,8,0.00028,-0.48254,-0.48878,0.00212,0.54432,0.53633,-0.02423,-0.01121,0.00220,2.46568,2.38546,0.04124,0.02864,-0.00173,2.48798,2.56365,-0.31407,-0.32060,-0.00210,-0.19137,-0.13375,-0.15996,-0.16904,-0.00261,0.15857,0.21258,-0.51719,0.24128,-0.00334,5.99355,5.98896
50.3489,-2.57582,-3.50266,-2.57582,-3.50266,-2.57630,-3.50171,2.05324,1.49829,4.62953,5.02142,4.62953,5.00000,0.00000,0.00000,8,0.00080,-0.48404,-0.48880,-0.00504,0.54372,0.51069,-0.02071,-0.01126,-0.00635,2.34571,2.29616,0.04454,0.02889,0.00198,2.13594,2.15372,-0.31548,-0.32059,-0.00337,-0.16847,-0.15778,-0.16198,-0.16904,-0.00078,0.19952,0.19388,-0.51919,0.24128,-0.00536,5.96416,5.84017
50.4513,-2.57584,-3.50216,-2.57584,-3.50216,-2.57525,-3.50246,2.13050,1.49754,4.70575,5.02089,4.70575,5.00000,0.00000,0.00000,8,0.00102,-0.48556,-0.48880,-0.00506,0.63619,0.70966,-0.01715,-0.01125,-0.00095,2.21031,2.21253,0.04787,0.02928,-0.00069,1.68658,1.71973,-0.31690,-0.32059,-0.00884,-0.13789,-0.07746,-0.16402,-0.16905,-0.00689,0.26252,0.25424,-0.52122,0.24130,0.00381,5.98403,6.17409
50.5509,-2.57766,-3.50098,-2.57766,-3.50098,-2.57777,-3.50215,2.20781,1.49785,4.78558,5.02051,4.78558,5.00000,0.00000,0.00000,8,0.00027,-0.48714,-0.48883,-0.00631,0.68305,0.64189,-0.01343,-0.01125,-0.00538,2.00440,2.01932,0.05135,0.02979,0.01033,1.27075,1.32019,-0.31839,-0.32056,0.01038,-0.03364,-0.04524,-0.16616,-0.16906,-0.00915,0.31097,0.38577,-0.52335,0.24128,-0.00252,5.94267,6.01090
50.6517,-2.57884,-3.49897,-2.57884,-3.49897,-2.57779,-3.49912,2.28513,1.50088,4.86293,5.02093,4.86293,5.00000,0.00000,0.00000,8,0.00029,-0.48868,-0.48882,0.00190,0.77016,0.75645,-0.00982,-0.01122,0.00719,1.80974,1.87665,0.05473,0.03050,0.00582,0.83465,1.07700,-0.31983,-0.32059,-0.00042,-0.01171,-0.09699,-0.16823,-0.16903,0.00848,0.45542,0.54610,-0.52541,0.24126,-0.00863,5.96015,5.87412
50.7530,-2.57985,-3.51045,-2.57985,-3.51045,-2.57891,-3.50451,2.36249,1.49549,4.94139,5.02357,4.94139,5.00000,0.00000,0.00000,8,0.00031,-0.49024,-0.48887,0.00236,0.85907,0.90534,-0.00616,-0.01121,0.00030,1.56921,1.57249,0.05815,0.03321,0.05606,0.66997,0.65646,-0.32129,-0.32058,-0.00018,0.09709,0.09589,-0.17033,-0.16907,-0.00432,0.56062,0.52881,-0.52750,0.24127,-0.00197,5.98525,5.92064
50.8538,-2.58059,-3.53782,-2.58059,-3.53782,-2.58073,-3.52827,2.41927,1.47173,5.01542,5.02526,5.00000,5.00000,0.00000,0.00000,12,0.00026,-0.49140,-0.48893,-0.00624,0.98562,1.02032,-0.00343,-0.01116,-0.00153,1.24278,1.17567,0.06070,0.03703,0.01272,0.30040,0.34985,-0.32238,-0.32061,-0.00486,0.17732,0.21192,-0.17190,-0.16908,-0.00743,0.73518,0.68101,-0.52906,0.24127,-0.00264,5.99400,6.15529
50.9561,-2.58308,-3.54450,-2.58308,-3.54450,-2.58188,-3.54085,2.41812,1.45915,5.01601,5.02281,5.00000,5.00000,0.00000,0.00000,12,0.00025,-0.49140,-0.48895,-0.00342,0.98563,0.89506,-0.00343,-0.01114,0.00020,1.23711,1.25216,0.06070,0.03814,0.00549,0.12956,-0.00224,-0.32238,-0.32060,0.00406,0.20310,0.21948,-0.17190,-0.16907,0.00074,0.73881,0.86181,-0.52906,0.24130,0.01187,5.98071,6.12936
51.0583,-2.58159,-3.55203,-2.58159,-3.55203,-2.58211,-3.54807,2.41789,1.45193,5.01527,5.02299,5.00000,5.00000,0.00000,0.00000,12,0.00027,-0.49140,-0.48895,-0.00038,1.01842,0.97327,-0.00343,-0.01111,-0.00221,1.14830,1.24653,0.06070,0.03894,0.01134,-0.06127,-0.09918,-0.32238,-0.32062,0.00147,0.20923,0.09484,-0.17190,-0.16907,0.00222,0.73996,0.70964,-0.52906,0.24126,-0.00994,5.97043,6.05402
51.1610,-2.58592,-3.56314,-2.58592,-3.56314,-2.58426,-3.55783,2.41574,1.44217,5.01622,5.02362,5.00000,5.00000,0.00000,0.00000,12,0.00070,-0.49140,-0.48897,0.00353,1.01940,1.09109,-0.00343,-0.01107,-0.00003,1.05753,0.94142,0.06070,0.03989,0.01375,-0.23900,-0.16367,-0.32238,-0.32062,-0.00082,0.23656,0.42094,-0.17190,-0.16908,-0.00542,0.80753,0.86439,-0.52906,0.24128,0.00119,5.96848,5.86688
51.2614,-2.58401,-3.57325,-2.58401,-3.57325,-2.58466,-3.56842,2.41534,1.43158,5.01523,5.02348,5.00000,5.00000,0.00000,0.00000,12,0.00028,-0.49140,-0.48898,0.01191,1.07161,1.04428,-0.00343,-0.01101,-0.00361,0.95349,0.92362,0.06070,0.04109,0.01368,-0.44608,-0.47325,-0.32238,-0.32062,0.00050,0.27838,0.44645,-0.17190,-0.16908,-0.00130,0.85395,0.90047,-0.52906,0.24127,-0.00594,5.94324,5.85114
51.3624,-2.57956,-3.57841,-2.57956,-3.57841,-2.58157,-3.57548,2.41843,1.42452,5.01463,5.02271,5.00000,5.00000,0.00000,0.00000,12,0.00026,-0.49140,-0.48900,0.00035,1.11296,1.11978,-0.00343,-0.01095,-0.00313,0.86669,0.82210,0.06070,0.04208,0.01049,-0.61126,-0.50437,-0.32238,-0.32062,0.00184,0.26979,0.13097,-0.17190,-0.16906,0.00750,0.86142,0.87335,-0.52906,0.24125,-0.00921,5.94015,5.87443
51.4638,-2.58060,-3.58855,-2.58060,-3.58855,-2.58082,-3.58418,2.41918,1.41582,5.01539,5.02338,5.00000,5.00000,0.00000,0.00000,12,0.00032,-0.49140,-0.48902,-0.00507,1.11641,1.12084,-0.00343,-0.01086,-0.00595,0.76084,0.81995,0.06070,0.04306,0.01390,-0.75872,-0.81116,-0.32238,-0.32063,-0.00162,0.30784,0.32537,-0.17190,-0.16911,-0.00542,0.89443,1.01986,-0.52906,0.24128,0.00814,5.99400,5.85757
51.5665,-2.58369,-3.59721,-2.58369,-3.59721,-2.58243,-3.59305,2.41757,1.40695,5.01603,5.02334,5.00000,5.00000,0.00000,0.00000,12,0.00111,-0.49140,-0.48905,0.00264,1.15238,0.99735,-0.00343,-0.01069,-0.00218,0.68422,0.62126,0.06070,0.04382,-0.00155,-0.94936,-0.96114,-0.32238,-0.32062,0.00331,0.35105,0.44820,-0.17190,-0.16910,-0.00532,0.90501,0.77885,-0.52906,0.24126,-0.00738,5.95394,6.05668
51.6677,-2.58506,-3.60393,-2.58506,-3.60393,-2.58406,-3.60070,2.41594,1.39930,5.01594,5.02299,5.00000,5.00000,0.00000,0.00000,12,0.00039,-0.49140,-0.48906,0.00254,1.20195,1.15135,-0.00343,-0.01053,0.00732,0.65028,0.60297,0.06070,0.04476,0.01686,-1.04560,-1.22421,-0.32238,-0.32065,-0.00228,0.33889,0.23470,-0.17190,-0.16911,-0.00235,0.97227,0.80073,-0.52906,0.24126,-0.00048,5.97761,6.01259
51.7713,-2.58193,-3.61567,-2.58193,-3.61567,-2.58234,-3.61055,2.41766,1.38945,5.01532,5.02386,5.00000,5.00000,0.00000,0.00000,12,0.00026,-0.49140,-0.48910,-0.00219,1.19778,1.26098,-0.00343,-0.01035,0.00607,0.57194,0.66768,0.06070,0.04607,0.00602,-1.17820,-1.08102,-0.32238,-0.32065,0.00083,0.36717,0.33337,-0.17190,-0.16910,-0.00059,0.98550,0.99182,-0.52906,0.24130,0.01715,5.99400,5.96299
51.8730,-2.58506,-3.63166,-2.58506,-3.63166,-2.58401,-3.62472,2.41599,1.37528,5.01596,5.02472,5.00000,5.00000,0.00000,0.00000,12,0.00029,-0.49140,-0.48912,0.00105,1.22546,1.19246,-0.00343,-0.01012,0.00264,0.48683,0.55239,0.06070,0.04808,0.02335,-1.15618,-1.05875,-0.32238,-0.32066,0.00005,0.37901,0.43870,-0.17190,-0.16908,0.00881,1.02599,1.05060,-0.52906,0.24127,-0.00015,5.98488,5.89175
51.9744,-2.58535,-3.64563,-2.58535,-3.64563,-2.58550,-3.64014,2.41450,1.35986,5.01545,5.02419,5.00000,5.00000,0.00000,0.00000,12,0.00087,-0.49140,-0.48916,0.00094,1.25622,1.35166,-0.00343,-0.00985,0.00439,0.44748,0.48574,0.06070,0.04958,0.01227,-1.24458,-1.18905,-0.32238,-0.32068,-0.01141,0.38662,0.47874,-0.17190,-0.16911,-0.00366,1.07096,0.97318,-0.52906,0.24127,0.00110,5.97656,6.05163
52.0744,-2.58341,-3.65423,-2.58341,-3.65423,-2.58471,-3.65036,2.41529,1.34964,5.01495,5.02356,5.00000,5.00000,0.00000,0.00000,12,0.00029,-0.49140,-0.48922,-0.00635,1.26052,1.29796,-0.00343,-0.00963,-0.00723,0.33799,0.42932,0.06070,0.05105,0.02056,-1.27057,-1.23108,-0.32238,-0.32065,0.00907,0.45756,0.39350,-0.17190,-0.16911,-0.00254,1.11208,1.10017,-0.52906,0.24124,-0.00752,5.95207,6.13562
52.1746,-2.58050,-3.66042,-2.58050,-3.66042,-2.58219,-3.65783,2.41781,1.34217,5.01477,5.02306,5.00000,5.00000,0.00000,0.00000,12,0.00027,-0.49140,-0.48923,0.00248,1.30779,1.39294,-0.00343,-0.00931,0.00868,0.34000,0.35193,0.06070,0.05252,0.01641,-1.25618,-1.27700,-0.32238,-0.32067,0.00666,0.45881,0.43301,-0.17190,-0.16912,-0.00115,1.14375,1.22973,-0.52906,0.24125,-0.00246,5.95935,5.92119
52.2782,-2.57884,-3.68636,-2.57884,-3.68636,-2.57949,-3.67311,2.42051,1.32689,5.01520,5.02772,5.00000,5.00000,0.00000,0.00000,12,0.00100,-0.49140,-0.48926,0.00566,1.35883,1.35356,-0.00343,-0.00896,0.00829,0.28355,0.25274,0.06070,0.05694,0.13327,-0.70429,-0.84933,-0.32238,-0.32068,0.00037,0.45315,0.38643,-0.17190,-0.16910,0.00373,1.17151,1.03775,-0.52906,0.24125,-0.00266,5.97476,6.06277
52.3801,-2.60001,-3.83264,-2.60001,-3.83264,-2.59259,-3.78895,2.40741,1.21105,5.01874,5.04146,5.00000,5.00000,0.00000,0.00000,12,0.00040,-0.49140,-0.48931,-0.00458,1.35151,1.40298,-0.00343,-0.00835,0.00697,0.25459,0.32531,0.06070,0.07548,0.00745,0.25835,0.29833,-0.32238,-0.32070,-0.00407,0.48190,0.54115,-0.17190,-0.16912,-0.00050,1.21070,1.17191,-0.52906,0.24125,0.00033,5.99062,6.12933
52.4805,-2.59795,-3.81827,-2.59795,-3.81827,-2.59072,-3.82196,2.40928,1.17804,5.01864,5.02135,5.00000,5.00000,0.00000,0.00000,12,0.00029,-0.49140,-0.48933,0.00471,1.36503,1.30848,-0.00343,-0.00802,-0.00181,0.20250,0.20153,0.06070,0.07543,0.00336,0.44728,0.38719,-0.32238,-0.32070,0.00118,0.48719,0.51966,-0.17190,-0.16914,-0.00450,1.25284,1.19462,-0.52906,0.24125,0.00060,5.98736,5.96774
52.5817,-2.58741,-3.83707,-3.58741,-3.83707,-3.09673,-3.83793,1.90327,1.16207,5.22887,5.02266,5.00000,5.00000,1.00000,0.00000,12,0.00031,-0.49140,-0.48936,0.00143,1.39461,1.30305,-0.00343,-0.00777,0.00141,0.14652,0.14941,0.06070,0.07534,0.00265,0.60266,0.53846,-0.32238,-0.32072,-0.00597,0.50476,0.40569,-0.17190,-0.16915,-0.00612,1.24789,1.20500,-0.52906,0.24125,0.00134,5.99213,6.08457
52.6836,-2.58819,-3.84370,-3.58819,-3.84370,-3.50726,-3.83789,1.49274,1.16211,5.05573,5.02552,5.00000,5.00000,1.00000,0.00000,12,0.00097,-0.49140,-0.48940,-0.00707,1.40146,1.47727,-0.00343,-0.00740,0.00583,0.16958,0.14920,0.06070,0.07525,-0.00304,0.73885,0.74414,-0.32238,-0.32073,-0.00846,0.51459,0.53273,-0.17190,-0.16912,0.00464,1.32819,1.26972,-0.52906,0.24124,0.00172,5.99185,5.79135
52.7840,-2.59031,-3.83471,-3.59031,-3.83471,-3.57594,-3.83498,1.42406,1.16502,5.02762,5.02290,5.00000,5.00000,1.00000,0.00000,12,0.00037,-0.49140,-0.48942,-0.00018,1.46601,1.36879,-0.00343,-0.00704,0.00280,0.13576,0.11895,0.06070,0.07517,-0.00248,0.93521,0.88155,-0.32238,-0.32071,0.00198,0.57772,0.53799,-0.17190,-0.16916,-0.00619,1.30775,1.39213,-0.52906,0.24124,-0.00448,5.93972,5.98212
52.8846,-2.58914,-3.83017,-3.58914,-3.83017,-3.58875,-3.83229,1.41125,1.16771,5.02170,5.02208,5.00000,5.00000,1.00000,0.00000,12,0.00032,-0.49140,-0.48948,-0.00887,1.42508,1.35754,-0.00343,-0.00684,0.00559,0.09117,0.11229,0.06070,0.07507,-0.00082,1.11432,1.13444,-0.32238,-0.32072,0.00153,0.59133,0.61632,-0.17190,-0.16915,-0.00514,1.34728,1.36444,-0.52906,0.24125,-0.00053,5.96018,5.92615
52.9858,-2.59171,-3.83097,-3.59171,-3.83097,-3.59160,-3.83114,1.40840,1.16886,5.02160,5.02291,5.00000,5.00000,1.00000,0.00000,12,0.00031,-0.49140,-0.48950,-0.00313,1.48844,1.65358,-0.00343,-0.00664,-0.00209,0.04856,-0.11299,0.06070,0.07493,-0.00529,1.25964,1.32807,-0.32238,-0.32074,0.00401,0.60766,0.64087,-0.17190,-0.16916,-0.00803,1.36531,1.32657,-0.52906,0.24124,-0.00299,5.96061,6.09326
53.0890,-2.59106,-3.83128,-3.59106,-3.83128,-3.59120,-3.83137,1.40880,1.16863,5.02149,5.02295,5.00000,5.00000,1.00000,0.00000,12,0.00118,-0.49140,-0.48952,0.01224,1.48403,1.48117,-0.00343,-0.00650,0.00191,0.04261,-0.00976,0.06070,0.07483,-0.00092,1.41520,1.54605,-0.32238,-0.32073,0.00373,0.63000,0.55347,-0.17190,-0.16917,-0.00129,1.41746,1.34938,-0.52906,0.24124,-0.00123,5.95494,6.00433
53.1914,-2.58834,-3.82688,-3.58834,-3.82688,-3.58957,-3.82900,1.41043,1.17100,5.02101,5.02206,5.00000,5.00000,1.00000,0.00000,12,0.00030,-0.49140,-0.48956,0.01051,1.53895,1.50235,-0.00343,-0.00622,-0.00263,-0.00792,-0.01286,0.06070,0.07469,-0.00307,1.60796,1.51501,-0.32238,-0.32076,-0.00187,0.64670,0.56195,-0.17190,-0.16915,0.00420,1.50916,1.53598,-0.52906,0.24125,0.00391,5.98789,5.80325
53.2935,-2.58522,-3.82412,-3.58522,-3.82412,-3.58690,-3.82605,1.41310,1.17395,5.02080,5.02213,5.00000,5.00000,1.00000,0.00000,12,0.00026,-0.49140,-0.48960,0.00239,1.54859,1.71224,-0.00343,-0.00606,-0.00781,-0.02652,0.05935,0.06070,0.07457,0.00163,1.78300,1.81840,-0.32238,-0.32077,-0.00355,0.65533,0.62140,-0.17190,-0.16916,0.00151,1.52714,1.50485,-0.52906,0.24125,0.00440,5.97200,5.94392
53.3950,-2.58168,-3.82237,-3.58168,-3.82237,-3.58392,-3.82371,1.41608,1.17629,5.02054,5.02237,5.00000,5.00000,1.00000,0.00000,12,0.00024,-0.49140,-0.48963,-0.00450,1.56021,1.60297,-0.00343,-0.00585,0.00321,0.00445,-0.05388,0.06070,0.07444,0.00397,1.94581,1.97522,-0.32238,-0.32077,0.00542,0.67354,0.58862,-0.17190,-0.16916,0.00523,1.54797,1.57261,-0.52906,0.24125,0.00423,5.98869,6.11825
53.4968,-2.58131,-3.82464,-3.58131,-3.82464,-3.58156,-3.82418,1.41844,1.17582,5.02138,5.02314,5.00000,5.00000,1.00000,0.00000,12,0.00034,-0.49140,-0.48968,-0.00857,1.54213,1.61170,-0.00343,-0.00575,0.00085,-0.03671,-0.16963,0.06070,0.07429,-0.00204,2.06766,2.10840,-0.32238,-0.32081,-0.00486,0.67164,0.80295,-0.17190,-0.16917,-0.00272,1.57796,1.51996,-0.52906,0.24122,-0.00753,5.92328,5.80920
53.5997,-2.57507,-3.82465,-3.57507,-3.82465,-3.57845,-3.82453,1.42155,1.17547,5.02003,5.02300,5.00000,5.00000,1.00000,0.00000,12,0.00104,-0.49140,-0.48968,-0.00082,1.61799,1.75368,-0.00343,-0.00568,0.00114,-0.08560,-0.03780,0.06070,0.07413,0.00128,2.24245,2.32850,-0.32238,-0.32081,-0.00057,0.73517,0.72303,-0.17190,-0.16918,0.00185,1.59196,1.79471,-0.52906,0.24122,-0.00565,5.97050,5.99691
53.6994,-2.57718,-3.82066,-3.57718,-3.82066,-3.57775,-3.82187,1.42225,1.17813,5.02122,5.02241,5.00000,5.00000,1.00000,0.00000,12,0.00036,-0.49140,-0.48972,-0.00360,1.60950,1.67453,-0.00343,-0.00560,0.00322,-0.08927,-0.13833,0.06070,0.07396,-0.00362,2.40345,2.28604,-0.32238,-0.32082,-0.00644,0.72880,0.62835,-0.17190,-0.16920,-0.00300,1.62856,1.65068,-0.52906,0.24126,0.00908,5.98650,5.96795
53.7997,-2.58106,-3.82093,-3.58106,-3.82093,-3.57887,-3.82080,1.42113,1.17920,5.02241,5.02298,5.00000,5.00000,1.00000,0.00000,12,0.00028,-0.49140,-0.48974,0.00058,1.62864,1.62629,-0.00343,-0.00548,0.00177,-0.11677,-0.09119,0.06070,0.07379,-0.00252,2.56158,2.53915,-0.32238,-0.32081,0.00045,0.77487,0.75052,-0.17190,-0.16920,-0.00216,1.69369,1.71318,-0.52906,0.24124,0.00526,5.97075,5.95896
53.9030,-2.58220,-3.81949,-3.58220,-3.81949,-3.58170,-3.81997,1.41830,1.18003,5.02171,5.02271,5.00000,5.00000,1.00000,0.00000,12,0.00026,-0.49140,-0.48977,0.00011,1.65929,1.56363,-0.00343,-0.00539,0.00243,-0.11517,-0.21967,0.06070,0.07357,-0.00214,2.68202,2.79048,-0.32238,-0.32084,-0.00489,0.76057,0.75236,-0.17190,-0.16922,-0.00213,1.71367,1.65598,-0.52906,0.24123,-0.00309,5.99400,6.04074
54.0063,-2.58445,-3.81927,-3.58445,-3.81927,-3.58292,-3.81915,1.41708,1.18085,5.02215,5.02297,5.00000,5.00000,1.00000,0.00000,12,0.00113,-0.49140,-0.48978,0.00391,1.71770,1.78437,-0.00343,-0.00532,0.00606,-0.14971,-0.13795,0.06070,0.07334,0.00424,2.84943,2.92923,-0.32238,-0.32084,0.00490,0.80854,0.87544,-0.17190,-0.16923,-0.00583,1.70295,1.80131,-0.52906,0.24123,0.00242,5.97246,5.99089
54.1068,-2.58291,-3.82121,-3.58291,-3.82121,-3.58279,-3.82060,1.41721,1.17940,5.02155,5.02318,5.00000,5.00000,1.00000,0.00000,12,0.00034,-0.49140,-0.48981,0.00747,1.69908,1.64428,-0.00343,-0.00525,0.00280,-0.17223,-0.10768,0.06070,0.07304,0.00009,2.96706,3.03157,-0.32238,-0.32086,0.00275,0.80830,0.80287,-0.17190,-0.16923,0.00104,1.75280,1.55659,-0.52906,0.24122,-0.00379,5.97625,5.86322
54.2096,-2.58505,-3.81675,-3.58505,-3.81675,-3.58412,-3.81864,1.41588,1.18136,5.02190,5.02210,5.00000,5.00000,1.00000,0.00000,12,0.00040,-0.49140,-0.48986,-0.00084,1.69699,1.67429,-0.00343,-0.00517,-0.01299,-0.19606,-0.30012,0.06070,0.07262,-0.00026,3.10390,3.05532,-0.32238,-0.32087,-0.00080,0.84315,0.84412,-0.17190,-0.16924,-0.00289,1.80034,1.81525,-0.52906,0.24123,0.00050,5.99400,6.02477
54.3110,-2.58344,-3.81528,-3.58344,-3.81528,-3.58275,-3.81660,1.41725,1.18340,5.02179,5.02234,5.00000,5.00000,1.00000,0.00000,12,0.00033,-0.49140,-0.48990,0.00222,1.73385,1.73226,-0.00343,-0.00506,-0.00051,-0.21366,-0.19573,0.06070,0.07222,0.00327,3.19742,3.00311,-0.32238,-0.32089,-0.00214,0.84400,0.90024,-0.17190,-0.16926,-0.00814,1.80705,1.93966,-0.52906,0.24122,-0.00371,5.94423,5.95974
54.4122,-2.58683,-3.81395,-3.58683,-3.81395,-3.58586,-3.81461,1.41414,1.18539,5.02193,5.02260,5.00000,5.00000,1.00000,0.00000,12,0.00051,-0.49140,-0.48993,-0.00366,1.74921,1.76092,-0.00343,-0.00496,0.00502,-0.21835,-0.22286,0.06070,0.07166,-0.00789,3.30390,3.34931,-0.32238,-0.32091,0.00359,0.87291,0.86590,-0.17190,-0.16927,-0.00471,1.84428,1.68352,-0.52906,0.24123,-0.00273,5.94922,5.98780
54.5127,-2.59525,-3.81428,-3.59525,-3.81428,-3.59122,-3.81407,1.40878,1.18593,5.02327,5.02297,5.00000,5.00000,1.00000,0.00000,12,0.00025,-0.49140,-0.48996,-0.00471,1.74199,1.73400,-0.00343,-0.00487,0.00228,-0.22330,-0.30080,0.06070,0.07095,-0.00257,3.38358,3.14928,-0.32238,-0.32092,0.00332,0.88390,0.85866,-0.17190,-0.16927,0.00157,1.89110,1.74198,-0.52906,0.24123,0.00492,5.99138,5.72490
54.6140,-2.59454,-3.80822,-3.59454,-3.80822,-3.59431,-3.81091,1.40569,1.18909,5.02167,5.02171,5.00000,5.00000,1.00000,0.00000,12,0.00036,-0.49140,-0.48998,-0.00175,1.78876,1.77105,-0.00343,-0.00475,0.00493,-0.22686,-0.28044,0.06070,0.07022,-0.00459,3.44674,3.56829,-0.32238,-0.32092,0.00359,0.89743,0.91490,-0.17190,-0.16928,0.00139,1.88594,2.02917,-0.52906,0.24124,0.00538,5.99345,5.95202
54.7156,-2.60162,-3.80357,-3.60162,-3.80357,-3.59847,-3.80605,1.40153,1.19395,5.02294,5.02177,5.00000,5.00000,1.00000,0.00000,12,0.00062,-0.49140,-0.49002,0.00488,1.76869,1.72812,-0.00343,-0.00468,0.00033,-0.24860,-0.29219,0.06070,0.06953,-0.01280,3.50987,3.49450,-0.32238,-0.32095,-0.00530,0.90242,0.93637,-0.17190,-0.16930,-0.00264,1.96362,1.83312,-0.52906,0.24121,-0.00883,5.96773,6.03823
54.8187,-2.59860,-3.79947,-3.59860,-3.79947,-3.59799,-3.80125,1.40201,1.19875,5.02185,5.02205,5.00000,5.00000,1.00000,0.00000,12,0.00126,-0.49140,-0.49006,-0.00072,1.81134,1.89105,-0.00343,-0.00463,-0.00068,-0.26481,-0.28621,0.06070,0.06871,-0.01202,3.54664,3.62693,-0.32238,-0.32095,0.00210,0.94540,0.96267,-0.17190,-0.16928,0.00320,2.01984,2.08753,-0.52906,0.24124,0.00659,5.98047,5.92462
54.9213,-2.59698,-3.79404,-3.59698,-3.79404,-3.59857,-3.79647,1.40143,1.20353,5.02091,5.02174,5.00000,5.00000,1.00000,0.00000,12,0.00029,-0.49140,-0.49009,0.00434,1.82429,1.86862,-0.00343,-0.00456,-0.00136,-0.27170,-0.36086,0.06070,0.06782,-0.01010,3.60544,3.70812,-0.32238,-0.32096,0.00142,0.95439,1.15058,-0.17190,-0.16929,0.00806,2.06482,2.09990,-0.52906,0.24122,-0.00435,5.96695,5.93547
55.0222,-2.59657,-3.78593,-3.59657,-3.78593,-3.59677,-3.78942,1.40323,1.21058,5.02149,5.02124,5.00000,5.00000,1.00000,0.00000,12,0.00027,-0.49140,-0.49012,0.00256,1.85080,1.90443,-0.00343,-0.00450,-0.00180,-0.28464,-0.39672,0.06070,0.06690,-0.01151,3.62421,3.62501,-0.32238,-0.32099,-0.00954,0.95361,0.89591,-0.17190,-0.16931,-0.00219,2.05082,2.11636,-0.52906,0.24122,-0.00635,5.96112,5.94208
55.1239,-2.59021,-3.77264,-3.59021,-3.77264,-3.59378,-3.77830,1.40622,1.22170,5.02003,5.02024,5.00000,5.00000,1.00000,0.00000,12,0.00039,-0.49140,-0.49014,0.00553,1.86515,1.93480,-0.00343,-0.00447,-0.00123,-0.28045,-0.27452,0.06070,0.06584,-0.00997,3.61255,3.71917,-0.32238,-0.32098,0.00528,0.98900,0.97097,-0.17190,-0.16932,0.00476,2.06596,2.08185,-0.52906,0.24121,-0.00386,5.98205,6.14026
55.2259,-2.58979,-3.76431,-3.58979,-3.76431,-3.59005,-3.76828,1.40995,1.23172,5.02143,5.02091,5.00000,5.00000,1.00000,0.00000,12,0.00109,-0.49140,-0.49015,0.00149,1.85931,1.78201,-0.00343,-0.00442,-0.00629,-0.30735,-0.24929,0.06070,0.06496,-0.01811,3.60477,3.63295,-0.32238,-0.32099,0.00552,1.00276,1.05996,-0.17190,-0.16934,-0.00493,2.12061,2.09752,-0.52906,0.24121,-0.00217,5.97350,6.00875
55.3273,-2.58930,-3.75397,-3.58930,-3.75397,-3.58849,-3.75787,1.41151,1.24213,5.02188,5.02088,5.00000,5.00000,1.00000,0.00000,12,0.00041,-0.49140,-0.49018,0.00011,1.88263,2.02034,-0.00343,-0.00435,-0.00056,-0.29408,-0.32230,0.06070,0.06432,0.00000,3.61825,3.56005,-0.32238,-0.32103,-0.00415,0.99430,0.85365,-0.17190,-0.16935,-0.00900,2.13386,2.22368,-0.52906,0.24121,-0.00314,5.98458,5.97743
55.4282,-2.58932,-3.74964,-3.58932,-3.74964,-3.58903,-3.75156,1.41097,1.24844,5.02166,5.02169,5.00000,5.00000,1.00000,0.00000,12,0.00042,-0.49140,-0.49019,-0.00289,1.88411,1.70017,-0.00343,-0.00431,-0.00230,-0.32161,-0.32232,0.06070,0.06371,0.00873,3.63936,3.62223,-0.32238,-0.32103,0.00322,1.03492,0.99753,-0.17190,-0.16934,0.00367,2.17534,2.07766,-0.52906,0.24120,-0.00848,5.94686,6.16233
55.5310,-2.59198,-3.74400,-3.59198,-3.74400,-3.58992,-3.74666,1.41008,1.25334,5.02242,5.02134,5.00000,5.00000,1.00000,0.00000,12,0.00040,-0.49140,-0.49022,0.00017,1.89294,1.88750,-0.00343,-0.00428,0.00175,-0.32891,-0.29010,0.06070,0.06315,-0.00304,3.62592,3.62134,-0.32238,-0.32105,-0.00070,1.02758,1.06001,-0.17190,-0.16936,0.00013,2.18880,2.08422,-0.52906,0.24121,-0.00368,5.96969,5.81856
55.6326,-2.59924,-3.70208,-2.59924,-3.70208,-2.83515,-3.73150,1.51237,1.26850,4.34752,5.00978,4.34752,5.00000,0.00000,0.00000,8,0.00030,-0.47843,-0.48987,0.01055,0.92708,0.96916,-0.03388,-0.00697,-0.14704,1.53220,1.49776,0.03222,0.05010,-0.57214,3.35525,3.66144,-0.31021,-0.32090,0.00858,0.10637,0.40738,-0.15444,-0.16928,-0.00206,0.81498,0.93705,-0.51170,0.24120,-0.00313,5.98193,5.94407
55.7335,-2.58337,-3.47248,-2.58337,-3.47248,-2.62458,-3.55107,1.59286,1.37723,4.21744,4.92831,4.21744,4.92831,0.00000,0.00000,0,0.00039,-0.47279,-0.48931,0.00723,0.43755,0.49883,-0.03975,-0.01041,-0.00413,2.29082,2.23497,0.02640,0.02841,-0.03026,3.87679,3.86980,-0.31072,-0.32068,-0.00168,0.08834,-0.24194,-0.15371,-0.16924,-0.01081,0.67375,0.64428,-0.50558,0.24122,0.00242,5.97847,5.91212
55.8341,-2.57214,-3.50213,-2.57214,-3.50213,-2.58854,-3.50095,1.67096,1.48239,4.25950,4.98334,4.25950,4.98334,0.00000,0.00000,0,0.00037,-0.47597,-0.48893,0.00784,0.49793,0.45431,-0.03795,-0.01060,-0.01007,2.23599,2.42191,0.02834,0.02827,0.00078,3.61732,3.75077,-0.30925,-0.32068,0.00266,0.01736,0.08992,-0.15273,-0.16922,0.00125,0.67296,0.61290,-0.50874,0.24122,0.00914,5.98659,6.02002
55.9349,-2.57600,-3.48615,-2.57600,-3.48615,-2.58597,-3.47999,1.74863,1.52001,4.33461,5.02352,4.33461,5.00000,0.00000,0.00000,8,0.00030,-0.47817,-0.48900,-0.00548,0.60436,0.56308,-0.03448,-0.01088,0.00155,2.33520,2.39437,0.03165,0.02831,0.00029,3.37483,3.40901,-0.30997,-0.32057,-0.00490,-0.15955,-0.22425,-0.15410,-0.16917,0.00519,0.45748,0.42367,-0.51135,0.24121,0.00107,5.97439,6.00213
56.0384,-2.58327,-3.47805,-2.58327,-3.47805,-2.58427,-3.47872,1.82617,1.52128,4.41044,5.02059,4.41044,5.00000,0.00000,0.00000,8,0.00036,-0.47968,-0.48897,-0.00474,0.56092,0.52099,-0.03094,-0.01103,-0.00123,2.35320,2.22561,0.03497,0.02839,0.00065,3.13798,3.08071,-0.31139,-0.32056,-0.00100,-0.15050,-0.47338,-0.15612,-0.16918,-0.00060,0.41879,0.39166,-0.51337,0.24121,-0.00115,5.99400,5.81732
56.1398,-2.58484,-3.48073,-2.58484,-3.48073,-2.58654,-3.47963,1.90374,1.52037,4.49028,5.02135,4.49028,5.00000,0.00000,0.00000,8,0.00025,-0.48127,-0.48897,-0.00349,0.57522,0.46753,-0.02721,-0.01106,0.01568,2.34676,2.21633,0.03846,0.02856,0.00661,2.75303,2.86959,-0.31288,-0.32054,0.00506,-0.15206,-0.08241,-0.15826,-0.16915,0.00484,0.38990,0.28216,-0.51549,0.24122,0.00447,5.99400,5.96926
56.2414,-2.58901,-3.48109,-2.58901,-3.48109,-2.58973,-3.48095,1.98142,1.51905,4.57115,5.02095,4.57115,5.00000,0.00000,0.00000,8,0.00026,-0.48288,-0.48896,0.00168,0.58139,0.49193,-0.02344,-0.01112,-0.00494,2.24588,2.35502,0.04199,0.02878,0.00859,2.43130,2.32150,-0.31439,-0.32054,0.00256,-0.14889,-0.15615,-0.16042,-0.16912,0.01098,0.47515,0.40334,-0.51764,0.24121,0.00046,5.97645,6.07284
56.3423,-2.58997,-3.48560,-2.58997,-3.48560,-2.59030,-3.48407,2.05912,1.51593,4.64943,5.02156,4.64943,5.00000,0.00000,0.00000,8,0.00076,-0.48444,-0.48898,-0.00301,0.61992,0.67473,-0.01978,-0.01112,-0.00026,2.16317,2.24317,0.04541,0.02901,-0.00766,2.00157,2.00679,-0.31585,-0.32056,-0.00566,-0.15919,-0.00968,-0.16251,-0.16915,0.00168,0.49724,0.48151,-0.51972,0.24120,-0.00875,5.93023,5.97898
56.4436,-2.58763,-3.48837,-2.58763,-3.48837,-2.58939,-3.48796,2.13683,1.51204,4.72622,5.02110,4.72622,5.00000,0.00000,0.00000,8,0.00030,-0.48596,-0.48898,-0.00361,0.66715,0.66317,-0.01620,-0.01112,-0.00241,2.02457,2.02182,0.04876,0.02939,0.00582,1.64524,1.72714,-0.31728,-0.32053,0.00488,-0.08544,-0.12481,-0.16457,-0.16915,0.00302,0.52789,0.43684,-0.52177,0.24121,0.00230,5.98548,5.97166
56.5453,-2.59303,-3.48713,-2.59303,-3.48713,-2.59163,-3.48745,2.21454,1.51255,4.80617,5.02079,4.80617,5.00000,0.00000,0.00000,8,0.00026,-0.48755,-0.48899,0.00752,0.71908,0.67235,-0.01247,-0.01111,0.00024,1.84844,1.78809,0.05225,0.02990,0.00751,1.27021,1.30313,-0.31877,-0.32053,0.00197,-0.03461,-0.06798,-0.16671,-0.16915,0.00410,0.61036,0.62184,-0.52390,0.24122,0.00555,5.95635,6.01814
56.6467,-2.59653,-3.49013,-2.59653,-3.49013,-2.59463,-3.48832,2.29234,1.51168,4.88696,5.02170,4.88696,5.00000,0.00000,0.00000,8,0.00029,-0.48916,-0.48901,0.00375,0.81729,0.83850,-0.00870,-0.01110,-0.00062,1.61258,1.61370,0.05577,0.03076,0.01525,0.81939,0.99433,-0.32028,-0.32055,0.00044,0.02812,0.06352,-0.16887,-0.16917,-0.00470,0.75324,0.64778,-0.52605,0.24120,0.00163,5.98286,5.86469
56.7482,-2.59851,-3.51119,-2.59851,-3.51119,-2.59698,-3.50070,2.37022,1.49930,4.96720,5.02550,4.96720,5.00000,0.00000,0.00000,8,0.00077,-0.49075,-0.48907,-0.00406,0.93167,0.89163,-0.00496,-0.01106,0.00470,1.33339,1.33810,0.05927,0.03383,0.04901,0.62666,0.61554,-0.32177,-0.32057,-0.00566,0.13486,0.13660,-0.17102,-0.16917,0.00325,0.92630,0.76079,-0.52819,0.24120,0.00122,5.96879,6.10423
56.8492,-2.59829,-3.53478,-2.59829,-3.53478,-2.59782,-3.52577,2.40218,1.47423,5.01579,5.02502,5.00000,5.00000,0.00000,0.00000,12,0.00045,-0.49140,-0.48913,-0.00810,0.99738,0.98977,-0.00343,-0.01098,0.00752,1.14176,1.13090,0.06070,0.03731,0.01725,0.30782,0.32433,-0.32238,-0.32057,0.00374,0.19771,0.29520,-0.17190,-0.16919,-0.00251,0.98303,0.88992,-0.52906,0.24120,-0.00037,5.96287,5.99434
56.9502,-2.59888,-3.54116,-2.59888,-3.54116,-2.59914,-3.53770,2.40086,1.46230,5.01549,5.02271,5.00000,5.00000,0.00000,0.00000,12,0.00028,-0.49140,-0.48914,-0.00608,1.00800,1.02438,-0.00343,-0.01097,0.00225,1.07209,1.14328,0.06070,0.03827,0.01278,0.09028,0.21252,-0.32238,-0.32057,0.00218,0.23500,0.22645,-0.17190,-0.16917,0.00122,0.97487,0.95584,-0.52906,0.24117,-0.01217,5.96117,5.96542
57.0531,-2.59896,-3.54488,-2.59896,-3.54488,-2.59902,-3.54237,2.40098,1.45763,5.01557,5.02233,5.00000,5.00000,0.00000,0.00000,12,0.00029,-0.49140,-0.48913,-0.00104,1.02439,1.04395,-0.00343,-0.01094,0.00010,0.99231,1.00090,0.06070,0.03903,0.01034,-0.12472,-0.09383,-0.32238,-0.32058,0.00212,0.25128,0.15388,-0.17190,-0.16919,-0.00818,1.02922,1.08741,-0.52906,0.24119,0.00204,5.99400,6.00417
57.1559,-2.60134,-3.55392,-2.60134,-3.55392,-2.60063,-3.54926,2.39937,1.45074,5.01591,5.02329,5.00000,5.00000,0.00000,0.00000,12,0.00100,-0.49140,-0.48915,-0.00228,1.07190,1.17403,-0.00343,-0.01087,0.00707,0.89993,0.73945,0.06070,0.04007,0.00836,-0.29091,-0.20061,-0.32238,-0.32060,-0.00282,0.24651,0.31196,-0.17190,-0.16918,0.00364,1.07608,0.96119,-0.52906,0.24121,0.01316,5.98708,6.00142
57.2576,-2.60375,-3.56109,-2.60375,-3.56109,-2.60275,-3.55834,2.39725,1.44166,5.01604,5.02253,5.00000,5.00000,0.00000,0.00000,12,0.00039,-0.49140,-0.48915,0.00140,1.07677,1.23864,-0.00343,-0.01082,-0.00417,0.80579,0.85032,0.06070,0.04119,0.00813,-0.48538,-0.38850,-0.32238,-0.32061,-0.00429,0.28674,0.36287,-0.17190,-0.16916,0.00836,1.10099,1.04531,-0.52906,0.24117,-0.01306,5.95215,5.91684
57.3601,-2.60567,-3.57067,-2.60567,-3.57067,-2.60492,-3.56675,2.39508,1.43325,5.01595,5.02308,5.00000,5.00000,0.00000,0.00000,12,0.00029,-0.49140,-0.48918,0.00003,1.11657,1.21058,-0.00343,-0.01071,-0.00239,0.68223,0.70606,0.06070,0.04219,0.00538,-0.67229,-0.72936,-0.32238,-0.32061,-0.00259,0.28835,0.32450,-0.17190,-0.16919,-0.00105,1.12039,1.10760,-0.52906,0.24121,0.00475,5.98019,5.83486
57.4613,-2.60874,-3.57616,-2.60874,-3.57616,-2.60739,-3.57308,2.39261,1.42692,5.01622,5.02276,5.00000,5.00000,0.00000,0.00000,12,0.00027,-0.49140,-0.48917,0.01078,1.18130,0.98033,-0.00343,-0.01057,0.00304,0.63140,0.64791,0.06070,0.04312,0.01397,-0.79262,-0.83242,-0.32238,-0.32061,-0.00369,0.33331,0.34854,-0.17190,-0.16920,-0.00484,1.16860,1.18678,-0.52906,0.24118,-0.00835,5.91100,5.82643
57.5627,-2.60665,-3.58439,-2.60665,-3.58439,-2.60756,-3.58125,2.39244,1.41875,5.01525,5.02283,5.00000,5.00000,0.00000,0.00000,12,0.00030,-0.49140,-0.48919,0.00281,1.20408,1.06458,-0.00343,-0.01036,0.00641,0.58586,0.77412,0.06070,0.04405,0.01020,-0.94582,-0.95731,-0.32238,-0.32062,-0.00159,0.36014,0.49894,-0.17190,-0.16922,-0.00755,1.18456,1.09895,-0.52906,0.24121,0.01270,5.99056,6.19175
57.6648,-2.60905,-3.59113,-2.60905,-3.59113,-2.60871,-3.58725,2.39129,1.41275,5.01580,5.02318,5.00000,5.00000,0.00000,0.00000,12,0.00112,-0.49140,-0.48921,0.00914,1.20688,1.19061,-0.00343,-0.01018,-0.00065,0.49263,0.51264,0.06070,0.04500,0.01360,-1.07824,-0.99485,-0.32238,-0.32063,-0.00282,0.33863,0.45434,-0.17190,-0.16921,-0.00685,1.18856,1.11638,-0.52906,0.24117,-0.00318,5.97488,5.84121
57.7662,-2.60822,-3.60330,-2.60822,-3.60330,-2.60845,-3.59826,2.39155,1.40174,5.01555,5.02375,5.00000,5.00000,0.00000,0.00000,12,0.00030,-0.49140,-0.48924,0.00312,1.22828,1.36748,-0.00343,-0.00995,-0.00013,0.41884,0.34129,0.06070,0.04618,0.01059,-1.18203,-1.03541,-0.32238,-0.32062,0.00167,0.41067,0.32447,-0.17190,-0.16920,0.00081,1.22164,1.28560,-0.52906,0.24118,-0.00401,5.93101,5.95182
57.8698,-2.60622,-3.61606,-2.60622,-3.61606,-2.60746,-3.61050,2.39254,1.38950,5.01511,5.02405,5.00000,5.00000,0.00000,0.00000,12,0.00027,-0.49140,-0.48928,0.00814,1.25064,1.30526,-0.00343,-0.00966,0.01323,0.38470,0.22062,0.06070,0.04823,0.01587,-1.21635,-1.20756,-0.32238,-0.32064,-0.00345,0.40837,0.47161,-0.17190,-0.16921,-0.00244,1.27326,1.27638,-0.52906,0.24116,-0.01158,5.93739,6.06794
57.9716,-2.60662,-3.63246,-2.60662,-3.63246,-2.60661,-3.62493,2.39339,1.37507,5.01564,5.02498,5.00000,5.00000,0.00000,0.00000,12,0.00027,-0.49140,-0.48932,-0.00252,1.28243,1.35644,-0.00343,-0.00941,0.00485,0.30772,0.18253,0.06070,0.05007,0.01570,-1.22519,-1.18676,-0.32238,-0.32064,0.00017,0.40690,0.41488,-0.17190,-0.16923,-0.01241,1.26056,1.32520,-0.52906,0.24118,0.00334,5.99400,5.86551
58.0728,-2.60326,-3.63660,-2.60326,-3.63660,-2.60506,-3.63320,2.39494,1.36680,5.01486,5.02326,5.00000,5.00000,0.00000,0.00000,12,0.00050,-0.49140,-0.48933,-0.00398,1.29583,1.23372,-0.00343,-0.00915,0.00626,0.26584,0.28365,0.06070,0.05132,0.02116,-1.26005,-1.18064,-0.32238,-0.32066,-0.00308,0.43894,0.53191,-0.17190,-0.16921,0.00063,1.37689,1.34232,-0.52906,0.24116,-0.00434,5.97775,6.05934
58.1736,-2.60083,-3.64621,-2.60083,-3.64621,-2.60263,-3.64223,2.39737,1.35777,5.01484,5.02356,5.00000,5.00000,0.00000,0.00000,12,0.00027,-0.49140,-0.48935,0.00242,1.32651,1.33159,-0.00343,-0.00879,0.00578,0.21780,0.27666,0.06070,0.05275,0.02399,-1.27956,-1.09839,-0.32238,-0.32065,0.00180,0.47696,0.31273,-0.17190,-0.16924,-0.00786,1.36696,1.46933,-0.52906,0.24116,-0.00694,5.96686,5.97260
58.2741,-2.59690,-3.68320,-2.59690,-3.68320,-2.59795,-3.66311,2.40205,1.33689,5.01514,5.03059,5.00000,5.00000,0.00000,0.00000,12,0.00038,-0.49140,-0.48939,-0.00419,1.34210,1.36822,-0.00343,-0.00847,0.00306,0.17368,0.22101,0.06070,0.06067,0.32765,0.10395,-0.45300,-0.32238,-0.32068,-0.00646,0.45733,0.40743,-0.17190,-0.16922,0.00128,1.44466,1.47523,-0.52906,0.24116,-0.00629,5.98889,5.94105
58.3759,-2.60888,-3.82173,-2.60888,-3.82173,-2.60951,-3.78823,2.39049,1.21177,5.01539,5.03708,5.00000,5.00000,0.00000,0.00000,12,0.00075,-0.49140,-0.48941,-0.00197,1.36301,1.30895,-0.00343,-0.00780,0.00355,0.16138,0.14314,0.06070,0.07545,-0.00353,0.22932,0.21909,-0.32238,-0.32067,0.00186,0.50924,0.53893,-0.17190,-0.16924,-0.00344,1.41784,1.34627,-0.52906,0.24117,0.00057,5.99400,5.99353
58.4809,-2.62707,-3.80377,-2.62707,-3.80377,-2.61466,-3.81111,2.38534,1.18889,5.02101,5.01972,5.00000,5.00000,0.00000,0.00000,12,0.00037,-0.49140,-0.48944,0.00338,1.41511,1.44466,-0.00343,-0.00746,0.00759,0.14814,0.17269,0.06070,0.07541,0.00360,0.43792,0.45596,-0.32238,-0.32069,-0.00754,0.53337,0.45028,-0.17190,-0.16923,-0.00571,1.47863,1.50131,-0.52906,0.24117,-0.00064,5.95969,5.95556
58.5824,-2.60782,-3.82144,-3.60782,-3.82144,-2.90855,-3.82345,2.09145,1.17655,5.31714,5.02208,5.00000,5.00000,1.00000,0.00000,13,0.00030,-0.49140,-0.48949,-0.00647,1.41594,1.34163,-0.00343,-0.00713,0.00330,0.10508,0.11875,0.06070,0.07531,-0.00321,0.61581,0.53875,-0.32238,-0.32070,-0.00113,0.52830,0.64356,-0.17190,-0.16922,0.00743,1.52669,1.31455,-0.52906,0.24117,0.00351,5.98142,5.87432
58.6834,-2.60451,-3.82643,-3.60451,-3.82643,-3.48865,-3.82496,1.51135,1.17504,5.07059,5.02358,5.00000,5.00000,1.00000,0.00000,12,0.00028,-0.49140,-0.48951,-0.00610,1.42452,1.32782,-0.00343,-0.00679,0.00050,0.08140,0.15738,0.06070,0.07521,-0.00574,0.78245,0.76831,-0.32238,-0.32069,0.00537,0.57803,0.52687,-0.17190,-0.16926,-0.01046,1.54062,1.49420,-0.52906,0.24116,-0.00360,5.98114,5.90192
58.7843,-2.60396,-3.82434,-3.60396,-3.82434,-3.58521,-3.82550,1.41479,1.17450,5.02955,5.02246,5.00000,5.00000,1.00000,0.00000,12,0.00029,-0.49140,-0.48953,0.00121,1.45331,1.55638,-0.00343,-0.00657,0.00957,0.03795,0.05635,0.06070,0.07514,0.00365,0.93878,0.91592,-0.32238,-0.32070,0.00195,0.56387,0.48206,-0.17190,-0.16923,0.00689,1.56296,1.56903,-0.52906,0.24117,-0.00188,5.95821,5.90139
58.8859,-2.60482,-3.83035,-3.60482,-3.83035,-3.60248,-3.82813,1.39752,1.17187,5.02262,5.02392,5.00000,5.00000,1.00000,0.00000,12,0.00034,-0.49140,-0.48954,-0.00117,1.47875,1.45048,-0.00343,-0.00641,-0.00957,0.01861,0.11732,0.06070,0.07502,-0.00088,1.10677,1.09902,-0.32238,-0.32073,-0.00153,0.59861,0.56553,-0.17190,-0.16923,0.00161,1.62455,1.59057,-0.52906,0.24116,-0.00322,5.94135,5.93132
58.9913,-2.60643,-3.83097,-3.60643,-3.83097,-3.60551,-3.83005,1.39449,1.16995,5.02203,5.02337,5.00000,5.00000,1.00000,0.00000,12,0.00307,-0.49140,-0.48959,-0.00262,1.48923,1.57248,-0.00343,-0.00625,-0.00633,-0.00872,0.01827,0.06070,0.07492,0.00287,1.29708,1.19315,-0.32238,-0.32075,-0.00910,0.61663,0.62148,-0.17190,-0.16922,0.01003,1.66313,1.73214,-0.52906,0.24116,0.00280,5.96041,5.95076
59.0889,-2.60485,-3.83430,-3.60485,-3.83430,-3.60496,-3.83278,1.39504,1.16722,5.02158,5.02365,5.00000,5.00000,1.00000,0.00000,12,0.00028,-0.49140,-0.48962,-0.00266,1.50594,1.51410,-0.00343,-0.00613,-0.00786,-0.03929,0.05457,0.06070,0.07478,-0.00605,1.45336,1.39002,-0.32238,-0.32074,0.00304,0.64999,0.72403,-0.17190,-0.16927,-0.00980,1.67500,1.75842,-0.52906,0.24115,-0.00358,5.98420,5.91651
59.1894,-2.60904,-3.83774,-3.60904,-3.83774,-3.60729,-3.83606,1.39271,1.16394,5.02239,5.02373,5.00000,5.00000,1.00000,0.00000,12,0.00028,-0.49140,-0.48964,0.00145,1.51942,1.60978,-0.00343,-0.00591,0.00771,-0.02310,0.01520,0.06070,0.07466,-0.00312,1.62504,1.55619,-0.32238,-0.32075,-0.00191,0.67920,0.62940,-0.17190,-0.16925,0.00529,1.70062,1.68578,-0.52906,0.24118,0.00812,5.98854,6.03207
59.2921,-2.61162,-3.84085,-3.61162,-3.84085,-3.61029,-3.83993,1.38971,1.16007,5.02223,5.02343,5.00000,5.00000,1.00000,0.00000,12,0.00086,-0.49140,-0.48967,0.00342,1.55982,1.53069,-0.00343,-0.00577,-0.00144,-0.06477,-0.09519,0.06070,0.07455,0.00281,1.79421,1.77491,-0.32238,-0.32075,0.00307,0.68367,0.64766,-0.17190,-0.16927,-0.00496,1.75044,1.75273,-0.52906,0.24118,0.00709,5.98246,6.02520
59.3920,-2.61253,-3.84075,-3.61253,-3.84075,-3.61310,-3.84066,1.38690,1.15934,5.02143,5.02308,5.00000,5.00000,1.00000,0.00000,12,0.00027,-0.49140,-0.48971,-0.00521,1.56192,1.67154,-0.00343,-0.00569,0.00182,-0.09520,-0.07488,0.06070,0.07440,-0.00463,1.94670,1.95748,-0.32238,-0.32075,0.00312,0.69975,0.71104,-0.17190,-0.16928,-0.00599,1.74375,1.72936,-0.52906,0.24117,0.00703,5.99400,6.07839
59.4932,-2.61803,-3.84267,-3.61803,-3.84267,-3.61547,-3.84304,1.38453,1.15696,5.02279,5.02290,5.00000,5.00000,1.00000,0.00000,12,0.00027,-0.49140,-0.48972,0.00082,1.59249,1.56114,-0.00343,-0.00557,0.00114,-0.11769,-0.18428,0.06070,0.07426,-0.00035,2.10239,1.96962,-0.32238,-0.32080,-0.01111,0.71420,0.72376,-0.17190,-0.16928,-0.00574,1.77607,1.75914,-0.52906,0.24116,0.00194,5.97277,6.02371
59.5964,-2.61731,-3.84247,-3.61731,-3.84247,-3.61752,-3.84166,1.38249,1.15834,5.02162,5.02340,5.00000,5.00000,1.00000,0.00000,12,0.00076,-0.49140,-0.48977,-0.00498,1.63344,1.57319,-0.00343,-0.00549,-0.00058,-0.13128,-0.01770,0.06070,0.07408,-0.00509,2.24012,2.22392,-0.32238,-0.32081,-0.00449,0.74492,0.82127,-0.17190,-0.16926,0.00542,1.85404,1.91961,-0.52906,0.24116,0.00229,5.97833,6.01735
59.6974,-2.62165,-3.83891,-3.62165,-3.83891,-3.61932,-3.84056,1.38068,1.15944,5.02272,5.02234,5.00000,5.00000,1.00000,0.00000,12,0.00031,-0.49140,-0.48977,0.00318,1.60948,1.56631,-0.00343,-0.00543,0.00527,-0.13688,-0.06415,0.06070,0.07395,0.00237,2.41301,2.41237,-0.32238,-0.32081,-0.00330,0.76719,0.81817,-0.17190,-0.16928,-0.00478,1.84159,1.81666,-0.52906,0.24116,-0.00017,5.95610,6.03339
59.8011,-2.61516,-3.83964,-3.61516,-3.83964,-3.61674,-3.83916,1.38326,1.16084,5.02102,5.02324,5.00000,5.00000,1.00000,0.00000,12,0.00032,-0.49140,-0.48980,0.00327,1.67852,1.70658,-0.00343,-0.00530,0.00628,-0.14789,-0.14828,0.06070,0.07376,-0.00249,2.58574,2.59234,-0.32238,-0.32082,0.00500,0.77981,0.81235,-0.17190,-0.16929,-0.00394,1.90502,1.95522,-0.52906,0.24116,0.00382,5.99400,6.04149
59.9015,-2.61586,-3.84025,-3.61586,-3.84025,-3.61652,-3.84062,1.38348,1.15938,5.02142,5.02288,5.00000,5.00000,1.00000,0.00000,12,0.00027,-0.49140,-0.48984,0.00365,1.67686,1.58026,-0.00343,-0.00523,-0.00057,-0.21202,-0.11918,0.06070,0.07355,0.00494,2.70614,2.69273,-0.32238,-0.32084,-0.00543,0.78513,0.78788,-0.17190,-0.16930,-0.00871,1.94712,2.07323,-0.52906,0.24116,0.00227,5.99400,6.09498
60.0021,-2.62003,-3.83797,-3.62003,-3.83797,-3.61863,-3.83947,1.38137,1.16053,5.02231,5.02239,5.00000,5.00000,1.00000,0.00000,12,0.00028,-0.49140,-0.48988,-0.00310,1.68222,1.71173,-0.00343,-0.00516,-0.00072,-0.19241,-0.17426,0.06070,0.07330,-0.00447,2.84767,2.91075,-0.32238,-0.32082,0.01228,0.83752,0.75013,-0.17190,-0.16929,0.00305,1.95808,1.89680,-0.52906,0.24116,0.00586,5.99400,6.03789
60.1034,-2.61675,-3.83371,-3.61675,-3.83371,-3.61778,-3.83589,1.38222,1.16411,5.02126,5.02208,5.00000,5.00000,1.00000,0.00000,12,0.00030,-0.49140,-0.48989,0.00521,1.68770,1.78552,-0.00343,-0.00507,-0.00266,-0.23217,-0.29497,0.06070,0.07302,0.00528,2.98939,3.00113,-0.32238,-0.32086,-0.00080,0.82181,0.75917,-0.17190,-0.16929,0.00437,1.99106,2.05591,-0.52906,0.24115,-0.00107,5.97645,5.98058
60.2039,-2.61873,-3.83324,-3.61873,-3.83324,-3.61830,-3.83371,1.38170,1.16629,5.02189,5.02280,5.00000,5.00000,1.00000,0.00000,12,0.00037,-0.49140,-0.48992,0.00307,1.74689,1.75160,-0.00343,-0.00497,-0.00038,-0.21551,-0.18031,0.06070,0.07264,-0.01154,3.08227,3.27713,-0.32238,-0.32087,-0.00153,0.83346,0.88317,-0.17190,-0.16931,-0.00088,2.02733,2.01668,-0.52906,0.24117,0.00936,5.97222,6.12278
60.3045,-2.61871,-3.82984,-3.61871,-3.82984,-3.61810,-3.83115,1.38190,1.16885,5.02197,5.02243,5.00000,5.00000,1.00000,0.00000,12,0.00027,-0.49140,-0.48994,-0.00002,1.70717,1.90327,-0.00343,-0.00490,0.00888,-0.22923,-0.26101,0.06070,0.07219,-0.00648,3.16854,3.10330,-0.32238,-0.32087,0.00478,0.87253,0.86942,-0.17190,-0.16930,0.00476,2.05285,1.99507,-0.52906,0.24113,-0.00565,5.95506,6.01111
60.4067,-2.61967,-3.82454,-3.61967,-3.82454,-3.61982,-3.82695,1.38018,1.17305,5.02166,5.02193,5.00000,5.00000,1.00000,0.00000,12,0.00045,-0.49140,-0.48998,-0.00841,1.74320,1.67195,-0.00343,-0.00486,0.00647,-0.25946,-0.37891,0.06070,0.07166,-0.00616,3.30983,3.33892,-0.32238,-0.32091,-0.00651,0.86129,0.90226,-0.17190,-0.16933,-0.00113,2.08153,2.05316,-0.52906,0.24113,-0.00450,5.97462,5.97906
60.5079,-2.62219,-3.81960,-3.62219,-3.81960,-3.62038,-3.82129,1.37962,1.17871,5.02250,5.02220,5.00000,5.00000,1.00000,0.00000,12,0.00037,-0.49140,-0.48998,0.00174,1.78815,1.72573,-0.00343,-0.00477,0.00548,-0.26082,-0.30803,0.06070,0.07094,-0.00086,3.37932,3.48897,-0.32238,-0.32091,0.00450,0.91651,0.85439,-0.17190,-0.16933,-0.00077,2.14292,2.22498,-0.52906,0.24113,-0.00615,5.95503,5.85011
60.6087,-2.62294,-3.81670,-3.62294,-3.81670,-3.62206,-3.81787,1.37794,1.18213,5.02211,5.02240,5.00000,5.00000,1.00000,0.00000,12,0.00034,-0.49140,-0.49001,0.00317,1.79584,1.82600,-0.00343,-0.00475,-0.00098,-0.28430,-0.21432,0.06070,0.07014,-0.01654,3.42684,3.45667,-0.32238,-0.32092,0.00678,0.93677,0.88946,-0.17190,-0.16933,0.00603,2.13287,2.25600,-0.52906,0.24111,-0.01170,5.92980,5.96299
60.7106,-2.62893,-3.81569,-3.62893,-3.81569,-3.62547,-3.81622,1.37453,1.18378,5.02324,5.02267,5.00000,5.00000,1.00000,0.00000,12,0.00037,-0.49140,-0.49006,-0.00298,1.80861,1.93963,-0.00343,-0.00470,0.00188,-0.29476,-0.33279,0.06070,0.06942,-0.00418,3.50004,3.61852,-0.32238,-0.32096,-0.00872,0.91241,0.92879,-0.17190,-0.16936,-0.00715,2.16743,2.20492,-0.52906,0.24112,-0.00809,5.99376,5.99639
60.8114,-2.63013,-3.81313,-3.63013,-3.81313,-3.62938,-3.81450,1.37062,1.18550,5.02210,5.02230,5.00000,5.00000,1.00000,0.00000,12,0.00034,-0.49140,-0.49007,0.00658,1.83171,1.70290,-0.00343,-0.00461,-0.00208,-0.30060,-0.35005,0.06070,0.06849,-0.01283,3.51559,3.48629,-0.32238,-0.32096,-0.00258,0.95180,0.97747,-0.17190,-0.16937,-0.00453,2.20465,2.03712,-0.52906,0.24113,-0.00124,5.96180,5.94458
60.9130,-2.63056,-3.80507,-3.63056,-3.80507,-3.63015,-3.80867,1.36985,1.19133,5.02196,5.02131,5.00000,5.00000,1.00000,0.00000,12,0.00027,-0.49140,-0.49011,0.00073,1.83919,1.82555,-0.00343,-0.00452,0.00244,-0.30936,-0.36883,0.06070,0.06771,-0.00359,3.59157,3.63999,-0.32238,-0.32098,-0.00006,0.96156,1.01632,-0.17190,-0.16937,-0.00638,2.22751,2.15547,-0.52906,0.24113,-0.00215,5.94380,5.83009
61.0147,-2.63649,-3.80060,-3.63649,-3.80060,-3.63426,-3.80301,1.36574,1.19699,5.02276,5.02179,5.00000,5.00000,1.00000,0.00000,12,0.00028,-0.49140,-0.49012,0.00216,1.85480,1.92318,-0.00343,-0.00447,-0.00491,-0.31728,-0.28742,0.06070,0.06684,-0.01138,3.57707,3.55818,-0.32238,-0.32099,-0.00054,1.00701,1.03887,-0.17190,-0.16936,0.00072,2.28625,2.22664,-0.52906,0.24111,-0.01050,5.97049,6.01109
61.1169,-2.64084,-3.79211,-3.64084,-3.79211,-3.63819,-3.79617,1.36181,1.20383,5.02296,5.02104,5.00000,5.00000,1.00000,0.00000,12,0.00037,-0.49140,-0.49017,-0.00809,1.83863,1.96221,-0.00343,-0.00440,0.00345,-0.32571,-0.31730,0.06070,0.06584,-0.01230,3.59469,3.66072,-0.32238,-0.32099,0.00197,1.02963,1.10396,-0.17190,-0.16938,-0.00004,2.27421,2.38516,-0.52906,0.24112,-0.00630,5.94564,5.87378
61.2192,-2.64245,-3.78730,-3.64245,-3.78730,-3.64089,-3.78964,1.35911,1.21036,5.02252,5.02173,5.00000,5.00000,1.00000,0.00000,12,0.00038,-0.49140,-0.49019,-0.00028,1.86569,1.97213,-0.00343,-0.00429,0.00815,-0.33539,-0.29868,0.06070,0.06503,-0.00961,3.60134,3.52227,-0.32238,-0.32099,0.01081,1.03868,1.07969,-0.17190,-0.16939,-0.00086,2.32958,2.28870,-0.52906,0.24113,0.00037,5.98309,5.94867
61.3194,-2.64341,-3.77952,-3.64341,-3.77952,-3.64286,-3.78289,1.35714,1.21711,5.02210,5.02125,5.00000,5.00000,1.00000,0.00000,12,0.00032,-0.49140,-0.49020,0.00000,1.88006,1.83022,-0.00343,-0.00427,0.00130,-0.34225,-0.30119,0.06070,0.06428,0.00295,3.63298,3.52123,-0.32238,-0.32104,0.00199,1.03631,1.07810,-0.17190,-0.16939,0.00834,2.38514,2.40337,-0.52906,0.24112,-0.00164,5.94591,5.93278
61.4210,-2.64157,-3.77515,-3.64157,-3.77515,-3.64258,-3.77727,1.35742,1.22273,5.02142,5.02176,5.00000,5.00000,1.00000,0.00000,12,0.00027,-0.49140,-0.49022,0.00537,1.89926,1.93871,-0.00343,-0.00425,-0.00252,-0.35129,-0.44339,0.06070,0.06361,-0.00202,3.60871,3.49877,-0.32238,-0.32106,-0.00609,1.04567,1.02524,-0.17190,-0.16940,0.00015,2.41373,2.33041,-0.52906,0.24112,-0.00541,5.97957,5.96774
61.5228,-2.63961,-3.76857,-3.63961,-3.76857,-3.64042,-3.77215,1.35958,1.22785,5.02150,5.02109,5.00000,5.00000,1.00000,0.00000,12,0.00080,-0.49140,-0.49026,-0.01070,1.87268,1.90370,-0.00343,-0.00420,0.00495,-0.34238,-0.27582,0.06070,0.06307,-0.01043,3.60882,3.51003,-0.32238,-0.32104,0.00563,1.07898,1.06603,-0.17190,-0.16942,-0.00156,2.42893,2.45057,-0.52906,0.24111,-0.00533,5.98109,5.98859
61.6246,-2.64074,-3.75792,-2.64074,-3.75792,-2.98303,-3.76354,1.44713,1.23646,4.43016,5.02017,4.43016,5.00000,0.00000,0.00000,8,0.00039,-0.48008,-0.49003,0.00680,0.92305,1.20504,-0.03002,-0.00455,-0.04920,1.87283,1.01651,0.03583,0.05742,-0.30794,4.60172,4.32722,-0.31176,-0.32100,-0.00498,0.12472,0.49958,-0.15665,-0.16938,-0.01061,1.49150,1.57110,-0.51389,0.24115,0.01178,5.98492,5.91905
61.7269,-2.61580,-3.50630,-2.61580,-3.50630,-2.68075,-3.58873,1.53011,1.33920,4.21086,4.92793,4.21086,4.92793,0.00000,0.00000,0,0.00042,-0.47264,-0.48928,0.00558,0.43805,0.47826,-0.04006,-0.01044,-0.00278,2.20960,2.23991,0.02611,0.02866,-0.09624,3.71397,3.80766,-0.31061,-0.32071,0.00244,0.15176,0.11684,-0.15354,-0.16929,0.00345,0.94151,0.89249,-0.50539,0.24114,0.00638,5.98341,5.91069
61.8278,-2.60546,-3.51749,-2.60546,-3.51749,-2.62901,-3.51153,1.60955,1.44485,4.23856,4.95638,4.23856,4.95638,0.00000,0.00000,0,0.00045,-0.47440,-0.48873,0.00728,0.54635,0.48524,-0.03885,-0.01064,0.00127,2.21460,2.31457,0.02738,0.02784,-0.00076,3.62021,3.54982,-0.30996,-0.32072,0.00555,0.06998,0.22678,-0.15320,-0.16929,0.00453,0.88818,0.85321,-0.50718,0.24111,0.00109,5.94220,6.06624
61.9294,-2.61840,-3.49266,-2.61840,-3.49266,-2.62330,-3.48838,1.68829,1.51162,4.31159,5.02276,4.31159,5.00000,0.00000,0.00000,8,0.00037,-0.47772,-0.48882,0.00123,0.65120,0.67295,-0.03556,-0.01094,-0.00187,2.30223,2.25327,0.03065,0.02789,0.00173,3.39118,3.47834,-0.30954,-0.32063,-0.00848,-0.19383,-0.02276,-0.15348,-0.16925,0.00728,0.67916,0.57498,-0.51074,0.24113,0.00627,5.99230,5.76323
62.0320,-2.61424,-3.49100,-2.61424,-3.49100,-2.61739,-3.49198,1.76683,1.50802,4.38422,5.02053,4.38422,5.00000,0.00000,0.00000,8,0.00121,-0.47916,-0.48879,0.00793,0.56443,0.61649,-0.03217,-0.01110,0.00158,2.35013,2.45924,0.03382,0.02798,0.00550,3.13529,3.17819,-0.31090,-0.32059,0.00074,-0.13893,-0.10792,-0.15542,-0.16924,0.00575,0.66721,0.64757,-0.51267,0.24112,0.00516,5.99400,6.04895
62.1325,-2.61972,-3.49699,-2.61972,-3.49699,-2.61895,-3.49535,1.84537,1.50465,4.46432,5.02168,4.46432,5.00000,0.00000,0.00000,8,0.00030,-0.48076,-0.48881,-0.01052,0.55182,0.76476,-0.02842,-0.01119,0.00353,2.36469,2.33549,0.03732,0.02811,0.00748,2.84169,2.79103,-0.31240,-0.32056,0.00293,-0.13158,-0.22017,-0.15756,-0.16921,0.01335,0.65219,0.59156,-0.51480,0.24111,-0.00111,5.95860,6.05159
62.2336,-2.61657,-3.49706,-2.61657,-3.49706,-2.61811,-3.49728,1.92393,1.50272,4.54203,5.02089,4.54203,5.00000,0.00000,0.00000,8,0.00026,-0.48230,-0.48881,-0.00567,0.57665,0.52211,-0.02480,-0.01123,0.00473,2.30527,2.16416,0.04072,0.02830,0.00060,2.49123,2.50735,-0.31385,-0.32055,0.00722,-0.13903,-0.22082,-0.15964,-0.16925,-0.00193,0.58977,0.67552,-0.51687,0.24111,0.00063,5.99206,5.98975
62.3342,-2.61881,-3.50019,-2.61881,-3.50019,-2.61856,-3.49879,2.00246,1.50121,4.62102,5.02159,4.62102,5.00000,0.00000,0.00000,8,0.00030,-0.48387,-0.48882,-0.00562,0.57291,0.57563,-0.02111,-0.01126,-0.00703,2.19268,2.09464,0.04417,0.02854,-0.00073,2.11049,2.13959,-0.31532,-0.32057,-0.00574,-0.13638,-0.20869,-0.16175,-0.16925,-0.00518,0.61387,0.54958,-0.51897,0.24109,-0.00764,5.95836,5.85732
62.4397,-2.61865,-3.50346,-2.61865,-3.50346,-2.61958,-3.50213,2.08106,1.49787,4.70064,5.02158,4.70064,5.00000,0.00000,0.00000,8,0.00066,-0.48546,-0.48880,-0.00047,0.64702,0.65969,-0.01739,-0.01123,0.00206,2.05968,2.18332,0.04764,0.02891,0.00766,1.73714,1.73622,-0.31681,-0.32055,0.00753,-0.07709,-0.10663,-0.16388,-0.16926,-0.01012,0.69968,0.75173,-0.52109,0.24110,-0.00375,5.98721,6.02048
62.5429,-2.61793,-3.50434,-2.61793,-3.50434,-2.61949,-3.50386,2.15965,1.49614,4.77915,5.02123,4.77915,5.00000,0.00000,0.00000,8,0.00077,-0.48702,-0.48881,0.00384,0.74974,0.79245,-0.01373,-0.01121,0.00854,1.92341,2.07242,0.05107,0.02944,0.00043,1.28444,1.23399,-0.31827,-0.32056,-0.00057,-0.02666,-0.15926,-0.16598,-0.16924,0.00220,0.79819,0.86207,-0.52318,0.24110,-0.00716,5.96079,5.96249
62.6442,-2.61557,-3.50106,-2.61557,-3.50106,-2.61646,-3.50191,2.23819,1.49809,4.85465,5.02065,4.85465,5.00000,0.00000,0.00000,8,0.00037,-0.48851,-0.48883,0.00631,0.79894,0.85469,-0.01021,-0.01123,-0.00191,1.66628,1.61757,0.05436,0.03026,0.00681,0.85762,0.84951,-0.31968,-0.32057,-0.00232,0.00091,-0.05166,-0.16801,-0.16923,0.01099,0.89614,0.78325,-0.52519,0.24110,-0.00400,5.98398,5.93625
62.7453,-2.61720,-3.51547,-2.61720,-3.51547,-2.61688,-3.50852,2.31669,1.49148,4.93356,5.02403,4.93356,5.00000,0.00000,0.00000,8,0.00029,-0.49008,-0.48890,-0.00452,0.89391,0.78655,-0.00652,-0.01118,0.00718,1.41962,1.49192,0.05781,0.03308,0.04510,0.64184,0.73678,-0.32115,-0.32057,0.00215,0.14285,0.16049,-0.17012,-0.16928,-0.00871,1.00561,0.94319,-0.52729,0.24110,-0.00133,5.96434,5.97230
62.8468,-2.61748,-3.54325,-2.61748,-3.54325,-2.61765,-3.53228,2.38235,1.46772,5.01286,5.02589,5.00000,5.00000,0.00000,0.00000,12,0.00032,-0.49140,-0.48896,-0.00579,1.00716,0.97115,-0.00343,-0.01113,0.00048,1.11973,1.14540,0.06070,0.03694,0.02637,0.31332,0.34623,-0.32238,-0.32061,-0.00660,0.19990,0.17668,-0.17190,-0.16929,-0.00398,1.20638,1.12886,-0.52906,0.24111,0.00216,5.97910,5.94739
62.9509,-2.61560,-3.55160,-2.61560,-3.55160,-2.61613,-3.54686,2.38387,1.45314,5.01547,5.02331,5.00000,5.00000,0.00000,0.00000,12,0.00030,-0.49140,-0.48897,-0.00347,1.00432,1.08118,-0.00343,-0.01110,-0.00166,1.08538,1.12720,0.06070,0.03812,0.01526,0.15802,0.15101,-0.32238,-0.32060,0.00255,0.21854,0.29190,-0.17190,-0.16930,-0.00945,1.13026,1.16270,-0.52906,0.24110,-0.00173,5.97205,6.09579
63.0521,-2.62131,-3.55863,-2.62131,-3.55863,-2.61948,-3.55553,2.38052,1.44447,5.01650,5.02266,5.00000,5.00000,0.00000,0.00000,12,0.00032,-0.49140,-0.48898,0.00623,1.05752,1.01380,-0.00343,-0.01105,0.01019,1.02917,0.99072,0.06070,0.03901,0.01238,-0.07028,0.04818,-0.32238,-0.32061,-0.00517,0.24068,0.31175,-0.17190,-0.16928,0.00282,1.17521,1.14738,-0.52906,0.24109,-0.00477,5.97380,5.95366
63.1526,-2.62050,-3.56151,-2.62050,-3.56151,-2.62088,-3.55943,2.37912,1.44057,5.01556,5.02225,5.00000,5.00000,0.00000,0.00000,12,0.00028,-0.49140,-0.48901,0.00049,1.08146,1.12864,-0.00343,-0.01100,0.00180,0.90599,0.77116,0.06070,0.03991,0.00456,-0.27512,-0.20566,-0.32238,-0.32061,0.00031,0.24974,0.31354,-0.17190,-0.16927,0.00368,1.21890,1.31354,-0.52906,0.24110,-0.00477,5.97736,6.04853
63.2536,-2.62047,-3.57132,-2.62047,-3.57132,-2.62038,-3.56813,2.37962,1.43187,5.01576,5.02278,5.00000,5.00000,0.00000,0.00000,12,0.00029,-0.49140,-0.48902,-0.00316,1.06065,1.11572,-0.00343,-0.01096,-0.00387,0.82330,0.82716,0.06070,0.04104,0.01174,-0.44095,-0.35988,-0.32238,-0.32061,-0.00104,0.29802,0.27723,-0.17190,-0.16928,0.00345,1.24152,1.38309,-0.52906,0.24109,-0.00549,5.94039,6.25878
63.3560,-2.61844,-3.58107,-2.61844,-3.58107,-2.61922,-3.57604,2.38078,1.42396,5.01538,5.02361,5.00000,5.00000,0.00000,0.00000,12,0.00108,-0.49140,-0.48906,-0.00632,1.12409,1.05409,-0.00343,-0.01089,-0.00602,0.73239,0.78426,0.06070,0.04192,0.01818,-0.61823,-0.60150,-0.32238,-0.32061,0.00615,0.31082,0.27474,-0.17190,-0.16929,-0.00135,1.26673,1.30003,-0.52906,0.24110,-0.00241,5.97207,5.90965
63.4567,-2.62152,-3.58986,-2.62152,-3.58986,-2.62113,-3.58645,2.37887,1.41355,5.01589,5.02298,5.00000,5.00000,0.00000,0.00000,12,0.00031,-0.49140,-0.48908,-0.00329,1.14843,1.23883,-0.00343,-0.01073,-0.00004,0.66245,0.65703,0.06070,0.04287,0.01840,-0.75660,-0.80998,-0.32238,-0.32062,-0.00142,0.30362,0.34227,-0.17190,-0.16929,0.00048,1.29491,1.25705,-0.52906,0.24111,0.00674,5.99400,5.99090
63.5584,-2.61673,-3.59923,-2.61673,-3.59923,-2.61825,-3.59509,2.38175,1.40491,5.01506,5.02334,5.00000,5.00000,0.00000,0.00000,12,0.00027,-0.49140,-0.48909,0.00054,1.14842,1.20957,-0.00343,-0.01049,0.00762,0.60310,0.58707,0.06070,0.04385,0.01099,-0.91960,-0.88871,-0.32238,-0.32062,0.00397,0.34139,0.35438,-0.17190,-0.16929,-0.00018,1.35622,1.45689,-0.52906,0.24109,-0.00022,5.95876,6.03054
63.6610,-2.61766,-3.60379,-2.61766,-3.60379,-2.61667,-3.60089,2.38333,1.39911,5.01613,5.02284,5.00000,5.00000,0.00000,0.00000,12,0.00035,-0.49140,-0.48914,-0.00787,1.18198,1.25013,-0.00343,-0.01033,-0.00357,0.51526,0.50909,0.06070,0.04483,0.01311,-1.04632,-1.19863,-0.32238,-0.32063,0.00022,0.34411,0.50709,-0.17190,-0.16930,-0.00429,1.36668,1.38543,-0.52906,0.24109,-0.00048,5.97453,6.02941
63.7614,-2.61460,-3.61264,-2.61460,-3.61264,-2.61550,-3.60852,2.38450,1.39148,5.01531,5.02342,5.00000,5.00000,0.00000,0.00000,12,0.00034,-0.49140,-0.48918,-0.01008,1.21971,1.28757,-0.00343,-0.01006,0.00830,0.46887,0.47261,0.06070,0.04608,0.01937,-1.16112,-1.15132,-0.32238,-0.32064,-0.00438,0.37716,0.30560,-0.17190,-0.16929,0.00301,1.39815,1.38308,-0.52906,0.24110,0.00762,5.99400,6.10869
63.8625,-2.61222,-3.62626,-2.61222,-3.62626,-2.61324,-3.62007,2.38676,1.37993,5.01524,5.02437,5.00000,5.00000,0.00000,0.00000,12,0.00028,-0.49140,-0.48921,-0.01154,1.22294,1.19411,-0.00343,-0.00980,0.00806,0.41445,0.30408,0.06070,0.04779,0.01418,-1.19419,-1.13104,-0.32238,-0.32063,0.00823,0.41324,0.43312,-0.17190,-0.16929,0.00226,1.45557,1.33828,-0.52906,0.24108,-0.00290,5.96592,5.88984
63.9632,-2.60748,-3.64084,-2.60748,-3.64084,-2.61099,-3.63465,2.38901,1.36535,5.01416,5.02446,5.00000,5.00000,0.00000,0.00000,12,0.00028,-0.49140,-0.48922,-0.00147,1.27015,1.36388,-0.00343,-0.00951,0.00737,0.35149,0.39242,0.06070,0.04966,0.01726,-1.24699,-1.18521,-0.32238,-0.32065,-0.00066,0.42490,0.29887,-0.17190,-0.16930,-0.00409,1.49367,1.39517,-0.52906,0.24110,0.00055,5.96976,5.98040
64.0646,-2.60677,-3.65060,-2.60677,-3.65060,-2.60791,-3.64553,2.39209,1.35447,5.01516,5.02405,5.00000,5.00000,0.00000,0.00000,12,0.00032,-0.49140,-0.48925,0.00038,1.32008,1.37734,-0.00343,-0.00929,0.00026,0.25947,0.19515,0.06070,0.05112,0.01730,-1.27227,-1.36032,-0.32238,-0.32066,-0.00121,0.43743,0.47547,-0.17190,-0.16933,-0.01337,1.48217,1.54100,-0.52906,0.24109,0.00093,5.96657,5.88792
64.1662,-2.60585,-3.66239,-2.60585,-3.66239,-2.60588,-3.65736,2.39412,1.34264,5.01562,5.02410,5.00000,5.00000,0.00000,0.00000,12,0.00032,-0.49140,-0.48928,0.00964,1.32053,1.36262,-0.00343,-0.00904,0.00197,0.21398,0.25368,0.06070,0.05260,0.01889,-1.26974,-1.30492,-0.32238,-0.32067,-0.00219,0.45226,0.46603,-0.17190,-0.16931,-0.00582,1.51881,1.56150,-0.52906,0.24106,-0.00594,5.96684,6.11608
64.2673,-2.60254,-3.68706,-2.60254,-3.68706,-2.60310,-3.67271,2.39690,1.32729,5.01538,5.02819,5.00000,5.00000,0.00000,0.00000,12,0.00037,-0.49140,-0.48932,-0.00656,1.33609,1.36441,-0.00343,-0.00872,0.00034,0.16291,0.13098,0.06070,0.05682,0.12658,-0.73162,-0.89383,-0.32238,-0.32066,0.00314,0.52428,0.55782,-0.17190,-0.16929,0.00746,1.53826,1.55100,-0.52906,0.24110,0.00759,5.97913,6.02668
64.3693,-2.63083,-3.83810,-2.63083,-3.83810,-2.61935,-3.79230,2.38065,1.20770,5.02063,5.04238,5.00000,5.00000,0.00000,0.00000,12,0.00040,-0.49140,-0.48935,0.00389,1.37931,1.34405,-0.00343,-0.00795,-0.00057,0.17203,0.22822,0.06070,0.07545,0.00114,0.22389,0.27612,-0.32238,-0.32070,-0.01052,0.48500,0.44053,-0.17190,-0.16932,-0.00517,1.58011,1.46955,-0.52906,0.24106,-0.00480,5.97663,6.10215
64.4715,-2.62346,-3.82105,-2.62346,-3.82105,-2.61677,-3.82577,2.38323,1.17423,5.01857,5.02093,5.00000,5.00000,0.00000,0.00000,12,0.00103,-0.49140,-0.48937,0.00649,1.40126,1.52827,-0.00343,-0.00771,-0.00213,0.12831,0.15482,0.06070,0.07541,0.00910,0.41923,0.34838,-0.32238,-0.32069,-0.00155,0.53640,0.47623,-0.17190,-0.16932,-0.00209,1.62020,1.60066,-0.52906,0.24108,0.00646,5.99400,6.09353
64.5723,-2.60723,-3.83893,-2.60723,-3.83893,-2.60984,-3.83695,2.39016,1.16305,5.01454,5.02387,5.00000,5.00000,0.00000,0.00000,12,0.00028,-0.49140,-0.48939,0.00180,1.43014,1.43963,-0.00343,-0.00742,-0.00434,0.08667,0.17607,0.06070,0.07530,-0.00409,0.58503,0.66362,-0.32238,-0.32069,0.00007,0.56058,0.50517,-0.17190,-0.16932,0.00012,1.65438,1.57695,-0.52906,0.24108,0.00111,5.97464,5.89778
64.6737,-2.61040,-3.84216,-3.61040,-3.84216,-3.44333,-3.83567,1.55667,1.16433,5.09226,5.02580,5.00000,5.00000,1.00000,0.00000,12,0.00028,-0.49140,-0.48942,0.00959,1.46311,1.32122,-0.00343,-0.00698,0.00021,0.08829,0.14081,0.06070,0.07525,0.00089,0.77697,0.67516,-0.32238,-0.32071,-0.00530,0.55240,0.60814,-0.17190,-0.16932,0.00419,1.66860,1.71628,-0.52906,0.24106,-0.00676,5.97507,5.92476
64.7752,-2.60871,-3.83123,-3.60871,-3.83123,-3.58347,-3.83412,1.41653,1.16588,5.03232,5.02177,5.00000,5.00000,1.00000,0.00000,12,0.00037,-0.49140,-0.48947,0.00302,1.46664,1.43607,-0.00343,-0.00674,0.00101,0.06254,0.00967,0.06070,0.07515,-0.00254,0.91880,0.77355,-0.32238,-0.32072,-0.00434,0.57116,0.62988,-0.17190,-0.16934,-0.00825,1.71837,1.68661,-0.52906,0.24105,-0.00555,5.99265,5.94537
64.8772,-2.61363,-3.83302,-3.61363,-3.83302,-3.60837,-3.83367,1.39163,1.16633,5.02391,5.02272,5.00000,5.00000,1.00000,0.00000,12,0.00048,-0.49140,-0.48948,0.00904,1.50428,1.43689,-0.00343,-0.00653,0.00446,0.02932,0.09197,0.06070,0.07504,-0.00135,1.09252,1.26444,-0.32238,-0.32070,0.00479,0.62888,0.55314,-0.17190,-0.16934,-0.00355,1.76387,1.83989,-0.52906,0.24105,-0.00619,5.94423,5.90958
64.9780,-2.61449,-3.83070,-3.61449,-3.83070,-3.61322,-3.83245,1.38678,1.16755,5.02222,5.02224,5.00000,5.00000,1.00000,0.00000,12,0.00041,-0.49140,-0.48953,-0.00274,1.49114,1.40900,-0.00343,-0.00628,0.00796,0.01890,0.14681,0.06070,0.07493,-0.00164,1.26318,1.31112,-0.32238,-0.32073,-0.00083,0.60815,0.57294,-0.17190,-0.16933,0.00371,1.75622,1.59119,-0.52906,0.24108,0.00429,5.99037,6.01334
65.0792,-2.61394,-3.82809,-3.61394,-3.82809,-3.61453,-3.82982,1.38547,1.17018,5.02143,5.02223,5.00000,5.00000,1.00000,0.00000,12,0.00046,-0.49140,-0.48957,-0.00357,1.52065,1.67420,-0.00343,-0.00615,0.00214,-0.00000,0.01853,0.06070,0.07480,-0.00485,1.41493,1.34576,-0.32238,-0.32075,-0.00140,0.62331,0.65936,-0.17190,-0.16934,-0.00235,1.79575,1.70201,-0.52906,0.24106,-0.00260,5.97935,5.96030
65.1810,-2.61730,-3.82426,-3.61730,-3.82426,-3.61492,-3.82558,1.38508,1.17442,5.02271,5.02239,5.00000,5.00000,1.00000,0.00000,12,0.00034,-0.49140,-0.48960,-0.00368,1.52294,1.39440,-0.00343,-0.00605,-0.00129,-0.03086,-0.15173,0.06070,0.07469,-0.00113,1.59028,1.76863,-0.32238,-0.32074,0.00396,0.66477,0.68152,-0.17190,-0.16934,0.00179,1.87053,1.78340,-0.52906,0.24105,-0.00550,5.96241,6.09727
65.2831,-2.61864,-3.82546,-3.61864,-3.82546,-3.61818,-3.82537,1.38182,1.17463,5.02191,5.02299,5.00000,5.00000,1.00000,0.00000,12,0.00033,-0.49140,-0.48965,-0.00706,1.54050,1.63708,-0.00343,-0.00581,0.00141,-0.07195,-0.13004,0.06070,0.07458,0.00611,1.79677,1.80215,-0.32238,-0.32077,-0.00474,0.67239,0.70592,-0.17190,-0.16933,0.00781,1.86132,1.75179,-0.52906,0.24106,0.00016,5.96903,5.90341
65.3844,-2.62113,-3.82357,-3.62113,-3.82357,-3.62028,-3.82418,1.37972,1.17582,5.02208,5.02268,5.00000,5.00000,1.00000,0.00000,12,0.00030,-0.49140,-0.48967,-0.00435,1.58452,1.67262,-0.00343,-0.00571,-0.00579,-0.09590,-0.15874,0.06070,0.07443,0.00008,1.90222,1.78616,-0.32238,-0.32079,-0.00729,0.70307,0.68521,-0.17190,-0.16935,-0.00423,1.90722,1.94071,-0.52906,0.24105,-0.00655,5.97670,5.96684
65.4851,-2.61838,-3.82138,-3.61838,-3.82138,-3.61774,-3.82269,1.38226,1.17731,5.02198,5.02238,5.00000,5.00000,1.00000,0.00000,12,0.00027,-0.49140,-0.48970,-0.00091,1.60128,1.56160,-0.00343,-0.00560,0.00241,-0.09705,-0.02684,0.06070,0.07429,0.00241,2.07501,2.11024,-0.32238,-0.32080,-0.00823,0.71718,0.77702,-0.17190,-0.16935,-0.00192,1.94959,2.02695,-0.52906,0.24106,0.00203,5.96113,5.83600
65.5862,-2.61736,-3.81975,-3.61736,-3.81975,-3.61851,-3.82013,1.38149,1.17987,5.02122,5.02276,5.00000,5.00000,1.00000,0.00000,12,0.00030,-0.49140,-0.48973,0.00130,1.64130,1.64923,-0.00343,-0.00553,0.00581,-0.13418,-0.06941,0.06070,0.07411,-0.00159,2.24857,2.16375,-0.32238,-0.32079,0.00329,0.74488,0.79397,-0.17190,-0.16936,-0.00540,1.96218,1.81341,-0.52906,0.24104,-0.00260,5.99400,6.07766
65.6876,-2.61821,-3.81619,-3.61821,-3.81619,-3.61787,-3.81718,1.38213,1.18282,5.02185,5.02248,5.00000,5.00000,1.00000,0.00000,12,0.00029,-0.49140,-0.48979,-0.00112,1.62075,1.56540,-0.00343,-0.00548,-0.00403,-0.16042,-0.13279,0.06070,0.07399,0.00853,2.39902,2.31030,-0.32238,-0.32081,-0.00428,0.72786,0.68149,-0.17190,-0.16936,0.00056,1.98248,1.90110,-0.52906,0.24104,-0.00501,5.95392,6.07741
65.7896,-2.61255,-3.80732,-3.61255,-3.80732,-3.61503,-3.81129,1.38497,1.18871,5.02063,5.02117,5.00000,5.00000,1.00000,0.00000,12,0.00029,-0.49140,-0.48982,-0.00891,1.63171,1.64324,-0.00343,-0.00538,-0.00199,-0.15447,-0.21753,0.06070,0.07379,0.00051,2.53235,2.52496,-0.32238,-0.32079,0.00977,0.80696,0.90554,-0.17190,-0.16934,0.00714,2.04352,2.09191,-0.52906,0.24106,0.00538,5.99400,6.07519
65.8912,-2.61496,-3.80858,-3.61496,-3.80858,-3.61439,-3.80842,1.38561,1.19158,5.02193,5.02292,5.00000,5.00000,1.00000,0.00000,12,0.00029,-0.49140,-0.48981,0.00165,1.65245,1.59626,-0.00343,-0.00523,0.00775,-0.15319,-0.24022,0.06070,0.07360,0.00635,2.66838,2.58438,-0.32238,-0.32083,-0.00156,0.80004,0.81202,-0.17190,-0.16936,-0.00480,2.05663,1.98938,-0.52906,0.24104,-0.00439,5.95975,6.05608
65.9929,-2.61218,-3.80506,-3.61218,-3.80506,-3.61164,-3.80647,1.38836,1.19353,5.02190,5.02223,5.00000,5.00000,1.00000,0.00000,12,0.00030,-0.49140,-0.48985,-0.00514,1.69348,1.72288,-0.00343,-0.00519,0.00157,-0.20149,-0.24139,0.06070,0.07333,0.00413,2.83893,2.80752,-0.32238,-0.32084,0.00083,0.81996,0.87589,-0.17190,-0.16936,0.00148,2.10105,2.08302,-0.52906,0.24105,0.00426,5.97880,6.06679
66.0937,-2.60680,-3.80418,-3.60680,-3.80418,-3.60830,-3.80502,1.39170,1.19498,5.02101,5.02247,5.00000,5.00000,1.00000,0.00000,12,0.00030,-0.49140,-0.48987,-0.00125,1.68033,1.70033,-0.00343,-0.00511,-0.00076,-0.21502,-0.15195,0.06070,0.07305,-0.00166,2.96301,2.93772,-0.32238,-0.32086,-0.00112,0.85174,0.76448,-0.17190,-0.16936,-0.00005,2.13407,2.09634,-0.52906,0.24106,0.01032,5.92717,5.92489
66.1942,-2.61178,-3.80371,-3.61178,-3.80371,-3.60904,-3.80372,1.39096,1.19628,5.02283,5.02282,5.00000,5.00000,1.00000,0.00000,12,0.00030,-0.49140,-0.48989,-0.00187,1.70663,1.74664,-0.00343,-0.00506,0.00062,-0.21735,-0.15402,0.06070,0.07267,-0.00982,3.09913,3.08518,-0.32238,-0.32086,0.00460,0.86154,0.75822,-0.17190,-0.16937,-0.00031,2.15806,2.18657,-0.52906,0.24105,-0.00025,5.96664,5.88536
66.2950,-2.60632,-3.80220,-3.60632,-3.80220,-3.60753,-3.80257,1.39247,1.19743,5.02113,5.02266,5.00000,5.00000,1.00000,0.00000,12,0.00031,-0.49140,-0.48993,-0.00723,1.76767,1.62805,-0.00343,-0.00499,-0.00023,-0.24645,-0.32133,0.06070,0.07223,0.00346,3.16230,3.20221,-0.32238,-0.32088,0.00679,0.87858,0.97247,-0.17190,-0.16936,0.00303,2.17752,2.13484,-0.52906,0.24104,-0.00042,5.99400,6.13030
66.3961,-2.60206,-3.80053,-3.60206,-3.80053,-3.60455,-3.80100,1.39545,1.19900,5.02056,5.02260,5.00000,5.00000,1.00000,0.00000,12,0.00026,-0.49140,-0.48994,0.00038,1.77999,1.73362,-0.00343,-0.00490,-0.00156,-0.26821,-0.31863,0.06070,0.07164,-0.01230,3.29053,3.26925,-0.32238,-0.32092,-0.00273,0.86166,0.85493,-0.17190,-0.16935,0.00556,2.21703,2.36500,-0.52906,0.24104,-0.00027,5.97901,5.97075
66.4970,-2.60443,-3.79788,-3.60443,-3.79788,-3.60313,-3.79864,1.39687,1.20136,5.02218,5.02247,5.00000,5.00000,1.00000,0.00000,12,0.00039,-0.49140,-0.48998,-0.00412,1.77696,1.78304,-0.00343,-0.00477,-0.00662,-0.26400,-0.17834,0.06070,0.07090,-0.01273,3.35947,3.29772,-0.32238,-0.32091,0.00654,0.89844,0.92694,-0.17190,-0.16937,0.00657,2.24599,2.27058,-0.52906,0.24104,-0.00218,5.99067,6.09829
66.6010,-2.60141,-3.79848,-3.60141,-3.79848,-3.60209,-3.79814,1.39792,1.20186,5.02132,5.02293,5.00000,5.00000,1.00000,0.00000,12,0.00027,-0.49140,-0.49000,0.00398,1.77510,1.81148,-0.00343,-0.00468,-0.00128,-0.27588,-0.35128,0.06070,0.07020,-0.00265,3.46692,3.49652,-0.32238,-0.32092,0.00066,0.92432,0.90544,-0.17190,-0.16940,-0.00937,2.27081,2.25505,-0.52906,0.24104,0.00046,5.97165,5.88671
66.7032,-2.60196,-3.79131,-3.60196,-3.79131,-3.60098,-3.79389,1.39902,1.20611,5.02202,5.02166,5.00000,5.00000,1.00000,0.00000,12,0.00028,-0.49140,-0.49003,0.00546,1.82314,1.76391,-0.00343,-0.00462,0.00217,-0.29703,-0.37042,0.06070,0.06949,-0.00884,3.48865,3.51332,-0.32238,-0.32094,0.00403,0.92683,1.02565,-0.17190,-0.16943,-0.01432,2.31733,2.32895,-0.52906,0.24105,0.00676,5.94666,5.94396
66.8039,-2.60390,-3.78542,-3.60390,-3.78542,-3.60203,-3.78852,1.39797,1.21148,5.02241,5.02140,5.00000,5.00000,1.00000,0.00000,12,0.00030,-0.49140,-0.49006,-0.00194,1.81305,1.61946,-0.00343,-0.00458,-0.00226,-0.28786,-0.32352,0.06070,0.06874,-0.00020,3.56248,3.65446,-0.32238,-0.32098,-0.00582,0.94887,1.02280,-0.17190,-0.16941,-0.00499,2.33854,2.21486,-0.52906,0.24103,-0.00564,5.98212,5.97713
66.9046,-2.60383,-3.78158,-3.60383,-3.78158,-3.60373,-3.78268,1.39627,1.21732,5.02166,5.02223,5.00000,5.00000,1.00000,0.00000,12,0.00029,-0.49140,-0.49011,-0.00467,1.85932,1.95416,-0.00343,-0.00456,-0.00454,-0.31427,-0.26242,0.06070,0.06799,-0.01105,3.57336,3.60092,-0.32238,-0.32097,0.00134,0.97229,1.04445,-0.17190,-0.16939,0.00919,2.39402,2.46320,-0.52906,0.24106,0.00798,5.93052,5.80663
67.0063,-2.61153,-3.77465,-3.61153,-3.77465,-3.60763,-3.77754,1.39237,1.22246,5.02331,5.02143,5.00000,5.00000,1.00000,0.00000,12,0.00028,-0.49140,-0.49014,-0.00170,1.83565,1.81566,-0.00343,-0.00453,-0.00729,-0.30507,-0.42736,0.06070,0.06706,-0.01385,3.60598,3.68847,-0.32238,-0.32099,-0.00197,1.02108,1.03121,-0.17190,-0.16943,-0.00196,2.40040,2.44472,-0.52906,0.24104,-0.00086,5.99400,5.77324
67.1090,-2.61125,-3.76550,-3.61125,-3.76550,-3.61156,-3.76963,1.38844,1.23037,5.02154,5.02085,5.00000,5.00000,1.00000,0.00000,12,0.00034,-0.49140,-0.49015,0.00441,1.85605,1.81585,-0.00343,-0.00445,0.00524,-0.34947,-0.32674,0.06070,0.06593,-0.01360,3.61611,3.55911,-0.32238,-0.32099,-0.00213,1.00237,0.92241,-0.17190,-0.16943,-0.00419,2.42095,2.35363,-0.52906,0.24103,-0.00485,5.98493,5.98647
67.2094,-2.61901,-3.75802,-3.61901,-3.75802,-3.61673,-3.76128,1.38327,1.23872,5.02268,5.02117,5.00000,5.00000,1.00000,0.00000,12,0.00035,-0.49140,-0.49014,0.01384,1.91431,1.79936,-0.00343,-0.00435,0.00181,-0.34967,-0.31096,0.06070,0.06498,-0.00516,3.60844,3.65765,-0.32238,-0.32101,-0.00267,1.01897,1.05971,-0.17190,-0.16944,0.00137,2.46911,2.40067,-0.52906,0.24103,-0.00108,5.98911,6.04027
67.3112,-2.62251,-3.75004,-3.62251,-3.75004,-3.62059,-3.75332,1.37941,1.24668,5.02255,5.02111,5.00000,5.00000,1.00000,0.00000,12,0.00030,-0.49140,-0.49020,-0.00774,1.85987,1.87250,-0.00343,-0.00429,0.00325,-0.34059,-0.38899,0.06070,0.06432,-0.01037,3.60173,3.58818,-0.32238,-0.32101,0.00507,1.05944,0.99558,-0.17190,-0.16949,-0.01817,2.44831,2.61734,-0.52906,0.24106,0.01168,5.96554,6.09093
67.4127,-2.62654,-3.74422,-3.62654,-3.74422,-3.62534,-3.74664,1.37466,1.25336,5.02227,5.02144,5.00000,5.00000,1.00000,0.00000,12,0.00031,-0.49140,-0.49020,0.00021,1.92977,1.85155,-0.00343,-0.00427,-0.00332,-0.36886,-0.24837,0.06070,0.06364,-0.01198,3.60184,3.63488,-0.32238,-0.32102,0.00320,1.05978,1.25618,-0.17190,-0.16945,0.00275,2.51681,2.50964,-0.52906,0.24102,-0.00336,5.98138,6.04651
67.5138,-2.62628,-3.74066,-3.62628,-3.74066,-3.62567,-3.74317,1.37433,1.25683,5.02201,5.02138,5.00000,5.00000,1.00000,0.00000,12,0.00031,-0.49140,-0.49022,0.00108,1.90179,1.94453,-0.00343,-0.00425,-0.00654,-0.37482,-0.41507,0.06070,0.06311,-0.00514,3.62379,3.67742,-0.32238,-0.32106,-0.00847,1.05245,1.06955,-0.17190,-0.16949,-0.00904,2.52151,2.47291,-0.52906,0.24101,-0.00791,5.94681,5.92228
67.6145,-2.62270,-3.73155,-2.62270,-3.73155,-3.32404,-3.73575,1.42596,1.26425,4.71937,5.02061,4.75000,5.00000,0.00000,0.00000,9,0.00037,-0.48644,-0.49025,-0.00684,1.90507,2.03227,-0.01509,-0.00421,0.00247,-0.36887,-0.32855,0.04980,0.06264,-0.00217,3.60285,3.64400,-0.31773,-0.32106,-0.00186,1.08782,1.19225,-0.16520,-0.16948,0.00020,2.58784,2.53152,-0.52240,0.24104,0.00387,5.99400,6.06684
67.7155,-2.60119,-3.53152,-2.60119,-3.53152,-2.73603,-3.62962,1.51283,1.32947,4.24887,4.95909,4.24887,4.95909,0.00000,0.00000,0,0.00027,-0.47472,-0.48970,0.01303,0.63324,0.70366,-0.03837,-0.01023,-0.01383,2.11543,2.05643,0.02783,0.03462,-0.15691,3.97216,3.78899,-0.31005,-0.32070,0.00919,0.08430,-0.03069,-0.15337,-0.16937,-0.00579,0.98902,0.91677,-0.50756,0.24103,0.00348,5.99400,5.91960
67.8187,-2.60856,-3.46041,-2.60856,-3.46041,-2.63314,-3.48854,1.59257,1.43552,4.22571,4.92405,4.22571,4.92405,0.00000,0.00000,0,0.00056,-0.47277,-0.48898,0.01056,0.40883,0.47475,-0.03935,-0.01074,0.00472,2.21398,2.15381,0.02676,0.02787,0.00401,3.73687,3.64235,-0.31105,-0.32072,-0.00490,0.18018,0.15941,-0.15409,-0.16936,-0.00287,1.15121,1.11498,-0.50564,0.24102,-0.00176,5.99328,5.89449
67.9215,-2.61518,-3.44346,-2.61518,-3.44346,-2.61123,-3.46168,1.67099,1.53832,4.28221,5.00150,4.28221,5.00000,0.00000,0.00000,8,0.00111,-0.47713,-0.48894,-0.00193,0.63492,0.53582,-0.03693,-0.01097,0.00090,2.29450,2.34733,0.02936,0.02783,-0.00354,3.49472,3.48361,-0.30899,-0.32062,0.00478,-0.11709,-0.08034,-0.15270,-0.16932,0.00517,0.80875,0.84104,-0.50996,0.24102,-0.00009,5.99100,5.81639
68.0232,-2.60082,-3.46420,-2.60082,-3.46420,-2.60019,-3.46644,1.74909,1.53356,4.34928,5.01984,4.34928,5.00000,0.00000,0.00000,8,0.00027,-0.47847,-0.48893,-0.00153,0.58849,0.62146,-0.03380,-0.01112,0.00200,2.38198,2.44383,0.03229,0.02793,0.01394,3.28026,3.27002,-0.31025,-0.32057,0.00370,-0.16212,-0.14207,-0.15449,-0.16932,-0.00721,0.73146,0.78846,-0.51174,0.24102,0.00009,5.95003,6.09499
68.1241,-2.59637,-3.46474,-2.59637,-3.46474,-2.59605,-3.46491,1.82699,1.53509,4.42304,5.02071,4.42304,5.00000,0.00000,0.00000,8,0.00041,-0.47993,-0.48891,-0.00104,0.55018,0.55655,-0.03035,-0.01126,-0.00464,2.36007,2.56874,0.03552,0.02805,0.00602,3.00565,2.93269,-0.31162,-0.32056,-0.00113,-0.18875,-0.20380,-0.15646,-0.16930,0.00479,0.75253,0.69721,-0.51370,0.24103,0.00369,5.96576,6.05119
68.2259,-2.59081,-3.46318,-2.59081,-3.46318,-2.59178,-3.46365,1.90480,1.53635,4.49657,5.02058,4.49657,5.00000,0.00000,0.00000,8,0.00079,-0.48140,-0.48890,-0.00079,0.51699,0.50343,-0.02692,-0.01133,-0.00314,2.35339,2.23687,0.03873,0.02818,0.00202,2.69484,2.68249,-0.31300,-0.32057,-0.00433,-0.18557,-0.11539,-0.15843,-0.16930,-0.00100,0.69843,0.62650,-0.51566,0.24101,-0.00459,5.96048,5.97857
68.3272,-2.58940,-3.46381,-2.58940,-3.46381,-2.58905,-3.46335,1.98248,1.53665,4.57152,5.02098,4.57152,5.00000,0.00000,0.00000,8,0.00057,-0.48289,-0.48891,-0.00354,0.55085,0.58571,-0.02342,-0.01135,-0.00235,2.31621,2.16090,0.04201,0.02840,0.00514,2.34754,2.36005,-0.31440,-0.32054,0.00361,-0.17150,-0.22082,-0.16043,-0.16930,-0.00078,0.70973,0.80358,-0.51765,0.24102,0.00159,5.97037,5.94015
68.4284,-2.59235,-3.46849,-2.59235,-3.46849,-2.59134,-3.46680,2.06019,1.53320,4.65154,5.02152,4.65154,5.00000,0.00000,0.00000,8,0.00033,-0.48448,-0.48891,-0.00235,0.59103,0.58299,-0.01968,-0.01135,0.00055,2.18574,2.27231,0.04550,0.02868,0.00298,1.93704,2.05252,-0.31589,-0.32054,0.00530,-0.14092,-0.15325,-0.16257,-0.16932,-0.01108,0.74614,0.77780,-0.51978,0.24104,0.00960,5.99400,5.99900
68.5298,-2.58917,-3.46996,-2.58917,-3.46996,-2.58999,-3.46897,2.13790,1.53103,4.72789,5.02124,4.72789,5.00000,0.00000,0.00000,8,0.00036,-0.48600,-0.48892,0.00059,0.67495,0.63412,-0.01612,-0.01137,-0.00788,2.07096,2.12535,0.04883,0.02907,0.00340,1.55376,1.56885,-0.31731,-0.32056,-0.00571,-0.12466,-0.19691,-0.16461,-0.16928,0.00506,0.80899,0.73851,-0.52181,0.24102,0.00021,5.95451,5.83717
68.6328,-2.59002,-3.47151,-2.59002,-3.47151,-2.58964,-3.47099,2.21559,1.52901,4.80523,5.02105,4.80523,5.00000,0.00000,0.00000,8,0.00096,-0.48753,-0.48896,-0.00718,0.69660,0.66407,-0.01251,-0.01134,0.00212,1.85990,1.75258,0.05221,0.02968,0.01146,1.12026,1.17038,-0.31876,-0.32056,-0.00154,-0.07125,-0.06553,-0.16668,-0.16930,0.00024,0.87345,0.95871,-0.52387,0.24099,-0.00769,5.96092,6.05151
68.7343,-2.59288,-3.47115,-2.59288,-3.47115,-2.59176,-3.47087,2.29332,1.52913,4.88508,5.02095,4.88508,5.00000,0.00000,0.00000,8,0.00109,-0.48912,-0.48896,0.00555,0.79723,0.85810,-0.00879,-0.01134,-0.00610,1.59026,1.64831,0.05569,0.03091,0.02101,0.72847,0.67794,-0.32024,-0.32055,0.00619,0.04489,0.08538,-0.16882,-0.16931,-0.00291,0.97115,1.01585,-0.52600,0.24098,-0.01050,5.96395,6.01372
68.8354,-2.59549,-3.49630,-2.59549,-3.49630,-2.59397,-3.48543,2.37110,1.51457,4.96508,5.02557,4.96508,5.00000,0.00000,0.00000,8,0.00027,-0.49071,-0.48902,-0.00802,0.89661,0.87523,-0.00506,-0.01131,0.00214,1.31037,1.23321,0.05918,0.03487,0.04878,0.53552,0.59723,-0.32173,-0.32056,0.00474,0.12988,0.16357,-0.17096,-0.16933,0.00009,1.14947,1.15752,-0.52813,0.24098,-0.01493,5.93471,5.98501
68.9368,-2.60151,-3.51858,-2.60151,-3.51858,-2.59980,-3.50952,2.40020,1.49048,5.01633,5.02494,5.00000,5.00000,0.00000,0.00000,12,0.00031,-0.49140,-0.48905,0.00169,0.96953,1.00577,-0.00343,-0.01122,0.00777,1.14456,1.20135,0.06070,0.03761,0.01277,0.28093,0.30378,-0.32238,-0.32061,-0.00873,0.14584,0.15602,-0.17190,-0.16932,0.00216,1.23411,1.21573,-0.52906,0.24100,0.00090,5.97769,5.93791
69.0393,-2.60772,-3.52707,-2.60772,-3.52707,-2.60519,-3.52202,2.39481,1.47798,5.01672,5.02329,5.00000,5.00000,0.00000,0.00000,12,0.00043,-0.49140,-0.48907,-0.00179,0.96580,1.04345,-0.00343,-0.01121,-0.00173,1.08564,0.95172,0.06070,0.03846,0.00623,0.06405,0.07908,-0.32238,-0.32059,-0.00499,0.17622,0.25292,-0.17190,-0.16934,-0.00435,1.21437,1.23908,-0.52906,0.24098,-0.01266,5.95575,5.88421
69.1412,-2.61036,-3.53281,-2.61036,-3.53281,-2.60885,-3.52946,2.39115,1.47054,5.01630,5.02261,5.00000,5.00000,0.00000,0.00000,12,0.00029,-0.49140,-0.48908,-0.00097,0.99416,0.90798,-0.00343,-0.01116,0.00415,1.00132,0.95730,0.06070,0.03938,0.00852,-0.16280,-0.22395,-0.32238,-0.32059,-0.00069,0.21591,0.32603,-0.17190,-0.16934,-0.00739,1.27063,1.20303,-0.52906,0.24100,0.00481,5.99400,6.07834
69.2415,-2.61747,-3.54528,-2.61747,-3.54528,-2.61390,-3.53995,2.38610,1.46005,5.01721,5.02352,5.00000,5.00000,0.00000,0.00000,12,0.00028,-0.49140,-0.48908,-0.00251,1.04643,1.17565,-0.00343,-0.01112,-0.00177,0.88237,0.87400,0.06070,0.04042,0.01207,-0.33725,-0.35013,-0.32238,-0.32059,0.00009,0.23763,0.24019,-0.17190,-0.16933,0.00441,1.31121,1.16561,-0.52906,0.24098,-0.00605,5.94272,5.87886
69.3437,-2.61486,-3.55374,-2.61486,-3.55374,-2.61546,-3.54926,2.38454,1.45074,5.01543,5.02322,5.00000,5.00000,0.00000,0.00000,12,0.00029,-0.49140,-0.48909,0.00341,1.05687,0.93853,-0.00343,-0.01103,-0.00399,0.80299,0.82891,0.06070,0.04138,0.01140,-0.49738,-0.35126,-0.32238,-0.32058,0.00771,0.28886,0.35151,-0.17190,-0.16934,-0.00286,1.34382,1.34783,-0.52906,0.24098,-0.00573,5.99048,6.03465
69.4450,-2.62200,-3.56683,-2.62200,-3.56683,-2.61851,-3.56110,2.38149,1.43890,5.01721,5.02382,5.00000,5.00000,0.00000,0.00000,12,0.00097,-0.49140,-0.48911,0.00330,1.10064,1.02875,-0.00343,-0.01094,0.00403,0.72463,0.79741,0.06070,0.04234,0.00955,-0.67226,-0.51475,-0.32238,-0.32060,0.00615,0.29705,0.32783,-0.17190,-0.16938,-0.01750,1.34205,1.38559,-0.52906,0.24100,0.00131,5.98787,6.08883
69.5457,-2.61807,-3.57596,-2.61807,-3.57596,-2.61900,-3.57140,2.38100,1.42860,5.01532,5.02338,5.00000,5.00000,0.00000,0.00000,12,0.00030,-0.49140,-0.48914,-0.00696,1.11196,1.14342,-0.00343,-0.01078,0.00249,0.66235,0.56898,0.06070,0.04329,0.01093,-0.83974,-0.85538,-0.32238,-0.32060,0.00606,0.31451,0.38457,-0.17190,-0.16933,0.00576,1.40959,1.44273,-0.52906,0.24099,0.00174,5.97167,5.99469
69.6492,-2.62133,-3.58344,-2.62133,-3.58344,-2.62026,-3.57970,2.37974,1.42030,5.01618,5.02308,5.00000,5.00000,0.00000,0.00000,12,0.00049,-0.49140,-0.48915,0.00033,1.16046,1.16292,-0.00343,-0.01058,0.00488,0.59301,0.63561,0.06070,0.04416,0.00889,-0.98313,-1.01151,-0.32238,-0.32061,-0.00014,0.31551,0.33145,-0.17190,-0.16934,0.00133,1.42190,1.58356,-0.52906,0.24101,0.00565,5.97045,6.07185
69.7503,-2.61716,-3.58906,-2.61716,-3.58906,-2.61900,-3.58613,2.38100,1.41387,5.01493,5.02277,5.00000,5.00000,0.00000,0.00000,12,0.00027,-0.49140,-0.48919,-0.00208,1.15729,1.19070,-0.00343,-0.01041,0.00697,0.51934,0.48830,0.06070,0.04529,0.01485,-1.11711,-1.19151,-0.32238,-0.32062,-0.00253,0.35506,0.45091,-0.17190,-0.16935,-0.00162,1.46996,1.37889,-0.52906,0.24098,-0.00292,5.97875,5.89852
69.8515,-2.61488,-3.59942,-2.61488,-3.59942,-2.61709,-3.59369,2.38291,1.40631,5.01476,5.02402,5.00000,5.00000,0.00000,0.00000,12,0.00028,-0.49140,-0.48920,-0.00093,1.21127,1.20761,-0.00343,-0.01014,0.00833,0.44046,0.54391,0.06070,0.04662,0.01618,-1.18107,-1.13503,-0.32238,-0.32063,-0.00080,0.37489,0.42115,-0.17190,-0.16936,-0.00396,1.49007,1.58675,-0.52906,0.24099,0.00280,5.98283,6.08603
69.9524,-2.61742,-3.61289,-2.61742,-3.61289,-2.61639,-3.60636,2.38361,1.39364,5.01614,5.02444,5.00000,5.00000,0.00000,0.00000,12,0.00030,-0.49140,-0.48924,-0.00329,1.23606,1.20835,-0.00343,-0.00989,-0.00204,0.37994,0.34503,0.06070,0.04855,0.01705,-1.21714,-1.25186,-0.32238,-0.32063,0.00183,0.40381,0.35636,-0.17190,-0.16936,-0.00622,1.54278,1.65060,-0.52906,0.24100,0.00698,5.98433,6.11509
70.0532,-2.61212,-3.62473,-2.61212,-3.62473,-2.61360,-3.61931,2.38640,1.38069,5.01505,5.02404,5.00000,5.00000,0.00000,0.00000,12,0.00028,-0.49140,-0.48925,0.00374,1.24591,1.18502,-0.00343,-0.00962,0.00103,0.31657,0.40301,0.06070,0.05010,0.01309,-1.24585,-1.16461,-0.32238,-0.32064,-0.00125,0.40788,0.37534,-0.17190,-0.16936,-0.00583,1.54534,1.53041,-0.52906,0.24099,0.00157,5.96446,6.01345
70.1539,-2.61043,-3.63450,-2.61043,-3.63450,-2.61245,-3.62978,2.38755,1.37022,5.01481,5.02380,5.00000,5.00000,0.00000,0.00000,12,0.00028,-0.49140,-0.48927,0.00359,1.25804,1.30707,-0.00343,-0.00935,0.00110,0.24153,0.21728,0.06070,0.05158,0.01815,-1.27322,-1.22015,-0.32238,-0.32066,-0.00244,0.41764,0.45304,-0.17190,-0.16935,-0.00170,1.56160,1.61302,-0.52906,0.24097,-0.00752,5.96886,5.96182
70.2552,-2.60619,-3.64439,-2.60619,-3.64439,-2.60757,-3.63977,2.39243,1.36023,5.01505,5.02382,5.00000,5.00000,0.00000,0.00000,12,0.00031,-0.49140,-0.48933,-0.00889,1.27903,1.26381,-0.00343,-0.00903,0.00003,0.22934,0.22375,0.06070,0.05328,0.01721,-1.23337,-1.26150,-0.32238,-0.32066,-0.00267,0.43746,0.47601,-0.17190,-0.16936,-0.00448,1.61074,1.49636,-0.52906,0.24098,0.00135,5.97161,5.96926
70.3555,-2.59749,-3.72681,-2.59749,-3.72681,-2.60186,-3.67780,2.39814,1.32220,5.01374,5.04307,5.00000,5.00000,0.00000,0.00000,12,0.00026,-0.49140,-0.48931,0.01309,1.34744,1.37741,-0.00343,-0.00862,0.00318,0.19226,0.12028,0.06070,0.07019,0.48770,1.24265,0.57217,-0.32238,-0.32067,0.00095,0.46426,0.52781,-0.17190,-0.16937,-0.00408,1.64020,1.67851,-0.52906,0.24097,-0.00450,5.94945,5.86279
70.4571,-2.60459,-3.82723,-2.60459,-3.82723,-2.61146,-3.79055,2.38854,1.20945,5.01273,5.03846,5.00000,5.00000,0.00000,0.00000,12,0.00028,-0.49140,-0.48937,0.00127,1.36401,1.41563,-0.00343,-0.00804,0.00195,0.14909,0.23279,0.06070,0.07553,0.00290,0.29706,0.16075,-0.32238,-0.32067,-0.00209,0.47234,0.55724,-0.17190,-0.16938,-0.00924,1.64830,1.59231,-0.52906,0.24100,0.00630,5.97305,5.91714
70.5607,-2.61473,-3.79981,-2.61473,-3.79981,-2.61384,-3.79766,2.38616,1.20234,5.01607,5.02371,5.00000,5.00000,0.00000,0.00000,12,0.00104,-0.49140,-0.48939,0.00491,1.35858,1.29357,-0.00343,-0.00775,0.00811,0.12293,0.28245,0.06070,0.07547,-0.00488,0.44940,0.45926,-0.32238,-0.32066,0.00750,0.52963,0.39308,-0.17190,-0.16935,0.00804,1.71801,1.55805,-0.52906,0.24099,0.00594,5.98728,6.07935
70.6615,-2.60926,-3.80273,-3.60926,-3.80273,-3.26456,-3.80911,1.73544,1.19089,5.16732,5.02012,5.00000,5.00000,1.00000,0.00000,12,0.00029,-0.49140,-0.48945,-0.00661,1.38029,1.35323,-0.00343,-0.00734,0.00514,0.08207,0.22777,0.06070,0.07536,-0.00493,0.64268,0.55965,-0.32238,-0.32070,-0.00703,0.51654,0.55193,-0.17190,-0.16936,0.00398,1.69834,1.78312,-0.52906,0.24096,-0.01141,5.94471,5.99818
70.7620,-2.60641,-3.80755,-3.60641,-3.80755,-3.54665,-3.81152,1.45335,1.18848,5.04689,5.02117,5.00000,5.00000,1.00000,0.00000,12,0.00029,-0.49140,-0.48946,-0.00690,1.42435,1.38695,-0.00343,-0.00702,-0.00597,0.03227,0.01359,0.06070,0.07530,0.00187,0.83955,0.80114,-0.32238,-0.32070,-0.00396,0.54399,0.67967,-0.17190,-0.16937,-0.00376,1.79135,1.76521,-0.52906,0.24100,0.00864,5.98095,6.09747
70.8636,-2.59771,-3.81006,-3.59771,-3.81006,-3.59062,-3.81032,1.40938,1.18968,5.02458,5.02275,5.00000,5.00000,1.00000,0.00000,12,0.00119,-0.49140,-0.48949,-0.00349,1.40869,1.44333,-0.00343,-0.00674,0.00044,0.04465,0.00935,0.06070,0.07518,-0.00441,0.98794,1.08510,-0.32238,-0.32071,-0.00586,0.55200,0.56798,-0.17190,-0.16935,0.01144,1.82016,1.84008,-0.52906,0.24099,0.00458,5.97844,6.07183
70.9644,-2.60100,-3.81289,-3.60100,-3.81289,-3.59851,-3.81172,1.40149,1.18828,5.02266,5.02337,5.00000,5.00000,1.00000,0.00000,12,0.00037,-0.49140,-0.48951,-0.00013,1.46471,1.54893,-0.00343,-0.00654,-0.00024,0.02470,0.04127,0.06070,0.07509,0.00171,1.16072,1.15122,-0.32238,-0.32068,0.01051,0.60933,0.62875,-0.17190,-0.16937,-0.00099,1.83186,1.93794,-0.52906,0.24096,-0.01185,5.97536,5.96202
71.0663,-2.59896,-3.81600,-3.59896,-3.81600,-3.59892,-3.81375,1.40108,1.18625,5.02161,5.02385,5.00000,5.00000,1.00000,0.00000,12,0.00026,-0.49140,-0.48954,0.00994,1.49960,1.44674,-0.00343,-0.00632,0.00539,-0.01975,-0.06455,0.06070,0.07495,-0.00514,1.32853,1.46934,-0.32238,-0.32071,0.00179,0.61595,0.45987,-0.17190,-0.16938,0.00150,1.83531,1.87887,-0.52906,0.24097,-0.00386,5.97571,6.17082
71.1672,-2.59478,-3.81783,-3.59478,-3.81783,-3.59733,-3.81720,1.40267,1.18280,5.02049,5.02318,5.00000,5.00000,1.00000,0.00000,12,0.00028,-0.49140,-0.48959,-0.00466,1.47990,1.43543,-0.00343,-0.00611,0.00634,-0.02257,0.08163,0.06070,0.07484,-0.00394,1.49948,1.48858,-0.32238,-0.32073,-0.00170,0.61259,0.61360,-0.17190,-0.16939,-0.00417,1.87669,1.90185,-0.52906,0.24099,0.00842,5.93149,6.03871
71.2691,-2.59803,-3.81966,-3.59803,-3.81966,-3.59761,-3.81853,1.40239,1.18147,5.02177,5.02340,5.00000,5.00000,1.00000,0.00000,12,0.00029,-0.49140,-0.48960,0.00432,1.52193,1.56461,-0.00343,-0.00597,0.00752,-0.03628,-0.00551,0.06070,0.07472,-0.00178,1.67176,1.53311,-0.32238,-0.32073,0.00381,0.65084,0.67693,-0.17190,-0.16937,0.00240,1.93514,1.84610,-0.52906,0.24098,0.00347,5.98330,6.12060
71.3706,-2.59692,-3.82002,-3.59692,-3.82002,-3.59686,-3.82003,1.40314,1.17997,5.02161,5.02291,5.00000,5.00000,1.00000,0.00000,12,0.00034,-0.49140,-0.48964,-0.00211,1.53565,1.47855,-0.00343,-0.00583,0.00356,-0.06146,-0.11172,0.06070,0.07460,0.00406,1.86683,1.69854,-0.32238,-0.32075,0.00224,0.65585,0.74994,-0.17190,-0.16939,-0.00279,1.96952,1.99838,-0.52906,0.24097,0.00251,5.97699,5.95314
71.4724,-2.59765,-3.82492,-3.59765,-3.82492,-3.59680,-3.82315,1.40320,1.17685,5.02194,5.02370,5.00000,5.00000,1.00000,0.00000,12,0.00025,-0.49140,-0.48966,0.00748,1.57241,1.54883,-0.00343,-0.00566,0.00516,-0.07985,-0.16402,0.06070,0.07444,-0.00128,1.98853,2.02556,-0.32238,-0.32077,-0.00434,0.67686,0.81055,-0.17190,-0.16942,-0.00796,1.97039,2.01551,-0.52906,0.24098,0.00424,5.98415,6.04346
71.5735,-2.60026,-3.82594,-3.60026,-3.82594,-3.59845,-3.82484,1.40155,1.17516,5.02236,5.02342,5.00000,5.00000,1.00000,0.00000,12,0.00029,-0.49140,-0.48968,0.00684,1.60941,1.46341,-0.00343,-0.00557,0.00288,-0.09236,-0.14019,0.06070,0.07429,-0.00282,2.12062,2.24189,-0.32238,-0.32080,-0.00630,0.67530,0.71881,-0.17190,-0.16939,0.00107,2.01032,2.04533,-0.52906,0.24095,-0.00983,5.94589,5.97604
71.6759,-2.60088,-3.82875,-3.60088,-3.82875,-3.60073,-3.82753,1.39927,1.17247,5.02167,5.02349,5.00000,5.00000,1.00000,0.00000,12,0.00030,-0.49140,-0.48974,-0.00040,1.60588,1.54209,-0.00343,-0.00547,-0.00227,-0.13967,-0.18014,0.06070,0.07413,-0.00660,2.27544,2.26321,-0.32238,-0.32080,-0.00241,0.73731,0.79834,-0.17190,-0.16941,-0.00534,2.04320,1.94553,-0.52906,0.24096,-0.00310,5.98918,5.90782
71.7780,-2.60430,-3.82729,-3.60430,-3.82729,-3.60366,-3.82795,1.39634,1.17205,5.02190,5.02268,5.00000,5.00000,1.00000,0.00000,12,0.00055,-0.49140,-0.48978,-0.00474,1.59013,1.75820,-0.00343,-0.00538,0.00406,-0.15391,-0.24578,0.06070,0.07397,0.00258,2.46830,2.48715,-0.32238,-0.32081,-0.00472,0.74195,0.76596,-0.17190,-0.16939,0.00383,2.08306,2.01641,-0.52906,0.24094,-0.01351,5.96364,5.91858
71.8805,-2.60587,-3.82732,-3.60587,-3.82732,-3.60524,-3.82742,1.39476,1.17258,5.02190,5.02292,5.00000,5.00000,1.00000,0.00000,12,0.00038,-0.49140,-0.48980,-0.00392,1.63118,1.68423,-0.00343,-0.00529,0.00336,-0.15807,-0.18626,0.06070,0.07375,0.00193,2.60684,2.72464,-0.32238,-0.32080,0.00596,0.77082,0.75761,-0.17190,-0.16938,0.01150,2.14317,1.96011,-0.52906,0.24096,-0.00416,5.92397,5.93141
71.9820,-2.60639,-3.82714,-3.60639,-3.82714,-3.60569,-3.82662,1.39431,1.17338,5.02193,5.02318,5.00000,5.00000,1.00000,0.00000,12,0.00030,-0.49140,-0.48978,0.01474,1.68741,1.65751,-0.00343,-0.00524,0.00637,-0.17417,-0.17698,0.06070,0.07350,-0.01248,2.73077,2.59796,-0.32238,-0.32080,0.00928,0.80038,0.83093,-0.17190,-0.16939,0.00932,2.16011,2.19933,-0.52906,0.24094,-0.00420,5.96340,5.91051
72.0839,-2.60826,-3.82839,-3.60826,-3.82839,-3.60681,-3.82700,1.39319,1.17300,5.02227,5.02355,5.00000,5.00000,1.00000,0.00000,12,0.00139,-0.49140,-0.48983,0.00345,1.64181,1.74439,-0.00343,-0.00516,0.00483,-0.21750,-0.13547,0.06070,0.07326,-0.00281,2.90006,2.94810,-0.32238,-0.32085,-0.01112,0.76010,0.67561,-0.17190,-0.16943,-0.01043,2.13944,2.14469,-0.52906,0.24096,-0.00326,5.94691,6.03685
72.1846,-2.60672,-3.82493,-3.60672,-3.82493,-3.60717,-3.82622,1.39283,1.17378,5.02145,5.02240,5.00000,5.00000,1.00000,0.00000,12,0.00101,-0.49140,-0.48984,0.00836,1.70240,1.64246,-0.00343,-0.00508,-0.00276,-0.24841,-0.24832,0.06070,0.07292,-0.00924,2.99099,3.00938,-0.32238,-0.32084,0.00127,0.81928,0.85047,-0.17190,-0.16943,-0.01015,2.17036,2.12120,-0.52906,0.24098,0.00634,5.98734,5.93443
72.2859,-2.60689,-3.81998,-3.60689,-3.81998,-3.60661,-3.82185,1.39339,1.17815,5.02176,5.02213,5.00000,5.00000,1.00000,0.00000,12,0.00028,-0.49140,-0.48988,0.00079,1.70978,1.61872,-0.00343,-0.00498,0.00936,-0.23176,-0.22234,0.06070,0.07247,-0.00273,3.11466,3.15151,-0.32238,-0.32087,-0.00460,0.80312,0.78123,-0.17190,-0.16941,-0.00087,2.24043,2.22286,-0.52906,0.24095,0.00165,5.97862,5.93960
72.3879,-2.60973,-3.81899,-3.60973,-3.81899,-3.60898,-3.81967,1.39102,1.18033,5.02198,5.02263,5.00000,5.00000,1.00000,0.00000,12,0.00034,-0.49140,-0.48990,-0.00027,1.70939,1.75203,-0.00343,-0.00494,0.00196,-0.25074,-0.10792,0.06070,0.07196,-0.01014,3.21503,3.17272,-0.32238,-0.32088,-0.00279,0.85159,1.01667,-0.17190,-0.16942,-0.00072,2.26894,2.22407,-0.52906,0.24096,-0.00122,5.94043,5.86710
72.4895,-2.60965,-3.81625,-3.60965,-3.81625,-3.60973,-3.81764,1.39027,1.18236,5.02162,5.02231,5.00000,5.00000,1.00000,0.00000,12,0.00034,-0.49140,-0.48993,-0.00272,1.73608,1.78015,-0.00343,-0.00487,-0.00478,-0.27899,-0.21385,0.06070,0.07134,-0.01311,3.29667,3.40883,-0.32238,-0.32088,0.00638,0.90072,1.00335,-0.17190,-0.16943,-0.00242,2.28847,2.29122,-0.52906,0.24093,-0.01061,5.97441,5.84044
72.5926,-2.60723,-3.81027,-3.60723,-3.81027,-3.60828,-3.81275,1.39172,1.18725,5.02120,5.02182,5.00000,5.00000,1.00000,0.00000,12,0.00040,-0.49140,-0.48996,-0.00071,1.74126,1.62085,-0.00343,-0.00477,0.00466,-0.27328,-0.24905,0.06070,0.07058,-0.00254,3.39763,3.55978,-0.32238,-0.32090,-0.00355,0.87456,0.92888,-0.17190,-0.16944,-0.00342,2.30935,2.42997,-0.52906,0.24096,0.00850,5.98913,6.13604
72.6931,-2.60699,-3.80482,-3.60699,-3.80482,-3.60738,-3.80766,1.39262,1.19234,5.02148,5.02163,5.00000,5.00000,1.00000,0.00000,12,0.00027,-0.49140,-0.48999,0.00135,1.78052,2.00523,-0.00343,-0.00470,0.00065,-0.29383,-0.33584,0.06070,0.06986,-0.00598,3.46268,3.40221,-0.32238,-0.32092,-0.00318,0.91839,0.89225,-0.17190,-0.16942,0.00064,2.36175,2.45024,-0.52906,0.24095,-0.00311,5.96557,5.99952
72.7940,-2.60565,-3.80371,-3.60565,-3.80371,-3.60669,-3.80418,1.39331,1.19582,5.02120,5.02263,5.00000,5.00000,1.00000,0.00000,12,0.00034,-0.49140,-0.49001,0.00122,1.75443,1.82301,-0.00343,-0.00461,-0.00038,-0.28940,-0.32402,0.06070,0.06915,-0.01688,3.49874,3.49326,-0.32238,-0.32093,-0.00256,0.92655,0.89073,-0.17190,-0.16943,-0.00191,2.40785,2.49255,-0.52906,0.24095,-0.00124,5.97318,5.98161
72.8966,-2.60708,-3.80018,-3.60708,-3.80018,-3.60585,-3.80157,1.39415,1.19843,5.02216,5.02221,5.00000,5.00000,1.00000,0.00000,12,0.00027,-0.49140,-0.49003,-0.00042,1.78531,1.87765,-0.00343,-0.00459,-0.00474,-0.30717,-0.38621,0.06070,0.06836,-0.00585,3.57926,3.46846,-0.32238,-0.32093,0.00825,0.94562,0.91989,-0.17190,-0.16944,-0.00124,2.40758,2.49426,-0.52906,0.24096,0.00190,5.97574,5.96255
73.0004,-2.60788,-3.79227,-3.60788,-3.79227,-3.60688,-3.79558,1.39312,1.20442,5.02207,5.02135,5.00000,5.00000,1.00000,0.00000,12,0.00034,-0.49140,-0.49007,-0.00315,1.80310,1.79671,-0.00343,-0.00455,-0.00405,-0.32399,-0.37793,0.06070,0.06755,-0.00666,3.59913,3.73364,-0.32238,-0.32096,-0.00071,0.95472,1.01417,-0.17190,-0.16944,0.00412,2.45239,2.50696,-0.52906,0.24092,-0.01414,5.92336,6.03430
73.1022,-2.60726,-3.78467,-3.60726,-3.78467,-3.60643,-3.78829,1.39357,1.21171,5.02199,5.02118,5.00000,5.00000,1.00000,0.00000,12,0.00030,-0.49140,-0.49009,-0.00322,1.84220,1.70904,-0.00343,-0.00449,-0.00524,-0.34296,-0.39118,0.06070,0.06643,-0.01391,3.57912,3.50827,-0.32238,-0.32099,-0.00439,0.97215,1.06628,-0.17190,-0.16948,-0.00656,2.46005,2.33208,-0.52906,0.24094,-0.00221,5.96969,5.80907
73.2025,-2.60343,-3.77782,-3.60343,-3.77782,-3.60454,-3.78106,1.39546,1.21894,5.02115,5.02130,5.00000,5.00000,1.00000,0.00000,12,0.00027,-0.49140,-0.49013,-0.01076,1.80781,1.86876,-0.00343,-0.00445,-0.00097,-0.31509,-0.30832,0.06070,0.06553,-0.01069,3.60086,3.38345,-0.32238,-0.32099,-0.00084,1.00197,1.10376,-0.17190,-0.16947,-0.00285,2.47113,2.36596,-0.52906,0.24093,-0.00348,5.97584,6.03426
73.3034,-2.59936,-3.77046,-3.59936,-3.77046,-3.60150,-3.77469,1.39850,1.22531,5.02069,5.02084,5.00000,5.00000,1.00000,0.00000,12,0.00027,-0.49140,-0.49016,-0.01374,1.86410,1.93340,-0.00343,-0.00442,-0.00693,-0.33084,-0.26061,0.06070,0.06476,-0.00693,3.62350,3.68331,-0.32238,-0.32098,0.00776,1.01861,0.86554,-0.17190,-0.16946,0.00629,2.53628,2.39975,-0.52906,0.24093,-0.00186,5.99400,5.93407
73.4052,-2.60384,-3.76331,-3.60384,-3.76331,-3.60242,-3.76688,1.39758,1.23312,5.02223,5.02107,5.00000,5.00000,1.00000,0.00000,12,0.00029,-0.49140,-0.49017,-0.00314,1.83983,1.83331,-0.00343,-0.00440,-0.00509,-0.35354,-0.31887,0.06070,0.06406,-0.00456,3.61368,3.59947,-0.32238,-0.32099,0.00932,1.03383,1.10487,-0.17190,-0.16949,-0.00791,2.53908,2.47848,-0.52906,0.24094,0.00153,5.96622,5.89119
73.5058,-2.60816,-3.76100,-3.60816,-3.76100,-3.60545,-3.76242,1.39455,1.23758,5.02279,5.02197,5.00000,5.00000,1.00000,0.00000,12,0.00027,-0.49140,-0.49016,0.00225,1.90855,1.89941,-0.00343,-0.00432,-0.00530,-0.38421,-0.37420,0.06070,0.06352,0.00005,3.63808,3.64772,-0.32238,-0.32103,-0.00428,1.01466,1.14301,-0.17190,-0.16948,0.00278,2.57680,2.57799,-0.52906,0.24094,0.00570,5.97803,5.99195
73.6076,-2.61177,-3.75583,-3.61177,-3.75583,-3.61060,-3.75778,1.38940,1.24222,5.02216,5.02171,5.00000,5.00000,1.00000,0.00000,12,0.00029,-0.49140,-0.49021,-0.00313,1.87499,2.00859,-0.00343,-0.00428,-0.00263,-0.39476,-0.36288,0.06070,0.06302,-0.00535,3.61023,3.68753,-0.32238,-0.32103,0.00388,1.05980,1.13515,-0.17190,-0.16948,0.00144,2.62897,2.78956,-0.52906,0.24091,-0.01027,5.94156,5.90121
73.7111,-2.60356,-3.56130,-2.60356,-3.56130,-2.77997,-3.67886,1.50927,1.29283,4.28924,4.97169,4.28924,4.97169,0.00000,0.00000,0,0.00029,-0.47607,-0.48974,0.00163,0.70447,0.73987,-0.03652,-0.00996,-0.03998,2.03261,2.09319,0.02962,0.03596,-0.17164,3.99937,3.89799,-0.31028,-0.32071,0.00730,-0.09350,-0.11514,-0.15397,-0.16933,0.01348,1.00782,1.06870,-0.50910,0.24095,0.01129,5.99400,5.82887
73.8132,-2.61290,-3.46490,-2.61290,-3.46490,-2.63399,-3.51538,1.58929,1.40003,4.22328,4.91541,4.22328,4.91541,0.00000,0.00000,0,0.00033,-0.47236,-0.48892,0.00289,0.38251,0.41893,-0.03944,-0.01075,0.00103,2.17260,2.39197,0.02664,0.02769,-0.00357,3.76166,3.75487,-0.31136,-0.32068,0.00320,0.19071,0.23694,-0.15435,-0.16934,0.00921,1.21940,1.18918,-0.50525,0.24092,-0.00612,5.97224,6.00982
73.9161,-2.60004,-3.46584,-2.60004,-3.46584,-2.60057,-3.48779,1.66754,1.50504,4.26811,4.99284,4.26811,4.99284,0.00000,0.00000,0,0.00289,-0.47654,-0.48887,0.00792,0.60309,0.50966,-0.03757,-0.01099,-0.00188,2.26588,2.25202,0.02873,0.02768,0.00038,3.52892,3.68614,-0.30902,-0.32064,-0.00835,-0.18214,-0.15468,-0.15259,-0.16935,0.00198,0.83666,0.87318,-0.50932,0.24093,0.00321,5.99078,6.02637
74.0146,-2.58625,-3.49205,-2.58625,-3.49205,-2.58992,-3.48737,1.74541,1.51263,4.33533,5.02293,4.33533,5.00000,0.00000,0.00000,8,0.00035,-0.47819,-0.48889,-0.00349,0.55149,0.68626,-0.03445,-0.01117,-0.00050,2.33379,2.21407,0.03168,0.02775,0.00081,3.29597,3.40841,-0.30998,-0.32058,-0.00780,-0.19018,-0.00399,-0.15412,-0.16932,0.00724,0.77678,0.87559,-0.51137,0.24092,0.00277,5.96980,5.93893
74.1159,-2.58705,-3.48359,-2.58705,-3.48359,-2.58631,-3.48416,1.82305,1.51584,4.40936,5.02066,4.40936,5.00000,0.00000,0.00000,8,0.00080,-0.47966,-0.48888,-0.00190,0.50477,0.48194,-0.03099,-0.01133,0.00781,2.36127,2.29808,0.03492,0.02785,0.00436,3.02343,3.03213,-0.31137,-0.32056,-0.00890,-0.20961,-0.22851,-0.15609,-0.16932,-0.00024,0.75095,0.68717,-0.51334,0.24093,0.00133,5.96456,5.85524
74.2181,-2.58834,-3.48425,-2.58834,-3.48425,-2.58655,-3.48401,1.90063,1.51599,4.48718,5.02101,4.48718,5.00000,0.00000,0.00000,8,0.00036,-0.48121,-0.48887,-0.00721,0.52235,0.47261,-0.02736,-0.01142,0.00461,2.35522,2.31277,0.03832,0.02800,0.00343,2.71557,2.58782,-0.31282,-0.32051,0.00881,-0.20630,-0.25231,-0.15817,-0.16934,-0.00671,0.71311,0.73151,-0.51541,0.24093,0.00466,5.97208,5.96006
74.3201,-2.58794,-3.48411,-2.58794,-3.48411,-2.58725,-3.48346,1.97824,1.51654,4.56549,5.02118,4.56549,5.00000,0.00000,0.00000,8,0.00035,-0.48277,-0.48885,-0.00056,0.53326,0.52130,-0.02370,-0.01143,0.00393,2.28106,2.41957,0.04174,0.02821,-0.00224,2.36626,2.36816,-0.31428,-0.32052,0.00093,-0.18970,-0.07875,-0.16027,-0.16931,0.00463,0.74807,0.80270,-0.51749,0.24092,0.00025,5.96915,5.96264
74.4210,-2.58665,-3.48612,-2.58665,-3.48612,-2.58706,-3.48593,2.05586,1.51407,4.64292,5.02100,4.64292,5.00000,0.00000,0.00000,8,0.00027,-0.48431,-0.48886,0.00381,0.57967,0.64645,-0.02009,-0.01142,0.00659,2.18967,2.08574,0.04512,0.02854,0.00728,1.97738,1.82745,-0.31573,-0.32053,-0.00484,-0.19057,-0.18228,-0.16234,-0.16932,-0.00001,0.79200,0.78623,-0.51955,0.24092,-0.00060,5.99400,6.10743
74.5222,-2.58262,-3.48828,-2.58262,-3.48828,-2.58394,-3.48805,2.13341,1.51195,4.71735,5.02103,4.71735,5.00000,0.00000,0.00000,8,0.00027,-0.48579,-0.48889,-0.01054,0.59172,0.66281,-0.01661,-0.01144,-0.00392,2.04496,1.92221,0.04837,0.02892,0.00856,1.59822,1.51777,-0.31712,-0.32053,-0.00647,-0.15589,-0.16716,-0.16433,-0.16932,-0.00006,0.84481,0.74728,-0.52153,0.24093,0.00343,5.98317,5.90193
74.6231,-2.58297,-3.48790,-2.58297,-3.48790,-2.58346,-3.48825,2.21091,1.51175,4.79437,5.02078,4.79437,5.00000,0.00000,0.00000,8,0.00057,-0.48732,-0.48889,-0.00448,0.68095,0.64694,-0.01302,-0.01142,0.00256,1.84987,1.88643,0.05173,0.02949,0.00716,1.13940,1.11327,-0.31855,-0.32052,-0.00098,-0.07610,-0.05581,-0.16639,-0.16933,-0.00077,0.89449,0.96118,-0.52358,0.24091,-0.00342,5.97963,5.88866
74.7236,-2.58508,-3.48723,-2.58508,-3.48723,-2.58387,-3.48670,2.28841,1.51330,4.87229,5.02115,4.87229,5.00000,0.00000,0.00000,8,0.00027,-0.48886,-0.48893,-0.00661,0.74176,0.84123,-0.00938,-0.01141,0.00273,1.62837,1.79977,0.05513,0.03053,0.01973,0.74607,0.82764,-0.32001,-0.32054,-0.00551,-0.02306,0.04245,-0.16848,-0.16932,0.00947,1.03800,0.91511,-0.52566,0.24091,-0.00579,5.97462,5.97598
74.8249,-2.58440,-3.50962,-2.58440,-3.50962,-2.58512,-3.49865,2.36597,1.50135,4.95109,5.02569,4.95109,5.00000,0.00000,0.00000,8,0.00026,-0.49043,-0.48894,0.00251,0.87135,0.86708,-0.00571,-0.01138,0.00355,1.33013,1.37449,0.05857,0.03441,0.05116,0.59212,0.67797,-0.32147,-0.32053,0.00225,0.10236,0.06781,-0.17059,-0.16930,0.01795,1.20714,1.14865,-0.52776,0.24092,0.00258,5.95820,6.03061
74.9282,-2.58739,-3.53190,-2.58739,-3.53190,-2.58649,-3.52385,2.41351,1.47615,5.01590,5.02459,5.00000,5.00000,0.00000,0.00000,12,0.00239,-0.49140,-0.48901,-0.00365,0.96261,0.97971,-0.00343,-0.01130,0.00545,1.07665,1.06796,0.06070,0.03748,0.02310,0.30034,0.21639,-0.32238,-0.32056,-0.00232,0.14550,0.09767,-0.17190,-0.16936,-0.00202,1.25819,1.24994,-0.52906,0.24091,-0.00238,5.97118,5.87752
75.0274,-2.59289,-3.54377,-2.59289,-3.54377,-2.59100,-3.53857,2.40900,1.46143,5.01635,5.02346,5.00000,5.00000,0.00000,0.00000,12,0.00037,-0.49140,-0.48902,-0.00937,0.94585,1.00717,-0.00343,-0.01128,-0.00054,1.07601,1.08172,0.06070,0.03837,0.00342,0.08663,0.11435,-0.32238,-0.32056,-0.00141,0.15288,0.18820,-0.17190,-0.16934,0.00467,1.28617,1.16347,-0.52906,0.24093,0.00624,5.98841,5.93127
75.1287,-2.59495,-3.54634,-2.59495,-3.54634,-2.59407,-3.54418,2.40593,1.45582,5.01594,5.02219,5.00000,5.00000,0.00000,0.00000,12,0.00046,-0.49140,-0.48904,-0.00126,0.98753,0.99066,-0.00343,-0.01124,-0.00027,0.99658,0.91690,0.06070,0.03922,0.00676,-0.11710,-0.00285,-0.32238,-0.32056,0.00270,0.18723,0.18707,-0.17190,-0.16935,0.00199,1.30252,1.39545,-0.52906,0.24091,-0.00455,5.95969,6.10810
75.2314,-2.59247,-3.55769,-2.59247,-3.55769,-2.59331,-3.55335,2.40669,1.44665,5.01520,5.02318,5.00000,5.00000,0.00000,0.00000,12,0.00037,-0.49140,-0.48903,0.00181,1.03170,0.94785,-0.00343,-0.01118,0.00261,0.88734,1.08202,0.06070,0.04021,0.00625,-0.30595,-0.30139,-0.32238,-0.32057,-0.00327,0.21300,0.25360,-0.17190,-0.16934,0.00442,1.34287,1.25515,-0.52906,0.24092,0.00684,5.99400,5.89113
75.3327,-2.59152,-3.56006,-2.59152,-3.56006,-2.59326,-3.55861,2.40674,1.44139,5.01482,5.02197,5.00000,5.00000,0.00000,0.00000,12,0.00030,-0.49140,-0.48905,0.00070,1.07919,1.08060,-0.00343,-0.01110,0.00533,0.81360,0.90995,0.06070,0.04132,0.01198,-0.50523,-0.32066,-0.32238,-0.32056,0.00508,0.23773,0.15270,-0.17190,-0.16934,0.00658,1.35008,1.49106,-0.52906,0.24091,0.00106,5.96268,6.03606
75.4333,-2.59473,-3.56777,-2.59473,-3.56777,-2.59365,-3.56415,2.40635,1.43585,5.01602,5.02294,5.00000,5.00000,0.00000,0.00000,12,0.00028,-0.49140,-0.48907,-0.00190,1.08796,1.14834,-0.00343,-0.01101,0.00037,0.73196,0.85606,0.06070,0.04224,0.00623,-0.65942,-0.60862,-0.32238,-0.32056,0.00785,0.26759,0.28845,-0.17190,-0.16935,-0.00272,1.40845,1.34223,-0.52906,0.24090,-0.00764,5.97428,6.08546
75.5336,-2.59282,-3.57790,-2.59282,-3.57790,-2.59367,-3.57373,2.40633,1.42627,5.01520,5.02323,5.00000,5.00000,0.00000,0.00000,12,0.00028,-0.49140,-0.48909,-0.00351,1.09970,1.12625,-0.00343,-0.01084,-0.00747,0.62240,0.66721,0.06070,0.04322,0.00721,-0.80585,-0.85824,-0.32238,-0.32058,0.00406,0.26934,0.26563,-0.17190,-0.16935,-0.00068,1.44857,1.39457,-0.52906,0.24089,-0.00658,5.97375,6.03754
75.6348,-2.59776,-3.58748,-2.59776,-3.58748,-2.59551,-3.58305,2.40449,1.41695,5.01654,5.02340,5.00000,5.00000,0.00000,0.00000,12,0.00040,-0.49140,-0.48911,-0.00126,1.11857,1.19021,-0.00343,-0.01063,0.00350,0.59399,0.54272,0.06070,0.04414,0.01172,-0.96706,-1.04685,-0.32238,-0.32059,-0.00109,0.26631,0.35402,-0.17190,-0.16935,0.00400,1.49400,1.46204,-0.52906,0.24089,-0.00927,5.93504,5.84434
75.7361,-2.60396,-3.59726,-2.60396,-3.59726,-2.60051,-3.59342,2.39949,1.40658,5.01708,5.02320,5.00000,5.00000,0.00000,0.00000,12,0.00029,-0.49140,-0.48913,0.00091,1.14135,1.18120,-0.00343,-0.01044,0.00115,0.48207,0.55363,0.06070,0.04520,0.00745,-1.09146,-1.21143,-0.32238,-0.32060,-0.00314,0.33859,0.31628,-0.17190,-0.16935,0.00388,1.52570,1.45321,-0.52906,0.24090,-0.00042,5.96952,6.05629
75.8382,-2.60285,-3.61010,-2.60285,-3.61010,-2.60337,-3.60415,2.39663,1.39585,5.01540,5.02417,5.00000,5.00000,0.00000,0.00000,12,0.00035,-0.49140,-0.48916,-0.00319,1.17268,1.12145,-0.00343,-0.01018,-0.00344,0.40665,0.41985,0.06070,0.04664,0.00737,-1.15724,-1.10672,-0.32238,-0.32060,0.00102,0.34515,0.33558,-0.17190,-0.16937,-0.00359,1.52348,1.55043,-0.52906,0.24091,0.00473,5.95999,5.94395
75.9398,-2.60617,-3.62297,-2.60617,-3.62297,-2.60432,-3.61582,2.39568,1.38418,5.01642,5.02476,5.00000,5.00000,0.00000,0.00000,12,0.00031,-0.49140,-0.48919,-0.00116,1.18808,1.28351,-0.00343,-0.00991,-0.00022,0.36531,0.50233,0.06070,0.04853,0.02765,-1.17296,-1.14185,-0.32238,-0.32061,-0.00014,0.35581,0.41572,-0.17190,-0.16935,0.00752,1.56919,1.62281,-0.52906,0.24089,0.00040,5.98384,5.94680
76.0410,-2.60525,-3.63728,-2.60525,-3.63728,-2.60537,-3.63161,2.39463,1.36839,5.01558,5.02422,5.00000,5.00000,0.00000,0.00000,12,0.00031,-0.49140,-0.48924,-0.00126,1.21908,1.19227,-0.00343,-0.00960,0.00177,0.31695,0.33325,0.06070,0.05012,0.01584,-1.23499,-1.23879,-0.32238,-0.32061,0.00275,0.38848,0.33019,-0.17190,-0.16935,0.00797,1.59878,1.66497,-0.52906,0.24092,0.00543,5.96685,6.08682
76.1416,-2.60222,-3.64855,-2.60222,-3.64855,-2.60384,-3.64312,2.39616,1.35688,5.01493,5.02418,5.00000,5.00000,0.00000,0.00000,12,0.00025,-0.49140,-0.48926,-0.00409,1.25780,1.26505,-0.00343,-0.00937,-0.00300,0.20541,0.18370,0.06070,0.05147,0.01102,-1.27318,-1.20962,-0.32238,-0.32063,-0.00360,0.37995,0.37024,-0.17190,-0.16935,0.01194,1.64289,1.55917,-0.52906,0.24088,-0.00946,5.93453,5.85606
76.2441,-2.59725,-3.65853,-2.59725,-3.65853,-2.59801,-3.65311,2.40199,1.34689,5.01527,5.02424,5.00000,5.00000,0.00000,0.00000,12,0.00028,-0.49140,-0.48926,0.00296,1.30537,1.13367,-0.00343,-0.00914,0.00353,0.16466,0.29928,0.06070,0.05313,0.02497,-1.24744,-1.21405,-0.32238,-0.32064,-0.00692,0.41500,0.32013,-0.17190,-0.16939,-0.00894,1.61467,1.63728,-0.52906,0.24088,-0.01013,5.94726,6.04527
76.3457,-2.59396,-3.72266,-2.59396,-3.72266,-2.59678,-3.68471,2.40322,1.31529,5.01437,5.03837,5.00000,5.00000,0.00000,0.00000,12,0.00029,-0.49140,-0.48928,0.00827,1.33027,1.23826,-0.00343,-0.00885,0.00934,0.15745,0.17631,0.06070,0.06472,0.49644,0.89421,-0.00533,-0.32238,-0.32064,-0.00291,0.41387,0.36491,-0.17190,-0.16939,-0.00431,1.66318,1.69463,-0.52906,0.24088,-0.00652,5.94879,5.99027
76.4480,-2.60718,-3.83596,-2.60718,-3.83596,-2.61016,-3.80207,2.38984,1.19793,5.01438,5.03734,5.00000,5.00000,0.00000,0.00000,12,0.00033,-0.49140,-0.48932,0.00072,1.34077,1.30915,-0.00343,-0.00812,-0.00008,0.11528,0.12332,0.06070,0.07548,-0.00222,0.27605,0.09976,-0.32238,-0.32063,0.00732,0.47225,0.49051,-0.17190,-0.16937,0.00050,1.72130,1.69228,-0.52906,0.24088,-0.00476,5.94089,5.92746
76.5507,-2.63084,-3.81840,-2.63084,-3.81840,-2.61859,-3.81930,2.38141,1.18070,5.02096,5.02253,5.00000,5.00000,0.00000,0.00000,12,0.00032,-0.49140,-0.48940,-0.01348,1.34706,1.23608,-0.00343,-0.00762,0.01019,0.12525,0.07841,0.06070,0.07541,-0.00589,0.45516,0.53793,-0.32238,-0.32068,-0.00829,0.48546,0.55593,-0.17190,-0.16939,0.00275,1.74956,1.80452,-0.52906,0.24089,-0.00218,5.96696,6.19633
