t_s,roll,pitch,err_r,err_p,err_r_filt,err_p_filt,integ_r,integ_p,pi_out_r,pi_out_p,corr_r,corr_p,target_roll,target_pitch,clip_flags,dt_actual,mt_0,enc_0,vel_0,iq_sp_0,iq_0,mt_1,enc_1,vel_1,iq_sp_1,iq_1,mt_2,enc_2,vel_2,iq_sp_2,iq_2,mt_3,enc_3,vel_3,iq_sp_3,iq_3,mt_4,enc_4,vel_4,iq_sp_4,iq_4,mt_5,enc_5,vel_5,iq_sp_5,iq_5
0.0000,-3.57718,-3.32459,-3.57718,-3.32459,-3.57758,-3.32291,1.42242,1.67709,5.02129,5.02066,5.00000,5.00000,0.00000,0.00000,12,0.00099,-0.62382,-0.62299,0.00482,1.84145,1.89838,-0.13527,-0.13519,-0.00139,-0.17334,-0.17591,-0.07086,-0.07190,-0.00529,2.21377,2.11563,-0.45432,-0.45479,0.00703,-0.30175,-0.29665,-0.30381,-0.30489,0.00615,1.03498,1.15493,-0.66160,0.23429,-0.00442,5.97438,5.99898
0.1008,-3.57193,-3.32520,-3.57193,-3.32520,-3.57380,-3.32428,1.42620,1.67572,5.02064,5.02034,5.00000,5.00000,0.00000,0.00000,12,0.00029,-0.62382,-0.62304,0.00097,1.87223,1.88213,-0.13527,-0.13519,-0.00024,-0.16572,-0.10178,-0.07086,-0.07187,0.00350,2.24687,2.28712,-0.45432,-0.45477,0.00415,-0.30436,-0.38255,-0.30381,-0.30488,0.00669,1.02721,1.04610,-0.66160,0.23429,-0.00142,5.95317,6.03508
0.2014,-3.57256,-3.32370,-3.57256,-3.32370,-3.57185,-3.32438,1.42815,1.67562,5.02174,5.01966,5.00000,5.00000,0.00000,0.00000,12,0.00030,-0.62382,-0.62308,0.00105,1.85920,1.92580,-0.13527,-0.13518,0.00309,-0.15162,-0.29615,-0.07086,-0.07187,-0.00298,2.18039,2.21911,-0.45432,-0.45476,-0.00588,-0.33287,-0.47903,-0.30381,-0.30487,0.00819,0.98976,0.78514,-0.66160,0.23428,-0.00689,5.97207,5.88704
0.3044,-3.56835,-3.32559,-3.56835,-3.32559,-3.56970,-3.32462,1.43030,1.67538,5.02084,5.02036,5.00000,5.00000,0.00000,0.00000,12,0.00072,-0.62382,-0.62314,0.00010,1.86362,1.89283,-0.13527,-0.13519,0.00091,-0.16086,-0.19232,-0.07086,-0.07186,-0.00122,2.21000,2.19766,-0.45432,-0.45473,0.00127,-0.30296,-0.33112,-0.30381,-0.30488,-0.00239,0.97282,0.97893,-0.66160,0.23430,0.00668,5.99400,5.88112
0.4059,-3.56766,-3.32490,-3.56766,-3.32490,-3.56871,-3.32472,1.43129,1.67528,5.02096,5.02002,5.00000,5.00000,0.00000,0.00000,12,0.00036,-0.62382,-0.62318,-0.00204,1.86983,1.69188,-0.13527,-0.13519,0.00099,-0.16253,-0.13931,-0.07086,-0.07184,0.00371,2.19325,2.22856,-0.45432,-0.45470,0.00300,-0.31626,-0.31473,-0.30381,-0.30488,-0.00402,0.98764,1.06822,-0.66160,0.23429,0.00097,5.99400,5.92129
0.5063,-3.57530,-3.32781,-3.57530,-3.32781,-3.57311,-3.32679,1.42689,1.67321,5.02238,5.02040,5.00000,5.00000,0.00000,0.00000,12,0.00034,-0.62382,-0.62322,-0.00247,1.88967,1.78674,-0.13527,-0.13519,-0.00140,-0.16587,-0.15235,-0.07086,-0.07184,0.00403,2.18218,2.25688,-0.45432,-0.45467,0.00592,-0.32711,-0.35182,-0.30381,-0.30487,-0.00333,0.94996,0.97313,-0.66160,0.23425,-0.01225,5.92120,6.00168
0.6066,-3.57060,-3.32550,-3.57060,-3.32550,-3.57296,-3.32557,1.42704,1.67443,5.02043,5.01992,5.00000,5.00000,0.00000,0.00000,12,0.00029,-0.62382,-0.62325,0.00264,1.89440,1.95347,-0.13527,-0.13518,0.00323,-0.14359,-0.17029,-0.07086,-0.07184,0.00367,2.17203,2.15942,-0.45432,-0.45465,-0.00213,-0.32925,-0.29837,-0.30381,-0.30487,-0.00366,0.93855,0.98574,-0.66160,0.23429,0.00543,5.99400,6.05133
0.7098,-3.56822,-3.32615,-3.56822,-3.32615,-3.56979,-3.32554,1.43021,1.67446,5.02074,5.02021,5.00000,5.00000,0.00000,0.00000,12,0.00119,-0.62382,-0.62329,-0.00917,1.87072,1.78374,-0.13527,-0.13519,-0.00038,-0.15987,-0.29712,-0.07086,-0.07184,-0.00137,2.14249,2.28992,-0.45432,-0.45463,0.00320,-0.31826,-0.33220,-0.30381,-0.30487,-0.00539,0.91855,0.87382,-0.66160,0.23429,0.01196,5.99064,6.02306
0.8100,-3.57010,-3.32612,-3.57010,-3.32612,-3.56927,-3.32605,1.43073,1.67395,5.02177,5.01999,5.00000,5.00000,0.00000,0.00000,12,0.00032,-0.62382,-0.62333,-0.00348,1.90520,1.92059,-0.13527,-0.13519,-0.00328,-0.16945,-0.26821,-0.07086,-0.07183,0.00047,2.13957,1.98790,-0.45432,-0.45460,0.00841,-0.32084,-0.27634,-0.30381,-0.30485,-0.00192,0.92788,0.87233,-0.66160,0.23428,0.00177,5.97226,5.89117
0.9130,-3.57321,-3.32852,-3.57321,-3.32852,-3.57202,-3.32811,1.42798,1.67189,5.02194,5.02014,5.00000,5.00000,0.00000,0.00000,12,0.00027,-0.62382,-0.62333,0.00277,1.92971,2.03037,-0.13527,-0.13518,0.00079,-0.15207,-0.12839,-0.07086,-0.07182,0.00216,2.14131,2.19849,-0.45432,-0.45463,-0.00633,-0.35163,-0.32302,-0.30381,-0.30484,0.00392,0.93538,0.80398,-0.66160,0.23428,0.00335,5.94953,5.95973
1.0138,-3.57332,-3.33022,-3.57332,-3.33022,-3.57302,-3.32958,1.42698,1.67042,5.02157,5.02025,5.00000,5.00000,0.00000,0.00000,12,0.00028,-0.62382,-0.62336,0.00439,1.88579,1.77503,-0.13527,-0.13518,0.00122,-0.14985,-0.19418,-0.07086,-0.07182,0.00156,2.12884,2.19784,-0.45432,-0.45458,0.00609,-0.32451,-0.37347,-0.30381,-0.30483,0.00526,0.93413,0.87397,-0.66160,0.23430,0.01410,5.99245,5.90963
1.1186,-3.57150,-3.33415,-3.57150,-3.33415,-3.57224,-3.33225,1.42776,1.66775,5.02111,5.02081,5.00000,5.00000,0.00000,0.00000,12,0.00038,-0.62382,-0.62337,0.01335,1.94969,1.85827,-0.13527,-0.13518,0.00397,-0.14015,-0.16525,-0.07086,-0.07179,0.00932,2.12364,2.07759,-0.45432,-0.45458,-0.00119,-0.34456,-0.36198,-0.30381,-0.30484,-0.00181,0.89453,0.91925,-0.66160,0.23430,0.01621,5.99400,5.88662
1.2202,-3.56740,-3.33266,-3.56740,-3.33266,-3.56900,-3.33298,1.43100,1.66702,5.02073,5.01986,5.00000,5.00000,0.00000,0.00000,12,0.00036,-0.62382,-0.62345,-0.00208,1.91975,1.94905,-0.13527,-0.13519,-0.00178,-0.16141,-0.06768,-0.07086,-0.07182,-0.00424,2.08819,2.17391,-0.45432,-0.45455,-0.00498,-0.34580,-0.45053,-0.30381,-0.30485,-0.00575,0.86740,0.84346,-0.66160,0.23426,-0.00611,5.98136,5.97772
1.3215,-3.57024,-3.33035,-3.57024,-3.33035,-3.56914,-3.33126,1.43086,1.66874,5.02189,5.01959,5.00000,5.00000,0.00000,0.00000,12,0.00030,-0.62382,-0.62350,-0.00608,1.88447,2.10019,-0.13527,-0.13522,-0.01507,-0.18635,-0.19149,-0.07086,-0.07182,-0.00851,2.06082,2.11326,-0.45432,-0.45454,0.00027,-0.35458,-0.29627,-0.30381,-0.30485,-0.00858,0.84381,0.84819,-0.66160,0.23426,-0.00276,5.99400,5.99100
1.4237,-3.56944,-3.33297,-3.56944,-3.33297,-3.56913,-3.33220,1.43087,1.66780,5.02154,5.02032,5.00000,5.00000,0.00000,0.00000,12,0.00031,-0.62382,-0.62351,0.00588,1.91632,1.97734,-0.13527,-0.13518,0.00005,-0.14870,-0.12018,-0.07086,-0.07179,0.00342,2.07091,2.03656,-0.45432,-0.45453,-0.00911,-0.35266,-0.32012,-0.30381,-0.30481,0.00622,0.86704,0.85548,-0.66160,0.23426,-0.00223,5.99400,5.89193
1.5242,-3.56810,-3.33253,-3.56810,-3.33253,-3.56914,-3.33298,1.43086,1.66702,5.02097,5.01981,5.00000,5.00000,0.00000,0.00000,12,0.00034,-0.62382,-0.62357,0.00110,1.93882,1.89697,-0.13527,-0.13518,-0.00195,-0.15380,-0.11741,-0.07086,-0.07178,-0.00242,2.04616,2.17380,-0.45432,-0.45450,-0.00148,-0.34557,-0.38115,-0.30381,-0.30481,-0.00420,0.85369,0.76583,-0.66160,0.23429,0.01551,5.99400,6.14011
1.6274,-3.56337,-3.33419,-3.56337,-3.33419,-3.56574,-3.33376,1.43426,1.66624,5.02038,5.02019,5.00000,5.00000,0.00000,0.00000,12,0.00123,-0.62382,-0.62358,0.00768,1.92198,1.72731,-0.13527,-0.13520,-0.00578,-0.17086,-0.09640,-0.07086,-0.07179,-0.00265,2.05826,2.19606,-0.45432,-0.45450,-0.00846,-0.34480,-0.29360,-0.30381,-0.30479,0.00335,0.82222,0.87218,-0.66160,0.23428,0.01390,5.99400,6.03964
1.7269,-3.56107,-3.33376,-3.56107,-3.33376,-3.56206,-3.33379,1.43794,1.66621,5.02095,5.01999,5.00000,5.00000,0.00000,0.00000,12,0.00029,-0.62382,-0.62360,0.00545,1.93470,1.93072,-0.13527,-0.13518,0.00280,-0.16642,-0.14285,-0.07086,-0.07177,-0.00078,2.04047,2.08947,-0.45432,-0.45447,0.00531,-0.33934,-0.37415,-0.30381,-0.30479,0.00266,0.81384,0.82915,-0.66160,0.23424,-0.00636,5.92758,5.84703
1.8290,-3.56677,-3.33403,-3.56677,-3.33403,-3.56484,-3.33449,1.43516,1.66551,5.02222,5.01981,5.00000,5.00000,0.00000,0.00000,12,0.00029,-0.62382,-0.62363,0.00391,1.95069,1.88135,-0.13527,-0.13520,-0.00455,-0.16844,-0.25596,-0.07086,-0.07175,0.00570,2.02770,2.02098,-0.45432,-0.45444,0.00056,-0.38314,-0.45327,-0.30381,-0.30480,-0.00369,0.78974,0.77106,-0.66160,0.23426,0.00157,5.96609,5.86649
1.9303,-3.57116,-3.33420,-3.57116,-3.33420,-3.56949,-3.33440,1.43051,1.66560,5.02213,5.01992,5.00000,5.00000,0.00000,0.00000,12,0.00034,-0.62382,-0.62364,0.00206,1.93869,2.11479,-0.13527,-0.13520,-0.00631,-0.17370,-0.16979,-0.07086,-0.07174,0.00888,2.02891,1.84766,-0.45432,-0.45445,-0.00608,-0.36961,-0.30110,-0.30381,-0.30478,0.00334,0.81316,0.82950,-0.66160,0.23425,-0.00217,5.97062,6.02040
2.0310,-3.57214,-3.33379,-3.57214,-3.33379,-3.57237,-3.33423,1.42763,1.66577,5.02133,5.01981,5.00000,5.00000,0.00000,0.00000,12,0.00031,-0.62382,-0.62367,0.00113,1.91838,2.05362,-0.13527,-0.13518,0.00323,-0.16374,-0.14474,-0.07086,-0.07173,0.00714,2.01671,1.99267,-0.45432,-0.45443,0.00161,-0.33237,-0.32615,-0.30381,-0.30480,-0.00476,0.76542,0.72367,-0.66160,0.23425,-0.00240,5.95475,5.91603
2.1334,-3.57204,-3.33334,-3.57204,-3.33334,-3.57246,-3.33416,1.42754,1.66584,5.02125,5.01965,5.00000,5.00000,0.00000,0.00000,12,0.00026,-0.62382,-0.62370,-0.00296,1.92518,1.91192,-0.13527,-0.13519,0.00185,-0.13730,-0.20081,-0.07086,-0.07175,0.00007,1.97836,1.99711,-0.45432,-0.45441,0.00362,-0.35041,-0.34437,-0.30381,-0.30479,-0.00222,0.73569,0.80945,-0.66160,0.23425,0.00281,5.98930,5.89472
2.2366,-3.57295,-3.33538,-3.57295,-3.33538,-3.57238,-3.33494,1.42762,1.66506,5.02168,5.02019,5.00000,5.00000,0.00000,0.00000,12,0.00040,-0.62382,-0.62370,0.00230,1.91159,1.84186,-0.13527,-0.13519,-0.00383,-0.15815,-0.09565,-0.07086,-0.07173,0.00462,1.99145,1.93857,-0.45432,-0.45439,0.00240,-0.37581,-0.39173,-0.30381,-0.30475,0.01193,0.75864,0.65013,-0.66160,0.23426,0.00874,5.99400,5.94290
2.3385,-3.57417,-3.33870,-3.57417,-3.33870,-3.57352,-3.33706,1.42648,1.66294,5.02172,5.02072,5.00000,5.00000,0.00000,0.00000,12,0.00029,-0.62382,-0.62375,-0.00478,1.91074,2.05785,-0.13527,-0.13520,-0.00391,-0.16694,-0.06897,-0.07086,-0.07174,-0.00173,1.94831,2.04448,-0.45432,-0.45437,0.00514,-0.33365,-0.22334,-0.30381,-0.30479,-0.01189,0.73621,0.66996,-0.66160,0.23425,0.00360,5.97695,6.00434
2.4411,-3.57056,-3.33976,-3.57056,-3.33976,-3.57297,-3.33961,1.42703,1.66039,5.02040,5.02010,5.00000,5.00000,0.00000,0.00000,12,0.00032,-0.62382,-0.62375,0.00187,1.91423,2.08142,-0.13527,-0.13520,-0.00496,-0.14462,-0.12908,-0.07086,-0.07171,0.00172,1.96887,1.90671,-0.45432,-0.45437,0.00020,-0.37024,-0.32959,-0.30381,-0.30476,0.00461,0.70658,0.77250,-0.66160,0.23423,-0.00141,5.98926,5.95432
2.5445,-3.56747,-3.33836,-3.56747,-3.33836,-3.57014,-3.33936,1.42986,1.66064,5.02027,5.01961,5.00000,5.00000,0.00000,0.00000,12,0.00109,-0.62382,-0.62378,-0.00164,1.90501,1.92307,-0.13527,-0.13520,-0.00315,-0.13890,-0.02883,-0.07086,-0.07172,-0.00022,1.95793,1.98243,-0.45432,-0.45436,0.00563,-0.33588,-0.31195,-0.30381,-0.30474,0.00596,0.70950,0.75345,-0.66160,0.23425,0.01016,5.99400,5.97956
2.6469,-3.56616,-3.34128,-3.56616,-3.34128,-3.56643,-3.34021,1.43357,1.65979,5.02128,5.02050,5.00000,5.00000,0.00000,0.00000,12,0.00040,-0.62382,-0.62378,0.00438,1.93831,1.86559,-0.13527,-0.13518,0.00499,-0.11865,-0.24239,-0.07086,-0.07171,-0.00119,1.93315,1.96090,-0.45432,-0.45437,-0.00382,-0.34925,-0.34555,-0.30381,-0.30473,0.00738,0.69392,0.70328,-0.66160,0.23422,-0.01113,5.94109,5.84992
2.7473,-3.56777,-3.34577,-3.56777,-3.34577,-3.56748,-3.34358,1.43252,1.65642,5.02153,5.02100,5.00000,5.00000,0.00000,0.00000,12,0.00027,-0.62382,-0.62381,-0.00125,1.93611,1.93765,-0.13527,-0.13518,0.00305,-0.12263,-0.12867,-0.07086,-0.07170,0.00299,1.94678,2.05571,-0.45432,-0.45437,-0.00269,-0.34747,-0.33147,-0.30381,-0.30473,0.00885,0.70625,0.68457,-0.66160,0.23423,0.00204,5.98819,5.96778
2.8503,-3.56899,-3.34882,-3.56899,-3.34882,-3.56773,-3.34747,1.43227,1.65253,5.02195,5.02066,5.00000,5.00000,0.00000,0.00000,12,0.00038,-0.62382,-0.62382,-0.00489,1.93075,1.82818,-0.13527,-0.13519,0.00362,-0.14123,-0.20398,-0.07086,-0.07172,-0.00347,1.91540,1.95001,-0.45432,-0.45436,-0.00072,-0.35019,-0.32265,-0.30381,-0.30473,0.00373,0.68403,0.79958,-0.66160,0.23421,-0.00814,5.95233,5.89815
2.9535,-3.56556,-3.34991,-3.56556,-3.34991,-3.56690,-3.34911,1.43310,1.65089,5.02083,5.02044,5.00000,5.00000,0.00000,0.00000,12,0.00107,-0.62382,-0.62381,0.00236,1.91852,1.87356,-0.13527,-0.13519,0.00163,-0.12548,-0.20042,-0.07086,-0.07170,-0.00602,1.89307,1.90340,-0.45432,-0.45436,-0.00302,-0.36151,-0.34753,-0.30381,-0.30472,0.00284,0.66454,0.66480,-0.66160,0.23420,-0.01410,5.96835,6.00715
3.0535,-3.55716,-3.35059,-3.55716,-3.35059,-3.56105,-3.35085,1.43895,1.64915,5.01970,5.01999,5.00000,5.00000,0.00000,0.00000,12,0.00045,-0.62382,-0.62382,0.00122,1.92734,1.95010,-0.13527,-0.13518,0.00481,-0.14094,-0.12419,-0.07086,-0.07166,0.00321,1.87620,1.84412,-0.45432,-0.45434,-0.00511,-0.35962,-0.24512,-0.30381,-0.30471,0.00612,0.66962,0.74569,-0.66160,0.23425,0.01051,5.97373,6.08347
3.1548,-3.55842,-3.35025,-3.55842,-3.35025,-3.55814,-3.35015,1.44186,1.64985,5.02147,5.02014,5.00000,5.00000,0.00000,0.00000,12,0.00029,-0.62382,-0.62383,-0.00173,1.93390,1.87030,-0.13527,-0.13521,-0.00859,-0.16966,-0.02289,-0.07086,-0.07168,-0.00472,1.89937,1.74230,-0.45432,-0.45432,0.00178,-0.35648,-0.32544,-0.30381,-0.30473,-0.00149,0.64828,0.68413,-0.66160,0.23422,0.00013,5.96905,5.94859
3.2553,-3.55587,-3.35581,-3.55587,-3.35581,-3.55675,-3.35313,1.44325,1.64687,5.02096,5.02127,5.00000,5.00000,0.00000,0.00000,12,0.00036,-0.62382,-0.62385,0.00045,1.92230,1.88306,-0.13527,-0.13519,-0.00443,-0.14836,-0.16660,-0.07086,-0.07169,-0.00642,1.90308,1.86439,-0.45432,-0.45430,0.00748,-0.36946,-0.31418,-0.30381,-0.30472,0.00120,0.60726,0.69470,-0.66160,0.23423,0.00081,5.95853,5.96168
3.3569,-3.55995,-3.35996,-3.55995,-3.35996,-3.55807,-3.35789,1.44193,1.64211,5.02215,5.02104,5.00000,5.00000,0.00000,0.00000,12,0.00033,-0.62382,-0.62383,0.00361,1.93410,1.79177,-0.13527,-0.13518,0.00609,-0.14215,-0.19207,-0.07086,-0.07166,0.00304,1.88292,1.86110,-0.45432,-0.45431,0.00013,-0.33447,-0.24819,-0.30381,-0.30474,-0.00966,0.60694,0.52726,-0.66160,0.23423,0.00301,5.96828,6.03319
3.4591,-3.56004,-3.36049,-3.56004,-3.36049,-3.55914,-3.35992,1.44086,1.64008,5.02174,5.02040,5.00000,5.00000,0.00000,0.00000,12,0.00034,-0.62382,-0.62385,0.00027,1.91391,1.82732,-0.13527,-0.13518,0.00699,-0.13712,-0.12083,-0.07086,-0.07165,0.00374,1.87605,1.84219,-0.45432,-0.45432,-0.00469,-0.35670,-0.35682,-0.30381,-0.30471,-0.00268,0.59929,0.64191,-0.66160,0.23421,-0.00052,5.98353,5.96963
3.5601,-3.55469,-3.36179,-3.55469,-3.36179,-3.55692,-3.36152,1.44308,1.63849,5.02039,5.02029,5.00000,5.00000,0.00000,0.00000,12,0.00030,-0.62382,-0.62385,0.00352,1.92454,1.91380,-0.13527,-0.13520,-0.00727,-0.16081,-0.06784,-0.07086,-0.07165,-0.00179,1.84937,1.92189,-0.45432,-0.45430,0.00632,-0.34179,-0.39329,-0.30381,-0.30469,0.00269,0.62072,0.65235,-0.66160,0.23421,-0.00653,5.96646,5.89437
3.6608,-3.55904,-3.36372,-3.55904,-3.36372,-3.55813,-3.36302,1.44187,1.63698,5.02174,5.02048,5.00000,5.00000,0.00000,0.00000,12,0.00031,-0.62382,-0.62385,0.00854,1.94056,1.83113,-0.13527,-0.13518,0.00163,-0.12064,-0.13536,-0.07086,-0.07166,-0.00743,1.81858,1.76481,-0.45432,-0.45429,0.00553,-0.34156,-0.29519,-0.30381,-0.30470,-0.00007,0.59041,0.60017,-0.66160,0.23423,0.00321,5.99400,6.07183
3.7626,-3.55858,-3.36760,-3.55858,-3.36760,-3.55914,-3.36582,1.44086,1.63418,5.02111,5.02096,5.00000,5.00000,0.00000,0.00000,12,0.00030,-0.62382,-0.62385,0.00581,1.92654,1.88942,-0.13527,-0.13518,0.00567,-0.13762,-0.18887,-0.07086,-0.07163,0.00771,1.84165,1.75120,-0.45432,-0.45430,-0.00490,-0.37866,-0.32663,-0.30381,-0.30471,-0.01265,0.57057,0.59160,-0.66160,0.23423,0.00670,5.97375,6.13028
3.8629,-3.56163,-3.36857,-3.56163,-3.36857,-3.56121,-3.36750,1.43879,1.63250,5.02155,5.02066,5.00000,5.00000,0.00000,0.00000,12,0.00026,-0.62382,-0.62388,-0.00312,1.91317,1.88916,-0.13527,-0.13518,0.00305,-0.14426,-0.15441,-0.07086,-0.07165,-0.00530,1.81122,1.79074,-0.45432,-0.45429,0.00278,-0.34644,-0.29922,-0.30381,-0.30467,0.00222,0.59710,0.51886,-0.66160,0.23422,0.00801,5.99400,5.93242
3.9636,-3.56273,-3.36633,-3.56273,-3.36633,-3.56241,-3.36770,1.43759,1.63230,5.02151,5.01962,5.00000,5.00000,0.00000,0.00000,12,0.00031,-0.62382,-0.62389,-0.00635,1.89856,2.07163,-0.13527,-0.13520,-0.00680,-0.14381,-0.16521,-0.07086,-0.07163,0.00016,1.83228,1.79752,-0.45432,-0.45429,-0.00373,-0.36782,-0.37943,-0.30381,-0.30467,-0.00150,0.57594,0.59311,-0.66160,0.23421,0.00065,5.98652,6.02017
4.0689,-3.55821,-3.36545,-3.55821,-3.36545,-3.56099,-3.36553,1.43901,1.63447,5.02017,5.02016,5.00000,5.00000,0.00000,0.00000,12,0.00319,-0.62382,-0.62390,-0.00088,1.90812,2.07292,-0.13527,-0.13520,-0.00302,-0.13871,-0.18348,-0.07086,-0.07161,0.00228,1.81017,1.83464,-0.45432,-0.45426,0.01040,-0.33799,-0.40326,-0.30381,-0.30467,-0.00246,0.55809,0.60391,-0.66160,0.23417,-0.01659,5.93398,5.94632
4.1709,-3.56188,-3.36437,-3.56188,-3.36437,-3.56168,-3.36502,1.43832,1.63498,5.02145,5.01991,5.00000,5.00000,0.00000,0.00000,12,0.00046,-0.62382,-0.62390,0.00514,1.92753,1.90972,-0.13527,-0.13517,0.00480,-0.13267,-0.15136,-0.07086,-0.07162,-0.00371,1.80739,1.80451,-0.45432,-0.45428,-0.00201,-0.35282,-0.34417,-0.30381,-0.30468,-0.00475,0.53547,0.39804,-0.66160,0.23421,-0.00071,5.97234,5.83701
4.2741,-3.56366,-3.36735,-3.56366,-3.36735,-3.56358,-3.36619,1.43642,1.63381,5.02142,5.02069,5.00000,5.00000,0.00000,0.00000,12,0.00164,-0.62382,-0.62390,0.00826,1.93137,1.97287,-0.13527,-0.13517,0.00767,-0.12233,-0.00702,-0.07086,-0.07163,-0.00988,1.77517,1.80869,-0.45432,-0.45426,0.00137,-0.33399,-0.59952,-0.30381,-0.30464,0.01274,0.57187,0.39598,-0.66160,0.23418,-0.01132,5.96203,6.04033
4.3736,-3.56404,-3.36716,-3.56404,-3.36716,-3.56302,-3.36684,1.43698,1.63316,5.02182,5.02034,5.00000,5.00000,0.00000,0.00000,12,0.00031,-0.62382,-0.62391,0.00268,1.91261,2.00333,-0.13527,-0.13518,0.00609,-0.12718,-0.13793,-0.07086,-0.07159,0.00047,1.78407,1.82120,-0.45432,-0.45426,0.00445,-0.35185,-0.32118,-0.30381,-0.30464,0.00638,0.54248,0.52834,-0.66160,0.23421,0.00236,5.99056,6.06967
4.4742,-3.56229,-3.36817,-3.56229,-3.36817,-3.56210,-3.36861,1.43790,1.63139,5.02145,5.02002,5.00000,5.00000,0.00000,0.00000,12,0.00037,-0.62382,-0.62393,-0.00412,1.87924,1.93067,-0.13527,-0.13518,-0.00058,-0.14991,-0.07706,-0.07086,-0.07158,0.00458,1.76159,1.82953,-0.45432,-0.45426,0.00355,-0.35303,-0.26267,-0.30381,-0.30465,-0.00598,0.48782,0.53301,-0.66160,0.23418,-0.01354,5.95797,6.03329
4.5762,-3.55478,-3.36844,-3.55478,-3.36844,-3.55831,-3.36838,1.44169,1.63162,5.01984,5.02024,5.00000,5.00000,0.00000,0.00000,12,0.00031,-0.62382,-0.62394,-0.01109,1.88268,1.89325,-0.13527,-0.13518,0.00145,-0.11208,-0.07068,-0.07086,-0.07158,0.00321,1.78193,1.84573,-0.45432,-0.45427,-0.00758,-0.36243,-0.44806,-0.30381,-0.30465,-0.00358,0.48600,0.46531,-0.66160,0.23419,-0.00302,5.96725,5.83797
4.6783,-3.55289,-3.37255,-3.55289,-3.37255,-3.55518,-3.37125,1.44482,1.62875,5.02035,5.02078,5.00000,5.00000,0.00000,0.00000,12,0.00033,-0.62382,-0.62392,-0.00004,1.89069,2.05448,-0.13527,-0.13519,-0.00756,-0.14245,-0.18738,-0.07086,-0.07159,-0.00249,1.74993,1.73886,-0.45432,-0.45427,-0.00830,-0.36267,-0.45854,-0.30381,-0.30464,-0.00223,0.48728,0.53813,-0.66160,0.23420,0.00393,5.98437,5.99431
4.7790,-3.55303,-3.37429,-3.55303,-3.37429,-3.55265,-3.37345,1.44735,1.62655,5.02148,5.02060,5.00000,5.00000,0.00000,0.00000,12,0.00028,-0.62382,-0.62393,0.00189,1.92396,1.93870,-0.13527,-0.13518,0.00804,-0.11943,-0.16671,-0.07086,-0.07157,0.00163,1.73332,1.71875,-0.45432,-0.45426,-0.00464,-0.34629,-0.34344,-0.30381,-0.30460,0.00756,0.49518,0.54627,-0.66160,0.23417,-0.01336,5.93560,6.00594
4.8806,-3.55439,-3.37705,-3.55439,-3.37705,-3.55324,-3.37663,1.44676,1.62337,5.02181,5.02044,5.00000,5.00000,0.00000,0.00000,12,0.00033,-0.62382,-0.62393,-0.00189,1.88048,1.92676,-0.13527,-0.13517,0.00656,-0.08572,-0.10564,-0.07086,-0.07158,-0.00106,1.74416,1.85701,-0.45432,-0.45424,0.00348,-0.34146,-0.34280,-0.30381,-0.30462,0.00054,0.47606,0.38675,-0.66160,0.23419,-0.00227,5.98128,6.02132
4.9819,-3.55293,-3.37654,-3.55293,-3.37654,-3.55219,-3.37693,1.44781,1.62307,5.02163,5.02009,5.00000,5.00000,0.00000,0.00000,12,0.00031,-0.62382,-0.62393,0.00059,1.88412,1.93691,-0.13527,-0.13519,-0.00298,-0.12503,-0.12020,-0.07086,-0.07157,-0.00371,1.73291,1.64474,-0.45432,-0.45425,-0.00043,-0.35487,-0.32419,-0.30381,-0.30460,0.00237,0.49043,0.63339,-0.66160,0.23419,0.00362,5.98528,5.98201
5.0828,-3.55034,-3.37551,-3.55034,-3.37551,-3.55158,-3.37561,1.44842,1.62439,5.02077,5.02021,5.00000,5.00000,0.00000,0.00000,12,0.00027,-0.62382,-0.62393,-0.00565,1.89348,1.95134,-0.13527,-0.13520,-0.00367,-0.13031,-0.20978,-0.07086,-0.07154,0.00370,1.73053,1.57104,-0.45432,-0.45421,0.01608,-0.28426,-0.28878,-0.30381,-0.30459,0.00160,0.48314,0.51646,-0.66160,0.23420,0.00664,5.98885,5.97214
5.1860,-3.55702,-3.37690,-3.55702,-3.37690,-3.55533,-3.37732,1.44467,1.62268,5.02206,5.02009,5.00000,5.00000,0.00000,0.00000,12,0.00031,-0.62382,-0.62394,-0.00674,1.85127,1.85792,-0.13527,-0.13520,-0.00624,-0.13542,-0.06319,-0.07086,-0.07154,0.00535,1.72825,1.72037,-0.45432,-0.45425,-0.00192,-0.35939,-0.31948,-0.30381,-0.30460,-0.00225,0.45661,0.40714,-0.66160,0.23419,0.00253,5.95250,5.92276
5.2879,-3.55315,-3.37806,-3.55315,-3.37806,-3.55444,-3.37848,1.44556,1.62152,5.02078,5.02009,5.00000,5.00000,0.00000,0.00000,12,0.00026,-0.62382,-0.62395,-0.00851,1.90330,1.89158,-0.13527,-0.13519,-0.00237,-0.12053,-0.13278,-0.07086,-0.07154,0.00099,1.70955,1.56673,-0.45432,-0.45425,-0.00411,-0.33226,-0.32719,-0.30381,-0.30459,0.00453,0.44301,0.31797,-0.66160,0.23416,-0.00770,5.96934,6.05157
5.3890,-3.55406,-3.37785,-3.55406,-3.37785,-3.55313,-3.37798,1.44687,1.62202,5.02172,5.02021,5.00000,5.00000,0.00000,0.00000,12,0.00030,-0.62382,-0.62394,-0.00367,1.89082,1.91731,-0.13527,-0.13519,-0.00063,-0.11250,-0.03482,-0.07086,-0.07153,0.00132,1.70334,1.64342,-0.45432,-0.45424,-0.00004,-0.31378,-0.26611,-0.30381,-0.30458,0.00390,0.44010,0.49646,-0.66160,0.23419,0.00566,5.99400,5.93235
5.4920,-3.54946,-3.38028,-3.54946,-3.38028,-3.55141,-3.37976,1.44859,1.62024,5.02047,5.02050,5.00000,5.00000,0.00000,0.00000,12,0.00033,-0.62382,-0.62393,0.00137,1.87810,1.89228,-0.13527,-0.13520,-0.00994,-0.14712,-0.08453,-0.07086,-0.07153,0.00047,1.69768,1.63729,-0.45432,-0.45425,-0.00698,-0.34150,-0.41561,-0.30381,-0.30458,0.00163,0.41991,0.36092,-0.66160,0.23417,-0.00553,5.92457,5.83539
5.5923,-3.55132,-3.37792,-3.55132,-3.37792,-3.55151,-3.37850,1.44849,1.62150,5.02122,5.02002,5.00000,5.00000,0.00000,0.00000,12,0.00029,-0.62382,-0.62393,0.00309,1.88356,1.93223,-0.13527,-0.13519,0.00041,-0.10576,-0.14901,-0.07086,-0.07153,-0.00442,1.64006,1.62147,-0.45432,-0.45423,0.00602,-0.32016,-0.39677,-0.30381,-0.30456,0.00514,0.43404,0.37519,-0.66160,0.23417,-0.00249,5.95131,5.72057
5.6934,-3.55261,-3.37803,-3.55261,-3.37803,-3.55299,-3.37766,1.44701,1.62234,5.02116,5.02042,5.00000,5.00000,0.00000,0.00000,12,0.00032,-0.62382,-0.62394,-0.00144,1.89626,1.83502,-0.13527,-0.13519,-0.00097,-0.11033,-0.09588,-0.07086,-0.07149,0.00762,1.69061,1.67268,-0.45432,-0.45424,0.00521,-0.32511,-0.27781,-0.30381,-0.30457,-0.00233,0.39802,0.52543,-0.66160,0.23418,0.00431,5.97748,6.03260
5.7965,-3.54402,-3.37625,-3.54402,-3.37625,-3.54789,-3.37703,1.45211,1.62297,5.01963,5.01992,5.00000,5.00000,0.00000,0.00000,12,0.00121,-0.62382,-0.62393,0.00253,1.87700,1.98712,-0.13527,-0.13519,-0.00331,-0.11939,-0.17488,-0.07086,-0.07152,-0.00490,1.66154,1.64721,-0.45432,-0.45422,0.00775,-0.30550,-0.40501,-0.30381,-0.30455,-0.00250,0.39542,0.45383,-0.66160,0.23418,-0.00204,5.97214,6.02371
5.8970,-3.54327,-3.37818,-3.54327,-3.37818,-3.54418,-3.37751,1.45582,1.62249,5.02088,5.02055,5.00000,5.00000,0.00000,0.00000,12,0.00027,-0.62382,-0.62393,0.00718,1.92516,1.84913,-0.13527,-0.13519,0.00054,-0.10293,-0.20857,-0.07086,-0.07150,-0.00215,1.67272,1.80278,-0.45432,-0.45425,-0.00614,-0.33230,-0.12807,-0.30381,-0.30453,0.00443,0.38998,0.36728,-0.66160,0.23419,0.00148,5.98795,5.93118
5.9983,-3.54125,-3.38034,-3.54125,-3.38034,-3.54190,-3.37892,1.45810,1.62108,5.02097,5.02088,5.00000,5.00000,0.00000,0.00000,12,0.00028,-0.62382,-0.62393,0.00255,1.87554,1.84825,-0.13527,-0.13519,-0.00177,-0.11066,-0.03284,-0.07086,-0.07150,-0.00424,1.65784,1.48697,-0.45432,-0.45423,0.00441,-0.32113,-0.30031,-0.30381,-0.30454,0.00433,0.37586,0.37993,-0.66160,0.23416,-0.00359,5.97573,5.88128
6.0997,-3.54466,-3.38203,-3.54466,-3.38203,-3.54382,-3.38098,1.45618,1.61902,5.02162,5.02074,5.00000,5.00000,0.00000,0.00000,12,0.00030,-0.62382,-0.62395,-0.00217,1.87820,2.01868,-0.13527,-0.13519,-0.00212,-0.11044,-0.15157,-0.07086,-0.07147,0.00583,1.66660,1.66389,-0.45432,-0.45424,0.00095,-0.33326,-0.31042,-0.30381,-0.30453,0.00289,0.36725,0.31884,-0.66160,0.23421,0.01428,5.99400,6.13709
6.2008,-3.54648,-3.38710,-3.54648,-3.38710,-3.54534,-3.38521,1.45466,1.61479,5.02176,5.02112,5.00000,5.00000,0.00000,0.00000,12,0.00034,-0.62382,-0.62395,-0.00696,1.89513,1.74403,-0.13527,-0.13519,-0.00122,-0.10873,-0.08268,-0.07086,-0.07148,0.00163,1.64264,1.57270,-0.45432,-0.45424,-0.00216,-0.34690,-0.30139,-0.30381,-0.30454,-0.00320,0.36453,0.29950,-0.66160,0.23417,-0.00059,5.97716,6.08133
6.3020,-3.54435,-3.38392,-3.54435,-3.38392,-3.54527,-3.38557,1.45473,1.61443,5.02088,5.01961,5.00000,5.00000,0.00000,0.00000,12,0.00028,-0.62382,-0.62394,-0.00141,1.88368,1.92884,-0.13527,-0.13518,0.00103,-0.12494,-0.11989,-0.07086,-0.07147,0.00602,1.65439,1.73923,-0.45432,-0.45424,-0.00401,-0.31520,-0.35423,-0.30381,-0.30455,-0.00399,0.35131,0.32211,-0.66160,0.23414,-0.00696,5.96147,6.04516
6.4024,-3.54500,-3.37922,-3.54500,-3.37922,-3.54352,-3.38139,1.45648,1.61861,5.02189,5.01936,5.00000,5.00000,0.00000,0.00000,12,0.00027,-0.62382,-0.62393,0.00514,1.87590,1.87597,-0.13527,-0.13519,-0.00401,-0.11539,-0.11196,-0.07086,-0.07147,-0.00173,1.62041,1.67449,-0.45432,-0.45423,-0.00026,-0.29731,-0.34128,-0.30381,-0.30456,-0.01460,0.30321,0.38544,-0.66160,0.23417,0.00339,5.99400,5.94742
6.5063,-3.54204,-3.38144,-3.54204,-3.38144,-3.54252,-3.38125,1.45748,1.61875,5.02105,5.02037,5.00000,5.00000,0.00000,0.00000,12,0.00034,-0.62382,-0.62396,-0.00384,1.91241,1.91874,-0.13527,-0.13520,-0.00326,-0.11678,-0.11530,-0.07086,-0.07147,-0.00375,1.60630,1.75569,-0.45432,-0.45421,0.00742,-0.29585,-0.32016,-0.30381,-0.30451,0.00381,0.34731,0.16481,-0.66160,0.23417,0.00521,5.99400,6.10589
6.6095,-3.54287,-3.37988,-3.54287,-3.37988,-3.54279,-3.38057,1.45721,1.61943,5.02129,5.01999,5.00000,5.00000,0.00000,0.00000,12,0.00035,-0.62382,-0.62395,-0.00002,1.88130,1.90844,-0.13527,-0.13520,-0.00262,-0.10962,-0.16971,-0.07086,-0.07146,0.00246,1.59529,1.62196,-0.45432,-0.45423,-0.00651,-0.31744,-0.41654,-0.30381,-0.30452,0.00016,0.32242,0.36080,-0.66160,0.23414,-0.01067,5.93722,5.93438
6.7129,-3.54050,-3.38402,-3.54050,-3.38402,-3.54046,-3.38262,1.45954,1.61738,5.02126,5.02090,5.00000,5.00000,0.00000,0.00000,12,0.00113,-0.62382,-0.62397,-0.01069,1.86658,1.86483,-0.13527,-0.13518,0.00532,-0.10721,-0.15550,-0.07086,-0.07144,0.00865,1.61843,1.52033,-0.45432,-0.45422,0.00415,-0.30920,-0.36387,-0.30381,-0.30450,0.00214,0.33216,0.21942,-0.66160,0.23417,0.00489,5.97163,6.05706
6.8133,-3.53477,-3.38605,-3.53477,-3.38605,-3.53738,-3.38492,1.46262,1.61508,5.02010,5.02079,5.00000,5.00000,0.00000,0.00000,12,0.00029,-0.62382,-0.62396,-0.00962,1.84372,1.88510,-0.13527,-0.13518,0.00261,-0.08488,-0.06037,-0.07086,-0.07144,0.00724,1.60726,1.36367,-0.45432,-0.45421,0.01079,-0.31144,-0.31922,-0.30381,-0.30452,-0.01179,0.26682,0.35411,-0.66160,0.23418,0.01081,5.99119,5.93223
6.9151,-3.53644,-3.38937,-3.53644,-3.38937,-3.53644,-3.38786,1.46356,1.61214,5.02122,5.02097,5.00000,5.00000,0.00000,0.00000,12,0.00030,-0.62382,-0.62394,0.00696,1.87067,1.86071,-0.13527,-0.13520,-0.00407,-0.11105,-0.15958,-0.07086,-0.07143,0.00280,1.59052,1.70693,-0.45432,-0.45424,-0.00662,-0.31539,-0.38973,-0.30381,-0.30448,0.00671,0.30478,0.31136,-0.66160,0.23416,0.00167,5.96012,5.99975
7.0166,-3.53093,-3.39198,-3.53093,-3.39198,-3.53352,-3.39067,1.46648,1.60933,5.02009,5.02090,5.00000,5.00000,0.00000,0.00000,12,0.00029,-0.62382,-0.62395,-0.00375,1.86385,1.78121,-0.13527,-0.13519,0.00256,-0.08524,-0.05636,-0.07086,-0.07143,-0.00050,1.57601,1.50624,-0.45432,-0.45423,-0.00277,-0.33070,-0.20630,-0.30381,-0.30449,0.00242,0.27942,0.21845,-0.66160,0.23414,-0.00789,5.97014,6.07522
7.1181,-3.52738,-3.39221,-3.52738,-3.39221,-3.52972,-3.39200,1.47028,1.60800,5.02017,5.02044,5.00000,5.00000,0.00000,0.00000,12,0.00044,-0.62382,-0.62396,-0.00649,1.84373,1.89877,-0.13527,-0.13519,-0.00087,-0.09567,-0.04913,-0.07086,-0.07142,-0.00069,1.57313,1.59089,-0.45432,-0.45422,0.00401,-0.30244,-0.34824,-0.30381,-0.30446,0.00961,0.31002,0.20852,-0.66160,0.23415,0.00001,5.95805,5.87863
7.2192,-3.52996,-3.39200,-3.52996,-3.39200,-3.52892,-3.39183,1.47108,1.60817,5.02162,5.02042,5.00000,5.00000,0.00000,0.00000,12,0.00036,-0.62382,-0.62395,-0.00229,1.82865,1.87798,-0.13527,-0.13519,-0.00061,-0.09436,-0.11853,-0.07086,-0.07141,0.00311,1.57961,1.66492,-0.45432,-0.45422,0.00110,-0.30924,-0.33422,-0.30381,-0.30447,0.00926,0.29700,0.15682,-0.66160,0.23416,0.00314,5.98815,6.03177
7.3205,-3.52368,-3.39069,-3.52368,-3.39069,-3.52694,-3.39130,1.47306,1.60870,5.01977,5.02009,5.00000,5.00000,0.00000,0.00000,12,0.00093,-0.62382,-0.62398,-0.01448,1.84052,1.85935,-0.13527,-0.13521,-0.00922,-0.09649,-0.12041,-0.07086,-0.07142,-0.00180,1.55576,1.53592,-0.45432,-0.45424,-0.00379,-0.33330,-0.27903,-0.30381,-0.30448,-0.00148,0.24755,0.18680,-0.66160,0.23415,-0.00048,5.97911,5.98881
7.4220,-3.52401,-3.38797,-3.52401,-3.38797,-3.52475,-3.38924,1.47525,1.61076,5.02083,5.01979,5.00000,5.00000,0.00000,0.00000,12,0.00125,-0.62382,-0.62394,0.00339,1.85320,1.78666,-0.13527,-0.13519,0.00259,-0.11224,-0.06877,-0.07086,-0.07141,0.00017,1.55792,1.46587,-0.45432,-0.45422,0.00010,-0.31008,-0.20553,-0.30381,-0.30447,0.00277,0.26132,0.40917,-0.66160,0.23414,-0.00025,5.98114,6.00329
7.5227,-3.52176,-3.38719,-3.52176,-3.38719,-3.52200,-3.38789,1.47800,1.61211,5.02103,5.02003,5.00000,5.00000,0.00000,0.00000,12,0.00032,-0.62382,-0.62397,-0.00793,1.83118,1.81493,-0.13527,-0.13519,0.00001,-0.11249,-0.09585,-0.07086,-0.07141,-0.00477,1.56758,1.62168,-0.45432,-0.45422,-0.00106,-0.31351,-0.23126,-0.30381,-0.30445,0.00429,0.26439,0.23517,-0.66160,0.23413,-0.00574,5.94440,5.86758
7.6240,-3.51623,-3.38732,-3.51623,-3.38732,-3.51887,-3.38679,1.48113,1.61321,5.01998,5.02055,5.00000,5.00000,0.00000,0.00000,12,0.00037,-0.62382,-0.62395,0.00084,1.85248,1.89235,-0.13527,-0.13519,-0.00038,-0.08921,-0.19030,-0.07086,-0.07140,-0.00019,1.55359,1.41825,-0.45432,-0.45422,0.00306,-0.29939,-0.37383,-0.30381,-0.30445,0.00687,0.23676,0.25985,-0.66160,0.23414,-0.00465,5.95609,5.99110
7.7252,-3.52048,-3.38920,-3.52048,-3.38920,-3.51873,-3.38785,1.48127,1.61215,5.02186,5.02091,5.00000,5.00000,0.00000,0.00000,12,0.00040,-0.62382,-0.62395,-0.00077,1.86067,1.89052,-0.13527,-0.13518,0.00498,-0.09967,-0.16979,-0.07086,-0.07139,0.00053,1.55250,1.48730,-0.45432,-0.45424,-0.00445,-0.30264,-0.27549,-0.30381,-0.30446,0.00039,0.23266,0.19042,-0.66160,0.23412,-0.01071,5.97845,5.76606
7.8270,-3.51810,-3.39181,-3.51810,-3.39181,-3.51957,-3.39073,1.48043,1.60927,5.02049,5.02081,5.00000,5.00000,0.00000,0.00000,12,0.00038,-0.62382,-0.62393,0.00958,1.89784,1.86142,-0.13527,-0.13518,0.00206,-0.10754,-0.20245,-0.07086,-0.07138,0.00641,1.55166,1.40912,-0.45432,-0.45423,-0.00185,-0.31644,-0.29261,-0.30381,-0.30444,0.00684,0.25737,0.23268,-0.66160,0.23417,0.00921,5.99400,5.97622
7.9287,-3.51902,-3.39253,-3.51902,-3.39253,-3.52014,-3.39163,1.47986,1.60837,5.02064,5.02074,5.00000,5.00000,0.00000,0.00000,12,0.00029,-0.62382,-0.62393,0.00078,1.87003,1.74144,-0.13527,-0.13520,0.00012,-0.08810,0.02052,-0.07086,-0.07139,-0.00320,1.52677,1.40887,-0.45432,-0.45422,0.00300,-0.29460,-0.33915,-0.30381,-0.30446,-0.00457,0.20409,0.33253,-0.66160,0.23413,-0.00378,5.93441,5.78951
8.0297,-3.51301,-3.39139,-3.51301,-3.39139,-3.51502,-3.39159,1.48498,1.60841,5.02023,5.02027,5.00000,5.00000,0.00000,0.00000,12,0.00027,-0.62382,-0.62395,-0.00740,1.83228,1.93210,-0.13527,-0.13519,-0.00307,-0.09440,-0.14628,-0.07086,-0.07138,0.00344,1.54877,1.61915,-0.45432,-0.45422,0.00171,-0.30129,-0.28873,-0.30381,-0.30443,0.00148,0.23095,0.17131,-0.66160,0.23417,0.01305,5.99400,5.91999
8.1318,-3.51351,-3.39362,-3.51351,-3.39362,-3.51398,-3.39247,1.48602,1.60753,5.02088,5.02085,5.00000,5.00000,0.00000,0.00000,12,0.00029,-0.62382,-0.62396,-0.00366,1.84092,1.94639,-0.13527,-0.13519,-0.00011,-0.08288,-0.10123,-0.07086,-0.07135,0.00739,1.53645,1.49921,-0.45432,-0.45423,-0.00003,-0.30864,-0.31698,-0.30381,-0.30443,0.00171,0.22478,0.27595,-0.66160,0.23414,-0.00003,5.97558,5.93832
8.2335,-3.51937,-3.39492,-3.51937,-3.39492,-3.51676,-3.39426,1.48324,1.60574,5.02222,5.02065,5.00000,5.00000,0.00000,0.00000,12,0.00034,-0.62382,-0.62395,0.00195,1.86233,1.79401,-0.13527,-0.13518,0.00476,-0.05876,-0.12008,-0.07086,-0.07138,-0.00718,1.50193,1.53439,-0.45432,-0.45423,-0.00233,-0.31575,-0.22950,-0.30381,-0.30442,0.00267,0.22266,0.11989,-0.66160,0.23415,0.00416,5.98402,6.03683
8.3344,-3.51718,-3.39524,-3.51718,-3.39524,-3.51812,-3.39556,1.48188,1.60444,5.02071,5.02024,5.00000,5.00000,0.00000,0.00000,12,0.00032,-0.62382,-0.62394,0.00448,1.87271,1.96659,-0.13527,-0.13517,0.00908,-0.04260,-0.11287,-0.07086,-0.07135,0.00128,1.50721,1.49747,-0.45432,-0.45422,-0.00412,-0.31214,-0.27542,-0.30381,-0.30442,0.00004,0.20907,0.17831,-0.66160,0.23414,0.00113,5.98591,6.00747
8.4360,-3.51642,-3.39221,-3.51642,-3.39221,-3.51725,-3.39350,1.48275,1.60650,5.02075,5.01981,5.00000,5.00000,0.00000,0.00000,12,0.00029,-0.62382,-0.62397,-0.00751,1.81907,1.89951,-0.13527,-0.13520,-0.00548,-0.06836,-0.10826,-0.07086,-0.07135,-0.00100,1.49356,1.49919,-0.45432,-0.45421,0.00198,-0.28973,-0.39910,-0.30381,-0.30443,-0.00773,0.17029,0.12086,-0.66160,0.23414,0.00292,5.98073,5.93180
8.5382,-3.51024,-3.39040,-3.51024,-3.39040,-3.51230,-3.39112,1.48770,1.60888,5.02019,5.02004,5.00000,5.00000,0.00000,0.00000,12,0.00028,-0.62382,-0.62393,0.00815,1.85316,1.87868,-0.13527,-0.13519,0.00095,-0.10601,0.00717,-0.07086,-0.07136,-0.00498,1.47056,1.49401,-0.45432,-0.45422,-0.00285,-0.27646,-0.20850,-0.30381,-0.30443,-0.00277,0.18024,0.22251,-0.66160,0.23413,0.00428,5.96847,5.93697
8.6403,-3.50766,-3.39016,-3.50766,-3.39016,-3.50904,-3.39048,1.49096,1.60952,5.02046,5.02021,5.00000,5.00000,0.00000,0.00000,12,0.00033,-0.62382,-0.62398,-0.00940,1.80171,1.86000,-0.13527,-0.13519,0.00053,-0.07558,-0.10542,-0.07086,-0.07134,0.00105,1.49758,1.40703,-0.45432,-0.45423,-0.00432,-0.31308,-0.20901,-0.30381,-0.30442,0.00353,0.16880,0.25328,-0.66160,0.23413,0.00385,5.98553,6.04613
8.7419,-3.51014,-3.39417,-3.51014,-3.39417,-3.50900,-3.39272,1.49100,1.60728,5.02154,5.02098,5.00000,5.00000,0.00000,0.00000,12,0.00030,-0.62382,-0.62394,0.00226,1.85583,1.67809,-0.13527,-0.13518,0.00246,-0.09381,-0.15075,-0.07086,-0.07135,-0.00369,1.46958,1.55226,-0.45432,-0.45423,-0.00482,-0.28532,-0.40466,-0.30381,-0.30442,-0.00506,0.16343,0.21421,-0.66160,0.23411,-0.01100,5.95974,5.93066
8.8428,-3.50793,-3.39452,-3.50793,-3.39452,-3.50907,-3.39483,1.49093,1.60517,5.02057,5.02024,5.00000,5.00000,0.00000,0.00000,12,0.00037,-0.62382,-0.62394,0.00455,1.82969,1.85648,-0.13527,-0.13520,-0.00085,-0.08469,-0.16229,-0.07086,-0.07133,0.00240,1.49522,1.51680,-0.45432,-0.45423,-0.00602,-0.32111,-0.29855,-0.30381,-0.30440,0.00378,0.16260,0.18224,-0.66160,0.23412,-0.00595,5.97478,6.05926
8.9448,-3.51095,-3.39907,-3.51095,-3.39907,-3.51022,-3.39787,1.48978,1.60213,5.02138,5.02090,5.00000,5.00000,0.00000,0.00000,12,0.00027,-0.62382,-0.62394,0.00642,1.83717,1.90858,-0.13527,-0.13518,0.00289,-0.09470,0.00789,-0.07086,-0.07133,0.00082,1.48155,1.49383,-0.45432,-0.45423,-0.00320,-0.30829,-0.28629,-0.30381,-0.30441,0.00160,0.14332,0.19311,-0.66160,0.23413,0.00046,5.99400,6.07841
9.0474,-3.50819,-3.39992,-3.50819,-3.39992,-3.50868,-3.39892,1.49132,1.60108,5.02084,5.02082,5.00000,5.00000,0.00000,0.00000,12,0.00034,-0.62382,-0.62392,0.01178,1.86076,1.91714,-0.13527,-0.13519,0.00217,-0.06404,-0.07636,-0.07086,-0.07134,-0.00724,1.44639,1.45052,-0.45432,-0.45423,-0.00601,-0.28557,-0.22034,-0.30381,-0.30440,0.00276,0.17674,0.11363,-0.66160,0.23411,-0.00168,5.99400,6.02337
9.1486,-3.50141,-3.40193,-3.50141,-3.40193,-3.50372,-3.40092,1.49628,1.59908,5.02003,5.02084,5.00000,5.00000,0.00000,0.00000,12,0.00034,-0.62382,-0.62396,-0.00724,1.81073,1.99689,-0.13527,-0.13520,-0.00180,-0.08391,-0.06738,-0.07086,-0.07131,0.00310,1.48721,1.32005,-0.45432,-0.45422,-0.00145,-0.26591,-0.33281,-0.30381,-0.30439,0.00095,0.13975,0.17894,-0.66160,0.23413,0.00300,5.97511,5.94944
9.2506,-3.50273,-3.40387,-3.50273,-3.40387,-3.50272,-3.40276,1.49728,1.59724,5.02102,5.02089,5.00000,5.00000,0.00000,0.00000,12,0.00029,-0.62382,-0.62394,0.00742,1.83512,1.89422,-0.13527,-0.13518,0.00113,-0.06322,0.00049,-0.07086,-0.07133,-0.00328,1.45367,1.53227,-0.45432,-0.45423,-0.00040,-0.29452,-0.28561,-0.30381,-0.30439,0.00204,0.13667,0.15864,-0.66160,0.23411,-0.00489,5.97290,5.97075
9.3516,-3.50605,-3.40843,-3.50605,-3.40843,-3.50466,-3.40556,1.49534,1.59444,5.02163,5.02167,5.00000,5.00000,0.00000,0.00000,12,0.00029,-0.62382,-0.62395,-0.00258,1.82645,1.63706,-0.13527,-0.13518,0.00597,-0.08041,-0.04065,-0.07086,-0.07133,-0.00687,1.43896,1.50072,-0.45432,-0.45422,0.00287,-0.28135,-0.24889,-0.30381,-0.30438,0.00401,0.10411,0.20991,-0.66160,0.23412,-0.00248,5.97144,5.96249
9.4536,-3.50872,-3.40937,-3.50872,-3.40937,-3.50720,-3.40853,1.49280,1.59147,5.02169,5.02081,5.00000,5.00000,0.00000,0.00000,12,0.00031,-0.62382,-0.62398,-0.01124,1.81249,1.98473,-0.13527,-0.13518,0.00737,-0.07477,-0.04866,-0.07086,-0.07129,0.00322,1.45203,1.43142,-0.45432,-0.45420,0.01028,-0.27761,-0.20941,-0.30381,-0.30440,-0.00763,0.08668,0.08468,-0.66160,0.23411,-0.00071,5.98251,6.06526
9.5542,-3.50720,-3.41299,-3.50720,-3.41299,-3.50746,-3.41171,1.49254,1.58829,5.02093,5.02102,5.00000,5.00000,0.00000,0.00000,12,0.00027,-0.62382,-0.62394,0.00132,1.80800,1.87652,-0.13527,-0.13519,-0.00175,-0.07630,-0.11065,-0.07086,-0.07129,0.00079,1.43766,1.45250,-0.45432,-0.45421,0.00552,-0.29600,-0.19414,-0.30381,-0.30440,-0.01219,0.06606,0.08660,-0.66160,0.23412,0.00184,5.97384,5.94532
9.6554,-3.50581,-3.41539,-3.50581,-3.41539,-3.50622,-3.41377,1.49378,1.58623,5.02086,5.02118,5.00000,5.00000,0.00000,0.00000,12,0.00039,-0.62382,-0.62394,0.00030,1.83831,1.82555,-0.13527,-0.13520,-0.00665,-0.09606,-0.22061,-0.07086,-0.07129,-0.00154,1.42721,1.27569,-0.45432,-0.45422,-0.00104,-0.28860,-0.35402,-0.30381,-0.30438,-0.00220,0.10004,0.08095,-0.66160,0.23411,0.00224,5.97079,5.80726
9.7582,-3.50337,-3.41207,-3.50337,-3.41207,-3.50490,-3.41321,1.49510,1.58679,5.02037,5.01999,5.00000,5.00000,0.00000,0.00000,12,0.00029,-0.62382,-0.62396,-0.00340,1.81647,1.78635,-0.13527,-0.13518,0.00309,-0.08084,-0.07651,-0.07086,-0.07129,0.00023,1.42754,1.38958,-0.45432,-0.45422,0.00308,-0.27664,-0.26963,-0.30381,-0.30436,0.00144,0.08092,0.08741,-0.66160,0.23414,0.00601,5.98143,5.94378
9.8603,-3.50508,-3.41232,-3.50508,-3.41232,-3.50467,-3.41222,1.49533,1.58778,5.02120,5.02051,5.00000,5.00000,0.00000,0.00000,12,0.00029,-0.62382,-0.62395,0.00397,1.84013,1.92136,-0.13527,-0.13519,0.00036,-0.06225,-0.18421,-0.07086,-0.07128,-0.00015,1.42967,1.44843,-0.45432,-0.45423,-0.00197,-0.29479,-0.30709,-0.30381,-0.30435,0.00549,0.09154,0.13754,-0.66160,0.23412,0.00183,5.97776,6.07880
9.9608,-3.50682,-3.41381,-3.50682,-3.41381,-3.50569,-3.41250,1.49431,1.58750,5.02152,5.02104,5.00000,5.00000,0.00000,0.00000,12,0.00028,-0.62382,-0.62394,0.00226,1.80590,1.71426,-0.13527,-0.13519,0.00030,-0.06201,-0.06604,-0.07086,-0.07127,0.00103,1.42959,1.29696,-0.45432,-0.45423,-0.00145,-0.29182,-0.34897,-0.30381,-0.30438,-0.00718,0.06204,0.03817,-0.66160,0.23412,0.00274,5.99400,6.02680
10.0624,-3.50479,-3.41392,-3.50479,-3.41392,-3.50444,-3.41350,1.49556,1.58650,5.02118,5.02066,5.00000,5.00000,0.00000,0.00000,12,0.00043,-0.62382,-0.62393,0.00132,1.83932,1.75620,-0.13527,-0.13520,-0.00204,-0.07312,-0.04714,-0.07086,-0.07125,0.00368,1.41243,1.52788,-0.45432,-0.45423,-0.00589,-0.27295,-0.13415,-0.30381,-0.30435,0.00480,0.07705,0.33562,-0.66160,0.23411,-0.00241,5.97842,6.08121
10.1638,-3.50322,-3.41086,-3.50322,-3.41086,-3.50336,-3.41174,1.49664,1.58826,5.02096,5.02009,5.00000,5.00000,0.00000,0.00000,12,0.00034,-0.62382,-0.62393,0.00853,1.86355,1.84320,-0.13527,-0.13520,-0.00827,-0.06299,-0.04597,-0.07086,-0.07126,-0.00163,1.41686,1.39026,-0.45432,-0.45423,-0.00429,-0.26782,-0.37367,-0.30381,-0.30435,0.00289,0.06674,-0.02205,-0.66160,0.23412,0.00480,5.99400,5.92454
10.2686,-3.49960,-3.40975,-3.49960,-3.40975,-3.50133,-3.41068,1.49867,1.58932,5.02027,5.02007,5.00000,5.00000,0.00000,0.00000,12,0.00043,-0.62382,-0.62394,0.00275,1.80525,1.75321,-0.13527,-0.13519,0.00144,-0.05429,-0.01707,-0.07086,-0.07126,-0.00304,1.40789,1.36892,-0.45432,-0.45423,-0.00818,-0.27754,-0.32503,-0.30381,-0.30436,-0.00052,0.04145,0.14573,-0.66160,0.23410,0.00028,5.96850,5.96178
10.3698,-3.50032,-3.41029,-3.50032,-3.41029,-3.50075,-3.41071,1.49925,1.58929,5.02082,5.02028,5.00000,5.00000,0.00000,0.00000,12,0.00041,-0.62382,-0.62393,0.00788,1.82497,1.84298,-0.13527,-0.13518,0.00590,-0.06543,-0.11766,-0.07086,-0.07125,0.00141,1.39171,1.40979,-0.45432,-0.45423,-0.00167,-0.28809,-0.35906,-0.30381,-0.30436,-0.00458,0.05522,0.04861,-0.66160,0.23413,0.00919,5.99400,6.03336
10.4709,-3.50350,-3.41323,-3.50350,-3.41323,-3.50166,-3.41274,1.49834,1.58726,5.02180,5.02069,5.00000,5.00000,0.00000,0.00000,12,0.00032,-0.62382,-0.62395,-0.00562,1.80230,1.83560,-0.13527,-0.13518,0.00213,-0.07595,-0.05655,-0.07086,-0.07124,0.00718,1.41068,1.45362,-0.45432,-0.45422,0.00325,-0.26474,-0.30854,-0.30381,-0.30435,-0.00135,0.06663,0.04156,-0.66160,0.23411,0.00352,5.95429,5.89146
10.5717,-3.50183,-3.41378,-3.50183,-3.41378,-3.50235,-3.41335,1.49765,1.58665,5.02079,5.02066,5.00000,5.00000,0.00000,0.00000,12,0.00047,-0.62382,-0.62393,0.00358,1.83755,1.85815,-0.13527,-0.13517,0.01016,-0.04715,0.02138,-0.07086,-0.07125,-0.00328,1.39971,1.37562,-0.45432,-0.45424,-0.00879,-0.27840,-0.22856,-0.30381,-0.30435,-0.00175,0.05607,0.11256,-0.66160,0.23411,0.00276,5.94220,6.09326
10.6740,-3.50244,-3.41367,-3.50244,-3.41367,-3.50158,-3.41355,1.49842,1.58645,5.02138,5.02053,5.00000,5.00000,0.00000,0.00000,12,0.00030,-0.62382,-0.62397,-0.01165,1.76601,1.80464,-0.13527,-0.13517,0.00720,-0.05784,-0.04379,-0.07086,-0.07124,-0.00120,1.37813,1.39012,-0.45432,-0.45423,-0.00022,-0.24468,-0.23073,-0.30381,-0.30435,0.00128,0.05722,0.04217,-0.66160,0.23410,-0.00032,5.95991,5.96744
10.7751,-3.50401,-3.41563,-3.50401,-3.41563,-3.50277,-3.41425,1.49723,1.58575,5.02155,5.02108,5.00000,5.00000,0.00000,0.00000,12,0.00039,-0.62382,-0.62395,-0.00083,1.78068,1.81403,-0.13527,-0.13520,-0.00827,-0.08796,-0.08436,-0.07086,-0.07124,-0.00824,1.38018,1.40378,-0.45432,-0.45423,0.00006,-0.27644,-0.26200,-0.30381,-0.30433,0.01031,0.02934,0.08072,-0.66160,0.23410,-0.00334,5.96293,6.00650
10.8757,-3.50393,-3.41605,-3.50393,-3.41605,-3.50423,-3.41545,1.49577,1.58455,5.02089,5.02075,5.00000,5.00000,0.00000,0.00000,12,0.00027,-0.62382,-0.62394,-0.00359,1.80567,1.84643,-0.13527,-0.13519,0.00071,-0.05131,-0.11810,-0.07086,-0.07120,0.00786,1.38448,1.54990,-0.45432,-0.45425,-0.01123,-0.28847,-0.19101,-0.30381,-0.30431,0.01420,0.04609,-0.04535,-0.66160,0.23409,-0.00761,5.96424,6.00306
10.9772,-3.50898,-3.42076,-3.50898,-3.42076,-3.50591,-3.41897,1.49409,1.58103,5.02235,5.02128,5.00000,5.00000,0.00000,0.00000,12,0.00028,-0.62382,-0.62394,0.00576,1.80318,1.82418,-0.13527,-0.13519,0.00017,-0.05442,-0.12739,-0.07086,-0.07123,-0.00017,1.37225,1.34306,-0.45432,-0.45422,0.00299,-0.25911,-0.26816,-0.30381,-0.30432,0.00471,0.03547,-0.01890,-0.66160,0.23410,-0.00010,5.97947,5.85817
11.0810,-3.50862,-3.42393,-3.50862,-3.42393,-3.50966,-3.42312,1.49034,1.57688,5.02061,5.02089,5.00000,5.00000,0.00000,0.00000,12,0.00176,-0.62382,-0.62394,0.00464,1.82834,1.73490,-0.13527,-0.13520,-0.00316,-0.07017,-0.14354,-0.07086,-0.07122,0.00041,1.37509,1.47945,-0.45432,-0.45423,-0.00213,-0.28235,-0.29945,-0.30381,-0.30435,-0.00855,0.00171,0.02608,-0.66160,0.23410,0.00363,5.97740,5.82715
11.1805,-3.50951,-3.42340,-3.50951,-3.42340,-3.50971,-3.42333,1.49029,1.57667,5.02097,5.02057,5.00000,5.00000,0.00000,0.00000,12,0.00027,-0.62382,-0.62395,-0.00302,1.79624,1.85087,-0.13527,-0.13519,0.00381,-0.07048,-0.08718,-0.07086,-0.07122,-0.00399,1.35424,1.35121,-0.45432,-0.45423,-0.00093,-0.27473,-0.15024,-0.30381,-0.30433,-0.00310,0.02465,0.17690,-0.66160,0.23411,0.00370,5.99400,6.04484
11.2833,-3.50561,-3.42096,-3.50561,-3.42096,-3.50751,-3.42201,1.49249,1.57799,5.02023,5.02009,5.00000,5.00000,0.00000,0.00000,12,0.00029,-0.62382,-0.62394,0.00408,1.79128,1.61202,-0.13527,-0.13518,0.00121,-0.04308,-0.07780,-0.07086,-0.07121,-0.00047,1.36648,1.25994,-0.45432,-0.45421,0.00645,-0.23860,-0.35432,-0.30381,-0.30433,-0.00200,0.02356,0.06464,-0.66160,0.23408,-0.00362,5.96185,5.89763
11.3841,-3.50579,-3.42402,-3.50579,-3.42402,-3.50686,-3.42289,1.49314,1.57711,5.02058,5.02102,5.00000,5.00000,0.00000,0.00000,12,0.00028,-0.62382,-0.62395,0.00111,1.77770,1.69206,-0.13527,-0.13517,0.00909,-0.04381,-0.12172,-0.07086,-0.07120,0.00180,1.37958,1.42628,-0.45432,-0.45422,0.00192,-0.25807,-0.31015,-0.30381,-0.30433,-0.00560,-0.02679,0.06534,-0.66160,0.23409,-0.00482,5.95101,5.99552
11.4868,-3.51113,-3.42533,-3.51113,-3.42533,-3.50817,-3.42476,1.49183,1.57524,5.02232,5.02080,5.00000,5.00000,0.00000,0.00000,12,0.00159,-0.62382,-0.62395,0.00271,1.81032,1.80388,-0.13527,-0.13519,-0.00177,-0.05628,-0.07436,-0.07086,-0.07121,0.00035,1.35881,1.28686,-0.45432,-0.45423,0.00023,-0.26736,-0.22929,-0.30381,-0.30431,0.00379,0.00440,0.08912,-0.66160,0.23407,-0.01435,5.96292,5.99989
11.5867,-3.51162,-3.42713,-3.51162,-3.42713,-3.51044,-3.42650,1.48956,1.57350,5.02157,5.02083,5.00000,5.00000,0.00000,0.00000,12,0.00027,-0.62382,-0.62393,0.00748,1.80307,1.84690,-0.13527,-0.13519,0.00185,-0.04240,-0.06524,-0.07086,-0.07121,-0.00686,1.33508,1.50736,-0.45432,-0.45423,-0.00399,-0.28229,-0.14671,-0.30381,-0.30432,-0.00165,-0.01965,-0.04062,-0.66160,0.23410,0.00060,5.97783,5.85534
11.6898,-3.51156,-3.42795,-3.51156,-3.42795,-3.51131,-3.42765,1.48869,1.57235,5.02118,5.02069,5.00000,5.00000,0.00000,0.00000,12,0.00027,-0.62382,-0.62395,-0.00102,1.79488,1.65409,-0.13527,-0.13520,-0.00716,-0.07480,-0.04754,-0.07086,-0.07121,-0.00554,1.33573,1.41904,-0.45432,-0.45422,0.00059,-0.26084,-0.28236,-0.30381,-0.30432,-0.00027,-0.02318,0.02992,-0.66160,0.23408,-0.00921,5.98747,5.95437
11.7905,-3.50433,-3.42605,-3.50433,-3.42605,-3.50710,-3.42723,1.49290,1.57277,5.01986,5.02006,5.00000,5.00000,0.00000,0.00000,12,0.00025,-0.62382,-0.62396,-0.00547,1.77769,1.90367,-0.13527,-0.13518,0.00445,-0.02782,-0.08450,-0.07086,-0.07119,0.00208,1.36675,1.37734,-0.45432,-0.45424,-0.00355,-0.27958,-0.34855,-0.30381,-0.30431,-0.00058,-0.02384,-0.21536,-0.66160,0.23410,0.00559,5.99400,5.95845
11.8931,-3.50316,-3.42261,-3.50316,-3.42261,-3.50451,-3.42400,1.49549,1.57600,5.02045,5.01995,5.00000,5.00000,0.00000,0.00000,12,0.00138,-0.62382,-0.62394,0.00373,1.78468,1.82452,-0.13527,-0.13519,-0.00286,-0.05367,-0.09067,-0.07086,-0.07118,0.00431,1.34603,1.31691,-0.45432,-0.45423,0.00249,-0.24362,-0.24812,-0.30381,-0.30431,0.00076,-0.02595,-0.05199,-0.66160,0.23409,-0.00239,5.97071,5.83827
11.9938,-3.50162,-3.42171,-3.50162,-3.42171,-3.50234,-3.42203,1.49766,1.57797,5.02070,5.02039,5.00000,5.00000,0.00000,0.00000,12,0.00026,-0.62382,-0.62395,-0.00227,1.79106,1.90830,-0.13527,-0.13519,0.00299,-0.03432,-0.03167,-0.07086,-0.07120,-0.01088,1.31305,1.34610,-0.45432,-0.45423,0.00112,-0.26167,-0.14765,-0.30381,-0.30432,-0.00785,-0.06717,-0.05575,-0.66160,0.23410,0.00362,5.98119,5.89015
12.0942,-3.49972,-3.42295,-3.49972,-3.42295,-3.49993,-3.42287,1.50007,1.57713,5.02091,5.02057,5.00000,5.00000,0.00000,0.00000,12,0.00027,-0.62382,-0.62396,-0.00732,1.76542,1.93490,-0.13527,-0.13518,0.00240,-0.06236,-0.11039,-0.07086,-0.07118,-0.00301,1.31438,1.34669,-0.45432,-0.45423,0.00147,-0.25479,-0.27232,-0.30381,-0.30430,0.00338,-0.02434,-0.11711,-0.66160,0.23410,-0.00091,5.97209,5.98091
12.1957,-3.50298,-3.42196,-3.50298,-3.42196,-3.50214,-3.42290,1.49786,1.57710,5.02137,5.02013,5.00000,5.00000,0.00000,0.00000,12,0.00033,-0.62382,-0.62396,-0.01123,1.78312,1.64511,-0.13527,-0.13519,-0.00231,-0.05009,0.01849,-0.07086,-0.07119,-0.00577,1.33017,1.32550,-0.45432,-0.45426,-0.01063,-0.27632,-0.28226,-0.30381,-0.30431,-0.00202,-0.05553,-0.12187,-0.66160,0.23409,0.00134,5.98006,6.01208
12.2981,-3.50431,-3.42109,-3.50431,-3.42109,-3.50319,-3.42169,1.49681,1.57831,5.02150,5.02027,5.00000,5.00000,0.00000,0.00000,12,0.00085,-0.62382,-0.62394,0.00503,1.81419,1.88657,-0.13527,-0.13518,0.00607,-0.01671,-0.12434,-0.07086,-0.07119,-0.00721,1.32120,1.31398,-0.45432,-0.45422,0.00279,-0.24397,-0.13660,-0.30381,-0.30432,-0.01015,-0.09109,-0.21113,-0.66160,0.23410,0.00689,5.97308,5.85053
12.3999,-3.50187,-3.42151,-3.50187,-3.42151,-3.50267,-3.42106,1.49733,1.57894,5.02067,5.02072,5.00000,5.00000,0.00000,0.00000,12,0.00027,-0.62382,-0.62395,-0.00514,1.77471,1.84037,-0.13527,-0.13520,-0.00545,-0.06185,0.06049,-0.07086,-0.07116,0.00677,1.31374,1.32977,-0.45432,-0.45423,0.00166,-0.25111,-0.24706,-0.30381,-0.30430,-0.00280,-0.06206,-0.04621,-0.66160,0.23411,0.00633,5.99400,6.09622
12.5005,-3.49833,-3.41822,-3.49833,-3.41822,-3.50097,-3.41940,1.49903,1.58060,5.01988,5.02001,5.00000,5.00000,0.00000,0.00000,12,0.00027,-0.62382,-0.62395,-0.00983,1.75595,1.84284,-0.13527,-0.13519,-0.00223,-0.04414,-0.04090,-0.07086,-0.07116,0.00074,1.32150,1.26317,-0.45432,-0.45423,-0.00005,-0.22689,-0.39501,-0.30381,-0.30430,-0.00097,-0.06280,-0.13026,-0.66160,0.23410,0.00476,5.97880,6.01470
12.6030,-3.49574,-3.41826,-3.49574,-3.41826,-3.49734,-3.41792,1.50266,1.58208,5.02030,5.02065,5.00000,5.00000,0.00000,0.00000,12,0.00085,-0.62382,-0.62396,-0.00900,1.75436,1.78949,-0.13527,-0.13520,-0.00031,-0.04089,-0.12910,-0.07086,-0.07116,-0.00206,1.31089,1.33150,-0.45432,-0.45422,0.01049,-0.25025,-0.11154,-0.30381,-0.30431,-0.00549,-0.05482,-0.21097,-0.66160,0.23411,0.01318,5.99400,5.97877
12.7052,-3.49447,-3.41837,-3.49447,-3.41837,-3.49513,-3.41841,1.50487,1.58159,5.02069,5.02050,5.00000,5.00000,0.00000,0.00000,12,0.00105,-0.62382,-0.62392,0.01301,1.81036,1.85191,-0.13527,-0.13519,-0.00464,-0.05188,-0.03671,-0.07086,-0.07116,-0.00001,1.31547,1.50778,-0.45432,-0.45426,-0.00831,-0.26367,-0.28408,-0.30381,-0.30430,-0.00280,-0.07987,-0.06939,-0.66160,0.23409,-0.00547,5.97424,6.11538
12.8060,-3.49634,-3.41605,-3.49634,-3.41605,-3.49522,-3.41644,1.50478,1.58356,5.02145,5.02033,5.00000,5.00000,0.00000,0.00000,12,0.00030,-0.62382,-0.62394,0.00163,1.79687,1.71924,-0.13527,-0.13520,-0.00574,-0.05954,0.03770,-0.07086,-0.07115,-0.00193,1.30965,1.33576,-0.45432,-0.45423,0.00229,-0.24437,-0.36867,-0.30381,-0.30429,0.00707,-0.11399,-0.09052,-0.66160,0.23409,0.00221,5.97324,6.04098
12.9069,-3.49754,-3.41714,-3.49754,-3.41714,-3.49692,-3.41636,1.50308,1.58364,5.02125,5.02083,5.00000,5.00000,0.00000,0.00000,12,0.00029,-0.62382,-0.62395,-0.00313,1.77544,1.89249,-0.13527,-0.13518,0.00249,-0.05398,-0.10102,-0.07086,-0.07114,0.00134,1.31912,1.23886,-0.45432,-0.45426,-0.01449,-0.28069,-0.15916,-0.30381,-0.30429,0.00110,-0.10797,-0.19912,-0.66160,0.23407,-0.00463,5.98968,5.90579
13.0087,-3.49707,-3.41902,-3.49707,-3.41902,-3.49811,-3.41865,1.50189,1.58135,5.02054,5.02067,5.00000,5.00000,0.00000,0.00000,12,0.00027,-0.62382,-0.62393,0.00496,1.80595,1.88649,-0.13527,-0.13518,0.00583,-0.00677,-0.07345,-0.07086,-0.07115,0.00157,1.28322,1.37857,-0.45432,-0.45423,0.00268,-0.24417,-0.23904,-0.30381,-0.30430,-0.00292,-0.09891,-0.12753,-0.66160,0.23409,0.00243,5.97983,6.14368
13.1102,-3.49551,-3.42063,-3.49551,-3.42063,-3.49606,-3.41972,1.50394,1.58028,5.02074,5.02091,5.00000,5.00000,0.00000,0.00000,12,0.00032,-0.62382,-0.62394,-0.00388,1.77155,1.93428,-0.13527,-0.13519,0.00228,-0.02347,-0.08273,-0.07086,-0.07113,0.00473,1.29722,1.26944,-0.45432,-0.45423,-0.00293,-0.26207,-0.25288,-0.30381,-0.30430,-0.00608,-0.11391,-0.22178,-0.66160,0.23410,0.01215,5.99054,5.85895
13.2110,-3.49104,-3.42016,-3.49104,-3.42016,-3.49299,-3.42033,1.50701,1.57967,5.02012,5.02045,5.00000,5.00000,0.00000,0.00000,12,0.00030,-0.62382,-0.62393,0.00520,1.77383,1.78708,-0.13527,-0.13520,-0.00339,-0.04433,-0.06578,-0.07086,-0.07113,0.00359,1.29075,1.28930,-0.45432,-0.45424,-0.00732,-0.24778,-0.29433,-0.30381,-0.30429,0.00039,-0.12832,-0.15512,-0.66160,0.23405,-0.01575,5.91542,6.00503
13.3114,-3.49065,-3.41874,-3.49065,-3.41874,-3.49047,-3.41957,1.50953,1.58043,5.02102,5.02016,5.00000,5.00000,0.00000,0.00000,12,0.00033,-0.62382,-0.62393,0.00122,1.79074,1.63962,-0.13527,-0.13518,-0.00069,-0.02817,-0.09898,-0.07086,-0.07114,-0.00376,1.29249,1.35580,-0.45432,-0.45423,0.00191,-0.24186,-0.29966,-0.30381,-0.30429,0.00022,-0.13238,-0.05423,-0.66160,0.23409,0.00760,5.97897,5.88808
13.4138,-3.48949,-3.41978,-3.48949,-3.41978,-3.48896,-3.41897,1.51104,1.58103,5.02116,5.02086,5.00000,5.00000,0.00000,0.00000,12,0.00031,-0.62382,-0.62394,-0.00047,1.77673,1.78073,-0.13527,-0.13520,-0.00730,-0.05383,0.09350,-0.07086,-0.07113,-0.00275,1.26841,1.34676,-0.45432,-0.45422,0.00244,-0.23522,-0.24957,-0.30381,-0.30428,-0.00027,-0.13516,-0.07794,-0.66160,0.23407,-0.00330,5.95244,5.86283
13.5144,-3.49211,-3.42249,-3.49211,-3.42249,-3.49056,-3.42164,1.50944,1.57836,5.02161,5.02090,5.00000,5.00000,0.00000,0.00000,12,0.00031,-0.62382,-0.62394,-0.00349,1.76801,1.54234,-0.13527,-0.13520,0.00053,-0.02949,-0.03488,-0.07086,-0.07112,-0.00210,1.27729,1.22663,-0.45432,-0.45422,0.00580,-0.22204,-0.16199,-0.30381,-0.30428,0.00027,-0.14120,-0.03743,-0.66160,0.23407,-0.00568,5.93260,5.97965
13.6179,-3.49746,-3.42582,-3.49746,-3.42582,-3.49511,-3.42496,1.50489,1.57504,5.02198,5.02092,5.00000,5.00000,0.00000,0.00000,12,0.00146,-0.62382,-0.62393,0.00129,1.78544,1.88383,-0.13527,-0.13519,-0.00270,-0.03622,-0.09665,-0.07086,-0.07111,0.00394,1.29298,1.25009,-0.45432,-0.45421,0.00767,-0.20750,-0.27429,-0.30381,-0.30428,0.00541,-0.12615,-0.26657,-0.66160,0.23407,-0.00267,5.99362,5.93324
13.7191,-3.49637,-3.42127,-3.49637,-3.42127,-3.49577,-3.42300,1.50423,1.57700,5.02123,5.01980,5.00000,5.00000,0.00000,0.00000,12,0.00091,-0.62382,-0.62393,0.00122,1.78592,1.89247,-0.13527,-0.13519,-0.00064,-0.02656,0.02265,-0.07086,-0.07113,-0.00287,1.29073,1.18835,-0.45432,-0.45423,0.00253,-0.23755,-0.17477,-0.30381,-0.30428,0.00090,-0.18300,-0.16093,-0.66160,0.23407,-0.00111,5.95999,5.87153
13.8211,-3.49545,-3.42097,-3.49545,-3.42097,-3.49594,-3.42141,1.50406,1.57859,5.02077,5.02034,5.00000,5.00000,0.00000,0.00000,12,0.00056,-0.62382,-0.62394,0.00333,1.78702,1.70554,-0.13527,-0.13520,-0.00684,-0.05186,-0.00495,-0.07086,-0.07111,-0.00056,1.26916,1.26560,-0.45432,-0.45423,-0.00139,-0.24750,-0.26330,-0.30381,-0.30430,-0.00841,-0.16041,-0.18593,-0.66160,0.23408,0.00815,5.97646,5.89082
13.9250,-3.49659,-3.42136,-3.49659,-3.42136,-3.49582,-3.42123,1.50418,1.57877,5.02131,5.02058,5.00000,5.00000,0.00000,0.00000,12,0.00245,-0.62382,-0.62395,-0.00182,1.73186,1.88587,-0.13527,-0.13519,0.00038,-0.02246,-0.13860,-0.07086,-0.07111,0.00014,1.26949,1.21697,-0.45432,-0.45423,0.00439,-0.22709,-0.17283,-0.30381,-0.30428,0.00371,-0.11990,-0.11323,-0.66160,0.23407,0.00072,5.98126,5.84533
14.0246,-3.49817,-3.40620,-3.49817,-3.40620,-3.49830,-3.40961,1.50170,1.59039,5.02093,5.01900,5.00000,5.00000,0.00000,0.00000,12,0.00029,-0.62382,-0.62393,0.00195,1.75062,1.84076,-0.13527,-0.13519,-0.00309,-0.03126,0.00437,-0.07086,-0.07110,0.00134,1.27601,1.40499,-0.45432,-0.45425,-0.00843,-0.24590,-0.22549,-0.30381,-0.30426,0.01003,-0.16041,-0.04455,-0.66160,0.23410,0.01246,5.98672,6.04018
14.1257,-3.50128,-3.40771,-3.50128,-3.40771,-3.50067,-3.40806,1.49933,1.59194,5.02127,5.02030,5.00000,5.00000,0.00000,0.00000,12,0.00028,-0.62382,-0.62393,0.00268,1.75502,1.76702,-0.13527,-0.13519,0.00223,-0.04510,-0.02842,-0.07086,-0.07111,-0.00233,1.25909,1.40540,-0.45432,-0.45422,0.00208,-0.23006,-0.26606,-0.30381,-0.30428,0.00193,-0.16833,-0.15547,-0.66160,0.23407,-0.00150,5.99181,6.01415
14.2277,-3.49788,-3.40360,-3.49788,-3.40360,-3.49837,-3.40511,1.50163,1.59489,5.02078,5.01978,5.00000,5.00000,0.00000,0.00000,12,0.00035,-0.62382,-0.62396,-0.00616,1.73975,1.76218,-0.13527,-0.13521,-0.00440,-0.04314,-0.16590,-0.07086,-0.07109,0.00140,1.27529,1.29856,-0.45432,-0.45423,0.00090,-0.23298,-0.32859,-0.30381,-0.30429,-0.00695,-0.17848,-0.10128,-0.66160,0.23408,0.00515,5.97414,6.07012
14.3300,-3.49664,-3.40506,-3.49664,-3.40506,-3.49776,-3.40456,1.50224,1.59544,5.02051,5.02064,5.00000,5.00000,0.00000,0.00000,12,0.00034,-0.62382,-0.62392,0.00784,1.76995,1.74364,-0.13527,-0.13518,0.00313,-0.03624,0.04182,-0.07086,-0.07108,0.00714,1.26577,1.36177,-0.45432,-0.45423,-0.00198,-0.24451,-0.23444,-0.30381,-0.30427,0.00071,-0.14936,-0.12996,-0.66160,0.23408,0.00672,5.99400,6.02581
14.4303,-3.50100,-3.40451,-3.50100,-3.40451,-3.49997,-3.40540,1.50003,1.59460,5.02144,5.02005,5.00000,5.00000,0.00000,0.00000,12,0.00028,-0.62382,-0.62395,-0.00796,1.76863,1.79862,-0.13527,-0.13520,-0.00249,-0.02883,-0.10817,-0.07086,-0.07109,0.00362,1.24670,1.16032,-0.45432,-0.45422,0.00477,-0.21747,-0.17678,-0.30381,-0.30430,-0.01138,-0.20926,-0.12135,-0.66160,0.23408,0.00929,5.99400,5.88597
14.5315,-3.49836,-3.40436,-3.49836,-3.40436,-3.50007,-3.40500,1.49993,1.59500,5.02027,5.02016,5.00000,5.00000,0.00000,0.00000,12,0.00038,-0.62382,-0.62393,0.00269,1.78030,1.68141,-0.13527,-0.13518,0.00632,-0.02542,-0.14860,-0.07086,-0.07107,0.00424,1.25402,1.30151,-0.45432,-0.45424,-0.00232,-0.24596,-0.32086,-0.30381,-0.30429,-0.00861,-0.19854,-0.16850,-0.66160,0.23407,0.00449,5.95947,6.02835
14.6335,-3.49629,-3.40194,-3.49629,-3.40194,-3.49869,-3.40290,1.50131,1.59710,5.01996,5.02001,5.00000,5.00000,0.00000,0.00000,12,0.00030,-0.62382,-0.62393,0.00093,1.76923,1.75199,-0.13527,-0.13519,-0.00198,-0.02471,0.03807,-0.07086,-0.07108,0.00149,1.23718,1.10658,-0.45432,-0.45424,-0.00332,-0.25195,-0.23825,-0.30381,-0.30428,-0.00956,-0.20079,-0.26839,-0.66160,0.23406,-0.00097,5.96600,5.84241
14.7349,-3.49635,-3.40040,-3.49635,-3.40040,-3.49656,-3.40110,1.50344,1.59890,5.02089,5.02011,5.00000,5.00000,0.00000,0.00000,12,0.00026,-0.62382,-0.62393,0.00221,1.74288,1.87372,-0.13527,-0.13519,0.00048,-0.01654,-0.02139,-0.07086,-0.07108,0.00196,1.24027,1.40707,-0.45432,-0.45423,0.00036,-0.23334,-0.09136,-0.30381,-0.30430,-0.01325,-0.22795,-0.22788,-0.66160,0.23409,0.01402,5.99400,6.03016
14.8367,-3.49057,-3.39941,-3.49057,-3.39941,-3.49307,-3.40052,1.50693,1.59948,5.01989,5.01993,5.00000,5.00000,0.00000,0.00000,12,0.00027,-0.62382,-0.62392,0.01148,1.77584,1.80951,-0.13527,-0.13520,-0.00600,-0.03715,-0.07471,-0.07086,-0.07107,0.00575,1.25530,1.27856,-0.45432,-0.45423,0.00500,-0.21523,-0.26136,-0.30381,-0.30426,-0.00073,-0.20603,-0.15490,-0.66160,0.23407,0.00620,5.96956,5.99844
14.9381,-3.49393,-3.39840,-3.49393,-3.39840,-3.49295,-3.39911,1.50705,1.60089,5.02138,5.02009,5.00000,5.00000,0.00000,0.00000,12,0.00026,-0.62382,-0.62394,-0.00508,1.74393,1.62487,-0.13527,-0.13521,-0.00634,-0.04096,-0.04509,-0.07086,-0.07106,0.00497,1.25263,1.25784,-0.45432,-0.45423,-0.00000,-0.23198,-0.15900,-0.30381,-0.30424,0.01319,-0.19127,-0.07354,-0.66160,0.23404,-0.00526,5.96752,5.93902
15.0394,-3.49282,-3.39419,-3.49282,-3.39419,-3.49341,-3.39609,1.50659,1.60391,5.02071,5.01956,5.00000,5.00000,0.00000,0.00000,12,0.00029,-0.62382,-0.62396,-0.01564,1.73085,1.67322,-0.13527,-0.13517,0.00828,-0.00697,-0.07506,-0.07086,-0.07106,0.00004,1.23688,1.21484,-0.45432,-0.45425,-0.00975,-0.23839,-0.24690,-0.30381,-0.30426,0.00261,-0.20820,-0.31792,-0.66160,0.23406,0.00285,5.97364,5.91804
15.1439,-3.49168,-3.39190,-3.49168,-3.39190,-3.49258,-3.39298,1.50742,1.60702,5.02057,5.01990,5.00000,5.00000,0.00000,0.00000,12,0.00166,-0.62382,-0.62394,-0.00277,1.74915,1.77320,-0.13527,-0.13519,0.00042,-0.00990,-0.13493,-0.07086,-0.07108,-0.00656,1.23358,1.28908,-0.45432,-0.45423,0.00322,-0.21982,-0.29769,-0.30381,-0.30426,0.00078,-0.21847,-0.25873,-0.66160,0.23405,-0.00426,5.99372,6.01241
15.2432,-3.49385,-3.39452,-3.49385,-3.39452,-3.49320,-3.39460,1.50680,1.60540,5.02124,5.02034,5.00000,5.00000,0.00000,0.00000,12,0.00029,-0.62382,-0.62393,0.00351,1.73759,1.80756,-0.13527,-0.13519,0.00144,-0.00553,-0.07532,-0.07086,-0.07109,-0.01321,1.20453,1.23890,-0.45432,-0.45423,0.00491,-0.21130,-0.29248,-0.30381,-0.30426,0.00049,-0.22633,-0.29732,-0.66160,0.23408,0.01211,5.99400,6.06180
15.3438,-3.48808,-3.39570,-3.48808,-3.39570,-3.49105,-3.39538,1.50895,1.60462,5.01967,5.02051,5.00000,5.00000,0.00000,0.00000,12,0.00036,-0.62382,-0.62394,-0.00112,1.75207,1.77272,-0.13527,-0.13519,0.00020,-0.00849,-0.08406,-0.07086,-0.07104,0.00511,1.23724,1.22628,-0.45432,-0.45422,0.00515,-0.20410,-0.13095,-0.30381,-0.30427,-0.00295,-0.24482,-0.22305,-0.66160,0.23405,-0.00286,5.98442,5.96290
15.4450,-3.49367,-3.39523,-3.49367,-3.39523,-3.49157,-3.39591,1.50843,1.60409,5.02185,5.02008,5.00000,5.00000,0.00000,0.00000,12,0.00031,-0.62382,-0.62391,0.01063,1.76783,1.86667,-0.13527,-0.13521,-0.00840,-0.01223,-0.20501,-0.07086,-0.07107,-0.00699,1.24846,1.34156,-0.45432,-0.45422,0.00246,-0.21215,-0.22552,-0.30381,-0.30429,-0.01089,-0.25446,-0.32562,-0.66160,0.23407,0.00610,5.99400,6.04891
15.5452,-3.49216,-3.39255,-3.49216,-3.39255,-3.49163,-3.39408,1.50837,1.60592,5.02118,5.01971,5.00000,5.00000,0.00000,0.00000,12,0.00025,-0.62382,-0.62393,0.00230,1.72876,1.91152,-0.13527,-0.13519,0.00190,0.00147,-0.09793,-0.07086,-0.07105,0.00377,1.24276,1.21082,-0.45432,-0.45423,0.00614,-0.20588,-0.13021,-0.30381,-0.30426,-0.00006,-0.24177,-0.32387,-0.66160,0.23404,-0.00161,5.98859,5.90150
15.6465,-3.49579,-3.39278,-3.49579,-3.39278,-3.49503,-3.39326,1.50497,1.60674,5.02130,5.02015,5.00000,5.00000,0.00000,0.00000,12,0.00028,-0.62382,-0.62394,-0.00430,1.73326,1.83327,-0.13527,-0.13518,0.00261,0.00639,-0.03510,-0.07086,-0.07105,-0.00120,1.22283,1.27965,-0.45432,-0.45424,0.00065,-0.22420,-0.16835,-0.30381,-0.30425,0.00437,-0.22842,-0.24057,-0.66160,0.23404,-0.00752,5.96952,5.82378
15.7487,-3.49637,-3.38915,-3.49637,-3.38915,-3.49563,-3.39001,1.50437,1.60999,5.02129,5.01997,5.00000,5.00000,0.00000,0.00000,12,0.00100,-0.62382,-0.62392,0.01062,1.76051,1.69214,-0.13527,-0.13518,0.00779,-0.00503,0.16443,-0.07086,-0.07105,0.00106,1.23068,1.20800,-0.45432,-0.45423,0.00359,-0.21043,-0.28160,-0.30381,-0.30428,-0.01135,-0.23377,-0.15671,-0.66160,0.23406,0.00110,5.94678,5.97355
15.8506,-3.49583,-3.38970,-3.49583,-3.38970,-3.49602,-3.39014,1.50398,1.60986,5.02090,5.02015,5.00000,5.00000,0.00000,0.00000,12,0.00057,-0.62382,-0.62396,-0.00936,1.73948,1.73996,-0.13527,-0.13520,-0.00700,-0.03101,-0.07108,-0.07086,-0.07105,-0.00110,1.22187,1.25452,-0.45432,-0.45422,0.00330,-0.20544,-0.08008,-0.30381,-0.30425,0.00423,-0.27110,-0.25040,-0.66160,0.23408,0.01191,5.97720,5.96507
15.9512,-3.49819,-3.38949,-3.49819,-3.38949,-3.49755,-3.39014,1.50245,1.60986,5.02126,5.02007,5.00000,5.00000,0.00000,0.00000,12,0.00027,-0.62382,-0.62393,0.00148,1.72265,1.52736,-0.13527,-0.13521,-0.00586,-0.00040,-0.02082,-0.07086,-0.07103,0.00566,1.25067,1.25727,-0.45432,-0.45424,-0.00354,-0.23747,-0.23247,-0.30381,-0.30424,0.00742,-0.26080,-0.30876,-0.66160,0.23404,-0.00350,5.93914,5.90607
16.0525,-3.49930,-3.38727,-3.49930,-3.38727,-3.49868,-3.38873,1.50132,1.61127,5.02126,5.01971,5.00000,5.00000,0.00000,0.00000,12,0.00027,-0.62382,-0.62394,-0.00282,1.73633,1.74009,-0.13527,-0.13518,0.00504,-0.01186,0.02677,-0.07086,-0.07105,-0.00201,1.21441,1.24276,-0.45432,-0.45424,-0.00159,-0.22742,-0.16314,-0.30381,-0.30426,-0.00172,-0.27215,-0.30966,-0.66160,0.23404,-0.00340,5.98682,5.86231
16.1572,-3.50220,-3.38802,-3.50220,-3.38802,-3.50200,-3.38784,1.49800,1.61216,5.02110,5.02040,5.00000,5.00000,0.00000,0.00000,12,0.00072,-0.62382,-0.62393,-0.00051,1.74548,1.85338,-0.13527,-0.13519,0.00067,0.00231,0.00631,-0.07086,-0.07105,-0.00357,1.20751,1.13655,-0.45432,-0.45422,0.00428,-0.19939,-0.13873,-0.30381,-0.30425,-0.00116,-0.27571,-0.26359,-0.66160,0.23404,-0.00237,5.97756,6.02012
16.2597,-3.50171,-3.39008,-3.50171,-3.39008,-3.50132,-3.38920,1.49868,1.61080,5.02117,5.02071,5.00000,5.00000,0.00000,0.00000,12,0.00104,-0.62382,-0.62394,-0.00699,1.71659,1.73008,-0.13527,-0.13520,0.00001,-0.00326,0.00435,-0.07086,-0.07105,-0.00405,1.20438,1.17407,-0.45432,-0.45424,0.00067,-0.21944,-0.13979,-0.30381,-0.30425,0.00102,-0.27240,-0.18306,-0.66160,0.23407,0.01185,5.99400,5.97581
16.3629,-3.49632,-3.38872,-3.49632,-3.38872,-3.49859,-3.39003,1.50141,1.60997,5.02002,5.01978,5.00000,5.00000,0.00000,0.00000,12,0.00106,-0.62382,-0.62393,0.00189,1.71988,1.72120,-0.13527,-0.13520,-0.00325,-0.01498,-0.05624,-0.07086,-0.07104,-0.00401,1.20729,1.14241,-0.45432,-0.45424,-0.00105,-0.22465,-0.09017,-0.30381,-0.30426,-0.00516,-0.30144,-0.28385,-0.66160,0.23405,0.00341,5.95834,5.83528
16.4661,-3.49575,-3.38940,-3.49575,-3.38940,-3.49664,-3.38906,1.50336,1.61094,5.02060,5.02048,5.00000,5.00000,0.00000,0.00000,12,0.00146,-0.62382,-0.62393,-0.00080,1.73867,1.78123,-0.13527,-0.13520,-0.00222,-0.00756,-0.03324,-0.07086,-0.07102,0.00279,1.20382,1.08536,-0.45432,-0.45424,0.00171,-0.21257,-0.22722,-0.30381,-0.30424,0.00320,-0.26892,-0.26929,-0.66160,0.23404,-0.00214,5.94852,5.90484
16.5657,-3.49302,-3.39289,-3.49302,-3.39289,-3.49354,-3.39173,1.50646,1.60827,5.02074,5.02085,5.00000,5.00000,0.00000,0.00000,12,0.00027,-0.62382,-0.62393,0.00279,1.72019,1.78106,-0.13527,-0.13520,0.00049,0.00221,0.02821,-0.07086,-0.07105,-0.00814,1.18365,1.25322,-0.45432,-0.45425,-0.00911,-0.21815,-0.23586,-0.30381,-0.30426,-0.00896,-0.32553,-0.18297,-0.66160,0.23407,0.01360,5.99400,5.81515
16.6688,-3.49683,-3.39495,-3.49683,-3.39495,-3.49610,-3.39533,1.50390,1.60467,5.02129,5.02021,5.00000,5.00000,0.00000,0.00000,12,0.00050,-0.62382,-0.62392,0.00461,1.72684,1.67413,-0.13527,-0.13520,-0.00411,-0.01445,0.00045,-0.07086,-0.07103,-0.00400,1.20321,1.26146,-0.45432,-0.45423,0.00544,-0.19635,-0.19934,-0.30381,-0.30426,-0.00453,-0.30776,-0.26951,-0.66160,0.23406,0.01394,5.99400,6.13861
16.7739,-3.50317,-3.39820,-3.50317,-3.39820,-3.50053,-3.39720,1.49947,1.60280,5.02213,5.02081,5.00000,5.00000,0.00000,0.00000,12,0.00274,-0.62382,-0.62394,-0.00158,1.73048,1.82901,-0.13527,-0.13518,0.00954,0.01074,-0.02071,-0.07086,-0.07104,-0.00785,1.18647,1.14538,-0.45432,-0.45424,0.00092,-0.21259,-0.16113,-0.30381,-0.30424,0.00044,-0.32923,-0.27393,-0.66160,0.23406,0.00884,5.97200,5.94405
16.8737,-3.50470,-3.39759,-3.50470,-3.39759,-3.50376,-3.39770,1.49624,1.60230,5.02143,5.02034,5.00000,5.00000,0.00000,0.00000,12,0.00034,-0.62382,-0.62394,-0.00506,1.71677,1.60211,-0.13527,-0.13520,-0.00149,-0.00264,-0.07514,-0.07086,-0.07103,-0.00643,1.19135,1.26086,-0.45432,-0.45423,0.00147,-0.20595,-0.11648,-0.30381,-0.30424,0.00025,-0.30375,-0.25852,-0.66160,0.23404,0.00522,5.97939,5.91215
16.9759,-3.50682,-3.39612,-3.50682,-3.39612,-3.50545,-3.39650,1.49455,1.60350,5.02162,5.02022,5.00000,5.00000,0.00000,0.00000,12,0.00033,-0.62382,-0.62391,0.00649,1.73315,1.71034,-0.13527,-0.13519,0.00128,-0.02291,0.06752,-0.07086,-0.07100,0.00871,1.22049,1.27927,-0.45432,-0.45423,0.00211,-0.20387,-0.16844,-0.30381,-0.30427,-0.01025,-0.35371,-0.31590,-0.66160,0.23404,0.00540,5.99400,5.91710
17.0762,-3.50416,-3.39345,-3.50416,-3.39345,-3.50579,-3.39475,1.49421,1.60525,5.02034,5.01981,5.00000,5.00000,0.00000,0.00000,12,0.00027,-0.62382,-0.62394,-0.00651,1.67605,1.72485,-0.13527,-0.13519,0.00200,0.01696,0.06232,-0.07086,-0.07100,0.01022,1.22487,1.18206,-0.45432,-0.45423,0.00376,-0.19789,-0.10560,-0.30381,-0.30424,0.00260,-0.33597,-0.34757,-0.66160,0.23404,0.00054,5.95686,5.97559
17.1781,-3.50279,-3.39269,-3.50279,-3.39269,-3.50328,-3.39293,1.49672,1.60707,5.02081,5.02026,5.00000,5.00000,0.00000,0.00000,12,0.00086,-0.62382,-0.62392,0.00547,1.72197,1.64868,-0.13527,-0.13521,-0.00761,-0.02295,-0.10008,-0.07086,-0.07101,0.00477,1.20247,1.30204,-0.45432,-0.45425,-0.00647,-0.20583,-0.16235,-0.30381,-0.30425,-0.00391,-0.33807,-0.29460,-0.66160,0.23404,0.00000,5.95629,5.98197
17.2796,-3.50200,-3.39115,-3.50200,-3.39115,-3.50338,-3.39233,1.49662,1.60767,5.02043,5.01985,5.00000,5.00000,0.00000,0.00000,12,0.00032,-0.62382,-0.62393,-0.00243,1.69335,1.51152,-0.13527,-0.13520,-0.00223,-0.01489,0.06898,-0.07086,-0.07103,-0.00780,1.18371,1.34261,-0.45432,-0.45424,0.00176,-0.18736,-0.08913,-0.30381,-0.30423,0.00754,-0.32445,-0.23828,-0.66160,0.23404,0.00444,5.95658,5.97711
17.3811,-3.50311,-3.38997,-3.50311,-3.38997,-3.50220,-3.38965,1.49780,1.61035,5.02141,5.02047,5.00000,5.00000,0.00000,0.00000,12,0.00028,-0.62382,-0.62392,0.00343,1.69647,1.84559,-0.13527,-0.13518,0.00890,0.01072,0.02963,-0.07086,-0.07100,0.00328,1.20855,1.26112,-0.45432,-0.45424,0.00132,-0.19045,-0.08506,-0.30381,-0.30424,0.00019,-0.34364,-0.36113,-0.66160,0.23402,-0.01079,5.96635,6.01960
17.4826,-3.50339,-3.38820,-3.50339,-3.38820,-3.50224,-3.38864,1.49776,1.61136,5.02151,5.02015,5.00000,5.00000,0.00000,0.00000,12,0.00028,-0.62382,-0.62392,0.00433,1.68505,1.76153,-0.13527,-0.13519,0.00172,0.00474,0.04508,-0.07086,-0.07099,0.00316,1.17077,1.11455,-0.45432,-0.45424,-0.00106,-0.21304,-0.10082,-0.30381,-0.30425,-0.00457,-0.36390,-0.33823,-0.66160,0.23402,-0.00810,5.96263,6.07159
17.5848,-3.50423,-3.38664,-3.50423,-3.38664,-3.50413,-3.38777,1.49587,1.61223,5.02107,5.01984,5.00000,5.00000,0.00000,0.00000,12,0.00035,-0.62382,-0.62391,0.00727,1.73123,1.70737,-0.13527,-0.13519,-0.00145,0.02090,0.05900,-0.07086,-0.07101,-0.00015,1.19650,1.07514,-0.45432,-0.45424,-0.00107,-0.21298,-0.22625,-0.30381,-0.30425,-0.00325,-0.35387,-0.36322,-0.66160,0.23403,-0.00751,5.97357,5.81463
17.6873,-3.50253,-3.38432,-3.50253,-3.38432,-3.50146,-3.38501,1.49854,1.61499,5.02147,5.02001,5.00000,5.00000,0.00000,0.00000,12,0.00108,-0.62382,-0.62391,0.00879,1.73190,1.64254,-0.13527,-0.13520,-0.00112,0.01411,-0.06720,-0.07086,-0.07100,0.00194,1.18957,1.19508,-0.45432,-0.45425,-0.00674,-0.19944,-0.20360,-0.30381,-0.30425,-0.00348,-0.35744,-0.47425,-0.66160,0.23403,-0.00265,5.96178,5.98422
17.7871,-3.49375,-3.38543,-3.49375,-3.38543,-3.49708,-3.38543,1.50292,1.61457,5.01955,5.02031,5.00000,5.00000,0.00000,0.00000,12,0.00028,-0.62382,-0.62393,-0.00358,1.71361,1.69848,-0.13527,-0.13519,-0.00341,0.00382,0.04103,-0.07086,-0.07101,-0.00212,1.17171,1.14114,-0.45432,-0.45424,-0.00388,-0.18544,-0.25710,-0.30381,-0.30423,-0.00027,-0.34698,-0.35852,-0.66160,0.23405,0.01324,5.99400,5.95885
17.8880,-3.49755,-3.38665,-3.49755,-3.38665,-3.49704,-3.38545,1.50296,1.61455,5.02120,5.02083,5.00000,5.00000,0.00000,0.00000,12,0.00029,-0.62382,-0.62392,-0.00239,1.74165,1.70895,-0.13527,-0.13517,0.00731,-0.00655,0.01873,-0.07086,-0.07098,0.00253,1.19716,1.14458,-0.45432,-0.45423,0.00282,-0.20967,-0.11128,-0.30381,-0.30423,0.00046,-0.35046,-0.24763,-0.66160,0.23406,0.01234,5.97630,5.94317
17.9894,-3.49653,-3.38732,-3.49653,-3.38732,-3.49559,-3.38726,1.50441,1.61274,5.02138,5.02035,5.00000,5.00000,0.00000,0.00000,12,0.00029,-0.62382,-0.62392,-0.00004,1.69106,1.72763,-0.13527,-0.13519,0.00245,0.01229,0.09362,-0.07086,-0.07098,0.00212,1.18938,1.02597,-0.45432,-0.45424,-0.00080,-0.18230,-0.15553,-0.30381,-0.30423,0.00168,-0.34972,-0.40449,-0.66160,0.23402,-0.00480,5.98215,6.04039
18.0903,-3.49536,-3.38694,-3.49536,-3.38694,-3.49653,-3.38696,1.50347,1.61304,5.02048,5.02031,5.00000,5.00000,0.00000,0.00000,12,0.00028,-0.62382,-0.62394,-0.00433,1.71205,1.64497,-0.13527,-0.13520,-0.00535,-0.00330,0.07864,-0.07086,-0.07100,-0.00593,1.18794,1.13624,-0.45432,-0.45425,-0.00191,-0.20451,-0.07693,-0.30381,-0.30426,-0.00704,-0.36477,-0.36893,-0.66160,0.23405,0.01121,5.99400,6.00447
18.1927,-3.50570,-3.38978,-3.50570,-3.38978,-3.50151,-3.38818,1.49849,1.61182,5.02281,5.02101,5.00000,5.00000,0.00000,0.00000,12,0.00028,-0.62382,-0.62393,-0.00047,1.71724,1.75086,-0.13527,-0.13517,0.00916,0.03027,0.00002,-0.07086,-0.07099,-0.00019,1.18891,1.06732,-0.45432,-0.45423,0.00331,-0.18628,-0.08176,-0.30381,-0.30423,0.00303,-0.36923,-0.41888,-0.66160,0.23402,-0.00345,5.96960,6.00796
18.2934,-3.50398,-3.39053,-3.50398,-3.39053,-3.50362,-3.38967,1.49638,1.61033,5.02118,5.02071,5.00000,5.00000,0.00000,0.00000,12,0.00030,-0.62382,-0.62393,0.00151,1.73116,1.68815,-0.13527,-0.13519,0.00426,0.01778,-0.09465,-0.07086,-0.07100,-0.00379,1.18894,1.31221,-0.45432,-0.45424,-0.00107,-0.19268,-0.30718,-0.30381,-0.30425,-0.00490,-0.37225,-0.38360,-0.66160,0.23403,0.00422,5.97263,6.01830
18.3968,-3.51138,-3.38886,-3.51138,-3.38886,-3.50858,-3.38987,1.49142,1.61013,5.02225,5.01991,5.00000,5.00000,0.00000,0.00000,12,0.00032,-0.62382,-0.62394,-0.00823,1.68390,1.74534,-0.13527,-0.13521,-0.01018,0.00915,-0.02638,-0.07086,-0.07099,0.00201,1.18629,1.20300,-0.45432,-0.45425,-0.00712,-0.22888,-0.13668,-0.30381,-0.30424,-0.00045,-0.39482,-0.29650,-0.66160,0.23405,0.00722,5.99400,6.06193
18.4996,-3.50507,-3.38586,-3.50507,-3.38586,-3.50601,-3.38674,1.49399,1.61326,5.02063,5.01994,5.00000,5.00000,0.00000,0.00000,12,0.00100,-0.62382,-0.62392,0.00422,1.68425,1.68363,-0.13527,-0.13520,-0.00502,0.00536,-0.01961,-0.07086,-0.07097,0.00856,1.20626,1.23727,-0.45432,-0.45423,0.00721,-0.16811,-0.11833,-0.30381,-0.30423,0.00133,-0.41084,-0.42818,-0.66160,0.23401,-0.01070,5.93457,5.90970
18.5994,-3.49889,-3.38634,-3.49889,-3.38634,-3.50147,-3.38677,1.49853,1.61323,5.01991,5.02014,5.00000,5.00000,0.00000,0.00000,12,0.00027,-0.62382,-0.62392,0.00144,1.71014,1.71936,-0.13527,-0.13519,-0.00343,0.02255,0.04210,-0.07086,-0.07100,-0.00839,1.17771,1.22094,-0.45432,-0.45424,0.00139,-0.20543,-0.13762,-0.30381,-0.30423,0.00230,-0.41237,-0.45127,-0.66160,0.23401,-0.00960,5.97002,5.92943
18.7010,-3.50243,-3.38766,-3.50243,-3.38766,-3.50108,-3.38713,1.49892,1.61287,5.02159,5.02055,5.00000,5.00000,0.00000,0.00000,12,0.00031,-0.62382,-0.62394,-0.00578,1.68733,1.59581,-0.13527,-0.13520,0.00055,0.02375,0.02967,-0.07086,-0.07097,0.00460,1.17176,1.16992,-0.45432,-0.45424,0.00378,-0.16492,-0.21640,-0.30381,-0.30424,-0.00192,-0.40190,-0.36669,-0.66160,0.23403,-0.00194,5.97648,5.93361
18.8035,-3.49817,-3.38799,-3.49817,-3.38799,-3.50042,-3.38785,1.49958,1.61215,5.02004,5.02039,5.00000,5.00000,0.00000,0.00000,12,0.00104,-0.62382,-0.62393,-0.00289,1.69584,1.70985,-0.13527,-0.13520,-0.00059,0.01463,-0.09422,-0.07086,-0.07097,0.00765,1.16465,1.22575,-0.45432,-0.45424,-0.00154,-0.18510,-0.18101,-0.30381,-0.30425,-0.00943,-0.40344,-0.49211,-0.66160,0.23401,-0.00651,5.94090,5.97041
18.9042,-3.49873,-3.38441,-3.49873,-3.38441,-3.49948,-3.38455,1.50052,1.61545,5.02068,5.02025,5.00000,5.00000,0.00000,0.00000,12,0.00029,-0.62382,-0.62394,-0.00480,1.68759,1.66002,-0.13527,-0.13520,-0.00223,0.01384,0.01064,-0.07086,-0.07096,0.00684,1.20815,1.08952,-0.45432,-0.45424,-0.00078,-0.16436,-0.19747,-0.30381,-0.30423,0.00061,-0.43465,-0.52247,-0.66160,0.23401,-0.00420,5.95641,5.92197
19.0050,-3.50218,-3.38460,-3.50218,-3.38460,-3.50110,-3.38392,1.49890,1.61608,5.02147,5.02059,5.00000,5.00000,0.00000,0.00000,12,0.00030,-0.62382,-0.62394,-0.00561,1.68472,1.79878,-0.13527,-0.13519,0.00247,0.03663,-0.12495,-0.07086,-0.07097,0.00117,1.18391,1.27070,-0.45432,-0.45425,-0.00087,-0.20029,-0.20206,-0.30381,-0.30424,-0.00432,-0.41080,-0.44971,-0.66160,0.23402,-0.00215,5.97586,5.94428
19.1062,-3.50006,-3.38669,-3.50006,-3.38669,-3.50166,-3.38579,1.49834,1.61421,5.02033,5.02070,5.00000,5.00000,0.00000,0.00000,12,0.00036,-0.62382,-0.62393,-0.00180,1.66860,1.79110,-0.13527,-0.13520,-0.00408,0.00833,-0.00475,-0.07086,-0.07099,-0.00232,1.16316,1.16619,-0.45432,-0.45424,0.00010,-0.19321,-0.24947,-0.30381,-0.30423,-0.00433,-0.41586,-0.40292,-0.66160,0.23402,-0.00257,5.98746,5.87817
19.2081,-3.50095,-3.38515,-3.50095,-3.38515,-3.50083,-3.38596,1.49917,1.61404,5.02106,5.01997,5.00000,5.00000,0.00000,0.00000,12,0.00108,-0.62382,-0.62391,0.00897,1.71489,1.70797,-0.13527,-0.13520,-0.00249,0.01220,-0.08247,-0.07086,-0.07097,-0.00214,1.16968,1.17751,-0.45432,-0.45425,-0.00380,-0.17986,-0.24735,-0.30381,-0.30423,-0.00766,-0.44273,-0.45866,-0.66160,0.23401,-0.00276,5.94871,5.96906
19.3087,-3.49986,-3.38406,-3.49986,-3.38406,-3.50016,-3.38499,1.49984,1.61501,5.02087,5.01991,5.00000,5.00000,0.00000,0.00000,12,0.00027,-0.62382,-0.62392,0.00119,1.68161,1.66389,-0.13527,-0.13519,0.00477,0.01744,0.10347,-0.07086,-0.07096,0.00150,1.18630,1.30998,-0.45432,-0.45424,0.00305,-0.16585,-0.22988,-0.30381,-0.30422,-0.00314,-0.42813,-0.44367,-0.66160,0.23400,-0.00392,5.94419,6.05907
19.4097,-3.49819,-3.38340,-3.49819,-3.38340,-3.49961,-3.38406,1.50039,1.61594,5.02039,5.02002,5.00000,5.00000,0.00000,0.00000,12,0.00040,-0.62382,-0.62393,-0.00389,1.69497,1.85051,-0.13527,-0.13520,-0.00674,0.03416,0.00694,-0.07086,-0.07096,-0.00113,1.16703,1.17766,-0.45432,-0.45423,0.00435,-0.20362,-0.11727,-0.30381,-0.30423,-0.00349,-0.43606,-0.58418,-0.66160,0.23401,-0.00577,5.92963,5.86961
19.5118,-3.49805,-3.38385,-3.49805,-3.38385,-3.49768,-3.38397,1.50232,1.61603,5.02114,5.02025,5.00000,5.00000,0.00000,0.00000,12,0.00031,-0.62382,-0.62391,-0.00089,1.67235,1.67556,-0.13527,-0.13517,0.01034,0.04452,0.17901,-0.07086,-0.07098,-0.00644,1.18158,1.31199,-0.45432,-0.45424,0.00255,-0.17528,-0.09404,-0.30381,-0.30423,-0.00253,-0.45678,-0.54499,-0.66160,0.23402,0.00624,5.98292,6.00128
19.6151,-3.49681,-3.38571,-3.49681,-3.38571,-3.49780,-3.38450,1.50220,1.61550,5.02057,5.02082,5.00000,5.00000,0.00000,0.00000,12,0.00042,-0.62382,-0.62391,0.00135,1.68311,1.70434,-0.13527,-0.13518,0.00640,0.05944,0.08959,-0.07086,-0.07094,0.00922,1.18502,1.21428,-0.45432,-0.45424,0.00074,-0.18715,-0.12752,-0.30381,-0.30421,0.00439,-0.44553,-0.48549,-0.66160,0.23399,-0.01363,5.92569,5.95735
19.7161,-3.50273,-3.38708,-3.50273,-3.38708,-3.50163,-3.38608,1.49837,1.61392,5.02148,5.02075,5.00000,5.00000,0.00000,0.00000,12,0.00031,-0.62382,-0.62390,0.00753,1.70598,1.65265,-0.13527,-0.13520,-0.00471,0.01260,-0.00062,-0.07086,-0.07095,0.00198,1.15847,1.20054,-0.45432,-0.45424,0.00261,-0.14833,-0.12394,-0.30381,-0.30422,-0.00198,-0.47528,-0.45852,-0.66160,0.23399,-0.00637,5.99359,5.79845
19.8185,-3.50703,-3.38989,-3.50703,-3.38989,-3.50466,-3.38819,1.49534,1.61181,5.02204,5.02106,5.00000,5.00000,0.00000,0.00000,12,0.00087,-0.62382,-0.62394,-0.00717,1.67158,1.81413,-0.13527,-0.13520,-0.00057,0.01989,0.00983,-0.07086,-0.07097,-0.01000,1.13785,1.34625,-0.45432,-0.45424,0.00516,-0.16884,-0.10455,-0.30381,-0.30421,0.00061,-0.46463,-0.40174,-0.66160,0.23400,-0.00831,5.96946,6.06337
19.9198,-3.50810,-3.38939,-3.50810,-3.38939,-3.50802,-3.38996,1.49198,1.61004,5.02108,5.02009,5.00000,5.00000,0.00000,0.00000,12,0.00128,-0.62382,-0.62394,-0.00571,1.67548,1.61983,-0.13527,-0.13519,-0.00130,0.02761,0.00563,-0.07086,-0.07095,0.00193,1.18552,1.10105,-0.45432,-0.45425,-0.00193,-0.19648,-0.20912,-0.30381,-0.30423,-0.00118,-0.48586,-0.49086,-0.66160,0.23401,-0.00220,5.93764,6.03525
20.0212,-3.51058,-3.38874,-3.51058,-3.38874,-3.50967,-3.38960,1.49033,1.61040,5.02145,5.01997,5.00000,5.00000,0.00000,0.00000,12,0.00038,-0.62382,-0.62392,-0.00027,1.67261,1.50197,-0.13527,-0.13522,-0.00896,0.02643,0.02052,-0.07086,-0.07097,-0.00509,1.18109,1.20469,-0.45432,-0.45423,0.00499,-0.17250,-0.25785,-0.30381,-0.30422,-0.00318,-0.46299,-0.45691,-0.66160,0.23403,0.01032,5.99311,5.96117
20.1218,-3.50797,-3.38739,-3.50797,-3.38739,-3.50790,-3.38819,1.49210,1.61181,5.02108,5.01998,5.00000,5.00000,0.00000,0.00000,12,0.00031,-0.62382,-0.62391,0.00669,1.69277,1.70041,-0.13527,-0.13520,-0.00096,0.02835,-0.00619,-0.07086,-0.07096,-0.00393,1.17329,1.15930,-0.45432,-0.45424,-0.00109,-0.18697,-0.09896,-0.30381,-0.30422,-0.00134,-0.45359,-0.51987,-0.66160,0.23401,-0.00183,5.95977,5.81105
20.2240,-3.50430,-3.38518,-3.50430,-3.38518,-3.50597,-3.38605,1.49403,1.61395,5.02032,5.01995,5.00000,5.00000,0.00000,0.00000,12,0.00036,-0.62382,-0.62391,0.00029,1.70478,1.65145,-0.13527,-0.13519,0.00140,0.03607,0.03462,-0.07086,-0.07094,0.00374,1.16415,1.05208,-0.45432,-0.45424,0.00480,-0.16673,-0.14543,-0.30381,-0.30419,0.00917,-0.44962,-0.53893,-0.66160,0.23402,0.00707,5.95612,5.98404
20.3264,-3.50542,-3.38198,-3.50542,-3.38198,-3.50430,-3.38358,1.49570,1.61642,5.02151,5.01961,5.00000,5.00000,0.00000,0.00000,12,0.00095,-0.62382,-0.62392,0.00233,1.69234,1.54047,-0.13527,-0.13519,0.00224,0.01106,0.08665,-0.07086,-0.07094,0.00415,1.13587,1.16899,-0.45432,-0.45426,-0.00888,-0.16971,-0.13854,-0.30381,-0.30422,-0.00314,-0.47837,-0.50447,-0.66160,0.23403,0.00463,5.97363,5.99372
20.4271,-3.50261,-3.37742,-3.50261,-3.37742,-3.50316,-3.37953,1.49684,1.62047,5.02078,5.01937,5.00000,5.00000,0.00000,0.00000,12,0.00031,-0.62382,-0.62391,0.00476,1.68693,1.77562,-0.13527,-0.13522,-0.01310,0.01486,0.01454,-0.07086,-0.07094,-0.00106,1.15838,0.99581,-0.45432,-0.45424,0.00608,-0.16345,-0.06905,-0.30381,-0.30421,0.00133,-0.49371,-0.38153,-0.66160,0.23403,0.01397,5.96324,6.10531
20.5287,-3.50514,-3.37830,-3.50514,-3.37830,-3.50406,-3.37855,1.49594,1.62145,5.02149,5.02016,5.00000,5.00000,0.00000,0.00000,12,0.00027,-0.62382,-0.62391,0.00113,1.68230,1.73266,-0.13527,-0.13520,-0.00203,0.04905,-0.09724,-0.07086,-0.07093,0.00276,1.12707,1.12804,-0.45432,-0.45423,0.00553,-0.17989,-0.18432,-0.30381,-0.30420,0.00421,-0.49243,-0.40660,-0.66160,0.23402,0.00964,5.99400,5.95446
20.6312,-3.50468,-3.37776,-3.50468,-3.37776,-3.50576,-3.37887,1.49424,1.62113,5.02057,5.01979,5.00000,5.00000,0.00000,0.00000,12,0.00052,-0.62382,-0.62392,-0.00090,1.69230,1.64584,-0.13527,-0.13518,0.00546,0.03387,0.10406,-0.07086,-0.07095,-0.00222,1.14679,1.09582,-0.45432,-0.45424,0.00041,-0.17897,-0.22655,-0.30381,-0.30422,-0.00512,-0.51604,-0.51594,-0.66160,0.23400,-0.00979,5.96481,5.88247
20.7317,-3.50863,-3.37851,-3.50863,-3.37851,-3.50752,-3.37804,1.49248,1.62196,5.02152,5.02047,5.00000,5.00000,0.00000,0.00000,12,0.00029,-0.62382,-0.62390,0.01018,1.67652,1.77115,-0.13527,-0.13521,-0.00486,0.02114,0.04041,-0.07086,-0.07094,0.00257,1.12606,1.11512,-0.45432,-0.45425,0.00022,-0.17554,-0.04016,-0.30381,-0.30421,-0.00282,-0.52990,-0.52968,-0.66160,0.23398,-0.00985,5.95857,6.04678
20.8352,-3.50902,-3.37818,-3.50902,-3.37818,-3.50906,-3.37848,1.49094,1.62152,5.02104,5.02014,5.00000,5.00000,0.00000,0.00000,12,0.00028,-0.62382,-0.62391,0.00329,1.67382,1.58652,-0.13527,-0.13519,0.00405,0.05663,-0.07110,-0.07086,-0.07095,-0.00221,1.13180,1.13505,-0.45432,-0.45427,-0.01442,-0.20430,-0.06008,-0.30381,-0.30420,0.00670,-0.52995,-0.48234,-0.66160,0.23400,-0.00417,5.95857,5.99592
20.9361,-3.50726,-3.37821,-3.50726,-3.37821,-3.50786,-3.37831,1.49214,1.62169,5.02079,5.02023,5.00000,5.00000,0.00000,0.00000,12,0.00032,-0.62382,-0.62392,-0.00055,1.65879,1.62751,-0.13527,-0.13521,-0.00647,0.05944,0.02423,-0.07086,-0.07095,-0.00110,1.13691,1.15113,-0.45432,-0.45427,-0.00788,-0.18185,-0.20730,-0.30381,-0.30422,-0.00564,-0.53613,-0.49994,-0.66160,0.23402,0.01105,5.98044,5.74382
21.0383,-3.50433,-3.37537,-3.50433,-3.37537,-3.50498,-3.37675,1.49502,1.62325,5.02075,5.01967,5.00000,5.00000,0.00000,0.00000,12,0.00027,-0.62382,-0.62391,0.00407,1.67675,1.63766,-0.13527,-0.13519,-0.00195,0.03092,-0.05179,-0.07086,-0.07094,-0.00333,1.14402,1.23438,-0.45432,-0.45426,-0.00741,-0.17040,-0.18743,-0.30381,-0.30420,0.00289,-0.52810,-0.46175,-0.66160,0.23398,-0.01401,5.93322,6.02226
21.1388,-3.50325,-3.37348,-3.50325,-3.37348,-3.50360,-3.37482,1.49640,1.62518,5.02087,5.01967,5.00000,5.00000,0.00000,0.00000,12,0.00026,-0.62382,-0.62393,-0.00322,1.65654,1.58977,-0.13527,-0.13520,-0.00342,0.06662,-0.04205,-0.07086,-0.07093,0.00356,1.15148,1.22186,-0.45432,-0.45426,-0.00513,-0.13592,-0.03023,-0.30381,-0.30419,0.00729,-0.52697,-0.66343,-0.66160,0.23401,0.00615,5.99400,6.04603
21.2426,-3.50481,-3.37451,-3.50481,-3.37451,-3.50415,-3.37393,1.49585,1.62607,5.02131,5.02050,5.00000,5.00000,0.00000,0.00000,12,0.00372,-0.62382,-0.62393,-0.00480,1.68009,1.50771,-0.13527,-0.13520,-0.00126,0.02136,-0.02755,-0.07086,-0.07092,0.00253,1.15710,1.14441,-0.45432,-0.45426,-0.00845,-0.18056,-0.11668,-0.30381,-0.30422,-0.00413,-0.55402,-0.52956,-0.66160,0.23402,0.00949,5.97194,5.76864
21.3412,-3.50607,-3.37021,-3.50607,-3.37021,-3.50623,-3.37189,1.49377,1.62811,5.02097,5.01951,5.00000,5.00000,0.00000,0.00000,12,0.00031,-0.62382,-0.62393,0.00345,1.65995,1.67774,-0.13527,-0.13520,-0.00038,0.05227,-0.08774,-0.07086,-0.07093,0.00101,1.16819,1.23192,-0.45432,-0.45423,0.00416,-0.14977,-0.22511,-0.30381,-0.30420,0.00808,-0.54243,-0.51913,-0.66160,0.23399,-0.00413,5.97878,5.77512
21.4429,-3.50896,-3.36927,-3.50896,-3.36927,-3.50770,-3.36977,1.49230,1.63023,5.02159,5.02001,5.00000,5.00000,0.00000,0.00000,12,0.00028,-0.62382,-0.62390,0.00555,1.67709,1.59917,-0.13527,-0.13522,-0.01186,0.07209,-0.06274,-0.07086,-0.07093,0.00067,1.14938,1.14223,-0.45432,-0.45423,0.00488,-0.15306,-0.20422,-0.30381,-0.30421,-0.00198,-0.54800,-0.63113,-0.66160,0.23402,0.00881,5.97384,5.93473
21.5455,-3.51312,-3.36587,-3.51312,-3.36587,-3.51035,-3.36709,1.48965,1.63291,5.02225,5.01968,5.00000,5.00000,0.00000,0.00000,12,0.00072,-0.62382,-0.62390,0.00841,1.66058,1.69289,-0.13527,-0.13518,0.00622,0.01856,0.11119,-0.07086,-0.07093,-0.00158,1.14231,1.17689,-0.45432,-0.45426,-0.00619,-0.15282,-0.10251,-0.30381,-0.30421,-0.00610,-0.54043,-0.58640,-0.66160,0.23400,0.00071,5.97073,5.93021
21.6461,-3.51179,-3.36529,-3.51179,-3.36529,-3.51197,-3.36555,1.48803,1.63445,5.02099,5.02008,5.00000,5.00000,0.00000,0.00000,12,0.00036,-0.62382,-0.62392,0.00187,1.65500,1.54065,-0.13527,-0.13520,0.00008,0.03927,0.00195,-0.07086,-0.07093,0.00198,1.15116,1.09587,-0.45432,-0.45426,-0.00797,-0.18246,-0.31502,-0.30381,-0.30420,0.00264,-0.57134,-0.67332,-0.66160,0.23398,-0.00887,5.95933,5.88474
21.7482,-3.50950,-3.36311,-3.50950,-3.36311,-3.51027,-3.36410,1.48973,1.63590,5.02073,5.01976,5.00000,5.00000,0.00000,0.00000,12,0.00027,-0.62382,-0.62393,-0.00273,1.67110,1.67353,-0.13527,-0.13520,-0.00602,0.03799,0.03304,-0.07086,-0.07093,-0.00146,1.14619,1.04592,-0.45432,-0.45426,-0.00807,-0.13372,-0.10268,-0.30381,-0.30419,0.00700,-0.52664,-0.43234,-0.66160,0.23399,-0.00580,5.97121,5.74270
21.8492,-3.50536,-3.36349,-3.50536,-3.36349,-3.50733,-3.36358,1.49267,1.63642,5.02020,5.02014,5.00000,5.00000,0.00000,0.00000,12,0.00030,-0.62382,-0.62393,-0.00629,1.67866,1.75229,-0.13527,-0.13518,0.00740,0.05365,0.06710,-0.07086,-0.07093,-0.00304,1.14548,1.06846,-0.45432,-0.45424,0.00396,-0.14538,-0.29075,-0.30381,-0.30419,0.00177,-0.53616,-0.71381,-0.66160,0.23401,0.01258,5.99400,6.06803
21.9516,-3.51338,-3.36675,-3.51338,-3.36675,-3.51082,-3.36612,1.48918,1.63388,5.02216,5.02047,5.00000,5.00000,0.00000,0.00000,12,0.00027,-0.62382,-0.62392,-0.00325,1.63469,1.73679,-0.13527,-0.13518,0.00424,0.04138,0.09948,-0.07086,-0.07092,-0.00089,1.14552,1.03207,-0.45432,-0.45426,-0.00144,-0.17989,-0.17895,-0.30381,-0.30422,-0.00554,-0.54022,-0.52471,-0.66160,0.23400,0.00666,5.98604,5.89723
22.0560,-3.51921,-3.36961,-3.51921,-3.36961,-3.51587,-3.36867,1.48413,1.63133,5.02253,5.02062,5.00000,5.00000,0.00000,0.00000,12,0.00291,-0.62382,-0.62393,-0.00823,1.66317,1.45633,-0.13527,-0.13520,-0.00082,0.03749,0.04874,-0.07086,-0.07093,-0.00049,1.15498,1.05220,-0.45432,-0.45427,-0.01086,-0.14843,-0.04513,-0.30381,-0.30420,-0.00011,-0.55780,-0.63299,-0.66160,0.23400,0.00615,5.99400,6.05732
22.1543,-3.52166,-3.37457,-3.52166,-3.37457,-3.52125,-3.37209,1.47875,1.62791,5.02130,5.02130,5.00000,5.00000,0.00000,0.00000,12,0.00027,-0.62382,-0.62392,0.00435,1.65575,1.57354,-0.13527,-0.13520,-0.00239,0.06124,0.04518,-0.07086,-0.07092,-0.00171,1.13810,1.15299,-0.45432,-0.45426,-0.00639,-0.14311,-0.17106,-0.30381,-0.30419,0.00162,-0.59658,-0.54563,-0.66160,0.23399,-0.00618,5.95043,6.06284
22.2552,-3.52392,-3.37273,-3.52392,-3.37273,-3.52264,-3.37343,1.47736,1.62657,5.02168,5.01994,5.00000,5.00000,0.00000,0.00000,12,0.00028,-0.62382,-0.62393,-0.00331,1.64062,1.69800,-0.13527,-0.13519,0.00084,0.06841,0.04116,-0.07086,-0.07092,-0.00238,1.12912,1.12873,-0.45432,-0.45425,0.00021,-0.15351,-0.23136,-0.30381,-0.30419,0.00413,-0.58988,-0.59334,-0.66160,0.23398,-0.00626,5.92669,5.94546
22.3561,-3.52014,-3.37519,-3.52014,-3.37519,-3.52305,-3.37475,1.47695,1.62525,5.01989,5.02044,5.00000,5.00000,0.00000,0.00000,12,0.00031,-0.62382,-0.62393,-0.00600,1.64915,1.70824,-0.13527,-0.13520,-0.00172,0.05007,-0.00973,-0.07086,-0.07091,0.00166,1.15281,1.10953,-0.45432,-0.45423,0.00837,-0.13055,-0.05984,-0.30381,-0.30419,-0.00185,-0.58524,-0.41534,-0.66160,0.23399,0.00061,5.96088,6.07333
22.4567,-3.52316,-3.37672,-3.52316,-3.37672,-3.52315,-3.37645,1.47685,1.62355,5.02114,5.02037,5.00000,5.00000,0.00000,0.00000,12,0.00029,-0.62382,-0.62392,-0.00155,1.66723,1.59961,-0.13527,-0.13521,-0.00663,0.02925,0.04128,-0.07086,-0.07092,-0.00020,1.14375,1.08869,-0.45432,-0.45427,-0.00652,-0.16699,-0.06503,-0.30381,-0.30420,-0.00603,-0.60947,-0.60975,-0.66160,0.23399,0.00035,5.99189,5.92414
22.5573,-3.51911,-3.37564,-3.51911,-3.37564,-3.52028,-3.37588,1.47972,1.62412,5.02062,5.02015,5.00000,5.00000,0.00000,0.00000,12,0.00026,-0.62382,-0.62390,0.00226,1.65754,1.70150,-0.13527,-0.13520,-0.00608,0.03742,0.04145,-0.07086,-0.07091,0.00198,1.15124,1.12497,-0.45432,-0.45423,0.00483,-0.14000,-0.11448,-0.30381,-0.30419,0.00083,-0.58363,-0.60661,-0.66160,0.23401,0.00852,5.99400,5.90709
22.6594,-3.51792,-3.37538,-3.51792,-3.37538,-3.51980,-3.37512,1.48020,1.62488,5.02032,5.02036,5.00000,5.00000,0.00000,0.00000,12,0.00107,-0.62382,-0.62392,-0.00044,1.63732,1.72675,-0.13527,-0.13519,-0.00291,0.05660,0.03751,-0.07086,-0.07091,0.00074,1.14887,1.12200,-0.45432,-0.45425,-0.00054,-0.16686,-0.25375,-0.30381,-0.30419,0.00151,-0.58821,-0.62280,-0.66160,0.23401,0.01071,5.99205,5.96814
22.7616,-3.52351,-3.37445,-3.52351,-3.37445,-3.52081,-3.37467,1.47919,1.62533,5.02229,5.02015,5.00000,5.00000,0.00000,0.00000,12,0.00032,-0.62382,-0.62391,-0.00687,1.64733,1.63469,-0.13527,-0.13520,-0.00720,0.03755,-0.09355,-0.07086,-0.07091,0.00321,1.15617,1.22547,-0.45432,-0.45423,0.00833,-0.12627,-0.17354,-0.30381,-0.30421,-0.00993,-0.60766,-0.61226,-0.66160,0.23400,0.00105,5.97031,5.94143
22.8644,-3.52216,-3.37476,-3.52216,-3.37476,-3.52247,-3.37511,1.47753,1.62488,5.02100,5.02010,5.00000,5.00000,0.00000,0.00000,12,0.00032,-0.62382,-0.62391,-0.00066,1.63805,1.67267,-0.13527,-0.13518,0.00547,0.05538,0.08485,-0.07086,-0.07091,-0.00009,1.14573,1.33539,-0.45432,-0.45425,-0.00111,-0.13187,-0.17117,-0.30381,-0.30419,-0.00402,-0.61655,-0.60400,-0.66160,0.23401,0.00688,5.98274,5.85165
22.9647,-3.52459,-3.37344,-3.52459,-3.37344,-3.52441,-3.37412,1.47559,1.62588,5.02122,5.01995,5.00000,5.00000,0.00000,0.00000,12,0.00027,-0.62382,-0.62390,-0.00094,1.64176,1.61754,-0.13527,-0.13518,0.00501,0.05520,0.09234,-0.07086,-0.07094,-0.01304,1.12165,1.23297,-0.45432,-0.45424,0.00346,-0.14484,-0.08637,-0.30381,-0.30420,-0.00487,-0.62704,-0.62851,-0.66160,0.23399,0.00116,5.95761,6.06296
23.0656,-3.52395,-3.37440,-3.52395,-3.37440,-3.52288,-3.37361,1.47712,1.62639,5.02160,5.02058,5.00000,5.00000,0.00000,0.00000,12,0.00027,-0.62382,-0.62392,-0.00880,1.63898,1.57773,-0.13527,-0.13520,-0.00537,0.04418,0.05301,-0.07086,-0.07089,0.00434,1.13466,1.11992,-0.45432,-0.45426,-0.00498,-0.15304,-0.13175,-0.30381,-0.30417,0.00833,-0.60743,-0.68654,-0.66160,0.23399,-0.00167,5.96615,6.09103
23.1687,-3.52225,-3.37384,-3.52225,-3.37384,-3.52348,-3.37393,1.47652,1.62607,5.02061,5.02021,5.00000,5.00000,0.00000,0.00000,12,0.00153,-0.62382,-0.62390,-0.00275,1.66518,1.72768,-0.13527,-0.13518,0.00513,0.08720,0.00522,-0.07086,-0.07091,0.00120,1.11391,1.27857,-0.45432,-0.45425,0.00197,-0.15390,-0.12450,-0.30381,-0.30418,-0.00040,-0.61405,-0.74386,-0.66160,0.23398,-0.00240,5.94853,6.00772
23.2685,-3.52762,-3.37496,-3.52762,-3.37496,-3.52607,-3.37422,1.47393,1.62578,5.02182,5.02056,5.00000,5.00000,0.00000,0.00000,12,0.00036,-0.62382,-0.62390,0.00607,1.65770,1.66642,-0.13527,-0.13519,0.00038,0.06903,0.13031,-0.07086,-0.07091,-0.00061,1.14313,1.26286,-0.45432,-0.45425,-0.00175,-0.16479,-0.02608,-0.30381,-0.30420,-0.00414,-0.63934,-0.60476,-0.66160,0.23396,-0.00915,5.96663,6.04207
23.3704,-3.52990,-3.38176,-3.52990,-3.38176,-3.52870,-3.37863,1.47131,1.62137,5.02169,5.02161,5.00000,5.00000,0.00000,0.00000,12,0.00041,-0.62382,-0.62390,0.00206,1.64721,1.68107,-0.13527,-0.13520,-0.00136,0.06392,-0.00155,-0.07086,-0.07091,-0.00117,1.14160,0.95586,-0.45432,-0.45425,0.00061,-0.12203,-0.02228,-0.30381,-0.30418,0.00496,-0.60570,-0.55834,-0.66160,0.23399,0.00485,5.99400,5.91907
23.4721,-3.52602,-3.38138,-3.52602,-3.38138,-3.52816,-3.38103,1.47184,1.61897,5.02025,5.02044,5.00000,5.00000,0.00000,0.00000,12,0.00152,-0.62382,-0.62390,0.00154,1.64212,1.70597,-0.13527,-0.13521,-0.00921,0.06677,0.08252,-0.07086,-0.07090,0.00072,1.15233,1.14650,-0.45432,-0.45424,0.00384,-0.14129,-0.21845,-0.30381,-0.30420,-0.00541,-0.65022,-0.58587,-0.66160,0.23398,-0.00025,5.97295,5.87654
23.5715,-3.52311,-3.38328,-3.52311,-3.38328,-3.52478,-3.38210,1.47522,1.61790,5.02044,5.02080,5.00000,5.00000,0.00000,0.00000,12,0.00032,-0.62382,-0.62390,0.00578,1.62196,1.78792,-0.13527,-0.13519,0.00167,0.07990,0.06678,-0.07086,-0.07092,-0.00665,1.11671,1.05515,-0.45432,-0.45424,0.00742,-0.12587,-0.07676,-0.30381,-0.30419,-0.00233,-0.63984,-0.67470,-0.66160,0.23399,0.00522,5.98129,5.88749
23.6738,-3.52002,-3.38306,-3.52002,-3.38306,-3.52072,-3.38231,1.47928,1.61769,5.02082,5.02061,5.00000,5.00000,0.00000,0.00000,12,0.00081,-0.62382,-0.62392,-0.00125,1.65377,1.64717,-0.13527,-0.13518,0.00587,0.09576,0.09224,-0.07086,-0.07089,0.00476,1.13758,1.14250,-0.45432,-0.45425,0.00307,-0.11252,-0.13755,-0.30381,-0.30416,0.00942,-0.62737,-0.62219,-0.66160,0.23399,0.00417,5.98132,6.06367
23.7750,-3.52478,-3.38147,-3.52478,-3.38147,-3.52325,-3.38154,1.47675,1.61846,5.02179,5.02026,5.00000,5.00000,0.00000,0.00000,12,0.00033,-0.62382,-0.62390,0.00783,1.65786,1.56745,-0.13527,-0.13518,0.00695,0.07235,0.06003,-0.07086,-0.07089,0.00550,1.13717,1.20225,-0.45432,-0.45426,-0.00200,-0.13212,-0.03921,-0.30381,-0.30419,-0.00654,-0.66601,-0.55017,-0.66160,0.23401,0.00900,5.97413,5.94387
23.8779,-3.52835,-3.38175,-3.52835,-3.38175,-3.52661,-3.38197,1.47339,1.61803,5.02190,5.02020,5.00000,5.00000,0.00000,0.00000,12,0.00099,-0.62382,-0.62391,0.00457,1.64324,1.69248,-0.13527,-0.13519,0.00197,0.08342,0.04966,-0.07086,-0.07091,-0.00621,1.12016,1.05625,-0.45432,-0.45425,-0.00018,-0.15505,-0.21870,-0.30381,-0.30418,-0.00019,-0.64609,-0.61152,-0.66160,0.23396,-0.01337,5.97537,5.86065
23.9815,-3.52816,-3.38112,-3.52816,-3.38112,-3.52868,-3.38188,1.47132,1.61812,5.02095,5.01997,5.00000,5.00000,0.00000,0.00000,12,0.00183,-0.62382,-0.62390,-0.00105,1.62875,1.64461,-0.13527,-0.13519,0.00134,0.04870,0.01397,-0.07086,-0.07090,-0.00024,1.14719,1.23185,-0.45432,-0.45425,0.00308,-0.11000,-0.22925,-0.30381,-0.30417,0.00248,-0.63354,-0.65247,-0.66160,0.23397,-0.00452,5.94895,5.85414
24.0819,-3.53035,-3.37654,-3.53035,-3.37654,-3.52948,-3.37817,1.47052,1.62183,5.02155,5.01957,5.00000,5.00000,0.00000,0.00000,12,0.00040,-0.62382,-0.62389,0.00433,1.64948,1.74708,-0.13527,-0.13520,-0.00312,0.06389,0.12736,-0.07086,-0.07090,-0.00238,1.10690,1.03496,-0.45432,-0.45424,0.00614,-0.09774,-0.06352,-0.30381,-0.30418,-0.00214,-0.65738,-0.72663,-0.66160,0.23399,0.00388,5.95530,6.00196
24.1837,-3.52625,-3.37380,-3.52625,-3.37380,-3.52688,-3.37580,1.47312,1.62420,5.02089,5.01940,5.00000,5.00000,0.00000,0.00000,12,0.00027,-0.62382,-0.62392,-0.00510,1.63794,1.67014,-0.13527,-0.13519,0.00150,0.08538,0.03562,-0.07086,-0.07090,-0.00235,1.13847,1.02458,-0.45432,-0.45425,-0.00094,-0.15259,-0.02815,-0.30381,-0.30419,-0.00609,-0.67849,-0.63588,-0.66160,0.23397,-0.00331,5.97152,5.91860
24.2846,-3.52448,-3.37405,-3.52448,-3.37405,-3.52621,-3.37424,1.47379,1.62576,5.02042,5.02016,5.00000,5.00000,0.00000,0.00000,12,0.00026,-0.62382,-0.62389,0.00547,1.65344,1.51015,-0.13527,-0.13519,0.00143,0.08222,0.05967,-0.07086,-0.07088,0.00594,1.14054,1.24159,-0.45432,-0.45425,-0.00242,-0.12778,-0.01856,-0.30381,-0.30417,0.00309,-0.67657,-0.78107,-0.66160,0.23399,0.00277,5.96914,5.96210
24.3851,-3.52678,-3.37237,-3.52678,-3.37237,-3.52594,-3.37273,1.47406,1.62727,5.02152,5.02008,5.00000,5.00000,0.00000,0.00000,12,0.00029,-0.62382,-0.62391,-0.00349,1.61361,1.75217,-0.13527,-0.13518,0.00529,0.07261,0.07935,-0.07086,-0.07089,0.00426,1.13210,1.01160,-0.45432,-0.45424,0.00352,-0.13423,-0.09137,-0.30381,-0.30418,0.00223,-0.69549,-0.73119,-0.66160,0.23399,0.00474,5.98179,5.87921
24.4874,-3.52731,-3.37431,-3.52731,-3.37431,-3.52687,-3.37338,1.47313,1.62662,5.02135,5.02064,5.00000,5.00000,0.00000,0.00000,12,0.00026,-0.62382,-0.62391,-0.00027,1.61991,1.62208,-0.13527,-0.13521,-0.00757,0.04525,0.13163,-0.07086,-0.07090,-0.00487,1.12642,1.12782,-0.45432,-0.45425,-0.00262,-0.12733,-0.06644,-0.30381,-0.30418,-0.00095,-0.67370,-0.69062,-0.66160,0.23398,0.00186,5.96768,5.92928
24.5885,-3.52665,-3.37466,-3.52665,-3.37466,-3.52708,-3.37429,1.47292,1.62571,5.02098,5.02040,5.00000,5.00000,0.00000,0.00000,12,0.00030,-0.62382,-0.62390,0.00128,1.63003,1.78519,-0.13527,-0.13520,-0.00385,0.09732,0.13232,-0.07086,-0.07090,-0.00777,1.11715,1.19118,-0.45432,-0.45424,0.00276,-0.10059,-0.09970,-0.30381,-0.30418,-0.00134,-0.71055,-0.56218,-0.66160,0.23398,0.00683,5.99400,5.89277
24.6910,-3.52591,-3.37640,-3.52591,-3.37640,-3.52512,-3.37516,1.47488,1.62484,5.02149,5.02078,5.00000,5.00000,0.00000,0.00000,12,0.00033,-0.62382,-0.62392,-0.00674,1.59537,1.55931,-0.13527,-0.13520,-0.00338,0.09075,0.07459,-0.07086,-0.07089,0.00078,1.11905,1.03406,-0.45432,-0.45427,-0.00724,-0.14604,-0.18094,-0.30381,-0.30417,0.00568,-0.68716,-0.73596,-0.66160,0.23398,0.00586,5.97350,5.93890
24.7932,-3.52539,-3.37327,-3.52539,-3.37327,-3.52582,-3.37449,1.47418,1.62551,5.02097,5.01972,5.00000,5.00000,0.00000,0.00000,12,0.00131,-0.62382,-0.62392,-0.00804,1.58995,1.57017,-0.13527,-0.13519,0.00022,0.08365,0.01595,-0.07086,-0.07090,-0.00392,1.13042,1.12462,-0.45432,-0.45424,0.00607,-0.12364,-0.16537,-0.30381,-0.30418,-0.00088,-0.71538,-0.68507,-0.66160,0.23399,0.01061,5.99129,5.95313
24.8937,-3.52560,-3.37363,-3.52560,-3.37363,-3.52574,-3.37360,1.47426,1.62640,5.02109,5.02026,5.00000,5.00000,0.00000,0.00000,12,0.00026,-0.62382,-0.62392,-0.00465,1.59968,1.53840,-0.13527,-0.13521,-0.00353,0.06625,0.06127,-0.07086,-0.07091,-0.00313,1.12827,1.20089,-0.45432,-0.45426,-0.00366,-0.12845,-0.00837,-0.30381,-0.30418,0.00006,-0.71968,-0.75437,-0.66160,0.23397,-0.00210,5.96299,5.86917
24.9949,-3.52606,-3.37417,-3.52606,-3.37417,-3.52611,-3.37471,1.47389,1.62529,5.02114,5.02002,5.00000,5.00000,0.00000,0.00000,12,0.00033,-0.62382,-0.62390,0.00538,1.64047,1.68586,-0.13527,-0.13519,0.00191,0.06208,0.16080,-0.07086,-0.07089,-0.00135,1.11075,1.22353,-0.45432,-0.45424,0.00621,-0.11972,-0.03944,-0.30381,-0.30418,0.00006,-0.72299,-0.57773,-0.66160,0.23397,-0.00331,5.96399,5.79577
25.0971,-3.52900,-3.37403,-3.52900,-3.37403,-3.52796,-3.37412,1.47204,1.62588,5.02161,5.02021,5.00000,5.00000,0.00000,0.00000,12,0.00033,-0.62382,-0.62390,0.00483,1.63772,1.61670,-0.13527,-0.13519,0.00311,0.09500,0.08460,-0.07086,-0.07089,-0.00061,1.14436,1.18586,-0.45432,-0.45426,-0.00560,-0.13594,-0.00616,-0.30381,-0.30417,0.00212,-0.68441,-0.64447,-0.66160,0.23397,-0.00241,5.97316,6.02724
25.2021,-3.52827,-3.37691,-3.52827,-3.37691,-3.52767,-3.37585,1.47233,1.62415,5.02142,5.02071,5.00000,5.00000,0.00000,0.00000,12,0.00148,-0.62382,-0.62390,-0.00263,1.64264,1.51706,-0.13527,-0.13521,-0.00397,0.06689,0.02756,-0.07086,-0.07088,-0.00101,1.11492,1.06345,-0.45432,-0.45425,0.00583,-0.12387,-0.19117,-0.30381,-0.30419,-0.00644,-0.72884,-0.60248,-0.66160,0.23397,-0.00258,5.96097,5.95137
25.3019,-3.52256,-3.37557,-3.52256,-3.37557,-3.52438,-3.37628,1.47562,1.62372,5.02036,5.01995,5.00000,5.00000,0.00000,0.00000,12,0.00028,-0.62382,-0.62390,-0.00623,1.60266,1.56677,-0.13527,-0.13519,0.00065,0.08903,0.04322,-0.07086,-0.07088,0.00692,1.14316,1.15488,-0.45432,-0.45425,0.00386,-0.12921,-0.15523,-0.30381,-0.30419,-0.00282,-0.71796,-0.75268,-0.66160,0.23396,-0.00685,5.97700,5.88036
25.4029,-3.52069,-3.37387,-3.52069,-3.37387,-3.52069,-3.37444,1.47931,1.62556,5.02112,5.02000,5.00000,5.00000,0.00000,0.00000,12,0.00029,-0.62382,-0.62390,-0.00129,1.61178,1.67537,-0.13527,-0.13519,0.00286,0.06532,-0.02149,-0.07086,-0.07087,0.00590,1.14396,1.02046,-0.45432,-0.45425,-0.00052,-0.11122,-0.10932,-0.30381,-0.30416,0.01036,-0.69761,-0.61991,-0.66160,0.23397,-0.00270,5.98025,6.12145
25.5044,-3.52028,-3.37414,-3.52028,-3.37414,-3.52105,-3.37432,1.47895,1.62568,5.02080,5.02017,5.00000,5.00000,0.00000,0.00000,12,0.00030,-0.62382,-0.62390,0.00306,1.62435,1.74910,-0.13527,-0.13519,-0.00009,0.08889,0.10022,-0.07086,-0.07088,0.00163,1.12619,1.34685,-0.45432,-0.45426,-0.00272,-0.12376,-0.17509,-0.30381,-0.30420,-0.00759,-0.71561,-0.70330,-0.66160,0.23395,-0.00521,5.94820,5.88033
25.6058,-3.52048,-3.37625,-3.52048,-3.37625,-3.52137,-3.37524,1.47863,1.62476,5.02075,5.02068,5.00000,5.00000,0.00000,0.00000,12,0.00030,-0.62382,-0.62391,-0.00171,1.60537,1.56197,-0.13527,-0.13518,0.00207,0.10256,0.15396,-0.07086,-0.07091,-0.01154,1.09901,1.06314,-0.45432,-0.45427,-0.00458,-0.13025,-0.12145,-0.30381,-0.30417,0.00219,-0.70650,-0.67577,-0.66160,0.23396,-0.00599,5.94206,5.86120
25.7075,-3.52448,-3.37117,-3.52448,-3.37117,-3.52374,-3.37366,1.47626,1.62634,5.02146,5.01917,5.00000,5.00000,0.00000,0.00000,12,0.00028,-0.62382,-0.62389,-0.00018,1.61843,1.67987,-0.13527,-0.13519,-0.00144,0.08886,0.09810,-0.07086,-0.07089,-0.00105,1.14363,1.08576,-0.45432,-0.45425,0.00613,-0.11702,-0.24428,-0.30381,-0.30416,0.00970,-0.71533,-0.73453,-0.66160,0.23399,0.00569,5.98178,6.04016
25.8095,-3.51557,-3.37040,-3.51557,-3.37040,-3.51900,-3.37107,1.48100,1.62893,5.01964,5.01994,5.00000,5.00000,0.00000,0.00000,12,0.00036,-0.62382,-0.62391,-0.00452,1.59737,1.60885,-0.13527,-0.13520,-0.00427,0.07465,-0.03853,-0.07086,-0.07087,0.00798,1.15003,1.17143,-0.45432,-0.45426,-0.00478,-0.12820,-0.14235,-0.30381,-0.30416,0.00409,-0.73973,-0.76857,-0.66160,0.23395,-0.00745,5.98351,6.04992
25.9117,-3.51553,-3.36808,-3.51553,-3.36808,-3.51647,-3.36920,1.48353,1.63080,5.02070,5.01974,5.00000,5.00000,0.00000,0.00000,12,0.00132,-0.62382,-0.62389,0.00011,1.61763,1.60926,-0.13527,-0.13520,-0.00453,0.07754,0.08701,-0.07086,-0.07087,0.00128,1.12514,1.14699,-0.45432,-0.45426,-0.00093,-0.14427,-0.08953,-0.30381,-0.30416,0.00130,-0.75068,-0.85364,-0.66160,0.23397,0.00352,5.97877,5.94198
26.0132,-3.51892,-3.36976,-3.51892,-3.36976,-3.51730,-3.36996,1.48270,1.63004,5.02180,5.02014,5.00000,5.00000,0.00000,0.00000,12,0.00128,-0.62382,-0.62392,-0.00769,1.61137,1.65938,-0.13527,-0.13521,-0.00876,0.05670,0.17007,-0.07086,-0.07088,-0.00418,1.13626,1.14868,-0.45432,-0.45425,0.00042,-0.09937,0.06782,-0.30381,-0.30419,-0.00653,-0.76587,-0.78654,-0.66160,0.23395,-0.00524,5.93812,6.13245
26.1136,-3.52026,-3.37269,-3.52026,-3.37269,-3.52032,-3.37172,1.47968,1.62828,5.02109,5.02065,5.00000,5.00000,0.00000,0.00000,12,0.00026,-0.62382,-0.62390,0.00249,1.62022,1.66937,-0.13527,-0.13520,-0.00089,0.08827,0.11917,-0.07086,-0.07088,-0.00077,1.11776,1.23873,-0.45432,-0.45426,0.00046,-0.13861,-0.08523,-0.30381,-0.30418,-0.00179,-0.77888,-0.81024,-0.66160,0.23394,-0.01248,5.94621,6.04848
26.2143,-3.52676,-3.37192,-3.52676,-3.37192,-3.52349,-3.37218,1.47651,1.62782,5.02254,5.02012,5.00000,5.00000,0.00000,0.00000,12,0.00029,-0.62382,-0.62390,-0.00311,1.60119,1.63044,-0.13527,-0.13520,-0.00318,0.08109,0.13004,-0.07086,-0.07087,-0.00284,1.11331,1.10543,-0.45432,-0.45427,-0.00236,-0.11880,-0.08702,-0.30381,-0.30418,-0.00214,-0.75306,-0.68781,-0.66160,0.23394,-0.01452,5.93807,6.13328
26.3154,-3.52797,-3.37413,-3.52797,-3.37413,-3.52653,-3.37352,1.47347,1.62648,5.02178,5.02050,5.00000,5.00000,0.00000,0.00000,12,0.00032,-0.62382,-0.62387,0.01089,1.65674,1.59583,-0.13527,-0.13520,-0.00199,0.08490,0.05425,-0.07086,-0.07086,0.00406,1.14034,1.22539,-0.45432,-0.45424,0.00622,-0.10660,-0.24615,-0.30381,-0.30417,-0.00143,-0.75221,-0.78086,-0.66160,0.23396,-0.00435,5.96034,5.87304
26.4158,-3.52328,-3.36827,-4.52328,-3.36827,-4.28531,-3.37016,0.71469,1.62984,5.12770,5.01941,5.00000,5.00000,1.00000,0.00000,12,0.00025,-0.62382,-0.62388,0.01014,1.61638,1.72623,-0.13527,-0.13520,-0.00572,0.07615,0.14883,-0.07086,-0.07088,-0.00325,1.13920,1.20027,-0.45432,-0.45427,-0.00728,-0.13321,-0.12163,-0.30381,-0.30416,0.00198,-0.77177,-0.74191,-0.66160,0.23398,0.01260,5.98067,5.88704
26.5185,-3.52202,-3.36787,-4.52202,-3.36787,-4.48244,-3.36803,0.51756,1.63197,5.04385,5.02014,5.00000,5.00000,1.00000,0.00000,12,0.00090,-0.62382,-0.62389,-0.00123,1.60686,1.63944,-0.13527,-0.13520,-0.00011,0.09758,0.06898,-0.07086,-0.07088,-0.00358,1.10629,1.11693,-0.45432,-0.45427,-0.00392,-0.12073,-0.28452,-0.30381,-0.30415,0.01160,-0.74120,-0.72618,-0.66160,0.23397,0.00504,5.98715,6.03874
26.6202,-3.52249,-3.36872,-4.52249,-3.36872,-4.51641,-3.36782,0.48359,1.63218,5.02970,5.02059,5.00000,5.00000,1.00000,0.00000,12,0.00050,-0.62382,-0.62392,-0.00231,1.59027,1.56770,-0.13527,-0.13521,-0.00183,0.08821,0.06143,-0.07086,-0.07087,0.00249,1.12908,1.17960,-0.45432,-0.45424,0.00583,-0.10798,-0.21390,-0.30381,-0.30417,0.00045,-0.78929,-0.75884,-0.66160,0.23399,0.01087,5.97291,5.90282
26.7235,-3.52580,-3.36837,-4.52580,-3.36837,-4.52372,-3.36813,0.47628,1.63187,5.02803,5.02031,5.00000,5.00000,1.00000,0.00000,12,0.00106,-0.62382,-0.62393,-0.01563,1.57204,1.62408,-0.13527,-0.13519,0.00161,0.10865,0.09147,-0.07086,-0.07086,0.00385,1.13659,1.04445,-0.45432,-0.45423,0.01031,-0.08918,0.11860,-0.30381,-0.30418,-0.00782,-0.79493,-0.71446,-0.66160,0.23399,0.01313,5.98195,6.02425
26.8238,-3.52741,-3.37015,-4.52741,-3.37015,-4.52581,-3.36989,0.47419,1.63011,5.02784,5.02033,5.00000,5.00000,1.00000,0.00000,12,0.00040,-0.62382,-0.62390,0.00058,1.60753,1.72542,-0.13527,-0.13520,-0.00113,0.09687,0.12609,-0.07086,-0.07087,0.00172,1.12794,1.22072,-0.45432,-0.45425,-0.00315,-0.10796,-0.16854,-0.30381,-0.30418,-0.00785,-0.79875,-0.77336,-0.66160,0.23396,-0.00164,5.97163,5.98665
26.9255,-3.52565,-3.37141,-4.52565,-3.37141,-4.52640,-3.37108,0.47360,1.62892,5.02684,5.02037,5.00000,5.00000,1.00000,0.00000,12,0.00032,-0.62382,-0.62388,0.00107,1.61596,1.64738,-0.13527,-0.13518,0.00646,0.12959,0.14463,-0.07086,-0.07088,-0.00733,1.09112,1.21541,-0.45432,-0.45427,-0.00434,-0.11913,-0.12964,-0.30381,-0.30418,-0.00330,-0.78691,-0.70750,-0.66160,0.23396,0.00206,5.97149,6.08817
27.0268,-3.52676,-3.36990,-4.52676,-3.36990,-4.52722,-3.37058,0.47278,1.62942,5.02697,5.01993,5.00000,5.00000,1.00000,0.00000,12,0.00027,-0.62382,-0.62390,-0.00321,1.59003,1.63666,-0.13527,-0.13520,-0.00201,0.09406,-0.08162,-0.07086,-0.07086,0.00228,1.13294,1.08941,-0.45432,-0.45426,-0.00034,-0.10294,-0.12672,-0.30381,-0.30416,0.00369,-0.76110,-0.74059,-0.66160,0.23394,-0.00512,5.98631,5.89947
27.1288,-3.52693,-3.37011,-4.52693,-3.37011,-4.52801,-3.36943,0.47199,1.63057,5.02670,5.02051,5.00000,5.00000,1.00000,0.00000,12,0.00032,-0.62382,-0.62389,0.00346,1.62017,1.68089,-0.13527,-0.13520,-0.00013,0.06982,0.13632,-0.07086,-0.07087,0.00038,1.12197,1.21286,-0.45432,-0.45426,-0.00261,-0.10748,-0.05554,-0.30381,-0.30417,0.00007,-0.77967,-0.79296,-0.66160,0.23395,-0.00377,5.93691,6.02210
27.2335,-3.53183,-3.36836,-4.53183,-3.36836,-4.52989,-3.36919,0.47011,1.63081,5.02801,5.01986,5.00000,5.00000,1.00000,0.00000,12,0.00099,-0.62382,-0.62389,0.00230,1.61478,1.69363,-0.13527,-0.13518,0.01052,0.11629,0.07662,-0.07086,-0.07086,0.00344,1.13610,1.10852,-0.45432,-0.45427,-0.00443,-0.11870,-0.29629,-0.30381,-0.30418,-0.00713,-0.81071,-0.88009,-0.66160,0.23397,0.00746,5.99400,6.06619
27.3338,-3.53143,-3.37004,-4.53143,-3.37004,-4.53138,-3.36946,0.46862,1.63054,5.02721,5.02047,5.00000,5.00000,1.00000,0.00000,12,0.00025,-0.62382,-0.62388,0.00874,1.63771,1.53937,-0.13527,-0.13521,-0.00289,0.09115,-0.02917,-0.07086,-0.07087,-0.00418,1.10684,1.24329,-0.45432,-0.45425,0.00758,-0.06895,-0.09789,-0.30381,-0.30419,-0.00925,-0.83111,-0.83282,-0.66160,0.23394,-0.00352,5.95309,5.90479
27.4358,-3.53117,-3.37191,-4.53117,-3.37191,-4.53178,-3.37062,0.46822,1.62938,5.02693,5.02077,5.00000,5.00000,1.00000,0.00000,12,0.00027,-0.62382,-0.62387,0.00409,1.62615,1.65930,-0.13527,-0.13519,-0.00070,0.10546,0.19097,-0.07086,-0.07087,-0.00241,1.11099,1.06527,-0.45432,-0.45427,-0.00224,-0.10879,-0.08520,-0.30381,-0.30417,-0.00121,-0.79624,-0.75706,-0.66160,0.23395,0.00075,5.96935,5.84514
27.5382,-3.53004,-3.37235,-4.53004,-3.37235,-4.53129,-3.37185,0.46871,1.62815,5.02665,5.02045,5.00000,5.00000,1.00000,0.00000,12,0.00038,-0.62382,-0.62390,-0.00252,1.59169,1.56856,-0.13527,-0.13520,-0.00386,0.09645,0.20412,-0.07086,-0.07086,0.00214,1.13030,1.03867,-0.45432,-0.45426,0.00044,-0.09334,-0.05343,-0.30381,-0.30417,-0.00539,-0.81553,-0.80662,-0.66160,0.23396,0.00886,5.99400,6.00696
27.6419,-3.52832,-3.37331,-4.52832,-3.37331,-4.52977,-3.37331,0.47023,1.62669,5.02656,5.02024,5.00000,5.00000,1.00000,0.00000,12,0.00040,-0.62382,-0.62390,-0.00483,1.58330,1.59813,-0.13527,-0.13520,-0.00304,0.09474,0.08877,-0.07086,-0.07086,0.00426,1.13645,1.14893,-0.45432,-0.45426,-0.00041,-0.09823,-0.15477,-0.30381,-0.30418,-0.00675,-0.82935,-0.79173,-0.66160,0.23395,-0.00101,5.98355,5.95132
27.7433,-3.52727,-3.37461,-4.52727,-3.37461,-4.52747,-3.37368,0.47253,1.62632,5.02708,5.02064,5.00000,5.00000,1.00000,0.00000,12,0.00030,-0.62382,-0.62389,0.00304,1.61217,1.55345,-0.13527,-0.13521,-0.00455,0.09034,0.10511,-0.07086,-0.07087,-0.00013,1.12208,1.07891,-0.45432,-0.45427,-0.00545,-0.12032,-0.11229,-0.30381,-0.30415,0.00398,-0.81833,-0.82578,-0.66160,0.23395,-0.00157,5.92359,5.85168
27.8456,-3.52860,-3.37323,-4.52860,-3.37323,-4.52844,-3.37322,0.47156,1.62678,5.02724,5.02024,5.00000,5.00000,1.00000,0.00000,12,0.00030,-0.62382,-0.62391,-0.00951,1.56019,1.66148,-0.13527,-0.13518,0.00294,0.09546,0.28014,-0.07086,-0.07087,-0.00260,1.11125,1.09167,-0.45432,-0.45426,-0.00259,-0.10487,-0.07386,-0.30381,-0.30416,0.00103,-0.83614,-0.86027,-0.66160,0.23395,-0.00186,5.97333,6.01516
27.9462,-3.53260,-3.37450,-4.53260,-3.37450,-4.53138,-3.37468,0.46862,1.62532,5.02771,5.02017,5.00000,5.00000,1.00000,0.00000,12,0.00028,-0.62382,-0.62390,0.00002,1.59566,1.71223,-0.13527,-0.13520,-0.00232,0.10034,0.00592,-0.07086,-0.07086,0.00254,1.13474,1.12996,-0.45432,-0.45424,0.00796,-0.08746,-0.05797,-0.30381,-0.30417,-0.00442,-0.83156,-0.80968,-0.66160,0.23395,0.00094,5.96988,6.02353
28.0471,-3.52748,-3.37178,-4.52748,-3.37178,-4.52968,-3.37293,0.47032,1.62707,5.02624,5.01975,5.00000,5.00000,1.00000,0.00000,12,0.00031,-0.62382,-0.62389,0.00366,1.61138,1.56400,-0.13527,-0.13521,-0.00799,0.11154,0.04782,-0.07086,-0.07086,-0.00158,1.11999,1.12564,-0.45432,-0.45427,-0.00876,-0.12782,-0.13626,-0.30381,-0.30418,-0.00822,-0.85327,-0.74540,-0.66160,0.23395,-0.00035,5.96384,5.72973
28.1518,-3.52755,-3.36538,-4.52755,-3.36538,-4.52815,-3.36885,0.47185,1.63115,5.02691,5.01872,5.00000,5.00000,1.00000,0.00000,12,0.00074,-0.62382,-0.62390,-0.00543,1.57723,1.51117,-0.13527,-0.13520,-0.00123,0.10744,-0.00390,-0.07086,-0.07086,0.00111,1.12662,1.15245,-0.45432,-0.45426,0.00142,-0.11262,-0.06221,-0.30381,-0.30414,0.01277,-0.80106,-0.72513,-0.66160,0.23394,-0.00632,5.95705,5.98470
28.2526,-3.52680,-3.36591,-4.52680,-3.36591,-4.52684,-3.36661,0.47316,1.63339,5.02714,5.01990,5.00000,5.00000,1.00000,0.00000,12,0.00035,-0.62382,-0.62388,0.00235,1.61278,1.44705,-0.13527,-0.13519,0.00052,0.11741,0.09557,-0.07086,-0.07086,0.00038,1.12538,1.03279,-0.45432,-0.45428,-0.00661,-0.09217,-0.09892,-0.30381,-0.30414,0.01037,-0.81180,-0.83182,-0.66160,0.23397,0.01051,5.96543,5.90580
28.3540,-3.52365,-3.36672,-4.52365,-3.36672,-4.52456,-3.36639,0.47544,1.63361,5.02676,5.02034,5.00000,5.00000,1.00000,0.00000,12,0.00034,-0.62382,-0.62389,0.00070,1.59665,1.59342,-0.13527,-0.13519,0.00387,0.13296,0.18801,-0.07086,-0.07087,-0.00116,1.11735,1.21586,-0.45432,-0.45427,-0.00371,-0.11039,-0.30290,-0.30381,-0.30416,0.00297,-0.84720,-0.81619,-0.66160,0.23395,0.00234,5.99267,6.00517
28.4555,-3.52516,-3.36617,-4.52516,-3.36617,-4.52417,-3.36635,0.47583,1.63365,5.02757,5.02012,5.00000,5.00000,1.00000,0.00000,12,0.00026,-0.62382,-0.62387,0.00943,1.60570,1.55655,-0.13527,-0.13519,-0.00031,0.11667,0.22824,-0.07086,-0.07086,0.00034,1.12547,1.11480,-0.45432,-0.45427,-0.00357,-0.10804,-0.02970,-0.30381,-0.30416,0.00385,-0.85129,-0.89557,-0.66160,0.23395,0.00133,5.97964,6.09139
28.5570,-3.52430,-3.36787,-4.52430,-3.36787,-4.52561,-3.36696,0.47439,1.63304,5.02659,5.02059,5.00000,5.00000,1.00000,0.00000,12,0.00031,-0.62382,-0.62388,0.00472,1.58423,1.58920,-0.13527,-0.13518,0.00723,0.11432,0.08212,-0.07086,-0.07086,-0.00023,1.12316,1.06320,-0.45432,-0.45424,0.00956,-0.08028,0.06143,-0.30381,-0.30415,0.00414,-0.88278,-0.83339,-0.66160,0.23394,0.00157,5.94690,5.96329
28.6589,-3.52433,-3.36870,-4.52433,-3.36870,-4.52454,-3.36839,0.47546,1.63161,5.02706,5.02034,5.00000,5.00000,1.00000,0.00000,12,0.00033,-0.62382,-0.62388,0.00503,1.58334,1.57480,-0.13527,-0.13520,-0.00277,0.11019,0.09645,-0.07086,-0.07086,-0.00045,1.12236,1.15008,-0.45432,-0.45427,-0.00288,-0.10202,-0.02001,-0.30381,-0.30416,0.00297,-0.86450,-0.91927,-0.66160,0.23395,0.00697,5.96730,6.00352
28.7596,-3.52512,-3.36899,-4.52512,-3.36899,-4.52393,-3.36869,0.47607,1.63131,5.02766,5.02034,5.00000,5.00000,1.00000,0.00000,12,0.00027,-0.62382,-0.62390,-0.00229,1.58275,1.68777,-0.13527,-0.13518,0.00836,0.15160,0.08840,-0.07086,-0.07086,0.00048,1.12525,1.18126,-0.45432,-0.45426,-0.00212,-0.09656,-0.06580,-0.30381,-0.30415,0.00320,-0.86452,-0.98205,-0.66160,0.23392,-0.00968,5.93595,6.02995
28.8614,-3.51884,-3.36997,-4.51884,-3.36997,-4.52129,-3.36898,0.47871,1.63102,5.02608,5.02064,5.00000,5.00000,1.00000,0.00000,12,0.00038,-0.62382,-0.62387,0.00860,1.58829,1.52633,-0.13527,-0.13519,-0.00008,0.12308,0.15166,-0.07086,-0.07087,0.00090,1.12506,1.09376,-0.45432,-0.45428,-0.01205,-0.10394,-0.13543,-0.30381,-0.30417,-0.00509,-0.87339,-0.85701,-0.66160,0.23393,-0.00692,5.96657,5.88013
28.9648,-3.51895,-3.36819,-4.51895,-3.36819,-4.51807,-3.36867,0.48193,1.63133,5.02749,5.02000,5.00000,5.00000,1.00000,0.00000,12,0.00236,-0.62382,-0.62390,-0.00627,1.56788,1.54257,-0.13527,-0.13519,0.00129,0.12944,0.14406,-0.07086,-0.07084,0.01068,1.13705,1.16474,-0.45432,-0.45427,-0.00662,-0.08260,0.03688,-0.30381,-0.30419,-0.00833,-0.89444,-0.83399,-0.66160,0.23393,-0.00621,5.95224,6.11625
29.0670,-3.51776,-3.36715,-4.51776,-3.36715,-4.51829,-3.36798,0.48171,1.63202,5.02688,5.01985,5.00000,5.00000,1.00000,0.00000,12,0.00100,-0.62382,-0.62388,0.00192,1.60259,1.60854,-0.13527,-0.13520,-0.00191,0.11453,0.13483,-0.07086,-0.07086,0.00011,1.12310,1.00220,-0.45432,-0.45427,-0.00382,-0.10480,0.07036,-0.30381,-0.30418,-0.00574,-0.91865,-0.84312,-0.66160,0.23394,-0.00193,5.97179,5.90743
29.1679,-3.52510,-3.36867,-4.52510,-3.36867,-4.52394,-3.36881,0.47606,1.63119,5.02764,5.02015,5.00000,5.00000,1.00000,0.00000,12,0.00042,-0.62382,-0.62388,-0.00074,1.59433,1.67774,-0.13527,-0.13520,0.00197,0.12953,0.12037,-0.07086,-0.07086,-0.00013,1.12297,1.06321,-0.45432,-0.45426,0.00729,-0.06029,-0.05410,-0.30381,-0.30417,-0.00256,-0.90800,-0.98678,-0.66160,0.23395,0.00425,5.96831,6.17211
29.2697,-3.52815,-3.36848,-4.52815,-3.36848,-4.52684,-3.36875,0.47316,1.63125,5.02772,5.02010,5.00000,5.00000,1.00000,0.00000,12,0.00034,-0.62382,-0.62388,0.00223,1.56664,1.65219,-0.13527,-0.13520,-0.00641,0.13502,0.18648,-0.07086,-0.07087,-0.00012,1.12137,1.01315,-0.45432,-0.45426,0.00704,-0.09436,-0.18555,-0.30381,-0.30416,0.00264,-0.89023,-0.91676,-0.66160,0.23392,-0.00634,5.93693,6.08287
29.3740,-3.52880,-3.37128,-3.52880,-3.37128,-4.22845,-3.37006,0.52155,1.62994,4.72552,5.02074,4.75000,5.00000,0.00000,0.00000,9,0.00162,-0.61885,-0.62389,-0.00618,1.59980,1.37462,-0.14695,-0.13523,-0.00991,0.11027,0.07502,-0.08179,-0.07085,0.00415,1.14116,1.15497,-0.44966,-0.45427,-0.00292,-0.09917,-0.14797,-0.29710,-0.30416,-0.00476,-0.91981,-0.92567,-0.65493,0.23390,-0.01277,5.94324,5.92409
29.4752,-3.49944,-3.35816,-3.49944,-3.35816,-3.63394,-3.36737,0.63548,1.63263,4.26942,5.01626,4.26942,5.00000,0.00000,0.00000,8,0.00124,-0.60927,-0.62239,0.00742,0.44266,0.40092,-0.16942,-0.14139,-0.02068,2.55425,2.57820,-0.10282,-0.07231,-0.01250,3.76738,3.91857,-0.44067,-0.44160,0.06238,-0.17302,-0.12016,-0.28424,-0.29899,0.03638,-2.10814,-2.28323,-0.64213,0.23395,0.01121,5.99379,5.92669
29.5752,-3.42374,-3.30563,-3.42374,-3.30563,-3.48487,-3.31964,0.74156,1.68036,4.22643,5.01392,4.22643,5.00000,0.00000,0.00000,8,0.00030,-0.60842,-0.62197,0.00978,0.43136,0.49654,-0.17143,-0.14194,0.00215,2.66399,2.85034,-0.10471,-0.07334,-0.01333,3.82497,3.80025,-0.43986,-0.43893,0.00015,-0.11182,-0.14163,-0.28309,-0.28643,0.23728,-0.67748,-0.73718,-0.64099,0.23392,-0.00980,5.94697,5.87108
29.6759,-3.33125,-3.26901,-3.33125,-3.26901,-3.36024,-3.28342,0.84360,1.71658,4.20383,5.01353,4.20383,5.00000,0.00000,0.00000,8,0.00028,-0.60797,-0.62147,0.00309,0.27578,0.33706,-0.17249,-0.14337,-0.02334,2.96258,3.05133,-0.10570,-0.07682,-0.09861,3.79088,3.88290,-0.43944,-0.43799,-0.00022,-0.06066,0.01595,-0.28249,-0.27514,0.00450,-0.55306,-0.65526,-0.64039,0.23392,-0.00804,5.96685,5.88496
29.7775,-3.30732,-3.13567,-3.30732,-3.13567,-3.32222,-3.18726,0.94363,1.80599,4.26585,4.99325,4.26585,4.99325,0.00000,0.00000,0,0.00030,-0.60892,-0.62120,-0.00419,0.16726,0.20542,-0.16957,-0.14498,-0.01464,2.91006,2.84303,-0.10299,-0.08983,-0.07909,2.93941,2.94618,-0.44088,-0.43756,-0.00424,0.11769,0.02714,-0.28441,-0.27500,-0.00007,-0.30148,-0.36268,-0.64179,0.23391,-0.00787,5.95012,5.85611
29.8789,-3.30355,-3.10795,-3.30355,-3.10795,-3.30891,-3.12314,1.04301,1.87686,4.35193,5.01223,4.35193,5.00000,0.00000,0.00000,8,0.00045,-0.61092,-0.62100,-0.00729,0.21037,0.16898,-0.16556,-0.14604,-0.00706,2.86881,2.88286,-0.09921,-0.09149,0.00565,2.97352,2.93582,-0.44221,-0.43762,-0.00388,0.25011,0.29755,-0.28645,-0.27502,0.00001,-0.08446,-0.19091,-0.64433,0.23393,0.00411,5.99400,6.04748
29.9805,-3.30313,-3.08943,-3.30313,-3.08943,-3.30446,-3.09737,1.14219,1.90263,4.44664,5.01518,4.44664,5.00000,0.00000,0.00000,8,0.00029,-0.61281,-0.62099,-0.00199,0.24052,0.14954,-0.16113,-0.14646,0.00261,2.79220,2.85209,-0.09506,-0.09167,-0.00252,2.75259,2.88538,-0.44398,-0.43771,-0.00287,0.42646,0.44858,-0.28898,-0.27509,0.00322,0.27142,0.19830,-0.64685,0.23394,0.00344,5.98310,5.88091
30.0816,-3.29739,-3.08560,-3.29739,-3.08560,-3.30046,-3.08814,1.24125,1.91186,4.54171,5.01744,4.54171,5.00000,0.00000,0.00000,8,0.00031,-0.61470,-0.62097,-0.00318,0.24757,0.25159,-0.15668,-0.14654,-0.00303,2.65655,2.67440,-0.09090,-0.09164,-0.00085,2.52775,2.44489,-0.44576,-0.43786,0.00018,0.59804,0.47903,-0.29153,-0.27518,0.00705,0.57686,0.57881,-0.64938,0.23394,0.00069,5.96191,6.06603
30.1831,-3.30308,-3.07996,-3.30308,-3.07996,-3.30122,-3.08254,1.34027,1.91746,4.64149,5.01739,4.64149,5.00000,0.00000,0.00000,8,0.00026,-0.61669,-0.62099,-0.00666,0.32069,0.37847,-0.15202,-0.14654,-0.00423,2.45067,2.57471,-0.08653,-0.09153,0.00667,2.22648,2.10778,-0.44763,-0.43810,-0.00063,0.84929,0.72441,-0.29420,-0.27532,0.00000,0.94859,0.91430,-0.65204,0.23394,0.00213,5.99400,5.95052
30.2839,-3.30447,-3.07714,-3.30447,-3.07714,-3.30297,-3.07887,1.43935,1.92113,4.74231,5.01773,4.74231,5.00000,0.00000,0.00000,8,0.00028,-0.61869,-0.62101,-0.00443,0.40204,0.36414,-0.14731,-0.14655,-0.00483,2.18080,2.22917,-0.08212,-0.09141,0.00605,1.82740,2.00647,-0.44951,-0.43843,-0.00155,1.05476,0.97171,-0.29690,-0.27553,0.00275,1.39993,1.44796,-0.65473,0.23393,0.00174,5.98201,5.93471
30.3850,-3.29956,-3.07964,-3.29956,-3.07964,-3.30183,-3.07828,1.53842,1.92172,4.84025,5.01905,4.84025,5.00000,0.00000,0.00000,8,0.00028,-0.62064,-0.62104,0.00289,0.51926,0.51303,-0.14273,-0.14653,-0.00005,1.86405,2.04794,-0.07784,-0.09125,0.00595,1.44243,1.33032,-0.45134,-0.43889,-0.01361,1.26353,1.25794,-0.29952,-0.27576,0.00039,1.79729,1.84174,-0.65734,0.23394,0.00463,5.99400,6.07192
30.4856,-3.30157,-3.07727,-3.30157,-3.07727,-3.30168,-3.07798,1.63748,1.92202,4.93916,5.01816,4.93916,5.00000,0.00000,0.00000,8,0.00026,-0.62261,-0.62106,0.00627,0.64225,0.51776,-0.13811,-0.14651,0.00068,1.51302,1.56288,-0.07352,-0.09105,0.00324,1.00350,1.13880,-0.45319,-0.43942,0.00214,1.52892,1.46407,-0.30218,-0.27591,0.00761,2.29386,2.22622,-0.65998,0.23392,-0.00398,5.97017,5.95435
30.5862,-3.29885,-3.07509,-3.29885,-3.07509,-3.29900,-3.07649,1.70100,1.92351,5.01973,5.01786,5.00000,5.00000,0.00000,0.00000,12,0.00035,-0.62382,-0.62119,-0.00150,0.75505,0.84291,-0.13527,-0.14649,-0.00279,1.15491,1.07770,-0.07086,-0.09077,0.00585,0.56802,0.54891,-0.45432,-0.44020,-0.00639,1.70509,1.69361,-0.30381,-0.27595,0.00967,2.71515,2.86711,-0.66160,0.23393,-0.00039,5.92415,6.01120
30.6913,-3.29511,-3.07067,-3.29511,-3.07067,-3.29775,-3.07266,1.70225,1.92734,5.01865,5.01758,5.00000,5.00000,0.00000,0.00000,12,0.00029,-0.62382,-0.62121,-0.00661,0.72311,0.78170,-0.13527,-0.14646,0.00482,1.13388,1.03600,-0.07086,-0.09060,0.00852,0.42045,0.40352,-0.45432,-0.44081,-0.00060,1.83242,1.98113,-0.30381,-0.27609,-0.00330,2.98262,2.96599,-0.66160,0.23393,0.00383,5.97882,5.95653
30.7922,-3.29564,-3.07418,-3.29564,-3.07418,-3.29578,-3.07312,1.70422,1.92688,5.01971,5.01889,5.00000,5.00000,0.00000,0.00000,12,0.00027,-0.62382,-0.62120,0.00120,0.78803,0.66453,-0.13527,-0.14646,0.00130,1.02495,0.96342,-0.07086,-0.09038,-0.00169,0.19128,0.36087,-0.45432,-0.44143,-0.00930,1.95107,1.92479,-0.30381,-0.27638,0.00361,3.30558,3.30678,-0.66160,0.23391,-0.00726,5.98804,5.91589
30.8943,-3.29719,-3.07527,-3.29719,-3.07527,-3.29641,-3.07480,1.70359,1.92520,5.02011,5.01865,5.00000,5.00000,0.00000,0.00000,12,0.00037,-0.62382,-0.62122,0.00580,0.82054,0.81144,-0.13527,-0.14645,0.00420,0.87324,0.83526,-0.07086,-0.09011,0.00394,-0.02900,0.05672,-0.45432,-0.44216,-0.01145,2.05115,1.91286,-0.30381,-0.27683,-0.00422,3.61928,3.55296,-0.66160,0.23393,0.00306,5.97810,5.95808
30.9977,-3.30534,-3.07702,-3.30534,-3.07702,-3.30128,-3.07577,1.69872,1.92423,5.02155,5.01899,5.00000,5.00000,0.00000,0.00000,12,0.00213,-0.62382,-0.62125,-0.00244,0.83720,0.84650,-0.13527,-0.14644,0.00050,0.73250,0.68032,-0.07086,-0.08983,-0.00110,-0.23667,-0.07634,-0.45432,-0.44306,-0.01198,2.10569,2.10614,-0.30381,-0.27819,-0.02057,3.79306,3.68946,-0.66160,0.23391,-0.01481,5.99400,6.03147
31.0966,-3.31141,-3.07981,-3.31141,-3.07981,-3.30848,-3.07925,1.69152,1.92075,5.02111,5.01872,5.00000,5.00000,0.00000,0.00000,12,0.00034,-0.62382,-0.62129,-0.00056,0.85241,0.91560,-0.13527,-0.14641,0.00412,0.61285,0.73933,-0.07086,-0.08941,0.00480,-0.42341,-0.42296,-0.45432,-0.44387,-0.00260,2.20786,2.23824,-0.30381,-0.28041,-0.02735,3.90809,3.95788,-0.66160,0.23393,0.00136,5.97383,6.02168
31.1975,-3.32848,-3.08796,-3.32848,-3.08796,-3.31886,-3.08385,1.68114,1.91615,5.02404,5.02026,5.00000,5.00000,0.00000,0.00000,12,0.00027,-0.62382,-0.62131,-0.00071,0.89626,0.89563,-0.13527,-0.14637,0.00809,0.45063,0.48933,-0.07086,-0.08887,0.01084,-0.62276,-0.56924,-0.45432,-0.44452,-0.01120,2.28954,2.13645,-0.30381,-0.28569,-0.08150,3.69892,3.70279,-0.66160,0.23392,-0.00171,5.97701,5.93922
31.3010,-3.39367,-3.11149,-3.39367,-3.11149,-3.36460,-3.09963,1.63540,1.90037,5.03265,5.02368,5.00000,5.00000,0.00000,0.00000,12,0.00036,-0.62382,-0.62133,0.00637,0.94804,0.92371,-0.13527,-0.14628,0.00610,0.33375,0.36882,-0.07086,-0.08822,0.01142,-0.77171,-0.74473,-0.45432,-0.44571,-0.01063,2.30859,2.42145,-0.30381,-0.29493,-0.16844,2.96462,2.81584,-0.66160,0.23393,0.00162,5.99366,6.10413
31.4025,-3.45180,-3.12916,-3.45180,-3.12916,-3.42989,-3.11939,1.57011,1.88061,5.02997,5.02290,5.00000,5.00000,0.00000,0.00000,12,0.00072,-0.62382,-0.62136,-0.00147,0.96406,0.88214,-0.13527,-0.14615,0.00451,0.20592,0.20118,-0.07086,-0.08714,0.01232,-0.90278,-0.77788,-0.45432,-0.44675,0.00408,2.37043,2.34658,-0.30381,-0.30161,-0.01023,3.07610,3.00427,-0.66160,0.23393,0.00722,5.98047,5.94392
31.5034,-3.45750,-3.13498,-3.45750,-3.13498,-3.45104,-3.13165,1.54896,1.86835,5.02347,5.02022,5.00000,5.00000,0.00000,0.00000,12,0.00047,-0.62382,-0.62139,0.00561,0.96798,0.97111,-0.13527,-0.14603,-0.00272,0.09439,0.07253,-0.07086,-0.08588,0.01447,-1.01267,-0.99810,-0.45432,-0.44802,-0.00540,2.34365,2.33711,-0.30381,-0.30186,-0.00520,3.08597,3.22947,-0.66160,0.23392,0.00086,5.98639,5.87656
31.6041,-3.46564,-3.15022,-3.46564,-3.15022,-3.46151,-3.14326,1.53849,1.85674,5.02254,5.02184,5.00000,5.00000,0.00000,0.00000,12,0.00029,-0.62382,-0.62142,-0.00185,0.98529,1.05249,-0.13527,-0.14582,0.00833,-0.00756,-0.07202,-0.07086,-0.08423,0.01762,-1.06218,-0.99864,-0.45432,-0.44926,-0.01101,2.30419,2.29496,-0.30381,-0.30196,-0.00559,3.09059,3.17557,-0.66160,0.23390,-0.00569,5.99400,6.06001
31.7055,-3.47300,-3.17611,-3.47300,-3.17611,-3.46894,-3.16440,1.53106,1.83560,5.02256,5.02401,5.00000,5.00000,0.00000,0.00000,12,0.00031,-0.62382,-0.62144,-0.00188,1.03955,1.04380,-0.13527,-0.14556,0.00598,-0.10236,-0.08693,-0.07086,-0.08147,0.03341,-0.97293,-1.08749,-0.45432,-0.45151,-0.03368,2.17135,2.20318,-0.30381,-0.30201,0.00693,3.15354,3.28414,-0.66160,0.23393,0.00723,5.95491,6.05758
31.8082,-3.49100,-3.24051,-3.49100,-3.24051,-3.48246,-3.20855,1.51754,1.79145,5.02455,5.03295,5.00000,5.00000,0.00000,0.00000,12,0.00035,-0.62382,-0.62148,-0.00503,1.07840,0.96382,-0.13527,-0.14513,0.01021,-0.23880,-0.21086,-0.07086,-0.07294,0.19642,0.00142,-0.33602,-0.45432,-0.45569,-0.05652,1.81229,1.82176,-0.30381,-0.30210,-0.01276,3.12792,3.14449,-0.66160,0.23392,-0.00118,5.98114,5.84840
31.9102,-3.50831,-3.30434,-3.50831,-3.30434,-3.50379,-3.28702,1.49621,1.71298,5.02296,5.02714,5.00000,5.00000,0.00000,0.00000,12,0.00029,-0.62382,-0.62149,0.00670,1.08979,1.05000,-0.13527,-0.14462,0.01197,-0.29850,-0.32947,-0.07086,-0.06751,0.00204,-0.20317,-0.09795,-0.45432,-0.45838,-0.00022,1.76458,1.75081,-0.30381,-0.30215,-0.00360,3.17463,3.10552,-0.66160,0.23392,0.00209,5.95189,5.94228
32.0108,-3.51517,-3.30789,-3.51517,-3.30789,-3.51318,-3.30319,1.48682,1.69681,5.02193,5.02183,5.00000,5.00000,0.00000,0.00000,12,0.00028,-0.62382,-0.62154,0.00538,1.11727,1.20333,-0.13527,-0.14428,-0.00127,-0.41217,-0.45904,-0.07086,-0.06745,0.00362,-0.15641,-0.18223,-0.45432,-0.45888,-0.00568,1.65566,1.56505,-0.30381,-0.30223,-0.00562,3.18061,3.23280,-0.66160,0.23391,-0.00986,5.94361,6.05987
32.1124,-3.51764,-3.30658,-3.51764,-3.30658,-3.51545,-3.30693,1.48455,1.69307,5.02203,5.01969,5.00000,5.00000,0.00000,0.00000,12,0.00028,-0.62382,-0.62159,-0.00043,1.13106,1.10581,-0.13527,-0.14386,0.00654,-0.46782,-0.49400,-0.07086,-0.06746,-0.00615,-0.14822,-0.14264,-0.45432,-0.45905,0.00212,1.62230,1.57985,-0.30381,-0.30231,-0.00858,3.19295,3.19654,-0.66160,0.23391,0.00106,5.96607,6.13875
32.2133,-3.51907,-3.30203,-3.51907,-3.30203,-3.51746,-3.30371,1.48254,1.69629,5.02179,5.01910,5.00000,5.00000,0.00000,0.00000,12,0.00038,-0.62382,-0.62163,0.00029,1.13843,1.26380,-0.13527,-0.14346,0.00055,-0.57964,-0.56008,-0.07086,-0.06745,-0.00003,-0.08106,0.01749,-0.45432,-0.45911,0.00509,1.56779,1.45236,-0.30381,-0.30236,0.00870,3.18951,3.21209,-0.66160,0.23393,0.00706,5.96301,5.85759
32.3135,-3.51866,-3.30211,-3.51866,-3.30211,-3.51830,-3.30294,1.48170,1.69706,5.02126,5.01946,5.00000,5.00000,0.00000,0.00000,12,0.00027,-0.62382,-0.62165,0.00283,1.18333,1.13805,-0.13527,-0.14299,0.00255,-0.64733,-0.61950,-0.07086,-0.06746,-0.00283,-0.03389,0.03126,-0.45432,-0.45914,-0.00127,1.52059,1.51647,-0.30381,-0.30242,0.00330,3.21375,3.17076,-0.66160,0.23391,-0.00685,5.96046,6.00726
32.4146,-3.52350,-3.30474,-4.52350,-3.30474,-4.17808,-3.30424,0.82192,1.69576,5.17311,5.02004,5.00000,5.00000,1.00000,0.00000,12,0.00030,-0.62382,-0.62167,0.00797,1.21412,1.19150,-0.13527,-0.14250,0.00825,-0.68689,-0.73134,-0.07086,-0.06746,0.00341,0.00299,-0.07649,-0.45432,-0.45912,0.00295,1.44162,1.52695,-0.30381,-0.30247,0.00097,3.24053,3.34238,-0.66160,0.23394,0.01041,5.99264,5.95198
32.5153,-3.52231,-3.30121,-4.52231,-3.30121,-4.46411,-3.30215,0.53589,1.69785,5.05173,5.01941,5.00000,5.00000,1.00000,0.00000,12,0.00035,-0.62382,-0.62171,0.00254,1.23465,1.39595,-0.13527,-0.14213,0.00714,-0.71727,-0.85840,-0.07086,-0.06750,-0.00877,0.01714,0.00688,-0.45432,-0.45911,0.00852,1.40488,1.40518,-0.30381,-0.30250,0.00989,3.24709,3.24060,-0.66160,0.23394,0.00969,5.98315,6.08377
32.6161,-3.52206,-3.29989,-4.52206,-3.29989,-4.51291,-3.30023,0.48709,1.69977,5.03100,5.01966,5.00000,5.00000,1.00000,0.00000,12,0.00029,-0.62382,-0.62176,-0.00857,1.22852,1.10567,-0.13527,-0.14162,0.00606,-0.81563,-0.69745,-0.07086,-0.06749,-0.00224,0.08223,0.07015,-0.45432,-0.45911,-0.00738,1.33009,1.38522,-0.30381,-0.30252,0.01336,3.29110,3.29078,-0.66160,0.23391,-0.00562,5.95727,5.95762
32.7181,-3.53013,-3.30243,-4.53013,-3.30243,-4.52508,-3.30137,0.47492,1.69863,5.02931,5.02026,5.00000,5.00000,1.00000,0.00000,12,0.00169,-0.62382,-0.62182,-0.01214,1.27252,1.36491,-0.13527,-0.14090,0.00381,-0.80075,-0.92207,-0.07086,-0.06751,-0.00104,0.11337,0.07947,-0.45432,-0.45907,0.00724,1.27525,1.38755,-0.30381,-0.30261,-0.00677,3.25941,3.22815,-0.66160,0.23394,0.00838,5.99400,6.01271
32.8216,-3.52824,-3.30246,-4.52824,-3.30246,-4.52840,-3.30126,0.47160,1.69874,5.02710,5.02032,5.00000,5.00000,1.00000,0.00000,12,0.00036,-0.62382,-0.62184,-0.00721,1.27243,1.31761,-0.13527,-0.13986,0.02121,-0.76987,-0.78496,-0.07086,-0.06751,0.00128,0.15896,0.04076,-0.45432,-0.45907,-0.00066,1.19559,1.20087,-0.30381,-0.30264,-0.00215,3.30179,3.35439,-0.66160,0.23391,-0.00203,5.98471,6.04222
32.9228,-3.53020,-3.30193,-4.53020,-3.30193,-4.52926,-3.30136,0.47073,1.69864,5.02758,5.02005,5.00000,5.00000,1.00000,0.00000,12,0.00036,-0.62382,-0.62189,-0.00968,1.29186,1.36743,-0.13527,-0.13740,0.03007,-0.61672,-0.56018,-0.07086,-0.06753,-0.00181,0.18282,0.05126,-0.45432,-0.45905,0.00358,1.15865,1.18922,-0.30381,-0.30268,0.00296,3.30567,3.27478,-0.66160,0.23393,0.01021,5.99400,6.07275
33.0234,-3.53398,-3.30984,-4.53398,-3.30984,-4.53122,-3.30722,0.46878,1.69278,5.02837,5.02097,5.00000,5.00000,1.00000,0.00000,12,0.00029,-0.62382,-0.62193,-0.00902,1.32627,1.26878,-0.13527,-0.13623,0.01022,-0.60568,-0.67164,-0.07086,-0.06754,0.00393,0.26569,0.18043,-0.45432,-0.45906,-0.00698,1.09627,1.14269,-0.30381,-0.30272,0.00349,3.29999,3.34310,-0.66160,0.23391,-0.00124,5.99400,5.83989
33.1247,-3.53303,-3.31411,-4.53303,-3.31411,-4.53364,-3.31203,0.46636,1.68797,5.02694,5.02077,5.00000,5.00000,1.00000,0.00000,12,0.00079,-0.62382,-0.62193,0.00312,1.35295,1.43778,-0.13527,-0.13579,0.00379,-0.63028,-0.69384,-0.07086,-0.06755,0.00633,0.27490,0.19389,-0.45432,-0.45902,0.00363,1.02895,1.08667,-0.30381,-0.30276,-0.00296,3.29675,3.25106,-0.66160,0.23391,-0.00334,5.97403,5.94670
33.2259,-3.53177,-3.31481,-4.53177,-3.31481,-4.53270,-3.31446,0.46730,1.68554,5.02680,5.02003,5.00000,5.00000,1.00000,0.00000,12,0.00032,-0.62382,-0.62199,-0.00688,1.37538,1.36901,-0.13527,-0.13560,0.00066,-0.62769,-0.53045,-0.07086,-0.06759,-0.00872,0.30963,0.35097,-0.45432,-0.45902,-0.00557,0.97716,1.10227,-0.30381,-0.30284,-0.00087,3.30295,3.12236,-0.66160,0.23391,-0.00116,5.97199,6.08004
33.3269,-3.53215,-3.31483,-4.53215,-3.31483,-4.53215,-3.31500,0.46785,1.68500,5.02719,5.01982,5.00000,5.00000,1.00000,0.00000,12,0.00033,-0.62382,-0.62202,-0.00326,1.38896,1.35826,-0.13527,-0.13551,0.00128,-0.61174,-0.67794,-0.07086,-0.06759,-0.00022,0.37687,0.24693,-0.45432,-0.45900,-0.00350,0.93614,0.96319,-0.30381,-0.30284,0.00777,3.33826,3.50191,-0.66160,0.23392,0.00265,5.97267,6.04588
33.4306,-3.53241,-3.31393,-4.53241,-3.31393,-4.53190,-3.31409,0.46810,1.68591,5.02741,5.01981,5.00000,5.00000,1.00000,0.00000,12,0.00027,-0.62382,-0.62204,-0.00373,1.42789,1.46194,-0.13527,-0.13547,-0.00412,-0.60323,-0.57432,-0.07086,-0.06761,0.00143,0.41182,0.31007,-0.45432,-0.45897,-0.00193,0.86357,0.88514,-0.30381,-0.30291,-0.01437,3.33781,3.41835,-0.66160,0.23390,-0.00517,5.95683,6.04008
33.5324,-3.53891,-3.31339,-4.53891,-3.31339,-4.53625,-3.31346,0.46375,1.68654,5.02836,5.01985,5.00000,5.00000,1.00000,0.00000,12,0.00027,-0.62382,-0.62207,-0.00772,1.42170,1.50682,-0.13527,-0.13542,0.00229,-0.62424,-0.58322,-0.07086,-0.06763,-0.00167,0.43224,0.50420,-0.45432,-0.45894,0.00252,0.84023,0.82595,-0.30381,-0.30293,-0.00579,3.36232,3.38841,-0.66160,0.23390,-0.00171,5.98864,5.76780
33.6334,-3.53720,-3.31161,-4.53720,-3.31161,-4.53836,-3.31278,0.46164,1.68722,5.02673,5.01937,5.00000,5.00000,1.00000,0.00000,12,0.00026,-0.62382,-0.62208,0.00598,1.44916,1.40067,-0.13527,-0.13542,0.00443,-0.61743,-0.59444,-0.07086,-0.06762,0.00802,0.47175,0.43568,-0.45432,-0.45894,-0.00373,0.73687,0.86143,-0.30381,-0.30295,-0.00111,3.37716,3.35866,-0.66160,0.23390,-0.00479,5.95345,6.17696
33.7348,-3.54123,-3.30696,-4.54123,-3.30696,-4.54000,-3.30868,0.46000,1.69132,5.02777,5.01912,5.00000,5.00000,1.00000,0.00000,12,0.00030,-0.62382,-0.62213,0.00446,1.46285,1.47380,-0.13527,-0.13536,-0.00468,-0.64296,-0.62754,-0.07086,-0.06766,-0.00298,0.51947,0.49870,-0.45432,-0.45891,0.00114,0.71301,0.73931,-0.30381,-0.30296,0.00351,3.36230,3.42616,-0.66160,0.23390,-0.00427,5.94374,6.09568
33.8350,-3.54225,-3.30877,-4.54224,-3.30877,-4.54104,-3.30802,0.45896,1.69198,5.02776,5.02017,5.00000,5.00000,1.00000,0.00000,12,0.00027,-0.62382,-0.62219,-0.00088,1.49905,1.54911,-0.13527,-0.13532,0.00052,-0.60411,-0.62507,-0.07086,-0.06767,0.00120,0.53185,0.57452,-0.45432,-0.45887,0.00439,0.65655,0.57882,-0.30381,-0.30304,-0.00705,3.36184,3.48226,-0.66160,0.23390,-0.00370,5.98044,5.93737
33.9355,-3.53726,-3.30873,-4.53726,-3.30873,-4.53944,-3.30881,0.46056,1.69119,5.02630,5.01982,5.00000,5.00000,1.00000,0.00000,12,0.00029,-0.62382,-0.62222,0.00618,1.52301,1.35578,-0.13527,-0.13525,0.00770,-0.60803,-0.64503,-0.07086,-0.06769,0.00046,0.59225,0.59119,-0.45432,-0.45885,-0.00663,0.61532,0.59120,-0.30381,-0.30306,0.00320,3.35613,3.49271,-0.66160,0.23392,0.00989,5.97484,5.96410
34.0378,-3.54088,-3.30628,-4.54088,-3.30628,-4.53976,-3.30744,0.46024,1.69256,5.02772,5.01935,5.00000,5.00000,1.00000,0.00000,12,0.00032,-0.62382,-0.62227,-0.00011,1.52491,1.40603,-0.13527,-0.13527,-0.00304,-0.61618,-0.62163,-0.07086,-0.06770,0.00081,0.62006,0.59491,-0.45432,-0.45883,-0.00501,0.54515,0.66407,-0.30381,-0.30311,0.00148,3.39399,3.32412,-0.66160,0.23390,-0.00159,5.98081,5.91156
34.1393,-3.54362,-3.30910,-4.54362,-3.30910,-4.54204,-3.30783,0.45796,1.69217,5.02793,5.02039,5.00000,5.00000,1.00000,0.00000,12,0.00030,-0.62382,-0.62231,-0.00495,1.53752,1.58733,-0.13527,-0.13522,0.00647,-0.59312,-0.63355,-0.07086,-0.06774,-0.00994,0.63934,0.58079,-0.45432,-0.45879,-0.01308,0.48354,0.44727,-0.30381,-0.30311,0.00273,3.40622,3.50344,-0.66160,0.23391,-0.00159,5.95311,5.99710
34.2410,-3.54531,-3.30980,-4.54531,-3.30980,-4.54569,-3.30966,0.45431,1.69034,5.02711,5.01992,5.00000,5.00000,1.00000,0.00000,12,0.00027,-0.62382,-0.62230,0.01104,1.60890,1.46481,-0.13527,-0.13524,-0.00133,-0.59200,-0.51103,-0.07086,-0.06774,-0.00515,0.72452,0.73023,-0.45432,-0.45871,0.00221,0.45991,0.43524,-0.30381,-0.30315,-0.00000,3.38398,3.40591,-0.66160,0.23392,0.00821,5.99400,6.00517
34.3421,-3.55057,-3.31112,-4.55057,-3.31112,-4.54772,-3.31061,0.45228,1.68939,5.02851,5.02008,5.00000,5.00000,1.00000,0.00000,12,0.00050,-0.62382,-0.62237,-0.00929,1.55504,1.60013,-0.13527,-0.13522,0.00008,-0.60847,-0.61118,-0.07086,-0.06774,0.00423,0.75778,0.66322,-0.45432,-0.45871,-0.00317,0.36044,0.43383,-0.30381,-0.30318,-0.00869,3.40746,3.30958,-0.66160,0.23389,-0.00792,5.94988,5.90308
34.4438,-3.54950,-3.30940,-4.54950,-3.30940,-4.54914,-3.31020,0.45086,1.68980,5.02745,5.01952,5.00000,5.00000,1.00000,0.00000,12,0.00033,-0.62382,-0.62239,-0.00229,1.58613,1.49201,-0.13527,-0.13518,0.00044,-0.61616,-0.68875,-0.07086,-0.06778,-0.00182,0.78829,0.78104,-0.45432,-0.45865,-0.00678,0.32957,0.29472,-0.30381,-0.30319,0.00532,3.45344,3.45174,-0.66160,0.23391,0.00066,5.97343,5.96328
34.5453,-3.55354,-3.31167,-4.55354,-3.31167,-4.55220,-3.31043,0.44780,1.68957,5.02789,5.02040,5.00000,5.00000,1.00000,0.00000,12,0.00030,-0.62382,-0.62241,-0.01024,1.59551,1.58842,-0.13527,-0.13517,0.00307,-0.59878,-0.56031,-0.07086,-0.06780,-0.00112,0.81504,0.80215,-0.45432,-0.45856,0.00939,0.31519,0.22091,-0.30381,-0.30322,-0.00105,3.42614,3.50500,-0.66160,0.23388,-0.00682,5.97475,5.92690
34.6462,-3.55157,-3.31311,-4.55157,-3.31311,-4.55108,-3.31212,0.44892,1.68788,5.02752,5.02030,5.00000,5.00000,1.00000,0.00000,12,0.00029,-0.62382,-0.62243,-0.01015,1.60303,1.69768,-0.13527,-0.13517,-0.00328,-0.59007,-0.52268,-0.07086,-0.06781,-0.00086,0.84310,0.82616,-0.45432,-0.45852,0.00818,0.25291,0.22645,-0.30381,-0.30325,-0.00327,3.43808,3.51115,-0.66160,0.23390,0.00192,5.98456,5.99467
34.7474,-3.55371,-3.31665,-4.55371,-3.31665,-4.55341,-3.31506,0.44659,1.68494,5.02745,5.02057,5.00000,5.00000,1.00000,0.00000,12,0.00033,-0.62382,-0.62247,-0.00559,1.64188,1.67597,-0.13527,-0.13516,0.00509,-0.58561,-0.48661,-0.07086,-0.06784,-0.00266,0.88935,0.82978,-0.45432,-0.45850,-0.00575,0.20583,0.17526,-0.30381,-0.30327,0.00219,3.45253,3.35995,-0.66160,0.23390,0.00245,5.99400,6.07938
34.8524,-3.55686,-3.31476,-4.55687,-3.31476,-4.55546,-3.31515,0.44454,1.68485,5.02794,5.01972,5.00000,5.00000,1.00000,0.00000,12,0.00071,-0.62382,-0.62250,-0.00217,1.65105,1.74394,-0.13527,-0.13517,-0.00021,-0.60793,-0.54784,-0.07086,-0.06784,0.00765,0.93156,1.04324,-0.45432,-0.45841,0.00551,0.14146,0.19425,-0.30381,-0.30332,-0.00535,3.40602,3.25870,-0.66160,0.23390,-0.00010,5.96588,5.81336
34.9549,-3.55314,-3.31612,-4.55314,-3.31612,-4.55363,-3.31524,0.44637,1.68476,5.02711,5.02027,5.00000,5.00000,1.00000,0.00000,12,0.00170,-0.62382,-0.62252,0.00135,1.66506,1.64867,-0.13527,-0.13517,-0.00506,-0.59118,-0.56950,-0.07086,-0.06787,-0.00275,0.94768,1.01017,-0.45432,-0.45838,-0.00309,0.11615,0.22806,-0.30381,-0.30334,-0.00727,3.42670,3.42421,-0.66160,0.23388,-0.00574,5.94681,5.86679
35.0540,-3.55165,-3.31534,-4.55165,-3.31534,-4.55237,-3.31539,0.44763,1.68461,5.02701,5.01987,5.00000,5.00000,1.00000,0.00000,12,0.00027,-0.62382,-0.62256,0.00013,1.68815,1.77980,-0.13527,-0.13517,-0.00457,-0.61815,-0.49881,-0.07086,-0.06790,-0.00281,0.96921,1.09122,-0.45432,-0.45829,0.00508,0.08399,0.03922,-0.30381,-0.30335,0.00214,3.42316,3.47028,-0.66160,0.23390,0.00228,5.97367,5.98198
35.1556,-3.55371,-3.31575,-4.55371,-3.31575,-4.55250,-3.31528,0.44751,1.68472,5.02783,5.02009,5.00000,5.00000,1.00000,0.00000,12,0.00082,-0.62382,-0.62258,0.00696,1.71310,1.67270,-0.13527,-0.13516,0.00082,-0.59481,-0.63343,-0.07086,-0.06791,-0.00215,0.99925,0.97897,-0.45432,-0.45823,0.00350,0.00374,-0.01882,-0.30381,-0.30338,0.00139,3.44160,3.58611,-0.66160,0.23388,-0.00708,5.95710,5.90721
35.2561,-3.55358,-3.31764,-4.55358,-3.31764,-4.55387,-3.31689,0.44613,1.68311,5.02720,5.02022,5.00000,5.00000,1.00000,0.00000,12,0.00067,-0.62382,-0.62259,0.00594,1.71431,1.56262,-0.13527,-0.13516,-0.00041,-0.59604,-0.59162,-0.07086,-0.06793,-0.00231,1.05136,1.08214,-0.45432,-0.45815,-0.00175,-0.04438,-0.31520,-0.30381,-0.30340,-0.00213,3.42350,3.45218,-0.66160,0.23389,-0.00434,5.95641,5.98369
35.3593,-3.55425,-3.31683,-4.55425,-3.31683,-4.55405,-3.31691,0.44595,1.68309,5.02741,5.01987,5.00000,5.00000,1.00000,0.00000,12,0.00031,-0.62382,-0.62263,0.00567,1.73849,1.66854,-0.13527,-0.13516,0.00127,-0.58715,-0.68589,-0.07086,-0.06795,0.00256,1.10884,1.15010,-0.45432,-0.45803,0.00816,-0.05914,0.10659,-0.30381,-0.30342,0.00107,3.49071,3.53477,-0.66160,0.23390,0.00476,5.99286,6.04907
35.4606,-3.55032,-3.31475,-3.55032,-3.31475,-3.72081,-3.31727,0.58867,1.68273,4.30948,5.01882,4.30948,5.00000,0.00000,0.00000,8,0.00027,-0.61007,-0.62205,-0.00191,0.56444,0.69467,-0.16754,-0.14104,-0.07790,1.66257,1.72915,-0.10107,-0.07153,-0.05292,3.41996,3.50185,-0.44142,-0.45193,0.19482,-0.23549,-0.44272,-0.28531,-0.30329,-0.00077,1.86950,1.96494,-0.64320,0.23389,0.00187,5.95445,6.05606
35.5618,-3.50522,-3.23211,-3.50522,-3.23211,-3.54649,-3.25752,0.69658,1.74248,4.24307,5.00865,4.24307,5.00000,0.00000,0.00000,8,0.00071,-0.60875,-0.62182,-0.00339,0.52539,0.53965,-0.17065,-0.14221,-0.00721,1.86023,1.84960,-0.10398,-0.07491,-0.01809,3.39728,3.31866,-0.44017,-0.44144,-0.00432,-0.08583,-0.07758,-0.28354,-0.30328,-0.00399,1.75425,1.77172,-0.64143,0.23390,0.00242,5.93504,5.88810
35.6643,-3.49992,-3.20223,-3.49992,-3.20223,-3.50820,-3.22172,0.80215,1.77828,4.31034,5.01098,4.31034,5.00000,0.00000,0.00000,8,0.00209,-0.61009,-0.62175,-0.00619,0.51550,0.53190,-0.16750,-0.14240,-0.00316,1.85033,1.78425,-0.10103,-0.07834,-0.03861,3.13968,3.03108,-0.44143,-0.44121,0.01011,0.06073,0.10146,-0.28534,-0.30326,0.00170,1.71801,1.79752,-0.64322,0.23389,-0.00022,5.94101,5.89917
35.7629,-3.49899,-3.16646,-3.49899,-3.16646,-3.50050,-3.18565,0.90722,1.81435,4.40772,5.01089,4.40772,5.00000,0.00000,0.00000,8,0.00027,-0.61203,-0.62174,-0.00807,0.49035,0.45319,-0.16295,-0.14248,-0.00381,1.79245,1.95507,-0.09677,-0.08246,-0.04198,2.76165,2.83247,-0.44326,-0.44127,0.00304,0.18067,0.05035,-0.28794,-0.30325,0.00296,1.67809,1.61724,-0.64581,0.23392,0.00989,5.95516,5.94698
35.8639,-3.49632,-3.14016,-3.49632,-3.14016,-3.49830,-3.15286,1.01220,1.84714,4.51050,5.01347,4.51050,5.00000,0.00000,0.00000,8,0.00028,-0.61408,-0.62173,-0.00047,0.54845,0.62260,-0.15814,-0.14247,0.00352,1.69708,1.81591,-0.09227,-0.08532,-0.01657,2.48435,2.51266,-0.44518,-0.44135,0.00086,0.34989,0.35009,-0.29069,-0.30326,-0.00034,1.67492,1.79489,-0.64855,0.23390,0.00314,5.94356,6.06214
35.9646,-3.50142,-3.13444,-3.50142,-3.13444,-3.49891,-3.13836,1.11715,1.86164,4.61606,5.01715,4.61606,5.00000,0.00000,0.00000,8,0.00029,-0.61618,-0.62174,-0.00225,0.56493,0.58471,-0.15321,-0.14247,-0.00211,1.62486,1.57742,-0.08765,-0.08604,0.00094,2.26239,2.33908,-0.44715,-0.44151,-0.00766,0.47989,0.61768,-0.29352,-0.30325,0.00596,1.73729,1.68027,-0.65136,0.23389,-0.00361,5.95643,5.99772
36.0650,-3.49836,-3.13116,-3.49836,-3.13116,-3.49837,-3.13200,1.22210,1.86800,4.72048,5.01843,4.72048,5.00000,0.00000,0.00000,8,0.00028,-0.61826,-0.62174,-0.00182,0.67367,0.60737,-0.14833,-0.14247,-0.00183,1.41682,1.45873,-0.08308,-0.08607,-0.00038,1.99143,1.99780,-0.44911,-0.44168,-0.00715,0.68275,0.56948,-0.29631,-0.30326,0.00343,1.74362,1.79508,-0.65414,0.23389,-0.00084,5.97040,6.06285
36.1656,-3.49644,-3.12782,-3.49644,-3.12782,-3.49774,-3.12906,1.32706,1.87094,4.82481,5.01825,4.82481,5.00000,0.00000,0.00000,8,0.00034,-0.62034,-0.62180,-0.01135,0.74229,0.73332,-0.14345,-0.14246,0.00072,1.15262,1.21762,-0.07852,-0.08598,0.00578,1.65474,1.53989,-0.45105,-0.44195,-0.00533,0.87590,0.87581,-0.29911,-0.30327,-0.00800,1.87104,1.96048,-0.65693,0.23390,0.00264,5.95876,6.02584
36.2691,-3.49695,-3.12782,-3.49695,-3.12782,-3.49643,-3.12850,1.43197,1.87150,4.92840,5.01848,4.92840,5.00000,0.00000,0.00000,8,0.00206,-0.62239,-0.62182,-0.00106,0.88146,0.90771,-0.13862,-0.14247,-0.00183,0.78115,0.85028,-0.07399,-0.08584,0.00765,1.27714,1.30320,-0.45299,-0.44230,-0.00645,1.09875,1.04410,-0.30189,-0.30326,-0.00007,2.00759,1.91942,-0.65969,0.23389,-0.00546,5.96670,5.99879
36.3692,-3.49166,-3.12534,-3.49166,-3.12534,-3.49241,-3.12631,1.50759,1.87369,5.02063,5.01834,5.00000,5.00000,0.00000,0.00000,12,0.00048,-0.62382,-0.62188,-0.00187,1.03023,1.05253,-0.13527,-0.14244,0.00450,0.46765,0.48187,-0.07086,-0.08570,0.00020,0.83360,0.93029,-0.45432,-0.44271,-0.01571,1.27606,1.36564,-0.30381,-0.30326,0.00576,2.19773,2.29870,-0.66160,0.23389,0.00107,5.96966,6.09563
36.4702,-3.49482,-3.12050,-3.49482,-3.12050,-3.49379,-3.12245,1.50621,1.87755,5.02140,5.01790,5.00000,5.00000,0.00000,0.00000,12,0.00045,-0.62382,-0.62190,-0.00292,0.98791,1.06445,-0.13527,-0.14244,-0.00596,0.47519,0.50426,-0.07086,-0.08561,0.00696,0.75208,0.74946,-0.45432,-0.44297,-0.00341,1.41783,1.24308,-0.30381,-0.30326,0.00057,2.13366,2.10323,-0.66160,0.23390,0.00300,5.96901,5.86755
36.5713,-3.49616,-3.12172,-3.49616,-3.12172,-3.49370,-3.12083,1.50630,1.87917,5.02202,5.01911,5.00000,5.00000,0.00000,0.00000,12,0.00038,-0.62382,-0.62191,-0.00804,0.99154,0.91002,-0.13527,-0.14244,-0.00409,0.39937,0.33051,-0.07086,-0.08556,-0.00321,0.57854,0.64813,-0.45432,-0.44326,-0.00136,1.51378,1.55521,-0.30381,-0.30327,-0.00356,2.12059,2.13172,-0.66160,0.23392,0.01149,5.97772,5.78625
36.6724,-3.49487,-3.12281,-3.49487,-3.12281,-3.49503,-3.12265,1.50497,1.87735,5.02090,5.01881,5.00000,5.00000,0.00000,0.00000,12,0.00042,-0.62382,-0.62192,-0.00179,1.06144,1.19187,-0.13527,-0.14241,0.00639,0.32994,0.32793,-0.07086,-0.08545,-0.00214,0.38911,0.34712,-0.45432,-0.44358,0.01124,1.66820,1.68119,-0.30381,-0.30327,-0.00038,2.13685,2.10576,-0.66160,0.23388,-0.00213,5.96605,6.10362
36.7727,-3.50043,-3.12039,-3.50043,-3.12039,-3.49842,-3.12153,1.50158,1.87847,5.02185,5.01824,5.00000,5.00000,0.00000,0.00000,12,0.00033,-0.62382,-0.62193,-0.00629,1.06320,1.07746,-0.13527,-0.14242,-0.00040,0.25374,0.23467,-0.07086,-0.08531,0.00729,0.24392,0.34023,-0.45432,-0.44400,-0.01302,1.71632,1.58506,-0.30381,-0.30326,0.00346,2.15924,2.14982,-0.66160,0.23388,-0.00435,5.99220,6.02891
36.8745,-3.49942,-3.12237,-3.49942,-3.12237,-3.49875,-3.12186,1.50125,1.87814,5.02128,5.01895,5.00000,5.00000,0.00000,0.00000,12,0.00112,-0.62382,-0.62192,0.00432,1.12001,1.12736,-0.13527,-0.14239,0.00628,0.13793,0.24584,-0.07086,-0.08517,0.00229,0.08739,0.01276,-0.45432,-0.44447,-0.00718,1.81502,2.11190,-0.30381,-0.30327,-0.00120,2.17788,2.39514,-0.66160,0.23389,-0.00246,5.98913,5.98726
36.9746,-3.49764,-3.12553,-3.49764,-3.12553,-3.49904,-3.12442,1.50096,1.87558,5.02039,5.01922,5.00000,5.00000,0.00000,0.00000,12,0.00036,-0.62382,-0.62195,0.00058,1.11595,1.12684,-0.13527,-0.14236,0.00174,0.05747,0.13049,-0.07086,-0.08504,-0.01198,-0.11138,-0.02369,-0.45432,-0.44495,-0.00280,1.91595,1.87820,-0.30381,-0.30326,0.00398,2.20292,2.11533,-0.66160,0.23391,0.00844,5.97158,6.03701
37.0773,-3.50039,-3.12511,-3.50039,-3.12511,-3.49936,-3.12519,1.50064,1.87481,5.02144,5.01872,5.00000,5.00000,0.00000,0.00000,12,0.00035,-0.62382,-0.62198,-0.01175,1.12117,1.09035,-0.13527,-0.14235,0.00212,-0.02661,0.06219,-0.07086,-0.08485,0.00356,-0.25359,-0.29728,-0.45432,-0.44564,-0.00258,1.98014,1.98368,-0.30381,-0.30327,-0.00112,2.19095,2.24453,-0.66160,0.23388,-0.00650,5.92823,5.89728
37.1790,-3.49569,-3.12411,-3.49569,-3.12411,-3.49765,-3.12485,1.50235,1.87515,5.02014,5.01843,5.00000,5.00000,0.00000,0.00000,12,0.00026,-0.62382,-0.62196,0.00636,1.14487,1.10047,-0.13527,-0.14232,-0.00431,-0.11911,-0.12334,-0.07086,-0.08468,-0.00396,-0.42214,-0.39311,-0.45432,-0.44627,-0.01063,2.03633,2.11152,-0.30381,-0.30326,-0.00067,2.20126,1.91147,-0.66160,0.23387,-0.00838,5.96583,5.88349
37.2817,-3.50600,-3.12640,-3.50600,-3.12640,-3.50206,-3.12569,1.49794,1.87431,5.02270,5.01906,5.00000,5.00000,0.00000,0.00000,12,0.00034,-0.62382,-0.62198,0.00041,1.16582,1.06497,-0.13527,-0.14225,0.00550,-0.19306,-0.16017,-0.07086,-0.08442,0.00460,-0.56979,-0.59976,-0.45432,-0.44688,-0.01626,2.07528,2.11457,-0.30381,-0.30326,0.00124,2.21690,2.17277,-0.66160,0.23389,-0.00045,5.97146,5.98225
37.3831,-3.50864,-3.12932,-3.50864,-3.12932,-3.50729,-3.12830,1.49271,1.87170,5.02163,5.01921,5.00000,5.00000,0.00000,0.00000,12,0.00096,-0.62382,-0.62199,-0.00367,1.20170,1.20165,-0.13527,-0.14214,-0.00014,-0.29520,-0.19077,-0.07086,-0.08415,0.00836,-0.68642,-0.72710,-0.45432,-0.44752,-0.00936,2.12454,2.25824,-0.30381,-0.30327,-0.00094,2.21144,2.20683,-0.66160,0.23388,0.00062,5.95805,5.94996
37.4838,-3.51498,-3.13457,-3.51498,-3.13457,-3.51200,-3.13270,1.48800,1.86730,5.02235,5.01960,5.00000,5.00000,0.00000,0.00000,12,0.00026,-0.62382,-0.62198,0.01123,1.24388,1.11054,-0.13527,-0.14204,0.00173,-0.34511,-0.24799,-0.07086,-0.08371,0.00620,-0.85051,-0.87414,-0.45432,-0.44828,-0.00551,2.14932,2.14957,-0.30381,-0.30328,-0.00624,2.19796,2.15778,-0.66160,0.23386,-0.00712,5.95918,5.86596
37.5845,-3.52335,-3.13966,-3.52335,-3.13966,-3.51840,-3.13666,1.48160,1.86334,5.02323,5.02010,5.00000,5.00000,0.00000,0.00000,12,0.00025,-0.62382,-0.62203,-0.00243,1.22876,1.15995,-0.13527,-0.14189,-0.00205,-0.41417,-0.40364,-0.07086,-0.08274,0.01626,-0.90748,-0.90539,-0.45432,-0.44929,-0.00468,2.16150,2.24068,-0.30381,-0.30328,-0.00539,2.20637,2.15193,-0.66160,0.23388,-0.00201,5.96844,6.10277
37.6850,-3.52870,-3.17605,-3.52870,-3.17605,-3.52511,-3.15853,1.47489,1.84147,5.02269,5.02646,5.00000,5.00000,0.00000,0.00000,12,0.00031,-0.62382,-0.62205,0.00075,1.24661,1.16512,-0.13527,-0.14164,0.00367,-0.48652,-0.55064,-0.07086,-0.07796,0.06776,-0.54455,-0.44686,-0.45432,-0.45116,-0.02720,2.03496,2.07361,-0.30381,-0.30325,0.00634,2.26384,2.24313,-0.66160,0.23387,-0.00286,5.99400,5.94455
37.7867,-3.54087,-3.26176,-3.54087,-3.26176,-3.53414,-3.22256,1.46586,1.77744,5.02409,5.03614,5.00000,5.00000,0.00000,0.00000,12,0.00041,-0.62382,-0.62206,0.00438,1.27714,1.28124,-0.13527,-0.14123,0.00964,-0.49877,-0.59190,-0.07086,-0.06854,0.00357,-0.12783,-0.01221,-0.45432,-0.45408,-0.03719,1.83344,1.86946,-0.30381,-0.30326,0.00249,2.25349,2.25043,-0.66160,0.23387,-0.00352,5.97489,5.92952
37.8915,-3.55213,-3.27090,-3.55213,-3.27090,-3.54510,-3.25934,1.45490,1.74066,5.02428,5.02451,5.00000,5.00000,0.00000,0.00000,12,0.00038,-0.62382,-0.62211,-0.00922,1.28746,1.31571,-0.13527,-0.14069,-0.00224,-0.57109,-0.54660,-0.07086,-0.06818,-0.00286,-0.09107,-0.06299,-0.45432,-0.45705,-0.01680,1.65887,1.65041,-0.30381,-0.30326,0.00013,2.25189,2.13356,-0.66160,0.23388,0.00237,5.98394,5.82336
37.9922,-3.56237,-3.27603,-3.56237,-3.27603,-3.55676,-3.27168,1.44324,1.72832,5.02374,5.02150,5.00000,5.00000,0.00000,0.00000,12,0.00033,-0.62382,-0.62210,0.00359,1.32331,1.30150,-0.13527,-0.13976,0.01342,-0.51755,-0.65231,-0.07086,-0.06811,-0.00040,-0.04495,-0.05438,-0.45432,-0.45797,-0.00785,1.58165,1.40472,-0.30381,-0.30325,0.01015,2.23066,2.14557,-0.66160,0.23387,-0.00318,5.95156,5.83132
38.0938,-3.56823,-3.27797,-3.56823,-3.27797,-3.56483,-3.27583,1.43517,1.72417,5.02284,5.02057,5.00000,5.00000,0.00000,0.00000,12,0.00028,-0.62382,-0.62213,0.00236,1.35240,1.37056,-0.13527,-0.13854,0.00522,-0.50693,-0.58940,-0.07086,-0.06811,-0.00196,-0.01836,-0.13397,-0.45432,-0.45826,-0.00023,1.55209,1.57485,-0.30381,-0.30326,0.00445,2.24700,2.19400,-0.66160,0.23386,-0.00595,5.95486,5.89982
38.1960,-3.56927,-3.27788,-3.56927,-3.27788,-3.56891,-3.27770,1.43109,1.72230,5.02157,5.01975,5.00000,5.00000,0.00000,0.00000,12,0.00031,-0.62382,-0.62218,-0.01371,1.35976,1.42273,-0.13527,-0.13790,-0.00080,-0.53206,-0.55076,-0.07086,-0.06810,0.00283,0.03634,0.10645,-0.45432,-0.45839,-0.00686,1.50257,1.52285,-0.30381,-0.30326,0.00435,2.25397,2.08833,-0.66160,0.23388,0.00052,5.92533,5.92440
38.2972,-3.57104,-3.27592,-3.57104,-3.27592,-3.57069,-3.27674,1.42931,1.72326,5.02157,5.01931,5.00000,5.00000,0.00000,0.00000,12,0.00037,-0.62382,-0.62216,0.00916,1.40124,1.55280,-0.13527,-0.13743,-0.00311,-0.55190,-0.56642,-0.07086,-0.06810,0.00330,0.07277,0.10285,-0.45432,-0.45847,-0.01567,1.40287,1.43880,-0.30381,-0.30326,0.00591,2.26804,2.22651,-0.66160,0.23391,0.01645,5.99400,5.85668
38.3996,-3.57072,-3.27286,-4.57071,-3.27286,-3.87061,-3.27393,1.12939,1.72607,5.32327,5.01918,5.00000,5.00000,1.00000,0.00000,13,0.00026,-0.62382,-0.62219,-0.00568,1.38840,1.51910,-0.13527,-0.13718,0.00679,-0.52633,-0.51631,-0.07086,-0.06812,-0.00257,0.07716,0.24180,-0.45432,-0.45844,0.00824,1.44535,1.43611,-0.30381,-0.30326,-0.00236,2.24465,2.35016,-0.66160,0.23387,-0.00704,5.95509,5.93179
38.5008,-3.57295,-3.27736,-4.57295,-3.27736,-4.45511,-3.27617,0.54489,1.72383,5.07723,5.02017,5.00000,5.00000,1.00000,0.00000,12,0.00026,-0.62382,-0.62224,-0.01425,1.41877,1.40366,-0.13527,-0.13699,0.00789,-0.52518,-0.53247,-0.07086,-0.06813,0.00117,0.12073,0.18819,-0.45432,-0.45844,0.00546,1.35220,1.53876,-0.30381,-0.30326,0.00544,2.27838,2.16035,-0.66160,0.23387,-0.00386,5.95375,5.98696
38.6038,-3.57600,-3.27685,-4.57600,-3.27685,-4.55406,-3.27676,0.44594,1.72324,5.03673,5.01970,5.00000,5.00000,1.00000,0.00000,12,0.00094,-0.62382,-0.62223,-0.00015,1.45199,1.44587,-0.13527,-0.13684,-0.00709,-0.56883,-0.46300,-0.07086,-0.06814,-0.00349,0.16584,0.25441,-0.45432,-0.45844,0.00464,1.30017,1.36387,-0.30381,-0.30327,-0.00284,2.28672,2.29023,-0.66160,0.23387,-0.00013,5.99400,6.00054
38.7042,-3.58013,-3.28040,-4.58013,-3.28040,-4.57455,-3.27854,0.42545,1.72146,5.02984,5.02047,5.00000,5.00000,1.00000,0.00000,12,0.00026,-0.62382,-0.62228,-0.00182,1.46748,1.53058,-0.13527,-0.13664,0.00276,-0.56580,-0.64199,-0.07086,-0.06812,0.00868,0.21036,0.19236,-0.45432,-0.45844,-0.00169,1.23139,1.24421,-0.30381,-0.30329,-0.01259,2.25016,2.22816,-0.66160,0.23388,0.00686,5.99400,6.04751
38.8051,-3.57934,-3.28107,-4.57934,-3.28107,-4.57924,-3.28098,0.42076,1.71902,5.02752,5.01972,5.00000,5.00000,1.00000,0.00000,12,0.00056,-0.62382,-0.62227,0.01221,1.50597,1.52420,-0.13527,-0.13644,0.00856,-0.54463,-0.67979,-0.07086,-0.06815,-0.00004,0.20198,0.19435,-0.45432,-0.45842,0.00065,1.20324,1.20882,-0.30381,-0.30327,0.00303,2.28519,2.20738,-0.66160,0.23385,-0.00973,5.96624,6.02799
38.9065,-3.57942,-3.28074,-4.57942,-3.28074,-4.58010,-3.28053,0.41990,1.71947,5.02719,5.01977,5.00000,5.00000,1.00000,0.00000,12,0.00031,-0.62382,-0.62230,0.00110,1.50090,1.46808,-0.13527,-0.13640,-0.00573,-0.57819,-0.68058,-0.07086,-0.06815,0.00878,0.25900,0.34247,-0.45432,-0.45841,-0.00057,1.15266,1.19078,-0.30381,-0.30325,0.00423,2.30374,2.39192,-0.66160,0.23385,-0.00793,5.97190,5.92459
39.0111,-3.57841,-3.27668,-4.57841,-3.27668,-4.57868,-3.27829,0.42132,1.72171,5.02736,5.01898,5.00000,5.00000,1.00000,0.00000,12,0.00080,-0.62382,-0.62232,0.00721,1.53151,1.59376,-0.13527,-0.13628,0.00478,-0.58261,-0.50149,-0.07086,-0.06818,-0.00023,0.29261,0.39922,-0.45432,-0.45841,-0.01031,1.06941,1.03256,-0.30381,-0.30328,-0.00915,2.28639,2.22786,-0.66160,0.23386,-0.00007,5.99400,5.92809
39.1129,-3.57638,-3.27548,-4.57638,-3.27548,-4.57669,-3.27647,0.42331,1.72353,5.02733,5.01924,5.00000,5.00000,1.00000,0.00000,12,0.00106,-0.62382,-0.62237,-0.00699,1.50859,1.38645,-0.13527,-0.13618,0.00448,-0.56733,-0.54447,-0.07086,-0.06818,0.00359,0.32814,0.31774,-0.45432,-0.45840,-0.00838,1.03170,1.14327,-0.30381,-0.30327,-0.00210,2.31757,2.30454,-0.66160,0.23386,-0.00697,5.96315,5.93572
39.2136,-3.57995,-3.27591,-4.57995,-3.27591,-4.57868,-3.27561,0.42132,1.72439,5.02802,5.01978,5.00000,5.00000,1.00000,0.00000,12,0.00027,-0.62382,-0.62237,0.00291,1.55374,1.55482,-0.13527,-0.13606,0.00191,-0.57908,-0.57023,-0.07086,-0.06821,-0.00836,0.33819,0.35224,-0.45432,-0.45837,-0.00094,0.99374,0.84357,-0.30381,-0.30328,-0.00482,2.31175,2.26645,-0.66160,0.23389,0.00925,5.99400,6.19074
39.3139,-3.58539,-3.27542,-4.58539,-3.27542,-4.58252,-3.27496,0.41748,1.72504,5.02873,5.01985,5.00000,5.00000,1.00000,0.00000,12,0.00028,-0.62382,-0.62241,-0.00540,1.55242,1.55704,-0.13527,-0.13601,-0.00298,-0.57646,-0.51297,-0.07086,-0.06821,0.00008,0.39725,0.30547,-0.45432,-0.45834,0.00188,0.93747,0.99841,-0.30381,-0.30329,-0.00763,2.30695,2.32930,-0.66160,0.23386,-0.00380,5.92870,5.99322
39.4153,-3.58205,-3.27614,-4.58205,-3.27614,-4.58380,-3.27613,0.41620,1.72387,5.02675,5.01966,5.00000,5.00000,1.00000,0.00000,12,0.00030,-0.62382,-0.62242,-0.00168,1.57805,1.55158,-0.13527,-0.13596,-0.00571,-0.62649,-0.58659,-0.07086,-0.06823,-0.00252,0.40901,0.30259,-0.45432,-0.45833,0.00153,0.89553,1.03089,-0.30381,-0.30325,0.01022,2.32412,2.29363,-0.66160,0.23387,-0.00086,5.95805,5.84856
39.5212,-3.58069,-3.27361,-4.58069,-3.27361,-4.58102,-3.27492,0.41898,1.72508,5.02734,5.01909,5.00000,5.00000,1.00000,0.00000,12,0.00131,-0.62382,-0.62243,0.00563,1.60998,1.48072,-0.13527,-0.13591,0.00010,-0.61715,-0.52761,-0.07086,-0.06823,0.00006,0.44404,0.45338,-0.45432,-0.45833,-0.00054,0.85204,0.93471,-0.30381,-0.30325,0.00656,2.35128,2.25578,-0.66160,0.23389,0.00781,5.99400,6.13256
39.6205,-3.58109,-3.26982,-4.58109,-3.26982,-4.58054,-3.27147,0.41946,1.72853,5.02772,5.01892,5.00000,5.00000,1.00000,0.00000,12,0.00031,-0.62382,-0.62248,-0.00216,1.61014,1.70165,-0.13527,-0.13589,-0.00063,-0.61376,-0.64160,-0.07086,-0.06822,0.00813,0.47783,0.56061,-0.45432,-0.45828,0.00611,0.80358,0.89788,-0.30381,-0.30326,0.00706,2.35590,2.33591,-0.66160,0.23388,0.00376,5.96329,6.04959
39.7217,-3.58114,-3.26593,-4.58114,-3.26593,-4.58063,-3.26674,0.41937,1.73326,5.02770,5.01925,5.00000,5.00000,1.00000,0.00000,12,0.00053,-0.62382,-0.62247,0.00379,1.64580,1.64832,-0.13527,-0.13582,0.00495,-0.59468,-0.63890,-0.07086,-0.06824,0.00641,0.52450,0.52931,-0.45432,-0.45826,0.00818,0.77622,0.83028,-0.30381,-0.30327,0.00448,2.34926,2.47006,-0.66160,0.23387,0.00010,5.99400,5.98412
39.8234,-3.58467,-3.26512,-4.58467,-3.26512,-4.58303,-3.26601,0.41697,1.73399,5.02820,5.01921,5.00000,5.00000,1.00000,0.00000,12,0.00035,-0.62382,-0.62253,-0.00775,1.62625,1.66979,-0.13527,-0.13572,0.00415,-0.58126,-0.54366,-0.07086,-0.06826,0.00048,0.52532,0.63027,-0.45432,-0.45826,0.00025,0.70359,0.74261,-0.30381,-0.30327,0.00124,2.37782,2.28789,-0.66160,0.23389,0.00430,5.97455,5.97614
39.9254,-3.58261,-3.26685,-4.58261,-3.26685,-4.58430,-3.26635,0.41570,1.73365,5.02678,5.01981,5.00000,5.00000,1.00000,0.00000,12,0.00037,-0.62382,-0.62256,0.00066,1.64996,1.74840,-0.13527,-0.13568,0.00534,-0.58660,-0.57156,-0.07086,-0.06828,-0.00159,0.57594,0.52147,-0.45432,-0.45825,0.00364,0.67468,0.71002,-0.30381,-0.30328,-0.00275,2.36693,2.44856,-0.66160,0.23386,0.00256,5.99400,5.87588
40.0285,-3.58390,-3.27080,-4.58390,-3.27080,-4.58333,-3.26937,0.41667,1.73063,5.02774,5.02023,5.00000,5.00000,1.00000,0.00000,12,0.00031,-0.62382,-0.62258,-0.00644,1.66584,1.66745,-0.13527,-0.13564,0.00697,-0.59738,-0.43893,-0.07086,-0.06830,-0.00373,0.59095,0.50370,-0.45432,-0.45821,0.00197,0.64095,0.76377,-0.30381,-0.30325,0.00876,2.39229,2.51149,-0.66160,0.23385,-0.00816,5.91453,5.95348
40.1315,-3.58249,-3.27048,-4.58249,-3.27048,-4.58241,-3.26975,0.41759,1.73025,5.02753,5.01993,5.00000,5.00000,1.00000,0.00000,12,0.00033,-0.62382,-0.62259,0.00143,1.66585,1.70297,-0.13527,-0.13564,0.00139,-0.61680,-0.71163,-0.07086,-0.06830,0.00075,0.63280,0.71102,-0.45432,-0.45818,0.00947,0.56792,0.48858,-0.30381,-0.30326,0.00408,2.40941,2.41194,-0.66160,0.23386,-0.00022,5.95323,6.01908
40.2331,-3.58394,-3.26985,-4.58394,-3.26985,-4.58236,-3.26981,0.41764,1.73019,5.02817,5.01964,5.00000,5.00000,1.00000,0.00000,12,0.00027,-0.62382,-0.62257,0.00681,1.70527,1.72013,-0.13527,-0.13565,-0.01353,-0.64186,-0.63734,-0.07086,-0.06832,-0.00281,0.67176,0.72717,-0.45432,-0.45814,0.00967,0.54855,0.59068,-0.30381,-0.30328,-0.00429,2.38024,2.44573,-0.66160,0.23387,0.00688,5.97947,6.12241
40.3343,-3.58748,-3.27344,-4.58748,-3.27344,-4.58567,-3.27200,0.41433,1.72800,5.02829,5.02025,5.00000,5.00000,1.00000,0.00000,12,0.00076,-0.62382,-0.62262,-0.00170,1.69864,1.65085,-0.13527,-0.13559,-0.00161,-0.63833,-0.56259,-0.07086,-0.06831,0.00495,0.70123,0.62455,-0.45432,-0.45814,0.00059,0.47033,0.51324,-0.30381,-0.30326,0.00030,2.37827,2.36700,-0.66160,0.23386,-0.00747,5.94514,5.97366
40.4387,-3.58655,-3.27217,-4.58655,-3.27217,-4.58744,-3.27243,0.41256,1.72757,5.02714,5.01952,5.00000,5.00000,1.00000,0.00000,12,0.00297,-0.62382,-0.62265,-0.00725,1.70893,1.68076,-0.13527,-0.13549,0.00816,-0.62054,-0.63851,-0.07086,-0.06833,-0.00166,0.73023,0.68844,-0.45432,-0.45811,-0.00085,0.44026,0.42997,-0.30381,-0.30327,0.00001,2.40982,2.29211,-0.66160,0.23387,-0.00050,5.93941,6.00108
40.5364,-3.58930,-3.26967,-4.58930,-3.26967,-4.58914,-3.27062,0.41086,1.72938,5.02760,5.01922,5.00000,5.00000,1.00000,0.00000,12,0.00029,-0.62382,-0.62269,-0.01077,1.72261,1.76428,-0.13527,-0.13547,0.00136,-0.62858,-0.55462,-0.07086,-0.06834,0.00688,0.75243,0.68987,-0.45432,-0.45807,0.00360,0.40111,0.40906,-0.30381,-0.30327,-0.00009,2.41641,2.39434,-0.66160,0.23386,-0.00429,5.97187,6.04944
40.6381,-3.59020,-3.26846,-4.59020,-3.26846,-4.58960,-3.26840,0.41040,1.73160,5.02779,5.01964,5.00000,5.00000,1.00000,0.00000,12,0.00042,-0.62382,-0.62271,-0.00404,1.74545,1.70704,-0.13527,-0.13545,0.00035,-0.62044,-0.73231,-0.07086,-0.06836,0.00156,0.78778,0.86442,-0.45432,-0.45805,-0.00222,0.34635,0.41275,-0.30381,-0.30328,-0.00192,2.41618,2.42025,-0.66160,0.23388,0.00828,5.99400,6.00413
40.7409,-3.59201,-3.26998,-4.59201,-3.26998,-4.59187,-3.26965,0.40813,1.73035,5.02761,5.01976,5.00000,5.00000,1.00000,0.00000,12,0.00102,-0.62382,-0.62271,0.00791,1.79230,1.73940,-0.13527,-0.13541,0.00611,-0.61625,-0.55515,-0.07086,-0.06836,0.00548,0.82801,0.92941,-0.45432,-0.45799,-0.00056,0.34012,0.26437,-0.30381,-0.30328,0.00383,2.40801,2.29906,-0.66160,0.23385,-0.00363,5.99054,6.00712
40.8430,-3.59456,-3.26955,-4.59456,-3.26955,-4.59245,-3.26937,0.40755,1.73063,5.02846,5.01969,5.00000,5.00000,1.00000,0.00000,12,0.00103,-0.62382,-0.62277,-0.00295,1.74074,1.78679,-0.13527,-0.13542,-0.00233,-0.61673,-0.52719,-0.07086,-0.06839,-0.00108,0.82150,0.90773,-0.45432,-0.45794,0.00523,0.27723,0.34941,-0.30381,-0.30328,-0.00048,2.43309,2.27117,-0.66160,0.23386,0.00692,5.98484,5.80022
40.9434,-3.59280,-3.27439,-4.59280,-3.27439,-4.59260,-3.27242,0.40740,1.72758,5.02764,5.02048,5.00000,5.00000,1.00000,0.00000,12,0.00025,-0.62382,-0.62277,0.00377,1.77276,1.82903,-0.13527,-0.13540,0.00155,-0.59719,-0.77495,-0.07086,-0.06841,0.00035,0.87713,0.87397,-0.45432,-0.45791,-0.00471,0.22500,0.15557,-0.30381,-0.30327,0.00254,2.45415,2.41822,-0.66160,0.23386,-0.00162,5.99112,5.90382
41.0441,-3.60193,-3.27709,-4.60193,-3.27709,-4.59828,-3.27518,0.40172,1.72482,5.02916,5.02047,5.00000,5.00000,1.00000,0.00000,12,0.00027,-0.62382,-0.62280,-0.00207,1.77903,1.79842,-0.13527,-0.13540,-0.00199,-0.63599,-0.61267,-0.07086,-0.06845,-0.00555,0.86560,0.82691,-0.45432,-0.45786,-0.00440,0.18145,0.17215,-0.30381,-0.30327,0.00204,2.45904,2.16461,-0.66160,0.23386,0.00291,5.97595,6.00374
41.1459,-3.60013,-3.28004,-4.60013,-3.28004,-4.59932,-3.27858,0.40068,1.72142,5.02795,5.02030,5.00000,5.00000,1.00000,0.00000,12,0.00031,-0.62382,-0.62284,-0.00232,1.80149,1.79548,-0.13527,-0.13539,-0.00061,-0.60991,-0.68480,-0.07086,-0.06844,-0.00066,0.94370,1.02203,-0.45432,-0.45781,0.00477,0.16121,0.08698,-0.30381,-0.30327,0.00301,2.43393,2.44467,-0.66160,0.23385,-0.00139,5.96324,6.02716
41.2499,-3.59954,-3.28162,-4.59954,-3.28162,-4.60008,-3.28094,0.39992,1.71906,5.02737,5.01998,5.00000,5.00000,1.00000,0.00000,12,0.00124,-0.62382,-0.62289,-0.00336,1.78237,1.83330,-0.13527,-0.13537,0.00038,-0.61724,-0.59997,-0.07086,-0.06845,0.00470,0.95453,0.92067,-0.45432,-0.45774,-0.00172,0.10842,-0.02302,-0.30381,-0.30327,0.00169,2.43856,2.36056,-0.66160,0.23384,-0.00952,5.97660,6.12374
41.3509,-3.60689,-3.28002,-4.60689,-3.28002,-4.60416,-3.28098,0.39584,1.71902,5.02880,5.01927,5.00000,5.00000,1.00000,0.00000,12,0.00029,-0.62382,-0.62293,-0.00677,1.82288,1.82127,-0.13527,-0.13536,0.00219,-0.64047,-0.56047,-0.07086,-0.06849,-0.00848,0.95351,0.89408,-0.45432,-0.45768,-0.00075,0.07372,-0.05333,-0.30381,-0.30329,-0.00705,2.43728,2.46204,-0.66160,0.23385,-0.00010,5.98526,6.01024
41.4519,-3.60144,-3.27956,-3.60144,-3.27956,-3.94662,-3.28016,0.49302,1.71984,4.43964,5.01942,4.43964,5.00000,0.00000,0.00000,8,0.00028,-0.61267,-0.62272,-0.00373,0.82462,1.03135,-0.16146,-0.13537,0.00244,1.02538,0.55954,-0.09537,-0.06958,-0.02512,3.10590,2.93526,-0.44385,-0.45709,0.04776,-0.74602,-0.24821,-0.28880,-0.30319,0.00559,1.12986,1.26940,-0.64666,0.23388,0.01083,5.99400,5.97443
41.5533,-3.56323,-3.21514,-3.56323,-3.21514,-3.64059,-3.25071,0.60489,1.74929,4.24548,5.00426,4.24548,5.00000,0.00000,0.00000,8,0.00027,-0.60880,-0.62215,-0.00337,0.63474,0.52614,-0.17054,-0.14186,-0.00215,1.85684,1.86933,-0.10387,-0.07409,-0.03095,3.27763,3.23435,-0.44022,-0.44334,0.03679,-0.05755,-0.09883,-0.28360,-0.30308,-0.00220,0.78038,0.76360,-0.64150,0.23385,-0.00515,5.95670,5.95956
41.6537,-3.55183,-3.19800,-3.55183,-3.19800,-3.56785,-3.20874,0.71255,1.79126,4.28041,5.01465,4.28041,5.00000,0.00000,0.00000,8,0.00028,-0.60949,-0.62207,-0.00106,0.59882,0.61623,-0.16890,-0.14216,-0.00310,1.86199,1.76916,-0.10234,-0.07691,-0.04127,3.15705,3.20512,-0.44087,-0.44196,0.00293,0.02518,0.07143,-0.28454,-0.30301,0.01496,0.78602,0.74932,-0.64243,0.23386,0.00843,5.97756,5.99046
41.7544,-3.54779,-3.16449,-3.54779,-3.16449,-3.55203,-3.17851,0.81926,1.82149,4.37128,5.01306,4.37128,5.00000,0.00000,0.00000,8,0.00036,-0.61131,-0.62206,-0.00927,0.57914,0.64323,-0.16465,-0.14227,-0.00611,1.82199,1.70403,-0.09836,-0.08045,-0.03362,2.90324,2.76316,-0.44257,-0.44198,0.00211,0.14095,0.01788,-0.28697,-0.30303,-0.00818,0.68022,0.68459,-0.64484,0.23388,0.01367,5.99400,5.80644
41.8559,-3.54986,-3.13711,-3.54986,-3.13711,-3.54947,-3.15012,0.92575,1.84988,4.47522,5.01333,4.47522,5.00000,0.00000,0.00000,8,0.00031,-0.61338,-0.62203,-0.00205,0.60361,0.61529,-0.15979,-0.14232,-0.00737,1.71769,1.78325,-0.09381,-0.08321,-0.02489,2.64726,2.82019,-0.44452,-0.44205,-0.01080,0.26771,0.24452,-0.28975,-0.30299,0.00785,0.72525,0.73807,-0.64761,0.23385,-0.00015,5.98184,6.08577
41.9601,-3.54910,-3.12517,-3.54910,-3.12517,-3.54915,-3.13211,1.03223,1.86789,4.58138,5.01582,4.58138,5.00000,0.00000,0.00000,8,0.00271,-0.61549,-0.62203,0.00144,0.66993,0.70605,-0.15483,-0.14231,-0.00804,1.58396,1.56776,-0.08916,-0.08473,-0.00889,2.36122,2.29589,-0.44651,-0.44217,-0.01022,0.45565,0.33387,-0.29259,-0.30302,-0.00663,0.73443,0.81644,-0.65044,0.23384,-0.00167,5.97470,5.87597
42.0594,-3.54990,-3.12134,-3.54990,-3.12134,-3.54999,-3.12377,1.13871,1.87623,4.68870,5.01770,4.68870,5.00000,0.00000,0.00000,8,0.00028,-0.61763,-0.62205,-0.00606,0.67920,0.76500,-0.14981,-0.14230,-0.00231,1.44738,1.46407,-0.08447,-0.08501,-0.00379,2.04655,2.05155,-0.44851,-0.44231,0.00121,0.66494,0.61131,-0.29546,-0.30300,0.00235,0.80651,0.88779,-0.65330,0.23385,-0.00084,5.96980,5.91214
42.1605,-3.55059,-3.11645,-3.55059,-3.11645,-3.54976,-3.11821,1.24520,1.88179,4.79496,5.01796,4.79496,5.00000,0.00000,0.00000,8,0.00029,-0.61974,-0.62205,0.00590,0.80961,0.89416,-0.14485,-0.14227,0.00623,1.23607,1.22166,-0.07982,-0.08497,-0.00366,1.77294,1.85280,-0.45050,-0.44249,0.01263,0.84054,0.70399,-0.29831,-0.30302,-0.00635,0.87157,1.02166,-0.65613,0.23384,-0.00715,5.94547,6.05644
42.2623,-3.54637,-3.11431,-3.54637,-3.11431,-3.54784,-3.11484,1.35166,1.88516,4.89951,5.01846,4.89951,5.00000,0.00000,0.00000,8,0.00097,-0.62182,-0.62209,0.00277,0.92392,0.85388,-0.13997,-0.14230,-0.00651,0.87810,0.99184,-0.07525,-0.08485,-0.00176,1.40844,1.46852,-0.45245,-0.44285,-0.00784,1.01992,1.05291,-0.30111,-0.30300,0.00219,1.07617,1.00558,-0.65892,0.23387,0.00750,5.98025,5.98819
42.3626,-3.55094,-3.11168,-3.55094,-3.11168,-3.55011,-3.11278,1.44989,1.88722,5.00826,5.01821,5.00000,5.00000,0.00000,0.00000,12,0.00028,-0.62382,-0.62214,0.00210,1.06476,0.98461,-0.13527,-0.14226,0.00748,0.53981,0.52399,-0.07086,-0.08468,0.00301,1.01936,1.11765,-0.45432,-0.44322,-0.00620,1.25251,1.39755,-0.30381,-0.30301,0.00104,1.24379,1.15495,-0.66160,0.23387,0.00861,5.99400,5.91872
42.4634,-3.55173,-3.11208,-3.55173,-3.11208,-3.55124,-3.11121,1.44876,1.88879,5.02152,5.01904,5.00000,5.00000,0.00000,0.00000,12,0.00028,-0.62382,-0.62217,-0.00222,1.07480,1.09449,-0.13527,-0.14225,0.00400,0.46939,0.54787,-0.07086,-0.08461,0.00028,0.83835,0.97710,-0.45432,-0.44350,-0.00873,1.35808,1.45949,-0.30381,-0.30302,-0.00182,1.19317,1.16941,-0.66160,0.23384,0.00023,5.93506,5.87077
42.5643,-3.54791,-3.10866,-3.54791,-3.10866,-3.54932,-3.10997,1.45068,1.89003,5.02069,5.01810,5.00000,5.00000,0.00000,0.00000,12,0.00028,-0.62382,-0.62218,-0.00058,1.09206,1.09747,-0.13527,-0.14227,-0.00786,0.41483,0.36909,-0.07086,-0.08456,0.00051,0.68583,0.72800,-0.45432,-0.44373,-0.00881,1.44293,1.41366,-0.30381,-0.30303,-0.01054,1.22517,1.23971,-0.66160,0.23387,0.01122,5.99400,5.71650
42.6659,-3.54755,-3.10897,-3.54755,-3.10897,-3.54785,-3.10888,1.45215,1.89112,5.02116,5.01869,5.00000,5.00000,0.00000,0.00000,12,0.00037,-0.62382,-0.62215,0.01075,1.12775,1.09573,-0.13527,-0.14226,-0.00825,0.29271,0.36726,-0.07086,-0.08446,0.00433,0.55898,0.48912,-0.45432,-0.44398,0.00317,1.58926,1.44828,-0.30381,-0.30301,0.00153,1.25169,1.19201,-0.66160,0.23383,-0.00551,5.95023,5.96907
42.7700,-3.54414,-3.10482,-3.54414,-3.10482,-3.54529,-3.10604,1.45471,1.89396,5.02078,5.01812,5.00000,5.00000,0.00000,0.00000,12,0.00050,-0.62382,-0.62219,0.00624,1.11513,1.09491,-0.13527,-0.14223,0.00435,0.23521,0.18017,-0.07086,-0.08435,0.00011,0.36719,0.32701,-0.45432,-0.44428,0.00132,1.69640,1.70760,-0.30381,-0.30300,0.00963,1.22684,1.23463,-0.66160,0.23384,0.00057,5.97783,5.84642
42.8701,-3.53998,-3.10342,-3.53998,-3.10342,-3.54202,-3.10376,1.45798,1.89624,5.02038,5.01848,5.00000,5.00000,0.00000,0.00000,12,0.00031,-0.62382,-0.62219,0.00514,1.12984,1.10844,-0.13527,-0.14222,0.00442,0.15766,0.17552,-0.07086,-0.08424,0.00383,0.22182,0.32052,-0.45432,-0.44466,-0.00656,1.76278,1.77152,-0.30381,-0.30300,0.00148,1.24253,1.32391,-0.66160,0.23385,0.00361,5.97924,5.83959
42.9721,-3.54325,-3.10272,-3.54325,-3.10272,-3.54206,-3.10294,1.45794,1.89706,5.02176,5.01852,5.00000,5.00000,0.00000,0.00000,12,0.00043,-0.62382,-0.62220,0.00113,1.16158,1.07518,-0.13527,-0.14220,0.00141,0.07817,0.05288,-0.07086,-0.08411,0.00172,0.06450,0.06514,-0.45432,-0.44516,-0.00260,1.84960,1.89954,-0.30381,-0.30301,0.00098,1.24737,1.33567,-0.66160,0.23385,0.00390,5.99400,5.88760
43.0740,-3.54273,-3.10359,-3.54273,-3.10359,-3.54233,-3.10226,1.45767,1.89774,5.02142,5.01918,5.00000,5.00000,0.00000,0.00000,12,0.00119,-0.62382,-0.62221,0.00391,1.18714,1.27046,-0.13527,-0.14219,-0.00494,-0.05331,0.01812,-0.07086,-0.08395,0.00394,-0.08756,-0.01489,-0.45432,-0.44568,-0.00660,1.92685,1.89082,-0.30381,-0.30301,0.00129,1.28896,1.38186,-0.66160,0.23385,0.00328,5.98500,6.04482
43.1740,-3.54331,-3.10553,-3.54331,-3.10553,-3.54354,-3.10451,1.45646,1.89549,5.02116,5.01906,5.00000,5.00000,0.00000,0.00000,12,0.00030,-0.62382,-0.62225,-0.00927,1.20806,1.12107,-0.13527,-0.14214,0.00117,-0.12272,-0.15416,-0.07086,-0.08380,-0.00011,-0.23542,-0.20850,-0.45432,-0.44640,-0.00695,1.98182,1.90755,-0.30381,-0.30301,0.00238,1.27038,1.44221,-0.66160,0.23385,0.00724,5.99400,6.01791
43.2761,-3.54902,-3.10583,-3.54902,-3.10583,-3.54630,-3.10468,1.45370,1.89532,5.02244,5.01912,5.00000,5.00000,0.00000,0.00000,12,0.00035,-0.62382,-0.62225,0.00145,1.22742,1.17413,-0.13527,-0.14209,0.00541,-0.19960,-0.18003,-0.07086,-0.08365,0.00589,-0.38044,-0.37200,-0.45432,-0.44715,-0.00329,2.03209,2.15996,-0.30381,-0.30300,0.00271,1.28646,1.29935,-0.66160,0.23384,0.00121,5.96570,5.94807
43.3774,-3.54812,-3.10443,-3.54812,-3.10443,-3.54777,-3.10442,1.45223,1.89558,5.02143,5.01863,5.00000,5.00000,0.00000,0.00000,12,0.00037,-0.62382,-0.62225,0.00531,1.22422,1.26407,-0.13527,-0.14201,-0.00043,-0.25432,-0.16863,-0.07086,-0.08345,0.00587,-0.51111,-0.47428,-0.45432,-0.44783,-0.00939,2.04261,2.08959,-0.30381,-0.30299,0.01162,1.32984,1.34078,-0.66160,0.23384,-0.00168,5.93931,5.90626
43.4796,-3.54876,-3.10639,-3.54876,-3.10639,-3.54965,-3.10565,1.45035,1.89435,5.02092,5.01895,5.00000,5.00000,0.00000,0.00000,12,0.00092,-0.62382,-0.62226,0.00293,1.26248,1.28531,-0.13527,-0.14189,0.00164,-0.35517,-0.32006,-0.07086,-0.08320,0.00121,-0.67312,-0.71130,-0.45432,-0.44878,-0.01519,2.05264,2.18305,-0.30381,-0.30303,-0.00698,1.29411,1.26569,-0.66160,0.23384,0.00253,5.95121,6.03117
43.5796,-3.55119,-3.11036,-3.55119,-3.11036,-3.54958,-3.10894,1.45042,1.89106,5.02199,5.01926,5.00000,5.00000,0.00000,0.00000,12,0.00026,-0.62382,-0.62229,-0.00400,1.24236,1.20292,-0.13527,-0.14176,0.00428,-0.40871,-0.41851,-0.07086,-0.08271,-0.00077,-0.78904,-0.67931,-0.45432,-0.44992,-0.01310,2.02154,2.10258,-0.30381,-0.30302,-0.00001,1.29855,1.26237,-0.66160,0.23383,-0.00309,5.96766,5.94265
43.6823,-3.55675,-3.12242,-3.55675,-3.12242,-3.55373,-3.11604,1.44627,1.88396,5.02261,5.02143,5.00000,5.00000,0.00000,0.00000,12,0.00025,-0.62382,-0.62228,0.00224,1.28736,1.19102,-0.13527,-0.14152,0.00253,-0.44632,-0.54341,-0.07086,-0.08145,0.02034,-0.76038,-0.76576,-0.45432,-0.45165,-0.01904,1.95574,1.83427,-0.30381,-0.30302,-0.00320,1.33009,1.22911,-0.66160,0.23383,-0.00760,5.95603,6.05243
43.7830,-3.57360,-3.17156,-3.57360,-3.17156,-3.56516,-3.14721,1.43484,1.85279,5.02501,5.02932,5.00000,5.00000,0.00000,0.00000,12,0.00032,-0.62382,-0.62229,0.00476,1.30845,1.27231,-0.13527,-0.14130,-0.00637,-0.51518,-0.51283,-0.07086,-0.07514,0.09375,-0.23371,-0.31594,-0.45432,-0.45392,-0.02197,1.83884,1.87001,-0.30381,-0.30302,0.00195,1.35425,1.30721,-0.66160,0.23384,-0.00456,5.94188,6.00474
43.8834,-3.58612,-3.23435,-3.58612,-3.23435,-3.58001,-3.21170,1.41999,1.78830,5.02410,5.02898,5.00000,5.00000,0.00000,0.00000,12,0.00032,-0.62382,-0.62228,0.00880,1.34169,1.31065,-0.13527,-0.14053,0.01163,-0.52194,-0.50214,-0.07086,-0.06857,-0.00026,-0.05622,-0.17874,-0.45432,-0.45618,-0.02699,1.63089,1.62010,-0.30381,-0.30303,-0.00526,1.33749,1.47666,-0.66160,0.23384,-0.00402,5.94989,5.78035
43.9859,-3.59054,-3.23809,-3.59054,-3.23809,-3.58729,-3.23285,1.41271,1.76715,5.02292,5.02164,5.00000,5.00000,0.00000,0.00000,12,0.00026,-0.62382,-0.62235,-0.01415,1.34568,1.51211,-0.13527,-0.13936,0.01015,-0.50745,-0.41927,-0.07086,-0.06845,-0.00505,-0.03046,-0.06219,-0.45432,-0.45752,-0.00171,1.58484,1.51929,-0.30381,-0.30303,-0.00436,1.35067,1.31468,-0.66160,0.23385,0.00757,5.96300,5.89860
44.0885,-3.59187,-3.24101,-3.59187,-3.24101,-3.59000,-3.23904,1.41000,1.76096,5.02234,5.02028,5.00000,5.00000,0.00000,0.00000,12,0.00027,-0.62382,-0.62234,0.00198,1.35827,1.48624,-0.13527,-0.13832,0.00457,-0.46591,-0.47213,-0.07086,-0.06839,0.00511,0.03272,0.08061,-0.45432,-0.45790,0.00098,1.51672,1.50308,-0.30381,-0.30303,-0.00991,1.34003,1.34751,-0.66160,0.23384,0.00037,5.97211,6.05854
44.1919,-3.59125,-3.24242,-3.59125,-3.24242,-3.59098,-3.24153,1.40902,1.75847,5.02166,5.01983,5.00000,5.00000,0.00000,0.00000,12,0.00030,-0.62382,-0.62235,0.00107,1.39745,1.40252,-0.13527,-0.13790,0.00020,-0.48925,-0.42308,-0.07086,-0.06839,0.00368,0.03021,-0.04177,-0.45432,-0.45804,-0.00660,1.46460,1.30094,-0.30381,-0.30301,0.00325,1.36995,1.24199,-0.66160,0.23384,0.00161,5.96556,6.00336
44.2927,-3.59774,-3.24457,-3.59774,-3.24457,-3.59395,-3.24410,1.40605,1.75590,5.02319,5.01966,5.00000,5.00000,0.00000,0.00000,12,0.00035,-0.62382,-0.62237,-0.00267,1.39073,1.25959,-0.13527,-0.13762,0.00181,-0.54034,-0.49884,-0.07086,-0.06841,-0.00429,0.05082,0.03200,-0.45432,-0.45809,0.00114,1.41543,1.59345,-0.30381,-0.30303,-0.00405,1.37983,1.38753,-0.66160,0.23386,0.00925,5.98433,6.02482
44.3945,-3.60140,-3.24653,-3.60140,-3.24653,-3.59868,-3.24541,1.40132,1.75459,5.02276,5.01995,5.00000,5.00000,0.00000,0.00000,12,0.00035,-0.62382,-0.62238,-0.00436,1.39577,1.25446,-0.13527,-0.13727,-0.00245,-0.53430,-0.59107,-0.07086,-0.06840,0.00180,0.07317,0.15385,-0.45432,-0.45812,0.00164,1.38260,1.40408,-0.30381,-0.30302,-0.00021,1.37670,1.45672,-0.66160,0.23383,-0.00402,5.92859,5.94958
44.4957,-3.60066,-3.24769,-4.60066,-3.24769,-4.43300,-3.24686,0.56700,1.75314,5.09846,5.01983,5.00000,5.00000,1.00000,0.00000,12,0.00028,-0.62382,-0.62239,0.00966,1.45215,1.51658,-0.13527,-0.13708,0.00134,-0.52971,-0.67570,-0.07086,-0.06841,-0.00109,0.12144,0.15085,-0.45432,-0.45813,0.00051,1.32190,1.37296,-0.30381,-0.30304,-0.00667,1.38514,1.38526,-0.66160,0.23385,0.00082,5.97149,6.04925
44.5969,-3.60117,-3.25019,-4.60117,-3.25019,-4.57266,-3.24895,0.42734,1.75105,5.03965,5.02003,5.00000,5.00000,1.00000,0.00000,12,0.00031,-0.62382,-0.62241,-0.00129,1.45592,1.37829,-0.13527,-0.13691,0.00007,-0.54657,-0.59259,-0.07086,-0.06840,0.00295,0.16716,0.13610,-0.45432,-0.45810,0.00492,1.27897,1.24019,-0.30381,-0.30301,0.00201,1.43453,1.42054,-0.66160,0.23385,0.00947,5.98812,5.93510
44.6995,-3.59880,-3.25085,-4.59880,-3.25085,-4.59562,-3.25109,0.40438,1.74891,5.02894,5.01940,5.00000,5.00000,1.00000,0.00000,12,0.00031,-0.62382,-0.62244,-0.00350,1.44755,1.50874,-0.13527,-0.13671,0.00814,-0.55585,-0.51730,-0.07086,-0.06842,-0.00114,0.17539,0.21708,-0.45432,-0.45810,-0.00019,1.24525,1.19396,-0.30381,-0.30303,-0.00241,1.42205,1.45768,-0.66160,0.23387,0.01264,5.99333,6.05781
44.8006,-3.60061,-3.25381,-4.60061,-3.25381,-4.59981,-3.25214,0.40019,1.74786,5.02794,5.02023,5.00000,5.00000,1.00000,0.00000,12,0.00032,-0.62382,-0.62247,-0.00572,1.47244,1.50045,-0.13527,-0.13661,0.01125,-0.56750,-0.59632,-0.07086,-0.06843,0.00018,0.20661,0.23751,-0.45432,-0.45809,0.00588,1.19661,0.86504,-0.30381,-0.30301,0.00980,1.45124,1.34499,-0.66160,0.23383,-0.00437,5.94009,5.94865
44.9017,-3.60719,-3.25601,-4.60719,-3.25601,-4.60476,-3.25497,0.39524,1.74503,5.02867,5.01998,5.00000,5.00000,1.00000,0.00000,12,0.00027,-0.62382,-0.62247,-0.00449,1.49200,1.43515,-0.13527,-0.13654,0.00456,-0.52826,-0.56043,-0.07086,-0.06845,-0.01035,0.22196,0.23218,-0.45432,-0.45809,-0.00280,1.12166,1.24974,-0.30381,-0.30303,-0.00465,1.43642,1.43876,-0.66160,0.23385,0.00827,5.96464,6.01494
45.0025,-3.61093,-3.25931,-4.61093,-3.25931,-4.60862,-3.25682,0.39138,1.74318,5.02864,5.02061,5.00000,5.00000,1.00000,0.00000,12,0.00027,-0.62382,-0.62249,-0.00239,1.50402,1.72386,-0.13527,-0.13642,-0.00078,-0.58682,-0.48362,-0.07086,-0.06846,-0.00302,0.27113,0.24954,-0.45432,-0.45807,0.00584,1.11538,1.02233,-0.30381,-0.30299,0.00712,1.46923,1.42985,-0.66160,0.23385,0.00706,5.99400,5.73547
45.1038,-3.61017,-3.26105,-4.61017,-3.26105,-4.61085,-3.26095,0.38915,1.73905,5.02737,5.01961,5.00000,5.00000,1.00000,0.00000,12,0.00046,-0.62382,-0.62252,-0.00763,1.51119,1.50735,-0.13527,-0.13633,0.00287,-0.60465,-0.55384,-0.07086,-0.06846,-0.00156,0.29043,0.40057,-0.45432,-0.45805,0.00869,1.03241,1.09327,-0.30381,-0.30301,0.00203,1.48421,1.52317,-0.66160,0.23385,0.00117,5.98729,5.99756
45.2041,-3.61309,-3.26141,-4.61309,-3.26141,-4.61236,-3.26121,0.38764,1.73879,5.02798,5.01965,5.00000,5.00000,1.00000,0.00000,12,0.00041,-0.62382,-0.62253,-0.00582,1.55419,1.45539,-0.13527,-0.13624,0.00656,-0.58174,-0.60087,-0.07086,-0.06846,0.00306,0.31483,0.20440,-0.45432,-0.45806,-0.00269,1.00354,1.09803,-0.30381,-0.30302,-0.00507,1.46824,1.43700,-0.66160,0.23381,-0.01411,5.99400,5.99575
45.3057,-3.60877,-3.25873,-4.60877,-3.25873,-4.61069,-3.25959,0.38931,1.74041,5.02684,5.01919,5.00000,5.00000,1.00000,0.00000,12,0.00030,-0.62382,-0.62253,0.00256,1.52323,1.59712,-0.13527,-0.13613,0.00619,-0.59074,-0.55782,-0.07086,-0.06848,-0.00424,0.33987,0.20294,-0.45432,-0.45805,-0.00315,0.96176,0.97163,-0.30381,-0.30300,0.00751,1.49489,1.59152,-0.66160,0.23385,0.00919,5.99400,5.92434
45.4098,-3.61333,-3.25752,-4.61333,-3.25752,-4.61181,-3.25860,0.38819,1.74140,5.02832,5.01909,5.00000,5.00000,1.00000,0.00000,12,0.00080,-0.62382,-0.62254,0.00631,1.56830,1.60406,-0.13527,-0.13606,0.00252,-0.60054,-0.60993,-0.07086,-0.06849,-0.00206,0.37425,0.25894,-0.45432,-0.45803,0.00150,0.94054,1.08142,-0.30381,-0.30301,0.00311,1.48472,1.40201,-0.66160,0.23384,-0.00046,5.96629,6.00883
45.5100,-3.61463,-3.25590,-4.61463,-3.25590,-4.61340,-3.25705,0.38660,1.74295,5.02821,5.01905,5.00000,5.00000,1.00000,0.00000,12,0.00051,-0.62382,-0.62259,-0.00108,1.56325,1.53704,-0.13527,-0.13597,0.00151,-0.62263,-0.48823,-0.07086,-0.06848,0.00003,0.41168,0.33309,-0.45432,-0.45801,0.00416,0.88418,0.98179,-0.30381,-0.30303,-0.00464,1.47814,1.41499,-0.66160,0.23384,0.00357,5.96502,5.97765
45.6120,-3.61194,-3.25687,-4.61194,-3.25687,-4.61349,-3.25653,0.38651,1.74347,5.02702,5.01968,5.00000,5.00000,1.00000,0.00000,12,0.00026,-0.62382,-0.62262,-0.00761,1.57492,1.60587,-0.13527,-0.13589,0.00065,-0.62456,-0.52982,-0.07086,-0.06848,0.00565,0.45660,0.39173,-0.45432,-0.45801,-0.00020,0.82296,0.80134,-0.30381,-0.30301,0.00339,1.49358,1.42129,-0.66160,0.23384,0.00105,5.98370,6.09605
45.7124,-3.61563,-3.25793,-4.61563,-3.25793,-4.61431,-3.25738,0.38570,1.74262,5.02825,5.01978,5.00000,5.00000,1.00000,0.00000,12,0.00027,-0.62382,-0.62263,-0.00044,1.61529,1.59706,-0.13527,-0.13584,-0.00039,-0.60109,-0.57708,-0.07086,-0.06850,0.00055,0.45107,0.40749,-0.45432,-0.45799,-0.00567,0.79361,0.65042,-0.30381,-0.30300,0.00593,1.51550,1.49566,-0.66160,0.23381,-0.01363,5.98478,5.91875
45.8149,-3.61812,-3.26114,-4.61812,-3.26114,-4.61740,-3.25933,0.38260,1.74067,5.02802,5.02033,5.00000,5.00000,1.00000,0.00000,12,0.00032,-0.62382,-0.62264,0.00056,1.64310,1.67559,-0.13527,-0.13580,0.00544,-0.61217,-0.59537,-0.07086,-0.06853,-0.00393,0.49830,0.50351,-0.45432,-0.45798,-0.00446,0.74516,0.76520,-0.30381,-0.30305,-0.00845,1.50141,1.43988,-0.66160,0.23381,-0.01213,5.94594,6.06940
45.9156,-3.62072,-3.26200,-4.62072,-3.26200,-4.61995,-3.26143,0.38005,1.73857,5.02805,5.01982,5.00000,5.00000,1.00000,0.00000,12,0.00030,-0.62382,-0.62265,0.00087,1.62526,1.70551,-0.13527,-0.13579,-0.00044,-0.61777,-0.62962,-0.07086,-0.06852,0.00519,0.51664,0.55039,-0.45432,-0.45796,-0.00683,0.69891,0.57260,-0.30381,-0.30301,0.00207,1.56211,1.44149,-0.66160,0.23383,0.00130,5.98054,5.87677
46.0158,-3.62119,-3.26148,-4.62119,-3.26148,-4.61990,-3.26215,0.38010,1.73785,5.02827,5.01929,5.00000,5.00000,1.00000,0.00000,12,0.00031,-0.62382,-0.62267,-0.00292,1.64287,1.62644,-0.13527,-0.13575,-0.00043,-0.63218,-0.55082,-0.07086,-0.06854,-0.00044,0.54773,0.55668,-0.45432,-0.45792,0.00239,0.67209,0.57090,-0.30381,-0.30302,-0.00042,1.55935,1.43211,-0.66160,0.23383,-0.00364,5.96289,6.25969
46.1191,-3.62042,-3.26041,-4.62042,-3.26041,-4.62092,-3.26101,0.37908,1.73899,5.02751,5.01931,5.00000,5.00000,1.00000,0.00000,12,0.00035,-0.62382,-0.62270,-0.00542,1.63324,1.59885,-0.13527,-0.13570,0.00426,-0.62653,-0.54018,-0.07086,-0.06853,0.01016,0.58236,0.51334,-0.45432,-0.45791,-0.00059,0.62988,0.54517,-0.30381,-0.30302,0.00208,1.54345,1.59827,-0.66160,0.23382,-0.00143,5.97140,5.94931
46.2216,-3.62052,-3.26363,-4.62052,-3.26363,-4.62034,-3.26275,0.37966,1.73725,5.02780,5.01995,5.00000,5.00000,1.00000,0.00000,12,0.00145,-0.62382,-0.62272,-0.00327,1.67491,1.57514,-0.13527,-0.13568,0.00092,-0.62951,-0.71375,-0.07086,-0.06856,0.00185,0.60530,0.62409,-0.45432,-0.45790,0.00025,0.56402,0.56419,-0.30381,-0.30301,0.00136,1.55596,1.65747,-0.66160,0.23384,0.00491,5.98754,6.14298
46.3216,-3.62252,-3.25931,-4.62252,-3.25931,-4.62111,-3.26117,0.37889,1.73883,5.02833,5.01877,5.00000,5.00000,1.00000,0.00000,12,0.00030,-0.62382,-0.62272,-0.00109,1.69296,1.74295,-0.13527,-0.13567,-0.00614,-0.64818,-0.56837,-0.07086,-0.06857,-0.00115,0.61465,0.64970,-0.45432,-0.45785,0.00497,0.55939,0.57589,-0.30381,-0.30302,-0.00291,1.58076,1.52280,-0.66160,0.23383,0.00002,5.99400,5.92572
46.4231,-3.61582,-3.25882,-4.61582,-3.25882,-4.61777,-3.25944,0.38223,1.74056,5.02687,5.01929,5.00000,5.00000,1.00000,0.00000,12,0.00039,-0.62382,-0.62277,-0.01410,1.66869,1.69922,-0.13527,-0.13562,0.00079,-0.63674,-0.60751,-0.07086,-0.06858,0.00600,0.66248,0.51191,-0.45432,-0.45784,0.00224,0.48445,0.40524,-0.30381,-0.30303,-0.00319,1.58187,1.60480,-0.66160,0.23383,0.00830,5.96928,6.03409
46.5247,-3.62221,-3.25599,-4.62221,-3.25599,-4.61946,-3.25763,0.38054,1.74237,5.02890,5.01884,5.00000,5.00000,1.00000,0.00000,12,0.00032,-0.62382,-0.62275,0.00869,1.73353,1.67153,-0.13527,-0.13557,0.00553,-0.62884,-0.75041,-0.07086,-0.06860,-0.00181,0.68140,0.60078,-0.45432,-0.45780,0.00010,0.45925,0.53582,-0.30381,-0.30302,0.00083,1.58202,1.58076,-0.66160,0.23382,-0.00428,5.98794,5.95718
46.6256,-3.62321,-3.26005,-4.62321,-3.26005,-4.62306,-3.25861,0.37694,1.74139,5.02780,5.02017,5.00000,5.00000,1.00000,0.00000,12,0.00042,-0.62382,-0.62276,0.00668,1.73234,1.62709,-0.13527,-0.13555,0.00263,-0.65786,-0.65929,-0.07086,-0.06861,-0.00221,0.70674,0.64977,-0.45432,-0.45779,-0.00261,0.41397,0.40896,-0.30381,-0.30300,0.01181,1.63394,1.41361,-0.66160,0.23382,-0.00016,5.96913,6.09816
46.7276,-3.62043,-3.25777,-4.62043,-3.25777,-4.62196,-3.25891,0.37804,1.74109,5.02708,5.01906,5.00000,5.00000,1.00000,0.00000,12,0.00027,-0.62382,-0.62280,-0.00606,1.74851,1.85844,-0.13527,-0.13554,0.00296,-0.62268,-0.71852,-0.07086,-0.06862,-0.00027,0.73480,0.79389,-0.45432,-0.45775,0.00130,0.37607,0.37051,-0.30381,-0.30302,0.00005,1.63086,1.68696,-0.66160,0.23380,-0.01197,5.95311,5.88724
46.8296,-3.61974,-3.25757,-4.61974,-3.25757,-4.61945,-3.25791,0.38055,1.74209,5.02784,5.01940,5.00000,5.00000,1.00000,0.00000,12,0.00033,-0.62382,-0.62281,0.00298,1.75176,1.88752,-0.13527,-0.13554,-0.00136,-0.67214,-0.75071,-0.07086,-0.06862,0.00423,0.77234,0.76479,-0.45432,-0.45771,0.00079,0.32258,0.26915,-0.30381,-0.30302,0.00043,1.60562,1.53920,-0.66160,0.23382,-0.00080,5.95588,5.88149
46.9307,-3.61917,-3.25759,-4.61917,-3.25759,-4.61952,-3.25779,0.38048,1.74221,5.02757,5.01946,5.00000,5.00000,1.00000,0.00000,12,0.00025,-0.62382,-0.62285,-0.00650,1.74066,1.74734,-0.13527,-0.13546,0.00452,-0.63963,-0.70725,-0.07086,-0.06864,0.00034,0.81055,0.69331,-0.45432,-0.45767,-0.00318,0.29517,0.40537,-0.30381,-0.30301,0.00278,1.63060,1.65320,-0.66160,0.23382,0.00248,5.98333,6.11248
47.0324,-3.62255,-3.25836,-4.62255,-3.25836,-4.62054,-3.25913,0.37946,1.74087,5.02858,5.01922,5.00000,5.00000,1.00000,0.00000,12,0.00029,-0.62382,-0.62284,0.00518,1.76033,1.73877,-0.13527,-0.13543,0.00115,-0.63440,-0.69727,-0.07086,-0.06864,0.00713,0.85742,0.71450,-0.45432,-0.45763,-0.00368,0.21303,0.36687,-0.30381,-0.30302,-0.00192,1.64931,1.57489,-0.66160,0.23382,0.00073,5.97565,5.86258
47.1335,-3.62065,-3.25856,-4.62065,-3.25856,-4.62100,-3.25911,0.37900,1.74089,5.02758,5.01932,5.00000,5.00000,1.00000,0.00000,12,0.00037,-0.62382,-0.62288,-0.00017,1.76738,1.91916,-0.13527,-0.13541,0.00071,-0.66001,-0.71864,-0.07086,-0.06867,-0.00297,0.83736,0.74712,-0.45432,-0.45758,0.00061,0.21506,0.25513,-0.30381,-0.30302,0.00116,1.67097,1.52270,-0.66160,0.23383,0.00394,5.97750,5.86514
47.2369,-3.61892,-3.25816,-4.61892,-3.25816,-4.62011,-3.25846,0.37989,1.74154,5.02721,5.01942,5.00000,5.00000,1.00000,0.00000,12,0.00027,-0.62382,-0.62289,0.00446,1.78864,1.69941,-0.13527,-0.13538,0.00714,-0.65366,-0.58235,-0.07086,-0.06869,-0.00810,0.86795,0.88078,-0.45432,-0.45754,-0.00043,0.19071,0.19237,-0.30381,-0.30302,0.00229,1.65348,1.66140,-0.66160,0.23381,-0.00574,5.93689,5.79639
47.3393,-3.61854,-3.25881,-4.61854,-3.25881,-4.61798,-3.25855,0.38202,1.74145,5.02795,5.01966,5.00000,5.00000,1.00000,0.00000,12,0.00030,-0.62382,-0.62289,0.01083,1.81920,1.79208,-0.13527,-0.13540,-0.00856,-0.65435,-0.59283,-0.07086,-0.06868,0.00253,0.90153,0.90068,-0.45432,-0.45747,0.00229,0.13881,0.25472,-0.30381,-0.30302,0.00016,1.68534,1.73468,-0.66160,0.23382,-0.00143,5.95665,5.96792
47.4410,-3.61700,-3.25886,-3.61700,-3.25886,-4.31759,-3.25915,0.43241,1.74085,4.72565,5.01943,4.75000,5.00000,0.00000,0.00000,9,0.00032,-0.61885,-0.62293,-0.00147,1.79934,1.82068,-0.14695,-0.13537,-0.00144,-0.64907,-0.66589,-0.08179,-0.06872,-0.00656,0.90696,0.83208,-0.44966,-0.45742,-0.00415,0.11020,0.08438,-0.29710,-0.30301,0.00346,1.66145,1.73298,-0.65493,0.23382,-0.00135,5.97744,6.02315
47.5457,-3.60772,-3.24607,-3.60772,-3.24607,-3.73112,-3.25287,0.54905,1.74713,4.28017,5.01660,4.28017,5.00000,0.00000,0.00000,8,0.00105,-0.60949,-0.62227,0.00320,0.62821,0.66129,-0.16892,-0.14148,-0.02229,1.73897,1.78304,-0.10235,-0.07212,-0.04252,3.31371,3.20436,-0.44087,-0.45116,0.16441,-0.15190,-0.35475,-0.28453,-0.30272,0.00506,0.03645,0.12317,-0.64242,0.23382,0.00253,5.98686,5.89116
47.6459,-3.57317,-3.18242,-3.57317,-3.18242,-3.60314,-3.19941,0.65826,1.80059,4.26140,5.01191,4.26140,5.00000,0.00000,0.00000,8,0.00027,-0.60911,-0.62208,0.00408,0.63087,0.59869,-0.16979,-0.14194,0.00432,1.80049,1.78568,-0.10318,-0.07502,-0.01499,3.27370,3.23659,-0.44052,-0.44253,0.00643,0.04686,0.10922,-0.28403,-0.30263,0.00322,-0.00804,0.01206,-0.64192,0.23381,-0.00323,5.93325,5.98827
47.7472,-3.57130,-3.16316,-3.57130,-3.16316,-3.57787,-3.17347,0.76580,1.82653,4.34367,5.01462,4.34367,5.00000,0.00000,0.00000,8,0.00026,-0.61076,-0.62207,-0.00280,0.58352,0.58151,-0.16595,-0.14208,-0.00690,1.81805,1.85550,-0.09957,-0.07778,-0.02938,2.98357,2.88433,-0.44206,-0.44250,-0.00075,0.10620,0.07304,-0.28623,-0.30262,-0.00280,-0.03324,-0.02942,-0.64411,0.23384,0.00828,5.99400,6.07365
47.8490,-3.56715,-3.14160,-3.56715,-3.14160,-3.56901,-3.15153,0.87295,1.84847,4.44196,5.01465,4.44196,5.00000,0.00000,0.00000,8,0.00081,-0.61271,-0.62203,0.00291,0.62478,0.73849,-0.16135,-0.14209,0.00805,1.77377,1.65298,-0.09527,-0.08021,-0.01335,2.83241,2.84620,-0.44390,-0.44256,-0.00853,0.26895,0.14000,-0.28886,-0.30260,-0.00464,-0.03782,-0.07205,-0.64673,0.23380,-0.00486,5.97244,5.90874
47.9514,-3.56347,-3.12576,-3.56347,-3.12576,-3.56597,-3.13283,0.97995,1.86717,4.54592,5.01577,4.54592,5.00000,0.00000,0.00000,8,0.00099,-0.61479,-0.62203,0.00642,0.64902,0.69201,-0.15649,-0.14211,-0.00047,1.65306,1.72066,-0.09072,-0.08158,-0.01293,2.58466,2.64373,-0.44584,-0.44264,-0.00008,0.40259,0.32243,-0.29164,-0.30258,0.00281,-0.02330,-0.08419,-0.64949,0.23381,-0.00628,5.97500,5.94468
48.0521,-3.56290,-3.11744,-3.56290,-3.11744,-3.56386,-3.12218,1.08689,1.87782,4.65075,5.01670,4.65075,5.00000,0.00000,0.00000,8,0.00032,-0.61687,-0.62204,0.00446,0.68530,0.67401,-0.15159,-0.14212,-0.00374,1.48241,1.57214,-0.08613,-0.08203,-0.00424,2.42100,2.39484,-0.44780,-0.44272,0.00972,0.59020,0.52693,-0.29445,-0.30260,-0.00613,0.06789,0.01696,-0.65229,0.23383,0.00873,5.98765,5.98685
48.1525,-3.56100,-3.11169,-3.56100,-3.11169,-3.56169,-3.11416,1.19375,1.88584,4.75544,5.01763,4.75544,5.00000,0.00000,0.00000,8,0.00034,-0.61896,-0.62208,0.00170,0.77023,0.89640,-0.14670,-0.14211,-0.00197,1.26987,1.19289,-0.08155,-0.08209,0.00243,2.11212,2.36882,-0.44976,-0.44292,-0.00679,0.71769,0.75364,-0.29725,-0.30261,-0.00561,0.16335,0.18991,-0.65508,0.23382,0.00069,5.99021,6.05976
48.2566,-3.55926,-3.10592,-3.55926,-3.10592,-3.56106,-3.10889,1.30060,1.89111,4.86166,5.01738,4.86166,5.00000,0.00000,0.00000,8,0.00027,-0.62107,-0.62211,-0.00319,0.90265,0.89333,-0.14173,-0.14210,-0.00105,0.92784,1.04282,-0.07690,-0.08199,0.00596,1.77852,1.77597,-0.45174,-0.44319,-0.00212,0.95125,1.04180,-0.30010,-0.30260,-0.00116,0.32127,0.10542,-0.65791,0.23381,-0.00110,5.99400,5.93586
48.3587,-3.55262,-3.10286,-3.55262,-3.10286,-3.55548,-3.10474,1.40734,1.89526,4.96282,5.01782,4.96282,5.00000,0.00000,0.00000,8,0.00027,-0.62308,-0.62216,-0.00058,1.00767,1.03786,-0.13701,-0.14209,0.00118,0.61677,0.67932,-0.07248,-0.08190,0.00175,1.42571,1.45960,-0.45363,-0.44353,-0.00234,1.17161,1.16435,-0.30281,-0.30260,-0.00263,0.43209,0.37977,-0.66061,0.23382,-0.00072,5.95327,5.97594
48.4600,-3.54946,-3.09619,-3.54946,-3.09619,-3.55123,-3.09914,1.44877,1.90086,5.02055,5.01733,5.00000,5.00000,0.00000,0.00000,12,0.00034,-0.62382,-0.62220,-0.00222,1.08744,1.00918,-0.13527,-0.14207,0.00400,0.45942,0.46163,-0.07086,-0.08179,0.00018,1.23279,1.24602,-0.45432,-0.44385,-0.00049,1.29956,1.34645,-0.30381,-0.30263,-0.01063,0.47867,0.44665,-0.66160,0.23381,-0.00480,5.96835,5.91481
48.5628,-3.55476,-3.09229,-3.55476,-3.09229,-3.55350,-3.09433,1.44650,1.90567,5.02186,5.01769,5.00000,5.00000,0.00000,0.00000,12,0.00043,-0.62382,-0.62221,0.00061,1.06493,0.87272,-0.13527,-0.14207,-0.00065,0.38954,0.50494,-0.07086,-0.08177,-0.00605,1.11964,1.14547,-0.45432,-0.44401,-0.00480,1.40361,1.38539,-0.30381,-0.30263,-0.01291,0.49847,0.54774,-0.66160,0.23381,0.00338,5.98001,6.05052
48.6642,-3.55310,-3.08867,-3.55310,-3.08867,-3.55415,-3.09014,1.44585,1.90986,5.02087,5.01791,5.00000,5.00000,0.00000,0.00000,12,0.00037,-0.62382,-0.62221,-0.00245,1.11114,1.15201,-0.13527,-0.14205,0.00464,0.32684,0.23150,-0.07086,-0.08172,-0.00486,0.98930,1.09596,-0.45432,-0.44424,0.00198,1.50968,1.48441,-0.30381,-0.30261,-0.00449,0.51681,0.54749,-0.66160,0.23380,-0.00491,5.97785,6.00410
48.7666,-3.54874,-3.08592,-3.54874,-3.08592,-3.55155,-3.08697,1.44845,1.91303,5.02010,5.01807,5.00000,5.00000,0.00000,0.00000,12,0.00027,-0.62382,-0.62221,0.00888,1.10079,1.05480,-0.13527,-0.14206,0.00146,0.23235,0.23464,-0.07086,-0.08165,-0.00518,0.85457,0.77087,-0.45432,-0.44461,-0.00740,1.61726,1.63522,-0.30381,-0.30260,0.00373,0.56451,0.47257,-0.66160,0.23381,-0.00001,5.98405,5.93381
48.8696,-3.54878,-3.08289,-3.54878,-3.08289,-3.54929,-3.08435,1.45071,1.91565,5.02108,5.01788,5.00000,5.00000,0.00000,0.00000,12,0.00034,-0.62382,-0.62221,0.00774,1.14677,1.12952,-0.13527,-0.14203,0.00649,0.18248,0.17990,-0.07086,-0.08159,0.00011,0.74315,0.68425,-0.45432,-0.44492,-0.00407,1.68657,1.66562,-0.30381,-0.30262,-0.00664,0.53830,0.60659,-0.66160,0.23381,0.00271,5.99400,5.90658
48.9708,-3.54651,-3.07848,-3.54651,-3.07848,-3.54771,-3.08072,1.45229,1.91928,5.02077,5.01752,5.00000,5.00000,0.00000,0.00000,12,0.00048,-0.62382,-0.62221,0.00917,1.16874,1.14921,-0.13527,-0.14202,-0.00178,0.08115,0.08320,-0.07086,-0.08149,0.00606,0.62510,0.62918,-0.45432,-0.44532,0.00312,1.80659,1.79408,-0.30381,-0.30260,-0.00026,0.55167,0.50603,-0.66160,0.23380,-0.00446,5.94070,5.86748
49.0715,-3.55152,-3.07726,-3.55152,-3.07726,-3.55048,-3.07716,1.44952,1.92284,5.02175,5.01850,5.00000,5.00000,0.00000,0.00000,12,0.00030,-0.62382,-0.62223,0.00382,1.19540,1.27500,-0.13527,-0.14201,-0.00359,-0.03388,0.05940,-0.07086,-0.08145,-0.00627,0.48375,0.54527,-0.45432,-0.44575,-0.00237,1.86880,1.97828,-0.30381,-0.30261,-0.00159,0.58755,0.61082,-0.66160,0.23381,0.00186,5.96628,5.93488
49.1749,-3.54694,-3.07594,-3.54694,-3.07594,-3.54781,-3.07678,1.45219,1.92322,5.02091,5.01810,5.00000,5.00000,0.00000,0.00000,12,0.00118,-0.62382,-0.62225,-0.00234,1.21562,1.22841,-0.13527,-0.14197,0.00715,-0.08801,-0.12404,-0.07086,-0.08136,-0.00566,0.35026,0.38596,-0.45432,-0.44629,-0.00668,1.92368,1.97635,-0.30381,-0.30261,0.00014,0.60829,0.63108,-0.66160,0.23380,-0.00577,5.97093,5.90865
49.2782,-3.54523,-3.07547,-3.54523,-3.07547,-3.54574,-3.07597,1.45426,1.92403,5.02106,5.01824,5.00000,5.00000,0.00000,0.00000,12,0.00027,-0.62382,-0.62224,0.00899,1.24447,1.22616,-0.13527,-0.14194,0.00366,-0.16904,-0.21871,-0.07086,-0.08122,-0.00014,0.24956,0.23753,-0.45432,-0.44698,0.00480,2.00743,1.92704,-0.30381,-0.30260,0.00301,0.63766,0.62229,-0.66160,0.23380,-0.00475,5.96988,5.82371
49.3814,-3.54676,-3.07538,-3.54676,-3.07538,-3.54537,-3.07521,1.45463,1.92479,5.02187,5.01853,5.00000,5.00000,0.00000,0.00000,12,0.00271,-0.62382,-0.62228,-0.00341,1.20234,1.16612,-0.13527,-0.14183,0.00704,-0.20669,-0.32425,-0.07086,-0.08110,0.00145,0.13199,0.11635,-0.45432,-0.44767,-0.01546,2.00789,2.00944,-0.30381,-0.30261,-0.00111,0.63681,0.61874,-0.66160,0.23381,-0.00124,5.98709,6.08543
49.4807,-3.54721,-3.07707,-3.54721,-3.07707,-3.54700,-3.07614,1.45300,1.92386,5.02137,5.01886,5.00000,5.00000,0.00000,0.00000,12,0.00028,-0.62382,-0.62229,0.00015,1.22779,1.26770,-0.13527,-0.14173,0.00367,-0.33489,-0.32714,-0.07086,-0.08098,0.00388,0.02465,0.03314,-0.45432,-0.44844,-0.00319,2.04790,2.04919,-0.30381,-0.30260,0.00191,0.66333,0.58516,-0.66160,0.23382,0.00858,5.96510,5.86852
49.5819,-3.55268,-3.08242,-3.55268,-3.08242,-3.55018,-3.08008,1.44982,1.91992,5.02237,5.01948,5.00000,5.00000,0.00000,0.00000,12,0.00027,-0.62382,-0.62229,0.00061,1.24411,1.27899,-0.13527,-0.14160,0.00017,-0.37461,-0.33692,-0.07086,-0.08085,-0.00083,-0.09954,-0.13284,-0.45432,-0.44957,-0.01415,2.01674,2.10532,-0.30381,-0.30261,-0.00025,0.66686,0.73335,-0.66160,0.23382,0.01092,5.99400,6.00203
49.6832,-3.55387,-3.08423,-3.55387,-3.08423,-3.55220,-3.08365,1.44780,1.91635,5.02203,5.01875,5.00000,5.00000,0.00000,0.00000,12,0.00030,-0.62382,-0.62231,-0.00251,1.27339,1.28671,-0.13527,-0.14148,-0.00551,-0.46196,-0.43411,-0.07086,-0.08071,0.00320,-0.21990,-0.20892,-0.45432,-0.45117,-0.01446,1.95617,1.91147,-0.30381,-0.30260,0.00291,0.69273,0.70159,-0.66160,0.23380,-0.00647,5.95497,6.03352
49.7837,-3.55880,-3.09077,-3.55880,-3.09077,-3.55720,-3.08774,1.44280,1.91226,5.02203,5.01982,5.00000,5.00000,0.00000,0.00000,12,0.00043,-0.62382,-0.62232,0.00239,1.28921,1.30218,-0.13527,-0.14113,0.01130,-0.47668,-0.52974,-0.07086,-0.08058,-0.00198,-0.34000,-0.16306,-0.45432,-0.45355,-0.02115,1.79852,1.88417,-0.30381,-0.30263,-0.00614,0.66515,0.71301,-0.66160,0.23380,-0.00444,5.96115,5.82194
49.8866,-3.57027,-3.09967,-3.57027,-3.09967,-3.56517,-3.09528,1.43483,1.90472,5.02358,5.02045,5.00000,5.00000,0.00000,0.00000,12,0.00027,-0.62382,-0.62233,0.00131,1.31192,1.38403,-0.13527,-0.14061,0.00561,-0.51257,-0.55855,-0.07086,-0.08032,0.00394,-0.42423,-0.39934,-0.45432,-0.45601,-0.02472,1.64153,1.58891,-0.30381,-0.30261,0.00417,0.69184,0.85619,-0.66160,0.23378,-0.00915,5.96990,5.99355
49.9886,-3.57766,-3.10488,-3.57766,-3.10488,-3.57362,-3.10250,1.42638,1.89750,5.02317,5.01964,5.00000,5.00000,0.00000,0.00000,12,0.00037,-0.62382,-0.62236,-0.00185,1.33667,1.26180,-0.13527,-0.14011,0.00914,-0.52000,-0.53469,-0.07086,-0.07990,0.00874,-0.49678,-0.45063,-0.45432,-0.45730,-0.00299,1.55549,1.68804,-0.30381,-0.30262,-0.00051,0.71647,0.65273,-0.66160,0.23382,0.01039,5.99400,5.94895
50.0893,-3.57688,-3.10440,-3.57688,-3.10440,-3.57680,-3.10439,1.42320,1.89561,5.02150,5.01863,5.00000,5.00000,0.00000,0.00000,12,0.00034,-0.62382,-0.62237,-0.00118,1.34899,1.32867,-0.13527,-0.13867,0.01192,-0.48337,-0.56483,-0.07086,-0.07934,0.00402,-0.57683,-0.50887,-0.45432,-0.45771,-0.00366,1.52524,1.56811,-0.30381,-0.30262,-0.00227,0.72809,0.76889,-0.66160,0.23379,-0.00521,5.97340,5.97908
50.1897,-3.57671,-3.11007,-3.57671,-3.11007,-3.57617,-3.10635,1.42383,1.89365,5.02169,5.02023,5.00000,5.00000,0.00000,0.00000,12,0.00039,-0.62382,-0.62238,-0.00171,1.35677,1.29619,-0.13527,-0.13784,-0.00183,-0.51436,-0.57846,-0.07086,-0.07722,0.05871,-0.37441,-0.39557,-0.45432,-0.45788,-0.00904,1.42941,1.54022,-0.30381,-0.30259,0.01052,0.76719,0.73203,-0.66160,0.23379,-0.00943,5.94725,5.98288
50.2899,-3.58986,-3.17604,-3.58986,-3.17604,-3.58378,-3.14922,1.41622,1.85078,5.02411,5.03039,5.00000,5.00000,0.00000,0.00000,12,0.00029,-0.62382,-0.62239,0.00100,1.40812,1.48520,-0.13527,-0.13751,0.00296,-0.49274,-0.54384,-0.07086,-0.06927,-0.00491,-0.04810,0.08200,-0.45432,-0.45793,0.00653,1.40720,1.44862,-0.30381,-0.30263,-0.00548,0.74081,0.80147,-0.66160,0.23380,0.00057,5.99400,6.08436
50.3920,-3.58992,-3.17699,-3.58992,-3.17699,-3.58790,-3.17075,1.41210,1.82925,5.02240,5.02170,5.00000,5.00000,0.00000,0.00000,12,0.00031,-0.62382,-0.62241,0.00041,1.41465,1.34233,-0.13527,-0.13728,-0.00209,-0.52674,-0.51085,-0.07086,-0.06894,0.00302,0.00379,0.01127,-0.45432,-0.45796,-0.00206,1.35260,1.47316,-0.30381,-0.30262,-0.00279,0.76766,0.67303,-0.66160,0.23380,0.00071,5.98615,6.12217
50.4939,-3.59213,-3.18256,-4.59213,-3.18256,-4.35101,-3.17905,0.64900,1.82095,5.12944,5.02058,5.00000,5.00000,1.00000,0.00000,12,0.00034,-0.62382,-0.62240,0.00389,1.44494,1.53517,-0.13527,-0.13714,0.00209,-0.52042,-0.52799,-0.07086,-0.06886,0.00713,0.05298,0.01147,-0.45432,-0.45795,0.00539,1.33226,1.30606,-0.30381,-0.30260,0.00764,0.79503,0.72850,-0.66160,0.23378,-0.00579,5.97519,5.84335
50.5954,-3.59414,-3.18408,-4.59414,-3.18408,-4.55204,-3.18263,0.44796,1.81737,5.04536,5.01972,5.00000,5.00000,1.00000,0.00000,12,0.00029,-0.62382,-0.62246,-0.00738,1.39841,1.32429,-0.13527,-0.13700,0.00146,-0.56231,-0.65437,-0.07086,-0.06883,0.00539,0.05468,0.06928,-0.45432,-0.45796,-0.00227,1.25647,1.16209,-0.30381,-0.30262,-0.00561,0.81974,0.82976,-0.66160,0.23379,-0.00599,5.94961,5.89092
50.6961,-3.59292,-3.18641,-4.59292,-3.18641,-4.58627,-3.18505,0.41373,1.81495,5.03037,5.01970,5.00000,5.00000,1.00000,0.00000,12,0.00028,-0.62382,-0.62246,0.00205,1.47368,1.53416,-0.13527,-0.13683,0.00581,-0.56409,-0.66643,-0.07086,-0.06885,-0.01017,0.05991,0.09308,-0.45432,-0.45794,0.00317,1.23993,1.25813,-0.30381,-0.30260,0.00811,0.85879,0.95546,-0.66160,0.23380,-0.00360,5.96243,5.97072
50.7981,-3.60039,-3.18973,-4.60039,-3.18973,-4.59617,-3.18797,0.40383,1.81203,5.02939,5.01988,5.00000,5.00000,1.00000,0.00000,12,0.00031,-0.62382,-0.62247,-0.00078,1.47451,1.34724,-0.13527,-0.13674,0.00125,-0.57445,-0.68962,-0.07086,-0.06883,-0.00506,0.10658,0.16865,-0.45432,-0.45794,-0.00063,1.18674,1.19198,-0.30381,-0.30264,-0.01094,0.81945,0.93554,-0.66160,0.23378,-0.01020,5.95344,5.80348
50.8997,-3.60203,-3.19176,-4.60203,-3.19176,-4.60036,-3.19102,0.39964,1.80898,5.02832,5.01946,5.00000,5.00000,1.00000,0.00000,12,0.00149,-0.62382,-0.62250,-0.00600,1.45910,1.65721,-0.13527,-0.13658,0.00447,-0.58289,-0.58609,-0.07086,-0.06882,0.00542,0.17442,0.15976,-0.45432,-0.45791,0.01030,1.19528,1.22752,-0.30381,-0.30265,-0.01714,0.85458,0.92401,-0.66160,0.23380,0.00601,5.98374,5.93310
51.0003,-3.60133,-3.19292,-4.60133,-3.19292,-4.60174,-3.19195,0.39826,1.80805,5.02743,5.01957,5.00000,5.00000,1.00000,0.00000,12,0.00027,-0.62382,-0.62249,0.00756,1.48784,1.36048,-0.13527,-0.13653,-0.00226,-0.61805,-0.58957,-0.07086,-0.06884,-0.00158,0.16539,0.21731,-0.45432,-0.45791,0.00003,1.08542,1.14862,-0.30381,-0.30262,0.00317,0.90876,0.83179,-0.66160,0.23380,-0.00267,5.96001,5.95823
51.1006,-3.60330,-3.19294,-4.60330,-3.19294,-4.60207,-3.19256,0.39793,1.80744,5.02814,5.01932,5.00000,5.00000,1.00000,0.00000,12,0.00027,-0.62382,-0.62250,0.01316,1.54794,1.61800,-0.13527,-0.13648,-0.00010,-0.63030,-0.55053,-0.07086,-0.06885,-0.00158,0.18256,0.27958,-0.45432,-0.45791,-0.00501,1.06051,1.02851,-0.30381,-0.30263,-0.00540,0.85435,0.78729,-0.66160,0.23378,-0.00500,5.93265,5.99563
51.2020,-3.59954,-3.19134,-4.59954,-3.19134,-4.60130,-3.19180,0.39870,1.80820,5.02685,5.01895,5.00000,5.00000,1.00000,0.00000,12,0.00033,-0.62382,-0.62256,-0.00977,1.49231,1.57055,-0.13527,-0.13636,-0.00421,-0.61791,-0.59409,-0.07086,-0.06884,0.00339,0.22472,0.24638,-0.45432,-0.45791,-0.00332,0.99039,1.14426,-0.30381,-0.30263,-0.00319,0.91080,0.87994,-0.66160,0.23379,-0.00394,5.99400,5.81815
51.3042,-3.60259,-3.19454,-4.60259,-3.19454,-4.60322,-3.19305,0.39678,1.80695,5.02735,5.01979,5.00000,5.00000,1.00000,0.00000,12,0.00043,-0.62382,-0.62257,-0.00968,1.53154,1.56249,-0.13527,-0.13626,0.00589,-0.60682,-0.63607,-0.07086,-0.06886,-0.00461,0.21554,0.35076,-0.45432,-0.45788,-0.00017,0.97249,1.12168,-0.30381,-0.30260,0.01045,0.91943,0.97747,-0.66160,0.23378,-0.00618,5.94476,6.03915
51.4048,-3.60892,-3.19595,-4.60892,-3.19595,-4.60607,-3.19554,0.39393,1.80446,5.02886,5.01935,5.00000,5.00000,1.00000,0.00000,12,0.00027,-0.62382,-0.62260,-0.00953,1.53240,1.47891,-0.13527,-0.13619,0.00755,-0.60367,-0.59080,-0.07086,-0.06885,0.00149,0.26400,0.27519,-0.45432,-0.45786,0.00341,0.94906,1.06303,-0.30381,-0.30261,0.00558,0.94177,0.89259,-0.66160,0.23380,-0.00052,5.98822,5.89908
51.5058,-3.60872,-3.19399,-4.60872,-3.19399,-4.60939,-3.19514,0.39061,1.80486,5.02737,5.01868,5.00000,5.00000,1.00000,0.00000,12,0.00027,-0.62382,-0.62260,-0.00606,1.55867,1.52470,-0.13527,-0.13614,-0.00412,-0.62133,-0.50958,-0.07086,-0.06886,0.00264,0.28942,0.31659,-0.45432,-0.45787,-0.00677,0.87402,0.91628,-0.30381,-0.30262,0.00084,0.93675,0.80934,-0.66160,0.23378,-0.00457,5.95514,6.02938
51.6088,-3.60922,-3.19398,-4.60922,-3.19398,-4.60869,-3.19426,0.39131,1.80574,5.02788,5.01905,5.00000,5.00000,1.00000,0.00000,12,0.00033,-0.62382,-0.62260,0.00015,1.58964,1.64141,-0.13527,-0.13608,-0.00084,-0.64668,-0.66886,-0.07086,-0.06886,0.00663,0.32475,0.26128,-0.45432,-0.45785,-0.00353,0.85286,0.75493,-0.30381,-0.30261,0.00776,0.94492,0.87215,-0.66160,0.23378,-0.00127,5.98553,5.93971
51.7115,-3.60465,-3.19698,-4.60465,-3.19698,-4.60562,-3.19565,0.39438,1.80435,5.02722,5.01974,5.00000,5.00000,1.00000,0.00000,12,0.00039,-0.62382,-0.62261,0.00093,1.59777,1.63340,-0.13527,-0.13600,0.00123,-0.63569,-0.59322,-0.07086,-0.06887,0.00479,0.33525,0.40478,-0.45432,-0.45784,-0.00580,0.77294,0.84048,-0.30381,-0.30264,-0.00562,0.93941,1.04466,-0.66160,0.23382,0.00717,5.99400,5.83069
51.8128,-3.60291,-3.19579,-4.60291,-3.19579,-4.60434,-3.19569,0.39566,1.80431,5.02701,5.01922,5.00000,5.00000,1.00000,0.00000,12,0.00035,-0.62382,-0.62267,-0.00992,1.58144,1.54877,-0.13527,-0.13595,0.00530,-0.63392,-0.69504,-0.07086,-0.06887,0.00612,0.36357,0.40569,-0.45432,-0.45782,-0.00426,0.74818,0.78141,-0.30381,-0.30262,0.00308,0.98722,1.02591,-0.66160,0.23380,-0.00062,5.95096,6.11836
51.9133,-3.60470,-3.19949,-4.60470,-3.19949,-4.60434,-3.19830,0.39566,1.80170,5.02778,5.01970,5.00000,5.00000,1.00000,0.00000,12,0.00039,-0.62382,-0.62267,0.00373,1.63747,1.48206,-0.13527,-0.13588,0.00489,-0.63688,-0.70254,-0.07086,-0.06888,0.00365,0.37611,0.34298,-0.45432,-0.45779,-0.00103,0.73260,0.69414,-0.30381,-0.30262,0.00707,1.01463,0.98676,-0.66160,0.23380,0.00102,5.95883,5.84794
52.0151,-3.60364,-3.20050,-4.60364,-3.20050,-4.60461,-3.20000,0.39539,1.80000,5.02721,5.01941,5.00000,5.00000,1.00000,0.00000,12,0.00117,-0.62382,-0.62268,0.00324,1.64088,1.73099,-0.13527,-0.13583,0.00626,-0.63981,-0.81497,-0.07086,-0.06888,0.00629,0.40635,0.46052,-0.45432,-0.45778,-0.00072,0.66731,0.78381,-0.30381,-0.30266,-0.01222,0.98110,0.96924,-0.66160,0.23378,-0.00491,5.94941,5.87876
52.1155,-3.60940,-3.20195,-4.60940,-3.20195,-4.60770,-3.20130,0.39230,1.79870,5.02838,5.01949,5.00000,5.00000,1.00000,0.00000,12,0.00034,-0.62382,-0.62271,-0.00098,1.62564,1.58652,-0.13527,-0.13579,-0.00087,-0.67542,-0.56713,-0.07086,-0.06891,-0.00626,0.40715,0.47234,-0.45432,-0.45775,0.00454,0.65473,0.72605,-0.30381,-0.30264,-0.00329,1.03443,0.97591,-0.66160,0.23380,0.00712,5.97008,5.98092
52.2162,-3.60755,-3.20167,-4.60755,-3.20167,-4.60756,-3.20250,0.39244,1.79750,5.02764,5.01886,5.00000,5.00000,1.00000,0.00000,12,0.00027,-0.62382,-0.62271,0.00110,1.64473,1.75113,-0.13527,-0.13575,0.00631,-0.66860,-0.64294,-0.07086,-0.06891,-0.00085,0.44921,0.48028,-0.45432,-0.45773,0.00269,0.58571,0.78405,-0.30381,-0.30262,0.00900,1.03381,0.84752,-0.66160,0.23378,-0.00443,5.95744,5.89446
52.3186,-3.60676,-3.20117,-4.60676,-3.20117,-4.60783,-3.20174,0.39217,1.79826,5.02719,5.01897,5.00000,5.00000,1.00000,0.00000,12,0.00035,-0.62382,-0.62272,0.00750,1.67126,1.71720,-0.13527,-0.13573,-0.00087,-0.65395,-0.51991,-0.07086,-0.06891,-0.00045,0.47333,0.52454,-0.45432,-0.45771,0.00409,0.56304,0.47405,-0.30381,-0.30263,0.00252,1.09382,1.01898,-0.66160,0.23380,0.00084,5.93999,6.06619
52.4200,-3.61010,-3.19971,-4.61010,-3.19971,-4.60846,-3.19990,0.39154,1.80010,5.02835,5.01912,5.00000,5.00000,1.00000,0.00000,12,0.00053,-0.62382,-0.62274,0.00549,1.69991,1.74670,-0.13527,-0.13573,-0.01380,-0.69433,-0.53996,-0.07086,-0.06893,-0.00290,0.51175,0.48662,-0.45432,-0.45769,0.00427,0.53788,0.57426,-0.30381,-0.30263,0.00339,1.07097,1.02380,-0.66160,0.23381,0.00877,5.98675,5.99101
52.5201,-3.60764,-3.20274,-4.60764,-3.20274,-4.60839,-3.20174,0.39161,1.79826,5.02733,5.01964,5.00000,5.00000,1.00000,0.00000,12,0.00034,-0.62382,-0.62277,0.00200,1.68424,1.70465,-0.13527,-0.13568,-0.00630,-0.68136,-0.74084,-0.07086,-0.06894,-0.00511,0.52093,0.54719,-0.45432,-0.45767,0.00097,0.46567,0.61565,-0.30381,-0.30265,-0.00198,1.05943,1.00354,-0.66160,0.23378,-0.00471,5.96894,5.89072
52.6217,-3.60830,-3.20162,-4.60830,-3.20162,-4.60859,-3.20164,0.39141,1.79836,5.02753,5.01920,5.00000,5.00000,1.00000,0.00000,12,0.00103,-0.62382,-0.62279,-0.00256,1.69905,1.72052,-0.13527,-0.13564,0.00673,-0.65520,-0.79603,-0.07086,-0.06896,-0.00653,0.53001,0.55841,-0.45432,-0.45764,0.00075,0.44292,0.40082,-0.30381,-0.30262,0.00674,1.11625,1.12304,-0.66160,0.23379,-0.00393,5.94523,6.00977
52.7222,-3.61022,-3.20260,-4.61022,-3.20260,-4.60923,-3.20287,0.39077,1.79713,5.02808,5.01910,5.00000,5.00000,1.00000,0.00000,12,0.00045,-0.62382,-0.62279,0.00464,1.73624,1.67705,-0.13527,-0.13559,0.00296,-0.67347,-0.66306,-0.07086,-0.06895,-0.00333,0.56368,0.47330,-0.45432,-0.45763,-0.00454,0.39186,0.44666,-0.30381,-0.30263,0.00496,1.11961,0.97204,-0.66160,0.23378,0.00046,5.94528,5.92308
52.8227,-3.60289,-3.20303,-4.60289,-3.20303,-4.60551,-3.20347,0.39449,1.79653,5.02651,5.01903,5.00000,5.00000,1.00000,0.00000,12,0.00031,-0.62382,-0.62282,-0.00153,1.74581,1.81738,-0.13527,-0.13556,-0.00021,-0.67022,-0.59362,-0.07086,-0.06894,0.00470,0.58456,0.57341,-0.45432,-0.45754,0.01414,0.39599,0.44662,-0.30381,-0.30264,-0.00094,1.13905,1.06979,-0.66160,0.23380,0.00615,5.96921,5.97882
52.9263,-3.60539,-3.20243,-4.60539,-3.20243,-4.60547,-3.20215,0.39453,1.79785,5.02760,5.01933,5.00000,5.00000,1.00000,0.00000,12,0.00028,-0.62382,-0.62285,-0.00594,1.72826,1.61577,-0.13527,-0.13555,-0.00412,-0.67725,-0.54263,-0.07086,-0.06898,-0.01120,0.60378,0.67611,-0.45432,-0.45754,-0.00028,0.34516,0.28283,-0.30381,-0.30261,0.00785,1.16728,1.11224,-0.66160,0.23378,0.00089,5.97966,6.03110
53.0280,-3.60589,-3.20366,-4.60589,-3.20366,-4.60488,-3.20276,0.39512,1.79724,5.02806,5.01960,5.00000,5.00000,1.00000,0.00000,12,0.00104,-0.62382,-0.62285,-0.00071,1.75131,1.66281,-0.13527,-0.13550,0.00197,-0.66425,-0.78522,-0.07086,-0.06897,0.00046,0.63587,0.54169,-0.45432,-0.45751,-0.00434,0.28113,0.36040,-0.30381,-0.30262,0.01046,1.15132,1.01218,-0.66160,0.23378,0.00368,5.99315,5.89175
53.1297,-3.60348,-3.20544,-4.60348,-3.20544,-4.60437,-3.20475,0.39563,1.79525,5.02724,5.01952,5.00000,5.00000,1.00000,0.00000,12,0.00132,-0.62382,-0.62288,-0.00595,1.76451,1.79146,-0.13527,-0.13544,0.00681,-0.65081,-0.76903,-0.07086,-0.06898,-0.00062,0.64876,0.77986,-0.45432,-0.45746,0.00130,0.28426,0.24099,-0.30381,-0.30263,0.00317,1.16834,1.14414,-0.66160,0.23381,0.01250,5.98841,6.09594
53.2312,-3.60686,-3.20523,-4.60686,-3.20523,-4.60506,-3.20475,0.39494,1.79525,5.02840,5.01943,5.00000,5.00000,1.00000,0.00000,12,0.00031,-0.62382,-0.62290,-0.00700,1.75833,1.79693,-0.13527,-0.13544,-0.00118,-0.67489,-0.68274,-0.07086,-0.06899,-0.00280,0.66007,0.67550,-0.45432,-0.45740,0.00291,0.22367,0.19596,-0.30381,-0.30265,-0.00474,1.18065,1.33305,-0.66160,0.23378,-0.00396,5.95999,6.04679
53.3323,-3.60160,-3.20476,-4.60160,-3.20476,-4.60327,-3.20466,0.39673,1.79534,5.02690,5.01927,5.00000,5.00000,1.00000,0.00000,12,0.00036,-0.62382,-0.62291,-0.00273,1.78019,1.71821,-0.13527,-0.13543,-0.00551,-0.68362,-0.74944,-0.07086,-0.06900,-0.00651,0.69613,0.66416,-0.45432,-0.45738,-0.00031,0.18964,0.21957,-0.30381,-0.30264,-0.00127,1.18076,1.13741,-0.66160,0.23380,0.00915,5.94956,6.06173
53.4333,-3.60439,-3.20584,-4.60439,-3.20584,-4.60359,-3.20465,0.39641,1.79535,5.02796,5.01974,5.00000,5.00000,1.00000,0.00000,12,0.00028,-0.62382,-0.62291,0.00891,1.79360,1.83032,-0.13527,-0.13541,-0.00764,-0.71542,-0.57439,-0.07086,-0.06901,-0.00123,0.69762,0.78352,-0.45432,-0.45735,-0.00267,0.13179,0.21413,-0.30381,-0.30261,0.01457,1.22613,1.18991,-0.66160,0.23377,-0.00160,5.96757,6.02844
53.5382,-3.59429,-3.20077,-3.59429,-3.20077,-3.76745,-3.20348,0.54080,1.79652,4.30825,5.01806,4.30825,5.00000,0.00000,0.00000,8,0.00138,-0.61005,-0.62231,0.01152,0.64883,0.80039,-0.16760,-0.14093,-0.06642,1.63293,1.54233,-0.10112,-0.07182,-0.04549,3.13871,3.23332,-0.44139,-0.45214,0.14813,-0.26488,-0.38900,-0.28528,-0.30253,0.00780,-0.40268,-0.23908,-0.64317,0.23379,0.00598,5.99400,5.89937
53.6402,-3.56149,-3.13816,-3.56149,-3.13816,-3.60045,-3.15855,0.65027,1.84145,4.25072,5.01021,4.25072,5.00000,0.00000,0.00000,8,0.00112,-0.60890,-0.62209,0.00180,0.59542,0.54864,-0.17029,-0.14194,-0.00248,1.77551,1.73905,-0.10364,-0.07392,-0.00379,3.18845,3.11883,-0.44032,-0.44279,0.00848,-0.00068,0.07859,-0.28374,-0.30250,-0.00440,-0.53404,-0.45911,-0.64164,0.23377,-0.00647,5.91118,5.95625
53.7398,-3.55940,-3.13366,-3.55940,-3.13366,-3.56553,-3.14144,0.75752,1.85856,4.32305,5.01551,4.32305,5.00000,0.00000,0.00000,8,0.00027,-0.61034,-0.62206,-0.00275,0.59008,0.57739,-0.16691,-0.14204,0.00495,1.78509,1.84991,-0.10048,-0.07527,-0.00765,3.09703,3.18570,-0.44167,-0.44273,-0.00823,0.09866,0.10795,-0.28568,-0.30247,0.00068,-0.51669,-0.56497,-0.64356,0.23376,-0.00950,5.93451,6.05328
53.8410,-3.55342,-3.12649,-3.55342,-3.12649,-3.55518,-3.12987,0.86426,1.87013,4.41944,5.01733,4.41944,5.00000,0.00000,0.00000,8,0.00028,-0.61227,-0.62204,-0.00333,0.57343,0.54430,-0.16240,-0.14209,-0.00317,1.72142,1.75518,-0.09625,-0.07629,-0.00534,3.01914,2.98139,-0.44348,-0.44277,-0.00839,0.20437,0.11137,-0.28826,-0.30248,-0.00798,-0.52610,-0.58273,-0.64613,0.23380,0.01129,5.99400,5.83246
53.9435,-3.55054,-3.12136,-3.55054,-3.12136,-3.55132,-3.12356,0.97083,1.87644,4.52215,5.01780,4.52215,5.00000,0.00000,0.00000,8,0.00127,-0.61431,-0.62204,-0.00201,0.60286,0.46264,-0.15760,-0.14209,-0.00230,1.64783,1.69469,-0.09176,-0.07706,-0.01073,2.88236,2.86551,-0.44540,-0.44280,0.00531,0.40286,0.20562,-0.29100,-0.30249,-0.01102,-0.51269,-0.47285,-0.64886,0.23376,-0.00700,5.93680,5.89401
54.0442,-3.55135,-3.11385,-3.55135,-3.11385,-3.55084,-3.11612,1.07736,1.88388,4.62820,5.01772,4.62820,5.00000,0.00000,0.00000,8,0.00031,-0.61642,-0.62203,0.00733,0.69010,0.55041,-0.15264,-0.14211,-0.00721,1.46185,1.37537,-0.08712,-0.07743,0.00269,2.71312,2.72006,-0.44738,-0.44292,0.00248,0.56224,0.50322,-0.29384,-0.30246,0.00189,-0.43051,-0.45012,-0.65168,0.23379,0.00427,5.97110,5.91291
54.1478,-3.55020,-3.10679,-3.55020,-3.10679,-3.55154,-3.10963,1.18390,1.89037,4.73545,5.01744,4.73545,5.00000,0.00000,0.00000,8,0.00030,-0.61856,-0.62205,0.00115,0.77047,0.66889,-0.14763,-0.14207,0.01148,1.28095,1.34382,-0.08242,-0.07752,0.00339,2.51889,2.69352,-0.44939,-0.44310,0.00284,0.71871,0.69680,-0.29672,-0.30246,0.00130,-0.33285,-0.39746,-0.65454,0.23379,0.00728,5.99400,6.05050
54.2500,-3.54953,-3.10035,-3.54953,-3.10035,-3.55029,-3.10282,1.29043,1.89718,4.84072,5.01756,4.84072,5.00000,0.00000,0.00000,8,0.00028,-0.62065,-0.62210,-0.00325,0.83273,0.80188,-0.14271,-0.14209,-0.00154,0.99217,1.03310,-0.07782,-0.07748,0.00602,2.26436,2.26637,-0.45135,-0.44334,-0.00408,0.92241,0.93218,-0.29954,-0.30245,0.00734,-0.18712,-0.33086,-0.65735,0.23378,-0.00007,5.96227,5.88835
54.3509,-3.54846,-3.10288,-3.54846,-3.10288,-3.54824,-3.10279,1.39689,1.89721,4.94513,5.01866,4.94513,5.00000,0.00000,0.00000,8,0.00030,-0.62273,-0.62213,-0.00353,0.96835,0.79700,-0.13784,-0.14208,-0.00179,0.72759,0.66527,-0.07326,-0.07742,0.00248,1.95088,2.00723,-0.45330,-0.44361,-0.00317,1.11983,1.07654,-0.30234,-0.30247,-0.00042,-0.03740,-0.15164,-0.66013,0.23379,0.00583,5.99400,5.78480
54.4528,-3.54193,-3.09716,-3.54193,-3.09716,-3.54431,-3.09941,1.45569,1.90059,5.02025,5.01763,5.00000,5.00000,0.00000,0.00000,12,0.00032,-0.62382,-0.62220,-0.00406,1.06001,1.17336,-0.13527,-0.14207,-0.00377,0.39466,0.40330,-0.07086,-0.07731,-0.00439,1.69983,1.58949,-0.45432,-0.44396,-0.00259,1.28078,1.27089,-0.30381,-0.30247,0.00317,0.03906,0.12232,-0.66160,0.23377,-0.00156,5.96154,6.07292
54.5546,-3.54477,-3.09513,-3.54477,-3.09513,-3.54486,-3.09610,1.45514,1.90390,5.02123,5.01816,5.00000,5.00000,0.00000,0.00000,12,0.00035,-0.62382,-0.62219,-0.00538,1.03533,1.16209,-0.13527,-0.14205,0.00105,0.40710,0.51393,-0.07086,-0.07731,-0.00314,1.72823,1.68586,-0.45432,-0.44423,-0.01116,1.37981,1.24623,-0.30381,-0.30247,0.00518,0.06463,0.09393,-0.66160,0.23379,0.00428,5.99092,5.86194
54.6555,-3.54482,-3.09422,-3.54482,-3.09422,-3.54495,-3.09553,1.45505,1.90447,5.02121,5.01802,5.00000,5.00000,0.00000,0.00000,12,0.00027,-0.62382,-0.62220,0.00255,1.04296,1.09656,-0.13527,-0.14204,0.00447,0.34394,0.40704,-0.07086,-0.07727,0.00335,1.65388,1.64349,-0.45432,-0.44446,-0.00343,1.48689,1.50849,-0.30381,-0.30247,0.00295,0.04113,0.13015,-0.66160,0.23377,0.00010,5.97173,5.88197
54.7581,-3.54580,-3.09086,-3.54580,-3.09086,-3.54503,-3.09224,1.45497,1.90776,5.02160,5.01796,5.00000,5.00000,0.00000,0.00000,12,0.00028,-0.62382,-0.62219,0.00174,1.09737,1.22181,-0.13527,-0.14202,0.00196,0.26631,0.39222,-0.07086,-0.07727,-0.00509,1.55251,1.54809,-0.45432,-0.44470,-0.00066,1.59650,1.77808,-0.30381,-0.30247,-0.00525,0.06314,0.07052,-0.66160,0.23376,-0.00175,5.91999,5.97571
54.8596,-3.54346,-3.08977,-3.54346,-3.08977,-3.54273,-3.09043,1.45727,1.90957,5.02157,5.01826,5.00000,5.00000,0.00000,0.00000,12,0.00031,-0.62382,-0.62220,0.00764,1.12860,1.26144,-0.13527,-0.14203,0.00211,0.14950,0.12978,-0.07086,-0.07721,0.00093,1.49581,1.42925,-0.45432,-0.44497,-0.00015,1.71396,1.61924,-0.30381,-0.30247,-0.00022,0.09658,0.16352,-0.66160,0.23378,0.00364,5.94954,5.99685
54.9619,-3.53962,-3.08679,-3.53962,-3.08679,-3.54035,-3.08765,1.45965,1.91235,5.02093,5.01816,5.00000,5.00000,0.00000,0.00000,12,0.00042,-0.62382,-0.62223,-0.00141,1.13710,1.14096,-0.13527,-0.14200,0.00194,0.10542,0.10414,-0.07086,-0.07717,0.00348,1.41805,1.48953,-0.45432,-0.44533,-0.00037,1.76760,1.83078,-0.30381,-0.30247,-0.00184,0.10778,0.12037,-0.66160,0.23376,-0.00080,5.99400,5.75599
55.0635,-3.54172,-3.08772,-3.54172,-3.08772,-3.54050,-3.08712,1.45950,1.91288,5.02177,5.01878,5.00000,5.00000,0.00000,0.00000,12,0.00033,-0.62382,-0.62223,-0.00358,1.14708,1.04714,-0.13527,-0.14200,-0.00793,-0.00476,-0.00474,-0.07086,-0.07716,-0.00283,1.32801,1.41230,-0.45432,-0.44580,-0.00238,1.87693,1.81701,-0.30381,-0.30247,-0.00071,0.09283,0.09189,-0.66160,0.23377,-0.00137,5.97493,6.04988
55.1650,-3.54152,-3.08810,-3.54152,-3.08810,-3.54116,-3.08864,1.45884,1.91136,5.02140,5.01830,5.00000,5.00000,0.00000,0.00000,12,0.00032,-0.62382,-0.62223,0.00006,1.17677,1.18392,-0.13527,-0.14195,0.00466,-0.04728,-0.08398,-0.07086,-0.07713,-0.00323,1.26780,1.29155,-0.45432,-0.44638,-0.01792,1.84934,1.92345,-0.30381,-0.30245,0.00925,0.15074,0.26641,-0.66160,0.23377,-0.00231,5.93205,5.98705
55.2657,-3.54510,-3.08951,-3.54510,-3.08951,-3.54355,-3.08892,1.45645,1.91108,5.02193,5.01879,5.00000,5.00000,0.00000,0.00000,12,0.00033,-0.62382,-0.62224,0.00040,1.19166,1.05963,-0.13527,-0.14189,0.00184,-0.13606,-0.10210,-0.07086,-0.07709,-0.00087,1.18647,1.24173,-0.45432,-0.44706,-0.01879,1.92633,1.76139,-0.30381,-0.30250,-0.00603,0.12791,0.27921,-0.66160,0.23377,-0.00562,5.98548,6.08267
55.3680,-3.54850,-3.09502,-3.54850,-3.09502,-3.54642,-3.09314,1.45358,1.90686,5.02217,5.01936,5.00000,5.00000,0.00000,0.00000,12,0.00046,-0.62382,-0.62224,0.00289,1.21729,1.33345,-0.13527,-0.14182,0.00296,-0.23075,-0.19865,-0.07086,-0.07704,-0.00086,1.10615,1.17293,-0.45432,-0.44778,0.00015,1.99362,2.09551,-0.30381,-0.30245,0.01354,0.19535,0.14964,-0.66160,0.23378,0.00691,5.97309,5.93251
55.4692,-3.54843,-3.09675,-3.54843,-3.09675,-3.54760,-3.09585,1.45240,1.90415,5.02164,5.01896,5.00000,5.00000,0.00000,0.00000,12,0.00046,-0.62382,-0.62225,-0.00087,1.21914,1.32103,-0.13527,-0.14173,0.00605,-0.27899,-0.27077,-0.07086,-0.07700,-0.00203,1.05529,1.14544,-0.45432,-0.44875,-0.00970,2.01075,2.00970,-0.30381,-0.30250,-0.01370,0.13595,0.07429,-0.66160,0.23378,0.00462,5.98384,5.98911
55.5707,-3.55138,-3.10040,-3.55138,-3.10040,-3.55003,-3.09918,1.44997,1.90082,5.02188,5.01912,5.00000,5.00000,0.00000,0.00000,12,0.00032,-0.62382,-0.62228,-0.00503,1.24006,1.08203,-0.13527,-0.14159,0.01245,-0.35507,-0.33638,-0.07086,-0.07695,0.00067,0.98445,1.04570,-0.45432,-0.44993,-0.01762,1.95670,1.93219,-0.30381,-0.30249,-0.00978,0.17006,0.05033,-0.66160,0.23375,-0.00856,5.96203,6.04550
55.6745,-3.55722,-3.10873,-3.55722,-3.10873,-3.55427,-3.10566,1.44573,1.89434,5.02259,5.01995,5.00000,5.00000,0.00000,0.00000,12,0.00105,-0.62382,-0.62228,-0.00093,1.23787,1.14069,-0.13527,-0.14144,0.00394,-0.43011,-0.40568,-0.07086,-0.07693,-0.00647,0.90458,0.95659,-0.45432,-0.45158,-0.01348,1.90242,1.84297,-0.30381,-0.30250,-0.00955,0.18324,0.19810,-0.66160,0.23377,0.00169,5.94586,5.93251
55.7745,-3.55845,-3.11548,-3.55845,-3.11548,-3.55690,-3.11211,1.44310,1.88789,5.02200,5.02012,5.00000,5.00000,0.00000,0.00000,12,0.00030,-0.62382,-0.62230,0.00508,1.29860,1.30042,-0.13527,-0.14119,0.00387,-0.48807,-0.49006,-0.07086,-0.07688,0.00083,0.81934,0.77824,-0.45432,-0.45387,-0.01538,1.74848,1.88275,-0.30381,-0.30246,0.00568,0.23221,0.20049,-0.66160,0.23375,-0.00931,5.93269,6.04331
55.8759,-3.57053,-3.11997,-3.57053,-3.11997,-3.56575,-3.11782,1.43425,1.88218,5.02344,5.01963,5.00000,5.00000,0.00000,0.00000,12,0.00027,-0.62382,-0.62232,0.00388,1.30330,1.33221,-0.13527,-0.14080,0.00898,-0.53981,-0.69375,-0.07086,-0.07683,-0.00217,0.75993,0.67617,-0.45432,-0.45576,-0.01753,1.61280,1.64972,-0.30381,-0.30250,-0.01117,0.24067,0.13411,-0.66160,0.23376,0.00114,5.95952,6.10683
55.9770,-3.57666,-3.12660,-3.57666,-3.12660,-3.57320,-3.12406,1.42680,1.87594,5.02292,5.01983,5.00000,5.00000,0.00000,0.00000,12,0.00029,-0.62382,-0.62234,-0.00343,1.28610,1.15284,-0.13527,-0.14021,0.01460,-0.52498,-0.55045,-0.07086,-0.07678,-0.00151,0.68335,0.70461,-0.45432,-0.45685,-0.00512,1.55549,1.57633,-0.30381,-0.30249,-0.00707,0.24292,0.23819,-0.66160,0.23377,0.00371,5.99032,6.05995
56.0803,-3.57646,-3.12880,-3.57646,-3.12880,-3.57719,-3.12739,1.42281,1.87261,5.02115,5.01937,5.00000,5.00000,0.00000,0.00000,12,0.00181,-0.62382,-0.62233,0.00868,1.34554,1.54427,-0.13527,-0.13856,0.00774,-0.48401,-0.33065,-0.07086,-0.07671,0.00671,0.64879,0.53104,-0.45432,-0.45735,-0.00641,1.47597,1.44062,-0.30381,-0.30248,0.00279,0.26604,0.23177,-0.66160,0.23377,0.00172,5.96909,5.94627
56.1799,-3.58172,-3.12970,-3.58172,-3.12970,-3.58071,-3.12920,1.41929,1.87080,5.02192,5.01899,5.00000,5.00000,0.00000,0.00000,12,0.00027,-0.62382,-0.62235,-0.00147,1.35214,1.40473,-0.13527,-0.13792,0.00847,-0.49011,-0.47850,-0.07086,-0.07666,-0.00061,0.55293,0.52223,-0.45432,-0.45751,0.00430,1.47294,1.38296,-0.30381,-0.30247,0.00233,0.31779,0.36896,-0.66160,0.23374,-0.01130,5.96502,5.91155
56.2806,-3.57799,-3.12810,-3.57799,-3.12810,-3.57862,-3.12790,1.42138,1.87210,5.02120,5.01886,5.00000,5.00000,0.00000,0.00000,12,0.00029,-0.62382,-0.62238,-0.00198,1.38470,1.44641,-0.13527,-0.13759,0.00207,-0.50470,-0.34002,-0.07086,-0.07658,-0.00219,0.49140,0.57709,-0.45432,-0.45759,-0.00291,1.42866,1.42033,-0.30381,-0.30249,-0.00559,0.29851,0.24299,-0.66160,0.23378,0.00435,5.98638,6.05508
56.3812,-3.57999,-3.13230,-3.57999,-3.13230,-3.58013,-3.13053,1.41987,1.86947,5.02142,5.01954,5.00000,5.00000,0.00000,0.00000,12,0.00032,-0.62382,-0.62237,0.00048,1.37940,1.38557,-0.13527,-0.13736,0.00359,-0.52074,-0.51985,-0.07086,-0.07650,0.00201,0.42070,0.33573,-0.45432,-0.45763,0.00100,1.37587,1.39759,-0.30381,-0.30249,0.00028,0.30098,0.24293,-0.66160,0.23374,-0.00621,5.94946,5.96484
56.4818,-3.58553,-3.13696,-4.58553,-3.13696,-4.09361,-3.13521,0.90639,1.86479,5.23538,5.01956,5.00000,5.00000,1.00000,0.00000,12,0.00029,-0.62382,-0.62241,-0.00696,1.38693,1.32086,-0.13527,-0.13724,0.00247,-0.54236,-0.58750,-0.07086,-0.07644,0.00201,0.35566,0.37771,-0.45432,-0.45764,0.00261,1.33754,1.37164,-0.30381,-0.30250,-0.00944,0.31139,0.35078,-0.66160,0.23376,-0.00244,5.95939,6.00101
56.5835,-3.58401,-3.14174,-4.58401,-3.14174,-4.50199,-3.13921,0.49801,1.86079,5.06217,5.01992,5.00000,5.00000,1.00000,0.00000,12,0.00027,-0.62382,-0.62240,0.00299,1.40784,1.40899,-0.13527,-0.13706,-0.00720,-0.54957,-0.49631,-0.07086,-0.07635,0.00289,0.31112,0.40061,-0.45432,-0.45767,-0.00198,1.26415,1.23770,-0.30381,-0.30246,0.00625,0.39770,0.28897,-0.66160,0.23378,0.01205,5.99400,6.04806
56.6863,-3.58935,-3.14228,-4.58935,-3.14228,-4.57385,-3.14187,0.42615,1.85813,5.03409,5.01903,5.00000,5.00000,1.00000,0.00000,12,0.00094,-0.62382,-0.62243,-0.00419,1.41996,1.46012,-0.13527,-0.13691,0.00238,-0.54905,-0.61514,-0.07086,-0.07627,0.00579,0.24076,0.25926,-0.45432,-0.45765,-0.00128,1.23328,1.27652,-0.30381,-0.30249,-0.00469,0.36199,0.38975,-0.66160,0.23374,-0.00887,5.93509,6.01777
56.7893,-3.58821,-3.14246,-4.58821,-3.14246,-4.58576,-3.14141,0.41424,1.85859,5.02856,5.01930,5.00000,5.00000,1.00000,0.00000,12,0.00029,-0.62382,-0.62244,0.00322,1.45030,1.41583,-0.13527,-0.13680,0.00731,-0.55711,-0.61176,-0.07086,-0.07617,-0.00081,0.17502,0.21596,-0.45432,-0.45764,0.00299,1.21298,1.21747,-0.30381,-0.30247,0.00123,0.40813,0.38251,-0.66160,0.23375,-0.00168,5.96460,5.96748
56.8905,-3.58808,-3.14658,-4.58808,-3.14658,-4.58787,-3.14431,0.41213,1.85569,5.02762,5.01984,5.00000,5.00000,1.00000,0.00000,12,0.00045,-0.62382,-0.62247,-0.00096,1.46801,1.36412,-0.13527,-0.13674,0.00453,-0.57965,-0.53308,-0.07086,-0.07607,-0.00498,0.09690,0.06883,-0.45432,-0.45762,0.00311,1.18603,1.22767,-0.30381,-0.30250,-0.00576,0.38778,0.32926,-0.66160,0.23379,0.01291,5.99400,5.93695
56.9913,-3.59264,-3.14793,-4.59264,-3.14793,-4.59073,-3.14737,0.40927,1.85263,5.02836,5.01912,5.00000,5.00000,1.00000,0.00000,12,0.00034,-0.62382,-0.62248,0.00175,1.48937,1.59482,-0.13527,-0.13669,-0.00570,-0.59673,-0.54588,-0.07086,-0.07591,-0.00473,0.06241,0.21382,-0.45432,-0.45761,-0.00149,1.10546,1.10429,-0.30381,-0.30248,0.00087,0.43271,0.33026,-0.66160,0.23374,-0.01510,5.93746,5.99073
57.0927,-3.59026,-3.15328,-4.59026,-3.15328,-4.59133,-3.15038,0.40867,1.84962,5.02709,5.02015,5.00000,5.00000,1.00000,0.00000,12,0.00038,-0.62382,-0.62254,-0.01437,1.45249,1.51073,-0.13527,-0.13659,-0.00140,-0.60735,-0.59199,-0.07086,-0.07571,-0.00214,0.00125,0.09190,-0.45432,-0.45760,-0.00050,1.08728,1.16301,-0.30381,-0.30249,-0.00698,0.42197,0.40180,-0.66160,0.23375,-0.00735,5.95148,5.91195
57.1955,-3.58842,-3.15403,-4.58842,-3.15403,-4.59072,-3.15366,0.40928,1.84634,5.02656,5.01908,5.00000,5.00000,1.00000,0.00000,12,0.00110,-0.62382,-0.62253,-0.00446,1.50463,1.52487,-0.13527,-0.13650,0.00428,-0.61705,-0.69289,-0.07086,-0.07538,0.00606,0.00062,0.10334,-0.45432,-0.45758,0.00655,1.06225,1.11259,-0.30381,-0.30248,0.00290,0.44010,0.42117,-0.66160,0.23377,0.00478,5.95324,5.88917
57.2958,-3.59114,-3.15683,-4.59114,-3.15683,-4.59050,-3.15583,0.40950,1.84417,5.02782,5.01936,5.00000,5.00000,1.00000,0.00000,12,0.00030,-0.62382,-0.62256,-0.00320,1.50780,1.56949,-0.13527,-0.13643,0.00068,-0.62896,-0.53636,-0.07086,-0.07500,0.00313,-0.03047,0.03435,-0.45432,-0.45760,-0.00536,1.00933,0.86946,-0.30381,-0.30249,-0.00125,0.47350,0.40378,-0.66160,0.23375,-0.00528,5.92993,5.69499
57.3967,-3.58840,-3.16349,-4.58840,-3.16349,-4.58878,-3.15963,0.41122,1.84037,5.02737,5.02061,5.00000,5.00000,1.00000,0.00000,12,0.00026,-0.62382,-0.62260,-0.00709,1.51894,1.50640,-0.13527,-0.13639,0.00350,-0.61038,-0.61073,-0.07086,-0.07423,0.01244,-0.00719,-0.01903,-0.45432,-0.45757,0.00186,0.97705,0.99683,-0.30381,-0.30249,0.00092,0.49506,0.53163,-0.66160,0.23375,-0.00548,5.94413,5.94488
57.4988,-3.59527,-3.17766,-4.59527,-3.17766,-4.59200,-3.17074,0.40800,1.82926,5.02895,5.02199,5.00000,5.00000,1.00000,0.00000,12,0.00139,-0.62382,-0.62258,0.00684,1.55584,1.56076,-0.13527,-0.13633,-0.00267,-0.64449,-0.76030,-0.07086,-0.07194,0.03824,0.17589,0.25981,-0.45432,-0.45757,-0.00882,0.90488,1.00395,-0.30381,-0.30249,0.00013,0.50705,0.55350,-0.66160,0.23374,-0.00576,5.94467,5.90860
57.5994,-3.59650,-3.19521,-4.59650,-3.19521,-4.59569,-3.18901,0.40431,1.81099,5.02792,5.02179,5.00000,5.00000,1.00000,0.00000,12,0.00036,-0.62382,-0.62261,-0.00627,1.57652,1.63540,-0.13527,-0.13622,0.00126,-0.63980,-0.69628,-0.07086,-0.07051,0.00659,0.18735,0.32995,-0.45432,-0.45755,-0.00172,0.90182,0.99289,-0.30381,-0.30248,0.00390,0.54072,0.41623,-0.66160,0.23375,-0.00330,5.95676,5.96884
57.7001,-3.59188,-3.20093,-4.59188,-3.20093,-4.59368,-3.19835,0.40632,1.80165,5.02679,5.02030,5.00000,5.00000,1.00000,0.00000,12,0.00028,-0.62382,-0.62263,-0.00311,1.55362,1.61583,-0.13527,-0.13609,0.00587,-0.62568,-0.56979,-0.07086,-0.07028,0.00214,0.18993,0.22568,-0.45432,-0.45753,0.00308,0.85576,0.86392,-0.30381,-0.30249,-0.00044,0.53709,0.51730,-0.66160,0.23376,0.00434,5.97272,5.92779
57.8005,-3.59894,-3.20559,-4.59894,-3.20559,-4.59653,-3.20341,0.40347,1.79659,5.02861,5.02015,5.00000,5.00000,1.00000,0.00000,12,0.00029,-0.62382,-0.62264,0.00583,1.59182,1.61456,-0.13527,-0.13602,0.01070,-0.64233,-0.59076,-0.07086,-0.07016,0.01073,0.22858,0.30309,-0.45432,-0.45754,-0.00292,0.82676,0.78500,-0.30381,-0.30249,0.00710,0.54707,0.61592,-0.66160,0.23376,-0.00181,5.98285,6.19170
57.9023,-3.60540,-3.20865,-4.60540,-3.20865,-4.60153,-3.20707,0.39847,1.79293,5.02927,5.01992,5.00000,5.00000,1.00000,0.00000,12,0.00035,-0.62382,-0.62267,-0.00205,1.63702,1.69245,-0.13527,-0.13598,0.00521,-0.67828,-0.57975,-0.07086,-0.07013,-0.00206,0.22022,0.16254,-0.45432,-0.45753,-0.00579,0.78280,0.63283,-0.30381,-0.30248,0.00537,0.58493,0.44042,-0.66160,0.23375,-0.00682,5.94588,5.99810
58.0038,-3.60631,-3.21178,-4.60631,-3.21178,-4.60637,-3.21022,0.39363,1.78978,5.02761,5.01993,5.00000,5.00000,1.00000,0.00000,12,0.00029,-0.62382,-0.62268,0.00403,1.62347,1.62932,-0.13527,-0.13595,0.00180,-0.67847,-0.71305,-0.07086,-0.07007,0.00472,0.22829,0.14759,-0.45432,-0.45748,0.00387,0.76845,0.77298,-0.30381,-0.30252,-0.01125,0.58412,0.59088,-0.66160,0.23376,-0.00071,5.98763,5.88667
58.1069,-3.60665,-3.21574,-4.60665,-3.21574,-4.60717,-3.21490,0.39283,1.78510,5.02742,5.01965,5.00000,5.00000,1.00000,0.00000,12,0.00034,-0.62382,-0.62270,-0.00094,1.64521,1.64466,-0.13527,-0.13591,-0.00419,-0.68306,-0.76251,-0.07086,-0.07007,0.00069,0.25065,0.27351,-0.45432,-0.45748,-0.00133,0.71544,0.66460,-0.30381,-0.30249,0.00328,0.61939,0.56668,-0.66160,0.23375,-0.00665,5.99384,5.94415
58.2082,-3.60021,-3.21980,-4.60021,-3.21980,-4.60365,-3.21810,0.39635,1.78190,5.02614,5.02004,5.00000,5.00000,1.00000,0.00000,12,0.00027,-0.62382,-0.62271,-0.00038,1.62461,1.57413,-0.13527,-0.13586,0.00673,-0.68530,-0.62458,-0.07086,-0.07003,0.00760,0.27334,0.22136,-0.45432,-0.45747,0.00129,0.68182,0.73862,-0.30381,-0.30251,-0.00760,0.61816,0.64255,-0.66160,0.23377,0.00566,5.97092,6.16049
58.3113,-3.59950,-3.22126,-4.59950,-3.22126,-4.60097,-3.22105,0.39903,1.77895,5.02698,5.01942,5.00000,5.00000,1.00000,0.00000,12,0.00220,-0.62382,-0.62271,0.00104,1.64951,1.60250,-0.13527,-0.13583,0.00481,-0.68705,-0.68050,-0.07086,-0.07003,0.00663,0.28002,0.27642,-0.45432,-0.45744,0.00273,0.63392,0.64879,-0.30381,-0.30250,-0.00043,0.62920,0.60928,-0.66160,0.23373,-0.00753,5.95866,5.88839
58.4112,-3.60642,-3.22346,-4.60642,-3.22346,-4.60326,-3.22260,0.39674,1.77740,5.02897,5.01970,5.00000,5.00000,1.00000,0.00000,12,0.00039,-0.62382,-0.62273,-0.00235,1.67204,1.71851,-0.13527,-0.13580,-0.00119,-0.68937,-0.62503,-0.07086,-0.07003,0.00056,0.27785,0.28113,-0.45432,-0.45745,-0.01354,0.58775,0.52710,-0.30381,-0.30249,0.00404,0.66571,0.56864,-0.66160,0.23374,-0.00380,5.96911,6.04309
58.5140,-3.60389,-3.22657,-4.60389,-3.22657,-4.60543,-3.22476,0.39457,1.77524,5.02697,5.02013,5.00000,5.00000,1.00000,0.00000,12,0.00035,-0.62382,-0.62277,-0.00794,1.63468,1.62693,-0.13527,-0.13572,0.00402,-0.70066,-0.59302,-0.07086,-0.07004,-0.00053,0.30284,0.24857,-0.45432,-0.45741,-0.00230,0.53280,0.61820,-0.30381,-0.30251,-0.00480,0.67695,0.59326,-0.66160,0.23376,0.00296,5.96838,5.87880
58.6146,-3.60994,-3.22804,-4.60994,-3.22804,-4.60806,-3.22708,0.39194,1.77292,5.02846,5.01977,5.00000,5.00000,1.00000,0.00000,12,0.00026,-0.62382,-0.62276,0.00473,1.69144,1.81335,-0.13527,-0.13569,-0.00262,-0.70869,-0.77276,-0.07086,-0.07004,-0.00236,0.27793,0.29210,-0.45432,-0.45740,-0.00263,0.50409,0.52235,-0.30381,-0.30250,-0.00054,0.64349,0.66663,-0.66160,0.23374,-0.00025,5.99400,5.78083
58.7165,-3.60580,-3.23236,-4.60580,-3.23236,-4.60721,-3.23028,0.39279,1.76972,5.02704,5.02027,5.00000,5.00000,1.00000,0.00000,12,0.00052,-0.62382,-0.62279,0.00198,1.71091,1.67799,-0.13527,-0.13566,-0.00547,-0.70444,-0.69763,-0.07086,-0.07002,0.00223,0.30888,0.33503,-0.45432,-0.45736,0.00170,0.50449,0.48161,-0.30381,-0.30250,0.00029,0.70198,0.69788,-0.66160,0.23373,-0.00364,5.94678,5.95332
58.8223,-3.60575,-3.23782,-4.60575,-3.23782,-4.60699,-3.23617,0.39301,1.76383,5.02711,5.02012,5.00000,5.00000,1.00000,0.00000,12,0.00347,-0.62382,-0.62276,0.00983,1.72876,1.72945,-0.13527,-0.13558,-0.00462,-0.68958,-0.75368,-0.07086,-0.07003,-0.00262,0.32974,0.38999,-0.45432,-0.45734,0.00270,0.47889,0.44605,-0.30381,-0.30250,0.00105,0.71354,0.67323,-0.66160,0.23377,0.01177,5.97484,5.90064
58.9199,-3.60911,-3.24426,-4.60911,-3.24426,-4.60817,-3.24164,0.39183,1.75836,5.02805,5.02057,5.00000,5.00000,1.00000,0.00000,12,0.00037,-0.62382,-0.62281,-0.00106,1.72366,1.73761,-0.13527,-0.13549,0.00634,-0.68599,-0.63344,-0.07086,-0.07003,0.00059,0.31143,0.28360,-0.45432,-0.45731,0.00211,0.38718,0.50466,-0.30381,-0.30252,-0.00629,0.73357,0.83547,-0.66160,0.23375,-0.00270,5.97443,5.99875
59.0208,-3.60806,-3.24814,-4.60806,-3.24814,-4.60899,-3.24596,0.39101,1.75404,5.02726,5.02041,5.00000,5.00000,1.00000,0.00000,12,0.00046,-0.62382,-0.62282,0.00127,1.72598,1.74966,-0.13527,-0.13548,-0.00148,-0.68914,-0.74576,-0.07086,-0.07003,0.00200,0.33516,0.40084,-0.45432,-0.45728,0.00271,0.37755,0.36933,-0.30381,-0.30250,0.00644,0.76491,0.70848,-0.66160,0.23376,0.01198,5.95262,5.93468
59.1230,-3.60673,-3.24592,-4.60673,-3.24592,-4.60665,-3.24684,0.39335,1.75316,5.02768,5.01909,5.00000,5.00000,1.00000,0.00000,12,0.00047,-0.62382,-0.62283,0.00028,1.76424,1.64605,-0.13527,-0.13546,-0.00422,-0.72015,-0.57204,-0.07086,-0.07004,0.00012,0.33477,0.31854,-0.45432,-0.45725,-0.00107,0.35134,0.49509,-0.30381,-0.30252,-0.00207,0.77424,0.72469,-0.66160,0.23375,0.00381,5.96689,5.91476
59.2260,-3.60260,-3.24796,-4.60260,-3.24796,-4.60359,-3.24672,0.39641,1.75328,5.02720,5.02002,5.00000,5.00000,1.00000,0.00000,12,0.00037,-0.62382,-0.62285,0.00318,1.77235,1.70796,-0.13527,-0.13543,0.00232,-0.68306,-0.69261,-0.07086,-0.07003,-0.00093,0.37749,0.32068,-0.45432,-0.45722,-0.00569,0.31607,0.31879,-0.30381,-0.30252,-0.00255,0.78929,0.82672,-0.66160,0.23377,0.01407,5.99190,6.02277
59.3265,-3.60198,-3.24979,-4.60198,-3.24979,-4.60302,-3.24905,0.39698,1.75095,5.02717,5.01981,5.00000,5.00000,1.00000,0.00000,12,0.00033,-0.62382,-0.62288,-0.00135,1.78171,1.81654,-0.13527,-0.13542,-0.00269,-0.69516,-0.65189,-0.07086,-0.07002,0.00487,0.37697,0.45513,-0.45432,-0.45718,-0.00924,0.26004,0.20454,-0.30381,-0.30252,-0.00114,0.77780,0.70645,-0.66160,0.23373,-0.00408,5.96840,5.97999
59.4286,-3.60399,-3.25012,-4.60399,-3.25012,-4.60338,-3.25052,0.39662,1.74948,5.02788,5.01933,5.00000,5.00000,1.00000,0.00000,12,0.00028,-0.62382,-0.62290,-0.00445,1.77366,1.71202,-0.13527,-0.13541,-0.00385,-0.69583,-0.73608,-0.07086,-0.07003,0.00117,0.37039,0.40829,-0.45432,-0.45714,-0.00291,0.23604,0.33399,-0.30381,-0.30253,-0.00895,0.79162,0.86245,-0.66160,0.23374,-0.00354,5.97390,5.99757
59.5302,-3.60193,-3.25130,-3.60193,-3.25130,-3.84281,-3.25022,0.51809,1.74978,4.36089,5.01996,4.36089,5.00000,0.00000,0.00000,8,0.00077,-0.61110,-0.62251,0.00514,0.79754,0.63494,-0.16514,-0.13731,-0.15457,1.16767,1.26493,-0.09882,-0.07148,-0.01044,2.78320,2.82407,-0.44238,-0.45513,0.07895,-0.41292,-0.27866,-0.28669,-0.30248,-0.00763,-0.74316,-0.41636,-0.64457,0.23373,-0.00179,5.98055,5.98747
59.6311,-3.56534,-3.21046,-3.56534,-3.21046,-3.62096,-3.23013,0.62868,1.76987,4.24964,5.01095,4.24964,5.00000,0.00000,0.00000,8,0.00042,-0.60888,-0.62211,-0.00060,0.59234,0.61814,-0.17034,-0.14174,-0.00055,1.76597,1.87972,-0.10369,-0.07259,-0.00845,2.98397,2.91392,-0.44030,-0.44396,0.02624,0.03232,0.05218,-0.28371,-0.30235,0.00900,-0.83968,-0.69405,-0.64161,0.23375,0.00038,5.97233,5.86200
59.7330,-3.55727,-3.20688,-3.55727,-3.20688,-3.56906,-3.21288,0.73620,1.78712,4.30525,5.01670,4.30525,5.00000,0.00000,0.00000,8,0.00027,-0.60999,-0.62205,-0.00230,0.58578,0.53543,-0.16774,-0.14194,-0.00693,1.76568,1.66786,-0.10125,-0.07326,-0.01117,2.98269,2.91048,-0.44134,-0.44326,0.01133,0.13619,0.17861,-0.28520,-0.30238,-0.01074,-0.95026,-0.89054,-0.64309,0.23374,-0.00397,5.96241,5.89607
59.8343,-3.55784,-3.20343,-3.55784,-3.20343,-3.56053,-3.20688,0.84309,1.79312,4.40362,5.01776,4.40362,5.00000,0.00000,0.00000,8,0.00026,-0.61195,-0.62206,-0.01291,0.55979,0.45113,-0.16314,-0.14200,-0.01164,1.68820,1.68257,-0.09695,-0.07384,-0.01019,2.92931,2.93307,-0.44318,-0.44332,-0.00555,0.24130,0.17715,-0.28783,-0.30234,0.01334,-0.91247,-0.85737,-0.64570,0.23374,0.00232,5.96947,6.01598
59.9360,-3.56060,-3.20428,-3.56060,-3.20428,-3.55923,-3.20428,0.94987,1.79572,4.50910,5.01923,4.50910,5.00000,0.00000,0.00000,8,0.00028,-0.61405,-0.62203,-0.00115,0.60569,0.58730,-0.15821,-0.14201,-0.00748,1.58052,1.67529,-0.09233,-0.07423,-0.00513,2.86334,2.91925,-0.44515,-0.44338,-0.00463,0.34139,0.30508,-0.29065,-0.30235,0.00551,-0.89496,-0.95250,-0.64851,0.23370,-0.01167,5.95817,5.94891
60.0366,-3.55833,-3.20046,-3.55833,-3.20046,-3.55785,-3.20108,1.05662,1.79892,4.61447,5.01894,4.61447,5.00000,0.00000,0.00000,8,0.00028,-0.61615,-0.62204,-0.00606,0.63794,0.60180,-0.15328,-0.14198,-0.00095,1.52880,1.66108,-0.08772,-0.07442,0.00353,2.80198,2.71233,-0.44712,-0.44344,0.01565,0.53389,0.53125,-0.29347,-0.30237,0.00002,-0.83029,-0.99204,-0.65132,0.23374,-0.00076,5.99344,6.02014
60.1381,-3.55624,-3.19221,-3.55624,-3.19221,-3.55745,-3.19527,1.16336,1.80473,4.72081,5.01786,4.72081,5.00000,0.00000,0.00000,8,0.00028,-0.61827,-0.62205,-0.00222,0.72088,0.80464,-0.14831,-0.14198,0.00361,1.34358,1.17990,-0.08306,-0.07448,-0.00021,2.64899,2.52598,-0.44911,-0.44360,-0.00818,0.64446,0.81994,-0.29632,-0.30238,-0.00671,-0.74620,-0.79276,-0.65415,0.23374,0.00122,5.95755,5.96793
60.2391,-3.55948,-3.19250,-3.55948,-3.19250,-3.55809,-3.19302,1.27008,1.80698,4.82817,5.01893,4.82817,5.00000,0.00000,0.00000,8,0.00027,-0.62040,-0.62209,-0.00382,0.82342,0.88551,-0.14330,-0.14199,-0.00650,1.07636,1.12382,-0.07837,-0.07444,0.00487,2.47494,2.51772,-0.45112,-0.44378,-0.00714,0.83805,0.64838,-0.29920,-0.30237,0.00003,-0.63267,-0.76599,-0.65701,0.23373,-0.00191,5.94486,6.00836
60.3398,-3.55629,-3.18851,-3.55629,-3.18851,-3.55713,-3.19028,1.37681,1.80972,4.93394,5.01838,4.93394,5.00000,0.00000,0.00000,8,0.00038,-0.62250,-0.62212,-0.00863,0.91129,0.89114,-0.13836,-0.14196,0.00391,0.73201,0.80772,-0.07374,-0.07436,0.00201,2.17041,2.20576,-0.45309,-0.44405,-0.01114,1.05354,1.00523,-0.30204,-0.30235,0.00925,-0.46544,-0.39050,-0.65984,0.23373,-0.00218,5.99220,5.88671
60.4412,-3.55605,-3.18798,-3.55605,-3.18798,-3.55632,-3.18913,1.44368,1.81087,5.02122,5.01864,5.00000,5.00000,0.00000,0.00000,12,0.00032,-0.62382,-0.62217,0.00405,1.07791,0.99732,-0.13527,-0.14195,-0.00015,0.40194,0.45778,-0.07086,-0.07427,0.00026,1.87173,1.84975,-0.45432,-0.44441,-0.00638,1.25270,1.34961,-0.30381,-0.30239,-0.00585,-0.31391,-0.27237,-0.66160,0.23375,0.00749,5.96405,6.01588
60.5437,-3.55595,-3.18278,-3.55595,-3.18278,-3.55603,-3.18560,1.44397,1.81440,5.02131,5.01790,5.00000,5.00000,0.00000,0.00000,12,0.00028,-0.62382,-0.62218,-0.00461,1.03558,1.01405,-0.13527,-0.14193,0.00593,0.41728,0.47775,-0.07086,-0.07427,0.00171,1.95102,1.92512,-0.45432,-0.44462,-0.00341,1.34437,1.35773,-0.30381,-0.30238,0.00238,-0.33803,-0.50592,-0.66160,0.23372,-0.00308,5.99400,6.08538
60.6471,-3.55720,-3.17928,-3.55720,-3.17928,-3.55659,-3.18087,1.44341,1.81913,5.02160,5.01840,5.00000,5.00000,0.00000,0.00000,12,0.00102,-0.62382,-0.62219,-0.00686,1.04425,1.10982,-0.13527,-0.14193,0.00588,0.34174,0.42731,-0.07086,-0.07424,0.01012,1.92578,1.93357,-0.45432,-0.44480,-0.00072,1.45521,1.41292,-0.30381,-0.30239,0.00072,-0.33430,-0.30890,-0.66160,0.23373,-0.00256,5.96430,5.95553
60.7487,-3.55267,-3.17487,-3.55267,-3.17487,-3.55433,-3.17666,1.44567,1.82334,5.02061,5.01829,5.00000,5.00000,0.00000,0.00000,12,0.00029,-0.62382,-0.62218,-0.00144,1.08324,0.92986,-0.13527,-0.14193,0.00273,0.25744,0.29162,-0.07086,-0.07425,-0.00282,1.83867,1.77695,-0.45432,-0.44508,0.00389,1.54593,1.38598,-0.30381,-0.30237,0.00685,-0.31976,-0.25743,-0.66160,0.23372,-0.00399,5.97460,5.89441
60.8493,-3.55115,-3.16924,-3.55115,-3.16924,-3.55218,-3.17220,1.44782,1.82780,5.02087,5.01776,5.00000,5.00000,0.00000,0.00000,12,0.00025,-0.62382,-0.62220,-0.00220,1.09078,1.14164,-0.13527,-0.14191,-0.00144,0.17338,0.14777,-0.07086,-0.07425,-0.00448,1.82110,1.97019,-0.45432,-0.44534,-0.00705,1.59921,1.57106,-0.30381,-0.30239,-0.00217,-0.31243,-0.26736,-0.66160,0.23373,-0.00028,5.97862,5.97090
60.9502,-3.54965,-3.16963,-3.54965,-3.16963,-3.55031,-3.17011,1.44969,1.82989,5.02102,5.01881,5.00000,5.00000,0.00000,0.00000,12,0.00036,-0.62382,-0.62223,-0.00688,1.11153,1.11379,-0.13527,-0.14188,0.00946,0.10664,0.18671,-0.07086,-0.07422,0.00099,1.78583,1.83116,-0.45432,-0.44557,0.00382,1.73025,1.77970,-0.30381,-0.30238,0.00325,-0.26765,-0.26400,-0.66160,0.23373,-0.00320,5.96914,5.70848
61.0512,-3.55046,-3.16601,-3.55046,-3.16601,-3.54961,-3.16831,1.45039,1.83169,5.02166,5.01803,5.00000,5.00000,0.00000,0.00000,12,0.00030,-0.62382,-0.62223,-0.00335,1.13829,1.01025,-0.13527,-0.14187,0.00468,0.01671,0.09103,-0.07086,-0.07421,0.00199,1.75404,1.79890,-0.45432,-0.44593,-0.00960,1.80534,1.77742,-0.30381,-0.30240,-0.00616,-0.29105,-0.16529,-0.66160,0.23374,0.00504,5.95593,5.99897
61.1535,-3.55539,-3.16545,-3.55539,-3.16545,-3.55254,-3.16620,1.44746,1.83380,5.02254,5.01868,5.00000,5.00000,0.00000,0.00000,12,0.00150,-0.62382,-0.62222,0.00653,1.16183,1.02816,-0.13527,-0.14185,-0.00461,-0.07845,-0.20205,-0.07086,-0.07418,0.00862,1.72051,1.77772,-0.45432,-0.44648,-0.00262,1.86475,2.03038,-0.30381,-0.30237,0.00785,-0.24776,-0.27786,-0.66160,0.23373,0.00003,5.98223,5.85895
61.2549,-3.55471,-3.16470,-3.55471,-3.16470,-3.55426,-3.16560,1.44574,1.83440,5.02152,5.01861,5.00000,5.00000,0.00000,0.00000,12,0.00026,-0.62382,-0.62222,0.00725,1.18423,1.10058,-0.13527,-0.14182,-0.00009,-0.15858,-0.07906,-0.07086,-0.07419,-0.00667,1.65729,1.60551,-0.45432,-0.44721,-0.00961,1.88831,1.96457,-0.30381,-0.30237,0.00714,-0.20047,-0.16969,-0.66160,0.23373,0.00119,5.97628,5.96508
61.3561,-3.55629,-3.16670,-3.55629,-3.16670,-3.55503,-3.16553,1.44497,1.83447,5.02187,5.01949,5.00000,5.00000,0.00000,0.00000,12,0.00037,-0.62382,-0.62227,-0.00283,1.17666,1.23763,-0.13527,-0.14176,-0.00433,-0.21437,-0.16915,-0.07086,-0.07414,0.00590,1.61615,1.52137,-0.45432,-0.44792,-0.00454,1.91830,1.84299,-0.30381,-0.30240,-0.00782,-0.21211,-0.29124,-0.66160,0.23373,-0.00156,5.97981,6.01204
61.4590,-3.55536,-3.17041,-3.55536,-3.17041,-3.55509,-3.16885,1.44491,1.83115,5.02145,5.01968,5.00000,5.00000,0.00000,0.00000,12,0.00029,-0.62382,-0.62227,-0.00314,1.19431,1.26269,-0.13527,-0.14165,-0.00301,-0.31894,-0.25784,-0.07086,-0.07413,0.00485,1.58280,1.70052,-0.45432,-0.44877,-0.00907,1.94994,1.78679,-0.30381,-0.30239,-0.00103,-0.20249,-0.28690,-0.66160,0.23373,0.00089,5.96330,5.97365
61.5620,-3.56024,-3.17475,-3.56024,-3.17475,-3.55884,-3.17195,1.44116,1.82805,5.02195,5.02023,5.00000,5.00000,0.00000,0.00000,12,0.00111,-0.62382,-0.62226,0.00435,1.23928,1.38967,-0.13527,-0.14146,0.00727,-0.35193,-0.38768,-0.07086,-0.07411,0.00521,1.55197,1.48994,-0.45432,-0.44992,-0.02175,1.90046,1.90900,-0.30381,-0.30240,-0.00525,-0.20404,-0.09913,-0.66160,0.23372,-0.00699,5.95087,6.20653
61.6627,-3.56709,-3.17847,-3.56709,-3.17847,-3.56390,-3.17745,1.43610,1.82255,5.02275,5.01950,5.00000,5.00000,0.00000,0.00000,12,0.00026,-0.62382,-0.62229,-0.00428,1.25151,1.30461,-0.13527,-0.14131,0.00130,-0.42211,-0.41207,-0.07086,-0.07410,0.00023,1.50802,1.44994,-0.45432,-0.45137,-0.02348,1.85635,1.78853,-0.30381,-0.30237,0.00855,-0.12739,-0.15800,-0.66160,0.23373,0.00475,5.99400,5.88441
61.7639,-3.56702,-3.18816,-3.56702,-3.18816,-3.56731,-3.18427,1.43269,1.81573,5.02128,5.02077,5.00000,5.00000,0.00000,0.00000,12,0.00029,-0.62382,-0.62229,-0.00454,1.26445,1.07161,-0.13527,-0.14109,-0.00059,-0.49880,-0.49189,-0.07086,-0.07409,-0.00269,1.46169,1.42155,-0.45432,-0.45286,-0.01745,1.75858,1.85259,-0.30381,-0.30238,0.00184,-0.13771,-0.02353,-0.66160,0.23372,-0.00171,5.97292,5.94473
61.8659,-3.57055,-3.18860,-3.57055,-3.18860,-3.57004,-3.18792,1.42996,1.81208,5.02164,5.01942,5.00000,5.00000,0.00000,0.00000,12,0.00038,-0.62382,-0.62229,-0.00210,1.29183,1.30636,-0.13527,-0.14064,0.00647,-0.50553,-0.43174,-0.07086,-0.07405,0.00118,1.42222,1.37020,-0.45432,-0.45451,-0.02227,1.67443,1.70894,-0.30381,-0.30240,-0.00444,-0.14771,-0.06520,-0.66160,0.23370,-0.01255,5.96208,5.91540
61.9671,-3.57724,-3.19467,-3.57724,-3.19467,-3.57414,-3.19295,1.42586,1.80705,5.02277,5.01989,5.00000,5.00000,0.00000,0.00000,12,0.00032,-0.62382,-0.62230,0.00505,1.32466,1.33015,-0.13527,-0.14006,0.00929,-0.53555,-0.62912,-0.07086,-0.07404,0.00008,1.39128,1.33767,-0.45432,-0.45616,-0.02259,1.54973,1.49668,-0.30381,-0.30239,-0.00111,-0.11351,-0.16373,-0.66160,0.23373,0.00203,5.94903,5.87417
62.0684,-3.58337,-3.19943,-3.58337,-3.19943,-3.58161,-3.19722,1.41839,1.80278,5.02224,5.02013,5.00000,5.00000,0.00000,0.00000,12,0.00035,-0.62382,-0.62233,0.00304,1.32238,1.40598,-0.13527,-0.13901,0.02520,-0.46393,-0.50899,-0.07086,-0.07402,0.00179,1.33570,1.36099,-0.45432,-0.45704,-0.00797,1.49393,1.58503,-0.30381,-0.30239,0.00033,-0.06021,-0.08531,-0.66160,0.23373,0.00559,5.98105,5.98103
62.1703,-3.58587,-3.20427,-3.58587,-3.20427,-3.58484,-3.20210,1.41516,1.79790,5.02195,5.02014,5.00000,5.00000,0.00000,0.00000,12,0.00041,-0.62382,-0.62235,-0.00039,1.31742,1.21405,-0.13527,-0.13804,0.00904,-0.48943,-0.47639,-0.07086,-0.07401,-0.00338,1.32203,1.27895,-0.45432,-0.45732,-0.00158,1.47052,1.48055,-0.30381,-0.30240,-0.00095,-0.08302,-0.14274,-0.66160,0.23372,-0.00799,5.95096,5.98698
62.2717,-3.58294,-3.20714,-3.58294,-3.20714,-3.58424,-3.20554,1.41576,1.79446,5.02095,5.01992,5.00000,5.00000,0.00000,0.00000,12,0.00035,-0.62382,-0.62236,-0.00235,1.32119,1.36375,-0.13527,-0.13762,0.00260,-0.48765,-0.44981,-0.07086,-0.07398,-0.00284,1.26878,1.23294,-0.45432,-0.45744,-0.00180,1.42387,1.49369,-0.30381,-0.30241,-0.00580,-0.08937,-0.09876,-0.66160,0.23370,-0.01071,5.96253,5.78527
62.3733,-3.58174,-3.21102,-3.58174,-3.21102,-3.58250,-3.20916,1.41750,1.79084,5.02117,5.02005,5.00000,5.00000,0.00000,0.00000,12,0.00036,-0.62382,-0.62236,0.00491,1.36402,1.31347,-0.13527,-0.13744,0.00096,-0.50523,-0.41668,-0.07086,-0.07397,-0.00311,1.23791,1.35301,-0.45432,-0.45750,-0.00142,1.34164,1.47640,-0.30381,-0.30241,-0.00442,-0.06550,-0.17997,-0.66160,0.23373,0.00921,5.99400,5.98144
62.4737,-3.58088,-3.21233,-3.58088,-3.21233,-3.58075,-3.21160,1.41925,1.78840,5.02154,5.01958,5.00000,5.00000,0.00000,0.00000,12,0.00025,-0.62382,-0.62241,-0.00613,1.38079,1.56889,-0.13527,-0.13726,-0.00909,-0.55288,-0.55951,-0.07086,-0.07394,0.00076,1.19275,1.10948,-0.45432,-0.45751,0.00120,1.34513,1.12703,-0.30381,-0.30242,-0.01726,-0.03410,-0.09064,-0.66160,0.23372,-0.00310,5.97463,5.98228
62.5757,-3.58305,-3.21463,-4.58305,-3.21463,-4.41425,-3.21468,0.58575,1.78532,5.09883,5.01926,5.00000,5.00000,1.00000,0.00000,12,0.00026,-0.62382,-0.62240,0.00183,1.39528,1.29013,-0.13527,-0.13714,-0.00173,-0.54596,-0.45581,-0.07086,-0.07390,0.00536,1.19283,1.17423,-0.45432,-0.45752,-0.00470,1.31420,1.33783,-0.30381,-0.30241,-0.00436,-0.03182,-0.01388,-0.66160,0.23374,0.01217,5.99400,5.94231
62.6773,-3.58864,-3.21604,-4.58864,-3.21604,-4.55725,-3.21571,0.44275,1.78429,5.04080,5.01943,5.00000,5.00000,1.00000,0.00000,12,0.00028,-0.62382,-0.62241,0.00266,1.44286,1.45139,-0.13527,-0.13703,-0.00334,-0.57497,-0.51893,-0.07086,-0.07389,0.00173,1.12236,1.06824,-0.45432,-0.45750,0.00588,1.25816,1.21737,-0.30381,-0.30239,-0.00042,0.02326,-0.05897,-0.66160,0.23370,-0.01159,5.91782,5.97201
62.7791,-3.58716,-3.21785,-4.58716,-3.21785,-4.58212,-3.21695,0.41788,1.78304,5.02965,5.01968,5.00000,5.00000,1.00000,0.00000,12,0.00041,-0.62382,-0.62246,-0.00340,1.41110,1.41264,-0.13527,-0.13689,0.00514,-0.57870,-0.59965,-0.07086,-0.07387,-0.00498,1.10466,1.10486,-0.45432,-0.45751,-0.00285,1.21728,1.30314,-0.30381,-0.30241,-0.00388,0.00657,-0.00710,-0.66160,0.23373,0.00367,5.95272,5.88187
62.8810,-3.58404,-3.21967,-4.58404,-3.21967,-4.58387,-3.21816,0.41613,1.78184,5.02758,5.01996,5.00000,5.00000,1.00000,0.00000,12,0.00028,-0.62382,-0.62248,-0.00132,1.45444,1.44041,-0.13527,-0.13675,0.00020,-0.59758,-0.51211,-0.07086,-0.07384,-0.00278,1.06261,1.14715,-0.45432,-0.45750,0.00023,1.19452,1.16592,-0.30381,-0.30241,-0.00189,0.02900,0.01064,-0.66160,0.23371,-0.00510,5.95142,5.98792
62.9835,-3.58678,-3.21964,-4.58678,-3.21964,-4.58515,-3.22057,0.41485,1.77943,5.02821,5.01893,5.00000,5.00000,1.00000,0.00000,12,0.00031,-0.62382,-0.62249,0.00163,1.47636,1.38981,-0.13527,-0.13664,-0.00187,-0.58554,-0.72802,-0.07086,-0.07381,-0.00115,1.01467,0.99884,-0.45432,-0.45749,-0.00146,1.15539,1.08823,-0.30381,-0.30240,-0.00108,0.08695,0.03481,-0.66160,0.23373,0.00618,5.98304,5.94821
63.0855,-3.58669,-3.21906,-4.58669,-3.21906,-4.58700,-3.22020,0.41300,1.77980,5.02739,5.01883,5.00000,5.00000,1.00000,0.00000,12,0.00032,-0.62382,-0.62251,0.00084,1.44691,1.45762,-0.13527,-0.13657,-0.00075,-0.58914,-0.59609,-0.07086,-0.07380,-0.00424,0.99552,1.06187,-0.45432,-0.45749,-0.00072,1.12058,1.06004,-0.30381,-0.30239,0.00244,0.11642,0.05516,-0.66160,0.23373,-0.00007,5.96919,5.96737
63.1866,-3.58537,-3.21756,-4.58537,-3.21756,-4.58613,-3.21846,0.41387,1.78154,5.02719,5.01892,5.00000,5.00000,1.00000,0.00000,12,0.00032,-0.62382,-0.62253,0.00238,1.48761,1.41333,-0.13527,-0.13649,0.00635,-0.60402,-0.62005,-0.07086,-0.07375,-0.00043,0.94973,0.83811,-0.45432,-0.45748,-0.00324,1.04453,1.06073,-0.30381,-0.30241,-0.00168,0.11000,0.09940,-0.66160,0.23375,0.01279,5.98935,5.94403
63.2902,-3.58182,-3.21930,-4.58182,-3.21930,-4.58297,-3.21932,0.41703,1.78068,5.02701,5.01931,5.00000,5.00000,1.00000,0.00000,12,0.00120,-0.62382,-0.62251,0.00596,1.52199,1.56201,-0.13527,-0.13639,0.00400,-0.62568,-0.52706,-0.07086,-0.07373,-0.00023,0.92784,0.97771,-0.45432,-0.45745,0.00845,1.06032,1.02543,-0.30381,-0.30240,0.00306,0.11837,0.09948,-0.66160,0.23372,-0.00297,5.96157,5.91011
63.3903,-3.57880,-3.22212,-4.57880,-3.22212,-4.58072,-3.22177,0.41928,1.77823,5.02666,5.01948,5.00000,5.00000,1.00000,0.00000,12,0.00028,-0.62382,-0.62256,0.00021,1.49517,1.48716,-0.13527,-0.13635,0.00081,-0.65938,-0.57356,-0.07086,-0.07369,0.00113,0.91788,0.88520,-0.45432,-0.45745,0.00096,0.99863,1.05739,-0.30381,-0.30242,-0.00735,0.12562,0.17281,-0.66160,0.23370,-0.00670,5.95918,6.16425
63.4912,-3.58388,-3.22507,-4.58388,-3.22507,-4.58209,-3.22408,0.41791,1.77592,5.02826,5.01977,5.00000,5.00000,1.00000,0.00000,12,0.00042,-0.62382,-0.62258,-0.00273,1.52127,1.52218,-0.13527,-0.13628,-0.00253,-0.64397,-0.60443,-0.07086,-0.07368,-0.00110,0.85497,0.80547,-0.45432,-0.45745,-0.00540,0.95845,0.98007,-0.30381,-0.30239,0.00665,0.16833,0.14586,-0.66160,0.23371,-0.00532,5.98592,5.90982
63.5948,-3.58266,-3.22757,-4.58266,-3.22757,-4.58389,-3.22651,0.41611,1.77349,5.02697,5.01981,5.00000,5.00000,1.00000,0.00000,12,0.00101,-0.62382,-0.62262,-0.01275,1.51425,1.56659,-0.13527,-0.13622,0.00349,-0.63235,-0.57047,-0.07086,-0.07364,0.00250,0.81984,0.85201,-0.45432,-0.45742,0.00194,0.94393,0.93437,-0.30381,-0.30240,-0.00222,0.18236,0.19270,-0.66160,0.23371,-0.00120,5.96905,5.94321
63.6950,-3.58266,-3.23042,-4.58266,-3.23042,-4.58371,-3.22898,0.41629,1.77102,5.02706,5.01999,5.00000,5.00000,1.00000,0.00000,12,0.00027,-0.62382,-0.62261,0.00240,1.58073,1.52867,-0.13527,-0.13620,0.00532,-0.65475,-0.64712,-0.07086,-0.07363,-0.00646,0.76698,0.72615,-0.45432,-0.45743,-0.00955,0.86291,1.03408,-0.30381,-0.30239,0.00888,0.17889,0.16205,-0.66160,0.23372,-0.00037,5.96124,5.90994
63.7959,-3.57891,-3.23166,-4.57891,-3.23166,-4.58001,-3.23123,0.41999,1.76877,5.02701,5.01957,5.00000,5.00000,1.00000,0.00000,12,0.00035,-0.62382,-0.62265,-0.00634,1.57436,1.63014,-0.13527,-0.13617,-0.00817,-0.69239,-0.64646,-0.07086,-0.07358,-0.00367,0.73518,0.90217,-0.45432,-0.45739,0.00498,0.86292,0.79467,-0.30381,-0.30242,-0.00731,0.19357,0.18913,-0.66160,0.23373,0.00541,5.99047,6.08920
63.8982,-3.57431,-3.23361,-4.57431,-3.23361,-4.57688,-3.23274,0.42312,1.76726,5.02636,5.01977,5.00000,5.00000,1.00000,0.00000,12,0.00078,-0.62382,-0.62267,-0.00768,1.60723,1.66641,-0.13527,-0.13609,-0.00256,-0.70119,-0.74866,-0.07086,-0.07353,0.00212,0.74842,0.78497,-0.45432,-0.45738,0.00091,0.81746,0.74190,-0.30381,-0.30242,-0.00698,0.21302,0.24872,-0.66160,0.23373,0.00238,5.95411,6.09676
64.0004,-3.57523,-3.23146,-4.57523,-3.23146,-4.57539,-3.23169,0.42461,1.76831,5.02738,5.01929,5.00000,5.00000,1.00000,0.00000,12,0.00186,-0.62382,-0.62266,-0.00144,1.61339,1.62509,-0.13527,-0.13599,-0.00050,-0.67596,-0.63387,-0.07086,-0.07351,0.00499,0.70909,0.73965,-0.45432,-0.45738,-0.00186,0.77108,0.79245,-0.30381,-0.30240,0.00266,0.26740,0.16303,-0.66160,0.23370,-0.00907,5.96921,6.01522
64.1005,-3.57720,-3.23704,-4.57720,-3.23704,-4.57626,-3.23502,0.42374,1.76498,5.02786,5.02027,5.00000,5.00000,1.00000,0.00000,12,0.00036,-0.62382,-0.62268,0.00429,1.63373,1.42346,-0.13527,-0.13595,0.00358,-0.68490,-0.70095,-0.07086,-0.07349,-0.00024,0.67354,0.53429,-0.45432,-0.45735,0.00389,0.73818,0.67577,-0.30381,-0.30241,0.00033,0.27230,0.32743,-0.66160,0.23372,0.00148,5.96504,6.01112
64.2016,-3.57993,-3.24080,-4.57993,-3.24080,-4.57982,-3.23901,0.42018,1.76099,5.02752,5.02020,5.00000,5.00000,1.00000,0.00000,12,0.00027,-0.62382,-0.62272,-0.00959,1.58126,1.63068,-0.13527,-0.13592,0.00416,-0.67301,-0.60322,-0.07086,-0.07344,0.00330,0.65038,0.57530,-0.45432,-0.45735,0.00020,0.71774,0.76261,-0.30381,-0.30239,0.00593,0.28360,0.26328,-0.66160,0.23369,-0.00967,5.95455,6.02553
64.3031,-3.58548,-3.24467,-4.58548,-3.24467,-4.58215,-3.24248,0.41785,1.75752,5.02892,5.02039,5.00000,5.00000,1.00000,0.00000,12,0.00034,-0.62382,-0.62272,-0.00128,1.63729,1.66123,-0.13527,-0.13590,-0.01025,-0.70999,-0.74960,-0.07086,-0.07341,-0.00745,0.60004,0.69163,-0.45432,-0.45733,0.01202,0.70562,0.70367,-0.30381,-0.30240,0.00230,0.28754,0.20594,-0.66160,0.23371,-0.00641,5.95787,5.95116
64.4045,-3.58463,-3.24620,-4.58463,-3.24620,-4.58458,-3.24495,0.41542,1.75505,5.02753,5.02000,5.00000,5.00000,1.00000,0.00000,12,0.00036,-0.62382,-0.62271,0.00556,1.68904,1.51263,-0.13527,-0.13582,-0.00182,-0.74034,-0.70042,-0.07086,-0.07337,-0.00130,0.58218,0.60010,-0.45432,-0.45734,-0.00390,0.61112,0.67913,-0.30381,-0.30241,0.00016,0.29074,0.31913,-0.66160,0.23372,0.00534,5.97436,5.98467
64.5048,-3.58404,-3.24879,-4.58404,-3.24879,-4.58466,-3.24816,0.41534,1.75184,5.02724,5.01976,5.00000,5.00000,1.00000,0.00000,12,0.00025,-0.62382,-0.62273,0.00768,1.70114,1.58094,-0.13527,-0.13580,-0.00159,-0.70577,-0.65074,-0.07086,-0.07333,0.00012,0.54584,0.56298,-0.45432,-0.45729,0.00677,0.60493,0.44129,-0.30381,-0.30242,-0.00403,0.32341,0.19774,-0.66160,0.23373,0.01144,5.99400,5.96354
64.6059,-3.58130,-3.25221,-4.58130,-3.25221,-4.58236,-3.25083,0.41764,1.74917,5.02704,5.02010,5.00000,5.00000,1.00000,0.00000,12,0.00028,-0.62382,-0.62278,-0.00571,1.70745,1.66634,-0.13527,-0.13577,-0.00226,-0.72648,-0.77241,-0.07086,-0.07329,-0.00193,0.53396,0.60027,-0.45432,-0.45728,0.00458,0.56743,0.52895,-0.30381,-0.30241,0.00114,0.36133,0.46739,-0.66160,0.23374,0.01541,5.99400,5.95269
64.7080,-3.57888,-3.25227,-4.57889,-3.25227,-4.58028,-3.25217,0.41972,1.74783,5.02688,5.01955,5.00000,5.00000,1.00000,0.00000,12,0.00033,-0.62382,-0.62277,0.00918,1.70821,1.68124,-0.13527,-0.13574,-0.00522,-0.71967,-0.69189,-0.07086,-0.07323,-0.00122,0.50765,0.51713,-0.45432,-0.45726,0.00039,0.52865,0.58365,-0.30381,-0.30241,-0.00208,0.36890,0.30795,-0.66160,0.23371,-0.00098,5.95942,5.99237
64.8088,-3.57870,-3.25219,-4.57870,-3.25219,-4.57895,-3.25177,0.42105,1.74823,5.02737,5.01969,5.00000,5.00000,1.00000,0.00000,12,0.00027,-0.62382,-0.62277,0.00645,1.73927,1.68044,-0.13527,-0.13572,-0.00615,-0.72119,-0.69159,-0.07086,-0.07318,-0.00499,0.46597,0.43507,-0.45432,-0.45725,-0.00268,0.49265,0.49030,-0.30381,-0.30242,-0.00265,0.37884,0.39187,-0.66160,0.23370,-0.00098,5.97189,5.95476
64.9122,-3.57847,-3.25397,-4.57847,-3.25397,-4.57856,-3.25262,0.42144,1.74738,5.02743,5.02009,5.00000,5.00000,1.00000,0.00000,12,0.00031,-0.62382,-0.62282,0.00537,1.72551,1.78972,-0.13527,-0.13565,0.00454,-0.71360,-0.69553,-0.07086,-0.07314,-0.00478,0.46374,0.45061,-0.45432,-0.45721,0.00233,0.45661,0.44810,-0.30381,-0.30239,0.00822,0.41317,0.34915,-0.66160,0.23372,0.00553,5.99400,5.87502
65.0138,-3.58090,-3.25432,-4.58090,-3.25432,-4.58027,-3.25425,0.41973,1.74575,5.02775,5.01956,5.00000,5.00000,1.00000,0.00000,12,0.00028,-0.62382,-0.62284,-0.00215,1.73418,1.69094,-0.13527,-0.13561,-0.00653,-0.72967,-0.65107,-0.07086,-0.07307,0.00160,0.43324,0.45369,-0.45432,-0.45719,-0.00452,0.41624,0.52648,-0.30381,-0.30242,-0.00381,0.37587,0.45227,-0.66160,0.23371,-0.00288,5.95672,6.04220
65.1151,-3.58425,-3.25652,-4.58425,-3.25652,-4.58227,-3.25576,0.41773,1.74424,5.02834,5.01986,5.00000,5.00000,1.00000,0.00000,12,0.00094,-0.62382,-0.62284,-0.00350,1.73825,1.70735,-0.13527,-0.13558,0.00320,-0.71792,-0.78080,-0.07086,-0.07297,0.00630,0.41127,0.26361,-0.45432,-0.45718,-0.00511,0.38752,0.37070,-0.30381,-0.30243,-0.00659,0.44399,0.37170,-0.66160,0.23369,-0.00700,5.96965,6.17866
65.2156,-3.58614,-3.25886,-4.58614,-3.25886,-4.58490,-3.25760,0.41510,1.74240,5.02804,5.02008,5.00000,5.00000,1.00000,0.00000,12,0.00026,-0.62382,-0.62286,-0.00153,1.74347,1.61008,-0.13527,-0.13556,0.00412,-0.70625,-0.73899,-0.07086,-0.07288,-0.00042,0.38874,0.49776,-0.45432,-0.45710,0.00666,0.37044,0.40332,-0.30381,-0.30242,-0.00309,0.44436,0.46215,-0.66160,0.23370,-0.00215,5.95984,5.98802
65.3159,-3.58660,-3.25887,-4.58660,-3.25887,-4.58684,-3.25862,0.41316,1.74138,5.02742,5.01966,5.00000,5.00000,1.00000,0.00000,12,0.00028,-0.62382,-0.62287,0.01205,1.79442,1.81563,-0.13527,-0.13557,-0.00735,-0.75124,-0.82494,-0.07086,-0.07275,-0.00058,0.37770,0.49048,-0.45432,-0.45708,-0.00115,0.32592,0.25992,-0.30381,-0.30240,0.00354,0.46204,0.43539,-0.66160,0.23369,-0.01222,5.95510,6.03804
65.4190,-3.58837,-3.26023,-4.58837,-3.26023,-4.58749,-3.25964,0.41251,1.74036,5.02790,5.01981,5.00000,5.00000,1.00000,0.00000,12,0.00073,-0.62382,-0.62289,0.00393,1.79967,1.74802,-0.13527,-0.13554,0.00424,-0.70052,-0.78445,-0.07086,-0.07263,0.00071,0.36491,0.28867,-0.45432,-0.45706,-0.00442,0.29661,0.25016,-0.30381,-0.30240,0.00482,0.48226,0.52848,-0.66160,0.23369,-0.00513,5.95125,5.98535
65.5228,-3.58662,-3.25862,-3.58662,-3.25862,-4.07758,-3.25945,0.48647,1.74055,4.56405,5.01920,4.56405,5.00000,0.00000,0.00000,8,0.00124,-0.61515,-0.62291,-0.00302,1.77608,1.63262,-0.15564,-0.13554,-0.00252,0.86523,-0.26191,-0.08992,-0.07256,-0.00172,0.34957,0.39002,-0.44618,-0.45702,0.00378,0.24742,0.32042,-0.29213,-0.30243,0.00137,-0.40140,0.50902,-0.64998,0.23371,0.00402,5.94767,6.06756
65.6249,-3.56866,-3.24847,-3.56866,-3.24847,-3.66017,-3.25501,0.59967,1.74499,4.25985,5.01673,4.25985,5.00000,0.00000,0.00000,8,0.00108,-0.60908,-0.62213,0.00753,0.62753,0.59854,-0.16987,-0.14164,-0.00589,1.69597,1.74909,-0.10324,-0.07446,-0.00222,2.91037,2.90323,-0.44049,-0.44734,0.16811,0.24822,0.15236,-0.28399,-0.30232,-0.00366,-1.16839,-1.12231,-0.64188,0.23371,0.00532,5.99400,5.89163
65.7247,-3.54807,-3.22345,-3.54807,-3.22345,-3.56735,-3.22631,0.70745,1.77369,4.27480,5.01813,4.27480,5.00000,0.00000,0.00000,8,0.00028,-0.60938,-0.62206,-0.00687,0.57711,0.70957,-0.16917,-0.14184,-0.00457,1.72522,1.90043,-0.10259,-0.07493,-0.00701,2.92045,2.99181,-0.44077,-0.44358,-0.00435,0.04955,-0.01326,-0.28439,-0.30232,-0.00306,-1.22374,-1.10650,-0.64228,0.23372,0.00829,5.94668,5.89662
65.8255,-3.54446,-3.21766,-3.54446,-3.21766,-3.54891,-3.21815,0.81407,1.78185,4.36297,5.01910,4.36297,5.00000,0.00000,0.00000,8,0.00030,-0.61114,-0.62204,-0.00040,0.58174,0.59992,-0.16504,-0.14190,-0.00524,1.75435,1.73952,-0.09873,-0.07528,-0.00088,2.89036,2.86512,-0.44242,-0.44358,-0.00395,0.18796,0.12595,-0.28675,-0.30230,0.00657,-1.22892,-1.28172,-0.64462,0.23371,-0.00317,5.98787,6.14904
65.9273,-3.54378,-3.20995,-3.54378,-3.20995,-3.54451,-3.21228,0.92044,1.78772,4.46495,5.01828,4.46495,5.00000,0.00000,0.00000,8,0.00029,-0.61317,-0.62206,-0.01138,0.55204,0.66808,-0.16027,-0.14192,-0.00356,1.68470,1.65155,-0.09426,-0.07553,-0.00143,2.82234,2.76952,-0.44433,-0.44362,-0.00077,0.30407,0.30859,-0.28947,-0.30230,0.00572,-1.20199,-1.14188,-0.64734,0.23370,-0.00106,5.96215,6.06663
66.0303,-3.54096,-3.20868,-3.54096,-3.20868,-3.54209,-3.20973,1.02674,1.79027,4.56883,5.01881,4.56883,5.00000,0.00000,0.00000,8,0.00055,-0.61524,-0.62202,0.01100,0.65104,0.64332,-0.15542,-0.14191,0.00242,1.55848,1.49241,-0.08971,-0.07566,-0.00292,2.79533,2.89034,-0.44627,-0.44369,-0.00569,0.39729,0.48171,-0.29225,-0.30232,-0.00481,-1.20611,-1.10320,-0.65010,0.23371,0.00502,5.98667,5.82001
66.1322,-3.53603,-3.20286,-3.53603,-3.20286,-3.53826,-3.20500,1.13294,1.79500,4.67119,5.01831,4.67119,5.00000,0.00000,0.00000,8,0.00029,-0.61728,-0.62205,-0.00243,0.66468,0.79297,-0.15063,-0.14190,0.00784,1.37466,1.36129,-0.08523,-0.07571,-0.00771,2.65697,2.57087,-0.44818,-0.44379,0.00729,0.63193,0.54631,-0.29499,-0.30230,0.00805,-1.08955,-1.18586,-0.65283,0.23368,-0.01655,5.93977,5.97585
66.2340,-3.53594,-3.19660,-3.53594,-3.19660,-3.53570,-3.19877,1.23903,1.80123,4.77473,5.01826,4.77473,5.00000,0.00000,0.00000,8,0.00029,-0.61934,-0.62207,-0.00244,0.80206,0.88372,-0.14579,-0.14190,0.00520,1.13726,1.20162,-0.08071,-0.07565,0.00914,2.43801,2.51513,-0.45012,-0.44396,-0.00462,0.77304,0.82108,-0.29777,-0.30230,0.00333,-1.00330,-0.82980,-0.65559,0.23369,-0.00966,5.92140,5.78022
66.3355,-3.53739,-3.19498,-3.53739,-3.19498,-3.53650,-3.19562,1.34511,1.80438,4.88161,5.01890,4.88161,5.00000,0.00000,0.00000,8,0.00069,-0.62146,-0.62208,0.01087,0.91946,0.93260,-0.14080,-0.14190,0.00115,0.92010,0.91746,-0.07603,-0.07560,-0.00260,2.16105,2.25834,-0.45212,-0.44418,0.00228,1.00519,1.01790,-0.30063,-0.30233,-0.00763,-0.91445,-1.01273,-0.65844,0.23369,-0.00670,5.95047,5.88728
66.4369,-3.53950,-3.19345,-3.53950,-3.19345,-3.53841,-3.19422,1.45125,1.80578,4.98965,5.01883,4.98965,5.00000,0.00000,0.00000,8,0.00031,-0.62361,-0.62216,-0.00220,0.97674,1.23353,-0.13576,-0.14188,0.00504,0.54927,0.47862,-0.07131,-0.07550,0.00103,1.85194,1.99631,-0.45413,-0.44447,0.00252,1.16918,1.12044,-0.30353,-0.30232,0.00097,-0.66985,-0.67776,-0.66132,0.23369,-0.00819,5.96073,5.87246
66.5402,-3.54285,-3.19067,-3.54285,-3.19067,-3.54142,-3.19151,1.45858,1.80849,5.02186,5.01879,5.00000,5.00000,0.00000,0.00000,12,0.00032,-0.62382,-0.62219,-0.00229,1.02825,1.11210,-0.13527,-0.14188,-0.00216,0.40809,0.36227,-0.07086,-0.07544,-0.00139,1.80440,1.94106,-0.45432,-0.44474,0.00628,1.28637,1.22092,-0.30381,-0.30233,0.00063,-0.66484,-0.68776,-0.66160,0.23369,-0.00291,5.99299,5.98739
66.6406,-3.54154,-3.19008,-3.54154,-3.19008,-3.54312,-3.19040,1.45688,1.80960,5.02058,5.01900,5.00000,5.00000,0.00000,0.00000,12,0.00028,-0.62382,-0.62218,0.00156,1.05991,1.18003,-0.13527,-0.14186,0.00357,0.37235,0.32374,-0.07086,-0.07543,0.00030,1.78350,1.88987,-0.45432,-0.44492,0.00172,1.36722,1.36910,-0.30381,-0.30233,0.00029,-0.63299,-0.69086,-0.66160,0.23371,0.00448,5.96490,6.06014
66.7429,-3.53970,-3.18858,-3.53970,-3.18858,-3.53991,-3.18988,1.46009,1.81012,5.02115,5.01858,5.00000,5.00000,0.00000,0.00000,12,0.00028,-0.62382,-0.62220,-0.00340,1.05163,0.99104,-0.13527,-0.14187,-0.00266,0.29983,0.30030,-0.07086,-0.07542,0.00397,1.71209,1.59987,-0.45432,-0.44514,-0.00262,1.47516,1.65295,-0.30381,-0.30234,-0.00363,-0.66441,-0.64733,-0.66160,0.23371,0.00617,5.97139,6.04236
66.8452,-3.53723,-3.18543,-3.53723,-3.18543,-3.53845,-3.18711,1.46155,1.81289,5.02071,5.01840,5.00000,5.00000,0.00000,0.00000,12,0.00110,-0.62382,-0.62219,0.00464,1.09947,1.11874,-0.13527,-0.14185,-0.00063,0.20295,0.18691,-0.07086,-0.07539,0.00233,1.67016,1.49346,-0.45432,-0.44537,-0.00270,1.57429,1.50073,-0.30381,-0.30231,0.01021,-0.58953,-0.61205,-0.66160,0.23372,0.00493,5.99048,6.17351
66.9457,-3.53495,-3.17984,-3.53495,-3.17984,-3.53746,-3.18228,1.46254,1.81772,5.02015,5.01805,5.00000,5.00000,0.00000,0.00000,12,0.00025,-0.62382,-0.62220,0.00552,1.11781,1.24459,-0.13527,-0.14185,-0.00909,0.13065,0.05293,-0.07086,-0.07536,0.00808,1.61641,1.48503,-0.45432,-0.44565,-0.00568,1.63523,1.54556,-0.30381,-0.30233,0.00528,-0.59423,-0.58083,-0.66160,0.23369,-0.00972,5.96164,5.99331
67.0466,-3.54050,-3.17990,-3.54050,-3.17990,-3.53799,-3.18054,1.46201,1.81946,5.02230,5.01881,5.00000,5.00000,0.00000,0.00000,12,0.00030,-0.62382,-0.62221,0.00358,1.15572,1.05528,-0.13527,-0.14179,0.01526,0.06662,0.14766,-0.07086,-0.07535,-0.00171,1.56889,1.49108,-0.45432,-0.44601,-0.00561,1.75076,2.01314,-0.30381,-0.30235,-0.00345,-0.57982,-0.57574,-0.66160,0.23369,-0.00226,5.99400,5.99117
67.1482,-3.53947,-3.18028,-3.53947,-3.18028,-3.54012,-3.17982,1.45988,1.82018,5.02096,5.01928,5.00000,5.00000,0.00000,0.00000,12,0.00096,-0.62382,-0.62224,-0.00490,1.13618,1.15707,-0.13527,-0.14179,-0.00311,-0.03670,-0.06612,-0.07086,-0.07533,-0.00108,1.49881,1.52123,-0.45432,-0.44637,-0.00640,1.82392,1.62554,-0.30381,-0.30234,-0.00705,-0.57140,-0.48868,-0.66160,0.23371,0.00815,5.98905,5.98251
67.2484,-3.54067,-3.18213,-3.54067,-3.18213,-3.54010,-3.18195,1.45990,1.81805,5.02148,5.01917,5.00000,5.00000,0.00000,0.00000,12,0.00033,-0.62382,-0.62223,-0.00242,1.13168,1.12791,-0.13527,-0.14176,0.00385,-0.11018,-0.17855,-0.07086,-0.07531,-0.00305,1.45066,1.48842,-0.45432,-0.44682,0.00116,1.87012,1.83212,-0.30381,-0.30233,0.00180,-0.58278,-0.64000,-0.66160,0.23369,-0.00223,5.96412,5.83311
67.3496,-3.54275,-3.18043,-3.54275,-3.18043,-3.54103,-3.18109,1.45897,1.81891,5.02198,5.01880,5.00000,5.00000,0.00000,0.00000,12,0.00044,-0.62382,-0.62223,0.00948,1.19300,1.20801,-0.13527,-0.14171,-0.00318,-0.18303,-0.21791,-0.07086,-0.07528,0.00078,1.42635,1.38438,-0.45432,-0.44747,-0.01640,1.87000,1.96082,-0.30381,-0.30233,-0.00166,-0.54478,-0.53218,-0.66160,0.23371,0.00719,5.99400,5.94327
67.4518,-3.53939,-3.18059,-3.53939,-3.18059,-3.54072,-3.18126,1.45928,1.81874,5.02067,5.01880,5.00000,5.00000,0.00000,0.00000,12,0.00037,-0.62382,-0.62225,-0.00080,1.19539,1.18319,-0.13527,-0.14160,0.00239,-0.24549,-0.33990,-0.07086,-0.07525,-0.00060,1.35233,1.38634,-0.45432,-0.44821,-0.02133,1.91244,2.06349,-0.30381,-0.30236,-0.00851,-0.53029,-0.45522,-0.66160,0.23370,0.00396,5.99021,6.02085
67.5536,-3.54107,-3.18083,-3.54107,-3.18083,-3.53999,-3.18112,1.46001,1.81888,5.02170,5.01896,5.00000,5.00000,0.00000,0.00000,12,0.00030,-0.62382,-0.62226,0.00429,1.22556,1.08324,-0.13527,-0.14148,0.00447,-0.30671,-0.41771,-0.07086,-0.07524,-0.00355,1.30740,1.33970,-0.45432,-0.44922,-0.01768,1.91378,1.88355,-0.30381,-0.30235,-0.00522,-0.49930,-0.49681,-0.66160,0.23371,0.00259,5.98755,5.99981
67.6546,-3.54441,-3.18620,-3.54441,-3.18620,-3.54282,-3.18447,1.45718,1.81553,5.02194,5.01985,5.00000,5.00000,0.00000,0.00000,12,0.00038,-0.62382,-0.62229,-0.00618,1.22839,1.14798,-0.13527,-0.14136,0.00228,-0.38208,-0.40918,-0.07086,-0.07520,-0.00017,1.24273,1.31789,-0.45432,-0.45069,-0.01524,1.87071,1.97974,-0.30381,-0.30235,-0.00531,-0.48051,-0.53215,-0.66160,0.23369,-0.00258,5.94683,5.88375
67.7554,-3.55529,-3.19263,-3.55529,-3.19263,-3.55107,-3.18935,1.44893,1.81065,5.02312,5.02054,5.00000,5.00000,0.00000,0.00000,12,0.00026,-0.62382,-0.62230,-0.00293,1.25256,1.32556,-0.13527,-0.14118,0.00800,-0.42478,-0.48006,-0.07086,-0.07517,0.00661,1.19820,1.28590,-0.45432,-0.45256,-0.02295,1.76836,1.80276,-0.30381,-0.30234,0.00172,-0.46594,-0.51424,-0.66160,0.23369,0.00026,5.99111,6.00655
67.8596,-3.56155,-3.19815,-3.56155,-3.19815,-3.55755,-3.19580,1.44245,1.80420,5.02306,5.02018,5.00000,5.00000,0.00000,0.00000,12,0.00036,-0.62382,-0.62229,0.00563,1.26754,1.22618,-0.13527,-0.14073,0.00420,-0.50312,-0.38171,-0.07086,-0.07514,0.00595,1.16165,1.00607,-0.45432,-0.45446,-0.01557,1.67142,1.57329,-0.30381,-0.30236,-0.01312,-0.44232,-0.38157,-0.66160,0.23371,0.00860,5.99400,6.02686
67.9642,-3.56763,-3.21060,-3.56763,-3.21060,-3.56520,-3.20507,1.43480,1.79493,5.02243,5.02160,5.00000,5.00000,0.00000,0.00000,12,0.00027,-0.62382,-0.62232,0.00123,1.29221,1.35450,-0.13527,-0.14030,0.00836,-0.52496,-0.55912,-0.07086,-0.07510,0.00536,1.09331,1.03709,-0.45432,-0.45613,-0.00604,1.56228,1.71601,-0.30381,-0.30235,-0.00457,-0.42167,-0.32721,-0.66160,0.23370,0.00181,5.98180,5.87830
68.0673,-3.57271,-3.21316,-3.57271,-3.21316,-3.56993,-3.21135,1.43007,1.78865,5.02261,5.02004,5.00000,5.00000,0.00000,0.00000,12,0.00268,-0.62382,-0.62233,0.00298,1.30716,1.27962,-0.13527,-0.13918,0.01304,-0.48045,-0.44138,-0.07086,-0.07508,-0.00374,1.02378,1.16907,-0.45432,-0.45685,-0.00723,1.49102,1.46550,-0.30381,-0.30234,-0.00490,-0.42010,-0.40690,-0.66160,0.23369,-0.00206,5.96602,5.93112
68.1653,-3.57230,-3.21554,-3.57230,-3.21554,-3.57189,-3.21383,1.42811,1.78617,5.02161,5.02002,5.00000,5.00000,0.00000,0.00000,12,0.00034,-0.62382,-0.62234,0.00329,1.32268,1.30329,-0.13527,-0.13822,0.00525,-0.45903,-0.35441,-0.07086,-0.07506,0.00055,1.00195,1.08409,-0.45432,-0.45718,-0.00778,1.45112,1.56505,-0.30381,-0.30233,0.00242,-0.38728,-0.28813,-0.66160,0.23370,-0.00203,5.98768,6.07102
68.2666,-3.57490,-3.21727,-3.57490,-3.21727,-3.57508,-3.21626,1.42492,1.78374,5.02137,5.01973,5.00000,5.00000,0.00000,0.00000,12,0.00027,-0.62382,-0.62237,-0.00337,1.33184,1.37186,-0.13527,-0.13788,-0.00233,-0.50211,-0.58788,-0.07086,-0.07501,0.00129,0.94848,0.93494,-0.45432,-0.45733,-0.00761,1.39646,1.56327,-0.30381,-0.30234,-0.00026,-0.38467,-0.32909,-0.66160,0.23369,-0.00329,5.93520,5.98217
68.3696,-3.57701,-3.21880,-3.57701,-3.21880,-3.57611,-3.21774,1.42389,1.78227,5.02184,5.01976,5.00000,5.00000,0.00000,0.00000,12,0.00094,-0.62382,-0.62239,-0.00701,1.35930,1.24777,-0.13527,-0.13761,0.00546,-0.51204,-0.46137,-0.07086,-0.07497,0.00175,0.92355,0.83940,-0.45432,-0.45738,-0.00880,1.35471,1.47413,-0.30381,-0.30234,0.00139,-0.35823,-0.16561,-0.66160,0.23370,0.00446,5.99400,5.89475
68.4701,-3.57352,-3.22144,-3.57352,-3.22144,-3.57523,-3.21986,1.42477,1.78014,5.02072,5.02000,5.00000,5.00000,0.00000,0.00000,12,0.00047,-0.62382,-0.62241,-0.00980,1.35883,1.37065,-0.13527,-0.13736,0.00593,-0.52108,-0.46126,-0.07086,-0.07495,0.00220,0.85778,0.85550,-0.45432,-0.45738,0.00291,1.35171,1.31072,-0.30381,-0.30234,0.00084,-0.34297,-0.41390,-0.66160,0.23370,-0.00001,5.97893,5.87947
68.5715,-3.57590,-3.21999,-4.57590,-3.21999,-4.33558,-3.22078,0.66442,1.77922,5.12901,5.01898,5.00000,5.00000,1.00000,0.00000,12,0.00033,-0.62382,-0.62238,0.01193,1.42803,1.32778,-0.13527,-0.13721,0.00194,-0.53350,-0.56101,-0.07086,-0.07492,-0.00562,0.79953,0.82338,-0.45432,-0.45740,-0.00344,1.31582,1.17455,-0.30381,-0.30236,-0.00570,-0.32234,-0.28882,-0.66160,0.23370,0.00049,5.95165,5.87329
68.6724,-3.57847,-3.22440,-4.57847,-3.22440,-4.53575,-3.22277,0.46425,1.77723,5.04553,5.02003,5.00000,5.00000,1.00000,0.00000,12,0.00052,-0.62382,-0.62241,0.00241,1.42722,1.44867,-0.13527,-0.13711,-0.00774,-0.55734,-0.63041,-0.07086,-0.07487,0.00222,0.74287,0.81147,-0.45432,-0.45740,-0.00353,1.24784,1.14723,-0.30381,-0.30235,-0.00703,-0.30489,-0.35757,-0.66160,0.23369,-0.00253,5.95452,6.00513
68.7746,-3.57472,-3.22853,-4.57472,-3.22853,-4.56875,-3.22686,0.43125,1.77314,5.02997,5.02007,5.00000,5.00000,1.00000,0.00000,12,0.00028,-0.62382,-0.62243,0.00500,1.43918,1.38418,-0.13527,-0.13699,0.00557,-0.56465,-0.50190,-0.07086,-0.07482,0.00541,0.72931,0.75131,-0.45432,-0.45736,0.01205,1.24795,1.25006,-0.30381,-0.30235,-0.00179,-0.27116,-0.39469,-0.66160,0.23369,-0.00574,5.97760,6.09084
68.8761,-3.58057,-3.22985,-4.58057,-3.22985,-4.57620,-3.22903,0.42380,1.77097,5.02933,5.01973,5.00000,5.00000,1.00000,0.00000,12,0.00033,-0.62382,-0.62246,0.00082,1.42892,1.49576,-0.13527,-0.13681,0.00507,-0.57272,-0.56336,-0.07086,-0.07479,-0.00339,0.63838,0.70107,-0.45432,-0.45738,-0.00145,1.18667,1.13799,-0.30381,-0.30236,-0.01175,-0.29120,-0.26505,-0.66160,0.23370,0.00937,5.99400,5.91100
68.9764,-3.57753,-3.23071,-4.57753,-3.23071,-4.57747,-3.23044,0.42253,1.76956,5.02749,5.01950,5.00000,5.00000,1.00000,0.00000,12,0.00028,-0.62382,-0.62246,0.00600,1.46042,1.49327,-0.13527,-0.13673,-0.00120,-0.59254,-0.70723,-0.07086,-0.07473,-0.00170,0.62992,0.54576,-0.45432,-0.45738,-0.00508,1.14391,1.14855,-0.30381,-0.30234,0.00325,-0.24803,-0.26306,-0.66160,0.23369,0.00037,5.98659,6.04474
69.0773,-3.58117,-3.23203,-4.58117,-3.23203,-4.58007,-3.23081,0.41993,1.76919,5.02795,5.01991,5.00000,5.00000,1.00000,0.00000,12,0.00028,-0.62382,-0.62248,0.00289,1.45490,1.46634,-0.13527,-0.13663,-0.00074,-0.58400,-0.73373,-0.07086,-0.07468,-0.00487,0.57452,0.53301,-0.45432,-0.45737,-0.00481,1.11115,1.22111,-0.30381,-0.30234,0.00177,-0.23153,-0.25288,-0.66160,0.23368,0.00276,5.95881,5.94626
69.1797,-3.58538,-3.23390,-4.58538,-3.23390,-4.58222,-3.23338,0.41778,1.76662,5.02884,5.01963,5.00000,5.00000,1.00000,0.00000,12,0.00037,-0.62382,-0.62249,0.00446,1.50156,1.48499,-0.13527,-0.13655,-0.00025,-0.61342,-0.59778,-0.07086,-0.07461,0.00385,0.56176,0.55556,-0.45432,-0.45735,0.00530,1.08668,1.13824,-0.30381,-0.30236,-0.00617,-0.22094,-0.16576,-0.66160,0.23366,-0.01702,5.91831,5.97725
69.2827,-3.58137,-3.23457,-4.58137,-3.23457,-4.58287,-3.23442,0.41713,1.76558,5.02685,5.01947,5.00000,5.00000,1.00000,0.00000,12,0.00035,-0.62382,-0.62253,-0.00359,1.50106,1.57862,-0.13527,-0.13651,-0.00370,-0.64957,-0.76220,-0.07086,-0.07458,-0.00010,0.49134,0.46091,-0.45432,-0.45735,-0.00055,1.05955,1.03881,-0.30381,-0.30235,-0.00276,-0.18620,-0.28148,-0.66160,0.23368,-0.00369,5.96995,5.92926
69.3844,-3.58453,-3.23780,-4.58453,-3.23780,-4.58373,-3.23639,0.41627,1.76361,5.02785,5.02003,5.00000,5.00000,1.00000,0.00000,12,0.00028,-0.62382,-0.62256,-0.00432,1.49726,1.56758,-0.13527,-0.13646,0.00292,-0.64587,-0.66050,-0.07086,-0.07452,-0.00298,0.43671,0.43490,-0.45432,-0.45733,0.00356,1.01256,1.10119,-0.30381,-0.30235,-0.00143,-0.16281,-0.12205,-0.66160,0.23367,-0.00674,5.97352,6.07220
69.4848,-3.57953,-3.23948,-4.57953,-3.23948,-4.58093,-3.23909,0.41907,1.76091,5.02688,5.01960,5.00000,5.00000,1.00000,0.00000,12,0.00028,-0.62382,-0.62256,0.00242,1.53048,1.51807,-0.13527,-0.13644,-0.00553,-0.64501,-0.61262,-0.07086,-0.07446,0.00469,0.41900,0.49697,-0.45432,-0.45731,0.00951,0.97625,1.05043,-0.30381,-0.30234,0.00106,-0.16265,-0.14136,-0.66160,0.23370,0.00420,5.97599,6.04454
69.5856,-3.57695,-3.24004,-4.57695,-3.24004,-4.57968,-3.23995,0.42032,1.76005,5.02631,5.01948,5.00000,5.00000,1.00000,0.00000,12,0.00032,-0.62382,-0.62258,-0.00055,1.55792,1.61546,-0.13527,-0.13637,0.00402,-0.64891,-0.64862,-0.07086,-0.07439,0.00008,0.37226,0.35470,-0.45432,-0.45733,-0.00747,0.90809,1.02563,-0.30381,-0.30234,0.00408,-0.13554,-0.19648,-0.66160,0.23368,-0.00444,5.99400,5.97384
69.6870,-3.58300,-3.24185,-4.58300,-3.24185,-4.58042,-3.24145,0.41958,1.75855,5.02859,5.01962,5.00000,5.00000,1.00000,0.00000,12,0.00027,-0.62382,-0.62257,0.01261,1.55317,1.62326,-0.13527,-0.13630,0.00277,-0.65726,-0.76636,-0.07086,-0.07433,-0.00480,0.32118,0.35557,-0.45432,-0.45732,-0.00577,0.88260,0.89976,-0.30381,-0.30235,-0.00206,-0.11134,-0.17137,-0.66160,0.23368,-0.00339,5.97627,5.93293
69.7885,-3.58374,-3.24771,-4.58374,-3.24771,-4.58343,-3.24554,0.41657,1.75446,5.02764,5.02040,5.00000,5.00000,1.00000,0.00000,12,0.00028,-0.62382,-0.62260,0.00601,1.56396,1.53049,-0.13527,-0.13627,-0.00243,-0.66746,-0.61616,-0.07086,-0.07422,0.00052,0.29712,0.41417,-0.45432,-0.45729,0.00571,0.86947,0.80126,-0.30381,-0.30235,0.00109,-0.08578,-0.04620,-0.66160,0.23370,0.00474,5.94228,5.83505
69.8890,-3.58488,-3.24873,-4.58488,-3.24873,-4.58424,-3.24767,0.41576,1.75233,5.02778,5.01994,5.00000,5.00000,1.00000,0.00000,12,0.00030,-0.62382,-0.62264,-0.00118,1.56831,1.46126,-0.13527,-0.13614,-0.00328,-0.69972,-0.74348,-0.07086,-0.07402,0.00838,0.30378,0.30569,-0.45432,-0.45728,0.00147,0.82711,0.91185,-0.30381,-0.30234,-0.00023,-0.06623,-0.02007,-0.66160,0.23368,-0.00614,5.95352,6.12018
69.9917,-3.58162,-3.24925,-4.58162,-3.24925,-4.58284,-3.24893,0.41716,1.75107,5.02698,5.01963,5.00000,5.00000,1.00000,0.00000,12,0.00032,-0.62382,-0.62266,-0.00007,1.60575,1.53947,-0.13527,-0.13611,-0.00149,-0.68774,-0.72621,-0.07086,-0.07380,0.00246,0.25070,0.31450,-0.45432,-0.45725,-0.00070,0.79879,0.79216,-0.30381,-0.30235,-0.00530,-0.06974,-0.10115,-0.66160,0.23367,-0.00561,5.96864,5.84772
70.0928,-3.58045,-3.25364,-4.58045,-3.25364,-4.58087,-3.25196,0.41913,1.74804,5.02730,5.02023,5.00000,5.00000,1.00000,0.00000,12,0.00026,-0.62382,-0.62267,-0.00691,1.62213,1.57581,-0.13527,-0.13607,0.00335,-0.69114,-0.73140,-0.07086,-0.07358,-0.00442,0.22470,0.18412,-0.45432,-0.45723,0.00515,0.75782,0.73634,-0.30381,-0.30236,-0.00207,-0.04348,0.07695,-0.66160,0.23370,0.00665,5.98997,5.92775
70.1939,-3.58688,-3.25963,-4.58688,-3.25963,-4.58417,-3.25741,0.41583,1.74259,5.02867,5.02049,5.00000,5.00000,1.00000,0.00000,12,0.00025,-0.62382,-0.62270,-0.00124,1.64014,1.55084,-0.13527,-0.13603,-0.00089,-0.69039,-0.74497,-0.07086,-0.07334,0.00404,0.23253,0.23653,-0.45432,-0.45724,-0.00245,0.69500,0.66512,-0.30381,-0.30236,0.00153,-0.01521,-0.09969,-0.66160,0.23370,0.00905,5.98237,5.96469
70.2958,-3.58864,-3.26274,-4.58864,-3.26274,-4.58749,-3.26088,0.41251,1.73912,5.02802,5.02036,5.00000,5.00000,1.00000,0.00000,12,0.00049,-0.62382,-0.62271,-0.00290,1.63838,1.62308,-0.13527,-0.13599,-0.00411,-0.71606,-0.70518,-0.07086,-0.07315,0.00314,0.18729,0.12895,-0.45432,-0.45722,0.00284,0.68863,0.79184,-0.30381,-0.30235,0.00168,-0.03603,-0.07413,-0.66160,0.23369,0.00660,5.98903,6.03504
70.3971,-3.58462,-3.26502,-4.58462,-3.26502,-4.58619,-3.26332,0.41381,1.73668,5.02684,5.02031,5.00000,5.00000,1.00000,0.00000,12,0.00038,-0.62382,-0.62273,-0.00145,1.64778,1.80250,-0.13527,-0.13590,0.00308,-0.71478,-0.70066,-0.07086,-0.07298,-0.00086,0.18054,0.26897,-0.45432,-0.45721,0.00588,0.66954,0.61826,-0.30381,-0.30236,-0.00239,0.00883,0.03214,-0.66160,0.23366,-0.01153,5.94916,5.93212
70.5000,-3.58530,-3.26759,-4.58530,-3.26759,-4.58481,-3.26654,0.41519,1.73346,5.02772,5.02005,5.00000,5.00000,1.00000,0.00000,12,0.00043,-0.62382,-0.62277,-0.00875,1.61653,1.68502,-0.13527,-0.13587,0.00056,-0.71086,-0.62465,-0.07086,-0.07281,0.00361,0.17766,0.25240,-0.45432,-0.45716,0.01491,0.65230,0.53313,-0.30381,-0.30238,-0.01530,0.00362,-0.03264,-0.66160,0.23367,-0.00608,5.95405,5.93540
70.6009,-3.58377,-3.26609,-4.58377,-3.26609,-4.58353,-3.26635,0.41647,1.73365,5.02761,5.01948,5.00000,5.00000,1.00000,0.00000,12,0.00031,-0.62382,-0.62276,0.00315,1.69986,1.71469,-0.13527,-0.13583,0.00317,-0.72155,-0.71276,-0.07086,-0.07261,0.00524,0.15125,0.25740,-0.45432,-0.45718,-0.00148,0.56001,0.55107,-0.30381,-0.30236,-0.00299,0.04201,0.10716,-0.66160,0.23370,0.01082,5.99400,5.86898
70.7038,-3.58567,-3.26857,-4.58567,-3.26857,-4.58491,-3.26808,0.41509,1.73192,5.02783,5.01982,5.00000,5.00000,1.00000,0.00000,12,0.00033,-0.62382,-0.62277,0.00882,1.72795,1.66652,-0.13527,-0.13577,0.00470,-0.72155,-0.77340,-0.07086,-0.07245,-0.00082,0.13919,0.05090,-0.45432,-0.45716,-0.00375,0.55936,0.65462,-0.30381,-0.30235,0.00055,0.07320,-0.07580,-0.66160,0.23368,0.00234,5.97462,6.02434
70.8068,-3.58143,-3.26841,-4.58143,-3.26841,-4.58323,-3.26891,0.41677,1.73109,5.02673,5.01940,5.00000,5.00000,1.00000,0.00000,12,0.00031,-0.62382,-0.62277,0.00630,1.69812,1.65173,-0.13527,-0.13572,-0.00081,-0.71278,-0.78286,-0.07086,-0.07228,0.00160,0.16548,0.18029,-0.45432,-0.45715,-0.00461,0.49816,0.59377,-0.30381,-0.30239,-0.01476,0.05634,0.10934,-0.66160,0.23363,-0.01845,5.95230,5.98328
70.9088,-3.57987,-3.26992,-4.57987,-3.26992,-4.58067,-3.26969,0.41933,1.73031,5.02714,5.01972,5.00000,5.00000,1.00000,0.00000,12,0.00034,-0.62382,-0.62280,0.00117,1.70649,1.74964,-0.13527,-0.13568,-0.00141,-0.72856,-0.68976,-0.07086,-0.07210,0.00136,0.12840,0.12503,-0.45432,-0.45712,0.00025,0.46492,0.49550,-0.30381,-0.30236,0.00182,0.10691,0.07436,-0.66160,0.23368,0.00245,5.99400,5.98908
71.0098,-3.58027,-3.27106,-4.58027,-3.27106,-4.58001,-3.27018,0.42000,1.72982,5.02759,5.02000,5.00000,5.00000,1.00000,0.00000,12,0.00028,-0.62382,-0.62283,-0.00153,1.72859,1.64576,-0.13527,-0.13566,0.00601,-0.72813,-0.61238,-0.07086,-0.07191,0.00783,0.14888,0.21071,-0.45432,-0.45709,-0.00119,0.48285,0.35091,-0.30381,-0.30236,0.00033,0.11996,0.20482,-0.66160,0.23366,-0.00947,5.97814,6.09159
71.1114,-3.57778,-3.27370,-4.57778,-3.27370,-4.57821,-3.27230,0.42179,1.72770,5.02729,5.02024,5.00000,5.00000,1.00000,0.00000,12,0.00026,-0.62382,-0.62283,0.00241,1.71989,1.84363,-0.13527,-0.13565,0.00076,-0.71204,-0.74821,-0.07086,-0.07171,0.00281,0.14292,0.08616,-0.45432,-0.45707,0.00105,0.42955,0.47206,-0.30381,-0.30238,-0.00819,0.13281,0.15431,-0.66160,0.23367,-0.00182,5.97739,5.95318
71.2146,-3.58050,-3.27679,-4.58050,-3.27679,-4.57952,-3.27534,0.42048,1.72466,5.02790,5.02028,5.00000,5.00000,1.00000,0.00000,12,0.00103,-0.62382,-0.62283,0.00411,1.73932,1.91950,-0.13527,-0.13564,0.00261,-0.73564,-0.80420,-0.07086,-0.07153,0.00354,0.14334,0.04330,-0.45432,-0.45704,0.00657,0.39565,0.34172,-0.30381,-0.30236,0.00612,0.17417,0.20390,-0.66160,0.23368,0.00735,5.99400,6.15268
71.3156,-3.58009,-3.28095,-4.58009,-3.28095,-4.58007,-3.27939,0.41993,1.72061,5.02749,5.02035,5.00000,5.00000,1.00000,0.00000,12,0.00057,-0.62382,-0.62286,-0.00530,1.73354,1.66975,-0.13527,-0.13563,0.00041,-0.74347,-0.62187,-0.07086,-0.07141,0.00097,0.13592,0.14923,-0.45432,-0.45701,0.00161,0.33636,0.46584,-0.30381,-0.30238,-0.00520,0.18025,0.24852,-0.66160,0.23366,-0.00392,5.95788,6.01547
71.4163,-3.57801,-3.28676,-4.57801,-3.28676,-4.57890,-3.28425,0.42110,1.71575,5.02709,5.02078,5.00000,5.00000,1.00000,0.00000,12,0.00024,-0.62382,-0.62287,0.00106,1.76129,1.81837,-0.13527,-0.13561,-0.00517,-0.75376,-0.70405,-0.07086,-0.07123,0.00053,0.14144,0.25667,-0.45432,-0.45700,-0.00841,0.31084,0.41486,-0.30381,-0.30237,-0.00088,0.21767,0.20808,-0.66160,0.23369,0.00478,5.99400,5.92564
71.5180,-3.57860,-3.28966,-4.57860,-3.28966,-4.57754,-3.28815,0.42246,1.71185,5.02792,5.02038,5.00000,5.00000,1.00000,0.00000,12,0.00157,-0.62382,-0.62290,-0.00497,1.73703,1.70905,-0.13527,-0.13556,0.00605,-0.72221,-0.71875,-0.07086,-0.07105,0.00301,0.15766,0.19489,-0.45432,-0.45693,-0.00196,0.30654,0.36288,-0.30381,-0.30237,0.00228,0.24383,0.11556,-0.66160,0.23365,-0.00915,5.99114,5.97172
71.6188,-3.57869,-3.29256,-3.57869,-3.29256,-3.74644,-3.29075,0.56531,1.70925,4.31175,5.02052,4.31175,5.00000,0.00000,0.00000,8,0.00046,-0.61012,-0.62241,0.00165,0.62297,0.84343,-0.16744,-0.13911,-0.14004,1.34958,1.24057,-0.10097,-0.07260,-0.00105,2.62102,2.66738,-0.44146,-0.45408,0.08204,-0.39081,-0.31684,-0.28538,-0.30232,0.00006,-1.38203,-1.24617,-0.64326,0.23367,-0.00093,5.95104,5.89047
71.7199,-3.54540,-3.24469,-3.54540,-3.24469,-3.58596,-3.26451,0.67431,1.73549,4.26027,5.01109,4.26027,5.00000,0.00000,0.00000,8,0.00047,-0.60909,-0.62212,-0.00622,0.58764,0.64005,-0.16985,-0.14171,-0.00095,1.70234,1.65461,-0.10323,-0.07339,-0.00938,2.73397,2.84878,-0.44049,-0.44389,0.01769,0.03528,0.14032,-0.28400,-0.30227,-0.00779,-1.49727,-1.52961,-0.64189,0.23367,-0.00262,5.96145,5.90712
71.8233,-3.54115,-3.24752,-3.54115,-3.24752,-3.54936,-3.25182,0.78110,1.74818,4.33046,5.01767,4.33046,5.00000,0.00000,0.00000,8,0.00028,-0.61049,-0.62208,0.00013,0.56532,0.59938,-0.16656,-0.14178,0.00093,1.75602,1.78823,-0.10015,-0.07382,-0.01105,2.70376,2.67521,-0.44181,-0.44366,0.00332,0.15090,0.11345,-0.28588,-0.30219,0.00662,-1.49663,-1.52142,-0.64376,0.23368,0.00113,5.95164,5.92168
71.9254,-3.53925,-3.24743,-3.53925,-3.24743,-3.54119,-3.24901,0.88740,1.75099,4.42859,5.01882,4.42859,5.00000,0.00000,0.00000,8,0.00028,-0.61245,-0.62205,0.00290,0.56817,0.53026,-0.16197,-0.14182,-0.00202,1.67532,1.66491,-0.09585,-0.07408,-0.00574,2.74807,2.62998,-0.44365,-0.44370,-0.00460,0.24977,0.26141,-0.28850,-0.30215,0.00859,-1.46826,-1.50369,-0.64637,0.23364,-0.01458,5.94851,5.83743
72.0258,-3.54354,-3.24797,-3.54354,-3.24797,-3.54151,-3.24803,0.99362,1.75196,4.53513,5.01946,4.53513,5.00000,0.00000,0.00000,8,0.00027,-0.61457,-0.62206,0.00101,0.62090,0.73690,-0.15699,-0.14184,-0.00621,1.58288,1.57027,-0.09119,-0.07422,-0.00369,2.67396,2.73717,-0.44564,-0.44374,0.00527,0.39510,0.31182,-0.29135,-0.30217,-0.00328,-1.42915,-1.52110,-0.64921,0.23368,0.01215,5.99400,6.05915
72.1264,-3.54169,-3.24559,-3.54169,-3.24559,-3.54188,-3.24560,1.09988,1.75440,4.64176,5.01947,4.64176,5.00000,0.00000,0.00000,8,0.00029,-0.61669,-0.62208,-0.00638,0.63988,0.68432,-0.15201,-0.14184,0.00085,1.41165,1.40228,-0.08652,-0.07424,0.00365,2.56019,2.63259,-0.44763,-0.44385,0.00144,0.54049,0.44609,-0.29421,-0.30217,-0.00249,-1.39048,-1.51660,-0.65205,0.23365,-0.01275,5.91576,5.95880
72.2269,-3.54035,-3.24183,-3.54035,-3.24183,-3.54151,-3.24326,1.20613,1.75674,4.74764,5.01884,4.74764,5.00000,0.00000,0.00000,8,0.00026,-0.61880,-0.62210,-0.00803,0.73420,0.77063,-0.14706,-0.14182,0.00542,1.21833,1.21363,-0.08189,-0.07422,-0.00058,2.38692,2.41832,-0.44961,-0.44401,-0.00728,0.69963,0.64218,-0.29704,-0.30215,0.00914,-1.27520,-1.06422,-0.65487,0.23368,0.00300,5.99400,5.71213
72.3277,-3.53925,-3.23820,-3.53925,-3.23820,-3.53993,-3.23984,1.31235,1.76016,4.85228,5.01873,4.85228,5.00000,0.00000,0.00000,8,0.00031,-0.62088,-0.62212,-0.00345,0.83677,0.96992,-0.14217,-0.14182,0.00531,0.95303,0.87945,-0.07731,-0.07420,-0.00645,2.17020,2.23714,-0.45157,-0.44419,-0.00040,0.90861,0.73813,-0.29985,-0.30218,-0.00100,-1.16584,-1.19754,-0.65766,0.23367,-0.00577,5.96893,5.79871
72.4294,-3.53600,-3.23533,-3.53600,-3.23533,-3.53727,-3.23666,1.41850,1.76334,4.95577,5.01885,4.95577,5.00000,0.00000,0.00000,8,0.00043,-0.62294,-0.62216,-0.00173,0.97239,1.03436,-0.13734,-0.14183,-0.00198,0.56929,0.73032,-0.07279,-0.07410,-0.00007,1.90728,1.95413,-0.45350,-0.44447,-0.00124,1.08776,1.08992,-0.30262,-0.30217,0.00142,-0.98436,-0.93338,-0.66042,0.23366,-0.00007,5.98318,5.97342
72.5311,-3.54076,-3.23217,-3.54076,-3.23217,-3.53931,-3.23291,1.46069,1.76709,5.02186,5.01908,5.00000,5.00000,0.00000,0.00000,12,0.00027,-0.62382,-0.62221,0.00436,1.05431,1.06658,-0.13527,-0.14179,0.00178,0.39914,0.25960,-0.07086,-0.07399,0.00659,1.74898,1.68568,-0.45432,-0.44480,-0.00428,1.26145,1.30520,-0.30381,-0.30218,-0.00222,-0.88112,-0.79896,-0.66160,0.23367,0.00423,5.97638,5.99235
72.6340,-3.53977,-3.22955,-3.53977,-3.22955,-3.53999,-3.23090,1.46001,1.76910,5.02115,5.01881,5.00000,5.00000,0.00000,0.00000,12,0.00028,-0.62382,-0.62219,0.01049,1.08432,0.95860,-0.13527,-0.14180,-0.00125,0.34326,0.32495,-0.07086,-0.07401,-0.00209,1.74235,1.69451,-0.45432,-0.44500,-0.00065,1.34857,1.42450,-0.30381,-0.30217,0.00415,-0.91032,-0.89477,-0.66160,0.23365,-0.00797,5.96438,6.01551
72.7361,-3.53584,-3.22738,-3.53584,-3.22738,-3.53735,-3.22825,1.46265,1.77175,5.02058,5.01899,5.00000,5.00000,0.00000,0.00000,12,0.00029,-0.62382,-0.62222,-0.00153,1.04879,1.20071,-0.13527,-0.14178,-0.00060,0.24652,0.16553,-0.07086,-0.07400,-0.00223,1.70573,1.71235,-0.45432,-0.44517,-0.00397,1.44714,1.45256,-0.30381,-0.30217,0.01042,-0.86954,-0.80189,-0.66160,0.23367,0.00119,5.97370,5.97298
72.8378,-3.53449,-3.22883,-3.53449,-3.22883,-3.53594,-3.22863,1.46406,1.77137,5.02059,5.01946,5.00000,5.00000,0.00000,0.00000,12,0.00107,-0.62382,-0.62221,0.00823,1.10690,1.14922,-0.13527,-0.14178,-0.00432,0.18714,0.24669,-0.07086,-0.07398,0.00146,1.66015,1.70557,-0.45432,-0.44538,-0.00034,1.53863,1.57543,-0.30381,-0.30218,0.00207,-0.84738,-0.96765,-0.66160,0.23367,0.00053,5.97211,5.84974
72.9411,-3.53891,-3.23005,-3.53891,-3.23005,-3.53700,-3.22918,1.46300,1.77082,5.02204,5.01975,5.00000,5.00000,0.00000,0.00000,12,0.00106,-0.62382,-0.62223,0.00237,1.09583,1.26749,-0.13527,-0.14176,0.00199,0.10331,0.11065,-0.07086,-0.07398,0.00004,1.62235,1.67960,-0.45432,-0.44568,0.00106,1.64425,1.75427,-0.30381,-0.30221,-0.01004,-0.85107,-0.83315,-0.66160,0.23366,-0.00653,5.96237,5.85928
73.0407,-3.54059,-3.22886,-3.54059,-3.22886,-3.53979,-3.22904,1.46021,1.77096,5.02158,5.01930,5.00000,5.00000,0.00000,0.00000,12,0.00028,-0.62382,-0.62223,-0.00211,1.13404,1.20892,-0.13527,-0.14174,0.00105,0.03406,0.05866,-0.07086,-0.07397,-0.00153,1.58492,1.66017,-0.45432,-0.44596,-0.00297,1.72950,1.57090,-0.30381,-0.30220,-0.00599,-0.84407,-0.91460,-0.66160,0.23366,-0.00218,5.96381,5.83122
73.1440,-3.53709,-3.22754,-3.53709,-3.22754,-3.53850,-3.22796,1.46150,1.77204,5.02063,5.01919,5.00000,5.00000,0.00000,0.00000,12,0.00028,-0.62382,-0.62225,0.00155,1.15326,1.25001,-0.13527,-0.14171,-0.00548,-0.04736,-0.08189,-0.07086,-0.07395,0.00031,1.52942,1.47536,-0.45432,-0.44639,-0.01084,1.77226,1.87581,-0.30381,-0.30217,0.00225,-0.78313,-0.73949,-0.66160,0.23367,0.00357,5.99305,6.00089
73.2468,-3.53472,-3.22713,-3.53472,-3.22713,-3.53553,-3.22728,1.46447,1.77272,5.02087,5.01930,5.00000,5.00000,0.00000,0.00000,12,0.00074,-0.62382,-0.62229,-0.00870,1.14733,1.23733,-0.13527,-0.14169,-0.00915,-0.12562,-0.12431,-0.07086,-0.07393,-0.00491,1.48465,1.40190,-0.45432,-0.44695,-0.00908,1.79779,1.81998,-0.30381,-0.30220,-0.00466,-0.76815,-0.78235,-0.66160,0.23369,0.01183,5.99400,5.74452
73.3502,-3.53550,-3.22711,-3.53550,-3.22711,-3.53579,-3.22737,1.46421,1.77263,5.02109,5.01925,5.00000,5.00000,0.00000,0.00000,12,0.00109,-0.62382,-0.62228,-0.00518,1.18173,1.20433,-0.13527,-0.14160,0.00409,-0.17963,-0.19648,-0.07086,-0.07392,-0.00246,1.45992,1.57560,-0.45432,-0.44752,-0.00794,1.86872,1.94327,-0.30381,-0.30219,-0.00136,-0.76731,-0.82243,-0.66160,0.23368,0.00758,5.98584,5.81712
73.4532,-3.54042,-3.22568,-3.54042,-3.22568,-3.53824,-3.22603,1.46176,1.77397,5.02216,5.01921,5.00000,5.00000,0.00000,0.00000,12,0.00111,-0.62382,-0.62228,-0.00286,1.17716,1.12993,-0.13527,-0.14154,-0.00897,-0.25667,-0.29292,-0.07086,-0.07390,0.00253,1.41648,1.55069,-0.45432,-0.44821,0.00227,1.96243,1.92985,-0.30381,-0.30217,0.00796,-0.70421,-0.83526,-0.66160,0.23367,0.00216,5.97649,5.90292
73.5548,-3.53785,-3.22432,-3.53785,-3.22432,-3.53947,-3.22489,1.46053,1.77511,5.02054,5.01910,5.00000,5.00000,0.00000,0.00000,12,0.00029,-0.62382,-0.62227,0.00722,1.23198,1.22073,-0.13527,-0.14139,0.00132,-0.34207,-0.37750,-0.07086,-0.07390,-0.01058,1.37212,1.43226,-0.45432,-0.44915,-0.01539,1.90092,2.01447,-0.30381,-0.30220,-0.00355,-0.73630,-0.75505,-0.66160,0.23365,-0.00954,5.95033,6.08256
73.6565,-3.54355,-3.23121,-3.54355,-3.23121,-3.54133,-3.22808,1.45867,1.77192,5.02220,5.02071,5.00000,5.00000,0.00000,0.00000,12,0.00027,-0.62382,-0.62228,0.00571,1.24254,1.33923,-0.13527,-0.14125,-0.00261,-0.41081,-0.24773,-0.07086,-0.07386,-0.00141,1.35383,1.44146,-0.45432,-0.45037,-0.01923,1.86597,1.83156,-0.30381,-0.30220,-0.00535,-0.72102,-0.73980,-0.66160,0.23365,-0.00728,5.96247,6.01973
73.7624,-3.54624,-3.23504,-3.54624,-3.23504,-3.54370,-3.23287,1.45630,1.76713,5.02235,5.02033,5.00000,5.00000,0.00000,0.00000,12,0.00024,-0.62382,-0.62230,-0.00737,1.23995,1.23188,-0.13527,-0.14103,0.00419,-0.46239,-0.48596,-0.07086,-0.07384,0.00203,1.33871,1.51529,-0.45432,-0.45218,-0.01500,1.80975,1.70924,-0.30381,-0.30220,-0.00571,-0.66949,-0.62176,-0.66160,0.23365,-0.00169,5.96672,6.08282
73.8635,-3.54887,-3.24508,-3.54887,-3.24508,-3.54776,-3.24083,1.45224,1.75917,5.02176,5.02127,5.00000,5.00000,0.00000,0.00000,12,0.00044,-0.62382,-0.62231,0.00820,1.26740,1.28067,-0.13527,-0.14072,0.00635,-0.47120,-0.45577,-0.07086,-0.07384,-0.00048,1.29713,1.34801,-0.45432,-0.45420,-0.01350,1.65794,1.68668,-0.30381,-0.30217,0.00870,-0.65553,-0.73577,-0.66160,0.23366,-0.00636,5.94583,6.03872
73.9654,-3.55377,-3.24778,-3.55377,-3.24778,-3.55079,-3.24669,1.44921,1.75331,5.02258,5.01995,5.00000,5.00000,0.00000,0.00000,12,0.00074,-0.62382,-0.62233,0.00617,1.30276,1.31320,-0.13527,-0.14007,0.00188,-0.51614,-0.60311,-0.07086,-0.07382,-0.00296,1.26112,1.22155,-0.45432,-0.45563,-0.01267,1.57323,1.67805,-0.30381,-0.30218,0.00679,-0.62973,-0.66188,-0.66160,0.23364,-0.00888,5.96470,5.86292
74.0674,-3.55877,-3.25074,-3.55877,-3.25074,-3.55690,-3.24960,1.44310,1.75040,5.02214,5.01999,5.00000,5.00000,0.00000,0.00000,12,0.00035,-0.62382,-0.62235,0.00533,1.30778,1.39676,-0.13527,-0.13872,0.01052,-0.44610,-0.49994,-0.07086,-0.07380,-0.00597,1.19611,1.27087,-0.45432,-0.45655,-0.00759,1.53331,1.54309,-0.30381,-0.30219,0.00658,-0.63381,-0.61695,-0.66160,0.23369,0.01740,5.99400,6.10587
74.1718,-3.56235,-3.24624,-3.56235,-3.24624,-3.56113,-3.24765,1.43887,1.75235,5.02189,5.01888,5.00000,5.00000,0.00000,0.00000,12,0.00362,-0.62382,-0.62237,-0.00323,1.32140,1.22292,-0.13527,-0.13801,0.01195,-0.44494,-0.34203,-0.07086,-0.07378,0.00022,1.19543,1.29525,-0.45432,-0.45695,-0.00803,1.46195,1.50589,-0.30381,-0.30219,0.00350,-0.62325,-0.55747,-0.66160,0.23364,-0.00530,5.97495,6.02895
74.2695,-3.56497,-3.24789,-3.56497,-3.24789,-3.56344,-3.24713,1.43656,1.75287,5.02204,5.01981,5.00000,5.00000,0.00000,0.00000,12,0.00038,-0.62382,-0.62240,-0.00868,1.33345,1.24274,-0.13527,-0.13775,0.00162,-0.48347,-0.54900,-0.07086,-0.07376,-0.00038,1.13744,1.13832,-0.45432,-0.45715,-0.00197,1.42702,1.38439,-0.30381,-0.30218,0.00748,-0.58727,-0.48780,-0.66160,0.23365,-0.00553,5.95922,6.07965
74.3735,-3.55841,-3.24917,-3.55841,-3.24917,-3.56103,-3.24778,1.43897,1.75222,5.02024,5.02008,5.00000,5.00000,0.00000,0.00000,12,0.00035,-0.62382,-0.62240,0.00169,1.35350,1.46979,-0.13527,-0.13759,-0.00063,-0.51751,-0.43726,-0.07086,-0.07373,0.00053,1.12093,1.05476,-0.45432,-0.45723,-0.00113,1.40561,1.49468,-0.30381,-0.30219,0.00762,-0.54070,-0.51550,-0.66160,0.23365,-0.01084,5.92539,6.01100
74.4756,-3.55609,-3.25065,-3.55609,-3.25065,-3.55720,-3.24967,1.44280,1.75033,5.02087,5.01992,5.00000,5.00000,0.00000,0.00000,12,0.00105,-0.62382,-0.62239,0.00400,1.37841,1.44972,-0.13527,-0.13739,0.00535,-0.50376,-0.57906,-0.07086,-0.07371,0.00248,1.10223,1.03157,-0.45432,-0.45725,0.00407,1.34162,1.34556,-0.30381,-0.30221,-0.00236,-0.52440,-0.49290,-0.66160,0.23365,-0.00456,5.97975,5.99546
