t_s,roll,pitch,err_r,err_p,err_r_filt,err_p_filt,integ_r,integ_p,pi_out_r,pi_out_p,corr_r,corr_p,target_roll,target_pitch,clip_flags,dt_actual,mt_0,enc_0,vel_0,iq_sp_0,iq_0,mt_1,enc_1,vel_1,iq_sp_1,iq_1,mt_2,enc_2,vel_2,iq_sp_2,iq_2,mt_3,enc_3,vel_3,iq_sp_3,iq_3,mt_4,enc_4,vel_4,iq_sp_4,iq_4,mt_5,enc_5,vel_5,iq_sp_5,iq_5
0.0000,-0.00530,-0.11723,-0.00530,-0.11723,-0.00609,-0.12311,-1.99955,1.58550,-1.99346,1.70861,-1.99346,1.70861,0.00000,0.00000,16,0.00277,-0.14610,-0.14620,-0.00264,1.92253,1.98237,-0.25209,-0.24574,-0.00470,2.17961,2.16884,-0.19491,-0.19476,-0.01107,3.22367,3.16586,-0.25759,-0.26466,-0.00208,1.50009,1.56914,-0.04796,-0.06700,0.00827,-0.35300,-0.31652,-0.15593,-0.17389,0.00035,4.51883,4.52316
0.0983,-0.00789,-0.11090,-0.00789,-0.11090,-0.00685,-0.11403,-1.99955,1.58902,-1.99270,1.70305,-1.99270,1.70305,0.00000,0.00000,16,0.00031,-0.14588,-0.14622,0.00054,1.90214,1.96487,-0.25203,-0.24625,-0.01113,2.21586,2.22435,-0.19490,-0.19569,-0.00806,3.15704,3.08488,-0.25783,-0.26454,0.00314,1.44285,1.40855,-0.04819,-0.06693,0.00256,-0.62804,-0.55232,-0.15574,-0.17390,-0.00621,4.26157,4.31488
0.2020,-0.00495,-0.10319,-0.00495,-0.10319,-0.00612,-0.10692,-1.99955,1.59232,-1.99343,1.69924,-1.99343,1.69924,0.00000,0.00000,16,0.00314,-0.14571,-0.14622,-0.00308,1.87852,1.96874,-0.25205,-0.24676,-0.01394,2.27028,2.28338,-0.19495,-0.19665,-0.00987,3.08010,3.13629,-0.25797,-0.26443,-0.00256,1.38456,1.27393,-0.04832,-0.06674,0.00124,-0.83644,-0.89590,-0.15557,-0.17387,0.00273,4.07892,4.06055
0.3003,-0.00552,-0.09015,-0.00552,-0.09015,-0.00586,-0.09621,-1.99955,1.59535,-1.99370,1.69156,-1.99370,1.69156,0.00000,0.00000,16,0.00027,-0.14539,-0.14622,-0.00440,1.84502,1.80888,-0.25202,-0.24708,0.00181,2.34880,2.26220,-0.19499,-0.19808,-0.02431,2.90617,2.83854,-0.25828,-0.26429,0.00579,1.34024,1.31331,-0.04860,-0.06641,-0.00573,-1.02085,-0.98595,-0.15528,-0.17386,-0.00677,3.81315,3.76957
0.4014,-0.00430,-0.06592,-0.00430,-0.06592,-0.00484,-0.07673,-1.99955,1.59790,-1.99471,1.67463,-1.99471,1.67463,0.00000,0.00000,16,0.00029,-0.14466,-0.14620,0.00348,1.78182,1.75868,-0.25200,-0.24743,-0.01073,2.34960,2.35408,-0.19511,-0.20101,-0.03007,2.67849,2.76676,-0.25896,-0.26419,-0.00177,1.32470,1.20565,-0.04922,-0.06603,0.00201,-1.16432,-1.16083,-0.15461,-0.17380,0.00293,3.55727,3.44652
0.5045,-0.00800,-0.05251,-0.00800,-0.05251,-0.00553,-0.05794,-1.99955,1.59983,-1.99402,1.65777,-1.99402,1.65777,0.00000,0.00000,16,0.00031,-0.14397,-0.14617,0.00326,1.72302,1.62956,-0.25189,-0.24770,-0.01169,2.36339,2.43363,-0.19515,-0.20309,-0.01004,2.47836,2.46448,-0.25967,-0.26413,0.00088,1.31965,1.44321,-0.04988,-0.06553,-0.00249,-1.24968,-1.25502,-0.15399,-0.17376,-0.00171,3.27386,3.10434
0.6053,-0.00882,-0.04689,-0.00882,-0.04689,-0.00827,-0.04948,-1.99955,1.60139,-1.99128,1.65087,-1.99128,1.65087,0.00000,0.00000,16,0.00029,-0.14374,-0.14618,-0.00038,1.67306,1.70519,-0.25174,-0.24789,-0.00394,2.40736,2.35422,-0.19505,-0.20376,0.00286,2.35984,2.23303,-0.26000,-0.26409,-0.00211,1.26766,1.34674,-0.05022,-0.06509,-0.00052,-1.39843,-1.40104,-0.15380,-0.17374,-0.00407,3.00631,2.96150
0.7066,-0.01353,-0.04018,-0.01353,-0.04018,-0.01078,-0.04307,-1.99955,1.60276,-1.98877,1.64584,-1.98877,1.64584,0.00000,0.00000,16,0.00026,-0.14358,-0.14616,0.00099,1.61900,1.62701,-0.25160,-0.24810,0.00273,2.44070,2.31790,-0.19495,-0.20399,0.00532,2.24778,2.31723,-0.26026,-0.26399,0.00614,1.25488,1.35240,-0.05047,-0.06464,-0.00347,-1.55664,-1.52594,-0.15367,-0.17368,-0.00575,2.75491,2.80633
0.8072,-0.01578,-0.04041,-0.01578,-0.04041,-0.01480,-0.04121,-1.99955,1.60402,-1.98475,1.64523,-1.98475,1.64523,0.00000,0.00000,16,0.00024,-0.14364,-0.14615,0.00011,1.59929,1.53513,-0.25141,-0.24823,-0.00268,2.46366,2.36566,-0.19477,-0.20404,0.00010,2.11478,2.10036,-0.26036,-0.26395,-0.00738,1.19619,1.28185,-0.05060,-0.06394,0.01136,-1.61541,-1.53912,-0.15375,-0.17362,0.00005,2.51185,2.50318
0.9091,-0.01835,-0.03685,-0.01835,-0.03685,-0.01715,-0.03782,-1.99955,1.60519,-1.98240,1.64301,-1.98240,1.64301,0.00000,0.00000,16,0.00031,-0.14359,-0.14614,-0.00233,1.56368,1.56563,-0.25129,-0.24836,-0.00618,2.47303,2.43638,-0.19468,-0.20405,-0.00234,1.98228,2.00732,-0.26050,-0.26385,0.00401,1.19388,1.08930,-0.05074,-0.06305,0.00605,-1.72512,-1.80250,-0.15373,-0.17358,-0.01220,2.28881,2.09177
1.0103,-0.01763,-0.03666,-0.01763,-0.03666,-0.01750,-0.03685,-1.99955,1.60632,-1.98205,1.64316,-1.98205,1.64316,0.00000,0.00000,16,0.00029,-0.14361,-0.14613,0.00167,1.55397,1.54634,-0.25127,-0.24846,-0.00895,2.54111,2.56670,-0.19466,-0.20402,-0.00219,1.88702,1.81068,-0.26050,-0.26378,0.00014,1.14660,1.26256,-0.05075,-0.06119,0.03793,-1.66676,-1.69912,-0.15374,-0.17350,0.00213,2.07945,2.08394
1.1111,-0.00464,-0.02882,-0.00464,-0.02882,-0.01187,-0.03207,-1.99955,1.60735,-1.98768,1.63942,-1.98768,1.63942,0.00000,0.00000,16,0.00043,-0.14334,-0.14611,0.00450,1.52483,1.58299,-0.25152,-0.24855,-0.00465,2.54621,2.60887,-0.19493,-0.20398,-0.00359,1.76543,1.72125,-0.26054,-0.26368,0.00090,1.10838,1.19135,-0.05075,-0.05437,0.05403,-1.22442,-1.27016,-0.15346,-0.17342,0.00134,1.81064,1.70329
1.2144,0.02335,-0.01870,0.02335,-0.01870,0.00991,-0.02491,-1.99955,1.60821,-2.00946,1.63312,-2.00946,1.63312,0.00000,0.00000,16,0.00027,-0.14263,-0.14610,-0.00925,1.39942,1.53991,-0.25250,-0.24872,-0.00798,2.65067,2.55930,-0.19595,-0.20396,0.00231,1.73428,1.79886,-0.26037,-0.26357,-0.00544,1.05858,0.92831,-0.05043,-0.04637,0.17997,-0.37899,-0.69773,-0.15266,-0.17332,0.00409,1.51183,1.40857
1.3180,0.07642,-0.00553,0.07642,-0.00553,0.05885,-0.01107,-2.00064,1.60833,-2.05950,1.61940,-2.05950,1.61940,0.00000,0.00000,32,0.00204,-0.14105,-0.14602,-0.00603,1.24830,1.23884,-0.25477,-0.24916,-0.01160,2.83875,2.81190,-0.19828,-0.20399,-0.00012,1.84317,1.85808,-0.25995,-0.26337,0.00884,1.01807,1.07217,-0.04967,-0.04072,0.00254,-0.44742,-0.48602,-0.15085,-0.17316,0.00455,1.11147,0.98254
1.4165,0.07749,-0.00403,0.07749,-0.00403,0.07255,-0.00464,-2.00268,1.60833,-2.07523,1.61297,-2.07523,1.61297,0.00000,0.00000,32,0.00028,-0.14046,-0.14595,0.00192,1.19522,1.41097,-0.25547,-0.24963,-0.00331,2.89789,2.87082,-0.19903,-0.20398,-0.00035,1.80364,1.84565,-0.25991,-0.26321,0.00792,1.01255,1.10204,-0.04951,-0.04046,0.00055,-0.38121,-0.34396,-0.15020,-0.17302,-0.00467,0.80839,0.82163
1.5171,0.07989,0.00129,0.07989,0.00129,0.07696,0.00052,-2.00492,1.60833,-2.08188,1.60781,-2.08188,1.60781,0.00000,0.00000,32,0.00029,-0.14011,-0.14593,-0.01471,1.07368,1.03379,-0.25576,-0.24995,-0.00666,2.96870,2.92581,-0.19935,-0.20399,-0.00582,1.73656,1.83172,-0.25999,-0.26309,-0.00263,0.95809,0.93234,-0.04954,-0.04045,0.00459,-0.21654,-0.24939,-0.14983,-0.17280,0.01234,0.53424,0.68027
1.6210,0.07825,0.00652,0.07825,0.00652,0.07897,0.00390,-2.00728,1.60833,-2.08625,1.60443,-2.08625,1.60443,0.00000,0.00000,32,0.00167,-0.13988,-0.14585,-0.00675,0.99528,1.00050,-0.25595,-0.25031,-0.00876,3.02851,3.21405,-0.19956,-0.20397,-0.00213,1.71652,1.73288,-0.26004,-0.26292,0.00532,0.94415,1.00576,-0.04956,-0.04045,0.00482,-0.13694,-0.03043,-0.14959,-0.17255,0.00426,0.27115,0.24936
1.7208,0.07497,0.00518,0.07497,0.00518,0.07711,0.00509,-2.00962,1.60833,-2.08672,1.60324,-2.08672,1.60324,0.00000,0.00000,32,0.00036,-0.13982,-0.14580,-0.00109,0.93548,1.02515,-0.25597,-0.25053,0.00306,3.09622,3.13291,-0.19959,-0.20394,0.00395,1.66793,1.74267,-0.26008,-0.26281,0.00626,0.91730,0.94381,-0.04959,-0.04046,-0.00057,-0.01072,0.05251,-0.14954,-0.17224,0.01104,0.03676,0.08866
1.8219,0.07719,0.00560,0.07719,0.00560,0.07649,0.00458,-2.01191,1.60833,-2.08840,1.60375,-2.08840,1.60375,0.00000,0.00000,32,0.00033,-0.13981,-0.14573,0.00078,0.84309,0.94090,-0.25605,-0.25074,-0.00458,3.11374,3.09538,-0.19966,-0.20392,0.00081,1.61102,1.60979,-0.26003,-0.26270,0.00045,0.89849,0.99850,-0.04953,-0.04045,0.00881,0.09768,0.10130,-0.14951,-0.17185,0.00589,-0.26939,-0.23683
1.9259,0.07640,0.00670,0.07640,0.00670,0.07670,0.00568,-2.01421,1.60833,-2.09091,1.60265,-2.09091,1.60265,0.00000,0.00000,32,0.00029,-0.13971,-0.14567,0.00254,0.80094,0.81764,-0.25616,-0.25096,0.00076,3.19398,3.22425,-0.19978,-0.20391,0.00172,1.54874,1.46763,-0.26002,-0.26251,0.00208,0.88151,0.93403,-0.04950,-0.04046,0.00052,0.21428,0.23644,-0.14941,-0.17142,0.00889,-0.50708,-0.51118
2.0275,0.07966,0.01292,0.07966,0.01292,0.07834,0.00951,-2.01654,1.60833,-2.09488,1.59882,-2.09488,1.59882,0.00000,0.00000,32,0.00030,-0.13947,-0.14559,0.01307,0.73382,0.76722,-0.25632,-0.25118,-0.00183,3.25672,3.48211,-0.19998,-0.20391,-0.00011,1.53773,1.43898,-0.26010,-0.26239,-0.00256,0.85243,0.76972,-0.04955,-0.04049,-0.01034,0.27635,0.25717,-0.14916,-0.17082,0.00076,-0.77825,-0.73659
2.1288,0.07906,0.01303,0.07906,0.01303,0.07941,0.01227,-2.01890,1.60833,-2.09832,1.59607,-2.09832,1.59607,0.00000,0.00000,32,0.00043,-0.13929,-0.14551,0.00060,0.61900,0.58321,-0.25647,-0.25140,-0.00569,3.31506,3.19113,-0.20015,-0.20387,0.00489,1.51104,1.47658,-0.26015,-0.26228,-0.00532,0.81956,0.93461,-0.04957,-0.04048,0.00204,0.43494,0.43428,-0.14897,-0.17001,-0.00193,-0.96609,-0.97535
2.2300,0.08741,0.01196,0.08741,0.01196,0.08449,0.01225,-2.02138,1.60833,-2.10587,1.59608,-2.10587,1.59608,0.00000,0.00000,32,0.00030,-0.13914,-0.14542,-0.00352,0.54523,0.55402,-0.25682,-0.25163,0.00640,3.40173,3.33377,-0.20049,-0.20389,-0.00670,1.46754,1.51757,-0.26000,-0.26211,0.00553,0.81823,0.90144,-0.04937,-0.04048,0.00153,0.52305,0.56305,-0.14877,-0.16880,0.02084,-1.10493,-1.32782
2.3313,0.08586,0.01474,0.08586,0.01474,0.08506,0.01401,-2.02391,1.60833,-2.10897,1.59433,-2.10897,1.59433,0.00000,0.00000,32,0.00036,-0.13900,-0.14533,-0.00042,0.45928,0.45530,-0.25696,-0.25190,-0.00276,3.44282,3.55018,-0.20064,-0.20386,0.00063,1.44501,1.36852,-0.26001,-0.26193,-0.00167,0.81151,0.64690,-0.04936,-0.04051,0.00079,0.64282,0.54097,-0.14863,-0.16735,0.00489,-1.30682,-1.28053
2.4340,0.09540,0.01656,0.09540,0.01656,0.09181,0.01561,-2.02658,1.60833,-2.11839,1.59272,-2.11839,1.59272,0.00000,0.00000,32,0.00105,-0.13874,-0.14518,0.00484,0.38381,0.33104,-0.25739,-0.25213,0.00118,3.51235,3.38776,-0.20107,-0.20387,-0.00303,1.42502,1.35120,-0.25989,-0.26174,0.00744,0.79164,0.71063,-0.04918,-0.04059,-0.01291,0.68464,0.69526,-0.14832,-0.16617,0.01198,-1.46685,-1.59014
2.5384,0.10002,0.01403,0.10002,0.01403,0.09757,0.01479,-2.02944,1.60833,-2.12702,1.59354,-2.12702,1.59354,0.00000,0.00000,32,0.00318,-0.13860,-0.14500,0.00825,0.30299,0.32695,-0.25780,-0.25249,-0.00321,3.56821,3.61130,-0.20146,-0.20386,-0.00267,1.42052,1.44559,-0.25968,-0.26152,0.00778,0.75375,0.64553,-0.04893,-0.04063,-0.01158,0.79327,0.75880,-0.14813,-0.16486,0.02437,-1.54819,-1.46873
2.6371,0.09751,0.01714,0.09751,0.01714,0.09836,0.01572,-2.03239,1.60833,-2.13075,1.59261,-2.13075,1.59261,0.00000,0.00000,32,0.00029,-0.13849,-0.14490,0.00494,0.20086,0.37385,-0.25796,-0.25285,-0.00464,3.60856,3.56408,-0.20164,-0.20384,0.00352,1.39908,1.38500,-0.25965,-0.26134,0.00151,0.75376,0.78740,-0.04887,-0.04065,0.00216,0.88336,1.02110,-0.14800,-0.16374,0.00257,-1.72859,-1.79460
2.7385,0.10457,0.02048,0.10457,0.02048,0.10175,0.01910,-2.03539,1.60833,-2.13714,1.58924,-2.13714,1.58924,0.00000,0.00000,32,0.00026,-0.13822,-0.14481,-0.00636,0.09197,0.17456,-0.25825,-0.25319,-0.00774,3.68147,3.60330,-0.20194,-0.20383,0.00878,1.42030,1.30418,-0.25966,-0.26116,-0.00450,0.72939,0.60064,-0.04883,-0.04069,0.00272,0.99531,1.13087,-0.14771,-0.16262,0.00746,-1.86768,-1.83603
2.8405,0.09851,0.02334,0.09851,0.02334,0.10012,0.02123,-2.03841,1.60808,-2.13853,1.58686,-2.13853,1.58686,0.00000,0.00000,0,0.00099,-0.13809,-0.14463,0.00042,0.03964,0.11413,-0.25830,-0.25346,-0.00058,3.73396,3.70618,-0.20202,-0.20384,0.00113,1.37434,1.44647,-0.25973,-0.26103,0.00474,0.74795,0.82165,-0.04889,-0.04074,-0.00010,1.08370,1.16541,-0.14758,-0.16161,0.00824,-1.98824,-2.06308
2.9439,0.10274,0.02446,0.10274,0.02446,0.10156,0.02381,-2.04145,1.60739,-2.14301,1.58358,-2.14301,1.58358,0.00000,0.00000,0,0.00036,-0.13786,-0.14442,0.00864,-0.00655,0.02673,-0.25849,-0.25375,-0.00081,3.78930,3.99341,-0.20223,-0.20382,0.00372,1.35733,1.51032,-0.25978,-0.26095,-0.00925,0.72140,0.73102,-0.04890,-0.04079,0.00365,1.23665,1.20826,-0.14734,-0.16011,0.01192,-2.02081,-1.93315
3.0472,0.10261,0.03201,0.10261,0.03201,0.10325,0.02938,-2.04452,1.60658,-2.14777,1.57720,-2.14777,1.57720,0.00000,0.00000,0,0.00035,-0.13750,-0.14427,0.00444,-0.11094,-0.01374,-0.25869,-0.25412,-0.00097,3.83156,3.66369,-0.20248,-0.20382,0.00055,1.37529,1.46532,-0.25995,-0.26083,-0.00687,0.72579,0.71859,-0.04902,-0.04087,0.00376,1.30415,1.32400,-0.14698,-0.15802,0.02606,-2.07515,-1.87217
3.1481,0.09930,0.03380,0.09930,0.03380,0.10120,0.03307,-2.04759,1.60562,-2.14879,1.57256,-2.14879,1.57256,0.00000,0.00000,0,0.00041,-0.13729,-0.14407,0.00345,-0.21664,-0.19611,-0.25872,-0.25449,0.00094,3.85434,3.95153,-0.20254,-0.20383,-0.00536,1.36840,1.29348,-0.26012,-0.26078,0.00008,0.71875,0.79641,-0.04917,-0.04094,0.00156,1.39567,1.48181,-0.14678,-0.15599,0.01966,-2.08047,-1.88083
3.2490,0.09578,0.03876,0.09578,0.03876,0.09666,0.03752,-2.05054,1.60455,-2.14720,1.56703,-2.14720,1.56703,0.00000,0.00000,0,0.00029,-0.13709,-0.14391,0.00203,-0.31380,-0.25439,-0.25862,-0.25493,-0.00709,3.87360,3.83014,-0.20249,-0.20382,0.00073,1.34215,1.34185,-0.26038,-0.26074,0.00281,0.76195,0.73419,-0.04942,-0.04102,-0.00281,1.51939,1.55221,-0.14661,-0.15406,0.01263,-2.06363,-2.03735
3.3505,0.08928,0.04344,0.08928,0.04344,0.09199,0.04035,-2.05335,1.60339,-2.14534,1.56304,-2.14534,1.56304,0.00000,0.00000,0,0.00031,-0.13696,-0.14370,0.00590,-0.35597,-0.24501,-0.25851,-0.25529,-0.00601,3.87950,3.90616,-0.20242,-0.20380,0.00375,1.33380,1.36861,-0.26058,-0.26073,-0.00523,0.74575,0.70180,-0.04962,-0.04113,-0.00517,1.58906,1.64337,-0.14650,-0.15128,0.02726,-1.91774,-1.82693
3.4510,0.08500,0.04794,0.08500,0.04794,0.08690,0.04663,-2.05603,1.60205,-2.14294,1.55542,-2.14294,1.55542,0.00000,0.00000,0,0.00032,-0.13670,-0.14346,0.00209,-0.46586,-0.39606,-0.25837,-0.25564,-0.00059,3.88970,3.77538,-0.20234,-0.20380,0.00013,1.30541,1.38604,-0.26094,-0.26070,0.00561,0.79391,0.79616,-0.04997,-0.04121,-0.00015,1.75138,1.70063,-0.14628,-0.14938,0.00303,-1.94311,-1.93221
3.5536,0.08001,0.04896,0.08001,0.04896,0.08220,0.04807,-2.05855,1.60063,-2.14075,1.55255,-2.14075,1.55255,0.00000,0.00000,0,0.00031,-0.13662,-0.14321,0.00123,-0.53361,-0.61165,-0.25825,-0.25600,0.00144,3.89695,3.63841,-0.20226,-0.20379,0.00339,1.26310,1.34307,-0.26110,-0.26071,-0.00158,0.77695,0.74850,-0.05014,-0.04134,-0.01122,1.82978,1.95988,-0.14623,-0.14899,-0.00063,-1.94372,-1.86693
3.6549,0.08142,0.05381,0.08142,0.05381,0.08142,0.05214,-2.06100,1.59911,-2.14243,1.54697,-2.14243,1.54697,0.00000,0.00000,0,0.00035,-0.13635,-0.14300,0.00737,-0.59050,-0.57694,-0.25831,-0.25644,-0.00161,3.91195,3.82623,-0.20236,-0.20379,-0.00060,1.27265,1.28233,-0.26129,-0.26071,-0.00030,0.83078,0.80440,-0.05031,-0.04143,-0.00146,1.95723,1.93344,-0.14597,-0.14870,-0.00068,-1.98572,-1.89735
3.7557,0.07846,0.05585,0.07846,0.05585,0.07901,0.05405,-2.06340,1.59752,-2.14241,1.54347,-2.14241,1.54347,0.00000,0.00000,0,0.00030,-0.13621,-0.14277,0.00984,-0.65723,-0.67641,-0.25829,-0.25699,-0.00458,3.88708,3.70535,-0.20237,-0.20378,-0.00027,1.26001,1.15142,-0.26144,-0.26071,0.00141,0.81957,0.91540,-0.05044,-0.04153,0.00798,2.10162,1.91467,-0.14584,-0.14844,0.01197,-1.95754,-2.03982
3.8569,0.07144,0.05817,0.07144,0.05817,0.07492,0.05760,-2.06571,1.59582,-2.14063,1.53821,-2.14063,1.53821,0.00000,0.00000,0,0.00029,-0.13603,-0.14242,0.01004,-0.73747,-0.88650,-0.25819,-0.25778,-0.00808,3.79724,3.82651,-0.20231,-0.20377,0.00524,1.23279,1.20484,-0.26169,-0.26071,-0.00139,0.86815,0.89212,-0.05069,-0.04166,0.00406,2.20495,2.16303,-0.14569,-0.14823,0.01004,-1.98370,-2.06161
3.9577,0.07068,0.06356,0.07068,0.06356,0.07107,0.06077,-2.06788,1.59405,-2.13895,1.53327,-2.13895,1.53327,0.00000,0.00000,0,0.00030,-0.13586,-0.14214,0.00528,-0.79318,-0.96706,-0.25809,-0.25896,-0.02095,3.68636,3.59688,-0.20225,-0.20376,0.00415,1.21101,1.27841,-0.26192,-0.26071,0.00099,0.87171,0.94208,-0.05092,-0.04183,-0.00788,2.28964,2.21133,-0.14554,-0.14809,-0.00082,-2.06038,-2.08831
4.0588,0.06133,0.07390,0.06133,0.07390,0.06632,0.06992,-2.06995,1.59206,-2.13627,1.52214,-2.13627,1.52214,0.00000,0.00000,0,0.00030,-0.13545,-0.14186,0.01084,-0.87799,-0.96804,-0.25791,-0.26043,-0.01276,3.58182,3.54212,-0.20218,-0.20377,-0.00145,1.17441,1.27204,-0.26243,-0.26070,0.00485,0.93185,0.89217,-0.05141,-0.04197,-0.00047,2.42952,2.34925,-0.14519,-0.14793,-0.00396,-2.13268,-2.11714
4.1607,0.06312,0.08106,0.06312,0.08106,0.06331,0.07809,-2.07187,1.58980,-2.13519,1.51171,-2.13519,1.51171,0.00000,0.00000,0,0.00037,-0.13504,-0.14153,0.00072,-0.97694,-0.91339,-0.25782,-0.26115,-0.00742,3.49900,3.50927,-0.20217,-0.20375,-0.00118,1.15830,1.07099,-0.26288,-0.26073,0.00348,1.00375,0.96177,-0.05184,-0.04222,-0.00335,2.55300,2.63845,-0.14482,-0.14772,0.00125,-2.14483,-2.19280
4.2636,0.05971,0.08033,0.05971,0.08033,0.06066,0.08076,-2.07372,1.58739,-2.13438,1.50663,-2.13438,1.50663,0.00000,0.00000,0,0.00030,-0.13484,-0.14115,0.00206,-1.07260,-1.01991,-0.25776,-0.26136,-0.00394,3.47181,3.27136,-0.20215,-0.20373,0.00324,1.16127,1.18413,-0.26311,-0.26077,-0.00812,1.05275,1.04077,-0.05205,-0.04256,-0.00318,2.68130,2.73141,-0.14465,-0.14750,0.00490,-2.18209,-2.09356
4.3645,0.06067,0.08058,0.06067,0.08058,0.06074,0.07967,-2.07554,1.58500,-2.13629,1.50533,-2.13629,1.50533,0.00000,0.00000,0,0.00027,-0.13475,-0.14078,-0.00060,-1.12996,-1.22583,-0.25784,-0.26146,-0.00300,3.40803,3.23711,-0.20225,-0.20372,0.00247,1.11705,1.08581,-0.26312,-0.26075,0.00487,1.06613,0.98257,-0.05205,-0.04287,0.00379,2.78693,2.64743,-0.14455,-0.14727,0.00190,-2.21558,-1.97639
4.4687,0.05775,0.07943,0.05775,0.07943,0.05869,0.07890,-2.07733,1.58263,-2.13602,1.50374,-2.13602,1.50374,0.00000,0.00000,0,0.00027,-0.13469,-0.14048,-0.00022,-1.18592,-1.20187,-0.25782,-0.26150,-0.00229,3.36892,3.14399,-0.20224,-0.20370,0.00555,1.12312,1.06006,-0.26319,-0.26077,-0.00096,1.07252,1.06944,-0.05212,-0.04323,0.00705,2.89135,2.88647,-0.14450,-0.14703,0.00455,-2.20383,-2.27045
4.5698,0.05663,0.07977,0.05663,0.07977,0.05831,0.08019,-2.07909,1.58024,-2.13739,1.50005,-2.13739,1.50005,0.00000,0.00000,0,0.00033,-0.13451,-0.14014,0.00560,-1.24452,-1.19111,-0.25787,-0.26153,0.00138,3.32320,3.33527,-0.20232,-0.20370,0.00005,1.09825,1.15846,-0.26332,-0.26078,-0.00173,1.13554,1.04303,-0.05223,-0.04378,-0.00494,2.93167,2.92141,-0.14432,-0.14683,-0.00207,-2.24184,-2.36798
4.6706,0.06087,0.07855,0.06087,0.07855,0.05983,0.07915,-2.08086,1.57785,-2.14069,1.49870,-2.14069,1.49870,0.00000,0.00000,0,0.00035,-0.13438,-0.13973,-0.00136,-1.28715,-1.22453,-0.25802,-0.26153,-0.00227,3.27726,3.45593,-0.20247,-0.20369,0.00230,1.10077,1.13116,-0.26331,-0.26081,-0.01039,1.15164,1.17426,-0.05220,-0.04447,-0.02354,2.94480,2.98760,-0.14419,-0.14661,0.00290,-2.25738,-2.26164
4.7717,0.05812,0.08011,0.05812,0.08011,0.05951,0.08020,-2.08266,1.57546,-2.14217,1.49526,-2.14217,1.49526,0.00000,0.00000,0,0.00038,-0.13421,-0.13924,0.00622,-1.31214,-1.37309,-0.25807,-0.26153,0.00250,3.25936,3.34895,-0.20256,-0.20370,-0.00290,1.10394,1.06175,-0.26342,-0.26081,0.00269,1.19425,1.18746,-0.05229,-0.04536,-0.01321,3.02733,2.99094,-0.14402,-0.14634,0.00396,-2.27356,-2.35748
4.8740,0.05721,0.07640,0.05721,0.07640,0.05845,0.07795,-2.08443,1.57308,-2.14288,1.49514,-2.14288,1.49514,0.00000,0.00000,0,0.00041,-0.13419,-0.13883,-0.00105,-1.34831,-1.34583,-0.25810,-0.26153,-0.00167,3.20365,3.31635,-0.20259,-0.20369,0.00308,1.08916,1.16652,-0.26341,-0.26082,-0.00167,1.23908,1.23891,-0.05227,-0.04646,-0.00794,3.01347,2.89524,-0.14400,-0.14615,0.00037,-2.32281,-2.49155
4.9752,0.05619,0.07556,0.05619,0.07556,0.05556,0.07641,-2.08612,1.57077,-2.14168,1.49436,-2.14168,1.49436,0.00000,0.00000,0,0.00030,-0.13418,-0.13824,0.00336,-1.35122,-1.24743,-0.25804,-0.26151,0.00754,3.15872,3.19513,-0.20254,-0.20369,-0.00136,1.05057,1.11516,-0.26347,-0.26083,0.00157,1.25128,1.20198,-0.05234,-0.04774,-0.01375,2.98591,3.01718,-0.14400,-0.14596,0.00245,-2.32590,-2.18815
5.0763,0.05092,0.07401,0.05092,0.07401,0.05351,0.07513,-2.08777,1.56849,-2.14127,1.49336,-2.14127,1.49336,0.00000,0.00000,0,0.00028,-0.13415,-0.13715,0.02214,-1.27515,-1.19450,-0.25802,-0.26153,0.00103,3.12511,3.23347,-0.20252,-0.20368,-0.00161,1.04614,1.00285,-0.26352,-0.26087,-0.01055,1.28651,1.21281,-0.05238,-0.04871,-0.00103,2.98319,2.96614,-0.14397,-0.14581,-0.00507,-2.34642,-2.32428
5.1774,0.04374,0.07067,0.04374,0.07067,0.04705,0.07251,-2.08926,1.56629,-2.13631,1.49378,-2.13631,1.49378,0.00000,0.00000,0,0.00026,-0.13427,-0.13358,0.05925,-0.91953,-0.90515,-0.25779,-0.26154,-0.00619,3.03553,3.13484,-0.20229,-0.20366,0.00287,1.03675,0.98537,-0.26360,-0.26087,0.00250,1.33777,1.33468,-0.05249,-0.04949,-0.01859,2.93577,2.95918,-0.14411,-0.14567,0.00363,-2.34433,-2.36739
5.2782,0.02768,0.08133,0.02768,0.08133,0.03354,0.07736,-2.09044,1.56406,-2.12398,1.48670,-2.12398,1.48670,0.00000,0.00000,0,0.00041,-0.13422,-0.12940,0.01152,-0.76263,-0.84433,-0.25719,-0.26153,-0.00002,2.97877,3.05803,-0.20176,-0.20365,0.00142,0.94737,1.00242,-0.26413,-0.26090,-0.00744,1.39456,1.39730,-0.05308,-0.05021,0.00139,3.03373,3.02422,-0.14416,-0.14561,-0.00068,-2.33183,-2.27692
5.3798,0.02436,0.07773,0.02436,0.07773,0.02659,0.07788,-2.09131,1.56172,-2.11790,1.48383,-2.11790,1.48383,0.00000,0.00000,0,0.00035,-0.13423,-0.12916,0.00054,-0.75301,-0.71247,-0.25689,-0.26150,0.00813,2.90023,3.05291,-0.20150,-0.20361,0.00841,0.95607,0.91127,-0.26437,-0.26091,0.00287,1.47138,1.46649,-0.05335,-0.05092,-0.00327,2.99621,2.84504,-0.14421,-0.14554,0.00074,-2.37080,-2.32595
5.4801,0.02069,0.07295,0.02069,0.07295,0.02262,0.07455,-2.09203,1.55944,-2.11465,1.48488,-2.11465,1.48488,0.00000,0.00000,0,0.00026,-0.13434,-0.12919,-0.00781,-0.66364,-0.67159,-0.25674,-0.26151,-0.00005,2.83783,3.02134,-0.20134,-0.20359,0.00882,0.90225,0.91605,-0.26439,-0.26094,-0.00321,1.50483,1.60967,-0.05339,-0.05141,0.00897,3.05131,3.05070,-0.14434,-0.14547,-0.00349,-2.34583,-2.45282
5.5815,0.01617,0.07020,0.01617,0.07020,0.01850,0.07136,-2.09241,1.55726,-2.11091,1.48591,-2.11091,1.48591,0.00000,0.00000,16,0.00039,-0.13446,-0.12920,0.00253,-0.56918,-0.59810,-0.25658,-0.26149,0.00290,2.75759,2.73218,-0.20117,-0.20358,0.00163,0.85220,0.91085,-0.26442,-0.26098,-0.00178,1.53048,1.49479,-0.05345,-0.05184,-0.00482,3.00861,2.86785,-0.14447,-0.14540,-0.00012,-2.36772,-2.32120
5.6849,0.01492,0.06342,0.01492,0.06342,0.01537,0.06636,-2.09241,1.55520,-2.10778,1.48884,-2.10778,1.48884,0.00000,0.00000,16,0.00180,-0.13464,-0.12925,0.00060,-0.48646,-0.57784,-0.25644,-0.26148,0.00161,2.68803,2.63923,-0.20101,-0.20356,-0.00041,0.80481,0.75519,-0.26436,-0.26102,-0.00220,1.58392,1.44813,-0.05341,-0.05216,-0.00381,2.99810,2.94105,-0.14466,-0.14533,0.00258,-2.34358,-2.16550
5.7856,0.01435,0.06423,0.01435,0.06423,0.01457,0.06424,-2.09241,1.55326,-2.10698,1.48902,-2.10698,1.48902,0.00000,0.00000,16,0.00028,-0.13466,-0.12932,-0.00381,-0.44521,-0.42195,-0.25641,-0.26145,0.00170,2.65099,2.74992,-0.20098,-0.20354,-0.00122,0.79108,0.74627,-0.26437,-0.26102,0.00325,1.63598,1.58394,-0.05343,-0.05237,-0.00051,3.02282,2.99499,-0.14469,-0.14530,0.00555,-2.35502,-2.30466
5.8880,0.01350,0.06162,0.01350,0.06162,0.01360,0.06191,-2.09241,1.55138,-2.10600,1.48948,-2.10600,1.48948,0.00000,0.00000,16,0.00044,-0.13470,-0.12938,-0.00269,-0.40905,-0.36759,-0.25636,-0.26145,-0.00059,2.57715,2.56579,-0.20093,-0.20351,0.00340,0.75242,0.76828,-0.26437,-0.26109,-0.00742,1.63701,1.64665,-0.05344,-0.05256,-0.00672,3.00285,3.03695,-0.14473,-0.14525,0.00398,-2.36383,-2.43808
5.9884,0.01241,0.05757,0.01241,0.05757,0.01214,0.05885,-2.09241,1.54958,-2.10455,1.49073,-2.10455,1.49073,0.00000,0.00000,16,0.00028,-0.13478,-0.12943,0.00352,-0.31346,-0.19054,-0.25630,-0.26143,-0.00236,2.50922,2.50421,-0.20086,-0.20351,-0.00143,0.70196,0.76859,-0.26435,-0.26109,0.00595,1.68282,1.64494,-0.05342,-0.05270,0.00344,3.02645,3.03321,-0.14482,-0.14522,0.00689,-2.33820,-2.41593
6.0906,0.01322,0.05989,0.01322,0.05989,0.01357,0.05838,-2.09241,1.54784,-2.10598,1.48946,-2.10598,1.48946,0.00000,0.00000,16,0.00032,-0.13470,-0.12953,-0.00004,-0.26841,-0.31519,-0.25636,-0.26141,0.00356,2.45811,2.37867,-0.20093,-0.20347,-0.00293,0.69655,0.75032,-0.26437,-0.26114,-0.00646,1.71607,1.72444,-0.05344,-0.05283,0.00652,3.02604,3.04766,-0.14473,-0.14516,0.01215,-2.32877,-2.29004
6.1936,0.01495,0.05392,0.01495,0.05392,0.01445,0.05609,-2.09241,1.54611,-2.10686,1.49003,-2.10686,1.49003,0.00000,0.00000,16,0.00055,-0.13471,-0.12961,0.00202,-0.21049,-0.35065,-0.25641,-0.26137,0.01006,2.40590,2.26292,-0.20097,-0.20344,0.00143,0.66201,0.71396,-0.26433,-0.26117,0.00161,1.76414,1.72904,-0.05339,-0.05299,-0.00532,2.99962,2.97581,-0.14473,-0.14518,-0.00757,-2.37915,-2.45142
6.2938,0.01242,0.04916,0.01242,0.04916,0.01307,0.05128,-2.09241,1.54452,-2.10548,1.49324,-2.10548,1.49324,0.00000,0.00000,16,0.00035,-0.13487,-0.12972,-0.00006,-0.14263,-0.08253,-0.25636,-0.26136,0.00522,2.33496,2.40969,-0.20089,-0.20341,0.00071,0.64347,0.67283,-0.26423,-0.26121,-0.00602,1.78154,1.81013,-0.05330,-0.05307,0.00408,3.00801,3.15300,-0.14489,-0.14516,-0.00813,-2.39283,-2.44313
6.3966,0.01104,0.04608,0.01104,0.04608,0.01127,0.04718,-2.09241,1.54306,-2.10368,1.49588,-2.10368,1.49588,0.00000,0.00000,16,0.00100,-0.13502,-0.12984,-0.00453,-0.09186,-0.10541,-0.25628,-0.26134,0.00179,2.26709,2.40807,-0.20080,-0.20340,-0.00188,0.56963,0.63631,-0.26415,-0.26122,0.00452,1.83422,1.79388,-0.05325,-0.05314,-0.00138,3.01405,3.14575,-0.14504,-0.14510,0.00815,-2.33092,-2.26063
6.4989,0.00753,0.04855,0.00753,0.04855,0.00882,0.04753,-2.09241,1.54165,-2.10123,1.49412,-2.10123,1.49412,0.00000,0.00000,16,0.00241,-0.13499,-0.12997,-0.00002,-0.02524,-0.03844,-0.25616,-0.26133,-0.00290,2.19428,2.14544,-0.20069,-0.20337,0.00251,0.56544,0.48842,-0.26428,-0.26125,0.00731,1.87564,1.88407,-0.05338,-0.05321,-0.00208,2.97979,2.94965,-0.14503,-0.14511,0.00220,-2.35915,-2.26316
6.5980,0.00550,0.04414,0.00550,0.04414,0.00682,0.04628,-2.09241,1.54023,-2.09922,1.49396,-2.09922,1.49396,0.00000,0.00000,16,0.00040,-0.13503,-0.13007,0.00238,0.04553,-0.01750,-0.25607,-0.26129,0.00528,2.14115,2.26458,-0.20060,-0.20334,0.00253,0.51700,0.47544,-0.26432,-0.26132,-0.00425,1.90671,1.91553,-0.05344,-0.05328,-0.00155,2.98178,3.02589,-0.14508,-0.14507,0.00543,-2.35822,-2.24972
6.6985,0.00423,0.04465,0.00423,0.04465,0.00535,0.04520,-2.09241,1.53887,-2.09775,1.49366,-2.09775,1.49366,0.00000,0.00000,16,0.00028,-0.13504,-0.13013,0.00027,0.09534,0.11002,-0.25600,-0.26125,0.00972,2.07274,2.11890,-0.20054,-0.20331,0.00164,0.48667,0.42140,-0.26436,-0.26134,-0.00159,1.93923,1.81074,-0.05349,-0.05335,-0.01178,3.00898,2.87640,-0.14510,-0.14506,0.00230,-2.35949,-2.36299
6.8006,-0.00104,0.03997,-0.00104,0.03997,0.00157,0.04194,-2.09241,1.53757,-2.09398,1.49563,-2.09398,1.49563,0.00000,0.00000,16,0.00030,-0.13520,-0.13026,-0.00566,0.13512,0.16433,-0.25583,-0.26124,0.00733,1.99623,2.20432,-0.20036,-0.20327,0.00071,0.46817,0.55171,-0.26436,-0.26137,0.00857,1.98763,1.99610,-0.05351,-0.05338,0.00277,3.00392,3.02244,-0.14528,-0.14507,-0.00215,-2.36559,-2.36593
6.9011,-0.00081,0.04190,-0.00081,0.04190,-0.00083,0.04184,-2.09241,1.53632,-2.09158,1.49448,-2.09158,1.49448,0.00000,0.00000,16,0.00033,-0.13520,-0.13042,-0.00496,0.19887,0.14717,-0.25572,-0.26119,0.00003,1.89688,1.93647,-0.20025,-0.20323,0.00344,0.41514,0.47411,-0.26445,-0.26143,0.00557,2.05181,2.02778,-0.05361,-0.05346,-0.01078,2.98933,3.06413,-0.14529,-0.14503,0.00515,-2.34635,-2.19809
7.0022,-0.00459,0.04110,-0.00459,0.04110,-0.00252,0.04246,-2.09241,1.53504,-2.08989,1.49258,-2.08989,1.49258,0.00000,0.00000,16,0.00028,-0.13516,-0.13048,0.00111,0.26458,0.17039,-0.25563,-0.26114,0.00757,1.87948,1.73103,-0.20018,-0.20318,0.00638,0.35492,0.44963,-0.26456,-0.26151,0.00063,2.03623,2.11364,-0.05373,-0.05350,-0.00354,2.99890,3.07399,-0.14527,-0.14504,-0.01140,-2.33977,-2.36680
7.1053,-0.00601,0.03812,-0.00601,0.03812,-0.00466,0.03926,-2.09241,1.53383,-2.08774,1.49456,-2.08774,1.49456,0.00000,0.00000,16,0.00029,-0.13528,-0.13063,0.00028,0.31160,0.28394,-0.25554,-0.26111,0.00021,1.76985,1.71177,-0.20008,-0.20317,-0.00319,0.32086,0.32699,-0.26452,-0.26155,-0.00166,2.06766,2.10366,-0.05371,-0.05354,0.00666,3.03710,2.92177,-0.14540,-0.14502,-0.00334,-2.32076,-2.24544
7.2070,-0.00226,0.03748,-0.00226,0.03748,-0.00407,0.03792,-2.09241,1.53268,-2.08834,1.49476,-2.08834,1.49476,0.00000,0.00000,16,0.00096,-0.13528,-0.13077,-0.00153,0.37605,0.28613,-0.25557,-0.26102,-0.00444,1.71007,1.70081,-0.20010,-0.20310,0.00534,0.28296,0.21787,-0.26450,-0.26160,-0.00046,2.08480,2.16553,-0.05369,-0.05360,-0.00782,3.02280,3.11503,-0.14539,-0.14501,-0.00749,-2.32549,-2.26943
7.3079,-0.00589,0.03847,-0.00589,0.03847,-0.00533,0.03766,-2.09241,1.53156,-2.08707,1.49390,-2.08707,1.49390,0.00000,0.00000,16,0.00031,-0.13527,-0.13089,-0.00118,0.38991,0.49000,-0.25550,-0.26089,0.00550,1.68358,1.63573,-0.20005,-0.20307,-0.00242,0.23690,0.20974,-0.26456,-0.26165,0.00058,2.16062,2.23986,-0.05375,-0.05363,0.00054,3.03479,3.06515,-0.14539,-0.14500,0.00119,-2.31952,-2.13620
7.4101,-0.00751,0.03464,-0.00751,0.03464,-0.00667,0.03581,-2.09241,1.53046,-2.08574,1.49465,-2.08574,1.49465,0.00000,0.00000,16,0.00031,-0.13533,-0.13103,-0.00327,0.45033,0.30547,-0.25544,-0.26078,0.00006,1.59348,1.63148,-0.19999,-0.20304,-0.00349,0.21135,0.26067,-0.26456,-0.26171,-0.00431,2.17528,2.24723,-0.05376,-0.05369,-0.00734,3.01006,3.06896,-0.14545,-0.14498,0.00791,-2.27779,-2.31079
7.5106,-0.00459,0.03068,-0.00459,0.03068,-0.00614,0.03217,-2.09241,1.52945,-2.08627,1.49728,-2.08627,1.49728,0.00000,0.00000,16,0.00028,-0.13543,-0.13117,-0.00028,0.49746,0.55630,-0.25548,-0.26069,-0.00055,1.52092,1.58446,-0.20000,-0.20298,0.00466,0.17027,0.14911,-0.26444,-0.26176,0.00434,2.22905,2.15031,-0.05364,-0.05371,0.00157,3.01940,3.04854,-0.14554,-0.14501,-0.01161,-2.31059,-2.22858
7.6132,-0.00837,0.03079,-0.00837,0.03079,-0.00601,0.03141,-2.09241,1.52850,-2.08640,1.49709,-2.08640,1.49709,0.00000,0.00000,16,0.00029,-0.13542,-0.13131,-0.00323,0.51786,0.54160,-0.25549,-0.26060,-0.00598,1.46701,1.42785,-0.20001,-0.20295,-0.00021,0.14218,0.23604,-0.26445,-0.26184,-0.00445,2.21840,2.22947,-0.05365,-0.05375,-0.00225,3.01383,2.99938,-0.14553,-0.14498,0.00120,-2.28064,-2.20682
7.7141,-0.00754,0.02942,-0.00754,0.02942,-0.00794,0.02992,-2.09241,1.52759,-2.08446,1.49767,-2.08446,1.49767,0.00000,0.00000,16,0.00029,-0.13548,-0.13145,0.00338,0.58357,0.67577,-0.25540,-0.26043,0.00315,1.42404,1.35167,-0.19991,-0.20291,-0.00300,0.07994,0.09635,-0.26446,-0.26193,-0.01239,2.24235,2.20979,-0.05367,-0.05375,0.00483,3.00176,3.02099,-0.14560,-0.14498,-0.00226,-2.27639,-2.27660
7.8144,-0.00853,0.02905,-0.00853,0.02905,-0.00807,0.02965,-2.09241,1.52669,-2.08433,1.49704,-2.08433,1.49704,0.00000,0.00000,16,0.00027,-0.13546,-0.13167,-0.00191,0.60498,0.57676,-0.25539,-0.26034,0.00011,1.38355,1.43339,-0.19991,-0.20287,-0.00670,0.05938,0.08067,-0.26449,-0.26195,0.00481,2.28974,2.23928,-0.05370,-0.05381,-0.00144,2.98381,3.05126,-0.14558,-0.14497,0.00225,-2.25166,-2.12623
7.9157,-0.01106,0.02842,-0.01106,0.02842,-0.00959,0.02949,-2.09241,1.52580,-2.08282,1.49631,-2.08282,1.49631,0.00000,0.00000,16,0.00028,-0.13546,-0.13185,0.00089,0.64946,0.67820,-0.25532,-0.26024,-0.00377,1.30064,1.26577,-0.19985,-0.20279,0.00475,0.04100,0.03336,-0.26455,-0.26201,0.00423,2.31888,2.45101,-0.05377,-0.05381,0.00469,3.00773,3.03494,-0.14559,-0.14496,-0.00140,-2.25438,-2.22207
8.0178,-0.01312,0.02937,-0.01312,0.02937,-0.01156,0.02868,-2.09241,1.52495,-2.08085,1.49627,-2.08085,1.49627,0.00000,0.00000,16,0.00031,-0.13550,-0.13205,-0.00297,0.66362,0.66629,-0.25522,-0.26010,-0.00375,1.25166,1.27794,-0.19976,-0.20274,0.00124,0.02642,-0.01525,-0.26459,-0.26208,0.00137,2.35139,2.49899,-0.05382,-0.05385,-0.00387,2.97048,2.90697,-0.14564,-0.14496,0.00113,-2.23381,-2.21150
8.1182,-0.01591,0.02741,-0.01591,0.02741,-0.01351,0.02814,-2.09241,1.52409,-2.07890,1.49595,-2.07890,1.49595,0.00000,0.00000,16,0.00043,-0.13552,-0.13224,-0.00030,0.69119,0.58082,-0.25513,-0.25992,-0.00562,1.18863,1.16472,-0.19967,-0.20268,0.00005,-0.03216,-0.14816,-0.26464,-0.26219,-0.00335,2.36644,2.44857,-0.05388,-0.05388,0.00079,2.98490,3.03246,-0.14568,-0.14496,-0.00217,-2.20467,-2.17837
8.2198,-0.01442,0.02406,-0.01442,0.02406,-0.01485,0.02514,-2.09241,1.52330,-2.07756,1.49816,-2.07756,1.49816,0.00000,0.00000,16,0.00028,-0.13564,-0.13250,-0.00620,0.72952,0.80297,-0.25508,-0.25977,0.00334,1.14772,1.13608,-0.19960,-0.20262,-0.00257,-0.09579,-0.13225,-0.26458,-0.26224,-0.00031,2.38704,2.34582,-0.05383,-0.05389,0.00874,2.98577,2.78317,-0.14579,-0.14494,0.00235,-2.19351,-2.26009
8.3225,-0.01305,0.02444,-0.01305,0.02444,-0.01351,0.02447,-2.09241,1.52257,-2.07889,1.49809,-2.07889,1.49809,0.00000,0.00000,16,0.00031,-0.13561,-0.13273,0.00027,0.76300,0.79575,-0.25514,-0.25964,0.00138,1.10526,1.07113,-0.19966,-0.20258,0.00205,-0.10489,-0.12209,-0.26455,-0.26232,-0.00388,2.41698,2.42446,-0.05380,-0.05393,0.00108,3.00041,2.97376,-0.14576,-0.14495,-0.00085,-2.21405,-2.06440
8.4253,-0.00979,0.02611,-0.00979,0.02611,-0.01096,0.02534,-2.09241,1.52182,-2.08145,1.49648,-2.08145,1.49648,0.00000,0.00000,16,0.00031,-0.13549,-0.13298,0.00221,0.75895,0.74008,-0.25525,-0.25951,0.00183,1.07477,0.98027,-0.19978,-0.20253,0.00851,-0.11070,-0.12119,-0.26457,-0.26237,0.00228,2.46953,2.45117,-0.05380,-0.05396,-0.00511,2.97868,3.02142,-0.14563,-0.14494,-0.00215,-2.19584,-2.19599
8.5267,-0.01130,0.02565,-0.01130,0.02565,-0.01108,0.02596,-2.09241,1.52104,-2.08133,1.49508,-2.08133,1.49508,0.00000,0.00000,16,0.00029,-0.13544,-0.13310,0.00714,0.78940,0.85506,-0.25524,-0.25936,0.00451,1.00825,0.97434,-0.19978,-0.20249,0.00561,-0.16094,-0.18622,-0.26463,-0.26245,-0.00277,2.44164,2.29953,-0.05385,-0.05397,-0.00393,3.01308,2.92393,-0.14558,-0.14494,0.00025,-2.19241,-2.17787
8.6275,-0.00478,0.02887,-0.00478,0.02887,-0.00718,0.02744,-2.09241,1.52025,-2.08522,1.49281,-2.08522,1.49281,0.00000,0.00000,16,0.00027,-0.13526,-0.13322,0.00322,0.78721,0.81927,-0.25541,-0.25924,-0.00289,0.96535,0.84442,-0.19997,-0.20246,0.00327,-0.17120,-0.23307,-0.26464,-0.26251,-0.00135,2.50177,2.48215,-0.05384,-0.05399,-0.00024,2.97464,3.05762,-0.14539,-0.14495,-0.00516,-2.20892,-2.09845
8.7299,-0.00208,0.02608,-0.00208,0.02608,-0.00400,0.02623,-2.09241,1.51944,-2.08841,1.49321,-2.08841,1.49321,0.00000,0.00000,16,0.00028,-0.13522,-0.13333,0.00141,0.80666,0.74717,-0.25556,-0.25911,0.00638,0.97373,1.15647,-0.20011,-0.20245,0.00347,-0.18140,-0.27036,-0.26457,-0.26258,-0.00771,2.49002,2.45277,-0.05374,-0.05401,-0.00373,2.97523,3.07058,-0.14533,-0.14494,-0.00001,-2.18765,-2.07070
8.8319,-0.00322,0.02860,-0.00322,0.02860,-0.00287,0.02715,-2.09241,1.51865,-2.08953,1.49150,-2.08953,1.49150,0.00000,0.00000,16,0.00031,-0.13512,-0.13354,-0.00860,0.78985,0.83563,-0.25561,-0.25899,0.00240,0.93033,0.94431,-0.20017,-0.20243,-0.00397,-0.23639,-0.24137,-0.26461,-0.26262,0.00054,2.52093,2.45561,-0.05378,-0.05400,0.00030,2.94247,3.03207,-0.14523,-0.14495,-0.00740,-2.20686,-2.16347
8.9353,-0.00326,0.02813,-0.00326,0.02813,-0.00305,0.02799,-2.09241,1.51782,-2.08935,1.48982,-2.08935,1.48982,0.00000,0.00000,16,0.00031,-0.13506,-0.13382,0.00135,0.79794,0.98407,-0.25559,-0.25883,-0.00504,0.89591,0.96125,-0.20017,-0.20240,-0.00432,-0.26414,-0.22888,-0.26469,-0.26269,0.00129,2.54798,2.48290,-0.05385,-0.05404,0.00118,2.97884,3.07983,-0.14517,-0.14492,0.00983,-2.17713,-2.17857
9.0364,-0.00937,0.02976,-0.00937,0.02976,-0.00657,0.02897,-2.09241,1.51696,-2.08583,1.48799,-2.08583,1.48799,0.00000,0.00000,16,0.00029,-0.13505,-0.13408,-0.00505,0.80434,0.78416,-0.25542,-0.25844,0.00570,0.88518,0.90870,-0.20002,-0.20235,-0.00081,-0.28412,-0.39152,-0.26483,-0.26274,0.00724,2.58400,2.61099,-0.05401,-0.05406,-0.00257,2.99964,2.99863,-0.14520,-0.14495,-0.00737,-2.17820,-2.09282
9.1370,-0.00826,0.02669,-0.00826,0.02669,-0.00846,0.02760,-2.09241,1.51612,-2.08394,1.48852,-2.08394,1.48852,0.00000,0.00000,16,0.00029,-0.13511,-0.13429,-0.01135,0.80212,0.78843,-0.25533,-0.25821,-0.00251,0.86211,0.87222,-0.19993,-0.20229,0.00416,-0.34843,-0.24686,-0.26485,-0.26281,-0.00276,2.57299,2.54432,-0.05404,-0.05406,-0.00100,3.00062,3.05697,-0.14526,-0.14493,0.00246,-2.17512,-2.08579
9.2387,-0.00812,0.02341,-0.00812,0.02341,-0.00847,0.02467,-2.09241,1.51534,-2.08394,1.49067,-2.08394,1.49067,0.00000,0.00000,16,0.00102,-0.13520,-0.13446,-0.00482,0.80088,0.72594,-0.25534,-0.25767,0.00772,0.86930,0.84439,-0.19992,-0.20224,-0.00177,-0.34645,-0.28386,-0.26476,-0.26281,0.00610,2.64762,2.94883,-0.05395,-0.05407,-0.00384,2.95585,3.00204,-0.14535,-0.14491,0.00922,-2.18819,-2.31422
9.3395,-0.01068,0.02300,-0.01068,0.02300,-0.00981,0.02381,-2.09241,1.51461,-2.08260,1.49080,-2.08260,1.49080,0.00000,0.00000,16,0.00030,-0.13523,-0.13470,-0.00485,0.78393,0.83457,-0.25528,-0.25678,0.01587,0.93435,0.94372,-0.19986,-0.20220,-0.00575,-0.35190,-0.39793,-0.26478,-0.26289,-0.00346,2.61532,2.66494,-0.05398,-0.05408,-0.00181,2.97104,2.87554,-0.14539,-0.14495,-0.00395,-2.17434,-2.19741
9.4434,-0.01124,0.02188,-0.01124,0.02188,-0.01123,0.02208,-2.09241,1.51393,-2.08118,1.49185,-2.08118,1.49185,0.00000,0.00000,16,0.00117,-0.13531,-0.13491,0.00277,0.80961,0.98246,-0.25522,-0.25588,0.00500,0.93419,1.00273,-0.19979,-0.20216,0.00097,-0.40611,-0.41770,-0.26476,-0.26295,-0.00010,2.68719,2.48382,-0.05398,-0.05409,0.00166,2.98989,2.94895,-0.14546,-0.14494,-0.00345,-2.16573,-2.06958
9.5453,-0.01207,0.02160,-0.01207,0.02160,-0.01200,0.02105,-2.09241,1.51330,-2.08040,1.49225,-2.08040,1.49225,0.00000,0.00000,16,0.00106,-0.13534,-0.13519,-0.00357,0.75388,0.78864,-0.25519,-0.25551,0.00715,0.93678,0.93962,-0.19975,-0.20209,0.00642,-0.43625,-0.50471,-0.26476,-0.26305,-0.00614,2.65035,2.74915,-0.05398,-0.05411,-0.00832,2.96751,3.12317,-0.14550,-0.14492,0.00306,-2.14939,-2.23482
9.6466,-0.00982,0.02319,-0.00982,0.02319,-0.01112,0.02224,-2.09241,1.51265,-2.08128,1.49041,-2.08128,1.49041,0.00000,0.00000,16,0.00045,-0.13524,-0.13546,-0.00925,0.74522,0.67322,-0.25522,-0.25538,0.00079,0.95479,0.82027,-0.19980,-0.20203,0.00242,-0.44580,-0.44635,-0.26482,-0.26310,0.00081,2.70454,2.71293,-0.05403,-0.05413,-0.00751,2.96498,2.93646,-0.14540,-0.14495,-0.00647,-2.16045,-2.24392
9.7471,-0.01036,0.02335,-0.01036,0.02335,-0.01019,0.02353,-2.09241,1.51195,-2.08221,1.48842,-2.08221,1.48842,0.00000,0.00000,16,0.00035,-0.13514,-0.13557,0.00253,0.72189,0.75510,-0.25525,-0.25532,0.00871,0.94967,1.00538,-0.19985,-0.20198,0.00728,-0.49439,-0.45105,-0.26488,-0.26317,0.00105,2.74769,2.77443,-0.05408,-0.05412,-0.00057,2.98752,3.00153,-0.14531,-0.14493,-0.00324,-2.12004,-2.33514
9.8487,-0.00726,0.02499,-0.00726,0.02499,-0.00864,0.02415,-2.09241,1.51124,-2.08376,1.48709,-2.08376,1.48709,0.00000,0.00000,16,0.00032,-0.13506,-0.13566,-0.00094,0.71172,0.75261,-0.25532,-0.25529,-0.00020,0.97903,0.80592,-0.19993,-0.20191,-0.00454,-0.49815,-0.41951,-0.26491,-0.26323,0.00220,2.73607,2.85401,-0.05410,-0.05412,-0.00278,2.98384,3.00820,-0.14522,-0.14493,-0.00281,-2.17172,-2.31764
9.9494,-0.00781,0.02659,-0.00781,0.02659,-0.00871,0.02628,-2.09241,1.51047,-2.08369,1.48419,-2.08369,1.48419,0.00000,0.00000,16,0.00028,-0.13494,-0.13573,-0.00175,0.70967,0.65570,-0.25530,-0.25530,-0.00797,0.94326,0.96226,-0.19993,-0.20182,-0.00100,-0.49432,-0.53437,-0.26503,-0.26329,-0.00061,2.76051,2.69320,-0.05421,-0.05412,0.00128,2.97787,3.05842,-0.14511,-0.14493,-0.00550,-2.18706,-2.17483
10.0534,-0.00918,0.02527,-0.00918,0.02527,-0.00860,0.02570,-2.09241,1.50969,-2.08380,1.48398,-2.08380,1.48398,0.00000,0.00000,16,0.00161,-0.13492,-0.13575,-0.00098,0.69283,0.75944,-0.25531,-0.25524,-0.00023,0.97454,0.93357,-0.19994,-0.20172,0.00526,-0.49719,-0.56750,-0.26504,-0.26337,-0.00010,2.76459,2.75069,-0.05421,-0.05419,-0.01192,2.95784,2.92243,-0.14510,-0.14491,0.00528,-2.14268,-2.17720
10.1538,-0.00314,0.02750,-0.00314,0.02750,-0.00547,0.02633,-2.09241,1.50891,-2.08693,1.48258,-2.08693,1.48258,0.00000,0.00000,16,0.00030,-0.13480,-0.13577,0.00586,0.68274,0.75027,-0.25545,-0.25523,-0.00192,0.98489,1.01545,-0.20009,-0.20165,0.00977,-0.51921,-0.50376,-0.26503,-0.26344,-0.00163,2.77602,2.86921,-0.05419,-0.05416,-0.00129,3.00406,2.94684,-0.14496,-0.14490,0.01104,-2.15453,-2.24133
10.2564,-0.00658,0.02900,-0.00658,0.02900,-0.00595,0.02819,-2.09241,1.50809,-2.08645,1.47989,-2.08645,1.47989,0.00000,0.00000,16,0.00029,-0.13470,-0.13576,0.00829,0.67000,0.58724,-0.25541,-0.25520,0.00660,0.99873,0.99020,-0.20008,-0.20161,-0.00755,-0.53599,-0.65029,-0.26515,-0.26350,-0.00287,2.79393,2.75661,-0.05430,-0.05419,-0.00480,2.98820,2.98632,-0.14487,-0.14493,-0.00337,-2.19138,-2.01843
10.3568,-0.00643,0.02778,-0.00643,0.02778,-0.00734,0.02798,-2.09241,1.50725,-2.08507,1.47927,-2.08507,1.47927,0.00000,0.00000,16,0.00029,-0.13470,-0.13578,0.00253,0.63514,0.70720,-0.25535,-0.25518,0.00950,0.98172,1.04611,-0.20002,-0.20151,0.00353,-0.56611,-0.63011,-0.26520,-0.26358,0.00145,2.82006,2.83234,-0.05436,-0.05420,-0.00429,2.99208,3.07559,-0.14489,-0.14493,-0.00573,-2.19735,-2.22873
10.4584,-0.00800,0.02770,-0.00800,0.02770,-0.00701,0.02818,-2.09241,1.50639,-2.08540,1.47822,-2.08540,1.47822,0.00000,0.00000,16,0.00033,-0.13465,-0.13578,0.00028,0.60897,0.61790,-0.25536,-0.25520,-0.00485,0.96820,1.03238,-0.20004,-0.20145,0.00476,-0.56877,-0.54642,-0.26524,-0.26369,-0.00558,2.84909,2.83374,-0.05439,-0.05418,0.01404,3.02743,2.95836,-0.14484,-0.14491,-0.00413,-2.18775,-2.10281
10.5609,-0.00947,0.02553,-0.00947,0.02553,-0.00733,0.02653,-2.09241,1.50558,-2.08507,1.47905,-2.08507,1.47905,0.00000,0.00000,16,0.00038,-0.13469,-0.13578,0.00217,0.60116,0.64523,-0.25535,-0.25517,0.00576,0.98860,0.93938,-0.20002,-0.20141,0.00176,-0.57218,-0.47289,-0.26521,-0.26379,-0.00938,2.86179,2.77141,-0.05437,-0.05421,0.00888,2.99271,3.12334,-0.14488,-0.14492,-0.00578,-2.19631,-2.07666
10.6629,-0.00566,0.02443,-0.00566,0.02443,-0.00787,0.02490,-2.09241,1.50481,-2.08454,1.47991,-2.08454,1.47991,0.00000,0.00000,16,0.00031,-0.13474,-0.13578,0.00185,0.59305,0.62671,-0.25532,-0.25515,0.00909,1.00413,1.06868,-0.19999,-0.20134,-0.00159,-0.63204,-0.53708,-0.26519,-0.26384,0.00259,2.88204,2.85361,-0.05435,-0.05425,0.00024,2.98176,2.93668,-0.14492,-0.14492,-0.00299,-2.17674,-2.22014
10.7646,-0.00795,0.02236,-0.00795,0.02236,-0.00721,0.02294,-2.09241,1.50410,-2.08520,1.48117,-2.08520,1.48117,0.00000,0.00000,16,0.00027,-0.13478,-0.13578,0.00122,0.58027,0.64204,-0.25536,-0.25516,0.00274,0.98865,0.95581,-0.20002,-0.20126,0.00291,-0.61170,-0.63387,-0.26512,-0.26392,-0.00620,2.85132,2.77523,-0.05428,-0.05426,-0.00276,2.98858,2.93305,-0.14495,-0.14490,0.00351,-2.18144,-2.24738
10.8657,-0.01023,0.02066,-0.01023,0.02066,-0.00968,0.02158,-2.09241,1.50343,-2.08272,1.48185,-2.08272,1.48185,0.00000,0.00000,16,0.00032,-0.13486,-0.13577,-0.00239,0.56751,0.61910,-0.25525,-0.25516,0.00426,0.98346,0.99986,-0.19990,-0.20118,0.00144,-0.62934,-0.66492,-0.26514,-0.26397,0.00640,2.91272,2.84888,-0.05432,-0.05428,-0.01264,2.98424,3.07678,-0.14504,-0.14490,0.00389,-2.13819,-2.12519
10.9663,-0.01597,0.01821,-0.01597,0.01821,-0.01281,0.01877,-2.09241,1.50331,-2.07960,1.48454,-2.07960,1.48454,0.00000,0.00000,48,0.00027,-0.13503,-0.13577,0.00171,0.58471,0.56227,-0.25512,-0.25513,0.00796,1.01051,0.95620,-0.19975,-0.20110,-0.00186,-0.64371,-0.57597,-0.26510,-0.26400,0.00042,2.88422,2.93489,-0.05430,-0.05428,0.00245,2.99425,3.10595,-0.14523,-0.14490,0.00595,-2.14830,-2.12282
11.0668,-0.01608,0.02023,-0.01608,0.02023,-0.01542,0.01949,-2.09241,1.50331,-2.07699,1.48382,-2.07699,1.48382,0.00000,0.00000,48,0.00029,-0.13506,-0.13576,0.00721,0.59854,0.55304,-0.25499,-0.25514,-0.00534,0.94794,0.95187,-0.19963,-0.20102,0.00649,-0.66461,-0.73640,-0.26518,-0.26406,0.00269,2.90976,2.98376,-0.05439,-0.05431,-0.00486,2.96647,3.11224,-0.14527,-0.14490,0.00293,-2.15140,-2.10235
11.1683,-0.01907,0.01806,-0.01907,0.01806,-0.01669,0.01910,-2.09241,1.50331,-2.07572,1.48421,-2.07572,1.48421,0.00000,0.00000,48,0.00032,-0.13510,-0.13578,-0.00292,0.54744,0.69190,-0.25493,-0.25510,0.00298,0.96517,0.90563,-0.19957,-0.20097,-0.00716,-0.68825,-0.64406,-0.26519,-0.26413,-0.00409,2.92107,2.90629,-0.05441,-0.05429,0.00601,3.01008,2.96628,-0.14531,-0.14491,-0.00509,-2.15014,-2.21346
11.2692,-0.01825,0.01960,-0.01825,0.01960,-0.01811,0.01934,-2.09241,1.50331,-2.07430,1.48397,-2.07430,1.48397,0.00000,0.00000,48,0.00030,-0.13512,-0.13577,-0.00078,0.55499,0.48821,-0.25487,-0.25509,-0.00421,0.94025,0.90030,-0.19951,-0.20084,0.00106,-0.68056,-0.68815,-0.26522,-0.26418,0.00526,2.93814,2.88969,-0.05446,-0.05429,0.00651,3.01513,3.03200,-0.14534,-0.14489,0.00070,-2.10597,-2.10208
11.3702,-0.01976,0.01957,-0.01976,0.01957,-0.01883,0.01970,-2.09241,1.50331,-2.07358,1.48361,-2.07358,1.48361,0.00000,0.00000,48,0.00030,-0.13512,-0.13576,0.00436,0.56454,0.64582,-0.25483,-0.25507,-0.00155,0.95562,0.91218,-0.19948,-0.20074,-0.00325,-0.70591,-0.82461,-0.26525,-0.26425,-0.00217,2.94953,3.01224,-0.05449,-0.05431,0.00129,2.99134,3.01439,-0.14535,-0.14490,0.00392,-2.09787,-1.95774
11.4718,-0.01640,0.01987,-0.01640,0.01987,-0.01723,0.02023,-2.09241,1.50270,-2.07518,1.48247,-2.07518,1.48247,0.00000,0.00000,16,0.00049,-0.13504,-0.13577,0.00474,0.55336,0.45645,-0.25490,-0.25504,-0.00180,0.97362,0.96028,-0.19955,-0.20060,-0.00650,-0.70925,-0.65872,-0.26527,-0.26436,-0.00795,2.91905,2.89542,-0.05449,-0.05434,-0.00817,2.98019,3.08699,-0.14526,-0.14491,-0.00459,-2.13445,-2.21584
11.5767,-0.01690,0.02071,-0.01690,0.02071,-0.01657,0.02100,-2.09241,1.50208,-2.07584,1.48108,-2.07584,1.48108,0.00000,0.00000,16,0.00029,-0.13497,-0.13576,0.00694,0.54270,0.47094,-0.25493,-0.25501,0.00806,0.98968,0.99304,-0.19959,-0.20048,-0.00308,-0.70139,-0.77905,-0.26531,-0.26441,-0.00020,2.98782,3.05465,-0.05453,-0.05434,0.00554,3.02483,3.14694,-0.14519,-0.14490,0.00173,-2.11137,-2.13925
11.6783,-0.01594,0.01982,-0.01594,0.01982,-0.01563,0.02059,-2.09241,1.50144,-2.07678,1.48086,-2.07678,1.48086,0.00000,0.00000,16,0.00033,-0.13494,-0.13577,-0.00250,0.50067,0.54618,-0.25497,-0.25499,0.01253,0.98478,0.94990,-0.19963,-0.20034,0.00260,-0.70497,-0.75086,-0.26530,-0.26449,-0.00391,2.94340,3.07107,-0.05451,-0.05436,0.00258,3.00588,2.95696,-0.14516,-0.14490,-0.00145,-2.11819,-2.13867
11.7789,-0.01616,0.01906,-0.01616,0.01906,-0.01552,0.02001,-2.09241,1.50084,-2.07688,1.48083,-2.07688,1.48083,0.00000,0.00000,16,0.00029,-0.13493,-0.13576,0.00259,0.50544,0.49539,-0.25497,-0.25500,-0.00260,0.96322,1.04410,-0.19964,-0.20021,-0.00062,-0.70799,-0.70891,-0.26530,-0.26452,0.00630,2.99876,3.11871,-0.05451,-0.05440,-0.00965,2.97932,2.88615,-0.14516,-0.14489,0.00346,-2.12452,-2.09617
11.8801,-0.01744,0.01837,-0.01744,0.01837,-0.01717,0.01818,-2.09241,1.50084,-2.07523,1.48265,-2.07523,1.48265,0.00000,0.00000,48,0.00027,-0.13504,-0.13575,0.00173,0.51368,0.47244,-0.25490,-0.25499,0.00422,0.95327,1.03985,-0.19956,-0.19999,0.00587,-0.69937,-0.79413,-0.26526,-0.26456,0.00458,3.00167,2.87788,-0.05448,-0.05439,0.00576,3.03037,3.01393,-0.14527,-0.14489,0.00062,-2.12198,-2.16424
11.9830,-0.01971,0.01455,-0.01971,0.01455,-0.01828,0.01632,-2.09241,1.50084,-2.07413,1.48452,-2.07413,1.48452,0.00000,0.00000,48,0.00031,-0.13514,-0.13575,0.00089,0.50938,0.42317,-0.25486,-0.25498,-0.00061,0.94210,0.92290,-0.19950,-0.19977,0.00028,-0.68958,-0.72202,-0.26520,-0.26468,-0.00807,2.93024,2.95444,-0.05444,-0.05440,-0.00199,3.00126,2.99358,-0.14537,-0.14489,0.00108,-2.07697,-1.97233
12.0856,-0.02269,0.01176,-0.02269,0.01176,-0.02092,0.01267,-2.09216,1.50084,-2.07124,1.48817,-2.07124,1.48817,0.00000,0.00000,32,0.00029,-0.13535,-0.13575,0.00579,0.53251,0.43089,-0.25474,-0.25499,-0.00809,0.93375,0.91343,-0.19935,-0.19929,0.01081,-0.64418,-0.72171,-0.26511,-0.26467,0.01332,3.00263,2.92567,-0.05438,-0.05444,-0.00702,2.98662,3.05713,-0.14558,-0.14491,-0.00381,-2.07990,-1.93398
12.1886,-0.02722,-0.05389,-0.02722,-0.05389,-0.02263,-0.02312,-2.09152,1.50098,-2.06890,1.52409,-2.06890,1.52409,0.00000,0.00000,0,0.00104,-0.13689,-0.13576,0.00022,0.61934,0.56575,-0.25479,-0.25496,-0.00409,0.93477,0.84696,-0.19910,-0.18973,0.00426,-0.00218,0.23386,-0.26368,-0.26469,0.01481,2.91800,2.73549,-0.05306,-0.05444,-0.00550,2.88273,2.76030,-0.14700,-0.14489,0.00330,-1.93407,-2.13422
12.2886,-0.02357,-0.06474,-0.02357,-0.06474,-0.02677,-0.05514,-2.09070,1.50230,-2.06393,1.55744,-2.06393,1.55744,0.00000,0.00000,0,0.00028,-0.13838,-0.13589,-0.00226,0.73178,0.77142,-0.25471,-0.25490,0.00614,0.95348,0.72804,-0.19874,-0.18869,-0.00203,0.13378,0.14999,-0.26241,-0.26469,-0.00355,2.75808,2.64285,-0.05192,-0.05441,0.00914,2.81558,2.75108,-0.14839,-0.14493,-0.00495,-1.81003,-1.77337
12.3897,-0.02663,-0.06577,-0.02663,-0.06577,-0.02927,-0.06322,-2.08981,1.50412,-2.06054,1.56734,-2.06054,1.56734,0.00000,0.00000,0,0.00028,-0.13886,-0.13619,-0.01165,0.73049,0.75340,-0.25459,-0.25487,-0.00458,0.92578,0.87305,-0.19854,-0.18863,-0.00139,0.24669,0.21890,-0.26207,-0.26466,0.00577,2.73685,2.75874,-0.05163,-0.05442,-0.00183,2.77752,2.70715,-0.14885,-0.14494,-0.01064,-1.77733,-1.58255
12.4949,-0.03012,-0.06509,-0.03012,-0.06509,-0.03051,-0.06546,-2.08891,1.50608,-2.05840,1.57154,-2.05840,1.57154,0.00000,0.00000,0,0.00089,-0.13908,-0.13661,-0.00922,0.75558,0.76246,-0.25451,-0.25485,-0.00970,0.92123,1.08190,-0.19843,-0.18866,0.00101,0.38661,0.35392,-0.26194,-0.26469,-0.00503,2.68275,2.51186,-0.05152,-0.05442,-0.00006,2.73686,2.77997,-0.14907,-0.14493,-0.00344,-1.69311,-1.75763
12.5955,-0.03204,-0.06779,-0.03204,-0.06779,-0.03143,-0.06643,-2.08798,1.50806,-2.05655,1.57449,-2.05655,1.57449,0.00000,0.00000,0,0.00033,-0.13924,-0.13737,-0.01439,0.73919,0.80746,-0.25444,-0.25478,0.00574,0.93220,1.01285,-0.19833,-0.18873,0.00250,0.50366,0.47440,-0.26185,-0.26468,-0.00100,2.63221,2.37736,-0.05146,-0.05443,-0.00222,2.69006,2.71158,-0.14923,-0.14493,-0.00039,-1.65858,-1.65304
12.6963,-0.02858,-0.06973,-0.02858,-0.06973,-0.03005,-0.06880,-2.08706,1.51010,-2.05701,1.57889,-2.05701,1.57889,0.00000,0.00000,0,0.00031,-0.13941,-0.13820,-0.00202,0.73183,0.68740,-0.25448,-0.25474,-0.00148,0.93380,0.95525,-0.19833,-0.18878,0.00605,0.63181,0.56264,-0.26166,-0.26465,0.00032,2.63108,2.60165,-0.05128,-0.05443,-0.00444,2.63479,2.71643,-0.14938,-0.14492,0.00896,-1.55587,-1.58034
12.7982,-0.02898,-0.07169,-0.02898,-0.07169,-0.02944,-0.07074,-2.08616,1.51221,-2.05672,1.58295,-2.05672,1.58295,0.00000,0.00000,0,0.00036,-0.13959,-0.13883,-0.00602,0.69087,0.68306,-0.25448,-0.25470,0.00451,0.91109,0.93098,-0.19830,-0.18885,0.00560,0.70455,0.64577,-0.26150,-0.26462,0.00709,2.56070,2.57942,-0.05113,-0.05440,0.00920,2.58175,2.67258,-0.14954,-0.14492,0.00762,-1.49669,-1.41553
12.8997,-0.03406,-0.07567,-0.03406,-0.07567,-0.03287,-0.07419,-2.08522,1.51439,-2.05235,1.58858,-2.05235,1.58858,0.00000,0.00000,0,0.00029,-0.13991,-0.13904,0.00219,0.75025,0.83131,-0.25430,-0.25468,-0.00074,0.91930,0.90861,-0.19808,-0.18893,0.00387,0.80780,0.84352,-0.26136,-0.26462,-0.00299,2.51467,2.49798,-0.05103,-0.05439,0.00074,2.54476,2.44207,-0.14987,-0.14493,0.00563,-1.42855,-1.47186
13.0032,-0.04021,-0.07467,-0.04021,-0.07467,-0.03643,-0.07477,-2.08418,1.51664,-2.04775,1.59141,-2.04775,1.59141,0.00000,0.00000,0,0.00190,-0.14012,-0.13921,-0.00453,0.74639,0.69501,-0.25410,-0.25465,0.00167,0.89806,0.91570,-0.19786,-0.18904,-0.01095,0.86699,0.87545,-0.26133,-0.26461,0.00016,2.45552,2.54903,-0.05104,-0.05439,-0.00069,2.47052,2.54555,-0.15009,-0.14496,-0.00480,-1.34926,-1.50131
13.1036,-0.04351,-0.07533,-0.04351,-0.07533,-0.04098,-0.07479,-2.08301,1.51887,-2.04203,1.59367,-2.04203,1.59367,0.00000,0.00000,0,0.00031,-0.14033,-0.13933,-0.00225,0.77506,0.75613,-0.25385,-0.25460,0.00679,0.88467,0.97539,-0.19759,-0.18908,0.00052,0.99999,0.97914,-0.26135,-0.26459,0.00464,2.44241,2.55145,-0.05110,-0.05439,-0.00670,2.48035,2.38881,-0.15033,-0.14497,-0.00743,-1.30302,-1.25926
13.2074,-0.04449,-0.07609,-0.04449,-0.07609,-0.04414,-0.07578,-2.08171,1.52114,-2.03757,1.59692,-2.03757,1.59692,0.00000,0.00000,0,0.00029,-0.14056,-0.13944,0.00729,0.79989,0.80056,-0.25365,-0.25451,0.00404,0.87640,0.77574,-0.19737,-0.18915,-0.00211,1.06875,1.04185,-0.26131,-0.26458,0.00234,2.42550,2.59652,-0.05109,-0.05437,-0.00123,2.43321,2.37079,-0.15056,-0.14499,-0.00284,-1.18200,-1.20316
13.3079,-0.04257,-0.07587,-0.04257,-0.07587,-0.04396,-0.07585,-2.08038,1.52342,-2.03642,1.59926,-2.03642,1.59926,0.00000,0.00000,0,0.00029,-0.14068,-0.13955,0.00479,0.80721,0.70700,-0.25361,-0.25441,0.00287,0.85489,0.89782,-0.19731,-0.18921,0.00422,1.18043,1.13820,-0.26123,-0.26456,-0.00162,2.32049,2.30223,-0.05103,-0.05437,-0.00143,2.39200,2.43904,-0.15068,-0.14500,-0.00281,-1.14528,-1.13778
13.4114,-0.04223,-0.07192,-0.04223,-0.07192,-0.04349,-0.07331,-2.07906,1.52565,-2.03558,1.59896,-2.03558,1.59896,0.00000,0.00000,0,0.00173,-0.14068,-0.13962,0.00282,0.80609,0.71726,-0.25357,-0.25429,-0.00310,0.82851,0.74689,-0.19728,-0.18931,-0.00068,1.26562,1.28229,-0.26126,-0.26456,-0.00627,2.30044,2.33020,-0.05106,-0.05434,0.00967,2.33895,2.68551,-0.15069,-0.14500,-0.00206,-1.07883,-1.06743
13.5115,-0.04973,-0.07530,-0.04973,-0.07530,-0.04692,-0.07432,-2.07771,1.52785,-2.03080,1.60218,-2.03080,1.60218,0.00000,0.00000,0,0.00042,-0.14091,-0.13966,0.00678,0.85231,0.84870,-0.25336,-0.25422,-0.00024,0.82707,0.80864,-0.19704,-0.18940,-0.00735,1.31542,1.35647,-0.26122,-0.26453,-0.00181,2.25366,2.10641,-0.05106,-0.05435,0.00722,2.31827,2.36651,-0.15094,-0.14501,-0.00203,-0.95708,-0.91786
13.6147,-0.04536,-0.07516,-0.04536,-0.07516,-0.04687,-0.07547,-2.07630,1.53011,-2.02943,1.60557,-2.02943,1.60557,0.00000,0.00000,0,0.00028,-0.14108,-0.13980,-0.00480,0.83577,0.80478,-0.25331,-0.25417,0.00709,0.82896,0.85815,-0.19697,-0.18948,0.00015,1.40673,1.39429,-0.26111,-0.26452,-0.00315,2.20734,2.25198,-0.05097,-0.05434,-0.00535,2.26201,2.38638,-0.15110,-0.14501,0.00233,-0.85818,-0.87980
13.7157,-0.05403,-0.07358,-0.05403,-0.07358,-0.05102,-0.07501,-2.07482,1.53238,-2.02380,1.60739,-2.02380,1.60739,0.00000,0.00000,0,0.00027,-0.14127,-0.13987,-0.00372,0.88401,0.89408,-0.25306,-0.25414,-0.00491,0.78732,0.73238,-0.19671,-0.18956,-0.00620,1.47819,1.44211,-0.26115,-0.26451,-0.00421,2.13491,2.25795,-0.05104,-0.05434,-0.00126,2.20825,2.22316,-0.15131,-0.14504,-0.00264,-0.76938,-0.78076
13.8167,-0.05569,-0.07409,-0.05569,-0.07409,-0.05480,-0.07396,-2.07322,1.53460,-2.01842,1.60856,-2.01842,1.60856,0.00000,0.00000,0,0.00051,-0.14143,-0.13993,0.00305,0.93216,0.92335,-0.25281,-0.25405,-0.00373,0.74254,0.76498,-0.19646,-0.18960,0.00405,1.57980,1.62948,-0.26121,-0.26446,0.01645,2.16657,2.13409,-0.05114,-0.05432,0.00571,2.17935,2.25616,-0.15150,-0.14506,-0.00595,-0.70202,-0.70039
13.9184,-0.06199,-0.07422,-0.06199,-0.07422,-0.06011,-0.07448,-2.07147,1.53684,-2.01136,1.61132,-2.01136,1.61132,0.00000,0.00000,0,0.00102,-0.14169,-0.14005,-0.00158,0.94633,0.94272,-0.25250,-0.25394,-0.00014,0.72313,0.66415,-0.19612,-0.18967,0.00356,1.59626,1.64813,-0.26123,-0.26450,-0.01036,2.08479,2.12814,-0.05121,-0.05430,0.00876,2.16586,2.11240,-0.15178,-0.14505,0.00131,-0.57894,-0.59127
14.0190,-0.06802,-0.07353,-0.06802,-0.07353,-0.06469,-0.07356,-2.06960,1.53905,-2.00491,1.61261,-2.00491,1.61261,0.00000,0.00000,0,0.00029,-0.14187,-0.14011,-0.00118,0.97188,0.99018,-0.25220,-0.25382,-0.00186,0.71902,0.68275,-0.19582,-0.18974,0.00347,1.64869,1.48245,-0.26131,-0.26448,-0.01354,2.05603,2.12058,-0.05133,-0.05431,-0.00034,2.10219,2.02569,-0.15200,-0.14507,-0.00255,-0.50878,-0.60462
14.1200,-0.06490,-0.06941,-0.06490,-0.06941,-0.06630,-0.07073,-2.06760,1.54120,-2.00130,1.61193,-2.00130,1.61193,0.00000,0.00000,0,0.00028,-0.14192,-0.14017,-0.00065,0.99819,1.02173,-0.25203,-0.25367,-0.00336,0.67092,0.95710,-0.19566,-0.18982,-0.00650,1.69567,1.74550,-0.26140,-0.26446,-0.00479,2.03354,2.14070,-0.05145,-0.05432,-0.00269,2.10045,2.03965,-0.15207,-0.14508,0.00171,-0.40980,-0.42840
14.2212,-0.06866,-0.06762,-0.06866,-0.06762,-0.06678,-0.06836,-2.06561,1.54328,-1.99883,1.61165,-1.99883,1.61165,0.00000,0.00000,0,0.00041,-0.14196,-0.14023,0.00035,1.01283,0.91101,-0.25192,-0.25355,0.00960,0.67078,0.64047,-0.19555,-0.18989,0.00082,1.77654,1.79713,-0.26146,-0.26440,0.01641,2.03349,2.10114,-0.05152,-0.05432,-0.00871,2.04732,2.13974,-0.15212,-0.14513,-0.00422,-0.34158,-0.40652
14.3268,-0.06258,-0.06402,-0.06258,-0.06402,-0.06424,-0.06540,-2.06365,1.54529,-1.99941,1.61069,-1.99941,1.61069,0.00000,0.00000,0,0.00207,-0.14190,-0.14034,-0.00223,0.99587,1.00674,-0.25194,-0.25350,0.00220,0.65337,0.62917,-0.19558,-0.18996,0.00311,1.84833,1.78337,-0.26149,-0.26441,-0.00210,1.96440,1.97244,-0.05154,-0.05430,-0.00328,2.01105,1.85934,-0.15207,-0.14512,0.00037,-0.23449,-0.19207
14.4260,-0.06730,-0.06358,-0.06730,-0.06358,-0.06675,-0.06442,-2.06167,1.54723,-1.99492,1.61165,-1.99492,1.61165,0.00000,0.00000,0,0.00032,-0.14204,-0.14039,0.00327,1.04044,0.92114,-0.25173,-0.25346,0.00240,0.61215,0.63215,-0.19537,-0.19003,0.00263,1.88882,2.02263,-0.26154,-0.26436,0.00623,1.95074,2.00925,-0.05162,-0.05426,0.00912,2.04377,1.98180,-0.15222,-0.14514,-0.00006,-0.15086,-0.26165
14.5268,-0.06300,-0.06232,-0.06300,-0.06232,-0.06480,-0.06325,-2.05970,1.54914,-1.99490,1.61240,-1.99490,1.61240,0.00000,0.00000,0,0.00031,-0.14207,-0.14046,-0.00104,1.07474,1.13394,-0.25174,-0.25342,-0.00454,0.59478,0.78378,-0.19537,-0.19008,0.00569,1.96332,1.92840,-0.26151,-0.26436,0.00609,1.92075,1.91522,-0.05159,-0.05426,0.00347,1.99326,2.00350,-0.15225,-0.14517,-0.00591,-0.06416,-0.21370
14.6282,-0.06651,-0.06497,-0.06651,-0.06497,-0.06598,-0.06375,-2.05774,1.55104,-1.99176,1.61478,-1.99176,1.61478,0.00000,0.00000,0,0.00033,-0.14223,-0.14056,-0.00758,1.06061,1.03248,-0.25160,-0.25335,0.00014,0.59407,0.61046,-0.19522,-0.19020,-0.00365,1.98335,2.03669,-0.26148,-0.26436,-0.00829,1.83942,1.76604,-0.05158,-0.05427,-0.00199,1.93938,1.87231,-0.15242,-0.14520,-0.00258,0.02715,0.02109
14.7290,-0.07104,-0.06797,-0.07104,-0.06797,-0.06825,-0.06576,-2.05572,1.55298,-1.98748,1.61874,-1.98748,1.61874,0.00000,0.00000,0,0.00031,-0.14248,-0.14063,-0.00162,1.09838,1.19163,-0.25142,-0.25323,-0.00152,0.56125,0.61771,-0.19500,-0.19026,0.00105,2.04247,1.92035,-0.26140,-0.26431,-0.00030,1.81817,1.81502,-0.05154,-0.05426,-0.00167,1.93451,1.75836,-0.15268,-0.14519,0.00333,0.11787,0.07125
14.8311,-0.07393,-0.06813,-0.07393,-0.06813,-0.07222,-0.06742,-2.05361,1.55498,-1.98138,1.62240,-1.98138,1.62240,0.00000,0.00000,0,0.00032,-0.14276,-0.14076,-0.00691,1.12120,1.25023,-0.25115,-0.25309,-0.00111,0.53686,0.43795,-0.19471,-0.19034,-0.00224,2.04619,2.09829,-0.26137,-0.26429,-0.00373,1.78492,1.78730,-0.05156,-0.05425,0.00347,1.89632,1.80875,-0.15298,-0.14524,-0.00417,0.23873,0.26407
14.9335,-0.08122,-0.06635,-0.08122,-0.06635,-0.07886,-0.06754,-2.05132,1.55701,-1.97246,1.62455,-1.97246,1.62455,0.00000,0.00000,0,0.00028,-0.14303,-0.14091,-0.01038,1.16136,1.14152,-0.25075,-0.25294,0.00113,0.47910,0.49530,-0.19430,-0.19041,-0.00489,2.08905,2.01922,-0.26145,-0.26426,-0.00137,1.74602,1.81684,-0.05170,-0.05424,0.00032,1.86729,1.75509,-0.15329,-0.14527,-0.00783,0.34582,0.37510
15.0355,-0.07964,-0.06567,-0.07964,-0.06567,-0.07989,-0.06636,-2.04893,1.55901,-1.96904,1.62537,-1.96904,1.62537,0.00000,0.00000,0,0.00031,-0.14313,-0.14099,-0.00931,1.17517,1.30379,-0.25059,-0.25274,0.00109,0.44117,0.50707,-0.19414,-0.19045,0.00616,2.13763,2.23486,-0.26149,-0.26425,-0.00550,1.70215,1.90399,-0.05176,-0.05422,0.00733,1.84393,1.87003,-0.15341,-0.14527,0.00334,0.47922,0.44363
15.1372,-0.08694,-0.06691,-0.08694,-0.06691,-0.08518,-0.06683,-2.04643,1.56101,-1.96126,1.62784,-1.96126,1.62784,0.00000,0.00000,0,0.00038,-0.14339,-0.14111,-0.00112,1.23916,1.25063,-0.25024,-0.25260,0.00547,0.42323,0.37355,-0.19377,-0.19051,-0.00351,2.11742,1.97762,-0.26154,-0.26420,0.00868,1.71273,1.73075,-0.05187,-0.05423,-0.00065,1.79234,1.66261,-0.15370,-0.14531,-0.00236,0.59325,0.50877
15.2377,-0.08290,-0.06334,-0.08290,-0.06334,-0.08419,-0.06486,-2.04389,1.56298,-1.95970,1.62785,-1.95970,1.62785,0.00000,0.00000,0,0.00028,-0.14342,-0.14127,-0.00760,1.25139,1.42400,-0.25017,-0.25250,0.00086,0.40208,0.39845,-0.19370,-0.19058,-0.00149,2.15514,2.28336,-0.26157,-0.26419,0.00304,1.67580,1.73655,-0.05190,-0.05420,0.00169,1.78893,1.81129,-0.15374,-0.14532,0.00089,0.70052,0.67292
15.3398,-0.08053,-0.06019,-0.08053,-0.06019,-0.08235,-0.06180,-2.04138,1.56487,-1.95903,1.62666,-1.95903,1.62666,0.00000,0.00000,0,0.00030,-0.14339,-0.14137,0.00310,1.27862,1.40274,-0.25013,-0.25235,-0.00120,0.36024,0.44819,-0.19368,-0.19065,-0.00316,2.17736,2.09645,-0.26163,-0.26416,0.00708,1.67612,1.57257,-0.05197,-0.05420,0.00191,1.76377,1.61273,-0.15371,-0.14537,-0.00356,0.75503,0.56660
15.4413,-0.07962,-0.06242,-0.07962,-0.06242,-0.08010,-0.06219,-2.03895,1.56672,-1.95886,1.62891,-1.95886,1.62891,0.00000,0.00000,0,0.00031,-0.14348,-0.14146,-0.00290,1.29956,1.44249,-0.25013,-0.25226,0.00700,0.34864,0.31722,-0.19366,-0.19071,0.00609,2.23802,2.29783,-0.26154,-0.26413,0.00163,1.60753,1.71762,-0.05189,-0.05421,-0.00450,1.70432,1.73444,-0.15380,-0.14535,0.00945,0.90899,1.00145
15.5433,-0.07827,-0.06365,-0.07827,-0.06365,-0.07833,-0.06309,-2.03660,1.56860,-1.95826,1.63169,-1.95826,1.63169,0.00000,0.00000,0,0.00038,-0.14361,-0.14155,0.00449,1.33265,1.40425,-0.25012,-0.25214,-0.00252,0.33341,0.30292,-0.19362,-0.19081,0.00154,2.26580,2.26747,-0.26144,-0.26412,-0.00153,1.59954,1.62505,-0.05179,-0.05418,0.00599,1.69168,1.81657,-0.15392,-0.14542,-0.00440,0.97735,1.03597
15.6459,-0.08049,-0.06369,-0.08049,-0.06369,-0.07888,-0.06363,-2.03424,1.57051,-1.95536,1.63414,-1.95536,1.63414,0.00000,0.00000,0,0.00041,-0.14377,-0.14169,-0.00208,1.32980,1.38443,-0.24999,-0.25208,-0.00224,0.30321,0.29774,-0.19348,-0.19092,-0.00163,2.27740,2.17675,-0.26140,-0.26409,-0.00174,1.51025,1.42240,-0.05178,-0.05418,0.00058,1.64049,1.66865,-0.15409,-0.14543,0.00260,1.11056,1.15811
15.7469,-0.07895,-0.06253,-0.07895,-0.06253,-0.07907,-0.06292,-2.03187,1.57241,-1.95280,1.63533,-1.95280,1.63533,0.00000,0.00000,0,0.00032,-0.14387,-0.14181,-0.00930,1.36264,1.27370,-0.24988,-0.25196,-0.00586,0.26278,0.32894,-0.19336,-0.19106,-0.01515,2.26506,2.19012,-0.26140,-0.26405,0.00391,1.52437,1.50433,-0.05180,-0.05417,-0.00108,1.65152,1.59800,-0.15420,-0.14546,0.00250,1.23786,1.21565
15.8500,-0.08236,-0.06129,-0.08236,-0.06129,-0.08192,-0.06202,-2.02944,1.57428,-1.94752,1.63630,-1.94752,1.63630,0.00000,0.00000,0,0.00241,-0.14402,-0.14191,-0.00471,1.38814,1.39145,-0.24964,-0.25185,-0.00428,0.25661,0.26792,-0.19311,-0.19113,-0.00080,2.28084,2.15452,-0.26146,-0.26402,-0.00409,1.49048,1.52020,-0.05189,-0.05416,0.00401,1.61711,1.57484,-0.15438,-0.14551,-0.00946,1.32102,1.20339
15.9500,-0.08441,-0.06319,-0.08441,-0.06319,-0.08402,-0.06288,-2.02694,1.57616,-1.94292,1.63904,-1.94292,1.63904,0.00000,0.00000,0,0.00032,-0.14423,-0.14203,-0.00553,1.41994,1.39030,-0.24944,-0.25163,0.00496,0.21751,0.23675,-0.19289,-0.19120,-0.00754,2.29283,2.44757,-0.26144,-0.26400,0.00008,1.44990,1.50978,-0.05191,-0.05416,-0.00105,1.57342,1.57851,-0.15460,-0.14554,-0.00460,1.43833,1.46414
16.0509,-0.07940,-0.05979,-0.07940,-0.05979,-0.08155,-0.06164,-2.02446,1.57803,-1.94291,1.63967,-1.94291,1.63967,0.00000,0.00000,0,0.00042,-0.14426,-0.14215,0.00028,1.46282,1.38524,-0.24944,-0.25147,0.00227,0.18174,0.06878,-0.19289,-0.19128,-0.00231,2.30892,2.30388,-0.26141,-0.26395,0.00142,1.41796,1.39654,-0.05188,-0.05414,0.00341,1.56797,1.61014,-0.15462,-0.14557,-0.00811,1.55985,1.63373
16.1538,-0.07887,-0.05908,-0.07887,-0.05908,-0.07867,-0.05918,-2.02207,1.57983,-1.94341,1.63901,-1.94341,1.63901,0.00000,0.00000,0,0.00027,-0.14422,-0.14226,-0.00442,1.46345,1.47702,-0.24946,-0.25140,0.00030,0.17140,0.16374,-0.19292,-0.19139,-0.00355,2.30546,2.28118,-0.26143,-0.26392,-0.00467,1.38359,1.26681,-0.05190,-0.05416,-0.01266,1.51108,1.47072,-0.15458,-0.14560,-0.00607,1.65380,1.71034
16.2570,-0.07949,-0.05552,-0.07949,-0.05552,-0.07895,-0.05705,-2.01972,1.58157,-1.94077,1.63863,-1.94077,1.63863,0.00000,0.00000,0,0.00071,-0.14426,-0.14234,0.00399,1.49807,1.55601,-0.24933,-0.25135,0.00111,0.16292,0.15665,-0.19280,-0.19144,0.00020,2.32412,2.22056,-0.26150,-0.26386,0.00572,1.39215,1.43471,-0.05198,-0.05411,0.00882,1.52082,1.48006,-0.15464,-0.14564,-0.00731,1.80800,1.85492
16.3588,-0.08508,-0.05635,-0.08508,-0.05635,-0.08255,-0.05656,-2.01729,1.58327,-1.93474,1.63983,-1.93474,1.63983,0.00000,0.00000,0,0.00035,-0.14443,-0.14249,-0.00355,1.49018,1.61458,-0.24906,-0.25122,-0.00831,0.10701,0.08590,-0.19252,-0.19150,0.00522,2.33222,2.31008,-0.26157,-0.26383,-0.00108,1.36613,1.41620,-0.05209,-0.05411,0.00306,1.48420,1.45498,-0.15484,-0.14567,-0.00073,1.93423,1.87030
16.4599,-0.08613,-0.05696,-0.08613,-0.05696,-0.08536,-0.05657,-2.01476,1.58496,-1.92940,1.64152,-1.92940,1.64152,0.00000,0.00000,0,0.00028,-0.14461,-0.14263,-0.00542,1.53313,1.43816,-0.24882,-0.25104,0.00299,0.07490,0.28171,-0.19227,-0.19156,0.00373,2.31787,2.26956,-0.26160,-0.26380,-0.00291,1.31953,1.19669,-0.05216,-0.05411,0.00226,1.46115,1.48732,-0.15504,-0.14569,-0.00035,2.04585,2.09774
16.5607,-0.08715,-0.05992,-0.08715,-0.05992,-0.08742,-0.05793,-2.01215,1.58667,-1.92473,1.64460,-1.92473,1.64460,0.00000,0.00000,0,0.00029,-0.14483,-0.14274,-0.00098,1.58378,1.46451,-0.24862,-0.25090,0.00246,0.04988,0.07280,-0.19204,-0.19160,0.00294,2.31368,2.35362,-0.26157,-0.26375,0.00792,1.32789,1.33518,-0.05216,-0.05411,0.00370,1.44699,1.31655,-0.15528,-0.14574,-0.00199,2.14263,2.21653
16.6630,-0.08601,-0.05888,-0.08601,-0.05888,-0.08574,-0.05903,-2.00957,1.58843,-1.92382,1.64745,-1.92382,1.64745,0.00000,0.00000,0,0.00030,-0.14497,-0.14289,-0.00510,1.58210,1.64428,-0.24859,-0.25077,0.00351,0.07235,0.09937,-0.19199,-0.19164,0.00375,2.33148,2.27203,-0.26147,-0.26370,0.01059,1.32212,1.27489,-0.05208,-0.05408,0.01085,1.44902,1.46462,-0.15541,-0.14579,0.00020,2.28622,2.26593
16.7641,-0.08060,-0.06249,-0.08060,-0.06249,-0.08256,-0.06075,-2.00704,1.59021,-1.92448,1.65097,-1.92448,1.65097,0.00000,0.00000,0,0.00030,-0.14510,-0.14303,-0.00685,1.62273,1.66360,-0.24863,-0.25064,0.00347,0.02974,-0.00158,-0.19201,-0.19167,-0.00157,2.30142,2.25482,-0.26131,-0.26368,0.00025,1.26421,1.33466,-0.05193,-0.05410,-0.00295,1.36232,1.60812,-0.15552,-0.14585,-0.00325,2.39717,2.52338
16.8665,-0.08129,-0.06437,-0.08129,-0.06437,-0.08085,-0.06321,-2.00461,1.59208,-1.92376,1.65529,-1.92376,1.65529,0.00000,0.00000,0,0.00028,-0.14529,-0.14314,0.00309,1.65934,1.49729,-0.24862,-0.25054,-0.00340,-0.01897,-0.03664,-0.19196,-0.19170,0.00282,2.33472,2.30027,-0.26115,-0.26362,-0.00320,1.21411,1.12021,-0.05178,-0.05406,0.01262,1.36280,1.38597,-0.15571,-0.14593,-0.00953,2.52661,2.66066
16.9675,-0.08425,-0.06485,-0.08425,-0.06485,-0.08340,-0.06471,-2.00214,1.59401,-1.91874,1.65872,-1.91874,1.65872,0.00000,0.00000,0,0.00028,-0.14554,-0.14330,0.00331,1.67489,1.71411,-0.24840,-0.25034,0.00367,-0.01979,-0.06736,-0.19171,-0.19174,-0.00705,2.25356,2.29369,-0.26111,-0.26355,-0.00499,1.15782,1.01829,-0.05178,-0.05406,0.00314,1.31135,1.35883,-0.15597,-0.14597,0.00049,2.66911,2.61349
17.0696,-0.08794,-0.06630,-0.08794,-0.06630,-0.08640,-0.06563,-1.99959,1.59597,-1.91319,1.66160,-1.91319,1.66160,0.00000,0.00000,0,0.00036,-0.14577,-0.14345,0.00628,1.73085,1.72770,-0.24815,-0.25021,0.00559,-0.05968,-0.03101,-0.19145,-0.19173,0.00043,2.26490,2.22172,-0.26110,-0.26348,0.00804,1.17439,1.18257,-0.05181,-0.05406,-0.00436,1.29527,1.31773,-0.15622,-0.14603,-0.00153,2.79786,2.87779
17.1706,-0.08549,-0.06338,-0.08549,-0.06338,-0.08558,-0.06432,-1.99700,1.59792,-1.91142,1.66223,-1.91142,1.66223,0.00000,0.00000,0,0.00030,-0.14583,-0.14362,0.00001,1.73725,1.71706,-0.24807,-0.25009,-0.00013,-0.07665,-0.00677,-0.19137,-0.19174,0.00568,2.27553,2.28599,-0.26111,-0.26345,0.00156,1.14668,1.08094,-0.05183,-0.05405,-0.00502,1.26888,1.22782,-0.15629,-0.14610,0.00208,2.92256,2.92981
17.2712,-0.08333,-0.06405,-0.08333,-0.06405,-0.08437,-0.06424,-1.99446,1.59984,-1.91009,1.66408,-1.91009,1.66408,0.00000,0.00000,0,0.00028,-0.14594,-0.14374,0.00466,1.77857,1.80235,-0.24802,-0.24998,-0.00048,-0.10818,-0.11745,-0.19130,-0.19174,0.00331,2.25201,2.22635,-0.26106,-0.26340,-0.00131,1.10323,1.16121,-0.05179,-0.05400,0.01210,1.29371,1.31698,-0.15639,-0.14618,0.00004,3.04635,3.10277
17.3724,-0.09005,-0.06627,-0.09005,-0.06627,-0.08760,-0.06539,-1.99188,1.60178,-1.90428,1.66718,-1.90428,1.66718,0.00000,0.00000,0,0.00027,-0.14618,-0.14388,0.00729,1.81024,1.80680,-0.24776,-0.24987,-0.00473,-0.16082,-0.13604,-0.19102,-0.19176,-0.00481,2.22451,2.25115,-0.26104,-0.26334,-0.00847,1.02532,1.23085,-0.05183,-0.05402,-0.00725,1.19316,1.26772,-0.15666,-0.14626,-0.00231,3.20014,3.21287
17.4748,-0.09196,-0.07240,-0.09196,-0.07240,-0.09074,-0.06979,-1.98920,1.60381,-1.89846,1.67360,-1.89846,1.67360,0.00000,0.00000,0,0.00033,-0.14657,-0.14407,-0.00396,1.85404,1.85363,-0.24752,-0.24974,-0.00184,-0.14941,-0.08745,-0.19073,-0.19174,0.00211,2.19111,2.22578,-0.26090,-0.26323,-0.00015,1.03737,1.01143,-0.05173,-0.05402,-0.00312,1.17788,1.17758,-0.15705,-0.14634,-0.00003,3.34481,3.28592
17.5753,-0.09783,-0.07562,-0.09783,-0.07562,-0.09632,-0.07409,-1.98637,1.60598,-1.89006,1.68007,-1.89006,1.68007,0.00000,0.00000,0,0.00027,-0.14701,-0.14427,-0.01019,1.87584,1.93077,-0.24716,-0.24955,0.00221,-0.17716,-0.16909,-0.19032,-0.19173,-0.00307,2.13402,2.24525,-0.26079,-0.26313,-0.00196,1.02157,0.95813,-0.05170,-0.05398,0.00916,1.17244,1.16918,-0.15751,-0.14645,-0.00521,3.52638,3.64910
17.6763,-0.09550,-0.07607,-0.09550,-0.07607,-0.09526,-0.07580,-1.98350,1.60825,-1.88824,1.68405,-1.88824,1.68405,0.00000,0.00000,0,0.00028,-0.14721,-0.14441,0.00125,1.93038,2.03435,-0.24709,-0.24939,0.00415,-0.22393,-0.23442,-0.19022,-0.19173,0.00537,2.15104,2.03207,-0.26067,-0.26303,-0.00598,0.96949,1.01906,-0.05159,-0.05400,-0.00108,1.12284,1.04659,-0.15771,-0.14657,0.00332,3.65260,3.65689
17.7775,-0.09807,-0.07926,-0.09807,-0.07926,-0.09748,-0.07815,-1.98061,1.61056,-1.88312,1.68871,-1.88312,1.68871,0.00000,0.00000,0,0.00095,-0.14751,-0.14455,0.00399,1.94496,1.93373,-0.24687,-0.24929,0.00439,-0.24983,-0.21560,-0.18997,-0.19171,0.00256,2.10887,2.10047,-0.26058,-0.26293,-0.00114,0.97292,1.00137,-0.05155,-0.05396,0.00572,1.10697,1.13901,-0.15802,-0.14673,-0.00322,3.75619,3.85209
17.8774,-0.09812,-0.08177,-0.09812,-0.08177,-0.09824,-0.08052,-1.97765,1.61295,-1.87941,1.69346,-1.87941,1.69346,0.00000,0.00000,0,0.00029,-0.14778,-0.14476,-0.00357,2.00870,1.88991,-0.24672,-0.24912,0.00003,-0.29074,-0.37911,-0.18978,-0.19170,0.00674,2.09619,2.19858,-0.26045,-0.26284,0.00075,0.93267,0.85469,-0.05146,-0.05396,-0.00585,1.03561,0.99378,-0.15829,-0.14690,-0.00623,3.92715,4.01105
17.9783,-0.10056,-0.08032,-0.10056,-0.08032,-0.09944,-0.08094,-1.97469,1.61539,-1.87526,1.69632,-1.87526,1.69632,0.00000,0.00000,0,0.00029,-0.14798,-0.14496,-0.00328,2.03533,2.05313,-0.24654,-0.24901,-0.00187,-0.30443,-0.25134,-0.18958,-0.19171,0.00020,2.03333,2.03933,-0.26042,-0.26281,-0.00150,0.88123,1.03484,-0.05146,-0.05393,0.00418,1.02276,0.91133,-0.15851,-0.14710,-0.00661,4.05975,4.03553
18.0800,-0.09901,-0.08065,-0.09901,-0.08065,-0.10018,-0.08065,-1.97169,1.61780,-1.87150,1.69845,-1.87150,1.69845,0.00000,0.00000,0,0.00060,-0.14815,-0.14511,-0.00196,2.06307,2.04127,-0.24637,-0.24883,0.00456,-0.35238,-0.37229,-0.18940,-0.19169,0.00537,1.98976,1.89961,-0.26041,-0.26273,-0.00800,0.85125,0.82948,-0.05147,-0.05392,0.00200,1.02382,1.08535,-0.15869,-0.14739,-0.00404,4.20596,4.27836
18.1825,-0.10009,-0.08138,-0.10009,-0.08138,-0.09845,-0.08124,-1.96873,1.62024,-1.87028,1.70148,-1.87028,1.70148,0.00000,0.00000,0,0.00142,-0.14830,-0.14524,0.00148,2.10445,2.00744,-0.24633,-0.24867,-0.00805,-0.38421,-0.32878,-0.18934,-0.19168,0.00005,1.95755,1.81672,-0.26030,-0.26256,0.01043,0.86741,0.80778,-0.05139,-0.05390,0.00389,0.97032,0.88923,-0.15883,-0.14782,-0.00746,4.31505,4.22587
18.2867,-0.10261,-0.08444,-0.10261,-0.08444,-0.10125,-0.08287,-1.96573,1.62269,-1.86449,1.70557,-1.86449,1.70557,0.00000,0.00000,0,0.00193,-0.14859,-0.14544,0.00459,2.18542,2.15003,-0.24608,-0.24849,0.01080,-0.36961,-0.38901,-0.18906,-0.19169,-0.00906,1.89769,1.86831,-0.26025,-0.26246,0.00880,0.83030,0.80981,-0.05138,-0.05389,-0.00451,0.92060,1.01073,-0.15914,-0.14846,-0.00024,4.43668,4.50405
18.3865,-0.10923,-0.08824,-0.10923,-0.08824,-0.10640,-0.08661,-1.96260,1.62525,-1.85620,1.71186,-1.85620,1.71186,0.00000,0.00000,0,0.00026,-0.14902,-0.14573,-0.00879,2.20029,2.20270,-0.24572,-0.24827,0.00759,-0.42680,-0.42031,-0.18865,-0.19163,0.00542,1.87960,1.85082,-0.26016,-0.26237,-0.00132,0.78330,0.78719,-0.05135,-0.05387,0.00254,0.88985,0.80162,-0.15959,-0.14925,-0.00794,4.52013,4.47821
18.4877,-0.10732,-0.09098,-0.10732,-0.09098,-0.10754,-0.08937,-1.95938,1.62789,-1.85185,1.71726,-1.85185,1.71726,0.00000,0.00000,0,0.00029,-0.14933,-0.14601,0.00596,2.26519,2.32982,-0.24554,-0.24811,0.00553,-0.47794,-0.40137,-0.18843,-0.19161,0.00928,1.82181,1.63013,-0.26002,-0.26223,0.00329,0.77943,0.73006,-0.05126,-0.05385,-0.00159,0.85056,0.76835,-0.15991,-0.15018,-0.00992,4.58576,4.65123
18.5897,-0.10823,-0.09696,-0.10823,-0.09696,-0.10760,-0.09388,-1.95616,1.63064,-1.84857,1.72451,-1.84857,1.72451,0.00000,0.00000,0,0.00035,-0.14970,-0.14639,-0.00486,2.30106,2.26780,-0.24542,-0.24785,0.00670,-0.48368,-0.54376,-0.18826,-0.19158,0.00277,1.73998,1.69335,-0.25979,-0.26209,-0.00195,0.74211,0.58116,-0.05107,-0.05382,0.00429,0.81261,0.81784,-0.16027,-0.15112,0.00194,4.68323,4.51624
18.6906,-0.10773,-0.10026,-0.10773,-0.10026,-0.10783,-0.09818,-1.95293,1.63353,-1.84510,1.73171,-1.84510,1.73171,0.00000,0.00000,0,0.00028,-0.15007,-0.14682,-0.00068,2.31439,2.32602,-0.24529,-0.24769,-0.00507,-0.52930,-0.65494,-0.18807,-0.19160,-0.00597,1.68101,1.82491,-0.25956,-0.26196,-0.00039,0.70679,0.67239,-0.05088,-0.05380,-0.00094,0.79361,0.75148,-0.16063,-0.15194,-0.00369,4.75981,4.64538
18.7927,-0.10037,-0.10461,-0.10037,-0.10461,-0.10385,-0.10230,-1.94974,1.63655,-1.84589,1.73885,-1.84589,1.73885,0.00000,0.00000,0,0.00039,-0.15035,-0.14725,-0.00638,2.32440,2.37986,-0.24536,-0.24746,-0.00368,-0.54147,-0.41387,-0.18808,-0.19156,0.00190,1.68575,1.78657,-0.25925,-0.26177,0.00168,0.65431,0.52037,-0.05059,-0.05375,0.00614,0.72153,0.79180,-0.16088,-0.15264,-0.00096,4.82181,4.78041
18.8947,-0.09820,-0.10933,-0.09820,-0.10933,-0.10032,-0.10676,-1.94668,1.63969,-1.84637,1.74645,-1.84637,1.74645,0.00000,0.00000,0,0.00032,-0.15066,-0.14756,-0.00492,2.39309,2.34059,-0.24541,-0.24721,-0.00012,-0.53183,-0.50193,-0.18807,-0.19159,-0.01511,1.57824,1.71123,-0.25893,-0.26152,-0.00890,0.62232,0.73247,-0.05029,-0.05372,0.00055,0.67500,0.62223,-0.16115,-0.15355,-0.01332,4.87696,5.04598
18.9966,-0.09350,-0.11080,-0.09350,-0.11080,-0.09693,-0.10973,-1.94371,1.64295,-1.84678,1.75268,-1.84678,1.75268,0.00000,0.00000,0,0.00032,-0.15091,-0.14781,0.00011,2.41368,2.35625,-0.24546,-0.24712,-0.00085,-0.56247,-0.57147,-0.18806,-0.19153,-0.00164,1.57367,1.54865,-0.25866,-0.26111,0.00424,0.61978,0.61856,-0.05004,-0.05367,-0.00706,0.60901,0.55970,-0.16138,-0.15433,-0.00771,4.95690,5.05494
19.0970,-0.09302,-0.11555,-0.09302,-0.11555,-0.09361,-0.11332,-1.94087,1.64630,-1.84727,1.75962,-1.84727,1.75962,0.00000,0.00000,0,0.00033,-0.15119,-0.14801,-0.00892,2.45034,2.38502,-0.24551,-0.24700,0.00322,-0.55601,-0.51473,-0.18806,-0.19150,0.00296,1.53385,1.53745,-0.25837,-0.26087,0.00263,0.60951,0.40925,-0.04976,-0.05357,0.00555,0.57639,0.48960,-0.16163,-0.15516,-0.01097,4.96863,5.02966
19.1976,-0.09267,-0.11582,-0.09267,-0.11582,-0.09266,-0.11517,-1.93809,1.64975,-1.84542,1.76491,-1.84542,1.76491,0.00000,0.00000,0,0.00027,-0.15145,-0.14818,0.00047,2.52607,2.62616,-0.24545,-0.24687,-0.00593,-0.59323,-0.62252,-0.18795,-0.19147,-0.00013,1.48794,1.41589,-0.25819,-0.26059,0.00376,0.54948,0.61933,-0.04961,-0.05351,0.00265,0.48772,0.54929,-0.16187,-0.15608,-0.00325,5.01627,5.04456
19.2994,-0.09192,-0.11814,-0.09192,-0.11814,-0.09214,-0.11766,-1.93532,1.65325,-1.84318,1.77092,-1.84318,1.77092,0.00000,0.00000,0,0.00032,-0.15174,-0.14838,-0.00502,2.54895,2.42607,-0.24537,-0.24671,-0.00025,-0.57049,-0.65650,-0.18783,-0.19143,0.00544,1.44492,1.43830,-0.25799,-0.26031,0.00401,0.53820,0.52274,-0.04944,-0.05340,0.00888,0.44483,0.24116,-0.16216,-0.15707,-0.01923,5.01258,4.82734
19.4002,-0.09020,-0.11571,-0.09020,-0.11571,-0.09125,-0.11628,-1.93256,1.65676,-1.84131,1.77304,-1.84131,1.77304,0.00000,0.00000,0,0.00030,-0.15187,-0.14854,-0.00157,2.57716,2.59622,-0.24529,-0.24655,-0.00091,-0.59865,-0.66018,-0.18773,-0.19141,0.00107,1.39275,1.52065,-0.25794,-0.25985,0.00911,0.57909,0.63026,-0.04940,-0.05335,-0.00482,0.38728,0.45763,-0.16229,-0.15790,-0.00412,5.04685,5.15249
19.5006,-0.08515,-0.11868,-0.08515,-0.11868,-0.08706,-0.11732,-1.92991,1.66025,-1.84284,1.77758,-1.84284,1.77758,0.00000,0.00000,0,0.00028,-0.15202,-0.14871,-0.00447,2.64348,2.56362,-0.24538,-0.24644,0.00553,-0.58165,-0.51925,-0.18778,-0.19140,-0.00350,1.34556,1.34128,-0.25772,-0.25953,0.01452,0.55147,0.52103,-0.04919,-0.05326,0.00634,0.38189,0.40154,-0.16242,-0.15859,-0.01444,5.01901,5.18364
19.6026,-0.08147,-0.11889,-0.08147,-0.11889,-0.08319,-0.11843,-1.92737,1.66379,-1.84418,1.78222,-1.84418,1.78222,0.00000,0.00000,0,0.00026,-0.15219,-0.14890,0.00350,2.67711,2.58074,-0.24546,-0.24641,0.00336,-0.57733,-0.64689,-0.18783,-0.19136,0.00349,1.31378,1.41917,-0.25750,-0.25923,-0.00001,0.51773,0.61208,-0.04898,-0.05321,-0.00506,0.27725,0.23611,-0.16256,-0.15915,-0.00926,5.05085,5.10590
19.7059,-0.07919,-0.12201,-0.07919,-0.12201,-0.08059,-0.12078,-1.92491,1.66738,-1.84432,1.78817,-1.84432,1.78817,0.00000,0.00000,0,0.00033,-0.15244,-0.14909,0.00213,2.71069,2.71910,-0.24550,-0.24638,-0.00891,-0.63347,-0.55712,-0.18781,-0.19133,0.00605,1.26778,1.35578,-0.25726,-0.25880,-0.00872,0.47943,0.41010,-0.04875,-0.05315,0.00155,0.20160,0.16848,-0.16278,-0.15960,-0.00965,5.08967,4.97107
19.8065,-0.07695,-0.12449,-0.07695,-0.12449,-0.07898,-0.12357,-1.92252,1.67106,-1.84354,1.79463,-1.84354,1.79463,0.00000,0.00000,0,0.00032,-0.15272,-0.14931,-0.00784,2.77160,2.61558,-0.24549,-0.24626,0.00363,-0.57956,-0.61051,-0.18775,-0.19131,0.00420,1.22206,1.36925,-0.25701,-0.25857,0.00288,0.48907,0.39724,-0.04852,-0.05308,0.00598,0.18241,0.28671,-0.16305,-0.15999,-0.00635,5.12223,5.08993
19.9068,-0.07148,-0.12367,-0.07148,-0.12367,-0.07474,-0.12518,-1.92021,1.67481,-1.84547,1.79999,-1.84547,1.79999,0.00000,0.00000,0,0.00028,-0.15291,-0.14945,0.00863,2.82707,2.84828,-0.24560,-0.24621,-0.00198,-0.59049,-0.57843,-0.18781,-0.19128,-0.00275,1.18072,1.14054,-0.25675,-0.25834,-0.00150,0.44480,0.50790,-0.04827,-0.05306,-0.00613,0.04961,0.08855,-0.16320,-0.16043,0.00213,5.15384,5.12850
20.0079,-0.06587,-0.12312,-0.06587,-0.12312,-0.06885,-0.12302,-1.91807,1.67852,-1.84922,1.80154,-1.84922,1.80154,0.00000,0.00000,0,0.00032,-0.15289,-0.14963,-0.00167,2.81715,2.84468,-0.24578,-0.24615,0.00176,-0.57766,-0.60624,-0.18798,-0.19127,-0.00343,1.15915,1.10159,-0.25661,-0.25813,-0.01028,0.42328,0.35656,-0.04811,-0.05300,0.01027,0.00859,0.04598,-0.16316,-0.16088,-0.00959,5.13337,5.27602
20.1091,-0.05929,-0.12289,-0.05929,-0.12289,-0.06245,-0.12301,-1.91612,1.68221,-1.85367,1.80522,-1.85367,1.80522,0.00000,0.00000,0,0.00027,-0.15296,-0.14978,-0.00179,2.87041,2.91824,-0.24600,-0.24617,-0.00334,-0.58616,-0.51432,-0.18817,-0.19123,0.00551,1.14742,1.13999,-0.25637,-0.25797,0.00268,0.42866,0.34707,-0.04786,-0.05298,-0.00433,-0.06773,-0.13344,-0.16319,-0.16122,0.00341,5.15779,5.22019
20.2097,-0.05551,-0.12417,-0.05551,-0.12417,-0.05684,-0.12393,-1.91436,1.68591,-1.85752,1.80984,-1.85752,1.80984,0.00000,0.00000,0,0.00027,-0.15307,-0.14989,-0.00121,2.91111,2.89239,-0.24620,-0.24616,-0.00403,-0.57124,-0.57137,-0.18832,-0.19122,0.00401,1.12915,1.05570,-0.25611,-0.25780,0.00196,0.39197,0.33085,-0.04758,-0.05293,0.00258,-0.13440,-0.16335,-0.16326,-0.16156,-0.00726,5.14443,5.19054
20.3111,-0.05292,-0.12774,-0.05292,-0.12774,-0.05477,-0.12662,-1.91269,1.68969,-1.85791,1.81631,-1.85791,1.81631,0.00000,0.00000,0,0.00031,-0.15333,-0.15005,0.00160,2.95243,2.95504,-0.24625,-0.24616,-0.00216,-0.56809,-0.51029,-0.18831,-0.19120,0.00483,1.07173,1.11433,-0.25583,-0.25755,0.00476,0.38616,0.38879,-0.04733,-0.05282,0.00039,-0.18400,-0.09557,-0.16350,-0.16191,-0.01130,5.15296,5.32435
20.4138,-0.05005,-0.13162,-0.05005,-0.13162,-0.05189,-0.12958,-1.91109,1.69353,-1.85920,1.82311,-1.85920,1.82311,0.00000,0.00000,0,0.00068,-0.15359,-0.15026,-0.00752,2.98697,2.90383,-0.24634,-0.24616,-0.00478,-0.56486,-0.49310,-0.18835,-0.19116,0.00378,1.05209,1.08943,-0.25553,-0.25731,0.00559,0.36262,0.29472,-0.04703,-0.05259,0.01014,-0.26218,-0.25525,-0.16372,-0.16230,0.00268,5.18691,5.09457
20.5156,-0.04354,-0.13238,-0.04354,-0.13238,-0.04607,-0.13187,-1.90964,1.69747,-1.86357,1.82934,-1.86357,1.82934,0.00000,0.00000,0,0.00028,-0.15376,-0.15043,-0.00033,3.05381,3.05600,-0.24657,-0.24615,-0.00009,-0.55852,-0.50746,-0.18852,-0.19117,-0.00101,1.01180,0.96177,-0.25519,-0.25716,0.00193,0.32283,0.33119,-0.04668,-0.05207,0.00765,-0.28889,-0.39421,-0.16384,-0.16274,0.00330,5.17890,5.14079
20.6164,-0.03513,-0.13047,-0.03513,-0.13047,-0.03919,-0.13162,-1.90838,1.70143,-1.86919,1.83304,-1.86919,1.83304,0.00000,0.00000,0,0.00024,-0.15380,-0.15063,-0.00164,3.07236,3.16967,-0.24685,-0.24613,0.00839,-0.49738,-0.39547,-0.18876,-0.19116,-0.00625,0.99053,0.99457,-0.25493,-0.25693,0.00309,0.29632,0.25117,-0.04640,-0.05130,0.01312,-0.34110,-0.36922,-0.16384,-0.16314,-0.00486,5.15238,4.94977
20.7181,-0.03046,-0.13160,-0.03046,-0.13160,-0.03217,-0.13069,-1.90735,1.70535,-1.87518,1.83603,-1.87518,1.83603,0.00000,0.00000,0,0.00072,-0.15380,-0.15080,-0.00529,3.08611,2.99750,-0.24714,-0.24614,0.00214,-0.49347,-0.56560,-0.18902,-0.19113,0.00192,0.99327,0.97135,-0.25469,-0.25671,-0.00692,0.26425,0.28362,-0.04613,-0.04798,0.04247,-0.04723,-0.18263,-0.16380,-0.16353,-0.00129,5.15562,5.16119
20.8204,-0.02443,-0.13264,-0.02443,-0.13264,-0.02685,-0.13184,-1.90648,1.70929,-1.87963,1.84113,-1.87963,1.84113,0.00000,0.00000,0,0.00030,-0.15393,-0.15099,-0.00414,3.12039,3.14168,-0.24737,-0.24617,-0.00636,-0.47194,-0.49982,-0.18920,-0.19111,0.00303,0.98909,1.11844,-0.25439,-0.25653,-0.00930,0.21918,0.33605,-0.04582,-0.04565,0.01268,-0.03862,0.01573,-0.16388,-0.16395,-0.00231,5.10565,5.00048
20.9213,-0.02524,-0.13233,-0.02524,-0.13233,-0.02573,-0.13221,-1.90569,1.71326,-1.87996,1.84546,-1.87996,1.84546,0.00000,0.00000,0,0.00033,-0.15410,-0.15121,0.00382,3.15711,3.13766,-0.24740,-0.24616,-0.00341,-0.47791,-0.45587,-0.18920,-0.19110,0.00266,0.94146,0.93710,-0.25420,-0.25633,0.00763,0.22185,0.15782,-0.04565,-0.04509,0.01468,-0.02492,0.02664,-0.16403,-0.16452,-0.00478,5.04845,5.28825
21.0237,-0.02387,-0.13932,-0.02387,-0.13932,-0.02417,-0.13566,-1.90496,1.71726,-1.88079,1.85292,-1.88079,1.85292,0.00000,0.00000,0,0.00030,-0.15439,-0.15146,-0.00884,3.18908,3.29689,-0.24747,-0.24614,0.00661,-0.41789,-0.33404,-0.18921,-0.19110,-0.00815,0.91502,0.88603,-0.25388,-0.25615,0.00263,0.17040,0.16310,-0.04534,-0.04481,0.00330,-0.03184,-0.03059,-0.16429,-0.16503,-0.00405,5.02402,5.02385
21.1257,-0.02538,-0.14337,-0.02538,-0.14337,-0.02498,-0.14168,-1.90421,1.72145,-1.87923,1.86313,-1.87923,1.86313,0.00000,0.00000,0,0.00029,-0.15485,-0.15173,-0.00158,3.25268,3.41528,-0.24744,-0.24617,-0.00623,-0.42159,-0.27778,-0.18910,-0.19104,-0.00214,0.90254,0.82288,-0.25349,-0.25594,0.00403,0.17346,0.08051,-0.04499,-0.04458,0.00340,-0.05185,-0.17102,-0.16472,-0.16556,-0.00416,5.04903,5.14829
21.2268,-0.02430,-0.14427,-0.02430,-0.14427,-0.02438,-0.14413,-1.90349,1.72575,-1.87911,1.86988,-1.87911,1.86988,0.00000,0.00000,0,0.00031,-0.15513,-0.15204,0.00068,3.28793,3.43848,-0.24747,-0.24616,-0.00089,-0.38351,-0.36160,-0.18906,-0.19101,0.00660,0.89006,0.83887,-0.25322,-0.25572,0.00852,0.11525,0.02125,-0.04474,-0.04437,0.01284,0.00019,-0.02248,-0.16498,-0.16612,-0.01062,4.99356,4.83426
21.3275,-0.01880,-0.14457,-0.01880,-0.14457,-0.02180,-0.14480,-1.90279,1.73008,-1.88099,1.87488,-1.88099,1.87488,0.00000,0.00000,0,0.00028,-0.15530,-0.15236,-0.00794,3.30438,3.29885,-0.24758,-0.24616,0.00044,-0.35703,-0.27168,-0.18913,-0.19102,0.00284,0.85738,0.94413,-0.25298,-0.25554,0.00748,0.07990,0.07782,-0.04450,-0.04426,0.00683,-0.02707,-0.11640,-0.16512,-0.16654,-0.00289,4.94827,4.83041
21.4290,-0.02108,-0.14659,-0.02108,-0.14659,-0.02013,-0.14660,-1.90242,1.73446,-1.88229,1.88106,-1.88229,1.88106,0.00000,0.00000,0,0.00027,-0.15554,-0.15269,-0.00840,3.31526,3.37660,-0.24766,-0.24619,-0.01069,-0.37866,-0.38357,-0.18916,-0.19099,0.00601,0.86574,0.91820,-0.25270,-0.25525,0.00625,0.06999,-0.05372,-0.04423,-0.04416,0.00149,-0.03139,-0.21670,-0.16532,-0.16690,0.00726,4.95132,4.88742
21.5310,-0.01462,-0.14674,-0.01462,-0.14674,-0.01785,-0.14674,-1.90242,1.73886,-1.88457,1.88561,-1.88457,1.88561,0.00000,0.00000,16,0.00034,-0.15568,-0.15300,-0.00694,3.34519,3.46817,-0.24779,-0.24618,0.00103,-0.31593,-0.34003,-0.18925,-0.19099,-0.00387,0.81121,0.70451,-0.25247,-0.25502,-0.00439,0.00640,-0.06040,-0.04400,-0.04405,0.00228,-0.06799,-0.05778,-0.16543,-0.16729,-0.00050,4.91200,4.81728
21.6358,-0.01648,-0.14864,-0.01648,-0.14864,-0.01639,-0.14781,-1.90242,1.74328,-1.88603,1.89109,-1.88603,1.89109,0.00000,0.00000,16,0.00229,-0.15588,-0.15342,0.00240,3.36323,3.57284,-0.24788,-0.24619,-0.00301,-0.30810,-0.28722,-0.18929,-0.19097,-0.00671,0.79817,0.82206,-0.25221,-0.25476,-0.00975,-0.03666,-0.04140,-0.04375,-0.04395,0.00491,-0.05394,-0.09202,-0.16560,-0.16759,-0.00731,4.85813,4.76018
21.7359,-0.00975,-0.14927,-0.00975,-0.14927,-0.01162,-0.14908,-1.90242,1.74774,-1.89080,1.89682,-1.89080,1.89682,0.00000,0.00000,16,0.00032,-0.15602,-0.15386,-0.00152,3.38111,3.47029,-0.24813,-0.24620,-0.00394,-0.24691,-0.22948,-0.18949,-0.19096,-0.00292,0.81079,0.84329,-0.25189,-0.25447,0.00517,-0.06799,-0.14093,-0.04341,-0.04378,-0.00160,-0.10036,-0.04298,-0.16569,-0.16776,0.00183,4.82910,4.94026
21.8364,-0.00688,-0.15226,-0.00688,-0.15226,-0.00821,-0.15050,-1.90242,1.75223,-1.89422,1.90273,-1.89422,1.90273,0.00000,0.00000,16,0.00025,-0.15620,-0.15431,-0.00492,3.38984,3.53067,-0.24831,-0.24622,-0.00454,-0.22199,-0.24305,-0.18962,-0.19093,-0.00122,0.79682,0.83280,-0.25158,-0.25431,0.00000,-0.10185,-0.13490,-0.04310,-0.04358,-0.00706,-0.08205,-0.02632,-0.16583,-0.16790,0.00540,4.80086,4.82744
21.9368,-0.00416,-0.15434,-0.00416,-0.15434,-0.00519,-0.15358,-1.90242,1.75681,-1.89723,1.91039,-1.89723,1.91039,0.00000,0.00000,16,0.00027,-0.15645,-0.15471,-0.01054,3.37671,3.42949,-0.24848,-0.24622,-0.00353,-0.18517,-0.17489,-0.18972,-0.19090,0.00959,0.79936,0.74470,-0.25120,-0.25402,0.00125,-0.14570,-0.09544,-0.04273,-0.04340,-0.00789,-0.11238,-0.13697,-0.16604,-0.16807,-0.00351,4.79292,4.82486
22.0393,-0.00001,-0.15409,-0.00001,-0.15409,-0.00214,-0.15403,-1.90242,1.76143,-1.90028,1.91546,-1.90028,1.91546,0.00000,0.00000,16,0.00030,-0.15660,-0.15509,-0.00327,3.39201,3.29977,-0.24865,-0.24624,0.00057,-0.13467,-0.17109,-0.18984,-0.19092,-0.00046,0.78805,0.81219,-0.25094,-0.25373,0.00301,-0.17831,-0.23386,-0.04246,-0.04306,-0.00074,-0.09997,-0.16224,-0.16615,-0.16818,0.00828,4.80893,4.83398
22.1396,0.00159,-0.15553,0.00159,-0.15553,0.00122,-0.15487,-1.90242,1.76607,-1.90364,1.92093,-1.90364,1.92093,0.00000,0.00000,16,0.00026,-0.15676,-0.15549,-0.00130,3.41050,3.24435,-0.24883,-0.24626,0.00369,-0.10045,0.03615,-0.18997,-0.19091,-0.00272,0.78454,0.81377,-0.25064,-0.25345,0.00522,-0.18781,-0.24734,-0.04216,-0.04276,0.00505,-0.12309,-0.02487,-0.16628,-0.16830,0.00411,4.76443,4.69269
22.2400,0.00791,-0.15417,0.00791,-0.15417,0.00584,-0.15450,-1.90242,1.77071,-1.90826,1.92520,-1.90826,1.92520,0.00000,0.00000,16,0.00027,-0.15685,-0.15593,-0.00309,3.39273,3.36103,-0.24906,-0.24627,0.00794,-0.05139,0.03583,-0.19017,-0.19088,0.01036,0.80425,0.89191,-0.25038,-0.25318,0.01370,-0.20496,-0.23817,-0.04188,-0.04246,0.00482,-0.13044,-0.23324,-0.16632,-0.16841,0.00140,4.70887,4.68008
22.3425,0.00956,-0.15304,0.00956,-0.15304,0.00823,-0.15348,-1.90242,1.77533,-1.91065,1.92880,-1.91065,1.92880,0.00000,0.00000,16,0.00057,-0.15695,-0.15633,0.00435,3.36786,3.31052,-0.24919,-0.24632,0.00325,-0.01685,-0.02141,-0.19026,-0.19090,-0.00147,0.76068,0.72055,-0.25018,-0.25298,0.00201,-0.27398,-0.31827,-0.04168,-0.04221,0.00668,-0.15150,-0.03744,-0.16639,-0.16849,-0.00106,4.65599,4.53244
22.4435,0.01052,-0.15521,0.01052,-0.15521,0.01034,-0.15436,-1.90242,1.77994,-1.91276,1.93430,-1.91276,1.93430,0.00000,0.00000,16,0.00040,-0.15714,-0.15674,-0.00495,3.36465,3.28062,-0.24931,-0.24636,0.00090,0.02172,0.16920,-0.19033,-0.19088,0.00481,0.78004,0.72900,-0.24992,-0.25273,0.00395,-0.29374,-0.20017,-0.04142,-0.04215,-0.00746,-0.15554,-0.23095,-0.16655,-0.16854,-0.00680,4.65910,4.68080
22.5443,0.00969,-0.15716,0.00969,-0.15716,0.00988,-0.15643,-1.90242,1.78461,-1.91230,1.94104,-1.91230,1.94104,0.00000,0.00000,16,0.00038,-0.15743,-0.15733,-0.00276,3.35695,3.23996,-0.24932,-0.24641,-0.00581,0.03999,-0.01227,-0.19029,-0.19087,0.00387,0.78010,0.66496,-0.24965,-0.25241,0.00513,-0.31160,-0.18094,-0.04117,-0.04202,0.00919,-0.15462,-0.16570,-0.16681,-0.16859,-0.00552,4.63301,4.52579
22.6467,0.01018,-0.15822,0.01018,-0.15822,0.01044,-0.15787,-1.90242,1.78933,-1.91286,1.94720,-1.91286,1.94720,0.00000,0.00000,16,0.00036,-0.15767,-0.15770,-0.00213,3.35566,3.23652,-0.24937,-0.24639,0.00572,0.09690,0.08698,-0.19029,-0.19086,0.00463,0.76309,0.80800,-0.24939,-0.25222,0.00815,-0.35898,-0.38798,-0.04092,-0.04200,-0.01096,-0.17229,-0.15160,-0.16703,-0.16863,-0.00693,4.65513,4.68512
22.7470,0.01166,-0.16159,0.01166,-0.16159,0.01119,-0.15999,-1.90242,1.79410,-1.91362,1.95409,-1.91362,1.95409,0.00000,0.00000,16,0.00041,-0.15794,-0.15839,-0.00600,3.28858,3.31025,-0.24944,-0.24644,0.00233,0.12734,0.11593,-0.19029,-0.19088,-0.00237,0.74071,0.77851,-0.24909,-0.25203,-0.00619,-0.41867,-0.45589,-0.04064,-0.04181,0.00889,-0.20939,-0.23482,-0.16727,-0.16866,0.00096,4.63403,4.60314
22.8491,0.01557,-0.16414,0.01557,-0.16414,0.01321,-0.16327,-1.90242,1.79896,-1.91563,1.96223,-1.91563,1.96223,0.00000,0.00000,16,0.00042,-0.15824,-0.15943,-0.01118,3.20180,3.26167,-0.24957,-0.24648,0.00182,0.17687,0.23086,-0.19035,-0.19087,-0.00534,0.73147,0.65579,-0.24872,-0.25176,0.00850,-0.43962,-0.41841,-0.04028,-0.04164,0.00876,-0.24492,-0.22031,-0.16753,-0.16871,-0.00021,4.60391,4.68117
22.9500,0.01874,-0.16916,0.01874,-0.16916,0.01620,-0.16662,-1.90242,1.80391,-1.91862,1.97053,-1.91862,1.97053,0.00000,0.00000,16,0.00026,-0.15853,-0.16101,-0.01737,3.08898,3.11648,-0.24974,-0.24656,0.00227,0.21147,0.07889,-0.19046,-0.19086,-0.00023,0.74990,0.76224,-0.24832,-0.25153,0.00392,-0.49307,-0.52056,-0.03988,-0.04147,-0.00094,-0.24749,-0.16616,-0.16777,-0.16877,-0.01011,4.59800,4.49934
23.0521,0.02710,-0.17769,0.02710,-0.17769,0.02315,-0.17348,-1.90281,1.80902,-1.92596,1.98250,-1.92596,1.98250,0.00000,0.00000,0,0.00041,-0.15888,-0.16369,-0.02556,2.88050,2.90955,-0.25013,-0.24667,-0.00302,0.26300,0.21083,-0.19074,-0.19086,-0.00115,0.75782,0.82429,-0.24768,-0.25131,0.00239,-0.56532,-0.50572,-0.03924,-0.04132,0.01173,-0.30251,-0.28821,-0.16803,-0.16877,0.00627,4.65753,4.68670
23.1543,0.04336,-0.19204,0.04336,-0.19204,0.03576,-0.18489,-1.90371,1.81441,-1.93946,1.99930,-1.93946,1.99930,0.00000,0.00000,0,0.00033,-0.15930,-0.16780,-0.05475,2.45324,2.51068,-0.25084,-0.24677,0.00198,0.39220,0.36697,-0.19129,-0.19086,0.00153,0.82417,0.71543,-0.24673,-0.25092,-0.00577,-0.68763,-0.60479,-0.03825,-0.04106,0.00876,-0.42419,-0.39050,-0.16832,-0.16885,-0.00691,4.64905,4.63969
23.2560,0.06759,-0.20807,0.06759,-0.20807,0.05742,-0.20090,-1.90516,1.82024,-1.96258,2.02115,-1.96258,2.02115,0.00000,0.00000,0,0.00029,-0.15974,-0.17232,-0.02355,2.16637,2.21398,-0.25201,-0.24699,0.00317,0.46649,0.45464,-0.19225,-0.19090,-0.00908,0.87547,0.84845,-0.24538,-0.25038,0.00767,-0.76695,-0.72544,-0.03682,-0.04070,-0.00485,-0.50103,-0.38004,-0.16855,-0.16891,-0.00077,4.63531,4.69415
23.3570,0.08016,-0.20856,0.08016,-0.20856,0.07402,-0.20671,-1.90720,1.82640,-1.98122,2.03310,-1.98122,2.03310,0.00000,0.00000,0,0.00029,-0.15986,-0.17306,0.00134,2.00486,2.07165,-0.25293,-0.24723,0.00220,0.58840,0.52656,-0.19305,-0.19089,0.00663,0.93988,1.01064,-0.24452,-0.24987,0.01339,-0.81573,-0.80767,-0.03589,-0.04021,-0.00021,-0.58555,-0.66613,-0.16852,-0.16900,-0.00494,4.64028,4.71029
23.4583,0.08759,-0.20420,0.08759,-0.20420,0.08384,-0.20610,-1.90960,1.83261,-1.99344,2.03871,-1.99344,2.03871,0.00000,0.00000,0,0.00033,-0.15985,-0.17306,0.00320,1.85036,1.87860,-0.25352,-0.24743,0.00170,0.67030,0.67127,-0.19358,-0.19094,-0.00348,0.99571,1.02132,-0.24405,-0.24959,0.00168,-0.90672,-0.95211,-0.03536,-0.03986,0.00149,-0.64884,-0.53433,-0.16842,-0.16904,0.00648,4.63086,4.56748
23.5602,0.08967,-0.20330,0.08967,-0.20330,0.08827,-0.20347,-1.91220,1.83873,-2.00047,2.04220,-2.00047,2.04220,0.00000,0.00000,0,0.00030,-0.15985,-0.17301,0.00122,1.70783,1.73680,-0.25386,-0.24764,-0.00146,0.77229,0.72406,-0.19388,-0.19094,0.00133,1.06036,1.14389,-0.24377,-0.24931,0.00054,-0.98343,-0.97733,-0.03505,-0.03956,0.00244,-0.70026,-0.66371,-0.16837,-0.16913,-0.00851,4.59667,4.61313
23.6613,0.09446,-0.20102,0.09446,-0.20102,0.09340,-0.20151,-1.91496,1.84480,-2.00835,2.04630,-2.00835,2.04630,0.00000,0.00000,0,0.00037,-0.15986,-0.17298,-0.00691,1.55948,1.40366,-0.25425,-0.24787,-0.00032,0.83608,0.79459,-0.19422,-0.19097,-0.00030,1.14104,1.15432,-0.24345,-0.24902,0.00266,-1.03505,-1.07131,-0.03469,-0.03921,0.00535,-0.74528,-0.69476,-0.16832,-0.16916,0.00768,4.56274,4.43949
23.7630,0.09496,-0.19639,0.09496,-0.19639,0.09494,-0.19712,-1.91778,1.85076,-2.01272,2.04788,-2.01272,2.04788,0.00000,0.00000,0,0.00032,-0.15984,-0.17287,0.00617,1.37455,1.34694,-0.25446,-0.24806,-0.00625,0.89042,0.93153,-0.19442,-0.19098,0.00368,1.19228,1.38096,-0.24330,-0.24880,-0.00546,-1.09624,-1.07349,-0.03452,-0.03886,-0.00132,-0.75787,-0.79562,-0.16827,-0.16922,0.00428,4.56312,4.48793
23.8655,0.09650,-0.19376,0.09650,-0.19376,0.09517,-0.19505,-1.92062,1.85664,-2.01580,2.05169,-2.01580,2.05169,0.00000,0.00000,0,0.00039,-0.15994,-0.17284,-0.00543,1.21389,1.24565,-0.25462,-0.24820,-0.00600,0.98592,0.99787,-0.19454,-0.19101,0.00215,1.21617,1.14475,-0.24308,-0.24850,0.00526,-1.14613,-1.27937,-0.03429,-0.03844,0.01202,-0.81992,-0.91278,-0.16833,-0.16924,0.01031,4.54819,4.71838
23.9686,0.09524,-0.19238,0.09524,-0.19238,0.09546,-0.19309,-1.92348,1.86245,-2.01894,2.05554,-2.01894,2.05554,0.00000,0.00000,0,0.00229,-0.16003,-0.17277,-0.00191,1.08676,1.03285,-0.25478,-0.24836,0.00408,1.07572,1.15890,-0.19467,-0.19103,-0.00112,1.25316,1.36856,-0.24286,-0.24820,-0.00434,-1.24293,-1.32396,-0.03407,-0.03799,0.01706,-0.83867,-0.83465,-0.16840,-0.16928,0.00282,4.54020,4.56166
24.0671,0.10236,-0.18675,0.10236,-0.18675,0.09982,-0.18863,-1.92642,1.86817,-2.02625,2.05680,-2.02625,2.05680,0.00000,0.00000,0,0.00031,-0.15994,-0.17268,0.00526,0.93422,0.94517,-0.25513,-0.24855,0.00052,1.15248,1.11377,-0.19499,-0.19107,0.00088,1.32921,1.26713,-0.24267,-0.24795,-0.00222,-1.29048,-1.32737,-0.03383,-0.03748,-0.00601,-0.91747,-0.85147,-0.16826,-0.16931,-0.00347,4.51555,4.54964
24.1679,0.10651,-0.18251,0.10651,-0.18251,0.10510,-0.18477,-1.92952,1.87376,-2.03463,2.05853,-2.03463,2.05853,0.00000,0.00000,0,0.00029,-0.15984,-0.17258,-0.00180,0.77716,0.71952,-0.25553,-0.24871,0.00200,1.26420,1.27420,-0.19537,-0.19111,0.00573,1.43326,1.48539,-0.24243,-0.24766,0.00226,-1.35218,-1.38133,-0.03355,-0.03682,0.00789,-0.90064,-0.97997,-0.16811,-0.16933,0.00290,4.50474,4.52760
24.2690,0.11510,-0.17782,0.11510,-0.17782,0.11200,-0.17995,-1.93280,1.87922,-2.04481,2.05917,-2.04481,2.05917,0.00000,0.00000,0,0.00032,-0.15966,-0.17248,-0.00470,0.59483,0.63124,-0.25600,-0.24894,-0.00396,1.35625,1.32802,-0.19583,-0.19116,-0.00240,1.49450,1.60231,-0.24221,-0.24742,0.00132,-1.41164,-1.36906,-0.03326,-0.03592,0.00858,-0.90312,-0.95674,-0.16787,-0.16935,0.00119,4.45110,4.34473
24.3702,0.12843,-0.17565,0.12843,-0.17565,0.12161,-0.17726,-1.93631,1.88456,-2.05792,2.06182,-2.05792,2.06182,0.00000,0.00000,0,0.00029,-0.15950,-0.17233,0.01147,0.47710,0.37498,-0.25663,-0.24919,-0.00208,1.50974,1.54560,-0.19641,-0.19120,0.00357,1.58322,1.62118,-0.24184,-0.24716,-0.00396,-1.49332,-1.55770,-0.03283,-0.03461,0.00820,-0.82240,-0.93326,-0.16763,-0.16937,-0.00498,4.42434,4.27388
24.4710,0.13662,-0.17040,0.13662,-0.17040,0.13228,-0.17255,-1.94015,1.88980,-2.07243,2.06235,-2.07243,2.06235,0.00000,0.00000,0,0.00039,-0.15923,-0.17222,-0.00064,0.26469,0.15500,-0.25730,-0.24952,0.00028,1.58973,1.55384,-0.19707,-0.19125,0.00446,1.69965,1.66024,-0.24153,-0.24686,-0.00071,-1.54603,-1.36485,-0.03244,-0.03285,0.01670,-0.76105,-0.74499,-0.16728,-0.16935,0.00225,4.40375,4.42190
24.5718,0.15243,-0.16581,0.15243,-0.16581,0.14543,-0.16758,-1.94436,1.89488,-2.08979,2.06246,-2.08979,2.06246,0.00000,0.00000,0,0.00039,-0.15888,-0.17196,0.00702,0.13419,0.08076,-0.25811,-0.24986,0.00448,1.73571,1.76388,-0.19786,-0.19134,-0.00537,1.80438,1.68875,-0.24119,-0.24656,0.00942,-1.58202,-1.67647,-0.03199,-0.03168,0.00180,-0.77892,-0.70756,-0.16683,-0.16936,-0.00229,4.32700,4.27553
24.6744,0.15741,-0.16387,0.15741,-0.16387,0.15464,-0.16420,-1.94891,1.89984,-2.10355,2.06404,-2.10355,2.06404,0.00000,0.00000,0,0.00032,-0.15867,-0.17148,0.01591,0.00270,-0.09281,-0.25876,-0.25022,-0.01197,1.84204,1.87746,-0.19848,-0.19144,-0.00616,1.94166,1.83206,-0.24085,-0.24621,0.00016,-1.68619,-1.55313,-0.03157,-0.03123,-0.00065,-0.73638,-0.67587,-0.16654,-0.16934,0.00706,4.27906,4.28755
24.7746,0.15812,-0.16293,0.15812,-0.16293,0.15822,-0.16377,-1.95363,1.90476,-2.11185,2.06853,-2.11185,2.06853,0.00000,0.00000,0,0.00028,-0.15869,-0.17098,0.01052,-0.12259,-0.14127,-0.25917,-0.25050,-0.00364,1.96451,1.99009,-0.19883,-0.19149,0.00073,2.03613,2.12575,-0.24051,-0.24583,-0.00427,-1.76116,-1.68966,-0.03119,-0.03090,0.00927,-0.72544,-0.77014,-0.16650,-0.16935,0.00325,4.22970,4.35757
24.8763,0.15719,-0.16399,0.15719,-0.16399,0.15752,-0.16390,-1.95836,1.90967,-2.11588,2.07357,-2.11588,2.07357,0.00000,0.00000,0,0.00084,-0.15881,-0.17019,0.01669,-0.18957,-0.17618,-0.25938,-0.25077,0.00704,2.07020,2.04906,-0.19900,-0.19154,0.00646,2.14665,1.98051,-0.24022,-0.24549,-0.00022,-1.79947,-1.79181,-0.03089,-0.03075,-0.00039,-0.74441,-0.72913,-0.16658,-0.16936,0.00113,4.19394,4.24865
24.9771,0.15863,-0.16259,0.15863,-0.16259,0.15890,-0.16289,-1.96311,1.91457,-2.12202,2.07746,-2.12202,2.07746,0.00000,0.00000,0,0.00037,-0.15885,-0.16890,0.01706,-0.19403,-0.06363,-0.25968,-0.25106,0.00006,2.16507,2.10785,-0.19926,-0.19165,-0.00611,2.22232,2.20759,-0.23994,-0.24504,0.00252,-1.84530,-1.85400,-0.03059,-0.03060,0.00592,-0.74986,-0.75020,-0.16657,-0.16935,0.00345,4.17059,3.97977
25.0780,0.16257,-0.16180,0.16257,-0.16180,0.16116,-0.16249,-1.96793,1.91945,-2.12908,2.08194,-2.12908,2.08194,0.00000,0.00000,0,0.00032,-0.15889,-0.16454,0.04719,0.07527,0.09288,-0.26003,-0.25144,0.00155,2.25831,2.38403,-0.19956,-0.19179,-0.01022,2.30129,2.28046,-0.23962,-0.24458,0.01087,-1.88609,-1.81449,-0.03024,-0.03042,0.00365,-0.77331,-0.65872,-0.16656,-0.16936,-0.00258,4.14414,4.12511
25.1789,0.14166,-0.14250,0.14166,-0.14250,0.15247,-0.15219,-1.97266,1.92419,-2.12514,2.07638,-2.12514,2.07638,0.00000,0.00000,0,0.00046,-0.15874,-0.15606,0.16267,0.93866,0.66589,-0.25982,-0.25174,-0.00121,2.32741,2.09754,-0.19941,-0.19188,-0.00002,2.43103,2.43253,-0.23992,-0.24401,0.01397,-1.86962,-1.99421,-0.03055,-0.03031,0.00554,-0.74854,-0.66147,-0.16645,-0.16934,0.00697,4.10923,4.00620
25.2816,0.12384,-0.12002,0.12384,-0.12002,0.12990,-0.12412,-1.97679,1.92818,-2.10669,2.05230,-2.10669,2.05230,0.00000,0.00000,0,0.00062,-0.15811,-0.15239,0.01189,0.71317,0.83143,-0.25886,-0.25186,0.00287,2.37697,2.48042,-0.19867,-0.19194,-0.00248,2.40541,2.39535,-0.24127,-0.24388,0.00429,-1.82768,-1.96805,-0.03194,-0.03029,0.00904,-0.58705,-0.68855,-0.16601,-0.16935,0.00112,4.03896,4.03772
25.3841,0.12851,-0.11844,0.12851,-0.11844,0.12788,-0.11959,-1.98064,1.93181,-2.10852,2.05140,-2.10852,2.05140,0.00000,0.00000,0,0.00196,-0.15804,-0.15243,-0.00196,0.76785,0.71120,-0.25894,-0.25199,0.00202,2.43632,2.56794,-0.19875,-0.19210,-0.01823,2.49642,2.55953,-0.24127,-0.24376,0.00604,-1.87983,-1.90563,-0.03193,-0.03030,0.00141,-0.59547,-0.58254,-0.16593,-0.16936,-0.00422,3.98485,3.92694
25.4842,0.12678,-0.11893,0.12678,-0.11893,0.12695,-0.11940,-1.98445,1.93539,-2.11140,2.05478,-2.11140,2.05478,0.00000,0.00000,0,0.00026,-0.15812,-0.15246,-0.00010,0.86642,0.78920,-0.25909,-0.25223,-0.01122,2.48099,2.48067,-0.19887,-0.19237,-0.00259,2.60227,2.57399,-0.24108,-0.24354,-0.00606,-1.90397,-2.04653,-0.03173,-0.03032,-0.00848,-0.63464,-0.60730,-0.16599,-0.16935,0.00192,3.94027,4.00956
25.5848,0.12972,-0.11458,0.12972,-0.11458,0.12748,-0.11699,-1.98826,1.93893,-2.11574,2.05592,-2.11574,2.05592,0.00000,0.00000,0,0.00028,-0.15808,-0.15251,-0.00074,0.93372,0.98754,-0.25929,-0.25246,-0.00394,2.58093,2.67209,-0.19906,-0.19289,0.00096,2.64753,2.70456,-0.24095,-0.24319,0.00461,-1.92081,-1.92550,-0.03157,-0.03029,0.00360,-0.60282,-0.65897,-0.16592,-0.16937,-0.00671,3.85901,3.78573
25.6867,0.12791,-0.11270,0.12791,-0.11270,0.12966,-0.11386,-1.99213,1.94239,-2.12179,2.05624,-2.12179,2.05624,0.00000,0.00000,0,0.00029,-0.15797,-0.15254,-0.00318,0.95808,0.93323,-0.25958,-0.25272,0.00054,2.68609,2.54439,-0.19934,-0.19352,-0.01667,2.67671,2.53256,-0.24081,-0.24273,0.00784,-1.89659,-1.93480,-0.03140,-0.03029,0.00403,-0.60256,-0.77669,-0.16578,-0.16935,0.00108,3.86684,3.73543
25.7872,0.13530,-0.10803,0.13530,-0.10803,0.13363,-0.10991,-1.99608,1.94573,-2.12971,2.05564,-2.12971,2.05564,0.00000,0.00000,0,0.00027,-0.15779,-0.15258,-0.00427,1.04722,1.08758,-0.25994,-0.25304,0.00176,2.75880,2.79473,-0.19970,-0.19414,-0.00443,2.75642,2.61947,-0.24068,-0.24226,0.00404,-1.91605,-1.95679,-0.03122,-0.03032,-0.00686,-0.61522,-0.54333,-0.16555,-0.16935,-0.00042,3.80120,3.82497
25.8879,0.14103,-0.10435,0.14103,-0.10435,0.13785,-0.10659,-2.00016,1.94897,-2.13801,2.05556,-2.13801,2.05556,0.00000,0.00000,0,0.00028,-0.15761,-0.15262,-0.00441,1.08136,1.11466,-0.26033,-0.25335,0.00208,2.84316,3.00848,-0.20008,-0.19483,-0.00812,2.77118,2.79707,-0.24052,-0.24170,0.00564,-1.89367,-2.02404,-0.03101,-0.03029,0.00788,-0.58944,-0.68361,-0.16533,-0.16936,-0.00502,3.75741,3.87670
25.9883,0.13975,-0.10216,0.13975,-0.10216,0.14118,-0.10330,-2.00438,1.95211,-2.14557,2.05541,-2.14557,2.05541,0.00000,0.00000,0,0.00032,-0.15745,-0.15265,0.00190,1.12316,1.12475,-0.26068,-0.25367,-0.00637,2.93244,2.84787,-0.20042,-0.19565,-0.01568,2.77054,2.74316,-0.24038,-0.24121,0.01292,-1.85930,-1.94915,-0.03083,-0.03030,-0.00090,-0.62973,-0.57629,-0.16513,-0.16935,0.00309,3.65819,3.66364
26.0891,0.14559,-0.09425,0.14559,-0.09425,0.14425,-0.09722,-2.00867,1.95510,-2.15292,2.05232,-2.15292,2.05232,0.00000,0.00000,0,0.00027,-0.15718,-0.15268,-0.00093,1.17679,1.11423,-0.26101,-0.25407,-0.00988,2.98612,2.94271,-0.20077,-0.19707,-0.02546,2.73599,2.75509,-0.24036,-0.24078,0.00546,-1.85347,-1.91572,-0.03076,-0.03031,-0.00597,-0.64554,-0.52071,-0.16483,-0.16934,-0.00124,3.61633,3.60389
26.1895,0.14791,-0.06718,0.14791,-0.06718,0.14587,-0.08016,-2.01301,1.95776,-2.15888,2.03792,-2.15888,2.03792,0.00000,0.00000,0,0.00027,-0.15645,-0.15273,-0.00760,1.17736,1.31637,-0.26123,-0.25437,0.00594,3.11283,3.01711,-0.20110,-0.20060,-0.04219,2.49811,2.46000,-0.24084,-0.24051,-0.00043,-1.82603,-1.83320,-0.03115,-0.03030,0.00101,-0.59558,-0.60558,-0.16413,-0.16935,-0.00138,3.48941,3.49567
26.2928,0.15422,-0.04704,0.15422,-0.04704,0.15212,-0.05590,-2.01750,1.95971,-2.16962,2.01561,-2.16962,2.01561,0.00000,0.00000,0,0.00215,-0.15531,-0.15269,0.00130,1.13733,1.08720,-0.26163,-0.25474,-0.00120,3.17992,3.17314,-0.20167,-0.20335,-0.01300,2.39482,2.46296,-0.24154,-0.24044,-0.00013,-1.77146,-1.89358,-0.03173,-0.03030,0.00336,-0.48977,-0.54919,-0.16301,-0.16934,-0.00338,3.33125,3.44169
26.3932,0.15686,-0.03771,0.15686,-0.03771,0.15493,-0.04210,-2.02212,1.96112,-2.17705,2.00322,-2.17705,2.00322,0.00000,0.00000,0,0.00049,-0.15464,-0.15270,-0.00012,1.11522,1.03033,-0.26192,-0.25522,-0.01364,3.20385,3.20092,-0.20206,-0.20435,-0.00271,2.37758,2.30477,-0.24190,-0.24045,-0.00530,-1.75594,-1.88619,-0.03201,-0.03030,0.00257,-0.48725,-0.43964,-0.16235,-0.16930,0.00560,3.24638,3.27759
26.4952,0.15372,-0.03142,0.15372,-0.03142,0.15475,-0.03528,-2.02677,1.96226,-2.18152,1.99754,-2.18152,1.99754,0.00000,0.00000,0,0.00032,-0.15431,-0.15270,0.00349,1.10246,1.15438,-0.26210,-0.25566,-0.00142,3.32848,3.21889,-0.20229,-0.20493,-0.00407,2.34682,2.38626,-0.24205,-0.24042,0.00310,-1.72637,-1.89568,-0.03211,-0.03032,-0.00972,-0.48171,-0.40220,-0.16202,-0.16929,0.00666,3.15314,3.03931
26.5974,0.15603,-0.03114,0.15603,-0.03114,0.15505,-0.03174,-2.03142,1.96324,-2.18647,1.99497,-2.18647,1.99497,0.00000,0.00000,0,0.00028,-0.15410,-0.15270,0.00382,1.10816,1.08334,-0.26232,-0.25632,-0.01122,3.34883,3.38516,-0.20252,-0.20523,0.00315,2.29730,2.15406,-0.24205,-0.24044,-0.00027,-1.69197,-1.61812,-0.03209,-0.03031,-0.00421,-0.43913,-0.45192,-0.16179,-0.16929,-0.00183,3.02426,2.98517
26.6996,0.15711,-0.02527,0.15711,-0.02527,0.15710,-0.02846,-2.03611,1.96414,-2.19321,1.99261,-2.19321,1.99261,0.00000,0.00000,0,0.00144,-0.15387,-0.15270,-0.00552,1.11531,0.94946,-0.26263,-0.25749,-0.01944,3.32657,3.61319,-0.20284,-0.20548,0.00787,2.27603,2.27235,-0.24202,-0.24044,0.00046,-1.67946,-1.59124,-0.03200,-0.03033,-0.01009,-0.46156,-0.41223,-0.16153,-0.16927,0.00367,2.95440,2.88309
26.7994,0.15657,-0.01482,0.15657,-0.01482,0.15738,-0.01893,-2.04084,1.96471,-2.19822,1.98365,-2.19822,1.98365,0.00000,0.00000,32,0.00031,-0.15339,-0.15269,-0.00201,1.10943,1.05358,-0.26282,-0.25956,-0.01336,3.27793,3.31576,-0.20310,-0.20574,-0.00792,2.21763,2.20283,-0.24229,-0.24044,0.00400,-1.62793,-1.62008,-0.03222,-0.03030,0.00038,-0.40036,-0.37829,-0.16106,-0.16928,-0.00858,2.78011,2.74791
26.8999,0.15744,-0.01222,0.15744,-0.01222,0.15695,-0.01361,-2.04555,1.96471,-2.20249,1.97832,-2.20249,1.97832,0.00000,0.00000,32,0.00027,-0.15309,-0.15270,-0.00018,1.09794,1.07747,-0.26300,-0.26013,-0.00901,3.28625,3.36383,-0.20332,-0.20591,-0.00481,2.20477,2.14620,-0.24242,-0.24046,-0.00101,-1.58767,-1.60139,-0.03231,-0.03032,-0.00570,-0.36585,-0.33582,-0.16075,-0.16925,-0.00198,2.66296,2.74343
27.0019,0.15767,-0.00957,0.15767,-0.00957,0.15768,-0.01119,-2.05028,1.96471,-2.20796,1.97590,-2.20796,1.97590,0.00000,0.00000,32,0.00089,-0.15287,-0.15268,-0.00162,1.09554,1.05772,-0.26324,-0.26042,-0.00840,3.32259,3.20864,-0.20358,-0.20606,0.00501,2.19793,2.23769,-0.24241,-0.24047,-0.00064,-1.57010,-1.46295,-0.03226,-0.03032,-0.00217,-0.33382,-0.44943,-0.16052,-0.16923,-0.00288,2.52396,2.53279
27.1043,0.16265,-0.00866,0.16265,-0.00866,0.15977,-0.00942,-2.05504,1.96471,-2.21480,1.97413,-2.21480,1.97413,0.00000,0.00000,32,0.00031,-0.15266,-0.15269,-0.00301,1.07422,1.13865,-0.26355,-0.26065,-0.00031,3.38674,3.26460,-0.20390,-0.20620,-0.00126,2.17813,2.21833,-0.24235,-0.24048,-0.00335,-1.56699,-1.52898,-0.03216,-0.03030,-0.00006,-0.33771,-0.35537,-0.16028,-0.16920,0.00601,2.43813,2.36475
27.2052,0.16162,-0.00762,0.16162,-0.00762,0.16126,-0.00802,-2.05986,1.96471,-2.22112,1.97273,-2.22112,1.97273,0.00000,0.00000,32,0.00029,-0.15247,-0.15268,-0.00444,1.06136,1.05366,-0.26384,-0.26086,0.00177,3.42816,3.59480,-0.20419,-0.20630,-0.00701,2.12940,2.22379,-0.24228,-0.24046,0.00611,-1.54183,-1.57927,-0.03205,-0.03030,0.00112,-0.28603,-0.23249,-0.16006,-0.16919,-0.00346,2.28807,2.19366
27.3068,0.15987,-0.01075,0.15987,-0.01075,0.16046,-0.00917,-2.06469,1.96471,-2.22515,1.97389,-2.22515,1.97389,0.00000,0.00000,32,0.00028,-0.15244,-0.15269,-0.00719,1.04561,0.97368,-0.26403,-0.26106,0.00354,3.45677,3.48354,-0.20437,-0.20637,0.00195,2.13173,2.13686,-0.24216,-0.24047,0.00980,-1.52059,-1.53702,-0.03190,-0.03030,0.00205,-0.30066,-0.17583,-0.16000,-0.16916,0.00477,2.18362,2.12076
27.4080,0.15711,-0.01101,0.15711,-0.01101,0.15798,-0.01048,-2.06945,1.96471,-2.22744,1.97519,-2.22744,1.97519,0.00000,0.00000,32,0.00027,-0.15245,-0.15269,-0.00581,1.04761,1.07501,-0.26414,-0.26128,-0.00626,3.46993,3.42487,-0.20447,-0.20644,-0.00125,2.09094,2.05152,-0.24206,-0.24048,0.00981,-1.51252,-1.55235,-0.03179,-0.03030,0.00003,-0.29668,-0.36839,-0.15999,-0.16914,0.00397,2.05463,2.23228
27.5087,0.15696,-0.01086,0.15696,-0.01086,0.15736,-0.01091,-2.07419,1.96471,-2.23155,1.97562,-2.23155,1.97562,0.00000,0.00000,32,0.00046,-0.15238,-0.15268,-0.00171,1.06036,0.97699,-0.26434,-0.26149,0.00802,3.52853,3.66253,-0.20465,-0.20650,-0.00638,2.09331,2.13011,-0.24196,-0.24050,0.00153,-1.50690,-1.43959,-0.03167,-0.03031,-0.00206,-0.26943,-0.19755,-0.15990,-0.16913,-0.00284,1.95402,1.91084
27.6092,0.16197,-0.01040,0.16197,-0.01040,0.16051,-0.01106,-2.07897,1.96471,-2.23948,1.97577,-2.23948,1.97577,0.00000,0.00000,32,0.00028,-0.15223,-0.15268,-0.00705,1.02950,1.02222,-0.26471,-0.26192,-0.01040,3.50551,3.47529,-0.20501,-0.20655,-0.00543,2.06934,1.93714,-0.24180,-0.24049,0.00391,-1.48747,-1.59102,-0.03146,-0.03031,0.00101,-0.25558,-0.30073,-0.15970,-0.16911,-0.00549,1.83280,1.82253
27.7109,0.16256,-0.01356,0.16256,-0.01356,0.16226,-0.01298,-2.08382,1.96471,-2.24608,1.97770,-2.24608,1.97770,0.00000,0.00000,32,0.00029,-0.15217,-0.15266,-0.00211,1.01400,1.18789,-0.26502,-0.26224,0.00021,3.55848,3.71534,-0.20530,-0.20659,0.00556,2.08929,2.14025,-0.24159,-0.24051,0.00142,-1.47158,-1.53180,-0.03122,-0.03033,-0.00687,-0.29557,-0.25635,-0.15961,-0.16908,0.00403,1.72967,1.81041
27.8137,0.16696,-0.00627,-0.83304,-0.00627,-0.49110,-0.00953,-2.13042,1.96471,-1.63932,1.97425,-1.63932,1.97425,1.00000,0.00000,32,0.00037,-0.16435,-0.15302,-0.04062,1.55328,1.42619,-0.23675,-0.26221,-0.00351,2.02459,2.08725,-0.17776,-0.20611,0.04048,0.69997,0.89615,-0.25365,-0.24085,-0.02957,-0.92692,-0.90097,-0.04691,-0.03031,0.00133,0.59400,0.15394,-0.17511,-0.16912,-0.00312,2.97116,2.76959
27.9145,0.17011,-0.01714,-0.82989,-0.01714,-0.77383,-0.01139,-2.10944,1.96471,-1.33561,1.97610,-1.33561,1.97610,1.00000,0.00000,32,0.00027,-0.17058,-0.15540,-0.00581,2.30916,2.44880,-0.22262,-0.25626,0.06556,0.76812,0.84207,-0.16396,-0.20044,0.07630,-0.71578,-0.69140,-0.25952,-0.24277,-0.00202,-0.16203,-0.20006,-0.05466,-0.03142,-0.00918,1.63467,1.70144,-0.18303,-0.16922,0.00037,3.39887,3.38951
28.0148,0.14805,-0.12656,-0.85195,-0.12656,-0.83008,-0.08228,-2.08508,1.96598,-1.25500,2.04825,-1.25500,2.04825,1.00000,0.00000,0,0.00027,-0.17522,-0.15666,-0.02455,2.51633,2.51398,-0.21917,-0.25331,0.01706,0.43893,0.67595,-0.16003,-0.18547,0.02988,-0.22806,-0.13897,-0.25814,-0.24326,0.00551,-0.11464,-0.05419,-0.05399,-0.03166,-0.00719,1.75216,1.58698,-0.18785,-0.16926,-0.00169,3.70173,3.67572
28.1169,0.15975,-0.15000,-0.84025,-0.15000,-0.84060,-0.13210,-2.05988,1.96942,-1.21928,2.10152,-1.21928,2.10152,1.00000,0.00000,0,0.00028,-0.17817,-0.16052,-0.03883,2.68612,2.76608,-0.21773,-0.25118,0.01558,0.09891,0.26908,-0.15821,-0.18300,0.02238,-0.47842,-0.50302,-0.25665,-0.24331,-0.00078,-0.14382,-0.18994,-0.05287,-0.03176,0.00653,1.87018,1.86601,-0.19078,-0.16932,-0.00134,4.18944,4.23036
28.2189,0.16699,-0.17685,-0.83301,-0.17685,-0.83766,-0.16280,-2.03466,1.97394,-1.19700,2.13673,-1.19700,2.13673,1.00000,0.00000,0,0.00114,-0.18009,-0.16630,-0.07476,2.49288,2.49027,-0.21684,-0.24974,0.01926,-0.25283,-0.12298,-0.15706,-0.18106,0.01924,-0.71608,-0.71880,-0.25565,-0.24348,0.00139,-0.03591,-0.08954,-0.05211,-0.03219,0.00540,2.04696,2.00086,-0.19269,-0.16939,0.00049,4.55262,4.45225
28.3186,0.19242,-0.22579,-0.80758,-0.22579,-0.81837,-0.20330,-2.00985,1.97951,-1.19149,2.18281,-1.19149,2.18281,1.00000,0.00000,0,0.00045,-0.18213,-0.17389,-0.04337,2.31521,2.24548,-0.21677,-0.24808,0.01269,-0.54512,-0.47411,-0.15664,-0.17893,0.03486,-0.83150,-1.00573,-0.25386,-0.24365,0.00320,-0.00788,-0.08144,-0.05049,-0.03257,0.00105,2.13334,2.36892,-0.19457,-0.17035,-0.02926,4.80921,4.94024
28.4194,0.20507,-0.28063,-0.79493,-0.28063,-0.80276,-0.25125,-1.98561,1.98644,-1.18285,2.23769,-1.18285,2.23769,1.00000,0.00000,0,0.00036,-0.18459,-0.17571,-0.00407,2.56190,2.53047,-0.21660,-0.24557,0.03385,-0.71226,-0.78169,-0.15604,-0.17222,0.22353,-0.10164,-0.40766,-0.25178,-0.24376,-0.00320,-0.04197,-0.09747,-0.04862,-0.03293,-0.00861,2.20341,2.19461,-0.19687,-0.17165,-0.01090,5.19221,5.16205
28.5216,0.18708,-0.45159,-0.81292,-0.45159,-0.80690,-0.39864,-1.96156,1.99657,-1.15466,2.39521,-1.15466,2.39521,1.00000,0.00000,0,0.00109,-0.19175,-0.17872,-0.07319,2.92411,3.05359,-0.21593,-0.24317,0.02003,-0.97424,-0.97907,-0.15417,-0.15395,0.01675,0.28580,0.33497,-0.24588,-0.24368,0.00590,-0.48341,-0.37426,-0.04334,-0.03303,-0.00244,1.92412,2.08011,-0.20355,-0.17434,-0.03630,5.86649,5.81579
28.6224,0.24063,-0.50560,-0.75937,-0.50560,-0.77283,-0.48109,-1.93793,2.01019,-1.16511,2.49128,-1.16511,2.49128,1.00000,0.00000,0,0.00032,-0.19556,-0.18238,-0.02082,3.15028,3.13249,-0.21682,-0.24134,0.00393,-1.12233,-1.12226,-0.15428,-0.15340,0.00997,0.39057,0.30782,-0.24174,-0.24360,0.00244,-0.69631,-0.64280,-0.03940,-0.03301,0.00170,1.80605,1.78824,-0.20690,-0.17883,-0.05100,6.02706,6.04556
28.7241,0.28165,-0.53960,-0.71835,-0.53960,-0.73598,-0.52318,-1.91537,2.02541,-1.17938,2.54858,-1.17938,2.54858,1.00000,0.00000,0,0.00026,-0.19766,-0.18508,-0.03664,3.20085,3.28821,-0.21772,-0.24003,0.02210,-1.22938,-1.33003,-0.15471,-0.15333,-0.00541,0.36688,0.36932,-0.23911,-0.24349,0.00525,-0.86132,-0.81632,-0.03685,-0.03302,-0.00676,1.70755,1.60050,-0.20869,-0.18290,-0.02292,6.22604,6.23448
28.8264,0.31171,-0.57623,-0.68829,-0.57623,-0.70303,-0.55704,-1.89388,2.04168,-1.19086,2.59871,-1.19086,2.59871,1.00000,0.00000,0,0.00032,-0.19953,-0.18790,-0.02934,3.28176,3.25618,-0.21846,-0.23767,0.02747,-1.24837,-1.24197,-0.15504,-0.15334,-0.00427,0.43210,0.44013,-0.23684,-0.24336,0.00426,-1.03826,-1.07232,-0.03464,-0.03300,0.00141,1.61532,1.65992,-0.21029,-0.18584,-0.04663,6.38529,6.35583
28.9273,0.36072,-0.63902,-0.63928,-0.63902,-0.66445,-0.60694,-1.87340,2.05918,-1.20895,2.66612,-1.20895,2.66612,1.00000,0.00000,0,0.00031,-0.20198,-0.19229,-0.08114,3.13632,3.05510,-0.21959,-0.23114,0.13882,-0.62074,-0.70119,-0.15560,-0.15334,0.00439,0.47918,0.39913,-0.23373,-0.24295,0.01566,-1.28920,-1.26333,-0.03160,-0.03301,-0.01112,1.41458,1.30856,-0.21236,-0.19341,-0.16071,5.94987,5.97336
29.0277,0.52916,-0.77222,-0.47084,-0.77222,-0.53256,-0.72602,-1.85568,2.07954,-1.32312,2.80556,-1.32312,2.80556,1.00000,0.00000,0,0.00031,-0.20550,-0.20427,-0.04457,2.75183,2.70745,-0.22550,-0.22902,0.00076,-0.52251,-0.61941,-0.16022,-0.15354,-0.01237,0.85865,0.87140,-0.22580,-0.24101,0.04318,-1.83459,-1.87250,-0.02333,-0.03279,0.00822,0.77369,0.92200,-0.21467,-0.21048,-0.03184,5.45830,5.59665
29.1287,0.56165,-0.78186,-0.43835,-0.78186,-0.46171,-0.77358,-1.84113,2.10235,-1.37942,2.87593,-1.37942,2.87593,1.00000,0.00000,0,0.00029,-0.20730,-0.20639,-0.00751,2.80527,2.75796,-0.22843,-0.22910,-0.00049,-0.39718,-0.33267,-0.16249,-0.15372,-0.00361,1.08177,1.06395,-0.22183,-0.23674,0.05271,-1.91481,-2.01343,-0.01920,-0.03254,0.01578,0.46434,0.56398,-0.21587,-0.21183,-0.01685,5.55790,5.39838
29.2343,0.61774,-0.75166,-0.38226,-0.75166,-0.41247,-0.76563,-1.82810,2.12553,-1.41562,2.89115,-1.41562,2.89115,1.00000,0.00000,0,0.00037,-0.20720,-0.20733,-0.00646,2.74416,2.76769,-0.23018,-0.22912,0.00295,-0.31488,-0.31584,-0.16406,-0.15386,-0.00061,1.27041,1.34745,-0.22050,-0.22361,0.14442,-0.90525,-1.10005,-0.01768,-0.03233,0.01055,0.21539,0.25030,-0.21551,-0.21248,-0.00242,5.54581,5.64745
29.3355,0.65448,-0.73007,-0.34552,-0.73007,-0.36200,-0.73431,-1.81674,2.14781,-1.45474,2.88213,-1.45474,2.88213,1.00000,0.00000,0,0.00034,-0.20603,-0.20753,-0.00223,2.59598,2.48086,-0.23197,-0.22921,0.00170,-0.18713,-0.25309,-0.16586,-0.15408,-0.00340,1.52880,1.37692,-0.22011,-0.21942,0.00338,-1.09203,-1.15433,-0.01702,-0.03227,0.01542,0.02429,-0.01684,-0.21416,-0.21272,0.00415,5.47631,5.39906
29.4361,0.66110,-0.73124,-0.33890,-0.73124,-0.34538,-0.73080,-1.80621,2.16975,-1.46083,2.90055,-1.46083,2.90055,1.00000,0.00000,0,0.00029,-0.20668,-0.20773,-0.01045,2.64604,2.67131,-0.23234,-0.22927,-0.00397,-0.17287,-0.12679,-0.16607,-0.15424,-0.00176,1.62984,1.66061,-0.21924,-0.21886,-0.00266,-1.09278,-1.08465,-0.01616,-0.03221,-0.00063,-0.22492,-0.10559,-0.21470,-0.21296,-0.01052,5.50939,5.61917
29.5369,0.66409,-0.72755,-0.33591,-0.72755,-0.33719,-0.72928,-1.79603,2.19166,-1.45884,2.92094,-1.45884,2.92094,1.00000,0.00000,0,0.00028,-0.20757,-0.20793,-0.00516,2.69316,2.81165,-0.23233,-0.22927,0.00152,-0.12383,-0.17510,-0.16590,-0.15434,-0.00346,1.75862,1.71154,-0.21844,-0.21839,0.01210,-1.08067,-1.24485,-0.01543,-0.03199,0.00537,-0.42419,-0.36999,-0.21552,-0.21328,0.00400,5.57282,5.66311
29.6381,0.66648,-0.72786,-0.33352,-0.72786,-0.33498,-0.72767,-1.78595,2.21349,-1.45098,2.94116,-1.45098,2.94116,1.00000,0.00000,0,0.00031,-0.20858,-0.20816,-0.00600,2.74923,2.76467,-0.23205,-0.22930,-0.00295,-0.11390,-0.06343,-0.16546,-0.15446,-0.00541,1.84522,1.75149,-0.21777,-0.21800,0.00585,-1.13269,-1.12131,-0.01486,-0.03144,0.01360,-0.62041,-0.50668,-0.21649,-0.21361,-0.00237,5.65036,5.57679
29.7404,0.66840,-0.72491,-0.33160,-0.72491,-0.33276,-0.72624,-1.77594,2.23530,-1.44318,2.96155,-1.44318,2.96155,1.00000,0.00000,0,0.00115,-0.20959,-0.20839,-0.00235,2.82580,2.84294,-0.23177,-0.22931,0.00282,-0.08618,-0.09808,-0.16503,-0.15455,0.00012,1.97575,2.00861,-0.21709,-0.21761,0.01253,-1.12768,-1.08111,-0.01429,-0.03069,0.00926,-0.81837,-0.74973,-0.21746,-0.21415,-0.01080,5.69249,5.79485
29.8405,0.67726,-0.72500,-0.32274,-0.72500,-0.32662,-0.72586,-1.76606,2.25708,-1.43944,2.98295,-1.43944,2.98295,1.00000,0.00000,0,0.00028,-0.21056,-0.20867,-0.00038,2.87661,3.04675,-0.23168,-0.22933,0.00710,-0.05697,-0.02189,-0.16478,-0.15469,0.00046,2.06908,1.98291,-0.21629,-0.21724,0.00805,-1.14230,-1.27082,-0.01357,-0.02934,0.00908,-0.96253,-0.92402,-0.21836,-0.21459,-0.00684,5.76717,5.76742
29.9425,0.70176,-0.71645,-0.29824,-0.71645,-0.30927,-0.72021,-1.75655,2.27877,-1.44728,2.99898,-1.44728,2.99898,1.00000,0.00000,0,0.00178,-0.21108,-0.20895,-0.00187,2.91709,2.91778,-0.23212,-0.22936,-0.00299,-0.01196,-0.13998,-0.16507,-0.15481,0.00880,2.20048,2.10343,-0.21549,-0.21668,0.01092,-1.18673,-1.25741,-0.01275,-0.02702,0.02980,-1.01650,-1.11144,-0.21877,-0.21512,-0.00554,5.80762,5.82138
30.0444,0.74858,-0.69462,-0.25142,-0.69462,-0.27501,-0.70779,-1.74781,2.30022,-1.47280,3.00801,-1.47280,3.00801,1.00000,0.00000,0,0.00198,-0.21094,-0.20920,-0.00056,2.90745,2.84004,-0.23335,-0.22946,-0.00350,0.08472,0.13679,-0.16619,-0.15508,-0.00680,2.32856,2.24903,-0.21462,-0.21603,0.00878,-1.22692,-1.11228,-0.01175,-0.01635,0.22915,0.11194,-0.21347,-0.21845,-0.21552,-0.00249,5.81773,5.93378
30.1454,0.82188,-0.67779,-0.17812,-0.67779,-0.19812,-0.68762,-1.74114,2.32106,-1.54302,3.00868,-1.54302,3.00868,1.00000,0.00000,0,0.00043,-0.20954,-0.20927,-0.00236,2.79369,2.84379,-0.23664,-0.23009,-0.00809,0.38266,0.33311,-0.16935,-0.15573,-0.01487,2.72143,2.74120,-0.21322,-0.21503,0.01459,-1.26222,-1.35861,-0.00992,-0.01190,0.05386,-0.31348,-0.39733,-0.21666,-0.21569,-0.00314,5.62769,5.68797
30.2462,0.86602,-0.66198,-0.13398,-0.66198,-0.15422,-0.67133,-1.73595,2.34138,-1.58173,3.01271,-1.58173,3.01271,1.00000,0.00000,0,0.00029,-0.20892,-0.20932,-0.00620,2.75932,2.69275,-0.23847,-0.23052,-0.01001,0.52250,0.49890,-0.17108,-0.15631,-0.00790,2.94497,3.04481,-0.21231,-0.21444,0.00331,-1.31314,-1.29537,-0.00877,-0.00740,0.01205,-0.18551,-0.17171,-0.21582,-0.21575,0.00970,5.63401,5.60890
30.3480,0.88364,-0.65362,-0.11636,-0.65362,-0.12618,-0.65762,-1.73189,2.36126,-1.60571,3.01888,-1.60571,3.01888,1.00000,0.00000,0,0.00037,-0.20869,-0.20934,-0.00445,2.72965,2.82216,-0.23962,-0.23114,-0.00399,0.64878,0.59762,-0.17214,-0.15707,-0.01216,3.09710,3.04569,-0.21159,-0.21396,0.00376,-1.36478,-1.18811,-0.00791,-0.00679,0.01408,-0.18112,-0.21685,-0.21543,-0.21582,0.00617,5.59126,5.58162
30.4491,0.88762,-0.64958,-0.11238,-0.64958,-0.11603,-0.65277,-1.72831,2.38090,-1.61228,3.03367,-1.61228,3.03367,1.00000,0.00000,0,0.00037,-0.20917,-0.20936,0.00288,2.78004,2.80739,-0.23999,-0.23150,-0.00361,0.74381,0.70129,-0.17237,-0.15779,-0.00709,3.25522,3.28934,-0.21086,-0.21353,-0.00009,-1.43916,-1.51199,-0.00718,-0.00654,-0.00129,-0.22344,-0.15378,-0.21582,-0.21590,0.00219,5.63533,5.45001
30.5505,0.89474,-0.64618,-0.10526,-0.64618,-0.10813,-0.64804,-1.72497,2.40040,-1.61685,3.04844,-1.61685,3.04844,1.00000,0.00000,0,0.00031,-0.20970,-0.20943,0.00052,2.80057,2.81998,-0.24026,-0.23202,-0.00016,0.83067,0.77312,-0.17252,-0.15844,-0.00345,3.41818,3.46627,-0.21016,-0.21300,0.01033,-1.45587,-1.42027,-0.00650,-0.00638,0.00193,-0.25262,-0.17955,-0.21626,-0.21597,-0.00127,5.63847,5.70886
30.6519,0.90406,-0.63767,-0.09594,-0.63767,-0.09962,-0.64146,-1.72188,2.41973,-1.62226,3.06119,-1.62226,3.06119,1.00000,0.00000,0,0.00043,-0.21012,-0.20950,-0.00755,2.83024,2.83883,-0.24057,-0.23257,-0.00294,0.90600,0.89297,-0.17271,-0.15934,-0.00207,3.53151,3.45155,-0.20954,-0.21265,0.00610,-1.50328,-1.48809,-0.00587,-0.00622,0.00805,-0.27875,-0.36561,-0.21660,-0.21608,-0.00166,5.66490,5.71213
30.7550,0.90972,-0.63133,-0.09028,-0.63133,-0.09318,-0.63453,-1.71901,2.43885,-1.62582,3.07339,-1.62582,3.07339,1.00000,0.00000,0,0.00034,-0.21056,-0.20957,-0.00563,2.86247,2.80441,-0.24079,-0.23300,0.00243,0.99638,1.01488,-0.17283,-0.16028,-0.01410,3.61727,3.62444,-0.20897,-0.21227,0.00644,-1.53336,-1.50164,-0.00532,-0.00605,0.00660,-0.30965,-0.33387,-0.21697,-0.21617,-0.00208,5.67606,5.67494
30.8571,1.01032,-0.33645,1.01032,-0.33645,0.78617,-0.50553,-1.68189,2.45669,-2.46806,2.96222,-2.46806,2.96222,0.00000,0.00000,0,0.00086,-0.18873,-0.20908,0.01246,1.23281,1.44563,-0.27976,-0.25105,-0.14446,2.75916,2.88722,-0.21126,-0.19090,-0.48922,3.49455,3.39587,-0.19705,-0.20118,0.27485,-1.19020,-1.35318,0.01205,0.00169,0.09102,-1.17678,-1.21234,-0.19114,-0.21604,0.01422,3.65882,3.59373
30.9570,1.20624,0.09009,1.20624,0.09009,1.11265,-0.07733,-1.71203,2.46413,-2.82468,2.54146,-2.82468,2.54146,0.00000,0.00000,0,0.00029,-0.16388,-0.20742,0.04097,-0.81742,-0.53627,-0.29455,-0.25610,-0.06162,3.67144,3.82029,-0.22918,-0.22225,-0.07171,3.70543,3.76469,-0.20719,-0.18375,-0.01204,0.43986,0.31617,0.00509,0.00250,-0.00370,-0.52414,-0.69736,-0.16610,-0.21555,0.02177,1.49866,1.56795
31.0579,1.19954,0.20358,1.19954,0.20358,1.19768,0.10381,-1.74737,2.46316,-2.94505,2.35935,-2.94505,2.35935,0.00000,0.00000,0,0.00028,-0.15384,-0.20056,0.05204,-1.21180,-1.16933,-0.29935,-0.26598,-0.15675,3.34406,3.45732,-0.23542,-0.23168,-0.05362,3.38842,3.38224,-0.21224,-0.18420,0.00036,0.90851,0.86457,0.00120,0.00249,-0.00505,-0.37956,-0.40883,-0.15613,-0.21518,0.00577,0.49429,0.56666
31.1588,1.20835,0.33185,1.20835,0.33185,1.21682,0.26733,-1.78381,2.45689,-3.00063,2.18956,-3.00063,2.18956,0.00000,0.00000,0,0.00036,-0.14563,-0.17934,0.30928,-0.07435,-0.02822,-0.30116,-0.28041,-0.05397,3.04357,2.90493,-0.23869,-0.23862,-0.00368,3.23620,3.18372,-0.21808,-0.18525,-0.01315,1.58532,1.71036,-0.00387,0.00247,-0.00330,0.04065,-0.02911,-0.14829,-0.21440,0.01519,-0.61841,-0.50335
31.2596,1.16832,0.42482,1.16832,0.42482,1.17507,0.39489,-1.81948,2.44630,-2.99455,2.05142,-2.99455,2.05142,0.00000,0.00000,0,0.00028,-0.14001,-0.17048,0.10106,-0.83075,-0.88766,-0.30024,-0.28270,0.00093,3.14474,3.12204,-0.23901,-0.23971,-0.01192,3.07761,3.10991,-0.22384,-0.18686,-0.00832,2.35969,2.28164,-0.00930,0.00231,-0.00258,0.56322,0.42344,-0.14321,-0.21212,0.03095,-1.58872,-1.66228
31.3602,1.07611,0.51440,1.07611,0.51440,1.12159,0.45631,-1.85401,2.43358,-2.97559,1.97727,-2.97559,1.97727,0.00000,0.00000,0,0.00026,-0.13731,-0.14983,0.01852,-0.00271,0.06786,-0.29902,-0.28325,0.00058,3.28366,3.31367,-0.23847,-0.24029,-0.00697,3.04483,3.09080,-0.22724,-0.18833,-0.02465,2.74326,2.73879,-0.01261,0.00214,-0.00123,0.76630,0.66062,-0.14089,-0.20973,0.01360,-2.34598,-2.37833
31.4637,1.04500,0.52349,1.04500,0.52349,1.06043,0.52426,-1.88635,2.41826,-2.94678,1.89400,-2.94678,1.89400,0.00000,0.00000,0,0.00035,-0.13443,-0.14780,-0.00033,-0.36574,-0.23571,-0.29729,-0.28334,0.00018,3.31044,3.37152,-0.23752,-0.24052,-0.00020,2.89602,3.00222,-0.23121,-0.19401,-0.07355,3.08813,2.85844,-0.01653,0.00169,0.00464,1.29207,1.39333,-0.13847,-0.20459,0.06652,-2.93911,-2.81997
31.5655,0.92954,0.56127,0.92954,0.56127,0.99505,0.53770,-1.91728,2.40245,-2.91233,1.86475,-2.91233,1.86475,0.00000,0.00000,0,0.00030,-0.13392,-0.14709,0.01183,-0.39799,-0.44765,-0.29555,-0.28361,0.00340,3.41352,3.41128,-0.23608,-0.24064,-0.00621,2.82376,2.78401,-0.23309,-0.20388,-0.24140,2.30287,2.42876,-0.01852,0.00144,-0.00326,1.51653,1.46079,-0.13824,-0.18329,0.43819,-1.12711,-1.34106
31.6663,0.77781,0.48185,0.77781,0.48185,0.83416,0.50717,-1.94404,2.38650,-2.77820,1.87933,-2.77820,1.87933,0.00000,0.00000,0,0.00029,-0.13726,-0.14671,-0.00261,-0.25491,-0.32031,-0.28937,-0.28362,0.00948,2.99095,3.03013,-0.22992,-0.24045,-0.00241,2.22227,2.31921,-0.23514,-0.22296,-0.04958,2.00798,2.07216,-0.02138,0.00008,-0.00281,1.91043,1.99751,-0.14223,-0.17713,0.00611,-2.13206,-2.09670
31.7673,0.74886,0.49394,0.74886,0.49394,0.76310,0.50687,-1.96753,2.37120,-2.73063,1.86433,-2.73063,1.86433,0.00000,0.00000,0,0.00027,-0.13760,-0.14668,0.00306,-0.40902,-0.44584,-0.28709,-0.28362,0.00789,2.94223,3.02621,-0.22782,-0.24032,-0.00168,1.99081,1.95559,-0.23669,-0.22529,-0.02361,2.22565,2.18500,-0.02317,-0.00109,-0.02026,2.23254,2.18234,-0.14288,-0.17566,0.02435,-2.41951,-2.36914
31.8694,0.71663,0.51829,0.71663,0.51829,0.73018,0.51194,-1.98982,2.35601,-2.72000,1.84407,-2.72000,1.84407,0.00000,0.00000,0,0.00027,-0.13697,-0.14648,0.00230,-0.55484,-0.56096,-0.28650,-0.28364,0.00071,2.98959,3.08022,-0.22742,-0.24024,-0.00211,1.86356,1.76133,-0.23773,-0.22735,-0.02242,2.23920,2.32062,-0.02421,-0.00189,-0.01114,2.50608,2.43795,-0.14238,-0.17249,0.02830,-2.62380,-2.76854
31.9716,0.68283,0.51499,0.68283,0.51499,0.69823,0.51386,-2.01115,2.34061,-2.70938,1.82675,-2.70938,1.82675,0.00000,0.00000,0,0.00034,-0.13647,-0.14591,0.00162,-0.64773,-0.62341,-0.28593,-0.28365,-0.00371,2.96878,3.14226,-0.22701,-0.24019,-0.00515,1.68705,1.69767,-0.23865,-0.23028,-0.03283,2.20753,2.35471,-0.02514,-0.00282,-0.01014,2.76058,2.70773,-0.14200,-0.16940,0.04005,-2.76121,-2.67563
32.0737,0.62219,0.51964,0.62219,0.51964,0.65093,0.51855,-2.03134,2.32511,-2.68227,1.80657,-2.68227,1.80657,0.00000,0.00000,0,0.00032,-0.13618,-0.14530,-0.00194,-0.76090,-0.76374,-0.28457,-0.28364,-0.00326,2.90611,3.01512,-0.22586,-0.24000,0.00355,1.46055,1.50358,-0.24001,-0.23734,-0.09789,1.73051,1.70639,-0.02661,-0.00372,-0.01368,3.03738,2.94212,-0.14193,-0.16270,0.04677,-2.63364,-2.67405
32.1741,0.56747,0.49835,0.56747,0.49835,0.58955,0.50512,-2.04970,2.30978,-2.63926,1.80467,-2.63926,1.80467,0.00000,0.00000,0,0.00031,-0.13698,-0.14501,-0.00415,-0.78259,-0.78089,-0.28256,-0.28364,-0.00215,2.75764,2.67000,-0.22391,-0.23977,0.00321,1.13279,1.10097,-0.24093,-0.24486,-0.03081,1.42909,1.40177,-0.02778,-0.00484,-0.01290,3.36771,3.18834,-0.14296,-0.16064,0.00518,-2.73201,-2.78379
32.2764,0.54574,0.50192,0.54574,0.50192,0.55835,0.50169,-2.06678,2.29472,-2.62513,1.79303,-2.62513,1.79303,0.00000,0.00000,0,0.00036,-0.13678,-0.14468,0.01156,-0.85885,-0.85636,-0.28185,-0.28363,-0.00344,2.72265,2.65305,-0.22332,-0.23955,0.00920,0.94640,1.05690,-0.24169,-0.24596,-0.00567,1.43636,1.41242,-0.02858,-0.00554,-0.00786,3.60512,3.61280,-0.14288,-0.15851,0.02152,-2.73997,-2.60325
32.3774,0.50020,0.53111,0.50020,0.53111,0.52385,0.51779,-2.08301,2.27946,-2.60687,1.76168,-2.60687,1.76168,0.00000,0.00000,0,0.00030,-0.13585,-0.14401,0.01245,-0.98013,-1.01125,-0.28086,-0.28362,-0.00113,2.65111,2.62719,-0.22262,-0.23938,0.00285,0.72774,0.80937,-0.24333,-0.24635,-0.01495,1.47838,1.52204,-0.03024,-0.00653,-0.02263,3.94988,3.98851,-0.14216,-0.14994,0.15359,-2.02976,-1.96667
32.4780,0.45160,0.54814,0.45160,0.54814,0.46851,0.53943,-2.09765,2.26349,-2.56616,1.72406,-2.56616,1.72406,0.00000,0.00000,0,0.00029,-0.13511,-0.14332,0.00853,-1.07351,-1.03034,-0.27880,-0.28357,-0.00137,2.43768,2.53639,-0.22092,-0.23901,0.00421,0.40522,0.51029,-0.24568,-0.24682,-0.00707,1.59237,1.73194,-0.03272,-0.00830,-0.01939,4.27970,4.20507,-0.14178,-0.14599,0.01102,-2.24519,-2.40366
32.5786,0.43645,0.55009,0.43645,0.55009,0.44612,0.54629,-2.11129,2.24716,-2.55740,1.70087,-2.55740,1.70087,0.00000,0.00000,0,0.00034,-0.13433,-0.14264,0.00983,-1.17634,-1.04129,-0.27829,-0.28354,-0.00262,2.38926,2.47424,-0.22062,-0.23865,-0.00238,0.20189,0.27215,-0.24680,-0.24711,0.00258,1.61578,1.55765,-0.03383,-0.01086,-0.02363,4.43370,4.46280,-0.14113,-0.14554,0.00375,-2.35877,-2.25753
32.6815,0.41595,0.54796,0.41595,0.54796,0.42504,0.54811,-2.12429,2.23073,-2.54933,1.68261,-2.54933,1.68261,0.00000,0.00000,0,0.00183,-0.13373,-0.14191,0.00899,-1.26291,-1.28696,-0.27783,-0.28351,0.00060,2.30195,2.12030,-0.22033,-0.23810,0.00616,0.03773,0.03662,-0.24771,-0.24736,-0.00206,1.67416,1.70715,-0.03473,-0.01412,-0.02566,4.54904,4.55125,-0.14065,-0.14518,-0.00159,-2.40805,-2.43336
32.7807,0.38874,0.54168,0.38874,0.54168,0.39988,0.54456,-2.13658,2.21434,-2.53646,1.66977,-2.53646,1.66977,0.00000,0.00000,0,0.00031,-0.13346,-0.14134,0.00133,-1.34669,-1.37294,-0.27717,-0.28349,-0.00459,2.13548,2.13637,-0.21980,-0.23716,0.00972,-0.12825,-0.11049,-0.24849,-0.24755,0.00471,1.73187,1.72191,-0.03555,-0.01635,-0.01574,4.70546,4.67530,-0.14049,-0.14491,-0.00103,-2.43413,-2.32617
32.8822,0.37229,0.53299,0.37229,0.53299,0.38095,0.53689,-2.14823,2.19814,-2.52918,1.66124,-2.52918,1.66124,0.00000,0.00000,0,0.00029,-0.13325,-0.14086,0.00049,-1.42936,-1.49464,-0.27680,-0.28342,0.00616,2.07664,1.99054,-0.21950,-0.23580,0.00815,-0.26464,-0.25864,-0.24898,-0.24773,0.00510,1.72317,1.69895,-0.03606,-0.01818,-0.02374,4.81141,4.71474,-0.14035,-0.14469,0.00863,-2.50324,-2.69562
32.9843,0.35030,0.51648,0.35030,0.51648,0.36116,0.52379,-2.15932,2.18226,-2.52048,1.65847,-2.52048,1.65847,0.00000,0.00000,0,0.00031,-0.13332,-0.14031,0.00217,-1.51169,-1.54741,-0.27638,-0.28338,0.00410,1.95241,1.92431,-0.21912,-0.23409,0.02384,-0.35979,-0.27837,-0.24927,-0.24797,-0.00084,1.76277,1.73119,-0.03639,-0.02103,-0.04987,4.77655,4.71996,-0.14047,-0.14452,-0.00195,-2.54175,-2.47478
33.0866,0.29180,0.48514,0.29180,0.48514,0.31991,0.49951,-2.16953,2.16693,-2.48943,1.66742,-2.48943,1.66742,0.00000,0.00000,0,0.00029,-0.13432,-0.13990,0.00478,-1.45954,-1.44340,-0.27497,-0.28333,0.00304,1.76342,1.87862,-0.21767,-0.23115,0.03653,-0.39104,-0.37897,-0.24951,-0.24816,0.00202,1.78048,1.85052,-0.03684,-0.02966,-0.06532,4.32552,4.30572,-0.14161,-0.14441,-0.00741,-2.51453,-2.53409
33.1874,0.26000,0.44697,0.26000,0.44697,0.27401,0.46423,-2.17822,2.15256,-2.45223,1.68832,-2.45223,1.68832,0.00000,0.00000,0,0.00028,-0.13594,-0.13994,-0.00550,-1.41409,-1.38216,-0.27334,-0.28320,0.00095,1.54094,1.56379,-0.21589,-0.22521,0.14034,0.05260,-0.11638,-0.24939,-0.24832,0.00192,1.78843,1.72658,-0.03699,-0.03248,-0.03015,4.32531,4.32008,-0.14336,-0.14437,-0.00671,-2.40208,-2.49422
33.2887,0.23455,0.38037,0.23455,0.38037,0.24622,0.39996,-2.18593,2.13989,-2.43215,1.73993,-2.43215,1.73993,0.00000,0.00000,0,0.00030,-0.13850,-0.14000,-0.00539,-1.26827,-1.21391,-0.27263,-0.28309,-0.00357,1.41670,1.51576,-0.21476,-0.21827,-0.00681,-0.05991,-0.02305,-0.24767,-0.24838,-0.00309,1.63245,1.68651,-0.03553,-0.03317,0.00321,4.27687,4.35863,-0.14583,-0.14436,-0.00663,-2.23401,-2.17091
33.3910,0.22843,0.38378,0.22843,0.38378,0.23532,0.38357,-2.19316,2.12829,-2.42847,1.74472,-2.42847,1.74472,0.00000,0.00000,0,0.00102,-0.13877,-0.13999,0.00577,-1.29366,-1.28421,-0.27248,-0.28287,0.00120,1.28549,1.26646,-0.21457,-0.21790,0.01219,-0.01413,-0.10577,-0.24754,-0.24838,-0.00197,1.63281,1.67609,-0.03545,-0.03361,-0.00628,4.28507,4.55246,-0.14610,-0.14437,-0.00414,-2.22350,-2.17314
33.4926,0.22806,0.37858,0.22806,0.37858,0.23120,0.37927,-2.20013,2.11687,-2.43133,1.73759,-2.43133,1.73759,0.00000,0.00000,0,0.00048,-0.13842,-0.13999,0.00674,-1.34184,-1.28465,-0.27258,-0.28273,-0.00485,1.17818,1.10316,-0.21473,-0.21780,-0.00241,-0.05181,-0.01297,-0.24778,-0.24844,-0.00406,1.63611,1.63470,-0.03564,-0.03422,-0.00394,4.28535,4.29213,-0.14576,-0.14435,-0.00326,-2.22458,-2.03376
33.5946,0.22373,0.37645,0.22373,0.37645,0.22621,0.37723,-2.20698,2.10552,-2.43319,1.72829,-2.43319,1.72829,0.00000,0.00000,0,0.00034,-0.13799,-0.13997,0.00044,-1.40747,-1.41016,-0.27263,-0.28254,0.00269,1.09112,1.07458,-0.21485,-0.21773,-0.00379,-0.10875,-0.32280,-0.24812,-0.24846,0.00409,1.67110,1.69622,-0.03595,-0.03488,0.00052,4.27505,4.24338,-0.14536,-0.14433,-0.00089,-2.22381,-2.23281
33.6955,0.21995,0.37618,0.21995,0.37618,0.22247,0.37683,-2.21370,2.09421,-2.43617,1.71738,-2.43617,1.71738,0.00000,0.00000,0,0.00027,-0.13748,-0.13993,0.00038,-1.47400,-1.45615,-0.27272,-0.28239,0.00047,0.97043,1.02791,-0.21503,-0.21767,-0.00601,-0.13265,-0.15150,-0.24851,-0.24854,-0.01385,1.63255,1.74267,-0.03629,-0.03558,-0.00781,4.25266,4.21165,-0.14487,-0.14431,0.00886,-2.23875,-2.56100
33.7978,0.20805,0.37642,-0.79195,0.37642,-0.29667,0.37629,-2.26759,2.08292,-1.97092,1.70663,-1.97092,1.70663,1.00000,0.00000,0,0.00032,-0.14647,-0.13989,-0.01398,-1.49945,-1.44339,-0.25103,-0.28218,-0.00260,-0.72484,0.63305,-0.19390,-0.21756,0.01496,-1.63279,-0.38758,-0.25811,-0.24858,-0.00386,1.69643,1.89913,-0.04861,-0.03616,-0.00456,4.22802,4.27372,-0.15643,-0.14435,-0.01113,-1.42649,-1.78078
33.8998,0.10334,0.05625,-0.89666,0.05625,-0.76268,0.21848,-2.24902,2.07334,-1.48634,1.85486,-1.48634,1.85486,1.00000,0.00000,0,0.00124,-0.16247,-0.14186,-0.00722,0.30567,-0.08195,-0.22913,-0.25238,0.58966,1.06459,0.52139,-0.17127,-0.18023,0.42688,0.14024,0.10433,-0.26155,-0.25337,-0.00619,2.49193,2.53394,-0.05540,-0.04536,-0.07764,5.01867,4.98308,-0.17455,-0.14458,0.00289,0.11367,-0.27567
33.9992,0.05492,-0.20207,-0.94508,-0.20207,-0.91346,-0.08759,-2.22282,2.07306,-1.30936,2.16065,-1.30936,2.16065,1.00000,0.00000,0,0.00030,-0.17881,-0.14674,-0.02289,1.34265,1.30728,-0.22217,-0.24486,0.04803,-0.61437,-0.54381,-0.16206,-0.15932,0.41411,1.04921,0.35869,-0.25247,-0.25315,-0.00292,1.71229,1.62996,-0.04830,-0.05174,-0.05310,3.98560,3.93900,-0.19068,-0.14512,-0.00388,1.55380,1.54987
34.1007,-0.01782,-0.36577,-1.01782,-0.36577,-0.99914,-0.30691,-2.19368,2.08029,-1.19454,2.38720,-1.19454,2.38720,1.00000,0.00000,0,0.00027,-0.19061,-0.15014,-0.01573,2.27109,2.33859,-0.21776,-0.24291,0.02575,-1.06945,-0.95469,-0.15600,-0.15214,0.00481,0.07867,0.11574,-0.24542,-0.25283,0.00210,1.22545,1.20072,-0.04261,-0.05432,-0.02235,3.40462,3.43572,-0.20221,-0.14563,-0.00874,2.78680,2.82212
34.2038,-0.03217,-0.38186,-1.03217,-0.38186,-1.01821,-0.36098,-2.16348,2.09054,-1.14528,2.45152,-1.14528,2.45152,1.00000,0.00000,0,0.00036,-0.19429,-0.15178,-0.02155,2.76027,2.61496,-0.21573,-0.24030,0.02505,-1.24292,-1.25101,-0.15353,-0.15153,0.00419,0.10158,0.06199,-0.24375,-0.25271,-0.00595,1.08091,1.06833,-0.04143,-0.05464,-0.00545,3.21661,3.20745,-0.20591,-0.14640,-0.01354,3.65769,3.79384
34.3070,-0.02185,-0.40501,-1.02185,-0.40501,-1.01922,-0.39238,-2.13294,2.10195,-1.11372,2.49433,-1.11372,2.49433,1.00000,0.00000,0,0.00105,-0.19672,-0.15477,-0.03663,3.23698,3.41764,-0.21443,-0.23592,0.05902,-1.20604,-1.18002,-0.15194,-0.15123,0.01102,0.00685,-0.05176,-0.24261,-0.25256,0.00373,0.92482,0.88758,-0.04061,-0.05468,-0.00705,3.04166,3.08368,-0.20835,-0.14904,-0.03603,4.22643,4.30755
34.4081,-0.00552,-0.48242,-1.00552,-0.48242,-1.01262,-0.45094,-2.10242,2.11461,-1.08979,2.56555,-1.08979,2.56555,1.00000,0.00000,0,0.00028,-0.20019,-0.16166,-0.12822,3.24288,3.22634,-0.21361,-0.22661,0.05656,-0.85326,-0.90911,-0.15059,-0.15082,0.00246,-0.07835,-0.18962,-0.24017,-0.25233,0.01468,0.65262,0.69505,-0.03851,-0.05468,-0.01491,2.71268,2.67927,-0.21165,-0.15415,-0.06759,4.73516,4.67897
34.5093,0.05911,-0.60630,-0.94089,-0.60630,-0.97088,-0.53798,-2.07266,2.12950,-1.10178,2.66747,-1.10178,2.66747,1.00000,0.00000,0,0.00027,-0.20421,-0.17922,-0.10282,2.74916,2.73148,-0.21459,-0.21457,0.14305,0.18306,0.13036,-0.15075,-0.15059,0.00573,-0.03853,-0.05797,-0.23576,-0.25176,0.00935,0.27309,0.31129,-0.03432,-0.05454,0.00224,2.26216,2.12801,-0.21519,-0.15981,-0.04454,5.32341,5.44079
34.6110,0.11558,-0.67733,-0.88442,-0.67733,-0.90968,-0.64834,-2.04468,2.14796,-1.13500,2.79630,-1.13500,2.79630,1.00000,0.00000,0,0.00027,-0.20893,-0.18509,-0.04232,3.19511,3.24595,-0.21667,-0.21292,0.00535,0.05899,-0.03591,-0.15177,-0.15054,0.00539,0.05764,0.09184,-0.22985,-0.25026,0.00811,-0.29110,-0.18421,-0.02854,-0.05426,-0.00855,1.50839,1.53060,-0.21919,-0.16863,-0.10810,5.49341,5.31645
34.7128,0.16591,-0.71264,-0.83409,-0.71264,-0.85815,-0.69553,-2.01828,2.16829,-1.16013,2.86382,-1.16013,2.86382,1.00000,0.00000,0,0.00034,-0.21125,-0.18969,-0.04210,3.24994,3.12474,-0.21812,-0.21293,-0.00580,0.21736,0.27136,-0.15265,-0.15056,-0.00300,0.13667,0.24459,-0.22660,-0.24924,0.01289,-0.64438,-0.43351,-0.02532,-0.05403,-0.00391,1.07845,1.11145,-0.22108,-0.17464,-0.05937,5.94830,5.94066
34.8136,0.22726,-0.76083,-0.77274,-0.76083,-0.80794,-0.73394,-1.99335,2.18978,-1.18540,2.92372,-1.18540,2.92372,1.00000,0.00000,0,0.00029,-0.21325,-0.20009,-0.16595,2.53144,2.61740,-0.21955,-0.21295,-0.00399,0.31037,0.30250,-0.15356,-0.15060,-0.00753,0.17936,0.05878,-0.22366,-0.24801,0.00450,-1.00213,-0.97642,-0.02238,-0.05370,0.01649,0.61036,0.59703,-0.22269,-0.17998,-0.06726,6.21004,6.27002
34.9140,0.29552,-0.80951,-0.70448,-0.80951,-0.73197,-0.79313,-1.97059,2.21298,-1.23862,3.00611,-1.23862,3.00611,1.00000,0.00000,0,0.00035,-0.21562,-0.20668,-0.01687,2.84272,2.76603,-0.22238,-0.21310,0.00167,0.66279,0.54873,-0.15565,-0.15071,-0.00951,0.39625,0.38221,-0.21926,-0.24594,0.02497,-1.51989,-1.46369,-0.01786,-0.05308,0.01306,-0.08972,0.03433,-0.22442,-0.18350,-0.03061,6.69184,6.82319
35.0161,0.33573,-0.82735,-0.66427,-0.82735,-0.68622,-0.81577,-1.94947,2.23718,-1.26326,3.05295,-1.26326,3.05295,1.00000,0.00000,0,0.00034,-0.21708,-0.20823,-0.00929,2.92316,2.89534,-0.22373,-0.21341,-0.00431,0.79757,0.84373,-0.15658,-0.15080,-0.00045,0.50439,0.47392,-0.21687,-0.24373,0.02566,-1.79172,-1.72394,-0.01544,-0.04793,0.11096,0.03042,-0.10674,-0.22555,-0.18947,-0.11157,6.61308,6.50355
35.1167,0.50452,-0.88456,-0.49548,-0.88456,-0.57251,-0.86140,-1.93055,2.26239,-1.35804,3.12379,-1.35804,3.12379,1.00000,0.00000,0,0.00027,-0.21812,-0.20962,-0.00731,3.05657,3.20683,-0.22846,-0.21394,-0.00631,1.20187,1.09853,-0.16057,-0.15095,-0.00226,0.87691,0.73938,-0.21213,-0.23791,0.09789,-1.85743,-1.74548,-0.01029,-0.04099,0.03706,-0.50697,-0.38783,-0.22577,-0.21177,-0.09417,5.50699,5.21553
35.2170,0.63870,-0.84451,-0.36130,-0.84451,-0.42413,-0.86311,-1.91620,2.28843,-1.49207,3.15155,-1.49207,3.15155,1.00000,0.00000,0,0.00028,-0.21656,-0.21008,-0.01180,2.99919,3.06315,-0.23485,-0.21627,-0.02131,1.67483,1.54048,-0.16650,-0.15147,-0.00409,1.38506,1.43395,-0.20839,-0.21925,0.13346,-0.98535,-0.99578,-0.00578,-0.03717,0.04153,-0.88079,-0.80238,-0.22336,-0.21403,-0.00470,5.53244,5.42967
35.3184,0.70691,-0.81084,-0.29309,-0.81084,-0.33082,-0.81950,-1.90528,2.31337,-1.57446,3.13287,-1.57446,3.13287,1.00000,0.00000,0,0.00028,-0.21410,-0.21023,-0.00483,2.84651,2.71638,-0.23863,-0.21877,-0.02327,1.92023,1.90801,-0.17028,-0.15197,-0.01045,1.74779,1.88706,-0.20755,-0.21571,0.00429,-1.21809,-1.20826,-0.00437,-0.03069,0.06955,-0.79083,-0.82900,-0.22054,-0.21415,-0.00454,5.43295,5.56136
35.4219,0.74291,-0.79656,-0.25709,-0.79656,-0.27720,-0.80275,-1.89639,2.33764,-1.61919,3.14039,-1.61919,3.14039,1.00000,0.00000,0,0.00202,-0.21350,-0.21029,0.00661,2.87682,2.91192,-0.24076,-0.22192,-0.04091,2.04287,2.05507,-0.17227,-0.15238,-0.00939,2.06467,2.21823,-0.20637,-0.21448,0.01479,-1.28123,-1.47892,-0.00293,-0.02655,0.04537,-0.95986,-0.88068,-0.21967,-0.21420,0.00438,5.47635,5.34541
35.5216,0.85289,-0.74765,-0.14711,-0.74765,-0.20152,-0.76569,-1.88920,2.36117,-1.68768,3.12686,-1.68768,3.12686,1.00000,0.00000,0,0.00040,-0.21154,-0.21035,0.00122,2.83941,3.02406,-0.24391,-0.22837,-0.05844,1.96412,1.99780,-0.17540,-0.15290,0.00293,2.42137,2.23367,-0.20559,-0.21307,0.00403,-1.33035,-1.29406,-0.00168,-0.01395,0.05067,-0.37580,-0.41080,-0.21739,-0.21432,-0.01503,5.44144,5.47731
35.6237,0.89426,-0.70505,-0.10574,-0.70505,-0.13529,-0.72648,-1.88443,2.38350,-1.74914,3.10998,-1.74914,3.10998,1.00000,0.00000,0,0.00031,-0.20958,-0.21029,0.00851,2.65491,2.66631,-0.24672,-0.23139,-0.02871,2.21991,2.36491,-0.17824,-0.15421,-0.00556,2.89886,2.97345,-0.20508,-0.21217,0.01067,-1.40556,-1.55186,-0.00075,-0.00808,0.07188,-0.12983,-0.23717,-0.21517,-0.21431,0.00470,5.26218,5.28343
35.7261,0.92545,-0.67483,-0.07455,-0.67483,-0.08881,-0.69180,-1.88132,2.40469,-1.79251,3.09649,-1.79251,3.09649,1.00000,0.00000,0,0.00031,-0.20813,-0.21030,0.00091,2.52003,2.44117,-0.24869,-0.23527,-0.07581,2.13944,2.10831,-0.18025,-0.15565,-0.00950,3.19488,3.01555,-0.20478,-0.21162,0.00352,-1.49732,-1.47688,-0.00015,-0.00634,0.00247,-0.34582,-0.31898,-0.21355,-0.21432,0.00224,5.15035,5.12417
35.8280,0.93185,-0.61854,-0.06815,-0.61854,-0.07217,-0.64349,-1.87899,2.42463,-1.80681,3.06813,-1.80681,3.06813,1.00000,0.00000,0,0.00160,-0.20665,-0.21027,0.00718,2.42818,2.46129,-0.24924,-0.24234,-0.04622,1.86793,1.89618,-0.18100,-0.15720,-0.01515,3.38707,3.41960,-0.20566,-0.21132,0.00680,-1.47878,-1.43751,-0.00086,-0.00595,0.00903,-0.30138,-0.29658,-0.21211,-0.21431,0.00430,5.05795,5.08960
35.9274,0.93550,-0.58706,-0.06450,-0.58706,-0.06539,-0.60106,-1.87697,2.44311,-1.81159,3.04417,-1.81159,3.04417,1.00000,0.00000,0,0.00033,-0.20555,-0.21027,-0.01347,2.27596,2.20668,-0.24936,-0.24444,-0.01481,1.90170,1.84276,-0.18131,-0.15869,-0.01669,3.60019,3.55893,-0.20654,-0.21120,0.00483,-1.47547,-1.36613,-0.00165,-0.00587,-0.00506,-0.32534,-0.37734,-0.21108,-0.21432,0.00255,4.95246,4.93975
36.0279,0.93988,-0.56983,-0.06012,-0.56983,-0.06239,-0.58001,-1.87506,2.46075,-1.81266,3.04076,-1.81266,3.04076,1.00000,0.00000,0,0.00030,-0.20539,-0.21023,0.00745,2.23187,2.23726,-0.24940,-0.24489,-0.00711,1.93864,1.97035,-0.18138,-0.16054,-0.02184,3.73782,3.62832,-0.20666,-0.21107,0.00256,-1.53838,-1.63660,-0.00176,-0.00579,-0.00181,-0.38641,-0.40433,-0.21093,-0.21432,-0.00671,4.94250,4.81301
36.1314,0.94369,-0.54764,-0.05631,-0.54764,-0.05810,-0.55842,-1.87326,2.47777,-1.81516,3.03619,-1.81516,3.03619,1.00000,0.00000,0,0.00039,-0.20515,-0.21023,-0.00187,2.15700,2.33158,-0.24950,-0.24514,-0.00133,2.01158,1.85020,-0.18151,-0.16330,-0.03513,3.71987,3.59540,-0.20680,-0.21087,0.00260,-1.54277,-1.70863,-0.00187,-0.00565,-0.01163,-0.41950,-0.40947,-0.21069,-0.21433,-0.00424,4.87624,4.81539
36.2341,0.95319,-0.50052,-0.04681,-0.50052,-0.05262,-0.52317,-1.87159,2.49399,-1.81896,3.01716,-1.81896,3.01716,1.00000,0.00000,0,0.00033,-0.20427,-0.21020,-0.00266,2.06702,1.99333,-0.24959,-0.24547,-0.00803,2.00527,1.89168,-0.18175,-0.17032,-0.07074,3.36967,3.33892,-0.20750,-0.21068,-0.00541,-1.53080,-1.64545,-0.00249,-0.00550,0.00493,-0.41384,-0.50950,-0.20988,-0.21431,0.00344,4.76083,4.67626
36.3356,0.95054,-0.44386,-0.04946,-0.44386,-0.04864,-0.47059,-1.87011,2.50874,-1.82147,2.97934,-1.82147,2.97934,1.00000,0.00000,0,0.00029,-0.20264,-0.21016,-0.00722,1.84274,1.82199,-0.24955,-0.24596,-0.00269,2.04162,2.02730,-0.18202,-0.17883,-0.12351,2.75796,2.87005,-0.20899,-0.21065,-0.00523,-1.46469,-1.44690,-0.00387,-0.00551,-0.00535,-0.33630,-0.30373,-0.20838,-0.21430,0.00639,4.60569,4.41158
36.4371,0.96466,-0.37959,-0.03534,-0.37959,-0.03760,-0.40031,-1.86886,2.52145,-1.83126,2.92177,-1.83126,2.92177,1.00000,0.00000,0,0.00027,-0.20003,-0.21002,0.00606,1.56224,1.39277,-0.24976,-0.24666,-0.00202,2.06137,1.97414,-0.18269,-0.18399,-0.00516,2.83782,2.95130,-0.21114,-0.21068,-0.00516,-1.35535,-1.25463,-0.00582,-0.00550,0.00269,-0.19465,-0.31245,-0.20596,-0.21430,-0.00157,4.31221,4.39213
36.5385,0.95778,-0.37279,-0.04222,-0.37279,-0.04020,-0.37786,-1.86768,2.53298,-1.82749,2.91084,-1.82749,2.91084,1.00000,0.00000,0,0.00030,-0.19965,-0.20996,0.00717,1.42585,1.41138,-0.24954,-0.24714,-0.00361,2.03766,2.08381,-0.18256,-0.18443,0.00527,2.79080,2.61129,-0.21166,-0.21067,0.00176,-1.28893,-1.18781,-0.00633,-0.00548,0.01008,-0.17864,-0.10925,-0.20564,-0.21428,-0.00814,4.21378,4.24969
36.6433,0.95524,-0.37277,-0.04476,-0.37277,-0.04288,-0.37445,-1.86643,2.54424,-1.82355,2.91869,-1.82355,2.91869,1.00000,0.00000,0,0.00339,-0.20006,-0.20993,0.00545,1.34987,1.28512,-0.24939,-0.24736,-0.00929,2.02043,2.08121,-0.18235,-0.18464,0.00464,2.74189,2.68301,-0.21142,-0.21068,0.00177,-1.32570,-1.31914,-0.00614,-0.00549,-0.00121,-0.23365,-0.13071,-0.20604,-0.21425,0.00399,4.15890,4.05606
36.7434,0.95520,-0.37046,-0.04480,-0.37046,-0.04531,-0.37155,-1.86509,2.55541,-1.81979,2.92696,-1.81979,2.92696,1.00000,0.00000,0,0.00049,-0.20048,-0.20990,0.00439,1.29082,1.27190,-0.24925,-0.24746,-0.00859,2.03472,2.17350,-0.18215,-0.18476,0.00052,2.68732,2.68856,-0.21116,-0.21068,0.00372,-1.33819,-1.32857,-0.00592,-0.00549,0.00179,-0.20150,-0.27038,-0.20645,-0.21427,-0.00523,4.11501,3.90862
36.8447,0.95022,-0.35316,0.95022,-0.35316,0.60938,-0.36403,-1.82130,2.56647,-2.43068,2.93050,-2.43068,2.93050,0.00000,0.00000,0,0.00041,-0.18817,-0.20948,0.02013,0.09731,0.53143,-0.27786,-0.25269,-0.20601,3.67916,3.77219,-0.20971,-0.18933,-0.25944,4.52427,4.53592,-0.19907,-0.20877,0.11799,-2.10683,-2.11200,0.00988,-0.00451,0.09658,-1.36335,-0.74570,-0.19090,-0.21407,-0.00058,2.59461,2.54608
36.9476,1.20457,0.18860,1.20457,0.18860,1.03315,-0.02659,-1.84777,2.57222,-2.88091,2.59880,-2.88091,2.59880,0.00000,0.00000,0,0.00106,-0.16513,-0.20608,0.13302,-0.88366,-0.92125,-0.29744,-0.28035,-0.16553,3.19286,3.44836,-0.23148,-0.22281,-0.14247,3.41585,3.21545,-0.20375,-0.18386,-0.01402,-0.25637,0.00993,0.00871,0.00228,0.00438,-1.06360,-1.00280,-0.16684,-0.21369,0.00816,0.72565,0.94629
37.0491,1.18217,0.34822,1.18217,0.34822,1.16130,0.27357,-1.88161,2.56672,-3.04290,2.29315,-3.04290,2.29315,0.00000,0.00000,0,0.00113,-0.14908,-0.17580,0.15030,-0.59993,-0.26870,-0.30361,-0.28597,-0.01407,3.70636,3.75998,-0.24015,-0.23635,-0.09719,3.15293,3.35603,-0.21302,-0.18450,-0.00323,0.99327,0.93043,0.00116,0.00226,0.00512,-0.20310,-0.20434,-0.15113,-0.21270,0.00714,-0.87860,-0.59196
37.1489,1.11134,0.49524,1.11134,0.49524,1.13068,0.44949,-1.91607,2.55507,-3.04675,2.10558,-3.04675,2.10558,0.00000,0.00000,0,0.00033,-0.14119,-0.16178,0.39274,0.33963,-0.32743,-0.30293,-0.28642,0.00518,3.73242,3.72277,-0.24115,-0.23993,-0.00471,3.12844,3.17540,-0.22060,-0.18575,-0.00639,1.75313,1.71615,-0.00590,0.00220,0.00146,0.28257,0.29733,-0.14393,-0.21105,0.03661,-1.79906,-1.78580
37.2494,1.01690,0.61065,1.01690,0.61065,1.05672,0.55043,-1.94879,2.54000,-3.00551,1.98957,-3.00551,1.98957,0.00000,0.00000,0,0.00028,-0.13721,-0.14812,0.02369,-0.10693,-0.16168,-0.30047,-0.28656,0.00770,3.74099,3.76549,-0.23978,-0.24032,0.00960,3.01181,3.09013,-0.22615,-0.18709,-0.03020,2.30614,2.43694,-0.01138,0.00201,0.00134,0.69472,0.66515,-0.14059,-0.20834,0.03544,-2.49634,-2.52906
37.3514,1.03665,0.57165,1.03665,0.57165,1.03810,0.57027,-1.98001,2.52291,-3.01811,1.95264,-3.01811,1.95264,0.00000,0.00000,0,0.00033,-0.13542,-0.14736,0.00641,-0.34040,-0.31362,-0.30089,-0.28676,-0.00378,3.95078,3.85762,-0.24051,-0.24056,-0.00392,3.05186,2.94589,-0.22741,-0.18941,-0.01348,2.68955,2.50281,-0.01247,0.00178,0.00292,0.86701,0.80773,-0.13887,-0.20183,0.12281,-2.71822,-2.60646
37.4553,0.91252,0.64746,0.91252,0.64746,0.96377,0.62788,-2.01016,2.50487,-2.97393,1.87699,-2.97393,1.87699,0.00000,0.00000,0,0.00031,-0.13317,-0.14627,0.00352,-0.63856,-0.50336,-0.29848,-0.28727,0.00442,3.88614,3.78171,-0.23883,-0.24088,0.00301,2.89955,2.83127,-0.23137,-0.19330,-0.07406,3.09838,2.93883,-0.01649,0.00159,-0.00337,1.35172,1.45066,-0.13713,-0.17844,0.06740,-2.15367,-1.83529
37.5561,0.82159,0.65261,0.82159,0.65261,0.87112,0.64169,-2.03748,2.48585,-2.90860,1.84416,-2.90860,1.84416,0.00000,0.00000,0,0.00028,-0.13314,-0.14547,0.01954,-0.62722,-0.62177,-0.29529,-0.28729,-0.00202,3.77285,3.86749,-0.23600,-0.24084,-0.00295,2.63898,2.57066,-0.23400,-0.21220,-0.28812,1.68900,1.67613,-0.01940,0.00089,-0.01313,1.68041,1.69067,-0.13756,-0.17472,0.02699,-2.41623,-2.38992
37.6569,0.74009,0.57346,0.74009,0.57346,0.77056,0.59030,-2.06161,2.46746,-2.83218,1.87716,-2.83218,1.87716,0.00000,0.00000,0,0.00027,-0.13607,-0.14526,0.00043,-0.52654,-0.61682,-0.29188,-0.28728,0.00105,3.65111,3.46558,-0.23238,-0.24071,0.00012,2.31518,2.30702,-0.23416,-0.22174,-0.01862,2.03834,2.09656,-0.02009,0.00016,-0.00366,1.92134,1.78149,-0.14076,-0.17327,0.00886,-2.52379,-2.56377
37.7579,0.71547,0.58129,0.71547,0.58129,0.73025,0.58828,-2.08390,2.44971,-2.81416,1.86143,-2.81416,1.86143,0.00000,0.00000,0,0.00029,-0.13578,-0.14510,0.01814,-0.70948,-0.69601,-0.29097,-0.28728,0.00563,3.67357,3.64884,-0.23163,-0.24067,-0.00192,2.20325,2.19876,-0.23516,-0.22314,-0.02729,2.16569,2.10222,-0.02115,-0.00086,-0.00949,2.17131,2.16652,-0.14063,-0.17141,0.01803,-2.82618,-2.75524
37.8596,0.69497,0.58987,0.69497,0.58987,0.70681,0.58885,-2.10539,2.43208,-2.81220,1.84323,-2.81220,1.84323,0.00000,0.00000,0,0.00141,-0.13506,-0.14464,0.00077,-0.85089,-0.84080,-0.29079,-0.28728,0.00722,3.72870,3.79014,-0.23162,-0.24063,-0.00135,2.09960,2.01404,-0.23594,-0.22460,-0.01759,2.28719,2.11619,-0.02189,-0.00177,-0.01908,2.33857,2.46066,-0.13999,-0.16857,0.04853,-2.98579,-2.91874
37.9608,0.63494,0.60903,0.63494,0.60903,0.66377,0.60046,-2.12593,2.41424,-2.78970,1.81377,-2.78970,1.81377,0.00000,0.00000,0,0.00031,-0.13430,-0.14400,0.00414,-0.97932,-1.06030,-0.28961,-0.28727,0.01115,3.69777,3.57037,-0.23072,-0.24056,-0.00385,1.97154,1.80215,-0.23759,-0.22708,-0.02286,2.34516,2.35015,-0.02359,-0.00279,-0.00345,2.68377,2.76159,-0.13945,-0.16075,0.05196,-2.76713,-2.78363
38.0635,0.59102,0.60879,0.59102,0.60879,0.61325,0.60713,-2.14487,2.39609,-2.75812,1.78896,-2.75812,1.78896,0.00000,0.00000,0,0.00030,-0.13391,-0.14335,0.01253,-1.07130,-1.05907,-0.28803,-0.28730,-0.00419,3.57552,3.52713,-0.22939,-0.24042,0.00225,1.72812,1.63240,-0.23923,-0.23161,-0.05115,2.13363,2.11226,-0.02534,-0.00384,-0.00389,2.99220,2.83409,-0.13932,-0.15616,0.07268,-2.66347,-2.56452
38.1645,0.47055,0.59814,0.47055,0.59814,0.52403,0.60643,-2.16185,2.37784,-2.68588,1.77140,-2.68588,1.77140,0.00000,0.00000,0,0.00033,-0.13465,-0.14287,-0.00062,-1.10522,-1.02427,-0.28458,-0.28730,-0.00660,3.31128,3.28705,-0.22618,-0.24020,0.00867,1.37414,1.49315,-0.24138,-0.24212,-0.10101,1.54430,1.57263,-0.02786,-0.00498,-0.01698,3.35815,3.34135,-0.14051,-0.14702,0.00739,-2.30267,-2.35678
38.2668,0.43693,0.58355,0.43693,0.58355,0.45759,0.59069,-2.17622,2.35993,-2.63381,1.76925,-2.63381,1.76925,0.00000,0.00000,0,0.00030,-0.13562,-0.14275,0.00792,-1.10977,-1.09050,-0.28215,-0.28726,-0.00359,3.10649,3.23154,-0.22381,-0.23991,0.00172,1.05238,0.97192,-0.24249,-0.24641,-0.01445,1.51494,1.51182,-0.02927,-0.00591,-0.01047,3.65673,3.69317,-0.14176,-0.14676,0.00022,-2.26623,-2.26768
38.3672,0.42783,0.57939,0.42783,0.57939,0.43601,0.58191,-2.18951,2.34240,-2.62552,1.76049,-2.62552,1.76049,0.00000,0.00000,0,0.00028,-0.13542,-0.14252,-0.00460,-1.22723,-1.18037,-0.28172,-0.28721,0.00084,3.09775,3.16819,-0.22347,-0.23975,-0.00129,0.85743,0.86349,-0.24301,-0.24686,0.00070,1.48924,1.54088,-0.02981,-0.00668,-0.00005,3.91382,4.05985,-0.14164,-0.14660,0.00216,-2.36791,-2.44922
38.4675,0.41997,0.57845,0.41997,0.57845,0.42390,0.58023,-2.20235,2.32497,-2.62625,1.74474,-2.62625,1.74474,0.00000,0.00000,0,0.00027,-0.13475,-0.14194,0.00547,-1.31872,-1.29679,-0.28169,-0.28720,-0.00028,2.99619,2.95225,-0.22357,-0.23958,-0.00076,0.71004,0.68327,-0.24364,-0.24704,0.00014,1.47977,1.46035,-0.03040,-0.00782,-0.00759,4.16074,4.07226,-0.14103,-0.14631,0.00530,-2.42466,-2.36731
38.5693,0.40689,0.58148,0.40689,0.58148,0.41337,0.58137,-2.21489,2.30754,-2.62827,1.72617,-2.62827,1.72617,0.00000,0.00000,0,0.00030,-0.13394,-0.14119,0.00911,-1.43830,-1.34011,-0.28170,-0.28717,0.00132,2.94858,3.06146,-0.22374,-0.23939,0.00304,0.52802,0.58796,-0.24437,-0.24710,-0.00074,1.51157,1.51757,-0.03105,-0.00943,-0.02095,4.32222,4.48604,-0.14027,-0.14595,-0.00049,-2.48321,-2.51171
38.6701,0.39266,0.58060,0.39266,0.58060,0.39878,0.58173,-2.22703,2.29008,-2.62581,1.70835,-2.62581,1.70835,0.00000,0.00000,0,0.00029,-0.13325,-0.14048,0.00615,-1.48341,-1.49019,-0.28150,-0.28715,0.00287,2.85378,2.74174,-0.22371,-0.23914,0.00091,0.35685,0.37892,-0.24514,-0.24718,0.00135,1.48214,1.51450,-0.03180,-0.01266,-0.03431,4.36803,4.28643,-0.13966,-0.14562,-0.00272,-2.56403,-2.57582
38.7707,0.36837,0.58039,0.36837,0.58039,0.37846,0.57993,-2.23864,2.27267,-2.61710,1.69274,-2.61710,1.69274,0.00000,0.00000,0,0.00029,-0.13278,-0.13969,0.00354,-1.52153,-1.48392,-0.28103,-0.28710,0.00231,2.77849,2.97982,-0.22338,-0.23883,0.00177,0.17398,0.20351,-0.24596,-0.24727,-0.00347,1.52963,1.64603,-0.03261,-0.01515,-0.04320,4.48387,4.46338,-0.13929,-0.14524,-0.00138,-2.64617,-2.83918
38.8725,0.35356,0.57899,0.35356,0.57899,0.36017,0.57916,-2.24964,2.25529,-2.60981,1.67613,-2.60981,1.67613,0.00000,0.00000,0,0.00107,-0.13223,-0.13896,0.01238,-1.61712,-1.49869,-0.28061,-0.28706,0.01216,2.66413,2.64943,-0.22312,-0.23821,0.00806,0.03203,-0.08093,-0.24678,-0.24736,-0.00372,1.55821,1.55109,-0.03343,-0.01685,-0.02111,4.68778,4.70738,-0.13885,-0.14494,0.00518,-2.73981,-2.68870
38.9732,0.33783,0.57622,0.33783,0.57622,0.34422,0.57689,-2.26016,2.23796,-2.60437,1.66107,-2.60437,1.66107,0.00000,0.00000,0,0.00030,-0.13172,-0.13735,0.03726,-1.55148,-1.49191,-0.28029,-0.28703,-0.00041,2.54046,2.52926,-0.22293,-0.23725,0.01174,-0.10916,-0.10527,-0.24750,-0.24746,0.00713,1.63596,1.65423,-0.03415,-0.01842,-0.02347,4.83284,4.87350,-0.13842,-0.14453,0.00099,-2.82255,-2.75018
39.0757,0.29086,0.58005,0.29086,0.58005,0.31222,0.57774,-2.26997,2.22066,-2.58219,1.64292,-2.58219,1.64292,0.00000,0.00000,0,0.00030,-0.13141,-0.13037,0.11706,-0.89661,-0.97609,-0.27918,-0.28696,-0.00131,2.39408,2.42514,-0.22200,-0.23603,0.02092,-0.23232,-0.19365,-0.24869,-0.24767,-0.01171,1.64760,1.61497,-0.03541,-0.02251,-0.06982,4.65224,4.60847,-0.13830,-0.14416,0.00123,-2.89737,-3.07100
39.1769,0.19518,0.58043,0.19518,0.58043,0.23593,0.58420,-2.27804,2.20315,-2.51397,1.61895,-2.51397,1.61895,0.00000,0.00000,0,0.00040,-0.13181,-0.12541,0.01224,-0.76821,-0.83698,-0.27590,-0.28669,0.01204,2.07154,2.15398,-0.21899,-0.23339,0.04661,-0.35065,-0.35666,-0.25101,-0.24806,-0.01320,1.80350,1.68780,-0.03806,-0.03051,-0.06371,4.41699,4.57921,-0.13914,-0.14388,0.01244,-2.87397,-2.94602
39.2782,0.15608,0.53269,0.15608,0.53269,0.17721,0.55326,-2.28396,2.18610,-2.46116,1.63284,-2.46116,1.63284,0.00000,0.00000,0,0.00032,-0.13346,-0.12495,-0.00609,-0.57932,-0.56444,-0.27350,-0.28613,-0.00337,1.81452,1.75374,-0.21653,-0.22810,0.06936,-0.27658,-0.36755,-0.25149,-0.24856,-0.00173,1.84496,1.83367,-0.03888,-0.03363,-0.02106,4.47863,4.27334,-0.14102,-0.14379,0.00739,-2.77244,-2.87169
39.3809,0.12989,0.46140,0.12989,0.46140,0.14574,0.48681,-2.28871,2.17063,-2.43445,1.68382,-2.43445,1.68382,0.00000,0.00000,0,0.00125,-0.13612,-0.12519,-0.00721,-0.26561,-0.37515,-0.27249,-0.28573,0.00782,1.65453,1.60816,-0.21509,-0.21855,0.01103,0.04548,0.10835,-0.24992,-0.24874,0.00197,1.74155,1.61727,-0.03762,-0.03487,0.00838,4.38607,4.70204,-0.14364,-0.14377,0.00088,-2.56826,-2.69104
39.4809,0.12130,0.44668,0.12130,0.44668,0.12936,0.45478,-2.29274,2.15668,-2.42210,1.70191,-2.42210,1.70191,0.00000,0.00000,0,0.00040,-0.13712,-0.12579,-0.00444,-0.14194,-0.10621,-0.27200,-0.28539,0.00428,1.48310,1.47878,-0.21446,-0.21803,-0.00462,0.00045,0.01384,-0.24942,-0.24881,-0.00109,1.72885,1.72366,-0.03724,-0.03590,-0.00711,4.30022,4.43364,-0.14464,-0.14377,0.00170,-2.53231,-2.47343
39.5823,0.11414,0.44584,0.11414,0.44584,0.11725,0.44792,-2.29635,2.14317,-2.41360,1.69526,-2.41360,1.69526,0.00000,0.00000,0,0.00030,-0.13702,-0.12615,-0.00043,-0.02381,-0.01949,-0.27157,-0.28497,0.00175,1.31494,1.25405,-0.21410,-0.21784,-0.00015,-0.08742,-0.01086,-0.24986,-0.24891,-0.00433,1.74754,1.76690,-0.03771,-0.03676,-0.00776,4.29993,4.23584,-0.14461,-0.14376,-0.00186,-2.57100,-2.54782
39.6850,0.10746,0.44120,0.10746,0.44120,0.10944,0.44419,-2.29971,2.12979,-2.40916,1.68560,-2.40916,1.68560,0.00000,0.00000,0,0.00043,-0.13670,-0.12654,-0.00400,0.02788,-0.10733,-0.27132,-0.28460,-0.00113,1.13399,1.21319,-0.21394,-0.21769,-0.00404,-0.10725,-0.06890,-0.25035,-0.24906,-0.00883,1.79619,1.80215,-0.03820,-0.03746,-0.00094,4.30473,4.43383,-0.14436,-0.14376,-0.00366,-2.59152,-2.50443
39.7868,0.09852,0.43329,0.09852,0.43329,0.10127,0.43736,-2.30283,2.11659,-2.40410,1.67923,-2.40410,1.67923,0.00000,0.00000,0,0.00030,-0.13654,-0.12695,-0.00380,0.08607,0.01855,-0.27106,-0.28423,0.01126,1.02109,0.96804,-0.21373,-0.21753,0.00010,-0.17993,-0.11815,-0.25071,-0.24918,-0.00614,1.80281,1.75144,-0.03857,-0.03823,-0.00395,4.29784,4.12253,-0.14425,-0.14374,0.00204,-2.58258,-2.68251
39.8888,0.04745,0.30570,-0.95255,0.30570,-0.75227,0.38634,-2.33992,2.10393,-1.58765,1.71759,-1.58765,1.71759,1.00000,0.00000,0,0.00039,-0.15470,-0.13407,-0.13036,0.89241,0.85964,-0.23326,-0.27237,0.24529,-1.06662,-0.98308,-0.17641,-0.19720,0.46172,-0.87296,-0.97147,-0.26520,-0.25357,-0.04660,2.77737,2.85705,-0.05803,-0.04473,-0.08429,5.35878,5.31392,-0.16674,-0.14397,-0.00512,-0.75697,-0.80341
39.9892,-0.07322,-0.18231,-1.07322,-0.18231,-1.00502,-0.00656,-2.31214,2.09934,-1.30712,2.10590,-1.30712,2.10590,1.00000,0.00000,32,0.00031,-0.17657,-0.14660,-0.06201,2.05589,2.15300,-0.22184,-0.24716,0.06445,-0.48088,-0.56508,-0.16217,-0.16285,0.41919,0.66053,0.19863,-0.25476,-0.25412,0.00762,1.87847,1.92061,-0.05044,-0.05560,-0.07876,3.79558,3.82057,-0.18867,-0.14440,-0.00942,1.11256,0.72376
40.0911,-0.12428,-0.36178,-1.12428,-0.36178,-1.09451,-0.27599,-2.28030,2.10494,-1.18579,2.38093,-1.18579,2.38093,1.00000,0.00000,0,0.00029,-0.19052,-0.15179,-0.05055,2.96623,3.00029,-0.21732,-0.24412,0.02970,-0.85197,-0.88581,-0.15563,-0.15171,0.00768,0.04817,0.11141,-0.24585,-0.25370,0.01644,1.21409,1.23700,-0.04308,-0.05675,0.00069,3.30490,3.30163,-0.20220,-0.14494,0.00066,2.44648,2.45296
40.1933,-0.10694,-0.38872,-1.10694,-0.38872,-1.09844,-0.36634,-2.24747,2.11517,-1.14903,2.48151,-1.14903,2.48151,1.00000,0.00000,0,0.00042,-0.19547,-0.15451,-0.04145,3.53621,3.45761,-0.21603,-0.24221,0.01633,-1.08103,-1.17805,-0.15359,-0.15152,-0.00111,0.05629,0.10430,-0.24245,-0.25344,0.00835,0.96645,1.08849,-0.04019,-0.05682,-0.00623,3.00616,2.99568,-0.20695,-0.14538,-0.00793,3.33075,3.24789
40.2941,-0.07759,-0.42140,-1.07759,-0.42140,-1.08438,-0.40568,-2.21471,2.12688,-1.13033,2.53256,-1.13033,2.53256,1.00000,0.00000,0,0.00051,-0.19799,-0.16249,-0.11245,3.33704,3.43075,-0.21536,-0.23980,0.02812,-1.24547,-1.17417,-0.15255,-0.15132,-0.00422,0.01237,-0.05833,-0.24073,-0.25325,-0.00116,0.76635,0.75700,-0.03873,-0.05681,-0.00380,2.73494,2.68384,-0.20936,-0.14639,-0.01513,4.12018,4.07424
40.3957,-0.00661,-0.51573,-1.00661,-0.51573,-1.03679,-0.47089,-2.18292,2.14006,-1.14613,2.61095,-1.14613,2.61095,1.00000,0.00000,0,0.00034,-0.20095,-0.17852,-0.08896,2.78776,2.75359,-0.21642,-0.23711,0.02148,-1.24283,-1.19424,-0.15297,-0.15125,0.00010,0.05610,0.17642,-0.23721,-0.25291,0.00573,0.50791,0.62791,-0.03533,-0.05671,0.00079,2.35574,2.27632,-0.21191,-0.14777,-0.01526,4.85228,4.69025
40.4980,0.00530,-0.56002,-0.99470,-0.56002,-1.00255,-0.53232,-2.15253,2.15537,-1.14998,2.68770,-1.14998,2.68770,1.00000,0.00000,0,0.00116,-0.20408,-0.18397,-0.02579,3.13341,3.12848,-0.21692,-0.23047,0.14019,-0.64027,-0.71918,-0.15285,-0.15126,-0.00353,0.12523,0.26783,-0.23399,-0.25190,0.00869,0.04354,0.18239,-0.03230,-0.05651,0.00468,1.76567,1.78754,-0.21470,-0.15472,-0.07944,5.24278,5.19157
40.5984,0.02963,-0.60896,-0.97037,-0.60896,-0.98042,-0.59127,-2.12285,2.17252,-1.14243,2.76379,-1.14243,2.76379,1.00000,0.00000,0,0.00030,-0.20742,-0.18793,-0.03892,3.31083,3.21778,-0.21688,-0.22704,0.02022,-0.95470,-1.03552,-0.15223,-0.15125,-0.00368,0.06072,0.16450,-0.23103,-0.25071,0.01870,-0.24698,-0.21439,-0.02959,-0.05630,0.00259,1.30364,1.24026,-0.21777,-0.16129,-0.06575,5.74149,5.66679
40.6994,0.09073,-0.66471,-0.90927,-0.66471,-0.93773,-0.63706,-2.09411,2.19101,-1.15638,2.82807,-1.15638,2.82807,1.00000,0.00000,0,0.00028,-0.20983,-0.19483,-0.11834,2.95397,3.02976,-0.21780,-0.22406,0.05661,-0.68057,-0.78240,-0.15261,-0.15118,0.00329,0.12649,0.20294,-0.22813,-0.24971,0.01771,-0.61773,-0.59986,-0.02678,-0.05603,0.00086,0.83084,0.97634,-0.21983,-0.17013,-0.11058,5.81172,5.76491
40.8011,0.18287,-0.80649,-0.81713,-0.80649,-0.85429,-0.74493,-2.06749,2.21185,-1.21319,2.95678,-1.21319,2.95678,1.00000,0.00000,0,0.00031,-0.21407,-0.20585,-0.06932,2.80056,2.77386,-0.22099,-0.21474,-0.00337,0.03558,-0.03714,-0.15469,-0.15124,-0.00507,0.29935,0.29086,-0.22177,-0.24780,0.02095,-1.21525,-1.13311,-0.02040,-0.05545,0.00248,0.01037,0.17478,-0.22322,-0.17660,-0.04254,6.34995,6.37621
40.9039,0.23045,-0.82043,-0.76955,-0.82043,-0.79428,-0.80694,-2.04299,2.23555,-1.24871,3.04250,-1.24871,3.04250,1.00000,0.00000,0,0.00037,-0.21694,-0.20910,-0.01280,3.01870,3.09103,-0.22300,-0.21468,-0.00113,0.25205,0.16972,-0.15596,-0.15134,-0.00389,0.42343,0.43000,-0.21758,-0.24529,0.02667,-1.59464,-1.50988,-0.01621,-0.05286,0.04673,-0.36402,-0.38499,-0.22553,-0.18263,-0.04126,6.69819,6.63563
41.0050,0.27228,-0.82935,-0.72772,-0.82935,-0.74781,-0.82640,-2.02003,2.26020,-1.27222,3.08660,-1.27222,3.08660,1.00000,0.00000,0,0.00030,-0.21831,-0.20999,-0.00446,3.13172,3.33928,-0.22429,-0.21471,-0.00498,0.40069,0.41397,-0.15685,-0.15144,-0.00235,0.52053,0.53247,-0.21532,-0.24198,0.04779,-1.81120,-1.80289,-0.01392,-0.04264,0.06167,-0.17819,-0.11392,-0.22659,-0.18824,-0.11475,6.68049,6.72631
41.1063,0.46700,-0.88499,-0.53300,-0.88499,-0.62601,-0.85928,-1.99939,2.28543,-1.37338,3.14471,-1.37338,3.14471,1.00000,0.00000,0,0.00027,-0.21869,-0.21078,-0.00164,3.20901,3.22786,-0.22927,-0.21494,-0.01238,0.82669,0.74144,-0.16118,-0.15161,-0.00436,0.87154,0.85580,-0.21098,-0.23540,0.10526,-1.74860,-1.75717,-0.00910,-0.03960,0.03807,-0.71223,-0.60399,-0.22617,-0.21114,-0.12372,5.43414,5.47855
41.2080,0.63035,-0.81683,-0.36965,-0.81683,-0.44165,-0.84492,-1.98409,2.31117,-1.54244,3.15609,-1.54244,3.15609,1.00000,0.00000,0,0.00028,-0.21572,-0.21108,0.00489,3.09537,3.04982,-0.23723,-0.21690,-0.01796,1.42031,1.38767,-0.16875,-0.15222,-0.00428,1.57276,1.54208,-0.20723,-0.21647,0.05783,-1.12592,-1.20629,-0.00430,-0.03319,0.10465,-0.83124,-0.91719,-0.22224,-0.21449,-0.00492,5.36696,5.37018
41.3098,0.69976,-0.80551,-0.30024,-0.80551,-0.33484,-0.81474,-1.97291,2.33586,-1.63807,3.15060,-1.63807,3.15060,1.00000,0.00000,0,0.00034,-0.21355,-0.21109,0.00748,2.97261,2.92525,-0.24169,-0.21958,-0.02906,1.75777,1.66496,-0.17308,-0.15278,0.00482,1.99468,2.03554,-0.20559,-0.21444,0.01615,-1.29574,-1.35408,-0.00205,-0.02658,0.03938,-1.01513,-1.00292,-0.21957,-0.21457,-0.00102,5.29156,5.20517
41.4109,0.81288,-0.77854,-0.18712,-0.77854,-0.24845,-0.78275,-1.96419,2.35971,-1.71573,3.14246,-1.71573,3.14246,1.00000,0.00000,0,0.00031,-0.21162,-0.21113,-0.00386,2.80791,2.70611,-0.24529,-0.22408,-0.07694,1.78407,1.68859,-0.17661,-0.15328,-0.00199,2.42687,2.34085,-0.20441,-0.21290,0.00616,-1.33745,-1.34887,-0.00037,-0.01363,0.05596,-0.38545,-0.47649,-0.21726,-0.21465,-0.00771,5.16047,5.26445
41.5124,0.86145,-0.71786,-0.13855,-0.71786,-0.17372,-0.74548,-1.95815,2.38271,-1.78443,3.12819,-1.78443,3.12819,1.00000,0.00000,0,0.00035,-0.20963,-0.21109,0.00153,2.70530,2.68410,-0.24845,-0.23041,-0.04144,1.92957,1.94389,-0.17976,-0.15452,-0.00909,2.77172,2.89005,-0.20365,-0.21152,0.01204,-1.42119,-1.35830,0.00086,-0.00691,0.01919,-0.25501,-0.19415,-0.21495,-0.21465,0.00004,5.07063,5.12035
41.6138,0.88586,-0.70365,-0.11414,-0.70365,-0.12708,-0.71377,-1.95391,2.40451,-1.82683,3.11828,-1.82683,3.11828,1.00000,0.00000,0,0.00034,-0.20835,-0.21109,-0.00201,2.61123,2.53370,-0.25040,-0.23254,-0.02381,2.18245,2.18564,-0.18170,-0.15597,-0.00878,3.18804,3.25519,-0.20323,-0.21098,0.00293,-1.50765,-1.40190,0.00157,-0.00597,0.00751,-0.38845,-0.32169,-0.21349,-0.21466,-0.00623,4.94093,5.07662
41.7143,0.89651,-0.66714,-0.10349,-0.66714,-0.11068,-0.68430,-1.95041,2.42544,-1.83973,3.10974,-1.83973,3.10974,1.00000,0.00000,0,0.00037,-0.20773,-0.21105,0.00421,2.57531,2.65179,-0.25096,-0.23800,-0.05653,1.91503,1.79727,-0.18232,-0.15729,-0.01257,3.39264,3.30955,-0.20332,-0.21036,0.00191,-1.55735,-1.48545,0.00157,-0.00555,0.00315,-0.44170,-0.37932,-0.21283,-0.21466,-0.00200,4.92382,5.07065
41.8164,0.90193,-0.61424,-0.09807,-0.61424,-0.10205,-0.63513,-1.94725,2.44507,-1.84520,3.08020,-1.84520,3.08020,1.00000,0.00000,0,0.00028,-0.20638,-0.21105,-0.00587,2.39527,2.34467,-0.25109,-0.24304,-0.02779,1.77448,1.60253,-0.18268,-0.15877,-0.00360,3.62838,3.63703,-0.20442,-0.21018,0.00340,-1.52904,-1.57687,0.00059,-0.00537,0.00340,-0.45150,-0.43210,-0.21158,-0.21467,-0.00733,4.78398,4.78671
41.9169,0.90626,-0.58724,-0.09374,-0.58724,-0.09617,-0.60084,-1.94430,2.46348,-1.84813,3.06432,-1.84813,3.06432,1.00000,0.00000,0,0.00028,-0.20565,-0.21101,0.00414,2.31683,2.36951,-0.25116,-0.24401,-0.00009,1.89223,1.69862,-0.18288,-0.16087,-0.01082,3.74509,3.55920,-0.20501,-0.21004,0.01091,-1.55135,-1.53932,0.00005,-0.00528,0.00393,-0.46436,-0.50768,-0.21090,-0.21463,0.00727,4.76904,4.59948
42.0189,0.90889,-0.56017,-0.09111,-0.56017,-0.09408,-0.57371,-1.94143,2.48101,-1.84735,3.05472,-1.84735,3.05472,1.00000,0.00000,0,0.00112,-0.20527,-0.21099,0.00028,2.23675,2.25240,-0.25108,-0.24474,-0.00684,1.89319,1.85927,-0.18288,-0.16388,-0.05734,3.66925,3.64408,-0.20541,-0.20979,0.00830,-1.57844,-1.48641,-0.00033,-0.00520,0.00514,-0.48634,-0.50677,-0.21056,-0.21465,0.00354,4.66565,4.77107
42.1185,0.91033,-0.49860,-0.08967,-0.49860,-0.09086,-0.52581,-1.93867,2.49744,-1.84781,3.02325,-1.84781,3.02325,1.00000,0.00000,0,0.00028,-0.20394,-0.21098,-0.01166,2.09642,2.20466,-0.25097,-0.24509,0.00275,1.98007,2.01007,-0.18303,-0.17180,-0.07296,3.30191,3.11805,-0.20669,-0.20971,0.00156,-1.56423,-1.61025,-0.00152,-0.00513,-0.00941,-0.51825,-0.56215,-0.20936,-0.21467,-0.01488,4.53744,4.53935
42.2193,0.91515,-0.42011,-0.08485,-0.42011,-0.08808,-0.46183,-1.93599,2.51216,-1.84791,2.97399,-1.84791,2.97399,1.00000,0.00000,0,0.00033,-0.20188,-0.21088,0.00959,1.91824,1.96992,-0.25076,-0.24585,-0.00812,1.93691,1.90634,-0.18323,-0.18146,-0.07020,2.75059,2.74575,-0.20869,-0.20972,-0.00039,-1.49469,-1.39468,-0.00340,-0.00508,0.00287,-0.44499,-0.54504,-0.20750,-0.21465,-0.00372,4.38271,4.53959
42.3210,0.91498,-0.39438,-0.08502,-0.39438,-0.08262,-0.40866,-1.93350,2.52491,-1.85088,2.93357,-1.85088,2.93357,1.00000,0.00000,0,0.00032,-0.20012,-0.21077,0.00256,1.59431,1.62517,-0.25073,-0.24651,0.00015,1.98510,2.00150,-0.18353,-0.18388,0.00055,2.83124,2.68954,-0.21028,-0.20975,0.00254,-1.35085,-1.41812,-0.00487,-0.00509,-0.00537,-0.31852,-0.41038,-0.20590,-0.21463,-0.00400,4.09370,4.10264
42.4229,0.91359,-0.38751,-0.08641,-0.38751,-0.08513,-0.39226,-1.93097,2.53683,-1.84584,2.92909,-1.84584,2.92909,1.00000,0.00000,0,0.00029,-0.20004,-0.21072,-0.00032,1.50226,1.61796,-0.25047,-0.24694,-0.00193,1.97173,2.15555,-0.18332,-0.18435,-0.00548,2.74849,2.91162,-0.21056,-0.20979,-0.00675,-1.32585,-1.35119,-0.00517,-0.00509,0.00041,-0.28593,-0.31942,-0.20586,-0.21461,-0.00192,4.02757,4.18310
42.5252,0.91368,-0.38438,-0.08632,-0.38438,-0.08598,-0.38597,-1.92840,2.54847,-1.84241,2.93443,-1.84241,2.93443,1.00000,0.00000,0,0.00030,-0.20033,-0.21069,-0.00681,1.40058,1.41884,-0.25034,-0.24711,0.00022,2.01057,1.94692,-0.18314,-0.18454,-0.00203,2.74575,2.78198,-0.21041,-0.20978,-0.00308,-1.35569,-1.40731,-0.00505,-0.00508,0.00444,-0.28660,-0.38526,-0.20615,-0.21460,-0.00195,3.94718,4.05485
42.6271,0.90862,-0.38027,-0.09138,-0.38027,-0.08880,-0.38215,-1.92578,2.55998,-1.83697,2.94213,-1.83697,2.94213,1.00000,0.00000,0,0.00079,-0.20076,-0.21063,0.00401,1.31167,1.42387,-0.25011,-0.24725,0.00907,2.04340,1.98286,-0.18287,-0.18464,0.00086,2.69656,2.58790,-0.21020,-0.20977,0.00052,-1.34628,-1.41745,-0.00490,-0.00508,0.00099,-0.34634,-0.32024,-0.20658,-0.21456,0.01082,3.87545,4.02703
42.7273,0.90821,-0.37879,-0.09179,-0.37879,-0.09215,-0.37936,-1.92304,2.57138,-1.83089,2.95074,-1.83089,2.95074,1.00000,0.00000,0,0.00029,-0.20125,-0.21060,-0.00244,1.22044,1.18334,-0.24987,-0.24742,-0.00382,2.04483,2.13023,-0.18256,-0.18472,0.00061,2.63724,2.72682,-0.20997,-0.20977,0.00314,-1.34468,-1.39362,-0.00472,-0.00506,0.00872,-0.32000,-0.30518,-0.20706,-0.21459,-0.00868,3.80076,3.96542
42.8285,0.90397,-0.38235,0.90397,-0.38235,0.41579,-0.38106,-1.87408,2.58279,-2.28988,2.96385,-2.28988,2.96385,0.00000,0.00000,0,0.00028,-0.19244,-0.21055,-0.00095,1.15189,1.14247,-0.27142,-0.24749,0.00217,2.04156,2.04310,-0.20321,-0.18474,-0.00710,2.59174,2.66197,-0.20047,-0.20979,-0.00828,-1.41979,-1.36723,0.00755,-0.00509,-0.00122,-0.36595,-0.27516,-0.19577,-0.21457,0.00214,3.76254,3.82922
42.9293,1.06617,-0.02368,1.06617,-0.02368,0.89427,-0.20788,-1.89624,2.59229,-2.79050,2.80016,-2.79050,2.80016,0.00000,0.00000,0,0.00028,-0.17538,-0.20916,0.01369,-0.58024,-0.36041,-0.29413,-0.26952,-0.31925,3.19462,3.14857,-0.22652,-0.21377,-0.47377,2.51771,2.80363,-0.19732,-0.18429,0.50235,0.60934,0.15926,0.01409,0.00342,0.02163,-1.46196,-1.43507,-0.17676,-0.21417,0.00500,1.63967,1.63134
43.0333,1.15710,0.30799,1.15710,0.30799,1.10781,0.18869,-1.92774,2.59054,-3.03555,2.40186,-3.03555,2.40186,0.00000,0.00000,0,0.00026,-0.15376,-0.19227,0.34960,-0.84282,-0.87855,-0.30377,-0.28545,-0.04732,3.59131,3.64834,-0.23934,-0.23323,-0.12255,3.20997,3.26673,-0.20873,-0.18286,-0.01859,0.58816,0.37793,0.00513,0.00356,0.00597,-0.60153,-0.70067,-0.15543,-0.21303,0.01707,-0.65215,-0.46040
43.1368,1.08136,0.50635,1.08136,0.50635,1.10744,0.39819,-1.96142,2.58137,-3.06886,2.18319,-3.06886,2.18319,0.00000,0.00000,0,0.00032,-0.14397,-0.17070,0.13978,-0.77808,-0.74610,-0.30432,-0.28673,-0.00751,3.80848,3.85683,-0.24181,-0.23968,-0.03241,3.08525,3.01894,-0.21699,-0.18390,-0.02061,1.40220,1.36895,-0.00238,0.00352,-0.00167,-0.04582,-0.31860,-0.14630,-0.21195,0.01267,-1.74096,-1.60868
43.2400,1.00728,0.55232,1.00728,0.55232,1.04913,0.49375,-1.99373,2.56766,-3.04286,2.07391,-3.04286,2.07391,0.00000,0.00000,0,0.00170,-0.13996,-0.14891,0.10063,0.25135,0.04891,-0.30260,-0.28687,-0.00309,3.86397,3.77865,-0.24111,-0.24046,-0.00222,3.05150,3.20214,-0.22197,-0.18539,-0.00177,1.98337,1.86262,-0.00721,0.00334,-0.00257,0.26432,0.13696,-0.14283,-0.20923,0.01590,-2.44272,-2.37718
43.3392,0.98987,0.55950,0.98987,0.55950,0.99513,0.56249,-2.02395,2.55115,-3.01907,1.98866,-3.01907,1.98866,0.00000,0.00000,0,0.00035,-0.13690,-0.14761,-0.00319,-0.31814,-0.12410,-0.30110,-0.28702,-0.00074,3.84445,3.78217,-0.24040,-0.24070,-0.00631,2.92046,2.99305,-0.22592,-0.18754,-0.03114,2.58616,2.52563,-0.01107,0.00306,0.01163,0.76844,0.77539,-0.14021,-0.20471,0.08979,-2.91638,-2.72795
43.4431,0.90577,0.65346,0.90577,0.65346,0.95447,0.60142,-2.05334,2.53393,-3.00781,1.93251,-3.00781,1.93251,0.00000,0.00000,0,0.00037,-0.13479,-0.14689,0.01578,-0.37658,-0.38593,-0.30031,-0.28752,-0.00271,3.99676,4.00978,-0.24013,-0.24092,-0.00066,2.99004,3.03521,-0.22843,-0.18909,-0.02789,2.91324,2.86814,-0.01350,0.00294,-0.00158,0.82651,0.72992,-0.13837,-0.18200,0.33148,-1.39204,-1.47754
43.5445,0.80689,0.64356,0.80689,0.64356,0.85129,0.62694,-2.07998,2.51534,-2.93128,1.88840,-2.93128,1.88840,0.00000,0.00000,0,0.00038,-0.13452,-0.14611,0.00606,-0.55119,-0.46590,-0.29655,-0.28762,0.00243,3.82370,3.93193,-0.23684,-0.24096,0.00301,2.71498,2.68581,-0.23175,-0.19610,-0.09797,2.97189,3.09940,-0.01714,0.00242,-0.00751,1.32646,1.35452,-0.13865,-0.17410,0.00536,-2.28355,-2.37143
43.6459,0.70950,0.59945,0.70950,0.59945,0.76328,0.62503,-2.10410,2.49626,-2.86738,1.87122,-2.86738,1.87122,0.00000,0.00000,0,0.00035,-0.13510,-0.14521,0.00740,-0.62904,-0.88819,-0.29349,-0.28761,0.00392,3.73978,3.62671,-0.23401,-0.24092,-0.00595,2.44363,2.50300,-0.23371,-0.21740,-0.13432,1.98431,2.15959,-0.01942,0.00177,-0.00927,1.75298,1.77887,-0.13964,-0.17258,0.00607,-2.61726,-2.63680
43.7468,0.66471,0.58653,0.66471,0.58653,0.68940,0.58348,-2.12550,2.47852,-2.81490,1.89504,-2.81490,1.89504,0.00000,0.00000,0,0.00033,-0.13716,-0.14528,-0.00074,-0.56472,-0.62729,-0.29115,-0.28763,-0.00063,3.63629,3.54155,-0.23152,-0.24079,-0.00146,2.15895,2.24973,-0.23377,-0.22220,-0.01149,2.14201,2.08584,-0.01985,0.00128,0.00277,1.94451,2.00904,-0.14188,-0.17199,0.00517,-2.75349,-2.69997
43.8486,0.66123,0.58232,0.66123,0.58232,0.66877,0.57992,-2.14575,2.46111,-2.81452,1.88119,-2.81452,1.88119,0.00000,0.00000,0,0.00123,-0.13659,-0.14518,-0.00771,-0.72091,-0.75407,-0.29107,-0.28761,0.01142,3.70027,3.67148,-0.23156,-0.24074,-0.00051,2.09614,2.04211,-0.23435,-0.22351,-0.01121,2.18501,2.16517,-0.02039,0.00024,-0.01514,2.09381,2.14403,-0.14137,-0.16925,0.06414,-2.86952,-2.64079
43.9488,0.60495,0.59902,0.60495,0.59902,0.62829,0.59329,-2.16516,2.44346,-2.79344,1.85017,-2.79344,1.85017,0.00000,0.00000,0,0.00097,-0.13573,-0.14450,0.00744,-0.85645,-0.83953,-0.28995,-0.28763,0.00007,3.68432,3.83233,-0.23073,-0.24069,-0.00350,1.94349,2.06102,-0.23603,-0.22559,-0.03306,2.28485,2.16738,-0.02211,-0.00113,-0.00706,2.44944,2.43348,-0.14073,-0.16200,0.04877,-2.75171,-2.78339
44.0485,0.57233,0.60414,0.57233,0.60414,0.58806,0.60165,-2.18324,2.42549,-2.77130,1.82385,-2.77130,1.82385,0.00000,0.00000,0,0.00031,-0.13509,-0.14394,0.00695,-0.96016,-0.87384,-0.28880,-0.28762,0.00199,3.60890,3.56489,-0.22984,-0.24057,-0.00342,1.76670,1.64456,-0.23754,-0.22857,-0.04653,2.25418,2.26289,-0.02368,-0.00244,-0.02592,2.63648,2.61071,-0.14030,-0.15868,0.03637,-2.84582,-2.87440
44.1492,0.48705,0.61862,0.48705,0.61862,0.53046,0.61067,-2.20001,2.40733,-2.73047,1.79666,-2.73047,1.79666,0.00000,0.00000,0,0.00034,-0.13479,-0.14337,-0.00144,-1.05869,-1.06132,-0.28677,-0.28761,0.00347,3.50751,3.50970,-0.22810,-0.24047,-0.00438,1.55904,1.65753,-0.23946,-0.23381,-0.09643,1.91031,1.91073,-0.02575,-0.00342,-0.01446,2.95044,3.00083,-0.14032,-0.14796,0.07751,-2.16809,-2.13895
44.2517,0.42175,0.58324,0.42175,0.58324,0.44895,0.59718,-2.21432,2.38919,-2.66327,1.79201,-2.66327,1.79201,0.00000,0.00000,0,0.00100,-0.13596,-0.14317,0.00469,-1.03793,-1.00050,-0.28362,-0.28758,0.00590,3.21710,3.29889,-0.22506,-0.24017,-0.00092,1.16158,1.22734,-0.24098,-0.24431,-0.06335,1.49194,1.46284,-0.02765,-0.00463,-0.01604,3.36211,3.47941,-0.14187,-0.14727,0.00887,-2.32029,-2.34090
44.3540,0.40325,0.57721,0.40325,0.57721,0.41265,0.58045,-2.22703,2.37163,-2.63969,1.79118,-2.63969,1.79118,0.00000,0.00000,0,0.00033,-0.13641,-0.14304,-0.00684,-1.08723,-1.08403,-0.28252,-0.28757,0.00203,3.12229,3.14655,-0.22399,-0.23994,0.00513,0.93062,1.06265,-0.24148,-0.24645,-0.01166,1.44353,1.39783,-0.02828,-0.00535,-0.01255,3.62060,3.57574,-0.14244,-0.14720,-0.00054,-2.35205,-2.44056
44.4545,0.39863,0.58020,0.39863,0.58020,0.40072,0.57979,-2.23916,2.35425,-2.63988,1.77446,-2.63988,1.77446,0.00000,0.00000,0,0.00027,-0.13571,-0.14269,0.00288,-1.20431,-1.21559,-0.28246,-0.28754,-0.00101,3.06934,2.99754,-0.22407,-0.23977,-0.00187,0.76655,0.79016,-0.24216,-0.24668,-0.00483,1.44492,1.34152,-0.02891,-0.00624,-0.00515,3.90914,3.67616,-0.14180,-0.14709,-0.00413,-2.48325,-2.36295
44.5555,0.39268,0.58125,0.39268,0.58125,0.39516,0.58021,-2.25108,2.33685,-2.64625,1.75665,-2.64625,1.75665,0.00000,0.00000,0,0.00026,-0.13484,-0.14202,0.00792,-1.29114,-1.25440,-0.28267,-0.28752,-0.00024,3.04995,3.06198,-0.22443,-0.23960,0.00003,0.62517,0.67702,-0.24276,-0.24676,0.00295,1.43890,1.48845,-0.02943,-0.00724,-0.01239,4.14349,4.02055,-0.14096,-0.14688,-0.00498,-2.54736,-2.51664
44.6577,0.38436,0.58452,0.38436,0.58452,0.38758,0.58284,-2.26280,2.31940,-2.65039,1.73657,-2.65039,1.73657,0.00000,0.00000,0,0.00096,-0.13392,-0.14125,0.00058,-1.42095,-1.33860,-0.28277,-0.28753,-0.00464,2.98483,2.98322,-0.22471,-0.23942,-0.00667,0.44788,0.46005,-0.24350,-0.24684,-0.00185,1.44724,1.28592,-0.03009,-0.00868,-0.01607,4.32841,4.35706,-0.14010,-0.14647,-0.00034,-2.66857,-2.55311
44.7578,0.37419,0.58366,0.37419,0.58366,0.37842,0.58352,-2.27427,2.30190,-2.65269,1.71838,-2.65269,1.71838,0.00000,0.00000,0,0.00028,-0.13312,-0.14035,0.01903,-1.44507,-1.58214,-0.28280,-0.28752,-0.00434,2.90709,2.90694,-0.22489,-0.23916,0.00212,0.30231,0.27074,-0.24420,-0.24691,-0.00959,1.41311,1.43931,-0.03073,-0.01118,-0.02893,4.37205,4.21646,-0.13935,-0.14606,0.00628,-2.72409,-2.75183
44.8591,0.34851,0.58112,0.34851,0.58112,0.35954,0.58254,-2.28531,2.28440,-2.64485,1.70187,-2.64485,1.70187,0.00000,0.00000,0,0.00025,-0.13259,-0.13948,0.01097,-1.52217,-1.53165,-0.28236,-0.28747,-0.00245,2.86361,2.81694,-0.22460,-0.23883,0.00698,0.16733,0.14566,-0.24503,-0.24695,0.00057,1.44431,1.44541,-0.03156,-0.01433,-0.03300,4.47118,4.46462,-0.13892,-0.14565,-0.00547,-2.82582,-2.85043
44.9623,0.33008,0.58033,0.33008,0.58033,0.33831,0.58074,-2.29569,2.26696,-2.63400,1.68622,-2.63400,1.68622,0.00000,0.00000,0,0.00028,-0.13216,-0.13852,0.00188,-1.56339,-1.59472,-0.28178,-0.28745,-0.00339,2.74542,2.69600,-0.22417,-0.23811,0.00189,-0.01795,0.02067,-0.24589,-0.24700,0.01010,1.47815,1.49613,-0.03243,-0.01615,-0.01391,4.64253,4.66317,-0.13861,-0.14525,-0.00049,-2.89878,-2.94002
45.0639,0.30681,0.57796,0.30681,0.57796,0.31720,0.57853,-2.30547,2.24958,-2.62267,1.67105,-2.62267,1.67105,0.00000,0.00000,0,0.00039,-0.13176,-0.13584,0.05629,-1.42512,-1.50673,-0.28119,-0.28740,-0.00369,2.61340,2.73692,-0.22372,-0.23709,0.00588,-0.09958,-0.19620,-0.24673,-0.24711,0.00092,1.48829,1.46949,-0.03330,-0.01758,-0.01031,4.78743,4.88423,-0.13833,-0.14493,0.00856,-2.98924,-3.00363
45.1642,0.26105,0.59596,0.26105,0.59596,0.28357,0.58666,-2.31446,2.23214,-2.59803,1.64547,-2.59803,1.64547,0.00000,0.00000,0,0.00037,-0.13120,-0.12764,0.05580,-0.83977,-0.92482,-0.27993,-0.28732,0.00664,2.50516,2.45180,-0.22271,-0.23587,0.01670,-0.23689,-0.32846,-0.24827,-0.24730,-0.00657,1.59374,1.69364,-0.03490,-0.01971,-0.04463,4.81876,4.84950,-0.13799,-0.14464,0.00705,-3.03876,-2.99281
45.2663,0.19039,0.57651,0.19039,0.57651,0.22430,0.58583,-2.32195,2.21442,-2.54625,1.62859,-2.54625,1.62859,0.00000,0.00000,0,0.00025,-0.13155,-0.12425,0.00920,-0.64651,-0.65024,-0.27744,-0.28715,0.00945,2.25202,2.17847,-0.22042,-0.23362,0.03631,-0.34658,-0.34158,-0.24998,-0.24772,-0.01857,1.67687,1.69422,-0.03687,-0.02886,-0.05910,4.50569,4.43507,-0.13868,-0.14439,0.00080,-3.12262,-3.19035
45.3681,0.13388,0.53682,0.13388,0.53682,0.15662,0.55570,-2.32735,2.19733,-2.48397,1.64163,-2.48397,1.64163,0.00000,0.00000,0,0.00026,-0.13336,-0.12373,-0.00853,-0.45989,-0.54608,-0.27460,-0.28661,0.00436,1.95974,1.79851,-0.21753,-0.22891,0.05883,-0.33309,-0.42004,-0.25068,-0.24808,0.00315,1.76447,1.69311,-0.03796,-0.03296,-0.01835,4.49625,4.50680,-0.14077,-0.14427,0.00066,-3.01681,-3.01509
45.4696,0.10098,0.45321,0.10098,0.45321,0.12072,0.48824,-2.33141,2.18173,-2.45213,1.69349,-2.45213,1.69349,0.00000,0.00000,0,0.00030,-0.13616,-0.12405,-0.01112,-0.22605,-0.18542,-0.27336,-0.28624,0.00788,1.79700,1.78549,-0.21586,-0.21855,-0.00618,0.03133,0.07217,-0.24918,-0.24831,0.00388,1.69355,1.71643,-0.03680,-0.03445,-0.00938,4.38261,4.31450,-0.14355,-0.14423,0.00429,-2.86958,-2.92968
45.5706,0.09686,0.44106,0.09686,0.44106,0.10151,0.45048,-2.33461,2.16786,-2.43612,1.71738,-2.43612,1.71738,0.00000,0.00000,0,0.00028,-0.13748,-0.12496,-0.01142,0.02144,-0.04717,-0.27272,-0.28586,0.00147,1.55667,1.64747,-0.21503,-0.21794,0.01131,-0.01991,-0.06871,-0.24851,-0.24834,-0.00322,1.60120,1.68584,-0.03629,-0.03527,-0.00336,4.28310,4.33152,-0.14487,-0.14423,0.00849,-2.70253,-2.72693
45.6715,0.08725,0.43573,0.08725,0.43573,0.08962,0.44156,-2.33739,2.15450,-2.42701,1.71294,-2.42701,1.71294,0.00000,0.00000,0,0.00026,-0.13748,-0.12532,0.00063,0.15448,0.10778,-0.27227,-0.28546,0.00224,1.40859,1.44916,-0.21463,-0.21778,-0.00290,-0.08483,0.02901,-0.24887,-0.24843,-0.00173,1.63671,1.48152,-0.03670,-0.03608,-0.01889,4.26517,4.25603,-0.14494,-0.14421,0.00775,-2.74897,-2.69267
45.7733,0.07987,0.44091,0.07987,0.44091,0.08244,0.43991,-2.33995,2.14131,-2.42239,1.70140,-2.42239,1.70140,0.00000,0.00000,0,0.00038,-0.13709,-0.12580,0.00165,0.24664,0.25605,-0.27201,-0.28509,-0.00594,1.24591,1.26075,-0.21447,-0.21766,0.00062,-0.09184,-0.04694,-0.24944,-0.24849,0.00843,1.69199,1.69645,-0.03725,-0.03679,-0.01091,4.28252,4.26972,-0.14462,-0.14423,-0.00760,-2.75822,-2.77780
45.8757,0.07392,0.43839,-0.92608,0.43839,-0.58056,0.43994,-2.38623,2.12810,-1.80567,1.68816,-1.80567,1.68816,1.00000,0.00000,0,0.00035,-0.14906,-0.12768,-0.11492,0.99235,0.57635,-0.24327,-0.28248,0.16848,0.14372,0.16033,-0.18645,-0.21528,0.18693,-1.93752,-1.25473,-0.26212,-0.24966,-0.06065,2.23912,2.20273,-0.05356,-0.03867,-0.09388,4.85647,4.92719,-0.16000,-0.14428,0.00726,-1.39131,-1.62998
45.9761,-0.07068,0.01712,-1.07068,0.01712,-0.94736,0.21086,-2.36142,2.11785,-1.41405,1.90699,-1.41405,1.90699,1.00000,0.00000,0,0.00030,-0.16611,-0.14091,-0.15499,0.98555,0.92281,-0.22598,-0.25528,0.52796,0.90245,0.24636,-0.16779,-0.17777,0.04840,-0.89200,-0.42905,-0.26082,-0.25378,-0.00020,2.33263,2.44692,-0.05528,-0.04921,-0.12611,4.59020,4.62868,-0.17839,-0.14450,-0.00285,-0.32636,-0.40529
46.0774,-0.09711,-0.26837,-1.09711,-0.26837,-1.06955,-0.11783,-2.33031,2.11766,-1.26075,2.23549,-1.26075,2.23549,1.00000,0.00000,0,0.00030,-0.18292,-0.14810,-0.02490,2.49249,2.69593,-0.22022,-0.24665,0.03592,-0.51934,-0.36428,-0.15958,-0.15370,0.06875,0.29935,0.54126,-0.25035,-0.25353,-0.00474,1.64162,1.66364,-0.04669,-0.05847,-0.02119,3.60426,3.47360,-0.19477,-0.14497,-0.00462,1.31431,1.41809
46.1785,-0.11115,-0.36666,-1.11115,-0.36666,-1.11907,-0.31685,-2.29692,2.12530,-1.17785,2.44215,-1.17785,2.44215,1.00000,0.00000,0,0.00026,-0.19324,-0.15345,-0.03772,3.25742,3.35496,-0.21721,-0.24420,0.02443,-0.90260,-0.84063,-0.15504,-0.15166,-0.00007,0.03063,0.13124,-0.24350,-0.25312,0.00049,1.07056,1.13074,-0.04095,-0.05871,0.00194,3.04064,3.02443,-0.20472,-0.14542,-0.00060,2.61057,2.43454
46.2797,-0.11878,-0.39709,-1.11878,-0.39709,-1.11986,-0.37377,-2.26337,2.13593,-1.14351,2.50970,-1.14351,2.50970,1.00000,0.00000,0,0.00034,-0.19676,-0.15759,-0.08998,3.41688,3.46074,-0.21588,-0.24215,0.01873,-1.12838,-1.13375,-0.15323,-0.15141,0.00484,0.07834,0.03192,-0.24140,-0.25288,0.00527,0.87308,0.80715,-0.03926,-0.05871,-0.00120,2.68151,2.93570,-0.20816,-0.14585,-0.00021,3.41002,3.39299
46.3808,-0.06809,-0.44009,-1.06809,-0.44009,-1.08816,-0.41702,-2.23032,2.14794,-1.14216,2.56496,-1.14216,2.56496,1.00000,0.00000,0,0.00030,-0.19910,-0.17178,-0.24972,2.51173,2.44037,-0.21605,-0.23988,0.01857,-1.24822,-1.14228,-0.15296,-0.15132,-0.00307,0.08593,0.08750,-0.23917,-0.25263,0.00631,0.63467,0.57256,-0.03718,-0.05868,-0.00535,2.34455,2.32149,-0.21028,-0.14685,-0.00465,4.18330,4.18723
46.4833,-0.01459,-0.50797,-1.01459,-0.50797,-1.03278,-0.49114,-2.19875,2.16193,-1.16597,2.65307,-1.16597,2.65307,1.00000,0.00000,0,0.00031,-0.20231,-0.18279,-0.02587,3.01629,3.12625,-0.21752,-0.23782,0.01515,-1.25630,-1.33694,-0.15371,-0.15134,-0.00190,0.18895,0.18324,-0.23510,-0.25198,0.01197,0.19164,0.30502,-0.03321,-0.05851,0.00249,1.81155,1.83683,-0.21298,-0.14828,-0.01984,5.12048,5.14654
46.5861,-0.00300,-0.54458,-1.00300,-0.54458,-1.01107,-0.52568,-2.16820,2.17726,-1.15713,2.70294,-1.15713,2.70294,1.00000,0.00000,0,0.00101,-0.20457,-0.18552,-0.03526,3.15393,3.08507,-0.21732,-0.23241,0.14962,-0.74093,-0.82397,-0.15312,-0.15134,-0.00132,0.16510,0.16997,-0.23323,-0.25122,0.00824,-0.03528,-0.02307,-0.03153,-0.05834,0.00392,1.41371,1.44694,-0.21509,-0.15501,-0.08226,5.37474,5.55838
46.6866,0.02395,-0.60881,-0.97605,-0.60881,-0.98820,-0.58397,-2.13823,2.19407,-1.15003,2.77804,-1.15003,2.77804,1.00000,0.00000,0,0.00028,-0.20786,-0.18961,-0.05463,3.27582,3.19331,-0.21729,-0.22680,0.01595,-0.92841,-0.87077,-0.15252,-0.15133,-0.00587,0.12922,0.14194,-0.23030,-0.25018,0.01130,-0.39944,-0.40110,-0.02885,-0.05809,-0.00235,0.87170,0.96307,-0.21811,-0.16145,-0.06179,5.87371,5.84288
46.7871,0.10104,-0.66541,-0.89896,-0.66541,-0.93784,-0.63299,-2.10935,2.21240,-1.17151,2.84539,-1.17151,2.84539,1.00000,0.00000,0,0.00028,-0.21025,-0.19994,-0.15514,2.56695,2.56536,-0.21858,-0.22477,0.03459,-0.77372,-0.72081,-0.15323,-0.15131,0.00047,0.15822,0.22013,-0.22713,-0.24899,0.01810,-0.68645,-0.57735,-0.02573,-0.05773,0.00681,0.43124,0.44466,-0.22010,-0.17116,-0.10637,5.85389,5.89589
46.8887,0.18540,-0.77649,-0.81460,-0.77649,-0.84948,-0.72769,-2.08289,2.23303,-1.23342,2.96073,-1.23342,2.96073,1.00000,0.00000,0,0.00075,-0.21382,-0.20742,-0.02617,2.72247,2.57637,-0.22195,-0.21630,0.03729,0.00973,-0.00510,-0.15558,-0.15138,0.00671,0.40674,0.27461,-0.22121,-0.24709,0.02606,-1.23386,-1.39526,-0.01973,-0.05686,0.01765,-0.29138,-0.27278,-0.22284,-0.17782,-0.05970,6.24126,6.22053
46.9891,0.24436,-0.80060,-0.75564,-0.80060,-0.78125,-0.78645,-2.05868,2.25610,-1.27743,3.04256,-1.27743,3.04256,1.00000,0.00000,0,0.00036,-0.21636,-0.20928,-0.01865,2.94048,2.82619,-0.22435,-0.21559,0.00198,0.20968,0.25847,-0.15726,-0.15152,-0.00545,0.54417,0.54859,-0.21702,-0.24435,0.04060,-1.65595,-1.70620,-0.01547,-0.05158,0.06120,-0.59915,-0.48628,-0.22479,-0.18336,-0.03331,6.69285,6.68943
47.0901,0.31956,-0.81302,-0.68044,-0.81302,-0.72064,-0.80512,-2.03624,2.28009,-1.31560,3.08521,-1.31560,3.08521,1.00000,0.00000,0,0.00026,-0.21737,-0.21013,-0.01049,3.09463,3.11935,-0.22631,-0.21564,-0.00675,0.45771,0.34661,-0.15881,-0.15163,-0.00368,0.67622,0.69664,-0.21453,-0.24001,0.05744,-1.71875,-1.70081,-0.01286,-0.04082,0.02367,-0.48371,-0.51076,-0.22542,-0.18942,-0.11090,6.54110,6.31374
47.1927,0.52988,-0.83965,-0.47012,-0.83965,-0.57030,-0.83372,-2.01697,2.30474,-1.44667,3.13846,-1.44667,3.13846,1.00000,0.00000,0,0.00050,-0.21693,-0.21084,-0.00502,3.10203,3.08766,-0.23267,-0.21606,-0.01463,1.02001,0.94597,-0.16451,-0.15189,-0.01135,1.03668,0.99962,-0.20981,-0.23049,0.20753,-1.19466,-1.23040,-0.00744,-0.03790,0.05008,-0.84792,-0.97020,-0.22404,-0.21212,-0.05543,5.41686,5.28224
47.2947,0.67208,-0.78006,-0.32792,-0.78006,-0.39324,-0.80210,-2.00331,2.32933,-1.61007,3.13143,-1.61007,3.13143,1.00000,0.00000,0,0.00045,-0.21331,-0.21098,-0.00127,2.89211,2.88607,-0.24030,-0.21908,-0.03338,1.49841,1.50945,-0.17189,-0.15264,-0.00743,1.79908,1.72747,-0.20692,-0.21551,0.03487,-1.15520,-1.20825,-0.00350,-0.02930,0.06359,-0.95876,-0.90454,-0.21956,-0.21378,0.00048,5.25228,5.24085
47.3988,0.74040,-0.74984,-0.25960,-0.74984,-0.29964,-0.77113,-1.99331,2.35288,-1.69367,3.12401,-1.69367,3.12401,1.00000,0.00000,0,0.00034,-0.21130,-0.21100,-0.00866,2.71675,2.67649,-0.24418,-0.22333,-0.05980,1.56474,1.67522,-0.17568,-0.15331,-0.01282,2.24720,2.28259,-0.20559,-0.21382,0.02085,-1.25733,-1.22460,-0.00164,-0.01706,0.32794,0.26739,-0.17958,-0.21713,-0.21382,-0.00013,5.12388,4.97881
47.5009,0.83679,-0.72213,-0.16321,-0.72213,-0.19585,-0.74180,-1.98636,2.37544,-1.79052,3.11724,-1.79052,3.11724,1.00000,0.00000,0,0.00143,-0.20904,-0.21094,0.00106,2.59424,2.62809,-0.24869,-0.22903,-0.02449,1.87836,1.76004,-0.18007,-0.15450,-0.01592,2.73281,2.78391,-0.20398,-0.21268,0.01377,-1.42869,-1.39968,0.00059,-0.00845,0.11551,-0.10845,-0.25165,-0.21438,-0.21382,0.00384,4.97054,4.91576
47.6008,0.87037,-0.68339,-0.12963,-0.68339,-0.14338,-0.70223,-1.98156,2.39690,-1.83818,3.09914,-1.83818,3.09914,1.00000,0.00000,0,0.00034,-0.20731,-0.21091,0.00320,2.44079,2.28472,-0.25085,-0.23205,-0.01940,2.04738,2.03753,-0.18229,-0.15569,-0.00987,3.11923,3.17199,-0.20378,-0.21176,0.01039,-1.42770,-1.50114,0.00113,-0.00598,0.00633,-0.37823,-0.21477,-0.21247,-0.21384,-0.00554,4.85011,4.77835
47.7019,0.87667,-0.66556,-0.12333,-0.66556,-0.12658,-0.67844,-1.97761,2.41752,-1.85104,3.09595,-1.85104,3.09595,1.00000,0.00000,0,0.00037,-0.20692,-0.21092,-0.00239,2.39915,2.28711,-0.25143,-0.23464,-0.04904,2.00252,2.03570,-0.18288,-0.15696,-0.01424,3.34330,3.32875,-0.20366,-0.21122,0.00011,-1.51993,-1.41975,0.00134,-0.00561,0.00837,-0.43370,-0.50229,-0.21202,-0.21385,-0.00483,4.81963,4.65776
47.8033,0.87917,-0.62229,-0.12083,-0.62229,-0.12313,-0.64313,-1.97389,2.43732,-1.85076,3.08045,-1.85076,3.08045,1.00000,0.00000,0,0.00032,-0.20627,-0.21090,-0.00194,2.33687,2.35340,-0.25135,-0.24109,-0.06339,1.68313,1.65691,-0.18293,-0.15830,-0.01867,3.54644,3.59974,-0.20430,-0.21061,-0.00074,-1.53126,-1.49436,0.00074,-0.00542,-0.00396,-0.46574,-0.38231,-0.21145,-0.21385,-0.00855,4.74036,4.73934
47.9058,0.87986,-0.58491,-0.12014,-0.58491,-0.11978,-0.60038,-1.97026,2.45579,-1.85048,3.05617,-1.85048,3.05617,1.00000,0.00000,0,0.00030,-0.20526,-0.21086,0.00042,2.16908,2.15443,-0.25124,-0.24352,-0.00911,1.76210,1.71839,-0.18302,-0.16038,-0.03600,3.68297,3.50314,-0.20529,-0.21047,0.00099,-1.52487,-1.56542,-0.00020,-0.00525,0.00912,-0.43654,-0.55115,-0.21054,-0.21385,-0.00942,4.63444,4.60465
48.0079,0.88213,-0.55955,-0.11787,-0.55955,-0.11795,-0.57222,-1.96672,2.47329,-1.84876,3.04551,-1.84876,3.04551,1.00000,0.00000,0,0.00033,-0.20485,-0.21084,-0.00303,2.05642,2.18880,-0.25111,-0.24419,-0.00790,1.79851,1.75775,-0.18298,-0.16314,-0.03952,3.72890,3.83636,-0.20576,-0.21029,0.00178,-1.54397,-1.51670,-0.00065,-0.00520,-0.00366,-0.48550,-0.55646,-0.21018,-0.21383,0.00251,4.59982,4.43691
48.1083,0.88582,-0.50544,-0.11418,-0.50544,-0.11553,-0.53200,-1.96321,2.48981,-1.84768,3.02181,-1.84768,3.02181,1.00000,0.00000,0,0.00027,-0.20388,-0.21078,0.00914,1.96015,2.06000,-0.25096,-0.24468,-0.00915,1.86208,1.70722,-0.18303,-0.17000,-0.07844,3.35709,3.29010,-0.20675,-0.21014,0.00227,-1.51064,-1.51811,-0.00158,-0.00513,0.00380,-0.47672,-0.63044,-0.20931,-0.21383,0.00134,4.49564,4.34745
48.2094,0.88903,-0.44173,-0.11096,-0.44173,-0.11133,-0.47427,-1.95985,2.50477,-1.84852,2.97904,-1.84852,2.97904,1.00000,0.00000,0,0.00031,-0.20207,-0.21070,0.01025,1.75368,1.71376,-0.25081,-0.24503,-0.01200,1.90816,2.01518,-0.18324,-0.17910,-0.12167,2.75408,2.78779,-0.20847,-0.21015,0.00130,-1.43058,-1.59697,-0.00319,-0.00511,0.00556,-0.38120,-0.49661,-0.20768,-0.21382,0.00005,4.33761,4.39636
48.3110,0.89320,-0.39398,-0.10680,-0.39398,-0.10668,-0.41186,-1.95660,2.51774,-1.84992,2.92959,-1.84992,2.92959,1.00000,0.00000,0,0.00029,-0.19998,-0.21063,-0.00185,1.45390,1.50820,-0.25067,-0.24582,-0.01844,1.89454,1.77793,-0.18350,-0.18380,-0.00452,2.82711,2.78951,-0.21046,-0.21019,-0.00299,-1.32715,-1.19510,-0.00504,-0.00511,0.00238,-0.26769,-0.35810,-0.20577,-0.21380,-0.00233,4.09350,4.19997
48.4123,0.88952,-0.38700,-0.11048,-0.38700,-0.10892,-0.39155,-1.95335,2.52967,-1.84443,2.92122,-1.84443,2.92122,1.00000,0.00000,0,0.00029,-0.19974,-0.21056,-0.00171,1.34999,1.36897,-0.25037,-0.24631,0.00161,1.92339,1.86820,-0.18329,-0.18424,-0.00199,2.76610,2.82074,-0.21091,-0.21019,0.00553,-1.29350,-1.20250,-0.00550,-0.00514,-0.00632,-0.27006,-0.23001,-0.20560,-0.21379,-0.00059,4.00965,4.03825
48.5141,0.89069,-0.38394,-0.10931,-0.38394,-0.11118,-0.38622,-1.95002,2.54131,-1.83884,2.92753,-1.83884,2.92753,1.00000,0.00000,0,0.00029,-0.20012,-0.21050,0.00460,1.27255,1.31063,-0.25014,-0.24659,-0.00961,1.90895,1.98196,-0.18301,-0.18447,0.00329,2.72836,2.73743,-0.21076,-0.21022,-0.00765,-1.29445,-1.37544,-0.00541,-0.00511,0.00574,-0.25622,-0.35030,-0.20598,-0.21379,-0.00374,3.94580,4.09665
48.6161,0.88270,-0.38631,-0.11730,-0.38631,-0.11324,-0.38497,-1.94667,2.55285,-1.83342,2.93782,-1.83342,2.93782,1.00000,0.00000,0,0.00029,-0.20066,-0.21046,-0.00153,1.15597,1.20119,-0.24993,-0.24672,-0.00359,1.95630,1.93973,-0.18272,-0.18462,-0.00011,2.70203,2.60216,-0.21045,-0.21023,-0.01401,-1.34243,-1.25185,-0.00515,-0.00513,-0.00284,-0.28191,-0.15521,-0.20651,-0.21375,0.00939,3.91299,3.91462
48.7164,0.88245,-0.38570,-0.11755,-0.38570,-0.11570,-0.38559,-1.94323,2.56442,-1.82753,2.95001,-1.82753,2.95001,1.00000,0.00000,0,0.00028,-0.20129,-0.21043,-0.00013,1.10769,0.93317,-0.24971,-0.24686,-0.00241,1.95413,2.05033,-0.18241,-0.18469,-0.00868,2.61301,2.61106,-0.21007,-0.21019,0.00572,-1.34932,-1.29147,-0.00484,-0.00513,-0.00159,-0.29965,-0.43370,-0.20712,-0.21377,-0.00072,3.83184,3.84606
48.8171,0.88190,-0.38630,-0.11810,-0.38630,-0.11744,-0.38533,-1.93972,2.57597,-1.82228,2.96130,-1.82228,2.96130,1.00000,0.00000,0,0.00028,-0.20187,-0.21038,0.00389,1.04515,1.06958,-0.24951,-0.24699,-0.00246,1.95849,1.85826,-0.18213,-0.18469,0.00103,2.59518,2.54132,-0.20971,-0.21019,0.00610,-1.36945,-1.34969,-0.00454,-0.00512,0.00014,-0.34601,-0.35818,-0.20768,-0.21376,0.00213,3.80610,3.81869
48.9182,0.93255,-0.23277,0.93255,-0.23277,0.73379,-0.32358,-1.90328,2.58703,-2.63708,2.91061,-2.63708,2.91061,0.00000,0.00000,0,0.00032,-0.18313,-0.20938,0.02861,-0.47651,-0.20598,-0.28744,-0.25862,-0.24499,3.76943,3.75394,-0.21911,-0.20090,-0.42211,3.36974,3.48580,-0.19584,-0.20042,0.32837,-1.00108,-1.11163,0.01440,0.00227,0.14455,-1.12929,-1.19119,-0.18486,-0.21346,0.01206,1.90805,1.92575
49.0188,1.14164,0.30395,1.14164,0.30395,1.05210,0.11377,-1.93178,2.58902,-2.98388,2.47525,-2.98388,2.47525,0.00000,0.00000,0,0.00031,-0.15787,-0.19848,0.21239,-1.40510,-1.42287,-0.30169,-0.28308,-0.05786,3.47210,3.50576,-0.23668,-0.22914,-0.17517,3.19961,3.26652,-0.20675,-0.18277,-0.01234,0.48195,0.29518,0.00661,0.00327,-0.00050,-0.65168,-0.84498,-0.15953,-0.21280,0.01565,-0.27334,0.24938
49.1191,1.06735,0.45131,1.06735,0.45131,1.08922,0.33648,-1.96445,2.58147,-3.05367,2.24498,-3.05367,2.24498,0.00000,0.00000,0,0.00029,-0.14685,-0.17336,0.13664,-0.74667,-0.80206,-0.30389,-0.28606,-0.00215,3.70430,3.62344,-0.24085,-0.23777,-0.02394,3.21391,3.27011,-0.21477,-0.18373,-0.00582,1.19875,1.09712,-0.00040,0.00325,-0.00313,-0.24420,-0.39737,-0.14903,-0.21165,0.01307,-1.33728,-1.31362
49.2209,1.00060,0.48691,1.00060,0.48691,1.03349,0.45782,-1.99617,2.56874,-3.02967,2.11093,-3.02967,2.11093,0.00000,0.00000,0,0.00089,-0.14177,-0.14890,-0.11282,-0.35587,0.26021,-0.30216,-0.28632,-0.00528,3.65247,3.57485,-0.24035,-0.23962,-0.00070,3.04593,2.98742,-0.22071,-0.18535,-0.00848,1.88278,1.82685,-0.00613,0.00311,-0.01114,0.23183,0.24101,-0.14457,-0.20962,0.02701,-2.14787,-2.09130
49.3220,0.96666,0.55640,0.96666,0.55640,0.97497,0.54612,-2.02595,2.55311,-3.00093,2.00699,-3.00093,2.00699,0.00000,0.00000,0,0.00036,-0.13803,-0.14781,0.00392,-0.24178,-0.25352,-0.30034,-0.28642,-0.00133,3.65257,3.65291,-0.23950,-0.23990,0.00107,2.92725,2.91314,-0.22553,-0.18697,-0.02504,2.50608,2.52928,-0.01083,0.00290,-0.00512,0.68291,0.55181,-0.14136,-0.20581,0.06148,-2.83379,-2.83467
49.4223,0.94094,0.57849,0.94094,0.57849,0.95910,0.55763,-2.05502,2.53669,-3.01412,1.97906,-3.01412,1.97906,0.00000,0.00000,0,0.00032,-0.13660,-0.14737,0.01191,-0.30521,-0.40949,-0.30082,-0.28690,-0.01575,3.85881,3.70398,-0.24022,-0.24018,-0.00715,2.98009,3.00027,-0.22641,-0.18845,-0.01463,2.77909,2.65562,-0.01157,0.00276,-0.00022,0.72675,0.82251,-0.13997,-0.19012,0.40680,-1.48654,-1.52757
49.5252,0.80966,0.60498,0.80966,0.60498,0.85573,0.60248,-2.08194,2.51886,-2.93767,1.91638,-2.93767,1.91638,0.00000,0.00000,0,0.00033,-0.13555,-0.14619,0.00981,-0.56561,-0.61906,-0.29697,-0.28706,-0.00293,3.72556,3.68082,-0.23701,-0.24043,-0.00083,2.70765,2.73027,-0.23048,-0.19361,-0.11297,3.01781,2.98791,-0.01590,0.00233,-0.01324,1.26487,1.27578,-0.13955,-0.17476,0.03311,-2.10480,-2.11004
49.6274,0.72940,0.60735,0.72940,0.60735,0.77280,0.61545,-2.10614,2.50045,-2.87894,1.88501,-2.87894,1.88501,0.00000,0.00000,0,0.00076,-0.13544,-0.14568,0.00864,-0.63491,-0.54516,-0.29409,-0.28707,-0.00842,3.66901,3.66504,-0.23448,-0.24039,0.00227,2.48427,2.40715,-0.23292,-0.21332,-0.21802,1.89900,2.00973,-0.01860,0.00179,-0.01275,1.66680,1.69333,-0.13986,-0.17287,0.02982,-2.38844,-2.48749
49.7274,0.65709,0.55194,0.65709,0.55194,0.68400,0.56098,-2.12752,2.48307,-2.81152,1.92209,-2.81152,1.92209,0.00000,0.00000,0,0.00028,-0.13836,-0.14559,0.00719,-0.44092,-0.50331,-0.29112,-0.28707,-0.00510,3.51250,3.52775,-0.23125,-0.24024,0.00254,2.18023,2.20894,-0.23273,-0.22179,-0.00895,2.05097,2.02142,-0.01890,0.00126,-0.00121,1.84170,1.85871,-0.14299,-0.17225,-0.00144,-2.51863,-2.61261
49.8283,0.64823,0.55271,0.64823,0.55271,0.65333,0.55516,-2.14736,2.46632,-2.80069,1.91116,-2.80069,1.91116,0.00000,0.00000,0,0.00026,-0.13812,-0.14557,0.00364,-0.60294,-0.58320,-0.29057,-0.28705,0.00213,3.57209,3.60967,-0.23080,-0.24021,-0.00914,2.06337,2.17044,-0.23339,-0.22284,-0.01797,2.15197,2.20533,-0.01959,0.00036,-0.00883,2.08034,2.09858,-0.14286,-0.17106,0.01740,-2.78937,-2.70183
49.9301,0.62563,0.55949,0.62563,0.55949,0.63659,0.55737,-2.16669,2.44965,-2.80328,1.89228,-2.80328,1.89228,0.00000,0.00000,0,0.00109,-0.13728,-0.14515,0.00220,-0.73950,-0.75226,-0.29060,-0.28706,0.00254,3.64320,3.60485,-0.23100,-0.24015,-0.00075,2.01228,2.00474,-0.23411,-0.22416,-0.02139,2.20239,2.12826,-0.02025,-0.00074,-0.01146,2.27271,2.23304,-0.14208,-0.16679,0.08528,-2.70923,-2.64174
50.0299,0.56974,0.58230,0.56974,0.58230,0.59046,0.57379,-2.18498,2.43265,-2.77544,1.85885,-2.77544,1.85885,0.00000,0.00000,0,0.00030,-0.13646,-0.14461,0.00656,-0.83940,-0.80668,-0.28915,-0.28709,-0.00556,3.52470,3.61771,-0.22988,-0.24007,-0.00174,1.80113,1.82055,-0.23603,-0.22632,-0.02944,2.26175,2.30322,-0.02223,-0.00189,-0.01550,2.51295,2.67010,-0.14152,-0.16016,0.04742,-2.64968,-2.61863
50.1304,0.51111,0.58895,0.51111,0.58895,0.54219,0.58511,-2.20191,2.41520,-2.74410,1.83009,-2.74410,1.83009,0.00000,0.00000,0,0.00024,-0.13590,-0.14390,-0.00058,-0.94517,-0.94097,-0.28756,-0.28708,-0.00271,3.46822,3.34847,-0.22858,-0.24000,-0.01377,1.62329,1.69785,-0.23783,-0.23027,-0.06553,2.11406,2.03452,-0.02413,-0.00305,-0.00240,2.83623,2.82246,-0.14124,-0.15263,0.14625,-2.07051,-1.95679
50.2316,0.41366,0.58088,0.41366,0.58088,0.45223,0.58701,-2.21655,2.39750,-2.66877,1.81049,-2.66877,1.81049,0.00000,0.00000,0,0.00034,-0.13662,-0.14354,0.00276,-0.96275,-0.97107,-0.28396,-0.28706,-0.00046,3.19682,3.23585,-0.22523,-0.23970,0.00972,1.27088,1.32920,-0.24011,-0.24078,-0.09634,1.56349,1.44121,-0.02680,-0.00428,-0.01184,3.18076,3.29330,-0.14242,-0.14756,-0.00202,-2.16123,-2.28933
50.3359,0.38359,0.55182,0.38359,0.55182,0.40100,0.56311,-2.22912,2.38031,-2.63011,1.81719,-2.63011,1.81719,0.00000,0.00000,0,0.00032,-0.13769,-0.14347,-0.00317,-0.95259,-0.99188,-0.28219,-0.28703,0.00413,3.07509,3.14799,-0.22344,-0.23946,-0.00533,0.93764,0.89316,-0.24060,-0.24609,-0.01859,1.41064,1.45450,-0.02753,-0.00513,-0.01391,3.49189,3.58478,-0.14367,-0.14747,-0.00211,-2.13932,-1.99491
50.4373,0.37066,0.55085,0.37066,0.55085,0.37927,0.55302,-2.24072,2.36364,-2.62000,1.81062,-2.62000,1.81062,0.00000,0.00000,0,0.00029,-0.13762,-0.14329,-0.00016,-1.02335,-1.06545,-0.28169,-0.28702,0.00332,2.99490,3.01480,-0.22301,-0.23922,0.00215,0.74534,0.65894,-0.24107,-0.24654,-0.00438,1.36343,1.46729,-0.02804,-0.00581,-0.00956,3.74727,3.73480,-0.14368,-0.14742,-0.00216,-2.19772,-2.31036
50.5384,0.36651,0.54551,0.36651,0.54551,0.36989,0.54763,-2.25191,2.34715,-2.62180,1.79952,-2.62180,1.79952,0.00000,0.00000,0,0.00029,-0.13712,-0.14301,0.00728,-1.10574,-1.14723,-0.28173,-0.28699,0.00371,2.96081,2.81210,-0.22314,-0.23907,-0.00454,0.57346,0.62914,-0.24149,-0.24662,0.00138,1.32865,1.46956,-0.02842,-0.00668,-0.02177,3.93515,4.06261,-0.14321,-0.14735,0.00703,-2.24475,-2.17484
50.6399,0.35503,0.55011,0.35503,0.55011,0.36091,0.54842,-2.26286,2.33073,-2.62378,1.78230,-2.62378,1.78230,0.00000,0.00000,0,0.00032,-0.13636,-0.14260,0.00414,-1.20745,-1.17333,-0.28174,-0.28698,0.00033,2.90298,2.75621,-0.22330,-0.23884,0.00493,0.43583,0.43797,-0.24215,-0.24667,-0.00008,1.31451,1.23875,-0.02902,-0.00774,-0.01576,4.16651,4.25832,-0.14251,-0.14726,0.00316,-2.37038,-2.25497
50.7446,0.35024,0.54749,0.35024,0.54749,0.35247,0.54825,-2.27352,2.31426,-2.62599,1.76601,-2.62599,1.76601,0.00000,0.00000,0,0.00149,-0.13564,-0.14217,0.00448,-1.27254,-1.20443,-0.28177,-0.28693,0.00953,2.82069,3.03214,-0.22347,-0.23853,0.00343,0.27116,0.21920,-0.24278,-0.24669,-0.00252,1.30216,1.34029,-0.02959,-0.00961,-0.00649,4.32147,4.23546,-0.14184,-0.14706,0.00106,-2.45954,-2.38746
50.8454,0.33431,0.54656,0.33431,0.54656,0.34184,0.54718,-2.28393,2.29784,-2.62577,1.75066,-2.62577,1.75066,0.00000,0.00000,0,0.00039,-0.13501,-0.14154,0.01482,-1.35925,-1.41406,-0.28169,-0.28692,0.00212,2.73835,2.57903,-0.22353,-0.23812,0.01208,0.12551,0.11578,-0.24341,-0.24671,0.00340,1.29878,1.21800,-0.03018,-0.01250,-0.02795,4.34227,4.37815,-0.14126,-0.14670,0.01347,-2.51829,-2.43152
50.9463,0.31139,0.54004,0.31139,0.54004,0.32121,0.54296,-2.29382,2.28149,-2.61503,1.73853,-2.61503,1.73853,0.00000,0.00000,0,0.00044,-0.13472,-0.14090,0.00452,-1.44545,-1.34609,-0.28114,-0.28691,-0.00184,2.68436,2.76133,-0.22309,-0.23737,0.01357,0.00284,-0.00261,-0.24412,-0.24673,-0.00091,1.31440,1.35600,-0.03092,-0.01517,-0.02147,4.49413,4.55069,-0.14108,-0.14638,0.01189,-2.55945,-2.51772
51.0481,0.29991,0.53715,0.29991,0.53715,0.30620,0.53871,-2.30317,2.26529,-2.60937,1.72659,-2.60937,1.72659,0.00000,0.00000,0,0.00038,-0.13434,-0.14036,0.00528,-1.48034,-1.44505,-0.28082,-0.28685,-0.00373,2.56482,2.53831,-0.22288,-0.23639,0.00954,-0.14264,-0.04609,-0.24472,-0.24677,-0.00406,1.30043,1.34768,-0.03152,-0.01650,-0.00868,4.61414,4.53948,-0.14077,-0.14606,0.00595,-2.63338,-2.71715
51.1496,0.28231,0.52503,0.28231,0.52503,0.28999,0.52946,-2.31207,2.24929,-2.60206,1.71983,-2.60206,1.71983,0.00000,0.00000,0,0.00031,-0.13421,-0.13977,0.00836,-1.52169,-1.49022,-0.28045,-0.28679,0.00331,2.49756,2.65032,-0.22258,-0.23520,0.01625,-0.20802,-0.18688,-0.24514,-0.24680,-0.00349,1.32364,1.31736,-0.03196,-0.01798,-0.01900,4.73750,4.86735,-0.14070,-0.14576,0.01013,-2.66800,-2.78597
51.2505,0.27199,0.51911,0.27199,0.51911,0.27728,0.52254,-2.32054,2.23354,-2.59782,1.71100,-2.59782,1.71100,0.00000,0.00000,0,0.00031,-0.13393,-0.13914,0.00536,-1.55328,-1.52272,-0.28021,-0.28675,0.00475,2.38449,2.33427,-0.22242,-0.23378,0.01687,-0.29082,-0.20827,-0.24559,-0.24682,-0.00098,1.32630,1.29497,-0.03241,-0.02006,-0.02417,4.73922,4.88835,-0.14048,-0.14555,-0.00518,-2.75702,-2.83411
51.3511,0.23632,0.49519,0.23632,0.49519,0.25387,0.50605,-2.32850,2.21812,-2.58236,1.71207,-2.58236,1.71207,0.00000,0.00000,0,0.00027,-0.13429,-0.13822,0.00909,-1.56663,-1.52090,-0.27950,-0.28669,0.00569,2.24158,2.09238,-0.22171,-0.23179,0.01164,-0.30640,-0.22364,-0.24585,-0.24685,0.00147,1.31889,1.39466,-0.03276,-0.02643,-0.08199,4.30142,4.32941,-0.14091,-0.14541,-0.00001,-2.80451,-2.74486
51.4531,0.18578,0.47196,0.18578,0.47196,0.20551,0.48382,-2.33523,2.20333,-2.54073,1.71951,-2.54073,1.71951,0.00000,0.00000,0,0.00029,-0.13544,-0.13737,0.00332,-1.44617,-1.34800,-0.27759,-0.28649,0.00200,1.99813,1.92567,-0.21979,-0.22899,0.04944,-0.30043,-0.19749,-0.24636,-0.24689,-0.00237,1.34075,1.35991,-0.03354,-0.03104,-0.01024,4.30191,4.12397,-0.14226,-0.14534,-0.00109,-2.72895,-2.66245
51.5564,0.16470,0.39113,0.16470,0.39113,0.17768,0.42737,-2.34087,2.18965,-2.51855,1.76228,-2.51855,1.76228,0.00000,0.00000,0,0.00101,-0.13767,-0.13711,0.00232,-1.29418,-1.41680,-0.27675,-0.28618,0.00032,1.90540,1.90816,-0.21860,-0.21876,0.00120,0.10753,0.14579,-0.24505,-0.24691,0.00467,1.26069,1.26140,-0.03247,-0.03216,-0.00138,4.20401,4.01114,-0.14445,-0.14533,-0.00580,-2.61290,-2.56979
51.6571,0.16896,0.38802,0.16896,0.38802,0.16742,0.39671,-2.34590,2.17746,-2.51331,1.78075,-2.51331,1.78075,0.00000,0.00000,0,0.00028,-0.13854,-0.13720,-0.00243,-1.27123,-1.24077,-0.27659,-0.28592,0.00416,1.77595,1.89723,-0.21828,-0.21833,0.00242,0.10806,0.13055,-0.24439,-0.24693,-0.00457,1.15797,1.15435,-0.03190,-0.03258,-0.00099,4.14677,4.28830,-0.14529,-0.14530,0.00400,-2.54690,-2.41720
51.7578,0.16131,0.38983,0.16131,0.38983,0.16166,0.39106,-2.35079,2.16569,-2.51245,1.77463,-2.51245,1.77463,0.00000,0.00000,0,0.00027,-0.13831,-0.13721,-0.00644,-1.27824,-1.23046,-0.27653,-0.28578,0.00158,1.68196,1.60051,-0.21827,-0.21827,0.00878,0.15308,0.16128,-0.24466,-0.24693,-0.00493,1.16277,1.25302,-0.03216,-0.03288,-0.01009,4.12575,4.12070,-0.14508,-0.14532,-0.01006,-2.60583,-2.67824
51.8591,0.15657,0.39262,-0.84343,0.39262,-0.35384,0.39180,-2.40297,2.15395,-2.04913,1.76216,-2.04913,1.76216,1.00000,0.00000,0,0.00038,-0.14720,-0.13719,0.00605,-0.55978,-1.13439,-0.25491,-0.28559,0.00915,1.57755,1.73081,-0.19723,-0.21825,-0.00118,0.13254,0.05746,-0.25430,-0.24692,-0.00141,1.86594,1.56415,-0.04449,-0.03317,-0.01541,4.99648,5.04835,-0.15652,-0.14529,-0.00557,-2.64639,-2.76327
51.9596,0.08314,0.19851,-0.91686,0.19851,-0.79538,0.29780,-2.38303,2.14324,-1.58765,1.84545,-1.58765,1.84545,1.00000,0.00000,0,0.00027,-0.16002,-0.14062,-0.03061,0.02021,0.02205,-0.23380,-0.27398,0.13137,-0.88685,-0.88293,-0.17591,-0.18971,0.54899,0.36104,-0.12366,-0.25995,-0.25072,-0.02147,2.20179,2.27449,-0.05316,-0.04167,-0.04820,5.20402,5.24735,-0.17158,-0.14549,-0.00088,-0.61058,-0.66736
52.0601,0.01109,-0.08865,-0.98891,-0.08865,-0.95344,0.04450,-2.35589,2.13899,-1.40246,2.09449,-1.40246,2.09449,1.00000,0.00000,0,0.00029,-0.17416,-0.14455,-0.03304,0.95282,0.82586,-0.22623,-0.25033,-0.00038,-0.34475,-0.08457,-0.16654,-0.17605,0.10057,-0.59044,-0.70195,-0.25336,-0.25076,-0.00567,1.71675,1.87778,-0.04842,-0.04521,-0.03328,4.58539,4.65636,-0.18578,-0.14582,-0.00546,0.62589,0.46779
52.1631,-0.02075,-0.29285,-1.02075,-0.29285,-0.99221,-0.17070,-2.32676,2.14136,-1.33455,2.31206,-1.33455,2.31206,1.00000,0.00000,0,0.00046,-0.18463,-0.14773,-0.03894,1.89837,2.00989,-0.22398,-0.24819,0.01359,-0.44950,-0.26945,-0.16263,-0.15373,0.01382,0.45846,0.78820,-0.24577,-0.25058,0.00335,1.23456,1.32026,-0.04187,-0.04585,-0.00363,4.17290,4.18126,-0.19575,-0.14613,-0.00463,1.87829,1.80924
52.2668,-0.00592,-0.31092,-1.00592,-0.31092,-1.00970,-0.28119,-2.29641,2.14885,-1.28671,2.43004,-1.28671,2.43004,1.00000,0.00000,0,0.00034,-0.19053,-0.15072,-0.01284,2.61829,2.71698,-0.22224,-0.24542,0.02625,-0.59786,-0.57582,-0.16001,-0.15350,0.00237,0.37842,0.36993,-0.24187,-0.25036,0.00052,0.78238,0.79687,-0.03860,-0.04582,-0.00360,3.82036,3.76387,-0.20144,-0.14654,0.00653,2.78543,2.63008
52.3691,-0.00598,-0.33129,-1.00598,-0.33129,-1.01271,-0.31604,-2.26599,2.15799,-1.25328,2.47403,-1.25328,2.47403,1.00000,0.00000,0,0.00120,-0.19305,-0.15252,-0.03067,3.04879,3.09451,-0.22086,-0.24389,0.03045,-0.84993,-0.84819,-0.15833,-0.15334,-0.00112,0.35701,0.44785,-0.24072,-0.25027,-0.01029,0.65374,0.70449,-0.03779,-0.04581,-0.01222,3.71361,3.79552,-0.20397,-0.14697,-0.00211,3.58822,3.68283
52.4685,-0.00936,-0.33929,-1.00936,-0.33929,-1.01095,-0.33147,-2.23564,2.16775,-1.22469,2.49922,-1.22469,2.49922,1.00000,0.00000,0,0.00032,-0.19468,-0.15550,-0.05084,3.33471,3.21575,-0.21963,-0.24218,0.02213,-1.13062,-0.97422,-0.15694,-0.15326,-0.00147,0.31862,0.29930,-0.24025,-0.25011,0.00143,0.54167,0.53667,-0.03756,-0.04576,-0.00193,3.59598,3.74559,-0.20566,-0.14794,-0.01566,4.27485,4.35714
52.5704,0.01946,-0.37627,-0.98054,-0.37627,-0.99307,-0.36008,-2.20560,2.17819,-1.21253,2.53827,-1.21253,2.53827,1.00000,0.00000,0,0.00027,-0.19656,-0.16382,-0.13604,3.07474,3.12480,-0.21922,-0.23974,0.02923,-1.23901,-1.39985,-0.15624,-0.15320,-0.00646,0.34214,0.40233,-0.23889,-0.24994,0.00377,0.33834,0.21666,-0.03639,-0.04573,-0.00060,3.43427,3.35805,-0.20745,-0.14907,-0.01036,5.01093,5.03842
52.6714,0.07485,-0.45648,-0.92515,-0.45648,-0.94765,-0.42019,-2.17656,2.18995,-1.22891,2.61014,-1.22891,2.61014,1.00000,0.00000,0,0.00031,-0.19923,-0.17897,-0.07286,2.68297,2.66119,-0.22029,-0.23735,0.01587,-1.24223,-1.17476,-0.15671,-0.15318,0.00143,0.41527,0.36370,-0.23563,-0.24962,0.00787,0.06923,0.16105,-0.03322,-0.04563,0.00250,3.15590,3.22758,-0.20974,-0.15482,-0.07884,5.21251,5.18604
52.7740,0.09949,-0.48629,-0.90051,-0.48629,-0.91297,-0.46727,-2.14880,2.20346,-1.23583,2.67072,-1.23583,2.67072,1.00000,0.00000,0,0.00041,-0.20163,-0.18320,-0.02666,2.98784,2.98017,-0.22086,-0.23372,0.09999,-0.92114,-0.96523,-0.15679,-0.15323,-0.00522,0.47074,0.46911,-0.23301,-0.24898,0.00059,-0.28666,-0.28147,-0.03073,-0.04544,0.00593,2.80492,2.79868,-0.21184,-0.16090,-0.06202,5.75170,5.86959
52.8743,0.13407,-0.55493,-0.86593,-0.55493,-0.88386,-0.52705,-2.12189,2.21853,-1.23802,2.74558,-1.23802,2.74558,1.00000,0.00000,0,0.00034,-0.20472,-0.18663,-0.05330,3.13756,3.29059,-0.22127,-0.22774,0.01750,-0.86745,-0.96395,-0.15661,-0.15322,0.00313,0.51985,0.52613,-0.22991,-0.24835,0.01188,-0.62397,-0.57108,-0.02782,-0.04530,-0.01003,2.45380,2.38867,-0.21461,-0.16914,-0.10777,5.84131,5.89590
52.9766,0.18808,-0.59077,-0.81192,-0.59077,-0.83690,-0.57146,-2.09620,2.23518,-1.25930,2.80664,-1.25930,2.80664,1.00000,0.00000,0,0.00033,-0.20684,-0.19152,-0.05494,3.12978,3.05364,-0.22252,-0.22736,0.00260,-0.86133,-0.73469,-0.15734,-0.15325,0.00595,0.60881,0.64787,-0.22700,-0.24722,0.01246,-1.00617,-0.95206,-0.02494,-0.04503,-0.00018,2.03963,2.21295,-0.21636,-0.17550,-0.04513,6.21052,6.19051
53.0778,0.27956,-0.65757,-0.72044,-0.65757,-0.76624,-0.62254,-2.07221,2.25312,-1.30597,2.87566,-1.30597,2.87566,1.00000,0.00000,0,0.00073,-0.20878,-0.20229,-0.09985,2.54537,2.55458,-0.22499,-0.22731,0.00278,-0.80272,-0.87861,-0.15918,-0.15333,0.00264,0.76841,0.58624,-0.22327,-0.24578,0.01940,-1.38894,-1.31055,-0.02110,-0.04458,0.00742,1.54201,1.56202,-0.21776,-0.18112,-0.04268,6.42024,6.39660
53.1785,0.32849,-0.68283,-0.67151,-0.68283,-0.69862,-0.67126,-2.05050,2.27282,-1.35188,2.94408,-1.35188,2.94408,1.00000,0.00000,0,0.00027,-0.21072,-0.20718,-0.01468,2.61772,2.66330,-0.22742,-0.22733,-0.01106,-0.58916,-0.57481,-0.16099,-0.15351,-0.00577,0.96788,0.97083,-0.21958,-0.24258,0.03214,-1.68555,-1.65624,-0.01731,-0.04412,0.00348,1.00510,1.13689,-0.21916,-0.18383,-0.03293,6.78168,6.72902
53.2797,0.39529,-0.70355,-0.60471,-0.70355,-0.63819,-0.69200,-2.03060,2.29332,-1.39241,2.98531,-1.39241,2.98531,1.00000,0.00000,0,0.00030,-0.21162,-0.20824,-0.00139,2.68431,2.59707,-0.22949,-0.22737,-0.00637,-0.49421,-0.37807,-0.16265,-0.15365,-0.00482,1.12966,1.20143,-0.21711,-0.23809,0.05247,-1.72309,-1.69748,-0.01469,-0.04272,0.01422,0.66934,0.71173,-0.21967,-0.19166,-0.14581,6.32582,6.20570
53.3819,0.59904,-0.72747,-0.40096,-0.72747,-0.49123,-0.72740,-2.01374,2.31479,-1.52251,3.04219,-1.52251,3.04219,1.00000,0.00000,0,0.00031,-0.21136,-0.20956,-0.01258,2.66070,2.67648,-0.23582,-0.22759,-0.00867,0.01663,-0.01292,-0.16830,-0.15393,0.00580,1.55674,1.64156,-0.21226,-0.22551,0.26984,-0.72227,-0.81162,-0.00917,-0.04064,0.02541,0.15872,0.24406,-0.21845,-0.21264,-0.03751,5.43551,5.39839
53.4849,0.64216,-0.70751,-0.35784,-0.70751,-0.38567,-0.71070,-2.00123,2.33630,-1.61556,3.04700,-1.61556,3.04700,1.00000,0.00000,0,0.00032,-0.20966,-0.20959,0.00630,2.49146,2.45780,-0.24020,-0.22871,-0.00706,0.34048,0.34052,-0.17247,-0.15464,-0.01229,2.09559,2.19720,-0.21025,-0.21609,0.01163,-1.12405,-1.14945,-0.00659,-0.03796,0.01794,-0.28997,-0.35447,-0.21624,-0.21342,-0.00119,5.28399,5.35692
53.5863,0.64291,-0.70008,-0.35709,-0.70008,-0.36096,-0.70470,-1.99023,2.35754,-1.62926,3.06224,-1.62926,3.06224,1.00000,0.00000,0,0.00029,-0.21002,-0.20969,-0.00149,2.54080,2.46471,-0.24090,-0.22934,-0.00535,0.43373,0.49335,-0.17303,-0.15497,-0.00099,2.27329,2.31681,-0.20936,-0.21507,0.00872,-1.16485,-1.09995,-0.00565,-0.03565,0.02872,-0.52869,-0.62224,-0.21646,-0.21353,0.00108,5.38875,5.28651
53.6873,0.65892,-0.69947,-0.34108,-0.69947,-0.34777,-0.70149,-1.97962,2.37861,-1.63184,3.08010,-1.63184,3.08010,1.00000,0.00000,0,0.00026,-0.21072,-0.20975,0.00105,2.59141,2.58148,-0.24110,-0.22967,-0.00514,0.51689,0.47706,-0.17307,-0.15526,-0.00608,2.45712,2.52640,-0.20858,-0.21451,-0.00110,-1.26751,-1.21482,-0.00490,-0.03185,0.03754,-0.62730,-0.54175,-0.21707,-0.21372,0.00022,5.44882,5.60976
53.7891,0.67834,-0.68882,-0.32166,-0.68882,-0.33021,-0.69403,-1.96950,2.39955,-1.63929,3.09358,-1.63929,3.09358,1.00000,0.00000,0,0.00117,-0.21113,-0.20987,-0.00428,2.61613,2.51737,-0.24150,-0.23012,-0.00232,0.67292,0.68971,-0.17335,-0.15572,-0.00687,2.63771,2.73139,-0.20789,-0.21370,0.01808,-1.29825,-1.45506,-0.00420,-0.02896,0.01484,-0.84322,-0.85048,-0.21738,-0.21400,-0.00858,5.48374,5.48879
53.8892,0.70141,-0.67851,-0.29859,-0.67851,-0.31008,-0.68321,-1.95992,2.42017,-1.64984,3.10337,-1.64984,3.10337,1.00000,0.00000,0,0.00036,-0.21133,-0.20992,0.00048,2.62536,2.65106,-0.24204,-0.23075,-0.00927,0.80078,0.83451,-0.17379,-0.15623,-0.01336,2.83845,2.86074,-0.20728,-0.21303,0.00852,-1.37549,-1.27070,-0.00355,-0.02573,0.04076,-0.90349,-0.89512,-0.21748,-0.21414,-0.00260,5.52346,5.61453
53.9906,0.79244,-0.66104,-0.20756,-0.66104,-0.24386,-0.65972,-1.95161,2.44023,-1.70774,3.09995,-1.70774,3.09995,1.00000,0.00000,0,0.00030,-0.21001,-0.20996,-0.00309,2.56180,2.65161,-0.24474,-0.23179,-0.01929,1.05040,1.11358,-0.17641,-0.15700,-0.01921,3.12131,3.07316,-0.20629,-0.21209,-0.00435,-1.43809,-1.52239,-0.00219,-0.01382,0.04083,-0.36096,-0.21546,-0.21586,-0.21423,0.00227,5.46702,5.42405
54.0920,0.83444,-0.62967,-0.16556,-0.62967,-0.19155,-0.63828,-1.94529,2.45966,-1.75374,3.09793,-1.75374,3.09793,1.00000,0.00000,0,0.00151,-0.20898,-0.20995,0.00083,2.49149,2.45599,-0.24688,-0.23433,-0.02291,1.13451,1.13363,-0.17849,-0.15836,-0.00510,3.49526,3.42806,-0.20548,-0.21113,0.01244,-1.48573,-1.48909,-0.00109,-0.00882,0.08574,-0.10116,-0.22737,-0.21460,-0.21428,-0.00352,5.35858,5.28997
54.1943,0.86690,-0.60857,-0.13310,-0.60857,-0.14358,-0.61829,-1.94055,2.47846,-1.79697,3.09674,-1.79697,3.09674,1.00000,0.00000,0,0.00133,-0.20805,-0.20994,0.00293,2.38765,2.44051,-0.24890,-0.23755,-0.02890,1.21157,1.09248,-0.18045,-0.16022,-0.01436,3.72028,3.84768,-0.20468,-0.21046,0.02172,-1.54894,-1.60095,-0.00002,-0.00620,0.00627,-0.32916,-0.30266,-0.21344,-0.21429,0.00143,5.27829,5.58308
54.2962,0.87713,-0.58112,-0.12287,-0.58112,-0.12717,-0.59411,-1.93657,2.49658,-1.80940,3.09068,-1.80940,3.09068,1.00000,0.00000,0,0.00152,-0.20755,-0.20995,-0.00079,2.34790,2.30418,-0.24946,-0.23926,-0.00764,1.27314,1.34224,-0.18103,-0.16295,-0.04036,3.75055,3.77090,-0.20469,-0.20962,0.00903,-1.57321,-1.49621,0.00007,-0.00579,0.00761,-0.38602,-0.40566,-0.21290,-0.21430,0.00219,5.23571,5.09446
54.3960,0.88934,-0.53286,-0.11066,-0.53286,-0.11659,-0.55623,-1.93294,2.51378,-1.81635,3.07000,-1.81635,3.07000,1.00000,0.00000,0,0.00032,-0.20654,-0.20993,-0.00130,2.27531,2.25893,-0.24970,-0.24052,-0.01476,1.30419,1.29176,-0.18143,-0.16945,-0.07636,3.39080,3.46529,-0.20540,-0.20938,0.00432,-1.58898,-1.58311,-0.00054,-0.00560,-0.00179,-0.42645,-0.24414,-0.21194,-0.21430,0.00613,5.18639,5.38821
54.4970,0.89790,-0.47511,-0.10210,-0.47511,-0.10444,-0.50330,-1.92969,2.52950,-1.82526,3.03280,-1.82526,3.03280,1.00000,0.00000,0,0.00031,-0.20480,-0.20990,-0.00935,2.06647,2.03550,-0.24996,-0.24171,-0.01857,1.35320,1.31792,-0.18198,-0.17652,-0.11026,2.97411,2.90310,-0.20674,-0.20929,-0.00344,-1.58133,-1.48315,-0.00174,-0.00554,0.00056,-0.38712,-0.33875,-0.21030,-0.21430,0.00100,5.01330,5.15354
54.5976,0.91666,-0.40205,-0.08334,-0.40205,-0.09151,-0.42932,-1.92677,2.54322,-1.83526,2.97254,-1.83526,2.97254,1.00000,0.00000,0,0.00035,-0.20207,-0.20982,-0.00479,1.82315,1.79052,-0.25016,-0.24290,-0.00019,1.41211,1.35401,-0.18267,-0.18376,-0.02594,2.77863,2.70502,-0.20900,-0.20930,0.00606,-1.37182,-1.24069,-0.00378,-0.00549,0.00873,-0.24450,-0.19698,-0.20777,-0.21429,0.00904,4.80060,4.78625
54.6983,0.90793,-0.39156,-0.09207,-0.39156,-0.09176,-0.39896,-1.92403,2.55546,-1.83227,2.95442,-1.83227,2.95442,1.00000,0.00000,0,0.00028,-0.20137,-0.20977,-0.00206,1.68792,1.64557,-0.24995,-0.24325,-0.00702,1.44782,1.44866,-0.18260,-0.18449,-0.00843,2.79638,2.71681,-0.20979,-0.20933,-0.00053,-1.34825,-1.52230,-0.00455,-0.00549,0.00836,-0.21739,-0.17977,-0.20716,-0.21431,0.00100,4.64668,4.66779
54.7995,0.91025,-0.39323,-0.08975,-0.39323,-0.09100,-0.39344,-1.92130,2.56730,-1.83029,2.96074,-1.83029,2.96074,1.00000,0.00000,0,0.00031,-0.20168,-0.20975,-0.00194,1.63649,1.73210,-0.24988,-0.24353,-0.00814,1.51176,1.52029,-0.18249,-0.18472,0.00123,2.74735,2.70423,-0.20957,-0.20932,-0.00116,-1.36375,-1.21680,-0.00436,-0.00552,-0.00524,-0.27311,-0.29052,-0.20745,-0.21430,-0.00052,4.59504,4.71992
54.9011,0.90690,-0.39111,0.90690,-0.39111,0.56490,-0.39222,-1.87594,2.57910,-2.44085,2.97132,-2.44085,2.97132,0.00000,0.00000,0,0.00032,-0.18967,-0.20950,0.01029,0.90528,1.07464,-0.27852,-0.24508,-0.22257,2.46212,2.51826,-0.20999,-0.18660,-0.16788,3.64716,3.61487,-0.19721,-0.20855,0.07326,-1.81848,-1.84045,0.01170,-0.00534,0.02443,-1.11866,-0.79127,-0.19218,-0.21419,0.00167,3.67288,3.84580
55.0026,1.15990,0.09609,1.15990,0.09609,0.98913,-0.11314,-1.90088,2.58712,-2.89001,2.70025,-2.89001,2.70025,0.00000,0.00000,0,0.00039,-0.16917,-0.20827,0.02472,-0.53283,-0.15764,-0.29833,-0.26629,-0.15877,3.30610,3.26524,-0.23145,-0.22159,-0.14690,3.30534,3.20440,-0.19944,-0.18185,0.01827,-0.44377,-0.29555,0.01282,0.00328,0.00286,-1.29271,-1.34074,-0.17044,-0.21388,0.00153,1.46989,1.70726
55.1044,1.18348,0.34324,1.18348,0.34324,1.14525,0.22858,-1.93385,2.58379,-3.07911,2.35521,-3.07911,2.35521,0.00000,0.00000,0,0.00035,-0.15093,-0.19333,0.26614,-1.02382,-1.12912,-0.30559,-0.28372,-0.03492,3.28041,3.11485,-0.24152,-0.23908,-0.01702,3.30319,3.46635,-0.20977,-0.18261,-0.01616,0.70638,0.40783,0.00445,0.00327,-0.00041,-0.48713,-0.63598,-0.15255,-0.21302,0.01721,-0.10109,0.07327
55.2063,1.08774,0.50099,1.08774,0.50099,1.11272,0.42451,-1.96784,2.57328,-3.08056,2.14877,-3.08056,2.14877,0.00000,0.00000,0,0.00028,-0.14230,-0.17179,0.13222,-0.73772,-0.81137,-0.30471,-0.28529,-0.00307,3.36426,3.29171,-0.24249,-0.24069,-0.01063,3.17944,3.25280,-0.21817,-0.18390,-0.02553,1.40253,1.44475,-0.00339,0.00322,-0.00465,0.00654,-0.02824,-0.14470,-0.21211,0.01064,-1.20268,-1.02212
55.3070,1.02630,0.53351,1.02630,0.53351,1.06335,0.48873,-2.00047,2.55941,-3.06382,2.07067,-3.06382,2.07067,0.00000,0.00000,0,0.00030,-0.13939,-0.14972,-0.08894,-0.21547,0.24784,-0.30356,-0.28552,-0.00581,3.51889,3.58751,-0.24208,-0.24124,-0.00277,3.15406,3.29198,-0.22168,-0.18535,-0.00655,1.97130,2.03097,-0.00680,0.00311,0.00937,0.25913,0.35533,-0.14217,-0.21031,0.02401,-1.93442,-1.86763
55.4095,0.99480,0.56535,0.99480,0.56535,1.00179,0.56617,-2.03102,2.54296,-3.03281,1.97678,-3.03281,1.97678,0.00000,0.00000,0,0.00029,-0.13612,-0.14809,0.02010,-0.19195,-0.23458,-0.30168,-0.28567,0.00326,3.49356,3.37998,-0.24108,-0.24144,-0.00715,2.98958,3.02267,-0.22613,-0.18742,-0.03224,2.66103,2.66458,-0.01118,0.00285,-0.00389,0.78007,0.71857,-0.13940,-0.20716,0.05101,-2.69250,-2.80177
55.5110,0.97697,0.59600,0.97697,0.59600,0.98592,0.57993,-2.06081,2.52588,-3.04673,1.94595,-3.04673,1.94595,0.00000,0.00000,0,0.00026,-0.13456,-0.14746,0.01882,-0.30257,-0.25986,-0.30219,-0.28617,-0.00672,3.72667,3.81117,-0.24185,-0.24164,-0.00096,3.07569,3.23686,-0.22712,-0.18926,-0.01611,2.96537,2.85351,-0.01200,0.00271,-0.00334,0.88584,0.88570,-0.13788,-0.19734,0.16947,-2.48208,-2.30975
55.6133,0.84098,0.61268,0.84098,0.61268,0.88513,0.61796,-2.08867,2.50760,-2.97380,1.88964,-2.97380,1.88964,0.00000,0.00000,0,0.00032,-0.13370,-0.14628,0.00262,-0.59896,-0.55548,-0.29853,-0.28647,-0.00014,3.63773,3.64064,-0.23877,-0.24182,0.00069,2.85295,2.85820,-0.23086,-0.19470,-0.12325,3.06803,3.20974,-0.01601,0.00236,-0.00853,1.39480,1.26436,-0.13761,-0.17599,0.06931,-2.01918,-2.07514
55.7177,0.71630,0.60031,0.71630,0.60031,0.77395,0.61936,-2.11331,2.48893,-2.88726,1.86956,-2.88726,1.86956,0.00000,0.00000,0,0.00195,-0.13463,-0.14568,0.01077,-0.57989,-0.58045,-0.29441,-0.28646,0.00640,3.57606,3.43144,-0.23492,-0.24176,-0.00724,2.56739,2.48354,-0.23339,-0.21581,-0.12639,2.10585,2.08703,-0.01898,0.00175,-0.00381,1.73537,1.59643,-0.13907,-0.17357,0.01566,-2.38130,-2.44210
55.8185,0.66810,0.58062,0.66810,0.58062,0.69328,0.57695,-2.13488,2.47137,-2.82816,1.89442,-2.82816,1.89442,0.00000,0.00000,0,0.00030,-0.13687,-0.14566,-0.00221,-0.45113,-0.57888,-0.29177,-0.28649,-0.01084,3.39578,3.38083,-0.23212,-0.24159,0.00479,2.25330,2.25784,-0.23354,-0.22277,-0.01408,2.10985,2.07882,-0.01953,0.00089,-0.02847,1.88496,1.99949,-0.14152,-0.17282,0.00992,-2.47557,-2.48602
55.9193,0.66004,0.57175,0.66004,0.57175,0.66732,0.57346,-2.15516,2.45408,-2.82248,1.88062,-2.82248,1.88062,0.00000,0.00000,0,0.00037,-0.13641,-0.14549,-0.00138,-0.65458,-0.64436,-0.29144,-0.28649,-0.00526,3.51229,3.50047,-0.23193,-0.24157,-0.00567,2.14758,2.03953,-0.23421,-0.22441,-0.01783,2.15499,2.25465,-0.02020,-0.00035,-0.01625,2.11361,1.99532,-0.14114,-0.17081,0.02801,-2.72444,-2.84159
56.0196,0.62646,0.58644,0.62646,0.58644,0.64457,0.57827,-2.17484,2.43684,-2.81941,1.85857,-2.81941,1.85857,0.00000,0.00000,0,0.00034,-0.13555,-0.14495,0.01848,-0.75872,-0.73404,-0.29120,-0.28647,0.00209,3.55609,3.65345,-0.23188,-0.24150,0.00332,2.09423,2.06204,-0.23517,-0.22593,-0.02833,2.20661,2.28976,-0.02112,-0.00129,-0.00290,2.34436,2.36302,-0.14039,-0.16550,0.07312,-2.63094,-2.64505
56.1209,0.57625,0.59914,0.57625,0.59914,0.59675,0.59233,-2.19330,2.41924,-2.79005,1.82691,-2.79005,1.82691,0.00000,0.00000,0,0.00030,-0.13483,-0.14429,0.00846,-0.87664,-0.84952,-0.28969,-0.28648,-0.00345,3.45103,3.61738,-0.23068,-0.24140,0.00538,1.88281,2.01819,-0.23705,-0.22863,-0.03387,2.24727,2.12840,-0.02308,-0.00239,-0.01207,2.63424,2.53897,-0.13994,-0.16011,0.03637,-2.69760,-2.57922
56.2223,0.50361,0.59809,0.50361,0.59809,0.53840,0.59743,-2.21025,2.40136,-2.74866,1.80392,-2.74866,1.80392,0.00000,0.00000,0,0.00032,-0.13472,-0.14364,0.00614,-0.98821,-0.90858,-0.28765,-0.28649,-0.00730,3.36907,3.31599,-0.22889,-0.24127,0.00057,1.64651,1.58826,-0.23881,-0.23607,-0.10831,1.68191,1.69260,-0.02501,-0.00348,-0.01400,2.93118,3.00844,-0.14013,-0.14956,0.20767,-1.70639,-1.65940
56.3228,0.40788,0.58840,0.40788,0.58840,0.44088,0.58886,-2.22452,2.38355,-2.66540,1.79469,-2.66540,1.79469,0.00000,0.00000,0,0.00038,-0.13603,-0.14335,-0.00158,-0.94699,-0.94854,-0.28374,-0.28645,0.00792,3.14011,3.11245,-0.22514,-0.24096,0.00255,1.17260,1.20656,-0.24083,-0.24482,-0.04354,1.43696,1.51745,-0.02749,-0.00459,-0.01216,3.29739,3.27706,-0.14191,-0.14721,-0.00433,-2.10405,-2.05320
56.4268,0.39715,0.57583,0.39715,0.57583,0.40524,0.57835,-2.23699,2.36609,-2.64222,1.78774,-2.64222,1.78774,0.00000,0.00000,0,0.00030,-0.13621,-0.14326,0.01013,-1.02098,-0.99920,-0.28263,-0.28645,-0.00742,2.98058,3.08985,-0.22412,-0.24070,0.00033,0.96715,1.00235,-0.24157,-0.24633,-0.00935,1.42872,1.53049,-0.02835,-0.00547,-0.01622,3.60417,3.54081,-0.14224,-0.14714,-0.00094,-2.13322,-2.05976
56.5286,0.39561,0.57301,0.39561,0.57301,0.39728,0.57447,-2.24897,2.34881,-2.64625,1.77434,-2.64625,1.77434,0.00000,0.00000,0,0.00071,-0.13558,-0.14283,0.00716,-1.14639,-1.14488,-0.28275,-0.28643,-0.00087,3.00097,3.18059,-0.22436,-0.24051,0.00058,0.82677,0.93633,-0.24204,-0.24659,-0.00162,1.39720,1.37533,-0.02875,-0.00634,-0.00870,3.88409,3.75395,-0.14163,-0.14705,-0.00265,-2.25883,-2.28028
56.6294,0.38916,0.57876,0.38916,0.57876,0.39168,0.57622,-2.26079,2.33157,-2.65247,1.75535,-2.65247,1.75535,0.00000,0.00000,0,0.00033,-0.13466,-0.14225,-0.00922,-1.27579,-1.29154,-0.28296,-0.28642,0.00298,2.96212,3.07093,-0.22472,-0.24032,0.00702,0.66138,0.59707,-0.24269,-0.24666,-0.00077,1.38092,1.38010,-0.02932,-0.00724,-0.01594,4.07256,4.09610,-0.14075,-0.14680,-0.00432,-2.40003,-2.25537
56.7302,0.37967,0.58032,0.37967,0.58032,0.38397,0.57881,-2.27241,2.31424,-2.65638,1.73543,-2.65638,1.73543,0.00000,0.00000,0,0.00024,-0.13375,-0.14144,0.01069,-1.33784,-1.44055,-0.28305,-0.28644,-0.00692,2.91919,2.81741,-0.22499,-0.24014,0.00185,0.49067,0.52492,-0.24343,-0.24669,0.00504,1.40301,1.38690,-0.02998,-0.00870,-0.02301,4.26492,4.01859,-0.13990,-0.14647,0.00625,-2.46661,-2.26932
56.8318,0.36898,0.58031,0.36898,0.58031,0.37345,0.57966,-2.28374,2.29687,-2.65719,1.71721,-2.65719,1.71721,0.00000,0.00000,0,0.00033,-0.13298,-0.14066,0.00854,-1.44076,-1.40775,-0.28300,-0.28640,-0.00452,2.86361,2.94467,-0.22510,-0.23984,0.00175,0.36100,0.53450,-0.24416,-0.24675,-0.00514,1.38357,1.37818,-0.03066,-0.01117,-0.02052,4.38649,4.43293,-0.13919,-0.14621,0.00634,-2.56324,-2.53326
56.9347,0.34689,0.57784,0.34689,0.57784,0.35624,0.57852,-2.29466,2.27949,-2.65090,1.70097,-2.65090,1.70097,0.00000,0.00000,0,0.00033,-0.13243,-0.13998,0.00860,-1.50270,-1.58585,-0.28264,-0.28639,-0.00499,2.80584,2.74021,-0.22488,-0.23937,0.00573,0.18273,0.22316,-0.24495,-0.24680,-0.00779,1.36086,1.28040,-0.03144,-0.01442,-0.02961,4.40160,4.46973,-0.13873,-0.14590,0.00488,-2.67492,-2.62655
57.0365,0.32748,0.57158,0.32748,0.57158,0.33629,0.57409,-2.30498,2.26221,-2.64127,1.68812,-2.64127,1.68812,0.00000,0.00000,0,0.00030,-0.13209,-0.13914,0.00749,-1.56455,-1.43941,-0.28213,-0.28637,0.00062,2.75558,2.70539,-0.22450,-0.23860,0.01606,0.05475,0.03910,-0.24567,-0.24685,-0.00033,1.45526,1.38907,-0.03217,-0.01644,-0.02424,4.58938,4.63942,-0.13850,-0.14572,-0.00652,-2.79806,-2.68313
57.1375,0.30812,0.56694,0.30812,0.56694,0.31661,0.56980,-2.31471,2.24506,-2.63132,1.67526,-2.63132,1.67526,0.00000,0.00000,0,0.00027,-0.13176,-0.13773,0.02460,-1.54855,-1.52654,-0.28161,-0.28633,0.00385,2.67134,2.52890,-0.22410,-0.23765,-0.00294,-0.11151,-0.09911,-0.24639,-0.24692,-0.00220,1.47675,1.45605,-0.03292,-0.01791,-0.02186,4.72798,4.68584,-0.13826,-0.14549,0.00175,-2.83434,-2.97460
57.2384,0.26955,0.56985,0.26955,0.56985,0.28931,0.56610,-2.32378,2.22808,-2.61309,1.66199,-2.61309,1.66199,0.00000,0.00000,0,0.00026,-0.13158,-0.13114,0.11005,-0.90588,-0.87094,-0.28070,-0.28631,0.00018,2.57467,2.49048,-0.22332,-0.23632,0.01501,-0.18234,-0.14805,-0.24729,-0.24702,-0.01243,1.49453,1.51593,-0.03389,-0.02023,-0.03981,4.75012,4.64222,-0.13823,-0.14526,0.00689,-2.92590,-2.86358
57.3391,0.19691,0.57132,0.19691,0.57132,0.22879,0.57431,-2.33144,2.21089,-2.56022,1.63657,-2.56022,1.63657,0.00000,0.00000,0,0.00029,-0.13160,-0.12577,0.03084,-0.73120,-0.80267,-0.27813,-0.28623,-0.00470,2.32253,2.39673,-0.22102,-0.23428,0.02516,-0.28599,-0.26890,-0.24938,-0.24728,-0.00619,1.64175,1.61718,-0.03621,-0.02865,-0.08077,4.33300,4.41146,-0.13862,-0.14508,0.00234,-2.98821,-2.85051
57.4432,0.14230,0.54222,0.14230,0.54222,0.16360,0.55508,-2.33702,2.19397,-2.50062,1.63888,-2.50062,1.63888,0.00000,0.00000,0,0.00258,-0.13290,-0.12457,0.00700,-0.52907,-0.45113,-0.27537,-0.28597,0.00216,1.97850,2.09776,-0.21830,-0.22983,0.04234,-0.34219,-0.17567,-0.25046,-0.24770,-0.00131,1.71544,1.66999,-0.03764,-0.03263,-0.00866,4.45207,4.27980,-0.14024,-0.14498,0.00097,-2.92278,-2.91045
57.5426,0.12279,0.45744,0.12279,0.45744,0.13452,0.50187,-2.34136,2.17811,-2.47589,1.67624,-2.47589,1.67624,0.00000,0.00000,0,0.00038,-0.13496,-0.12474,0.00236,-0.39094,-0.36449,-0.27438,-0.28568,0.00284,1.82538,1.77499,-0.21701,-0.21917,0.12674,0.48505,0.23310,-0.24942,-0.24800,-0.00161,1.68066,1.71470,-0.03685,-0.03420,-0.01715,4.35577,4.47113,-0.14229,-0.14492,0.00304,-2.87691,-2.84349
57.6446,0.11457,0.44192,0.11457,0.44192,0.11458,0.45664,-2.34493,2.16399,-2.45951,1.70735,-2.45951,1.70735,0.00000,0.00000,0,0.00035,-0.13659,-0.12527,0.00151,-0.10830,-0.24194,-0.27376,-0.28539,0.00734,1.67210,1.73117,-0.21614,-0.21823,0.00781,0.06085,0.21139,-0.24846,-0.24805,0.00324,1.59480,1.40321,-0.03608,-0.03501,-0.00877,4.24137,4.31788,-0.14389,-0.14490,0.00468,-2.74584,-2.59513
57.7458,0.10513,0.44075,0.10513,0.44075,0.10682,0.44454,-2.34823,2.15055,-2.45505,1.70601,-2.45505,1.70601,0.00000,0.00000,0,0.00033,-0.13662,-0.12575,-0.00448,-0.00467,0.00325,-0.27355,-0.28521,0.00181,1.55609,1.46703,-0.21594,-0.21804,0.00979,0.07017,0.02242,-0.24861,-0.24813,-0.00321,1.58337,1.56444,-0.03624,-0.03578,-0.00673,4.26643,4.27144,-0.14395,-0.14490,-0.00410,-2.77497,-2.64324
57.8472,0.10040,0.44178,0.10040,0.44178,0.10270,0.44184,-2.35137,2.13729,-2.45407,1.69545,-2.45407,1.69545,0.00000,0.00000,0,0.00035,-0.13620,-0.12597,0.00183,0.04315,0.07683,-0.27345,-0.28494,0.00836,1.43749,1.41030,-0.21594,-0.21801,-0.01222,0.00857,0.05088,-0.24906,-0.24819,0.00662,1.64873,1.51973,-0.03667,-0.03638,-0.01480,4.20240,4.32857,-0.14358,-0.14489,-0.00376,-2.80812,-2.84628
57.9478,0.06272,0.36527,-0.93728,0.36527,-0.74486,0.41331,-2.38798,2.12426,-1.64312,1.71094,-1.64312,1.71094,1.00000,0.00000,0,0.00028,-0.15330,-0.13175,-0.07480,0.99892,0.63253,-0.23581,-0.27743,0.12096,-0.95818,-0.80406,-0.17896,-0.20319,0.40087,-0.95490,-1.09775,-0.26438,-0.25189,-0.05581,2.62789,2.61994,-0.05686,-0.04247,-0.08043,5.36100,5.33771,-0.16506,-0.14504,-0.00675,-1.05985,-1.00765
58.0497,-0.06037,-0.01812,-1.06037,-0.01812,-0.98814,0.11753,-2.36076,2.11691,-1.37262,1.99937,-1.37262,1.99937,1.00000,0.00000,0,0.00106,-0.17080,-0.14379,-0.08035,1.38794,1.33128,-0.22444,-0.24998,0.00416,-0.31685,0.34618,-0.16555,-0.17704,0.13840,-0.59557,-0.62587,-0.25784,-0.25317,0.00332,2.15395,2.13740,-0.05282,-0.05095,-0.13425,4.23523,4.15341,-0.18295,-0.14529,-0.00901,0.21650,-0.13114
58.1497,-0.09768,-0.29960,-1.09768,-0.29960,-1.05456,-0.16090,-2.32991,2.11847,-1.27535,2.27936,-1.27535,2.27936,1.00000,0.00000,0,0.00030,-0.18446,-0.14796,-0.02848,2.45710,2.60049,-0.22108,-0.24709,0.02093,-0.47546,-0.42631,-0.16007,-0.15366,0.04817,0.49798,0.59576,-0.24826,-0.25293,-0.00037,1.47969,1.50671,-0.04464,-0.05586,-0.01449,3.57547,3.69915,-0.19605,-0.14565,0.00280,1.46312,1.39447
58.2503,-0.06806,-0.35286,-1.06806,-0.35286,-1.07858,-0.30980,-2.29745,2.12638,-1.21887,2.43618,-1.21887,2.43618,1.00000,0.00000,0,0.00027,-0.19216,-0.15280,-0.03009,3.22525,3.22279,-0.21910,-0.24393,0.03624,-0.67815,-0.59972,-0.15692,-0.15280,0.00347,0.19253,0.14290,-0.24294,-0.25259,0.00838,1.03454,1.02442,-0.04012,-0.05631,-0.01149,3.08739,3.13504,-0.20343,-0.14610,-0.00836,2.66950,2.74023
58.3517,-0.06810,-0.38173,-1.06810,-0.38173,-1.07886,-0.35812,-2.26501,2.13656,-1.18616,2.49468,-1.18616,2.49468,1.00000,0.00000,0,0.00029,-0.19527,-0.15639,-0.04963,3.44607,3.39522,-0.21781,-0.24271,0.01317,-1.04973,-1.00330,-0.15522,-0.15238,0.00034,0.21226,0.36375,-0.24119,-0.25243,0.00200,0.88251,0.89636,-0.03873,-0.05630,-0.00503,2.88192,3.00669,-0.20648,-0.14649,-0.00740,3.40893,3.37491
58.4531,-0.03466,-0.40842,-1.03466,-0.40842,-1.05143,-0.39099,-2.23312,2.14787,-1.18169,2.53886,-1.18169,2.53886,1.00000,0.00000,0,0.00029,-0.19721,-0.16890,-0.22534,2.68217,2.52154,-0.21779,-0.24123,0.00710,-1.23721,-1.26324,-0.15485,-0.15230,0.00172,0.25744,0.27092,-0.23947,-0.25224,-0.00046,0.64597,0.65315,-0.03716,-0.05626,-0.00079,2.57336,2.48956,-0.20827,-0.14743,-0.00770,4.28707,4.35787
58.5538,0.03722,-0.48507,-0.96278,-0.48507,-0.98863,-0.45744,-2.20272,2.16077,-1.21409,2.61821,-1.21409,2.61821,1.00000,0.00000,0,0.00034,-0.19987,-0.18157,-0.04457,2.84116,2.84660,-0.21963,-0.23973,0.00566,-1.24126,-1.36966,-0.15601,-0.15231,0.00347,0.39187,0.33945,-0.23559,-0.25171,0.01817,0.29200,0.41090,-0.03330,-0.05612,0.00330,2.05098,2.14787,-0.21042,-0.14840,-0.01813,5.03974,4.99878
58.6556,0.05379,-0.49935,-0.94621,-0.49935,-0.95599,-0.48857,-2.17373,2.17510,-1.21774,2.66367,-1.21774,2.66367,1.00000,0.00000,0,0.00036,-0.20170,-0.18398,-0.02645,3.03110,2.99396,-0.21999,-0.23777,0.03031,-1.26617,-1.30450,-0.15600,-0.15238,0.00243,0.42614,0.30669,-0.23366,-0.25101,0.00993,-0.00127,0.15166,-0.03147,-0.05594,0.00681,1.66448,1.73552,-0.21204,-0.15131,-0.11083,5.32539,5.34584
58.7567,0.07097,-0.54123,-0.92903,-0.54123,-0.93785,-0.52003,-2.14535,2.19022,-1.20750,2.71026,-1.20750,2.71026,1.00000,0.00000,0,0.00029,-0.20386,-0.18715,-0.04110,3.10725,3.02197,-0.21970,-0.23086,0.15589,-0.65456,-0.79491,-0.15536,-0.15239,-0.00271,0.39127,0.39999,-0.23195,-0.25030,0.00536,-0.27804,-0.33311,-0.02995,-0.05577,0.00067,1.26489,1.31292,-0.21407,-0.15983,-0.05244,5.80432,5.78409
58.8590,0.11316,-0.60407,-0.88684,-0.60407,-0.90453,-0.58148,-2.11777,2.20699,-1.21324,2.78847,-1.21324,2.78847,1.00000,0.00000,0,0.00033,-0.20702,-0.19152,-0.05807,3.15502,3.10450,-0.22029,-0.22712,0.01429,-0.89864,-0.87406,-0.15533,-0.15239,-0.00216,0.41881,0.31794,-0.22864,-0.24929,0.02201,-0.65441,-0.64694,-0.02682,-0.05543,0.01096,0.74503,0.81044,-0.21687,-0.16822,-0.11997,5.86645,5.91492
58.9597,0.22039,-0.68149,-0.77961,-0.68149,-0.82508,-0.64461,-2.09191,2.22548,-1.26683,2.87010,-1.26683,2.87010,1.00000,0.00000,0,0.00025,-0.20935,-0.20378,-0.08341,2.55080,2.59954,-0.22314,-0.22675,0.00586,-0.75092,-0.85129,-0.15743,-0.15244,-0.00008,0.58745,0.63003,-0.22426,-0.24769,0.02746,-1.02400,-1.04010,-0.02232,-0.05497,0.00919,0.21456,0.26659,-0.21856,-0.17608,-0.04599,6.20817,6.20664
59.0608,0.28466,-0.70503,-0.71534,-0.70503,-0.74857,-0.69025,-2.06857,2.24575,-1.32000,2.93600,-1.32000,2.93600,1.00000,0.00000,0,0.00027,-0.21103,-0.20770,-0.01477,2.68923,2.61278,-0.22590,-0.22676,0.00434,-0.60541,-0.52848,-0.15958,-0.15261,-0.00551,0.80062,0.67887,-0.22054,-0.24560,0.02639,-1.48404,-1.37771,-0.01844,-0.05294,0.04372,-0.24644,-0.23926,-0.21968,-0.18090,-0.04575,6.45844,6.42901
59.1612,0.31246,-0.71525,-0.68754,-0.71525,-0.70397,-0.70987,-2.04700,2.26686,-1.34304,2.97673,-1.34304,2.97673,1.00000,0.00000,0,0.00025,-0.21226,-0.20853,-0.01087,2.73049,2.78559,-0.22714,-0.22678,0.00513,-0.55846,-0.56214,-0.16046,-0.15275,-0.00662,0.93686,0.96182,-0.21842,-0.24333,0.03500,-1.69516,-1.72446,-0.01629,-0.04414,0.10637,-0.05350,-0.18303,-0.22062,-0.18415,-0.02079,6.77594,6.76724
59.2630,0.38423,-0.71992,-0.61577,-0.71992,-0.64878,-0.71489,-2.02681,2.28823,-1.37803,3.00312,-1.37803,3.00312,1.00000,0.00000,0,0.00035,-0.21266,-0.20921,0.00189,2.76448,2.78508,-0.22889,-0.22681,0.00346,-0.45589,-0.45814,-0.16194,-0.15286,0.00427,1.15970,1.19732,-0.21667,-0.23854,0.06117,-1.67204,-1.70864,-0.01438,-0.04072,0.01825,-0.46778,-0.41195,-0.22071,-0.19139,-0.14109,6.61707,6.57266
59.3654,0.59479,-0.74330,-0.40521,-0.74330,-0.49981,-0.74441,-2.00963,2.31020,-1.50983,3.05462,-1.50983,3.05462,1.00000,0.00000,0,0.00033,-0.21214,-0.21006,-0.00239,2.76302,2.66563,-0.23528,-0.22700,0.00200,-0.10730,-0.24336,-0.16768,-0.15317,0.00603,1.50929,1.61098,-0.21200,-0.22554,0.26086,-0.85465,-0.92134,-0.00902,-0.03777,0.05468,-0.84986,-0.85140,-0.21925,-0.21286,-0.03913,5.44596,5.47608
59.4674,0.70030,-0.69954,-0.29970,-0.69954,-0.35275,-0.71403,-1.99752,2.33205,-1.64477,3.04609,-1.64477,3.04609,1.00000,0.00000,0,0.00029,-0.20903,-0.21009,0.00035,2.46610,2.51705,-0.24156,-0.22849,-0.01574,0.43855,0.40952,-0.17379,-0.15404,-0.00590,2.22826,2.31884,-0.20972,-0.21541,0.01559,-1.10857,-1.12974,-0.00587,-0.02926,0.04837,-0.86463,-0.93115,-0.21545,-0.21352,0.00303,5.21364,5.36888
59.5686,0.73864,-0.68627,-0.26136,-0.68627,-0.27971,-0.69663,-1.98844,2.35319,-1.70873,3.04982,-1.70873,3.04982,1.00000,0.00000,0,0.00027,-0.20789,-0.21007,0.00312,2.42941,2.59340,-0.24457,-0.22992,-0.00530,0.71901,0.72368,-0.17666,-0.15484,-0.00563,2.55908,2.59504,-0.20832,-0.21463,0.01342,-1.19853,-1.27997,-0.00408,-0.02336,0.14807,-0.55071,-0.71710,-0.21394,-0.21354,0.00433,5.19432,5.18753
59.6694,0.85039,-0.66741,-0.14961,-0.66741,-0.18307,-0.67145,-1.98181,2.37350,-1.79874,3.04495,-1.79874,3.04495,1.00000,0.00000,0,0.00051,-0.20585,-0.21003,0.00243,2.22959,2.38283,-0.24877,-0.23172,-0.03248,1.00604,0.92742,-0.18073,-0.15596,-0.01751,2.99843,3.17935,-0.20676,-0.21350,0.01260,-1.27357,-1.39819,-0.00195,-0.01289,0.02338,-0.46670,-0.41573,-0.21144,-0.21357,-0.00213,4.99981,5.01320
59.7709,0.90352,-0.64177,-0.09648,-0.64177,-0.12974,-0.64448,-1.97722,2.39305,-1.84748,3.03752,-1.84748,3.03752,1.00000,0.00000,0,0.00030,-0.20454,-0.20998,0.00617,2.12103,2.11680,-0.25102,-0.23344,-0.01633,1.25600,1.17317,-0.18296,-0.15730,-0.02200,3.25257,3.30506,-0.20611,-0.21257,-0.00413,-1.35233,-1.25083,-0.00098,-0.00661,0.00763,-0.23059,-0.23041,-0.20991,-0.21357,0.00105,4.88185,4.80035
59.8720,0.89906,-0.61688,-0.10094,-0.61688,-0.10678,-0.62454,-1.97385,2.41200,-1.86707,3.03654,-1.86707,3.03654,1.00000,0.00000,0,0.00030,-0.20410,-0.20997,0.00249,2.05423,2.03040,-0.25193,-0.23744,-0.03744,1.16357,1.29378,-0.18384,-0.15887,-0.01105,3.59370,3.58957,-0.20577,-0.21184,0.00978,-1.39549,-1.61278,-0.00052,-0.00604,0.00731,-0.35447,-0.33169,-0.20937,-0.21355,0.00776,4.82079,4.71400
59.9742,0.90571,-0.60220,-0.09429,-0.60220,-0.09789,-0.60935,-1.97082,2.43047,-1.87294,3.03982,-1.87294,3.03982,1.00000,0.00000,0,0.00030,-0.20412,-0.20999,-0.01046,1.93905,1.99716,-0.25222,-0.23896,-0.01038,1.32011,1.25228,-0.18410,-0.16095,-0.02389,3.73146,3.69131,-0.20552,-0.21145,0.00733,-1.48437,-1.37765,-0.00024,-0.00580,0.00192,-0.40513,-0.39697,-0.20934,-0.21358,-0.00691,4.75365,4.74595
60.0746,0.90234,-0.57697,-0.09766,-0.57697,-0.09753,-0.58849,-1.96789,2.44839,-1.87036,3.03687,-1.87036,3.03687,1.00000,0.00000,0,0.00032,-0.20405,-0.20995,0.00444,1.90171,1.84578,-0.25209,-0.24055,-0.02025,1.31968,1.32748,-0.18399,-0.16390,-0.05038,3.69523,3.67427,-0.20569,-0.21096,0.01603,-1.45225,-1.49313,-0.00042,-0.00559,0.01303,-0.45896,-0.50072,-0.20930,-0.21356,-0.00023,4.70189,4.76634
60.1787,0.90978,-0.50957,-0.09022,-0.50957,-0.09453,-0.53929,-1.96500,2.46524,-1.87047,3.00454,-1.87047,3.00454,1.00000,0.00000,0,0.00028,-0.20269,-0.20990,0.00701,1.76677,1.73479,-0.25195,-0.24189,-0.00919,1.39366,1.46200,-0.18413,-0.17111,-0.06625,3.37990,3.24715,-0.20701,-0.21072,-0.00350,-1.45607,-1.51458,-0.00165,-0.00549,0.00379,-0.42667,-0.38170,-0.20807,-0.21357,0.00063,4.58745,4.59943
60.2813,0.91104,-0.43811,-0.08896,-0.43811,-0.09024,-0.47765,-1.96226,2.48039,-1.87201,2.95804,-1.87201,2.95804,1.00000,0.00000,0,0.00030,-0.20072,-0.20984,0.00633,1.54330,1.44560,-0.25182,-0.24278,-0.00298,1.45149,1.40631,-0.18438,-0.18035,-0.11591,2.76979,2.73381,-0.20887,-0.21070,-0.00667,-1.40670,-1.30912,-0.00339,-0.00549,-0.00522,-0.38295,-0.37244,-0.20628,-0.21356,0.00255,4.37234,4.43674
60.3833,0.91659,-0.40466,-0.08341,-0.40466,-0.08278,-0.41984,-1.95974,2.49351,-1.87696,2.91335,-1.87696,2.91335,1.00000,0.00000,0,0.00042,-0.19875,-0.20973,0.00191,1.25750,1.18801,-0.25186,-0.24343,-0.00832,1.51463,1.65583,-0.18478,-0.18424,-0.00144,2.89143,2.84413,-0.21059,-0.21073,-0.00741,-1.28156,-1.18838,-0.00497,-0.00549,-0.00456,-0.28848,-0.27773,-0.20446,-0.21351,0.00837,4.11532,4.18104
60.4841,0.91227,-0.39792,-0.08773,-0.39792,-0.08623,-0.40259,-1.95718,2.50575,-1.87094,2.90834,-1.87094,2.90834,1.00000,0.00000,0,0.00030,-0.19866,-0.20968,0.00092,1.13677,1.08196,-0.25156,-0.24379,-0.00570,1.58025,1.52320,-0.18453,-0.18473,-0.01120,2.82946,2.67182,-0.21092,-0.21073,-0.00368,-1.26514,-1.15105,-0.00531,-0.00549,-0.00603,-0.25115,-0.24592,-0.20443,-0.21353,-0.00261,4.04652,4.08147
60.5863,0.91413,-0.39117,-0.08587,-0.39117,-0.08660,-0.39413,-1.95456,2.51766,-1.86796,2.91179,-1.86796,2.91179,1.00000,0.00000,0,0.00026,-0.19886,-0.20961,-0.00338,1.01603,1.05458,-0.25143,-0.24416,-0.00788,1.61723,1.53522,-0.18438,-0.18492,0.00267,2.80196,2.74743,-0.21083,-0.21072,0.00317,-1.24912,-1.32130,-0.00526,-0.00546,0.01022,-0.26018,-0.25790,-0.20464,-0.21353,-0.01106,3.93507,3.87041
60.6869,0.91391,-0.38797,-0.08609,-0.38797,-0.08669,-0.38976,-1.95196,2.52940,-1.86527,2.91916,-1.86527,2.91916,1.00000,0.00000,0,0.00030,-0.19923,-0.20955,0.00019,0.93411,0.94629,-0.25134,-0.24456,-0.00038,1.68381,1.59553,-0.18423,-0.18509,-0.00175,2.76883,2.91130,-0.21059,-0.21073,-0.00159,-1.28138,-1.14291,-0.00505,-0.00548,0.00423,-0.27071,-0.19386,-0.20498,-0.21349,0.00575,3.88575,3.51824
60.7878,0.90835,-0.38315,-0.09165,-0.38315,-0.08902,-0.38578,-1.94932,2.54103,-1.86030,2.92681,-1.86030,2.92681,1.00000,0.00000,0,0.00030,-0.19965,-0.20951,-0.00112,0.82482,0.93323,-0.25114,-0.24490,0.00468,1.74786,1.74464,-0.18398,-0.18517,0.00372,2.74520,2.83139,-0.21037,-0.21074,-0.00335,-1.31833,-1.30928,-0.00488,-0.00550,-0.01156,-0.33139,-0.28813,-0.20540,-0.21348,0.00574,3.79302,3.78291
60.8888,0.90763,-0.38346,0.90763,-0.38346,0.41978,-0.38398,-1.90027,2.55256,-2.32005,2.93654,-2.32005,2.93654,0.00000,0.00000,0,0.00030,-0.19068,-0.20944,0.00009,0.71928,0.90571,-0.27271,-0.24522,-0.00826,1.78987,1.75829,-0.20469,-0.18524,-0.00298,2.75546,2.73693,-0.20099,-0.21072,-0.00408,-1.36556,-1.21760,0.00728,-0.00547,0.00233,-0.31928,-0.29775,-0.19396,-0.21347,0.00543,3.69423,3.73160
60.9898,1.09347,0.02848,1.09347,0.02848,0.90873,-0.17892,-1.92265,2.56172,-2.83138,2.74064,-2.83138,2.74064,0.00000,0.00000,0,0.00032,-0.17206,-0.20734,0.04276,-0.92802,-0.91836,-0.29577,-0.26771,-0.25498,3.11560,3.13110,-0.22862,-0.21784,-0.34714,2.73396,2.79208,-0.19894,-0.18523,0.53399,0.80516,0.26221,0.01286,0.00312,0.00909,-1.41758,-1.41302,-0.17347,-0.21305,0.00439,1.47377,1.49017
61.0931,1.15510,0.36253,1.15510,0.36253,1.11320,0.22553,-1.95451,2.55932,-3.06771,2.33379,-3.06771,2.33379,0.00000,0.00000,0,0.00050,-0.15027,-0.18059,0.57969,0.16549,-0.42082,-0.30496,-0.28493,-0.03135,3.32221,3.38630,-0.24110,-0.23654,-0.09478,3.29711,3.27529,-0.21087,-0.18326,-0.00539,0.72879,0.55146,0.00334,0.00314,-0.00993,-0.52255,-0.66040,-0.15203,-0.21186,0.01985,-0.74221,-0.30848
61.1981,1.05341,0.52256,1.05341,0.52256,1.08514,0.44314,-1.98777,2.54853,-3.07292,2.10539,-3.07292,2.10539,0.00000,0.00000,0,0.00103,-0.14065,-0.14895,0.53192,1.34741,0.73326,-0.30415,-0.28559,-0.00985,3.36206,3.32963,-0.24234,-0.24041,-0.00861,3.15497,3.30274,-0.22009,-0.18481,-0.01270,1.74614,1.47383,-0.00525,0.00312,-0.00166,0.23906,-0.06013,-0.14325,-0.21038,0.02464,-1.90902,-1.86134
61.2981,0.98377,0.59484,0.98377,0.59484,1.00542,0.56566,-2.01868,2.53273,-3.02410,1.96707,-3.02410,1.96707,0.00000,0.00000,0,0.00031,-0.13589,-0.14668,-0.00215,-0.44240,-0.46676,-0.30123,-0.28563,-0.00743,3.34015,3.39753,-0.24072,-0.24071,-0.00029,3.01093,3.04458,-0.22670,-0.18680,-0.03040,2.41015,2.37808,-0.01177,0.00281,0.00496,0.75377,0.67118,-0.13926,-0.20715,0.03887,-2.57972,-2.42825
61.3990,0.98108,0.59621,0.98108,0.59621,0.99217,0.58206,-2.04862,2.51551,-3.04079,1.93345,-3.04079,1.93345,0.00000,0.00000,0,0.00028,-0.13416,-0.14632,0.00982,-0.55927,-0.52979,-0.30186,-0.28582,-0.00314,3.65810,3.53531,-0.24163,-0.24100,-0.00208,3.07650,3.20183,-0.22775,-0.18839,-0.02135,2.72541,2.73550,-0.01263,0.00267,0.00090,0.87628,0.89098,-0.13756,-0.19545,0.21184,-2.33318,-2.27059
61.5008,0.86217,0.63185,0.86217,0.63185,0.90205,0.63102,-2.07691,2.49703,-2.97896,1.86600,-2.97896,1.86600,0.00000,0.00000,0,0.00035,-0.13261,-0.14508,0.01330,-0.72889,-0.72547,-0.29866,-0.28613,-0.00011,3.50596,3.53938,-0.23911,-0.24122,-0.00197,2.83262,2.80611,-0.23172,-0.19265,-0.08487,3.07083,2.86208,-0.01678,0.00226,-0.00863,1.34475,1.30645,-0.13658,-0.17532,0.05756,-1.91716,-1.92676
61.6043,0.76225,0.64663,0.76225,0.64663,0.80831,0.65063,-2.10227,2.47769,-2.91058,1.82706,-2.91058,1.82706,0.00000,0.00000,0,0.00031,-0.13239,-0.14454,0.00376,-0.85660,-0.80043,-0.29530,-0.28613,0.00297,3.46511,3.49920,-0.23617,-0.24117,-0.00870,2.66025,2.66010,-0.23467,-0.21029,-0.31559,1.75145,1.84710,-0.02001,0.00164,0.00023,1.70279,1.73139,-0.13686,-0.17316,0.01198,-2.40527,-2.39388
61.7052,0.69556,0.57120,0.69556,0.57120,0.71872,0.58904,-2.12470,2.45930,-2.84342,1.87026,-2.84342,1.87026,0.00000,0.00000,0,0.00027,-0.13555,-0.14432,-0.00057,-0.71613,-0.85486,-0.29237,-0.28613,0.00146,3.34287,3.38664,-0.23292,-0.24103,0.00376,2.32912,2.25958,-0.23422,-0.22247,-0.02091,1.96832,1.99213,-0.02007,0.00074,0.00073,1.90710,1.87438,-0.14021,-0.17199,0.01652,-2.40501,-2.46732
61.8079,0.67410,0.58815,0.67410,0.58815,0.68429,0.58967,-2.14553,2.44156,-2.82982,1.85189,-2.82982,1.85189,0.00000,0.00000,0,0.00032,-0.13506,-0.14415,0.01056,-0.89028,-0.78490,-0.29165,-0.28614,0.00061,3.44069,3.27534,-0.23238,-0.24100,-0.00816,2.19502,2.16989,-0.23524,-0.22374,-0.00831,2.12652,2.14125,-0.02111,-0.00033,-0.01774,2.13225,2.05729,-0.13987,-0.17014,0.02353,-2.71462,-2.82260
61.9094,0.63656,0.60543,0.63656,0.60543,0.65462,0.60098,-2.16558,2.42367,-2.82020,1.82269,-2.82020,1.82269,0.00000,0.00000,0,0.00035,-0.13405,-0.14352,0.00904,-1.03550,-1.07553,-0.29107,-0.28613,0.00278,3.44860,3.52989,-0.23207,-0.24095,-0.00548,2.12132,2.13497,-0.23663,-0.22538,-0.02943,2.20226,2.21993,-0.02247,-0.00146,-0.01096,2.43769,2.30880,-0.13901,-0.16418,0.05433,-2.62403,-2.58643
62.0120,0.59131,0.61772,0.59131,0.61772,0.61235,0.61216,-2.18445,2.40545,-2.79681,1.79328,-2.79681,1.79328,0.00000,0.00000,0,0.00028,-0.13330,-0.14287,0.00612,-1.14088,-1.00999,-0.28985,-0.28614,0.00246,3.42153,3.47909,-0.23113,-0.24089,-0.00959,1.94256,1.97636,-0.23829,-0.22881,-0.03328,2.22077,2.25500,-0.02419,-0.00264,-0.00979,2.72328,2.57217,-0.13849,-0.15994,0.04189,-2.69000,-2.73723
62.1134,0.52276,0.63291,0.52276,0.63291,0.55779,0.62452,-2.20194,2.38688,-2.75973,1.76237,-2.75973,1.76237,0.00000,0.00000,0,0.00127,-0.13277,-0.14210,0.02258,-1.19749,-1.05285,-0.28798,-0.28615,-0.00324,3.34429,3.26534,-0.22958,-0.24073,0.00895,1.76233,1.84947,-0.24029,-0.23546,-0.09697,1.77261,1.74649,-0.02632,-0.00364,-0.00601,3.05209,3.12482,-0.13827,-0.14782,0.11396,-1.89689,-1.95167
62.2136,0.43428,0.60641,0.43428,0.60641,0.46383,0.61270,-2.21683,2.36829,-2.68066,1.75559,-2.68066,1.75559,0.00000,0.00000,0,0.00031,-0.13410,-0.14174,0.00522,-1.21829,-1.20761,-0.28427,-0.28614,-0.00671,3.00849,2.97120,-0.22600,-0.24045,0.00315,1.32288,1.28535,-0.24213,-0.24523,-0.04557,1.43318,1.46082,-0.02859,-0.00482,-0.00094,3.45746,3.41453,-0.14004,-0.14732,-0.00005,-2.17586,-2.04385
62.3147,0.41997,0.60364,0.41997,0.60364,0.42767,0.60547,-2.22999,2.35007,-2.65766,1.74460,-2.65766,1.74460,0.00000,0.00000,0,0.00029,-0.13411,-0.14164,0.00421,-1.33649,-1.44133,-0.28315,-0.28613,-0.00049,3.00741,3.17010,-0.22500,-0.24024,-0.00149,1.10151,1.13011,-0.24303,-0.24636,-0.00192,1.46958,1.39375,-0.02960,-0.00575,-0.00173,3.65053,3.49025,-0.14021,-0.14726,0.00210,-2.26699,-2.22746
62.4177,0.41526,0.60254,0.41526,0.60254,0.41836,0.60287,-2.24264,2.33197,-2.66100,1.72910,-2.66100,1.72910,0.00000,0.00000,0,0.00107,-0.13339,-0.14102,0.00171,-1.45146,-1.29612,-0.28323,-0.28612,0.00050,2.97924,2.96556,-0.22522,-0.24014,-0.00020,0.96254,0.83965,-0.24360,-0.24659,0.00972,1.48209,1.46841,-0.03011,-0.00669,-0.02005,3.92275,3.72028,-0.13954,-0.14715,-0.00007,-2.38777,-2.36807
62.5174,0.40503,0.60508,0.40503,0.60508,0.40938,0.60403,-2.25502,2.31387,-2.66440,1.70984,-2.66440,1.70984,0.00000,0.00000,0,0.00027,-0.13253,-0.14011,0.00528,-1.50333,-1.49872,-0.28331,-0.28614,-0.00666,2.95529,2.98300,-0.22546,-0.23999,-0.00251,0.82328,0.76197,-0.24432,-0.24674,0.00071,1.48022,1.48045,-0.03075,-0.00784,-0.01179,4.19550,4.16724,-0.13873,-0.14684,0.00946,-2.51497,-2.61140
62.6184,0.39769,0.60992,0.39769,0.60992,0.40133,0.60798,-2.26715,2.29568,-2.66848,1.68770,-2.66848,1.68770,0.00000,0.00000,0,0.00027,-0.13152,-0.13892,0.01226,-1.54175,-1.42480,-0.28340,-0.28612,-0.00146,2.94903,2.93142,-0.22574,-0.23981,0.00201,0.68691,0.72881,-0.24515,-0.24684,-0.00934,1.48406,1.49419,-0.03150,-0.00968,-0.02194,4.35803,4.27722,-0.13778,-0.14645,0.00993,-2.63951,-2.61633
62.7211,0.37199,0.61647,0.37199,0.61647,0.38307,0.61293,-2.27890,2.27736,-2.66197,1.66443,-2.66197,1.66443,0.00000,0.00000,0,0.00110,-0.13069,-0.13565,0.06983,-1.32417,-1.32446,-0.28299,-0.28611,-0.00000,2.86038,2.87257,-0.22554,-0.23959,0.00727,0.51801,0.54375,-0.24623,-0.24691,0.00426,1.53790,1.43364,-0.03255,-0.01307,-0.04468,4.40476,4.31191,-0.13707,-0.14611,0.00303,-2.76762,-2.74215
62.8212,0.31583,0.65323,0.31583,0.65323,0.33917,0.63674,-2.28969,2.25863,-2.62885,1.62190,-2.62885,1.62190,0.00000,0.00000,0,0.00033,-0.12959,-0.12690,0.05799,-0.81884,-0.76088,-0.28125,-0.28606,0.00558,2.69862,2.70077,-0.22421,-0.23926,0.00393,0.29933,0.43087,-0.24863,-0.24712,-0.00055,1.61329,1.64582,-0.03502,-0.01580,-0.01637,4.63624,4.58642,-0.13631,-0.14579,-0.00297,-2.92806,-2.78239
62.9236,0.27001,0.66169,0.27001,0.66169,0.29250,0.65399,-2.29901,2.23919,-2.59151,1.58520,-2.59151,1.58520,0.00000,0.00000,0,0.00031,-0.12883,-0.11711,0.11854,0.04243,-0.30868,-0.27935,-0.28600,0.00036,2.52843,2.36480,-0.22267,-0.23838,0.01702,0.07640,0.14156,-0.25087,-0.24755,0.00691,1.82621,1.74021,-0.03737,-0.01818,-0.02429,4.86755,4.79968,-0.13587,-0.14538,0.00676,-3.04990,-3.14914
63.0239,0.21606,0.66045,0.21606,0.66045,0.24004,0.66946,-2.30679,2.21914,-2.54683,1.54968,-2.54683,1.54968,0.00000,0.00000,0,0.00028,-0.12826,-0.11600,-0.00770,-0.16586,-0.16095,-0.27712,-0.28590,0.00240,2.29316,2.26537,-0.22078,-0.23682,0.01937,-0.14036,-0.06306,-0.25321,-0.24826,-0.01411,1.97263,1.95920,-0.03987,-0.02469,-0.13630,4.49532,4.51461,-0.13567,-0.14499,0.00956,-3.14856,-3.18280
63.1279,0.14354,0.62981,0.14354,0.62981,0.17245,0.64518,-2.31277,2.19948,-2.48522,1.55430,-2.48522,1.55430,0.00000,0.00000,0,0.00029,-0.12970,-0.11626,0.00622,0.10776,-0.06443,-0.27427,-0.28574,0.00177,1.96683,1.90006,-0.21795,-0.23420,0.04368,-0.29856,-0.22554,-0.25423,-0.24915,-0.00897,2.02257,1.95186,-0.04126,-0.03289,-0.03386,4.50546,4.52112,-0.13743,-0.14482,-0.00003,-3.11941,-3.00417
63.2292,0.12588,0.60080,0.12588,0.60080,0.13749,0.61282,-2.31725,2.18073,-2.45474,1.56791,-2.45474,1.56791,0.00000,0.00000,0,0.00036,-0.13089,-0.11659,-0.00833,0.31444,0.33099,-0.27292,-0.28543,0.00848,1.81099,1.71076,-0.21650,-0.23017,0.03649,-0.30599,-0.22419,-0.25428,-0.24959,-0.00127,2.04445,1.90532,-0.04152,-0.03526,-0.02870,4.44361,4.36988,-0.13873,-0.14474,-0.00227,-3.11221,-3.02561
63.3311,0.10750,0.56741,0.10750,0.56741,0.11772,0.58420,-2.32102,2.16283,-2.43874,1.57863,-2.43874,1.57863,0.00000,0.00000,0,0.00029,-0.13166,-0.11689,-0.00196,0.47831,0.57148,-0.27222,-0.28513,-0.00079,1.59242,1.63070,-0.21573,-0.22464,0.14093,0.20350,0.03949,-0.25415,-0.24995,0.00263,2.11678,2.05885,-0.04152,-0.03688,-0.00785,4.45188,4.64245,-0.13955,-0.14468,-0.00120,-3.14762,-3.12522
63.4329,0.08354,0.50721,0.08354,0.50721,0.09199,0.52508,-2.32407,2.14648,-2.41606,1.62141,-2.41606,1.62141,0.00000,0.00000,0,0.00030,-0.13390,-0.11777,-0.00527,0.80782,0.64907,-0.27136,-0.28479,0.01098,1.44656,1.37562,-0.21452,-0.21832,-0.00243,0.05806,0.09824,-0.25284,-0.25014,-0.00919,1.96238,2.05653,-0.04047,-0.03792,-0.01149,4.31967,4.26594,-0.14175,-0.14466,-0.00360,-3.00247,-2.97196
63.5343,0.07485,0.50154,0.07485,0.50154,0.08224,0.50455,-2.32668,2.13119,-2.40892,1.62663,-2.40892,1.62663,0.00000,0.00000,0,0.00042,-0.13426,-0.11865,-0.00485,0.94270,0.98972,-0.27105,-0.28448,0.00435,1.28356,1.31946,-0.21417,-0.21802,-0.00036,0.02257,-0.00420,-0.25277,-0.25023,-0.00929,1.99746,2.03549,-0.04045,-0.03866,-0.01032,4.29047,4.20039,-0.14213,-0.14464,-0.00858,-3.04799,-3.10731
63.6374,0.07136,0.49725,0.07136,0.49725,0.07388,0.49865,-2.32899,2.11617,-2.40287,1.61752,-2.40287,1.61752,0.00000,0.00000,0,0.00032,-0.13400,-0.11957,-0.01186,1.04549,1.06610,-0.27073,-0.28411,0.00498,1.12822,1.15815,-0.21393,-0.21785,-0.00224,-0.01122,0.09673,-0.25326,-0.25038,0.00227,2.13352,1.97882,-0.04095,-0.03935,-0.01485,4.33415,4.57546,-0.14194,-0.14458,-0.00213,-3.08254,-3.14430
63.7383,0.06585,0.49464,0.06585,0.49464,0.06846,0.49549,-2.33111,2.10127,-2.39957,1.60578,-2.39957,1.60578,0.00000,0.00000,0,0.00029,-0.13358,-0.12066,-0.01031,1.11325,1.11881,-0.27052,-0.28380,0.00205,0.94011,1.04247,-0.21383,-0.21772,0.00012,-0.07374,-0.08683,-0.25381,-0.25058,-0.00717,2.15338,2.23182,-0.04149,-0.03977,0.00456,4.38974,4.35043,-0.14158,-0.14455,0.00865,-3.11339,-3.14435
63.8388,0.05617,0.49364,0.05617,0.49364,0.06100,0.49423,-2.33304,2.08644,-2.39404,1.59221,-2.39404,1.59221,0.00000,0.00000,0,0.00029,-0.13313,-0.12220,-0.01623,1.09472,1.16817,-0.27020,-0.28348,-0.00259,0.77370,0.67512,-0.21364,-0.21756,0.00898,-0.10477,-0.12938,-0.25448,-0.25077,0.01330,2.25549,2.07864,-0.04215,-0.04028,-0.00859,4.40209,4.47605,-0.14121,-0.14451,0.00287,-3.21026,-3.23825
63.9417,0.04837,0.46298,-0.95163,0.46298,-0.70648,0.48263,-2.37412,2.07171,-1.66763,1.58908,-1.66763,1.58908,1.00000,0.00000,0,0.00207,-0.14773,-0.12963,-0.18632,1.30271,1.29534,-0.23643,-0.27513,0.20734,-1.24078,-0.80986,-0.18056,-0.21039,0.34487,-1.22780,-1.28961,-0.26891,-0.25378,-0.07361,3.18477,3.11092,-0.06088,-0.04425,-0.10100,5.55892,5.49768,-0.15981,-0.14458,-0.00619,-1.82781,-1.63342
64.0409,-0.11010,-0.06769,-1.11010,-0.06769,-1.02115,0.10574,-2.34669,2.06309,-1.32555,1.95735,-1.32555,1.95735,1.00000,0.00000,0,0.00030,-0.17000,-0.14576,-0.15108,1.89796,2.04271,-0.22208,-0.24735,0.04584,-0.69931,-0.44085,-0.16358,-0.17630,0.08409,-0.88869,-0.76350,-0.26049,-0.25701,-0.00419,2.61395,2.58950,-0.05563,-0.06268,-0.18335,3.58028,3.44388,-0.18258,-0.14481,-0.00672,-0.21505,-0.37233
64.1422,-0.18055,-0.33380,-1.18055,-0.33380,-1.12805,-0.21935,-2.31397,2.06603,-1.18592,2.28538,-1.18592,2.28538,1.00000,0.00000,0,0.00044,-0.18652,-0.15129,-0.05270,3.33153,3.52017,-0.21694,-0.24309,0.01871,-0.91289,-0.83163,-0.15600,-0.15255,0.00457,0.07866,0.23423,-0.24977,-0.25658,-0.00250,1.71262,1.69281,-0.04672,-0.06695,-0.00153,2.88566,2.91686,-0.19859,-0.14525,0.00110,1.39265,1.36594
64.2434,-0.12752,-0.40656,-1.12752,-0.40656,-1.13292,-0.36888,-2.27981,2.07578,-1.14688,2.44466,-1.14688,2.44466,1.00000,0.00000,0,0.00037,-0.19398,-0.16113,-0.10590,3.42626,3.34252,-0.21577,-0.24101,0.02364,-1.10407,-1.04225,-0.15363,-0.15137,0.00436,0.04601,0.07988,-0.24400,-0.25607,0.00174,1.24111,1.35636,-0.04165,-0.06692,-0.00133,2.28475,2.34427,-0.20561,-0.14566,0.00701,2.51420,2.29428
64.3477,-0.05798,-0.50964,-1.05798,-0.50964,-1.08854,-0.45996,-2.24639,2.08836,-1.15785,2.54831,-1.15785,2.54831,1.00000,0.00000,0,0.00211,-0.19809,-0.17989,-0.06935,2.69315,2.65064,-0.21671,-0.23867,0.03273,-1.11940,-1.14205,-0.15373,-0.15123,-0.00354,0.09092,0.07305,-0.23954,-0.25574,0.00025,0.93106,0.98954,-0.03741,-0.06682,-0.00027,1.85658,1.85329,-0.20924,-0.14612,-0.01285,3.39887,3.37984
64.4466,-0.04776,-0.52508,-1.04776,-0.52508,-1.05619,-0.51133,-2.21443,2.10327,-1.15824,2.61461,-1.15824,2.61461,1.00000,0.00000,0,0.00031,-0.20085,-0.18363,-0.02673,3.05042,2.93094,-0.21700,-0.23749,0.01872,-1.29742,-1.28572,-0.15350,-0.15125,0.00320,0.16252,0.23517,-0.23682,-0.25483,0.00930,0.55818,0.70329,-0.03487,-0.06662,0.00132,1.16065,1.18305,-0.21173,-0.14710,-0.00903,4.25888,4.20500
64.5478,-0.04316,-0.57675,-1.04316,-0.57675,-1.04659,-0.54757,-2.18294,2.11919,-1.13635,2.66676,-1.13635,2.66676,1.00000,0.00000,0,0.00029,-0.20348,-0.18659,-0.02173,3.19864,3.25327,-0.21620,-0.22894,0.06871,-0.83875,-0.83388,-0.15232,-0.15123,-0.00217,0.11187,0.17405,-0.23512,-0.25415,0.00223,0.32178,0.29927,-0.03345,-0.06643,0.01542,0.79960,0.65425,-0.21427,-0.14807,-0.00861,5.08966,5.05430
64.6497,-0.02027,-0.61904,-1.02027,-0.61904,-1.02800,-0.60302,-2.15190,2.13674,-1.12390,2.73975,-1.12390,2.73975,1.00000,0.00000,0,0.00033,-0.20679,-0.19107,-0.05618,3.19737,3.13137,-0.21592,-0.22498,0.03811,-0.85146,-0.85883,-0.15148,-0.15118,-0.00390,0.08029,-0.06380,-0.23237,-0.25284,0.02607,0.00772,0.09883,-0.03099,-0.06618,0.00590,0.17747,0.34932,-0.21734,-0.15332,-0.13809,5.39166,5.52183
64.7520,0.04880,-0.75326,-0.95120,-0.75326,-0.98342,-0.68869,-2.12169,2.15600,-1.13827,2.84469,-1.13827,2.84469,1.00000,0.00000,0,0.00092,-0.21089,-0.20308,-0.11064,2.58607,2.56901,-0.21702,-0.21252,0.01550,-0.05701,-0.14549,-0.15173,-0.15097,0.00409,0.06263,0.03235,-0.22780,-0.25103,0.01204,-0.31436,-0.22082,-0.02661,-0.06584,-0.00435,-0.40864,-0.21130,-0.22093,-0.16161,-0.06487,5.91671,6.07007
64.8528,0.12003,-0.79974,-0.87997,-0.79974,-0.91072,-0.77673,-2.09355,2.17852,-1.18283,2.95525,-1.18283,2.95525,1.00000,0.00000,0,0.00030,-0.21462,-0.20872,-0.00868,2.89878,2.85324,-0.21956,-0.21222,-0.00377,0.19900,0.06148,-0.15333,-0.15101,0.00281,0.21884,0.18010,-0.22242,-0.24867,0.01658,-0.97935,-0.80727,-0.02124,-0.06485,0.01057,-1.28189,-1.27411,-0.22395,-0.17373,-0.06044,6.15435,6.19228
64.9572,0.16473,-0.81531,-0.83527,-0.81531,-0.85322,-0.80878,-2.06736,2.20250,-1.21415,3.01128,-1.21415,3.01128,1.00000,0.00000,0,0.00029,-0.21633,-0.20985,-0.01102,2.99761,3.03176,-0.22126,-0.21229,-0.00221,0.36906,0.28061,-0.15452,-0.15111,0.00107,0.35672,0.33653,-0.21952,-0.24688,0.01916,-1.40042,-1.31774,-0.01829,-0.05955,0.12610,-1.38124,-1.39937,-0.22525,-0.17871,-0.04273,6.52403,6.38562
65.0585,0.24994,-0.80999,-0.75006,-0.80999,-0.79236,-0.81480,-2.04272,2.22693,-1.25036,3.04173,-1.25036,3.04173,1.00000,0.00000,0,0.00026,-0.21687,-0.21042,-0.00372,3.11819,2.98917,-0.22308,-0.21237,-0.00529,0.54702,0.50628,-0.15604,-0.15115,0.00418,0.49614,0.33436,-0.21758,-0.24500,0.03450,-1.63749,-1.57673,-0.01620,-0.04310,0.34531,-0.11473,-0.59340,-0.22546,-0.18316,-0.04073,6.79245,6.79463
65.1597,0.36840,-0.78875,-0.63160,-0.78875,-0.67636,-0.80168,-2.02123,2.25113,-1.34486,3.05280,-1.34486,3.05280,1.00000,0.00000,0,0.00030,-0.21542,-0.21061,-0.00273,3.04667,3.04160,-0.22755,-0.21333,-0.01540,0.95775,0.83515,-0.16025,-0.15145,0.00164,0.84028,0.94477,-0.21529,-0.24057,0.07346,-1.71646,-1.71539,-0.01334,-0.03501,0.08278,-0.86478,-0.95103,-0.22344,-0.18707,-0.06917,6.75069,6.74404
65.2626,0.55390,-0.82580,-0.44610,-0.82580,-0.53475,-0.80565,-2.00317,2.27503,-1.46842,3.08068,-1.46842,3.08068,1.00000,0.00000,0,0.00160,-0.21407,-0.21077,0.00043,2.96320,2.99153,-0.23345,-0.21463,-0.02234,1.45312,1.38355,-0.16571,-0.15175,-0.00296,1.20309,1.29220,-0.21174,-0.23253,0.11379,-1.50572,-1.53271,-0.00909,-0.02837,0.05415,-0.91194,-0.97946,-0.22130,-0.20686,-0.34360,4.81394,5.00304
65.3672,0.83355,-0.72322,-0.16645,-0.72322,-0.29343,-0.76369,-1.99137,2.29879,-1.69793,3.06248,-1.69793,3.06248,1.00000,0.00000,0,0.00038,-0.20864,-0.21089,-0.01276,2.55754,2.62994,-0.24412,-0.21901,-0.06318,2.03079,2.14320,-0.17612,-0.15285,-0.01753,2.17494,2.09923,-0.20801,-0.21476,0.00213,-1.10063,-0.94959,-0.00388,-0.01261,0.08394,-0.45012,-0.45257,-0.21470,-0.21266,-0.00486,5.06364,5.06473
65.4675,0.90316,-0.69366,-0.09684,-0.69366,-0.14174,-0.72315,-1.98559,2.32108,-1.84385,3.04423,-1.84385,3.04423,1.00000,0.00000,0,0.00028,-0.20490,-0.21078,-0.00014,2.30243,2.29576,-0.25088,-0.22949,-0.06147,2.05564,2.15158,-0.18277,-0.15444,-0.02158,2.80805,2.90270,-0.20591,-0.21379,0.01034,-1.27749,-1.19268,-0.00082,-0.00570,-0.00521,-0.52272,-0.40852,-0.21026,-0.21264,0.00217,4.79844,4.65635
65.5679,0.91427,-0.65482,-0.08573,-0.65482,-0.09951,-0.67245,-1.98220,2.34182,-1.88269,3.01427,-1.88269,3.01427,1.00000,0.00000,0,0.00028,-0.20285,-0.21072,0.00282,2.11514,2.19499,-0.25257,-0.23387,-0.04511,2.06157,1.94693,-0.18464,-0.15591,-0.01442,3.09958,3.02582,-0.20637,-0.21326,-0.00005,-1.24170,-1.28659,-0.00097,-0.00536,0.00005,-0.42775,-0.45157,-0.20813,-0.21265,0.00302,4.65254,4.62124
65.6702,0.91530,-0.61288,-0.08470,-0.61288,-0.08823,-0.63327,-1.97946,2.36136,-1.89123,2.99463,-1.89123,2.99463,1.00000,0.00000,0,0.00106,-0.20186,-0.21071,-0.00336,1.96455,2.01161,-0.25288,-0.24054,-0.07114,1.75121,1.69683,-0.18510,-0.15731,-0.02530,3.31725,3.32146,-0.20700,-0.21305,0.00785,-1.22794,-1.31491,-0.00150,-0.00522,-0.00030,-0.45532,-0.61682,-0.20717,-0.21264,0.00805,4.54584,4.37290
65.7709,0.91322,-0.56803,-0.08678,-0.56803,-0.08652,-0.58625,-1.97685,2.37946,-1.89033,2.96570,-1.89033,2.96570,1.00000,0.00000,0,0.00030,-0.20066,-0.21063,-0.00090,1.79347,1.92701,-0.25271,-0.24394,-0.00916,1.84000,1.77932,-0.18518,-0.15875,-0.01682,3.55950,3.66078,-0.20820,-0.21299,-0.00737,-1.25607,-1.18336,-0.00263,-0.00520,-0.00353,-0.44713,-0.38592,-0.20610,-0.21264,0.00397,4.41969,4.55198
65.8739,0.92172,-0.54716,-0.07828,-0.54716,-0.08186,-0.55735,-1.97433,2.39649,-1.89247,2.95384,-1.89247,2.95384,1.00000,0.00000,0,0.00034,-0.20012,-0.21059,-0.00489,1.61454,1.67325,-0.25276,-0.24466,0.00491,1.88147,2.05842,-0.18532,-0.16143,-0.03592,3.67343,3.78946,-0.20864,-0.21290,-0.00034,-1.27852,-1.42685,-0.00302,-0.00518,0.00605,-0.44545,-0.44134,-0.20559,-0.21263,0.00160,4.30643,4.27790
65.9758,0.92527,-0.50860,-0.07473,-0.50860,-0.07735,-0.52762,-1.97195,2.41271,-1.89461,2.94034,-1.89461,2.94034,1.00000,0.00000,0,0.00030,-0.19952,-0.21052,0.00068,1.48642,1.48455,-0.25280,-0.24513,-0.00279,1.97050,2.04667,-0.18547,-0.16656,-0.07779,3.44949,3.39520,-0.20915,-0.21284,-0.00039,-1.30783,-1.29898,-0.00348,-0.00518,0.00277,-0.39993,-0.32686,-0.20503,-0.21264,-0.00360,4.13752,4.30748
66.0786,0.93147,-0.44636,-0.06853,-0.44636,-0.07214,-0.47404,-1.96972,2.42762,-1.89758,2.90166,-1.89758,2.90166,1.00000,0.00000,0,0.00032,-0.19784,-0.21039,0.00534,1.24104,1.34327,-0.25278,-0.24605,-0.00771,1.97240,1.98237,-0.18576,-0.17389,-0.08021,3.18834,3.08315,-0.21067,-0.21280,0.00358,-1.22468,-1.33204,-0.00488,-0.00519,-0.00793,-0.34390,-0.37318,-0.20349,-0.21262,0.00352,3.95770,4.12700
66.1800,0.94140,-0.36100,-0.05860,-0.36100,-0.06433,-0.39704,-1.96766,2.44055,-1.90333,2.83759,-1.90333,2.83759,1.00000,0.00000,0,0.00034,-0.19504,-0.21022,0.00580,0.87350,0.99041,-0.25277,-0.24699,-0.00380,1.98511,1.97685,-0.18628,-0.18369,-0.03654,2.77232,2.81164,-0.21317,-0.21284,0.00607,-1.00010,-0.99584,-0.00718,-0.00518,0.00041,-0.16200,-0.28094,-0.20093,-0.21259,-0.00059,3.64152,3.54112
66.2812,0.93826,-0.34337,-0.06174,-0.34337,-0.06152,-0.35495,-1.96582,2.45161,-1.90431,2.80656,-1.90431,2.80656,1.00000,0.00000,0,0.00030,-0.19372,-0.21003,0.00657,0.63330,0.70299,-0.25268,-0.24757,-0.00186,2.03579,2.07158,-0.18645,-0.18477,0.01094,2.87992,2.88275,-0.21441,-0.21288,-0.00067,-0.97228,-0.96497,-0.00834,-0.00517,0.00599,-0.05090,-0.07446,-0.19973,-0.21255,0.00150,3.43515,3.19749
66.3824,0.93846,-0.33837,-0.06154,-0.33837,-0.06131,-0.34332,-1.96399,2.46203,-1.90268,2.80536,-1.90268,2.80536,1.00000,0.00000,0,0.00029,-0.19370,-0.20993,0.00398,0.45218,0.52802,-0.25260,-0.24783,0.00409,2.08495,2.04091,-0.18638,-0.18515,-0.00187,2.81661,2.59103,-0.21450,-0.21289,-0.00275,-0.98439,-1.03338,-0.00843,-0.00516,0.00787,-0.02113,-0.02428,-0.19973,-0.21252,0.00752,3.31012,3.19524
66.4836,0.93748,-0.33565,-0.06252,-0.33565,-0.06189,-0.33741,-1.96214,2.47221,-1.90025,2.80962,-1.90025,2.80962,1.00000,0.00000,0,0.00035,-0.19393,-0.20980,0.00779,0.29868,0.26411,-0.25251,-0.24803,-0.00568,2.08279,2.21769,-0.18625,-0.18539,-0.00355,2.80677,2.88101,-0.21437,-0.21289,0.00917,-0.93700,-1.00039,-0.00833,-0.00517,0.00318,-0.00981,0.07508,-0.19995,-0.21252,-0.00291,3.15820,3.09956
66.5847,0.94185,-0.33188,-0.05815,-0.33188,-0.05897,-0.33362,-1.96034,2.48227,-1.90136,2.81589,-1.90136,2.81589,1.00000,0.00000,0,0.00029,-0.19417,-0.20962,0.00857,0.12316,0.15842,-0.25258,-0.24816,0.00250,2.15409,2.13657,-0.18628,-0.18556,-0.00116,2.82574,2.73136,-0.21409,-0.21292,-0.00725,-0.97122,-0.98723,-0.00806,-0.00519,-0.00249,0.02568,0.04941,-0.20016,-0.21249,0.00586,3.03752,2.85661
66.6859,0.94413,-0.32798,-0.05587,-0.32798,-0.05642,-0.33008,-1.95862,2.49222,-1.90220,2.82230,-1.90220,2.82230,1.00000,0.00000,0,0.00032,-0.19442,-0.20943,0.00680,-0.03522,-0.10569,-0.25265,-0.24836,-0.00155,2.17364,2.11824,-0.18629,-0.18571,-0.00097,2.80710,2.85332,-0.21381,-0.21291,-0.00495,-1.00282,-1.02692,-0.00780,-0.00519,-0.00108,0.00441,-0.02522,-0.20038,-0.21249,-0.00179,2.91061,2.81487
66.7869,0.95118,-0.32577,-0.04882,-0.32577,-0.05152,-0.32664,-1.95702,2.50205,-1.90550,2.82868,-1.90550,2.82868,1.00000,0.00000,0,0.00036,-0.19462,-0.20924,-0.00003,-0.20693,-0.04198,-0.25283,-0.24854,-0.00339,2.25381,2.20371,-0.18641,-0.18580,-0.00026,2.83218,2.68755,-0.21349,-0.21289,0.00072,-0.98181,-0.97452,-0.00747,-0.00520,-0.01040,0.01228,0.00687,-0.20053,-0.21246,-0.00558,2.75280,2.69776
66.8896,0.95288,-0.32416,0.95288,-0.32416,0.25157,-0.32524,-1.90525,2.51183,-2.20889,2.83707,-2.15682,2.83707,0.00000,0.00000,1,0.00102,-0.18985,-0.20901,0.00385,-0.33831,-0.24753,-0.26463,-0.24872,-0.00684,2.29257,2.22230,-0.19773,-0.18590,0.00155,2.82415,2.85354,-0.20823,-0.21287,0.00860,-1.00647,-0.94455,-0.00070,-0.00519,-0.00517,-0.00437,-0.03122,-0.19439,-0.21242,0.00287,2.64236,2.72640
66.9893,1.02740,0.02430,1.02740,0.02430,0.86718,-0.16258,-1.92598,2.51987,-2.79317,2.68245,-2.79317,2.68245,0.00000,0.00000,0,0.00029,-0.17041,-0.19964,0.11575,-1.41645,-1.46950,-0.29372,-0.26967,-0.41464,3.08080,3.18810,-0.22714,-0.21697,-0.46815,2.67076,2.80405,-0.20206,-0.20654,0.04643,-1.49814,-1.55003,0.00967,-0.00007,0.03190,-1.02995,-0.99631,-0.17224,-0.21193,0.00082,0.26002,0.44571
67.0909,0.99550,0.37040,0.99550,0.37040,0.99417,0.21621,-1.95514,2.51755,-2.94932,2.30134,-2.94932,2.30134,0.00000,0.00000,0,0.00031,-0.15133,-0.17143,0.04324,-1.41215,-1.13737,-0.29928,-0.28539,-0.02103,3.44212,3.59840,-0.23587,-0.23287,-0.05077,3.23034,3.09769,-0.21452,-0.20687,-0.00816,-0.46167,-0.58644,-0.00091,0.00022,0.00173,-0.07534,-0.25240,-0.15383,-0.21052,0.01580,-1.42291,-1.30715
67.1930,0.88778,0.52967,0.88778,0.52967,0.93029,0.43851,-1.98403,2.50675,-2.91432,2.06824,-2.91432,2.06824,0.00000,0.00000,0,0.00042,-0.14234,-0.14596,0.12934,0.06596,-0.00185,-0.29658,-0.28565,-0.00131,3.27838,3.26805,-0.23529,-0.23644,-0.01335,2.88169,2.81458,-0.22473,-0.20877,-0.02908,0.11026,-0.05261,-0.01070,0.00011,-0.01073,0.60967,0.47154,-0.14590,-0.20807,0.03702,-2.24507,-2.21514
67.2933,0.89470,0.50286,0.89470,0.50286,0.89448,0.50326,-2.01104,2.49194,-2.90552,1.98868,-2.90552,1.98868,0.00000,0.00000,0,0.00036,-0.13921,-0.14571,-0.00097,-0.50253,-0.45187,-0.29580,-0.28564,0.00570,3.34782,3.29783,-0.23524,-0.23696,-0.00057,2.82546,2.78599,-0.22816,-0.21093,-0.00325,0.39144,0.40276,-0.01396,-0.00021,-0.00261,0.90361,0.82850,-0.14311,-0.19981,0.11192,-2.40609,-2.34267
67.3948,0.75814,0.60321,0.75814,0.60321,0.82673,0.56442,-2.03702,2.47593,-2.86375,1.91152,-2.86375,1.91152,0.00000,0.00000,0,0.00039,-0.13685,-0.14525,0.00145,-0.71403,-0.66309,-0.29350,-0.28574,-0.00198,3.34778,3.41947,-0.23367,-0.23742,-0.00155,2.72448,2.64785,-0.23213,-0.21177,-0.01379,0.79631,0.69217,-0.01797,-0.00043,-0.00955,1.27906,1.23215,-0.14126,-0.17711,0.06808,-1.71089,-1.53001
67.4967,0.73146,0.62439,0.73146,0.62439,0.75647,0.59314,-2.06047,2.45866,-2.81694,1.86552,-2.81694,1.86552,0.00000,0.00000,0,0.00036,-0.13589,-0.14494,-0.00323,-0.74131,-0.63362,-0.29111,-0.28573,-0.00128,3.21258,3.29283,-0.23174,-0.23745,-0.00201,2.47834,2.51462,-0.23494,-0.21382,-0.01918,0.96109,0.84999,-0.02092,-0.00096,-0.00737,1.58066,1.56192,-0.14071,-0.17369,0.02542,-1.93278,-1.86930
67.5995,0.71957,0.61427,0.71957,0.61427,0.72804,0.60977,-2.08259,2.44045,-2.81063,1.83068,-2.81063,1.83068,0.00000,0.00000,0,0.00030,-0.13457,-0.14406,0.00274,-0.92897,-1.06430,-0.29066,-0.28574,-0.00292,3.27139,3.26558,-0.23160,-0.23746,-0.00248,2.42233,2.43190,-0.23649,-0.21540,-0.00951,1.32440,1.37278,-0.02241,-0.00174,-0.00661,1.94586,1.82804,-0.13955,-0.17135,0.01971,-2.32416,-2.22555
67.7046,0.69358,0.63262,0.69358,0.63262,0.70660,0.62590,-2.10408,2.42187,-2.81068,1.79597,-2.81068,1.79597,0.00000,0.00000,0,0.00271,-0.13313,-0.14328,0.00425,-1.13547,-1.13516,-0.29051,-0.28575,0.00275,3.34771,3.46315,-0.23175,-0.23745,-0.00202,2.38799,2.42873,-0.23791,-0.21657,-0.02404,1.54367,1.43460,-0.02374,-0.00246,-0.01846,2.20305,2.11530,-0.13824,-0.16761,0.07318,-2.37677,-2.29354
67.8041,0.65711,0.65302,0.65711,0.65302,0.67087,0.64442,-2.12462,2.40277,-2.79549,1.75835,-2.79549,1.75835,0.00000,0.00000,0,0.00034,-0.13187,-0.14243,0.01477,-1.26395,-1.17063,-0.28963,-0.28575,0.00367,3.32663,3.28972,-0.23122,-0.23741,-0.00021,2.25290,2.12910,-0.23975,-0.21866,-0.02263,1.78748,1.83387,-0.02556,-0.00367,-0.01281,2.53429,2.55170,-0.13720,-0.16192,0.04555,-2.48418,-2.62236
67.9074,0.61166,0.67411,0.61166,0.67411,0.63223,0.66417,-2.14409,2.38308,-2.77632,1.71892,-2.77632,1.71892,0.00000,0.00000,0,0.00029,-0.13063,-0.14128,0.01302,-1.40601,-1.44756,-0.28856,-0.28576,-0.00270,3.30821,3.38984,-0.23052,-0.23734,0.00605,2.12976,2.34027,-0.24174,-0.22131,-0.02359,2.02517,2.02283,-0.02755,-0.00477,0.00410,2.89640,2.99126,-0.13620,-0.15521,0.11783,-2.15627,-2.09249
68.0086,0.52216,0.69395,0.52216,0.69395,0.55537,0.68927,-2.16171,2.36262,-2.71708,1.67336,-2.71708,1.67336,0.00000,0.00000,0,0.00029,-0.12994,-0.14017,0.00530,-1.51471,-1.56012,-0.28559,-0.28576,-0.00073,3.10937,3.05902,-0.22801,-0.23724,0.00515,1.86286,1.90867,-0.24478,-0.22514,-0.07466,2.06763,2.06796,-0.03080,-0.00596,-0.01381,3.30245,3.48625,-0.13599,-0.14646,0.00622,-2.08955,-2.13663
68.1104,0.48599,0.68719,0.48599,0.68719,0.50611,0.69184,-2.17744,2.34180,-2.68355,1.64996,-2.68355,1.64996,0.00000,0.00000,0,0.00120,-0.12965,-0.13898,0.00085,-1.55838,-1.52169,-0.28393,-0.28574,0.00301,2.99292,3.11505,-0.22659,-0.23713,-0.00014,1.65156,1.59624,-0.24640,-0.23174,-0.09384,1.89235,1.95775,-0.03255,-0.00695,-0.01703,3.61529,3.69606,-0.13597,-0.14627,0.00202,-2.20913,-2.27574
68.2106,0.43621,0.65822,0.43621,0.65822,0.45952,0.67231,-2.19183,2.32133,-2.65134,1.64901,-2.65134,1.64901,0.00000,0.00000,0,0.00029,-0.13026,-0.13767,0.00830,-1.48939,-1.53309,-0.28242,-0.28574,0.00617,2.88274,2.78903,-0.22512,-0.23702,-0.00057,1.45857,1.52861,-0.24707,-0.24171,-0.07921,1.40709,1.34888,-0.03341,-0.00809,-0.01226,3.91595,3.89900,-0.13676,-0.14612,-0.00479,-2.26870,-2.24111
68.3127,0.40773,0.64430,0.40773,0.64430,0.42095,0.65060,-2.20485,2.30160,-2.62580,1.65100,-2.62580,1.65100,0.00000,0.00000,0,0.00031,-0.13086,-0.13611,0.03032,-1.36485,-1.41272,-0.28124,-0.28571,0.00355,2.77256,2.75945,-0.22395,-0.23687,0.00250,1.23717,1.24361,-0.24749,-0.24565,-0.00799,1.38960,1.41562,-0.03398,-0.00978,-0.02096,4.11444,4.13517,-0.13749,-0.14602,-0.00196,-2.30130,-2.28265
68.4134,0.36277,0.66488,0.36277,0.66488,0.38581,0.65408,-2.21690,2.28212,-2.60271,1.62804,-2.60271,1.62804,0.00000,0.00000,0,0.00029,-0.13038,-0.12924,0.05784,-0.88177,-0.86620,-0.28007,-0.28568,0.00339,2.63729,2.75666,-0.22300,-0.23673,-0.00108,1.04236,1.10136,-0.24889,-0.24651,-0.00573,1.47825,1.42524,-0.03545,-0.01284,-0.03001,4.25443,4.28229,-0.13721,-0.14588,0.00590,-2.44863,-2.28429
68.5162,0.32600,0.67473,0.32600,0.67473,0.34280,0.67059,-2.22767,2.26214,-2.57047,1.59155,-2.57047,1.59155,0.00000,0.00000,0,0.00032,-0.12952,-0.12528,0.02402,-0.74720,-0.80529,-0.27840,-0.28562,0.00477,2.43825,2.41517,-0.22168,-0.23649,-0.00380,0.72667,0.82979,-0.25102,-0.24712,-0.00994,1.62249,1.64033,-0.03767,-0.01577,-0.01836,4.53841,4.50485,-0.13665,-0.14562,-0.00574,-2.58038,-2.43421
68.6170,0.29601,0.68339,0.29601,0.68339,0.31201,0.68013,-2.23740,2.24184,-2.54941,1.56172,-2.54941,1.56172,0.00000,0.00000,0,0.00029,-0.12871,-0.11883,0.12452,-0.00861,-0.26853,-0.27729,-0.28555,0.00403,2.29314,2.18086,-0.22085,-0.23625,0.00016,0.55973,0.60901,-0.25266,-0.24770,-0.00178,1.74995,1.59982,-0.03934,-0.01795,-0.02002,4.74960,4.68159,-0.13606,-0.14538,-0.01076,-2.70587,-2.78477
68.7174,0.24867,0.69565,0.24867,0.69565,0.26750,0.69598,-2.24593,2.22110,-2.51343,1.52512,-2.51343,1.52512,0.00000,0.00000,0,0.00028,-0.12792,-0.11657,-0.00138,-0.15922,-0.12937,-0.27545,-0.28546,-0.00283,2.05256,2.16846,-0.21936,-0.23590,0.00565,0.29287,0.31282,-0.25487,-0.24848,-0.01917,1.91122,2.03004,-0.04166,-0.02274,-0.09732,4.60722,4.50776,-0.13560,-0.14512,0.00262,-2.84977,-2.78760
68.8185,0.17398,0.67725,0.17398,0.67725,0.20749,0.68335,-2.25298,2.20044,-2.46047,1.51709,-2.46047,1.51709,0.00000,0.00000,0,0.00031,-0.12866,-0.11672,0.00074,0.04323,0.04151,-0.27296,-0.28522,0.01575,1.82406,1.78508,-0.21698,-0.23535,0.01720,-0.00876,-0.03296,-0.25625,-0.24916,-0.00179,2.02720,2.11241,-0.04332,-0.03171,-0.04118,4.44781,4.47413,-0.13666,-0.14484,0.01274,-2.79333,-2.56965
68.9198,0.14892,0.66049,0.14892,0.66049,0.16426,0.66774,-2.25834,2.18022,-2.42260,1.51248,-2.42260,1.51248,0.00000,0.00000,0,0.00032,-0.12924,-0.11695,-0.00861,0.19269,0.10249,-0.27117,-0.28479,-0.00462,1.51504,1.53170,-0.21527,-0.23362,0.01334,-0.21559,-0.11034,-0.25719,-0.24977,-0.00258,2.15698,2.12387,-0.04446,-0.03456,-0.03201,4.48850,4.50057,-0.13746,-0.14475,-0.00039,-2.85879,-2.92864
69.0205,0.12766,0.63407,0.12766,0.63407,0.13718,0.64505,-2.26275,2.16059,-2.39993,1.51554,-2.39993,1.51554,0.00000,0.00000,0,0.00026,-0.12982,-0.11717,-0.00221,0.36350,0.34358,-0.27013,-0.28445,-0.00148,1.30799,1.30579,-0.21422,-0.23076,0.02386,-0.27538,-0.24618,-0.25751,-0.25030,-0.01600,2.19168,2.16644,-0.04492,-0.03690,-0.01115,4.52042,4.39593,-0.13816,-0.14464,0.00585,-2.87597,-2.83911
69.1214,0.10487,0.59682,0.10487,0.59682,0.11523,0.61544,-2.26647,2.14172,-2.38170,1.52628,-2.38170,1.52628,0.00000,0.00000,0,0.00030,-0.13064,-0.11749,-0.00565,0.56157,0.49965,-0.26934,-0.28407,-0.00065,1.12231,1.11670,-0.21335,-0.22605,0.10157,0.01401,-0.01718,-0.25743,-0.25073,-0.01143,2.22279,2.35547,-0.04498,-0.03841,-0.01073,4.48466,4.50874,-0.13903,-0.14458,-0.00430,-2.92608,-2.86153
69.2250,0.08185,0.53476,0.08185,0.53476,0.09167,0.55597,-2.26951,2.12435,-2.36118,1.56839,-2.36118,1.56839,0.00000,0.00000,0,0.00109,-0.13281,-0.11827,-0.01473,0.80957,0.84382,-0.26857,-0.28373,-0.01178,0.89914,0.90157,-0.21224,-0.21837,0.00390,0.10714,0.02437,-0.25610,-0.25096,0.00036,2.20599,2.22810,-0.04390,-0.03933,-0.01260,4.41749,4.29683,-0.14115,-0.14450,0.00428,-2.83879,-2.86055
69.3261,0.08086,0.53472,0.08086,0.53472,0.08511,0.53713,-2.27215,2.10809,-2.35726,1.57097,-2.35726,1.57097,0.00000,0.00000,0,0.00030,-0.13299,-0.11927,-0.00547,0.94652,0.99034,-0.26840,-0.28333,-0.00065,0.76696,0.69585,-0.21205,-0.21796,0.00586,0.04000,0.02274,-0.25607,-0.25115,0.00452,2.28116,2.23614,-0.04390,-0.04003,-0.00606,4.50554,4.53109,-0.14135,-0.14445,0.00868,-2.85075,-2.69900
69.4283,0.07753,0.52930,0.07753,0.52930,0.08025,0.53161,-2.27461,2.09207,-2.35486,1.56047,-2.35486,1.56047,0.00000,0.00000,0,0.00030,-0.13261,-0.11984,-0.00002,1.03751,1.06298,-0.26824,-0.28294,0.00593,0.60318,0.59590,-0.21198,-0.21771,0.00387,-0.02058,-0.07753,-0.25655,-0.25143,-0.00717,2.34737,2.36536,-0.04436,-0.04067,-0.01256,4.48510,4.38932,-0.14102,-0.14443,-0.00223,-2.91592,-2.90977
69.5287,0.07501,0.52705,0.07501,0.52705,0.07643,0.52909,-2.27694,2.07617,-2.35337,1.54707,-2.35337,1.54707,0.00000,0.00000,0,0.00027,-0.13208,-0.12095,-0.00398,1.04890,1.00318,-0.26811,-0.28247,0.00319,0.43355,0.46304,-0.21197,-0.21755,0.00377,-0.08894,-0.11096,-0.25713,-0.25175,-0.00756,2.41750,2.41997,-0.04491,-0.04120,-0.00451,4.56964,4.55016,-0.14055,-0.14432,0.00791,-2.95919,-2.97678
69.6297,0.07400,0.52660,0.07400,0.52660,0.07557,0.52669,-2.27922,2.06035,-2.35479,1.53366,-2.35479,1.53366,0.00000,0.00000,0,0.00033,-0.13149,-0.12188,-0.00734,1.09344,1.14288,-0.26812,-0.28201,-0.00412,0.29024,0.17296,-0.21209,-0.21742,0.00100,-0.14672,-0.13715,-0.25765,-0.25213,0.00018,2.50407,2.52783,-0.04538,-0.04174,-0.00190,4.58272,4.51587,-0.14000,-0.14421,-0.00284,-3.06694,-3.09265
69.7320,0.07031,0.52435,0.07031,0.52435,0.07155,0.52571,-2.28141,2.04456,-2.35296,1.51884,-2.35296,1.51884,0.00000,0.00000,0,0.00030,-0.13091,-0.12312,-0.01016,1.05806,1.05078,-0.26797,-0.28143,0.00339,0.17182,0.22529,-0.21207,-0.21722,-0.00051,-0.19559,-0.16107,-0.25830,-0.25258,-0.00408,2.59796,2.69391,-0.04600,-0.04234,0.00745,4.66453,4.70354,-0.13949,-0.14401,0.00308,-3.14937,-3.08887
69.8326,0.06060,0.51854,0.06060,0.51854,0.06485,0.52176,-2.28344,2.02884,-2.34830,1.50708,-2.34830,1.50708,0.00000,0.00000,0,0.00033,-0.13052,-0.12455,-0.00342,1.03084,1.18158,-0.26770,-0.28087,0.00675,0.04804,0.12718,-0.21190,-0.21698,0.00036,-0.24246,-0.28917,-0.25887,-0.25298,0.00205,2.67281,2.64151,-0.04656,-0.04302,-0.00842,4.67513,4.57378,-0.13916,-0.14373,-0.00208,-3.22181,-3.14103
69.9345,0.05635,0.51250,-0.94365,0.51250,-0.59898,0.51643,-2.32997,2.01328,-1.73099,1.49685,-1.73099,1.49685,1.00000,0.00000,0,0.00035,-0.14261,-0.12733,-0.14275,1.19660,1.32129,-0.23898,-0.27663,0.25642,-1.65151,-1.49086,-0.18381,-0.21494,0.19180,-1.22040,-1.21807,-0.27145,-0.25482,-0.07283,3.14232,3.11200,-0.06277,-0.04580,-0.10719,5.10831,5.32059,-0.15469,-0.14361,-0.01815,-2.34549,-2.38321
70.0372,-0.15650,-0.06576,-1.15650,-0.06576,-1.02358,0.12364,-2.30366,2.00354,-1.28008,1.87989,-1.28008,1.87989,1.00000,0.00000,0,0.00033,-0.16769,-0.14570,-0.16516,2.37667,2.36195,-0.21964,-0.24243,0.11295,-1.07619,-0.91431,-0.16181,-0.17437,0.22501,-0.76804,-0.94343,-0.26456,-0.26090,0.02963,2.68022,2.56220,-0.05976,-0.06951,-0.00117,3.80967,3.71606,-0.18083,-0.14385,-0.00639,0.25715,-0.32374
70.1384,-0.17472,-0.36189,-1.17472,-0.36189,-1.14955,-0.25636,-2.27029,2.00713,-1.12074,2.26349,-1.12074,2.26349,1.00000,0.00000,0,0.00028,-0.18693,-0.15354,-0.11462,3.45779,3.51474,-0.21381,-0.23563,0.05101,-1.18760,-1.11902,-0.15313,-0.15056,0.00782,-0.05698,-0.06484,-0.25194,-0.26040,-0.00176,1.67565,1.76386,-0.04924,-0.06979,0.00039,2.80668,2.76982,-0.19945,-0.14441,-0.00720,1.64711,1.64802
70.2396,-0.11053,-0.48399,-1.11053,-0.48399,-1.12865,-0.42799,-2.23603,2.01818,-1.10737,2.44617,-1.10737,2.44617,1.00000,0.00000,0,0.00042,-0.19484,-0.16480,-0.17151,3.17435,3.29076,-0.21394,-0.22720,0.02163,-0.81952,-0.92736,-0.15184,-0.15019,0.00245,-0.01347,0.10011,-0.24471,-0.25972,0.01751,1.30147,1.33405,-0.04261,-0.06964,0.00386,2.22522,2.22038,-0.20669,-0.14479,-0.00644,2.65598,2.57633
70.3424,-0.03803,-0.57311,-1.03803,-0.57311,-1.06959,-0.52799,-2.20311,2.03276,-1.13353,2.56074,-1.13353,2.56074,1.00000,0.00000,0,0.00060,-0.19910,-0.18148,-0.06999,2.81367,2.84145,-0.21563,-0.22648,0.00060,-0.89197,-0.84525,-0.15259,-0.15021,0.00240,0.05296,0.10906,-0.23951,-0.25884,0.01623,0.87221,0.80593,-0.03757,-0.06943,0.00618,1.58834,1.58768,-0.21034,-0.14527,-0.00434,3.53205,3.55412
70.4473,-0.02247,-0.57718,-1.02247,-0.57718,-1.03556,-0.56428,-2.17172,2.04936,-1.13616,2.61364,-1.13616,2.61364,1.00000,0.00000,0,0.00032,-0.20126,-0.18485,-0.02940,2.98190,2.81600,-0.21597,-0.22608,0.00623,-0.94424,-0.90838,-0.15251,-0.15024,-0.00269,0.10775,0.12115,-0.23729,-0.25750,0.00224,0.63725,0.66732,-0.03548,-0.06917,-0.00371,1.15333,1.27225,-0.21227,-0.14636,-0.00355,4.34048,4.23155
70.5487,-0.01871,-0.60166,-1.01871,-0.60166,-1.02187,-0.58497,-2.14093,2.06661,-1.11905,2.65158,-1.11905,2.65158,1.00000,0.00000,0,0.00088,-0.20320,-0.18782,-0.03615,3.10982,3.33609,-0.21533,-0.22070,0.20472,-0.14692,-0.49611,-0.15159,-0.15022,0.00246,0.05316,-0.03304,-0.23607,-0.25644,0.00330,0.35520,0.51596,-0.03448,-0.06890,0.00555,0.68246,0.87611,-0.21414,-0.14715,-0.00364,5.29785,5.43804
70.6488,-0.00052,-0.68969,-1.00052,-0.68969,-1.00745,-0.66110,-2.11049,2.08553,-1.10304,2.74663,-1.10304,2.74663,1.00000,0.00000,0,0.00033,-0.20750,-0.19296,-0.08759,3.12083,3.04897,-0.21497,-0.21064,0.02773,-0.01161,-0.10240,-0.15051,-0.15018,-0.00188,-0.00327,-0.10082,-0.23250,-0.25480,0.02631,-0.01346,0.02090,-0.03126,-0.06849,0.01349,0.03501,0.09826,-0.21814,-0.15141,-0.16289,5.66912,5.73285
70.7500,0.09590,-0.76323,-0.90410,-0.76323,-0.94584,-0.72263,-2.08118,2.10636,-1.13534,2.82899,-1.13534,2.82899,1.00000,0.00000,0,0.00029,-0.21029,-0.20545,-0.08121,2.60096,2.66084,-0.21682,-0.20980,0.00376,0.19113,0.11646,-0.15166,-0.15018,0.00201,0.10472,-0.02182,-0.22850,-0.25199,0.01198,-0.35315,-0.31236,-0.02729,-0.06802,0.01072,-0.64386,-0.45984,-0.22041,-0.16352,-0.10236,5.89836,5.86925
70.8522,0.15992,-0.78081,-0.84008,-0.78081,-0.87423,-0.76674,-2.05410,2.12895,-1.17986,2.89568,-1.17986,2.89568,1.00000,0.00000,0,0.00088,-0.21218,-0.20847,-0.00830,2.74045,2.78627,-0.21918,-0.20983,0.00321,0.44448,0.32536,-0.15342,-0.15028,-0.00676,0.24324,0.24502,-0.22491,-0.24990,0.01261,-0.77270,-0.62421,-0.02359,-0.06649,0.00990,-1.30878,-1.23738,-0.22178,-0.17334,-0.06878,6.07226,6.11548
70.9550,0.19552,-0.79457,-0.80448,-0.79457,-0.82341,-0.78733,-2.02887,2.15235,-1.20547,2.93968,-1.20547,2.93968,1.00000,0.00000,0,0.00034,-0.21351,-0.20924,-0.00411,2.86266,2.98833,-0.22055,-0.20999,-0.00400,0.62494,0.66746,-0.15440,-0.15035,0.00770,0.34698,0.40660,-0.22262,-0.24849,0.00665,-1.09182,-1.06540,-0.02125,-0.06434,0.01970,-1.75916,-1.77475,-0.22277,-0.17819,-0.04539,6.42027,6.38807
71.0574,0.23008,-0.80680,-0.76992,-0.80680,-0.78553,-0.80150,-2.00486,2.17624,-1.21933,2.97774,-1.21933,2.97774,1.00000,0.00000,0,0.00039,-0.21482,-0.20993,-0.00781,2.93835,2.92778,-0.22136,-0.21017,-0.00089,0.80393,0.72647,-0.15488,-0.15043,-0.00466,0.41067,0.38165,-0.22079,-0.24691,0.01738,-1.44329,-1.50198,-0.01944,-0.05728,0.17506,-1.50561,-1.46534,-0.22385,-0.18264,-0.04168,6.77611,6.85036
71.1584,0.40475,-0.78324,-0.59525,-0.78324,-0.67850,-0.78989,-1.98284,2.20015,-1.30434,2.99003,-1.30434,2.99003,1.00000,0.00000,0,0.00029,-0.21361,-0.21020,0.00092,2.88544,2.94953,-0.22539,-0.21101,-0.02202,1.09182,1.14211,-0.15867,-0.15057,0.00019,0.71538,0.66742,-0.21864,-0.24476,0.02282,-1.70324,-1.78669,-0.01678,-0.03685,0.05714,-1.00965,-0.78940,-0.22212,-0.18801,-0.07128,6.66244,6.73654
71.2590,0.57216,-0.81639,-0.42784,-0.81639,-0.52572,-0.79998,-1.96504,2.22399,-1.43933,3.02397,-1.43933,3.02397,1.00000,0.00000,0,0.00027,-0.21229,-0.21030,0.00178,2.82142,2.82176,-0.23185,-0.21338,-0.01447,1.55842,1.50599,-0.16462,-0.15100,-0.00261,1.21193,1.03009,-0.21462,-0.23942,0.06057,-1.78017,-1.73553,-0.01200,-0.02867,0.04541,-1.02789,-0.88527,-0.21991,-0.20835,-0.30093,4.80055,4.90508
71.3611,0.81934,-0.74034,-0.18066,-0.74034,-0.30504,-0.77921,-1.95314,2.24794,-1.64810,3.02716,-1.64810,3.02716,1.00000,0.00000,0,0.00034,-0.20817,-0.21039,0.00908,2.58733,2.44272,-0.24164,-0.21767,-0.05113,2.15445,2.24066,-0.17401,-0.15190,-0.01702,1.97249,1.87587,-0.21042,-0.22149,0.24983,-0.61945,-0.84475,-0.00651,-0.01279,0.12804,-0.29515,-0.23743,-0.21465,-0.21216,-0.00615,5.17353,5.04190
71.4618,0.92208,-0.68717,-0.07792,-0.68717,-0.12923,-0.70951,-1.94755,2.27000,-1.81832,2.97951,-1.81832,2.97951,1.00000,0.00000,0,0.00032,-0.20271,-0.21027,0.00597,2.07126,1.99882,-0.24940,-0.22891,-0.10042,2.09307,2.14563,-0.18188,-0.15355,-0.02186,2.72457,2.68482,-0.20904,-0.21566,0.00645,-1.07559,-1.21340,-0.00395,-0.00613,0.00915,-0.36476,-0.29832,-0.20847,-0.21217,-0.00535,4.66595,4.65596
71.5641,0.92825,-0.61950,-0.07175,-0.61950,-0.08450,-0.64436,-1.94463,2.29006,-1.86013,2.93442,-1.86013,2.93442,1.00000,0.00000,0,0.00029,-0.19997,-0.21020,0.00212,1.82950,1.74800,-0.25117,-0.23557,-0.07619,1.91331,1.84871,-0.18394,-0.15507,-0.02648,3.01831,3.12762,-0.21006,-0.21513,-0.00311,-1.04819,-1.03797,-0.00460,-0.00586,0.00288,-0.31216,-0.32402,-0.20569,-0.21212,0.01227,4.54136,4.57901
71.6654,0.93009,-0.58033,-0.06991,-0.58033,-0.07266,-0.60206,-1.94237,2.30866,-1.86971,2.91072,-1.86971,2.91072,1.00000,0.00000,0,0.00036,-0.19878,-0.21014,0.00405,1.66979,1.55767,-0.25151,-0.24121,-0.04969,1.76112,1.84164,-0.18447,-0.15689,-0.01594,3.24753,3.27973,-0.21084,-0.21506,-0.00404,-1.11025,-1.04572,-0.00525,-0.00582,0.00129,-0.29169,-0.29607,-0.20455,-0.21214,-0.00172,4.40719,4.34754
71.7682,0.92719,-0.54019,-0.07281,-0.54019,-0.07245,-0.55699,-1.94019,2.32587,-1.86774,2.88287,-1.86774,2.88287,1.00000,0.00000,0,0.00030,-0.19766,-0.21008,-0.00263,1.43087,1.33435,-0.25130,-0.24415,-0.01467,1.77580,1.73010,-0.18449,-0.15815,-0.02477,3.50171,3.52241,-0.21202,-0.21503,0.00178,-1.01450,-0.98941,-0.00637,-0.00582,0.00228,-0.21225,-0.21065,-0.20355,-0.21215,-0.00564,4.20929,4.23725
71.8686,0.92787,-0.52539,-0.07213,-0.52539,-0.07155,-0.53371,-1.93805,2.34213,-1.86650,2.87585,-1.86650,2.87585,1.00000,0.00000,0,0.00028,-0.19739,-0.20998,0.00244,1.31895,1.35126,-0.25121,-0.24468,-0.00216,1.83172,1.74383,-0.18446,-0.16016,-0.02622,3.63904,3.62739,-0.21233,-0.21498,0.00096,-1.01736,-0.92194,-0.00667,-0.00582,-0.00221,-0.18157,-0.08557,-0.20332,-0.21212,0.00184,4.13935,4.15346
71.9695,0.92577,-0.50288,-0.07423,-0.50288,-0.07428,-0.51291,-1.93584,2.35777,-1.86157,2.87068,-1.86157,2.87068,1.00000,0.00000,0,0.00030,-0.19727,-0.20993,0.00183,1.16540,1.17304,-0.25096,-0.24496,-0.00020,1.88732,1.95020,-0.18426,-0.16347,-0.03819,3.63196,3.72401,-0.21264,-0.21494,0.00281,-1.06237,-0.96170,-0.00699,-0.00582,-0.00278,-0.15240,-0.30785,-0.20325,-0.21214,-0.00643,3.97629,3.90655
72.0722,0.92692,-0.45587,-0.07308,-0.45587,-0.07312,-0.47838,-1.93364,2.37262,-1.86051,2.85099,-1.86051,2.85099,1.00000,0.00000,0,0.00121,-0.19647,-0.20985,-0.00770,0.93991,0.92775,-0.25082,-0.24544,-0.01079,1.90173,1.92363,-0.18429,-0.16976,-0.06677,3.35729,3.31798,-0.21346,-0.21492,0.00608,-1.01399,-1.03210,-0.00777,-0.00582,-0.00354,-0.08642,-0.13140,-0.20253,-0.21211,-0.00291,3.83969,3.96872
72.1741,0.92893,-0.40867,-0.07107,-0.40867,-0.07201,-0.43106,-1.93147,2.38612,-1.85946,2.81718,-1.85946,2.81718,1.00000,0.00000,0,0.00107,-0.19508,-0.20968,0.00493,0.68095,0.65962,-0.25063,-0.24599,-0.01374,1.89711,1.87564,-0.18438,-0.17652,-0.11737,2.90288,2.90192,-0.21486,-0.21493,0.00382,-0.93112,-1.08703,-0.00909,-0.00579,0.01359,0.07813,0.10281,-0.20128,-0.21208,-0.00367,3.63855,3.51438
72.2736,0.93717,-0.33574,-0.06283,-0.33574,-0.06556,-0.35952,-1.92940,2.39770,-1.86385,2.75721,-1.86385,2.75721,1.00000,0.00000,0,0.00029,-0.19248,-0.20945,0.00619,0.28058,0.23163,-0.25058,-0.24664,-0.00810,1.93883,2.01093,-0.18482,-0.18423,-0.01512,2.76569,2.71332,-0.21722,-0.21499,-0.00274,-0.73709,-0.85304,-0.01126,-0.00582,-0.00190,0.25813,0.23373,-0.19891,-0.21204,0.00629,3.31987,3.35304
72.3753,0.93344,-0.32617,-0.06656,-0.32617,-0.06743,-0.33166,-1.92739,2.40789,-1.85996,2.73955,-1.85996,2.73955,1.00000,0.00000,0,0.00030,-0.19182,-0.20924,0.00011,0.06941,0.10165,-0.25032,-0.24699,-0.00403,1.95505,1.87581,-0.18471,-0.18467,-0.00165,2.75496,2.75914,-0.21802,-0.21500,0.00354,-0.65667,-0.64415,-0.01204,-0.00582,-0.00034,0.34218,0.46566,-0.19834,-0.21201,0.00161,3.12359,3.07428
72.4786,0.92424,-0.32213,-0.07576,-0.32213,-0.07285,-0.32444,-1.92528,2.41769,-1.85243,2.74213,-1.85243,2.74213,1.00000,0.00000,0,0.00139,-0.19208,-0.20902,-0.00386,-0.07642,-0.08845,-0.24998,-0.24724,-0.00947,1.93294,2.06190,-0.18436,-0.18488,-0.00242,2.72909,2.58854,-0.21806,-0.21503,-0.00177,-0.67304,-0.83253,-0.01213,-0.00581,0.00514,0.42915,0.45749,-0.19863,-0.21201,-0.00438,3.01099,2.87656
72.5778,0.92018,-0.32379,-0.07982,-0.32379,-0.07666,-0.32311,-1.92303,2.42739,-1.84637,2.75050,-1.84637,2.75050,1.00000,0.00000,0,0.00029,-0.19256,-0.20876,0.00873,-0.21435,-0.30798,-0.24973,-0.24733,-0.00126,1.96019,1.86492,-0.18406,-0.18501,-0.00277,2.68972,2.64172,-0.21783,-0.21504,0.00075,-0.65223,-0.71474,-0.01197,-0.00584,-0.00471,0.47435,0.47090,-0.19910,-0.21197,0.00546,2.90372,2.93093
72.6787,0.92553,-0.31855,-0.07447,-0.31855,-0.07631,-0.32051,-1.92073,2.43705,-1.84442,2.75756,-1.84442,2.75756,1.00000,0.00000,0,0.00027,-0.19289,-0.20855,0.00768,-0.35695,-0.33891,-0.24967,-0.24743,-0.00605,1.97129,1.96959,-0.18394,-0.18508,-0.00689,2.64194,2.61808,-0.21758,-0.21504,0.00954,-0.60906,-0.61254,-0.01175,-0.00584,-0.00669,0.52423,0.66148,-0.19942,-0.21195,0.00440,2.78608,2.82903
72.7803,0.92436,-0.31983,-0.07564,-0.31983,-0.07526,-0.31972,-1.91846,2.44664,-1.84320,2.76636,-1.84320,2.76636,1.00000,0.00000,0,0.00032,-0.19328,-0.20822,0.00815,-0.51316,-0.43251,-0.24965,-0.24751,-0.01122,1.96711,2.05089,-0.18385,-0.18510,0.00931,2.70214,2.68099,-0.21725,-0.21506,-0.00405,-0.62783,-0.63026,-0.01145,-0.00583,-0.00047,0.60066,0.60342,-0.19978,-0.21196,-0.00972,2.60625,2.61031
72.8830,0.92511,-0.31982,-0.07489,-0.31982,-0.07510,-0.31958,-1.91622,2.45622,-1.84112,2.77580,-1.84112,2.77580,1.00000,0.00000,0,0.00100,-0.19372,-0.20781,0.00496,-0.65170,-0.54437,-0.24959,-0.24758,-0.00181,2.00857,1.89441,-0.18372,-0.18514,0.00459,2.63493,2.66309,-0.21690,-0.21506,-0.00089,-0.64917,-0.68784,-0.01114,-0.00584,-0.00348,0.63254,0.64106,-0.20019,-0.21190,0.00317,2.53144,2.67786
72.9841,0.94207,-0.16442,0.94207,-0.16442,0.76399,-0.25767,-1.88108,2.46529,-2.64507,2.72296,-2.64507,2.72296,0.00000,0.00000,0,0.00031,-0.17512,-0.19770,0.13220,-1.26933,-1.25434,-0.28697,-0.26096,-0.28635,3.55850,3.50643,-0.22027,-0.20594,-0.48614,2.92869,2.97916,-0.20332,-0.21190,0.04529,-1.55934,-1.52329,0.00743,-0.00483,0.03272,-0.82121,-0.61942,-0.17756,-0.21143,0.00537,0.49243,0.60892
73.0844,0.91509,0.28443,0.91509,0.28443,0.91274,0.12094,-1.90757,2.46595,-2.82031,2.34501,-2.82031,2.34501,0.00000,0.00000,0,0.00030,-0.15578,-0.17170,0.13535,-1.08753,-1.19178,-0.29345,-0.28235,-0.03172,3.06226,2.97781,-0.22983,-0.22397,-0.01997,3.42030,3.36331,-0.21528,-0.21146,-0.00013,-0.48897,-0.76291,-0.00253,-0.00419,-0.00135,0.15002,-0.20825,-0.15878,-0.21034,0.02399,-1.10073,-0.88309
73.1855,0.83708,0.39169,0.83708,0.39169,0.86585,0.31790,-1.93422,2.45830,-2.80007,2.14040,-2.80007,2.14040,0.00000,0.00000,0,0.00030,-0.14767,-0.14642,0.10193,0.12200,0.00068,-0.29158,-0.28333,-0.00334,2.87940,2.79086,-0.22979,-0.22532,-0.02569,3.25308,3.29107,-0.22403,-0.21261,-0.00845,0.05397,0.06389,-0.01086,-0.00420,0.00489,0.71824,0.65440,-0.15155,-0.20875,0.04431,-1.89205,-1.88975
73.2871,0.82419,0.41109,0.82419,0.41109,0.82526,0.40750,-1.95923,2.44666,-2.78449,2.03916,-2.78449,2.03916,0.00000,0.00000,0,0.00027,-0.14378,-0.14632,0.00132,-0.41968,-0.40839,-0.29039,-0.28336,0.00601,2.88079,2.75094,-0.22952,-0.22756,-0.02406,3.01569,2.98543,-0.22848,-0.21372,-0.00237,0.47714,0.52728,-0.01512,-0.00439,0.00140,1.07416,1.02826,-0.14812,-0.20373,0.08928,-2.31464,-2.28020
73.3902,0.79710,0.48012,0.79710,0.48012,0.81329,0.44873,-1.98388,2.43389,-2.79718,1.98516,-2.79718,1.98516,0.00000,0.00000,0,0.00028,-0.14127,-0.14620,-0.00204,-0.57062,-0.49352,-0.29074,-0.28351,0.00098,3.01402,3.06717,-0.23032,-0.23077,-0.04732,2.84880,2.79151,-0.23043,-0.21415,-0.00675,0.65444,0.64282,-0.01686,-0.00447,-0.00567,1.23080,1.24487,-0.14575,-0.18939,0.39853,-1.17507,-1.37661
73.4930,0.69657,0.51708,0.69657,0.51708,0.72475,0.50408,-2.00650,2.41915,-2.73125,1.91507,-2.73125,1.91507,0.00000,0.00000,0,0.00113,-0.13970,-0.14554,0.00392,-0.66667,-0.58910,-0.28735,-0.28356,0.00191,2.79152,2.65652,-0.22763,-0.23241,0.00187,2.61918,2.66317,-0.23460,-0.21592,-0.01378,1.00793,0.96107,-0.02121,-0.00480,-0.00630,1.69488,1.76327,-0.14478,-0.17507,0.03702,-1.72077,-1.64597
73.5949,0.67775,0.55218,0.67775,0.55218,0.68797,0.54735,-2.02747,2.40307,-2.71544,1.85572,-2.71544,1.85572,0.00000,0.00000,0,0.00038,-0.13755,-0.14477,0.00612,-0.86111,-0.83423,-0.28634,-0.28358,-0.00549,2.79608,2.75070,-0.22716,-0.23257,-0.00387,2.49819,2.44368,-0.23734,-0.21749,-0.01442,1.31860,1.23917,-0.02388,-0.00513,0.00240,2.07356,2.13775,-0.14294,-0.17286,0.02722,-2.12486,-2.05576
73.6968,0.66389,0.56866,0.66389,0.56866,0.67085,0.56022,-2.04778,2.38646,-2.71863,1.82624,-2.71863,1.82624,0.00000,0.00000,0,0.00034,-0.13626,-0.14414,0.00485,-0.93855,-0.94849,-0.28636,-0.28357,-0.00552,2.85441,2.65050,-0.22743,-0.23265,0.00186,2.50158,2.58065,-0.23848,-0.21884,-0.00558,1.52438,1.42523,-0.02493,-0.00545,0.00154,2.30955,2.30437,-0.14174,-0.17041,0.04130,-2.34707,-2.30626
73.7973,0.63316,0.57486,0.63316,0.57486,0.64524,0.56996,-2.06747,2.36947,-2.71271,1.79951,-2.71271,1.79951,0.00000,0.00000,0,0.00034,-0.13527,-0.14348,0.00112,-1.06439,-0.89263,-0.28596,-0.28356,0.00078,2.84763,3.12761,-0.22728,-0.23268,0.00159,2.40658,2.38354,-0.23970,-0.22087,-0.02118,1.67320,1.74966,-0.02610,-0.00599,-0.00724,2.60819,2.56846,-0.14088,-0.16619,0.05107,-2.40730,-2.48304
73.8975,0.59243,0.59082,0.59243,0.59082,0.61011,0.58341,-2.08620,2.35213,-2.69632,1.76872,-2.69632,1.76872,0.00000,0.00000,0,0.00027,-0.13432,-0.14283,0.01192,-1.19546,-1.19942,-0.28506,-0.28357,-0.00243,2.79880,2.61404,-0.22666,-0.23267,-0.00165,2.28612,2.15705,-0.24128,-0.22293,-0.03235,1.86907,1.82841,-0.02769,-0.00666,-0.00519,2.92269,2.74938,-0.14014,-0.16172,0.04048,-2.49101,-2.53781
73.9984,0.54552,0.60244,0.54552,0.60244,0.56857,0.59545,-2.10379,2.33442,-2.67236,1.73897,-2.67236,1.73897,0.00000,0.00000,0,0.00051,-0.13357,-0.14219,0.01730,-1.26641,-1.20967,-0.28381,-0.28358,-0.00637,2.76768,2.83483,-0.22570,-0.23263,-0.00109,2.17218,2.36303,-0.24297,-0.22601,-0.02979,1.95652,1.91603,-0.02944,-0.00770,-0.02065,3.14190,3.32910,-0.13962,-0.15496,0.11669,-2.04783,-1.96693
74.0989,0.46528,0.61682,0.46528,0.61682,0.49538,0.61266,-2.11955,2.31619,-2.61493,1.70353,-2.61493,1.70353,0.00000,0.00000,0,0.00032,-0.13327,-0.14136,0.00155,-1.35232,-1.42013,-0.28098,-0.28357,-0.00096,2.55995,2.86697,-0.22323,-0.23253,-0.00081,1.90945,1.91224,-0.24556,-0.23185,-0.09714,1.77499,1.88052,-0.03226,-0.01003,-0.02479,3.43238,3.32536,-0.13975,-0.14737,0.00308,-1.98191,-2.06934
74.1998,0.41867,0.59237,0.41867,0.59237,0.44335,0.60474,-2.13347,2.29783,-2.57683,1.69309,-2.57683,1.69309,0.00000,0.00000,0,0.00031,-0.13361,-0.14090,-0.00135,-1.40586,-1.36909,-0.27915,-0.28358,-0.00679,2.37688,2.40022,-0.22154,-0.23242,0.00001,1.70002,1.66548,-0.24674,-0.24160,-0.06758,1.36340,1.45538,-0.03363,-0.01234,-0.02189,3.63205,3.51629,-0.14034,-0.14723,-0.00297,-2.08157,-1.98653
74.3019,0.40174,0.58130,0.40174,0.58130,0.41237,0.58816,-2.14616,2.28001,-2.55853,1.69185,-2.55853,1.69185,0.00000,0.00000,0,0.00030,-0.13393,-0.14076,-0.00076,-1.44946,-1.48179,-0.27830,-0.28353,0.00388,2.29615,2.23061,-0.22071,-0.23231,0.00032,1.50019,1.39135,-0.24715,-0.24522,-0.02286,1.31861,1.38581,-0.03414,-0.01392,-0.01896,3.83441,3.90060,-0.14076,-0.14713,-0.00138,-2.08123,-2.08622
74.4037,0.39362,0.57935,0.39362,0.57935,0.39769,0.58032,-2.15824,2.26254,-2.55593,1.68222,-2.55593,1.68222,0.00000,0.00000,0,0.00102,-0.13358,-0.14006,0.01756,-1.48899,-1.57683,-0.27813,-0.28352,0.00078,2.20114,2.24047,-0.22063,-0.23220,0.00389,1.37525,1.56048,-0.24759,-0.24625,-0.00468,1.34394,1.36014,-0.03458,-0.01512,-0.00163,4.00471,3.90909,-0.14046,-0.14701,0.00483,-2.17474,-2.17373
74.5043,0.38961,0.58452,0.38961,0.58452,0.39208,0.58305,-2.17007,2.24508,-2.56215,1.66203,-2.56215,1.66203,0.00000,0.00000,0,0.00028,-0.13262,-0.13906,0.01529,-1.56207,-1.54092,-0.27833,-0.28349,0.00198,2.20273,2.23064,-0.22100,-0.23211,0.00189,1.27369,1.19680,-0.24830,-0.24653,0.00336,1.39033,1.35380,-0.03519,-0.01625,-0.01394,4.27183,4.40729,-0.13954,-0.14663,0.00181,-2.29292,-2.26569
74.6053,0.37546,0.59324,0.37546,0.59324,0.38155,0.58853,-2.18166,2.22751,-2.56321,1.63898,-2.56321,1.63898,0.00000,0.00000,0,0.00038,-0.13164,-0.13697,0.04151,-1.46153,-1.41179,-0.27828,-0.28348,0.00184,2.10462,2.16277,-0.22115,-0.23206,-0.00424,1.17891,1.16024,-0.24922,-0.24681,-0.00218,1.45768,1.32986,-0.03604,-0.01750,-0.01496,4.42674,4.38410,-0.13864,-0.14626,0.00610,-2.41568,-2.31896
74.7086,0.33193,0.62271,0.33193,0.62271,0.35356,0.60706,-2.19270,2.20958,-2.54626,1.60253,-2.54626,1.60253,0.00000,0.00000,0,0.00032,-0.13047,-0.12816,0.07525,-0.88702,-0.91682,-0.27733,-0.28343,0.00626,2.02856,2.01042,-0.22053,-0.23194,-0.00008,0.99607,1.07429,-0.25105,-0.24717,-0.00699,1.58841,1.56875,-0.03786,-0.01927,-0.02367,4.59316,4.65780,-0.13769,-0.14595,0.00020,-2.56424,-2.65346
74.8102,0.27935,0.63495,0.27935,0.63495,0.30461,0.63004,-2.20247,2.19087,-2.50707,1.56083,-2.50707,1.56083,0.00000,0.00000,0,0.00034,-0.12953,-0.12059,0.13102,-0.21009,-0.34994,-0.27532,-0.28338,-0.00313,1.76727,1.74754,-0.21892,-0.23176,-0.00790,0.72633,0.81365,-0.25353,-0.24790,-0.00809,1.75446,1.76162,-0.04046,-0.02629,-0.10657,4.29538,4.26182,-0.13712,-0.14558,0.01072,-2.66555,-2.72916
74.9116,0.17979,0.65605,0.17979,0.65605,0.21498,0.65251,-2.20997,2.17157,-2.42495,1.51906,-2.42495,1.51906,0.00000,0.00000,0,0.00028,-0.12946,-0.11572,0.00730,-0.09065,-0.08293,-0.27131,-0.28319,0.00381,1.34135,1.22877,-0.21535,-0.23139,0.00041,0.37202,0.38737,-0.25687,-0.24876,-0.00756,1.99310,2.12407,-0.04415,-0.03242,-0.03715,4.48317,4.24259,-0.13765,-0.14531,-0.00557,-2.72528,-2.72706
75.0135,0.15577,0.63822,0.15577,0.63822,0.17172,0.64069,-2.21557,2.15224,-2.38728,1.51155,-2.38728,1.51155,0.00000,0.00000,0,0.00033,-0.12991,-0.11596,-0.00511,0.08674,-0.02040,-0.26953,-0.28285,0.00953,1.15055,1.20007,-0.21366,-0.23081,0.01270,0.07029,0.10798,-0.25792,-0.24997,-0.01801,2.02748,1.95209,-0.04540,-0.03521,-0.02811,4.52046,4.52431,-0.13833,-0.14520,-0.00488,-2.75196,-2.65729
75.1156,0.13259,0.62605,0.13259,0.62605,0.14454,0.63057,-2.22020,2.13320,-2.36475,1.50263,-2.36475,1.50263,0.00000,0.00000,0,0.00033,-0.13000,-0.11615,-0.00759,0.22550,0.36980,-0.26844,-0.28256,0.00523,0.96213,0.92273,-0.21267,-0.22989,0.01005,-0.07405,-0.03104,-0.25873,-0.25046,-0.00849,2.16331,2.06847,-0.04631,-0.03768,-0.01371,4.55399,4.60374,-0.13857,-0.14507,-0.00132,-2.81537,-2.96739
75.2183,0.11536,0.61050,0.11536,0.61050,0.12350,0.61805,-2.22415,2.11449,-2.34764,1.49645,-2.34764,1.49645,0.00000,0.00000,0,0.00027,-0.13009,-0.11640,-0.00514,0.38903,0.45098,-0.26762,-0.28223,-0.00627,0.73703,0.76035,-0.21192,-0.22747,0.04439,-0.09234,-0.11954,-0.25932,-0.25105,-0.00524,2.30033,2.23787,-0.04699,-0.03963,-0.02621,4.54571,4.45338,-0.13878,-0.14493,-0.00107,-2.88744,-3.13674
75.3191,0.09078,0.54512,0.09078,0.54512,0.10254,0.57213,-2.22750,2.09665,-2.33004,1.52451,-2.33004,1.52451,0.00000,0.00000,0,0.00031,-0.13162,-0.11673,-0.01569,0.64040,0.52029,-0.26693,-0.28181,0.00864,0.59309,0.75898,-0.21100,-0.21881,0.00288,0.16539,0.21352,-0.25852,-0.25148,-0.00090,2.29886,2.21547,-0.04637,-0.04061,-0.01335,4.56314,4.39229,-0.14029,-0.14478,0.00377,-2.84633,-2.88921
75.4202,0.08389,0.53490,0.08389,0.53490,0.08965,0.54300,-2.23031,2.08008,-2.31996,1.53708,-2.31996,1.53708,0.00000,0.00000,0,0.00027,-0.13234,-0.11746,-0.00989,0.80347,0.70401,-0.26651,-0.28124,0.00634,0.38043,0.28761,-0.21049,-0.21822,0.01258,0.09752,0.15829,-0.25820,-0.25172,-0.00679,2.33233,2.36957,-0.04614,-0.04128,-0.01652,4.52612,4.56904,-0.14103,-0.14473,-0.00467,-2.80634,-2.93862
75.5227,0.07456,0.53257,0.07456,0.53257,0.07878,0.53544,-2.23278,2.06394,-2.31156,1.52850,-2.31156,1.52850,0.00000,0.00000,0,0.00083,-0.13216,-0.11804,-0.01353,0.91588,0.87490,-0.26609,-0.28071,-0.00475,0.19418,0.17735,-0.21014,-0.21780,-0.00280,-0.02747,0.03486,-0.25872,-0.25202,-0.01014,2.43089,2.51758,-0.04669,-0.04190,-0.00108,4.63455,4.64310,-0.14092,-0.14465,-0.00186,-2.88285,-2.95294
75.6243,0.06449,0.52687,0.06449,0.52687,0.06908,0.53001,-2.23496,2.04797,-2.30404,1.51795,-2.30404,1.51795,0.00000,0.00000,0,0.00031,-0.13187,-0.11867,-0.00682,1.02682,1.08844,-0.26569,-0.28012,0.00589,0.05352,-0.01954,-0.20984,-0.21751,-0.00295,-0.10095,-0.02398,-0.25930,-0.25241,-0.00664,2.52603,2.62418,-0.04728,-0.04250,0.00733,4.69064,4.62862,-0.14071,-0.14457,0.00681,-2.92919,-3.02494
75.7255,0.05799,0.52218,0.05799,0.52218,0.06127,0.52439,-2.23689,2.03217,-2.29817,1.50777,-2.29817,1.50777,0.00000,0.00000,0,0.00027,-0.13157,-0.11953,-0.01253,1.12687,1.14871,-0.26537,-0.27952,0.00522,-0.10548,-0.00598,-0.20962,-0.21716,0.01040,-0.16346,-0.08075,-0.25983,-0.25284,0.00426,2.65613,2.72716,-0.04782,-0.04340,-0.00743,4.72591,4.64940,-0.14048,-0.14447,0.00295,-3.01565,-2.93572
75.8265,0.04415,0.51282,0.04415,0.51282,0.05010,0.51681,-2.23854,2.01657,-2.28863,1.49976,-2.28863,1.49976,0.00000,0.00000,0,0.00030,-0.13143,-0.12050,-0.01775,1.15070,1.18230,-0.26489,-0.27890,0.00953,-0.24351,-0.20669,-0.20921,-0.21676,0.00361,-0.28491,-0.17120,-0.26035,-0.25330,-0.01097,2.71143,2.53522,-0.04837,-0.04432,-0.00842,4.74543,4.81633,-0.14042,-0.14435,-0.00020,-3.07012,-2.92000
