t_s,roll,pitch,err_r,err_p,err_r_filt,err_p_filt,integ_r,integ_p,pi_out_r,pi_out_p,corr_r,corr_p,target_roll,target_pitch,clip_flags,dt_actual,mt_0,enc_0,vel_0,iq_sp_0,iq_0,mt_1,enc_1,vel_1,iq_sp_1,iq_1,mt_2,enc_2,vel_2,iq_sp_2,iq_2,mt_3,enc_3,vel_3,iq_sp_3,iq_3,mt_4,enc_4,vel_4,iq_sp_4,iq_4,mt_5,enc_5,vel_5,iq_sp_5,iq_5
0.0000,-0.09652,1.16615,-0.09652,1.16615,-0.06920,1.21134,-1.70522,1.87493,-1.63602,0.66359,-1.63602,0.66359,0.00000,0.00000,0,0.00083,-0.04404,-0.05697,0.00237,0.02585,0.02759,-0.16505,-0.20623,0.00914,-1.21478,-1.20530,-0.11681,-0.14515,0.30805,0.59822,0.04641,-0.24180,-0.20291,-0.04202,3.81836,3.68111,-0.03114,0.00932,-0.01949,3.73978,3.78730,-0.05968,-0.08450,-0.00508,-1.03222,-1.08377
0.1112,-0.13933,1.10600,-0.13933,1.10600,-0.12566,1.12597,-1.70200,1.84042,-1.57634,0.71445,-1.57634,0.71445,0.00000,0.00000,0,0.00700,-0.04735,-0.05720,-0.00579,0.32765,0.30227,-0.16251,-0.20371,0.04615,-1.26250,-1.34497,-0.11388,-0.14325,0.00852,-0.52356,-0.42094,-0.24088,-0.20747,-0.05206,3.46947,3.35439,-0.03074,0.00736,-0.03157,3.62129,3.55600,-0.06315,-0.08453,-0.00131,-0.74728,-0.68424
0.2066,-0.21080,1.03491,-0.21080,1.03491,-0.18042,1.06746,-1.69736,1.80760,-1.51693,0.74014,-1.51693,0.74014,0.00000,0.00000,0,0.00096,-0.04961,-0.05726,-0.00785,0.34457,0.32173,-0.15988,-0.19332,0.13793,-0.55317,-0.60958,-0.11106,-0.14268,0.00603,-0.61595,-0.59769,-0.24099,-0.21519,-0.06107,3.04404,3.00636,-0.03128,0.00199,-0.10740,3.15841,3.04509,-0.06566,-0.08454,0.00313,-0.72253,-0.70368
0.3095,-0.28250,0.88029,-0.28250,0.88029,-0.25543,0.92670,-1.69050,1.77813,-1.43507,0.85143,-1.43507,0.85143,0.00000,0.00000,0,0.00162,-0.05587,-0.05794,-0.01581,0.78100,0.79302,-0.15656,-0.17801,0.00710,-0.28865,-0.27978,-0.10689,-0.14120,0.01796,-0.92464,-0.80197,-0.23801,-0.21911,-0.01156,2.74818,2.77854,-0.02915,-0.00445,-0.01476,2.93746,3.04090,-0.07199,-0.08467,-0.00038,-0.27221,-0.41933
0.4104,-0.31732,0.84091,-0.31732,0.84091,-0.30646,0.86436,-1.68179,1.75160,-1.37533,0.88724,-1.37533,0.88724,0.00000,0.00000,0,0.00032,-0.05856,-0.05838,0.00224,0.87602,0.95331,-0.15395,-0.17728,0.00453,-0.47488,-0.41246,-0.10402,-0.13766,0.04734,-0.82835,-0.82756,-0.23771,-0.21987,0.00006,2.79826,2.90700,-0.02932,-0.00758,-0.05147,2.71206,2.83139,-0.07490,-0.08475,-0.00187,-0.13869,-0.16661
0.5123,-0.36703,0.74949,-0.36703,0.74949,-0.34364,0.79192,-1.67201,1.72684,-1.32837,0.93492,-1.32837,0.93492,0.00000,0.00000,0,0.00033,-0.06149,-0.05854,-0.00539,0.95257,0.82308,-0.15198,-0.17663,0.00305,-0.52280,-0.39273,-0.10169,-0.12501,0.22166,0.34951,0.02079,-0.23666,-0.22030,-0.00201,2.76844,2.80989,-0.02871,-0.01279,-0.01823,2.50711,2.53667,-0.07792,-0.08476,0.00310,-0.04232,-0.12076
0.6133,-0.39280,0.65801,-0.39280,0.65801,-0.38053,0.68904,-1.66100,1.70511,-1.28047,1.01607,-1.28047,1.01607,0.00000,0.00000,0,0.00033,-0.06582,-0.05940,-0.01014,1.24252,1.23986,-0.15010,-0.17564,0.00496,-0.62494,-0.74952,-0.09919,-0.11422,0.02118,0.18979,0.28778,-0.23426,-0.22038,-0.00178,2.59965,2.68814,-0.02685,-0.01359,-0.00837,2.37103,2.32909,-0.08223,-0.08489,-0.00683,0.24068,0.25506
0.7143,-0.40022,0.63964,-0.40022,0.63964,-0.39417,0.65155,-1.64934,1.68520,-1.25516,1.03365,-1.25516,1.03365,0.00000,0.00000,0,0.00026,-0.06706,-0.05989,-0.00707,1.27231,1.32198,-0.14901,-0.17459,0.01239,-0.64646,-0.61106,-0.09797,-0.11353,-0.00183,0.08073,0.16383,-0.23403,-0.22043,-0.00168,2.61281,2.66222,-0.02683,-0.01388,0.00192,2.40644,2.29028,-0.08355,-0.08496,-0.00581,0.28954,0.41430
0.8154,-0.40173,0.63317,-0.40173,0.63317,-0.40000,0.63855,-1.63739,1.66591,-1.23740,1.02736,-1.23740,1.02736,0.00000,0.00000,0,0.00034,-0.06716,-0.06001,0.00688,1.27363,1.27636,-0.14816,-0.17381,-0.00326,-0.72964,-0.78134,-0.09718,-0.11311,0.00235,0.04589,0.13930,-0.23464,-0.22056,-0.01177,2.69319,2.81397,-0.02753,-0.01420,-0.00777,2.46470,2.45164,-0.08377,-0.08494,0.01033,0.30164,0.22272
0.9167,-0.40258,0.62647,-0.40258,0.62647,-0.40158,0.63134,-1.62536,1.64687,-1.22378,1.01553,-1.22378,1.01553,0.00000,0.00000,0,0.00030,-0.06694,-0.06008,-0.00261,1.25466,1.31820,-0.14748,-0.17259,0.00879,-0.77618,-0.77769,-0.09661,-0.11285,0.00020,0.00359,0.04971,-0.23540,-0.22065,0.00008,2.77569,2.79414,-0.02833,-0.01455,-0.00236,2.54531,2.54631,-0.08368,-0.08498,-0.00201,0.27271,0.22430
1.0204,-0.40527,0.61437,-0.40527,0.61437,-0.40388,0.62026,-1.61327,1.62813,-1.20938,1.00787,-1.20938,1.00787,0.00000,0.00000,0,0.00043,-0.06691,-0.06014,0.00249,1.28354,1.18963,-0.14678,-0.17103,0.01698,-0.71922,-0.87061,-0.09598,-0.11257,-0.00120,-0.06936,-0.12634,-0.23599,-0.22077,0.00430,2.84135,2.89137,-0.02899,-0.01478,0.00268,2.55956,2.58268,-0.08376,-0.08495,0.00076,0.28943,0.31857
1.1239,-0.41009,0.59328,-0.41009,0.59328,-0.40827,0.60305,-1.60106,1.60981,-1.19280,1.00676,-1.19280,1.00676,0.00000,0.00000,0,0.00033,-0.06720,-0.06021,-0.01141,1.29538,1.31767,-0.14601,-0.16787,0.06868,-0.44629,-0.53559,-0.09523,-0.11229,0.00474,-0.12653,-0.18679,-0.23637,-0.22094,-0.00534,2.86582,2.98618,-0.02946,-0.01501,-0.00021,2.63433,2.61136,-0.08415,-0.08499,-0.00590,0.26569,0.32799
1.2253,-0.40121,0.50165,-0.40121,0.50165,-0.40967,0.53490,-1.58871,1.59278,-1.17904,1.05788,-1.17904,1.05788,0.00000,0.00000,0,0.00035,-0.06960,-0.06044,-0.00723,1.44244,1.45442,-0.14558,-0.15531,0.05528,0.21940,0.11888,-0.09441,-0.11178,0.00029,-0.20553,-0.28238,-0.23453,-0.22104,-0.00295,2.74305,2.80453,-0.02787,-0.01519,-0.01132,2.56748,2.63430,-0.08644,-0.08500,0.00076,0.48025,0.38640
1.3279,-0.41723,0.48143,-0.41723,0.48143,-0.41736,0.49424,-1.57630,1.57757,-1.15893,1.08333,-1.15893,1.08333,0.00000,0.00000,0,0.00048,-0.07106,-0.06125,-0.00772,1.54450,1.37635,-0.14476,-0.15170,0.01964,0.27324,0.35174,-0.09339,-0.11139,0.00095,-0.26135,-0.23567,-0.23387,-0.22107,-0.01416,2.74170,2.63962,-0.02742,-0.01521,0.00202,2.51263,2.45220,-0.08792,-0.08505,0.00073,0.54681,0.46059
1.4284,-0.42169,0.46339,-0.42169,0.46339,-0.41857,0.46996,-1.56381,1.56326,-1.14525,1.09329,-1.14525,1.09329,0.00000,0.00000,0,0.00043,-0.07175,-0.06159,0.00201,1.55139,1.46395,-0.14417,-0.15093,0.00178,0.26993,0.21354,-0.09273,-0.11110,0.00513,-0.27506,-0.31481,-0.23373,-0.22109,-0.00267,2.74528,2.75231,-0.02739,-0.01529,-0.00120,2.51813,2.48118,-0.08865,-0.08508,0.00411,0.59769,0.61191
1.5317,-0.42551,0.46236,-0.42551,0.46236,-0.42221,0.46348,-1.55120,1.54929,-1.12899,1.08581,-1.12899,1.08581,0.00000,0.00000,0,0.00191,-0.07177,-0.06179,-0.00207,1.55095,1.46760,-0.14339,-0.15067,0.00389,0.18783,0.21854,-0.09202,-0.11090,-0.00433,-0.36356,-0.19867,-0.23436,-0.22113,-0.00208,2.82294,2.81141,-0.02809,-0.01540,0.00289,2.60174,2.65409,-0.08879,-0.08511,-0.00162,0.60879,0.57199
1.6317,-0.42157,0.46216,-0.42157,0.46216,-0.42172,0.46266,-1.53854,1.53541,-1.11682,1.07275,-1.11682,1.07275,0.00000,0.00000,0,0.00025,-0.07147,-0.06191,-0.00370,1.53880,1.46238,-0.14277,-0.15040,-0.00211,0.13978,0.08844,-0.09151,-0.11066,0.00378,-0.40019,-0.29367,-0.23514,-0.22123,-0.00207,2.90935,2.92316,-0.02891,-0.01563,0.00284,2.65054,2.79026,-0.08861,-0.08511,-0.00109,0.60373,0.62319
1.7326,-0.41679,0.45884,-0.41679,0.45884,-0.41855,0.46039,-1.52594,1.52156,-1.10739,1.06118,-1.10739,1.06118,0.00000,0.00000,0,0.00031,-0.07118,-0.06200,-0.00309,1.54753,1.60683,-0.14229,-0.15016,0.00156,0.12218,0.14329,-0.09112,-0.11044,0.00839,-0.44367,-0.46490,-0.23580,-0.22130,-0.00075,2.97376,2.94333,-0.02959,-0.01589,-0.00630,2.72914,2.75251,-0.08842,-0.08510,0.00687,0.59479,0.61349
1.8345,-0.42060,0.45113,-0.42060,0.45113,-0.41981,0.45396,-1.51337,1.50787,-1.09355,1.05391,-1.09355,1.05391,0.00000,0.00000,0,0.00038,-0.07116,-0.06203,-0.00131,1.55565,1.46856,-0.14162,-0.14998,0.00605,0.09005,0.07681,-0.09052,-0.11018,-0.00074,-0.51666,-0.43433,-0.23637,-0.22140,0.00228,3.01458,2.97367,-0.03022,-0.01606,0.01960,2.82919,2.76595,-0.08850,-0.08510,0.00136,0.59000,0.55183
1.9369,-0.42478,0.44538,-0.42478,0.44538,-0.42311,0.44825,-1.50071,1.49435,-1.07760,1.04610,-1.07760,1.04610,0.00000,0.00000,0,0.00032,-0.07115,-0.06208,0.00485,1.55775,1.69791,-0.14085,-0.14977,-0.00606,0.02056,0.00671,-0.08982,-0.10997,-0.00255,-0.60398,-0.62446,-0.23701,-0.22156,-0.00028,3.06479,3.22261,-0.03093,-0.01632,0.00005,2.84816,2.86232,-0.08862,-0.08512,-0.00482,0.60760,0.63817
2.0388,-0.42727,0.44053,-0.42727,0.44053,-0.42641,0.44305,-1.48796,1.48099,-1.06155,1.03795,-1.06155,1.03795,0.00000,0.00000,0,0.00035,-0.07114,-0.06212,0.00296,1.57871,1.56530,-0.14007,-0.14929,0.00660,0.01424,0.00809,-0.08912,-0.10971,0.00388,-0.64695,-0.66592,-0.23766,-0.22167,0.01557,3.15975,2.98743,-0.03165,-0.01655,0.00100,2.88439,2.87598,-0.08873,-0.08511,0.00149,0.64878,0.81077
2.1397,-0.43023,0.43655,-0.43023,0.43655,-0.42950,0.43737,-1.47512,1.46782,-1.04562,1.03045,-1.04562,1.03045,0.00000,0.00000,0,0.00025,-0.07115,-0.06218,-0.00526,1.60065,1.60152,-0.13930,-0.14901,0.00920,-0.03533,-0.02192,-0.08842,-0.10944,0.00207,-0.70349,-0.74559,-0.23828,-0.22187,-0.00596,3.20429,3.24089,-0.03235,-0.01686,0.01098,2.92830,3.02487,-0.08886,-0.08513,-0.00517,0.63060,0.70411
2.2421,-0.43288,0.43172,-0.43288,0.43172,-0.43204,0.43425,-1.46218,1.45475,-1.03013,1.02050,-1.03013,1.02050,0.00000,0.00000,0,0.00026,-0.07104,-0.06221,0.00695,1.62685,1.47943,-0.13855,-0.14872,0.00188,-0.11514,0.02620,-0.08775,-0.10920,0.00213,-0.76959,-0.75886,-0.23900,-0.22200,0.00793,3.27936,3.32461,-0.03313,-0.01723,-0.00176,2.98357,3.15852,-0.08889,-0.08512,-0.00004,0.65569,0.66759
2.3436,-0.43113,0.42858,-0.43113,0.42858,-0.43125,0.43034,-1.44922,1.44179,-1.01797,1.01145,-1.01797,1.01145,0.00000,0.00000,0,0.00031,-0.07091,-0.06228,-0.00570,1.58707,1.62944,-0.13795,-0.14843,-0.00284,-0.14980,-0.19659,-0.08723,-0.10898,0.00133,-0.84609,-0.87831,-0.23961,-0.22220,-0.00399,3.33161,3.29048,-0.03379,-0.01758,0.00015,3.05180,3.00021,-0.08886,-0.08514,-0.00579,0.60037,0.74903
2.4442,-0.43355,0.42473,-0.43355,0.42473,-0.43201,0.42657,-1.43628,1.42895,-1.00427,1.00238,-1.00427,1.00238,0.00000,0.00000,0,0.00028,-0.07081,-0.06230,0.00287,1.61139,1.56744,-0.13728,-0.14825,-0.00842,-0.21120,-0.18385,-0.08664,-0.10873,0.00713,-0.88635,-0.88836,-0.24025,-0.22238,-0.00037,3.39624,3.47258,-0.03448,-0.01799,-0.00548,3.08698,3.03883,-0.08887,-0.08516,-0.00923,0.65275,0.65185
2.5453,-0.43777,0.42114,-0.43777,0.42114,-0.43562,0.42366,-1.42326,1.41620,-0.98764,0.99254,-0.98764,0.99254,0.00000,0.00000,0,0.00038,-0.07074,-0.06233,0.00270,1.63224,1.76443,-0.13647,-0.14793,0.00228,-0.25788,-0.30703,-0.08592,-0.10849,0.00470,-0.96683,-0.99568,-0.24099,-0.22263,-0.00666,3.41039,3.60327,-0.03529,-0.01834,0.00726,3.16869,3.21000,-0.08893,-0.08514,0.00021,0.66564,0.72913
2.6465,-0.43950,0.41255,-0.43950,0.41255,-0.43859,0.41594,-1.41012,1.40364,-0.97153,0.98769,-0.97153,0.98769,0.00000,0.00000,0,0.00093,-0.07086,-0.06240,0.00125,1.64690,1.67263,-0.13570,-0.14761,0.00339,-0.29114,-0.20947,-0.08520,-0.10808,0.00650,-1.02552,-1.01444,-0.24150,-0.22284,-0.00353,3.48052,3.39953,-0.03589,-0.01873,-0.00447,3.19147,3.21158,-0.08917,-0.08516,-0.00231,0.67646,0.65272
2.7484,-0.44224,0.40872,-0.44224,0.40872,-0.44132,0.41019,-1.39691,1.39127,-0.95559,0.98108,-0.95559,0.98108,0.00000,0.00000,0,0.00029,-0.07091,-0.06248,-0.00236,1.66487,1.66201,-0.13494,-0.14739,0.00068,-0.37361,-0.38391,-0.08450,-0.10769,-0.00219,-1.11233,-0.98280,-0.24209,-0.22308,-0.00054,3.55225,3.59396,-0.03655,-0.01913,-0.01222,3.22936,3.18251,-0.08933,-0.08516,-0.00013,0.70279,0.63438
2.8500,-0.44458,0.40077,-0.44458,0.40077,-0.44331,0.40415,-1.38363,1.37907,-0.94033,0.97492,-0.94033,0.97492,0.00000,0.00000,0,0.00029,-0.07096,-0.06252,0.00299,1.68037,1.72629,-0.13421,-0.14707,0.00908,-0.38811,-0.32736,-0.08382,-0.10734,0.00623,-1.15047,-1.14416,-0.24264,-0.22332,-0.00845,3.58745,3.60304,-0.03718,-0.01954,-0.00915,3.26032,3.30894,-0.08950,-0.08516,0.00319,0.72488,0.76716
2.9529,-0.44972,0.39412,-0.44972,0.39412,-0.44773,0.39711,-1.37026,1.36707,-0.92253,0.96995,-0.92253,0.96995,0.00000,0.00000,0,0.00162,-0.07111,-0.06262,-0.00653,1.69020,1.67117,-0.13337,-0.14680,0.00498,-0.44574,-0.52027,-0.08303,-0.10686,0.01109,-1.21029,-1.19259,-0.24320,-0.22361,-0.00774,3.64472,3.78770,-0.03783,-0.01983,-0.00225,3.34335,3.28588,-0.08977,-0.08517,-0.00215,0.72953,0.59767
3.0536,-0.44962,0.38907,-0.44962,0.38907,-0.44941,0.39201,-1.35679,1.35524,-0.90738,0.96323,-0.90738,0.96323,0.00000,0.00000,0,0.00099,-0.07113,-0.06272,-0.00437,1.68229,1.61549,-0.13264,-0.14660,-0.00601,-0.55506,-0.34990,-0.08236,-0.10591,0.01034,-1.21512,-1.22973,-0.24377,-0.22387,-0.00202,3.70894,3.84737,-0.03847,-0.02017,-0.00778,3.35417,3.34353,-0.08991,-0.08517,0.00290,0.75700,0.75193
3.1571,-0.45587,0.37963,-0.45587,0.37963,-0.45329,0.38458,-1.34325,1.34359,-0.88996,0.95901,-0.88996,0.95901,0.00000,0.00000,0,0.00184,-0.07131,-0.06278,0.00650,1.74128,1.86915,-0.13182,-0.14634,0.00469,-0.57664,-0.63625,-0.08158,-0.10463,0.01716,-1.19308,-1.28966,-0.24429,-0.22415,0.00033,3.75095,3.73170,-0.03908,-0.02053,-0.02057,3.40509,3.46144,-0.09020,-0.08519,-0.00611,0.78347,0.75750
3.2576,-0.46158,0.33767,-0.46158,0.33767,-0.45844,0.35925,-1.32956,1.33241,-0.87112,0.97316,-0.87112,0.97316,0.00000,0.00000,0,0.00038,-0.07228,-0.06301,-0.00542,1.80651,1.70704,-0.13101,-0.14594,0.01192,-0.58809,-0.54307,-0.08067,-0.09494,0.22380,-0.09645,-0.32104,-0.24408,-0.22440,0.00292,3.79017,3.86973,-0.03903,-0.02082,-0.00942,3.42855,3.24222,-0.09123,-0.08520,-0.00000,0.87036,0.92778
3.3589,-0.49396,0.21778,-0.49396,0.21778,-0.48183,0.25488,-1.31542,1.32356,-0.83359,1.06868,-0.83359,1.06868,0.00000,0.00000,0,0.00035,-0.07700,-0.06495,-0.04112,1.95883,2.00019,-0.12966,-0.14544,0.00466,-0.69236,-0.68494,-0.07861,-0.08217,0.01490,-0.10940,-0.02177,-0.24087,-0.22449,-0.00330,3.54128,3.67802,-0.03636,-0.02086,0.00270,3.26681,3.24685,-0.09582,-0.08535,-0.00166,1.22322,1.32571
3.4636,-0.48671,0.20687,-0.48671,0.20687,-0.48429,0.21794,-1.30092,1.31668,-0.81663,1.09874,-0.81663,1.09874,0.00000,0.00000,0,0.00028,-0.07859,-0.06756,-0.01629,1.93251,1.97145,-0.12899,-0.14492,0.00236,-0.74047,-0.83634,-0.07772,-0.08156,0.00401,-0.14226,-0.10058,-0.23996,-0.22449,0.00137,3.54621,3.51432,-0.03566,-0.02086,-0.00004,3.29045,3.53214,-0.09739,-0.08543,-0.00540,1.28399,1.37167
3.5646,-0.48653,0.20699,-0.48653,0.20699,-0.48552,0.20934,-1.28635,1.31033,-0.80083,1.10099,-0.80083,1.10099,0.00000,0.00000,0,0.00027,-0.07900,-0.06831,0.00605,1.96183,1.98140,-0.12827,-0.14452,0.00556,-0.79660,-0.70068,-0.07700,-0.08129,0.00210,-0.16225,-0.14318,-0.24018,-0.22455,0.00222,3.61281,3.65489,-0.03598,-0.02089,0.00870,3.37041,3.27722,-0.09789,-0.08542,0.00675,1.32727,1.22779
3.6671,-0.48419,0.20237,-0.48419,0.20237,-0.48516,0.20469,-1.27177,1.30413,-0.78661,1.09944,-0.78661,1.09944,0.00000,0.00000,0,0.00118,-0.07922,-0.06870,0.00133,1.94324,1.99349,-0.12761,-0.14404,0.01673,-0.80655,-0.79840,-0.07635,-0.08107,0.00264,-0.17853,-0.27212,-0.24052,-0.22463,0.00292,3.65642,3.57941,-0.03640,-0.02098,0.00184,3.41554,3.44626,-0.09820,-0.08546,-0.00044,1.35030,1.29297
3.7674,-0.48664,0.19550,-0.48664,0.19550,-0.48525,0.19888,-1.25723,1.29810,-0.77198,1.09921,-0.77198,1.09921,0.00000,0.00000,0,0.00043,-0.07951,-0.06906,-0.00363,1.93231,1.87993,-0.12693,-0.14355,0.01882,-0.84426,-0.84304,-0.07569,-0.08090,0.00680,-0.21577,-0.26591,-0.24082,-0.22472,0.00135,3.70758,3.68721,-0.03679,-0.02112,0.00324,3.42395,3.31705,-0.09857,-0.08548,-0.00222,1.41252,1.31906
3.8682,-0.48802,0.19368,-0.48802,0.19368,-0.48769,0.19518,-1.24262,1.29220,-0.75492,1.09702,-0.75492,1.09702,0.00000,0.00000,0,0.00027,-0.07976,-0.06932,-0.00522,1.95208,2.01625,-0.12613,-0.14306,0.00702,-0.89387,-0.85846,-0.07492,-0.08064,0.01031,-0.26960,-0.25759,-0.24124,-0.22482,0.00083,3.74004,3.73828,-0.03731,-0.02125,0.00247,3.50484,3.44518,-0.09893,-0.08549,0.00314,1.47081,1.51051
3.9692,-0.48397,0.19064,-0.48397,0.19064,-0.48545,0.19245,-1.22800,1.28640,-0.74255,1.09395,-0.74255,1.09395,0.00000,0.00000,0,0.00031,-0.07988,-0.06952,-0.00848,1.97081,2.05016,-0.12555,-0.14262,-0.00338,-0.95893,-0.93908,-0.07437,-0.08046,0.00623,-0.31217,-0.32598,-0.24161,-0.22491,0.00634,3.81783,3.85947,-0.03775,-0.02142,-0.00860,3.52314,3.73848,-0.09914,-0.08553,0.00223,1.50743,1.48015
4.0701,-0.48110,0.18553,-0.48110,0.18553,-0.48253,0.18770,-1.21350,1.28071,-0.73097,1.09300,-0.73097,1.09300,0.00000,0.00000,0,0.00030,-0.08008,-0.06974,0.00089,2.00317,2.04111,-0.12501,-0.14233,-0.00254,-1.01340,-0.90937,-0.07384,-0.08027,0.00930,-0.33585,-0.36096,-0.24188,-0.22498,0.00455,3.87878,3.64331,-0.03809,-0.02157,0.00442,3.58662,3.53794,-0.09940,-0.08556,-0.00764,1.50285,1.41351
4.1721,-0.48635,0.17975,-0.48635,0.17975,-0.48483,0.18229,-1.19899,1.27518,-0.71416,1.09288,-0.71416,1.09288,0.00000,0.00000,0,0.00029,-0.08041,-0.06993,0.00089,2.03283,1.99110,-0.12423,-0.14181,0.01071,-1.03630,-1.12354,-0.07308,-0.08004,0.01163,-0.38425,-0.31899,-0.24221,-0.22513,-0.00356,3.88686,4.00966,-0.03852,-0.02181,-0.01557,3.60828,3.44763,-0.09984,-0.08557,0.00293,1.58164,1.47608
4.2728,-0.48729,0.17428,-0.48729,0.17428,-0.48677,0.17662,-1.18441,1.26981,-0.69764,1.09319,-0.69764,1.09319,0.00000,0.00000,0,0.00035,-0.08075,-0.07009,0.00543,2.08399,2.15128,-0.12347,-0.14115,0.00487,-1.07168,-1.00740,-0.07232,-0.07970,0.00416,-0.42511,-0.40922,-0.24252,-0.22526,-0.00666,3.91090,3.89136,-0.03894,-0.02196,0.00339,3.69381,3.71087,-0.10028,-0.08560,-0.00450,1.62920,1.62398
4.3748,-0.48559,0.17161,-0.48559,0.17161,-0.48658,0.17314,-1.16980,1.26458,-0.68322,1.09143,-0.68322,1.09143,0.00000,0.00000,0,0.00031,-0.08097,-0.07033,-0.00776,2.06703,2.07131,-0.12280,-0.14066,0.00095,-1.15800,-1.19814,-0.07167,-0.07940,0.00579,-0.45738,-0.59090,-0.24288,-0.22543,-0.01277,3.94067,3.94353,-0.03938,-0.02216,-0.00121,3.71698,3.71031,-0.10059,-0.08564,-0.00841,1.67274,1.50369
4.4751,-0.49049,0.16676,-0.49049,0.16676,-0.48938,0.16894,-1.15516,1.25945,-0.66578,1.09051,-0.66578,1.09051,0.00000,0.00000,0,0.00029,-0.08128,-0.07054,0.00129,2.10883,2.14518,-0.12199,-0.14018,0.01531,-1.17010,-1.24655,-0.07088,-0.07908,0.00347,-0.50498,-0.35560,-0.24326,-0.22560,-0.00729,3.98128,3.88296,-0.03986,-0.02237,-0.00200,3.78773,3.70094,-0.10101,-0.08567,-0.00564,1.72055,1.70954
4.5759,-0.49449,0.15650,-0.49449,0.15650,-0.49345,0.16058,-1.14039,1.25452,-0.64694,1.09394,-0.64694,1.09394,0.00000,0.00000,0,0.00028,-0.08180,-0.07082,-0.00823,2.12842,2.01849,-0.12113,-0.13963,0.00938,-1.24189,-1.24504,-0.07001,-0.07858,0.00513,-0.53095,-0.65442,-0.24349,-0.22580,-0.00919,4.03333,3.85120,-0.04022,-0.02251,-0.00371,3.78225,3.98147,-0.10163,-0.08572,-0.00108,1.77588,1.78314
4.6791,-0.49449,0.14985,-0.49449,0.14985,-0.49454,0.15232,-1.12557,1.24986,-0.63103,1.09753,-0.63103,1.09753,0.00000,0.00000,0,0.00150,-0.08227,-0.07109,0.00291,2.18122,2.15350,-0.12041,-0.13906,0.00688,-1.27812,-1.23969,-0.06927,-0.07807,0.00690,-0.57372,-0.49121,-0.24365,-0.22600,-0.01592,4.06179,3.95691,-0.04049,-0.02268,-0.00337,3.85270,3.90805,-0.10218,-0.08576,0.00186,1.85690,1.82526
4.7783,-0.49779,0.14273,-0.49779,0.14273,-0.49666,0.14570,-1.11070,1.24540,-0.61403,1.09971,-0.61403,1.09971,0.00000,0.00000,0,0.00029,-0.08271,-0.07145,0.00116,2.20658,2.25243,-0.11963,-0.13846,0.01089,-1.31517,-1.31410,-0.06849,-0.07770,0.00023,-0.63819,-0.56390,-0.24389,-0.22615,-0.00152,4.09684,4.13016,-0.04085,-0.02283,0.00455,3.91397,3.88996,-0.10270,-0.08582,-0.00329,1.90055,1.89178
4.8797,-0.50235,0.13323,-0.50235,0.13323,-0.50016,0.13750,-1.09574,1.24118,-0.59558,1.10368,-0.59558,1.10368,0.00000,0.00000,0,0.00028,-0.08324,-0.07173,0.00174,2.25306,2.19407,-0.11880,-0.13747,0.01162,-1.33577,-1.33713,-0.06763,-0.07710,0.00820,-0.64557,-0.66351,-0.24409,-0.22636,-0.00290,4.14247,3.98644,-0.04118,-0.02298,0.00677,3.94573,3.81321,-0.10333,-0.08586,-0.00760,1.96082,2.03174
4.9816,-0.50371,0.12079,-0.50371,0.12079,-0.50291,0.12638,-1.08067,1.23725,-0.57777,1.11087,-0.57777,1.11087,0.00000,0.00000,0,0.00035,-0.08390,-0.07202,0.00974,2.30160,2.15589,-0.11800,-0.13634,0.01615,-1.32200,-1.29404,-0.06679,-0.07649,0.01037,-0.67361,-0.67337,-0.24414,-0.22654,-0.00222,4.17005,4.17036,-0.04136,-0.02317,-0.00197,3.97751,4.20312,-0.10407,-0.08594,-0.00031,2.04843,2.10402
5.0861,-0.50294,0.10549,-0.50294,0.10549,-0.50323,0.11302,-1.06557,1.23369,-0.56234,1.12067,-0.56234,1.12067,0.00000,0.00000,0,0.00082,-0.08462,-0.07242,0.00353,2.33873,2.30301,-0.11733,-0.13474,0.02050,-1.30141,-1.11014,-0.06606,-0.07599,-0.00042,-0.70128,-0.70280,-0.24404,-0.22671,-0.00531,4.18179,4.12295,-0.04139,-0.02330,-0.00231,3.96981,3.83833,-0.10484,-0.08602,-0.00442,2.10211,2.07156
5.1877,-0.51019,0.08097,-0.51019,0.08097,-0.50713,0.09309,-1.05042,1.23062,-0.54329,1.13752,-0.54329,1.13752,0.00000,0.00000,0,0.00108,-0.08570,-0.07284,-0.00577,2.36162,2.34568,-0.11651,-0.13178,0.07232,-1.03493,-1.03600,-0.06513,-0.07531,0.00860,-0.73505,-0.60506,-0.24372,-0.22687,0.00699,4.19533,4.01683,-0.04124,-0.02340,0.00535,4.01805,3.89599,-0.10597,-0.08610,-0.00553,2.22532,2.21164
5.2877,-0.50703,0.02449,-0.50703,0.02449,-0.50800,0.04487,-1.03517,1.22867,-0.52716,1.18380,-0.52716,1.18380,0.00000,0.00000,0,0.00041,-0.08795,-0.07366,-0.00861,2.53006,2.69375,-0.11595,-0.12563,0.00973,-0.87597,-0.94332,-0.06423,-0.07460,0.00813,-0.74948,-0.75218,-0.24212,-0.22697,-0.00310,4.07258,4.17679,-0.03990,-0.02349,-0.00474,3.92177,3.90573,-0.10814,-0.08624,0.00682,2.40654,2.35463
5.3896,-0.50675,0.01206,-0.50675,0.01206,-0.50928,0.02091,-1.01988,1.22781,-0.51060,1.20689,-0.51060,1.20689,0.00000,0.00000,0,0.00026,-0.08924,-0.07476,-0.01311,2.53392,2.55239,-0.11527,-0.12493,0.00731,-0.92705,-1.02687,-0.06339,-0.07415,-0.00564,-0.82696,-0.84602,-0.24150,-0.22700,0.00363,4.12137,4.04229,-0.03945,-0.02357,-0.00886,3.92135,3.97202,-0.10944,-0.08646,-0.00742,2.50050,2.54851
5.4930,-0.50789,0.00490,-0.50789,0.00490,-0.50874,0.01019,-1.00461,1.22781,-0.49587,1.21762,-0.49587,1.21762,0.00000,0.00000,32,0.00047,-0.08999,-0.07582,-0.01010,2.53011,2.54130,-0.11464,-0.12397,0.01406,-0.90881,-0.99686,-0.06268,-0.07369,-0.00684,-0.87328,-0.74971,-0.24134,-0.22708,-0.00681,4.09671,4.03968,-0.03942,-0.02364,-0.00188,3.96952,4.05824,-0.11023,-0.08656,0.00234,2.57177,2.46889
5.5953,-0.50963,-0.01480,-0.50963,-0.01480,-0.50898,-0.00601,-0.98934,1.22781,-0.48036,1.23382,-0.48036,1.23382,0.00000,0.00000,32,0.00031,-0.09097,-0.07683,-0.02000,2.53447,2.46064,-0.11398,-0.12172,0.04048,-0.74742,-0.73767,-0.06192,-0.07326,0.00489,-0.86443,-0.91809,-0.24098,-0.22714,-0.00105,4.12053,4.09418,-0.03920,-0.02375,0.00162,3.99384,3.94277,-0.11125,-0.08665,-0.00482,2.68675,2.67218
5.6986,-0.49814,-0.09922,-0.49814,-0.09922,-0.50617,-0.06181,-0.97409,1.22861,-0.46792,1.29042,-0.46792,1.29042,0.00000,0.00000,0,0.00036,-0.09358,-0.07848,-0.02851,2.63574,2.77958,-0.11363,-0.11077,0.02529,-0.15094,-0.07518,-0.06115,-0.07229,0.00820,-0.92535,-0.79569,-0.23888,-0.22718,-0.00589,3.97691,4.04782,-0.03737,-0.02380,0.00516,3.86455,3.88883,-0.11371,-0.08675,-0.00113,2.90028,2.88828
5.8025,-0.50282,-0.11444,-0.50282,-0.11444,-0.50222,-0.10412,-0.95901,1.23136,-0.45679,1.33548,-0.45679,1.33548,0.00000,0.00000,0,0.00199,-0.09568,-0.08110,-0.01485,2.63207,2.49347,-0.11329,-0.10952,0.01270,-0.09534,-0.00749,-0.06048,-0.07157,0.00923,-0.89810,-0.92654,-0.23724,-0.22717,0.00140,3.92121,3.86620,-0.03594,-0.02383,-0.00921,3.80053,3.64189,-0.11570,-0.08799,-0.03511,2.90300,2.94431
5.9014,-0.49235,-0.13222,-0.49235,-0.13222,-0.49435,-0.12475,-0.94413,1.23490,-0.44978,1.35965,-0.44978,1.35965,0.00000,0.00000,0,0.00038,-0.09683,-0.08238,-0.00271,2.66284,2.67237,-0.11306,-0.10902,0.00765,-0.11473,-0.14716,-0.06008,-0.07109,0.00344,-0.93738,-0.91200,-0.23638,-0.22716,0.00627,3.89455,3.85208,-0.03520,-0.02381,-0.00049,3.83439,3.89905,-0.11680,-0.09022,-0.00984,2.91875,2.85054
6.0029,-0.49341,-0.13918,-0.49341,-0.13918,-0.49159,-0.13469,-0.92937,1.23882,-0.43777,1.37351,-0.43777,1.37351,0.00000,0.00000,0,0.00047,-0.09765,-0.08297,-0.00033,2.71128,2.63672,-0.11256,-0.10873,0.00504,-0.13042,-0.27897,-0.05948,-0.07063,0.00747,-0.95813,-0.87617,-0.23605,-0.22718,-0.00214,3.89272,3.75189,-0.03499,-0.02383,-0.00234,3.79927,3.85771,-0.11763,-0.09108,-0.00193,3.00139,2.92220
6.1067,-0.48768,-0.14676,-0.48768,-0.14676,-0.49021,-0.14284,-0.91462,1.24302,-0.42441,1.38586,-0.42441,1.38586,0.00000,0.00000,0,0.00335,-0.09843,-0.08334,0.00533,2.78486,2.79761,-0.11199,-0.10804,0.00822,-0.10867,-0.08872,-0.05883,-0.06964,0.01456,-0.91193,-0.98030,-0.23580,-0.22717,0.00582,3.92860,3.81456,-0.03486,-0.02382,0.00585,3.84671,3.85662,-0.11845,-0.09176,-0.00792,3.02030,3.11495
6.2058,-0.49147,-0.17838,-0.49147,-0.17838,-0.48907,-0.16253,-0.89997,1.24759,-0.41090,1.41012,-0.41090,1.41012,0.00000,0.00000,0,0.00047,-0.09971,-0.08364,0.00187,2.85575,2.77067,-0.11146,-0.10551,0.03947,0.14054,0.02704,-0.05813,-0.06600,0.06358,-0.63358,-0.74233,-0.23506,-0.22718,0.00238,3.84950,3.78510,-0.03429,-0.02382,0.00142,3.81518,3.83610,-0.11971,-0.09231,-0.00657,3.11446,3.07395
6.3067,-0.50007,-0.23883,-0.50007,-0.23883,-0.49623,-0.21952,-0.88519,1.25352,-0.38896,1.47303,-0.38896,1.47303,0.00000,0.00000,0,0.00028,-0.10277,-0.08418,-0.00568,3.07690,3.09075,-0.11069,-0.10388,0.00424,0.07715,0.10355,-0.05691,-0.06027,0.02315,-0.47225,-0.44399,-0.23289,-0.22718,0.00206,3.68834,3.75369,-0.03246,-0.02382,0.00390,3.69125,3.84400,-0.12266,-0.09329,-0.01172,3.35135,3.27725
6.4102,-0.49725,-0.25657,-0.49725,-0.25657,-0.49519,-0.24761,-0.87033,1.26065,-0.37514,1.50826,-0.37514,1.50826,0.00000,0.00000,0,0.00083,-0.10452,-0.08482,-0.00515,3.17066,3.20369,-0.11019,-0.10325,-0.00001,0.11283,0.02759,-0.05616,-0.05941,0.00849,-0.49845,-0.58186,-0.23171,-0.22717,0.00383,3.65344,3.76394,-0.03148,-0.02383,0.00039,3.65520,3.56395,-0.12435,-0.09402,0.00274,3.47548,3.44229
6.5125,-0.49037,-0.26636,-0.49037,-0.26636,-0.49269,-0.26074,-0.85551,1.26831,-0.36282,1.52905,-0.36282,1.52905,0.00000,0.00000,0,0.00029,-0.10564,-0.08524,-0.01002,3.22644,3.19227,-0.10970,-0.10299,0.00887,0.10090,0.09912,-0.05553,-0.05864,0.00702,-0.50370,-0.62017,-0.23110,-0.22716,0.00586,3.65763,3.73346,-0.03101,-0.02384,-0.00801,3.64936,3.59641,-0.12546,-0.09445,0.00875,3.53310,3.57923
6.6129,-0.49401,-0.27540,-0.49401,-0.27540,-0.49354,-0.27107,-0.84071,1.27633,-0.34717,1.54740,-0.34717,1.54740,0.00000,0.00000,0,0.00036,-0.10672,-0.08557,0.00193,3.31560,3.12722,-0.10905,-0.10283,-0.00014,0.07790,0.10633,-0.05475,-0.05756,0.01914,-0.45676,-0.45724,-0.23065,-0.22718,-0.00587,3.59394,3.63717,-0.03071,-0.02382,0.00123,3.65300,3.58224,-0.12656,-0.09491,0.00342,3.62742,3.41416
6.7150,-0.48802,-0.29332,-0.48802,-0.29332,-0.49052,-0.28265,-0.82596,1.28463,-0.33544,1.56728,-0.33544,1.56728,0.00000,0.00000,0,0.00037,-0.10778,-0.08593,-0.00112,3.37853,3.52947,-0.10858,-0.10269,0.00322,0.09108,0.08714,-0.05415,-0.05402,0.11768,0.02009,-0.23880,-0.23005,-0.22718,-0.00300,3.58546,3.65605,-0.03026,-0.02383,-0.00328,3.62401,3.79093,-0.12761,-0.09543,-0.00767,3.70722,3.90490
6.8174,-0.50655,-0.37392,-0.50655,-0.37392,-0.50047,-0.34784,-0.81112,1.29426,-0.31065,1.64210,-0.31065,1.64210,0.00000,0.00000,0,0.00147,-0.11140,-0.08652,-0.01147,3.61044,3.54926,-0.10772,-0.10233,0.00353,0.06191,0.11080,-0.05276,-0.04376,0.04557,0.37719,0.28995,-0.22746,-0.22717,-0.00187,3.41380,3.45467,-0.02805,-0.02382,0.00166,3.48054,3.44997,-0.13108,-0.09626,-0.02259,3.95506,4.02143
6.9174,-0.50199,-0.39533,-0.50199,-0.39533,-0.50066,-0.38283,-0.79613,1.30538,-0.29547,1.68821,-0.29547,1.68821,0.00000,0.00000,0,0.00038,-0.11363,-0.08734,-0.01288,3.75466,3.53979,-0.10720,-0.10202,0.00910,0.10086,0.11466,-0.05191,-0.04181,0.00482,0.30851,0.42476,-0.22585,-0.22714,-0.00183,3.31768,3.35160,-0.02669,-0.02381,-0.00036,3.42425,3.56202,-0.13322,-0.09705,-0.01133,4.07796,4.04849
7.0204,-0.50173,-0.40098,-0.50173,-0.40098,-0.49995,-0.39762,-0.78112,1.31719,-0.28117,1.71481,-0.28117,1.71481,0.00000,0.00000,0,0.00029,-0.11503,-0.08791,-0.00565,3.87551,3.91052,-0.10664,-0.10176,-0.00105,0.05990,0.02127,-0.05117,-0.04160,-0.00283,0.26380,0.20089,-0.22504,-0.22713,0.00441,3.27404,3.30981,-0.02605,-0.02383,-0.01082,3.38315,3.53336,-0.13459,-0.09757,-0.00047,4.18571,4.22543
7.1222,-0.49184,-0.40584,-0.49184,-0.40584,-0.49467,-0.40282,-0.76621,1.32921,-0.27154,1.73203,-0.27154,1.73203,0.00000,0.00000,0,0.00028,-0.11594,-0.08827,-0.00197,3.96051,3.97803,-0.10626,-0.10163,-0.00215,0.04803,-0.08367,-0.05067,-0.04144,0.00508,0.30407,0.25252,-0.22451,-0.22714,-0.00292,3.25589,3.41238,-0.02564,-0.02383,-0.00729,3.38548,3.41350,-0.13549,-0.09803,-0.01169,4.28088,4.12294
7.2236,-0.49253,-0.41217,-0.49253,-0.41217,-0.49143,-0.40868,-0.75144,1.34140,-0.26001,1.75008,-0.26001,1.75008,0.00000,0.00000,0,0.00026,-0.11693,-0.08860,0.00128,4.04966,3.77652,-0.10580,-0.10162,-0.00104,0.01310,0.08458,-0.05008,-0.04135,-0.00799,0.27093,0.33915,-0.22399,-0.22712,0.00604,3.22748,3.21585,-0.02526,-0.02381,0.00043,3.36193,3.24713,-0.13647,-0.09843,-0.00543,4.40056,4.39353
7.3265,-0.48761,-0.41464,-0.48761,-0.41464,-0.48958,-0.41268,-0.73673,1.35373,-0.24715,1.76641,-0.24715,1.76641,0.00000,0.00000,0,0.00034,-0.11787,-0.08897,-0.00920,4.09804,4.11814,-0.10526,-0.10141,0.00732,-0.00337,0.01316,-0.04944,-0.04124,-0.00231,0.25530,0.33578,-0.22357,-0.22711,0.00349,3.18495,3.39188,-0.02497,-0.02380,0.00115,3.32980,3.36298,-0.13742,-0.09882,-0.01072,4.48447,4.34837
7.4312,-0.48668,-0.41884,-0.48668,-0.41884,-0.48638,-0.41648,-0.72210,1.36618,-0.23572,1.78266,-0.23572,1.78266,0.00000,0.00000,0,0.00112,-0.11877,-0.08928,0.00195,4.19840,4.25584,-0.10479,-0.10129,0.00291,-0.01810,-0.01883,-0.04887,-0.04108,0.00501,0.25317,0.36639,-0.22313,-0.22712,0.00320,3.14328,3.02712,-0.02464,-0.02382,-0.00368,3.35518,3.34449,-0.13834,-0.09913,0.00271,4.62264,4.56743
7.5322,-0.48260,-0.42115,-0.48260,-0.42115,-0.48381,-0.41956,-0.70756,1.37873,-0.22375,1.79828,-0.22375,1.79828,0.00000,0.00000,0,0.00028,-0.11967,-0.08958,-0.00442,4.26856,4.27768,-0.10430,-0.10110,0.00844,-0.02097,0.01029,-0.04827,-0.04098,-0.00531,0.22111,0.28573,-0.22272,-0.22712,0.00029,3.13942,3.08839,-0.02436,-0.02381,-0.00410,3.30451,3.31312,-0.13924,-0.09942,-0.00537,4.71676,4.63511
7.6335,-0.48481,-0.42635,-0.48481,-0.42635,-0.48416,-0.42402,-0.69304,1.39139,-0.20888,1.81542,-0.20888,1.81542,0.00000,0.00000,0,0.00030,-0.12068,-0.08986,0.00021,4.39746,4.33975,-0.10368,-0.10091,0.01339,0.00943,-0.05559,-0.04754,-0.04085,-0.00649,0.19750,0.21262,-0.22230,-0.22709,0.00928,3.11349,3.07412,-0.02409,-0.02381,-0.00174,3.29693,3.35309,-0.14027,-0.09970,-0.00213,4.86703,4.65212
7.7360,-0.47515,-0.43194,-0.47515,-0.43194,-0.47904,-0.42928,-0.67859,1.40421,-0.19955,1.83349,-0.19955,1.83349,0.00000,0.00000,0,0.00036,-0.12162,-0.09017,0.00375,4.50236,4.52362,-0.10331,-0.10073,0.00183,-0.03029,-0.14524,-0.04705,-0.04060,-0.00261,0.20720,0.21847,-0.22174,-0.22711,-0.00234,3.02714,3.07408,-0.02365,-0.02382,-0.00817,3.24527,3.33589,-0.14119,-0.09992,0.00826,4.99285,5.05540
7.8396,-0.47345,-0.43747,-0.47345,-0.43747,-0.47493,-0.43421,-0.66429,1.41717,-0.18936,1.85137,-0.18936,1.85137,0.00000,0.00000,0,0.00040,-0.12258,-0.09052,-0.00587,4.59042,4.69971,-0.10291,-0.10052,-0.00486,-0.03812,0.06641,-0.04653,-0.04046,-0.00716,0.19063,0.16510,-0.22120,-0.22708,0.00902,3.03139,3.04447,-0.02323,-0.02380,-0.00023,3.25072,3.17841,-0.14213,-0.10017,0.00629,5.10251,4.95541
7.9447,-0.47226,-0.43936,-0.47226,-0.43936,-0.47344,-0.43769,-0.65007,1.43026,-0.17663,1.86795,-0.17663,1.86795,0.00000,0.00000,0,0.00082,-0.12352,-0.09085,-0.00325,4.67581,4.84000,-0.10238,-0.10038,0.00126,-0.07378,-0.10305,-0.04590,-0.04041,-0.00224,0.17368,0.11836,-0.22077,-0.22709,0.00123,2.97000,2.77014,-0.02293,-0.02379,0.00701,3.26215,3.22582,-0.14309,-0.10051,-0.00897,5.19364,5.13710
8.0464,-0.46582,-0.43971,-0.46582,-0.43971,-0.46873,-0.43939,-0.63595,1.44343,-0.16722,1.88282,-0.16722,1.88282,0.00000,0.00000,0,0.00032,-0.12434,-0.09115,-0.00434,4.79173,4.75826,-0.10200,-0.10028,0.00382,-0.08418,-0.16544,-0.04542,-0.04035,-0.00336,0.15280,0.31240,-0.22034,-0.22710,-0.00651,2.92398,2.82279,-0.02261,-0.02379,0.00365,3.19521,3.19746,-0.14390,-0.10076,-0.00476,5.31213,5.21185
8.1485,-0.46404,-0.44229,-0.46404,-0.44229,-0.46495,-0.44052,-0.62197,1.45662,-0.15701,1.89713,-0.15701,1.89713,0.00000,0.00000,0,0.00038,-0.12514,-0.09144,0.00142,4.86559,4.77637,-0.10159,-0.10017,0.00270,-0.10149,0.04142,-0.04491,-0.04026,0.00272,0.15516,0.09770,-0.21995,-0.22709,-0.00851,2.90334,3.01435,-0.02233,-0.02382,-0.00942,3.16156,3.06532,-0.14470,-0.10102,-0.00618,5.39212,5.43094
8.2491,-0.45894,-0.44426,-0.45894,-0.44426,-0.46103,-0.44377,-0.60808,1.46991,-0.14705,1.91367,-0.14705,1.91367,0.00000,0.00000,0,0.00033,-0.12603,-0.09175,-0.00451,4.96616,5.07754,-0.10119,-0.10006,0.00207,-0.13427,-0.15146,-0.04440,-0.04020,0.00031,0.10994,0.00071,-0.21946,-0.22707,0.00016,2.85006,2.93829,-0.02196,-0.02380,-0.00250,3.15480,3.14154,-0.14559,-0.10128,-0.00556,5.53133,5.55607
8.3516,-0.45789,-0.44659,-0.45789,-0.44659,-0.45899,-0.44566,-0.59429,1.48325,-0.13530,1.92892,-0.13530,1.92892,0.00000,0.00000,0,0.00037,-0.12690,-0.09207,0.00147,5.07103,5.09477,-0.10070,-0.09989,0.01239,-0.12708,-0.06819,-0.04381,-0.04007,0.00065,0.09435,0.13656,-0.21906,-0.22707,-0.00898,2.78842,2.77707,-0.02168,-0.02380,-0.00172,3.14015,3.01337,-0.14647,-0.10152,-0.00006,5.66201,5.74672
8.4538,-0.45447,-0.44927,-0.45447,-0.44927,-0.45496,-0.44737,-0.58059,1.49664,-0.12564,1.94401,-0.12564,1.94401,0.00000,0.00000,0,0.00128,-0.12773,-0.09236,-0.00102,5.12824,5.22834,-0.10031,-0.09976,-0.00013,-0.16888,-0.07448,-0.04333,-0.03993,-0.00291,0.08379,0.07039,-0.21863,-0.22706,-0.00245,2.74223,2.82474,-0.02136,-0.02381,-0.00832,3.08996,3.04937,-0.14729,-0.10180,-0.00032,5.78300,5.55140
8.5538,-0.45081,-0.45262,-0.45081,-0.45262,-0.45259,-0.45091,-0.56699,1.51013,-0.11440,1.96104,-0.11440,1.96104,0.00000,0.00000,0,0.00031,-0.12867,-0.09265,0.00249,5.25526,5.25758,-0.09985,-0.09964,-0.00389,-0.17710,-0.09885,-0.04276,-0.03979,0.00064,0.07231,0.21491,-0.21815,-0.22704,0.00199,2.72025,2.77399,-0.02100,-0.02381,-0.00865,3.06373,3.13606,-0.14822,-0.10213,-0.00041,5.90560,5.88260
8.6559,-0.45236,-0.46061,-0.45236,-0.46061,-0.45165,-0.45771,-0.55344,1.52378,-0.10179,1.98149,-0.10179,1.98149,0.00000,0.00000,0,0.00032,-0.12978,-0.09295,0.00381,5.41054,5.43120,-0.09935,-0.09951,-0.00062,-0.18378,-0.14167,-0.04212,-0.03969,-0.00513,0.02196,-0.00069,-0.21755,-0.22702,0.00354,2.67998,2.77275,-0.02055,-0.02378,0.00248,3.04661,3.19804,-0.14932,-0.10244,-0.00088,5.97315,5.91760
8.7566,-0.44975,-0.46580,-0.44975,-0.46580,-0.45003,-0.46295,-0.53992,1.53761,-0.08989,2.00056,-0.08989,2.00056,0.00000,0.00000,0,0.00032,-0.13081,-0.09329,-0.00432,5.47714,5.52817,-0.09887,-0.09937,-0.00800,-0.21889,-0.20472,-0.04151,-0.03960,0.00060,-0.00892,0.17127,-0.21700,-0.22699,0.00535,2.65730,2.76983,-0.02013,-0.02379,-0.00255,3.02595,3.12801,-0.15035,-0.10263,-0.01294,5.95267,6.03007
8.8596,-0.44467,-0.47071,-0.44467,-0.47071,-0.44676,-0.46876,-0.52646,1.55161,-0.07971,2.02037,-0.07971,2.02037,0.00000,0.00000,0,0.00233,-0.13185,-0.09369,-0.00441,5.60511,5.57290,-0.09847,-0.09925,0.00219,-0.23395,-0.38491,-0.04098,-0.03947,0.00227,-0.01941,-0.03045,-0.21638,-0.22700,-0.00725,2.54975,2.59360,-0.01964,-0.02377,0.00685,2.99782,3.07441,-0.15136,-0.10269,0.01304,5.98471,5.94500
8.9605,-0.44332,-0.46876,-0.44332,-0.46876,-0.44416,-0.46979,-0.51312,1.56571,-0.06896,2.03550,-0.06896,2.03550,0.00000,0.00000,0,0.00031,-0.13269,-0.09402,0.00112,5.70803,5.73206,-0.09803,-0.09914,0.00690,-0.25491,-0.26095,-0.04045,-0.03938,0.00374,-0.02416,0.08798,-0.21597,-0.22697,-0.00343,2.50556,2.48003,-0.01934,-0.02379,-0.00100,2.96981,2.85586,-0.15221,-0.10282,0.00193,5.95576,6.00030
9.0632,-0.44595,-0.47227,-0.44595,-0.47227,-0.44535,-0.47073,-0.49978,1.57981,-0.05443,2.05053,-0.05443,2.05053,0.00000,0.00000,0,0.00030,-0.13362,-0.09432,-0.00768,5.82571,6.03308,-0.09741,-0.09902,-0.00082,-0.31298,-0.18854,-0.03974,-0.03925,-0.00379,-0.08662,-0.14139,-0.21563,-0.22695,0.00105,2.46213,2.38183,-0.01915,-0.02378,-0.00047,2.95861,2.84005,-0.15316,-0.10293,-0.00387,5.94955,5.79574
9.1639,-0.44364,-0.47642,-0.44364,-0.47642,-0.44441,-0.47429,-0.48643,1.59399,-0.04202,2.06827,-0.04202,2.06827,0.00000,0.00000,0,0.00027,-0.13461,-0.09465,-0.00730,5.92754,5.94818,-0.09691,-0.09883,0.00326,-0.28605,-0.35369,-0.03912,-0.03907,0.00117,-0.10008,-0.02874,-0.21514,-0.22693,0.00312,2.45994,2.42959,-0.01879,-0.02379,-0.00413,2.87841,2.92948,-0.15415,-0.10303,-0.01615,5.92692,5.85931
9.2667,-0.43851,-0.47846,-0.43851,-0.47846,-0.44030,-0.47674,-0.47316,1.60826,-0.03287,2.08500,-0.03287,2.08500,0.00000,0.00000,0,0.00210,-0.13549,-0.09495,-0.00427,5.97040,6.15332,-0.09654,-0.09869,-0.00032,-0.33204,-0.34477,-0.03865,-0.03899,-0.00328,-0.11883,-0.18701,-0.21463,-0.22693,-0.00286,2.36864,2.46747,-0.01840,-0.02379,-0.00534,2.87308,2.82655,-0.15502,-0.10308,-0.00368,5.93770,6.21025
9.3660,-0.43492,-0.47923,-0.43492,-0.47923,-0.43617,-0.47813,-0.46004,1.62259,-0.02387,2.10071,-0.02387,2.10071,0.00000,0.00000,0,0.00028,-0.13633,-0.09519,-0.01963,5.89570,5.95440,-0.09619,-0.09853,0.00330,-0.32208,-0.33230,-0.03819,-0.03889,-0.00167,-0.15145,-0.09551,-0.21416,-0.22690,-0.00521,2.31216,2.37288,-0.01803,-0.02379,-0.00395,2.84886,2.66323,-0.15585,-0.10314,0.01124,5.97944,5.87198
9.4678,-0.43529,-0.48215,-0.43529,-0.48215,-0.43600,-0.48047,-0.44695,1.63697,-0.01095,2.11744,-0.01095,2.11744,0.00000,0.00000,0,0.00031,-0.13729,-0.09531,-0.00279,5.91601,6.10572,-0.09565,-0.09836,-0.00056,-0.36653,-0.32944,-0.03754,-0.03879,-0.00104,-0.20079,-0.21668,-0.21373,-0.22686,0.00421,2.28444,2.21043,-0.01773,-0.02378,0.00345,2.81662,3.07498,-0.15682,-0.10324,0.00096,5.97697,5.81225
9.5699,-0.43078,-0.48362,-0.43078,-0.48362,-0.43312,-0.48231,-0.43392,1.65142,-0.00080,2.13373,-0.00080,2.13373,0.00000,0.00000,0,0.00030,-0.13817,-0.09540,0.00290,5.96915,6.10135,-0.09524,-0.09811,0.00309,-0.36754,-0.47305,-0.03703,-0.03869,0.00267,-0.19967,-0.21799,-0.21325,-0.22685,-0.00672,2.20777,2.15554,-0.01737,-0.02377,0.00205,2.78472,2.81915,-0.15769,-0.10332,-0.00975,5.91695,5.89248
9.6740,-0.43154,-0.48492,-0.43154,-0.48492,-0.43137,-0.48378,-0.42097,1.66591,0.01039,2.14969,0.01039,2.14969,0.00000,0.00000,0,0.00107,-0.13907,-0.09551,-0.00013,5.96449,5.91853,-0.09478,-0.09802,-0.00152,-0.42722,-0.37231,-0.03647,-0.03856,0.00503,-0.21801,-0.07846,-0.21281,-0.22679,0.00349,2.18701,2.30771,-0.01706,-0.02378,-0.00526,2.75010,2.68796,-0.15859,-0.10335,0.01167,5.96249,5.98357
9.7779,-0.42917,-0.48660,-0.42917,-0.48660,-0.42948,-0.48549,-0.40808,1.68045,0.02140,2.16595,0.02140,2.16595,0.00000,0.00000,0,0.00034,-0.13997,-0.09555,0.00955,5.99400,6.10637,-0.09433,-0.09786,0.00454,-0.44680,-0.51717,-0.03592,-0.03842,-0.00400,-0.27012,-0.35374,-0.21236,-0.22677,-0.00640,2.08006,2.15538,-0.01672,-0.02376,0.00408,2.72936,2.66147,-0.15949,-0.10342,0.00573,5.94512,5.76837
9.8802,-0.42970,-0.49030,-0.42970,-0.49030,-0.42935,-0.48879,-0.39520,1.69508,0.03415,2.18387,0.03415,2.18387,0.00000,0.00000,0,0.00105,-0.14098,-0.09566,0.00683,5.98189,5.90481,-0.09381,-0.09764,0.00383,-0.45147,-0.50085,-0.03528,-0.03823,0.00760,-0.29177,-0.33823,-0.21187,-0.22675,-0.00563,2.03766,2.07957,-0.01637,-0.02376,0.00185,2.65115,2.71733,-0.16049,-0.10346,0.00710,5.97145,5.95212
9.9819,-0.42839,-0.49340,-0.42839,-0.49340,-0.42887,-0.49206,-0.38233,1.70980,0.04655,2.20186,0.04655,2.20186,0.00000,0.00000,0,0.00029,-0.14198,-0.09573,0.00106,5.97228,5.97591,-0.09330,-0.09744,0.00399,-0.47117,-0.50968,-0.03466,-0.03810,0.00208,-0.34275,-0.27943,-0.21137,-0.22669,0.00175,2.00447,2.06259,-0.01601,-0.02377,-0.00255,2.60168,2.64768,-0.16150,-0.10354,-0.00150,5.98106,5.86089
10.0824,-0.42811,-0.49351,-0.42811,-0.49351,-0.42831,-0.49346,-0.36947,1.72459,0.05884,2.21805,0.05884,2.21805,0.00000,0.00000,0,0.00027,-0.14290,-0.09577,0.00655,5.98150,5.90488,-0.09279,-0.09724,0.00042,-0.50050,-0.44503,-0.03405,-0.03796,0.00065,-0.37273,-0.37414,-0.21094,-0.22667,-0.00349,1.94816,2.00035,-0.01571,-0.02374,0.00578,2.64048,2.55622,-0.16243,-0.10358,-0.01060,5.94925,6.05159
10.1842,-0.42878,-0.49753,-0.42878,-0.49753,-0.42839,-0.49594,-0.35663,1.73943,0.07176,2.23538,0.07176,2.23538,0.00000,0.00000,0,0.00027,-0.14389,-0.09587,-0.00894,5.93536,5.86048,-0.09226,-0.09699,0.01416,-0.51276,-0.41737,-0.03341,-0.03784,-0.00021,-0.41692,-0.35921,-0.21048,-0.22659,0.00605,1.93340,1.77112,-0.01539,-0.02376,-0.00764,2.58367,2.59993,-0.16342,-0.10359,0.00123,5.93765,5.76628
10.2863,-0.43030,-0.50162,-0.43030,-0.50162,-0.42971,-0.49937,-0.34376,1.75437,0.08595,2.25374,0.08595,2.25374,0.00000,0.00000,0,0.00032,-0.14494,-0.09590,-0.00482,5.96224,5.88857,-0.09167,-0.09663,0.00277,-0.57285,-0.61747,-0.03271,-0.03768,-0.00769,-0.46200,-0.39365,-0.21000,-0.22658,-0.01235,1.82802,1.74589,-0.01506,-0.02375,-0.00157,2.54273,2.40129,-0.16448,-0.10362,0.00332,5.96926,5.87441
10.3869,-0.43044,-0.50823,-0.43044,-0.50823,-0.42906,-0.50473,-0.33089,1.76944,0.09817,2.27417,0.09817,2.27417,0.00000,0.00000,0,0.00028,-0.14604,-0.09593,-0.00222,5.95969,5.97762,-0.09118,-0.09630,0.00001,-0.58086,-0.58297,-0.03209,-0.03747,0.00219,-0.48249,-0.44631,-0.20940,-0.22650,-0.00009,1.80221,1.84067,-0.01460,-0.02375,-0.00478,2.48777,2.58740,-0.16557,-0.10367,-0.00720,5.93963,5.97368
10.4897,-0.45889,-0.38762,-0.45889,-0.38762,-0.43748,-0.47350,-0.31797,1.78448,0.11951,2.25798,0.11951,2.25798,0.00000,0.00000,0,0.00028,-0.14580,-0.09597,0.00189,5.98139,6.01715,-0.09012,-0.09502,0.01729,-0.49265,-0.60525,-0.03118,-0.03728,-0.00052,-0.52848,-0.54291,-0.21048,-0.22646,-0.00357,1.71043,1.76149,-0.01577,-0.02374,0.00253,2.43067,2.47205,-0.16551,-0.10370,-0.01277,5.91839,5.88321
10.5930,-0.45765,-0.41707,-0.45765,-0.41707,-0.45576,-0.41730,-0.30444,1.79730,0.15132,2.21459,0.15132,2.21459,0.00000,0.00000,0,0.00083,-0.14462,-0.09595,0.00315,5.83757,5.75532,-0.08848,-0.09069,0.03030,-0.35832,-0.33767,-0.02989,-0.03681,0.00414,-0.62544,-0.51642,-0.21288,-0.22646,0.00016,2.02468,2.00890,-0.01825,-0.02374,-0.00188,2.76338,2.53283,-0.16471,-0.10368,0.00199,5.89409,5.72626
10.6955,-0.45867,-0.44318,-0.45867,-0.44318,-0.45802,-0.43295,-0.29072,1.81005,0.16730,2.24300,0.16730,2.24300,0.00000,0.00000,0,0.00113,-0.14613,-0.09604,-0.00177,5.92470,5.88449,-0.08785,-0.08732,0.01975,-0.22436,-0.16627,-0.02907,-0.03648,0.00313,-0.64287,-0.54973,-0.21203,-0.22646,-0.00358,1.86305,1.84565,-0.01758,-0.02373,0.00062,2.65310,2.60139,-0.16620,-0.10371,0.00116,5.95647,5.84249
10.7956,-0.45889,-0.46121,-0.45889,-0.46121,-0.45798,-0.45240,-0.27699,1.82339,0.18099,2.27579,0.18099,2.27579,0.00000,0.00000,0,0.00039,-0.14778,-0.09607,-0.00274,5.93393,6.09562,-0.08734,-0.08337,0.10947,0.28524,0.20830,-0.02834,-0.03622,0.00192,-0.70027,-0.74172,-0.21094,-0.22645,-0.00684,1.75590,1.79255,-0.01669,-0.02373,-0.00028,2.58061,2.61652,-0.16779,-0.10373,-0.00038,5.92426,5.93112
10.8971,-0.45420,-0.51855,-0.45420,-0.51855,-0.45647,-0.50229,-0.26325,1.83787,0.19322,2.34016,0.19322,2.34016,0.00000,0.00000,0,0.00029,-0.15072,-0.09610,0.00357,5.94125,5.79238,-0.08701,-0.07708,0.00653,0.36913,0.41534,-0.02758,-0.03577,0.00069,-0.74422,-0.74228,-0.20853,-0.22635,-0.00572,1.54456,1.46568,-0.01455,-0.02372,0.00536,2.39237,2.41529,-0.17053,-0.10374,0.00227,5.97018,5.93363
10.9992,-0.45257,-0.52244,-0.45257,-0.52244,-0.45657,-0.51631,-0.24952,1.85323,0.20706,2.36953,0.20706,2.36953,0.00000,0.00000,0,0.00032,-0.15223,-0.09616,-0.00692,5.95724,5.98722,-0.08648,-0.07688,0.01243,0.34668,0.34647,-0.02686,-0.03533,0.00457,-0.76318,-0.83692,-0.20760,-0.22624,0.00106,1.50908,1.51566,-0.01380,-0.02371,0.00727,2.38193,2.41063,-0.17200,-0.10377,-0.00599,5.96034,5.91207
11.1016,-0.45701,-0.52073,-0.45701,-0.52073,-0.45663,-0.51994,-0.23583,1.86880,0.22080,2.38874,0.22080,2.38874,0.00000,0.00000,0,0.00140,-0.15331,-0.09620,-0.00469,5.97980,5.95579,-0.08591,-0.07685,0.00383,0.34135,0.38299,-0.02617,-0.03512,0.00396,-0.79024,-0.80899,-0.20707,-0.22616,0.00389,1.47135,1.37450,-0.01342,-0.02374,-0.00873,2.30930,2.35705,-0.17308,-0.10379,-0.00184,5.96707,5.99784
11.2040,-0.46101,-0.52193,-0.46101,-0.52193,-0.45929,-0.52184,-0.22210,1.88445,0.23719,2.40629,0.23719,2.40629,0.00000,0.00000,0,0.00045,-0.15438,-0.09619,0.00352,5.94535,5.74712,-0.08521,-0.07667,0.01869,0.35161,0.28693,-0.02537,-0.03491,-0.00098,-0.87622,-0.86600,-0.20667,-0.22610,0.00017,1.37687,1.24582,-0.01318,-0.02374,-0.00762,2.27947,2.35908,-0.17417,-0.10378,0.00450,5.93890,6.09991
11.3043,-0.46205,-0.52220,-0.46205,-0.52220,-0.46196,-0.52177,-0.20827,1.90009,0.25369,2.42187,0.25369,2.42187,0.00000,0.00000,0,0.00037,-0.15536,-0.09624,-0.00753,5.94160,5.87638,-0.08451,-0.07667,-0.00547,0.25264,0.23167,-0.02458,-0.03460,0.01716,-0.86596,-0.78516,-0.20635,-0.22603,0.00002,1.36188,1.27262,-0.01302,-0.02372,-0.00236,2.27776,2.31623,-0.17518,-0.10383,-0.00554,5.93220,5.77350
11.4054,-0.45842,-0.52383,-0.45842,-0.52383,-0.46005,-0.52255,-0.19444,1.91575,0.26562,2.43830,0.26562,2.43830,0.00000,0.00000,0,0.00032,-0.15629,-0.09625,0.00047,5.93077,5.88171,-0.08401,-0.07658,0.00226,0.28008,0.30774,-0.02399,-0.03438,-0.00171,-0.94591,-1.06544,-0.20591,-0.22596,0.00852,1.30180,1.41234,-0.01270,-0.02372,0.00196,2.22127,2.27562,-0.17611,-0.10382,0.00626,5.96425,6.01687
11.5070,-0.45773,-0.52399,-0.45773,-0.52399,-0.45818,-0.52378,-0.18067,1.93145,0.27751,2.45524,0.27751,2.45524,0.00000,0.00000,0,0.00032,-0.15724,-0.09629,0.00529,5.98039,5.88168,-0.08352,-0.07656,0.00123,0.24484,0.24886,-0.02340,-0.03411,0.01242,-0.95931,-0.99669,-0.20544,-0.22590,0.00012,1.23951,1.08386,-0.01237,-0.02372,0.00036,2.17372,2.16056,-0.17706,-0.10385,-0.00464,5.95930,6.11334
11.6090,-0.45815,-0.52582,-0.45815,-0.52582,-0.45835,-0.52545,-0.16692,1.94720,0.29143,2.47266,0.29143,2.47266,0.00000,0.00000,0,0.00039,-0.15825,-0.09632,-0.00037,5.95402,5.85669,-0.08294,-0.07645,0.00442,0.22641,0.19252,-0.02271,-0.03387,0.00697,-1.02618,-1.07552,-0.20499,-0.22582,0.00479,1.20887,1.25707,-0.01206,-0.02372,-0.00703,2.14399,2.20091,-0.17808,-0.10386,-0.00582,5.95070,6.03376
11.7099,-0.45877,-0.52699,-0.45877,-0.52699,-0.45836,-0.52623,-0.15318,1.96297,0.30518,2.48920,0.30518,2.48920,0.00000,0.00000,0,0.00032,-0.15922,-0.09632,0.01002,5.98272,5.93836,-0.08236,-0.07634,0.00055,0.23076,0.30160,-0.02204,-0.03360,0.00084,-1.07342,-1.00388,-0.20458,-0.22577,-0.00904,1.10088,1.10747,-0.01179,-0.02367,0.00911,2.11614,2.04502,-0.17906,-0.10387,-0.00557,5.93621,5.91684
11.8119,-0.45876,-0.52895,-0.45876,-0.52895,-0.45871,-0.52885,-0.13942,1.97882,0.31928,2.50767,0.31928,2.50767,0.00000,0.00000,0,0.00094,-0.16028,-0.09634,0.01107,5.96424,6.21547,-0.08178,-0.07625,-0.00004,0.18661,0.22545,-0.02134,-0.03336,0.00196,-1.12186,-1.11343,-0.20410,-0.22568,-0.00425,1.03314,1.00344,-0.01146,-0.02368,0.00433,2.08745,1.92024,-0.18013,-0.10389,-0.00576,5.93118,6.03131
11.9140,-0.45870,-0.52936,-0.45870,-0.52936,-0.45829,-0.52936,-0.12568,1.99470,0.33261,2.52406,0.33261,2.52406,0.00000,0.00000,0,0.00061,-0.16123,-0.09639,0.00447,5.97320,5.99209,-0.08122,-0.07616,0.00639,0.20164,0.21181,-0.02069,-0.03300,0.00463,-1.16155,-1.17752,-0.20368,-0.22560,-0.00070,0.96271,0.91587,-0.01118,-0.02369,-0.00670,2.03981,1.97865,-0.18109,-0.10390,0.00254,5.96004,6.07060
12.0150,-0.45971,-0.53290,-0.45971,-0.53290,-0.45910,-0.53151,-0.11191,2.01061,0.34719,2.54212,0.34719,2.54212,0.00000,0.00000,0,0.00033,-0.16228,-0.09643,-0.00146,5.94684,5.80034,-0.08061,-0.07609,0.00013,0.13133,0.24978,-0.01997,-0.03264,0.00505,-1.20298,-1.16661,-0.20322,-0.22553,0.00177,0.90839,0.82829,-0.01087,-0.02367,0.00379,2.00666,1.93161,-0.18215,-0.10389,0.01271,5.99400,6.04989
12.1162,-0.46242,-0.53695,-0.46242,-0.53695,-0.46098,-0.53549,-0.09811,2.02663,0.36287,2.56212,0.36287,2.56212,0.00000,0.00000,0,0.00025,-0.16344,-0.09647,-0.00679,5.95786,5.83444,-0.07995,-0.07596,0.00860,0.14140,0.12385,-0.01920,-0.03215,0.01019,-1.23014,-1.29352,-0.20270,-0.22540,0.00793,0.86135,0.86029,-0.01052,-0.02366,0.00717,1.94626,1.99978,-0.18331,-0.10393,0.00012,5.96146,6.07541
12.2175,-0.46261,-0.54077,-0.46261,-0.54077,-0.46319,-0.53857,-0.08422,2.04274,0.37897,2.58131,0.37897,2.58131,0.00000,0.00000,0,0.00029,-0.16457,-0.09647,-0.00356,5.96662,6.08878,-0.07927,-0.07581,0.00160,0.10319,0.12462,-0.01841,-0.03176,0.00100,-1.28531,-1.27672,-0.20223,-0.22535,-0.00450,0.78344,0.76120,-0.01021,-0.02367,-0.00445,1.89792,2.01450,-0.18446,-0.10396,-0.00470,5.93893,6.07036
12.3184,-0.46113,-0.54211,-0.46113,-0.54211,-0.46210,-0.54153,-0.07034,2.05897,0.39176,2.60050,0.39176,2.60050,0.00000,0.00000,0,0.00029,-0.16563,-0.09650,-0.00302,5.95422,5.84404,-0.07875,-0.07569,0.00108,0.08757,-0.05679,-0.01778,-0.03140,-0.00211,-1.34465,-1.36633,-0.20169,-0.22525,-0.00165,0.71226,0.72490,-0.00981,-0.02365,0.00412,1.84898,1.78872,-0.18551,-0.10394,0.01122,5.95841,6.01203
12.4189,-0.46273,-0.54703,-0.46273,-0.54703,-0.46137,-0.54439,-0.05651,2.07525,0.40486,2.61964,0.40486,2.61964,0.00000,0.00000,0,0.00031,-0.16670,-0.09651,0.00335,5.98009,5.83357,-0.07821,-0.07564,0.00170,0.06212,-0.05242,-0.01712,-0.03086,0.00515,-1.35444,-1.26292,-0.20115,-0.22516,0.00025,0.63597,0.72514,-0.00942,-0.02365,0.00479,1.80397,1.84767,-0.18657,-0.10398,-0.00459,5.95694,5.86220
12.5200,-0.46479,-0.55022,-0.46479,-0.55022,-0.46349,-0.54840,-0.04264,2.09166,0.42085,2.64005,0.42085,2.64005,0.00000,0.00000,0,0.00028,-0.16787,-0.09653,0.00096,5.94789,6.02588,-0.07754,-0.07553,-0.00675,0.02591,0.06311,-0.01634,-0.03021,0.00312,-1.38136,-1.19109,-0.20063,-0.22507,-0.00443,0.56059,0.56778,-0.00906,-0.02363,0.00863,1.77891,1.65468,-0.18776,-0.10397,-0.00290,5.96881,5.86473
12.6223,-0.47110,-0.56114,-0.47110,-0.56114,-0.46848,-0.55638,-0.02865,2.10824,0.43984,2.66461,0.43984,2.66461,0.00000,0.00000,0,0.00029,-0.16929,-0.09654,0.00436,5.99279,5.93511,-0.07675,-0.07534,0.00687,0.00347,0.06531,-0.01540,-0.02932,0.01045,-1.39965,-1.49555,-0.19998,-0.22493,0.00883,0.50525,0.57406,-0.00862,-0.02365,-0.00401,1.70449,1.67438,-0.18918,-0.10400,-0.01119,5.91809,5.91235
12.7229,-0.47346,-0.56505,-0.47346,-0.56505,-0.47254,-0.56319,-0.01450,2.12506,0.45804,2.68825,0.45804,2.68825,0.00000,0.00000,0,0.00037,-0.17064,-0.09657,-0.00200,5.98919,5.98394,-0.07599,-0.07521,0.00735,-0.02570,0.04618,-0.01451,-0.02832,0.01011,-1.40673,-1.32480,-0.19937,-0.22481,0.00481,0.44439,0.44725,-0.00819,-0.02362,0.00452,1.65736,1.68473,-0.19054,-0.10402,-0.00628,5.96044,5.98295
12.8233,-0.47218,-0.57242,-0.47218,-0.57242,-0.47276,-0.56950,-0.00032,2.14206,0.47245,2.71157,0.47245,2.71157,0.00000,0.00000,0,0.00030,-0.17191,-0.09660,-0.00390,5.96093,5.89277,-0.07541,-0.07511,-0.00128,-0.09203,0.06305,-0.01379,-0.02748,-0.00373,-1.46677,-1.49098,-0.19869,-0.22473,-0.00796,0.33321,0.35198,-0.00768,-0.02364,-0.00705,1.58669,1.42599,-0.19180,-0.10403,-0.00435,5.93756,6.08524
12.9271,-0.47199,-0.57562,-0.47199,-0.57562,-0.47137,-0.57396,0.01383,2.15924,0.48520,2.73320,0.48520,2.73320,0.00000,0.00000,0,0.00108,-0.17308,-0.09660,0.00580,5.98242,5.98292,-0.07489,-0.07496,0.00541,-0.07533,-0.12882,-0.01314,-0.02690,0.00099,-1.48541,-1.53228,-0.19805,-0.22455,0.00690,0.28046,0.16582,-0.00719,-0.02361,0.00068,1.53061,1.48279,-0.19294,-0.10402,-0.00009,5.97609,6.10685
13.0276,-0.47603,-0.57991,-0.47603,-0.57991,-0.47389,-0.57769,0.02800,2.17652,0.50190,2.75421,0.50190,2.75421,0.00000,0.00000,0,0.00038,-0.17430,-0.09664,0.00507,5.97559,5.96826,-0.07419,-0.07481,0.00798,-0.08751,-0.23526,-0.01233,-0.02576,0.02092,-1.45065,-1.59974,-0.19751,-0.22439,0.00830,0.22385,0.12789,-0.00682,-0.02360,0.00729,1.47566,1.44154,-0.19417,-0.10403,0.00205,5.98228,5.81185
13.1282,-0.47954,-0.59323,-0.47954,-0.59323,-0.47778,-0.58723,0.04230,2.19400,0.52008,2.78123,0.52008,2.78123,0.00000,0.00000,0,0.00028,-0.17580,-0.09667,-0.01172,5.93165,5.99013,-0.07345,-0.07466,0.00411,-0.15610,-0.13111,-0.01142,-0.02423,0.01987,-1.43640,-1.39052,-0.19675,-0.22422,0.00446,0.11228,0.11744,-0.00627,-0.02361,-0.00230,1.40620,1.41923,-0.19566,-0.10403,0.00740,5.97352,5.96727
13.2291,-0.47993,-0.65113,-0.47993,-0.65113,-0.48063,-0.61834,0.05669,2.21204,0.53732,2.83037,0.53732,2.83037,0.00000,0.00000,0,0.00035,-0.17821,-0.09667,0.00227,5.96563,6.07953,-0.07283,-0.07446,-0.00093,-0.16731,-0.25645,-0.01049,-0.00980,0.64215,1.23339,0.09337,-0.19507,-0.22399,0.00630,-0.00910,0.01454,-0.00485,-0.02360,0.00200,1.32216,1.33072,-0.19796,-0.10404,0.00629,5.95736,6.06815
13.3325,-0.50599,-0.77909,-0.50599,-0.77909,-0.50960,-0.74493,0.07165,2.23318,0.58125,2.97811,0.58125,2.97811,0.00000,0.00000,0,0.00028,-0.18530,-0.09673,-0.00890,5.95455,5.93563,-0.07132,-0.07396,0.00095,-0.29566,-0.30368,-0.00805,-0.00094,0.01289,-0.31181,-0.19818,-0.18986,-0.22276,0.01152,-0.40100,-0.40009,-0.00036,-0.02359,0.00140,0.94700,1.04485,-0.20466,-0.10410,-0.01701,5.90700,5.99217
13.4357,-0.51505,-0.78209,-0.51505,-0.78209,-0.50848,-0.77671,0.08678,2.25619,0.59526,3.03291,0.59526,3.03291,0.00000,0.00000,0,0.00102,-0.18788,-0.09672,-0.00545,5.91210,5.95645,-0.07087,-0.07357,0.00083,-0.27439,-0.21182,-0.00725,-0.00093,-0.00086,-0.32169,-0.28391,-0.18788,-0.22206,0.00573,-0.50934,-0.48675,0.00136,-0.02359,-0.00656,0.75701,0.71827,-0.20708,-0.10407,0.00170,5.99400,6.03460
13.5358,-0.51213,-0.79248,-0.51213,-0.79248,-0.50514,-0.78578,0.10194,2.27966,0.60708,3.06543,0.60708,3.06543,0.00000,0.00000,0,0.00042,-0.18949,-0.09675,-0.00202,5.97426,5.96844,-0.07044,-0.07345,0.00325,-0.27074,-0.34675,-0.00661,-0.00090,-0.00263,-0.30972,-0.35934,-0.18678,-0.22175,0.00931,-0.58816,-0.48271,0.00229,-0.02358,-0.00538,0.71636,0.75584,-0.20861,-0.10408,-0.00072,5.97477,6.08166
13.6377,-0.50567,-0.79097,-0.50567,-0.79097,-0.50454,-0.78915,0.11710,2.30331,0.62164,3.09246,0.62164,3.09246,0.00000,0.00000,0,0.00029,-0.19092,-0.09673,0.00604,5.96998,6.13571,-0.06986,-0.07326,0.01319,-0.27968,-0.28567,-0.00587,-0.00088,-0.00581,-0.38588,-0.38261,-0.18595,-0.22148,0.00725,-0.66910,-0.63173,0.00294,-0.02356,-0.00409,0.65415,0.63080,-0.21001,-0.10412,-0.00777,5.93935,6.00764
13.7399,-0.50529,-0.78843,-0.50529,-0.78843,-0.50475,-0.78850,0.13227,2.32698,0.63702,3.11548,0.63702,3.11548,0.00000,0.00000,0,0.00028,-0.19219,-0.09677,0.00416,5.97807,6.23603,-0.06923,-0.07295,0.00752,-0.32058,-0.35217,-0.00511,-0.00083,0.00468,-0.39224,-0.45495,-0.18530,-0.22119,0.00302,-0.77140,-0.76032,0.00342,-0.02357,-0.00926,0.53549,0.61774,-0.21127,-0.10410,0.00464,5.97830,5.96862
13.8432,-0.50062,-0.78671,-0.50062,-0.78671,-0.50335,-0.78778,0.14742,2.35064,0.65077,3.13842,0.65077,3.13842,0.00000,0.00000,0,0.00033,-0.19343,-0.09677,0.00092,5.94271,5.92135,-0.06867,-0.07283,-0.00009,-0.34983,-0.38160,-0.00442,-0.00081,-0.00073,-0.43725,-0.28745,-0.18463,-0.22096,-0.00138,-0.85155,-0.78329,0.00393,-0.02355,-0.00304,0.47444,0.51542,-0.21249,-0.10415,-0.01013,5.94305,6.00884
13.9444,-0.50631,-0.78821,-0.50631,-0.78821,-0.50430,-0.78754,0.16253,2.37425,0.66683,3.16179,0.66683,3.16179,0.00000,0.00000,0,0.00029,-0.19474,-0.09681,0.00424,5.98573,6.03822,-0.06801,-0.07262,0.00248,-0.39716,-0.40302,-0.00363,-0.00078,0.00139,-0.45645,-0.50479,-0.18398,-0.22069,-0.00565,-0.97515,-0.97970,0.00440,-0.02355,-0.00261,0.39647,0.35327,-0.21379,-0.10413,0.00924,5.98555,5.88935
14.0483,-0.50872,-0.79034,-0.50872,-0.79034,-0.50728,-0.78973,0.17771,2.39792,0.68499,3.18765,0.68499,3.18765,0.00000,0.00000,0,0.00030,-0.19619,-0.09682,-0.00208,5.94706,6.03320,-0.06726,-0.07232,0.01470,-0.43307,-0.35110,-0.00274,-0.00069,-0.00028,-0.52573,-0.39769,-0.18327,-0.22034,0.00680,-1.03957,-1.05453,0.00491,-0.02355,-0.00404,0.31002,0.24127,-0.21523,-0.10419,-0.00763,5.97341,5.99018
14.1525,-0.50854,-0.79039,-0.50854,-0.79039,-0.50812,-0.78984,0.19295,2.42161,0.70108,3.21144,0.70108,3.21144,0.00000,0.00000,0,0.00098,-0.19752,-0.09683,0.00213,5.94527,5.99753,-0.06659,-0.07203,-0.00503,-0.46914,-0.52668,-0.00194,-0.00056,-0.00307,-0.56659,-0.57109,-0.18261,-0.22012,0.00568,-1.15031,-1.13241,0.00540,-0.02354,-0.00102,0.23681,0.30420,-0.21655,-0.10420,0.00204,5.95880,5.88333
14.2527,-0.51223,-0.78989,-0.51223,-0.78989,-0.51044,-0.78954,0.20823,2.44530,0.71867,3.23484,0.71867,3.23484,0.00000,0.00000,0,0.00031,-0.19886,-0.09685,0.00193,5.95862,5.84059,-0.06586,-0.07162,0.00600,-0.50405,-0.55294,-0.00108,-0.00040,0.00374,-0.60038,-0.55578,-0.18199,-0.21975,0.00380,-1.23673,-1.21385,0.00583,-0.02355,-0.00462,0.14249,0.04700,-0.21789,-0.10422,-0.00079,5.96176,5.93043
14.3540,-0.51412,-0.79224,-0.51412,-0.79224,-0.51317,-0.79105,0.22360,2.46900,0.73677,3.26005,0.73677,3.26005,0.00000,0.00000,0,0.00040,-0.20028,-0.09689,0.00002,5.98357,5.91221,-0.06511,-0.07121,-0.00405,-0.54835,-0.46081,-0.00019,-0.00029,0.00054,-0.63097,-0.58017,-0.18130,-0.21946,0.01447,-1.30224,-1.26556,0.00632,-0.02352,0.00967,0.08812,0.04122,-0.21930,-0.10425,-0.00004,5.95197,5.89849
14.4550,-0.51466,-0.79433,-0.51466,-0.79433,-0.51394,-0.79325,0.23900,2.49277,0.75294,3.28602,0.75294,3.28602,0.00000,0.00000,0,0.00036,-0.20170,-0.09691,-0.00310,5.95580,5.92002,-0.06445,-0.07093,0.00348,-0.56835,-0.63291,0.00061,-0.00016,0.00754,-0.67927,-0.65771,-0.18055,-0.21902,0.00853,-1.37310,-1.36629,0.00689,-0.02346,-0.00097,-0.00144,0.10781,-0.22070,-0.10425,0.00664,5.97743,5.97334
14.5559,-0.51576,-0.79888,-0.51576,-0.79888,-0.51471,-0.79679,0.25444,2.51663,0.76915,3.31341,0.76915,3.31341,0.00000,0.00000,0,0.00039,-0.20318,-0.09694,-0.00814,5.96243,5.94552,-0.06379,-0.07066,-0.00511,-0.61385,-0.56525,0.00142,-0.00001,0.00010,-0.72824,-0.66008,-0.17974,-0.21836,0.00861,-1.49425,-1.37837,0.00751,-0.02329,-0.00085,-0.09263,-0.02034,-0.22215,-0.10428,-0.00065,5.97621,5.84568
14.6586,-0.52093,-0.80128,-0.52093,-0.80128,-0.51873,-0.80098,0.26995,2.54062,0.78868,3.34160,0.78868,3.34160,0.00000,0.00000,0,0.00028,-0.20476,-0.09693,0.00548,5.98092,6.09896,-0.06298,-0.07037,0.00143,-0.65415,-0.74120,0.00238,0.00011,-0.00162,-0.78981,-0.69921,-0.17896,-0.21770,0.00761,-1.54941,-1.68856,0.00807,-0.02303,0.00505,-0.17199,-0.23284,-0.22372,-0.10429,0.00737,5.96918,5.90504
14.7603,-0.52001,-0.80026,-0.52001,-0.80026,-0.52029,-0.80036,0.28556,2.56465,0.80585,3.36500,0.80585,3.36500,0.00000,0.00000,0,0.00029,-0.20609,-0.09695,-0.00140,5.96865,6.03626,-0.06226,-0.07007,0.00356,-0.69722,-0.71339,0.00322,0.00032,0.00476,-0.83192,-0.82777,-0.17834,-0.21683,-0.00132,-1.61678,-1.59603,0.00851,-0.02276,0.00263,-0.19907,-0.18231,-0.22505,-0.10434,-0.00640,5.95553,5.84903
14.8619,-0.51883,-0.80027,-0.51883,-0.80027,-0.52008,-0.80044,0.30118,2.58866,0.82126,3.38910,0.82126,3.38910,0.00000,0.00000,0,0.00030,-0.20742,-0.09696,0.00068,5.97602,5.99324,-0.06163,-0.06989,-0.00499,-0.75592,-0.73759,0.00398,0.00045,-0.00271,-0.86187,-0.85364,-0.17765,-0.21586,0.00681,-1.67977,-1.68274,0.00903,-0.02246,0.00838,-0.29133,-0.30058,-0.22636,-0.10433,0.00435,5.96571,6.09113
14.9624,-0.51962,-0.80075,-0.51962,-0.80075,-0.52003,-0.80162,0.31679,2.61270,0.83682,3.41433,0.83682,3.41433,0.00000,0.00000,0,0.00027,-0.20879,-0.09702,-0.00801,5.92520,6.07513,-0.06100,-0.06969,0.00013,-0.80743,-0.82946,0.00476,0.00061,-0.00576,-0.92848,-0.75053,-0.17691,-0.21450,0.01191,-1.68372,-1.72566,0.00958,-0.02206,0.01094,-0.36956,-0.44534,-0.22771,-0.10434,0.00598,5.95587,6.01746
15.0639,-0.51770,-0.80506,-0.51770,-0.80506,-0.51921,-0.80340,0.33239,2.63678,0.85160,3.44018,0.85160,3.44018,0.00000,0.00000,0,0.00095,-0.21018,-0.09702,0.00058,5.97116,6.00761,-0.06040,-0.06954,0.00126,-0.80184,-0.87424,0.00550,0.00073,0.00052,-0.95735,-1.04500,-0.17614,-0.21321,0.01458,-1.70621,-1.80770,0.01018,-0.02164,0.00285,-0.43135,-0.59996,-0.22906,-0.10437,0.00229,5.93541,5.78302
15.1645,-0.51268,-0.79926,-0.51268,-0.79926,-0.51443,-0.80060,0.34789,2.66084,0.86231,3.46145,0.86231,3.46145,0.00000,0.00000,0,0.00029,-0.21129,-0.09706,-0.00096,5.96915,5.88688,-0.05998,-0.06930,0.00232,-0.81847,-0.81264,0.00604,0.00093,0.00479,-0.96043,-0.96098,-0.17547,-0.21098,0.02546,-1.65775,-1.71090,0.01071,-0.02128,0.00880,-0.48407,-0.42696,-0.23014,-0.10439,-0.00098,5.98258,6.01956
15.2668,-0.49578,-0.78931,-0.49578,-0.78931,-0.50247,-0.79384,0.36312,2.68476,0.86559,3.47860,0.86559,3.47860,0.00000,0.00000,0,0.00027,-0.21208,-0.09705,0.00177,5.95866,5.91103,-0.05989,-0.06920,0.00258,-0.84237,-0.86315,0.00624,0.00099,-0.00153,-0.99474,-0.97915,-0.17484,-0.20528,0.11432,-1.13010,-1.27921,0.01128,-0.02080,0.00176,-0.57188,-0.54503,-0.23087,-0.10438,0.00674,5.98234,6.01488
15.3674,-0.46089,-0.76237,-0.46089,-0.76237,-0.47416,-0.77244,0.37771,2.70822,0.85188,3.48066,0.85188,3.48066,0.00000,0.00000,0,0.00035,-0.21189,-0.09709,-0.00106,5.97944,5.96934,-0.06054,-0.06914,-0.00483,-0.82768,-0.83488,0.00563,0.00104,-0.00396,-0.96120,-0.86592,-0.17449,-0.19664,0.01557,-0.94727,-0.75040,0.01172,-0.02040,0.00267,-0.64651,-0.69817,-0.23059,-0.10441,0.00205,5.97552,6.00393
15.4691,-0.45114,-0.76014,-0.45114,-0.76014,-0.45725,-0.76282,0.39160,2.73119,0.84885,3.49402,0.84885,3.49402,0.00000,0.00000,0,0.00092,-0.21239,-0.09709,0.00140,5.97750,5.90223,-0.06073,-0.06912,0.00321,-0.83080,-0.80812,0.00554,0.00104,-0.00094,-0.96062,-0.97816,-0.17388,-0.19531,0.01186,-0.96502,-0.88982,0.01231,-0.02008,0.00572,-0.70505,-0.64932,-0.23101,-0.10442,0.00301,5.97634,5.84907
15.5723,-0.44593,-0.75576,-0.44593,-0.75576,-0.44846,-0.75850,0.40515,2.75401,0.85360,3.51250,0.85360,3.51250,0.00000,0.00000,0,0.00239,-0.21326,-0.09711,0.00896,5.99400,5.94389,-0.06057,-0.06907,0.00546,-0.82662,-0.86933,0.00581,0.00106,0.00381,-0.99528,-0.95548,-0.17322,-0.19429,0.00574,-1.01460,-1.00460,0.01289,-0.01979,0.00934,-0.78322,-0.80439,-0.23183,-0.10446,-0.00752,5.96309,6.04735
15.6717,-0.43917,-0.75558,-0.43917,-0.75558,-0.44145,-0.75587,0.41846,2.77670,0.85990,3.53257,0.85990,3.53257,0.00000,0.00000,0,0.00027,-0.21424,-0.09714,-0.00222,5.93796,6.16311,-0.06035,-0.06901,-0.00465,-0.88561,-0.83156,0.00615,0.00113,0.00886,-1.01112,-1.10814,-0.17252,-0.19337,0.00740,-1.02781,-1.02758,0.01349,-0.01945,0.00281,-0.89166,-0.78554,-0.23275,-0.10443,0.01069,5.99241,5.87518
15.7729,-0.43865,-0.75683,-0.43865,-0.75683,-0.43937,-0.75635,0.43165,2.79938,0.87102,3.55572,0.87102,3.55572,0.00000,0.00000,0,0.00037,-0.21544,-0.09714,-0.00090,5.94523,5.86348,-0.05991,-0.06887,-0.00111,-0.93665,-0.83686,0.00672,0.00117,0.00803,-1.03759,-1.03596,-0.17179,-0.19263,0.00548,-1.06805,-1.00646,0.01408,-0.01912,0.00363,-0.95562,-0.99001,-0.23390,-0.10446,-0.00184,5.96296,6.02169
15.8742,-0.43399,-0.75472,-0.43399,-0.75472,-0.43616,-0.75459,0.44479,2.82204,0.88095,3.57662,0.88095,3.57662,0.00000,0.00000,0,0.00029,-0.21652,-0.09717,-0.00160,5.94872,5.80855,-0.05953,-0.06861,0.00479,-0.93864,-0.78896,0.00722,0.00130,0.00653,-1.09663,-1.05288,-0.17112,-0.19184,0.00429,-1.10017,-1.12416,0.01462,-0.01892,0.00175,-0.99838,-1.10692,-0.23495,-0.10449,-0.01246,5.93568,5.93719
15.9746,-0.42959,-0.75355,-0.42959,-0.75355,-0.43148,-0.75391,0.45778,2.84467,0.88926,3.59858,0.88926,3.59858,0.00000,0.00000,0,0.00027,-0.21761,-0.09718,0.00116,5.95652,6.01839,-0.05922,-0.06845,-0.00086,-0.95514,-0.95709,0.00766,0.00144,0.01130,-1.09590,-1.09402,-0.17038,-0.19113,0.00637,-1.14810,-1.07052,0.01524,-0.01867,-0.00332,-1.13086,-1.12758,-0.23599,-0.10448,0.00015,5.96619,5.84820
16.0752,-0.42945,-0.75747,-0.42945,-0.75747,-0.42965,-0.75556,0.47068,2.86730,0.90034,3.62286,0.90034,3.62286,0.00000,0.00000,0,0.00029,-0.21886,-0.09720,0.00020,5.99279,5.89935,-0.05879,-0.06830,0.00218,-1.00190,-1.04895,0.00823,0.00152,-0.00132,-1.16752,-1.12996,-0.16960,-0.19051,0.00652,-1.18355,-1.28335,0.01587,-0.01837,-0.00172,-1.20996,-1.13428,-0.23719,-0.10449,-0.00092,5.94979,5.83958
16.1774,-0.43255,-0.75497,-0.43255,-0.75497,-0.43014,-0.75562,0.48356,2.88998,0.91370,3.64560,0.91370,3.64560,0.00000,0.00000,0,0.00109,-0.22008,-0.09721,0.00465,5.96406,5.98005,-0.05825,-0.06803,0.00101,-1.04430,-1.12052,0.00890,0.00172,-0.00260,-1.20325,-1.18135,-0.16893,-0.18971,0.00977,-1.21892,-1.10232,0.01639,-0.01810,0.00417,-1.25375,-1.32812,-0.23839,-0.10452,-0.01005,5.94197,5.91161
16.2784,-0.42957,-0.75468,-0.42957,-0.75468,-0.42998,-0.75415,0.49646,2.91260,0.92644,3.66675,0.92644,3.66675,0.00000,0.00000,0,0.00027,-0.22123,-0.09723,0.00779,5.98243,5.81454,-0.05773,-0.06784,0.00701,-1.06721,-0.98230,0.00953,0.00197,0.00165,-1.23568,-1.21759,-0.16831,-0.18925,0.00774,-1.27907,-1.34021,0.01686,-0.01793,-0.00316,-1.35154,-1.47008,-0.23951,-0.10449,0.00764,5.99400,6.00480
16.3821,-0.42828,-0.75299,-0.42828,-0.75299,-0.42863,-0.75384,0.50933,2.93522,0.93796,3.68907,0.93796,3.68907,0.00000,0.00000,0,0.00028,-0.22240,-0.09726,-0.00242,5.97006,5.85867,-0.05727,-0.06759,-0.00118,-1.09548,-1.12319,0.01011,0.00215,0.00223,-1.27089,-1.16638,-0.16762,-0.18875,0.00462,-1.30438,-1.24089,0.01741,-0.01766,0.00147,-1.45767,-1.52006,-0.24065,-0.10452,0.00046,5.94190,5.85818
16.4824,-0.43132,-0.75184,-0.43132,-0.75184,-0.43040,-0.75272,0.52222,2.95783,0.95262,3.71055,0.95262,3.71055,0.00000,0.00000,0,0.00027,-0.22361,-0.09728,-0.00612,5.94381,5.93969,-0.05666,-0.06728,0.00045,-1.15722,-1.22623,0.01083,0.00242,0.00453,-1.32730,-1.34747,-0.16702,-0.18801,0.00418,-1.32770,-1.39731,0.01785,-0.01738,-0.00649,-1.53032,-1.49825,-0.24184,-0.10454,-0.00429,5.95311,6.11610
16.5844,-0.43327,-0.75356,-0.43327,-0.75356,-0.43149,-0.75240,0.53514,2.98039,0.96663,3.73279,0.96663,3.73279,0.00000,0.00000,0,0.00029,-0.22483,-0.09728,0.00116,5.95296,5.94572,-0.05609,-0.06706,0.00362,-1.16840,-1.10595,0.01152,0.00261,0.00132,-1.36905,-1.29497,-0.16638,-0.18755,-0.00573,-1.41446,-1.39201,0.01833,-0.01713,0.00376,-1.57458,-1.47289,-0.24304,-0.10453,0.00790,5.98531,5.95614
16.6861,-0.43459,-0.74989,-0.43459,-0.74989,-0.43347,-0.75107,0.54812,3.00295,0.98159,3.75402,0.98159,3.75402,0.00000,0.00000,0,0.00050,-0.22602,-0.09730,0.00239,5.98092,6.13509,-0.05546,-0.06679,0.00568,-1.22427,-1.22691,0.01225,0.00290,-0.00412,-1.41813,-1.45843,-0.16580,-0.18698,0.00084,-1.46525,-1.28795,0.01874,-0.01687,0.00791,-1.66164,-1.64584,-0.24422,-0.10456,-0.00320,5.94114,6.00230
16.7927,-0.43571,-0.75069,-0.43571,-0.75069,-0.43611,-0.75041,0.56119,3.02547,0.99730,3.77588,0.99730,3.77588,0.00000,0.00000,0,0.00106,-0.22726,-0.09733,-0.00003,5.96750,6.03346,-0.05481,-0.06657,-0.00441,-1.28407,-1.33072,0.01301,0.00322,0.00289,-1.46555,-1.47953,-0.16521,-0.18656,-0.00009,-1.52173,-1.38237,0.01917,-0.01656,0.00558,-1.71139,-1.86211,-0.24545,-0.10456,0.00304,5.96587,5.96274
16.8948,-0.43394,-0.75330,-0.43394,-0.75330,-0.43495,-0.75220,0.57427,3.04801,1.00922,3.80021,1.00922,3.80021,0.00000,0.00000,0,0.00028,-0.22853,-0.09733,0.00511,5.98590,6.02900,-0.05434,-0.06640,-0.00012,-1.28369,-1.30726,0.01362,0.00358,0.00508,-1.49391,-1.41582,-0.16445,-0.18602,0.01612,-1.53237,-1.65227,0.01978,-0.01626,-0.00078,-1.82045,-1.85027,-0.24668,-0.10457,-0.00057,5.95253,5.90112
16.9956,-0.43081,-0.75606,-0.43081,-0.75606,-0.43139,-0.75449,0.58724,3.07061,1.01863,3.82510,1.01863,3.82510,0.00000,0.00000,0,0.00041,-0.22977,-0.09736,0.00286,5.97201,5.87079,-0.05399,-0.06625,0.00472,-1.35127,-1.44555,0.01411,0.00380,0.00653,-1.53155,-1.49950,-0.16361,-0.18539,0.00136,-1.59145,-1.55564,0.02048,-0.01582,0.00632,-1.90976,-1.78385,-0.24786,-0.10458,0.00491,5.95688,6.00869
17.0982,-0.43428,-0.75758,-0.43428,-0.75758,-0.43321,-0.75673,0.60023,3.09329,1.03344,3.85002,1.03344,3.85002,0.00000,0.00000,0,0.00027,-0.23112,-0.09739,0.00049,5.95410,5.89114,-0.05338,-0.06601,0.00463,-1.40123,-1.36684,0.01485,0.00427,0.00308,-1.56124,-1.51513,-0.16288,-0.18481,0.00393,-1.65350,-1.67784,0.02105,-0.01541,0.00303,-1.97186,-1.94876,-0.24918,-0.10457,0.00640,5.96928,6.01310
17.2021,-0.43188,-0.75888,-0.43188,-0.75888,-0.43313,-0.75796,0.61324,3.11601,1.04636,3.87397,1.04636,3.87397,0.00000,0.00000,0,0.00047,-0.23239,-0.09739,0.00332,5.96691,6.04570,-0.05287,-0.06573,0.00100,-1.43533,-1.51528,0.01549,0.00474,0.00890,-1.58989,-1.72638,-0.16214,-0.18408,0.01333,-1.65804,-1.63212,0.02162,-0.01494,-0.00130,-2.06846,-2.17298,-0.25041,-0.10459,0.00178,5.98378,6.03896
17.3055,-0.42982,-0.76462,-0.42982,-0.76462,-0.43066,-0.76245,0.62620,3.13883,1.05685,3.90128,1.05685,3.90128,0.00000,0.00000,0,0.00136,-0.23375,-0.09740,0.00162,5.93231,6.09230,-0.05247,-0.06546,0.00622,-1.42875,-1.51727,0.01604,0.00540,0.00664,-1.60607,-1.43542,-0.16123,-0.18325,0.00585,-1.71507,-1.81345,0.02239,-0.01424,0.00896,-2.13312,-2.12877,-0.25171,-0.10460,0.00048,5.96604,5.95795
17.4048,-0.41780,-0.76634,-0.41780,-0.76634,-0.42290,-0.76563,0.63898,3.16177,1.06189,3.92741,1.06189,3.92741,0.00000,0.00000,0,0.00033,-0.23495,-0.09742,0.00299,5.97724,5.93354,-0.05233,-0.06521,0.00347,-1.45590,-1.56198,0.01634,0.00651,0.00776,-1.56778,-1.49248,-0.16026,-0.18187,0.02189,-1.69426,-1.84346,0.02325,-0.01236,0.03498,-2.02899,-1.99818,-0.25282,-0.10460,0.00349,5.96309,5.75868
17.5057,-0.34714,-0.74554,-0.34714,-0.74554,-0.38399,-0.75640,0.65117,3.18465,1.03516,3.94106,1.03516,3.94106,0.00000,0.00000,0,0.00033,-0.23499,-0.09745,-0.00401,5.97540,5.89352,-0.05363,-0.06515,-0.00517,-1.41826,-1.49548,0.01519,0.00763,0.00025,-1.45785,-1.45911,-0.15919,-0.17463,0.23460,-0.72522,-0.85876,0.02447,-0.00291,0.06166,-1.50905,-1.37261,-0.25263,-0.10462,-0.00242,5.97152,5.83943
17.6077,-0.18253,-0.64136,-0.18253,-0.64136,-0.23979,-0.67591,0.66005,3.20605,0.89984,3.88196,0.89984,3.88196,0.00000,0.00000,0,0.00030,-0.22977,-0.09746,-0.00374,5.96308,6.08294,-0.05975,-0.06515,0.00012,-0.96150,-1.02174,0.00900,0.00769,0.00320,-1.01805,-0.97414,-0.15901,-0.15699,0.00228,-0.29454,-0.24804,0.02576,0.00858,0.09717,-0.80074,-0.83811,-0.24688,-0.10464,-0.00708,5.95401,5.87860
17.7109,-0.15688,-0.64789,-0.15688,-0.64789,-0.16403,-0.65378,0.66562,3.22595,0.82965,3.87973,0.82965,3.87973,0.00000,0.00000,0,0.00036,-0.22826,-0.09748,0.00308,5.96066,5.93611,-0.06303,-0.06517,-0.00803,-0.78397,-0.80059,0.00587,0.00764,-0.00319,-0.79712,-0.91833,-0.15776,-0.15692,0.00606,-0.41284,-0.39959,0.02751,0.01158,0.01055,-1.07338,-1.17125,-0.24496,-0.10465,-0.00732,5.95240,5.79875
17.8126,-0.12572,-0.64557,-0.12572,-0.64557,-0.13428,-0.64653,0.66999,3.24544,0.80427,3.89197,0.80427,3.89197,0.00000,0.00000,0,0.00040,-0.22826,-0.09750,0.00230,5.96963,6.02272,-0.06426,-0.06516,-0.00419,-0.75738,-0.79969,0.00477,0.00762,-0.00714,-0.81209,-0.80090,-0.15677,-0.15691,-0.00064,-0.48210,-0.39304,0.02864,0.01440,0.03854,-0.89440,-0.85417,-0.24476,-0.10463,0.00529,5.97587,5.90508
17.9133,-0.09735,-0.64044,-0.09735,-0.64044,-0.11086,-0.64120,0.67367,3.26474,0.78453,3.90594,0.78453,3.90594,0.00000,0.00000,0,0.00033,-0.22845,-0.09752,0.00103,5.99124,5.96019,-0.06524,-0.06517,-0.00452,-0.72323,-0.78921,0.00394,0.00764,0.00146,-0.73791,-0.71581,-0.15583,-0.15688,-0.00273,-0.52757,-0.48015,0.02969,0.01873,0.01772,-0.73968,-0.60027,-0.24477,-0.10462,0.00344,5.96235,6.06344
18.0151,-0.08617,-0.63836,-0.08617,-0.63836,-0.09281,-0.63866,0.67664,3.28391,0.76945,3.92258,0.76945,3.92258,0.00000,0.00000,0,0.00034,-0.22885,-0.09755,-0.00241,5.97109,6.03017,-0.06601,-0.06517,-0.00491,-0.68279,-0.69912,0.00332,0.00762,0.00378,-0.69877,-0.74075,-0.15486,-0.15676,-0.00178,-0.58341,-0.41737,0.03072,0.01980,0.00065,-0.85738,-0.94040,-0.24500,-0.10465,-0.00263,5.96548,6.06802
18.1180,-0.08883,-0.63595,-0.08883,-0.63595,-0.08927,-0.63636,0.67935,3.30303,0.76862,3.93940,0.76862,3.93940,0.00000,0.00000,0,0.00093,-0.22954,-0.09760,-0.00427,5.94706,5.91593,-0.06611,-0.06518,-0.00482,-0.68560,-0.65308,0.00333,0.00760,-0.00036,-0.72147,-0.61462,-0.15416,-0.15663,-0.00412,-0.63655,-0.68409,0.03138,0.02024,0.00165,-0.84350,-1.00928,-0.24561,-0.10467,-0.01090,5.96524,6.03825
18.2190,-0.08038,-0.63372,-0.08038,-0.63372,-0.08368,-0.63477,0.68193,3.32210,0.76561,3.95687,0.76561,3.95687,0.00000,0.00000,0,0.00033,-0.23022,-0.09765,-0.00534,5.95094,5.91736,-0.06631,-0.06515,0.00712,-0.65946,-0.53960,0.00325,0.00761,0.00453,-0.69705,-0.72523,-0.15339,-0.15649,0.00491,-0.65838,-0.70689,0.03213,0.02062,-0.00313,-0.89560,-0.92166,-0.24618,-0.10466,0.00105,5.96971,5.71218
18.3224,-0.08423,-0.63768,-0.08423,-0.63768,-0.08356,-0.63598,0.68443,3.34115,0.76799,3.97713,0.76799,3.97713,0.00000,0.00000,0,0.00029,-0.23112,-0.09769,0.00140,5.97095,6.03313,-0.06627,-0.06516,0.00283,-0.67693,-0.64465,0.00342,0.00760,0.00474,-0.70062,-0.57941,-0.15261,-0.15639,0.00035,-0.73395,-0.69046,0.03284,0.02093,0.01090,-0.92524,-0.85826,-0.24700,-0.10469,-0.00201,5.95030,6.01457
18.4234,-0.07802,-0.63668,-0.07802,-0.63668,-0.08089,-0.63701,0.68690,3.36026,0.76779,3.99727,0.76779,3.99727,0.00000,0.00000,0,0.00034,-0.23197,-0.09776,0.00187,5.95805,5.85497,-0.06636,-0.06517,0.00297,-0.64313,-0.73370,0.00347,0.00759,-0.00266,-0.70115,-0.72688,-0.15178,-0.15617,0.00636,-0.77085,-0.72746,0.03361,0.02153,0.00689,-0.97510,-0.82352,-0.24775,-0.10466,0.00382,5.98365,6.09684
18.5244,-0.07873,-0.63706,-0.07873,-0.63706,-0.07862,-0.63672,0.68928,3.37937,0.76791,4.01609,0.76791,4.01609,0.00000,0.00000,0,0.00028,-0.23276,-0.09782,-0.00262,5.93973,5.91211,-0.06642,-0.06517,0.00488,-0.62816,-0.63967,0.00354,0.00759,0.00041,-0.67702,-0.70457,-0.15102,-0.15597,0.00088,-0.78937,-0.85538,0.03432,0.02243,0.00794,-0.99592,-0.99628,-0.24846,-0.10468,0.00396,5.96837,5.95917
18.6251,-0.06512,-0.63022,-0.06512,-0.63022,-0.07038,-0.63361,0.69151,3.39843,0.76189,4.03204,0.76189,4.03204,0.00000,0.00000,0,0.00039,-0.23331,-0.09789,-0.00510,5.94420,5.84833,-0.06676,-0.06519,-0.00493,-0.64395,-0.57914,0.00332,0.00758,-0.00533,-0.68035,-0.66840,-0.15025,-0.15573,0.00713,-0.82074,-0.71136,0.03509,0.02399,0.03507,-0.86909,-0.94021,-0.24890,-0.10468,0.00683,5.97958,5.91841
18.7253,0.00832,-0.60998,0.00832,-0.60998,-0.03274,-0.61898,0.69317,3.41723,0.72592,4.03621,0.72592,4.03621,0.00000,0.00000,0,0.00033,-0.23276,-0.09794,0.00369,5.95468,5.87392,-0.06846,-0.06519,0.00069,-0.52777,-0.51779,0.00173,0.00757,-0.00203,-0.62743,-0.61929,-0.14939,-0.15536,-0.00602,-0.86838,-0.81441,0.03619,0.03440,0.03923,-0.29220,-0.23889,-0.24812,-0.10469,0.00085,5.97836,5.91593
18.8276,0.02163,-0.60213,0.02163,-0.60213,0.00994,-0.60579,0.69317,3.43555,0.68323,4.04134,0.68323,4.04134,0.00000,0.00000,16,0.00037,-0.23212,-0.09797,0.01073,5.99400,6.11880,-0.07048,-0.06531,0.00113,-0.36392,-0.26867,-0.00015,0.00741,-0.00209,-0.40769,-0.44204,-0.14837,-0.15499,-0.00151,-0.96143,-0.88227,0.03750,0.03738,0.04953,-0.15404,-0.13605,-0.24720,-0.10470,0.00147,5.99301,6.04289
18.9295,0.07071,-0.59113,0.07071,-0.59113,0.05353,-0.59343,0.69220,3.45347,0.63867,4.04690,0.63867,4.04690,0.00000,0.00000,0,0.00108,-0.23145,-0.09805,-0.00876,5.95985,5.90991,-0.07259,-0.06539,0.00662,-0.23564,-0.19806,-0.00211,0.00730,0.00145,-0.29007,-0.29627,-0.14729,-0.15475,0.00067,-0.99569,-0.91471,0.03888,0.04382,0.01092,0.05316,0.02188,-0.24624,-0.10470,0.00207,5.95720,5.96750
19.0311,0.08049,-0.57960,0.08049,-0.57960,0.07430,-0.58365,0.69014,3.47106,0.61585,4.05471,0.61585,4.05471,0.00000,0.00000,0,0.00028,-0.23132,-0.09810,-0.00032,5.95468,5.86011,-0.07369,-0.06559,0.00117,-0.15908,-0.29464,-0.00310,0.00720,0.00064,-0.22831,-0.26242,-0.14653,-0.15437,-0.00347,-1.03502,-1.10587,0.03977,0.04438,0.00330,0.00126,-0.04507,-0.24594,-0.10471,-0.00155,5.97436,6.04130
19.1326,0.07751,-0.57856,0.07751,-0.57856,0.07800,-0.58069,0.68782,3.48852,0.60983,4.06921,0.60983,4.06921,0.00000,0.00000,0,0.00029,-0.23181,-0.09815,0.00318,5.96090,6.03436,-0.07403,-0.06565,-0.00441,-0.15612,-0.17095,-0.00333,0.00716,0.00405,-0.19403,-0.20128,-0.14582,-0.15422,-0.00304,-1.09405,-1.16157,0.04048,0.04458,0.00236,-0.04142,0.04012,-0.24633,-0.10471,-0.00158,5.96553,5.96093
19.2340,0.07694,-0.57937,0.07694,-0.57937,0.07762,-0.58002,0.68548,3.50593,0.60786,4.08596,0.60786,4.08596,0.00000,0.00000,0,0.00034,-0.23247,-0.09819,-0.00134,5.94924,5.96068,-0.07418,-0.06568,-0.00179,-0.11551,-0.13418,-0.00336,0.00714,-0.00050,-0.20353,-0.23065,-0.14511,-0.15397,0.01061,-1.12498,-1.10660,0.04117,0.04469,-0.00161,-0.05387,-0.01171,-0.24690,-0.10473,0.00005,5.95317,5.97462
19.3349,0.07897,-0.57912,0.07897,-0.57912,0.07748,-0.57911,0.68317,3.52331,0.60569,4.10242,0.60569,4.10242,0.00000,0.00000,0,0.00029,-0.23312,-0.09825,-0.00340,5.95929,5.87039,-0.07434,-0.06570,0.00190,-0.12356,-0.18765,-0.00341,0.00713,0.00044,-0.18298,-0.16876,-0.14439,-0.15383,-0.00358,-1.17541,-1.08233,0.04186,0.04482,0.00850,-0.07362,-0.06173,-0.24746,-0.10472,0.00455,5.97708,6.00314
19.4386,0.07884,-0.57537,0.07884,-0.57537,0.07862,-0.57638,0.68082,3.54064,0.60220,4.11701,0.60220,4.11701,0.00000,0.00000,0,0.00031,-0.23367,-0.09832,-0.00350,5.95913,5.88819,-0.07456,-0.06573,-0.00749,-0.07335,-0.08488,-0.00352,0.00708,0.00286,-0.17497,-0.21685,-0.14373,-0.15355,-0.00041,-1.22450,-1.28888,0.04250,0.04495,0.00132,-0.11809,-0.14097,-0.24792,-0.10475,-0.00440,5.96776,5.95000
19.5390,0.08105,-0.57406,0.08105,-0.57406,0.08049,-0.57434,0.67842,3.55789,0.59793,4.13223,0.59793,4.13223,0.00000,0.00000,0,0.00041,-0.23422,-0.09839,0.00091,5.96084,5.96083,-0.07482,-0.06578,-0.00361,-0.06025,-0.08817,-0.00366,0.00702,-0.00560,-0.14729,-0.16959,-0.14303,-0.15333,-0.00149,-1.28500,-1.25843,0.04320,0.04512,0.00543,-0.11097,-0.00481,-0.24838,-0.10474,0.00697,5.98453,5.97625
19.6424,0.08122,-0.57197,0.08122,-0.57197,0.08132,-0.57274,0.67599,3.57509,0.59467,4.14782,0.59467,4.14782,0.00000,0.00000,0,0.00026,-0.23482,-0.09843,0.00339,5.96796,6.01309,-0.07503,-0.06586,-0.00192,-0.00627,-0.00508,-0.00375,0.00703,0.00855,-0.07152,0.03055,-0.14233,-0.15296,0.01538,-1.27289,-1.34893,0.04387,0.04523,0.00051,-0.13081,-0.39149,-0.24887,-0.10476,-0.00002,5.97531,5.93455
19.7445,0.07956,-0.56720,0.07956,-0.56720,0.07972,-0.56958,0.67360,3.59223,0.59387,4.16181,0.59387,4.16181,0.00000,0.00000,0,0.00040,-0.23539,-0.09853,-0.00183,5.98281,5.78492,-0.07512,-0.06589,-0.00048,-0.03256,0.07557,-0.00375,0.00699,0.00937,-0.07388,-0.04577,-0.14175,-0.15272,0.00659,-1.30618,-1.33685,0.04443,0.04536,0.00014,-0.17895,-0.08386,-0.24938,-0.10475,0.00292,5.97490,6.09366
19.8479,0.08137,-0.56367,0.08137,-0.56367,0.08015,-0.56532,0.67120,3.60923,0.59105,4.17455,0.59105,4.17455,0.00000,0.00000,0,0.00106,-0.23587,-0.09857,0.01048,5.97801,5.96500,-0.07530,-0.06593,0.00415,0.01757,-0.11426,-0.00383,0.00693,-0.00308,-0.05555,-0.01743,-0.14118,-0.15240,0.00968,-1.36145,-1.16829,0.04499,0.04544,-0.00002,-0.23470,-0.26549,-0.24978,-0.10477,-0.00338,5.96540,5.96883
19.9493,0.08037,-0.56567,0.08037,-0.56567,0.08062,-0.56537,0.66878,3.62619,0.58815,4.19156,0.58815,4.19156,0.00000,0.00000,0,0.00038,-0.23653,-0.09865,0.00149,5.96083,5.76613,-0.07550,-0.06600,-0.00602,0.04067,0.02047,-0.00391,0.00691,-0.00525,-0.05292,-0.03805,-0.14043,-0.15208,-0.00136,-1.43441,-1.49839,0.04571,0.04561,0.00283,-0.23179,-0.24348,-0.25034,-0.10477,-0.00054,5.98254,5.98130
20.0499,0.07858,-0.56736,0.07858,-0.56736,0.07958,-0.56646,0.66638,3.64317,0.58680,4.20963,0.58680,4.20963,0.00000,0.00000,0,0.00029,-0.23726,-0.09872,-0.00234,5.97999,5.90940,-0.07563,-0.06603,0.00034,0.06932,0.16877,-0.00391,0.00687,0.00055,-0.03380,-0.10289,-0.13967,-0.15183,-0.00130,-1.48256,-1.51999,0.04644,0.04581,-0.00295,-0.31014,-0.32836,-0.25098,-0.10478,-0.00518,5.95300,5.95737
20.1527,0.08107,-0.56638,0.08107,-0.56638,0.08039,-0.56673,0.66398,3.66017,0.58359,4.22690,0.58359,4.22690,0.00000,0.00000,0,0.00043,-0.23793,-0.09882,-0.00524,5.95522,6.08467,-0.07584,-0.06606,0.00814,0.10391,0.15492,-0.00400,0.00685,-0.00624,-0.01322,0.10623,-0.13890,-0.15152,-0.00114,-1.56388,-1.47713,0.04718,0.04602,-0.00001,-0.32439,-0.35393,-0.25155,-0.10479,0.00025,5.96921,5.90429
20.2560,0.08411,-0.56856,0.08411,-0.56856,0.08302,-0.56729,0.66153,3.67717,0.57851,4.24446,0.57851,4.24446,0.00000,0.00000,0,0.00216,-0.23857,-0.09885,0.00276,5.98455,5.96168,-0.07615,-0.06613,-0.00057,0.14629,0.17683,-0.00417,0.00684,0.00053,0.03690,-0.08554,-0.13809,-0.15102,0.01250,-1.56296,-1.53803,0.04798,0.04619,-0.01006,-0.36830,-0.22963,-0.25207,-0.10479,0.00276,5.96985,6.01148
20.3558,0.08901,-0.56833,0.08901,-0.56833,0.08633,-0.56769,0.65898,3.69419,0.57265,4.26188,0.57265,4.26188,0.00000,0.00000,0,0.00032,-0.23918,-0.09894,0.00782,5.98841,6.02624,-0.07649,-0.06619,-0.00250,0.13811,0.15977,-0.00437,0.00677,0.00120,0.03411,-0.00267,-0.13727,-0.15046,0.01027,-1.60325,-1.62571,0.04880,0.04653,0.00820,-0.38821,-0.34200,-0.25257,-0.10481,-0.00605,5.92084,5.98254
20.4565,0.09229,-0.56941,0.09229,-0.56941,0.08990,-0.56849,0.65633,3.71124,0.56643,4.27973,0.56643,4.27973,0.00000,0.00000,0,0.00028,-0.23981,-0.09903,-0.00262,5.97976,6.10636,-0.07685,-0.06625,0.00499,0.19942,0.10577,-0.00459,0.00671,-0.00339,0.08274,0.13646,-0.13643,-0.14980,0.01920,-1.61419,-1.57784,0.04964,0.04672,0.00055,-0.42042,-0.51032,-0.25308,-0.10480,0.00409,5.96033,5.90695
20.5593,0.09503,-0.56537,0.09503,-0.56537,0.09441,-0.56644,0.65354,3.72826,0.55913,4.29470,0.55913,4.29470,0.00000,0.00000,0,0.00029,-0.24030,-0.09912,-0.00134,5.95753,5.94258,-0.07724,-0.06634,0.00208,0.24776,0.28300,-0.00487,0.00667,-0.00340,0.13103,0.01661,-0.13568,-0.14864,0.02403,-1.56470,-1.55676,0.05040,0.04699,-0.00005,-0.47965,-0.42519,-0.25345,-0.10483,-0.00803,5.94704,6.14029
20.6624,0.11708,-0.55755,0.11708,-0.55755,0.10754,-0.56091,0.65051,3.74517,0.54296,4.30608,0.54296,4.30608,0.00000,0.00000,0,0.00077,-0.24045,-0.09919,0.00990,5.99361,5.94758,-0.07805,-0.06644,0.00156,0.32785,0.20834,-0.00555,0.00660,-0.00472,0.17965,0.15019,-0.13491,-0.14510,0.08130,-1.24266,-1.32186,0.05126,0.04727,0.00279,-0.52190,-0.52892,-0.25345,-0.10483,-0.00527,5.93057,6.07617
20.7650,0.16230,-0.52401,0.16230,-0.52401,0.14516,-0.53617,0.64664,3.76162,0.50148,4.29779,0.50148,4.29779,0.00000,0.00000,0,0.00032,-0.23926,-0.09931,-0.00284,5.94475,5.77418,-0.07996,-0.06665,0.00090,0.46550,0.51868,-0.00742,0.00646,-0.00112,0.34401,0.26672,-0.13445,-0.13785,0.03167,-1.01792,-0.99508,0.05203,0.04766,0.00887,-0.52333,-0.56164,-0.25206,-0.10482,-0.00145,5.96488,6.00894
20.8653,0.16977,-0.52698,0.16977,-0.52698,0.16531,-0.52787,0.64187,3.77751,0.47656,4.30539,0.47656,4.30539,0.00000,0.00000,0,0.00030,-0.23907,-0.09945,0.00059,5.96567,5.93439,-0.08116,-0.06695,0.00127,0.53930,0.60028,-0.00850,0.00628,-0.00241,0.40952,0.37040,-0.13366,-0.13700,0.00580,-1.08132,-1.04310,0.05297,0.04812,-0.00080,-0.57310,-0.62176,-0.25170,-0.10483,-0.00473,5.95627,5.90331
20.9671,0.18018,-0.52475,0.18018,-0.52475,0.17435,-0.52623,0.63675,3.79332,0.46240,4.31955,0.46240,4.31955,0.00000,0.00000,0,0.00032,-0.23939,-0.09958,0.00668,5.96981,6.18808,-0.08188,-0.06706,0.00328,0.56055,0.53697,-0.00909,0.00613,0.00112,0.44064,0.36658,-0.13282,-0.13642,-0.00071,-1.13588,-1.13667,0.05388,0.04876,0.02034,-0.55030,-0.51155,-0.25186,-0.10482,0.00079,5.93518,6.06631
21.0688,0.18818,-0.52061,0.18818,-0.52061,0.18490,-0.52267,0.63131,3.80905,0.44641,4.33172,0.44641,4.33172,0.00000,0.00000,0,0.00082,-0.23958,-0.09991,-0.00605,5.91281,5.72622,-0.08268,-0.06719,0.00671,0.67943,0.60169,-0.00976,0.00600,0.00062,0.53619,0.46151,-0.13202,-0.13532,0.02008,-1.05884,-0.96872,0.05476,0.04923,0.00230,-0.61990,-0.63915,-0.25190,-0.10485,-0.00802,5.93446,6.05017
21.1695,0.21178,-0.51592,0.21178,-0.51592,0.20118,-0.51885,0.62550,3.82468,0.42433,4.34353,0.42433,4.34353,0.00000,0.00000,0,0.00032,-0.23963,-0.10054,-0.00308,5.98569,6.09200,-0.08376,-0.06741,-0.00665,0.73526,0.63909,-0.01070,0.00587,0.00143,0.57947,0.64144,-0.13111,-0.13164,0.06217,-0.76056,-0.94617,0.05578,0.04978,0.00035,-0.66558,-0.62860,-0.25177,-0.10484,0.00193,5.94278,5.89564
21.2728,0.26684,-0.49542,0.26684,-0.49542,0.24214,-0.50408,0.61881,3.84000,0.37667,4.34408,0.37667,4.34408,0.00000,0.00000,0,0.00027,-0.23868,-0.10305,-0.05663,5.92358,6.01161,-0.08600,-0.06777,-0.00916,0.89335,0.91655,-0.01282,0.00562,-0.00681,0.74734,0.69445,-0.13018,-0.12403,0.03315,-0.43757,-0.47490,0.05705,0.05057,0.00690,-0.72578,-0.72320,-0.25055,-0.10487,-0.00586,5.92701,6.01272
21.3735,0.35270,-0.54238,0.35270,-0.54238,0.30749,-0.51681,0.61050,3.85514,0.30301,4.37195,0.30301,4.37195,0.00000,0.00000,0,0.00027,-0.23837,-0.11891,-0.20057,5.58226,5.80025,-0.08956,-0.06856,-0.01931,1.03517,1.08879,-0.01600,0.00509,-0.00804,0.95298,0.97894,-0.12764,-0.12246,0.01674,-0.53945,-0.50043,0.06003,0.05127,0.00925,-0.84811,-0.87390,-0.24968,-0.10485,0.00310,5.97959,6.04415
21.4766,0.45539,-0.59435,0.45539,-0.59435,0.40624,-0.57962,0.59951,3.87196,0.19327,4.45158,0.19327,4.45158,0.00000,0.00000,0,0.00028,-0.23950,-0.13317,-0.15161,5.86652,5.84081,-0.09502,-0.06979,-0.01043,1.40719,1.34353,-0.02061,0.00347,-0.02490,1.14708,1.14855,-0.12230,-0.11955,0.02241,-0.72629,-0.76880,0.06593,0.05313,0.00406,-1.20017,-1.33300,-0.24981,-0.10487,0.00105,5.97009,5.99966
21.5798,0.59020,-0.69699,0.59020,-0.69699,0.52413,-0.64825,0.58536,3.89033,0.06122,4.53859,0.06122,4.53859,0.00000,0.00000,0,0.00161,-0.24050,-0.15922,-0.20837,5.81809,6.05136,-0.10157,-0.07122,-0.01995,1.74946,1.84214,-0.02618,0.00177,-0.01923,1.47780,1.43183,-0.11625,-0.11789,0.02660,-1.00253,-1.05997,0.07269,0.05450,0.01902,-1.53268,-1.57588,-0.24964,-0.10488,0.00043,5.98594,6.23554
21.6794,0.69222,-0.75336,0.69222,-0.75336,0.64725,-0.73070,0.56728,3.91141,-0.07997,4.64211,-0.07997,4.64211,0.00000,0.00000,0,0.00029,-0.24200,-0.17091,-0.04802,5.95158,5.78796,-0.10861,-0.07290,-0.00812,2.25033,2.15570,-0.03209,0.00056,-0.01326,1.86633,1.88926,-0.10935,-0.11466,0.03300,-1.26659,-1.36564,0.08031,0.05663,0.02340,-1.97828,-2.01784,-0.24985,-0.10489,-0.00247,5.96268,5.81991
21.7808,0.73141,-0.75181,0.73141,-0.75181,0.71146,-0.74624,0.54657,3.93364,-0.16489,4.67988,-0.16489,4.67988,0.00000,0.00000,0,0.00034,-0.24186,-0.17391,-0.03147,5.85865,5.82325,-0.11276,-0.07371,-0.01219,2.44982,2.33156,-0.03573,-0.00024,-0.00537,2.08244,1.96544,-0.10620,-0.11277,0.00844,-1.31525,-1.29324,0.08396,0.05788,0.01252,-2.10441,-2.18587,-0.24907,-0.10491,-0.00500,5.94911,5.83487
21.8844,0.76332,-0.75747,0.76332,-0.75747,0.74772,-0.75463,0.52455,3.95620,-0.22317,4.71082,-0.22317,4.71082,0.00000,0.00000,0,0.00027,-0.24199,-0.17633,-0.01660,5.89730,5.95051,-0.11562,-0.07418,0.00024,2.64988,2.62435,-0.03821,-0.00074,-0.00861,2.22214,2.19651,-0.10383,-0.11166,0.01605,-1.38541,-1.35942,0.08665,0.05926,0.01549,-2.18285,-2.24086,-0.24872,-0.10493,-0.00298,5.95003,5.99416
21.9857,0.80943,-0.74962,0.80943,-0.74962,0.78556,-0.75371,0.50149,3.97886,-0.28407,4.73257,-0.28407,4.73257,0.00000,0.00000,0,0.00037,-0.24166,-0.17819,-0.00701,5.86384,5.73281,-0.11858,-0.07479,-0.00753,2.84145,2.76038,-0.04083,-0.00122,-0.00803,2.42314,2.36952,-0.10178,-0.10910,0.03646,-1.26872,-1.30730,0.08906,0.06347,0.07148,-1.94264,-2.01208,-0.24796,-0.10492,0.00410,5.96548,5.92701
22.0890,0.91229,-0.71505,0.91229,-0.71505,0.86922,-0.72949,0.47652,4.00108,-0.39270,4.73057,-0.39270,4.73057,0.00000,0.00000,0,0.00123,-0.23937,-0.18002,-0.02045,5.68296,5.77548,-0.12369,-0.07573,-0.01491,3.21900,3.20151,-0.04566,-0.00207,-0.00249,2.81365,2.94320,-0.09978,-0.09819,0.15315,-0.42613,-0.44393,0.09181,0.07262,0.18839,-1.25225,-1.26771,-0.24507,-0.10494,-0.00019,5.97851,5.92201
22.1892,1.11905,-0.62332,1.11905,-0.62332,1.05303,-0.65184,0.44709,4.02150,-0.60594,4.67334,-0.60594,4.67334,0.00000,0.00000,0,0.00040,-0.23261,-0.18069,-0.00931,5.27049,5.13992,-0.13351,-0.07834,-0.03674,3.81768,3.90071,-0.05531,-0.00411,-0.03128,3.38270,3.37689,-0.09801,-0.08719,0.02122,-0.19709,-0.17836,0.09515,0.08707,0.03109,-1.08744,-1.04990,-0.23742,-0.10496,0.00311,5.96934,5.82759
22.2894,1.14938,-0.59036,1.14938,-0.59036,1.12549,-0.60669,0.41401,4.04015,-0.71147,4.64684,-0.71147,4.64684,0.00000,0.00000,0,0.00026,-0.22934,-0.18097,-0.01307,5.21790,5.22016,-0.13837,-0.08069,-0.01910,3.99810,4.07830,-0.06009,-0.00546,-0.01160,3.63266,3.59139,-0.09705,-0.08653,0.00190,-0.23702,-0.32204,0.09688,0.08848,0.00848,-1.14660,-1.26561,-0.23371,-0.10500,-0.00396,5.93332,5.89674
22.3941,1.15420,-0.56542,1.15420,-0.56542,1.14674,-0.57903,0.37984,4.05783,-0.76690,4.63686,-0.76690,4.63686,0.00000,0.00000,0,0.00163,-0.22779,-0.18122,0.00205,5.27179,5.27797,-0.14094,-0.08521,-0.09884,3.72825,3.67223,-0.06259,-0.00655,-0.01645,3.76924,3.85709,-0.09639,-0.08635,-0.01006,-0.28758,-0.26984,0.09793,0.08888,-0.00334,-1.21778,-1.26224,-0.23190,-0.10498,0.00371,5.96551,6.02447
22.4939,1.16041,-0.50002,1.16041,-0.50002,1.15687,-0.52807,0.34523,4.07439,-0.81164,4.60245,-0.81164,4.60245,0.00000,0.00000,0,0.00032,-0.22543,-0.18149,-0.01004,5.15615,5.04849,-0.14291,-0.09591,-0.11575,3.17686,3.14814,-0.06470,-0.00787,-0.01986,3.91087,3.74974,-0.09692,-0.08630,-0.00554,-0.19453,-0.06681,0.09778,0.08918,0.00241,-1.18810,-1.21078,-0.22946,-0.10504,-0.01011,5.93336,5.98295
22.5952,1.16012,-0.45243,1.16012,-0.45243,1.15800,-0.47156,0.31051,4.08911,-0.84749,4.56067,-0.84749,4.56067,0.00000,0.00000,0,0.00033,-0.22294,-0.18157,-0.00701,5.07812,5.12781,-0.14443,-0.09947,-0.00887,3.46648,3.50684,-0.06644,-0.00946,-0.01777,3.98943,4.10475,-0.09792,-0.08629,0.00510,-0.06600,-0.14309,0.09711,0.08920,0.00759,-1.12863,-1.16749,-0.22697,-0.10503,0.00848,5.98688,5.84760
22.6965,1.16242,-0.42676,1.16242,-0.42676,1.16194,-0.44033,0.27568,4.10268,-0.88626,4.54301,-0.88626,4.54301,0.00000,0.00000,0,0.00027,-0.22140,-0.18164,-0.00261,5.11283,5.01170,-0.14619,-0.10044,-0.01225,3.59462,3.47295,-0.06823,-0.01247,-0.03949,3.98262,4.05935,-0.09789,-0.08629,0.00206,-0.10780,-0.12102,0.09744,0.08919,0.00201,-1.20352,-1.36042,-0.22531,-0.10507,-0.00045,5.94423,5.85621
22.7988,1.17050,-0.38312,1.17050,-0.38312,1.16795,-0.40440,0.24071,4.11529,-0.92724,4.51969,-0.92724,4.51969,0.00000,0.00000,0,0.00032,-0.21959,-0.18173,-0.00540,5.04267,5.04265,-0.14802,-0.10149,-0.01125,3.72549,3.72331,-0.07014,-0.01900,-0.15486,3.43921,3.32885,-0.09804,-0.08631,-0.00094,-0.06815,-0.13665,0.09761,0.08928,0.00443,-1.20424,-1.22171,-0.22338,-0.10508,0.00634,5.94995,5.99538
22.8999,1.20872,-0.22713,1.20872,-0.22713,1.18824,-0.28270,0.20544,4.12545,-0.98280,4.40815,-0.98280,4.40815,0.00000,0.00000,0,0.00030,-0.21375,-0.18158,0.00695,4.69527,4.85518,-0.15018,-0.10360,-0.01711,3.80700,4.03503,-0.07302,-0.03810,-0.05830,2.81548,2.83807,-0.10148,-0.08638,0.00090,0.25423,0.11103,0.09479,0.08935,0.00119,-0.96049,-0.95789,-0.21776,-0.10511,0.00114,5.96916,6.11725
23.0022,1.18983,-0.19369,1.18983,-0.19369,1.18965,-0.21396,0.16971,4.13256,-1.01994,4.34652,-1.01994,4.34652,0.00000,0.00000,0,0.00037,-0.21040,-0.18151,-0.00448,4.59883,4.47710,-0.15168,-0.10663,-0.05306,3.66285,3.60599,-0.07490,-0.03916,-0.00567,3.06933,3.17487,-0.10326,-0.08647,0.00022,0.35987,0.37073,0.09340,0.08935,0.00838,-0.89782,-0.82586,-0.21449,-0.10512,0.00420,5.96360,5.98315
23.1034,1.19109,-0.15496,1.19109,-0.15496,1.19195,-0.17646,0.13395,4.13836,-1.05801,4.31482,-1.05801,4.31482,0.00000,0.00000,0,0.00032,-0.20829,-0.18147,-0.00732,4.53904,4.55382,-0.15334,-0.11177,-0.05033,3.57103,3.70363,-0.07671,-0.03986,-0.00828,3.19127,3.22144,-0.10380,-0.08648,0.00094,0.37888,0.47161,0.09317,0.08936,0.00420,-0.95147,-0.99482,-0.21232,-0.10514,0.00490,5.97918,5.93225
23.2068,1.19341,-0.12994,1.19341,-0.12994,1.19282,-0.14253,0.09818,4.14298,-1.09464,4.28552,-1.09464,4.28552,0.00000,0.00000,0,0.00120,-0.20631,-0.18140,0.00667,4.48172,4.46204,-0.15494,-0.11608,-0.06157,3.42227,3.31881,-0.07845,-0.04056,-0.01092,3.33726,3.31063,-0.10428,-0.08653,-0.00899,0.41375,0.38322,0.09300,0.08936,0.00399,-0.93508,-0.89999,-0.21027,-0.10518,0.00111,5.95526,5.83924
23.3070,1.19319,-0.07909,1.19319,-0.07909,1.19318,-0.10204,0.06238,4.14659,-1.13080,4.24863,-1.13080,4.24863,0.00000,0.00000,0,0.00034,-0.20402,-0.18139,-0.00003,4.37225,4.32551,-0.15649,-0.12474,-0.10530,2.93000,3.05837,-0.08020,-0.04185,-0.02082,3.38733,3.41209,-0.10508,-0.08655,-0.00205,0.51128,0.44121,0.09253,0.08935,0.00271,-0.89179,-0.94316,-0.20796,-0.10518,0.00850,5.97984,6.02350
23.4079,1.19401,-0.02302,1.19401,-0.02302,1.19233,-0.04527,0.02663,4.14858,-1.16570,4.19385,-1.16570,4.19385,0.00000,0.00000,0,0.00037,-0.20100,-0.18125,0.00689,4.25164,4.28577,-0.15791,-0.12950,-0.03687,2.95101,2.85796,-0.08197,-0.04377,-0.03221,3.43517,3.49680,-0.10662,-0.08667,-0.00618,0.63863,0.60262,0.09134,0.08935,0.00109,-0.84042,-0.75961,-0.20500,-0.10524,-0.00716,5.97049,5.99921
23.5094,1.19693,0.05638,1.19693,0.05638,1.19489,0.01522,-0.00919,4.14895,-1.20408,4.13374,-1.20408,4.13374,0.00000,0.00000,32,0.00032,-0.19769,-0.18120,-0.00878,4.13480,4.11325,-0.15947,-0.13715,-0.10525,2.42981,2.57130,-0.08390,-0.04767,-0.03819,3.34306,3.36515,-0.10831,-0.08675,0.00731,0.79017,0.70750,0.09004,0.08935,-0.00185,-0.81790,-0.69208,-0.20175,-0.10522,0.01108,5.99400,6.03957
23.6102,1.20156,0.11355,1.20156,0.11355,1.19810,0.08729,-0.04507,4.14711,-1.24317,4.05982,-1.24317,4.05982,0.00000,0.00000,0,0.00033,-0.19379,-0.18093,0.00601,3.88045,3.84534,-0.16100,-0.14186,-0.01688,2.52662,2.59538,-0.08593,-0.05066,-0.02903,3.40383,3.29798,-0.11055,-0.08702,0.00237,0.98926,1.00470,0.08823,0.08934,-0.00583,-0.67716,-0.70647,-0.19797,-0.10528,-0.00758,5.97280,5.91942
23.7107,1.20303,0.14988,1.20303,0.14988,1.20230,0.13051,-0.08111,4.14368,-1.28340,4.01317,-1.28340,4.01317,0.00000,0.00000,0,0.00036,-0.19100,-0.18080,0.00785,3.74654,3.93710,-0.16270,-0.14304,-0.00742,2.64282,2.72740,-0.08790,-0.05510,-0.08351,3.12719,3.11880,-0.11166,-0.08718,-0.00069,1.05554,1.12212,0.08749,0.08935,0.00140,-0.61494,-0.61637,-0.19518,-0.10530,-0.00503,5.91946,5.94430
23.8121,1.21508,0.22929,1.21508,0.22929,1.20897,0.19624,-0.11725,4.13864,-1.32622,3.94240,-1.32622,3.94240,0.00000,0.00000,0,0.00027,-0.18716,-0.18061,0.01029,3.52819,3.50412,-0.16441,-0.14416,-0.00802,2.69957,2.72838,-0.09008,-0.06504,-0.08222,2.72196,2.62738,-0.11370,-0.08737,-0.00347,1.19557,1.17244,0.08589,0.08933,-0.00789,-0.50339,-0.52610,-0.19142,-0.10530,0.00019,5.93840,5.83595
23.9149,1.22513,0.31044,1.22513,0.31044,1.21743,0.27053,-0.15365,4.13150,-1.37108,3.86097,-1.37108,3.86097,0.00000,0.00000,0,0.00036,-0.18282,-0.18033,-0.00248,3.26100,3.18410,-0.16618,-0.14531,-0.01023,2.77054,2.69572,-0.09240,-0.07512,-0.06916,2.27812,2.27058,-0.11613,-0.08762,-0.00411,1.36834,1.29179,0.08394,0.08935,0.00315,-0.35757,-0.35816,-0.18720,-0.10531,-0.00228,5.97450,5.76670
24.0180,1.22491,0.33528,1.22491,0.33528,1.22380,0.31985,-0.19033,4.12239,-1.41413,3.80254,-1.41413,3.80254,0.00000,0.00000,0,0.00104,-0.17949,-0.17998,-0.00810,3.06541,3.20992,-0.16796,-0.14601,-0.00816,2.90164,3.08410,-0.09455,-0.07823,-0.01219,2.46282,2.49226,-0.11767,-0.08797,-0.00195,1.54313,1.58540,0.08282,0.08933,-0.00232,-0.31410,-0.12971,-0.18390,-0.10533,-0.00362,5.95313,6.02408
24.1185,1.22902,0.34832,1.22902,0.34832,1.22823,0.34097,-0.22713,4.11238,-1.45536,3.77141,-1.45536,3.77141,0.00000,0.00000,0,0.00029,-0.17734,-0.17976,-0.00335,2.97168,2.94830,-0.16976,-0.14662,-0.00827,3.01613,3.03087,-0.09652,-0.07936,-0.01314,2.56426,2.69840,-0.11813,-0.08812,0.00477,1.59954,1.53739,0.08269,0.08933,-0.00167,-0.31928,-0.26797,-0.18166,-0.10535,0.00219,5.96632,5.84129
24.2191,1.23187,0.36035,1.23187,0.36035,1.23090,0.35441,-0.26403,4.10191,-1.49493,3.74750,-1.49493,3.74750,0.00000,0.00000,0,0.00026,-0.17553,-0.17955,0.00963,2.89503,3.01568,-0.17152,-0.14726,0.00053,3.13369,3.03021,-0.09838,-0.08027,-0.01376,2.61683,2.42934,-0.11833,-0.08824,-0.00248,1.63180,1.65805,0.08280,0.08934,0.00386,-0.29346,-0.30079,-0.17975,-0.10536,0.00004,5.96096,5.89706
24.3212,1.23377,0.37095,1.23377,0.37095,1.23396,0.36642,-0.30102,4.09105,-1.53498,3.72463,-1.53498,3.72463,0.00000,0.00000,0,0.00029,-0.17375,-0.17937,-0.00385,2.77681,2.67407,-0.17331,-0.14786,-0.01331,3.22742,3.29289,-0.10026,-0.08108,-0.01141,2.74678,2.73887,-0.11848,-0.08834,0.00639,1.69585,1.67154,0.08296,0.08934,0.00529,-0.28650,-0.33351,-0.17786,-0.10535,0.00922,5.96660,5.98172
24.4232,1.23499,0.37942,1.23499,0.37942,1.23445,0.37527,-0.33804,4.07990,-1.57250,3.70463,-1.57250,3.70463,0.00000,0.00000,0,0.00035,-0.17215,-0.17914,0.00407,2.70234,2.58553,-0.17498,-0.14837,-0.00204,3.35871,3.21627,-0.10202,-0.08168,0.00007,2.83478,3.00600,-0.11857,-0.08849,0.00010,1.74324,1.82778,0.08316,0.08933,-0.00452,-0.32618,-0.30748,-0.17614,-0.10538,-0.00538,5.95324,5.84071
24.5249,1.23331,0.38484,1.23331,0.38484,1.23439,0.38212,-0.37508,4.06852,-1.60947,3.68640,-1.60947,3.68640,0.00000,0.00000,0,0.00030,-0.17063,-0.17895,-0.00008,2.59959,2.67510,-0.17664,-0.14895,-0.00745,3.47589,3.53457,-0.10375,-0.08242,-0.00115,2.92659,3.00848,-0.11859,-0.08860,-0.00121,1.79936,1.74329,0.08342,0.08932,-0.00314,-0.30078,-0.33566,-0.17450,-0.10538,-0.00451,5.91902,5.90670
24.6266,1.23004,0.39209,1.23004,0.39209,1.22976,0.38844,-0.41201,4.05695,-1.64177,3.66851,-1.64177,3.66851,0.00000,0.00000,0,0.00028,-0.16922,-0.17875,-0.00515,2.53374,2.44444,-0.17808,-0.14947,-0.00130,3.57479,3.53548,-0.10526,-0.08323,0.00062,3.02559,2.99714,-0.11869,-0.08874,-0.00100,1.84168,1.72387,0.08357,0.08933,0.00122,-0.30605,-0.39185,-0.17300,-0.10541,-0.00935,5.92545,5.83508
24.7298,1.22948,0.40253,1.22948,0.40253,1.23032,0.39739,-0.44892,4.04514,-1.67924,3.64775,-1.67924,3.64775,0.00000,0.00000,0,0.00030,-0.16759,-0.17846,0.01070,2.46863,2.49052,-0.17975,-0.15018,-0.01045,3.68128,3.68117,-0.10702,-0.08403,-0.00148,3.15594,2.98108,-0.11880,-0.08887,0.00558,1.90940,1.96780,0.08374,0.08933,-0.00132,-0.32101,-0.17046,-0.17126,-0.10538,0.00641,5.93340,5.86955
24.8313,1.22988,0.41862,1.22988,0.41862,1.22983,0.41026,-0.48582,4.03301,-1.71565,3.62275,-1.71565,3.62275,0.00000,0.00000,0,0.00030,-0.16579,-0.17817,0.00240,2.30028,2.23611,-0.18136,-0.15116,-0.00582,3.78341,3.85404,-0.10876,-0.08500,-0.01533,3.20259,3.26159,-0.11911,-0.08902,0.00017,1.94906,1.93628,0.08372,0.08932,-0.00751,-0.30359,-0.33428,-0.16938,-0.10542,-0.00442,5.94794,5.93632
24.9359,1.23164,0.43475,1.23164,0.43475,1.23068,0.42671,-0.52272,4.02042,-1.75340,3.59371,-1.75340,3.59371,0.00000,0.00000,0,0.00115,-0.16381,-0.17784,-0.00233,2.16643,2.18053,-0.18300,-0.15254,-0.01896,3.83023,3.76968,-0.11056,-0.08622,-0.00963,3.30329,3.29352,-0.11955,-0.08924,-0.00440,2.01987,1.98331,0.08358,0.08931,-0.00536,-0.30397,-0.20560,-0.16732,-0.10540,0.00885,5.93651,5.80781
25.0355,1.23637,0.46741,1.23637,0.46741,1.23399,0.45136,-0.55968,4.00722,-1.79367,3.55586,-1.79367,3.55586,0.00000,0.00000,0,0.00040,-0.16140,-0.17740,0.00185,2.03694,2.00911,-0.18473,-0.15613,-0.05210,3.66537,3.66299,-0.11252,-0.08835,-0.01800,3.28141,3.12503,-0.12031,-0.08951,0.00116,2.11161,2.03943,0.08317,0.08932,-0.00515,-0.23009,-0.19371,-0.16486,-0.10540,0.00982,5.86821,5.89913
25.1378,1.24087,0.53964,1.24087,0.53964,1.23878,0.50966,-0.59679,3.99267,-1.83558,3.48300,-1.83558,3.48300,0.00000,0.00000,0,0.00028,-0.15749,-0.17669,0.00396,1.77683,1.75824,-0.18639,-0.15985,-0.01823,3.68249,3.76402,-0.11469,-0.09426,-0.08592,2.90779,2.83832,-0.12245,-0.09000,-0.00253,2.31592,2.36878,0.08147,0.08934,0.00318,-0.08909,-0.05590,-0.16103,-0.10540,0.00795,5.74283,5.93737
25.2403,1.25234,0.62522,1.25234,0.62522,1.24853,0.58455,-0.63414,3.97607,-1.88266,3.39152,-1.88266,3.39152,0.00000,0.00000,0,0.00035,-0.15269,-0.17568,0.01104,1.53135,1.53117,-0.18820,-0.16268,-0.04420,3.60893,3.53794,-0.11717,-0.10481,-0.16924,2.20352,2.08537,-0.12525,-0.09081,-0.01393,2.46005,2.55564,0.07919,0.08934,0.00233,0.06694,-0.06899,-0.15638,-0.10541,-0.00520,5.52730,5.43404
25.3437,1.26425,0.71942,1.26425,0.71942,1.26071,0.67847,-0.67182,3.95676,-1.93254,3.27829,-1.93254,3.27829,0.00000,0.00000,0,0.00103,-0.14693,-0.17418,0.01572,1.17524,1.25318,-0.19005,-0.17279,-0.08402,3.00506,2.91712,-0.11987,-0.11055,-0.01269,2.51504,2.61061,-0.12887,-0.09219,-0.01640,2.65093,2.66437,0.07615,0.08933,0.00064,0.27997,0.02045,-0.15083,-0.10536,0.00521,5.25874,5.25165
25.4495,1.25870,0.78097,1.25870,0.78097,1.25884,0.75781,-0.70961,3.93483,-1.96845,3.17701,-1.96845,3.17701,0.00000,0.00000,0,0.00106,-0.14196,-0.17170,0.02444,0.99703,1.09913,-0.19130,-0.17798,-0.00531,3.00838,3.30326,-0.12189,-0.11127,-0.01337,2.60470,2.65131,-0.13229,-0.09431,-0.01551,2.83137,2.80280,0.07321,0.08931,-0.00348,0.51628,0.58273,-0.14609,-0.10536,0.00082,5.03643,4.94836
25.5525,1.26168,0.78908,1.26168,0.78908,1.26092,0.78206,-0.74743,3.91159,-2.00835,3.12953,-2.00835,3.12953,0.00000,0.00000,0,0.00266,-0.13916,-0.17016,0.01519,0.89928,0.88400,-0.19296,-0.17871,-0.00636,3.09728,3.13112,-0.12388,-0.11185,-0.00795,2.70438,2.83458,-0.13344,-0.09549,-0.01211,2.88569,2.71226,0.07242,0.08930,-0.00918,0.52750,0.50023,-0.14328,-0.10534,0.00220,4.99466,4.86936
25.6524,1.25909,0.79657,1.25909,0.79657,1.26083,0.79266,-0.78527,3.88793,-2.04610,3.09527,-2.04610,3.09527,0.00000,0.00000,0,0.00050,-0.13696,-0.16875,0.01096,0.80576,0.79311,-0.19458,-0.17936,0.00194,3.22018,3.11966,-0.12572,-0.11238,-0.01354,2.80290,2.86396,-0.13410,-0.09610,-0.00797,2.91918,2.95973,0.07208,0.08931,-0.00226,0.61173,0.50312,-0.14102,-0.10534,0.00244,4.93820,4.88188
25.7531,1.25740,0.80135,1.25740,0.80135,1.25839,0.79903,-0.82305,3.86403,-2.08144,3.06500,-2.08144,3.06500,0.00000,0.00000,0,0.00035,-0.13497,-0.16739,0.01339,0.69279,0.73064,-0.19610,-0.17983,-0.00979,3.28561,3.27202,-0.12743,-0.11284,-0.01039,2.92458,2.89303,-0.13464,-0.09664,-0.00859,2.98974,2.94220,0.07183,0.08931,-0.00237,0.63841,0.67109,-0.13897,-0.10533,-0.00208,4.87097,4.80267
25.8545,1.25576,0.80431,1.25576,0.80431,1.25659,0.80237,-0.86077,3.83999,-2.11736,3.03763,-2.11736,3.03763,0.00000,0.00000,0,0.00041,-0.13310,-0.16638,0.00866,0.59111,0.65684,-0.19767,-0.18026,-0.00906,3.41497,3.52837,-0.12916,-0.11336,-0.00620,3.02291,2.93942,-0.13505,-0.09721,0.00340,3.10141,2.93426,0.07170,0.08932,0.00236,0.69581,0.68062,-0.13701,-0.10530,0.01072,4.83683,4.77532
25.9553,1.25706,0.81096,1.25706,0.81096,1.25655,0.80796,-0.89845,3.81582,-2.15500,3.00786,-2.15500,3.00786,0.00000,0.00000,0,0.00045,-0.13108,-0.16539,0.01573,0.45756,0.43769,-0.19930,-0.18066,0.00061,3.50866,3.53756,-0.13098,-0.11387,-0.01304,3.13408,2.97034,-0.13552,-0.09783,-0.01020,3.11760,3.14321,0.07153,0.08931,0.00097,0.72914,0.73201,-0.13492,-0.10531,0.00608,4.78247,4.74114
26.0569,1.25715,0.81259,1.25715,0.81259,1.25751,0.81165,-0.93618,3.79151,-2.19369,2.97986,-2.19369,2.97986,0.00000,0.00000,0,0.00035,-0.12912,-0.16447,0.01067,0.35186,0.39776,-0.20099,-0.18108,-0.00311,3.60869,3.62242,-0.13284,-0.11454,-0.00732,3.25891,3.22048,-0.13591,-0.09854,-0.01384,3.13885,3.14179,0.07146,0.08927,0.00929,0.76938,0.74589,-0.13287,-0.10531,-0.00453,4.67550,4.63883
26.1585,1.25345,0.81693,1.25345,0.81693,1.25508,0.81519,-0.97386,3.76709,-2.22894,2.95191,-2.22894,2.95191,0.00000,0.00000,0,0.00083,-0.12724,-0.16358,0.01677,0.23180,0.20591,-0.20251,-0.18145,0.00299,3.73198,3.74006,-0.13454,-0.11524,-0.01131,3.34921,3.42504,-0.13636,-0.09923,-0.00392,3.24626,3.38000,0.07129,0.08927,0.00405,0.82242,0.72528,-0.13092,-0.10531,-0.00298,4.61549,4.64108
26.2601,1.25329,0.81990,1.25329,0.81990,1.25315,0.81825,-1.01146,3.74258,-2.26461,2.92433,-2.26461,2.92433,0.00000,0.00000,0,0.00095,-0.12536,-0.16281,0.00942,0.09366,0.14435,-0.20406,-0.18189,-0.00200,3.85044,3.86875,-0.13627,-0.11602,-0.01128,3.42484,3.24844,-0.13678,-0.10013,-0.01076,3.26923,3.38339,0.07115,0.08919,0.00081,0.81081,0.73586,-0.12896,-0.10530,0.00274,4.56482,4.55327
26.3600,1.24269,0.82274,1.24269,0.82274,1.24679,0.82152,-1.04897,3.71797,-2.29576,2.89645,-2.29576,2.89645,0.00000,0.00000,0,0.00033,-0.12356,-0.16195,0.00211,-0.05372,0.09612,-0.20540,-0.18236,-0.01770,3.89931,3.95950,-0.13779,-0.11710,-0.02610,3.45468,3.43074,-0.13731,-0.10119,-0.01568,3.27605,3.32931,0.07089,0.08920,0.00313,0.87349,0.77896,-0.12711,-0.10529,0.00029,4.45854,4.44173
26.4605,1.24216,0.83250,1.24216,0.83250,1.24275,0.82856,-1.08629,3.69321,-2.32904,2.86465,-2.32904,2.86465,0.00000,0.00000,0,0.00035,-0.12155,-0.16107,0.00089,-0.18378,-0.19287,-0.20681,-0.18303,-0.00494,4.00009,3.96079,-0.13942,-0.11808,-0.00076,3.56918,3.66648,-0.13795,-0.10256,-0.02203,3.29960,3.26931,0.07052,0.08916,-0.01074,0.90193,0.90958,-0.12506,-0.10526,-0.00143,4.38128,4.40965
26.5641,1.24004,0.84067,1.24004,0.84067,1.24186,0.83650,-1.12357,3.66821,-2.36543,2.83170,-2.36543,2.83170,0.00000,0.00000,0,0.00028,-0.11943,-0.15986,0.00907,-0.29493,-0.37580,-0.20837,-0.18372,-0.01919,4.07779,4.25327,-0.14120,-0.11951,-0.02180,3.62152,3.53412,-0.13858,-0.10473,-0.01467,3.23563,3.10094,0.07020,0.08918,-0.00469,0.98283,1.03612,-0.12288,-0.10527,-0.00286,4.26507,4.39180
26.6664,1.23011,0.84924,1.23011,0.84924,1.23508,0.84576,-1.16073,3.64295,-2.39581,2.79719,-2.39581,2.79719,0.00000,0.00000,0,0.00128,-0.11737,-0.15876,0.00942,-0.42867,-0.54807,-0.20964,-0.18448,-0.00076,4.18577,4.15808,-0.14272,-0.12141,-0.01850,3.60775,3.63014,-0.13939,-0.10865,-0.05392,3.01715,2.98518,0.06966,0.08918,-0.00152,1.07150,1.07063,-0.12080,-0.10524,0.00415,4.17874,4.08702
26.7665,1.20769,0.84675,1.20769,0.84675,1.21663,0.84705,-1.19745,3.61754,-2.41408,2.77049,-2.41408,2.77049,0.00000,0.00000,0,0.00027,-0.11588,-0.15804,0.00992,-0.57426,-0.51755,-0.21037,-0.18529,-0.00881,4.18476,4.14548,-0.14365,-0.12320,-0.01837,3.57514,3.47920,-0.14012,-0.11402,-0.04046,2.82826,2.98383,0.06911,0.08918,-0.00163,1.13369,1.11341,-0.11932,-0.10524,-0.00415,4.13216,4.05415
26.8674,1.19662,0.85938,1.19662,0.85938,1.20165,0.85426,-1.23365,3.59202,-2.43530,2.73776,-2.43530,2.73776,0.00000,0.00000,0,0.00042,-0.11408,-0.15728,0.00957,-0.70289,-0.53328,-0.21122,-0.18639,-0.01893,4.17830,4.13846,-0.14475,-0.12465,-0.01237,3.61466,3.73735,-0.14103,-0.11629,-0.02645,2.85971,2.64784,0.06840,0.08919,0.00589,1.21801,1.21619,-0.11754,-0.10523,0.00077,4.04023,4.04242
26.9696,1.18943,0.88696,1.18943,0.88696,1.19309,0.87323,-1.26954,3.56610,-2.46263,2.69287,-2.46263,2.69287,0.00000,0.00000,0,0.00079,-0.11165,-0.15632,0.00942,-0.88569,-0.86332,-0.21230,-0.18828,-0.02996,4.17966,4.06527,-0.14617,-0.12772,-0.04910,3.46641,3.33607,-0.14233,-0.11733,0.00046,2.97397,3.11360,0.06738,0.08912,0.00435,1.33555,1.37630,-0.11515,-0.10517,0.00586,3.92110,3.97371
27.0699,1.20003,1.01558,1.20003,1.01558,1.19550,0.95356,-1.30533,3.53879,-2.50083,2.58523,-2.50083,2.58523,0.00000,0.00000,0,0.00031,-0.10638,-0.15479,0.02700,-1.18818,-1.11529,-0.21360,-0.20274,-0.24605,2.74693,2.72971,-0.14835,-0.13604,-0.11810,2.90522,2.90392,-0.14596,-0.11837,-0.02063,3.16716,3.18338,0.06425,0.08910,-0.00137,1.56329,1.55394,-0.11010,-0.10512,0.00722,3.63240,3.48165
27.1724,1.17963,1.18328,1.17963,1.18328,1.18535,1.12978,-1.34105,3.50674,-2.52639,2.37695,-2.52639,2.37695,0.00000,0.00000,0,0.00028,-0.09718,-0.14845,0.11752,-1.29078,-1.31491,-0.21387,-0.21323,-0.00433,2.83884,2.78412,-0.15039,-0.14421,-0.03182,2.80874,2.80388,-0.15395,-0.12084,-0.04353,3.59230,3.50964,0.05696,0.08638,-0.02707,1.94314,2.04718,-0.10158,-0.10498,0.00090,2.98202,3.16269
27.2743,1.12915,1.22753,1.12915,1.22753,1.14829,1.20479,-1.37599,3.47132,-2.52427,2.26653,-2.52427,2.26653,0.00000,0.00000,0,0.00028,-0.09262,-0.14095,0.05143,-1.27969,-1.31103,-0.21327,-0.21347,-0.00780,2.77286,2.92186,-0.15075,-0.14566,-0.00180,2.79029,2.61248,-0.15850,-0.12361,-0.00771,3.78597,3.80550,0.05269,0.08527,-0.01155,2.16712,2.08353,-0.09746,-0.10492,0.00081,2.80373,2.81370
27.3752,1.06064,1.26032,1.06064,1.26032,1.09911,1.23611,-1.40969,3.43468,-2.50880,2.19857,-2.50880,2.19857,0.00000,0.00000,0,0.00034,-0.09011,-0.12247,0.21016,0.15391,0.14528,-0.21225,-0.21349,0.00111,2.73992,2.64536,-0.15034,-0.14596,0.00298,2.77969,2.71209,-0.16157,-0.12607,-0.03351,3.74179,3.66515,0.04970,0.08471,-0.00627,2.32634,2.28712,-0.09528,-0.10489,0.00011,2.72065,2.53225
27.4764,1.00130,1.29729,1.00130,1.29729,1.02954,1.29024,-1.44131,3.39639,-2.47085,2.10615,-2.47085,2.10615,0.00000,0.00000,0,0.00027,-0.08703,-0.11890,0.02137,-0.49092,-0.40339,-0.21007,-0.21351,-0.00059,2.54607,2.71087,-0.14901,-0.14603,-0.00143,2.68623,2.60288,-0.16609,-0.13044,-0.06430,3.79443,3.92058,0.04521,0.08357,-0.01296,2.64563,2.75320,-0.09276,-0.10484,0.00363,2.53419,2.57105
27.5772,0.96278,1.29131,0.96278,1.29131,0.98450,1.29505,-1.47137,3.35754,-2.45587,2.06249,-2.45587,2.06249,0.00000,0.00000,0,0.00027,-0.08552,-0.11767,0.01224,-0.55986,-0.67772,-0.20917,-0.21351,-0.00306,2.49904,2.45791,-0.14851,-0.14607,0.00512,2.66590,2.70190,-0.16817,-0.13680,-0.06590,3.53963,3.58012,0.04316,0.08311,-0.00655,2.80571,2.81265,-0.09150,-0.10483,0.00074,2.45083,2.46014
27.6803,0.93250,1.28174,0.93250,1.28174,0.94622,1.28555,-1.50016,3.31885,-2.44638,2.03330,-2.44638,2.03330,0.00000,0.00000,0,0.00220,-0.08450,-0.11678,0.00779,-0.63399,-0.56677,-0.20860,-0.21348,0.01161,2.48342,2.39155,-0.14820,-0.14610,0.00533,2.66017,2.65685,-0.16955,-0.14141,-0.03439,3.48466,3.47549,0.04181,0.08265,-0.00722,2.89670,2.84993,-0.09064,-0.10483,-0.00567,2.37969,2.47442
27.7796,0.91513,1.28254,0.91513,1.28254,0.92381,1.28243,-1.52812,3.28036,-2.45194,1.99793,-2.45194,1.99793,0.00000,0.00000,0,0.00028,-0.08291,-0.11560,0.02464,-0.67013,-0.66717,-0.20870,-0.21350,-0.00290,2.46927,2.65261,-0.14860,-0.14617,-0.00397,2.66858,2.83229,-0.17089,-0.14389,-0.01985,3.48118,3.47163,0.04060,0.08222,0.00080,3.04032,3.06257,-0.08915,-0.10480,-0.00286,2.27568,2.34213
27.8806,0.88460,1.27774,0.88460,1.27774,0.89937,1.28000,-1.55543,3.24193,-2.45480,1.96193,-2.45480,1.96193,0.00000,0.00000,0,0.00030,-0.08136,-0.11353,0.02502,-0.70075,-0.62312,-0.20867,-0.21350,0.00544,2.48989,2.46615,-0.14888,-0.14621,0.00240,2.69424,2.57481,-0.17231,-0.14736,-0.05027,3.34963,3.35378,0.03930,0.08154,-0.00738,3.13612,3.14030,-0.08772,-0.10477,0.00111,2.15307,2.11007
27.9822,0.84099,1.27336,0.84099,1.27336,0.86029,1.27515,-1.58172,3.20362,-2.44202,1.92847,-2.44202,1.92847,0.00000,0.00000,0,0.00027,-0.08023,-0.10986,0.05847,-0.49251,-0.62948,-0.20793,-0.21349,0.00292,2.41599,2.39426,-0.14844,-0.14622,0.00170,2.64846,2.77270,-0.17393,-0.15220,-0.03369,3.20622,3.27520,0.03770,0.08072,-0.01012,3.23855,3.21172,-0.08678,-0.10473,0.00041,2.06016,2.11026
28.0839,0.73332,1.33603,0.73332,1.33603,0.79215,1.30156,-1.60655,3.16511,-2.39870,1.86355,-2.39870,1.86355,0.00000,0.00000,0,0.00029,-0.07841,-0.09148,0.00794,0.33778,0.60050,-0.20562,-0.21350,-0.00231,2.29260,2.24532,-0.14674,-0.14622,-0.00436,2.57470,2.40146,-0.17743,-0.15421,-0.02866,3.37095,3.14014,0.03411,0.07959,-0.01853,3.44060,3.52419,-0.08544,-0.10470,0.00339,1.93544,1.92569
28.1852,0.69587,1.35172,0.69587,1.35172,0.72094,1.34689,-1.62892,3.12496,-2.34986,1.77807,-2.34986,1.77807,0.00000,0.00000,0,0.00036,-0.07584,-0.09124,0.00192,0.12947,0.15244,-0.20297,-0.21350,-0.00125,2.02687,2.05510,-0.14488,-0.14618,-0.00189,2.42450,2.32520,-0.18189,-0.15611,-0.02131,3.64569,3.67470,0.02961,0.07337,-0.12553,3.16859,3.15589,-0.08346,-0.10466,-0.00342,1.76878,1.71094
28.2865,0.63077,1.32379,0.63077,1.32379,0.65991,1.33489,-1.64947,3.08470,-2.30938,1.74981,-2.30938,1.74981,0.00000,0.00000,0,0.00033,-0.07549,-0.09114,-0.00152,0.09508,0.04313,-0.20096,-0.21347,0.00544,1.93725,1.87313,-0.14316,-0.14613,0.00361,2.32366,2.17045,-0.18385,-0.15738,-0.01976,3.71974,3.77709,0.02749,0.06259,-0.09220,2.75184,2.68688,-0.08343,-0.10463,-0.00301,1.73855,1.86887
28.3895,0.57918,1.30894,0.57918,1.30894,0.59971,1.31522,-1.66810,3.04504,-2.26781,1.72982,-2.26781,1.72982,0.00000,0.00000,0,0.00028,-0.07550,-0.09110,0.00048,0.11178,0.06230,-0.19894,-0.21348,-0.00250,1.75188,1.71378,-0.14135,-0.14611,-0.01066,2.16596,2.23842,-0.18549,-0.15803,0.00533,3.87042,3.79247,0.02567,0.05756,-0.00940,2.86777,2.93486,-0.08374,-0.10463,-0.00198,1.77291,1.70495
28.4923,0.56147,1.30554,0.56147,1.30554,0.57163,1.30729,-1.68555,3.00575,-2.25718,1.69845,-2.25718,1.69845,0.00000,0.00000,0,0.00029,-0.07442,-0.09089,0.00666,0.01196,-0.12858,-0.19831,-0.21347,0.00008,1.69423,1.77709,-0.14099,-0.14608,0.00340,2.19233,2.24339,-0.18698,-0.15874,-0.00768,3.93888,4.13441,0.02420,0.05668,-0.00497,2.96111,2.90907,-0.08283,-0.10459,0.00593,1.67533,1.68912
28.5942,0.55840,1.30500,0.55840,1.30500,0.56145,1.30529,-1.70249,2.96657,-2.26394,1.66128,-2.26394,1.66128,0.00000,0.00000,0,0.00033,-0.07273,-0.09049,0.00999,-0.11118,-0.14519,-0.19846,-0.21347,-0.00042,1.72520,1.90339,-0.14146,-0.14608,-0.00069,2.21715,2.29000,-0.18837,-0.15929,-0.00088,4.05645,3.93170,0.02296,0.05612,-0.00448,3.08304,3.12714,-0.08125,-0.10459,-0.00614,1.48568,1.50579
28.6950,0.54934,1.29967,0.54934,1.29967,0.55305,1.30181,-1.71920,2.92746,-2.27225,1.62564,-2.27225,1.62564,0.00000,0.00000,0,0.00030,-0.07108,-0.09014,-0.00545,-0.22216,-0.08981,-0.19869,-0.21347,-0.00513,1.69176,1.70158,-0.14198,-0.14611,0.00088,2.26111,2.20864,-0.18967,-0.15994,-0.00976,4.13349,4.08323,0.02181,0.05562,0.00540,3.17932,3.29803,-0.07969,-0.10453,0.00009,1.36183,1.37355
28.7955,0.53715,1.29486,-0.46285,1.29486,-0.11297,1.29761,-1.77651,2.88848,-1.66354,1.59087,-1.66354,1.59087,1.00000,0.00000,0,0.00044,-0.08197,-0.09014,-0.01018,0.67975,0.30135,-0.17027,-0.21233,0.06740,-0.51201,0.06395,-0.11442,-0.14529,0.00034,-0.10156,0.62355,-0.20307,-0.16235,-0.07373,5.13055,5.22255,0.00489,0.05267,-0.10517,4.17322,4.08446,-0.09405,-0.10462,0.00584,2.62668,2.64746
28.8975,0.43977,1.25003,-0.56023,1.25003,-0.46645,1.26718,-1.76575,2.85001,-1.29930,1.58284,-1.29930,1.58284,1.00000,0.00000,0,0.00171,-0.08900,-0.09092,0.00411,0.97253,0.93886,-0.15333,-0.20788,0.00895,-1.20270,-1.17826,-0.09788,-0.14232,0.01741,-0.58408,-0.56351,-0.21055,-0.17105,-0.09077,4.72211,4.84119,-0.00478,0.04658,-0.01220,4.56487,4.52227,-0.10316,-0.10470,-0.00386,2.95814,3.03582
29.0001,0.34416,1.20109,-0.65584,1.20109,-0.59906,1.22447,-1.74925,2.81272,-1.15020,1.58825,-1.15020,1.58825,1.00000,0.00000,0,0.00104,-0.09224,-0.09109,0.00564,1.04351,1.10042,-0.14643,-0.20647,0.01062,-1.39172,-1.32838,-0.09109,-0.14098,0.01361,-0.83192,-0.64988,-0.21325,-0.18679,-0.13740,3.74617,3.71787,-0.00841,0.04475,-0.03072,4.57164,4.47986,-0.10723,-0.10470,0.00374,3.07088,3.08023
29.1003,0.27591,1.13452,-0.72409,1.13452,-0.69015,1.16181,-1.72949,2.77716,-1.03934,1.61535,-1.03934,1.61535,1.00000,0.00000,0,0.00035,-0.09560,-0.09142,-0.00005,1.20119,1.25820,-0.14140,-0.19852,0.16933,-0.81107,-0.81163,-0.08594,-0.13688,0.10944,-0.65954,-0.73695,-0.21431,-0.19369,-0.03049,3.72980,3.75710,-0.01024,0.04244,-0.03434,4.60150,4.51166,-0.11113,-0.10472,0.00929,3.31146,3.38213
29.2017,0.20442,0.80752,-0.79558,0.80752,-0.76378,0.95715,-1.70749,2.74530,-0.94371,1.78814,-0.94371,1.78814,1.00000,0.00000,0,0.00038,-0.10473,-0.09218,-0.03191,1.69763,1.76017,-0.13767,-0.17752,-0.00029,-0.33908,-0.15035,-0.08096,-0.11537,0.11069,0.30016,0.54046,-0.20907,-0.19511,0.00308,3.42742,3.38885,-0.00612,0.03545,-0.02526,3.97347,4.03973,-0.12013,-0.10482,-0.00108,3.93897,3.92000
29.3046,0.17382,0.78742,-0.82618,0.78742,-0.81301,0.81951,-1.68361,2.71948,-0.87060,1.89996,-0.87060,1.89996,1.00000,0.00000,0,0.00138,-0.11087,-0.09391,0.00058,2.14868,1.98282,-0.13473,-0.17695,0.00201,-0.52090,-0.40111,-0.07723,-0.11233,0.01530,-0.06194,0.03304,-0.20591,-0.19516,-0.00511,3.13642,3.26711,-0.00375,0.03461,-0.01651,3.83822,3.94874,-0.12625,-0.10494,0.01127,4.36768,4.37291
29.4045,0.16428,0.77151,-0.83572,0.77151,-0.82780,0.78317,-1.65894,2.69565,-0.83114,1.91248,-0.83114,1.91248,1.00000,0.00000,0,0.00033,-0.11219,-0.09407,0.00010,2.11090,2.11758,-0.13294,-0.17614,0.00515,-0.61243,-0.53235,-0.07539,-0.11174,0.00235,-0.22548,-0.12533,-0.20616,-0.19528,0.00604,3.29503,3.18656,-0.00429,0.03345,-0.02332,3.91381,3.97678,-0.12775,-0.10496,0.00333,4.38432,4.36295
29.5054,0.16335,0.75727,-0.83665,0.75727,-0.83415,0.76525,-1.63399,2.67248,-0.79984,1.90723,-0.79984,1.90723,1.00000,0.00000,0,0.00037,-0.11260,-0.09413,0.00453,2.16296,2.11758,-0.13147,-0.17506,0.00601,-0.72264,-0.81018,-0.07399,-0.11124,0.00848,-0.31682,-0.23962,-0.20699,-0.19546,-0.00056,3.34803,3.38087,-0.00530,0.03201,-0.01647,3.97040,3.90510,-0.12836,-0.10499,-0.00033,4.42523,4.52753
29.6087,0.14134,0.73626,-0.85866,0.73626,-0.84717,0.74568,-1.60877,2.64987,-0.76160,1.90419,-0.76160,1.90419,1.00000,0.00000,0,0.00032,-0.11325,-0.09429,-0.00487,2.20925,2.29972,-0.12968,-0.17368,0.02257,-0.76024,-0.73289,-0.07227,-0.11066,0.00673,-0.44850,-0.40599,-0.20786,-0.19568,-0.00708,3.40422,3.41770,-0.00640,0.02960,-0.04522,3.91508,3.86746,-0.12924,-0.10499,0.00707,4.53815,4.42468
29.7112,0.10886,0.70435,-0.89114,0.70435,-0.87742,0.71925,-1.58284,2.62793,-0.70542,1.90867,-0.70542,1.90867,1.00000,0.00000,0,0.00154,-0.11457,-0.09458,-0.00836,2.32394,2.29446,-0.12709,-0.17036,0.04752,-0.76918,-0.60940,-0.06971,-0.10997,0.00302,-0.66111,-0.47668,-0.20878,-0.19597,-0.00438,3.45704,3.50729,-0.00768,0.02271,-0.05711,3.57213,3.55827,-0.13087,-0.10504,-0.00437,4.70316,4.78473
29.8104,0.07288,0.58335,-0.92712,0.58335,-0.91377,0.64411,-1.55584,2.60740,-0.64207,1.96329,-0.64207,1.96329,1.00000,0.00000,0,0.00033,-0.11813,-0.09514,-0.01853,2.52211,2.45841,-0.12437,-0.15189,0.08354,0.22892,0.31271,-0.06664,-0.10874,0.01078,-0.82786,-0.93117,-0.20777,-0.19626,0.00874,3.43776,3.41063,-0.00724,0.02023,-0.01684,3.62005,3.48081,-0.13457,-0.10508,-0.00222,4.97262,4.95444
29.9124,0.05747,0.54751,-0.94253,0.54751,-0.92871,0.56137,-1.52825,2.58987,-0.59953,2.02850,-0.59953,2.02850,1.00000,0.00000,0,0.00029,-0.12171,-0.09638,-0.01107,2.76440,2.73104,-0.12265,-0.14958,0.01320,0.03672,0.03904,-0.06448,-0.10792,0.01570,-0.96853,-1.17038,-0.20592,-0.19633,0.00345,3.28887,3.31308,-0.00586,0.01956,-0.00629,3.46715,3.26075,-0.13814,-0.10517,0.00217,5.25929,5.32510
30.0141,0.05440,0.52624,-0.94560,0.52624,-0.93988,0.53543,-1.50014,2.57353,-0.56026,2.03810,-0.56026,2.03810,1.00000,0.00000,0,0.00029,-0.12290,-0.09672,-0.00551,2.83447,2.87677,-0.12086,-0.14879,0.00637,-0.09156,0.08850,-0.06267,-0.10714,0.01218,-1.11999,-1.13454,-0.20629,-0.19647,-0.00589,3.33573,3.32804,-0.00651,0.01858,-0.00758,3.53543,3.47478,-0.13952,-0.10523,-0.00946,5.32451,5.47195
30.1190,0.04988,0.51368,-0.95012,0.51368,-0.94934,0.52086,-1.47174,2.55773,-0.52240,2.03687,-0.52240,2.03687,1.00000,0.00000,0,0.00344,-0.12361,-0.09700,0.00076,2.89762,2.92776,-0.11910,-0.14819,-0.00561,-0.23849,-0.31815,-0.06096,-0.10591,0.01514,-1.23673,-1.21009,-0.20708,-0.19667,-0.00493,3.40548,3.37584,-0.00753,0.01710,-0.02427,3.50910,3.40864,-0.14046,-0.10523,0.00355,5.49022,5.45496
30.2180,0.03317,0.49260,-0.96683,0.49260,-0.95966,0.50346,-1.44309,2.54238,-0.48342,2.03892,-0.48342,2.03892,1.00000,0.00000,0,0.00035,-0.12449,-0.09751,-0.00037,2.95707,2.97665,-0.11729,-0.14756,0.02047,-0.29470,-0.35830,-0.05919,-0.10294,0.07669,-1.05373,-1.27148,-0.20775,-0.19689,-0.00395,3.45994,3.44238,-0.00846,0.01455,-0.02644,3.44698,3.47794,-0.14155,-0.10528,-0.01390,5.56370,5.51501
30.3196,-0.00241,0.33629,-1.00241,0.33629,-0.98456,0.40704,-1.41392,2.52866,-0.42936,2.12163,-0.42936,2.12163,1.00000,0.00000,0,0.00027,-0.12903,-0.09907,-0.03494,3.13686,3.23104,-0.11511,-0.14672,0.01468,-0.46160,-0.38347,-0.05645,-0.08188,0.10886,0.11241,0.18753,-0.20541,-0.19710,-0.01360,3.25125,3.14734,-0.00671,0.01277,-0.00442,3.27919,3.18833,-0.14607,-0.10532,0.00128,5.96477,6.09700
30.4222,-0.01115,0.30149,-1.01115,0.30149,-1.00911,0.32566,-1.38377,2.51816,-0.37467,2.19250,-0.37467,2.19250,1.00000,0.00000,0,0.00027,-0.13310,-0.10503,-0.06932,3.00602,3.00954,-0.11284,-0.14573,0.01163,-0.61679,-0.56813,-0.05372,-0.08048,0.00568,-0.34158,-0.22736,-0.20356,-0.19709,-0.00569,3.15900,3.12271,-0.00543,0.01208,-0.00687,3.18848,3.09563,-0.15017,-0.10536,0.00232,5.93658,5.83228
30.5243,-0.00875,0.28193,-1.00875,0.28193,-1.01445,0.29390,-1.35335,2.50903,-0.33890,2.21513,-0.33890,2.21513,1.00000,0.00000,0,0.00080,-0.13477,-0.11041,-0.04462,2.85730,2.89776,-0.11127,-0.14506,0.02114,-0.70890,-0.76338,-0.05203,-0.07957,0.00229,-0.44736,-0.30717,-0.20333,-0.19715,-0.00306,3.20406,3.13860,-0.00550,0.01167,-0.00504,3.25260,3.26543,-0.15195,-0.10537,0.00102,5.98110,5.98939
30.6275,-0.00630,0.26001,-1.00630,0.26001,-1.00869,0.27047,-1.32302,2.50063,-0.31433,2.23015,-0.31433,2.23015,1.00000,0.00000,0,0.00043,-0.13589,-0.11402,-0.03083,2.76572,2.52893,-0.11019,-0.14450,0.00498,-0.81796,-0.74258,-0.05086,-0.07890,0.00354,-0.49343,-0.50789,-0.20319,-0.19721,-0.00610,3.18826,3.25356,-0.00556,0.01133,-0.00703,3.26347,3.52408,-0.15316,-0.10540,-0.00429,5.92016,5.85603
30.7285,-0.00501,0.24061,-1.00501,0.24061,-1.00476,0.24932,-1.29287,2.49290,-0.28810,2.24358,-0.28810,2.24358,1.00000,0.00000,0,0.00028,-0.13698,-0.11627,-0.02249,2.79951,2.65277,-0.10902,-0.14374,0.00535,-0.89005,-0.81035,-0.04963,-0.07810,0.01629,-0.54564,-0.56585,-0.20315,-0.19724,0.00598,3.21893,3.32004,-0.00573,0.01103,0.00335,3.28932,3.06122,-0.15435,-0.10541,-0.00144,5.92480,5.87601
30.8293,-0.00421,0.21689,-1.00421,0.21689,-1.00459,0.22786,-1.26272,2.48579,-0.25813,2.25794,-0.25813,2.25794,1.00000,0.00000,0,0.00030,-0.13819,-0.11741,-0.01479,2.83988,2.80064,-0.10768,-0.14267,0.01471,-0.96075,-0.92875,-0.04823,-0.07698,0.01791,-0.63173,-0.65882,-0.20314,-0.19730,0.00503,3.22518,3.16003,-0.00596,0.01061,-0.00588,3.31761,3.21039,-0.15567,-0.10541,0.00257,5.99191,6.02752
30.9300,0.00150,0.20259,-0.99850,0.20259,-1.00093,0.20984,-1.23264,2.47930,-0.23171,2.26946,-0.23171,2.26946,1.00000,0.00000,0,0.00030,-0.13920,-0.11814,-0.00246,2.93203,2.86974,-0.10650,-0.14169,0.01193,-1.04127,-0.99096,-0.04700,-0.07598,0.01265,-0.69977,-0.74696,-0.20318,-0.19737,0.00036,3.21814,3.16106,-0.00621,0.01031,-0.00669,3.31576,3.38572,-0.15679,-0.10542,0.00026,5.96504,6.01125
31.0312,0.00137,0.18909,-0.99863,0.18909,-0.99906,0.19479,-1.20265,2.47329,-0.20359,2.27850,-0.20359,2.27850,1.00000,0.00000,0,0.00033,-0.14015,-0.11869,-0.00324,2.99600,2.85138,-0.10522,-0.14076,0.01109,-1.15736,-1.09457,-0.04569,-0.07495,0.01283,-0.74243,-0.76544,-0.20336,-0.19742,0.00156,3.24133,3.37644,-0.00659,0.01005,-0.00340,3.35239,3.31398,-0.15786,-0.10542,0.00322,5.96274,6.02020
31.1318,0.00007,0.17355,-0.99993,0.17355,-0.99983,0.18110,-1.17267,2.46768,-0.17283,2.28659,-0.17283,2.28659,1.00000,0.00000,0,0.00030,-0.14110,-0.11918,-0.00582,3.04671,3.14443,-0.10382,-0.13987,0.01027,-1.24150,-1.16449,-0.04428,-0.07413,0.00198,-0.88151,-0.81952,-0.20363,-0.19747,0.00054,3.27502,3.07495,-0.00708,0.00964,-0.00612,3.39837,3.56845,-0.15897,-0.10544,-0.00853,5.94389,5.91665
31.2344,-0.00034,0.15777,-1.00034,0.15777,-1.00038,0.16540,-1.14265,2.46253,-0.14227,2.29713,-0.14227,2.29713,1.00000,0.00000,0,0.00037,-0.14216,-0.11967,-0.00287,3.13364,3.31208,-0.10244,-0.13882,0.01519,-1.30340,-1.20367,-0.04286,-0.07327,0.00186,-0.97135,-0.96204,-0.20379,-0.19754,-0.00630,3.29185,3.45123,-0.00747,0.00922,-0.00258,3.43831,3.39325,-0.16016,-0.10542,0.00237,5.93665,6.01446
31.3367,-0.00167,0.14332,-1.00167,0.14332,-1.00166,0.15045,-1.11261,2.45784,-0.11095,2.30739,-0.11095,2.30739,1.00000,0.00000,0,0.00028,-0.14322,-0.12032,-0.00989,3.15821,3.08928,-0.10103,-0.13750,0.01052,-1.37202,-1.38114,-0.04141,-0.07226,0.01470,-1.02517,-1.03432,-0.20397,-0.19762,-0.00261,3.28200,3.31161,-0.00790,0.00875,-0.00164,3.47713,3.54933,-0.16136,-0.10544,-0.00423,5.94258,5.93115
31.4379,-0.00555,0.11907,-1.00555,0.11907,-1.00449,0.12976,-1.08252,2.45368,-0.07803,2.32392,-0.07803,2.32392,1.00000,0.00000,0,0.00032,-0.14458,-0.12092,-0.00835,3.26281,3.28098,-0.09956,-0.13509,0.03868,-1.31923,-1.42298,-0.03987,-0.07036,0.03495,-1.00481,-1.07091,-0.20393,-0.19771,0.00517,3.32846,3.25490,-0.00812,0.00816,-0.00372,3.48699,3.59549,-0.16284,-0.10542,0.00684,5.94918,5.85464
31.5385,-0.01933,0.02917,-1.01933,0.02917,-1.01220,0.07394,-1.05228,2.45063,-0.04007,2.37669,-0.04007,2.37669,1.00000,0.00000,0,0.00027,-0.14755,-0.12174,-0.00563,3.42871,3.33227,-0.09800,-0.12713,0.14548,-0.68403,-0.77995,-0.03798,-0.06220,0.18840,-0.18520,-0.40442,-0.20251,-0.19774,0.00483,3.26598,3.24579,-0.00710,0.00769,0.00163,3.41539,3.44810,-0.16582,-0.10544,-0.00226,5.93018,6.04271
31.6397,-0.02261,-0.07165,-1.02261,-0.07165,-1.02231,-0.03542,-1.02170,2.45060,0.00061,2.48601,0.00061,2.48601,1.00000,0.00000,0,0.00029,-0.15295,-0.12409,-0.01897,3.71258,3.73155,-0.09652,-0.12320,0.03621,-0.87997,-0.94871,-0.03577,-0.05681,0.04877,-0.47549,-0.59754,-0.19881,-0.19772,0.00943,2.97821,3.04561,-0.00399,0.00756,-0.00112,3.18042,3.08207,-0.17100,-0.10546,-0.00743,5.94931,6.11529
31.7432,-0.03769,-0.29066,-1.03769,-0.29066,-1.02972,-0.18857,-0.99097,2.45388,0.03875,2.64245,0.03875,2.64245,1.00000,0.00000,0,0.00031,-0.16027,-0.12688,-0.06569,3.94811,3.95272,-0.09534,-0.10982,0.00286,-0.23725,-0.18437,-0.03352,-0.04174,0.04499,0.27586,0.41040,-0.19313,-0.19770,0.00752,2.59847,2.61509,0.00098,0.00754,-0.00501,2.87249,2.88895,-0.17788,-0.10545,-0.00288,5.99400,6.13993
31.8457,-0.01376,-0.31924,-0.01376,-0.31924,-0.18503,-0.29215,-0.93224,2.46168,-0.74721,2.75383,-0.74721,2.75383,0.00000,0.00000,0,0.00130,-0.14906,-0.12925,-0.00327,3.03194,2.98591,-0.13243,-0.11501,-0.04582,2.25093,2.12821,-0.06853,-0.04505,-0.03371,2.69814,2.62858,-0.17331,-0.19682,0.00003,1.10855,1.05339,0.02561,0.00782,0.00403,0.98464,0.95836,-0.16164,-0.10530,-0.00292,4.58606,4.55685
31.9469,-0.00937,-0.31536,-0.00937,-0.31536,-0.03891,-0.31109,-0.92990,2.47087,-0.89099,2.78195,-0.89099,2.78195,0.00000,0.00000,0,0.00026,-0.14732,-0.12935,-0.00876,3.10104,3.04745,-0.13925,-0.11609,0.00752,2.27120,2.23966,-0.07490,-0.04665,-0.00059,2.63431,2.70611,-0.16937,-0.19659,0.00632,1.13498,0.91928,0.03040,0.00788,0.01370,1.04974,1.03922,-0.15898,-0.10530,0.00737,4.78258,4.64373
32.0495,-0.00530,-0.31226,-0.00530,-0.31226,-0.01233,-0.31405,-0.92957,2.48028,-0.91725,2.79433,-0.91725,2.79433,0.00000,0.00000,16,0.00027,-0.14731,-0.12949,-0.00582,3.17105,3.12566,-0.14053,-0.11623,-0.01150,2.18007,2.13436,-0.07604,-0.04699,0.00367,2.60006,2.65571,-0.16835,-0.19657,-0.00060,1.05158,1.01018,0.03155,0.00784,-0.00429,0.97828,0.94084,-0.15877,-0.10534,-0.00125,4.91527,4.72316
32.1505,0.00005,-0.31375,0.00005,-0.31375,-0.00381,-0.31414,-0.92957,2.48971,-0.92577,2.80384,-0.92577,2.80384,0.00000,0.00000,16,0.00039,-0.14753,-0.12965,-0.00446,3.22676,3.08718,-0.14096,-0.11631,-0.00018,2.24692,2.28579,-0.07639,-0.04732,0.00052,2.60873,2.48499,-0.16780,-0.19651,0.00112,0.99126,0.99106,0.03213,0.00786,0.00160,0.93795,1.04760,-0.15890,-0.10535,-0.00551,5.03709,5.05935
32.2530,0.00165,-0.31731,0.00165,-0.31731,0.00046,-0.31599,-0.92957,2.49915,-0.93003,2.81514,-0.93003,2.81514,0.00000,0.00000,16,0.00044,-0.14792,-0.12997,-0.02113,3.21331,3.12373,-0.14121,-0.11656,-0.00968,2.33208,2.15658,-0.07654,-0.04766,-0.00222,2.64632,2.68058,-0.16725,-0.19642,-0.00118,0.91951,0.90415,0.03267,0.00787,-0.01015,0.84821,0.83485,-0.15922,-0.10536,-0.00000,5.16480,5.12351
32.3547,-0.00269,-0.31757,-0.00269,-0.31757,-0.00114,-0.31676,-0.92957,2.50864,-0.92843,2.82540,-0.92843,2.82540,0.00000,0.00000,16,0.00031,-0.14838,-0.13030,0.00120,3.30546,3.28360,-0.14118,-0.11688,0.00065,2.33227,2.28238,-0.07643,-0.04793,0.00896,2.71470,2.69216,-0.16686,-0.19632,0.00299,0.87084,0.91098,0.03302,0.00792,-0.00047,0.79859,0.70734,-0.15965,-0.10536,0.00357,5.28474,5.39650
32.4554,0.00076,-0.31813,0.00076,-0.31813,-0.00067,-0.31740,-0.92957,2.51815,-0.92891,2.83555,-0.92891,2.83555,0.00000,0.00000,16,0.00031,-0.14880,-0.13088,-0.00839,3.30632,3.29299,-0.14124,-0.11724,-0.00496,2.36070,2.28551,-0.07641,-0.04831,0.00152,2.72820,2.62187,-0.16644,-0.19620,0.00976,0.77236,0.76777,0.03342,0.00792,0.00075,0.70594,0.72886,-0.16002,-0.10537,0.00187,5.38589,5.50199
32.5577,0.00244,-0.31986,0.00244,-0.31986,0.00129,-0.31830,-0.92957,2.52769,-0.93086,2.84599,-0.93086,2.84599,0.00000,0.00000,16,0.00041,-0.14920,-0.13160,-0.00810,3.31461,3.31914,-0.14137,-0.11780,-0.01299,2.33655,2.26871,-0.07646,-0.04863,0.00159,2.74649,2.68721,-0.16597,-0.19609,-0.00295,0.71287,0.61333,0.03387,0.00794,-0.00635,0.62206,0.65034,-0.16036,-0.10538,0.00164,5.53706,5.43438
32.6598,0.00797,-0.32100,0.00797,-0.32100,0.00525,-0.32001,-0.92957,2.53726,-0.93482,2.85727,-0.93482,2.85727,0.00000,0.00000,16,0.00036,-0.14959,-0.13242,-0.00649,3.30188,3.32521,-0.14160,-0.11871,-0.01157,2.33838,2.35662,-0.07660,-0.04900,-0.00240,2.80793,2.68228,-0.16544,-0.19597,-0.00260,0.62243,0.62985,0.03440,0.00799,0.00547,0.60389,0.58289,-0.16068,-0.10542,-0.01137,5.62752,5.59858
32.7606,0.01414,-0.32391,0.01414,-0.32391,0.01089,-0.32232,-0.92957,2.54690,-0.94046,2.86922,-0.94046,2.86922,0.00000,0.00000,16,0.00035,-0.14997,-0.13357,-0.00682,3.27747,3.42508,-0.14192,-0.12027,-0.01586,2.31192,2.27522,-0.07681,-0.04943,-0.00129,2.81050,2.82407,-0.16484,-0.19585,-0.00201,0.50619,0.55635,0.03500,0.00805,-0.00623,0.45237,0.51060,-0.16099,-0.10542,0.00351,5.76253,5.90655
32.8634,0.02318,-0.32337,0.02318,-0.32337,0.01970,-0.32329,-0.92957,2.55660,-0.94928,2.87989,-0.94928,2.87989,0.00000,0.00000,16,0.00030,-0.15024,-0.13529,-0.01748,3.21970,3.21024,-0.14237,-0.12218,-0.01416,2.26074,2.30571,-0.07717,-0.04993,-0.00073,2.88022,2.76738,-0.16423,-0.19565,0.00378,0.43284,0.58565,0.03564,0.00827,-0.00100,0.38821,0.42051,-0.16116,-0.10546,-0.00534,5.84283,5.84309
32.9647,0.03227,-0.32767,0.03227,-0.32767,0.02841,-0.32491,-0.93032,2.56631,-0.95873,2.89122,-0.95873,2.89122,0.00000,0.00000,0,0.00044,-0.15053,-0.13782,-0.02673,3.12003,3.12822,-0.14286,-0.12348,-0.00894,2.26655,2.28955,-0.07755,-0.05054,-0.00807,2.88564,2.75447,-0.16359,-0.19549,0.00399,0.35314,0.42029,0.03631,0.00847,0.00855,0.33463,0.35346,-0.16134,-0.10543,0.01181,5.96748,5.99215
33.0655,0.04656,-0.33506,0.04656,-0.33506,0.03998,-0.33165,-0.93136,2.57618,-0.97134,2.90783,-0.97134,2.90783,0.00000,0.00000,0,0.00045,-0.15097,-0.14139,-0.04220,2.83574,2.92099,-0.14352,-0.12432,-0.01579,2.27203,2.10145,-0.07806,-0.05135,-0.00670,2.92517,2.86606,-0.16266,-0.19523,0.01100,0.27524,0.30363,0.03727,0.00868,0.00508,0.20751,0.24454,-0.16164,-0.10544,0.01087,5.96654,6.02981
33.1678,0.06169,-0.34194,0.06169,-0.34194,0.05578,-0.34006,-0.93285,2.58630,-0.98864,2.92636,-0.98864,2.92636,0.00000,0.00000,0,0.00031,-0.15139,-0.14411,-0.02088,2.78427,2.72450,-0.14440,-0.12507,-0.00599,2.30648,2.33431,-0.07877,-0.05265,-0.01026,2.92702,2.71469,-0.16157,-0.19485,0.00857,0.15972,0.17485,0.03843,0.00900,-0.00566,0.10173,0.13322,-0.16189,-0.10548,-0.00250,5.95906,6.07343
33.2690,0.06952,-0.32943,0.06952,-0.32943,0.06583,-0.33506,-0.93473,2.59645,-1.00056,2.93151,-1.00056,2.93151,0.00000,0.00000,0,0.00028,-0.15136,-0.14535,-0.01683,2.74950,2.68237,-0.14498,-0.12570,0.00109,2.37407,2.34536,-0.07928,-0.05543,-0.05030,2.71549,2.75238,-0.16113,-0.19451,0.00589,0.11351,0.11118,0.03893,0.00926,-0.00015,0.07071,0.07357,-0.16178,-0.10546,0.00399,5.94786,6.00535
33.3700,0.07637,-0.29344,0.07637,-0.29344,0.07300,-0.30951,-0.93683,2.60610,-1.00982,2.91562,-1.00982,2.91562,0.00000,0.00000,0,0.00027,-0.15051,-0.14593,-0.00965,2.66157,2.74955,-0.14535,-0.12629,-0.01222,2.36299,2.52219,-0.07976,-0.06140,-0.04848,2.41842,2.41297,-0.16160,-0.19431,0.00159,0.10783,0.07052,0.03856,0.00939,-0.00497,0.00380,0.06041,-0.16094,-0.10548,-0.00284,5.90139,5.96049
33.4709,0.08205,-0.27374,0.08205,-0.27374,0.08004,-0.28250,-0.93915,2.61486,-1.01919,2.89736,-1.01919,2.89736,0.00000,0.00000,0,0.00035,-0.14956,-0.14628,-0.00381,2.60687,2.54317,-0.14571,-0.12683,-0.00775,2.40708,2.43550,-0.08025,-0.06386,-0.01266,2.45409,2.31262,-0.16216,-0.19425,-0.00081,0.08678,0.06939,0.03811,0.00948,0.00395,0.04443,-0.09444,-0.16001,-0.10547,-0.00019,5.97831,6.12436
33.5724,0.08361,-0.26401,0.08361,-0.26401,0.08333,-0.26878,-0.94162,2.62307,-1.02496,2.89184,-1.02496,2.89184,0.00000,0.00000,0,0.00031,-0.14921,-0.14653,-0.01210,2.56405,2.59220,-0.14595,-0.12743,-0.00360,2.43792,2.45917,-0.08053,-0.06556,-0.02673,2.35597,2.43422,-0.16227,-0.19412,-0.00041,0.03738,0.01688,0.03805,0.00955,0.00882,-0.01956,-0.01814,-0.15965,-0.10550,-0.01030,5.93774,5.93405
33.6738,0.08257,-0.24812,0.08257,-0.24812,0.08267,-0.25530,-0.94410,2.63090,-1.02676,2.88620,-1.02676,2.88620,0.00000,0.00000,0,0.00029,-0.14894,-0.14673,0.00473,2.58056,2.48048,-0.14602,-0.12794,-0.00563,2.42757,2.44004,-0.08063,-0.06781,-0.03481,2.19244,2.21734,-0.16247,-0.19395,-0.00326,-0.04532,-0.03540,0.03788,0.00962,0.00522,-0.06700,-0.13829,-0.15939,-0.10548,-0.00080,5.93614,5.80630
33.7765,0.08827,-0.21882,0.08827,-0.21882,0.08567,-0.23242,-0.94662,2.63818,-1.03229,2.87060,-1.03229,2.87060,0.00000,0.00000,0,0.00078,-0.14817,-0.14691,0.00626,2.54687,2.73649,-0.14621,-0.12851,-0.00533,2.42117,2.80504,-0.08094,-0.07145,-0.03188,2.02169,2.04765,-0.16300,-0.19375,0.00831,-0.02141,-0.01885,0.03743,0.00972,-0.00437,-0.08729,-0.06047,-0.15866,-0.10546,0.00830,5.96777,5.82040
33.8771,0.09248,-0.19918,0.09248,-0.19918,0.09084,-0.20879,-0.94929,2.64471,-1.04013,2.85350,-1.04013,2.85350,0.00000,0.00000,0,0.00028,-0.14729,-0.14701,-0.00825,2.43638,2.50817,-0.14651,-0.12940,-0.01254,2.38517,2.32164,-0.08136,-0.07404,-0.00521,1.98495,2.03882,-0.16354,-0.19367,0.00260,-0.03359,0.04415,0.03698,0.00979,0.00440,-0.10269,-0.06436,-0.15782,-0.10549,-0.00405,5.95300,5.89671
33.9795,0.09346,-0.18417,0.09346,-0.18417,0.09324,-0.19079,-0.95207,2.65062,-1.04531,2.84142,-1.04531,2.84142,0.00000,0.00000,0,0.00029,-0.14668,-0.14706,0.00171,2.39811,2.42312,-0.14670,-0.13103,-0.01768,2.31846,2.42943,-0.08163,-0.07487,0.00041,1.98656,1.91112,-0.16394,-0.19359,0.00322,-0.05230,-0.01969,0.03665,0.00986,-0.00041,-0.14294,-0.09215,-0.15723,-0.10549,-0.00464,5.92653,5.89912
34.0804,0.09166,-0.15245,0.09166,-0.15245,0.09335,-0.16789,-0.95488,2.65599,-1.04823,2.82388,-1.04823,2.82388,0.00000,0.00000,0,0.00030,-0.14589,-0.14707,0.00160,2.37517,2.37664,-0.14676,-0.13538,-0.04270,2.03541,1.93117,-0.08183,-0.07540,-0.01196,1.95877,1.91978,-0.16459,-0.19349,0.00018,-0.08384,-0.09520,0.03606,0.00993,-0.00702,-0.15202,-0.14470,-0.15649,-0.10550,-0.00400,5.96672,6.03099
34.1833,0.09665,-0.13047,0.09665,-0.13047,0.09571,-0.14055,-0.95771,2.66050,-1.05342,2.80105,-1.05342,2.80105,0.00000,0.00000,0,0.00030,-0.14483,-0.14706,0.00915,2.31116,2.36106,-0.14691,-0.13824,-0.02123,1.94437,2.04327,-0.08215,-0.07579,-0.00269,1.97087,2.04866,-0.16543,-0.19347,-0.00659,-0.08647,0.02175,0.03532,0.00999,-0.00250,-0.11223,0.00775,-0.15550,-0.10549,-0.00088,5.96483,5.94427
34.2864,0.09640,-0.12008,0.09640,-0.12008,0.09627,-0.12554,-0.96059,2.66443,-1.05686,2.78996,-1.05686,2.78996,0.00000,0.00000,0,0.00036,-0.14430,-0.14707,0.00009,2.24181,2.22006,-0.14703,-0.13932,-0.00598,1.93142,2.03991,-0.08235,-0.07616,-0.00326,1.96780,1.87199,-0.16581,-0.19341,-0.00439,-0.10317,-0.12526,0.03499,0.01003,-0.00983,-0.14530,-0.07534,-0.15499,-0.10549,-0.00260,5.96702,6.16903
34.3877,0.09653,-0.11251,0.09653,-0.11251,0.09655,-0.11570,-0.96349,2.66800,-1.06004,2.78370,-1.06004,2.78370,0.00000,0.00000,0,0.00045,-0.14397,-0.14709,-0.00481,2.22235,2.33520,-0.14715,-0.13977,0.00070,1.93660,1.96635,-0.08251,-0.07648,0.00119,1.97740,1.98044,-0.16601,-0.19330,-0.00113,-0.14000,-0.05040,0.03483,0.01009,-0.00519,-0.19474,-0.20015,-0.15467,-0.10549,0.00043,5.96361,5.86713
34.4879,0.10002,-0.10871,0.10002,-0.10871,0.09939,-0.11022,-0.96644,2.67136,-1.06582,2.78159,-1.06582,2.78159,0.00000,0.00000,0,0.00027,-0.14376,-0.14707,-0.00026,2.19816,2.09562,-0.14741,-0.14005,0.00103,1.96122,1.94352,-0.08278,-0.07675,-0.00769,1.98640,2.09944,-0.16598,-0.19311,0.00809,-0.15463,-0.18923,0.03490,0.01023,0.00558,-0.23046,-0.26794,-0.15444,-0.10550,-0.00478,5.92666,5.90622
34.5892,0.10258,-0.10615,0.10258,-0.10615,0.10188,-0.10734,-0.96947,2.67462,-1.07135,2.78196,-1.07135,2.78196,0.00000,0.00000,0,0.00030,-0.14367,-0.14706,0.00429,2.20737,2.22091,-0.14767,-0.14031,-0.01382,1.95332,2.05104,-0.08303,-0.07697,0.00093,2.01272,1.98153,-0.16586,-0.19291,-0.00561,-0.23499,-0.23485,0.03506,0.01044,0.00659,-0.25354,-0.25484,-0.15431,-0.10551,-0.00670,5.93695,5.76555
34.6905,0.10109,-0.10134,0.10109,-0.10134,0.10126,-0.10362,-0.97251,2.67778,-1.07377,2.78140,-1.07377,2.78140,0.00000,0.00000,0,0.00035,-0.14359,-0.14707,-0.00219,2.20968,2.26402,-0.14778,-0.14049,-0.00877,1.97691,1.96481,-0.08314,-0.07715,-0.00278,1.99827,1.98072,-0.16583,-0.19266,-0.00022,-0.24810,-0.26920,0.03510,0.01067,0.00091,-0.28080,-0.20368,-0.15423,-0.10550,-0.00272,5.94962,5.82248
34.7907,0.10447,-0.09992,-0.89553,-0.09992,-0.40708,-0.10060,-1.02088,2.68083,-0.61380,2.78143,-0.61380,2.78143,1.00000,0.00000,0,0.00026,-0.15291,-0.14704,0.01225,2.22440,2.14485,-0.12631,-0.14061,-0.00733,1.99367,2.05527,-0.06242,-0.07734,-0.00742,1.98676,2.04271,-0.17478,-0.19236,0.00148,-0.30768,-0.31616,0.02321,0.01090,0.00307,-0.34166,-0.34728,-0.16614,-0.10550,-0.00419,5.93525,5.81708
34.8923,0.12189,-0.11846,-0.87811,-0.11846,-0.80696,-0.10699,-0.99974,2.68389,-0.19278,2.79088,-0.19278,2.79088,1.00000,0.00000,0,0.00036,-0.16182,-0.15311,-0.04336,3.07561,3.06949,-0.10671,-0.13631,0.04724,-0.80866,-0.87232,-0.04344,-0.07334,0.07514,-0.60462,-0.59133,-0.18256,-0.19268,-0.00552,0.94682,1.02661,0.01265,0.01087,0.00967,1.37711,1.28390,-0.17744,-0.10550,-0.00339,5.95646,5.90353
34.9937,0.14370,-0.14426,-0.85630,-0.14426,-0.85254,-0.13644,-0.97444,2.68771,-0.12190,2.82414,-0.12190,2.82414,1.00000,0.00000,0,0.00033,-0.16465,-0.15617,-0.00418,2.98204,2.90250,-0.10353,-0.13616,-0.00340,-0.65800,-0.61557,-0.04014,-0.07277,0.00663,-0.48443,-0.50301,-0.18257,-0.19268,-0.00677,0.66695,0.70997,0.01208,0.01085,0.00425,1.07930,1.26978,-0.18053,-0.10550,0.00388,5.95637,5.95460
35.0961,0.14871,-0.15195,-0.85129,-0.15195,-0.85215,-0.14729,-0.94887,2.69201,-0.09671,2.83930,-0.09671,2.83930,1.00000,0.00000,0,0.00037,-0.16579,-0.15685,-0.00149,2.98089,3.04780,-0.10241,-0.13616,-0.00195,-0.71603,-0.61564,-0.03895,-0.07276,-0.00355,-0.58594,-0.63167,-0.18244,-0.19266,-0.00247,0.64611,0.58784,0.01200,0.01083,-0.00598,1.04704,1.00598,-0.18176,-0.10552,-0.00816,5.91301,6.06405
35.1984,0.15712,-0.15035,-0.84288,-0.15035,-0.84566,-0.15012,-0.92343,2.69649,-0.07776,2.84661,-0.07776,2.84661,1.00000,0.00000,0,0.00028,-0.16648,-0.15730,-0.01354,3.02328,3.07279,-0.10156,-0.13613,0.00021,-0.80062,-0.75509,-0.03807,-0.07265,-0.00473,-0.72892,-0.65768,-0.18250,-0.19265,0.00255,0.62223,0.59345,0.01179,0.01084,-0.00100,1.07914,1.05493,-0.18252,-0.10550,0.00282,5.97906,5.81662
35.2995,0.15794,-0.15263,-0.84206,-0.15263,-0.84358,-0.15177,-0.89809,2.70102,-0.05451,2.85279,-0.05451,2.85279,1.00000,0.00000,0,0.00029,-0.16721,-0.15755,-0.00168,3.06455,3.16092,-0.10050,-0.13596,0.00290,-0.91949,-0.98829,-0.03701,-0.07241,0.00478,-0.79034,-0.73233,-0.18270,-0.19265,0.00428,0.62757,0.46863,0.01142,0.01085,0.00452,1.09476,1.11334,-0.18336,-0.10550,0.00377,5.98818,6.14228
35.4019,0.16019,-0.15805,-0.83981,-0.15805,-0.84094,-0.15578,-0.87283,2.70564,-0.03190,2.86141,-0.03190,2.86141,1.00000,0.00000,0,0.00041,-0.16803,-0.15787,-0.01035,3.11638,3.13914,-0.09948,-0.13530,0.02079,-0.95511,-0.94883,-0.03596,-0.07156,0.01162,-0.84066,-0.80206,-0.18279,-0.19265,0.00553,0.61845,0.61476,0.01116,0.01085,0.00108,1.09582,1.04115,-0.18428,-0.10551,0.00287,5.98677,5.88296
35.5046,0.16605,-0.16296,-0.83395,-0.16296,-0.83686,-0.16093,-0.84767,2.71041,-0.01081,2.87133,-0.01081,2.87133,1.00000,0.00000,0,0.00047,-0.16887,-0.15813,-0.00710,3.20175,3.19249,-0.09853,-0.13426,0.02494,-1.00121,-0.98318,-0.03498,-0.07065,0.00779,-0.93117,-0.87566,-0.18279,-0.19265,0.00629,0.59933,0.55353,0.01099,0.01084,-0.00155,1.12199,0.92789,-0.18520,-0.10550,0.00102,5.95945,6.05395
35.6055,0.16481,-0.17959,-0.83519,-0.17959,-0.83405,-0.17171,-0.82264,2.71540,0.01140,2.88711,0.01140,2.88711,1.00000,0.00000,0,0.00031,-0.16998,-0.15838,-0.00310,3.23768,3.24745,-0.09756,-0.13249,0.03763,-0.96974,-0.97831,-0.03393,-0.06804,0.06384,-0.74301,-0.84638,-0.18257,-0.19265,0.00343,0.55770,0.54525,0.01101,0.01083,-0.00620,1.09938,1.20183,-0.18637,-0.10549,0.01105,5.99400,5.94372
35.7061,0.15535,-0.25274,-0.84465,-0.25274,-0.83940,-0.22534,-0.79757,2.72138,0.04183,2.94672,0.04183,2.94672,1.00000,0.00000,0,0.00039,-0.17310,-0.15880,-0.00713,3.40119,3.53262,-0.09636,-0.12732,0.01091,-0.83992,-0.70035,-0.03236,-0.06017,0.01089,-0.53541,-0.44739,-0.18072,-0.19264,0.00471,0.44937,0.40713,0.01249,0.01085,0.00467,1.03332,0.98705,-0.18940,-0.10552,-0.00026,5.95838,5.98422
35.8077,0.16085,-0.27506,-0.83915,-0.27506,-0.83877,-0.26142,-0.77239,2.72882,0.06638,2.99025,0.06638,2.99025,1.00000,0.00000,0,0.00039,-0.17542,-0.15974,-0.01105,3.55358,3.52749,-0.09538,-0.12556,0.00790,-0.88455,-0.92350,-0.03111,-0.05799,0.03206,-0.51146,-0.58466,-0.17941,-0.19262,-0.00180,0.26057,0.47259,0.01351,0.01083,-0.00324,0.92683,0.93772,-0.19168,-0.10553,-0.00374,5.94723,6.12533
35.9088,0.16665,-0.32323,-0.83335,-0.32323,-0.83471,-0.29626,-0.74729,2.73721,0.08741,3.03348,0.08741,3.03348,1.00000,0.00000,0,0.00032,-0.17766,-0.16048,-0.00302,3.66588,3.70980,-0.09457,-0.12427,0.02187,-0.85959,-0.84583,-0.03002,-0.04691,0.20101,0.59242,0.29421,-0.17805,-0.19261,-0.00444,0.20351,0.28135,0.01462,0.01086,0.00839,0.88962,1.05582,-0.19385,-0.10552,0.00536,5.97225,5.81136
36.0099,0.15024,-0.40842,-0.84976,-0.40842,-0.84934,-0.37905,-0.72193,2.74774,0.12740,3.12679,0.12740,3.12679,1.00000,0.00000,0,0.00029,-0.18239,-0.16185,-0.01795,3.94162,3.89832,-0.09306,-0.12066,0.10082,-0.56006,-0.55516,-0.02792,-0.04145,0.00799,0.15964,0.18779,-0.17501,-0.19251,-0.00140,-0.04590,0.02497,0.01713,0.01086,0.00383,0.68139,0.76461,-0.19840,-0.10555,-0.00529,5.96155,5.89635
36.1109,0.16561,-0.49630,-0.83439,-0.49630,-0.84305,-0.46667,-0.69650,2.76073,0.14655,3.22740,0.14655,3.22740,1.00000,0.00000,0,0.00034,-0.18700,-0.16318,-0.01783,4.20093,4.21669,-0.09255,-0.10903,0.04053,-0.09486,-0.09933,-0.02672,-0.04032,0.00317,0.14016,0.18622,-0.17126,-0.19237,0.00125,-0.31347,-0.33533,0.02047,0.01086,0.00658,0.48611,0.51387,-0.20268,-0.10554,-0.00552,5.96872,6.03940
36.2140,0.16437,-0.52888,-0.83563,-0.52888,-0.83923,-0.51007,-0.67127,2.77555,0.16796,3.28562,0.16796,3.28562,1.00000,0.00000,0,0.00033,-0.18988,-0.16401,-0.00653,4.36993,4.31406,-0.09177,-0.10473,0.07564,0.20504,0.12980,-0.02557,-0.03992,0.00074,0.07659,0.02334,-0.16930,-0.19198,0.00434,-0.41282,-0.54192,0.02213,0.01085,0.00349,0.34943,0.43841,-0.20542,-0.10553,0.00163,5.98527,5.99039
36.3155,0.16382,-0.55358,-0.83618,-0.55358,-0.83704,-0.54287,-0.64615,2.79150,0.19088,3.33437,0.19088,3.33437,1.00000,0.00000,0,0.00045,-0.19239,-0.16476,-0.00847,4.47739,4.63049,-0.09088,-0.10278,0.01403,0.06097,0.11324,-0.02438,-0.03957,-0.00075,-0.01649,-0.04122,-0.16775,-0.19120,0.01283,-0.48384,-0.45124,0.02339,0.01085,-0.00341,0.25940,0.35617,-0.20785,-0.10554,0.00260,5.98951,5.93568
36.4162,0.16119,-0.56511,-0.83881,-0.56511,-0.83783,-0.55909,-0.62103,2.80810,0.21680,3.36719,0.21680,3.36719,1.00000,0.00000,0,0.00026,-0.19430,-0.16549,-0.00843,4.58726,4.33749,-0.08979,-0.10195,0.01082,0.03482,0.09159,-0.02312,-0.03914,0.00910,-0.06769,-0.04663,-0.16690,-0.19062,0.00179,-0.51913,-0.53009,0.02397,0.01086,0.00285,0.20801,0.15371,-0.20976,-0.10557,-0.01315,5.93120,6.01481
36.5193,0.16673,-0.58022,-0.83327,-0.58022,-0.83589,-0.57352,-0.59591,2.82515,0.23998,3.39867,0.23998,3.39867,1.00000,0.00000,0,0.00030,-0.19609,-0.16621,0.00330,4.74716,4.61880,-0.08883,-0.10121,0.00565,-0.01576,0.07869,-0.02198,-0.03877,0.00731,-0.15179,-0.19125,-0.16607,-0.19025,0.00273,-0.61510,-0.63535,0.02456,0.01087,0.00475,0.16464,0.26950,-0.21154,-0.10553,0.00227,5.95740,6.03323
36.6206,0.16792,-0.58839,-0.83208,-0.58839,-0.83270,-0.58444,-0.57089,2.84256,0.26181,3.42700,0.26181,3.42700,1.00000,0.00000,0,0.00093,-0.19772,-0.16699,-0.01234,4.81685,4.92147,-0.08792,-0.10066,-0.00057,-0.07710,-0.06781,-0.02091,-0.03850,0.00035,-0.23602,-0.19947,-0.16533,-0.18973,-0.00169,-0.70367,-0.56402,0.02508,0.01086,0.00424,0.09921,0.00063,-0.21318,-0.10553,0.00536,5.97403,5.88635
36.7205,0.17155,-0.59517,-0.82845,-0.59517,-0.83013,-0.59197,-0.54595,2.86023,0.28418,3.45220,0.28418,3.45220,1.00000,0.00000,0,0.00036,-0.19923,-0.16782,-0.01389,4.91832,4.96618,-0.08696,-0.10015,0.00828,-0.12096,0.00563,-0.01982,-0.03814,0.00560,-0.30748,-0.39361,-0.16473,-0.18932,-0.00390,-0.76692,-0.74401,0.02545,0.01086,-0.00546,0.09389,0.03432,-0.21471,-0.10555,-0.00371,5.97225,5.95239
36.8220,0.17543,-0.60110,-0.82457,-0.60110,-0.82696,-0.59820,-0.52109,2.87811,0.30587,3.47631,0.30587,3.47631,1.00000,0.00000,0,0.00027,-0.20069,-0.16878,-0.00926,5.02937,4.90206,-0.08604,-0.09965,0.01645,-0.17499,-0.12116,-0.01878,-0.03775,0.00788,-0.39703,-0.25046,-0.16416,-0.18897,0.00487,-0.77872,-0.73464,0.02581,0.01087,-0.00157,0.02004,0.03169,-0.21618,-0.10554,-0.00055,5.95721,5.89877
36.9239,0.17694,-0.61398,-0.82306,-0.61398,-0.82365,-0.60846,-0.49635,2.89623,0.32730,3.50469,0.32730,3.50469,1.00000,0.00000,0,0.00073,-0.20231,-0.17001,-0.01394,5.09289,5.10166,-0.08515,-0.09925,0.00480,-0.23118,-0.27808,-0.01772,-0.03738,0.00385,-0.44946,-0.54788,-0.16342,-0.18862,0.00606,-0.85369,-0.88555,0.02633,0.01088,0.00309,-0.05117,-0.12876,-0.21780,-0.10556,-0.00460,5.97484,5.91292
37.0239,0.18209,-0.62587,-0.81791,-0.62587,-0.82056,-0.62017,-0.47169,2.91469,0.34887,3.53486,0.34887,3.53486,1.00000,0.00000,0,0.00029,-0.20402,-0.17141,-0.01482,5.17260,5.03813,-0.08425,-0.09888,0.00039,-0.32001,-0.23394,-0.01666,-0.03703,0.00325,-0.54547,-0.60851,-0.16260,-0.18815,-0.00394,-0.92968,-0.93813,0.02692,0.01085,-0.00755,-0.13391,-0.08771,-0.21949,-0.10555,-0.00047,5.96532,6.17536
37.1255,0.18782,-0.63387,-0.81218,-0.63387,-0.81485,-0.62999,-0.44718,2.93348,0.36767,3.56347,0.36767,3.56347,1.00000,0.00000,0,0.00033,-0.20560,-0.17293,-0.01140,5.24767,5.19347,-0.08348,-0.09847,0.00244,-0.36541,-0.40221,-0.01573,-0.03673,0.00032,-0.63498,-0.48133,-0.16180,-0.18765,0.00259,-0.99410,-0.86338,0.02752,0.01088,0.00659,-0.17318,-0.30188,-0.22106,-0.10554,0.00680,5.96661,5.95148
37.2282,0.19431,-0.64495,-0.80569,-0.64495,-0.80870,-0.63957,-0.42285,2.95254,0.38586,3.59211,0.38586,3.59211,1.00000,0.00000,0,0.00026,-0.20718,-0.17432,-0.01293,5.32251,5.36349,-0.08274,-0.09812,0.00334,-0.39022,-0.29333,-0.01483,-0.03637,0.00713,-0.69144,-0.71769,-0.16098,-0.18721,0.00822,-1.05048,-0.95725,0.02814,0.01089,0.00638,-0.26454,-0.19371,-0.22261,-0.10554,0.00661,5.97070,5.84294
37.3309,0.19901,-0.65130,-0.80099,-0.65130,-0.80197,-0.64804,-0.39873,2.97189,0.40325,3.61993,0.40325,3.61993,1.00000,0.00000,0,0.00113,-0.20870,-0.17546,-0.01426,5.41132,5.45127,-0.08203,-0.09784,0.00344,-0.45534,-0.35058,-0.01396,-0.03591,-0.00101,-0.75643,-0.69030,-0.16018,-0.18676,0.01584,-1.12083,-1.17716,0.02874,0.01089,0.00064,-0.35680,-0.25680,-0.22410,-0.10556,-0.00222,5.97308,5.96825
37.4311,0.20149,-0.65672,-0.79851,-0.65672,-0.79975,-0.65333,-0.37471,2.99142,0.42505,3.64475,0.42505,3.64475,1.00000,0.00000,0,0.00047,-0.21018,-0.17650,-0.00798,5.48134,5.53517,-0.08110,-0.09740,0.00547,-0.50482,-0.46639,-0.01291,-0.03548,-0.00706,-0.86463,-0.89266,-0.15958,-0.18631,0.00217,-1.17100,-1.12542,0.02912,0.01090,0.00224,-0.39787,-0.29275,-0.22560,-0.10556,-0.00009,5.95251,6.10414
37.5323,0.20261,-0.66582,-0.79739,-0.66582,-0.79789,-0.66194,-0.35075,3.01118,0.44715,3.67312,0.44715,3.67312,1.00000,0.00000,0,0.00029,-0.21183,-0.17752,-0.00401,5.57461,5.57909,-0.08017,-0.09674,0.01074,-0.54308,-0.55129,-0.01183,-0.03513,0.00132,-0.92822,-0.97190,-0.15885,-0.18588,0.00811,-1.22107,-1.20259,0.02963,0.01099,0.00630,-0.43364,-0.37999,-0.22724,-0.10557,-0.00326,5.96029,5.97064
37.6339,0.20551,-0.67699,-0.79449,-0.67699,-0.79607,-0.67115,-0.32685,3.03119,0.46922,3.70234,0.46922,3.70234,1.00000,0.00000,0,0.00032,-0.21350,-0.17865,-0.01386,5.65361,5.55539,-0.07925,-0.09580,0.01437,-0.55002,-0.50843,-0.01075,-0.03459,0.01319,-0.97844,-0.93386,-0.15808,-0.18535,0.00603,-1.29740,-1.17339,0.03016,0.01166,0.00661,-0.45291,-0.41070,-0.22891,-0.10557,-0.00274,5.95330,5.99596
37.7353,0.20448,-0.69892,-0.79552,-0.69892,-0.79421,-0.68858,-0.30301,3.05160,0.49121,3.74019,0.49121,3.74019,1.00000,0.00000,0,0.00039,-0.21554,-0.18028,-0.01616,5.71377,5.85984,-0.07836,-0.09282,0.03501,-0.38505,-0.46680,-0.00965,-0.03409,0.00352,-1.06143,-1.02062,-0.15696,-0.18484,0.00314,-1.40167,-1.41052,0.03103,0.01214,0.00465,-0.56269,-0.43104,-0.23090,-0.10556,-0.00075,5.96450,5.85484
37.8364,0.23090,-0.71963,0.23090,-0.71963,-0.02409,-0.71149,-0.24425,3.07269,-0.22015,3.78418,-0.22015,3.78418,0.00000,0.00000,0,0.00040,-0.20299,-0.18135,0.00935,4.83196,4.77627,-0.11185,-0.09517,-0.21363,1.57363,1.44139,-0.04125,-0.03523,-0.02455,1.40446,0.92040,-0.14148,-0.17412,0.44715,-0.77827,-0.93698,0.05123,0.02112,0.32367,-0.73402,-0.66495,-0.21406,-0.10556,0.00621,5.94982,5.76384
37.9375,0.55279,-0.55542,0.55279,-0.55542,0.40929,-0.60213,-0.25194,3.09222,-0.66123,3.69435,-0.66123,3.69435,0.00000,0.00000,0,0.00037,-0.19026,-0.18093,-0.00456,4.14593,4.13091,-0.13218,-0.10038,-0.02749,2.72988,2.65704,-0.06127,-0.03763,-0.02647,2.22102,2.28338,-0.13662,-0.15397,0.00638,-0.91807,-0.97991,0.05925,0.04581,0.03115,-0.34678,-0.18938,-0.19925,-0.10557,0.00398,5.94124,5.95925
38.0397,0.55999,-0.54444,0.55999,-0.54444,0.53988,-0.56368,-0.26709,3.10965,-0.80697,3.67333,-0.80697,3.67333,0.00000,0.00000,0,0.00026,-0.18642,-0.18083,-0.00107,3.94964,3.83464,-0.13893,-0.10202,-0.01649,2.88135,2.94959,-0.06787,-0.03879,-0.00627,2.41097,2.38969,-0.13466,-0.15366,-0.00589,-1.03356,-0.90362,0.06222,0.04715,0.00986,-0.44625,-0.42955,-0.19470,-0.10559,-0.00272,5.94729,5.88468
38.1403,0.56892,-0.55030,0.56892,-0.55030,0.56518,-0.55489,-0.28381,3.12646,-0.84899,3.68135,-0.84899,3.68135,0.00000,0.00000,0,0.00032,-0.18590,-0.18086,-0.01157,3.99136,4.00857,-0.14093,-0.10256,-0.00777,2.90352,2.96067,-0.06972,-0.03914,-0.00498,2.42382,2.43693,-0.13352,-0.15350,0.00454,-1.08072,-1.13401,0.06361,0.04755,-0.00936,-0.48111,-0.57107,-0.19391,-0.10560,0.00064,5.94557,6.04249
38.2407,0.56819,-0.54877,0.56819,-0.54877,0.56831,-0.55213,-0.30081,3.14306,-0.86912,3.69520,-0.86912,3.69520,0.00000,0.00000,0,0.00028,-0.18607,-0.18087,-0.00886,4.04193,3.90595,-0.14193,-0.10297,-0.00382,2.99926,2.88103,-0.07057,-0.03936,-0.00375,2.47371,2.37801,-0.13257,-0.15329,0.00168,-1.19408,-1.11154,0.06466,0.04779,0.00403,-0.52954,-0.59203,-0.19391,-0.10560,-0.00023,5.94439,5.95864
38.3426,0.56850,-0.54732,0.56850,-0.54732,0.56892,-0.54860,-0.31788,3.15957,-0.88680,3.70817,-0.88680,3.70817,0.00000,0.00000,0,0.00027,-0.18626,-0.18083,0.01080,4.11062,3.98213,-0.14282,-0.10367,-0.01455,3.08610,3.07589,-0.07131,-0.03958,-0.00482,2.56557,2.49203,-0.13170,-0.15293,0.00600,-1.24075,-1.20096,0.06561,0.04822,0.00447,-0.61412,-0.52081,-0.19394,-0.10562,-0.00706,5.95034,5.84944
38.4455,0.57334,-0.54300,0.57334,-0.54300,0.57211,-0.54487,-0.33501,3.17595,-0.90712,3.72082,-0.90712,3.72082,0.00000,0.00000,0,0.00037,-0.18638,-0.18088,-0.00076,4.09471,4.21578,-0.14382,-0.10424,-0.01529,3.20201,3.16830,-0.07217,-0.03984,-0.00328,2.69425,2.71853,-0.13080,-0.15264,0.00773,-1.29164,-1.28022,0.06662,0.04891,0.00685,-0.65371,-0.68433,-0.19389,-0.10563,-0.00158,5.95539,6.06693
38.5470,0.58101,-0.53492,0.58101,-0.53492,0.57822,-0.53795,-0.35227,3.19218,-0.93049,3.73012,-0.93049,3.73012,0.00000,0.00000,0,0.00029,-0.18629,-0.18088,-0.00078,4.10286,4.17822,-0.14496,-0.10525,-0.02306,3.24030,3.31291,-0.07319,-0.04011,-0.00599,2.78667,2.75865,-0.12997,-0.15210,0.00571,-1.36145,-1.39149,0.06758,0.04959,0.00276,-0.73722,-0.63170,-0.19364,-0.10565,0.00378,5.97946,6.01252
38.6477,0.59534,-0.52367,0.59534,-0.52367,0.58903,-0.52923,-0.36980,3.20818,-0.95882,3.73740,-0.95882,3.73740,0.00000,0.00000,0,0.00031,-0.18602,-0.18090,-0.01595,4.06675,4.10809,-0.14631,-0.10727,-0.03260,3.23839,3.02608,-0.07443,-0.04059,-0.01140,2.89109,2.73775,-0.12912,-0.15172,0.00405,-1.42891,-1.32669,0.06859,0.05037,-0.00426,-0.75380,-0.59087,-0.19318,-0.10566,0.00278,5.95944,5.81420
38.7497,0.60354,-0.50376,0.60354,-0.50376,0.59923,-0.51308,-0.38767,3.22377,-0.98690,3.73686,-0.98690,3.73686,0.00000,0.00000,0,0.00034,-0.18543,-0.18087,0.00183,4.04762,4.26001,-0.14763,-0.10990,-0.02340,3.25293,3.31197,-0.07568,-0.04122,-0.00406,3.00868,2.91608,-0.12860,-0.15135,0.00157,-1.48217,-1.47399,0.06929,0.05100,0.00940,-0.79656,-0.78904,-0.19244,-0.10567,0.01184,5.97634,6.04776
38.8534,0.60729,-0.48919,0.60729,-0.48919,0.60530,-0.49569,-0.40577,3.23884,-1.01107,3.73453,-1.01107,3.73453,0.00000,0.00000,0,0.00286,-0.18484,-0.18088,-0.01159,3.99160,3.78062,-0.14875,-0.11184,-0.00859,3.28150,3.28473,-0.07677,-0.04188,-0.00473,3.07665,3.18053,-0.12823,-0.15093,0.00458,-1.50836,-1.45822,0.06983,0.05140,0.00008,-0.83907,-0.82503,-0.19173,-0.10574,-0.00977,5.94172,5.97525
38.9518,0.61008,-0.46909,0.61008,-0.46909,0.60863,-0.47756,-0.42399,3.25339,-1.03263,3.73095,-1.03263,3.73095,0.00000,0.00000,0,0.00043,-0.18425,-0.18086,0.00210,3.98327,4.04794,-0.14975,-0.11368,-0.00978,3.28214,3.27208,-0.07775,-0.04269,-0.01176,3.11775,3.07931,-0.12796,-0.15055,-0.00627,-1.56682,-1.48474,0.07025,0.05170,0.00945,-0.88316,-0.84505,-0.19103,-0.10574,-0.00137,5.97104,5.89964
39.0522,0.61855,-0.44889,0.61855,-0.44889,0.61578,-0.45904,-0.44238,3.26739,-1.05816,3.72643,-1.05816,3.72643,0.00000,0.00000,0,0.00043,-0.18354,-0.18084,0.00010,3.95132,3.92648,-0.15093,-0.11565,-0.01639,3.29973,3.34012,-0.07891,-0.04412,-0.02332,3.15700,3.07477,-0.12765,-0.15017,0.00135,-1.61318,-1.41282,0.07073,0.05204,-0.00301,-0.95817,-0.95910,-0.19021,-0.10578,-0.00215,5.95323,5.95698
39.1562,0.62504,-0.41529,0.62504,-0.41529,0.62102,-0.43090,-0.46093,3.28067,-1.08195,3.71157,-1.08195,3.71157,0.00000,0.00000,0,0.00091,-0.18243,-0.18081,0.00169,3.87932,3.98645,-0.15199,-0.12014,-0.08191,3.03161,3.14804,-0.08003,-0.04610,-0.01355,3.15275,3.16576,-0.12779,-0.14979,0.00255,-1.59617,-1.57722,0.07078,0.05228,-0.00380,-0.94882,-0.92971,-0.18903,-0.10579,-0.00191,5.97183,5.92254
39.2595,0.62225,-0.35717,0.62225,-0.35717,0.62337,-0.38163,-0.47964,3.29277,-1.10301,3.67439,-1.10301,3.67439,0.00000,0.00000,0,0.00145,-0.18044,-0.18078,-0.00219,3.74048,3.61006,-0.15282,-0.12704,-0.04236,2.78667,2.85653,-0.08111,-0.04841,-0.01290,3.18371,3.08958,-0.12889,-0.14947,0.00251,-1.52431,-1.42634,0.06991,0.05240,-0.00093,-0.89263,-1.02454,-0.18709,-0.10581,-0.00285,5.97801,6.01052
39.3590,0.62795,-0.32879,0.62795,-0.32879,0.62645,-0.34316,-0.49838,3.30348,-1.12483,3.64664,-1.12483,3.64664,0.00000,0.00000,0,0.00032,-0.17883,-0.18068,0.00223,3.68122,3.50546,-0.15373,-0.12919,-0.01786,2.79668,2.91317,-0.08219,-0.05020,-0.01372,3.18245,3.25112,-0.12960,-0.14945,0.00109,-1.51398,-1.58600,0.06941,0.05241,0.00324,-0.91494,-0.89677,-0.18549,-0.10583,0.00405,5.95031,6.00066
39.4611,0.63621,-0.28141,0.63621,-0.28141,0.63327,-0.30527,-0.51730,3.31314,-1.15057,3.61841,-1.15057,3.61841,0.00000,0.00000,0,0.00051,-0.17712,-0.18062,0.00156,3.55289,3.70193,-0.15482,-0.13479,-0.08153,2.43798,2.30956,-0.08345,-0.05300,-0.04902,3.03945,3.03504,-0.13024,-0.14943,-0.01314,-1.55890,-1.55227,0.06900,0.05241,0.00458,-0.92367,-0.79684,-0.18376,-0.10586,-0.01046,5.96951,5.91495
39.5634,0.63923,-0.16881,0.63923,-0.16881,0.63579,-0.21592,-0.53633,3.32079,-1.17212,3.53671,-1.17212,3.53671,0.00000,0.00000,0,0.00028,-0.17326,-0.18038,0.01455,3.31732,3.17400,-0.15550,-0.14064,-0.01641,2.29331,2.35096,-0.08472,-0.06162,-0.07582,2.55886,2.48729,-0.13315,-0.14940,0.00045,-1.33927,-1.30301,0.06644,0.05242,0.00170,-0.75519,-0.77874,-0.18013,-0.10586,0.00055,5.89999,5.82920
39.6649,0.64857,-0.12408,0.64857,-0.12408,0.64547,-0.14795,-0.55560,3.32592,-1.20107,3.47387,-1.20107,3.47387,0.00000,0.00000,0,0.00095,-0.17003,-0.18017,-0.00489,3.08082,3.00569,-0.15659,-0.14166,-0.00559,2.37479,2.31317,-0.08626,-0.06784,-0.06238,2.34252,2.29091,-0.13514,-0.14941,0.00589,-1.25468,-1.22105,0.06479,0.05241,-0.00401,-0.68659,-0.64386,-0.17702,-0.10585,0.00319,5.84463,5.92011
39.7708,0.65920,-0.06108,0.65920,-0.06108,0.65397,-0.08719,-0.57509,3.32929,-1.22905,3.41648,-1.22905,3.41648,0.00000,0.00000,0,0.00331,-0.16705,-0.17989,0.00802,2.94394,2.95934,-0.15767,-0.14263,-0.01718,2.38021,2.33719,-0.08773,-0.07512,-0.02756,2.12625,2.40441,-0.13693,-0.14943,-0.00269,-1.20202,-1.02255,0.06332,0.05242,-0.00196,-0.63498,-0.72094,-0.17414,-0.10586,0.00514,5.82534,5.64386
39.8691,0.66019,-0.03963,0.66019,-0.03963,0.65867,-0.05189,-0.59482,3.33121,-1.25349,3.38310,-1.25349,3.38310,0.00000,0.00000,0,0.00028,-0.16516,-0.17972,-0.00752,2.75612,2.81112,-0.15867,-0.14341,-0.01077,2.40892,2.45604,-0.08895,-0.07667,-0.01132,2.16059,2.19329,-0.13781,-0.14943,-0.00077,-1.18318,-1.12430,0.06268,0.05243,0.00670,-0.59860,-0.62372,-0.17225,-0.10589,-0.01152,5.78845,5.86279
39.9695,0.65703,-0.03104,0.65703,-0.03104,0.65930,-0.03589,-0.61461,3.33243,-1.27391,3.36833,-1.27391,3.36833,0.00000,0.00000,0,0.00025,-0.16412,-0.17957,-0.00179,2.71831,2.66426,-0.15957,-0.14404,-0.00213,2.47311,2.52276,-0.08993,-0.07745,-0.00473,2.22420,2.21852,-0.13802,-0.14943,-0.00530,-1.22018,-1.21527,0.06264,0.05243,0.00937,-0.62460,-0.65071,-0.17117,-0.10587,0.00673,5.91862,5.85865
40.0723,0.66214,-0.02220,0.66214,-0.02220,0.65963,-0.02667,-0.63438,3.33335,-1.29401,3.36002,-1.29401,3.36002,0.00000,0.00000,0,0.00027,-0.16336,-0.17947,-0.00489,2.67225,2.73813,-0.16048,-0.14453,-0.00882,2.52926,2.50262,-0.09086,-0.07810,-0.00722,2.25720,2.17835,-0.13797,-0.14943,-0.00014,-1.23135,-1.24984,0.06284,0.05244,0.01078,-0.64797,-0.64212,-0.17034,-0.10591,-0.00477,5.93060,5.95833
40.1766,0.66237,-0.01330,0.66237,-0.01330,0.66158,-0.01806,-0.65420,3.33389,-1.31578,3.35194,-1.31578,3.35194,0.00000,0.00000,32,0.00143,-0.16258,-0.17935,-0.00012,2.58073,2.52968,-0.16146,-0.14495,0.00049,2.60547,2.73387,-0.09187,-0.07875,-0.01088,2.31125,2.34086,-0.13787,-0.14943,-0.00054,-1.26290,-1.13429,0.06310,0.05241,-0.00342,-0.75002,-0.60668,-0.16947,-0.10590,0.00375,5.95640,5.77123
40.2783,0.66163,-0.01134,0.66163,-0.01134,0.66108,-0.01276,-0.67404,3.33389,-1.33512,3.34665,-1.33512,3.34665,0.00000,0.00000,32,0.00038,-0.16197,-0.17922,-0.00132,2.52430,2.50989,-0.16235,-0.14532,0.00198,2.66352,2.59683,-0.09276,-0.07936,-0.00333,2.34093,2.41881,-0.13771,-0.14942,-0.00064,-1.25754,-1.17448,0.06339,0.05244,0.00505,-0.74043,-0.71294,-0.16877,-0.10589,0.00839,5.98958,6.01250
40.3787,0.66085,-0.00543,0.66085,-0.00543,0.66073,-0.00750,-0.69387,3.33389,-1.35460,3.34139,-1.35460,3.34139,0.00000,0.00000,32,0.00029,-0.16135,-0.17909,0.00722,2.49126,2.41295,-0.16324,-0.14566,0.00014,2.74109,2.84808,-0.09365,-0.07989,-0.00491,2.39175,2.38250,-0.13755,-0.14942,-0.00190,-1.32227,-1.30829,0.06369,0.05242,-0.00014,-0.80607,-0.68213,-0.16807,-0.10592,0.00022,5.98248,5.99809
40.4800,0.66133,-0.00104,0.66133,-0.00104,0.66154,-0.00324,-0.71372,3.33389,-1.37526,3.33712,-1.37526,3.33712,0.00000,0.00000,32,0.00034,-0.16075,-0.17901,0.00625,2.47880,2.44874,-0.16419,-0.14598,-0.00387,2.82043,2.88960,-0.09460,-0.08032,-0.00425,2.45155,2.60706,-0.13732,-0.14941,0.00458,-1.33483,-1.35360,0.06406,0.05241,-0.00482,-0.87003,-0.94234,-0.16738,-0.10593,-0.00214,5.95381,5.86114
40.5837,0.66051,-0.00015,0.66051,-0.00015,0.66173,-0.00070,-0.73357,3.33389,-1.39530,3.33459,-1.39530,3.33459,0.00000,0.00000,32,0.00166,-0.16024,-0.17893,0.00216,2.37302,2.34004,-0.16512,-0.14629,-0.00353,2.86098,2.71185,-0.09551,-0.08071,-0.00343,2.53749,2.54758,-0.13703,-0.14940,0.00621,-1.36691,-1.35470,0.06448,0.05243,0.00201,-0.88988,-0.91089,-0.16677,-0.10592,0.00339,5.97509,6.00530
40.6831,0.66344,0.00545,0.66344,0.00545,0.66161,0.00304,-0.75342,3.33389,-1.41504,3.33085,-1.41504,3.33085,0.00000,0.00000,32,0.00038,-0.15968,-0.17878,-0.00254,2.31789,2.25896,-0.16602,-0.14664,-0.00076,2.93950,2.95677,-0.09641,-0.08104,-0.00841,2.56091,2.48140,-0.13680,-0.14941,0.00203,-1.41705,-1.42831,0.06485,0.05241,-0.00817,-0.93814,-0.82985,-0.16612,-0.10594,0.00160,5.96570,5.99047
40.7855,0.66277,0.00852,-0.33723,0.00852,0.36314,0.00711,-0.81948,3.33389,-1.13464,3.32678,-1.18262,3.32678,1.00000,0.00000,33,0.00039,-0.16423,-0.17866,-0.00424,2.24006,2.19927,-0.15512,-0.14696,-0.00235,3.01186,3.03986,-0.08599,-0.08139,0.00494,2.65096,2.50409,-0.14148,-0.14942,-0.00716,-1.46437,-1.51054,0.05870,0.05255,-0.00151,-0.98572,-1.03549,-0.17196,-0.10596,-0.00322,5.93513,5.94341
40.8863,0.66392,0.00905,-0.33608,0.00905,-0.21951,0.00851,-0.81748,3.33389,-0.59798,3.32537,-0.59798,3.32537,1.00000,0.00000,32,0.00042,-0.17605,-0.17929,-0.00338,3.46691,3.62837,-0.12774,-0.14546,0.01419,0.19298,0.31670,-0.05976,-0.07964,0.01475,-0.05081,-0.07324,-0.15287,-0.14994,-0.00383,-0.27344,-0.30702,0.04354,0.05256,-0.00090,0.66270,0.62937,-0.18702,-0.10594,0.00922,5.99103,6.13484
40.9897,0.65902,0.00464,-0.34098,0.00464,-0.31861,0.00650,-0.80871,3.33389,-0.49010,3.32738,-0.49010,3.32738,1.00000,0.00000,32,0.00243,-0.17832,-0.17929,-0.00329,3.41416,3.33333,-0.12270,-0.14518,0.00008,0.24101,0.25490,-0.05492,-0.07919,0.00700,0.00659,0.05545,-0.15488,-0.15008,-0.00226,-0.33934,-0.24768,0.04082,0.05254,0.00158,0.60793,0.49357,-0.18989,-0.10597,-0.00041,5.94957,5.81592
41.0901,0.66431,0.00574,-0.33569,0.00574,-0.33400,0.00586,-0.79881,3.33389,-0.46482,3.32803,-0.46482,3.32803,1.00000,0.00000,32,0.00035,-0.17886,-0.17927,-0.00037,3.42658,3.38676,-0.12152,-0.14518,-0.00732,0.22246,0.22412,-0.05378,-0.07917,-0.00257,-0.00810,-0.09375,-0.15534,-0.15008,0.00418,-0.31573,-0.40515,0.04019,0.05255,0.00614,0.60637,0.62171,-0.19057,-0.10597,0.00442,5.96915,5.86428
41.1912,0.66516,0.00567,-0.33484,0.00567,-0.33484,0.00467,-0.78875,3.33389,-0.45391,3.32921,-0.45391,3.32921,1.00000,0.00000,32,0.00039,-0.17913,-0.17929,0.00856,3.45625,3.35953,-0.12101,-0.14512,0.00637,0.18540,0.23748,-0.05329,-0.07909,0.00271,-0.06094,-0.09783,-0.15550,-0.15011,-0.00724,-0.32946,-0.33836,0.03995,0.05256,0.00973,0.67813,0.67489,-0.19090,-0.10597,0.00722,5.98536,5.98198
41.2924,0.66567,0.00723,-0.33433,0.00723,-0.33460,0.00617,-0.77871,3.33389,-0.44411,3.32772,-0.44411,3.32772,1.00000,0.00000,32,0.00027,-0.17926,-0.17929,0.00111,3.43903,3.42019,-0.12055,-0.14506,0.00211,0.09970,0.17819,-0.05285,-0.07898,-0.00741,-0.13702,-0.16728,-0.15575,-0.15013,-0.00844,-0.31379,-0.41029,0.03964,0.05254,0.00690,0.70780,0.71440,-0.19110,-0.10598,-0.00010,5.97725,5.94953
41.3950,0.65855,0.00484,-0.34145,0.00484,-0.33785,0.00531,-0.76863,3.33389,-0.43077,3.32858,-0.43077,3.32858,1.00000,0.00000,32,0.00039,-0.17957,-0.17930,-0.00633,3.42396,3.48567,-0.11993,-0.14489,-0.00542,0.03124,-0.08076,-0.05225,-0.07876,-0.00529,-0.21264,-0.18549,-0.15598,-0.15014,-0.00182,-0.27782,-0.17355,0.03932,0.05253,0.00066,0.75155,0.72320,-0.19148,-0.10600,-0.00068,5.97226,6.10391
41.4971,0.66242,0.00215,-0.33758,0.00215,-0.33900,0.00420,-0.75846,3.33389,-0.41946,3.32969,-0.41946,3.32969,1.00000,0.00000,32,0.00028,-0.17985,-0.17931,0.00455,3.47014,3.51039,-0.11940,-0.14465,-0.00519,-0.04398,0.00783,-0.05174,-0.07840,-0.00053,-0.27115,-0.18237,-0.15615,-0.15016,-0.00303,-0.26846,-0.23713,0.03907,0.05254,0.00640,0.79018,0.83602,-0.19181,-0.10602,-0.00249,5.93450,5.81267
41.5992,0.66227,0.00085,-0.33773,0.00085,-0.33695,0.00112,-0.74833,3.33389,-0.41138,3.33277,-0.41138,3.33277,1.00000,0.00000,32,0.00029,-0.18014,-0.17931,0.00823,3.50026,3.60710,-0.11904,-0.14447,0.00002,-0.07071,-0.05807,-0.05137,-0.07814,0.00597,-0.28493,-0.38148,-0.15618,-0.15016,0.01196,-0.21584,-0.22436,0.03898,0.05254,0.00599,0.80696,0.78855,-0.19214,-0.10600,0.01108,5.99004,5.95368
41.6997,0.66872,0.00373,-0.33128,0.00373,-0.33435,0.00330,-0.73826,3.33389,-0.40391,3.33059,-0.40391,3.33059,1.00000,0.00000,32,0.00027,-0.18020,-0.17935,-0.00614,3.46764,3.56871,-0.11868,-0.14427,0.00504,-0.14465,-0.15867,-0.05104,-0.07786,0.00155,-0.37304,-0.44332,-0.15641,-0.15021,0.00251,-0.20650,-0.16452,0.03870,0.05251,-0.00375,0.84452,0.83725,-0.19225,-0.10602,0.00120,5.95609,5.91060
41.8039,0.66885,-0.00017,-0.33115,-0.00017,-0.33151,0.00130,-0.72828,3.33389,-0.39677,3.33259,-0.39677,3.33259,1.00000,0.00000,32,0.00206,-0.18043,-0.17935,-0.00293,3.49572,3.60406,-0.11835,-0.14405,-0.00045,-0.18472,-0.26260,-0.05071,-0.07748,0.01163,-0.40263,-0.35301,-0.15647,-0.15022,0.00818,-0.18862,-0.20580,0.03860,0.05253,0.00165,0.86591,0.94011,-0.19251,-0.10601,0.00754,5.95198,5.87307
41.9037,0.67210,-0.00476,-0.32790,-0.00476,-0.33016,-0.00257,-0.71836,3.33389,-0.38821,3.33645,-0.38821,3.33645,1.00000,0.00000,32,0.00049,-0.18076,-0.17935,0.00102,3.53328,3.47007,-0.11797,-0.14389,0.00511,-0.25944,-0.14497,-0.05032,-0.07710,0.00186,-0.45471,-0.35606,-0.15648,-0.15025,0.00100,-0.21737,-0.09847,0.03852,0.05251,-0.00532,0.89944,0.74650,-0.19288,-0.10601,0.00751,5.97583,5.96417
42.0039,0.66534,-0.00737,-0.33466,-0.00737,-0.33197,-0.00549,-0.70844,3.33389,-0.37647,3.33937,-0.37647,3.33937,1.00000,0.00000,32,0.00036,-0.18112,-0.17937,-0.00319,3.53196,3.44331,-0.11743,-0.14370,0.00257,-0.32474,-0.18055,-0.04978,-0.07664,0.00759,-0.48768,-0.51856,-0.15659,-0.15026,0.00324,-0.16716,-0.12474,0.03833,0.05251,-0.00360,0.94100,0.90341,-0.19329,-0.10603,0.00403,5.96133,5.86907
42.1075,0.66817,-0.00873,-0.33183,-0.00873,-0.33270,-0.00726,-0.69846,3.33389,-0.36576,3.34114,-0.36576,3.34114,1.00000,0.00000,32,0.00109,-0.18142,-0.17939,-0.00094,3.54678,3.56107,-0.11694,-0.14349,0.00137,-0.40771,-0.32959,-0.04930,-0.07599,0.01248,-0.53729,-0.40752,-0.15672,-0.15028,0.00656,-0.14426,-0.04382,0.03812,0.05246,0.00867,0.98900,1.03315,-0.19364,-0.10604,-0.00183,5.97235,5.87662
42.2086,0.66458,-0.01393,-0.33542,-0.01393,-0.33323,-0.01173,-0.68848,3.33389,-0.35525,3.34561,-0.35525,3.34561,1.00000,0.00000,32,0.00033,-0.18182,-0.17943,-0.00782,3.56433,3.63561,-0.11646,-0.14319,0.00250,-0.43528,-0.39922,-0.04881,-0.07542,-0.00006,-0.60598,-0.64068,-0.15674,-0.15031,-0.00371,-0.15458,-0.05512,0.03802,0.05237,-0.00072,0.99493,0.98162,-0.19408,-0.10604,0.00041,5.95270,6.01971
42.3096,0.66597,-0.02368,-0.33403,-0.02368,-0.33365,-0.01957,-0.67847,3.33389,-0.34482,3.35346,-0.34482,3.35346,1.00000,0.00000,32,0.00028,-0.18236,-0.17943,0.00270,3.63685,3.77125,-0.11601,-0.14284,0.00788,-0.48009,-0.45389,-0.04831,-0.07487,0.00964,-0.62178,-0.63690,-0.15662,-0.15033,-0.00621,-0.17005,-0.10074,0.03804,0.05229,-0.00483,0.99688,1.05606,-0.19464,-0.10605,-0.00277,5.95977,5.90886
42.4104,0.66436,-0.02654,-0.33564,-0.02654,-0.33546,-0.02452,-0.66842,3.33457,-0.33296,3.35909,-0.33296,3.35909,1.00000,0.00000,0,0.00037,-0.18283,-0.17947,0.00063,3.64483,3.49292,-0.11547,-0.14255,0.00772,-0.55214,-0.61097,-0.04776,-0.07435,0.01043,-0.68891,-0.75669,-0.15662,-0.15036,-0.00288,-0.16011,-0.09204,0.03795,0.05226,-0.00112,1.05346,1.04889,-0.19516,-0.10607,-0.00867,5.90876,6.02802
42.5126,0.67100,-0.02901,-0.32900,-0.02901,-0.33250,-0.02780,-0.65839,3.33537,-0.32589,3.36318,-0.32589,3.36318,1.00000,0.00000,0,0.00028,-0.18315,-0.17949,0.00038,3.68663,3.72776,-0.11516,-0.14223,0.01095,-0.59000,-0.60419,-0.04743,-0.07391,0.00697,-0.73419,-0.69023,-0.15659,-0.15039,-0.01261,-0.16589,0.00005,0.03792,0.05220,-0.00258,1.07838,1.14337,-0.19550,-0.10609,-0.00742,5.92443,6.14797
42.6166,0.66926,-0.03258,-0.33074,-0.03258,-0.32988,-0.03106,-0.64849,3.33626,-0.31860,3.36733,-0.31860,3.36733,1.00000,0.00000,0,0.00082,-0.18347,-0.17950,-0.00272,3.66522,3.68423,-0.11483,-0.14200,0.00288,-0.67292,-0.68547,-0.04709,-0.07349,-0.00048,-0.75872,-0.72202,-0.15656,-0.15038,0.00409,-0.13810,-0.29852,0.03789,0.05215,-0.00043,1.08176,1.00988,-0.19584,-0.10610,-0.01195,5.92685,5.86500
42.7194,0.67093,-0.03556,-0.32907,-0.03556,-0.32941,-0.03356,-0.63860,3.33723,-0.30920,3.37079,-0.30920,3.37079,1.00000,0.00000,0,0.00083,-0.18381,-0.17952,0.00730,3.71586,3.59758,-0.11441,-0.14152,0.00635,-0.72113,-0.73855,-0.04666,-0.07292,0.00450,-0.82242,-0.84182,-0.15660,-0.15039,0.00077,-0.10334,-0.15727,0.03778,0.05211,0.00768,1.15057,1.05681,-0.19622,-0.10607,0.00579,5.97166,5.93885
42.8196,0.67166,-0.03905,-0.32834,-0.03905,-0.32913,-0.03737,-0.62872,3.33830,-0.29959,3.37568,-0.29959,3.37568,1.00000,0.00000,0,0.00028,-0.18421,-0.17956,-0.00553,3.74686,3.82494,-0.11398,-0.14124,0.00427,-0.76206,-0.73625,-0.04621,-0.07248,0.00639,-0.86331,-0.74950,-0.15659,-0.15042,-0.00350,-0.09081,-0.14541,0.03772,0.05202,-0.01254,1.12579,1.23898,-0.19665,-0.10607,0.00930,5.98439,5.96681
42.9221,0.67351,-0.03978,-0.32649,-0.03978,-0.32757,-0.03918,-0.61887,3.33946,-0.29129,3.37864,-0.29129,3.37864,1.00000,0.00000,0,0.00025,-0.18450,-0.17958,0.00145,3.78591,3.75499,-0.11360,-0.14092,0.00014,-0.82548,-0.79015,-0.04583,-0.07195,0.01521,-0.88248,-0.91816,-0.15663,-0.15042,-0.00170,-0.10600,-0.02670,0.03761,0.05198,-0.00366,1.19892,1.17622,-0.19698,-0.10610,-0.00625,5.97307,6.08152
43.0236,0.67198,-0.04043,-0.32802,-0.04043,-0.32737,-0.04015,-0.60905,3.34064,-0.28168,3.38080,-0.28168,3.38080,1.00000,0.00000,0,0.00030,-0.18478,-0.17960,0.00206,3.79960,3.75940,-0.11316,-0.14061,0.00029,-0.87966,-0.89103,-0.04539,-0.07144,0.00394,-0.94231,-0.88261,-0.15673,-0.15046,-0.00579,-0.08733,-0.15436,0.03745,0.05191,-0.00773,1.21460,1.26170,-0.19731,-0.10609,-0.00246,5.98031,5.90910
43.1267,0.66909,-0.04429,-0.33091,-0.04429,-0.32999,-0.04211,-0.59918,3.34187,-0.26919,3.38399,-0.26919,3.38399,1.00000,0.00000,0,0.00031,-0.18517,-0.17965,-0.00369,3.85267,3.84398,-0.11259,-0.14020,0.00962,-0.95990,-0.89806,-0.04482,-0.07029,0.01840,-0.91671,-0.91713,-0.15684,-0.15048,-0.00575,-0.05723,-0.15860,0.03725,0.05184,-0.00468,1.25667,1.38775,-0.19775,-0.10610,-0.00291,5.96458,5.97630
43.2275,0.66978,-0.06541,-0.33022,-0.06541,-0.33020,-0.05404,-0.58927,3.34330,-0.25908,3.39734,-0.25908,3.39734,1.00000,0.00000,0,0.00032,-0.18594,-0.17966,0.00629,3.93109,3.87265,-0.11217,-0.13978,0.00857,-1.01235,-1.12688,-0.04432,-0.06420,0.13766,-0.26639,-0.55378,-0.15649,-0.15052,-0.02016,-0.09731,-0.00377,0.03749,0.05179,0.00451,1.26395,1.24363,-0.19852,-0.10610,-0.00327,5.96740,6.08694
43.3286,0.66676,-0.09862,-0.33324,-0.09862,-0.33531,-0.09068,-0.57926,3.34566,-0.24395,3.43634,-0.24395,3.43634,1.00000,0.00000,0,0.00029,-0.18788,-0.17980,-0.00316,4.05757,4.08174,-0.11161,-0.13938,0.00435,-1.07841,-1.00058,-0.04351,-0.06014,0.00314,-0.49791,-0.43509,-0.15519,-0.15049,-0.00677,-0.16891,-0.19275,0.03859,0.05178,0.00318,1.21986,1.18598,-0.20038,-0.10612,-0.00833,5.94649,6.05637
43.4299,0.67172,-0.10254,-0.32828,-0.10254,-0.33072,-0.09976,-0.56930,3.34857,-0.23858,3.44833,-0.23858,3.44833,1.00000,0.00000,0,0.00029,-0.18850,-0.17988,0.00103,4.10973,4.03168,-0.11141,-0.13899,-0.00091,-1.10787,-1.15242,-0.04323,-0.05952,0.00245,-0.48918,-0.52111,-0.15481,-0.15050,-0.00646,-0.16360,-0.15897,0.03890,0.05178,0.00379,1.20982,1.16839,-0.20097,-0.10610,0.00660,5.99400,6.02789
43.5317,0.67286,-0.10333,-0.32714,-0.10333,-0.32762,-0.10194,-0.55946,3.35160,-0.23184,3.45354,-0.23184,3.45354,1.00000,0.00000,0,0.00031,-0.18885,-0.17988,0.00881,4.13190,4.10895,-0.11111,-0.13871,0.00454,-1.12671,-1.10894,-0.04291,-0.05916,0.00127,-0.52280,-0.45229,-0.15472,-0.15049,0.00057,-0.13021,-0.03603,0.03893,0.05178,0.00599,1.24575,1.10572,-0.20134,-0.10612,-0.00525,5.95183,5.89318
43.6335,0.67130,-0.10564,-0.32870,-0.10564,-0.32778,-0.10396,-0.54965,3.35469,-0.22186,3.45865,-0.22186,3.45865,1.00000,0.00000,0,0.00042,-0.18927,-0.17998,-0.01209,4.11489,4.23971,-0.11066,-0.13831,0.00106,-1.20627,-1.29631,-0.04244,-0.05863,0.00994,-0.52984,-0.48412,-0.15471,-0.15051,-0.00902,-0.12974,-0.12420,0.03886,0.05176,-0.00160,1.27328,1.28995,-0.20179,-0.10609,0.00981,5.97275,5.95432
43.7353,0.66886,-0.10803,-0.33114,-0.10803,-0.32959,-0.10657,-0.53978,3.35784,-0.21019,3.46441,-0.21019,3.46441,1.00000,0.00000,0,0.00034,-0.18975,-0.18000,-0.01568,4.17150,4.19271,-0.11014,-0.13765,0.01018,-1.22990,-1.22122,-0.04190,-0.05771,0.01556,-0.51308,-0.58347,-0.15470,-0.15049,-0.00000,-0.11901,-0.08368,0.03878,0.05170,-0.01067,1.26946,1.29190,-0.20231,-0.10612,0.00213,5.97091,5.98199
43.8364,0.66820,-0.14135,0.66820,-0.14135,0.32758,-0.12319,-0.48858,3.36123,-0.81616,3.48442,-0.81616,3.48442,0.00000,0.00000,0,0.00037,-0.17830,-0.17959,0.01739,3.27448,3.29581,-0.13860,-0.13774,-0.09834,0.90838,0.50554,-0.06897,-0.05361,-0.06928,1.84502,1.11900,-0.14217,-0.15046,0.00168,-1.19836,-0.72561,0.05525,0.05172,0.00760,-0.09827,0.34146,-0.18736,-0.10612,0.00135,5.94851,5.96380
43.9384,0.67558,-0.11435,0.67558,-0.11435,0.61490,-0.12384,-0.50468,3.36510,-1.11958,3.48894,-1.11958,3.48894,0.00000,0.00000,0,0.00107,-0.17232,-0.17945,-0.00208,3.01075,3.18354,-0.15283,-0.14188,0.00140,1.40034,1.32446,-0.08255,-0.06188,-0.02711,1.91410,1.91332,-0.13611,-0.14986,0.00301,-1.39228,-1.37395,0.06326,0.05176,0.00222,-0.34249,-0.32421,-0.17969,-0.10612,-0.00134,5.81356,5.99930
44.0390,0.67365,-0.10961,0.67365,-0.10961,0.66164,-0.11372,-0.52415,3.36860,-1.18579,3.48231,-1.18579,3.48231,0.00000,0.00000,0,0.00029,-0.17069,-0.17941,-0.00268,3.02627,2.98085,-0.15591,-0.14194,-0.00072,1.33882,1.44918,-0.08554,-0.06260,-0.00326,1.91467,2.04605,-0.13509,-0.14986,-0.00382,-1.38119,-1.32473,0.06472,0.05176,0.00348,-0.32599,-0.33119,-0.17773,-0.10614,0.00211,5.97561,5.96323
44.1397,0.67086,-0.11042,0.67086,-0.11042,0.66978,-0.11089,-0.54418,3.37194,-1.21396,3.48283,-1.21396,3.48283,0.00000,0.00000,0,0.00030,-0.17014,-0.17941,-0.00757,2.98186,2.88177,-0.15723,-0.14199,0.00312,1.41742,1.33650,-0.08680,-0.06306,0.00141,1.96837,2.09336,-0.13453,-0.14983,0.00195,-1.39440,-1.53775,0.06546,0.05178,0.01172,-0.37196,-0.38225,-0.17702,-0.10616,-0.01249,5.92770,5.83808
44.2439,0.67653,-0.10936,0.67653,-0.10936,0.67397,-0.10943,-0.56435,3.37523,-1.23833,3.48466,-1.23833,3.48466,0.00000,0.00000,0,0.00027,-0.16972,-0.17937,-0.00443,2.94204,2.89359,-0.15838,-0.14210,-0.00509,1.45376,1.55562,-0.08789,-0.06348,-0.00750,2.01392,1.90347,-0.13398,-0.14978,-0.00022,-1.46383,-1.49587,0.06616,0.05176,-0.00296,-0.43127,-0.50385,-0.17646,-0.10615,0.00114,5.95396,5.72075
44.3462,0.67486,-0.10814,0.67486,-0.10814,0.67566,-0.10890,-0.58462,3.37851,-1.26028,3.48741,-1.26028,3.48741,0.00000,0.00000,0,0.00158,-0.16939,-0.17931,0.01059,2.95331,2.93649,-0.15942,-0.14225,0.00592,1.59194,1.64020,-0.08886,-0.06397,-0.00197,2.09843,1.87360,-0.13344,-0.14968,0.00524,-1.51138,-1.43996,0.06683,0.05176,-0.00334,-0.53426,-0.62073,-0.17600,-0.10615,-0.00002,5.99050,5.99276
44.4458,0.67526,-0.10681,0.67526,-0.10681,0.67607,-0.10743,-0.60490,3.38175,-1.28097,3.48917,-1.28097,3.48917,0.00000,0.00000,0,0.00035,-0.16905,-0.17932,-0.00941,2.87373,2.69177,-0.16040,-0.14246,-0.00450,1.62475,1.61369,-0.08978,-0.06466,-0.00206,2.14119,2.10612,-0.13297,-0.14958,-0.00161,-1.56918,-1.48561,0.06743,0.05176,-0.01071,-0.61920,-0.60904,-0.17553,-0.10616,-0.00528,5.95997,5.96907
44.5480,0.67628,-0.10386,0.67628,-0.10386,0.67539,-0.10472,-0.62516,3.38492,-1.30055,3.48964,-1.30055,3.48964,0.00000,0.00000,0,0.00027,-0.16867,-0.17926,0.00350,2.84388,2.83446,-0.16132,-0.14271,-0.00362,1.72629,1.81143,-0.09066,-0.06599,-0.02206,2.15052,2.11673,-0.13257,-0.14942,0.00596,-1.59942,-1.46534,0.06796,0.05185,0.00798,-0.62804,-0.72384,-0.17505,-0.10617,-0.00627,5.94163,5.83933
44.6516,0.67965,-0.09074,0.67965,-0.09074,0.67776,-0.09699,-0.64545,3.38795,-1.32321,3.48494,-1.32321,3.48494,0.00000,0.00000,0,0.00171,-0.16801,-0.17918,0.00931,2.81128,2.79107,-0.16236,-0.14295,-0.00410,1.81100,1.67657,-0.09169,-0.06856,-0.04418,1.99889,2.10257,-0.13232,-0.14917,0.00395,-1.60080,-1.71609,0.06836,0.05192,0.01267,-0.66203,-0.59305,-0.17429,-0.10615,-0.00069,5.93771,5.78379
44.7517,0.68534,-0.05694,0.68534,-0.05694,0.68183,-0.07158,-0.66584,3.39046,-1.34767,3.46204,-1.34767,3.46204,0.00000,0.00000,0,0.00036,-0.16655,-0.17911,0.00231,2.68052,2.67896,-0.16342,-0.14322,0.00165,1.89385,1.80885,-0.09288,-0.07350,-0.04559,1.83904,1.82247,-0.13278,-0.14899,-0.01512,-1.64164,-1.73873,0.06812,0.05196,-0.00321,-0.68832,-0.84056,-0.17279,-0.10615,0.00460,5.93391,5.91961
44.8528,0.68302,-0.04383,0.68302,-0.04383,0.68347,-0.04957,-0.68635,3.39215,-1.36982,3.44172,-1.36982,3.44172,0.00000,0.00000,0,0.00044,-0.16525,-0.17903,-0.00441,2.56213,2.56471,-0.16437,-0.14355,-0.00233,1.95630,1.91476,-0.09395,-0.07514,-0.00600,1.96610,1.98629,-0.13317,-0.14885,0.00070,-1.60598,-1.65478,0.06791,0.05197,-0.00817,-0.71230,-0.73955,-0.17146,-0.10616,-0.00174,5.92138,5.99720
44.9553,0.68795,-0.03709,0.68795,-0.03709,0.68656,-0.03975,-0.70691,3.39345,-1.39347,3.43319,-1.39347,3.43319,0.00000,0.00000,0,0.00034,-0.16441,-0.17894,-0.00044,2.49835,2.61186,-0.16544,-0.14378,0.00779,2.08220,2.24515,-0.09504,-0.07587,-0.00293,2.00119,2.13338,-0.13306,-0.14860,0.00428,-1.62333,-1.67328,0.06820,0.05201,-0.00109,-0.75626,-0.80149,-0.17053,-0.10619,-0.01275,5.95815,5.96475
45.0562,0.68946,-0.03489,0.68946,-0.03489,0.68916,-0.03577,-0.72755,3.39455,-1.41671,3.43032,-1.41671,3.43032,0.00000,0.00000,0,0.00030,-0.16381,-0.17887,-0.00239,2.44423,2.46248,-0.16652,-0.14413,-0.00945,2.12418,2.24324,-0.09610,-0.07645,-0.00523,2.07530,2.05656,-0.13273,-0.14772,0.01126,-1.61599,-1.64691,0.06869,0.05212,0.00068,-0.78258,-0.71978,-0.16982,-0.10615,0.00538,5.96173,6.10013
45.1576,0.72452,-0.01206,0.72452,-0.01206,0.70711,-0.02376,-0.74844,3.39548,-1.45555,3.41924,-1.45555,3.41924,0.00000,0.00000,0,0.00038,-0.16256,-0.17881,0.00070,2.35402,2.36612,-0.16829,-0.14446,0.00285,2.27636,2.29544,-0.09788,-0.07714,-0.00616,2.16703,2.08666,-0.13242,-0.13978,0.07915,-0.93732,-1.00212,0.06926,0.05225,-0.00322,-0.88506,-0.92270,-0.16840,-0.10616,0.00106,5.94194,5.85323
45.2592,0.74612,0.00920,0.74612,0.00920,0.73675,0.00113,-0.77025,3.39548,-1.50699,3.39435,-1.50699,3.39435,0.00000,0.00000,32,0.00033,-0.16047,-0.17858,0.00026,2.17076,2.05432,-0.17060,-0.14503,-0.01182,2.43040,2.48108,-0.10029,-0.07823,-0.01034,2.30446,2.29395,-0.13243,-0.13764,0.00731,-1.05551,-0.98010,0.06964,0.05239,0.00651,-0.88910,-0.87654,-0.16614,-0.10615,0.00354,5.86521,5.89369
45.3594,0.75080,0.01580,0.75080,0.01580,0.74679,0.01172,-0.79256,3.39548,-1.53935,3.38376,-1.53935,3.38376,0.00000,0.00000,32,0.00027,-0.15937,-0.17846,0.00219,2.10080,2.09824,-0.17207,-0.14538,-0.00045,2.53742,2.68618,-0.10178,-0.07927,-0.01004,2.35466,2.33738,-0.13224,-0.13731,0.01163,-1.06203,-1.08297,0.07007,0.05247,-0.00057,-0.95184,-0.95595,-0.16491,-0.10617,-0.00046,5.93120,5.90209
45.4620,0.74670,0.01722,0.74670,0.01722,0.74823,0.01552,-0.81501,3.39548,-1.56324,3.37997,-1.56324,3.37997,0.00000,0.00000,32,0.00140,-0.15872,-0.17831,0.00013,2.01549,2.06437,-0.17318,-0.14570,-0.00404,2.60861,2.54482,-0.10287,-0.07997,0.00238,2.43790,2.38344,-0.13193,-0.13707,0.00474,-1.07275,-1.01595,0.07054,0.05262,-0.00988,-0.99225,-1.00212,-0.16415,-0.10616,0.00496,5.99400,5.94113
45.5657,0.75247,0.02305,0.75247,0.02305,0.74972,0.01991,-0.83747,3.39548,-1.58719,3.37557,-1.58719,3.37557,0.00000,0.00000,32,0.00173,-0.15805,-0.17815,0.00365,1.98305,1.97419,-0.17428,-0.14598,-0.00466,2.75155,2.67241,-0.10396,-0.08049,-0.00485,2.49819,2.53145,-0.13164,-0.13678,0.00432,-1.08286,-0.93576,0.07099,0.05286,-0.00211,-1.07632,-1.05753,-0.16337,-0.10619,-0.00744,5.93214,5.97447
45.6646,0.75634,0.03047,0.75634,0.03047,0.75402,0.02699,-0.86003,3.39476,-1.61405,3.36776,-1.61405,3.36776,0.00000,0.00000,0,0.00032,-0.15717,-0.17799,0.00240,1.88117,1.83581,-0.17551,-0.14624,-0.00473,2.86230,3.02287,-0.10520,-0.08096,-0.00003,2.62196,2.74544,-0.13143,-0.13648,0.00920,-1.07537,-1.00844,0.07138,0.05307,0.00075,-1.09474,-1.00244,-0.16239,-0.10615,0.00943,5.95743,5.92805
45.7650,0.75683,0.03414,0.75683,0.03414,0.75562,0.03170,-0.88268,3.39387,-1.63830,3.36217,-1.63830,3.36217,0.00000,0.00000,0,0.00028,-0.15644,-0.17784,0.00072,1.81882,1.81118,-0.17662,-0.14658,-0.01204,2.91817,2.96162,-0.10631,-0.08144,-0.00530,2.69034,2.48609,-0.13119,-0.13620,0.00143,-1.08970,-1.17563,0.07179,0.05331,-0.00164,-1.17935,-1.28305,-0.16155,-0.10618,-0.00566,5.92832,5.94634
45.8673,0.76030,0.03877,0.76030,0.03877,0.75853,0.03627,-0.90538,3.39284,-1.66391,3.35657,-1.66391,3.35657,0.00000,0.00000,0,0.00032,-0.15569,-0.17766,-0.00919,1.71220,1.77505,-0.17780,-0.14688,-0.00220,3.06012,3.16765,-0.10748,-0.08197,0.00156,2.75863,2.74923,-0.13092,-0.13586,0.01069,-1.08329,-1.08970,0.07223,0.05352,0.00108,-1.21114,-1.07318,-0.16068,-0.10616,0.00764,5.94169,5.91424
45.9681,0.76496,0.04524,0.76496,0.04524,0.76299,0.04181,-0.92822,3.39166,-1.69122,3.34985,-1.69122,3.34985,0.00000,0.00000,0,0.00028,-0.15485,-0.17738,0.01125,1.68525,1.56062,-0.17905,-0.14733,-0.00765,3.14205,3.27387,-0.10874,-0.08254,-0.00589,2.86942,2.87195,-0.13066,-0.13536,-0.00123,-1.10615,-1.14386,0.07268,0.05379,0.00097,-1.24166,-1.24240,-0.15973,-0.10618,0.00293,5.96043,5.95915
46.0701,0.77281,0.05423,0.77281,0.05423,0.76880,0.05047,-0.95120,3.39025,-1.72000,3.33978,-1.72000,3.33978,0.00000,0.00000,0,0.00028,-0.15384,-0.17714,0.01144,1.58656,1.57688,-0.18035,-0.14782,-0.01672,3.25274,3.19465,-0.11007,-0.08327,-0.01124,2.93773,2.75944,-0.13051,-0.13409,0.01497,-0.99575,-1.01472,0.07304,0.05402,0.00134,-1.28325,-1.26085,-0.15861,-0.10617,0.00681,5.94284,5.90339
46.1708,0.79891,0.07690,0.79891,0.07690,0.78503,0.06517,-0.97449,3.38853,-1.75952,3.32335,-1.75952,3.32335,0.00000,0.00000,0,0.00031,-0.15235,-0.17687,-0.00392,1.43998,1.57758,-0.18214,-0.14835,-0.01032,3.38778,3.34415,-0.11191,-0.08398,-0.00717,3.05221,3.11128,-0.13041,-0.12931,0.07816,-0.54240,-0.59957,0.07342,0.05425,0.00280,-1.30523,-1.41550,-0.15697,-0.10619,-0.00553,5.88862,5.85899
46.2734,0.82959,0.10858,0.82959,0.10858,0.81646,0.09480,-0.99860,3.38606,-1.81507,3.29126,-1.81507,3.29126,0.00000,0.00000,0,0.00126,-0.14987,-0.17629,0.01196,1.31023,1.26772,-0.18460,-0.14921,-0.00341,3.59303,3.72915,-0.11453,-0.08504,-0.01222,3.19851,3.10694,-0.13063,-0.12444,0.00504,-0.41465,-0.39474,0.07363,0.05438,-0.00949,-1.40489,-1.33860,-0.15434,-0.10618,0.00002,5.81003,5.67362
46.3751,0.83187,0.12618,0.83187,0.12618,0.82918,0.11709,-1.02336,3.38280,-1.85254,3.26570,-1.85254,3.26570,0.00000,0.00000,0,0.00029,-0.14804,-0.17559,0.00254,1.19005,1.14173,-0.18625,-0.15004,-0.00337,3.70815,3.73122,-0.11632,-0.08657,-0.01456,3.24394,3.14636,-0.13094,-0.12414,-0.00743,-0.40383,-0.32847,0.07361,0.05454,-0.00161,-1.41811,-1.45749,-0.15241,-0.10617,0.00491,5.79058,5.60769
46.4761,0.83417,0.14684,0.83417,0.14684,0.83263,0.13696,-1.04830,3.37893,-1.88093,3.24197,-1.88093,3.24197,0.00000,0.00000,0,0.00033,-0.14647,-0.17484,0.01361,1.08237,1.15753,-0.18748,-0.15096,-0.01334,3.74646,3.55304,-0.11769,-0.08871,-0.02166,3.24720,3.45047,-0.13135,-0.12407,0.00738,-0.33933,-0.38766,0.07344,0.05470,-0.00190,-1.40639,-1.30615,-0.15079,-0.10619,-0.00795,5.76407,5.68229
46.5775,0.84038,0.18375,0.84038,0.18375,0.83726,0.16555,-1.07336,3.37436,-1.91062,3.20881,-1.91062,3.20881,0.00000,0.00000,0,0.00028,-0.14447,-0.17369,0.01807,1.01524,0.92712,-0.18873,-0.15241,-0.02237,3.77541,3.76092,-0.11916,-0.09256,-0.05101,3.03951,3.18753,-0.13212,-0.12409,-0.00483,-0.29944,-0.29018,0.07293,0.05477,-0.00686,-1.41140,-1.37300,-0.14877,-0.10617,0.00335,5.76251,5.77983
46.6799,0.85262,0.26001,0.85262,0.26001,0.84650,0.22465,-1.09862,3.36845,-1.94512,3.14379,-1.94512,3.14379,0.00000,0.00000,0,0.00029,-0.14105,-0.17153,0.01658,0.86352,0.83687,-0.19006,-0.15656,-0.04884,3.58076,3.59369,-0.12098,-0.09971,-0.07074,2.73198,2.62396,-0.13409,-0.12406,0.00928,-0.11320,-0.12284,0.07134,0.05482,0.01163,-1.30765,-1.38717,-0.14544,-0.10616,0.00400,5.59202,5.45704
46.7811,0.85949,0.35514,0.85949,0.35514,0.85394,0.31240,-1.12414,3.36018,-1.97808,3.04779,-1.97808,3.04779,0.00000,0.00000,0,0.00028,-0.13636,-0.16923,0.02647,0.68225,0.72252,-0.19119,-0.16007,-0.02504,3.56289,3.40279,-0.12285,-0.10934,-0.03831,2.35599,2.33356,-0.13735,-0.12414,-0.00224,0.12132,0.09017,0.06852,0.05480,-0.00223,-1.19330,-1.10012,-0.14097,-0.10617,-0.00532,5.36415,5.29283
46.8828,0.85722,0.37072,-0.14278,0.37072,0.02659,0.35895,-1.17510,3.34983,-1.20169,2.99088,-1.20169,2.99088,1.00000,0.00000,0,0.00029,-0.14977,-0.16884,-0.00967,1.65239,1.59915,-0.15462,-0.15834,0.01920,0.89717,1.03069,-0.08811,-0.10883,0.01564,-0.25395,0.08964,-0.15479,-0.12584,-0.02849,1.32494,1.39098,0.04638,0.05478,0.01192,0.59187,0.40743,-0.15882,-0.10621,-0.00523,5.96445,5.78466
46.9843,0.85751,0.36940,-0.14249,0.36940,-0.11210,0.36741,-1.17285,3.33887,-1.06075,2.97146,-1.06075,2.97146,1.00000,0.00000,0,0.00028,-0.15182,-0.16881,0.00615,1.61277,1.62865,-0.14795,-0.15806,-0.00339,0.98288,0.96522,-0.08184,-0.10843,0.00176,-0.20275,-0.29406,-0.15833,-0.12655,-0.00214,1.38647,1.36453,0.04201,0.05454,0.00113,0.51453,0.42950,-0.16173,-0.10620,0.00548,5.94215,5.91077
47.0877,0.85708,0.37013,-0.14292,0.37013,-0.13657,0.37020,-1.16897,3.32779,-1.03240,2.95759,-1.03240,2.95759,1.00000,0.00000,0,0.00105,-0.15181,-0.16877,0.00596,1.52001,1.55536,-0.14657,-0.15806,-0.00896,0.95661,1.09968,-0.08062,-0.10843,0.00201,-0.20723,-0.22930,-0.15944,-0.12673,-0.01094,1.41993,1.52459,0.04075,0.05452,-0.00786,0.53125,0.44665,-0.16194,-0.10620,0.00553,5.96545,5.79771
47.1880,0.85418,0.37269,-0.14582,0.37269,-0.14320,0.37186,-1.16473,3.31666,-1.02153,2.94479,-1.02153,2.94479,1.00000,0.00000,0,0.00030,-0.15150,-0.16878,-0.01056,1.43790,1.41526,-0.14601,-0.15805,-0.00016,0.95918,0.99853,-0.08018,-0.10839,-0.00077,-0.25040,-0.20263,-0.16018,-0.12696,-0.01528,1.46710,1.48962,0.03998,0.05449,-0.00008,0.63088,0.47311,-0.16174,-0.10621,0.00214,5.95116,5.83464
47.2895,0.85506,0.37359,-0.14494,0.37359,-0.14513,0.37347,-1.16038,3.30546,-1.01525,2.93199,-1.01525,2.93199,1.00000,0.00000,0,0.00030,-0.15109,-0.16870,0.01127,1.42697,1.30888,-0.14567,-0.15799,0.01002,0.91771,0.87509,-0.07994,-0.10833,-0.00361,-0.31872,-0.43043,-0.16082,-0.12726,-0.00389,1.58656,1.56291,0.03933,0.05440,-0.01033,0.63836,0.65775,-0.16142,-0.10621,0.00235,5.95226,5.99466
47.3907,0.85575,0.37143,-0.14425,0.37143,-0.14488,0.37202,-1.15603,3.29429,-1.01114,2.92227,-1.01114,2.92227,1.00000,0.00000,0,0.00077,-0.15076,-0.16866,0.01336,1.37376,1.24318,-0.14543,-0.15798,-0.00091,0.88855,0.91681,-0.07979,-0.10825,-0.00671,-0.37380,-0.33185,-0.16130,-0.12764,-0.00076,1.65340,1.60379,0.03885,0.05435,0.00469,0.73893,0.63351,-0.16116,-0.10623,-0.00739,5.92292,5.71946
47.4938,0.85706,0.37223,-0.14294,0.37223,-0.14363,0.37182,-1.15170,3.28314,-1.00808,2.91132,-1.00808,2.91132,1.00000,0.00000,0,0.00141,-0.15037,-0.16862,0.00645,1.29053,1.25456,-0.14525,-0.15794,-0.00305,0.84307,0.83207,-0.07970,-0.10818,0.00761,-0.37631,-0.36990,-0.16181,-0.12803,-0.00475,1.72874,1.87803,0.03835,0.05427,-0.00357,0.76474,0.76909,-0.16082,-0.10622,0.00095,5.95231,5.95007
47.5951,0.85871,0.37038,-0.14129,0.37038,-0.14164,0.37111,-1.14744,3.27199,-1.00580,2.90088,-1.00580,2.90088,1.00000,0.00000,0,0.00030,-0.14998,-0.16859,0.00438,1.27509,1.32129,-0.14510,-0.15787,-0.00110,0.82398,0.83072,-0.07963,-0.10810,0.00324,-0.46316,-0.42844,-0.16228,-0.12836,-0.00633,1.78214,1.75586,0.03790,0.05420,0.00686,0.84436,0.71585,-0.16049,-0.10623,-0.00516,5.96058,5.96203
47.6963,0.85539,0.37056,-0.14461,0.37056,-0.14318,0.37092,-1.14317,3.26086,-0.99999,2.88994,-0.99999,2.88994,1.00000,0.00000,0,0.00029,-0.14964,-0.16856,-0.00728,1.16448,1.12543,-0.14478,-0.15779,-0.00264,0.78869,0.80786,-0.07941,-0.10801,-0.00006,-0.55645,-0.62589,-0.16284,-0.12879,-0.00833,1.84675,1.95295,0.03733,0.05411,-0.00134,0.89583,0.67225,-0.16023,-0.10620,0.00925,5.98862,5.97112
47.7978,0.85221,0.37023,-0.14779,0.37023,-0.14721,0.36918,-1.13879,3.24979,-0.99158,2.88060,-0.99158,2.88060,1.00000,0.00000,0,0.00028,-0.14941,-0.16849,0.00301,1.16686,1.20642,-0.14435,-0.15761,0.01118,0.75323,0.76073,-0.07907,-0.10787,0.01147,-0.57984,-0.62407,-0.16338,-0.12923,-0.00057,1.92855,1.85410,0.03676,0.05399,-0.00186,0.92134,0.92188,-0.16009,-0.10622,-0.00222,5.93281,5.85493
47.9006,0.85507,0.36765,-0.14493,0.36765,-0.14595,0.36844,-1.13438,3.23872,-0.98844,2.87028,-0.98844,2.87028,1.00000,0.00000,0,0.00060,-0.14905,-0.16842,0.00313,1.10988,1.07454,-0.14416,-0.15749,0.00096,0.70010,0.77628,-0.07896,-0.10773,0.00444,-0.63863,-0.65003,-0.16386,-0.12981,-0.01145,1.97359,1.92383,0.03628,0.05388,-0.00916,0.99125,1.06193,-0.15978,-0.10621,0.00499,5.97546,6.09014
48.0028,0.85280,0.36639,-0.14720,0.36639,-0.14748,0.36728,-1.12998,3.22769,-0.98250,2.86041,-0.98250,2.86041,1.00000,0.00000,0,0.00053,-0.14875,-0.16837,-0.00055,1.04691,1.02092,-0.14384,-0.15738,0.00132,0.69336,0.64568,-0.07873,-0.10758,-0.00730,-0.72038,-0.72035,-0.16438,-0.13053,-0.00756,2.00932,2.05806,0.03575,0.05380,0.00248,1.06978,1.17238,-0.15957,-0.10620,0.01177,5.97396,5.98570
48.1042,0.84938,0.36113,-0.15062,0.36113,-0.14884,0.36374,-1.12554,3.21673,-0.97670,2.85299,-0.97670,2.85299,1.00000,0.00000,0,0.00037,-0.14856,-0.16829,0.00342,0.99446,0.99337,-0.14354,-0.15723,0.00795,0.65265,0.63383,-0.07850,-0.10737,0.00037,-0.76460,-0.73036,-0.16480,-0.13123,0.00108,2.09022,1.98257,0.03532,0.05364,0.00654,1.11942,1.18489,-0.15944,-0.10624,-0.00733,5.94341,5.99430
48.2069,0.85228,0.36064,-0.14772,0.36064,-0.14885,0.36156,-1.12106,3.20586,-0.97221,2.84430,-0.97221,2.84430,1.00000,0.00000,0,0.00039,-0.14829,-0.16823,0.00397,0.94347,1.11204,-0.14330,-0.15710,0.00549,0.61705,0.67899,-0.07833,-0.10715,0.00815,-0.80462,-0.78728,-0.16524,-0.13191,-0.01516,2.10690,2.06467,0.03487,0.05356,0.00781,1.17103,0.95574,-0.15923,-0.10623,-0.00379,5.94798,5.93543
48.3079,0.85378,0.36130,-0.14622,0.36130,-0.14653,0.36082,-1.11665,3.19503,-0.97012,2.83422,-0.97012,2.83422,1.00000,0.00000,0,0.00038,-0.14791,-0.16816,0.00531,0.90526,0.93489,-0.14316,-0.15692,0.00414,0.59701,0.56172,-0.07827,-0.10698,0.00811,-0.85433,-0.80418,-0.16569,-0.13272,-0.00373,2.18040,2.30989,0.03443,0.05343,-0.00099,1.22321,1.19457,-0.15890,-0.10625,-0.00467,5.94095,6.10894
48.4107,0.85260,0.35959,-0.14740,0.35959,-0.14697,0.36015,-1.11225,3.18421,-0.96528,2.82407,-0.96528,2.82407,1.00000,0.00000,0,0.00125,-0.14758,-0.16806,-0.00179,0.83999,0.95352,-0.14289,-0.15675,0.00303,0.55049,0.69664,-0.07809,-0.10680,0.00358,-0.89832,-0.91884,-0.16620,-0.13355,-0.01893,2.19525,2.21027,0.03392,0.05333,-0.00009,1.26261,1.22271,-0.15864,-0.10622,0.00646,5.95427,5.93224
48.5102,0.85241,0.35975,-0.14759,0.35975,-0.14749,0.35950,-1.10783,3.17343,-0.96034,2.81393,-0.96034,2.81393,1.00000,0.00000,0,0.00028,-0.14726,-0.16795,0.00625,0.81059,0.86647,-0.14262,-0.15658,0.01024,0.53937,0.54704,-0.07791,-0.10662,-0.00226,-0.96726,-0.97146,-0.16671,-0.13417,-0.00269,2.24720,2.21049,0.03341,0.05319,-0.01294,1.30227,1.34026,-0.15839,-0.10621,0.00924,5.97017,5.98004
48.6110,0.85135,0.35610,-0.14865,0.35610,-0.14852,0.35740,-1.10339,3.16268,-0.95487,2.80528,-0.95487,2.80528,1.00000,0.00000,0,0.00026,-0.14701,-0.16784,0.00033,0.73900,0.80077,-0.14233,-0.15636,0.00711,0.51579,0.48305,-0.07769,-0.10636,-0.00129,-1.00031,-0.94649,-0.16717,-0.13496,-0.01069,2.26913,2.31065,0.03294,0.05304,-0.01303,1.35377,1.43669,-0.15820,-0.10622,-0.00231,5.95173,6.09261
48.7135,0.85189,0.35433,-0.14811,0.35433,-0.14810,0.35537,-1.09893,3.15199,-0.95083,2.79662,-0.95083,2.79662,1.00000,0.00000,0,0.00030,-0.14672,-0.16772,0.00008,0.72309,0.80639,-0.14210,-0.15604,0.00454,0.48633,0.34235,-0.07754,-0.10601,0.00531,-1.03645,-1.09916,-0.16760,-0.13583,-0.00305,2.30972,2.30493,0.03250,0.05297,0.00029,1.44846,1.44799,-0.15798,-0.10623,0.00026,5.98491,6.05818
48.8158,0.85324,0.35171,-0.14676,0.35171,-0.14781,0.35272,-1.09449,3.14139,-0.94668,2.78866,-0.94668,2.78866,1.00000,0.00000,0,0.00126,-0.14648,-0.16753,0.00981,0.68611,0.58434,-0.14188,-0.15581,-0.00190,0.44108,0.47108,-0.07739,-0.10568,0.00326,-1.09728,-1.10814,-0.16801,-0.13656,-0.01370,2.35114,2.42590,0.03209,0.05286,-0.00235,1.50092,1.52052,-0.15779,-0.10622,0.00815,5.98449,5.76385
48.9164,0.84532,0.34879,-0.15468,0.34879,-0.15244,0.35087,-1.08997,3.13083,-0.93753,2.77996,-0.93753,2.77996,1.00000,0.00000,0,0.00035,-0.14630,-0.16739,-0.00459,0.60934,0.68405,-0.14141,-0.15558,0.00407,0.41474,0.37827,-0.07701,-0.10491,0.01434,-1.11341,-1.08852,-0.16854,-0.13721,-0.00574,2.41677,2.33730,0.03152,0.05276,-0.00368,1.57184,1.45792,-0.15770,-0.10625,-0.00692,5.92891,5.99463
49.0173,0.85068,0.33633,-0.14932,0.33633,-0.15197,0.34316,-1.08539,3.12041,-0.93342,2.77725,-0.93342,2.77725,1.00000,0.00000,0,0.00028,-0.14627,-0.16711,0.00703,0.60308,0.45779,-0.14121,-0.15475,0.01748,0.45277,0.44442,-0.07683,-0.10108,0.13522,-0.58307,-0.75155,-0.16873,-0.13777,-0.00303,2.45181,2.60465,0.03131,0.05261,-0.00710,1.59749,1.49021,-0.15770,-0.10625,-0.00384,5.94169,5.97327
49.1200,0.83229,0.24103,-0.16771,0.24103,-0.15897,0.27720,-1.08078,3.11114,-0.92182,2.83394,-0.92182,2.83394,1.00000,0.00000,0,0.00116,-0.14888,-0.16702,-0.00514,0.76441,0.65644,-0.14090,-0.15306,0.01792,0.56352,0.49629,-0.07610,-0.08479,0.15287,0.41016,0.30778,-0.16664,-0.13803,-0.00348,2.33072,2.19522,0.03318,0.05255,-0.00125,1.52811,1.60010,-0.16014,-0.10623,0.00919,5.96013,5.91820
49.2198,0.83534,0.21003,-0.16466,0.21003,-0.16477,0.22218,-1.07587,3.10401,-0.91110,2.88183,-0.91110,2.88183,1.00000,0.00000,0,0.00029,-0.15110,-0.16710,-0.00518,0.88473,0.85333,-0.14059,-0.15227,-0.00020,0.49682,0.51973,-0.07544,-0.08284,0.01260,0.07713,0.04388,-0.16490,-0.13807,-0.00187,2.25878,2.22769,0.03472,0.05255,-0.00747,1.43738,1.46530,-0.16222,-0.10624,0.00271,5.97251,6.05727
49.3204,0.82953,0.20113,-0.17047,0.20113,-0.16909,0.20590,-1.07083,3.09768,-0.90175,2.89178,-0.90175,2.89178,1.00000,0.00000,0,0.00030,-0.15170,-0.16708,0.00422,0.86221,0.74166,-0.14020,-0.15191,0.00421,0.49089,0.40687,-0.07498,-0.08251,-0.00320,0.00523,0.17893,-0.16467,-0.13814,-0.00038,2.35442,2.32505,0.03486,0.05256,-0.00163,1.47963,1.40093,-0.16284,-0.10627,-0.00377,5.97222,6.00413
49.4234,0.83146,0.20296,-0.16854,0.20296,-0.17030,0.20292,-1.06573,3.09157,-0.89543,2.88865,-0.89543,2.88865,1.00000,0.00000,0,0.00033,-0.15170,-0.16710,-0.00725,0.81825,0.89680,-0.13989,-0.15161,0.00055,0.44027,0.40259,-0.07471,-0.08231,0.00578,-0.01367,-0.01537,-0.16492,-0.13828,-0.00987,2.37613,2.33549,0.03458,0.05254,-0.00695,1.51616,1.42720,-0.16288,-0.10624,0.00682,5.98933,5.98251
49.5258,0.83367,0.19883,-0.16633,0.19883,-0.16720,0.20054,-1.06068,3.08551,-0.89348,2.88497,-0.89348,2.88497,1.00000,0.00000,0,0.00035,-0.15159,-0.16705,0.00008,0.76056,0.88411,-0.13978,-0.15147,-0.00214,0.40279,0.48569,-0.07464,-0.08222,0.00110,-0.02016,-0.13925,-0.16511,-0.13846,-0.00402,2.41608,2.37127,0.03439,0.05255,-0.00042,1.58941,1.51569,-0.16280,-0.10624,0.00966,5.96725,5.95406
49.6300,0.83599,0.19782,-0.16401,0.19782,-0.16465,0.19870,-1.05572,3.07952,-0.89106,2.88082,-0.89106,2.88082,1.00000,0.00000,0,0.00105,-0.15146,-0.16705,-0.00397,0.71123,0.74202,-0.13965,-0.15133,0.00216,0.40443,0.39377,-0.07454,-0.08212,0.00923,0.01075,0.04178,-0.16533,-0.13866,0.01012,2.50563,2.54224,0.03417,0.05250,-0.00306,1.62897,1.68578,-0.16270,-0.10624,0.00263,5.96375,5.98299
49.7316,0.83470,0.19507,-0.16530,0.19507,-0.16461,0.19628,-1.05078,3.07361,-0.88617,2.87733,-0.88617,2.87733,1.00000,0.00000,0,0.00028,-0.15141,-0.16702,-0.00133,0.70819,0.70396,-0.13941,-0.15118,-0.00396,0.37316,0.33006,-0.07433,-0.08202,0.00596,-0.03554,-0.07350,-0.16556,-0.13890,-0.00349,2.54528,2.65105,0.03391,0.05245,-0.00501,1.67676,1.55423,-0.16270,-0.10626,-0.00359,5.93610,6.03925
49.8348,0.83877,0.18985,0.83877,0.18985,0.34785,0.19265,-0.99941,3.06777,-1.34725,2.87512,-1.34725,2.87512,0.00000,0.00000,0,0.00028,-0.14197,-0.16701,-0.00817,0.65783,0.74806,-0.16095,-0.15099,0.00071,1.95328,0.72241,-0.09511,-0.08198,-0.00219,-0.08315,-0.19288,-0.15668,-0.13913,0.00240,2.58222,2.56278,0.04572,0.05240,-0.00063,1.73662,1.61869,-0.15070,-0.10621,0.02331,5.14604,4.93175
49.9360,0.83704,0.20026,0.83704,0.20026,0.75471,0.19348,-1.01882,3.06204,-1.77353,2.86856,-1.77353,2.86856,0.00000,0.00000,0,0.00029,-0.13303,-0.16062,0.02462,-0.20950,-0.28521,-0.18085,-0.15755,0.00152,2.95614,3.06319,-0.11435,-0.08594,-0.00727,2.59038,2.61998,-0.14864,-0.13890,0.00163,1.41174,1.50760,0.05644,0.05242,0.00088,0.09332,0.01433,-0.13947,-0.10610,0.00100,4.40032,4.42697
50.0395,0.83378,0.20498,0.83378,0.20498,0.82020,0.20152,-1.04291,3.05609,-1.86311,2.85457,-1.86311,2.85457,0.00000,0.00000,0,0.00031,-0.13062,-0.15973,0.00958,-0.27385,-0.45410,-0.18498,-0.15771,0.00185,2.91514,2.96681,-0.11844,-0.08677,-0.00423,2.52318,2.54147,-0.14746,-0.13891,0.00254,1.51294,1.51104,0.05820,0.05243,0.00163,0.17102,0.07581,-0.13664,-0.10610,0.00105,4.46130,4.44574
50.1401,0.83159,0.20823,0.83159,0.20823,0.83019,0.20613,-1.06775,3.04996,-1.89794,2.84383,-1.89794,2.84383,0.00000,0.00000,0,0.00035,-0.12946,-0.15927,0.00066,-0.36332,-0.41099,-0.18656,-0.15781,-0.00128,2.99393,2.76639,-0.12006,-0.08723,-0.00954,2.56301,2.63671,-0.14722,-0.13892,-0.00274,1.51645,1.51382,0.05869,0.05243,0.00111,0.17464,0.09290,-0.13533,-0.10609,0.00381,4.46666,4.36541
50.2427,0.83440,0.21663,0.83440,0.21663,0.83419,0.21360,-1.09275,3.04364,-1.92694,2.83004,-1.92694,2.83004,0.00000,0.00000,0,0.00030,-0.12830,-0.15878,0.01577,-0.44439,-0.56769,-0.18785,-0.15804,-0.00455,3.07605,3.09890,-0.12142,-0.08792,-0.00646,2.65279,2.69710,-0.14722,-0.13892,0.00149,1.54616,1.60324,0.05890,0.05243,-0.00060,0.14995,0.19566,-0.13407,-0.10611,-0.00118,4.40562,4.52297
50.3449,0.83686,0.23005,0.83686,0.23005,0.83622,0.22479,-1.11781,3.03704,-1.95404,2.81225,-1.95404,2.81225,0.00000,0.00000,0,0.00030,-0.12700,-0.15834,0.00103,-0.58676,-0.49561,-0.18904,-0.15837,-0.00673,3.19352,3.22382,-0.12271,-0.08911,-0.00115,2.72083,2.71891,-0.14741,-0.13891,0.00186,1.58486,1.52084,0.05892,0.05241,-0.00709,0.13954,0.05345,-0.13270,-0.10608,0.00850,4.42302,4.35709
50.4462,0.83827,0.24574,0.83827,0.24574,0.83700,0.23793,-1.14290,3.03008,-1.97989,2.79215,-1.97989,2.79215,0.00000,0.00000,0,0.00040,-0.12563,-0.15779,0.00362,-0.68363,-0.78844,-0.19017,-0.15877,-0.00077,3.28824,3.24430,-0.12396,-0.09141,-0.02722,2.66102,2.62497,-0.14772,-0.13893,0.00172,1.63576,1.72369,0.05882,0.05246,0.01072,0.15342,0.04692,-0.13128,-0.10607,0.00712,4.38386,4.45627
50.5486,0.84231,0.26734,0.84231,0.26734,0.84048,0.25766,-1.16807,3.02260,-2.00855,2.76494,-2.00855,2.76494,0.00000,0.00000,0,0.00032,-0.12391,-0.15717,0.00026,-0.76338,-0.78347,-0.19139,-0.15921,-0.00695,3.40034,3.49348,-0.12537,-0.09481,-0.04108,2.52952,2.56157,-0.14827,-0.13892,0.00371,1.65788,1.53314,0.05851,0.05242,-0.00518,0.12633,0.18011,-0.12952,-0.10607,0.00561,4.30963,4.06472
50.6542,0.84385,0.29141,0.84385,0.29141,0.84236,0.27994,-1.19330,3.01449,-2.03567,2.73455,-2.03567,2.73455,0.00000,0.00000,0,0.00354,-0.12209,-0.15622,0.01324,-0.91679,-0.98112,-0.19252,-0.15975,-0.01205,3.45122,3.52454,-0.12671,-0.09819,-0.02951,2.54058,2.46036,-0.14898,-0.13893,0.00144,1.72634,1.78033,0.05805,0.05243,0.00357,0.18152,0.07999,-0.12767,-0.10609,-0.00620,4.22189,4.06860
50.7525,0.84640,0.31554,0.84640,0.31554,0.84572,0.30456,-1.21864,3.00564,-2.06436,2.70108,-2.06436,2.70108,0.00000,0.00000,0,0.00082,-0.12011,-0.15523,0.00789,-1.05232,-1.10494,-0.19372,-0.16051,-0.00892,3.56606,3.44626,-0.12814,-0.10147,-0.04507,2.40766,2.55196,-0.14979,-0.13895,-0.00423,1.80213,1.81499,0.05751,0.05242,-0.00415,0.17441,0.34654,-0.12567,-0.10605,0.00303,4.15248,4.08016
50.8529,0.85142,0.37879,0.85142,0.37879,0.84956,0.35034,-1.24408,2.99577,-2.09365,2.64544,-2.09365,2.64544,0.00000,0.00000,0,0.00035,-0.11719,-0.15421,0.01384,-1.20229,-1.19733,-0.19484,-0.16248,-0.02203,3.55266,3.53670,-0.12969,-0.10843,-0.04253,2.16177,2.22529,-0.15148,-0.13896,-0.00277,1.93620,1.95634,0.05614,0.05244,0.01011,0.31627,0.24104,-0.12282,-0.10603,0.00351,4.07072,3.99528
50.9551,0.84441,0.40916,0.84441,0.40916,0.84680,0.39220,-1.26955,2.98448,-2.11634,2.59228,-2.11634,2.59228,0.00000,0.00000,0,0.00035,-0.11451,-0.15250,0.02201,-1.33868,-1.32367,-0.19567,-0.16548,-0.06282,3.34583,3.20161,-0.13094,-0.10979,-0.00707,2.28334,2.18643,-0.15320,-0.13900,-0.00184,2.04915,2.03651,0.05469,0.05242,-0.00142,0.36336,0.46233,-0.12023,-0.10602,-0.00516,3.89370,3.84914
51.0564,0.83793,0.46961,0.83793,0.46961,0.84176,0.44065,-1.29487,2.97193,-2.13663,2.53128,-2.13663,2.53128,0.00000,0.00000,0,0.00039,-0.11155,-0.14994,0.04307,-1.36621,-1.34448,-0.19635,-0.17434,-0.07033,2.87443,2.79369,-0.13210,-0.11035,0.00418,2.39069,2.43634,-0.15529,-0.13904,0.00086,2.22104,2.26256,0.05288,0.05242,0.00399,0.48263,0.39666,-0.11740,-0.10598,-0.00187,3.72108,3.57018
51.1572,0.81517,0.52954,0.81517,0.52954,0.82545,0.50415,-1.31986,2.95751,-2.14531,2.45335,-2.14531,2.45335,0.00000,0.00000,0,0.00028,-0.10812,-0.14405,0.04232,-1.28131,-1.28236,-0.19642,-0.17713,-0.00987,2.90968,2.75344,-0.13282,-0.11077,-0.01288,2.39352,2.39904,-0.15830,-0.13919,-0.00424,2.45448,2.50901,0.05013,0.05241,-0.00637,0.66495,0.69948,-0.11424,-0.10595,-0.00102,3.52037,3.41481
51.2597,0.79675,0.54097,0.79675,0.54097,0.80592,0.53243,-1.34426,2.94180,-2.15018,2.40936,-2.15018,2.40936,0.00000,0.00000,0,0.00032,-0.10619,-0.14068,0.03720,-1.24594,-1.18994,-0.19645,-0.17753,-0.00524,2.91475,2.84881,-0.13322,-0.11106,-0.00294,2.43895,2.49746,-0.16000,-0.13938,0.00524,2.55185,2.46731,0.04858,0.05245,0.00935,0.75494,0.75030,-0.11245,-0.10591,0.00014,3.47267,3.40220
51.3618,0.76202,0.56522,0.76202,0.56522,0.78138,0.55145,-1.36809,2.92553,-2.14947,2.37408,-2.14947,2.37408,0.00000,0.00000,0,0.00116,-0.10473,-0.12691,0.31156,0.28923,-0.10111,-0.19626,-0.17783,0.00050,2.94502,2.94014,-0.13333,-0.11136,-0.00753,2.49288,2.42308,-0.16146,-0.13963,0.00039,2.66396,2.72517,0.04721,0.05241,-0.00213,0.77618,0.73475,-0.11114,-0.10593,-0.00714,3.40004,3.47522
51.4626,0.70173,0.62479,0.70173,0.62479,0.72079,0.61404,-1.39034,2.90774,-2.11114,2.29370,-2.11114,2.29370,0.00000,0.00000,0,0.00029,-0.10216,-0.12018,0.01223,-0.42997,-0.37460,-0.19413,-0.17792,-0.00526,2.78840,2.73703,-0.13192,-0.11146,-0.00337,2.38846,2.42391,-0.16549,-0.14062,-0.01747,2.91173,2.84044,0.04317,0.05240,-0.00546,1.13278,1.19215,-0.10908,-0.10589,-0.00011,3.26034,3.08813
51.5636,0.68061,0.62691,0.68061,0.62691,0.69177,0.62631,-1.41139,2.88906,-2.10316,2.26275,-2.10316,2.26275,0.00000,0.00000,0,0.00039,-0.10103,-0.11899,0.01433,-0.43519,-0.53160,-0.19362,-0.17793,-0.00592,2.81340,2.81625,-0.13169,-0.11152,0.00320,2.45676,2.39916,-0.16691,-0.14310,-0.02143,2.83049,2.81184,0.04178,0.05240,-0.00144,1.18625,0.89034,-0.10812,-0.10589,-0.00686,3.20758,3.32825
51.6663,0.66991,0.62089,0.66991,0.62089,0.67573,0.62389,-1.43183,2.87030,-2.10756,2.24641,-2.10756,2.24641,0.00000,0.00000,0,0.00124,-0.10026,-0.11844,0.00400,-0.49618,-0.52965,-0.19375,-0.17800,0.00162,2.87711,2.90192,-0.13195,-0.11165,-0.00134,2.48685,2.30716,-0.16749,-0.14518,-0.02007,2.75340,2.68600,0.04127,0.05241,0.00151,1.22721,1.21497,-0.10739,-0.10586,0.00504,3.19672,3.11761
51.7668,0.65027,0.61559,0.65027,0.61559,0.66061,0.61860,-1.45186,2.85167,-2.11248,2.23307,-2.11248,2.23307,0.00000,0.00000,0,0.00033,-0.09961,-0.11795,0.00763,-0.52248,-0.48795,-0.19392,-0.17812,-0.00383,2.90137,2.96985,-0.13223,-0.11176,0.00111,2.55669,2.52129,-0.16794,-0.14875,-0.04551,2.54253,2.51951,0.04089,0.05241,0.00344,1.29901,1.37586,-0.10676,-0.10583,0.01367,3.17094,3.10045
51.8698,0.63732,0.60778,0.63732,0.60778,0.64350,0.61109,-1.47136,2.83325,-2.11487,2.22217,-2.11487,2.22217,0.00000,0.00000,0,0.00028,-0.09910,-0.11745,-0.00107,-0.54238,-0.50320,-0.19399,-0.17829,-0.00723,2.90862,3.00591,-0.13238,-0.11193,-0.01097,2.55690,2.49658,-0.16834,-0.15114,-0.02404,2.51048,2.50620,0.04053,0.05240,-0.00112,1.29293,1.37444,-0.10629,-0.10585,0.00001,3.13762,3.08880
51.9701,0.62701,0.60830,0.62701,0.60830,0.63250,0.60866,-1.49046,2.81498,-2.12295,2.20632,-2.12295,2.20632,0.00000,0.00000,0,0.00026,-0.09828,-0.11706,0.00027,-0.59527,-0.73962,-0.19429,-0.17840,-0.00144,2.94115,2.99937,-0.13281,-0.11206,-0.00576,2.63816,2.58411,-0.16883,-0.15211,-0.00759,2.53170,2.53015,0.04014,0.05241,0.00361,1.35901,1.25214,-0.10548,-0.10585,0.00123,3.09546,3.27127
52.0727,0.62343,0.61229,0.62343,0.61229,0.62644,0.61037,-1.50932,2.79670,-2.13576,2.18633,-2.13576,2.18633,0.00000,0.00000,0,0.00082,-0.09718,-0.11643,-0.00025,-0.68156,-0.69616,-0.19480,-0.17853,0.00257,3.00646,3.03985,-0.13348,-0.11226,-0.00406,2.70306,2.71246,-0.16940,-0.15266,-0.00070,2.61693,2.51893,0.03970,0.05240,-0.00212,1.42233,1.44783,-0.10439,-0.10584,-0.00060,3.02224,2.90509
52.1757,0.61848,0.61544,0.61848,0.61544,0.62157,0.61364,-1.52802,2.77833,-2.14959,2.16470,-2.14959,2.16470,0.00000,0.00000,0,0.00042,-0.09600,-0.11552,0.01442,-0.69518,-0.75453,-0.19535,-0.17877,-0.00268,3.08467,2.96787,-0.13419,-0.11248,-0.00636,2.76384,2.73738,-0.17001,-0.15313,-0.00394,2.63208,2.49332,0.03923,0.05240,-0.00110,1.47685,1.40499,-0.10322,-0.10582,-0.00291,2.93127,2.81152
52.2792,0.61114,0.61817,0.61114,0.61817,0.61410,0.61720,-1.54653,2.75985,-2.16064,2.14265,-2.16064,2.14265,0.00000,0.00000,0,0.00029,-0.09486,-0.11412,0.02402,-0.72083,-0.75986,-0.19577,-0.17902,-0.01309,3.08521,3.12594,-0.13478,-0.11278,-0.00103,2.85138,2.98133,-0.17069,-0.15352,-0.00595,2.69003,2.68086,0.03867,0.05238,-0.00793,1.51168,1.63383,-0.10210,-0.10579,0.00275,2.89751,2.72539
52.3802,0.59920,0.62829,0.59920,0.62829,0.60484,0.62423,-1.56480,2.74122,-2.16964,2.11699,-2.16964,2.11699,0.00000,0.00000,0,0.00028,-0.09361,-0.11161,0.03341,-0.65181,-0.70367,-0.19608,-0.17917,0.00354,3.16450,3.08817,-0.13530,-0.11301,0.00196,2.89658,2.87425,-0.17157,-0.15389,0.00530,2.75094,2.82169,0.03792,0.05238,-0.00941,1.56717,1.59086,-0.10090,-0.10578,0.00465,2.79175,2.78993
52.4807,0.56910,0.64973,0.56910,0.64973,0.58527,0.63857,-1.58266,2.72226,-2.16793,2.08369,-2.16793,2.08369,0.00000,0.00000,0,0.00030,-0.09226,-0.10192,0.24566,0.50148,0.02973,-0.19585,-0.17933,-0.00005,3.14319,3.35652,-0.13535,-0.11328,-0.00193,2.92976,2.95608,-0.17296,-0.15429,0.00058,2.84436,2.82651,0.03661,0.05240,-0.00097,1.72045,1.68942,-0.09969,-0.10577,0.00386,2.71357,2.66821
52.5831,0.48669,0.74027,0.48669,0.74027,0.51380,0.71134,-1.59892,2.70191,-2.11272,1.99056,-2.11272,1.99056,0.00000,0.00000,0,0.00157,-0.08950,-0.09154,0.01208,0.18804,0.25251,-0.19287,-0.17938,0.00377,2.99050,2.82842,-0.13323,-0.11336,0.00318,2.78705,2.71687,-0.17786,-0.15539,-0.01800,3.18771,3.31125,0.03165,0.05175,-0.01904,2.01040,1.87423,-0.09759,-0.10576,-0.00845,2.60658,2.55348
52.6873,0.47170,0.72705,0.47170,0.72705,0.47998,0.72475,-1.61364,2.68028,-2.09362,1.95553,-2.09362,1.95553,0.00000,0.00000,0,0.00238,-0.08843,-0.09132,0.01081,0.18985,0.20971,-0.19183,-0.17938,0.00373,2.95564,2.93068,-0.13251,-0.11339,0.00358,2.80680,2.77955,-0.17967,-0.15689,-0.00627,3.15457,3.24893,0.02982,0.05104,-0.01362,2.10901,2.24816,-0.09675,-0.10573,-0.00425,2.50997,2.67023
52.7865,0.46459,0.72921,0.46459,0.72921,0.46826,0.72819,-1.62779,2.65848,-2.09605,1.93029,-2.09605,1.93029,0.00000,0.00000,0,0.00043,-0.08733,-0.09125,-0.00126,0.08967,0.17074,-0.19183,-0.17940,-0.00504,2.97297,2.93628,-0.13272,-0.11351,-0.00269,2.83512,2.79740,-0.18065,-0.15740,-0.01118,3.21650,3.26377,0.02892,0.05075,-0.00359,2.19595,2.26468,-0.09574,-0.10571,0.00269,2.45878,2.39694
52.8869,0.46334,0.72792,-0.53666,0.72792,-0.29477,0.72838,-1.67744,2.63662,-1.38266,1.90824,-1.38266,1.90824,1.00000,0.00000,0,0.00028,-0.10087,-0.09173,-0.01872,1.04768,0.86849,-0.15856,-0.17846,0.04126,0.32052,0.65332,-0.10042,-0.11219,0.02601,0.28181,0.54670,-0.19555,-0.15985,-0.05799,4.21693,4.01004,0.00977,0.04597,-0.03565,3.45029,3.40732,-0.11330,-0.10586,-0.00074,3.90387,3.87119
52.9894,0.43745,0.71692,-0.56255,0.71692,-0.51191,0.71978,-1.66390,2.61492,-1.15200,1.89514,-1.15200,1.89514,1.00000,0.00000,0,0.00032,-0.10499,-0.09240,-0.00241,1.25725,1.22441,-0.14778,-0.17680,0.00929,0.17873,0.35887,-0.09001,-0.11129,0.00352,0.13246,0.02506,-0.20060,-0.16250,-0.01441,4.30479,4.32100,0.00333,0.04488,0.00132,3.65236,3.61494,-0.11877,-0.10590,-0.00215,3.96432,3.92638
53.0920,0.43451,0.71477,-0.56549,0.71477,-0.55686,0.71536,-1.64757,2.59343,-1.09071,1.87807,-1.09071,1.87807,1.00000,0.00000,0,0.00031,-0.10551,-0.09241,0.00084,1.22227,1.23039,-0.14486,-0.17663,-0.00082,0.13155,0.02726,-0.08729,-0.11119,0.00110,0.11549,0.05494,-0.20250,-0.16359,-0.01138,4.39714,4.35306,0.00110,0.04447,0.00309,3.71756,3.95266,-0.11972,-0.10588,0.00400,3.97302,3.91002
53.1941,0.42462,0.70598,-0.57538,0.70598,-0.57036,0.70938,-1.63058,2.57206,-1.06023,1.86268,-1.06023,1.86268,1.00000,0.00000,0,0.00027,-0.10549,-0.09242,-0.00134,1.21236,1.29207,-0.14338,-0.17635,0.00680,0.04262,-0.06614,-0.08597,-0.11108,0.00446,0.04943,0.14138,-0.20373,-0.16488,-0.01360,4.39780,4.39040,-0.00027,0.04408,0.00439,3.87403,3.71536,-0.11993,-0.10590,-0.00244,3.96002,3.82015
53.2953,0.41919,0.69656,-0.58081,0.69656,-0.57739,0.70044,-1.61335,2.55094,-1.03596,1.85051,-1.03596,1.85051,1.00000,0.00000,0,0.00029,-0.10547,-0.09245,-0.00434,1.24181,1.16534,-0.14221,-0.17604,0.00385,-0.07529,-0.06550,-0.08491,-0.11091,0.00852,-0.03756,0.10915,-0.20471,-0.16662,-0.02194,4.43474,4.36820,-0.00136,0.04357,-0.00426,3.94914,3.93993,-0.12010,-0.10590,0.00353,4.01396,4.00098
53.3970,0.40963,0.69211,-0.59037,0.69211,-0.58593,0.69498,-1.59587,2.53003,-1.00993,1.83505,-1.00993,1.83505,1.00000,0.00000,0,0.00030,-0.10535,-0.09246,0.00367,1.27668,1.19144,-0.14094,-0.17558,0.00554,-0.20002,-0.12140,-0.08379,-0.11070,0.00220,-0.17315,-0.11181,-0.20585,-0.16906,-0.02334,4.40612,4.46387,-0.00262,0.04297,-0.00293,4.08360,3.94428,-0.12019,-0.10592,-0.00896,4.02231,3.95162
53.4993,0.39460,0.68244,-0.60540,0.68244,-0.59885,0.68699,-1.57808,2.50931,-0.97922,1.82232,-0.97922,1.82232,1.00000,0.00000,0,0.00109,-0.10544,-0.09248,0.00331,1.28438,1.32639,-0.13946,-0.17501,0.00369,-0.32358,-0.20211,-0.08244,-0.11039,0.00468,-0.26898,-0.24412,-0.20697,-0.17194,-0.04371,4.32623,4.22094,-0.00390,0.04221,-0.00539,4.19169,4.12614,-0.12050,-0.10590,0.00300,4.09189,4.13030
53.5999,0.35649,0.66542,-0.64351,0.66542,-0.62552,0.67296,-1.55968,2.48894,-0.93416,1.81597,-0.93416,1.81597,1.00000,0.00000,0,0.00036,-0.10609,-0.09256,-0.00779,1.34896,1.38553,-0.13734,-0.17397,0.02136,-0.37410,-0.40190,-0.08042,-0.10994,0.00452,-0.43561,-0.46895,-0.20812,-0.17982,-0.16529,3.59946,3.74824,-0.00531,0.04072,-0.02485,4.19558,4.14643,-0.12143,-0.10591,0.00271,4.15941,4.21506
53.7001,0.27376,0.60969,-0.72624,0.60969,-0.69369,0.63074,-1.53973,2.46945,-0.84604,1.83870,-0.84604,1.83870,1.00000,0.00000,0,0.00030,-0.10881,-0.09278,-0.00485,1.51022,1.52568,-0.13334,-0.17224,0.03882,-0.54946,-0.53119,-0.07634,-0.10928,0.00784,-0.68406,-0.63565,-0.20890,-0.19049,-0.04254,3.38163,3.31336,-0.00671,0.03604,-0.04720,4.02698,3.87435,-0.12458,-0.10594,0.00260,4.36843,4.50978
53.8022,0.23201,0.59019,-0.76799,0.59019,-0.74738,0.60213,-1.51788,2.45107,-0.77051,1.84894,-0.77051,1.84894,1.00000,0.00000,0,0.00038,-0.11076,-0.09311,-0.00530,1.67872,1.55080,-0.12987,-0.16844,0.06070,-0.53521,-0.50669,-0.07288,-0.10814,0.01094,-0.90780,-0.78330,-0.20996,-0.19239,-0.01203,3.44160,3.39645,-0.00828,0.03251,-0.03069,4.00227,4.21168,-0.12692,-0.10598,-0.00215,4.59503,4.52080
53.9037,0.21294,0.48961,-0.78706,0.48961,-0.77953,0.52931,-1.49482,2.43410,-0.71529,1.90479,-0.71529,1.90479,1.00000,0.00000,0,0.00096,-0.11421,-0.09354,-0.01992,1.83719,1.86900,-0.12753,-0.15248,0.12345,0.41316,0.36518,-0.07017,-0.10661,0.00988,-1.05981,-1.09865,-0.20874,-0.19333,0.00187,3.39540,3.44851,-0.00758,0.02931,-0.02429,3.84658,3.73302,-0.13046,-0.10602,0.00415,4.84121,4.58844
54.0045,0.17437,0.44681,-0.82563,0.44681,-0.81058,0.46664,-1.47089,2.41949,-0.66031,1.95285,-0.66031,1.95285,1.00000,0.00000,0,0.00038,-0.11732,-0.09414,0.00317,2.11308,2.22662,-0.12517,-0.14996,0.01150,0.06741,0.03784,-0.06751,-0.10460,0.03082,-1.07088,-0.95662,-0.20784,-0.19377,-0.00910,3.26560,3.16303,-0.00717,0.02535,-0.05846,3.51781,3.61838,-0.13371,-0.10609,-0.00416,5.13097,5.11967
54.1059,0.13604,0.34942,-0.86396,0.34942,-0.84597,0.40240,-1.44597,2.40647,-0.60000,2.00407,-0.60000,2.00407,1.00000,0.00000,0,0.00032,-0.12068,-0.09458,-0.00324,2.22535,2.36742,-0.12257,-0.14882,0.01486,-0.07364,-0.15289,-0.06459,-0.09121,0.21644,0.12169,-0.12847,-0.20691,-0.19419,-0.00461,3.25348,3.28541,-0.00677,0.02089,-0.02416,3.46008,3.41954,-0.13720,-0.10610,0.00462,5.35520,5.43226
54.2081,0.10213,0.27002,-0.89787,0.27002,-0.88631,0.29833,-1.41979,2.39649,-0.53348,2.09816,-0.53348,2.09816,1.00000,0.00000,0,0.00095,-0.12595,-0.09606,-0.02033,2.60136,2.75974,-0.11985,-0.14801,0.00268,-0.27317,-0.27982,-0.06124,-0.08136,0.01008,-0.19572,-0.07198,-0.20434,-0.19428,-0.00544,3.07130,3.14795,-0.00491,0.02020,0.00388,3.33377,3.43096,-0.14248,-0.10621,0.00115,5.80835,5.84689
54.3081,0.09656,0.24788,-0.90344,0.24788,-0.89665,0.25940,-1.39305,2.38833,-0.49640,2.12893,-0.49640,2.12893,1.00000,0.00000,0,0.00030,-0.12799,-0.09696,-0.00943,2.72024,2.82692,-0.11825,-0.14728,-0.00379,-0.35188,-0.46842,-0.05945,-0.08046,0.00913,-0.30196,-0.22276,-0.20380,-0.19433,-0.00827,3.07250,3.14781,-0.00470,0.01962,0.00207,3.36736,3.39214,-0.14461,-0.10624,-0.00105,5.96118,5.99369
54.4111,0.09511,0.23659,-0.90489,0.23659,-0.90196,0.24227,-1.36606,2.38088,-0.46410,2.13862,-0.46410,2.13862,1.00000,0.00000,0,0.00025,-0.12904,-0.09752,-0.00867,2.78183,2.84531,-0.11679,-0.14675,0.00219,-0.45063,-0.42603,-0.05796,-0.08006,0.00347,-0.38286,-0.43299,-0.20404,-0.19439,0.00262,3.14236,3.05581,-0.00517,0.01904,-0.00216,3.40415,3.26695,-0.14581,-0.10627,-0.00575,5.91532,5.83386
54.5132,0.08899,0.22871,-0.91101,0.22871,-0.90735,0.23181,-1.33891,2.37383,-0.43157,2.14202,-0.43157,2.14202,1.00000,0.00000,0,0.00026,-0.12984,-0.09800,-0.01965,2.81764,2.84315,-0.11529,-0.14629,-0.00128,-0.56583,-0.46141,-0.05647,-0.07937,0.00500,-0.44955,-0.32364,-0.20453,-0.19451,-0.00154,3.17618,3.09289,-0.00588,0.01852,-0.01251,3.40811,3.62398,-0.14679,-0.10628,-0.00680,5.95935,5.97885
54.6154,0.08510,0.21929,-0.91490,0.21929,-0.91160,0.22427,-1.31163,2.36699,-0.40002,2.14272,-0.40002,2.14272,1.00000,0.00000,0,0.00034,-0.13051,-0.09857,-0.00624,2.90374,2.93945,-0.11383,-0.14562,0.00222,-0.65922,-0.57319,-0.05505,-0.07847,0.01542,-0.50771,-0.45655,-0.20511,-0.19463,-0.00320,3.22821,3.34582,-0.00667,0.01795,-0.01065,3.49728,3.57030,-0.14763,-0.10627,0.00071,5.97513,5.84707
54.7177,0.08126,0.20428,-0.91874,0.20428,-0.91550,0.21128,-1.28421,2.36048,-0.36870,2.14920,-0.36870,2.14920,1.00000,0.00000,0,0.00110,-0.13141,-0.09928,0.00058,2.97126,2.98648,-0.11240,-0.14495,0.00531,-0.75366,-0.68486,-0.05361,-0.07730,0.01714,-0.59666,-0.69641,-0.20546,-0.19482,0.00056,3.24013,3.25727,-0.00724,0.01732,-0.00935,3.56353,3.70508,-0.14869,-0.10627,-0.00117,5.93985,6.05947
54.8191,0.07858,0.18941,-0.92142,0.18941,-0.91977,0.19661,-1.25666,2.35440,-0.33689,2.15779,-0.33689,2.15779,1.00000,0.00000,0,0.00028,-0.13241,-0.10070,-0.00967,2.99359,2.93258,-0.11095,-0.14414,0.00852,-0.87086,-0.97152,-0.05214,-0.07603,0.00836,-0.64877,-0.60908,-0.20573,-0.19499,-0.00059,3.29044,3.25223,-0.00773,0.01663,-0.00902,3.58469,3.58856,-0.14984,-0.10629,-0.00668,5.93171,5.91817
54.9229,0.07169,0.17109,-0.92831,0.17109,-0.92557,0.17958,-1.22896,2.34881,-0.30339,2.16923,-0.30339,2.16923,1.00000,0.00000,0,0.00029,-0.13356,-0.10365,-0.03502,2.87076,2.75889,-0.10944,-0.14271,0.00659,-0.94887,-0.78726,-0.05058,-0.07516,0.00352,-0.74299,-0.83449,-0.20591,-0.19515,-0.00404,3.27934,3.42005,-0.00817,0.01545,-0.00728,3.58396,3.47397,-0.15115,-0.10626,0.00609,5.94638,5.94317
55.0238,0.06697,0.15581,-0.93303,0.15581,-0.93130,0.16322,-1.20109,2.34372,-0.26980,2.18051,-0.26980,2.18051,1.00000,0.00000,0,0.00026,-0.13471,-0.10757,-0.03030,2.75870,2.65920,-0.10792,-0.14167,0.01323,-1.05534,-1.02800,-0.04903,-0.07442,0.00410,-0.83166,-0.73043,-0.20610,-0.19533,-0.00374,3.30440,3.28388,-0.00861,0.01388,-0.02130,3.48844,3.52595,-0.15245,-0.10631,-0.01363,5.94964,5.95042
55.1270,0.05775,0.12693,-0.94225,0.12693,-0.93729,0.14059,-1.17307,2.33921,-0.23577,2.19862,-0.23577,2.19862,1.00000,0.00000,0,0.00037,-0.13615,-0.11180,-0.04461,2.60028,2.59266,-0.10641,-0.14074,0.00888,-1.11726,-1.16092,-0.04743,-0.07343,0.01338,-0.93025,-0.81136,-0.20602,-0.19561,-0.00803,3.30198,3.21591,-0.00880,0.01164,-0.02794,3.39142,3.38046,-0.15401,-0.10630,-0.00816,5.93281,6.03595
55.2311,0.05360,0.09953,-0.94640,0.09953,-0.94546,0.11253,-1.14478,2.33549,-0.19932,2.22296,-0.19932,2.22296,1.00000,0.00000,0,0.00189,-0.13791,-0.11527,-0.02550,2.61119,2.55879,-0.10481,-0.13993,0.00926,-1.21526,-1.30239,-0.04569,-0.07220,0.01507,-1.01382,-0.96967,-0.20572,-0.19575,-0.00078,3.29892,3.31507,-0.00882,0.00963,-0.00735,3.36750,3.30923,-0.15588,-0.10629,-0.00668,5.94890,5.98165
55.3301,0.05262,0.07165,-0.94738,0.07165,-0.94725,0.08392,-1.11637,2.33264,-0.16911,2.24872,-0.16911,2.24872,1.00000,0.00000,0,0.00028,-0.13959,-0.11687,-0.01020,2.68649,2.91891,-0.10351,-0.13875,0.01014,-1.29507,-1.25202,-0.04424,-0.07086,0.01626,-1.03650,-0.94351,-0.20525,-0.19590,0.00188,3.30980,3.27340,-0.00862,0.00889,0.00191,3.39236,3.45188,-0.15764,-0.10627,0.00537,5.95954,6.02182
55.4310,0.04727,0.03950,-0.95273,0.03950,-0.95165,0.05537,-1.08787,2.33062,-0.13622,2.27525,-0.13622,2.27525,1.00000,0.00000,0,0.00027,-0.14137,-0.11778,-0.00282,2.78286,2.84710,-0.10208,-0.13782,0.01497,-1.37411,-1.37725,-0.04266,-0.06775,0.06607,-0.83961,-0.90807,-0.20480,-0.19603,-0.00196,3.28211,3.05100,-0.00846,0.00836,0.00104,3.40458,3.58991,-0.15949,-0.10630,-0.00877,5.94165,5.90541
55.5326,0.02565,-0.04646,-0.97435,-0.04646,-0.96432,-0.01182,-1.05916,2.32998,-0.09483,2.34181,-0.09483,2.34181,1.00000,0.00000,32,0.00029,-0.14499,-0.11881,-0.01368,2.96536,2.87530,-0.10041,-0.13533,0.02584,-1.33893,-1.46350,-0.04057,-0.05915,0.02568,-0.57020,-0.60330,-0.20287,-0.19613,-0.00889,3.16496,3.13176,-0.00700,0.00811,0.00371,3.29458,3.37914,-0.16308,-0.10628,0.00201,5.95149,5.91222
55.6342,0.03105,-0.11308,-0.96895,-0.11308,-0.96615,-0.07721,-1.03018,2.33145,-0.06403,2.40866,-0.06403,2.40866,1.00000,0.00000,0,0.00043,-0.14841,-0.12026,-0.01063,3.14061,3.14176,-0.09923,-0.12634,0.09211,-0.73561,-0.65659,-0.03895,-0.05386,0.16588,0.02529,-0.24848,-0.20073,-0.19611,0.00150,3.05195,3.16592,-0.00526,0.00800,-0.00377,3.19118,3.16565,-0.16640,-0.10631,-0.00841,5.93272,5.79213
55.7354,0.01928,-0.25619,-0.98072,-0.25619,-0.97656,-0.20838,-1.00104,2.33625,-0.02447,2.54463,-0.02447,2.54463,1.00000,0.00000,0,0.00027,-0.15490,-0.12232,-0.03696,3.45052,3.48599,-0.09791,-0.12319,0.03102,-0.85806,-0.85862,-0.03670,-0.04136,0.05512,0.32313,0.24108,-0.19591,-0.19610,-0.00601,2.68383,2.84597,-0.00110,0.00801,0.00745,2.94454,2.88311,-0.17255,-0.10628,0.00590,5.95180,5.78898
55.8364,0.02763,-0.37404,0.02763,-0.37404,-0.67282,-0.30702,-0.92744,2.34413,-0.30078,2.65116,-0.25463,2.65116,0.00000,0.00000,1,0.00029,-0.15472,-0.12498,-0.02531,3.58861,3.54455,-0.10905,-0.11012,0.02371,-0.17734,0.01817,-0.04670,-0.04004,0.02125,0.17907,0.15490,-0.18708,-0.19608,0.00286,2.53284,2.52158,0.00893,0.00800,0.00080,2.79476,2.69078,-0.17057,-0.10629,-0.00328,5.96361,5.96602
55.9413,0.03775,-0.39887,0.03775,-0.39887,-0.07899,-0.38146,-0.92041,2.35492,-0.84142,2.73638,-0.84142,2.73638,0.00000,0.00000,0,0.00025,-0.14642,-0.12559,0.00583,2.70870,2.76580,-0.13675,-0.11594,-0.04086,2.30072,2.28561,-0.07284,-0.04377,-0.02290,2.70989,2.65822,-0.17219,-0.19519,0.00197,1.05403,1.05980,0.02738,0.00836,-0.00313,0.89206,0.93131,-0.15855,-0.10617,-0.00713,4.58033,4.61026
56.0436,0.04398,-0.38868,0.04398,-0.38868,0.02510,-0.38962,-0.92030,2.36660,-0.94540,2.75622,-0.94540,2.75622,0.00000,0.00000,0,0.00109,-0.14514,-0.12561,0.01078,2.83965,2.86469,-0.14169,-0.11731,0.00065,2.25699,2.23509,-0.07745,-0.04512,0.00863,2.63839,2.50353,-0.16936,-0.19506,0.00663,1.03445,1.09060,0.03082,0.00842,0.00114,0.91810,0.83383,-0.15660,-0.10616,-0.00130,4.74073,4.78461
56.1446,0.05651,-0.39120,0.05651,-0.39120,0.05055,-0.39044,-0.92158,2.37830,-0.97213,2.76875,-0.97213,2.76875,0.00000,0.00000,0,0.00026,-0.14513,-0.12567,-0.00036,2.89745,2.65990,-0.14298,-0.11752,-0.00132,2.23092,2.36612,-0.07861,-0.04567,0.00330,2.60954,2.55972,-0.16833,-0.19503,0.00206,0.99696,0.98515,0.03199,0.00844,0.00321,0.88400,0.88039,-0.15638,-0.10614,0.01362,4.93923,4.87714
56.2489,0.05274,-0.38768,0.05274,-0.38768,0.05371,-0.38896,-0.92318,2.39000,-0.97689,2.77895,-0.97689,2.77895,0.00000,0.00000,0,0.00031,-0.14546,-0.12577,-0.00513,2.90626,2.84999,-0.14325,-0.11786,-0.00759,2.27685,2.24024,-0.07878,-0.04615,-0.00691,2.62723,2.62186,-0.16782,-0.19498,-0.00152,0.90384,0.89784,0.03250,0.00846,0.00375,0.83931,0.89704,-0.15664,-0.10618,-0.00027,5.02637,4.83577
56.3499,0.05398,-0.38808,0.05398,-0.38808,0.05317,-0.38818,-0.92476,2.40165,-0.97794,2.78983,-0.97794,2.78983,0.00000,0.00000,0,0.00029,-0.14589,-0.12584,-0.00046,3.00769,2.87249,-0.14334,-0.11845,-0.01366,2.24243,2.31959,-0.07879,-0.04655,-0.00883,2.63353,2.65530,-0.16735,-0.19490,0.00436,0.86284,0.79843,0.03294,0.00848,0.00729,0.77173,0.82572,-0.15703,-0.10619,0.00175,5.14510,5.16148
56.4535,0.05718,-0.38409,0.05718,-0.38409,0.05543,-0.38568,-0.92640,2.41325,-0.98182,2.79893,-0.98182,2.79893,0.00000,0.00000,0,0.00040,-0.14619,-0.12591,0.00793,3.07672,3.16022,-0.14356,-0.11983,-0.01677,2.19676,2.17135,-0.07893,-0.04697,-0.00136,2.70524,2.57227,-0.16691,-0.19477,0.00638,0.79836,0.74434,0.03339,0.00851,-0.00441,0.66789,0.66229,-0.15727,-0.10622,-0.00653,5.25873,5.20216
56.5563,0.05417,-0.37772,0.05417,-0.37772,0.05455,-0.38033,-0.92804,2.42473,-0.98260,2.80506,-0.98260,2.80506,0.00000,0.00000,0,0.00034,-0.14643,-0.12599,0.00583,3.10601,2.97825,-0.14362,-0.12131,-0.01832,2.16822,2.10642,-0.07894,-0.04736,-0.00554,2.74690,2.72670,-0.16664,-0.19471,-0.00048,0.72394,0.66139,0.03364,0.00856,-0.00320,0.57897,0.46847,-0.15748,-0.10622,-0.00161,5.33518,5.40971
56.6588,0.05405,-0.37646,0.05405,-0.37646,0.05370,-0.37740,-0.92967,2.43608,-0.98336,2.81348,-0.98336,2.81348,0.00000,0.00000,0,0.00108,-0.14677,-0.12612,0.00397,3.15251,2.97834,-0.14369,-0.12246,-0.01058,2.13692,2.11742,-0.07895,-0.04788,-0.00820,2.75375,2.66940,-0.16628,-0.19462,0.00097,0.63420,0.65174,0.03399,0.00864,0.00057,0.53928,0.52397,-0.15778,-0.10623,-0.00183,5.47372,5.35946
56.7590,0.05556,-0.37106,0.05556,-0.37106,0.05404,-0.37313,-0.93127,2.44732,-0.98531,2.82045,-0.98531,2.82045,0.00000,0.00000,0,0.00033,-0.14702,-0.12634,0.00065,3.19431,3.16111,-0.14381,-0.12337,-0.01324,2.12214,2.09427,-0.07901,-0.04830,0.01271,2.81808,2.69625,-0.16596,-0.19452,-0.00054,0.58792,0.44698,0.03430,0.00872,0.00207,0.49450,0.47667,-0.15799,-0.10624,-0.00080,5.54432,5.46984
56.8594,0.05783,-0.36808,0.05783,-0.36808,0.05744,-0.36929,-0.93296,2.45845,-0.99039,2.82774,-0.99039,2.82774,0.00000,0.00000,0,0.00027,-0.14723,-0.12663,-0.01419,3.18067,3.06642,-0.14408,-0.12398,-0.00257,2.17641,2.28006,-0.07921,-0.04891,-0.01355,2.80714,2.85241,-0.16556,-0.19439,0.00046,0.52073,0.51883,0.03471,0.00881,-0.00072,0.43007,0.47736,-0.15813,-0.10625,0.00219,5.67893,5.66869
56.9605,0.05776,-0.36336,0.05776,-0.36336,0.05707,-0.36515,-0.93466,2.46946,-0.99173,2.83461,-0.99173,2.83461,0.00000,0.00000,0,0.00033,-0.14749,-0.12691,0.00272,3.25263,3.08535,-0.14417,-0.12441,-0.00126,2.22306,2.15211,-0.07925,-0.04942,-0.01932,2.82741,2.79166,-0.16526,-0.19429,0.00414,0.45829,0.39825,0.03501,0.00893,-0.00731,0.38685,0.37069,-0.15836,-0.10626,0.00401,5.78928,5.75819
57.0623,0.05712,-0.36234,0.05712,-0.36234,0.05790,-0.36332,-0.93640,2.48038,-0.99430,2.84370,-0.99430,2.84370,0.00000,0.00000,0,0.00036,-0.14781,-0.12732,-0.00464,3.27068,3.41026,-0.14433,-0.12496,-0.01867,2.18790,2.26382,-0.07933,-0.04989,-0.00270,2.88534,2.79999,-0.16483,-0.19418,0.00332,0.38380,0.44801,0.03542,0.00907,0.00096,0.31441,0.40618,-0.15863,-0.10628,0.00679,5.90023,5.83626
57.1641,0.05912,-0.35982,0.05912,-0.35982,0.05842,-0.36088,-0.93814,2.49124,-0.99656,2.85212,-0.99656,2.85212,0.00000,0.00000,0,0.00030,-0.14812,-0.12783,-0.00160,3.29561,3.16989,-0.14447,-0.12527,0.00202,2.23577,2.18141,-0.07940,-0.05050,-0.00943,2.88561,2.93087,-0.16445,-0.19402,0.00954,0.32146,0.52707,0.03580,0.00915,-0.00559,0.24769,0.22106,-0.15889,-0.10629,-0.00123,5.96874,5.89694
57.2651,0.05867,-0.35339,0.05867,-0.35339,0.05898,-0.35534,-0.93991,2.50197,-0.99888,2.85730,-0.99888,2.85730,0.00000,0.00000,0,0.00028,-0.14829,-0.12852,-0.00582,3.27341,3.29745,-0.14460,-0.12558,-0.00235,2.27625,2.38486,-0.07948,-0.05128,-0.01232,2.89112,2.86145,-0.16419,-0.19390,-0.00224,0.25045,0.34960,0.03606,0.00931,0.00035,0.16517,0.30452,-0.15903,-0.10630,-0.00074,5.95050,5.95009
57.3690,0.06087,-0.35062,0.06087,-0.35062,0.06039,-0.35190,-0.94171,2.51256,-1.00210,2.86447,-1.00210,2.86447,0.00000,0.00000,0,0.00141,-0.14853,-0.12928,-0.01171,3.27643,3.49840,-0.14478,-0.12588,-0.00852,2.25512,2.38524,-0.07960,-0.05233,-0.01031,2.88876,2.92461,-0.16383,-0.19371,-0.00470,0.17631,0.24387,0.03641,0.00946,0.00531,0.13109,0.08791,-0.15921,-0.10631,-0.00340,5.93702,5.92063
57.4709,0.06416,-0.34091,0.06416,-0.34091,0.06275,-0.34554,-0.94355,2.52304,-1.00630,2.86858,-1.00630,2.86858,0.00000,0.00000,0,0.00101,-0.14861,-0.13041,-0.01630,3.25581,3.19404,-0.14499,-0.12619,0.00900,2.34347,2.35977,-0.07978,-0.05403,-0.03666,2.76775,2.88611,-0.16359,-0.19357,0.00030,0.10789,0.04899,0.03668,0.00960,0.01074,0.10208,0.07704,-0.15926,-0.10630,0.00307,5.95016,6.00752
57.5719,0.07286,-0.31142,0.07286,-0.31142,0.06873,-0.32540,-0.94554,2.53309,-1.01427,2.85848,-1.01427,2.85848,0.00000,0.00000,0,0.00032,-0.14803,-0.13143,-0.01468,3.19486,3.34305,-0.14532,-0.12656,-0.00694,2.32167,2.43000,-0.08017,-0.05944,-0.04777,2.46476,2.56558,-0.16384,-0.19343,0.00714,0.11320,0.13835,0.03650,0.00972,-0.00149,0.06305,-0.02810,-0.15867,-0.10629,0.00509,5.92602,5.80638
57.6735,0.08300,-0.28703,0.08300,-0.28703,0.07815,-0.29708,-0.94777,2.54230,-1.02591,2.83937,-1.02591,2.83937,0.00000,0.00000,0,0.00027,-0.14699,-0.13221,0.00477,3.13290,2.99035,-0.14578,-0.12709,0.00558,2.40093,2.47483,-0.08077,-0.06284,-0.02089,2.42231,2.43101,-0.16440,-0.19339,-0.00336,0.06602,0.11677,0.03607,0.00977,0.00430,0.03794,0.17698,-0.15765,-0.10630,0.00041,5.94912,6.02543
57.7760,0.09029,-0.27740,0.09029,-0.27740,0.08705,-0.28288,-0.95029,2.55094,-1.03734,2.83382,-1.03734,2.83382,0.00000,0.00000,0,0.00188,-0.14653,-0.13296,-0.01741,3.05033,3.07134,-0.14630,-0.12771,-0.00624,2.38865,2.40180,-0.08130,-0.06418,-0.01220,2.43121,2.26098,-0.16440,-0.19328,-0.00340,0.00061,0.01631,0.03615,0.00985,-0.00539,-0.04122,-0.00660,-0.15715,-0.10630,-0.00331,5.96248,6.09401
57.8777,0.09342,-0.27086,0.09342,-0.27086,0.09205,-0.27413,-0.95299,2.55926,-1.04504,2.83339,-1.04504,2.83339,0.00000,0.00000,0,0.00036,-0.14635,-0.13385,-0.02202,3.01049,2.94707,-0.14665,-0.12836,-0.01012,2.40918,2.29355,-0.08165,-0.06589,-0.02368,2.36842,2.46271,-0.16427,-0.19310,0.00857,-0.02121,-0.00991,0.03634,0.00996,-0.00161,-0.08876,-0.08436,-0.15693,-0.10630,0.00229,5.97405,5.92431
57.9801,0.09774,-0.25299,0.09774,-0.25299,0.09609,-0.26076,-0.95583,2.56727,-1.05192,2.82803,-1.05192,2.82803,0.00000,0.00000,0,0.00029,-0.14599,-0.13478,-0.00505,2.96691,2.88817,-0.14695,-0.12916,-0.01075,2.39740,2.43940,-0.08198,-0.06870,-0.03614,2.17186,2.20655,-0.16435,-0.19299,-0.00161,-0.06231,-0.07308,0.03631,0.01006,0.00503,-0.13491,-0.11234,-0.15655,-0.10631,-0.00386,5.95669,5.80398
58.0805,0.10656,-0.21973,0.10656,-0.21973,0.10210,-0.23474,-0.95880,2.57465,-1.06090,2.80939,-1.06090,2.80939,0.00000,0.00000,0,0.00036,-0.14503,-0.13561,-0.02008,2.84001,2.95205,-0.14730,-0.13082,-0.02618,2.32649,2.28277,-0.08246,-0.07271,-0.03918,1.97572,1.97514,-0.16494,-0.19287,0.00896,-0.06491,-0.00539,0.03583,0.01012,0.01315,-0.15167,-0.03691,-0.15562,-0.10630,0.00524,5.90678,6.01587
58.1840,0.11378,-0.17522,0.11378,-0.17522,0.11074,-0.19584,-0.96203,2.58102,-1.07277,2.77686,-1.07277,2.77686,0.00000,0.00000,0,0.00028,-0.14342,-0.13611,0.00037,2.76481,2.77830,-0.14772,-0.13597,-0.04782,1.97059,1.91521,-0.08311,-0.07493,-0.01440,1.98189,1.88275,-0.16604,-0.19286,-0.00944,-0.01520,-0.07099,0.03490,0.01016,-0.00359,-0.12225,-0.18873,-0.15408,-0.10630,0.00402,5.92227,5.81762
58.2861,0.11271,-0.14472,0.11271,-0.14472,0.11279,-0.15871,-0.96540,2.58620,-1.07819,2.74491,-1.07819,2.74491,0.00000,0.00000,0,0.00059,-0.14198,-0.13636,0.00134,2.66928,2.60233,-0.14784,-0.13920,-0.01659,1.92201,1.88415,-0.08348,-0.07554,-0.00146,1.99740,2.10673,-0.16724,-0.19281,0.00742,-0.00057,-0.03666,0.03382,0.01017,-0.00117,-0.07266,0.00420,-0.15274,-0.10630,0.00374,5.92084,5.91285
58.3878,0.11420,-0.13705,0.11420,-0.13705,0.11417,-0.14184,-0.96881,2.59062,-1.08298,2.73246,-1.08298,2.73246,0.00000,0.00000,0,0.00039,-0.14136,-0.13651,-0.00497,2.62171,2.63025,-0.14801,-0.13993,-0.00046,1.95641,2.01318,-0.08374,-0.07607,-0.00580,2.00185,1.99292,-0.16765,-0.19280,-0.00189,-0.03891,-0.01500,0.03347,0.01015,-0.01137,-0.15545,-0.19301,-0.15215,-0.10630,0.00730,5.92821,5.99819
58.4894,0.11309,-0.13397,0.11309,-0.13397,0.11323,-0.13604,-0.97222,2.59476,-1.08545,2.73080,-1.08545,2.73080,0.00000,0.00000,0,0.00028,-0.14124,-0.13669,0.00828,2.65795,2.66385,-0.14812,-0.14021,-0.00097,1.93331,1.97186,-0.08386,-0.07644,-0.00320,1.96792,1.88902,-0.16767,-0.19276,0.00054,-0.09203,-0.13277,0.03347,0.01019,-0.00653,-0.18696,-0.19359,-0.15202,-0.10630,0.00665,5.95030,6.05898
58.5897,0.11472,-0.13508,0.11472,-0.13508,0.11446,-0.13447,-0.97564,2.59880,-1.09010,2.73327,-1.09010,2.73327,0.00000,0.00000,0,0.00027,-0.14125,-0.13689,-0.00101,2.64886,2.65154,-0.14835,-0.14040,-0.00279,1.94677,1.91163,-0.08406,-0.07667,-0.00697,2.00685,1.99821,-0.16748,-0.19268,-0.00169,-0.14412,-0.25186,0.03368,0.01028,-0.00053,-0.19570,-0.20037,-0.15199,-0.10631,0.00576,5.95996,6.07484
58.6932,0.11111,-0.13621,0.11111,-0.13621,0.11171,-0.13562,-0.97902,2.60286,-1.09072,2.73848,-1.09072,2.73848,0.00000,0.00000,0,0.00033,-0.14145,-0.13725,-0.00521,2.64075,2.75223,-0.14840,-0.14058,-0.00413,1.91143,2.10245,-0.08406,-0.07686,-0.00398,1.97959,1.97303,-0.16726,-0.19257,0.00614,-0.17861,-0.11803,0.03390,0.01038,0.00151,-0.27619,-0.30220,-0.15217,-0.10633,-0.00306,5.93161,5.92474
58.7959,0.11806,-0.13602,0.11806,-0.13602,0.11502,-0.13600,-0.98241,2.60694,-1.09744,2.74294,-1.09744,2.74294,0.00000,0.00000,0,0.00114,-0.14151,-0.13768,-0.00658,2.61731,2.67304,-0.14873,-0.14073,0.00036,1.97501,2.06135,-0.08435,-0.07704,-0.00023,2.02225,1.95717,-0.16694,-0.19237,-0.00946,-0.24548,-0.26462,0.03424,0.01053,-0.00185,-0.32854,-0.32356,-0.15217,-0.10634,-0.01006,5.92362,6.12394
58.8954,0.11810,-0.13600,-0.88190,-0.13600,-0.54014,-0.13599,-1.02781,2.61102,-0.48766,2.74701,-0.48766,2.74701,1.00000,0.00000,0,0.00027,-0.15402,-0.14004,-0.12638,3.22665,3.07719,-0.12029,-0.14074,0.01009,-0.45425,0.29590,-0.05686,-0.07664,0.00443,0.60634,0.72715,-0.17863,-0.19212,0.00281,0.34897,0.28914,0.01863,0.01071,-0.00025,1.00267,0.37460,-0.16812,-0.10633,-0.00848,5.95801,5.99472
58.9971,0.15835,-0.18156,-0.84165,-0.18156,-0.79986,-0.16241,-1.00570,2.61544,-0.20585,2.77785,-0.20585,2.77785,1.00000,0.00000,0,0.00026,-0.16101,-0.15021,-0.07907,3.00301,2.93207,-0.10727,-0.13782,-0.00111,-0.73277,-0.77632,-0.04407,-0.07397,0.00401,-0.58633,-0.55104,-0.18284,-0.19231,0.00524,0.76326,0.82980,0.01249,0.01070,0.01492,1.09509,1.09920,-0.17661,-0.10630,0.01026,5.93853,6.02165
59.0994,0.19795,-0.20551,-0.80205,-0.20551,-0.80959,-0.19304,-0.98133,2.62089,-0.17174,2.81393,-0.17174,2.81393,1.00000,0.00000,0,0.00026,-0.16322,-0.15549,-0.02312,2.89822,2.91422,-0.10582,-0.13773,0.00066,-0.60746,-0.50425,-0.04241,-0.07388,-0.00113,-0.47988,-0.40938,-0.18202,-0.19231,0.00071,0.59665,0.58835,0.01298,0.01067,-0.00212,0.93103,1.00028,-0.17885,-0.10633,-0.00422,5.94112,5.91786
59.2025,0.20670,-0.21090,-0.79330,-0.21090,-0.79680,-0.20693,-0.95729,2.62696,-0.16049,2.83389,-0.16049,2.83389,1.00000,0.00000,0,0.00048,-0.16428,-0.15663,0.00223,2.93632,2.85643,-0.10537,-0.13774,-0.00010,-0.64812,-0.61048,-0.04184,-0.07385,-0.00364,-0.52203,-0.53701,-0.18142,-0.19231,0.00204,0.50691,0.40662,0.01345,0.01066,-0.00380,0.88169,0.87545,-0.17989,-0.10632,-0.00041,5.95276,5.97769
59.3036,0.21152,-0.21268,-0.78848,-0.21268,-0.79048,-0.21192,-0.93352,2.63327,-0.14304,2.84519,-0.14304,2.84519,1.00000,0.00000,0,0.00041,-0.16511,-0.15719,-0.00146,2.94556,2.92079,-0.10460,-0.13767,0.00375,-0.76118,-0.74232,-0.04101,-0.07370,0.00529,-0.65376,-0.58114,-0.18130,-0.19230,0.00442,0.52432,0.36505,0.01343,0.01068,0.00496,0.90190,0.89520,-0.18077,-0.10631,0.00961,5.98651,6.07914
59.4046,0.21500,-0.21307,-0.78500,-0.21307,-0.78681,-0.21308,-0.90986,2.63966,-0.12305,2.85274,-0.12305,2.85274,1.00000,0.00000,0,0.00037,-0.16583,-0.15761,-0.00037,2.98433,2.97690,-0.10369,-0.13733,-0.00214,-0.85699,-0.89529,-0.04009,-0.07329,0.00664,-0.71212,-0.74033,-0.18138,-0.19231,0.00185,0.50056,0.56942,0.01320,0.01068,0.00315,0.90830,0.94352,-0.18158,-0.10632,0.00292,5.95851,5.98534
59.5063,0.22039,-0.21640,-0.77961,-0.21640,-0.78161,-0.21567,-0.88636,2.64610,-0.10475,2.86177,-0.10475,2.86177,1.00000,0.00000,0,0.00047,-0.16657,-0.15795,-0.00706,3.04517,3.05512,-0.10288,-0.13674,0.00795,-0.91526,-0.88342,-0.03924,-0.07273,0.00019,-0.77669,-0.76068,-0.18136,-0.19230,0.00187,0.44978,0.58548,0.01307,0.01069,0.00831,0.93464,0.87375,-0.18239,-0.10631,0.00300,5.93627,6.06238
59.6069,0.22198,-0.21928,-0.77802,-0.21928,-0.77810,-0.21833,-0.86298,2.65262,-0.08488,2.87095,-0.08488,2.87095,1.00000,0.00000,0,0.00034,-0.16736,-0.15827,0.00697,3.03884,2.98268,-0.10198,-0.13588,0.01075,-0.95999,-1.09439,-0.03831,-0.07200,0.00841,-0.86101,-0.72565,-0.18137,-0.19231,-0.00369,0.44642,0.44576,0.01290,0.01069,0.00809,0.92784,0.93712,-0.18326,-0.10631,0.00535,5.93640,5.77626
59.7100,0.22819,-0.22220,-0.77181,-0.22220,-0.77409,-0.22117,-0.83972,2.65922,-0.06563,2.88039,-0.06563,2.88039,1.00000,0.00000,0,0.00030,-0.16815,-0.15860,-0.00812,3.11487,3.29043,-0.10112,-0.13504,0.01484,-1.07718,-1.00180,-0.03741,-0.07134,0.00422,-0.93801,-1.01540,-0.18136,-0.19230,0.00127,0.41656,0.53064,0.01276,0.01065,-0.00799,0.92221,0.85731,-0.18411,-0.10633,-0.00674,5.98156,5.97926
59.8105,0.22448,-0.22960,-0.77552,-0.22960,-0.77462,-0.22524,-0.81649,2.66590,-0.04187,2.89114,-0.04187,2.89114,1.00000,0.00000,0,0.00027,-0.16908,-0.15884,-0.00200,3.17628,3.07779,-0.10006,-0.13390,0.00841,-1.07780,-1.20076,-0.03631,-0.06916,0.03834,-0.84616,-0.90783,-0.18138,-0.19230,-0.00284,0.42165,0.40434,0.01255,0.01067,0.00354,0.93120,0.80225,-0.18513,-0.10633,0.00263,5.96361,6.13202
59.9133,0.21594,-0.29504,-0.78406,-0.29504,-0.77771,-0.26206,-0.79324,2.67316,-0.01553,2.93522,-0.01553,2.93522,1.00000,0.00000,0,0.00032,-0.17146,-0.15923,-0.00618,3.30638,3.14709,-0.09900,-0.12838,0.08347,-0.66431,-0.55109,-0.03498,-0.06031,0.01771,-0.48543,-0.44829,-0.18008,-0.19231,-0.00859,0.30818,0.36301,0.01355,0.01069,0.00940,0.85585,0.80947,-0.18748,-0.10632,0.00423,5.95884,5.80427
60.0161,0.22078,-0.32986,-0.77922,-0.32986,-0.77971,-0.31124,-0.76980,2.68198,0.00990,2.99322,0.00990,2.99322,1.00000,0.00000,0,0.00029,-0.17441,-0.16008,-0.00613,3.52831,3.53332,-0.09803,-0.12597,0.00706,-0.84260,-0.86773,-0.03364,-0.05876,0.01238,-0.56232,-0.60770,-0.17820,-0.19226,0.00159,0.18901,0.27854,0.01510,0.01069,0.00735,0.75262,0.77126,-0.19032,-0.10634,-0.00199,5.95482,5.98619
60.1214,0.22544,-0.35024,-0.77456,-0.35024,-0.77774,-0.33873,-0.74642,2.69182,0.03132,3.03055,0.03132,3.03055,1.00000,0.00000,0,0.00260,-0.17641,-0.16084,-0.01337,3.55735,3.47465,-0.09718,-0.12508,0.01668,-0.84729,-0.75874,-0.03255,-0.05390,0.14167,0.02212,-0.20132,-0.17709,-0.19226,-0.00313,0.05528,0.11103,0.01596,0.01068,-0.00070,0.67293,0.66411,-0.19228,-0.10633,0.00091,5.95949,5.99553
60.2201,0.19885,-0.45419,-0.80115,-0.45419,-0.79207,-0.42016,-0.72290,2.70338,0.06918,3.12354,0.06918,3.12354,1.00000,0.00000,0,0.00026,-0.18108,-0.16188,-0.02559,3.85598,3.91901,-0.09576,-0.12315,0.02802,-0.88740,-0.84566,-0.03054,-0.04228,0.05970,0.30326,0.40425,-0.17401,-0.19218,-0.01313,-0.22160,-0.20434,0.01852,0.01068,0.00086,0.45332,0.49595,-0.19676,-0.10635,-0.00642,5.96887,6.02290
60.3214,0.20298,-0.55693,-0.79702,-0.55693,-0.79456,-0.49840,-0.69910,2.71721,0.09546,3.21561,0.09546,3.21561,1.00000,0.00000,0,0.00028,-0.18547,-0.16297,-0.00738,4.07654,4.17726,-0.09489,-0.11028,0.02783,-0.09714,0.03011,-0.02905,-0.04035,0.01271,0.18397,0.16257,-0.17076,-0.19197,0.00553,-0.39800,-0.32221,0.02135,0.01066,-0.00964,0.30679,0.36819,-0.20091,-0.10633,-0.00267,5.96946,5.94980
60.4239,0.20757,-0.57649,-0.79243,-0.57649,-0.78815,-0.56041,-0.67548,2.73346,0.11267,3.29387,0.11267,3.29387,1.00000,0.00000,0,0.00097,-0.18911,-0.16410,-0.00809,4.31521,4.16955,-0.09438,-0.10841,0.01659,-0.15364,-0.12868,-0.02802,-0.04005,-0.00160,0.10613,0.08505,-0.16789,-0.19009,0.02971,-0.43452,-0.36757,0.02388,0.01070,0.00775,0.13576,0.10174,-0.20429,-0.10632,0.00401,5.97330,5.93618
60.5262,0.21665,-0.60250,-0.78335,-0.60250,-0.78296,-0.58898,-0.65194,2.75077,0.13102,3.33975,0.13102,3.33975,1.00000,0.00000,0,0.00204,-0.19141,-0.16491,-0.01551,4.41322,4.40941,-0.09370,-0.10395,0.01496,0.06304,0.02616,-0.02705,-0.03973,0.00200,0.06245,0.06658,-0.16637,-0.18942,0.00530,-0.59399,-0.54039,0.02515,0.01069,0.00018,0.00308,-0.02269,-0.20650,-0.10633,0.00365,5.95599,6.04081
60.6281,0.21999,-0.62397,-0.78001,-0.62397,-0.77948,-0.61471,-0.62853,2.76895,0.15095,3.38366,0.15095,3.38366,1.00000,0.00000,0,0.00035,-0.19366,-0.16582,-0.00376,4.55593,4.52709,-0.09293,-0.10261,0.00511,0.07898,0.02955,-0.02601,-0.03933,0.00173,-0.01942,-0.02777,-0.16496,-0.18895,0.01027,-0.63331,-0.67569,0.02631,0.01069,-0.00345,-0.02573,-0.05093,-0.20866,-0.10634,-0.00282,5.96998,6.07826
60.7295,0.22399,-0.62918,-0.77601,-0.62918,-0.77788,-0.62562,-0.60516,2.78760,0.17272,3.41323,0.17272,3.41323,1.00000,0.00000,0,0.00031,-0.19534,-0.16676,-0.01027,4.64810,4.70714,-0.09203,-0.10187,0.00893,0.04175,0.10512,-0.02494,-0.03901,0.00089,-0.09070,-0.02662,-0.16417,-0.18865,-0.00893,-0.75681,-0.83439,0.02687,0.01070,0.00167,-0.09177,-0.18103,-0.21034,-0.10634,0.00105,5.96641,6.03891
60.8303,0.22753,-0.64047,-0.77247,-0.64047,-0.77459,-0.63588,-0.58186,2.80656,0.19273,3.44244,0.19273,3.44244,1.00000,0.00000,0,0.00033,-0.19698,-0.16780,-0.00433,4.71610,4.88958,-0.09120,-0.10120,0.00386,-0.01703,-0.03047,-0.02395,-0.03875,0.00631,-0.15203,-0.09121,-0.16337,-0.18830,0.00162,-0.78544,-0.80883,0.02746,0.01072,0.00891,-0.18135,-0.14559,-0.21196,-0.10633,0.00405,5.97917,6.00702
60.9325,0.23410,-0.65200,-0.76590,-0.65200,-0.76937,-0.64641,-0.55872,2.82581,0.21066,3.47222,0.21066,3.47222,1.00000,0.00000,0,0.00031,-0.19859,-0.16909,-0.00650,4.74999,4.70106,-0.09048,-0.10072,0.00926,-0.03416,-0.05214,-0.02305,-0.03845,-0.00207,-0.23452,-0.32563,-0.16250,-0.18797,-0.00603,-0.89536,-0.82192,0.02813,0.01069,-0.00085,-0.24814,-0.33404,-0.21354,-0.10633,0.00377,5.96589,5.90167
61.0336,0.23325,-0.66121,-0.76675,-0.66121,-0.76687,-0.65738,-0.53569,2.84542,0.23118,3.50280,0.23118,3.50280,1.00000,0.00000,0,0.00030,-0.20029,-0.17048,-0.01234,4.85671,4.82221,-0.08963,-0.10036,0.00520,-0.06573,-0.13602,-0.02203,-0.03821,-0.00056,-0.30630,-0.41924,-0.16164,-0.18759,0.00069,-0.96552,-0.90358,0.02876,0.01072,0.00940,-0.30385,-0.28739,-0.21522,-0.10635,-0.00077,5.97791,5.92504
61.1358,0.23649,-0.67225,-0.76351,-0.67225,-0.76486,-0.66672,-0.51271,2.86530,0.25215,3.53202,0.25215,3.53202,1.00000,0.00000,0,0.00042,-0.20194,-0.17185,-0.02532,4.92698,4.97513,-0.08876,-0.09985,-0.00038,-0.14754,-0.05663,-0.02099,-0.03784,0.00113,-0.36268,-0.37296,-0.16086,-0.18715,0.00644,-1.02239,-0.99953,0.02933,0.01070,-0.00684,-0.40038,-0.42824,-0.21687,-0.10634,0.00151,5.95023,6.05384
61.2368,0.24245,-0.68140,-0.75755,-0.68140,-0.75985,-0.67620,-0.48984,2.88547,0.27001,3.56167,0.27001,3.56167,1.00000,0.00000,0,0.00031,-0.20355,-0.17325,-0.00344,4.96298,4.91994,-0.08804,-0.09951,0.00744,-0.17899,-0.05156,-0.02010,-0.03749,0.00308,-0.42324,-0.37213,-0.15999,-0.18683,0.00268,-1.11076,-1.21136,0.03000,0.01079,0.00614,-0.46728,-0.49226,-0.21845,-0.10634,-0.00563,5.95926,5.86711
61.3401,0.24801,-0.68836,-0.75199,-0.68836,-0.75373,-0.68458,-0.46716,2.90591,0.28656,3.59049,0.28656,3.59049,1.00000,0.00000,0,0.00182,-0.20510,-0.17451,-0.00957,5.08900,5.13465,-0.08738,-0.09923,0.00097,-0.21753,-0.26239,-0.01927,-0.03723,-0.00085,-0.51271,-0.50305,-0.15913,-0.18634,0.01041,-1.15848,-1.01469,0.03066,0.01116,0.00414,-0.49710,-0.42714,-0.21996,-0.10632,0.00702,5.98324,5.95652
61.4396,0.25437,-0.69561,-0.74563,-0.69561,-0.74846,-0.69218,-0.44464,2.92659,0.30382,3.61877,0.30382,3.61877,1.00000,0.00000,0,0.00028,-0.20664,-0.17557,-0.00827,5.17188,5.26314,-0.08667,-0.09893,0.00644,-0.30108,-0.29626,-0.01840,-0.03691,0.00155,-0.56761,-0.56180,-0.15831,-0.18581,0.00827,-1.24168,-1.25469,0.03129,0.01196,0.00973,-0.49901,-0.43302,-0.22147,-0.10634,0.00366,5.96788,6.00044
61.5451,0.25800,-0.70420,-0.74200,-0.70420,-0.74406,-0.70063,-0.42227,2.94751,0.32179,3.64814,0.32179,3.64814,1.00000,0.00000,0,0.00032,-0.20824,-0.17662,-0.01923,5.27430,5.38828,-0.08594,-0.09866,0.01508,-0.30645,-0.38747,-0.01750,-0.03662,0.00944,-0.65127,-0.51419,-0.15746,-0.18525,0.01293,-1.31917,-1.33656,0.03194,0.01596,0.02472,-0.31032,-0.26944,-0.22304,-0.10632,0.00890,5.96826,5.89178
61.6465,0.26637,-0.71226,-0.73363,-0.71226,-0.73713,-0.70863,-0.40007,2.96867,0.33706,3.67730,0.33706,3.67730,1.00000,0.00000,0,0.00033,-0.20978,-0.17780,-0.02325,5.33180,5.28466,-0.08534,-0.09838,0.01186,-0.33447,-0.19812,-0.01673,-0.03623,-0.00034,-0.71216,-0.56433,-0.15656,-0.18452,0.00486,-1.35296,-1.39184,0.03266,0.01664,-0.00067,-0.39376,-0.45505,-0.22453,-0.10636,-0.00825,5.97172,6.01513
61.7483,0.27295,-0.71663,-0.72705,-0.71663,-0.72918,-0.71384,-0.37812,2.99002,0.35106,3.70386,0.35106,3.70386,1.00000,0.00000,0,0.00032,-0.21118,-0.17897,-0.01056,5.39050,5.38149,-0.08478,-0.09808,0.00270,-0.40135,-0.31634,-0.01602,-0.03592,0.00114,-0.73102,-0.80040,-0.15575,-0.18368,0.01156,-1.42456,-1.36420,0.03330,0.01724,-0.00191,-0.45300,-0.39938,-0.22589,-0.10634,-0.00111,5.97230,5.95127
61.8521,0.28138,-0.72462,-0.71862,-0.72462,-0.72308,-0.72082,-0.35634,3.01155,0.36675,3.73237,0.36675,3.73237,1.00000,0.00000,0,0.00050,-0.21270,-0.18046,-0.01511,5.46082,5.51918,-0.08416,-0.09780,0.00313,-0.42810,-0.38013,-0.01523,-0.03561,0.00617,-0.80826,-0.96196,-0.15489,-0.18258,0.00960,-1.45860,-1.43858,0.03398,0.01763,0.00564,-0.46650,-0.42685,-0.22737,-0.10633,0.00436,5.96718,6.00324
61.9549,0.46297,-0.66199,0.46297,-0.66199,0.18533,-0.70099,-0.30462,3.03310,-0.48994,3.73409,-0.48994,3.73409,0.00000,0.00000,0,0.00033,-0.19541,-0.18037,0.00220,4.24754,4.22703,-0.12431,-0.10299,-0.03810,2.21303,2.14134,-0.05347,-0.03801,-0.03785,1.86456,1.79015,-0.13832,-0.15395,0.26384,-0.25184,0.07898,0.05632,0.03502,0.53128,0.40758,-0.23043,-0.20518,-0.10635,-0.00281,5.97289,5.93289
62.0567,0.62293,-0.59468,0.62293,-0.59468,0.53839,-0.60440,-0.31769,3.05185,-0.85608,3.65624,-0.85608,3.65624,0.00000,0.00000,0,0.00034,-0.18470,-0.17986,-0.00084,3.62439,3.69605,-0.14116,-0.10731,-0.02491,2.79606,2.85551,-0.07013,-0.04039,-0.02704,2.56080,2.46478,-0.13441,-0.15326,0.00067,-1.08818,-1.03342,0.06283,0.04795,0.03167,-0.49567,-0.50216,-0.19278,-0.10636,-0.00312,5.97182,5.95841
62.1574,0.63280,-0.56752,0.63280,-0.56752,0.61256,-0.56916,-0.33549,3.06913,-0.94805,3.63829,-0.94805,3.63829,0.00000,0.00000,0,0.00031,-0.18208,-0.17982,0.00420,3.64804,3.60206,-0.14540,-0.10954,-0.01486,2.74297,2.70628,-0.07431,-0.04099,-0.00697,2.63131,2.56897,-0.13336,-0.15307,-0.00355,-1.10897,-1.15221,0.06453,0.04850,0.01251,-0.53974,-0.50593,-0.18973,-0.10635,-0.00096,5.94289,5.92961
62.2597,0.63114,-0.54861,0.63114,-0.54861,0.62832,-0.55318,-0.35424,3.08583,-0.98256,3.63901,-0.98256,3.63901,0.00000,0.00000,0,0.00034,-0.18141,-0.17981,-0.00509,3.63065,3.55838,-0.14703,-0.11023,-0.01226,2.81497,2.85967,-0.07585,-0.04144,-0.00546,2.70200,2.75812,-0.13266,-0.15291,0.01418,-1.14449,-1.08469,0.06545,0.04880,0.00041,-0.60349,-0.50362,-0.18887,-0.10635,-0.00553,5.96300,6.03195
62.3615,0.64062,-0.54512,0.64062,-0.54512,0.63579,-0.54699,-0.37324,3.10231,-1.00903,3.64930,-1.00903,3.64930,0.00000,0.00000,0,0.00112,-0.18130,-0.17981,0.00129,3.65883,3.58890,-0.14831,-0.11106,-0.00988,2.91437,2.80385,-0.07700,-0.04190,-0.00222,2.78921,2.76636,-0.13173,-0.15275,0.01131,-1.23833,-1.22662,0.06652,0.04935,0.01905,-0.60122,-0.70316,-0.18857,-0.10635,0.00022,5.95552,5.95316
62.4634,0.63558,-0.53640,0.63558,-0.53640,0.63624,-0.53984,-0.39232,3.11858,-1.02856,3.65842,-1.02856,3.65842,0.00000,0.00000,0,0.00029,-0.18129,-0.17983,-0.01288,3.63599,3.58492,-0.14926,-0.11203,-0.00822,3.00199,2.95713,-0.07784,-0.04243,-0.01292,2.85847,2.63942,-0.13098,-0.15238,0.00914,-1.28049,-1.36539,0.06738,0.05008,0.00857,-0.68255,-0.66542,-0.18841,-0.10633,0.00692,5.97533,6.01597
62.5645,0.65112,-0.53043,0.65112,-0.53043,0.64435,-0.53428,-0.41152,3.13469,-1.05587,3.66898,-1.05587,3.66898,0.00000,0.00000,0,0.00027,-0.18117,-0.17980,0.00936,3.68589,3.67966,-0.15059,-0.11306,-0.00041,3.08543,3.06025,-0.07902,-0.04320,-0.01556,2.95074,2.79629,-0.13002,-0.15194,-0.00436,-1.38452,-1.42273,0.06848,0.05119,0.00860,-0.74122,-0.72395,-0.18810,-0.10637,-0.01295,5.91733,5.89767
62.6658,0.65724,-0.51973,0.65724,-0.51973,0.65451,-0.52522,-0.43106,3.15056,-1.08557,3.67578,-1.08557,3.67578,0.00000,0.00000,0,0.00031,-0.18086,-0.17980,0.00598,3.65784,3.70284,-0.15201,-0.11452,-0.02659,3.11040,3.16044,-0.08033,-0.04430,-0.01257,3.01750,2.94075,-0.12917,-0.15141,0.00352,-1.42985,-1.34928,0.06951,0.05184,0.01993,-0.77387,-0.73615,-0.18759,-0.10635,-0.00384,5.95774,5.93208
62.7671,0.66530,-0.50203,0.66530,-0.50203,0.66125,-0.51007,-0.45081,3.16606,-1.11207,3.67613,-1.11207,3.67613,0.00000,0.00000,0,0.00105,-0.18033,-0.17980,-0.00317,3.62280,3.60850,-0.15325,-0.11679,-0.02587,3.07196,3.14673,-0.08151,-0.04593,-0.01992,3.03663,3.15429,-0.12865,-0.15102,0.00039,-1.46827,-1.47979,0.07021,0.05216,0.00947,-0.84336,-0.82000,-0.18692,-0.10634,0.00108,5.98404,5.93948
62.8668,0.66775,-0.47149,0.66775,-0.47149,0.66679,-0.48644,-0.47076,3.18097,-1.13754,3.66741,-1.13754,3.66741,0.00000,0.00000,0,0.00027,-0.17945,-0.17979,-0.00645,3.53451,3.54094,-0.15441,-0.12213,-0.09681,2.69325,2.79422,-0.08268,-0.04801,-0.01474,3.07329,3.03034,-0.12851,-0.15069,0.00666,-1.50048,-1.49835,0.07053,0.05233,-0.00234,-0.92919,-0.99579,-0.18594,-0.10635,-0.00123,5.93283,5.95928
62.9683,0.67151,-0.41429,0.67151,-0.41429,0.66943,-0.43757,-0.49081,3.19470,-1.16024,3.63226,-1.16024,3.63226,0.00000,0.00000,0,0.00026,-0.17751,-0.17971,-0.00158,3.41891,3.44728,-0.15533,-0.12742,-0.02803,2.68824,2.53599,-0.08383,-0.04972,-0.01848,3.08000,3.06750,-0.12949,-0.15058,0.00426,-1.46025,-1.40892,0.06978,0.05248,-0.00225,-0.86449,-0.93592,-0.18403,-0.10637,-0.01179,5.95623,5.86041
63.0693,0.67317,-0.38741,0.67317,-0.38741,0.67331,-0.40159,-0.51096,3.20715,-1.18427,3.60874,-1.18427,3.60874,0.00000,0.00000,0,0.00029,-0.17603,-0.17963,-0.00338,3.30477,3.40669,-0.15636,-0.12939,-0.02160,2.66825,2.64983,-0.08500,-0.05205,-0.01840,3.06385,2.98926,-0.12998,-0.15053,0.00706,-1.46736,-1.49918,0.06950,0.05249,-0.00667,-0.89589,-0.78391,-0.18253,-0.10636,-0.00383,5.95964,5.94012
63.1730,0.67761,-0.32689,0.67761,-0.32689,0.67543,-0.35638,-0.53120,3.21848,-1.20663,3.57485,-1.20663,3.57485,0.00000,0.00000,0,0.00037,-0.17415,-0.17953,-0.00185,3.22397,3.15593,-0.15727,-0.13543,-0.08641,2.23337,2.26530,-0.08613,-0.05836,-0.12124,2.49089,2.47955,-0.13093,-0.15052,-0.00142,-1.43409,-1.50159,0.06878,0.05252,-0.01038,-0.88129,-1.00037,-0.18068,-0.10635,0.00134,5.92285,6.19162
63.2734,0.68697,-0.22609,0.68697,-0.22609,0.68456,-0.26017,-0.55163,3.22734,-1.23618,3.48751,-1.23618,3.48751,0.00000,0.00000,0,0.00034,-0.16989,-0.17923,-0.00603,2.88649,2.94484,-0.15830,-0.14035,-0.02171,2.21687,2.27396,-0.08778,-0.06592,-0.06143,2.40071,2.26475,-0.13390,-0.15052,0.00422,-1.24981,-1.29740,0.06622,0.05254,0.00409,-0.67592,-0.73904,-0.17663,-0.10635,-0.00380,5.76115,5.71974
63.3745,0.69778,-0.15740,0.69778,-0.15740,0.69264,-0.19220,-0.57230,3.23393,-1.26494,3.42613,-1.26494,3.42613,0.00000,0.00000,0,0.00033,-0.16673,-0.17896,-0.00079,2.72221,2.67764,-0.15939,-0.14187,-0.01448,2.24393,2.23515,-0.08931,-0.07327,-0.07742,2.00461,2.06544,-0.13584,-0.15053,-0.00129,-1.21456,-1.27521,0.06462,0.05254,-0.00269,-0.62077,-0.58984,-0.17357,-0.10636,-0.00930,5.72664,5.88147
63.4756,0.70114,-0.13087,0.70114,-0.13087,0.70072,-0.14451,-0.59326,3.23872,-1.29398,3.38323,-1.29398,3.38323,0.00000,0.00000,0,0.00032,-0.16434,-0.17870,-0.00018,2.58067,2.56681,-0.16057,-0.14276,-0.01474,2.31026,2.28040,-0.09077,-0.07623,-0.00137,2.15973,2.06777,-0.13702,-0.15052,0.00846,-1.13533,-1.22050,0.06373,0.05254,0.00011,-0.61774,-0.59990,-0.17121,-0.10634,0.00014,5.70626,5.66340
63.5772,0.70010,-0.12352,0.70010,-0.12352,0.70004,-0.12858,-0.61427,3.24274,-1.31431,3.37131,-1.31431,3.37131,0.00000,0.00000,0,0.00029,-0.16342,-0.17855,0.01091,2.55649,2.64791,-0.16147,-0.14336,-0.00163,2.36570,2.22384,-0.09173,-0.07706,-0.00865,2.17558,2.05837,-0.13711,-0.15055,-0.00617,-1.20777,-1.12867,0.06380,0.05253,-0.00036,-0.66640,-0.65392,-0.17024,-0.10633,0.00530,5.84587,5.92712
63.6778,0.70072,-0.11456,0.70072,-0.11456,0.69969,-0.11811,-0.63524,3.24639,-1.33493,3.36450,-1.33493,3.36450,0.00000,0.00000,0,0.00028,-0.16272,-0.17846,-0.00373,2.47600,2.50381,-0.16241,-0.14409,-0.00020,2.42203,2.27361,-0.09268,-0.07766,-0.00981,2.22760,2.06418,-0.13699,-0.15052,0.00658,-1.22377,-1.29398,0.06407,0.05254,0.00454,-0.68771,-0.71775,-0.16945,-0.10635,-0.00230,5.88491,6.01075
63.7805,0.70365,-0.10529,0.70365,-0.10529,0.70178,-0.10986,-0.65627,3.24979,-1.35805,3.35964,-1.35805,3.35964,0.00000,0.00000,0,0.00100,-0.16204,-0.17833,0.00217,2.42382,2.19855,-0.16347,-0.14457,-0.00787,2.46943,2.40885,-0.09374,-0.07829,-0.00479,2.28552,2.14338,-0.13674,-0.15053,-0.00122,-1.26262,-1.20354,0.06448,0.05252,-0.00719,-0.75310,-0.77146,-0.16867,-0.10635,-0.00450,5.94632,5.96449
63.8809,0.70470,-0.09923,0.70470,-0.09923,0.70448,-0.10204,-0.67738,3.25293,-1.38187,3.35497,-1.38187,3.35497,0.00000,0.00000,0,0.00033,-0.16136,-0.17830,-0.01565,2.31617,2.37320,-0.16457,-0.14499,-0.00272,2.57206,2.63351,-0.09482,-0.07893,-0.00501,2.32574,2.24462,-0.13647,-0.15055,-0.01477,-1.39233,-1.33549,0.06491,0.05253,-0.00255,-0.81048,-0.77562,-0.16788,-0.10635,0.00114,5.96095,5.82005
63.9838,0.70597,-0.09481,0.70597,-0.09481,0.70544,-0.09678,-0.69854,3.25590,-1.40398,3.35268,-1.40398,3.35268,0.00000,0.00000,0,0.00039,-0.16082,-0.17817,0.00696,2.30072,2.27762,-0.16560,-0.14544,-0.01219,2.63122,2.63679,-0.09583,-0.07951,-0.00013,2.40773,2.48236,-0.13613,-0.15053,-0.00123,-1.35533,-1.35835,0.06540,0.05253,-0.00093,-0.86157,-0.77751,-0.16723,-0.10635,0.00576,5.95621,5.79776
64.0841,0.70646,-0.08822,0.70646,-0.08822,0.70562,-0.09075,-0.71970,3.25869,-1.42532,3.34943,-1.42532,3.34943,0.00000,0.00000,0,0.00027,-0.16025,-0.17809,-0.00782,2.20877,2.05979,-0.16658,-0.14581,-0.00577,2.72375,2.71259,-0.09680,-0.08002,-0.00129,2.47946,2.52630,-0.13585,-0.15052,-0.00046,-1.41806,-1.32942,0.06582,0.05251,-0.01451,-0.93328,-0.87690,-0.16655,-0.10636,-0.00450,5.95146,5.96449
64.1848,0.70988,-0.08275,0.70988,-0.08275,0.70898,-0.08529,-0.74094,3.26132,-1.44991,3.34661,-1.44991,3.34661,0.00000,0.00000,0,0.00029,-0.15963,-0.17798,0.00407,2.16682,2.15305,-0.16772,-0.14610,0.00567,2.82495,2.80225,-0.09791,-0.08057,-0.00041,2.50661,2.52841,-0.13548,-0.15049,0.00633,-1.43216,-1.43029,0.06635,0.05265,0.00056,-0.93022,-0.99810,-0.16581,-0.10633,0.01364,5.98192,5.95648
64.2897,0.70483,-0.07861,0.70483,-0.07861,0.70593,-0.08117,-0.76215,3.26381,-1.46808,3.34497,-1.46808,3.34497,0.00000,0.00000,0,0.00031,-0.15919,-0.17787,-0.00522,2.11315,2.05471,-0.16857,-0.14648,0.00070,2.89684,2.84783,-0.09873,-0.08100,-0.01024,2.57540,2.68628,-0.13520,-0.15048,-0.00087,-1.49384,-1.42390,0.06675,0.05275,-0.00545,-1.00317,-1.04789,-0.16528,-0.10635,0.00325,5.97807,6.13563
64.3908,0.70315,-0.07465,0.70315,-0.07465,0.70562,-0.07684,-0.78334,3.26616,-1.48896,3.34301,-1.48896,3.34301,0.00000,0.00000,0,0.00033,-0.15868,-0.17775,-0.00237,2.05805,2.21030,-0.16954,-0.14684,-0.00519,2.96921,2.85849,-0.09968,-0.08138,-0.00137,2.63734,2.55704,-0.13487,-0.15038,0.00170,-1.54433,-1.48109,0.06722,0.05289,0.00452,-1.04399,-1.00555,-0.16467,-0.10637,0.00126,5.95309,6.09817
64.4932,0.70446,-0.07014,0.70446,-0.07014,0.70453,-0.07279,-0.80449,3.26840,-1.50902,3.34119,-1.50902,3.34119,0.00000,0.00000,0,0.00029,-0.15820,-0.17761,0.00991,2.02349,1.98819,-0.17047,-0.14721,-0.01473,2.98265,3.03072,-0.10059,-0.08181,-0.00822,2.70666,2.61980,-0.13456,-0.15017,0.00826,-1.54397,-1.56036,0.06766,0.05308,0.00371,-1.08251,-1.11137,-0.16409,-0.10635,0.00719,5.98470,5.90067
64.5947,0.70544,-0.06303,0.70544,-0.06303,0.70505,-0.06632,-0.82563,3.27047,-1.53068,3.33679,-1.53068,3.33679,0.00000,0.00000,0,0.00029,-0.15757,-0.17751,-0.00327,1.93026,1.90675,-0.17147,-0.14759,-0.00075,3.09762,3.13691,-0.10158,-0.08221,-0.00573,2.77168,2.83111,-0.13431,-0.14992,0.00482,-1.61141,-1.42938,0.06805,0.05326,0.00522,-1.11511,-1.14806,-0.16336,-0.10638,-0.00093,5.94526,5.95664
64.6959,0.70230,-0.05811,0.70230,-0.05811,0.70257,-0.06113,-0.84673,3.27237,-1.54930,3.33350,-1.54930,3.33350,0.00000,0.00000,0,0.00035,-0.15706,-0.17740,-0.00022,1.87361,1.94449,-0.17233,-0.14797,-0.01106,3.16053,3.06720,-0.10243,-0.08268,-0.00944,2.81124,2.87764,-0.13409,-0.14966,0.00641,-1.62282,-1.58539,0.06841,0.05340,0.00321,-1.14817,-1.19492,-0.16276,-0.10636,0.00424,5.94412,5.85498
64.7983,0.70593,-0.05324,0.70593,-0.05324,0.70472,-0.05571,-0.86783,3.27411,-1.57255,3.32982,-1.57255,3.32982,0.00000,0.00000,0,0.00029,-0.15643,-0.17727,-0.00129,1.77035,1.82792,-0.17340,-0.14837,-0.00493,3.25313,3.18191,-0.10348,-0.08325,0.00135,2.91770,3.02196,-0.13378,-0.14915,0.00501,-1.63130,-1.40306,0.06886,0.05355,-0.00279,-1.20604,-1.22339,-0.16203,-0.10636,-0.00003,5.95927,5.88718
64.8996,0.71165,-0.04342,-0.28835,-0.04342,0.19869,-0.04831,-0.93125,3.27566,-1.12994,3.32397,-1.12994,3.32397,1.00000,0.00000,0,0.00029,-0.16519,-0.17740,-0.00125,2.37549,2.50310,-0.15264,-0.14864,0.01965,1.82939,1.74966,-0.08363,-0.08310,0.07052,1.67663,1.74633,-0.14262,-0.14839,-0.00188,-0.99613,-1.11795,0.05724,0.05372,-0.00481,-0.37470,-0.91405,-0.17321,-0.10640,-0.01630,5.97728,6.24425
65.0015,0.71279,-0.04319,-0.28721,-0.04319,-0.20507,-0.04323,-0.92831,3.27699,-0.72324,3.32022,-0.72324,3.32022,1.00000,0.00000,0,0.00035,-0.17329,-0.17778,-0.00354,2.92097,2.95725,-0.13358,-0.14711,0.01030,0.55931,0.45169,-0.06540,-0.08184,0.00189,0.27809,0.27705,-0.15065,-0.14887,-0.00479,-0.44454,-0.49290,0.04658,0.05370,0.00304,0.40601,0.45552,-0.18358,-0.10638,-0.00576,5.93234,5.85489
65.1037,0.71449,-0.04482,-0.28551,-0.04482,-0.27293,-0.04444,-0.92066,3.27830,-0.64773,3.32274,-0.64773,3.32274,1.00000,0.00000,0,0.00135,-0.17493,-0.17778,-0.00197,2.88109,2.83839,-0.13006,-0.14702,0.00527,0.61714,0.59858,-0.06200,-0.08172,0.00238,0.36299,0.49525,-0.15201,-0.14890,0.00151,-0.52710,-0.41913,0.04472,0.05369,0.00233,0.31732,0.33396,-0.18563,-0.10636,0.00322,5.98681,5.95137
65.2064,0.71388,-0.04711,-0.28612,-0.04711,-0.28365,-0.04555,-0.91222,3.27965,-0.62857,3.32520,-0.62857,3.32520,1.00000,0.00000,0,0.00186,-0.17542,-0.17780,-0.00881,2.84723,2.92435,-0.12917,-0.14704,-0.00412,0.59474,0.52584,-0.06113,-0.08169,0.00226,0.32592,0.42712,-0.15229,-0.14893,-0.00705,-0.50762,-0.51225,0.04432,0.05368,0.00371,0.32494,0.33517,-0.18622,-0.10637,0.00155,5.96929,6.15191
65.3063,0.71422,-0.04622,-0.28578,-0.04622,-0.28537,-0.04641,-0.90368,3.28104,-0.61831,3.32745,-0.61831,3.32745,1.00000,0.00000,0,0.00045,-0.17572,-0.17778,0.00033,2.86304,3.02231,-0.12870,-0.14701,0.00885,0.56489,0.46659,-0.06067,-0.08164,0.00207,0.26233,0.28471,-0.15239,-0.14893,-0.00744,-0.53730,-0.59186,0.04414,0.05368,-0.00116,0.36272,0.28200,-0.18657,-0.10638,-0.00029,5.94967,6.16731
65.4073,0.71143,-0.05015,-0.28857,-0.05015,-0.28721,-0.04862,-0.89509,3.28246,-0.60788,3.33108,-0.60788,3.33108,1.00000,0.00000,0,0.00033,-0.17609,-0.17782,-0.01214,2.85325,2.86018,-0.12823,-0.14698,-0.00168,0.48625,0.45008,-0.06018,-0.08156,0.00962,0.23557,0.16338,-0.15245,-0.14891,0.00372,-0.49219,-0.49920,0.04401,0.05366,-0.00635,0.36088,0.41902,-0.18698,-0.10638,-0.00348,5.93023,6.06287
65.5091,0.70896,-0.05400,-0.29104,-0.05400,-0.28960,-0.05221,-0.88644,3.28399,-0.59683,3.33620,-0.59683,3.33620,1.00000,0.00000,0,0.00032,-0.17652,-0.17781,-0.00314,2.90740,2.82807,-0.12773,-0.14688,0.00627,0.44308,0.45830,-0.05967,-0.08142,-0.00039,0.14523,0.17688,-0.15245,-0.14892,-0.00437,-0.50833,-0.44817,0.04392,0.05366,-0.00359,0.36055,0.34098,-0.18746,-0.10637,0.00264,5.97164,5.85734
65.6096,0.70688,-0.05336,-0.29312,-0.05336,-0.29177,-0.05279,-0.87771,3.28556,-0.58595,3.33835,-0.58595,3.33835,1.00000,0.00000,0,0.00029,-0.17684,-0.17781,0.00089,2.93735,2.88544,-0.12723,-0.14676,0.00148,0.37078,0.42521,-0.05918,-0.08124,-0.00111,0.11502,-0.01692,-0.15257,-0.14894,-0.00373,-0.49974,-0.48047,0.04372,0.05367,-0.00474,0.42588,0.46971,-0.18782,-0.10641,-0.01516,5.92111,5.99376
65.7109,0.70444,-0.05597,-0.29556,-0.05597,-0.29393,-0.05434,-0.86892,3.28717,-0.57499,3.34152,-0.57499,3.34152,1.00000,0.00000,0,0.00028,-0.17719,-0.17783,-0.00457,2.95846,3.07189,-0.12673,-0.14661,-0.00915,0.29562,0.30257,-0.05867,-0.08102,0.00462,0.06103,0.04413,-0.15266,-0.14894,-0.00190,-0.45025,-0.35707,0.04356,0.05366,-0.00828,0.44009,0.39889,-0.18823,-0.10637,0.00409,5.94487,6.02992
65.8128,0.70078,-0.05722,-0.29922,-0.05722,-0.29861,-0.05611,-0.86001,3.28883,-0.56140,3.34494,-0.56140,3.34494,1.00000,0.00000,0,0.00033,-0.17761,-0.17785,-0.00804,3.00155,3.10964,-0.12611,-0.14643,0.00767,0.25000,0.17430,-0.05805,-0.08077,0.00974,-0.01783,-0.16812,-0.15278,-0.14893,0.00119,-0.45501,-0.34280,0.04334,0.05367,-0.00132,0.49772,0.39892,-0.18871,-0.10640,-0.00768,5.94797,5.97862
65.9141,0.70180,-0.05578,-0.29820,-0.05578,-0.29783,-0.05586,-0.85107,3.29052,-0.55324,3.34638,-0.55324,3.34638,1.00000,0.00000,0,0.00031,-0.17784,-0.17784,0.00273,3.01341,2.87740,-0.12573,-0.14630,-0.00084,0.20620,0.18788,-0.05768,-0.08061,0.00174,-0.06935,0.02437,-0.15288,-0.14893,0.00466,-0.43204,-0.29924,0.04318,0.05368,0.00419,0.54435,0.62950,-0.18897,-0.10640,-0.01086,5.94165,5.94851
66.0152,0.70353,-0.05862,-0.29647,-0.05862,-0.29648,-0.05745,-0.84217,3.29222,-0.54569,3.34967,-0.54569,3.34967,1.00000,0.00000,0,0.00028,-0.17813,-0.17788,-0.00583,2.98292,3.25857,-0.12539,-0.14621,0.00282,0.14409,0.10845,-0.05733,-0.08045,0.00158,-0.10564,-0.06937,-0.15289,-0.14893,0.00497,-0.42235,-0.34586,0.04311,0.05366,-0.00754,0.52056,0.66736,-0.18929,-0.10637,0.00742,5.96826,5.89705
66.1165,0.70134,-0.06144,-0.29866,-0.06144,-0.29703,-0.05984,-0.83327,3.29398,-0.53625,3.35383,-0.53625,3.35383,1.00000,0.00000,0,0.00029,-0.17849,-0.17787,-0.00131,3.05582,3.00031,-0.12497,-0.14606,-0.00115,0.09486,0.13046,-0.05689,-0.08024,0.01011,-0.15709,-0.18428,-0.15291,-0.14895,0.00294,-0.42953,-0.33104,0.04302,0.05368,0.00508,0.56677,0.61141,-0.18969,-0.10638,0.00134,5.97967,6.01498
66.2201,0.69988,-0.06553,-0.30012,-0.06553,-0.29989,-0.06419,-0.82430,3.29587,-0.52442,3.36006,-0.52442,3.36006,1.00000,0.00000,0,0.00028,-0.17899,-0.17788,0.01107,3.09810,3.05976,-0.12444,-0.14590,0.00373,0.03433,0.09416,-0.05634,-0.08008,-0.00485,-0.25403,-0.19413,-0.15288,-0.14895,-0.00068,-0.40771,-0.53515,0.04295,0.05369,0.00564,0.59211,0.53652,-0.19023,-0.10637,0.00473,5.98709,6.01349
66.3229,0.70007,-0.06581,-0.29993,-0.06581,-0.29992,-0.06541,-0.81530,3.29782,-0.51538,3.36323,-0.51538,3.36323,1.00000,0.00000,0,0.00034,-0.17931,-0.17791,0.00257,3.10497,3.15204,-0.12403,-0.14570,0.00618,-0.00335,-0.00022,-0.05592,-0.07979,0.00633,-0.30790,-0.38954,-0.15293,-0.14897,-0.00277,-0.41486,-0.38202,0.04284,0.05367,0.00182,0.63101,0.66448,-0.19059,-0.10639,-0.00348,5.97305,6.00378
66.4237,0.70064,-0.07127,-0.29936,-0.07127,-0.29959,-0.06939,-0.80631,3.29985,-0.50672,3.36923,-0.50672,3.36923,1.00000,0.00000,0,0.00037,-0.17974,-0.17795,-0.00925,3.10982,3.29532,-0.12364,-0.14557,-0.00667,-0.09542,0.02514,-0.05551,-0.07949,0.00530,-0.33682,-0.16321,-0.15285,-0.14898,0.00112,-0.40615,-0.35941,0.04284,0.05367,-0.00223,0.63656,0.60389,-0.19104,-0.10639,0.00048,5.96152,5.95367
66.5246,0.69525,-0.07512,-0.30475,-0.07512,-0.30268,-0.07266,-0.79728,3.30198,-0.49459,3.37464,-0.49459,3.37464,1.00000,0.00000,0,0.00027,-0.18021,-0.17794,-0.00108,3.17049,3.11495,-0.12310,-0.14539,0.00804,-0.14689,-0.10389,-0.05495,-0.07902,0.00518,-0.39515,-0.22708,-0.15286,-0.14899,-0.00080,-0.40771,-0.48754,0.04274,0.05365,-0.00557,0.64690,0.69200,-0.19155,-0.10638,0.00321,5.97706,5.88252
66.6269,0.70018,-0.07992,-0.29982,-0.07992,-0.30142,-0.07758,-0.78821,3.30424,-0.48680,3.38182,-0.48680,3.38182,1.00000,0.00000,0,0.00038,-0.18067,-0.17799,-0.00173,3.20397,3.15972,-0.12276,-0.14526,0.00021,-0.18548,-0.31355,-0.05458,-0.07835,0.00749,-0.41399,-0.35284,-0.15272,-0.14899,0.00083,-0.40969,-0.34054,0.04281,0.05366,0.00186,0.65395,0.63146,-0.19203,-0.10639,0.00143,5.96889,5.93014
66.7275,0.69850,-0.08622,-0.30150,-0.08622,-0.30266,-0.08345,-0.77913,3.30667,-0.47647,3.39013,-0.47647,3.39013,1.00000,0.00000,0,0.00043,-0.18123,-0.17801,0.00223,3.24600,3.13878,-0.12231,-0.14511,-0.00277,-0.27637,-0.23122,-0.05408,-0.07707,0.02212,-0.37106,-0.45892,-0.15258,-0.14900,-0.00101,-0.41994,-0.49788,0.04286,0.05366,-0.00365,0.68776,0.62336,-0.19261,-0.10639,0.00327,5.96893,5.94375
66.8295,0.69266,-0.09302,-0.30734,-0.09302,-0.30583,-0.09045,-0.77000,3.30931,-0.46417,3.39976,-0.46417,3.39976,1.00000,0.00000,0,0.00029,-0.18188,-0.17802,0.00686,3.30242,3.35343,-0.12177,-0.14485,0.00426,-0.30055,-0.28609,-0.05350,-0.07625,0.00807,-0.45893,-0.48569,-0.15243,-0.14900,0.00168,-0.38342,-0.41466,0.04290,0.05366,-0.00087,0.70846,0.69904,-0.19329,-0.10638,0.00534,5.97098,6.04256
66.9308,0.69642,-0.09525,-0.30358,-0.09525,-0.30482,-0.09460,-0.76082,3.31211,-0.45601,3.40671,-0.45601,3.40671,1.00000,0.00000,0,0.00033,-0.18234,-0.17807,0.00042,3.32128,3.33276,-0.12142,-0.14465,-0.00950,-0.38506,-0.40196,-0.05311,-0.07579,0.00062,-0.49413,-0.51044,-0.15230,-0.14899,0.00681,-0.39771,-0.33307,0.04296,0.05364,-0.00228,0.77142,0.68830,-0.19376,-0.10639,0.00393,5.96830,5.88017
67.0334,0.70282,-0.09654,-0.29718,-0.09654,-0.29966,-0.09646,-0.75177,3.31499,-0.45212,3.41145,-0.45212,3.41145,1.00000,0.00000,0,0.00093,-0.18262,-0.17811,-0.01131,3.30993,3.24389,-0.12126,-0.14440,0.00902,-0.38884,-0.37165,-0.05292,-0.07557,0.00073,-0.51424,-0.61750,-0.15218,-0.14900,-0.00154,-0.43033,-0.39332,0.04304,0.05360,-0.00544,0.72668,0.70771,-0.19404,-0.10640,-0.00328,5.97635,5.99398
67.1341,0.70171,-0.09880,-0.29829,-0.09880,-0.29878,-0.09779,-0.74280,3.31790,-0.44402,3.41569,-0.44402,3.41569,1.00000,0.00000,0,0.00030,-0.18296,-0.17812,0.00918,3.36973,3.55936,-0.12089,-0.14414,0.00124,-0.46369,-0.35263,-0.05254,-0.07530,-0.00040,-0.58787,-0.68785,-0.15217,-0.14902,-0.00443,-0.40628,-0.28893,0.04299,0.05360,-0.00292,0.75744,0.62198,-0.19441,-0.10638,0.00475,5.96799,6.00324
67.2364,0.70497,-0.10387,-0.29503,-0.10387,-0.29656,-0.10155,-0.73387,3.32089,-0.43732,3.42244,-0.43732,3.42244,1.00000,0.00000,0,0.00035,-0.18338,-0.17815,-0.00030,3.38884,3.38358,-0.12061,-0.14382,0.00066,-0.49683,-0.46242,-0.05222,-0.07502,-0.00025,-0.62796,-0.53624,-0.15202,-0.14901,-0.00265,-0.40422,-0.39095,0.04307,0.05354,-0.00719,0.75572,0.84832,-0.19484,-0.10640,-0.00655,5.95947,5.83777
67.3385,0.70914,-0.10661,-0.29086,-0.10661,-0.29258,-0.10508,-0.72505,3.32401,-0.43246,3.42908,-0.43246,3.42908,1.00000,0.00000,0,0.00028,-0.18376,-0.17816,0.00615,3.43333,3.44328,-0.12041,-0.14347,0.00462,-0.51867,-0.44854,-0.05198,-0.07470,-0.00042,-0.64148,-0.60794,-0.15184,-0.14900,0.00396,-0.41736,-0.31800,0.04320,0.05353,-0.00832,0.75705,0.76079,-0.19521,-0.10640,0.00173,5.96302,5.99192
67.4410,0.71075,-0.10823,-0.28925,-0.10823,-0.28976,-0.10784,-0.71633,3.32722,-0.42657,3.43506,-0.42657,3.43506,1.00000,0.00000,0,0.00033,-0.18413,-0.17819,0.00435,3.47649,3.45446,-0.12015,-0.14325,-0.00053,-0.59300,-0.54369,-0.05169,-0.07446,0.00022,-0.71973,-0.71639,-0.15171,-0.14900,0.00815,-0.40632,-0.36046,0.04328,0.05350,-0.00250,0.77018,0.72932,-0.19559,-0.10639,0.00553,5.96785,5.76579
67.5437,0.70877,-0.10686,-0.29123,-0.10686,-0.29090,-0.10814,-0.70762,3.33047,-0.41672,3.43861,-0.41672,3.43861,1.00000,0.00000,0,0.00101,-0.18448,-0.17826,-0.00365,3.47883,3.62767,-0.11971,-0.14298,-0.00307,-0.64525,-0.53391,-0.05124,-0.07422,-0.00081,-0.75047,-0.82807,-0.15176,-0.14901,-0.00247,-0.40434,-0.47814,0.04316,0.05350,0.00845,0.83075,0.87984,-0.19598,-0.10639,0.00605,5.97662,6.00998
67.6449,0.71199,-0.11035,-0.28801,-0.11035,-0.28830,-0.10956,-0.69894,3.33374,-0.41064,3.44330,-0.41064,3.44330,1.00000,0.00000,0,0.00037,-0.18480,-0.17826,-0.00195,3.50665,3.54398,-0.11944,-0.14262,0.00166,-0.67018,-0.68299,-0.05095,-0.07391,0.00862,-0.78243,-0.78399,-0.15169,-0.14902,-0.00942,-0.43243,-0.41785,0.04318,0.05344,-0.00845,0.82369,1.00002,-0.19631,-0.10640,0.00530,5.97379,5.89081
67.7468,0.71162,-0.11428,-0.28838,-0.11428,-0.28854,-0.11294,-0.69029,3.33709,-0.40175,3.45003,-0.40175,3.45003,1.00000,0.00000,0,0.00029,-0.18526,-0.17831,0.00080,3.56755,3.64026,-0.11905,-0.14236,0.00564,-0.70660,-0.62509,-0.05053,-0.07359,-0.00167,-0.86851,-0.77932,-0.15158,-0.14900,0.00661,-0.40041,-0.42367,0.04320,0.05342,-0.00264,0.85126,0.88986,-0.19680,-0.10640,0.00160,5.99400,5.98391
67.8478,0.71371,-0.11494,-0.28629,-0.11494,-0.28650,-0.11404,-0.68168,3.34050,-0.39517,3.45454,-0.39517,3.45454,1.00000,0.00000,0,0.00039,-0.18558,-0.17834,0.00112,3.58022,3.65880,-0.11876,-0.14209,0.00331,-0.76856,-0.80955,-0.05022,-0.07323,-0.00417,-0.88110,-0.96941,-0.15153,-0.14902,-0.00213,-0.40280,-0.37008,0.04320,0.05341,0.00435,0.88048,0.80676,-0.19714,-0.10640,-0.00003,5.95105,5.90976
67.9505,0.71751,-0.11504,0.71751,-0.11504,0.47428,-0.11523,-0.63606,3.34396,-1.11034,3.45919,-1.11034,3.45919,0.00000,0.00000,0,0.00073,-0.17126,-0.17782,0.00264,2.38236,2.29271,-0.15228,-0.14472,-0.13968,1.49187,1.56770,-0.08225,-0.07501,-0.07076,1.47298,1.54916,-0.13750,-0.14857,0.02710,-1.47236,-1.48701,0.06189,0.05339,0.00601,-0.69598,-0.32873,-0.17881,-0.10634,0.00826,5.45915,5.27982
68.0528,0.72126,-0.10766,0.72126,-0.10766,0.67870,-0.11089,-0.65477,3.34736,-1.33346,3.45825,-1.33346,3.45825,0.00000,0.00000,0,0.00057,-0.16668,-0.17766,-0.00274,2.32985,2.35058,-0.16273,-0.14565,0.00011,1.96806,2.02590,-0.09226,-0.07693,-0.00651,1.68372,1.62033,-0.13321,-0.14705,0.02345,-1.48347,-1.45033,0.06761,0.05340,-0.00421,-0.75929,-0.78292,-0.17302,-0.10635,-0.00008,5.46153,5.60964
68.1538,0.75661,-0.08759,0.75661,-0.08759,0.73348,-0.09859,-0.67618,3.35050,-1.40966,3.44909,-1.40966,3.44909,0.00000,0.00000,0,0.00056,-0.16475,-0.17761,0.00401,2.29272,2.38590,-0.16627,-0.14570,-0.00155,1.99899,2.03814,-0.09571,-0.07728,-0.00153,1.71660,1.61888,-0.13210,-0.14052,0.06463,-0.96934,-0.97703,0.06922,0.05342,0.00078,-0.82634,-0.81190,-0.17071,-0.10635,0.00723,5.59873,5.50717
68.2539,0.76643,-0.07864,0.76643,-0.07864,0.75994,-0.08247,-0.69873,3.35312,-1.45868,3.43560,-1.45868,3.43560,0.00000,0.00000,0,0.00039,-0.16318,-0.17751,-0.00051,2.14173,2.14108,-0.16851,-0.14584,-0.00588,2.15372,2.13521,-0.09796,-0.07766,-0.00090,1.84523,1.85037,-0.13170,-0.13845,0.00724,-1.00002,-0.96410,0.06997,0.05342,-0.00078,-0.84973,-0.71831,-0.16894,-0.10634,0.01009,5.59707,5.53383
68.3555,0.77185,-0.07623,0.77185,-0.07623,0.76765,-0.07770,-0.72168,3.35550,-1.48933,3.43320,-1.48933,3.43320,0.00000,0.00000,0,0.00118,-0.16246,-0.17744,-0.00131,2.09871,2.14236,-0.16994,-0.14599,0.00883,2.26882,2.26078,-0.09935,-0.07811,-0.01253,1.90408,2.07065,-0.13120,-0.13808,0.00054,-1.04043,-1.10687,0.07067,0.05342,-0.00214,-0.92544,-0.95420,-0.16806,-0.10637,0.00380,5.67660,5.64162
68.4577,0.76931,-0.07756,0.76931,-0.07756,0.76936,-0.07738,-0.74474,3.35782,-1.51410,3.43520,-1.51410,3.43520,0.00000,0.00000,0,0.00034,-0.16204,-0.17738,0.00705,2.11381,1.91949,-0.17111,-0.14624,-0.00976,2.36213,2.28494,-0.10045,-0.07849,-0.00460,2.03687,2.03241,-0.13064,-0.13779,-0.00104,-1.08761,-1.13670,0.07138,0.05342,-0.00511,-1.01052,-0.92908,-0.16750,-0.10636,0.01203,5.75167,5.77305
68.5581,0.77324,-0.07600,0.77324,-0.07600,0.77157,-0.07757,-0.76787,3.36016,-1.53944,3.43774,-1.53944,3.43774,0.00000,0.00000,0,0.00028,-0.16163,-0.17733,0.00314,2.04655,2.12023,-0.17230,-0.14643,0.00746,2.48178,2.60125,-0.10158,-0.07887,-0.00244,2.08817,2.05035,-0.13004,-0.13747,0.00170,-1.13529,-1.14184,0.07213,0.05343,-0.00418,-1.07246,-1.21006,-0.16694,-0.10640,-0.00373,5.79624,5.59132
68.6589,0.77054,-0.07661,0.77054,-0.07661,0.77152,-0.07651,-0.79103,3.36246,-1.56255,3.43896,-1.56255,3.43896,0.00000,0.00000,0,0.00028,-0.16121,-0.17726,-0.00166,1.97993,2.08756,-0.17339,-0.14667,-0.00627,2.57666,2.63120,-0.10261,-0.07931,-0.00531,2.15286,2.16487,-0.12954,-0.13708,0.00659,-1.12620,-1.14418,0.07277,0.05350,0.00628,-1.13475,-1.11132,-0.16639,-0.10639,0.00453,5.89986,5.99519
68.7606,0.77197,-0.07407,0.77197,-0.07407,0.77203,-0.07514,-0.81419,3.36473,-1.58621,3.43987,-1.58621,3.43987,0.00000,0.00000,0,0.00037,-0.16076,-0.17722,-0.00287,1.91333,2.00680,-0.17451,-0.14684,-0.00407,2.66072,2.60488,-0.10367,-0.07981,-0.00447,2.25691,2.23871,-0.12905,-0.13656,0.01063,-1.14120,-1.14201,0.07341,0.05368,0.00584,-1.16863,-1.17150,-0.16582,-0.10640,-0.00021,5.93608,5.88564
68.8624,0.77680,-0.07229,0.77680,-0.07229,0.77453,-0.07281,-0.83737,3.36694,-1.61191,3.43975,-1.61191,3.43975,0.00000,0.00000,0,0.00030,-0.16023,-0.17715,-0.00084,1.86792,1.78684,-0.17571,-0.14707,-0.00464,2.80934,2.90822,-0.10482,-0.08030,0.00100,2.36090,2.39665,-0.12855,-0.13607,0.01260,-1.11515,-1.08999,0.07407,0.05380,-0.00228,-1.27536,-1.28630,-0.16515,-0.10638,0.01307,5.97157,5.86190
68.9649,0.78388,-0.06264,0.78388,-0.06264,0.78007,-0.06688,-0.86070,3.36903,-1.64077,3.43592,-1.64077,3.43592,0.00000,0.00000,0,0.00032,-0.15949,-0.17705,0.00172,1.78750,1.82282,-0.17705,-0.14736,-0.00077,2.92284,2.91112,-0.10613,-0.08076,-0.00400,2.45454,2.37622,-0.12815,-0.13499,0.01165,-1.09420,-1.18456,0.07467,0.05407,0.00977,-1.31271,-1.33656,-0.16427,-0.10641,-0.00528,5.93882,6.08837
69.0667,0.80691,-0.04636,0.80691,-0.04636,0.79452,-0.05525,-0.88430,3.37087,-1.67881,3.42612,-1.67881,3.42612,0.00000,0.00000,0,0.00074,-0.15830,-0.17693,0.00494,1.69336,1.57084,-0.17879,-0.14764,0.00247,3.05589,3.04550,-0.10788,-0.08130,-0.00978,2.53279,2.51781,-0.12780,-0.12957,0.08014,-0.59188,-0.58390,0.07527,0.05428,-0.00460,-1.40382,-1.28006,-0.16292,-0.10640,0.00328,5.93883,6.05357
69.1669,0.83770,-0.02231,0.83770,-0.02231,0.82592,-0.03180,-0.90870,3.37212,-1.73462,3.40392,-1.73462,3.40392,0.00000,0.00000,0,0.00038,-0.15623,-0.17666,-0.00614,1.53472,1.59751,-0.18131,-0.14819,-0.01199,3.24879,3.20422,-0.11047,-0.08208,-0.00837,2.73978,2.74501,-0.12762,-0.12356,0.01266,-0.41046,-0.54154,0.07586,0.05457,0.01030,-1.41673,-1.42212,-0.16065,-0.10641,-0.00446,5.86971,5.93337
69.2695,0.84467,-0.01953,0.84467,-0.01953,0.84169,-0.02225,-0.93382,3.37287,-1.77551,3.39512,-1.77551,3.39512,0.00000,0.00000,0,0.00036,-0.15503,-0.17628,0.00360,1.46455,1.45949,-0.18319,-0.14867,0.00180,3.39373,3.50606,-0.11234,-0.08283,0.00032,2.86377,2.94189,-0.12718,-0.12316,0.00484,-0.45355,-0.47286,0.07657,0.05484,-0.00106,-1.51271,-1.55749,-0.15927,-0.10641,-0.00038,5.88598,5.87830
69.3718,0.85180,-0.01015,0.85180,-0.01015,0.84946,-0.01448,-0.95921,3.37300,-1.80868,3.38748,-1.80868,3.38748,0.00000,0.00000,32,0.00030,-0.15403,-0.17598,0.00686,1.39815,1.52576,-0.18472,-0.14916,-0.01339,3.49954,3.67962,-0.11386,-0.08353,-0.01467,2.93501,2.89645,-0.12685,-0.12298,0.00272,-0.45861,-0.45614,0.07713,0.05516,0.00007,-1.59192,-1.51309,-0.15813,-0.10641,-0.00138,5.94238,5.94104
69.4727,0.85895,-0.00475,0.85895,-0.00475,0.85539,-0.00836,-0.98480,3.37300,-1.84019,3.38136,-1.84019,3.38136,0.00000,0.00000,32,0.00027,-0.15313,-0.17571,-0.00428,1.30348,1.16671,-0.18617,-0.14978,-0.01039,3.61149,3.76726,-0.11530,-0.08417,-0.00208,3.04999,3.01774,-0.12648,-0.12285,0.00362,-0.46184,-0.51147,0.07771,0.05540,0.00659,-1.59948,-1.69242,-0.15709,-0.10642,-0.00485,5.94592,6.08269
69.5749,0.85497,0.00560,0.85497,0.00560,0.85564,-0.00043,-1.01047,3.37300,-1.86610,3.37343,-1.86610,3.37343,0.00000,0.00000,32,0.00032,-0.15227,-0.17548,0.00353,1.20727,1.22416,-0.18735,-0.15050,-0.00707,3.67426,3.67305,-0.11650,-0.08494,-0.00915,3.11092,3.03169,-0.12630,-0.12272,-0.00099,-0.49871,-0.45509,0.07807,0.05563,0.00488,-1.66228,-1.50105,-0.15612,-0.10641,-0.00331,5.96153,5.95243
69.6762,0.85808,0.01817,0.85808,0.01817,0.85707,0.01212,-1.03616,3.37300,-1.89323,3.36088,-1.89323,3.36088,0.00000,0.00000,32,0.00042,-0.15119,-0.17524,0.00108,1.13152,1.09742,-0.18857,-0.15154,-0.01007,3.79290,3.62059,-0.11777,-0.08584,-0.01143,3.15521,3.26666,-0.12628,-0.12265,0.00205,-0.45119,-0.39630,0.07829,0.05587,0.00967,-1.71399,-1.71114,-0.15495,-0.10642,-0.00508,5.92944,5.90679
69.7777,0.86133,0.03510,0.86133,0.03510,0.85986,0.02723,-1.06192,3.37257,-1.92179,3.34534,-1.92179,3.34534,0.00000,0.00000,0,0.00036,-0.14996,-0.17481,-0.00203,1.05571,1.09700,-0.18984,-0.15325,-0.02908,3.74106,3.80114,-0.11911,-0.08728,-0.01489,3.23715,3.35874,-0.12636,-0.12263,0.00121,-0.44505,-0.37007,0.07843,0.05612,0.00330,-1.76497,-1.58854,-0.15363,-0.10641,-0.00342,5.92932,5.87117
69.8794,0.86861,0.07735,0.86861,0.07735,0.86562,0.05675,-1.08782,3.37130,-1.95344,3.31455,-1.95344,3.31455,0.00000,0.00000,0,0.00078,-0.14803,-0.17433,0.01202,0.92983,0.89427,-0.19119,-0.15750,-0.03392,3.61874,3.42767,-0.12066,-0.08933,-0.03468,3.21630,3.24653,-0.12699,-0.12262,-0.00267,-0.40000,-0.37910,0.07807,0.05631,0.00719,-1.76605,-1.78873,-0.15166,-0.10642,-0.00797,5.88515,5.83360
69.9810,0.86867,0.12919,0.86867,0.12919,0.86772,0.10604,-1.11382,3.36873,-1.98154,3.26269,-1.98154,3.26269,0.00000,0.00000,0,0.00037,-0.14528,-0.17145,0.03472,0.89987,0.87256,-0.19228,-0.15989,-0.01904,3.69283,3.80360,-0.12213,-0.09396,-0.06353,2.96897,2.90641,-0.12855,-0.12262,0.00254,-0.26122,-0.24594,0.07681,0.05634,0.00172,-1.71197,-1.83479,-0.14899,-0.10639,0.00651,5.81101,5.86141
70.0833,0.87833,0.19077,0.87833,0.19077,0.87437,0.16404,-1.13996,3.36452,-2.01433,3.20048,-2.01433,3.20048,0.00000,0.00000,0,0.00029,-0.14201,-0.16931,0.01050,0.73999,0.74694,-0.19355,-0.16225,-0.02788,3.61490,3.67531,-0.12386,-0.10039,-0.08279,2.66876,2.79852,-0.13044,-0.12264,0.00370,-0.15776,-0.24334,0.07528,0.05633,-0.00075,-1.64042,-1.65484,-0.14580,-0.10641,-0.00768,5.67144,5.59530
70.1846,0.89262,0.30083,0.89262,0.30083,0.88453,0.25437,-1.16634,3.35810,-2.05087,3.10373,-2.05087,3.10373,0.00000,0.00000,0,0.00038,-0.13722,-0.16768,0.02498,0.59554,0.54354,-0.19484,-0.17081,-0.11779,2.93595,2.99558,-0.12590,-0.11028,-0.02864,2.34815,2.36291,-0.13366,-0.12271,-0.00441,0.03476,-0.04436,0.07252,0.05634,0.00315,-1.43057,-1.63826,-0.14121,-0.10639,-0.00470,5.42156,5.43178
70.2859,0.88873,0.37949,0.88873,0.37949,0.88894,0.34366,-1.19301,3.34883,-2.08195,3.00517,-2.08195,3.00517,0.00000,0.00000,0,0.00044,-0.13246,-0.16504,0.01832,0.32501,0.34174,-0.19587,-0.17738,-0.01931,2.95608,2.99707,-0.12770,-0.11138,-0.00472,2.54098,2.61298,-0.13706,-0.12282,0.00460,0.29140,0.22684,0.06956,0.05632,-0.00688,-1.34635,-1.41205,-0.13670,-0.10635,0.00060,5.17366,5.40086
70.3879,0.88506,0.38414,0.88506,0.38414,0.88824,0.37612,-1.21969,3.33783,-2.10793,2.96171,-2.10793,2.96171,0.00000,0.00000,0,0.00115,-0.13011,-0.16369,0.00697,0.16903,0.10504,-0.19689,-0.17823,-0.00709,3.01450,3.12572,-0.12905,-0.11196,-0.00814,2.59349,2.63676,-0.13832,-0.12296,-0.00227,0.38573,0.44236,0.06857,0.05634,0.00268,-1.34034,-1.24940,-0.13439,-0.10633,0.00417,5.17743,5.17276
70.4884,0.89267,0.38827,0.89267,0.38827,0.89122,0.38528,-1.24637,3.32636,-2.13759,2.94108,-2.13759,2.94108,0.00000,0.00000,0,0.00029,-0.12865,-0.16307,0.01367,0.08648,0.18883,-0.19819,-0.17875,-0.01366,3.12384,3.03563,-0.13047,-0.11234,-0.00918,2.68576,2.71073,-0.13858,-0.12301,-0.00414,0.41013,0.37241,0.06854,0.05632,-0.00334,-1.33727,-1.44167,-0.13285,-0.10633,0.00739,5.14854,4.94898
70.5899,0.89343,0.39203,0.89343,0.39203,0.89261,0.39038,-1.27313,3.31471,-2.16574,2.92433,-2.16574,2.92433,0.00000,0.00000,0,0.00026,-0.12737,-0.16259,0.00574,-0.04981,-0.09744,-0.19943,-0.17915,-0.00020,3.22083,3.15248,-0.13181,-0.11278,-0.00605,2.76211,2.77769,-0.13871,-0.12300,0.00638,0.44613,0.43304,0.06862,0.05635,0.00851,-1.35560,-1.49702,-0.13150,-0.10633,0.00567,5.11110,4.94554
70.6918,0.89534,0.39414,0.89534,0.39414,0.89442,0.39306,-1.29994,3.30295,-2.19436,2.90988,-2.19436,2.90988,0.00000,0.00000,0,0.00026,-0.12619,-0.16197,0.01222,-0.11565,-0.06763,-0.20071,-0.17956,-0.00708,3.29220,3.34276,-0.13316,-0.11318,0.00206,2.88560,2.83949,-0.13874,-0.12303,0.00637,0.49788,0.30788,0.06880,0.05633,-0.00152,-1.40207,-1.47152,-0.13022,-0.10633,0.00306,5.07324,5.06490
70.7940,0.88829,0.39576,0.88829,0.39576,0.89026,0.39453,-1.32671,3.29113,-2.21697,2.89660,-2.21697,2.89660,0.00000,0.00000,0,0.00117,-0.12517,-0.16124,0.01081,-0.19066,-0.12664,-0.20171,-0.17996,0.00233,3.38669,3.32368,-0.13423,-0.11359,-0.00701,2.95378,3.04439,-0.13884,-0.12309,-0.01202,0.47069,0.43472,0.06887,0.05633,-0.00471,-1.47020,-1.46850,-0.12914,-0.10634,-0.00396,5.02786,5.08171
70.8939,0.88522,0.39910,0.88522,0.39910,0.88676,0.39775,-1.35334,3.27924,-2.24010,2.88149,-2.24010,2.88149,0.00000,0.00000,0,0.00038,-0.12407,-0.16045,0.01384,-0.26825,-0.30558,-0.20273,-0.18029,0.00023,3.44387,3.43294,-0.13534,-0.11397,0.00033,3.04299,2.95193,-0.13900,-0.12311,-0.00787,0.51354,0.68043,0.06889,0.05633,0.00320,-1.46583,-1.50214,-0.12797,-0.10632,0.00846,5.03034,4.90340
70.9949,0.88748,0.40394,-0.11252,0.40394,0.05507,0.40219,-1.40859,3.26723,-1.46366,2.86503,-1.46366,2.86503,1.00000,0.00000,0,0.00028,-0.13918,-0.16085,-0.01088,0.73574,0.66021,-0.16634,-0.17930,0.02111,0.79612,0.80488,-0.10039,-0.11271,0.02000,0.50020,0.65496,-0.15483,-0.12531,-0.05503,1.50338,1.46563,0.04833,0.05629,0.00175,0.09936,0.07681,-0.14731,-0.10642,-0.00181,5.94524,6.10547
71.0995,0.88310,0.40218,-0.11690,0.40218,-0.08654,0.40252,-1.40710,3.25516,-1.32056,2.85264,-1.32056,2.85264,1.00000,0.00000,0,0.00248,-0.14157,-0.16116,0.00077,0.72222,0.77714,-0.15961,-0.17871,-0.00123,0.68949,0.82150,-0.09399,-0.11213,0.00536,0.41516,0.43364,-0.15812,-0.12644,-0.00323,1.64522,1.65121,0.04418,0.05608,-0.00816,0.10677,0.09750,-0.15054,-0.10641,0.00298,5.90711,5.84608
71.1985,0.88475,0.40017,-0.11525,0.40017,-0.11117,0.40026,-1.40397,3.24313,-1.29279,2.84286,-1.29279,2.84286,1.00000,0.00000,0,0.00025,-0.14172,-0.16114,-0.00268,0.59145,0.66459,-0.15827,-0.17870,0.00578,0.78667,0.62059,-0.09278,-0.11214,-0.00145,0.46266,0.46943,-0.15906,-0.12667,0.00628,1.71953,1.81560,0.04309,0.05606,0.00029,0.12455,0.15418,-0.15089,-0.10645,-0.01030,5.89723,5.97968
71.3000,0.88227,0.39626,-0.11773,0.39626,-0.11597,0.39790,-1.40053,3.23116,-1.28456,2.83326,-1.28456,2.83326,1.00000,0.00000,0,0.00030,-0.14149,-0.16112,-0.00087,0.55370,0.58598,-0.15784,-0.17869,-0.00194,0.73268,0.75415,-0.09244,-0.11212,-0.00520,0.43665,0.49566,-0.15961,-0.12697,-0.00346,1.78748,1.83902,0.04251,0.05605,0.00457,0.17688,0.12177,-0.15074,-0.10644,-0.00505,5.94137,5.95661
71.4026,0.88374,0.39923,-0.11626,0.39923,-0.11662,0.39897,-1.39703,3.21920,-1.28042,2.82023,-1.28042,2.82023,1.00000,0.00000,0,0.00211,-0.14103,-0.16107,-0.00262,0.51192,0.53228,-0.15759,-0.17865,0.00338,0.69146,0.78892,-0.09231,-0.11206,0.00620,0.39592,0.36978,-0.16022,-0.12728,-0.00096,1.84015,1.81075,0.04191,0.05600,-0.00169,0.25151,0.19384,-0.15035,-0.10642,0.00995,5.95575,5.95912
71.5033,0.88489,0.39772,-0.11511,0.39772,-0.11486,0.39854,-1.39357,3.20724,-1.27871,2.80870,-1.27871,2.80870,1.00000,0.00000,0,0.00057,-0.14058,-0.16100,0.00695,0.44949,0.50914,-0.15747,-0.17860,0.00102,0.63874,0.69790,-0.09227,-0.11203,-0.00046,0.36007,0.41408,-0.16073,-0.12765,-0.00411,1.92819,1.99498,0.04142,0.05593,0.00574,0.28709,0.23656,-0.14996,-0.10643,-0.00256,5.92817,5.89307
71.6081,0.89037,0.39736,-0.10963,0.39736,-0.11188,0.39761,-1.39018,3.19530,-1.27830,2.79769,-1.27830,2.79769,1.00000,0.00000,0,0.00030,-0.14013,-0.16096,0.00503,0.40635,0.30366,-0.15740,-0.17853,0.00257,0.57044,0.53482,-0.09230,-0.11200,-0.00296,0.33771,0.32086,-0.16119,-0.12801,-0.00710,1.96902,1.94113,0.04099,0.05583,-0.00402,0.31441,0.32379,-0.14956,-0.10644,-0.00523,5.90836,5.93564
71.7093,0.88655,0.39386,-0.11345,0.39386,-0.11223,0.39559,-1.38682,3.18339,-1.27459,2.78780,-1.27459,2.78780,1.00000,0.00000,0,0.00031,-0.13979,-0.16090,0.00625,0.31274,0.33704,-0.15719,-0.17845,0.00293,0.53911,0.48991,-0.09217,-0.11194,0.00678,0.32598,0.37087,-0.16166,-0.12843,0.00360,2.05736,1.98247,0.04052,0.05578,0.00157,0.39420,0.40152,-0.14928,-0.10644,-0.00639,5.96181,6.04339
71.8098,0.89033,0.39292,-0.10967,0.39292,-0.11180,0.39375,-1.38345,3.17156,-1.27165,2.77780,-1.27165,2.77780,1.00000,0.00000,0,0.00026,-0.13943,-0.16085,-0.00234,0.22693,0.24029,-0.15701,-0.17835,0.00241,0.51138,0.54233,-0.09207,-0.11189,0.00515,0.26970,0.28367,-0.16213,-0.12892,-0.01015,2.07687,1.95232,0.04006,0.05566,-0.00577,0.42325,0.45715,-0.14898,-0.10644,-0.00458,5.93035,5.89197
71.9115,0.88753,0.39147,-0.11247,0.39147,-0.11075,0.39219,-1.38013,3.15977,-1.26938,2.76758,-1.26938,2.76758,1.00000,0.00000,0,0.00034,-0.13905,-0.16077,0.00900,0.21435,0.28917,-0.15686,-0.17824,-0.00535,0.44828,0.50537,-0.09201,-0.11188,-0.00947,0.20173,0.17443,-0.16259,-0.12946,-0.00607,2.14533,2.19539,0.03961,0.05560,0.01220,0.52739,0.54498,-0.14865,-0.10642,0.00362,5.94813,6.14453
72.0134,0.89158,0.38713,-0.10842,0.38713,-0.10928,0.38886,-1.37684,3.14805,-1.26756,2.75919,-1.26756,2.75919,1.00000,0.00000,0,0.00036,-0.13873,-0.16073,0.00442,0.13496,0.11334,-0.15674,-0.17809,0.00420,0.41308,0.41063,-0.09196,-0.11177,0.00730,0.20713,0.13395,-0.16297,-0.13009,-0.00423,2.18928,2.18997,0.03925,0.05547,-0.00708,0.54152,0.52618,-0.14838,-0.10642,0.00448,5.98284,5.94271
72.1138,0.88599,0.38407,-0.11401,0.38407,-0.11208,0.38506,-1.37351,3.13647,-1.26143,2.75141,-1.26143,2.75141,1.00000,0.00000,0,0.00027,-0.13853,-0.16067,0.00098,0.10991,0.20219,-0.15642,-0.17798,-0.00134,0.37615,0.49162,-0.09171,-0.11169,0.00928,0.14397,0.14251,-0.16340,-0.13068,-0.00492,2.24306,2.28678,0.03879,0.05540,0.00508,0.59182,0.52337,-0.14825,-0.10646,-0.01829,5.91626,5.93135
72.2146,0.89115,0.38511,-0.10885,0.38511,-0.11052,0.38482,-1.37017,3.12492,-1.25965,2.74011,-1.25965,2.74011,1.00000,0.00000,0,0.00033,-0.13810,-0.16062,-0.00137,0.02919,0.20415,-0.15629,-0.17782,0.00538,0.30714,0.27200,-0.09168,-0.11163,-0.00355,0.09982,0.12472,-0.16390,-0.13133,-0.01060,2.29016,2.31598,0.03832,0.05528,-0.00184,0.63213,0.67385,-0.14787,-0.10643,0.00023,5.95836,6.01328
72.3158,0.89026,0.38482,-0.10974,0.38482,-0.10999,0.38488,-1.36686,3.11337,-1.25687,2.72849,-1.25687,2.72849,1.00000,0.00000,0,0.00033,-0.13767,-0.16049,0.00033,-0.02375,0.03101,-0.15611,-0.17765,0.00866,0.30396,0.34630,-0.09159,-0.11153,-0.00446,0.05559,0.14726,-0.16443,-0.13206,-0.01409,2.29505,2.18650,0.03780,0.05520,0.00429,0.69645,0.69263,-0.14750,-0.10644,0.00091,5.93298,6.03397
72.4165,0.89080,0.38346,-0.10920,0.38346,-0.10901,0.38419,-1.36359,3.10183,-1.25458,2.71764,-1.25458,2.71764,1.00000,0.00000,0,0.00035,-0.13726,-0.16041,0.00086,-0.07839,-0.10939,-0.15596,-0.17751,0.00493,0.26107,0.17110,-0.09153,-0.11138,0.00877,0.04260,0.06251,-0.16492,-0.13303,-0.00335,2.40528,2.38162,0.03733,0.05508,0.00278,0.75669,0.75293,-0.14715,-0.10644,-0.00549,5.92392,5.87502
72.5174,0.88923,0.38009,-0.11077,0.38009,-0.10933,0.38111,-1.36032,3.09037,-1.25099,2.70926,-1.25099,2.70926,1.00000,0.00000,0,0.00029,-0.13698,-0.16033,-0.00138,-0.15566,-0.08694,-0.15576,-0.17740,0.00790,0.21973,0.10432,-0.09140,-0.11126,-0.00013,-0.02347,-0.12487,-0.16533,-0.13444,-0.02793,2.31588,2.41284,0.03692,0.05500,-0.00225,0.80802,0.83884,-0.14693,-0.10642,0.00718,5.93548,5.84309
72.6194,0.88421,0.37336,-0.11579,0.37336,-0.11379,0.37663,-1.35697,3.07900,-1.24318,2.70237,-1.24318,2.70237,1.00000,0.00000,0,0.00070,-0.13685,-0.16023,0.00079,-0.20580,-0.26234,-0.15537,-0.17724,-0.00310,0.14672,0.17402,-0.09108,-0.11118,-0.00180,-0.03817,-0.08973,-0.16576,-0.13594,-0.00682,2.35192,2.36091,0.03645,0.05492,0.00345,0.87692,0.89865,-0.14687,-0.10645,-0.00394,5.95115,5.99541
72.7197,0.88074,0.36773,-0.11926,0.36773,-0.11824,0.37052,-1.35347,3.06782,-1.23523,2.69730,-1.23523,2.69730,1.00000,0.00000,0,0.00027,-0.13680,-0.16017,0.00083,-0.25086,-0.27119,-0.15497,-0.17699,0.00538,0.09280,0.06846,-0.09074,-0.11104,0.00579,-0.09343,-0.20357,-0.16612,-0.13686,-0.01003,2.39039,2.45493,0.03605,0.05481,-0.01216,0.88114,0.86483,-0.14689,-0.10643,0.00515,5.93162,5.83453
72.8202,0.88028,0.36277,-0.11972,0.36277,-0.11959,0.36514,-1.34989,3.05681,-1.23030,2.69166,-1.23030,2.69166,1.00000,0.00000,0,0.00027,-0.13667,-0.16010,0.00049,-0.29677,-0.17377,-0.15472,-0.17687,-0.00363,0.05054,0.09091,-0.09054,-0.11092,0.00650,-0.12794,-0.16463,-0.16645,-0.13746,-0.01341,2.41845,2.40263,0.03571,0.05477,-0.00643,0.96393,1.02926,-0.14680,-0.10647,-0.01181,5.91980,5.85793
72.9230,0.87976,0.36032,-0.12024,0.36032,-0.11924,0.36150,-1.34631,3.04592,-1.22707,2.68443,-1.22707,2.68443,1.00000,0.00000,0,0.00027,-0.13643,-0.16002,-0.00434,-0.35045,-0.38761,-0.15454,-0.17673,0.00331,0.01193,-0.00614,-0.09042,-0.11083,0.00328,-0.16119,-0.17612,-0.16681,-0.13791,-0.00655,2.44063,2.31938,0.03535,0.05468,-0.00868,0.99409,1.02207,-0.14661,-0.10645,-0.00152,5.95164,5.83036
73.0266,0.88222,0.35679,-0.11778,0.35679,-0.11864,0.35844,-1.34274,3.03513,-1.22409,2.67670,-1.22409,2.67670,1.00000,0.00000,0,0.00041,-0.13616,-0.15985,-0.00220,-0.37213,-0.39071,-0.15437,-0.17655,-0.00536,-0.03544,-0.12876,-0.09031,-0.11074,-0.00133,-0.22778,-0.23117,-0.16718,-0.13833,-0.00451,2.50624,2.51921,0.03498,0.05462,0.00777,1.09922,1.03658,-0.14640,-0.10646,-0.00933,5.91672,6.01974
73.1301,0.88088,0.35245,-0.11912,0.35245,-0.11870,0.35439,-1.33917,3.02445,-1.22048,2.67006,-1.22048,2.67006,1.00000,0.00000,0,0.00093,-0.13596,-0.15957,0.00030,-0.41590,-0.40068,-0.15417,-0.17642,0.00572,-0.07333,0.06192,-0.09017,-0.11061,0.00393,-0.27966,-0.35650,-0.16752,-0.13878,0.01300,2.59658,2.51383,0.03464,0.05456,0.00808,1.15190,1.03652,-0.14624,-0.10644,0.00170,5.95286,5.80897
73.2298,0.88188,0.34816,-0.11812,0.34816,-0.11855,0.35045,-1.33561,3.01388,-1.21706,2.66343,-1.21706,2.66343,1.00000,0.00000,0,0.00028,-0.13575,-0.15932,-0.00139,-0.45774,-0.40636,-0.15399,-0.17627,-0.00057,-0.11774,-0.08627,-0.09005,-0.11052,-0.00116,-0.28821,-0.40062,-0.16786,-0.13916,-0.00271,2.62285,2.56293,0.03429,0.05445,-0.00494,1.14047,1.19787,-0.14608,-0.10645,0.00000,5.93456,5.94201
73.3311,0.87870,0.34493,-0.12130,0.34493,-0.11952,0.34647,-1.33205,3.00344,-1.21253,2.65697,-1.21253,2.65697,1.00000,0.00000,0,0.00030,-0.13557,-0.15914,0.00001,-0.52699,-0.63202,-0.15375,-0.17606,0.00759,-0.15572,-0.20384,-0.08987,-0.11040,-0.00418,-0.34369,-0.21959,-0.16821,-0.13954,-0.00151,2.69587,2.59014,0.03393,0.05437,-0.00181,1.23069,1.20768,-0.14595,-0.10645,-0.00373,5.91499,6.05061
73.4338,0.88474,0.34127,-0.11526,0.34127,-0.11690,0.34375,-1.32851,2.99309,-1.21161,2.64934,-1.21161,2.64934,1.00000,0.00000,0,0.00095,-0.13527,-0.15893,0.00304,-0.55676,-0.54648,-0.15367,-0.17591,-0.00214,-0.20419,-0.06911,-0.08985,-0.11026,0.00042,-0.38013,-0.37743,-0.16854,-0.13997,0.00062,2.72167,2.68799,0.03362,0.05428,-0.01200,1.26579,1.22091,-0.14569,-0.10646,-0.00514,5.95457,5.88132
73.5358,0.88422,0.34168,-0.11578,0.34168,-0.11525,0.34250,-1.32503,2.98281,-1.20978,2.64031,-1.20978,2.64031,1.00000,0.00000,0,0.00034,-0.13493,-0.15865,0.00892,-0.60333,-0.59820,-0.15355,-0.17570,-0.01143,-0.27905,-0.25349,-0.08980,-0.11016,-0.00187,-0.39396,-0.33541,-0.16895,-0.14047,-0.00788,2.73279,2.81537,0.03322,0.05420,-0.00896,1.32546,1.30766,-0.14539,-0.10647,-0.00827,5.92426,5.95825
73.6363,0.88493,0.33524,-0.11507,0.33524,-0.11499,0.33793,-1.32158,2.97261,-1.20660,2.63468,-1.20660,2.63468,1.00000,0.00000,0,0.00032,-0.13476,-0.15834,0.00486,-0.61033,-0.57758,-0.15338,-0.17545,0.00289,-0.28141,-0.21172,-0.08968,-0.11006,0.00501,-0.42970,-0.43249,-0.16924,-0.14109,-0.01331,2.77668,2.72348,0.03293,0.05412,0.00003,1.39127,1.40431,-0.14526,-0.10645,0.00514,5.94324,5.96764
73.7368,0.88316,0.33008,-0.11684,0.33008,-0.11656,0.33271,-1.31809,2.96257,-1.20153,2.62987,-1.20153,2.62987,1.00000,0.00000,0,0.00044,-0.13466,-0.15801,-0.00119,-0.64078,-0.69660,-0.15312,-0.17522,-0.00630,-0.32894,-0.30253,-0.08947,-0.10995,0.00373,-0.48875,-0.48508,-0.16954,-0.14178,-0.01846,2.80982,2.91845,0.03261,0.05403,-0.00598,1.44425,1.55754,-0.14521,-0.10645,-0.00066,5.91952,5.95813
73.8388,0.88684,0.33000,-0.11316,0.33000,-0.11518,0.33095,-1.31461,2.95263,-1.19944,2.62168,-1.19944,2.62168,1.00000,0.00000,0,0.00075,-0.13436,-0.15764,0.00343,-0.69397,-0.65273,-0.15299,-0.17490,0.01215,-0.32852,-0.31701,-0.08941,-0.10986,-0.00975,-0.54697,-0.41781,-0.16991,-0.14251,-0.01171,2.83831,2.92851,0.03225,0.05395,-0.00257,1.50085,1.60253,-0.14496,-0.10644,0.00412,5.95497,5.93130
73.9395,0.88212,0.32763,0.88212,0.32763,0.39352,0.32845,-1.26599,2.94274,-1.65951,2.61429,-1.65951,2.61429,0.00000,0.00000,0,0.00028,-0.12472,-0.15713,0.01914,-1.35419,-1.02415,-0.17443,-0.17459,0.00225,1.21736,-0.19637,-0.11021,-0.10971,-0.00746,0.93130,-0.31758,-0.16124,-0.14344,0.00279,2.21794,2.26232,0.04381,0.05384,-0.00424,1.55202,1.52834,-0.13281,-0.10647,-0.00343,5.97287,5.77293
74.0401,0.83950,0.36351,0.83950,0.36351,0.77735,0.34545,-1.28648,2.93273,-2.06382,2.58727,-2.06382,2.58727,0.00000,0.00000,0,0.00025,-0.11537,-0.14622,0.08532,-1.16778,-1.18051,-0.19320,-0.17778,0.00494,2.34142,2.36532,-0.12858,-0.11167,-0.00030,2.14158,2.22498,-0.15444,-0.14320,-0.00089,1.79655,1.90559,0.05315,0.05386,-0.00071,0.00085,-0.04113,-0.12139,-0.10626,0.00471,4.31625,4.25037
74.1420,0.81847,0.38085,0.81847,0.38085,0.81312,0.37187,-1.31065,2.92185,-2.12376,2.54998,-2.12376,2.54998,0.00000,0.00000,0,0.00027,-0.11259,-0.14265,0.01384,-1.29687,-1.33800,-0.19583,-0.17779,-0.00044,2.17993,2.11897,-0.13145,-0.11171,0.00400,2.02394,2.03362,-0.15478,-0.14322,-0.00370,1.98616,2.10673,0.05327,0.05386,-0.00226,0.26162,0.20669,-0.11844,-0.10626,-0.00143,4.32875,4.35692
74.2450,0.80687,0.38867,0.80687,0.38867,0.81089,0.38467,-1.33503,2.91045,-2.14593,2.52577,-2.14593,2.52577,0.00000,0.00000,0,0.00121,-0.11113,-0.14091,0.02371,-1.29080,-1.20398,-0.19676,-0.17779,-0.00101,2.18844,2.35685,-0.13255,-0.11175,0.00609,2.07111,2.11042,-0.15534,-0.14323,-0.00101,2.05273,1.99130,0.05291,0.05387,0.00308,0.29150,0.25894,-0.11696,-0.10628,-0.00508,4.31449,4.20645
74.3469,0.79000,0.39911,0.79000,0.39911,0.79898,0.39317,-1.35920,2.89877,-2.15818,2.50561,-2.15818,2.50561,0.00000,0.00000,0,0.00030,-0.11004,-0.13241,0.24664,-0.15362,-0.42157,-0.19725,-0.17780,0.00140,2.28512,2.13521,-0.13318,-0.11183,-0.00232,2.12627,2.14053,-0.15592,-0.14325,0.00276,2.10854,2.12846,0.05245,0.05388,0.00503,0.36142,0.33480,-0.11588,-0.10626,-0.00529,4.24658,4.23778
74.4473,0.71938,0.46604,0.71938,0.46604,0.74104,0.45056,-1.38209,2.88595,-2.12313,2.43540,-2.12313,2.43540,0.00000,0.00000,0,0.00028,-0.10782,-0.12060,0.02266,-0.29130,-0.12274,-0.19530,-0.17780,-0.00008,2.11678,2.17199,-0.13188,-0.11184,-0.00086,2.05253,1.91948,-0.15947,-0.14334,0.00656,2.45860,2.30624,0.04888,0.05387,0.00187,0.62075,0.55325,-0.11413,-0.10625,-0.00275,4.13890,4.17074
74.5484,0.70594,0.47161,0.70594,0.47161,0.71435,0.46776,-1.40377,2.87212,-2.11812,2.40436,-2.11812,2.40436,0.00000,0.00000,0,0.00028,-0.10663,-0.11960,-0.00186,-0.38037,-0.27824,-0.19493,-0.17780,-0.00050,2.18011,2.02169,-0.13179,-0.11182,0.00474,2.11469,2.08426,-0.16084,-0.14347,-0.00943,2.45592,2.51053,0.04757,0.05387,0.00409,0.66711,0.62740,-0.11309,-0.10621,0.01087,4.11225,3.92921
74.6494,0.70239,0.47288,0.70239,0.47288,0.70543,0.47243,-1.42502,2.85799,-2.13045,2.38556,-2.13045,2.38556,0.00000,0.00000,0,0.00027,-0.10560,-0.11904,0.00392,-0.41863,-0.45886,-0.19543,-0.17779,0.00393,2.28178,2.28157,-0.13242,-0.11189,-0.00261,2.18624,2.12422,-0.16136,-0.14357,-0.00450,2.48604,2.45445,0.04716,0.05384,-0.00943,0.65418,0.61741,-0.11206,-0.10621,0.00462,4.07821,3.93917
74.7502,0.70185,0.46928,0.70185,0.46928,0.70197,0.47046,-1.44611,2.84385,-2.14807,2.37338,-2.14807,2.37338,0.00000,0.00000,0,0.00029,-0.10473,-0.11857,0.00144,-0.47750,-0.44135,-0.19620,-0.17785,-0.00176,2.31077,2.46740,-0.13327,-0.11197,0.00290,2.27950,2.40025,-0.16151,-0.14371,0.00322,2.52474,2.53592,0.04715,0.05387,0.00133,0.70516,0.65707,-0.11115,-0.10619,0.01037,4.06795,4.16444
74.8528,0.69151,0.47165,0.69151,0.47165,0.69636,0.47105,-1.46709,2.82973,-2.16345,2.35868,-2.16345,2.35868,0.00000,0.00000,0,0.00044,-0.10381,-0.11801,0.00556,-0.51152,-0.55755,-0.19685,-0.17792,-0.00143,2.41566,2.43871,-0.13402,-0.11207,-0.00333,2.35473,2.27582,-0.16181,-0.14390,0.00030,2.58292,2.62977,0.04698,0.05386,-0.00312,0.70197,0.63102,-0.11020,-0.10620,0.00373,4.00029,4.08669
74.9544,0.68843,0.47231,0.68843,0.47231,0.68975,0.47202,-1.48784,2.81558,-2.17759,2.34356,-2.17759,2.34356,0.00000,0.00000,0,0.00036,-0.10289,-0.11748,0.00150,-0.58193,-0.41209,-0.19744,-0.17798,0.00266,2.48318,2.67197,-0.13473,-0.11215,0.00377,2.43412,2.44874,-0.16215,-0.14414,-0.00134,2.62214,2.51570,0.04677,0.05387,0.00096,0.75718,0.56522,-0.10926,-0.10620,-0.00070,3.94262,3.95182
75.0549,0.67738,0.47387,0.67738,0.47387,0.68266,0.47327,-1.50842,2.80141,-2.19108,2.32813,-2.19108,2.32813,0.00000,0.00000,0,0.00032,-0.10197,-0.11697,0.00618,-0.64210,-0.49108,-0.19800,-0.17807,0.00207,2.53540,2.31295,-0.13540,-0.11227,0.00455,2.51761,2.63915,-0.16252,-0.14456,-0.01594,2.56906,2.69100,0.04653,0.05386,0.00292,0.75397,0.83254,-0.10833,-0.10615,0.00758,3.92708,3.91115
75.1570,0.67691,0.47383,0.67691,0.47383,0.67798,0.47358,-1.52881,2.78720,-2.20679,2.31362,-2.20679,2.31362,0.00000,0.00000,0,0.00036,-0.10105,-0.11650,0.01518,-0.65989,-0.55026,-0.19867,-0.17822,-0.00497,2.60380,2.53962,-0.13617,-0.11248,-0.00797,2.57811,2.53661,-0.16280,-0.14518,-0.00652,2.61642,2.66663,0.04637,0.05384,-0.01056,0.78358,0.83173,-0.10738,-0.10615,0.00891,3.86355,3.73233
75.2593,0.66529,0.47267,0.66529,0.47267,0.67067,0.47315,-1.54903,2.77300,-2.21969,2.29985,-2.21969,2.29985,0.00000,0.00000,0,0.00028,-0.10021,-0.11563,0.01343,-0.70341,-0.74974,-0.19921,-0.17840,0.00203,2.65929,2.61939,-0.13681,-0.11265,0.00544,2.67124,2.68862,-0.16311,-0.14669,-0.02543,2.55497,2.55160,0.04618,0.05385,-0.00556,0.79250,0.67795,-0.10653,-0.10617,-0.00339,3.78144,3.87552
75.3613,0.64684,0.46687,0.64684,0.46687,0.65534,0.46960,-1.56890,2.75886,-2.22424,2.28926,-2.22424,2.28926,0.00000,0.00000,0,0.00030,-0.09968,-0.11485,0.00279,-0.71729,-0.76262,-0.19938,-0.17854,-0.00260,2.69840,2.59468,-0.13706,-0.11284,-0.00080,2.71717,2.76334,-0.16346,-0.14986,-0.04050,2.36609,2.46561,0.04589,0.05387,0.00655,0.82454,0.75868,-0.10601,-0.10617,-0.00749,3.74764,3.90937
75.4646,0.62709,0.46497,0.62709,0.46497,0.63530,0.46572,-1.58819,2.74485,-2.22348,2.27913,-2.22348,2.27913,0.00000,0.00000,0,0.00190,-0.09927,-0.11401,0.00985,-0.69945,-0.74195,-0.19930,-0.17861,0.00330,2.73086,2.68110,-0.13707,-0.11298,-0.00464,2.72373,2.62448,-0.16388,-0.15140,0.00086,2.40003,2.18608,0.04549,0.05387,0.00489,0.88800,0.83557,-0.10565,-0.10616,-0.00128,3.75655,3.74343
75.5652,0.62194,0.46573,0.62194,0.46573,0.62508,0.46464,-1.60705,2.73091,-2.23213,2.26627,-2.23213,2.26627,0.00000,0.00000,0,0.00034,-0.09856,-0.11259,0.01669,-0.64246,-0.75395,-0.19965,-0.17868,0.00029,2.76780,2.68787,-0.13752,-0.11312,0.00129,2.79208,2.78031,-0.16424,-0.15204,0.00099,2.42258,2.46832,0.04522,0.05385,-0.00112,0.91713,1.02423,-0.10494,-0.10615,-0.00307,3.70648,3.73003
75.6672,0.60495,0.47605,0.60495,0.47605,0.61364,0.47191,-1.62562,2.71685,-2.23926,2.24494,-2.23926,2.24494,0.00000,0.00000,0,0.00026,-0.09752,-0.10958,0.04373,-0.49486,-0.51966,-0.19989,-0.17881,-0.00001,2.82689,2.83131,-0.13793,-0.11335,-0.00435,2.86343,2.96848,-0.16497,-0.15251,-0.00406,2.46392,2.53145,0.04459,0.05385,-0.00135,0.97768,1.02692,-0.10395,-0.10615,-0.00336,3.59715,3.66535
75.7695,0.51700,0.54626,0.51700,0.54626,0.56574,0.50794,-1.64341,2.70224,-2.20915,2.19430,-2.20915,2.19430,0.00000,0.00000,0,0.00025,-0.09602,-0.09226,-0.05535,0.15209,0.54511,-0.19826,-0.17889,0.00303,2.76631,2.58715,-0.13677,-0.11348,0.00127,2.84238,2.74673,-0.16763,-0.15305,-0.01995,2.56541,2.64553,0.04188,0.05385,-0.00474,1.07306,0.98406,-0.10281,-0.10612,-0.00202,3.54707,3.54385
75.8731,0.49295,0.56326,0.49295,0.56326,0.51048,0.55642,-1.65927,2.68581,-2.16976,2.12939,-2.16976,2.12939,0.00000,0.00000,0,0.00068,-0.09412,-0.09165,0.00051,0.24075,0.18059,-0.19614,-0.17890,-0.00432,2.61315,2.56530,-0.13525,-0.11349,0.00728,2.75317,2.68097,-0.17106,-0.15465,-0.01483,2.77109,2.61036,0.03840,0.05385,-0.00123,1.45061,1.47443,-0.10137,-0.10609,0.00442,3.44324,3.43383
75.9742,0.49038,0.56294,0.49038,0.56294,0.49379,0.56160,-1.67424,2.66898,-2.16804,2.10738,-2.16804,2.10738,0.00000,0.00000,0,0.00032,-0.09324,-0.09163,0.00293,0.19123,0.13860,-0.19596,-0.17892,-0.01031,2.63728,2.73372,-0.13526,-0.11355,-0.00324,2.77366,2.86880,-0.17199,-0.15539,0.00289,2.78183,2.66991,0.03752,0.05385,0.00036,1.46520,1.45743,-0.10058,-0.10611,-0.00365,3.41893,3.50684
76.0795,0.48790,0.56613,0.48790,0.56613,0.49041,0.56526,-1.68898,2.65206,-2.17939,2.08680,-2.17939,2.08680,0.00000,0.00000,0,0.00030,-0.09215,-0.09155,0.00491,0.16874,0.20241,-0.19640,-0.17890,0.00083,2.73527,2.84914,-0.13586,-0.11366,-0.00024,2.89656,2.93023,-0.17261,-0.15577,0.00534,2.86272,2.76920,0.03702,0.05384,-0.00418,1.52461,1.55105,-0.09951,-0.10607,0.00228,3.32264,3.46056
76.1807,0.48838,0.56437,0.48838,0.56437,0.48958,0.56429,-1.70368,2.63513,-2.19326,2.07083,-2.19326,2.07083,0.00000,0.00000,0,0.00037,-0.09121,-0.09141,-0.00298,0.10951,0.11637,-0.19698,-0.17896,-0.00658,2.81092,2.82339,-0.13656,-0.11380,-0.00455,2.97759,2.99748,-0.17299,-0.15603,-0.00213,2.89776,2.96911,0.03677,0.05385,0.00149,1.59895,1.63837,-0.09855,-0.10605,0.00611,3.24278,3.25173
76.2826,0.48483,0.56927,0.48483,0.56927,0.48672,0.56639,-1.71831,2.61817,-2.20504,2.05178,-2.20504,2.05178,0.00000,0.00000,0,0.00028,-0.09017,-0.09125,0.00562,0.07206,0.01910,-0.19744,-0.17898,-0.00136,2.87332,2.79259,-0.13717,-0.11397,-0.00012,3.03351,3.22424,-0.17354,-0.15624,-0.00181,2.93332,2.95246,0.03634,0.05374,-0.00532,1.62877,1.55908,-0.09753,-0.10604,0.00309,3.21598,3.20088
76.3844,0.48647,0.57289,0.48647,0.57289,0.48585,0.57075,-1.73289,2.60110,-2.21874,2.03035,-2.21874,2.03035,0.00000,0.00000,0,0.00089,-0.08900,-0.09098,-0.00042,-0.02708,0.07615,-0.19798,-0.17904,-0.00171,2.93130,2.78088,-0.13788,-0.11424,0.00077,3.12138,3.05561,-0.17415,-0.15642,0.00200,3.00944,2.98885,0.03588,0.05364,-0.00681,1.70086,1.70994,-0.09637,-0.10601,0.01057,3.08974,3.12842
76.4891,0.48456,0.57704,0.48456,0.57704,0.48483,0.57488,-1.74744,2.58390,-2.23227,2.00902,-2.23227,2.00902,0.00000,0.00000,0,0.00246,-0.08784,-0.09078,0.00973,-0.04901,-0.16087,-0.19852,-0.17917,0.00047,3.00232,2.90119,-0.13858,-0.11461,-0.00314,3.16550,3.18143,-0.17475,-0.15664,-0.00566,3.04977,3.19661,0.03541,0.05351,-0.00410,1.72230,1.74556,-0.09521,-0.10603,0.00082,2.98913,2.84082
76.5877,0.48112,0.58008,0.48112,0.58008,0.48266,0.57873,-1.76196,2.56658,-2.24462,1.98785,-2.24462,1.98785,0.00000,0.00000,0,0.00034,-0.08671,-0.09052,0.00746,-0.15555,-0.07911,-0.19900,-0.17935,-0.01212,3.04822,3.20471,-0.13923,-0.11506,-0.00488,3.21281,3.22091,-0.17538,-0.15690,-0.01595,3.07455,2.95428,0.03492,0.05341,-0.00283,1.79351,1.83593,-0.09409,-0.10601,-0.00365,2.89709,2.83471
76.6886,0.47911,0.58533,0.47911,0.58533,0.47949,0.58330,-1.77637,2.54913,-2.25586,1.96583,-2.25586,1.96583,0.00000,0.00000,0,0.00027,-0.08556,-0.09032,0.00446,-0.20567,-0.26043,-0.19943,-0.17946,0.00423,3.09139,3.07986,-0.13983,-0.11548,0.00028,3.28465,3.20625,-0.17606,-0.15708,0.00354,3.16843,3.19686,0.03436,0.05328,-0.00119,1.85662,1.90416,-0.09297,-0.10598,-0.00155,2.82758,3.01545
76.7901,0.47906,0.58838,0.47906,0.58838,0.47973,0.58633,-1.79076,2.53159,-2.27050,1.94526,-2.27050,1.94526,0.00000,0.00000,0,0.00029,-0.08441,-0.09013,-0.00094,-0.25686,-0.33191,-0.20002,-0.17963,-0.00112,3.15254,3.11295,-0.14058,-0.11605,-0.00444,3.32252,3.41229,-0.17661,-0.15733,-0.00609,3.22182,3.32370,0.03395,0.05312,-0.00877,1.88728,1.82937,-0.09182,-0.10596,-0.00214,2.70976,2.84034
76.8918,0.47876,0.59330,0.47876,0.59330,0.47896,0.59089,-1.80513,2.51393,-2.28409,1.92303,-2.28409,1.92303,0.00000,0.00000,0,0.00108,-0.08321,-0.08976,0.00076,-0.30916,-0.21896,-0.20055,-0.17981,-0.00943,3.21769,3.30005,-0.14129,-0.11659,-0.00409,3.37955,3.54887,-0.17725,-0.15757,-0.00563,3.28445,3.14762,0.03345,0.05299,-0.00129,1.96546,1.98771,-0.09063,-0.10594,-0.00037,2.64291,2.44996
