t_s,roll,pitch,err_r,err_p,err_r_filt,err_p_filt,integ_r,integ_p,pi_out_r,pi_out_p,corr_r,corr_p,target_roll,target_pitch,clip_flags,dt_actual
0.0000,1.01585,-0.70576,1.01585,-0.70576,1.01712,-0.70612,0.76141,2.40828,0.04943,2.90257,0.04943,2.90257,0.00000,0.00000,0,0.00023
0.1048,1.01851,-0.70134,1.01851,-0.70134,1.01814,-0.70337,0.74106,2.42238,0.02836,2.91474,0.02836,2.91474,0.00000,0.00000,0,0.00062
0.2051,1.02071,-0.69621,1.02071,-0.69621,1.01913,-0.69900,0.72069,2.43641,0.00730,2.92571,0.00730,2.92571,0.00000,0.00000,0,0.00027
0.3061,1.03538,-0.68322,1.03538,-0.68322,1.02941,-0.68871,0.70020,2.45027,-0.02039,2.93237,-0.02039,2.93237,0.00000,0.00000,0,0.00027
0.4073,1.04825,-0.67129,1.04825,-0.67129,1.04241,-0.67623,0.67944,2.46389,-0.05024,2.93725,-0.05024,2.93725,0.00000,0.00000,0,0.00025
0.5105,1.04938,-0.66621,1.04938,-0.66621,1.04959,-0.66915,0.65849,2.47733,-0.07623,2.94573,-0.07623,2.94573,0.00000,0.00000,0,0.00030
0.6149,1.05184,-0.66060,1.05184,-0.66060,1.05042,-0.66302,0.63748,2.49063,-0.09781,2.95474,-0.09781,2.95474,0.00000,0.00000,0,0.00034
0.7160,1.05011,-0.65016,1.05011,-0.65016,1.05097,-0.65493,0.61647,2.50380,-0.11921,2.96225,-0.11921,2.96225,0.00000,0.00000,0,0.00033
0.8186,1.05784,-0.63260,1.05784,-0.63260,1.05438,-0.64082,0.59542,2.51674,-0.14264,2.96532,-0.14264,2.96532,0.00000,0.00000,0,0.00039
0.9196,1.06829,-0.57324,1.06829,-0.57324,1.06355,-0.60025,0.57423,2.52914,-0.17026,2.94932,-0.17026,2.94932,0.00000,0.00000,0,0.00033
1.0236,1.08502,-0.52397,1.08502,-0.52397,1.07924,-0.54322,0.55276,2.54042,-0.20271,2.92067,-0.20271,2.92067,0.00000,0.00000,0,0.00180
1.1226,1.08584,-0.50978,1.08584,-0.50978,1.08427,-0.51790,0.53111,2.55095,-0.22788,2.91348,-0.22788,2.91348,0.00000,0.00000,0,0.00032
1.2233,1.08650,-0.49831,1.08650,-0.49831,1.08577,-0.50376,0.50941,2.56113,-0.25063,2.91376,-0.25063,2.91376,0.00000,0.00000,0,0.00032
1.3251,1.08694,-0.49109,1.08694,-0.49109,1.08589,-0.49558,0.48770,2.57110,-0.27242,2.91801,-0.27242,2.91801,0.00000,0.00000,0,0.00027
1.4263,1.08721,-0.48922,1.08721,-0.48922,1.08784,-0.49023,0.46596,2.58094,-0.29552,2.92410,-0.29552,2.92410,0.00000,0.00000,0,0.00034
1.5290,1.09546,-0.48093,1.09546,-0.48093,1.09274,-0.48375,0.44414,2.59066,-0.32078,2.92928,-0.32078,2.92928,0.00000,0.00000,0,0.00034
1.6309,1.09564,-0.47560,1.09564,-0.47560,1.09550,-0.47825,0.42225,2.60027,-0.34461,2.93504,-0.34461,2.93504,0.00000,0.00000,0,0.00032
1.7325,1.10156,-0.46932,1.10156,-0.46932,1.09933,-0.47229,0.40029,2.60976,-0.36924,2.94037,-0.36924,2.94037,0.00000,0.00000,0,0.00031
1.8345,1.09863,-0.46685,1.09863,-0.46685,1.09955,-0.46759,0.37830,2.61914,-0.39138,2.94645,-0.39138,2.94645,0.00000,0.00000,0,0.00029
1.9379,1.10328,-0.45901,1.10328,-0.45901,1.10129,-0.46201,0.35629,2.62843,-0.41461,2.95184,-0.41461,2.95184,0.00000,0.00000,0,0.00033
2.0393,1.11225,-0.45198,1.11225,-0.45198,1.10929,-0.45586,0.33417,2.63760,-0.44234,2.95670,-0.44234,2.95670,0.00000,0.00000,0,0.00028
2.1408,1.12079,-0.44046,1.12079,-0.44046,1.11767,-0.44557,0.31188,2.64660,-0.47048,2.95850,-0.47048,2.95850,0.00000,0.00000,0,0.00039
2.2427,1.12401,-0.42464,1.12401,-0.42464,1.12250,-0.43216,0.28947,2.65536,-0.49628,2.95787,-0.49628,2.95787,0.00000,0.00000,0,0.00026
2.3464,1.08514,-0.32593,1.08514,-0.32593,1.10885,-0.37773,0.26708,2.66354,-0.50911,2.92795,-0.50911,2.92795,0.00000,0.00000,0,0.00101
2.4461,1.06609,-0.24092,1.06609,-0.24092,1.07267,-0.28295,0.24545,2.67000,-0.50542,2.86807,-0.50542,2.86807,0.00000,0.00000,0,0.00033
2.5479,1.04983,-0.20607,1.04983,-0.20607,1.05610,-0.22253,0.22422,2.67485,-0.51505,2.83062,-0.51505,2.83062,0.00000,0.00000,0,0.00037
2.6496,1.05479,-0.19907,1.05479,-0.19907,1.05449,-0.20434,0.20313,2.67905,-0.53502,2.82209,-0.53502,2.82209,0.00000,0.00000,0,0.00029
2.7529,1.05311,-0.19093,1.05311,-0.19093,1.05319,-0.19470,0.18206,2.68301,-0.55518,2.81930,-0.55518,2.81930,0.00000,0.00000,0,0.00107
2.8533,1.05721,-0.18423,1.05721,-0.18423,1.05630,-0.18689,0.16095,2.68680,-0.57846,2.81762,-0.57846,2.81762,0.00000,0.00000,0,0.00042
2.9552,1.05774,-0.17648,1.05774,-0.17648,1.05691,-0.18032,0.13982,2.69046,-0.60002,2.81669,-0.60002,2.81669,0.00000,0.00000,0,0.00026
3.0561,1.05940,-0.17373,1.05940,-0.17373,1.05840,-0.17607,0.11866,2.69402,-0.62222,2.81727,-0.62222,2.81727,0.00000,0.00000,0,0.00073
3.1588,1.06353,-0.16810,1.06353,-0.16810,1.06193,-0.17032,0.09745,2.69747,-0.64590,2.81669,-0.64590,2.81669,0.00000,0.00000,0,0.00132
3.2592,1.06541,-0.16505,1.06541,-0.16505,1.06528,-0.16660,0.07617,2.70083,-0.66953,2.81745,-0.66953,2.81745,0.00000,0.00000,0,0.00026
3.3608,1.07102,-0.16172,1.07102,-0.16172,1.06873,-0.16198,0.05482,2.70409,-0.69329,2.81748,-0.69329,2.81748,0.00000,0.00000,0,0.00028
3.4629,1.07219,-0.15393,1.07219,-0.15393,1.07096,-0.15654,0.03342,2.70727,-0.71625,2.81685,-0.71625,2.81685,0.00000,0.00000,0,0.00031
3.5660,1.10254,-0.13061,1.10254,-0.13061,1.08507,-0.14240,0.01190,2.71026,-0.74765,2.80994,-0.74765,2.80994,0.00000,0.00000,0,0.00046
3.6694,1.13509,-0.12195,1.13509,-0.12195,1.12729,-0.12670,-0.01040,2.71293,-0.79950,2.80162,-0.79950,2.80162,0.00000,0.00000,0,0.00149
3.7693,1.14094,-0.11701,1.14094,-0.11701,1.13896,-0.11924,-0.03311,2.71537,-0.83038,2.79885,-0.83038,2.79885,0.00000,0.00000,0,0.00038
3.8703,1.14561,-0.10990,1.14561,-0.10990,1.14363,-0.11243,-0.05595,2.71768,-0.85649,2.79638,-0.85649,2.79638,0.00000,0.00000,0,0.00027
3.9746,1.14763,-0.10502,1.14763,-0.10502,1.14514,-0.10733,-0.07883,2.71986,-0.88043,2.79500,-0.88043,2.79500,0.00000,0.00000,0,0.00202
4.0761,1.14716,-0.10175,1.14716,-0.10175,1.14635,-0.10362,-0.10175,2.72197,-0.90420,2.79450,-0.90420,2.79450,0.00000,0.00000,0,0.00140
4.1761,1.14775,-0.09844,1.14775,-0.09844,1.14817,-0.10003,-0.12471,2.72400,-0.92843,2.79402,-0.92843,2.79402,0.00000,0.00000,0,0.00028
4.2776,1.13962,-0.08578,1.13962,-0.08578,1.14326,-0.09265,-0.14763,2.72593,-0.94791,2.79079,-0.94791,2.79079,0.00000,0.00000,0,0.00028
4.3796,1.09026,-0.04588,1.09026,-0.04588,1.11617,-0.06870,-0.17025,2.72756,-0.95157,2.77565,-0.95157,2.77565,0.00000,0.00000,0,0.00029
4.4822,1.08763,-0.02283,1.08763,-0.02283,1.09169,-0.03204,-0.19224,2.72778,-0.95642,2.75021,-0.95642,2.75021,0.00000,0.00000,32,0.00028
4.5840,1.08040,-0.01085,1.08040,-0.01085,1.08297,-0.01821,-0.21396,2.72778,-0.97204,2.74053,-0.97204,2.74053,0.00000,0.00000,32,0.00026
4.6850,1.08428,0.01429,1.08428,0.01429,1.08343,0.00049,-0.23561,2.72778,-0.99401,2.72744,-0.99401,2.72744,0.00000,0.00000,32,0.00027
4.7867,1.08611,0.07289,1.08611,0.07289,1.08541,0.04763,-0.25730,2.72778,-1.01708,2.69444,-1.01708,2.69444,0.00000,0.00000,32,0.00028
4.8911,1.07837,0.11477,1.07837,0.11477,1.08177,0.09453,-0.27898,2.72625,-1.03622,2.66008,-1.03622,2.66008,0.00000,0.00000,0,0.00027
4.9931,1.05737,0.15802,1.05737,0.15802,1.06706,0.13648,-0.30046,2.72387,-1.04740,2.62834,-1.04740,2.62834,0.00000,0.00000,0,0.00110
5.0928,1.01986,0.19876,1.01986,0.19876,1.03255,0.17910,-0.32138,2.72061,-1.04417,2.59524,-1.04417,2.59524,0.00000,0.00000,0,0.00030
5.1944,1.01324,0.20709,1.01324,0.20709,1.01708,0.20034,-0.34183,2.71674,-1.05378,2.57650,-1.05378,2.57650,0.00000,0.00000,0,0.00025
5.2966,1.01259,0.22062,1.01259,0.22062,1.01351,0.21426,-0.36211,2.71257,-1.07157,2.56258,-1.07157,2.56258,0.00000,0.00000,0,0.00073
5.4017,1.01409,0.22688,1.01409,0.22688,1.01336,0.22290,-0.38237,2.70818,-1.09172,2.55215,-1.09172,2.55215,0.00000,0.00000,0,0.00197
5.5011,1.00634,0.22918,1.00634,0.22918,1.00879,0.22812,-0.40258,2.70365,-1.10874,2.54396,-1.10874,2.54396,0.00000,0.00000,0,0.00026
5.6024,1.00256,0.23559,1.00256,0.23559,1.00436,0.23281,-0.42271,2.69903,-1.12576,2.53607,-1.12576,2.53607,0.00000,0.00000,0,0.00030
5.7032,0.99611,0.23735,0.99611,0.23735,0.99952,0.23679,-0.44274,2.69432,-1.14241,2.52857,-1.14241,2.52857,0.00000,0.00000,0,0.00074
5.8047,0.99544,0.24296,0.99544,0.24296,0.99590,0.24057,-0.46268,2.68954,-1.15981,2.52115,-1.15981,2.52115,0.00000,0.00000,0,0.00027
5.9063,0.99697,0.25188,0.99697,0.25188,0.99593,0.24829,-0.48259,2.68464,-1.17975,2.51084,-1.17975,2.51084,0.00000,0.00000,0,0.00038
6.0070,0.99240,0.25916,0.99240,0.25916,0.99462,0.25525,-0.50250,2.67959,-1.19874,2.50092,-1.19874,2.50092,0.00000,0.00000,0,0.00027
6.1094,0.98830,0.26760,0.98830,0.26760,0.99032,0.26416,-0.52235,2.67437,-1.21557,2.48946,-1.21557,2.48946,0.00000,0.00000,0,0.00170
6.2100,0.97741,0.28075,0.97741,0.28075,0.98313,0.27448,-0.54208,2.66898,-1.23028,2.47684,-1.23028,2.47684,0.00000,0.00000,0,0.00027
6.3106,0.96949,0.30115,0.96949,0.30115,0.97358,0.29156,-0.56163,2.66330,-1.24314,2.45921,-1.24314,2.45921,0.00000,0.00000,0,0.00030
6.4144,0.95813,0.32804,0.95813,0.32804,0.96402,0.31364,-0.58099,2.65723,-1.25580,2.43768,-1.25580,2.43768,0.00000,0.00000,0,0.00033
6.5173,0.93317,0.37730,0.93317,0.37730,0.94610,0.35566,-0.60009,2.65047,-1.26237,2.40150,-1.26237,2.40150,0.00000,0.00000,0,0.00030
6.6223,0.89590,0.42724,0.89590,0.42724,0.90990,0.41050,-0.61854,2.64263,-1.25548,2.35528,-1.25548,2.35528,0.00000,0.00000,0,0.00067
6.7226,0.88154,0.44507,0.88154,0.44507,0.88813,0.43667,-0.63646,2.63407,-1.25816,2.32840,-1.25816,2.32840,0.00000,0.00000,0,0.00032
6.8253,0.87364,0.46555,0.87364,0.46555,0.87717,0.45590,-0.65408,2.62511,-1.26810,2.30598,-1.26810,2.30598,0.00000,0.00000,0,0.00025
6.9262,0.87114,0.47867,0.87114,0.47867,0.87210,0.47226,-0.67155,2.61578,-1.28202,2.28520,-1.28202,2.28520,0.00000,0.00000,0,0.00027
7.0295,0.86628,0.48549,0.86628,0.48549,0.86765,0.48137,-0.68894,2.60623,-1.29629,2.26927,-1.29629,2.26927,0.00000,0.00000,0,0.00029
7.1308,0.86006,0.49227,0.86006,0.49227,0.86338,0.48865,-0.70625,2.59651,-1.31062,2.25446,-1.31062,2.25446,0.00000,0.00000,0,0.00030
7.2312,0.86379,0.49916,0.86379,0.49916,0.86265,0.49534,-0.72350,2.58666,-1.32735,2.23992,-1.32735,2.23992,0.00000,0.00000,0,0.00026
7.3338,0.86507,0.50877,0.86507,0.50877,0.86422,0.50439,-0.74077,2.57664,-1.34572,2.22357,-1.34572,2.22357,0.00000,0.00000,0,0.00026
7.4354,0.86467,0.51147,0.86467,0.51147,0.86439,0.50907,-0.75806,2.56650,-1.36314,2.21016,-1.36314,2.21016,0.00000,0.00000,0,0.00026
7.5368,0.86064,0.52082,0.86064,0.52082,0.86240,0.51658,-0.77533,2.55624,-1.37901,2.19463,-1.37901,2.19463,0.00000,0.00000,0,0.00028
7.6393,0.85685,0.52825,0.85685,0.52825,0.85841,0.52502,-0.79253,2.54580,-1.39342,2.17829,-1.39342,2.17829,0.00000,0.00000,0,0.00028
7.7426,0.85238,0.53894,0.85238,0.53894,0.85468,0.53390,-0.80966,2.53520,-1.40794,2.16147,-1.40794,2.16147,0.00000,0.00000,0,0.00026
7.8448,0.84816,0.55130,0.84816,0.55130,0.85047,0.54518,-0.82671,2.52439,-1.42204,2.14277,-1.42204,2.14277,0.00000,0.00000,0,0.00026
7.9477,0.83521,0.57283,0.83521,0.57283,0.84120,0.56237,-0.84361,2.51330,-1.43245,2.11964,-1.43245,2.11964,0.00000,0.00000,0,0.00029
8.0492,0.82392,0.59289,0.82392,0.59289,0.82878,0.58316,-0.86029,2.50181,-1.44043,2.09360,-1.44043,2.09360,0.00000,0.00000,0,0.00032
8.1501,0.80919,0.60928,0.80919,0.60928,0.81552,0.60135,-0.87671,2.48992,-1.44757,2.06898,-1.44757,2.06898,0.00000,0.00000,0,0.00026
8.2507,0.79694,0.62100,0.79694,0.62100,0.80238,0.61534,-0.89285,2.47772,-1.45451,2.04698,-1.45451,2.04698,0.00000,0.00000,0,0.00032
8.3526,0.79117,0.63236,0.79117,0.63236,0.79458,0.62679,-0.90881,2.46528,-1.46501,2.02653,-1.46501,2.02653,0.00000,0.00000,0,0.00029
8.4561,0.78442,0.63747,0.78442,0.63747,0.78771,0.63490,-0.92461,2.45264,-1.47601,2.00821,-1.47601,2.00821,0.00000,0.00000,0,0.00115
8.5558,0.78208,0.64103,0.78208,0.64103,0.78401,0.63922,-0.94032,2.43989,-1.48912,1.99244,-1.48912,1.99244,0.00000,0.00000,0,0.00026
8.6604,0.77511,0.64449,0.77511,0.64449,0.77877,0.64292,-0.95594,2.42706,-1.50108,1.97702,-1.50108,1.97702,0.00000,0.00000,0,0.00027
8.7620,0.76946,0.65115,0.76946,0.65115,0.77241,0.64815,-0.97144,2.41415,-1.51213,1.96044,-1.51213,1.96044,0.00000,0.00000,0,0.00025
8.8646,0.76022,0.65975,0.76022,0.65975,0.76499,0.65595,-0.98681,2.40109,-1.52230,1.94193,-1.52230,1.94193,0.00000,0.00000,0,0.00032
8.9657,0.75286,0.66237,0.75286,0.66237,0.75653,0.66068,-1.00201,2.38791,-1.53158,1.92544,-1.53158,1.92544,0.00000,0.00000,0,0.00046
9.0664,0.74145,0.66749,0.74145,0.66749,0.74669,0.66463,-1.01702,2.37466,-1.53970,1.90942,-1.53970,1.90942,0.00000,0.00000,0,0.00031
9.1680,0.72539,0.67563,0.72539,0.67563,0.73318,0.67125,-1.03181,2.36130,-1.54503,1.89142,-1.54503,1.89142,0.00000,0.00000,0,0.00033
9.2708,0.69867,0.68572,0.69867,0.68572,0.71227,0.68043,-1.04624,2.34777,-1.54483,1.87147,-1.54483,1.87147,0.00000,0.00000,0,0.00028
9.3732,0.65833,0.69772,0.65833,0.69772,0.67695,0.69180,-1.06009,2.33403,-1.53396,1.84977,-1.53396,1.84977,0.00000,0.00000,0,0.00101
9.4753,0.61492,0.71177,0.61492,0.71177,0.63503,0.70648,-1.07313,2.32002,-1.51765,1.82548,-1.51765,1.82548,0.00000,0.00000,0,0.00027
9.5782,0.56029,0.73174,0.56029,0.73174,0.58650,0.72071,-1.08527,2.30574,-1.49582,1.80124,-1.49582,1.80124,0.00000,0.00000,0,0.00025
9.6793,0.46417,0.76411,0.46417,0.76411,0.49767,0.75129,-1.09592,2.29093,-1.44429,1.76503,-1.44429,1.76503,0.00000,0.00000,0,0.00025
9.7805,0.44416,0.76782,0.44416,0.76782,0.45671,0.76424,-1.10534,2.27572,-1.42503,1.74075,-1.42503,1.74075,0.00000,0.00000,0,0.00028
9.8824,0.43049,0.76716,0.43049,0.76716,0.43846,0.76652,-1.11425,2.26040,-1.42117,1.72384,-1.42117,1.72384,0.00000,0.00000,0,0.00029
9.9840,0.41664,0.76496,0.41664,0.76496,0.42345,0.76615,-1.12284,2.24507,-1.41925,1.70876,-1.41925,1.70876,0.00000,0.00000,0,0.00025
10.0848,0.40071,0.76024,0.40071,0.76024,0.40775,0.76218,-1.13111,2.22979,-1.41653,1.69626,-1.41653,1.69626,0.00000,0.00000,0,0.00025
10.1870,0.38253,0.75297,0.38253,0.75297,0.39157,0.75657,-1.13908,2.21461,-1.41318,1.68502,-1.41318,1.68502,0.00000,0.00000,0,0.00074
10.2872,0.36784,0.74570,0.36784,0.74570,0.37546,0.74884,-1.14672,2.19958,-1.40954,1.67539,-1.40954,1.67539,0.00000,0.00000,0,0.00027
10.3879,0.34873,0.73625,0.34873,0.73625,0.35770,0.74049,-1.15402,2.18470,-1.40441,1.66636,-1.40441,1.66636,0.00000,0.00000,0,0.00026
10.4900,0.33228,0.73125,0.33228,0.73125,0.34136,0.73426,-1.16098,2.16997,-1.39994,1.65599,-1.39994,1.65599,0.00000,0.00000,0,0.00036
10.5924,0.29970,0.72052,0.29970,0.72052,0.31571,0.72623,-1.16753,2.15537,-1.38853,1.64700,-1.38853,1.64700,0.00000,0.00000,0,0.00031
10.6927,0.25734,0.70308,0.25734,0.70308,0.27717,0.71158,-1.17339,2.14101,-1.36740,1.64291,-1.36740,1.64291,0.00000,0.00000,0,0.00027
10.7957,0.20883,0.68535,0.20883,0.68535,0.22465,0.69245,-1.17825,2.12703,-1.33551,1.64232,-1.33551,1.64232,0.00000,0.00000,0,0.00029
10.9006,0.20018,0.68255,0.20018,0.68255,0.20668,0.68430,-1.18251,2.11331,-1.32719,1.63430,-1.32719,1.63430,0.00000,0.00000,0,0.00036
11.0019,0.19994,0.67770,0.19994,0.67770,0.20016,0.68009,-1.18655,2.09967,-1.32666,1.62361,-1.32666,1.62361,0.00000,0.00000,0,0.00030
11.1036,0.19795,0.67944,0.19795,0.67944,0.19867,0.67876,-1.19053,2.08610,-1.32960,1.61097,-1.32960,1.61097,0.00000,0.00000,0,0.00030
11.2052,0.19990,0.67825,0.19990,0.67825,0.19891,0.67847,-1.19450,2.07253,-1.33374,1.59760,-1.33374,1.59760,0.00000,0.00000,0,0.00025
11.3055,0.19345,0.67766,0.19345,0.67766,0.19548,0.67789,-1.19844,2.05896,-1.33528,1.58444,-1.33528,1.58444,0.00000,0.00000,0,0.00025
11.4076,0.19810,0.67961,0.19810,0.67961,0.19594,0.67822,-1.20235,2.04541,-1.33951,1.57065,-1.33951,1.57065,0.00000,0.00000,0,0.00035
11.5110,0.19537,0.68139,0.19537,0.68139,0.19654,0.68026,-1.20628,2.03182,-1.34386,1.55564,-1.34386,1.55564,0.00000,0.00000,0,0.00030
11.6123,0.19417,0.68038,0.19417,0.68038,0.19607,0.68122,-1.21021,2.01820,-1.34746,1.54134,-1.34746,1.54134,0.00000,0.00000,0,0.00027
11.7145,0.19251,0.68116,0.19251,0.68116,0.19290,0.68080,-1.21409,2.00458,-1.34912,1.52802,-1.34912,1.52802,0.00000,0.00000,0,0.00036
11.8176,0.18493,0.68441,0.18493,0.68441,0.18849,0.68339,-1.21790,1.99093,-1.34985,1.51256,-1.34985,1.51256,0.00000,0.00000,0,0.00050
11.9197,0.18863,0.68772,0.18863,0.68772,0.18726,0.68637,-1.22165,1.97723,-1.35273,1.49677,-1.35273,1.49677,0.00000,0.00000,0,0.00096
12.0216,0.18069,0.68993,0.18069,0.68993,0.18424,0.68905,-1.22537,1.96347,-1.35434,1.48114,-1.35434,1.48114,0.00000,0.00000,0,0.00027
12.1224,0.17764,0.69007,0.17764,0.69007,0.18111,0.68996,-1.22902,1.94968,-1.35580,1.46671,-1.35580,1.46671,0.00000,0.00000,0,0.00027
12.2247,0.16502,0.69883,0.16502,0.69883,0.16875,0.69491,-1.23248,1.93583,-1.35060,1.44939,-1.35060,1.44939,0.00000,0.00000,0,0.00024
12.3288,0.15901,0.70792,0.15901,0.70792,0.16178,0.70338,-1.23577,1.92183,-1.34901,1.42947,-1.34901,1.42947,0.00000,0.00000,0,0.00031
12.4309,0.14974,0.71204,0.14974,0.71204,0.15422,0.70920,-1.23892,1.90769,-1.34687,1.41125,-1.34687,1.41125,0.00000,0.00000,0,0.00027
12.5335,0.14206,0.71260,0.14206,0.71260,0.14564,0.71204,-1.24190,1.89346,-1.34384,1.39503,-1.34384,1.39503,0.00000,0.00000,0,0.00093
12.6365,0.13639,0.71458,0.13639,0.71458,0.13831,0.71361,-1.24471,1.87921,-1.34153,1.37968,-1.34153,1.37968,0.00000,0.00000,0,0.00028
12.7380,0.13299,0.71522,0.13299,0.71522,0.13450,0.71528,-1.24742,1.86491,-1.34157,1.36422,-1.34157,1.36422,0.00000,0.00000,0,0.00033
12.8386,0.12605,0.72021,0.12605,0.72021,0.12831,0.71855,-1.25004,1.85056,-1.33985,1.34758,-1.33985,1.34758,0.00000,0.00000,0,0.00026
12.9421,0.11128,0.73037,0.11128,0.73037,0.11878,0.72439,-1.25251,1.83614,-1.33565,1.32907,-1.33565,1.32907,0.00000,0.00000,0,0.00031
13.0449,0.06347,0.77311,0.06347,0.77311,0.08521,0.75169,-1.25456,1.82139,-1.31420,1.29521,-1.31420,1.29521,0.00000,0.00000,0,0.00168
13.1474,0.03843,0.78896,0.03843,0.78896,0.05010,0.78146,-1.25580,1.80593,-1.29087,1.25891,-1.29087,1.25891,0.00000,0.00000,0,0.00119
13.2475,0.03078,0.78862,0.03078,0.78862,0.03616,0.78736,-1.25580,1.79021,-1.28111,1.23906,-1.28111,1.23906,0.00000,0.00000,16,0.00031
13.3500,0.02618,0.78609,0.02618,0.78609,0.02879,0.78670,-1.25580,1.77447,-1.27595,1.22378,-1.27595,1.22378,0.00000,0.00000,16,0.00025
13.4526,0.02254,0.78342,0.02254,0.78342,0.02406,0.78430,-1.25580,1.75877,-1.27264,1.20975,-1.27264,1.20975,0.00000,0.00000,16,0.00029
13.5556,0.02052,0.78278,0.02052,0.78278,0.02179,0.78319,-1.25580,1.74310,-1.27105,1.19486,-1.27105,1.19486,0.00000,0.00000,16,0.00028
13.6571,0.01836,0.78020,0.01836,0.78020,0.02006,0.78167,-1.25580,1.72744,-1.26984,1.18027,-1.26984,1.18027,0.00000,0.00000,16,0.00026
13.7584,0.01453,0.77546,0.01453,0.77546,0.01555,0.77753,-1.25580,1.71186,-1.26668,1.16759,-1.26668,1.16759,0.00000,0.00000,16,0.00028
13.8606,0.00666,0.77493,0.00666,0.77493,0.01060,0.77547,-1.25580,1.69634,-1.26322,1.15351,-1.26322,1.15351,0.00000,0.00000,16,0.00030
13.9638,0.00033,0.76735,0.00033,0.76735,0.00307,0.77131,-1.25580,1.68087,-1.25795,1.14095,-1.25795,1.14095,0.00000,0.00000,16,0.00047
14.0655,-0.00292,0.75289,-0.00292,0.75289,-0.00088,0.75880,-1.25580,1.66559,-1.25518,1.13442,-1.25518,1.13442,0.00000,0.00000,16,0.00033
14.1676,-0.01665,0.74315,-0.01665,0.74315,-0.01189,0.74744,-1.25580,1.65055,-1.24748,1.12735,-1.24748,1.12735,0.00000,0.00000,16,0.00033
14.2683,-0.03082,0.73285,-0.03082,0.73285,-0.02410,0.73765,-1.25580,1.63572,-1.23893,1.11937,-1.23893,1.11937,0.00000,0.00000,16,0.00028
14.3711,-0.04807,0.72223,-0.04807,0.72223,-0.03967,0.72771,-1.25580,1.62108,-1.22803,1.11168,-1.22803,1.11168,0.00000,0.00000,16,0.00035
14.4750,-0.10337,0.68565,-0.10337,0.68565,-0.07567,0.70506,-1.25502,1.60674,-1.20206,1.11320,-1.20206,1.11320,0.00000,0.00000,0,0.00025
14.5764,-0.13296,0.66575,-0.13296,0.66575,-0.11909,0.67449,-1.25294,1.59306,-1.16958,1.12092,-1.16958,1.12092,0.00000,0.00000,0,0.00036
14.6772,-0.13958,0.65633,-0.13958,0.65633,-0.13485,0.66125,-1.25034,1.57974,-1.15594,1.11686,-1.15594,1.11686,0.00000,0.00000,0,0.00026
14.7785,-0.14034,0.65377,-0.14034,0.65377,-0.13878,0.65496,-1.24759,1.56660,-1.15044,1.10814,-1.15044,1.10814,0.00000,0.00000,0,0.00025
14.8840,-0.14356,0.64871,-0.14356,0.64871,-0.14152,0.65107,-1.24478,1.55354,-1.14572,1.09779,-1.14572,1.09779,0.00000,0.00000,0,0.00026
14.9853,-0.14678,0.64354,-0.14678,0.64354,-0.14536,0.64693,-1.24190,1.54056,-1.14015,1.08771,-1.14015,1.08771,0.00000,0.00000,0,0.00025
15.0885,-0.15367,0.64385,-0.15367,0.64385,-0.15074,0.64414,-1.23894,1.52767,-1.13342,1.07677,-1.13342,1.07677,0.00000,0.00000,0,0.00032
15.1927,-0.15635,0.63893,-0.15635,0.63893,-0.15513,0.64106,-1.23587,1.51482,-1.12728,1.06607,-1.12728,1.06607,0.00000,0.00000,0,0.00190
15.2919,-0.16083,0.63367,-0.16083,0.63367,-0.15897,0.63655,-1.23272,1.50205,-1.12144,1.05646,-1.12144,1.05646,0.00000,0.00000,0,0.00026
15.3924,-0.16421,0.63308,-0.16421,0.63308,-0.16142,0.63510,-1.22952,1.48933,-1.11653,1.04476,-1.11653,1.04476,0.00000,0.00000,0,0.00027
15.4931,-0.16593,0.62530,-0.16593,0.62530,-0.16553,0.62845,-1.22624,1.47670,-1.11037,1.03679,-1.11037,1.03679,0.00000,0.00000,0,0.00026
15.5949,-0.17391,0.61410,-0.17391,0.61410,-0.17041,0.61903,-1.22287,1.46424,-1.10358,1.03092,-1.10358,1.03092,0.00000,0.00000,0,0.00027
15.6956,-0.18005,0.59183,-0.18005,0.59183,-0.17758,0.60200,-1.21938,1.45205,-1.09507,1.03065,-1.09507,1.03065,0.00000,0.00000,0,0.00027
15.7964,-0.18614,0.58025,-0.18614,0.58025,-0.18391,0.58503,-1.21574,1.44023,-1.08700,1.03071,-1.08700,1.03071,0.00000,0.00000,0,0.00037
15.9010,-0.18914,0.57178,-0.18914,0.57178,-0.18795,0.57598,-1.21202,1.42864,-1.08045,1.02546,-1.08045,1.02546,0.00000,0.00000,0,0.00030
16.0026,-0.19297,0.55847,-0.19297,0.55847,-0.19179,0.56495,-1.20821,1.41724,-1.07395,1.02178,-1.07395,1.02178,0.00000,0.00000,0,0.00028
16.1066,-0.19675,0.54818,-0.19675,0.54818,-0.19482,0.55276,-1.20434,1.40610,-1.06796,1.01917,-1.06796,1.01917,0.00000,0.00000,0,0.00028
16.2083,-0.20101,0.54198,-0.20101,0.54198,-0.20062,0.54495,-1.20036,1.39515,-1.05992,1.01369,-1.05992,1.01369,0.00000,0.00000,0,0.00026
16.3090,-0.20158,0.54000,-0.20158,0.54000,-0.20075,0.54135,-1.19634,1.38430,-1.05582,1.00535,-1.05582,1.00535,0.00000,0.00000,0,0.00027
16.4107,-0.19850,0.54159,-0.19850,0.54159,-0.20001,0.54196,-1.19233,1.37346,-1.05233,0.99409,-1.05233,0.99409,0.00000,0.00000,0,0.00040
16.5119,-0.20191,0.53712,-0.20191,0.53712,-0.20077,0.53867,-1.18833,1.36265,-1.04779,0.98558,-1.04779,0.98558,0.00000,0.00000,0,0.00027
16.6128,-0.20498,0.53469,-0.20498,0.53469,-0.20329,0.53586,-1.18430,1.35191,-1.04200,0.97681,-1.04200,0.97681,0.00000,0.00000,0,0.00028
16.7150,-0.20824,0.53481,-0.20824,0.53481,-0.20741,0.53531,-1.18018,1.34120,-1.03499,0.96648,-1.03499,0.96648,0.00000,0.00000,0,0.00038
16.8172,-0.21823,0.52935,-0.21823,0.52935,-0.21386,0.53126,-1.17596,1.33054,-1.02626,0.95866,-1.02626,0.95866,0.00000,0.00000,0,0.00070
16.9171,-0.22467,0.52565,-0.22467,0.52565,-0.22157,0.52719,-1.17159,1.31997,-1.01649,0.95094,-1.01649,0.95094,0.00000,0.00000,0,0.00029
17.0193,-0.23704,0.52222,-0.23704,0.52222,-0.23084,0.52424,-1.16705,1.30946,-1.00547,0.94250,-1.00547,0.94250,0.00000,0.00000,0,0.00029
17.1216,-0.24385,0.51741,-0.24385,0.51741,-0.24079,0.52006,-1.16231,1.29902,-0.99376,0.93498,-0.99376,0.93498,0.00000,0.00000,0,0.00030
17.2224,-0.26487,0.50886,-0.26487,0.50886,-0.25508,0.51417,-1.15734,1.28868,-0.97878,0.92876,-0.97878,0.92876,0.00000,0.00000,0,0.00029
17.3235,-0.31297,0.48721,-0.31297,0.48721,-0.29436,0.49639,-1.15178,1.27860,-0.94572,0.93113,-0.94572,0.93113,0.00000,0.00000,0,0.00027
17.4259,-0.36863,0.44616,-0.36863,0.44616,-0.34547,0.46538,-1.14529,1.26902,-0.90346,0.94325,-0.90346,0.94325,0.00000,0.00000,0,0.00026
17.5284,-0.38154,0.42234,-0.38154,0.42234,-0.37231,0.43331,-1.13802,1.26013,-0.87740,0.95681,-0.87740,0.95681,0.00000,0.00000,0,0.00037
17.6296,-0.38328,0.41477,-0.38328,0.41477,-0.38137,0.41939,-1.13045,1.25165,-0.86349,0.95807,-0.86349,0.95807,0.00000,0.00000,0,0.00028
17.7326,-0.38789,0.41017,-0.38789,0.41017,-0.38607,0.41244,-1.12276,1.24335,-0.85251,0.95465,-0.85251,0.95465,0.00000,0.00000,0,0.00029
17.8338,-0.38609,0.41069,-0.38609,0.41069,-0.38661,0.41081,-1.11503,1.23513,-0.84440,0.94757,-0.84440,0.94757,0.00000,0.00000,0,0.00026
17.9352,-0.38846,0.41116,-0.38846,0.41116,-0.38742,0.41068,-1.10729,1.22692,-0.83609,0.93945,-0.83609,0.93945,0.00000,0.00000,0,0.00028
18.0356,-0.38854,0.41094,-0.38854,0.41094,-0.38836,0.41038,-1.09953,1.21872,-0.82768,0.93145,-0.82768,0.93145,0.00000,0.00000,0,0.00027
18.1368,-0.38826,0.40913,-0.38826,0.40913,-0.38873,0.40996,-1.09175,1.21051,-0.81964,0.92353,-0.81964,0.92353,0.00000,0.00000,0,0.00026
18.2384,-0.38428,0.40707,-0.38428,0.40707,-0.38607,0.40829,-1.08400,1.20232,-0.81375,0.91652,-0.81375,0.91652,0.00000,0.00000,0,0.00026
18.3423,-0.38576,0.40320,-0.38576,0.40320,-0.38575,0.40511,-1.07629,1.19419,-0.80626,0.91062,-0.80626,0.91062,0.00000,0.00000,0,0.00184
18.4419,-0.39030,0.39620,-0.39030,0.39620,-0.38848,0.39883,-1.06855,1.18617,-0.79661,0.90698,-0.79661,0.90698,0.00000,0.00000,0,0.00026
18.5440,-0.38825,0.39197,-0.38825,0.39197,-0.38813,0.39335,-1.06078,1.17827,-0.78909,0.90293,-0.78909,0.90293,0.00000,0.00000,0,0.00026
18.6455,-0.38352,0.37757,-0.38352,0.37757,-0.38537,0.38391,-1.05305,1.17050,-0.78329,0.90176,-0.78329,0.90176,0.00000,0.00000,0,0.00027
18.7464,-0.38371,0.35371,-0.38371,0.35371,-0.38351,0.36596,-1.04537,1.16301,-0.77692,0.90683,-0.77692,0.90683,0.00000,0.00000,0,0.00032
18.8476,-0.39587,0.23134,-0.39587,0.23134,-0.38792,0.29257,-1.03767,1.15640,-0.76613,0.95160,-0.76613,0.95160,0.00000,0.00000,0,0.00029
18.9484,-0.39770,0.15694,-0.39770,0.15694,-0.39179,0.18249,-1.02993,1.15211,-0.75567,1.02437,-0.75567,1.02437,0.00000,0.00000,0,0.00025
19.0503,-0.40053,0.15563,-0.40053,0.15563,-0.39551,0.15894,-1.02204,1.14880,-0.74518,1.03754,-0.74518,1.03754,0.00000,0.00000,0,0.00028
19.1528,-0.39454,0.15051,-0.39454,0.15051,-0.39453,0.15351,-1.01413,1.14569,-0.73796,1.03824,-0.73796,1.03824,0.00000,0.00000,0,0.00032
19.2534,-0.39223,0.15480,-0.39223,0.15480,-0.39280,0.15313,-1.00625,1.14263,-0.73129,1.03544,-0.73129,1.03544,0.00000,0.00000,0,0.00036
19.3546,-0.39350,0.15235,-0.39350,0.15235,-0.39218,0.15261,-0.99841,1.13958,-0.72388,1.03275,-0.72388,1.03275,0.00000,0.00000,0,0.00028
19.4558,-0.39515,0.15424,-0.39515,0.15424,-0.39406,0.15303,-0.99054,1.13653,-0.71469,1.02941,-0.71469,1.02941,0.00000,0.00000,0,0.00027
19.5567,-0.39844,0.15459,-0.39844,0.15459,-0.39637,0.15400,-0.98264,1.13346,-0.70518,1.02566,-0.70518,1.02566,0.00000,0.00000,0,0.00035
19.6593,-0.39507,0.15394,-0.39507,0.15394,-0.39503,0.15427,-0.97473,1.13037,-0.69821,1.02238,-0.69821,1.02238,0.00000,0.00000,0,0.00047
19.7620,-0.39376,0.15763,-0.39376,0.15763,-0.39475,0.15632,-0.96683,1.12727,-0.69051,1.01784,-0.69051,1.01784,0.00000,0.00000,0,0.00030
19.8659,-0.38962,0.15890,-0.38962,0.15890,-0.39169,0.15771,-0.95897,1.12413,-0.68479,1.01373,-0.68479,1.01373,0.00000,0.00000,0,0.00034
19.9668,-0.38737,0.16376,-0.38737,0.16376,-0.38823,0.16191,-0.95118,1.12092,-0.67942,1.00759,-0.67942,1.00759,0.00000,0.00000,0,0.00037
20.0682,-0.39080,0.16113,-0.39080,0.16113,-0.38947,0.16224,-0.94340,1.11767,-0.67077,1.00410,-0.67077,1.00410,0.00000,0.00000,0,0.00038
20.1685,-0.39451,0.15776,-0.39451,0.15776,-0.39302,0.15989,-0.93557,1.11444,-0.66046,1.00252,-0.66046,1.00252,0.00000,0.00000,0,0.00034
20.2714,-0.39343,0.15861,-0.39343,0.15861,-0.39300,0.15869,-0.92771,1.11127,-0.65261,1.00018,-0.65261,1.00018,0.00000,0.00000,0,0.00027
20.3747,-0.39444,0.15683,-0.39444,0.15683,-0.39400,0.15795,-0.91984,1.10810,-0.64404,0.99753,-0.64404,0.99753,0.00000,0.00000,0,0.00029
20.4763,-0.39209,0.15791,-0.39209,0.15791,-0.39277,0.15756,-0.91197,1.10495,-0.63704,0.99466,-0.63704,0.99466,0.00000,0.00000,0,0.00050
20.5774,-0.38843,0.15609,-0.38843,0.15609,-0.39042,0.15683,-0.90414,1.10180,-0.63085,0.99202,-0.63085,0.99202,0.00000,0.00000,0,0.00029
20.6785,-0.38868,0.15386,-0.38868,0.15386,-0.38851,0.15416,-0.89637,1.09870,-0.62441,0.99079,-0.62441,0.99079,0.00000,0.00000,0,0.00027
20.7803,-0.39230,0.15348,-0.39230,0.15348,-0.39085,0.15332,-0.88858,1.09563,-0.61498,0.98831,-0.61498,0.98831,0.00000,0.00000,0,0.00030
20.8813,-0.39363,0.15240,-0.39363,0.15240,-0.39255,0.15287,-0.88074,1.09257,-0.60596,0.98556,-0.60596,0.98556,0.00000,0.00000,0,0.00025
20.9840,-0.39623,0.15228,-0.39623,0.15228,-0.39515,0.15234,-0.87286,1.08952,-0.59626,0.98288,-0.59626,0.98288,0.00000,0.00000,0,0.00027
21.0846,-0.39966,0.15310,-0.39966,0.15310,-0.39820,0.15280,-0.86493,1.08647,-0.58619,0.97951,-0.58619,0.97951,0.00000,0.00000,0,0.00026
21.1849,-0.39772,0.15042,-0.39772,0.15042,-0.39770,0.15174,-0.85697,1.08342,-0.57858,0.97720,-0.57858,0.97720,0.00000,0.00000,0,0.00024
21.2874,-0.39457,0.15282,-0.39457,0.15282,-0.39498,0.15233,-0.84905,1.08038,-0.57256,0.97375,-0.57256,0.97375,0.00000,0.00000,0,0.00032
21.3883,-0.39737,0.15392,-0.39737,0.15392,-0.39626,0.15362,-0.84114,1.07732,-0.56376,0.96978,-0.56376,0.96978,0.00000,0.00000,0,0.00032
21.4904,-0.40083,0.15187,-0.40083,0.15187,-0.39913,0.15280,-0.83318,1.07425,-0.55380,0.96729,-0.55380,0.96729,0.00000,0.00000,0,0.00027
21.5912,-0.38739,0.13092,-0.38739,0.13092,-0.39027,0.13612,-0.82530,1.07139,-0.55211,0.97610,-0.55211,0.97610,0.00000,0.00000,0,0.00027
21.6920,-0.38353,0.13237,-0.38353,0.13237,-0.38499,0.13221,-0.81757,1.06873,-0.54807,0.97618,-0.54807,0.97618,0.00000,0.00000,0,0.00027
21.7936,-0.38057,0.13121,-0.38057,0.13121,-0.38143,0.13153,-0.80991,1.06610,-0.54291,0.97403,-0.54291,0.97403,0.00000,0.00000,0,0.00032
21.8952,-0.38131,0.13009,-0.38131,0.13009,-0.38148,0.13067,-0.80228,1.06347,-0.53525,0.97200,-0.53525,0.97200,0.00000,0.00000,0,0.00027
21.9960,-0.38469,0.13054,-0.38469,0.13054,-0.38378,0.13077,-0.79462,1.06086,-0.52598,0.96932,-0.52598,0.96932,0.00000,0.00000,0,0.00025
22.0978,-0.38844,0.13467,-0.38844,0.13467,-0.38703,0.13377,-0.78691,1.05821,-0.51599,0.96457,-0.51599,0.96457,0.00000,0.00000,0,0.00027
22.2000,-0.38992,0.13537,-0.38992,0.13537,-0.38954,0.13572,-0.77914,1.05550,-0.50646,0.96050,-0.50646,0.96050,0.00000,0.00000,0,0.00026
22.3011,-0.39003,0.13706,-0.39003,0.13706,-0.38927,0.13656,-0.77136,1.05278,-0.49886,0.95718,-0.49886,0.95718,0.00000,0.00000,0,0.00030
22.4021,-0.38891,0.13512,-0.38891,0.13512,-0.39004,0.13590,-0.76355,1.05005,-0.49053,0.95491,-0.49053,0.95491,0.00000,0.00000,0,0.00026
22.5024,-0.39846,0.13378,-0.39846,0.13378,-0.39432,0.13470,-0.75572,1.04734,-0.47969,0.95305,-0.47969,0.95305,0.00000,0.00000,0,0.00024
22.6054,-0.39659,0.13370,-0.39659,0.13370,-0.39775,0.13378,-0.74778,1.04466,-0.46935,0.95101,-0.46935,0.95101,0.00000,0.00000,0,0.00028
22.7078,-0.40073,0.13080,-0.40073,0.13080,-0.39874,0.13165,-0.73982,1.04201,-0.46070,0.94985,-0.46070,0.94985,0.00000,0.00000,0,0.00028
22.8106,-0.40017,0.13024,-0.40017,0.13024,-0.39963,0.13050,-0.73183,1.03939,-0.45209,0.94804,-0.45209,0.94804,0.00000,0.00000,0,0.00033
22.9118,-0.40040,0.12936,-0.40040,0.12936,-0.40097,0.12952,-0.72381,1.03679,-0.44313,0.94612,-0.44313,0.94612,0.00000,0.00000,0,0.00029
23.0122,-0.40192,0.12342,-0.40192,0.12342,-0.40136,0.12555,-0.71579,1.03424,-0.43484,0.94636,-0.43484,0.94636,0.00000,0.00000,0,0.00026
23.1149,-0.39927,0.11930,-0.39927,0.11930,-0.40138,0.12104,-0.70776,1.03179,-0.42679,0.94705,-0.42679,0.94705,0.00000,0.00000,0,0.00050
23.2164,-0.40797,0.11708,-0.40797,0.11708,-0.40369,0.11784,-0.69971,1.02941,-0.41713,0.94692,-0.41713,0.94692,0.00000,0.00000,0,0.00037
23.3206,-0.40350,0.11428,-0.40350,0.11428,-0.40413,0.11575,-0.69163,1.02708,-0.40874,0.94605,-0.40874,0.94605,0.00000,0.00000,0,0.00029
23.4215,-0.40918,0.11059,-0.40918,0.11059,-0.40689,0.11173,-0.68351,1.02481,-0.39869,0.94660,-0.39869,0.94660,0.00000,0.00000,0,0.00035
23.5234,-0.40844,0.10706,-0.40844,0.10706,-0.40899,0.10930,-0.67534,1.02260,-0.38905,0.94609,-0.38905,0.94609,0.00000,0.00000,0,0.00036
23.6254,-0.41652,0.10122,-0.41652,0.10122,-0.41249,0.10404,-0.66714,1.02047,-0.37840,0.94765,-0.37840,0.94765,0.00000,0.00000,0,0.00026
23.7268,-0.42460,0.09432,-0.42460,0.09432,-0.41925,0.09800,-0.65881,1.01846,-0.36534,0.94986,-0.36534,0.94986,0.00000,0.00000,0,0.00027
23.8301,-0.43035,0.09525,-0.43035,0.09525,-0.42836,0.09398,-0.65031,1.01656,-0.35046,0.95078,-0.35046,0.95078,0.00000,0.00000,0,0.00027
23.9339,-0.43279,0.07528,-0.43279,0.07528,-0.43053,0.08102,-0.64170,1.01484,-0.34033,0.95812,-0.34033,0.95812,0.00000,0.00000,0,0.00033
24.0352,-0.43247,0.06828,-0.43247,0.06828,-0.43260,0.07166,-0.63306,1.01334,-0.33024,0.96318,-0.33024,0.96318,0.00000,0.00000,0,0.00026
24.1373,-0.43060,0.05863,-0.43060,0.05863,-0.43065,0.06341,-0.62443,1.01199,-0.32298,0.96760,-0.32298,0.96760,0.00000,0.00000,0,0.00029
24.2386,-0.42543,0.04856,-0.42543,0.04856,-0.42763,0.05333,-0.61586,1.01084,-0.31652,0.97351,-0.31652,0.97351,0.00000,0.00000,0,0.00034
24.3388,-0.42765,0.03865,-0.42765,0.03865,-0.42703,0.04389,-0.60732,1.01064,-0.30839,0.97991,-0.30839,0.97991,0.00000,0.00000,32,0.00027
24.4408,-0.42698,0.03325,-0.42698,0.03325,-0.42647,0.03617,-0.59879,1.01064,-0.30026,0.98532,-0.30026,0.98532,0.00000,0.00000,32,0.00145
24.5413,-0.42914,0.02817,-0.42914,0.02817,-0.42846,0.02984,-0.59023,1.01064,-0.29031,0.98975,-0.29031,0.98975,0.00000,0.00000,32,0.00027
24.6423,-0.42983,0.01588,-0.42983,0.01588,-0.42919,0.02062,-0.58166,1.01064,-0.28122,0.99621,-0.28122,0.99621,0.00000,0.00000,32,0.00025
24.7434,-0.43251,0.00807,-0.43251,0.00807,-0.43058,0.01254,-0.57307,1.01064,-0.27167,1.00186,-0.27167,1.00186,0.00000,0.00000,32,0.00027
24.8464,-0.43933,-0.00112,-0.43933,-0.00112,-0.43555,0.00276,-0.56440,1.01064,-0.25952,1.00870,-0.25952,1.00870,0.00000,0.00000,32,0.00101
24.9465,-0.43972,-0.00551,-0.43972,-0.00551,-0.43824,-0.00414,-0.55566,1.01064,-0.24889,1.01353,-0.24889,1.01353,0.00000,0.00000,32,0.00029
25.0485,-0.43745,-0.00740,-0.43745,-0.00740,-0.43755,-0.00628,-0.54689,1.01064,-0.24061,1.01503,-0.24061,1.01503,0.00000,0.00000,32,0.00033
25.1501,-0.43710,-0.01124,-0.43710,-0.01124,-0.43733,-0.00964,-0.53815,1.01064,-0.23202,1.01738,-0.23202,1.01738,0.00000,0.00000,32,0.00029
25.2515,-0.44327,-0.01386,-0.44327,-0.01386,-0.44021,-0.01270,-0.52938,1.01064,-0.22124,1.01953,-0.22124,1.01953,0.00000,0.00000,32,0.00029
25.3526,-0.44502,-0.01869,-0.44502,-0.01869,-0.44385,-0.01657,-0.52053,1.01064,-0.20984,1.02224,-0.20984,1.02224,0.00000,0.00000,32,0.00027
25.4548,-0.44700,-0.02401,-0.44700,-0.02401,-0.44675,-0.02164,-0.51161,1.01064,-0.19889,1.02578,-0.19889,1.02578,0.00000,0.00000,32,0.00030
25.5563,-0.44376,-0.02692,-0.44376,-0.02692,-0.44530,-0.02595,-0.50269,1.01064,-0.19097,1.02880,-0.19097,1.02880,0.00000,0.00000,32,0.00036
25.6590,-0.44419,-0.03093,-0.44419,-0.03093,-0.44445,-0.02973,-0.49379,1.01064,-0.18268,1.03145,-0.18268,1.03145,0.00000,0.00000,32,0.00028
25.7596,-0.44778,-0.03558,-0.44778,-0.03558,-0.44609,-0.03291,-0.48489,1.01064,-0.17263,1.03367,-0.17263,1.03367,0.00000,0.00000,32,0.00034
25.8623,-0.44837,-0.03777,-0.44837,-0.03777,-0.44788,-0.03642,-0.47595,1.01064,-0.16243,1.03613,-0.16243,1.03613,0.00000,0.00000,32,0.00032
25.9642,-0.44985,-0.03955,-0.44985,-0.03955,-0.44873,-0.03842,-0.46698,1.01064,-0.15287,1.03753,-0.15287,1.03753,0.00000,0.00000,32,0.00037
26.0665,-0.44844,-0.04757,-0.44844,-0.04757,-0.44925,-0.04356,-0.45799,1.01064,-0.14352,1.04113,-0.14352,1.04113,0.00000,0.00000,32,0.00153
26.1657,-0.44936,-0.05339,-0.44936,-0.05339,-0.44915,-0.05036,-0.44900,1.01084,-0.13460,1.04609,-0.13460,1.04609,0.00000,0.00000,0,0.00034
26.2681,-0.44866,-0.05874,-0.44866,-0.05874,-0.44877,-0.05616,-0.44004,1.01192,-0.12590,1.05123,-0.12590,1.05123,0.00000,0.00000,0,0.00031
26.3703,-0.45496,-0.06503,-0.45496,-0.06503,-0.45179,-0.06162,-0.43103,1.01310,-0.11478,1.05624,-0.11478,1.05624,0.00000,0.00000,0,0.00081
26.4712,-0.45769,-0.07115,-0.45769,-0.07115,-0.45566,-0.06785,-0.42195,1.01441,-0.10298,1.06190,-0.10298,1.06190,0.00000,0.00000,0,0.00031
26.5724,-0.45500,-0.07505,-0.45500,-0.07505,-0.45638,-0.07204,-0.41281,1.01582,-0.09334,1.06625,-0.09334,1.06625,0.00000,0.00000,0,0.00027
26.6731,-0.45821,-0.08620,-0.45821,-0.08620,-0.45693,-0.08117,-0.40368,1.01736,-0.08383,1.07418,-0.08383,1.07418,0.00000,0.00000,0,0.00026
26.7754,-0.46073,-0.10517,-0.46073,-0.10517,-0.45997,-0.09654,-0.39451,1.01915,-0.07254,1.08673,-0.07254,1.08673,0.00000,0.00000,0,0.00026
26.8775,-0.47201,-0.13967,-0.47201,-0.13967,-0.46616,-0.12250,-0.38525,1.02135,-0.05893,1.10710,-0.05893,1.10710,0.00000,0.00000,0,0.00028
26.9782,-0.48074,-0.19823,-0.48074,-0.19823,-0.47923,-0.17955,-0.37577,1.02451,-0.04031,1.15020,-0.04031,1.15020,0.00000,0.00000,0,0.00027
27.0799,-0.47714,-0.21190,-0.47714,-0.21190,-0.47717,-0.20421,-0.36622,1.02842,-0.03221,1.17136,-0.03221,1.17136,0.00000,0.00000,0,0.00026
27.1824,-0.46977,-0.24370,-0.46977,-0.24370,-0.47044,-0.22776,-0.35678,1.03277,-0.02747,1.19220,-0.02747,1.19220,0.00000,0.00000,0,0.00161
27.2816,-0.45702,-0.32207,-0.45702,-0.32207,-0.45966,-0.29808,-0.34749,1.03821,-0.02573,1.24687,-0.02573,1.24687,0.00000,0.00000,0,0.00029
27.3840,-0.45522,-0.34523,-0.45522,-0.34523,-0.45645,-0.33217,-0.33831,1.04461,-0.01880,1.27713,-0.01880,1.27713,0.00000,0.00000,0,0.00033
27.4851,-0.44192,-0.34881,-0.44192,-0.34881,-0.44945,-0.34525,-0.32922,1.05144,-0.01461,1.29311,-0.01461,1.29311,0.00000,0.00000,0,0.00028
27.5875,-0.43881,-0.35249,-0.43881,-0.35249,-0.44014,-0.35095,-0.32036,1.05842,-0.01226,1.30409,-0.01226,1.30409,0.00000,0.00000,0,0.00108
27.6904,-0.43043,-0.35675,-0.43043,-0.35675,-0.43411,-0.35515,-0.31162,1.06550,-0.00775,1.31410,-0.00775,1.31410,0.00000,0.00000,0,0.00032
27.7909,-0.42935,-0.35886,-0.42935,-0.35886,-0.43087,-0.35779,-0.30297,1.07264,-0.00136,1.32309,-0.00136,1.32309,0.00000,0.00000,0,0.00027
27.8922,-0.42324,-0.36312,-0.42324,-0.36312,-0.42505,-0.36065,-0.29443,1.07982,0.00310,1.33227,0.00310,1.33227,0.00000,0.00000,0,0.00025
27.9937,-0.42027,-0.36622,-0.42027,-0.36622,-0.42227,-0.36513,-0.28596,1.08709,0.00963,1.34268,0.00963,1.34268,0.00000,0.00000,0,0.00031
28.0949,-0.41691,-0.36604,-0.41691,-0.36604,-0.41855,-0.36582,-0.27756,1.09440,0.01542,1.35048,0.01542,1.35048,0.00000,0.00000,0,0.00026
28.1956,-0.40644,-0.36776,-0.40644,-0.36776,-0.41069,-0.36765,-0.26929,1.10175,0.01820,1.35910,0.01820,1.35910,0.00000,0.00000,0,0.00025
28.3002,-0.40645,-0.37185,-0.40645,-0.37185,-0.40739,-0.37044,-0.26112,1.10913,0.02406,1.36843,0.02406,1.36843,0.00000,0.00000,0,0.00024
28.4025,-0.39845,-0.37602,-0.39845,-0.37602,-0.40251,-0.37395,-0.25303,1.11657,0.02873,1.37834,0.02873,1.37834,0.00000,0.00000,0,0.00068
28.5060,-0.39959,-0.38101,-0.39959,-0.38101,-0.39999,-0.37892,-0.24501,1.12411,0.03498,1.38936,0.03498,1.38936,0.00000,0.00000,0,0.00176
28.6062,-0.39228,-0.38328,-0.39228,-0.38328,-0.39535,-0.38195,-0.23706,1.13173,0.03969,1.39910,0.03969,1.39910,0.00000,0.00000,0,0.00034
28.7076,-0.38084,-0.38907,-0.38084,-0.38907,-0.38620,-0.38679,-0.22925,1.13943,0.04108,1.41018,0.04108,1.41018,0.00000,0.00000,0,0.00026
28.8100,-0.37154,-0.39762,-1.37154,-0.39762,-0.88666,-0.39385,-0.22942,1.14725,0.39124,1.42294,0.39124,1.42294,1.00000,0.00000,0,0.00027
28.9145,-0.33773,-0.43853,-1.33773,-0.43853,-1.27074,-0.41686,-0.20592,1.15531,0.68360,1.44712,0.68360,1.44712,1.00000,0.00000,0,0.00034
29.0161,-0.29763,-0.49842,-1.29763,-0.49842,-1.30155,-0.47541,-0.17993,1.16439,0.73116,1.49717,0.73116,1.49717,1.00000,0.00000,0,0.00034
29.1178,-0.25659,-0.54530,-1.25659,-0.54530,-1.27244,-0.52379,-0.15422,1.17447,0.73649,1.54113,0.73649,1.54113,1.00000,0.00000,0,0.00035
29.2186,-0.21575,-0.64629,-1.21575,-0.64629,-1.23351,-0.59931,-0.12923,1.18577,0.73423,1.60529,0.73423,1.60529,1.00000,0.00000,0,0.00040
29.3208,-0.17643,-0.78322,-1.17643,-0.78322,-1.19270,-0.72333,-0.10506,1.19918,0.72983,1.70551,0.72983,1.70551,1.00000,0.00000,0,0.00029
29.4232,-0.11452,-0.83493,-1.11452,-0.83493,-1.14195,-0.80639,-0.08177,1.21475,0.71760,1.77922,0.71760,1.77922,1.00000,0.00000,0,0.00105
29.5247,-0.06454,-0.87076,-1.06454,-0.87076,-1.08506,-0.85458,-0.05964,1.23150,0.69990,1.82971,0.69990,1.82971,1.00000,0.00000,0,0.00029
29.6253,-0.03575,-0.89497,-1.03575,-0.89497,-1.04900,-0.88336,-0.03840,1.24896,0.69590,1.86731,0.69590,1.86731,1.00000,0.00000,0,0.00027
29.7276,-0.00954,-0.91493,-1.00954,-0.91493,-1.02165,-0.90424,-0.01775,1.26688,0.69740,1.89985,0.69740,1.89985,1.00000,0.00000,0,0.00069
29.8286,0.01117,-0.94025,-0.98883,-0.94025,-0.99887,-0.92764,0.00240,1.28523,0.70161,1.93458,0.70161,1.93458,1.00000,0.00000,0,0.00027
29.9295,0.04047,-0.96663,-0.95953,-0.96663,-0.97435,-0.95293,0.02211,1.30408,0.70415,1.97113,0.70415,1.97113,1.00000,0.00000,0,0.00028
30.0304,0.09136,-1.01631,-0.90864,-1.01631,-0.93058,-0.99564,0.04108,1.32364,0.69249,2.02059,0.69249,2.02059,1.00000,0.00000,0,0.00024
30.1330,0.15862,-1.05939,-0.84138,-1.05939,-0.87364,-1.03683,0.05904,1.34403,0.67059,2.06981,0.67059,2.06981,1.00000,0.00000,0,0.00030
30.2364,0.24765,-1.10653,-0.75235,-1.10653,-0.79289,-1.08506,0.07559,1.36534,0.63062,2.12488,0.63062,2.12488,1.00000,0.00000,0,0.00114
30.3378,0.28655,-1.11930,-0.71345,-1.11930,-0.73318,-1.11223,0.09066,1.38741,0.60389,2.16597,0.60389,2.16597,1.00000,0.00000,0,0.00028
30.4383,0.38458,-1.08584,-0.61542,-1.08584,-0.67207,-1.10499,0.10473,1.40966,0.57518,2.18315,0.57518,2.18315,1.00000,0.00000,0,0.00033
30.5404,0.41710,-1.06819,-0.58290,-1.06819,-0.60513,-1.06967,0.11727,1.43115,0.54086,2.17992,0.54086,2.17992,1.00000,0.00000,0,0.00032
30.6422,0.41823,-1.06384,-0.58177,-1.06384,-0.58921,-1.06519,0.12915,1.45246,0.54160,2.19809,0.54160,2.19809,1.00000,0.00000,0,0.00028
30.7430,0.41519,-1.06172,-0.58481,-1.06172,-0.58711,-1.06293,0.14091,1.47373,0.55188,2.21778,0.55188,2.21778,1.00000,0.00000,0,0.00025
30.8445,0.41258,-1.06355,-0.58742,-1.06355,-0.58703,-1.06311,0.15264,1.49499,0.56357,2.23917,0.56357,2.23917,1.00000,0.00000,0,0.00024
30.9457,0.41145,-1.06421,-0.58855,-1.06421,-0.58874,-1.06346,0.16441,1.51626,0.57653,2.26068,0.57653,2.26068,1.00000,0.00000,0,0.00025
31.0499,0.41220,-1.06370,-0.58780,-1.06370,-0.58798,-1.06452,0.17618,1.53755,0.58777,2.28271,0.58777,2.28271,1.00000,0.00000,0,0.00032
31.1546,0.41369,-1.06341,-0.58631,-1.06341,-0.58610,-1.06345,0.18791,1.55882,0.59818,2.30323,0.59818,2.30323,1.00000,0.00000,0,0.00250
31.2551,0.41873,-1.05968,-0.58127,-1.05968,-0.58439,-1.06160,0.19963,1.58008,0.60870,2.32319,0.60870,2.32319,1.00000,0.00000,0,0.00025
31.3563,0.42480,-1.05910,-0.57520,-1.05910,-0.57799,-1.05998,0.21123,1.60129,0.61582,2.34328,0.61582,2.34328,1.00000,0.00000,0,0.00034
31.4573,0.42761,-1.05771,-0.57239,-1.05771,-0.57380,-1.05882,0.22274,1.62247,0.62440,2.36365,0.62440,2.36365,1.00000,0.00000,0,0.00029
31.5604,0.45687,-1.04697,-0.54313,-1.04697,-0.55197,-1.05096,0.23396,1.64355,0.62034,2.37923,0.62034,2.37923,1.00000,0.00000,0,0.00033
31.6621,0.46119,-1.04474,-0.53881,-1.04474,-0.54295,-1.04621,0.24488,1.66451,0.62495,2.39685,0.62495,2.39685,1.00000,0.00000,0,0.00029
31.7640,0.46288,-1.04373,-0.53712,-1.04373,-0.53882,-1.04450,0.25570,1.68541,0.63288,2.41656,0.63288,2.41656,1.00000,0.00000,0,0.00039
31.8648,0.48150,-1.02643,0.48150,-1.02643,0.29816,-1.03880,0.26272,1.70628,0.05401,2.43344,0.05401,2.43344,0.00000,0.00000,0,0.00033
31.9687,0.53063,-0.93341,0.53063,-0.93341,0.48076,-0.97367,0.25421,1.72635,-0.08232,2.40792,-0.08232,2.40792,0.00000,0.00000,0,0.00031
32.0723,0.55526,-0.85800,0.55526,-0.85800,0.53722,-0.89177,0.24384,1.74483,-0.13221,2.36908,-0.13221,2.36908,0.00000,0.00000,0,0.00030
32.1758,0.56368,-0.84628,0.56368,-0.84628,0.55632,-0.85663,0.23284,1.76219,-0.15659,2.36183,-0.15659,2.36183,0.00000,0.00000,0,0.00029
32.2774,0.57286,-0.83740,0.57286,-0.83740,0.56784,-0.84266,0.22156,1.77914,-0.17593,2.36900,-0.17593,2.36900,0.00000,0.00000,0,0.00028
32.3811,0.52709,-0.81058,0.52709,-0.81058,0.54305,-0.81805,0.21040,1.79568,-0.16974,2.36831,-0.16974,2.36831,0.00000,0.00000,0,0.00032
32.4821,0.53168,-0.77877,0.53168,-0.77877,0.53441,-0.78841,0.19967,1.81163,-0.17442,2.36351,-0.17442,2.36351,0.00000,0.00000,0,0.00026
32.5845,0.54240,-0.74577,0.54240,-0.74577,0.53702,-0.76350,0.18897,1.82712,-0.18695,2.36157,-0.18695,2.36157,0.00000,0.00000,0,0.00025
32.6871,0.56059,-0.66436,0.56059,-0.66436,0.55115,-0.70274,0.17809,1.84173,-0.20772,2.33365,-0.20772,2.33365,0.00000,0.00000,0,0.00086
32.7909,0.56387,-0.63129,0.56387,-0.63129,0.56300,-0.64899,0.16689,1.85508,-0.22721,2.30938,-0.22721,2.30938,0.00000,0.00000,0,0.00030
32.8925,0.56456,-0.60701,0.56456,-0.60701,0.56449,-0.61924,0.15560,1.86769,-0.23954,2.30116,-0.23954,2.30116,0.00000,0.00000,0,0.00027
32.9931,0.56515,-0.55577,0.56515,-0.55577,0.56475,-0.57633,0.14431,1.87958,-0.25101,2.28301,-0.25101,2.28301,0.00000,0.00000,0,0.00026
33.0954,0.56805,-0.53221,0.56805,-0.53221,0.56711,-0.54347,0.13299,1.89067,-0.26398,2.27110,-0.26398,2.27110,0.00000,0.00000,0,0.00025
33.2003,0.53079,-0.47781,0.53079,-0.47781,0.54158,-0.49617,0.12194,1.90103,-0.25717,2.24835,-0.25717,2.24835,0.00000,0.00000,0,0.00177
33.3006,0.53164,-0.47113,0.53164,-0.47113,0.53284,-0.47667,0.11125,1.91071,-0.26174,2.24438,-0.26174,2.24438,0.00000,0.00000,0,0.00027
33.4038,0.52897,-0.46631,0.52897,-0.46631,0.52951,-0.46886,0.10064,1.92015,-0.27001,2.24835,-0.27001,2.24835,0.00000,0.00000,0,0.00026
33.5055,0.63604,-0.41620,0.63604,-0.41620,0.58164,-0.44108,0.08963,1.92927,-0.31751,2.23803,-0.31751,2.23803,0.00000,0.00000,0,0.00028
33.6087,0.72183,-0.36025,0.72183,-0.36025,0.69170,-0.39165,0.07644,1.93751,-0.40776,2.21167,-0.40776,2.21167,0.00000,0.00000,0,0.00038
33.7098,0.66549,-0.31818,0.66549,-0.31818,0.68429,-0.33911,0.06255,1.94469,-0.41645,2.18207,-0.41645,2.18207,0.00000,0.00000,0,0.00030
33.8124,0.66072,-0.30088,0.66072,-0.30088,0.66626,-0.30886,0.04912,1.95106,-0.41726,2.16727,-0.41726,2.16727,0.00000,0.00000,0,0.00028
33.9139,0.65739,-0.29504,0.65739,-0.29504,0.65854,-0.29650,0.03591,1.95706,-0.42507,2.16461,-0.42507,2.16461,0.00000,0.00000,0,0.00042
34.0162,0.65539,-0.29121,0.65539,-0.29121,0.65551,-0.29344,0.02278,1.96296,-0.43608,2.16837,-0.43608,2.16837,0.00000,0.00000,0,0.00038
34.1182,0.65664,-0.28978,0.65664,-0.28978,0.65680,-0.29041,0.00966,1.96879,-0.45010,2.17208,-0.45010,2.17208,0.00000,0.00000,0,0.00029
34.2201,0.65923,-0.28719,0.65923,-0.28719,0.65730,-0.28841,-0.00348,1.97457,-0.46358,2.17645,-0.46358,2.17645,0.00000,0.00000,0,0.00032
34.3229,0.65849,-0.28447,0.65849,-0.28447,0.65904,-0.28553,-0.01664,1.98030,-0.47797,2.18017,-0.47797,2.18017,0.00000,0.00000,0,0.00041
34.4250,0.66030,-0.27903,0.66030,-0.27903,0.66031,-0.28209,-0.02985,1.98598,-0.49207,2.18344,-0.49207,2.18344,0.00000,0.00000,0,0.00027
34.5256,0.65608,-0.26833,0.65608,-0.26833,0.65775,-0.27301,-0.04302,1.99151,-0.50345,2.18262,-0.50345,2.18262,0.00000,0.00000,0,0.00027
34.6282,0.66174,-0.25168,0.66174,-0.25168,0.65939,-0.26029,-0.05618,1.99685,-0.51776,2.17905,-0.51776,2.17905,0.00000,0.00000,0,0.00030
34.7334,0.65763,-0.22024,0.65763,-0.22024,0.65925,-0.23606,-0.06938,2.00179,-0.53085,2.16703,-0.53085,2.16703,0.00000,0.00000,0,0.00114
34.8358,0.65698,-0.14173,-0.34302,-0.14173,0.14746,-0.17444,-0.08797,2.00582,-0.19119,2.12793,-0.19119,2.12793,1.00000,0.00000,0,0.00108
34.9354,0.65707,-0.12031,-0.34293,-0.12031,-0.26184,-0.13011,-0.08490,2.00868,0.09839,2.09976,0.09839,2.09976,1.00000,0.00000,0,0.00027
35.0362,0.65730,-0.11961,-0.34270,-0.11961,-0.32798,-0.12086,-0.07869,2.01115,0.15090,2.09575,0.15090,2.09575,1.00000,0.00000,0,0.00027
35.1394,0.65535,-0.11776,-0.34465,-0.11776,-0.34247,-0.11875,-0.07192,2.01354,0.16781,2.09667,0.16781,2.09667,1.00000,0.00000,0,0.00032
35.2419,0.64077,-0.13446,-0.35923,-0.13446,-0.35182,-0.12688,-0.06498,2.01598,0.18130,2.10480,0.18130,2.10480,1.00000,0.00000,0,0.00079
35.3426,0.62018,-0.15526,-0.37982,-0.15526,-0.36976,-0.14717,-0.05775,2.01877,0.20109,2.12179,0.20109,2.12179,1.00000,0.00000,0,0.00027
35.4446,0.57826,-0.24186,-0.42174,-0.24186,-0.40784,-0.21749,-0.04984,2.02259,0.23565,2.17483,0.23565,2.17483,1.00000,0.00000,0,0.00026
35.5458,0.57299,-0.26981,-0.42701,-0.26981,-0.42539,-0.25571,-0.04141,2.02745,0.25636,2.20645,0.25636,2.20645,1.00000,0.00000,0,0.00026
35.6463,0.56734,-0.29912,-0.43266,-0.29912,-0.43161,-0.28371,-0.03282,2.03288,0.26931,2.23148,0.26931,2.23148,1.00000,0.00000,0,0.00034
35.7475,0.53980,-0.41676,-0.46020,-0.41676,-0.44525,-0.36095,-0.02407,2.03934,0.28760,2.29200,0.28760,2.29200,1.00000,0.00000,0,0.00026
35.8486,0.54542,-0.43113,-0.45458,-0.43113,-0.45414,-0.41327,-0.01499,2.04727,0.30291,2.33656,0.30291,2.33656,1.00000,0.00000,0,0.00027
35.9520,0.54598,-0.44693,-0.45402,-0.44693,-0.45370,-0.43835,-0.00590,2.05587,0.31169,2.36271,0.31169,2.36271,1.00000,0.00000,0,0.00093
36.0520,0.55336,-0.46911,-0.44664,-0.46911,-0.44976,-0.45771,0.00314,2.06485,0.31797,2.38525,0.31797,2.38525,1.00000,0.00000,0,0.00023
36.1555,0.56236,-0.59905,-0.43764,-0.59905,-0.44605,-0.54055,0.01211,2.07479,0.32435,2.45317,0.32435,2.45317,1.00000,0.00000,0,0.00028
36.2558,0.55812,-0.62338,-0.44188,-0.62338,-0.44017,-0.60722,0.02090,2.08654,0.32902,2.51159,0.32902,2.51159,1.00000,0.00000,0,0.00027
36.3587,0.56641,-0.64005,-0.43359,-0.64005,-0.43441,-0.63147,0.02961,2.09901,0.33370,2.54104,0.33370,2.54104,1.00000,0.00000,0,0.00031
36.4605,0.57664,-0.65806,-0.42336,-0.65806,-0.42748,-0.64826,0.03822,2.11182,0.33746,2.56560,0.33746,2.56560,1.00000,0.00000,0,0.00029
36.5610,0.60293,-0.71532,-0.39707,-0.71532,-0.40871,-0.68752,0.04656,2.12520,0.33266,2.60647,0.33266,2.60647,1.00000,0.00000,0,0.00028
36.6616,0.68525,-0.77841,-0.31475,-0.77841,-0.35528,-0.74792,0.05421,2.13967,0.30291,2.66321,0.30291,2.66321,1.00000,0.00000,0,0.00027
36.7635,0.74332,-0.81826,-0.25668,-0.81826,-0.28230,-0.79956,0.06038,2.15528,0.25799,2.71498,0.25799,2.71498,1.00000,0.00000,0,0.00036
36.8662,0.75327,-0.82938,-0.24673,-0.82938,-0.25426,-0.82143,0.06564,2.17156,0.24362,2.74657,0.24362,2.74657,1.00000,0.00000,0,0.00041
36.9664,0.76329,-0.83436,-0.23671,-0.83436,-0.24155,-0.83166,0.07056,2.18813,0.23964,2.77029,0.23964,2.77029,1.00000,0.00000,0,0.00031
37.0677,0.76536,-0.83768,-0.23464,-0.83768,-0.23536,-0.83612,0.07530,2.20482,0.24006,2.79011,0.24006,2.79011,1.00000,0.00000,0,0.00032
37.1690,0.77160,-0.83677,-0.22840,-0.83677,-0.23095,-0.83645,0.07996,2.22155,0.24163,2.80707,0.24163,2.80707,1.00000,0.00000,0,0.00045
37.2721,0.77616,-0.84217,-0.22384,-0.84217,-0.22579,-0.84043,0.08452,2.23833,0.24257,2.82663,0.24257,2.82663,1.00000,0.00000,0,0.00028
37.3727,0.78071,-0.84390,-0.21929,-0.84390,-0.22158,-0.84265,0.08898,2.25516,0.24409,2.84502,0.24409,2.84502,1.00000,0.00000,0,0.00027
37.4765,0.78677,-0.84048,-0.21323,-0.84048,-0.21557,-0.84100,0.09334,2.27200,0.24424,2.86070,0.24424,2.86070,1.00000,0.00000,0,0.00027
37.5797,0.79824,-0.83733,-0.20176,-0.83733,-0.20631,-0.83863,0.09754,2.28879,0.24196,2.87583,0.24196,2.87583,1.00000,0.00000,0,0.00028
37.6825,0.79910,-0.84093,-0.20090,-0.84093,-0.20174,-0.83976,0.10160,2.30557,0.24281,2.89340,0.24281,2.89340,1.00000,0.00000,0,0.00034
37.7867,0.80579,-0.84029,-0.19421,-0.84029,-0.19743,-0.84082,0.10559,2.32239,0.24380,2.91096,0.24380,2.91096,1.00000,0.00000,0,0.00099
37.8902,0.89227,-0.79096,0.89227,-0.79096,0.66987,-0.82459,0.10821,2.33912,-0.36070,2.91633,-0.36070,2.91633,0.00000,0.00000,0,0.00113
37.9908,1.07765,-0.61635,1.07765,-0.61635,0.99182,-0.68526,0.09032,2.35391,-0.60395,2.83359,-0.60395,2.83359,0.00000,0.00000,0,0.00026
38.0917,1.08970,-0.56077,1.08970,-0.56077,1.06954,-0.59310,0.06939,2.36636,-0.67928,2.78152,-0.67928,2.78152,0.00000,0.00000,0,0.00032
38.1934,1.09341,-0.51791,1.09341,-0.51791,1.08970,-0.54479,0.04771,2.37766,-0.71508,2.75901,-0.71508,2.75901,0.00000,0.00000,0,0.00029
38.2948,1.15816,-0.38822,1.15816,-0.38822,1.12546,-0.44482,0.02559,2.38749,-0.76223,2.69886,-0.76223,2.69886,0.00000,0.00000,0,0.00026
38.3980,1.17380,-0.33410,1.17380,-0.33410,1.16871,-0.36396,0.00243,2.39538,-0.81566,2.65015,-0.81566,2.65015,0.00000,0.00000,0,0.00025
38.4984,1.18704,-0.24570,1.18704,-0.24570,1.18502,-0.29188,-0.02116,2.40188,-0.85068,2.60619,-0.85068,2.60619,0.00000,0.00000,0,0.00030
38.5999,1.11534,-0.11024,1.11534,-0.11024,1.15927,-0.17134,-0.04474,2.40635,-0.85622,2.52630,-0.85622,2.52630,0.00000,0.00000,0,0.00026
38.7003,1.10608,-0.08120,1.10608,-0.08120,1.11690,-0.10234,-0.06730,2.40894,-0.84913,2.48058,-0.84913,2.48058,0.00000,0.00000,0,0.00028
38.8012,1.08783,-0.06734,1.08783,-0.06734,1.09588,-0.07648,-0.08936,2.41067,-0.85647,2.46421,-0.85647,2.46421,0.00000,0.00000,0,0.00026
38.9072,1.05043,-0.03749,1.05043,-0.03749,1.06806,-0.05287,-0.11097,2.41194,-0.85861,2.44895,-0.85861,2.44895,0.00000,0.00000,0,0.00032
39.0089,1.03428,-0.02827,1.03428,-0.02827,1.03906,-0.03280,-0.13191,2.41194,-0.85925,2.43490,-0.85925,2.43490,0.00000,0.00000,32,0.00026
39.1119,1.02214,-0.02837,1.02214,-0.02837,1.02930,-0.02926,-0.15258,2.41194,-0.87309,2.43242,-0.87309,2.43242,0.00000,0.00000,32,0.00029
39.2146,0.98757,-0.00698,0.98757,-0.00698,1.00407,-0.01566,-0.17291,2.41194,-0.87576,2.42290,-0.87576,2.42290,0.00000,0.00000,32,0.00065
39.3158,0.93546,0.03585,0.93546,0.03585,0.95132,0.03589,-0.19227,2.41194,-0.85819,2.38682,-0.85819,2.38682,0.00000,0.00000,32,0.00035
39.4162,0.93618,0.05059,0.93618,0.05059,0.93894,0.05172,-0.21112,2.41132,-0.86838,2.37512,-0.86838,2.37512,0.00000,0.00000,0,0.00030
39.5193,0.93826,0.06151,0.93826,0.06151,0.93593,0.05835,-0.22985,2.41020,-0.88500,2.36935,-0.88500,2.36935,0.00000,0.00000,0,0.00116
39.6224,0.93492,0.06565,0.93492,0.06565,0.93613,0.06285,-0.24857,2.40898,-0.90386,2.36498,-0.90386,2.36498,0.00000,0.00000,0,0.00252
39.7206,0.93739,0.07399,0.93739,0.07399,0.93710,0.06993,-0.26731,2.40764,-0.92328,2.35868,-0.92328,2.35868,0.00000,0.00000,0,0.00031
39.8211,0.93190,0.08563,0.93190,0.08563,0.93385,0.07951,-0.28601,2.40613,-0.93970,2.35048,-0.93970,2.35048,0.00000,0.00000,0,0.00029
39.9231,0.93522,0.13082,0.93522,0.13082,0.93433,0.11034,-0.30469,2.40423,-0.95872,2.32699,-0.95872,2.32699,0.00000,0.00000,0,0.00029
40.0249,0.93768,0.16584,0.93768,0.16584,0.93744,0.15112,-0.32343,2.40150,-0.97964,2.29572,-0.97964,2.29572,0.00000,0.00000,0,0.00027
40.1268,0.91693,0.19844,0.91693,0.19844,0.92677,0.18386,-0.34208,2.39808,-0.99082,2.26938,-0.99082,2.26938,0.00000,0.00000,0,0.00033
40.2285,0.88427,0.24377,0.88427,0.24377,0.89440,0.22854,-0.36020,2.39386,-0.98628,2.23388,-0.98628,2.23388,0.00000,0.00000,0,0.00035
40.3291,0.86981,0.25485,0.86981,0.25485,0.87689,0.24890,-0.37786,2.38902,-0.99169,2.21479,-0.99169,2.21479,0.00000,0.00000,0,0.00032
40.4302,0.86082,0.25997,0.86082,0.25997,0.86480,0.25722,-0.39525,2.38394,-1.00061,2.20388,-1.00061,2.20388,0.00000,0.00000,0,0.00026
40.5345,0.85537,0.26677,0.85537,0.26677,0.85760,0.26404,-0.41245,2.37871,-1.01277,2.19388,-1.01277,2.19388,0.00000,0.00000,0,0.00026
40.6350,0.85189,0.26774,0.85189,0.26774,0.85419,0.26677,-0.42956,2.37339,-1.02750,2.18665,-1.02750,2.18665,0.00000,0.00000,0,0.00025
40.7368,0.84531,0.26822,0.84531,0.26822,0.84856,0.26783,-0.44658,2.36804,-1.04057,2.18055,-1.04057,2.18055,0.00000,0.00000,0,0.00035
40.8407,0.83881,0.26954,-0.16119,0.26954,0.33229,0.26864,-0.46871,2.36267,-0.70131,2.17463,-0.70131,2.17463,1.00000,0.00000,0,0.00106
40.9403,0.80724,0.25978,-0.19276,0.25978,-0.09486,0.26369,-0.46917,2.35734,-0.40277,2.17276,-0.40277,2.17276,1.00000,0.00000,0,0.00026
41.0418,0.77851,0.24779,-0.22149,0.24779,-0.19456,0.25128,-0.46587,2.35223,-0.32967,2.17633,-0.32967,2.17633,1.00000,0.00000,0,0.00025
41.1448,0.75716,0.22986,-0.24284,0.22986,-0.22978,0.23873,-0.46152,2.34733,-0.30067,2.18022,-0.30067,2.18022,1.00000,0.00000,0,0.00166
41.2447,0.70812,0.17641,-0.29188,0.17641,-0.26917,0.19880,-0.45649,2.34299,-0.26807,2.20383,-0.26807,2.20383,1.00000,0.00000,0,0.00029
41.3470,0.60461,0.05895,-0.39539,0.05895,-0.34538,0.11610,-0.45027,2.33986,-0.20851,2.25859,-0.20851,2.25859,1.00000,0.00000,0,0.00048
41.4478,0.56964,0.03900,-0.43036,0.03900,-0.41340,0.05937,-0.44238,2.33833,-0.15300,2.29677,-0.15300,2.29677,1.00000,0.00000,0,0.00025
41.5503,0.55709,0.02758,-0.44291,0.02758,-0.43668,0.03536,-0.43379,2.33812,-0.12811,2.31336,-0.12811,2.31336,1.00000,0.00000,32,0.00172
41.6501,0.54562,0.01190,-0.45438,0.01190,-0.44918,0.01950,-0.42490,2.33812,-0.11047,2.32447,-0.11047,2.32447,1.00000,0.00000,32,0.00026
41.7506,0.54440,-0.14090,-0.45560,-0.14090,-0.45909,-0.06556,-0.41577,2.33838,-0.09441,2.38427,-0.09441,2.38427,1.00000,0.00000,0,0.00027
41.8528,0.52465,-0.16910,-0.47535,-0.16910,-0.46525,-0.14516,-0.40659,2.34076,-0.08091,2.44237,-0.08091,2.44237,1.00000,0.00000,0,0.00026
41.9555,0.53168,-0.19038,-0.46832,-0.19038,-0.46715,-0.17740,-0.39727,2.34408,-0.07026,2.46826,-0.07026,2.46826,1.00000,0.00000,0,0.00028
42.0568,0.53785,-0.20223,-0.46215,-0.20223,-0.46379,-0.19567,-0.38796,2.34786,-0.06330,2.48483,-0.06330,2.48483,1.00000,0.00000,0,0.00041
42.1592,0.54218,-0.21520,-0.45782,-0.21520,-0.45987,-0.20918,-0.37872,2.35194,-0.05681,2.49836,-0.05681,2.49836,1.00000,0.00000,0,0.00025
42.2618,0.55599,-0.22544,-0.44401,-0.22544,-0.44914,-0.22043,-0.36965,2.35626,-0.05525,2.51057,-0.05525,2.51057,1.00000,0.00000,0,0.00038
42.3662,0.56362,-0.24546,-0.43638,-0.24546,-0.44015,-0.23670,-0.36077,2.36086,-0.05267,2.52655,-0.05267,2.52655,1.00000,0.00000,0,0.00040
42.4673,0.57721,-0.26654,-0.42279,-0.26654,-0.42962,-0.25738,-0.35208,2.36584,-0.05135,2.54601,-0.05135,2.54601,1.00000,0.00000,0,0.00044
42.5721,0.59126,-0.30500,-0.40874,-0.30500,-0.41485,-0.28722,-0.34366,2.37132,-0.05327,2.57237,-0.05327,2.57237,1.00000,0.00000,0,0.00215
42.6718,0.62634,-0.38665,-0.37366,-0.38665,-0.38978,-0.34682,-0.33563,2.37769,-0.06279,2.62047,-0.06279,2.62047,1.00000,0.00000,0,0.00028
42.7738,0.66141,-0.46538,-0.33859,-0.46538,-0.36142,-0.43489,-0.32813,2.38579,-0.07514,2.69022,-0.07514,2.69022,1.00000,0.00000,0,0.00033
42.8784,0.69350,-0.49133,-0.30650,-0.49133,-0.32397,-0.47660,-0.32138,2.39504,-0.09460,2.72866,-0.09460,2.72866,1.00000,0.00000,0,0.00028
42.9838,0.70432,-0.50377,-0.29568,-0.50377,-0.30349,-0.49632,-0.31517,2.40483,-0.10273,2.75225,-0.10273,2.75225,1.00000,0.00000,0,0.00028
43.0853,0.73555,-0.52093,-0.26445,-0.52093,-0.28132,-0.51169,-0.30933,2.41493,-0.11240,2.77311,-0.11240,2.77311,1.00000,0.00000,0,0.00025
43.1886,0.79682,-0.55651,-0.20318,-0.55651,-0.23158,-0.54089,-0.30424,2.42548,-0.14214,2.80411,-0.14214,2.80411,1.00000,0.00000,0,0.00040
43.2893,0.82162,-0.56791,-0.17838,-0.56791,-0.19041,-0.56151,-0.30017,2.43658,-0.16688,2.82963,-0.16688,2.82963,1.00000,0.00000,0,0.00025
43.3899,0.87974,-0.53712,-0.12026,-0.53712,-0.15607,-0.55679,-0.29668,2.44784,-0.18743,2.83760,-0.18743,2.83760,1.00000,0.00000,0,0.00038
43.4909,0.93522,-0.54302,-0.06478,-0.54302,-0.08093,-0.54710,-0.29463,2.45886,-0.23798,2.84184,-0.23798,2.84184,1.00000,0.00000,0,0.00025
43.5940,0.94565,-0.54096,-0.05435,-0.54096,-0.05896,-0.54352,-0.29330,2.46977,-0.25203,2.85023,-0.25203,2.85023,1.00000,0.00000,0,0.00036
43.6951,0.98883,-0.52760,-0.01117,-0.52760,-0.02982,-0.53358,-0.29287,2.48054,-0.27199,2.85405,-0.27199,2.85405,1.00000,0.00000,16,0.00027
43.7967,1.01091,-0.51391,0.01091,-0.51391,0.00181,-0.51816,-0.29287,2.49101,-0.29414,2.85371,-0.29414,2.85371,1.00000,0.00000,16,0.00048
43.8972,1.04157,-0.49691,1.04157,-0.49691,0.78144,-0.51016,-0.28830,2.50130,-0.83530,2.85842,-0.83530,2.85842,0.00000,0.00000,0,0.00033
43.9980,1.20754,-0.33707,1.20754,-0.33707,1.10636,-0.39771,-0.30822,2.51031,-1.08268,2.78871,-1.08268,2.78871,0.00000,0.00000,0,0.00028
44.0989,1.25379,-0.26353,1.25379,-0.26353,1.22347,-0.29213,-0.33201,2.51680,-1.18845,2.72129,-1.18845,2.72129,0.00000,0.00000,0,0.00031
44.2002,1.26155,-0.20772,1.26155,-0.20772,1.25282,-0.23922,-0.35690,2.52202,-1.23387,2.68948,-1.23387,2.68948,0.00000,0.00000,0,0.00027
44.3030,1.18973,-0.11496,1.18973,-0.11496,1.22703,-0.15013,-0.38184,2.52582,-1.24077,2.63092,-1.24077,2.63092,0.00000,0.00000,0,0.00112
44.4032,1.17394,-0.06591,1.17394,-0.06591,1.18675,-0.08361,-0.40583,2.52798,-1.23655,2.58651,-1.23655,2.58651,0.00000,0.00000,0,0.00027
44.5052,1.14453,-0.02796,1.14453,-0.02796,1.15938,-0.04662,-0.42924,2.52903,-1.24080,2.56166,-1.24080,2.56166,0.00000,0.00000,32,0.00028
44.6078,1.10390,0.04632,1.10390,0.04632,1.11475,0.01237,-0.45184,2.52903,-1.23216,2.52037,-1.23216,2.52037,0.00000,0.00000,32,0.00025
44.7120,1.10314,0.11160,1.10314,0.11160,1.10913,0.08017,-0.47407,2.52823,-1.25046,2.47211,-1.25046,2.47211,0.00000,0.00000,0,0.00027
44.8132,1.03775,0.24107,1.03775,0.24107,1.05975,0.18073,-0.49574,2.52557,-1.23756,2.39906,-1.23756,2.39906,0.00000,0.00000,0,0.00027
44.9143,1.01146,0.26301,1.01146,0.26301,1.02287,0.23451,-0.51645,2.52130,-1.23246,2.35714,-1.23246,2.35714,0.00000,0.00000,0,0.00038
45.0156,0.99717,0.28779,0.99717,0.28779,1.00607,0.27059,-0.53669,2.51615,-1.24094,2.32673,-1.24094,2.32673,0.00000,0.00000,0,0.00033
45.1184,0.98395,0.31697,0.98395,0.31697,0.99144,0.30090,-0.55664,2.51039,-1.25064,2.29976,-1.25064,2.29976,0.00000,0.00000,0,0.00029
45.2200,0.94053,0.39129,0.94053,0.39129,0.95520,0.36121,-0.57605,2.50372,-1.24469,2.25087,-1.24469,2.25087,0.00000,0.00000,0,0.00031
45.3211,0.92783,0.40752,0.92783,0.40752,0.93427,0.39370,-0.59488,2.49609,-1.24887,2.22050,-1.24887,2.22050,0.00000,0.00000,0,0.00030
45.4241,0.92277,0.41707,0.92277,0.41707,0.92586,0.41115,-0.61345,2.48799,-1.26155,2.20018,-1.26155,2.20018,0.00000,0.00000,0,0.00028
45.5248,0.91758,0.43014,0.91758,0.43014,0.91995,0.42367,-0.63189,2.47962,-1.27586,2.18305,-1.27586,2.18305,0.00000,0.00000,0,0.00032
45.6262,0.91526,0.44384,0.91526,0.44384,0.91557,0.43749,-0.65023,2.47098,-1.29113,2.16474,-1.29113,2.16474,0.00000,0.00000,0,0.00029
45.7280,0.90819,0.46826,0.90819,0.46826,0.91071,0.45705,-0.66848,2.46202,-1.30598,2.14208,-1.30598,2.14208,0.00000,0.00000,0,0.00027
45.8288,0.90598,0.49092,0.90598,0.49092,0.90788,0.48201,-0.68667,2.45255,-1.32218,2.11515,-1.32218,2.11515,0.00000,0.00000,0,0.00026
45.9305,0.88863,0.51110,0.88863,0.51110,0.89651,0.50169,-0.70471,2.44267,-1.33226,2.09149,-1.33226,2.09149,0.00000,0.00000,0,0.00026
46.0323,0.87910,0.51641,0.87910,0.51641,0.88519,0.51287,-0.72251,2.43249,-1.34214,2.07348,-1.34214,2.07348,0.00000,0.00000,0,0.00026
46.1341,0.86420,0.52803,0.86420,0.52803,0.87083,0.52359,-0.74004,2.42210,-1.34962,2.05559,-1.34962,2.05559,0.00000,0.00000,0,0.00037
46.2379,0.82895,0.52504,0.82895,0.52504,0.84191,0.52524,-0.75711,2.41160,-1.34645,2.04393,-1.34645,2.04393,0.00000,0.00000,0,0.00031
46.3405,0.81595,0.52320,0.81595,0.52320,0.82280,0.52329,-0.77370,2.40113,-1.34966,2.03483,-1.34966,2.03483,0.00000,0.00000,0,0.00038
46.4420,0.81153,0.52635,0.81153,0.52635,0.81487,0.52507,-0.79006,2.39065,-1.36047,2.02310,-1.36047,2.02310,0.00000,0.00000,0,0.00027
46.5444,0.80162,0.52651,0.80162,0.52651,0.80599,0.52654,-0.80626,2.38012,-1.37046,2.01154,-1.37046,2.01154,0.00000,0.00000,0,0.00106
46.6458,0.78655,0.52532,0.78655,0.52532,0.79322,0.52525,-0.82224,2.36961,-1.37749,2.00193,-1.37749,2.00193,0.00000,0.00000,0,0.00028
46.7466,0.77137,0.52697,0.77137,0.52697,0.77801,0.52677,-0.83792,2.35908,-1.38253,1.99034,-1.38253,1.99034,0.00000,0.00000,0,0.00031
46.8480,0.75846,0.52932,-0.24154,0.52932,0.25474,0.52807,-0.86014,2.34854,-1.03846,1.97889,-1.03846,1.97889,1.00000,0.00000,0,0.00025
46.9512,0.71610,0.51748,-0.28390,0.51748,-0.18010,0.52394,-0.85899,2.33798,-0.73292,1.97122,-0.73292,1.97122,1.00000,0.00000,0,0.00030
47.0555,0.66339,0.48831,-0.33661,0.48831,-0.29902,0.50036,-0.85379,2.32777,-0.64448,1.97752,-0.64448,1.97752,1.00000,0.00000,0,0.00214
47.1562,0.55689,0.44278,-0.44311,0.44278,-0.39300,0.46342,-0.84672,2.31819,-0.57161,1.99379,-0.57161,1.99379,1.00000,0.00000,0,0.00025
47.2597,0.49032,0.40962,-0.50968,0.40962,-0.48371,0.42703,-0.83762,2.30938,-0.49902,2.01046,-0.49902,2.01046,1.00000,0.00000,0,0.00035
47.3604,0.45174,0.30937,-0.54826,0.30937,-0.52909,0.35735,-0.82738,2.30156,-0.45702,2.05142,-0.45702,2.05142,1.00000,0.00000,0,0.00026
47.4622,0.42241,0.22180,-0.57759,0.22180,-0.56653,0.26442,-0.81632,2.29556,-0.41975,2.11047,-0.41975,2.11047,1.00000,0.00000,0,0.00029
47.5645,0.39977,0.16745,-0.60023,0.16745,-0.59656,0.18518,-0.80457,2.29139,-0.38698,2.16176,-0.38698,2.16176,1.00000,0.00000,0,0.00035
47.6658,0.39418,0.14837,-0.60582,0.14837,-0.60442,0.15725,-0.79255,2.28808,-0.36945,2.17800,-0.36945,2.17800,1.00000,0.00000,0,0.00037
47.7666,0.39086,0.13729,-0.60914,0.13729,-0.60777,0.14424,-0.78041,2.28508,-0.35497,2.18411,-0.35497,2.18411,1.00000,0.00000,0,0.00032
47.8687,0.38724,0.11863,-0.61276,0.11863,-0.61074,0.12741,-0.76823,2.28239,-0.34072,2.19320,-0.34072,2.19320,1.00000,0.00000,0,0.00032
47.9703,0.38312,0.10006,-0.61688,0.10006,-0.61548,0.10927,-0.75596,2.28005,-0.32512,2.20356,-0.32512,2.20356,1.00000,0.00000,0,0.00029
48.0718,0.38017,0.07082,-0.61983,0.07082,-0.61789,0.08428,-0.74363,2.27816,-0.31111,2.21916,-0.31111,2.21916,1.00000,0.00000,0,0.00031
48.1735,0.38276,-0.11351,-0.61724,-0.11351,-0.62002,-0.01846,-0.73123,2.27760,-0.29722,2.29052,-0.29722,2.29052,1.00000,0.00000,32,0.00031
48.2766,0.38244,-0.13428,-0.61756,-0.13428,-0.61279,-0.10897,-0.71901,2.27904,-0.29006,2.35531,-0.29006,2.35531,1.00000,0.00000,0,0.00030
48.3789,0.39562,-0.14921,-0.60438,-0.14921,-0.60389,-0.14050,-0.70687,2.28165,-0.28415,2.38000,-0.28415,2.38000,1.00000,0.00000,0,0.00034
48.4827,0.40242,-0.16760,-0.59758,-0.16760,-0.59837,-0.15910,-0.69487,2.28469,-0.27601,2.39606,-0.27601,2.39606,1.00000,0.00000,0,0.00028
48.5861,0.40369,-0.17682,-0.59631,-0.17682,-0.59648,-0.17281,-0.68292,2.28805,-0.26539,2.40902,-0.26539,2.40902,1.00000,0.00000,0,0.00029
48.6873,0.41089,-0.18757,-0.58911,-0.18757,-0.59199,-0.18269,-0.67103,2.29163,-0.25664,2.41951,-0.25664,2.41951,1.00000,0.00000,0,0.00031
48.7910,0.41561,-0.19703,-0.58439,-0.19703,-0.58635,-0.19326,-0.65926,2.29542,-0.24881,2.43070,-0.24881,2.43070,1.00000,0.00000,0,0.00027
48.8933,0.42221,-0.20974,-0.57779,-0.20974,-0.58054,-0.20410,-0.64759,2.29941,-0.24122,2.44228,-0.24122,2.44228,1.00000,0.00000,0,0.00034
48.9958,0.43385,-0.22345,-0.56615,-0.22345,-0.57254,-0.21664,-0.63606,2.30364,-0.23528,2.45528,-0.23528,2.45528,1.00000,0.00000,0,0.00031
49.0966,0.45141,-0.24208,-0.54859,-0.24208,-0.55630,-0.23372,-0.62479,2.30817,-0.23538,2.47178,-0.23538,2.47178,1.00000,0.00000,0,0.00029
49.1981,0.47152,-0.25982,-0.52848,-0.25982,-0.53689,-0.25231,-0.61391,2.31308,-0.23808,2.48969,-0.23808,2.48969,1.00000,0.00000,0,0.00029
49.3002,0.48439,-0.27380,-0.51561,-0.27380,-0.52277,-0.26606,-0.60334,2.31828,-0.23740,2.50453,-0.23740,2.50453,1.00000,0.00000,0,0.00029
49.4014,0.50790,-0.28859,-0.49210,-0.28859,-0.50230,-0.28116,-0.59312,2.32379,-0.24151,2.52060,-0.24151,2.52060,1.00000,0.00000,0,0.00040
49.5033,0.55060,-0.32782,-0.44940,-0.32782,-0.46811,-0.31127,-0.58346,2.32974,-0.25578,2.54763,-0.25578,2.54763,1.00000,0.00000,0,0.00028
49.6041,0.58554,-0.36011,-0.41446,-0.36011,-0.43042,-0.34437,-0.57456,2.33637,-0.27326,2.57743,-0.27326,2.57743,1.00000,0.00000,0,0.00039
49.7057,0.63445,-0.37505,-0.36555,-0.37505,-0.39059,-0.36986,-0.56640,2.34360,-0.29298,2.60250,-0.29298,2.60250,1.00000,0.00000,0,0.00025
49.8078,0.75343,-0.36382,-0.24657,-0.36382,-0.29128,-0.36385,-0.55968,2.35091,-0.35578,2.60561,-0.35578,2.60561,1.00000,0.00000,0,0.00203
49.9073,0.77791,-0.35511,0.77791,-0.35511,0.51352,-0.35784,-0.54619,2.35809,-0.90565,2.60858,-0.90565,2.60858,0.00000,0.00000,0,0.00028
50.0082,0.98944,-0.24799,0.98944,-0.24799,0.86760,-0.28358,-0.56122,2.36441,-1.16853,2.56292,-1.16853,2.56292,0.00000,0.00000,0,0.00025
50.1110,0.99506,-0.20152,0.99506,-0.20152,0.97749,-0.23341,-0.58017,2.36957,-1.26441,2.53295,-1.26441,2.53295,0.00000,0.00000,0,0.00030
50.2125,1.01129,-0.13438,1.01129,-0.13438,1.00362,-0.16391,-0.60008,2.37344,-1.30262,2.48818,-1.30262,2.48818,0.00000,0.00000,0,0.00028
50.3160,1.01012,-0.10057,1.01012,-0.10057,1.01058,-0.11646,-0.62025,2.37610,-1.32765,2.45762,-1.32765,2.45762,0.00000,0.00000,0,0.00038
50.4172,1.01957,-0.07666,1.01957,-0.07666,1.01618,-0.08778,-0.64053,2.37807,-1.35185,2.43951,-1.35185,2.43951,0.00000,0.00000,0,0.00038
50.5210,1.01563,-0.05740,1.01563,-0.05740,1.01752,-0.06588,-0.66088,2.37954,-1.37314,2.42566,-1.37314,2.42566,0.00000,0.00000,0,0.00036
50.6227,0.97609,0.02708,0.97609,0.02708,0.98914,-0.01895,-0.68098,2.38024,-1.37338,2.39350,-1.37338,2.39350,0.00000,0.00000,32,0.00028
50.7257,0.95533,0.04790,0.95533,0.04790,0.96556,0.02379,-0.70045,2.38024,-1.37634,2.36358,-1.37634,2.36358,0.00000,0.00000,32,0.00028
50.8261,0.91809,0.11282,0.91809,0.11282,0.93414,0.07909,-0.71942,2.37944,-1.37332,2.32408,-1.37332,2.32408,0.00000,0.00000,0,0.00026
50.9296,0.91006,0.21115,0.91006,0.21115,0.91856,0.16996,-0.73791,2.37674,-1.38090,2.25777,-1.38090,2.25777,0.00000,0.00000,0,0.00032
51.0310,0.84857,0.33868,0.84857,0.33868,0.87159,0.27745,-0.75577,2.37213,-1.36588,2.17792,-1.36588,2.17792,0.00000,0.00000,0,0.00025
51.1326,0.82026,0.40377,0.82026,0.40377,0.83372,0.36284,-0.77272,2.36556,-1.35633,2.11157,-1.35633,2.11157,0.00000,0.00000,0,0.00029
51.2371,0.79278,0.46235,0.79278,0.46235,0.80574,0.43530,-0.78906,2.35739,-1.35308,2.05268,-1.35308,2.05268,0.00000,0.00000,0,0.00102
51.3388,0.78833,0.48344,0.78833,0.48344,0.79126,0.47154,-0.80497,2.34821,-1.35885,2.01813,-1.35885,2.01813,0.00000,0.00000,0,0.00034
51.4403,0.78168,0.49676,0.78168,0.49676,0.78514,0.48918,-0.82072,2.33856,-1.37032,1.99613,-1.37032,1.99613,0.00000,0.00000,0,0.00029
51.5412,0.77311,0.50860,0.77311,0.50860,0.77614,0.50309,-0.83631,2.32860,-1.37961,1.97643,-1.37961,1.97643,0.00000,0.00000,0,0.00026
51.6447,0.76263,0.51497,0.76263,0.51497,0.76739,0.51161,-0.85173,2.31842,-1.38891,1.96030,-1.38891,1.96030,0.00000,0.00000,0,0.00033
51.7459,0.75697,0.51964,0.75697,0.51964,0.76040,0.51743,-0.86700,2.30812,-1.39928,1.94592,-1.39928,1.94592,0.00000,0.00000,0,0.00025
51.8496,0.75575,0.52787,0.75575,0.52787,0.75690,0.52463,-0.88217,2.29769,-1.41200,1.93045,-1.41200,1.93045,0.00000,0.00000,0,0.00026
51.9503,0.74766,0.53382,0.74766,0.53382,0.75161,0.53078,-0.89725,2.28712,-1.42337,1.91558,-1.42337,1.91558,0.00000,0.00000,0,0.00031
52.0529,0.73800,0.53767,0.73800,0.53767,0.74325,0.53495,-0.91220,2.27646,-1.43247,1.90199,-1.43247,1.90199,0.00000,0.00000,0,0.00026
52.1558,0.72368,0.54228,0.72368,0.54228,0.72889,0.53962,-0.92688,2.26571,-1.43710,1.88797,-1.43710,1.88797,0.00000,0.00000,0,0.00029
52.2574,0.71954,0.54727,0.71954,0.54727,0.72194,0.54472,-0.94137,2.25485,-1.44672,1.87355,-1.44672,1.87355,0.00000,0.00000,0,0.00040
52.3576,0.71590,0.55101,0.71590,0.55101,0.71796,0.54905,-0.95576,2.24390,-1.45833,1.85957,-1.45833,1.85957,0.00000,0.00000,0,0.00030
52.4602,0.70700,0.55577,0.70700,0.55577,0.71168,0.55392,-0.97005,2.23286,-1.46823,1.84512,-1.46823,1.84512,0.00000,0.00000,0,0.00032
52.5620,0.69484,0.56106,0.69484,0.56106,0.70037,0.55832,-0.98415,2.22174,-1.47441,1.83091,-1.47441,1.83091,0.00000,0.00000,0,0.00027
52.6641,0.68197,0.56749,0.68197,0.56749,0.68795,0.56435,-0.99801,2.21050,-1.47957,1.81546,-1.47957,1.81546,0.00000,0.00000,0,0.00053
52.7649,0.66205,0.57660,0.66205,0.57660,0.67136,0.57261,-1.01158,2.19911,-1.48154,1.79829,-1.48154,1.79829,0.00000,0.00000,0,0.00036
52.8667,0.62286,0.59120,-0.37714,0.59120,0.13044,0.58412,-1.03540,2.18753,-1.12671,1.77865,-1.12671,1.77865,1.00000,0.00000,0,0.00101
52.9688,0.54637,0.56820,-0.45363,0.56820,-0.33633,0.57840,-1.03149,2.17585,-0.79605,1.77097,-0.79605,1.77097,1.00000,0.00000,0,0.00080
53.0694,0.45163,0.53149,-0.54837,0.53149,-0.48929,0.54763,-1.02280,2.16462,-0.68030,1.78128,-0.68030,1.78128,1.00000,0.00000,0,0.00028
53.1727,0.32577,0.48471,-0.67423,0.48471,-0.62990,0.50115,-1.01118,2.15427,-0.57025,1.80346,-0.57025,1.80346,1.00000,0.00000,0,0.00028
53.2741,0.30377,0.46688,-0.69623,0.46688,-0.67982,0.47531,-0.99791,2.14459,-0.52204,1.81187,-0.52204,1.81187,1.00000,0.00000,0,0.00027
53.3767,0.29784,0.41443,-0.70216,0.41443,-0.69836,0.43769,-0.98406,2.13546,-0.49521,1.82908,-0.49521,1.82908,1.00000,0.00000,0,0.00028
53.4785,0.28123,0.33728,-0.71877,0.33728,-0.71200,0.37309,-0.96994,2.12743,-0.47154,1.86627,-0.47154,1.86627,1.00000,0.00000,0,0.00034
53.5831,0.27632,0.25482,-0.72368,0.25482,-0.72257,0.29081,-0.95556,2.12097,-0.44976,1.91740,-0.44976,1.91740,1.00000,0.00000,0,0.00027
53.6877,0.26601,0.19075,-0.73399,0.19075,-0.73530,0.21039,-0.94096,2.11624,-0.42624,1.96896,-0.42624,1.96896,1.00000,0.00000,0,0.00036
53.7880,0.26060,0.17297,-0.73940,0.17297,-0.73747,0.18162,-0.92625,2.11241,-0.41002,1.98528,-0.41002,1.98528,1.00000,0.00000,0,0.00027
53.8887,0.25886,0.16153,-0.74114,0.16153,-0.73910,0.16738,-0.91150,2.10896,-0.39413,1.99179,-0.39413,1.99179,1.00000,0.00000,0,0.00028
53.9918,0.25853,0.14649,-0.74147,0.14649,-0.74159,0.15426,-0.89669,2.10576,-0.37757,1.99777,-0.37757,1.99777,1.00000,0.00000,0,0.00029
54.0928,0.25543,0.12653,-0.74457,0.12653,-0.74368,0.13542,-0.88182,2.10289,-0.36125,2.00810,-0.36125,2.00810,1.00000,0.00000,0,0.00026
54.1952,0.25306,0.04100,-0.74694,0.04100,-0.74615,0.08075,-0.86692,2.10071,-0.34462,2.04419,-0.34462,2.04419,1.00000,0.00000,0,0.00025
54.2955,0.25035,-0.07363,-0.74965,-0.07363,-0.73991,-0.03889,-0.85209,2.10071,-0.33416,2.12794,-0.33416,2.12794,1.00000,0.00000,32,0.00026
54.3968,0.26204,-0.08242,-0.73796,-0.08242,-0.74136,-0.07164,-0.83721,2.10172,-0.31826,2.15187,-0.31826,2.15187,1.00000,0.00000,0,0.00107
54.4981,0.26295,-0.09262,-0.73705,-0.09262,-0.74058,-0.08800,-0.82236,2.10335,-0.30396,2.16495,-0.30396,2.16495,1.00000,0.00000,0,0.00027
54.5999,0.26792,-0.11307,-0.73208,-0.11307,-0.73702,-0.10424,-0.80759,2.10531,-0.29167,2.17828,-0.29167,2.17828,1.00000,0.00000,0,0.00037
54.7043,0.27926,-0.13229,-0.72074,-0.13229,-0.72726,-0.12268,-0.79295,2.10760,-0.28387,2.19348,-0.28387,2.19348,1.00000,0.00000,0,0.00027
54.8054,0.29192,-0.15413,-0.70808,-0.15413,-0.71431,-0.14464,-0.77856,2.11033,-0.27854,2.21157,-0.27854,2.21157,1.00000,0.00000,0,0.00026
54.9075,0.30654,-0.16215,-0.69346,-0.16215,-0.70038,-0.15752,-0.76444,2.11339,-0.27417,2.22365,-0.27417,2.22365,1.00000,0.00000,0,0.00031
55.0080,0.31371,-0.17420,-0.68629,-0.17420,-0.69089,-0.16892,-0.75055,2.11668,-0.26692,2.23493,-0.26692,2.23493,1.00000,0.00000,0,0.00027
55.1106,0.32204,-0.18526,-0.67796,-0.18526,-0.68192,-0.18026,-0.73684,2.12020,-0.25950,2.24638,-0.25950,2.24638,1.00000,0.00000,0,0.00029
55.2127,0.33969,-0.19348,-0.66031,-0.19348,-0.66705,-0.18972,-0.72338,2.12392,-0.25644,2.25672,-0.25644,2.25672,1.00000,0.00000,0,0.00150
55.3124,0.35125,-0.19900,-0.64875,-0.19900,-0.65464,-0.19659,-0.71018,2.12780,-0.25193,2.26541,-0.25193,2.26541,1.00000,0.00000,0,0.00029
55.4146,0.36169,-0.20525,-0.63831,-0.20525,-0.64343,-0.20244,-0.69722,2.13180,-0.24682,2.27351,-0.24682,2.27351,1.00000,0.00000,0,0.00043
55.5158,0.36770,-0.20991,-0.63230,-0.20991,-0.63572,-0.20740,-0.68445,2.13591,-0.23945,2.28109,-0.23945,2.28109,1.00000,0.00000,0,0.00033
55.6180,0.37799,-0.21976,-0.62201,-0.21976,-0.62631,-0.21535,-0.67185,2.14015,-0.23343,2.29090,-0.23343,2.29090,1.00000,0.00000,0,0.00137
55.7189,0.38950,-0.23021,-0.61050,-0.23021,-0.61570,-0.22486,-0.65945,2.14456,-0.22845,2.30196,-0.22845,2.30196,1.00000,0.00000,0,0.00049
55.8197,0.41576,-0.24384,-0.58424,-0.24384,-0.59603,-0.23681,-0.64735,2.14920,-0.23013,2.31497,-0.23013,2.31497,1.00000,0.00000,0,0.00032
55.9209,0.43967,-0.26394,0.43967,-0.26394,0.18956,-0.25478,-0.63214,2.15415,-0.76483,2.33250,-0.76483,2.33250,0.00000,0.00000,0,0.00034
56.0230,0.44391,-0.27032,0.44391,-0.27032,0.39932,-0.26714,-0.63900,2.15942,-0.91853,2.34642,-0.91853,2.34642,0.00000,0.00000,0,0.00032
56.1241,0.44543,-0.27239,0.44543,-0.27239,0.43758,-0.27165,-0.64755,2.16482,-0.95385,2.35498,-0.95385,2.35498,0.00000,0.00000,0,0.00033
56.2255,0.55990,-0.25585,0.55990,-0.25585,0.51362,-0.25137,-0.65701,2.17001,-1.01655,2.34598,-1.01655,2.34598,0.00000,0.00000,0,0.00039
56.3280,0.57819,-0.21690,0.57819,-0.21690,0.56273,-0.22725,-0.66797,2.17477,-1.06188,2.33384,-1.06188,2.33384,0.00000,0.00000,0,0.00027
56.4314,0.61459,-0.14173,0.61459,-0.14173,0.60117,-0.17085,-0.67976,2.17869,-1.10058,2.29828,-1.10058,2.29828,0.00000,0.00000,0,0.00027
56.5349,0.62040,-0.07422,0.62040,-0.07422,0.61581,-0.10234,-0.69199,2.18123,-1.12306,2.25288,-1.12306,2.25288,0.00000,0.00000,0,0.00037
56.6400,0.62387,-0.05617,0.62387,-0.05617,0.62126,-0.06800,-0.70439,2.18283,-1.13927,2.23043,-1.13927,2.23043,0.00000,0.00000,0,0.00041
56.7430,0.63177,-0.03753,0.63177,-0.03753,0.62759,-0.04710,-0.71688,2.18375,-1.15619,2.21672,-1.15619,2.21672,0.00000,0.00000,32,0.00166
56.8424,0.63551,-0.02699,0.63551,-0.02699,0.63289,-0.03287,-0.72950,2.18375,-1.17252,2.20675,-1.17252,2.20675,0.00000,0.00000,32,0.00027
56.9443,0.64586,-0.00877,0.64586,-0.00877,0.64067,-0.01706,-0.74224,2.18375,-1.19071,2.19569,-1.19071,2.19569,0.00000,0.00000,32,0.00027
57.0457,0.65961,0.01695,0.65961,0.01695,0.65320,0.00491,-0.75520,2.18375,-1.21244,2.18031,-1.21244,2.18031,0.00000,0.00000,32,0.00029
57.1462,0.67799,0.05012,0.67799,0.05012,0.67190,0.03581,-0.76850,2.18375,-1.23883,2.15868,-1.23883,2.15868,0.00000,0.00000,32,0.00026
57.2466,0.69457,0.12879,0.69457,0.12879,0.68591,0.09211,-0.78210,2.18261,-1.26224,2.11813,-1.26224,2.11813,0.00000,0.00000,0,0.00028
57.3478,0.70028,0.18702,0.70028,0.18702,0.69800,0.15886,-0.79599,2.17994,-1.28459,2.06874,-1.28459,2.06874,0.00000,0.00000,0,0.00030
57.4483,0.69312,0.23270,0.69312,0.23270,0.69802,0.21001,-0.80998,2.17614,-1.29859,2.02913,-1.29859,2.02913,0.00000,0.00000,0,0.00027
57.5495,0.66527,0.29939,0.66527,0.29939,0.67380,0.27911,-0.82362,2.17105,-1.29528,1.97567,-1.29528,1.97567,0.00000,0.00000,0,0.00024
57.6520,0.66120,0.34184,0.66120,0.34184,0.66532,0.32499,-0.83700,2.16488,-1.30273,1.93739,-1.30273,1.93739,0.00000,0.00000,0,0.00025
57.7535,0.64588,0.37356,0.64588,0.37356,0.65380,0.35844,-0.85018,2.15799,-1.30784,1.90708,-1.30784,1.90708,0.00000,0.00000,0,0.00028
57.8546,0.63576,0.40482,0.63576,0.40482,0.64147,0.39033,-0.86311,2.15043,-1.31213,1.87720,-1.31213,1.87720,0.00000,0.00000,0,0.00028
57.9582,0.62603,0.42023,0.62603,0.42023,0.62993,0.41198,-0.87579,2.14235,-1.31674,1.85396,-1.31674,1.85396,0.00000,0.00000,0,0.00027
58.0586,0.61646,0.43075,0.61646,0.43075,0.62058,0.42547,-0.88827,2.13393,-1.32268,1.83610,-1.32268,1.83610,0.00000,0.00000,0,0.00028
58.1608,0.61234,0.43980,0.61234,0.43980,0.61290,0.43555,-0.90057,2.12530,-1.32960,1.82042,-1.32960,1.82042,0.00000,0.00000,0,0.00029
58.2643,0.60559,0.44795,0.60559,0.44795,0.60794,0.44451,-0.91276,2.11648,-1.33832,1.80532,-1.33832,1.80532,0.00000,0.00000,0,0.00054
58.3665,0.60259,0.45077,0.60259,0.45077,0.60392,0.44957,-0.92488,2.10753,-1.34763,1.79283,-1.34763,1.79283,0.00000,0.00000,0,0.00043
58.4666,0.59813,0.45539,0.59813,0.45539,0.60039,0.45346,-0.93692,2.09849,-1.35719,1.78106,-1.35719,1.78106,0.00000,0.00000,0,0.00034
58.5714,0.59121,0.45834,0.59121,0.45834,0.59414,0.45675,-0.94886,2.08938,-1.36476,1.76966,-1.36476,1.76966,0.00000,0.00000,0,0.00156
58.6721,0.58205,0.46344,0.58205,0.46344,0.58602,0.46080,-0.96065,2.08020,-1.37086,1.75764,-1.37086,1.75764,0.00000,0.00000,0,0.00027
58.7751,0.57764,0.47119,0.57764,0.47119,0.58044,0.46826,-0.97230,2.07089,-1.37861,1.74311,-1.37861,1.74311,0.00000,0.00000,0,0.00031
58.8766,0.57146,0.47444,-0.42854,0.47444,0.27390,0.47343,-0.99227,2.06146,-1.17436,1.73006,-1.18400,1.73006,1.00000,0.00000,1,0.00033
58.9784,0.55799,0.47672,-0.44201,0.47672,-0.31790,0.47738,-0.98907,2.05193,-0.76654,1.71777,-0.76654,1.71777,1.00000,0.00000,0,0.00028
59.0800,0.54113,0.46816,-0.45887,0.46816,-0.43199,0.47139,-0.98108,2.04246,-0.67868,1.71249,-0.67868,1.71249,1.00000,0.00000,0,0.00034
59.1812,0.51963,0.45633,-0.48037,0.45633,-0.46687,0.46134,-0.97199,2.03315,-0.64518,1.71021,-0.64518,1.71021,1.00000,0.00000,0,0.00029
59.2858,0.49536,0.44143,-0.50464,0.44143,-0.49455,0.44680,-0.96231,2.02410,-0.61613,1.71134,-0.61613,1.71134,1.00000,0.00000,0,0.00038
59.3875,0.47706,0.42694,-0.52294,0.42694,-0.51393,0.43452,-0.95218,2.01530,-0.59243,1.71114,-0.59243,1.71114,1.00000,0.00000,0,0.00027
59.4881,0.43172,0.35804,-0.56828,0.35804,-0.54720,0.38926,-0.94155,2.00708,-0.55851,1.73459,-0.55851,1.73459,1.00000,0.00000,0,0.00025
59.5910,0.34851,0.25169,-0.65149,0.25169,-0.61218,0.29606,-0.92990,2.00037,-0.50138,1.79312,-0.50138,1.79312,1.00000,0.00000,0,0.00025
59.6947,0.30831,0.14735,-0.69169,0.14735,-0.66743,0.19314,-0.91698,1.99561,-0.44979,1.86042,-0.44979,1.86042,1.00000,0.00000,0,0.00135
59.7942,0.31379,0.13320,-0.68621,0.13320,-0.68220,0.14693,-0.90340,1.99237,-0.42586,1.88951,-0.42586,1.88951,1.00000,0.00000,0,0.00027
59.8977,0.31234,0.12883,-0.68766,0.12883,-0.68603,0.13307,-0.88970,1.98962,-0.40948,1.89647,-0.40948,1.89647,1.00000,0.00000,0,0.00029
60.0005,0.30824,0.11915,-0.69176,0.11915,-0.69000,0.12395,-0.87592,1.98706,-0.39292,1.90030,-0.39292,1.90030,1.00000,0.00000,0,0.00029
60.1029,0.30727,0.09945,-0.69273,0.09945,-0.69183,0.10881,-0.86210,1.98475,-0.37782,1.90859,-0.37782,1.90859,1.00000,0.00000,0,0.00027
60.2076,0.29710,0.05576,-0.70290,0.05576,-0.69817,0.07976,-0.84820,1.98287,-0.35948,1.92703,-0.35948,1.92703,1.00000,0.00000,0,0.00110
60.3093,0.32156,-0.09519,-0.67844,-0.09519,-0.69361,-0.03851,-0.83422,1.98239,-0.34869,2.00935,-0.34869,2.00935,1.00000,0.00000,32,0.00034
60.4115,0.30460,-0.10230,-0.69540,-0.10230,-0.69659,-0.09275,-0.82033,1.98396,-0.33272,2.04888,-0.33272,2.04888,1.00000,0.00000,0,0.00031
60.5120,0.30776,-0.12373,-0.69224,-0.12373,-0.69311,-0.11460,-0.80648,1.98613,-0.32130,2.06635,-0.32130,2.06635,1.00000,0.00000,0,0.00028
60.6159,0.30467,-0.13103,-0.69533,-0.13103,-0.69218,-0.12708,-0.79265,1.98857,-0.30813,2.07752,-0.30813,2.07752,1.00000,0.00000,0,0.00032
60.7170,0.30625,-0.14823,-0.69375,-0.14823,-0.69228,-0.14126,-0.77881,1.99129,-0.29421,2.09017,-0.29421,2.09017,1.00000,0.00000,0,0.00031
60.8183,0.30973,-0.15972,-0.69027,-0.15972,-0.69067,-0.15428,-0.76499,1.99427,-0.28152,2.10227,-0.28152,2.10227,1.00000,0.00000,0,0.00043
60.9191,0.31307,-0.17477,-0.68693,-0.17477,-0.68908,-0.16784,-0.75118,1.99752,-0.26883,2.11501,-0.26883,2.11501,1.00000,0.00000,0,0.00039
61.0209,0.33228,-0.19355,-0.66772,-0.19355,-0.67484,-0.18476,-0.73757,2.00107,-0.26518,2.13040,-0.26518,2.13040,1.00000,0.00000,0,0.00033
61.1222,0.34494,-0.20798,-0.65506,-0.20798,-0.66181,-0.20083,-0.72423,2.00496,-0.26096,2.14554,-0.26096,2.14554,1.00000,0.00000,0,0.00028
61.2231,0.34882,-0.21393,-0.65118,-0.21393,-0.65355,-0.21075,-0.71109,2.00911,-0.25360,2.15664,-0.25360,2.15664,1.00000,0.00000,0,0.00026
61.3245,0.35817,-0.22119,-0.64183,-0.22119,-0.64631,-0.21812,-0.69810,2.01342,-0.24568,2.16610,-0.24568,2.16610,1.00000,0.00000,0,0.00026
61.4274,0.35851,-0.23116,-0.64149,-0.23116,-0.64213,-0.22632,-0.68523,2.01787,-0.23575,2.17630,-0.23575,2.17630,1.00000,0.00000,0,0.00028
61.5283,0.36717,-0.23772,-0.63283,-0.23772,-0.63708,-0.23448,-0.67244,2.02250,-0.22649,2.18664,-0.22649,2.18664,1.00000,0.00000,0,0.00029
61.6296,0.37319,-0.23897,-0.62681,-0.23897,-0.63047,-0.23763,-0.65978,2.02723,-0.21845,2.19358,-0.21845,2.19358,1.00000,0.00000,0,0.00029
61.7321,0.37988,-0.24892,-0.62012,-0.24892,-0.62245,-0.24452,-0.64728,2.03206,-0.21156,2.20322,-0.21156,2.20322,1.00000,0.00000,0,0.00030
61.8351,0.38764,-0.25308,-0.61236,-0.25308,-0.61711,-0.25094,-0.63489,2.03703,-0.20291,2.21268,-0.20291,2.21268,1.00000,0.00000,0,0.00025
61.9364,0.38840,-0.25790,0.38840,-0.25790,0.14839,-0.25518,-0.62219,2.04209,-0.72607,2.22072,-0.72607,2.22072,0.00000,0.00000,0,0.00099
62.0380,0.39126,-0.25640,0.39126,-0.25640,0.35098,-0.25648,-0.62815,2.04722,-0.87383,2.22675,-0.87383,2.22675,0.00000,0.00000,0,0.00029
62.1385,0.38710,-0.25992,0.38710,-0.25992,0.38197,-0.25877,-0.63562,2.05237,-0.90300,2.23351,-0.90300,2.23351,0.00000,0.00000,0,0.00027
62.2399,0.38868,-0.25778,0.38868,-0.25778,0.38634,-0.25813,-0.64332,2.05755,-0.91376,2.23824,-0.91376,2.23824,0.00000,0.00000,0,0.00026
62.3417,0.39697,-0.25526,0.39697,-0.25526,0.39272,-0.25627,-0.65112,2.06269,-0.92602,2.24208,-0.92602,2.24208,0.00000,0.00000,0,0.00039
62.4439,0.39414,-0.24992,0.39414,-0.24992,0.39497,-0.25237,-0.65901,2.06777,-0.93549,2.24443,-0.93549,2.24443,0.00000,0.00000,0,0.00030
62.5451,0.39577,-0.21641,0.39577,-0.21641,0.39605,-0.23145,-0.66693,2.07261,-0.94417,2.23463,-0.94417,2.23463,0.00000,0.00000,0,0.00029
62.6492,0.49109,-0.13985,0.49109,-0.13985,0.43710,-0.17452,-0.67512,2.07665,-0.98109,2.19881,-0.98109,2.19881,0.00000,0.00000,0,0.00028
62.7528,0.48842,-0.08897,0.48842,-0.08897,0.48121,-0.10994,-0.68450,2.07935,-1.02135,2.15631,-1.02135,2.15631,0.00000,0.00000,0,0.00026
62.8557,0.49926,-0.07496,0.49926,-0.07496,0.49577,-0.08118,-0.69435,2.08118,-1.04139,2.13801,-1.04139,2.13801,0.00000,0.00000,0,0.00080
62.9576,0.50394,-0.05871,0.50394,-0.05871,0.50190,-0.06616,-0.70436,2.08261,-1.05569,2.12892,-1.05569,2.12892,0.00000,0.00000,0,0.00031
63.0588,0.51216,-0.04926,0.51216,-0.04926,0.50721,-0.05505,-0.71445,2.08379,-1.06950,2.12233,-1.06950,2.12233,0.00000,0.00000,0,0.00026
63.1606,0.52610,-0.03052,0.52610,-0.03052,0.52148,-0.03701,-0.72479,2.08400,-1.08982,2.10991,-1.08982,2.10991,0.00000,0.00000,32,0.00027
63.2620,0.53324,-0.01506,0.53324,-0.01506,0.52909,-0.02242,-0.73531,2.08400,-1.10567,2.09969,-1.10567,2.09969,0.00000,0.00000,32,0.00030
63.3649,0.53806,-0.00095,0.53806,-0.00095,0.53478,-0.00811,-0.74595,2.08400,-1.12029,2.08967,-1.12029,2.08967,0.00000,0.00000,32,0.00032
63.4653,0.54098,0.02419,0.54098,0.02419,0.53892,0.01231,-0.75670,2.08400,-1.13395,2.07538,-1.13395,2.07538,0.00000,0.00000,32,0.00031
63.5656,0.55328,0.09313,0.55328,0.09313,0.54728,0.06268,-0.76756,2.08375,-1.15066,2.03987,-1.15066,2.03987,0.00000,0.00000,0,0.00032
63.6682,0.53940,0.14747,0.53940,0.14747,0.54278,0.12257,-0.77849,2.08179,-1.15844,1.99599,-1.15844,1.99599,0.00000,0.00000,0,0.00032
63.7703,0.53763,0.17576,0.53763,0.17576,0.53871,0.16045,-0.78929,2.07887,-1.16638,1.96656,-1.16638,1.96656,0.00000,0.00000,0,0.00037
63.8719,0.53837,0.19965,0.53837,0.19965,0.53766,0.18881,-0.80003,2.07531,-1.17639,1.94314,-1.17639,1.94314,0.00000,0.00000,0,0.00028
63.9730,0.53960,0.22343,0.53960,0.22343,0.53883,0.21264,-0.81080,2.07124,-1.18799,1.92240,-1.18799,1.92240,0.00000,0.00000,0,0.00026
64.0757,0.53136,0.25190,0.53136,0.25190,0.53560,0.23901,-0.82156,2.06668,-1.19648,1.89937,-1.19648,1.89937,0.00000,0.00000,0,0.00027
64.1766,0.52527,0.27112,0.52527,0.27112,0.52849,0.26221,-0.83218,2.06161,-1.20213,1.87806,-1.20213,1.87806,0.00000,0.00000,0,0.00036
64.2788,0.52252,0.27932,0.52252,0.27932,0.52301,0.27501,-0.84268,2.05619,-1.20878,1.86368,-1.20878,1.86368,0.00000,0.00000,0,0.00028
64.3826,0.51615,0.28616,0.51615,0.28616,0.51760,0.28269,-0.85306,2.05060,-1.21538,1.85271,-1.21538,1.85271,0.00000,0.00000,0,0.00027
64.4842,0.51910,0.29508,0.51910,0.29508,0.51736,0.29046,-0.86340,2.04485,-1.22555,1.84153,-1.22555,1.84153,0.00000,0.00000,0,0.00026
64.5890,0.51119,0.30312,0.51119,0.30312,0.51412,0.29980,-0.87372,2.03893,-1.23360,1.82906,-1.23360,1.82906,0.00000,0.00000,0,0.00037
64.6912,0.51083,0.31178,0.51083,0.31178,0.51175,0.30735,-0.88397,2.03284,-1.24220,1.81770,-1.24220,1.81770,0.00000,0.00000,0,0.00030
64.7932,0.49983,0.32438,0.49983,0.32438,0.50409,0.31796,-0.89412,2.02658,-1.24699,1.80400,-1.24699,1.80400,0.00000,0.00000,0,0.00028
64.8981,0.49741,0.33799,-0.50259,0.33799,0.19827,0.33178,-0.91240,2.02005,-1.04172,1.78781,-1.05119,1.78781,1.00000,0.00000,1,0.00030
64.9997,0.48985,0.35298,-0.51015,0.35298,-0.39036,0.34700,-0.90777,2.01323,-0.63452,1.77034,-0.63452,1.77034,1.00000,0.00000,0,0.00027
65.1010,0.49284,0.35551,-0.50716,0.35551,-0.48731,0.35326,-0.89853,2.00621,-0.55742,1.75893,-0.55742,1.75893,1.00000,0.00000,0,0.00026
65.2024,0.48992,0.35646,-0.51008,0.35646,-0.50636,0.35593,-0.88851,1.99911,-0.53406,1.74995,-0.53406,1.74995,1.00000,0.00000,0,0.00035
65.3044,0.48878,0.33876,-0.51122,0.33876,-0.50871,0.34894,-0.87836,1.99202,-0.52226,1.74777,-0.52226,1.74777,1.00000,0.00000,0,0.00076
65.4048,0.48163,0.28364,-0.51837,0.28364,-0.51583,0.30795,-0.86810,1.98549,-0.50702,1.76992,-0.50702,1.76992,1.00000,0.00000,0,0.00035
65.5051,0.47192,0.24080,-0.52808,0.24080,-0.52562,0.25907,-0.85765,1.97996,-0.48972,1.79861,-0.48972,1.79861,1.00000,0.00000,0,0.00025
65.6071,0.43771,0.15972,-0.56229,0.15972,-0.54732,0.19114,-0.84695,1.97553,-0.46383,1.84174,-0.46383,1.84174,1.00000,0.00000,0,0.00029
65.7098,0.43140,0.14432,-0.56860,0.14432,-0.56072,0.15705,-0.83584,1.97214,-0.44334,1.86221,-0.44334,1.86221,1.00000,0.00000,0,0.00036
65.8113,0.40991,0.12573,-0.59009,0.12573,-0.57912,0.13566,-0.82440,1.96926,-0.41902,1.87430,-0.41902,1.87430,1.00000,0.00000,0,0.00035
65.9138,0.37522,0.10222,-0.62478,0.10222,-0.61246,0.11300,-0.81240,1.96683,-0.38368,1.88772,-0.38368,1.88772,1.00000,0.00000,0,0.00047
66.0165,0.36745,0.08662,-0.63255,0.08662,-0.62755,0.09459,-0.79994,1.96480,-0.36065,1.89859,-0.36065,1.89859,1.00000,0.00000,0,0.00108
66.1168,0.36372,0.06421,-0.63628,0.06421,-0.63426,0.07490,-0.78731,1.96313,-0.34333,1.91070,-0.34333,1.91070,1.00000,0.00000,0,0.00043
66.2188,0.35661,0.00181,-0.64339,0.00181,-0.64075,0.03107,-0.77454,1.96237,-0.32602,1.94062,-0.32602,1.94062,1.00000,0.00000,32,0.00032
66.3204,0.36288,-0.12672,-0.63712,-0.12672,-0.63798,-0.09115,-0.76171,1.96326,-0.31512,2.02706,-0.31512,2.02706,1.00000,0.00000,0,0.00037
66.4222,0.36432,-0.14458,-0.63568,-0.14458,-0.64526,-0.12959,-0.74878,1.96561,-0.29710,2.05632,-0.29710,2.05632,1.00000,0.00000,0,0.00026
66.5252,0.35095,-0.14552,-0.64905,-0.14552,-0.64954,-0.14257,-0.73581,1.96837,-0.28113,2.06817,-0.28113,2.06817,1.00000,0.00000,0,0.00028
66.6262,0.34676,-0.16477,-0.65324,-0.16477,-0.65351,-0.15667,-0.72278,1.97138,-0.26532,2.08105,-0.26532,2.08105,1.00000,0.00000,0,0.00035
66.7274,0.34555,-0.16997,-0.65445,-0.16997,-0.65462,-0.16580,-0.70970,1.97463,-0.25147,2.09069,-0.25147,2.09069,1.00000,0.00000,0,0.00040
66.8278,0.34833,-0.18277,-0.65167,-0.18277,-0.65239,-0.17688,-0.69663,1.97807,-0.23996,2.10189,-0.23996,2.10189,1.00000,0.00000,0,0.00029
66.9306,0.36074,-0.19023,-0.63926,-0.19023,-0.64452,-0.18703,-0.68367,1.98174,-0.23250,2.11266,-0.23250,2.11266,1.00000,0.00000,0,0.00029
67.0317,0.37069,-0.19987,-0.62931,-0.19987,-0.63394,-0.19550,-0.67090,1.98557,-0.22714,2.12242,-0.22714,2.12242,1.00000,0.00000,0,0.00028
67.1338,0.37870,-0.20761,-0.62130,-0.20761,-0.62508,-0.20336,-0.65833,1.98958,-0.22078,2.13193,-0.22078,2.13193,1.00000,0.00000,0,0.00028
67.2351,0.38179,-0.21351,-0.61821,-0.21351,-0.62007,-0.21069,-0.64589,1.99374,-0.21184,2.14122,-0.21184,2.14122,1.00000,0.00000,0,0.00031
67.3367,0.38566,-0.22046,-0.61434,-0.22046,-0.61600,-0.21725,-0.63354,1.99803,-0.20234,2.15010,-0.20234,2.15010,1.00000,0.00000,0,0.00056
67.4389,0.39270,-0.22770,-0.60730,-0.22770,-0.60983,-0.22420,-0.62129,2.00245,-0.19441,2.15939,-0.19441,2.15939,1.00000,0.00000,0,0.00034
67.5400,0.38994,-0.23526,-0.61006,-0.23526,-0.61027,-0.23179,-0.60909,2.00703,-0.18190,2.16928,-0.18190,2.16928,1.00000,0.00000,0,0.00030
67.6411,0.39415,-0.23855,-0.60585,-0.23855,-0.60769,-0.23657,-0.59691,2.01172,-0.17152,2.17732,-0.17152,2.17732,1.00000,0.00000,0,0.00025
67.7433,0.39514,-0.24617,-0.60486,-0.24617,-0.60448,-0.24220,-0.58480,2.01651,-0.16167,2.18605,-0.16167,2.18605,1.00000,0.00000,0,0.00027
67.8452,0.40048,-0.25559,-0.59952,-0.25559,-0.60053,-0.25153,-0.57276,2.02147,-0.15239,2.19754,-0.15239,2.19754,1.00000,0.00000,0,0.00029
67.9464,0.40427,-0.26263,0.40427,-0.26263,0.16245,-0.25904,-0.56025,2.02659,-0.67396,2.20791,-0.67396,2.20791,0.00000,0.00000,0,0.00027
68.0485,0.40351,-0.26030,0.40351,-0.26030,0.36370,-0.26041,-0.56646,2.03180,-0.82105,2.21408,-0.82105,2.21408,0.00000,0.00000,0,0.00072
68.1521,0.40377,-0.25580,0.40377,-0.25580,0.39570,-0.25830,-0.57420,2.03699,-0.85119,2.21780,-0.85119,2.21780,0.00000,0.00000,0,0.00030
68.2564,0.40781,-0.24979,0.40781,-0.24979,0.40410,-0.25277,-0.58222,2.04210,-0.86509,2.21904,-0.86509,2.21904,0.00000,0.00000,0,0.00095
68.3602,0.40735,-0.24485,0.40735,-0.24485,0.40685,-0.24769,-0.59035,2.04709,-0.87515,2.22048,-0.87515,2.22048,0.00000,0.00000,0,0.00030
68.4618,0.40917,-0.23862,0.40917,-0.23862,0.40981,-0.24166,-0.59853,2.05197,-0.88540,2.22113,-0.88540,2.22113,0.00000,0.00000,0,0.00035
68.5623,0.41540,-0.22926,0.41540,-0.22926,0.41276,-0.23344,-0.60676,2.05671,-0.89569,2.22011,-0.89569,2.22011,0.00000,0.00000,0,0.00027
68.6639,0.41050,-0.20991,0.41050,-0.20991,0.41194,-0.22132,-0.61501,2.06126,-0.90336,2.21618,-0.90336,2.21618,0.00000,0.00000,0,0.00033
68.7667,0.42126,-0.15873,0.42126,-0.15873,0.41494,-0.18147,-0.62326,2.06525,-0.91372,2.19228,-0.91372,2.19228,0.00000,0.00000,0,0.00045
68.8694,0.50003,-0.09605,0.50003,-0.09605,0.47334,-0.11700,-0.63216,2.06808,-0.96350,2.14998,-0.96350,2.14998,0.00000,0.00000,0,0.00032
68.9728,0.50237,-0.05831,0.50237,-0.05831,0.49816,-0.06789,-0.64202,2.06973,-0.99073,2.11726,-0.99073,2.11726,0.00000,0.00000,0,0.00024
69.0754,0.51094,-0.03767,0.51094,-0.03767,0.50762,-0.04511,-0.65212,2.07040,-1.00746,2.10197,-1.00746,2.10197,0.00000,0.00000,32,0.00024
69.1758,0.51729,-0.02620,0.51729,-0.02620,0.51454,-0.03139,-0.66237,2.07040,-1.02255,2.09237,-1.02255,2.09237,0.00000,0.00000,32,0.00026
69.2778,0.52610,-0.01533,0.52610,-0.01533,0.52043,-0.02179,-0.67271,2.07040,-1.03701,2.08565,-1.03701,2.08565,0.00000,0.00000,32,0.00029
69.3786,0.52214,-0.00544,0.52214,-0.00544,0.52340,-0.01072,-0.68317,2.07040,-1.04955,2.07791,-1.04955,2.07791,0.00000,0.00000,32,0.00036
69.4801,0.52859,0.00408,0.52859,0.00408,0.52772,0.00018,-0.69370,2.07040,-1.06310,2.07028,-1.06310,2.07028,0.00000,0.00000,32,0.00027
69.5810,0.52867,0.02166,0.52867,0.02166,0.52856,0.01303,-0.70427,2.07040,-1.07426,2.06128,-1.07426,2.06128,0.00000,0.00000,32,0.00025
69.6847,0.53527,0.05272,0.53527,0.05272,0.53194,0.03650,-0.71487,2.07040,-1.08723,2.04485,-1.08723,2.04485,0.00000,0.00000,32,0.00037
69.7856,0.53649,0.12866,0.53649,0.12866,0.53360,0.09769,-0.72553,2.06917,-1.09905,2.00079,-1.09905,2.00079,0.00000,0.00000,0,0.00027
69.8861,0.53224,0.16511,0.53224,0.16511,0.53310,0.14679,-0.73619,2.06659,-1.10936,1.96384,-1.10936,1.96384,0.00000,0.00000,0,0.00028
69.9872,0.53755,0.19145,0.53755,0.19145,0.53496,0.17853,-0.74687,2.06326,-1.12134,1.93829,-1.12134,1.93829,0.00000,0.00000,0,0.00048
70.0913,0.53597,0.21762,0.53597,0.21762,0.53660,0.20442,-0.75759,2.05939,-1.13320,1.91629,-1.13320,1.91629,0.00000,0.00000,0,0.00027
70.1942,0.52936,0.23609,0.52936,0.23609,0.53160,0.22683,-0.76827,2.05502,-1.14039,1.89624,-1.14039,1.89624,0.00000,0.00000,0,0.00121
70.2962,0.52270,0.25403,0.52270,0.25403,0.52534,0.24507,-0.77882,2.05027,-1.14656,1.87872,-1.14656,1.87872,0.00000,0.00000,0,0.00025
70.3967,0.51242,0.26696,0.51242,0.26696,0.51711,0.26055,-0.78924,2.04517,-1.15122,1.86278,-1.15122,1.86278,0.00000,0.00000,0,0.00031
70.5006,0.50634,0.27625,0.50634,0.27625,0.50957,0.27123,-0.79948,2.03983,-1.15618,1.84997,-1.15618,1.84997,0.00000,0.00000,0,0.00030
70.6024,0.50458,0.28613,0.50458,0.28613,0.50609,0.28118,-0.80963,2.03429,-1.16389,1.83746,-1.16389,1.83746,0.00000,0.00000,0,0.00030
70.7079,0.50277,0.29540,0.50277,0.29540,0.50388,0.29096,-0.81972,2.02855,-1.17243,1.82488,-1.17243,1.82488,0.00000,0.00000,0,0.00038
70.8104,0.50179,0.30126,0.50179,0.30126,0.50270,0.29769,-0.82979,2.02265,-1.18168,1.81426,-1.18168,1.81426,0.00000,0.00000,0,0.00030
70.9122,0.50193,0.30731,-0.49807,0.30731,-0.00823,0.30498,-0.84602,2.01660,-0.84026,1.80311,-0.84026,1.80311,1.00000,0.00000,16,0.00025
71.0144,0.49872,0.30912,-0.50128,0.30912,-0.41695,0.30904,-0.83986,2.01044,-0.54799,1.79411,-0.54799,1.79411,1.00000,0.00000,0,0.00039
71.1165,0.49724,0.30845,-0.50276,0.30845,-0.48771,0.30846,-0.83048,2.00427,-0.48908,1.78835,-0.48908,1.78835,1.00000,0.00000,0,0.00121
71.2180,0.49111,0.30660,-0.50889,0.30660,-0.50357,0.30823,-0.82051,1.99809,-0.46801,1.78234,-0.46801,1.78234,1.00000,0.00000,0,0.00034
71.3187,0.48203,0.26072,-0.51797,0.26072,-0.51346,0.27927,-0.81033,1.99221,-0.45091,1.79672,-0.45091,1.79672,1.00000,0.00000,0,0.00041
71.4198,0.46673,0.20807,-0.53327,0.20807,-0.52561,0.22818,-0.79994,1.98725,-0.43201,1.82753,-0.43201,1.82753,1.00000,0.00000,0,0.00027
71.5235,0.44466,0.13239,-0.55534,0.13239,-0.54151,0.17368,-0.78927,1.98324,-0.41021,1.86166,-0.41021,1.86166,1.00000,0.00000,0,0.00026
71.6259,0.43031,0.12072,-0.56969,0.12072,-0.56238,0.13318,-0.77813,1.98035,-0.38446,1.88712,-0.38446,1.88712,1.00000,0.00000,0,0.00025
71.7273,0.39861,0.10759,-0.60139,0.10759,-0.58759,0.11470,-0.76659,1.97792,-0.35527,1.89763,-0.35527,1.89763,1.00000,0.00000,0,0.00031
71.8296,0.37322,0.09636,-0.62678,0.09636,-0.61857,0.10044,-0.75442,1.97582,-0.32142,1.90551,-0.32142,1.90551,1.00000,0.00000,0,0.00027
71.9327,0.36019,0.07844,-0.63981,0.07844,-0.63452,0.08550,-0.74185,1.97398,-0.29769,1.91413,-0.29769,1.91413,1.00000,0.00000,0,0.00026
72.0345,0.35570,0.05842,-0.64430,0.05842,-0.64270,0.06792,-0.72904,1.97247,-0.27915,1.92493,-0.27915,1.92493,1.00000,0.00000,0,0.00034
72.1360,0.35065,-0.02801,-0.64935,-0.02801,-0.64722,0.01654,-0.71614,1.97199,-0.26309,1.96042,-0.26309,1.96042,1.00000,0.00000,32,0.00029
72.2389,0.34983,-0.12795,-0.65017,-0.12795,-0.64505,-0.09382,-0.70321,1.97294,-0.25168,2.03861,-0.25168,2.03861,1.00000,0.00000,0,0.00030
72.3446,0.35093,-0.14288,-0.64907,-0.14288,-0.64783,-0.13218,-0.69023,1.97532,-0.23675,2.06785,-0.23675,2.06785,1.00000,0.00000,0,0.00189
72.4489,0.35414,-0.15303,-0.64586,-0.15303,-0.64865,-0.14750,-0.67723,1.97816,-0.22318,2.08141,-0.22318,2.08141,1.00000,0.00000,0,0.00110
72.5492,0.35326,-0.16530,-0.64674,-0.16530,-0.64770,-0.16050,-0.66426,1.98127,-0.21087,2.09362,-0.21087,2.09362,1.00000,0.00000,0,0.00027
72.6504,0.36317,-0.17515,-0.63683,-0.17515,-0.64256,-0.16967,-0.65135,1.98459,-0.20156,2.10335,-0.20156,2.10335,1.00000,0.00000,0,0.00029
72.7524,0.36690,-0.18649,-0.63310,-0.18649,-0.63534,-0.18103,-0.63859,1.98812,-0.19385,2.11484,-0.19385,2.11484,1.00000,0.00000,0,0.00027
72.8546,0.37649,-0.19642,-0.62351,-0.19642,-0.62839,-0.19170,-0.62596,1.99186,-0.18609,2.12605,-0.18609,2.12605,1.00000,0.00000,0,0.00030
72.9552,0.38427,-0.20408,-0.61573,-0.20408,-0.62021,-0.20075,-0.61348,1.99581,-0.17934,2.13634,-0.17934,2.13634,1.00000,0.00000,0,0.00025
73.0555,0.39057,-0.20543,-0.60943,-0.20543,-0.61171,-0.20431,-0.60119,1.99987,-0.17300,2.14289,-0.17300,2.14289,1.00000,0.00000,0,0.00026
73.1582,0.39767,-0.20934,-0.60233,-0.20934,-0.60642,-0.20728,-0.58901,2.00399,-0.16452,2.14909,-0.16452,2.14909,1.00000,0.00000,0,0.00166
73.2579,0.39891,-0.21544,-0.60109,-0.21544,-0.60250,-0.21265,-0.57693,2.00820,-0.15517,2.15706,-0.15517,2.15706,1.00000,0.00000,0,0.00026
73.3593,0.39861,-0.22531,-0.60139,-0.22531,-0.60147,-0.22077,-0.56490,2.01255,-0.14387,2.16709,-0.14387,2.16709,1.00000,0.00000,0,0.00026
73.4608,0.39954,-0.23313,-0.60046,-0.23313,-0.60031,-0.22925,-0.55288,2.01706,-0.13267,2.17754,-0.13267,2.17754,1.00000,0.00000,0,0.00026
73.5659,0.40559,-0.24224,-0.59441,-0.24224,-0.59677,-0.23696,-0.54092,2.02173,-0.12318,2.18760,-0.12318,2.18760,1.00000,0.00000,0,0.00035
73.6683,0.40695,-0.26358,-0.59305,-0.26358,-0.59375,-0.25393,-0.52903,2.02666,-0.11340,2.20441,-0.11340,2.20441,1.00000,0.00000,0,0.00119
73.7685,0.40582,-0.31989,-0.59418,-0.31989,-0.59395,-0.29266,-0.51714,2.03213,-0.10137,2.23699,-0.10137,2.23699,1.00000,0.00000,0,0.00030
73.8693,0.41595,-0.36294,-0.58405,-0.36294,-0.59689,-0.34809,-0.50514,2.03876,-0.08731,2.28242,-0.08731,2.28242,1.00000,0.00000,0,0.00028
73.9716,0.44069,-0.39327,0.44069,-0.39327,0.08436,-0.37979,-0.48783,2.04611,-0.54688,2.31196,-0.54688,2.31196,0.00000,0.00000,0,0.00036
74.0737,0.44621,-0.39626,0.44621,-0.39626,0.38457,-0.39331,-0.49393,2.05390,-0.76312,2.32921,-0.76312,2.32921,0.00000,0.00000,0,0.00107
74.1748,0.44947,-0.39528,0.44947,-0.39528,0.43668,-0.39567,-0.50238,2.06179,-0.80806,2.33876,-0.80806,2.33876,0.00000,0.00000,0,0.00034
74.2751,0.45466,-0.38039,0.45466,-0.38039,0.45070,-0.38794,-0.51131,2.06964,-0.82680,2.34119,-0.82680,2.34119,0.00000,0.00000,0,0.00026
74.3777,0.46914,-0.31236,0.46914,-0.31236,0.46140,-0.34388,-0.52043,2.07696,-0.84341,2.31768,-0.84341,2.31768,0.00000,0.00000,0,0.00028
74.4806,0.47831,-0.27631,0.47831,-0.27631,0.47588,-0.29217,-0.52986,2.08315,-0.86298,2.28767,-0.86298,2.28767,0.00000,0.00000,0,0.00030
74.5817,0.47912,-0.26353,0.47912,-0.26353,0.47936,-0.27091,-0.53943,2.08871,-0.87498,2.27835,-0.87498,2.27835,0.00000,0.00000,0,0.00027
74.6839,0.48018,-0.24443,0.48018,-0.24443,0.48044,-0.25362,-0.54903,2.09393,-0.88534,2.27146,-0.88534,2.27146,0.00000,0.00000,0,0.00026
74.7852,0.58439,-0.19537,0.58439,-0.19537,0.52747,-0.21732,-0.55897,2.09862,-0.92820,2.25075,-0.92820,2.25075,0.00000,0.00000,0,0.00027
74.8878,0.58103,-0.13391,0.58103,-0.13391,0.57289,-0.16272,-0.57016,2.10242,-0.97118,2.21632,-0.97118,2.21632,0.00000,0.00000,0,0.00109
74.9888,0.59096,-0.07334,0.59096,-0.07334,0.58752,-0.09694,-0.58183,2.10488,-0.99309,2.17274,-0.99309,2.17274,0.00000,0.00000,0,0.00027
75.0896,0.59989,-0.05055,0.59989,-0.05055,0.59605,-0.06263,-0.59368,2.10637,-1.01092,2.15021,-1.01092,2.15021,0.00000,0.00000,0,0.00033
75.1915,0.60141,-0.03736,0.60141,-0.03736,0.60117,-0.04427,-0.60568,2.10701,-1.02650,2.13800,-1.02650,2.13800,0.00000,0.00000,32,0.00041
75.2933,0.60539,-0.02629,0.60539,-0.02629,0.60450,-0.03204,-0.61774,2.10701,-1.04089,2.12944,-1.04089,2.12944,0.00000,0.00000,32,0.00028
75.3952,0.60596,-0.01239,0.60596,-0.01239,0.60548,-0.01833,-0.62985,2.10701,-1.05368,2.11984,-1.05368,2.11984,0.00000,0.00000,32,0.00027
75.4961,0.60508,0.00650,0.60508,0.00650,0.60368,-0.00273,-0.64192,2.10701,-1.06450,2.10892,-1.06450,2.10892,0.00000,0.00000,32,0.00024
75.5985,0.61762,0.06809,0.61762,0.06809,0.61066,0.03882,-0.65406,2.10701,-1.08152,2.07983,-1.08152,2.07983,0.00000,0.00000,32,0.00102
75.6999,0.61539,0.11097,0.61539,0.11097,0.61547,0.09041,-0.66636,2.10559,-1.09719,2.04230,-1.09719,2.04230,0.00000,0.00000,0,0.00029
75.8009,0.60765,0.14054,0.60765,0.14054,0.61286,0.12615,-0.67866,2.10333,-1.10766,2.01503,-1.10766,2.01503,0.00000,0.00000,0,0.00043
75.9032,0.57936,0.18755,0.57936,0.18755,0.58780,0.17313,-0.69060,2.10022,-1.10206,1.97903,-1.10206,1.97903,0.00000,0.00000,0,0.00030
76.0044,0.57669,0.20487,0.57669,0.20487,0.57918,0.19609,-0.70223,2.09647,-1.10766,1.95921,-1.10766,1.95921,0.00000,0.00000,0,0.00028
76.1066,0.57174,0.21648,0.57174,0.21648,0.57347,0.21125,-0.71375,2.09235,-1.11518,1.94447,-1.11518,1.94447,0.00000,0.00000,0,0.00140
76.2061,0.56663,0.22693,0.56663,0.22693,0.56895,0.22188,-0.72517,2.08800,-1.12343,1.93268,-1.12343,1.93268,0.00000,0.00000,0,0.00025
76.3076,0.56110,0.23858,0.56110,0.23858,0.56417,0.23374,-0.73649,2.08341,-1.13141,1.91980,-1.13141,1.91980,0.00000,0.00000,0,0.00028
76.4108,0.55273,0.25064,0.55273,0.25064,0.55608,0.24563,-0.74767,2.07860,-1.13693,1.90666,-1.13693,1.90666,0.00000,0.00000,0,0.00032
76.5146,0.54259,0.26134,0.54259,0.26134,0.54691,0.25616,-0.75869,2.07356,-1.14153,1.89425,-1.14153,1.89425,0.00000,0.00000,0,0.00037
76.6153,0.54101,0.26875,0.54101,0.26875,0.54182,0.26443,-0.76956,2.06834,-1.14883,1.88324,-1.14883,1.88324,0.00000,0.00000,0,0.00033
76.7160,0.53205,0.27522,0.53205,0.27522,0.53665,0.27204,-0.78034,2.06296,-1.15600,1.87253,-1.15600,1.87253,0.00000,0.00000,0,0.00037
76.8185,0.52914,0.27851,0.52914,0.27851,0.53136,0.27666,-0.79102,2.05746,-1.16297,1.86380,-1.16297,1.86380,0.00000,0.00000,0,0.00042
76.9217,0.52134,0.28314,0.52134,0.28314,0.52560,0.28102,-0.80158,2.05187,-1.16950,1.85516,-1.16950,1.85516,0.00000,0.00000,0,0.00032
