t_s,roll,pitch,err_r,err_p,err_r_filt,err_p_filt,integ_r,integ_p,pi_out_r,pi_out_p,corr_r,corr_p,target_roll,target_pitch,clip_flags,dt_actual
0.0000,-0.02048,0.15248,-0.02048,0.15248,-0.02029,0.15202,-0.63856,1.61509,-0.62435,1.50868,-0.62435,1.50868,0.00000,0.00000,16,0.00092
0.1009,-0.01860,0.14958,-0.01860,0.14958,-0.01828,0.15123,-0.63856,1.61205,-0.62576,1.50620,-0.62576,1.50620,0.00000,0.00000,16,0.00032
0.2066,-0.01944,0.14773,-0.01944,0.14773,-0.01904,0.14913,-0.63856,1.60906,-0.62523,1.50467,-0.62523,1.50467,0.00000,0.00000,16,0.00124
0.3063,-0.01963,0.14637,-0.01963,0.14637,-0.02013,0.14715,-0.63856,1.60610,-0.62447,1.50309,-0.62447,1.50309,0.00000,0.00000,16,0.00041
0.4087,-0.02259,0.14453,-0.02259,0.14453,-0.02214,0.14421,-0.63856,1.60320,-0.62306,1.50225,-0.62306,1.50225,0.00000,0.00000,16,0.00026
0.5092,-0.02156,0.14447,-0.02156,0.14447,-0.02220,0.14426,-0.63856,1.60032,-0.62302,1.49934,-0.62302,1.49934,0.00000,0.00000,16,0.00027
0.6110,-0.01722,0.14540,-0.01722,0.14540,-0.01931,0.14481,-0.63856,1.59743,-0.62504,1.49606,-0.62504,1.49606,0.00000,0.00000,16,0.00032
0.7136,-0.01720,0.14146,-0.01720,0.14146,-0.01756,0.14296,-0.63856,1.59455,-0.62627,1.49447,-0.62627,1.49447,0.00000,0.00000,16,0.00026
0.8155,-0.02226,0.14859,-0.02226,0.14859,-0.01839,0.14321,-0.63856,1.59171,-0.62568,1.49146,-0.62568,1.49146,0.00000,0.00000,16,0.00025
0.9191,-0.04718,0.15665,-0.04718,0.15665,-0.04177,0.15266,-0.63856,1.58873,-0.60932,1.48187,-0.60932,1.48187,0.00000,0.00000,16,0.00027
1.0228,-0.05318,0.14926,-0.05318,0.14926,-0.05016,0.15113,-0.63836,1.58570,-0.60324,1.47991,-0.60324,1.47991,0.00000,0.00000,0,0.00027
1.1246,-0.05168,0.15066,-0.05168,0.15066,-0.05157,0.15078,-0.63733,1.58268,-0.60124,1.47713,-0.60124,1.47713,0.00000,0.00000,0,0.00028
1.2250,-0.05031,0.15263,-0.05031,0.15263,-0.05013,0.15172,-0.63632,1.57966,-0.60123,1.47345,-0.60123,1.47345,0.00000,0.00000,0,0.00026
1.3264,-0.04802,0.15436,-0.04802,0.15436,-0.04845,0.15395,-0.63632,1.57659,-0.60240,1.46883,-0.60240,1.46883,0.00000,0.00000,16,0.00033
1.4294,-0.04850,0.15630,-0.04850,0.15630,-0.04798,0.15565,-0.63632,1.57349,-0.60273,1.46454,-0.60273,1.46454,0.00000,0.00000,16,0.00028
1.5312,-0.04668,0.15683,-0.04668,0.15683,-0.04715,0.15607,-0.63632,1.57037,-0.60332,1.46113,-0.60332,1.46113,0.00000,0.00000,16,0.00032
1.6327,-0.05000,0.15742,-0.05000,0.15742,-0.04924,0.15679,-0.63632,1.56725,-0.60185,1.45749,-0.60185,1.45749,0.00000,0.00000,16,0.00035
1.7335,-0.04853,0.15727,-0.04853,0.15727,-0.04924,0.15740,-0.63612,1.56410,-0.60165,1.45392,-0.60165,1.45392,0.00000,0.00000,16,0.00037
1.8350,-0.04698,0.15931,-0.04698,0.15931,-0.04875,0.15792,-0.63612,1.56096,-0.60199,1.45042,-0.60199,1.45042,0.00000,0.00000,16,0.00032
1.9375,-0.04866,0.15669,-0.04866,0.15669,-0.04759,0.15737,-0.63612,1.55780,-0.60281,1.44764,-0.60281,1.44764,0.00000,0.00000,16,0.00029
2.0384,-0.04541,0.16002,-0.04541,0.16002,-0.04647,0.15867,-0.63612,1.55465,-0.60359,1.44358,-0.60359,1.44358,0.00000,0.00000,16,0.00028
2.1391,-0.04768,0.15715,-0.04768,0.15715,-0.04654,0.15846,-0.63612,1.55147,-0.60354,1.44054,-0.60354,1.44054,0.00000,0.00000,16,0.00022
2.2409,-0.04617,0.15757,-0.04617,0.15757,-0.04627,0.15723,-0.63612,1.54832,-0.60373,1.43826,-0.60373,1.43826,0.00000,0.00000,16,0.00115
2.3437,-0.04709,0.15984,-0.04709,0.15984,-0.04730,0.15905,-0.63612,1.54516,-0.60301,1.43383,-0.60301,1.43383,0.00000,0.00000,16,0.00100
2.4434,-0.05262,0.15781,-0.05262,0.15781,-0.05030,0.15858,-0.63592,1.54198,-0.60071,1.43097,-0.60071,1.43097,0.00000,0.00000,0,0.00026
2.5442,-0.05142,0.15801,-0.05142,0.15801,-0.05167,0.15835,-0.63489,1.53881,-0.59872,1.42796,-0.59872,1.42796,0.00000,0.00000,0,0.00024
2.6471,-0.05085,0.15764,-0.05085,0.15764,-0.05058,0.15806,-0.63387,1.53564,-0.59847,1.42500,-0.59847,1.42500,0.00000,0.00000,0,0.00094
2.7476,-0.04868,0.15616,-0.04868,0.15616,-0.04778,0.15766,-0.63387,1.53247,-0.60042,1.42211,-0.60042,1.42211,0.00000,0.00000,16,0.00025
2.8485,-0.05310,0.15488,-0.05310,0.15488,-0.05117,0.15622,-0.63347,1.52934,-0.59765,1.41998,-0.59765,1.41998,0.00000,0.00000,0,0.00029
2.9497,-0.05675,0.15404,-0.05675,0.15404,-0.05424,0.15474,-0.63240,1.52624,-0.59444,1.41792,-0.59444,1.41792,0.00000,0.00000,0,0.00029
3.0519,-0.05697,0.15283,-0.05697,0.15283,-0.05743,0.15333,-0.63128,1.52316,-0.59108,1.41582,-0.59108,1.41582,0.00000,0.00000,0,0.00031
3.1555,-0.05879,0.15686,-0.05879,0.15686,-0.05773,0.15561,-0.63012,1.52007,-0.58971,1.41115,-0.58971,1.41115,0.00000,0.00000,0,0.00030
3.2587,-0.05567,0.15493,-0.05567,0.15493,-0.05682,0.15507,-0.62898,1.51696,-0.58921,1.40842,-0.58921,1.40842,0.00000,0.00000,0,0.00027
3.3591,-0.05792,0.15527,-0.05792,0.15527,-0.05787,0.15428,-0.62783,1.51388,-0.58732,1.40588,-0.58732,1.40588,0.00000,0.00000,0,0.00024
3.4599,-0.05570,0.15623,-0.05570,0.15623,-0.05623,0.15631,-0.62669,1.51076,-0.58733,1.40134,-0.58733,1.40134,0.00000,0.00000,0,0.00030
3.5609,-0.05864,0.15552,-0.05864,0.15552,-0.05780,0.15591,-0.62555,1.50764,-0.58509,1.39850,-0.58509,1.39850,0.00000,0.00000,0,0.00026
3.6633,-0.06272,0.15337,-0.06272,0.15337,-0.06084,0.15440,-0.62436,1.50453,-0.58177,1.39645,-0.58177,1.39645,0.00000,0.00000,0,0.00026
3.7646,-0.05948,0.15598,-0.05948,0.15598,-0.06052,0.15553,-0.62314,1.50143,-0.58078,1.39255,-0.58078,1.39255,0.00000,0.00000,0,0.00037
3.8691,-0.06186,0.15595,-0.06186,0.15595,-0.06082,0.15525,-0.62193,1.49832,-0.57935,1.38965,-0.57935,1.38965,0.00000,0.00000,0,0.00032
3.9725,-0.05932,0.15595,-0.05932,0.15595,-0.06046,0.15656,-0.62071,1.49520,-0.57839,1.38561,-0.57839,1.38561,0.00000,0.00000,0,0.00025
4.0738,-0.05950,0.15740,-0.05950,0.15740,-0.05976,0.15615,-0.61951,1.49208,-0.57768,1.38277,-0.57768,1.38277,0.00000,0.00000,0,0.00028
4.1759,-0.05685,0.15875,-0.05685,0.15875,-0.05741,0.15825,-0.61835,1.48894,-0.57816,1.37816,-0.57816,1.37816,0.00000,0.00000,0,0.00027
4.2768,-0.05487,0.16117,-0.05487,0.16117,-0.05544,0.15986,-0.61723,1.48576,-0.57842,1.37386,-0.57842,1.37386,0.00000,0.00000,0,0.00036
4.3790,-0.05524,0.16079,-0.05524,0.16079,-0.05528,0.16081,-0.61612,1.48255,-0.57743,1.36998,-0.57743,1.36998,0.00000,0.00000,0,0.00029
4.4801,-0.05815,0.16201,-0.05815,0.16201,-0.05801,0.16167,-0.61498,1.47932,-0.57437,1.36615,-0.57437,1.36615,0.00000,0.00000,0,0.00032
4.5823,-0.06171,0.16127,-0.06171,0.16127,-0.06087,0.16177,-0.61378,1.47608,-0.57117,1.36284,-0.57117,1.36284,0.00000,0.00000,0,0.00050
4.6844,-0.05705,0.16383,-0.05705,0.16383,-0.05902,0.16222,-0.61258,1.47284,-0.57126,1.35929,-0.57126,1.35929,0.00000,0.00000,0,0.00036
4.7855,-0.05076,0.16573,-0.05076,0.16573,-0.05295,0.16459,-0.61148,1.46957,-0.57441,1.35436,-0.57441,1.35436,0.00000,0.00000,0,0.00031
4.8866,-0.05053,0.16713,-0.05053,0.16713,-0.05105,0.16611,-0.61045,1.46626,-0.57471,1.34998,-0.57471,1.34998,0.00000,0.00000,0,0.00040
4.9881,-0.05336,0.16996,-0.05336,0.16996,-0.05213,0.16844,-0.60942,1.46292,-0.57293,1.34501,-0.57293,1.34501,0.00000,0.00000,0,0.00029
5.0895,-0.05076,0.17093,-0.05076,0.17093,-0.05179,0.16993,-0.60837,1.45953,-0.57212,1.34058,-0.57212,1.34058,0.00000,0.00000,0,0.00028
5.1907,-0.05039,0.16889,-0.05039,0.16889,-0.05030,0.16953,-0.60736,1.45613,-0.57215,1.33746,-0.57215,1.33746,0.00000,0.00000,0,0.00085
5.2915,-0.05088,0.17079,-0.05088,0.17079,-0.04981,0.17021,-0.60736,1.45273,-0.57249,1.33358,-0.57249,1.33358,0.00000,0.00000,16,0.00030
5.3934,-0.04760,0.17327,-0.04760,0.17327,-0.04815,0.17239,-0.60716,1.44930,-0.57345,1.32863,-0.57345,1.32863,0.00000,0.00000,16,0.00028
5.4947,-0.04533,0.17351,-0.04533,0.17351,-0.04607,0.17373,-0.60716,1.44583,-0.57491,1.32422,-0.57491,1.32422,0.00000,0.00000,16,0.00035
5.5959,-0.04240,0.17538,-0.04240,0.17538,-0.04455,0.17416,-0.60716,1.44236,-0.57597,1.32045,-0.57597,1.32045,0.00000,0.00000,16,0.00029
5.6969,-0.04403,0.17482,-0.04403,0.17482,-0.04364,0.17490,-0.60716,1.43886,-0.57661,1.31643,-0.57661,1.31643,0.00000,0.00000,16,0.00029
5.7976,-0.04403,0.17803,-0.04403,0.17803,-0.04333,0.17689,-0.60716,1.43534,-0.57682,1.31152,-0.57682,1.31152,0.00000,0.00000,16,0.00025
5.8999,-0.05046,0.17865,-0.05046,0.17865,-0.04867,0.17746,-0.60716,1.43180,-0.57309,1.30757,-0.57309,1.30757,0.00000,0.00000,16,0.00030
6.0012,-0.05432,0.18052,-0.05432,0.18052,-0.05204,0.17933,-0.60634,1.42823,-0.56991,1.30270,-0.56991,1.30270,0.00000,0.00000,0,0.00038
6.1063,-0.05408,0.18395,-0.05408,0.18395,-0.05341,0.18197,-0.60528,1.42462,-0.56790,1.29724,-0.56790,1.29724,0.00000,0.00000,0,0.00195
6.2056,-0.05996,0.18596,-0.05996,0.18596,-0.05741,0.18502,-0.60416,1.42093,-0.56398,1.29142,-0.56398,1.29142,0.00000,0.00000,0,0.00025
6.3063,-0.05548,0.19018,-0.05548,0.19018,-0.05614,0.18896,-0.60303,1.41718,-0.56373,1.28491,-0.56373,1.28491,0.00000,0.00000,0,0.00038
6.4087,-0.06246,0.19470,-0.06246,0.19470,-0.05991,0.19302,-0.60186,1.41335,-0.55992,1.27824,-0.55992,1.27824,0.00000,0.00000,0,0.00031
6.5090,-0.06540,0.19706,-0.06540,0.19706,-0.06295,0.19647,-0.60063,1.40944,-0.55656,1.27192,-0.55656,1.27192,0.00000,0.00000,0,0.00026
6.6112,-0.06600,0.19866,-0.06600,0.19866,-0.06536,0.19785,-0.59934,1.40550,-0.55359,1.26700,-0.55359,1.26700,0.00000,0.00000,0,0.00027
6.7147,-0.07505,0.19847,-0.07505,0.19847,-0.07031,0.19859,-0.59798,1.40153,-0.54877,1.26252,-0.54877,1.26252,0.00000,0.00000,0,0.00051
6.8191,-0.08176,0.19987,-0.08176,0.19987,-0.07828,0.19960,-0.59648,1.39755,-0.54169,1.25783,-0.54169,1.25783,0.00000,0.00000,0,0.00215
6.9210,-0.09526,0.19252,-0.09526,0.19252,-0.08921,0.19569,-0.59478,1.39359,-0.53233,1.25661,-0.53233,1.25661,0.00000,0.00000,0,0.00254
7.0201,-0.14086,0.16095,-0.14086,0.16095,-0.12030,0.17599,-0.59268,1.38987,-0.50847,1.26668,-0.50847,1.26668,0.00000,0.00000,0,0.00026
7.1222,-0.16352,0.15037,-0.16352,0.15037,-0.15239,0.15635,-0.58985,1.38662,-0.48318,1.27717,-0.48318,1.27717,0.00000,0.00000,0,0.00025
7.2246,-0.16969,0.14554,-0.16969,0.14554,-0.16560,0.14780,-0.58663,1.38361,-0.47071,1.28015,-0.47071,1.28015,0.00000,0.00000,0,0.00024
7.3265,-0.17180,0.14116,-0.17180,0.14116,-0.17063,0.14382,-0.58325,1.38070,-0.46380,1.28002,-0.46380,1.28002,0.00000,0.00000,0,0.00036
7.4277,-0.17583,0.14127,-0.17583,0.14127,-0.17380,0.14102,-0.57980,1.37787,-0.45813,1.27915,-0.45813,1.27915,0.00000,0.00000,0,0.00026
7.5292,-0.17365,0.13729,-0.17365,0.13729,-0.17489,0.13815,-0.57630,1.37509,-0.45387,1.27838,-0.45387,1.27838,0.00000,0.00000,0,0.00023
7.6312,-0.17420,0.13654,-0.17420,0.13654,-0.17433,0.13650,-0.57280,1.37235,-0.45077,1.27680,-0.45077,1.27680,0.00000,0.00000,0,0.00027
7.7346,-0.17596,0.13608,-0.17596,0.13608,-0.17531,0.13667,-0.56931,1.36962,-0.44660,1.27395,-0.44660,1.27395,0.00000,0.00000,0,0.00158
7.8356,-0.17559,0.13024,-0.17559,0.13024,-0.17535,0.13267,-0.56581,1.36692,-0.44306,1.27405,-0.44306,1.27405,0.00000,0.00000,0,0.00029
7.9370,-0.17981,0.13395,-0.17981,0.13395,-0.17712,0.13310,-0.56229,1.36427,-0.43830,1.27110,-0.43830,1.27110,0.00000,0.00000,0,0.00033
8.0378,-0.18173,0.13420,-0.18173,0.13420,-0.18163,0.13343,-0.55868,1.36161,-0.43154,1.26821,-0.43154,1.26821,0.00000,0.00000,0,0.00032
8.1396,-0.18598,0.13243,-0.18598,0.13243,-0.18462,0.13287,-0.55501,1.35895,-0.42577,1.26594,-0.42577,1.26594,0.00000,0.00000,0,0.00108
8.2392,-0.18947,0.13258,-0.18947,0.13258,-0.18823,0.13215,-0.55127,1.35631,-0.41951,1.26380,-0.41951,1.26380,0.00000,0.00000,0,0.00028
8.3407,-0.19745,0.12562,-0.19745,0.12562,-0.19501,0.12759,-0.54743,1.35372,-0.41093,1.26441,-0.41093,1.26441,0.00000,0.00000,0,0.00025
8.4473,-0.20733,0.11692,-0.20733,0.11692,-0.20252,0.12119,-0.54345,1.35124,-0.40169,1.26640,-0.40169,1.26640,0.00000,0.00000,0,0.00025
8.5487,-0.21703,0.10758,-0.21703,0.10758,-0.21272,0.11214,-0.53928,1.34893,-0.39037,1.27043,-0.39037,1.27043,0.00000,0.00000,0,0.00028
8.6516,-0.22468,0.08915,-0.22468,0.08915,-0.22139,0.09931,-0.53491,1.34681,-0.37993,1.27729,-0.37993,1.27729,0.00000,0.00000,0,0.00028
8.7524,-0.25335,-0.00489,-0.25335,-0.00489,-0.24164,0.02628,-0.53029,1.34590,-0.36115,1.32751,-0.36115,1.32751,0.00000,0.00000,32,0.00029
8.8528,-0.25448,-0.00610,-0.25448,-0.00610,-0.24640,-0.00032,-0.52543,1.34590,-0.35295,1.34612,-0.35295,1.34612,0.00000,0.00000,32,0.00028
8.9540,-0.25679,-0.00910,-0.25679,-0.00910,-0.25254,-0.00753,-0.52043,1.34590,-0.34365,1.35117,-0.34365,1.35117,0.00000,0.00000,32,0.00030
9.0587,-0.26210,-0.01105,-0.26210,-0.01105,-0.25855,-0.00936,-0.51531,1.34590,-0.33433,1.35245,-0.33433,1.35245,0.00000,0.00000,32,0.00032
9.1614,-0.25842,-0.01174,-0.25842,-0.01174,-0.25890,-0.01178,-0.51012,1.34590,-0.32889,1.35415,-0.32889,1.35415,0.00000,0.00000,32,0.00037
9.2647,-0.26102,-0.01258,-0.26102,-0.01258,-0.26079,-0.01302,-0.50493,1.34590,-0.32238,1.35502,-0.32238,1.35502,0.00000,0.00000,32,0.00043
9.3651,-0.26702,-0.01671,-0.26702,-0.01671,-0.26399,-0.01440,-0.49968,1.34590,-0.31489,1.35598,-0.31489,1.35598,0.00000,0.00000,32,0.00026
9.4659,-0.26996,-0.01863,-0.26996,-0.01863,-0.26802,-0.01707,-0.49436,1.34590,-0.30674,1.35785,-0.30674,1.35785,0.00000,0.00000,32,0.00028
9.5683,-0.27235,-0.02029,-0.27235,-0.02029,-0.27196,-0.01913,-0.48894,1.34590,-0.29857,1.35929,-0.29857,1.35929,0.00000,0.00000,32,0.00133
9.6676,-0.28191,-0.02360,-0.28191,-0.02360,-0.27794,-0.02173,-0.48344,1.34590,-0.28888,1.36112,-0.28888,1.36112,0.00000,0.00000,32,0.00026
9.7687,-0.28063,-0.02679,-0.28063,-0.02679,-0.28069,-0.02533,-0.47784,1.34590,-0.28136,1.36363,-0.28136,1.36363,0.00000,0.00000,32,0.00028
9.8695,-0.28536,-0.03370,-0.28536,-0.03370,-0.28315,-0.03083,-0.47220,1.34590,-0.27399,1.36749,-0.27399,1.36749,0.00000,0.00000,32,0.00031
9.9708,-0.28566,-0.03909,-0.28566,-0.03909,-0.28448,-0.03641,-0.46653,1.34590,-0.26739,1.37139,-0.26739,1.37139,0.00000,0.00000,32,0.00034
10.0762,-0.25270,-0.02236,-0.25270,-0.02236,-0.27087,-0.03195,-0.46091,1.34590,-0.27131,1.36827,-0.27131,1.36827,0.00000,0.00000,32,0.00038
10.1764,-0.23990,-0.01761,-0.23990,-0.01761,-0.24949,-0.01992,-0.45577,1.34590,-0.28113,1.35985,-0.28113,1.35985,0.00000,0.00000,32,0.00027
10.2794,-0.24563,-0.02080,-0.24563,-0.02080,-0.24532,-0.02032,-0.45084,1.34590,-0.27912,1.36012,-0.27912,1.36012,0.00000,0.00000,32,0.00025
10.3813,-0.24768,-0.02228,-0.24768,-0.02228,-0.24651,-0.02139,-0.44592,1.34590,-0.27337,1.36088,-0.27337,1.36088,0.00000,0.00000,32,0.00106
10.4834,-0.24182,-0.02306,-0.24182,-0.02306,-0.24293,-0.02215,-0.44104,1.34590,-0.27098,1.36140,-0.27098,1.36140,0.00000,0.00000,32,0.00034
10.5850,-0.24514,-0.02613,-0.24514,-0.02613,-0.24385,-0.02403,-0.43617,1.34590,-0.26547,1.36272,-0.26547,1.36272,0.00000,0.00000,32,0.00042
10.6875,-0.23941,-0.02922,-0.23941,-0.02922,-0.24118,-0.02802,-0.43132,1.34590,-0.26250,1.36551,-0.26250,1.36551,0.00000,0.00000,32,0.00032
10.7890,-0.24211,-0.03364,-0.24211,-0.03364,-0.24184,-0.03165,-0.42649,1.34590,-0.25720,1.36805,-0.25720,1.36805,0.00000,0.00000,32,0.00030
10.8902,-0.24855,-0.08471,-0.24855,-0.08471,-0.24627,-0.06112,-0.42161,1.34635,-0.24922,1.38913,-0.24922,1.38913,0.00000,0.00000,0,0.00030
10.9917,-0.24795,-0.13116,-0.24795,-0.13116,-0.24732,-0.11489,-0.41668,1.34827,-0.24356,1.42869,-0.24356,1.42869,0.00000,0.00000,0,0.00034
11.0966,-0.25033,-0.13391,-0.25033,-0.13391,-0.24973,-0.13042,-0.41170,1.35080,-0.23689,1.44210,-0.23689,1.44210,0.00000,0.00000,0,0.00030
11.1973,-0.25189,-0.13490,-0.25189,-0.13490,-0.25177,-0.13414,-0.40668,1.35346,-0.23044,1.44736,-0.23044,1.44736,0.00000,0.00000,0,0.00040
11.2996,-0.24859,-0.13339,-0.24859,-0.13339,-0.24978,-0.13389,-0.40166,1.35615,-0.22681,1.44988,-0.22681,1.44988,0.00000,0.00000,0,0.00092
11.3992,-0.24757,-0.13172,-0.24757,-0.13172,-0.24838,-0.13222,-0.39668,1.35880,-0.22281,1.45136,-0.22281,1.45136,0.00000,0.00000,0,0.00026
11.5030,-0.25003,-0.13581,-0.25003,-0.13581,-0.24941,-0.13417,-0.39170,1.36147,-0.21711,1.45539,-0.21711,1.45539,0.00000,0.00000,0,0.00025
11.6046,-0.25600,-0.13903,-0.25600,-0.13903,-0.25324,-0.13792,-0.38667,1.36420,-0.20941,1.46074,-0.20941,1.46074,0.00000,0.00000,0,0.00027
11.7064,-0.25716,-0.14155,-0.25716,-0.14155,-0.25610,-0.14122,-0.38157,1.36701,-0.20230,1.46586,-0.20230,1.46586,0.00000,0.00000,0,0.00031
11.8083,-0.25664,-0.13940,-0.25664,-0.13940,-0.25690,-0.13997,-0.37643,1.36982,-0.19660,1.46780,-0.19660,1.46780,0.00000,0.00000,0,0.00027
11.9092,-0.25839,-0.13669,-0.25839,-0.13669,-0.25742,-0.13770,-0.37129,1.37259,-0.19110,1.46898,-0.19110,1.46898,0.00000,0.00000,0,0.00026
12.0108,-0.25662,-0.13660,-0.25662,-0.13660,-0.25702,-0.13671,-0.36614,1.37533,-0.18623,1.47103,-0.18623,1.47103,0.00000,0.00000,0,0.00028
12.1139,-0.25530,-0.13796,-0.25530,-0.13796,-0.25519,-0.13726,-0.36103,1.37807,-0.18240,1.47415,-0.18240,1.47415,0.00000,0.00000,0,0.00030
12.2160,-0.25225,-0.13835,-0.25225,-0.13835,-0.25355,-0.13808,-0.35594,1.38083,-0.17845,1.47748,-0.17845,1.47748,0.00000,0.00000,0,0.00199
12.3150,-0.25086,-0.13814,-0.25086,-0.13814,-0.25140,-0.13784,-0.35089,1.38359,-0.17491,1.48007,-0.17491,1.48007,0.00000,0.00000,0,0.00028
12.4174,-0.24881,-0.14186,-0.24881,-0.14186,-0.25051,-0.14009,-0.34587,1.38637,-0.17051,1.48443,-0.17051,1.48443,0.00000,0.00000,0,0.00027
12.5190,-0.24859,-0.14658,-0.24859,-0.14658,-0.24950,-0.14428,-0.34087,1.38922,-0.16622,1.49022,-0.16622,1.49022,0.00000,0.00000,0,0.00029
12.6200,-0.24866,-0.15014,-0.24866,-0.15014,-0.24829,-0.14784,-0.33589,1.39215,-0.16209,1.49564,-0.16209,1.49564,0.00000,0.00000,0,0.00029
12.7244,-0.24548,-0.15227,-0.24548,-0.15227,-0.24793,-0.15144,-0.33092,1.39515,-0.15737,1.50116,-0.15737,1.50116,0.00000,0.00000,0,0.00029
12.8259,-0.24241,-0.15075,-0.24241,-0.15075,-0.24360,-0.15092,-0.32602,1.39818,-0.15549,1.50382,-0.15549,1.50382,0.00000,0.00000,0,0.00025
12.9273,-0.23424,-0.14985,-0.23424,-0.14985,-0.23818,-0.15090,-0.32121,1.40120,-0.15448,1.50683,-0.15448,1.50683,0.00000,0.00000,0,0.00030
13.0287,-0.23481,-0.15163,-0.23481,-0.15163,-0.23590,-0.15160,-0.31647,1.40423,-0.15134,1.51035,-0.15134,1.51035,0.00000,0.00000,0,0.00027
13.1299,-0.23631,-0.15514,-0.23631,-0.15514,-0.23446,-0.15261,-0.31178,1.40726,-0.14766,1.51409,-0.14766,1.51409,0.00000,0.00000,0,0.00041
13.2312,-0.23766,-0.15592,-0.23766,-0.15592,-0.23735,-0.15491,-0.30705,1.41034,-0.14090,1.51878,-0.14090,1.51878,0.00000,0.00000,0,0.00093
13.3325,-0.24011,-0.15474,-0.24011,-0.15474,-0.23799,-0.15523,-0.30230,1.41345,-0.13570,1.52211,-0.13570,1.52211,0.00000,0.00000,0,0.00031
13.4338,-0.23537,-0.15701,-0.23537,-0.15701,-0.23689,-0.15675,-0.29755,1.41657,-0.13173,1.52630,-0.13173,1.52630,0.00000,0.00000,0,0.00031
13.5348,-0.23951,-0.15940,-0.23951,-0.15940,-0.23891,-0.15850,-0.29278,1.41973,-0.12554,1.53068,-0.12554,1.53068,0.00000,0.00000,0,0.00040
13.6365,-0.23928,-0.16058,-0.23928,-0.16058,-0.23920,-0.15996,-0.28800,1.42291,-0.12056,1.53489,-0.12056,1.53489,0.00000,0.00000,0,0.00033
13.7391,-0.23261,-0.15967,-0.23261,-0.15967,-0.23614,-0.16021,-0.28324,1.42612,-0.11794,1.53826,-0.11794,1.53826,0.00000,0.00000,0,0.00029
13.8403,-0.23447,-0.15933,-0.23447,-0.15933,-0.23405,-0.15968,-0.27854,1.42931,-0.11471,1.54109,-0.11471,1.54109,0.00000,0.00000,0,0.00034
13.9419,-0.22815,-0.15995,-0.22815,-0.15995,-0.23108,-0.15941,-0.27389,1.43250,-0.11214,1.54409,-0.11214,1.54409,0.00000,0.00000,0,0.00029
14.0426,-0.23332,-0.15993,-0.23332,-0.15993,-0.23094,-0.15987,-0.26929,1.43569,-0.10763,1.54760,-0.10763,1.54760,0.00000,0.00000,0,0.00028
14.1485,-0.22749,-0.16004,-0.22749,-0.16004,-0.22972,-0.15936,-0.26468,1.43888,-0.10388,1.55043,-0.10388,1.55043,0.00000,0.00000,0,0.00069
14.2492,-0.22959,-0.16184,-0.22959,-0.16184,-0.22904,-0.16126,-0.26009,1.44209,-0.09976,1.55497,-0.09976,1.55497,0.00000,0.00000,0,0.00027
14.3538,-0.22367,-0.16676,-0.22367,-0.16676,-0.22543,-0.16435,-0.25556,1.44535,-0.09775,1.56039,-0.09775,1.56039,0.00000,0.00000,0,0.00096
14.4536,-0.21845,-0.16811,-0.21845,-0.16811,-0.22211,-0.16719,-0.25107,1.44867,-0.09560,1.56570,-0.09560,1.56570,0.00000,0.00000,0,0.00027
14.5541,-0.21802,-0.17132,-0.21802,-0.17132,-0.21834,-0.16934,-0.24669,1.45204,-0.09385,1.57057,-0.09385,1.57057,0.00000,0.00000,0,0.00026
14.6577,-0.21375,-0.17353,-0.21375,-0.17353,-0.21629,-0.17196,-0.24235,1.45545,-0.09095,1.57583,-0.09095,1.57583,0.00000,0.00000,0,0.00030
14.7607,-0.21176,-0.17824,-0.21176,-0.17824,-0.21271,-0.17612,-0.23806,1.45894,-0.08916,1.58222,-0.08916,1.58222,0.00000,0.00000,0,0.00031
14.8614,-0.21028,-0.18315,-0.21028,-0.18315,-0.21129,-0.18115,-0.23383,1.46252,-0.08592,1.58933,-0.08592,1.58933,0.00000,0.00000,0,0.00028
14.9642,-0.21198,-0.18579,-0.21198,-0.18579,-0.21169,-0.18463,-0.22959,1.46619,-0.08140,1.59543,-0.08140,1.59543,0.00000,0.00000,0,0.00026
15.0656,-0.20502,-0.19337,-0.20502,-0.19337,-0.20786,-0.19075,-0.22539,1.46995,-0.07989,1.60348,-0.07989,1.60348,0.00000,0.00000,0,0.00097
15.1670,-0.20125,-0.19284,-0.20125,-0.19284,-0.20265,-0.19245,-0.22129,1.47380,-0.07944,1.60851,-0.07944,1.60851,0.00000,0.00000,0,0.00027
15.2722,-0.19457,-0.19503,-0.19457,-0.19503,-0.19671,-0.19381,-0.21731,1.47766,-0.07961,1.61333,-0.07961,1.61333,0.00000,0.00000,0,0.00233
15.3757,-0.19466,-0.19557,-0.19466,-0.19557,-0.19548,-0.19538,-0.21339,1.48156,-0.07656,1.61833,-0.07656,1.61833,0.00000,0.00000,0,0.00124
15.4763,-0.19376,-0.19465,-0.19376,-0.19465,-0.19468,-0.19496,-0.20949,1.48547,-0.07321,1.62194,-0.07321,1.62194,0.00000,0.00000,0,0.00033
15.5771,-0.18893,-0.19582,-0.18893,-0.19582,-0.19134,-0.19552,-0.20563,1.48937,-0.07170,1.62623,-0.07170,1.62623,0.00000,0.00000,0,0.00027
15.6798,-0.18193,-0.19679,-0.18193,-0.19679,-0.18394,-0.19691,-0.20190,1.49331,-0.07314,1.63114,-0.07314,1.63114,0.00000,0.00000,0,0.00108
15.7799,-0.17482,-0.19895,-0.17482,-0.19895,-0.17755,-0.19810,-0.19830,1.49725,-0.07402,1.63592,-0.07402,1.63592,0.00000,0.00000,0,0.00032
15.8838,-0.17252,-0.19812,-0.17252,-0.19812,-0.17386,-0.19886,-0.19480,1.50124,-0.07309,1.64044,-0.07309,1.64044,0.00000,0.00000,0,0.00033
15.9850,-0.16944,-0.19979,-0.16944,-0.19979,-0.17065,-0.19910,-0.19136,1.50521,-0.07191,1.64458,-0.07191,1.64458,0.00000,0.00000,0,0.00033
16.0872,-0.17215,-0.20336,-0.17215,-0.20336,-0.17133,-0.20153,-0.18795,1.50922,-0.06802,1.65029,-0.06802,1.65029,0.00000,0.00000,0,0.00038
16.1894,-0.16774,-0.20275,-0.16774,-0.20275,-0.16911,-0.20261,-0.18454,1.51327,-0.06617,1.65509,-0.06617,1.65509,0.00000,0.00000,0,0.00028
16.2926,-0.16619,-0.20456,-0.16619,-0.20456,-0.16627,-0.20372,-0.18120,1.51733,-0.06481,1.65994,-0.06481,1.65994,0.00000,0.00000,0,0.00140
16.3939,-0.15913,-0.20427,-0.15913,-0.20427,-0.16154,-0.20420,-0.17793,1.52141,-0.06485,1.66435,-0.06485,1.66435,0.00000,0.00000,0,0.00030
16.4947,-0.15998,-0.20575,-0.15998,-0.20575,-0.16076,-0.20616,-0.17470,1.52553,-0.06217,1.66984,-0.06217,1.66984,0.00000,0.00000,0,0.00027
16.5981,-0.15803,-0.20620,-0.15803,-0.20620,-0.15886,-0.20622,-0.17151,1.52965,-0.06031,1.67401,-0.06031,1.67401,0.00000,0.00000,0,0.00161
16.6990,-0.16257,-0.20970,-0.16257,-0.20970,-0.16096,-0.20805,-0.16832,1.53380,-0.05565,1.67943,-0.05565,1.67943,0.00000,0.00000,0,0.00036
16.7995,-0.16570,-0.20942,-0.16570,-0.20942,-0.16389,-0.20976,-0.16507,1.53799,-0.05034,1.68482,-0.05034,1.68482,0.00000,0.00000,0,0.00028
16.9011,-0.16206,-0.21118,-0.16206,-0.21118,-0.16442,-0.21079,-0.16177,1.54219,-0.04667,1.68975,-0.04667,1.68975,0.00000,0.00000,0,0.00031
17.0052,-0.15943,-0.21452,-0.15943,-0.21452,-0.16067,-0.21315,-0.15852,1.54643,-0.04605,1.69563,-0.04605,1.69563,0.00000,0.00000,0,0.00232
17.1041,-0.15480,-0.21592,-0.15480,-0.21592,-0.15640,-0.21557,-0.15536,1.55073,-0.04588,1.70162,-0.04588,1.70162,0.00000,0.00000,0,0.00027
17.2049,-0.15662,-0.22155,-0.15662,-0.22155,-0.15626,-0.21919,-0.15224,1.55508,-0.04286,1.70851,-0.04286,1.70851,0.00000,0.00000,0,0.00037
17.3063,-0.15219,-0.22201,-0.15219,-0.22201,-0.15300,-0.22124,-0.14916,1.55949,-0.04206,1.71435,-0.04206,1.71435,0.00000,0.00000,0,0.00027
17.4079,-0.15058,-0.22426,-0.15058,-0.22426,-0.15192,-0.22353,-0.14611,1.56394,-0.03977,1.72041,-0.03977,1.72041,0.00000,0.00000,0,0.00134
17.5082,-0.14992,-0.22588,-0.14992,-0.22588,-0.15084,-0.22545,-0.14308,1.56843,-0.03749,1.72625,-0.03749,1.72625,0.00000,0.00000,0,0.00025
17.6112,-0.14459,-0.22866,-0.14459,-0.22866,-0.14692,-0.22742,-0.14011,1.57296,-0.03726,1.73215,-0.03726,1.73215,0.00000,0.00000,0,0.00029
17.7138,-0.14359,-0.22600,-0.14359,-0.22600,-0.14405,-0.22713,-0.13721,1.57751,-0.03638,1.73650,-0.03638,1.73650,0.00000,0.00000,0,0.00034
17.8165,-0.14088,-0.23243,-0.14088,-0.23243,-0.14148,-0.23008,-0.13437,1.58208,-0.03533,1.74313,-0.03533,1.74313,0.00000,0.00000,0,0.00037
17.9175,-0.13595,-0.23642,-0.13595,-0.23642,-0.13868,-0.23449,-0.13156,1.58673,-0.03449,1.75088,-0.03449,1.75088,0.00000,0.00000,0,0.00027
18.0191,-0.13288,-0.24179,-0.13288,-0.24179,-0.13453,-0.23909,-0.12884,1.59148,-0.03467,1.75884,-0.03467,1.75884,0.00000,0.00000,0,0.00031
18.1209,-0.12621,-0.24850,-0.12621,-0.24850,-0.13067,-0.24569,-0.12618,1.59634,-0.03471,1.76832,-0.03471,1.76832,0.00000,0.00000,0,0.00030
18.2224,-0.12207,-0.25360,-0.12207,-0.25360,-0.12434,-0.25133,-0.12364,1.60132,-0.03660,1.77725,-0.03660,1.77725,0.00000,0.00000,0,0.00029
18.3244,-0.11779,-0.26262,-0.11779,-0.26262,-0.11978,-0.25823,-0.12121,1.60642,-0.03736,1.78718,-0.03736,1.78718,0.00000,0.00000,0,0.00026
18.4252,-0.11353,-0.26747,-0.11353,-0.26747,-0.11612,-0.26546,-0.11885,1.61168,-0.03756,1.79750,-0.03756,1.79750,0.00000,0.00000,0,0.00029
18.5268,-0.11146,-0.27321,-0.11146,-0.27321,-0.11239,-0.27137,-0.11658,1.61707,-0.03790,1.80703,-0.03790,1.80703,0.00000,0.00000,0,0.00027
18.6286,-0.10630,-0.28023,-0.10630,-0.28023,-0.10925,-0.27743,-0.11436,1.62256,-0.03788,1.81677,-0.03788,1.81677,0.00000,0.00000,0,0.00028
18.7299,-0.10382,-0.28505,-0.10382,-0.28505,-0.10545,-0.28309,-0.11222,1.62819,-0.03841,1.82635,-0.03841,1.82635,0.00000,0.00000,0,0.00029
18.8322,-0.10067,-0.28862,-0.10067,-0.28862,-0.10170,-0.28694,-0.11017,1.63389,-0.03898,1.83475,-0.03898,1.83475,0.00000,0.00000,0,0.00038
18.9338,-0.09832,-0.29630,-0.09832,-0.29630,-0.09878,-0.29350,-0.10817,1.63971,-0.03903,1.84516,-0.03903,1.84516,0.00000,0.00000,0,0.00034
19.0346,-0.09275,-0.30138,-0.09275,-0.30138,-0.09475,-0.29929,-0.10624,1.64565,-0.03992,1.85516,-0.03992,1.85516,0.00000,0.00000,0,0.00040
19.1351,-0.08732,-0.30477,-0.08732,-0.30477,-0.08916,-0.30267,-0.10443,1.65167,-0.04202,1.86354,-0.04202,1.86354,0.00000,0.00000,0,0.00053
19.2369,-0.08637,-0.31194,-0.08637,-0.31194,-0.08651,-0.30782,-0.10268,1.65778,-0.04212,1.87325,-0.04212,1.87325,0.00000,0.00000,0,0.00029
19.3387,-0.08080,-0.31863,-0.08080,-0.31863,-0.08279,-0.31501,-0.10099,1.66402,-0.04303,1.88452,-0.04303,1.88452,0.00000,0.00000,0,0.00031
19.4410,-0.07417,-0.32672,-0.07417,-0.32672,-0.07694,-0.32193,-0.09940,1.67039,-0.04554,1.89574,-0.04554,1.89574,0.00000,0.00000,0,0.00110
19.5408,-0.06506,-0.32892,-0.06506,-0.32892,-0.06983,-0.32692,-0.09794,1.67689,-0.04905,1.90573,-0.04905,1.90573,0.00000,0.00000,0,0.00027
19.6426,-0.05857,-0.33488,-0.05857,-0.33488,-0.06248,-0.33200,-0.09663,1.68349,-0.05290,1.91589,-0.05290,1.91589,0.00000,0.00000,0,0.00025
19.7438,-0.05930,-0.34338,-0.05930,-0.34338,-0.05972,-0.33995,-0.09542,1.69022,-0.05361,1.92819,-0.05361,1.92819,0.00000,0.00000,0,0.00029
19.8442,-0.05392,-0.34686,-0.05392,-0.34686,-0.05484,-0.34482,-0.09428,1.69708,-0.05590,1.93846,-0.05590,1.93846,0.00000,0.00000,0,0.00029
19.9448,-0.04664,-0.35031,-0.04664,-0.35031,-0.04961,-0.34845,-0.09345,1.70403,-0.05872,1.94794,-0.05872,1.94794,0.00000,0.00000,16,0.00038
20.0466,-0.03808,-0.35203,-0.03808,-0.35203,-0.04169,-0.35121,-0.09345,1.71103,-0.06427,1.95688,-0.06427,1.95688,0.00000,0.00000,16,0.00029
20.1486,-0.03018,-0.35231,-0.03018,-0.35231,-0.03350,-0.35214,-0.09345,1.71807,-0.07000,1.96457,-0.07000,1.96457,0.00000,0.00000,16,0.00028
20.2500,-0.02008,-0.35437,-0.02008,-0.35437,-0.02507,-0.35388,-0.09345,1.72513,-0.07590,1.97285,-0.07590,1.97285,0.00000,0.00000,16,0.00027
20.3521,-0.00983,-0.35581,-0.00983,-0.35581,-0.01291,-0.35465,-0.09345,1.73221,-0.08441,1.98047,-0.08441,1.98047,0.00000,0.00000,16,0.00026
20.4537,0.00013,-0.35686,0.00013,-0.35686,-0.00459,-0.35650,-0.09345,1.73933,-0.09024,1.98888,-0.09024,1.98888,0.00000,0.00000,16,0.00026
20.5573,0.00476,-0.35980,0.00476,-0.35980,0.00241,-0.35820,-0.09345,1.74648,-0.09514,1.99722,-0.09514,1.99722,0.00000,0.00000,16,0.00124
20.6601,0.01759,-0.36625,0.01759,-0.36625,0.01113,-0.36328,-0.09345,1.75370,-0.10124,2.00800,-0.10124,2.00800,0.00000,0.00000,16,0.00031
20.7610,0.02610,-0.37429,0.02610,-0.37429,0.02124,-0.37067,-0.09345,1.76105,-0.10832,2.02051,-0.10832,2.02051,0.00000,0.00000,16,0.00040
20.8619,0.04708,-0.38305,0.04708,-0.38305,0.03748,-0.37884,-0.09345,1.76856,-0.11968,2.03374,-0.11968,2.03374,0.00000,0.00000,16,0.00028
20.9659,0.06354,-0.39647,0.06354,-0.39647,0.05553,-0.39042,-0.09388,1.77627,-0.13275,2.04956,-0.13275,2.04956,0.00000,0.00000,0,0.00101
21.0662,0.08224,-0.40611,0.08224,-0.40611,0.07491,-0.40122,-0.09523,1.78420,-0.14767,2.06506,-0.14767,2.06506,0.00000,0.00000,0,0.00031
21.1677,0.10113,-0.41528,0.10113,-0.41528,0.09304,-0.41107,-0.09695,1.79235,-0.16208,2.08010,-0.16208,2.08010,0.00000,0.00000,0,0.00026
21.2689,0.11043,-0.42199,0.11043,-0.42199,0.10633,-0.41834,-0.09899,1.80066,-0.17341,2.09350,-0.17341,2.09350,0.00000,0.00000,0,0.00075
21.3690,0.11960,-0.42399,0.11960,-0.42399,0.11511,-0.42285,-0.10122,1.80909,-0.18180,2.10508,-0.18180,2.10508,0.00000,0.00000,0,0.00023
21.4707,0.12494,-0.42585,0.12494,-0.42585,0.12173,-0.42452,-0.10360,1.81756,-0.18881,2.11473,-0.18881,2.11473,0.00000,0.00000,0,0.00032
21.5721,0.13467,-0.42696,0.13467,-0.42696,0.13026,-0.42648,-0.10614,1.82608,-0.19731,2.12461,-0.19731,2.12461,0.00000,0.00000,0,0.00030
21.6735,0.14159,-0.42562,0.14159,-0.42562,0.13675,-0.42600,-0.10881,1.83461,-0.20453,2.13280,-0.20453,2.13280,0.00000,0.00000,0,0.00029
21.7746,0.18097,-0.41277,0.18097,-0.41277,0.16364,-0.41792,-0.11181,1.84305,-0.22636,2.13559,-0.22636,2.13559,0.00000,0.00000,0,0.00027
21.8761,0.26861,-0.38766,0.26861,-0.38766,0.24009,-0.39426,-0.11601,1.85108,-0.28407,2.12706,-0.28407,2.12706,0.00000,0.00000,0,0.00028
21.9773,0.28749,-0.36699,0.28749,-0.36699,0.27339,-0.37476,-0.12126,1.85871,-0.31263,2.12104,-0.31263,2.12104,0.00000,0.00000,0,0.00028
22.0824,0.29626,-0.34912,0.29626,-0.34912,0.28930,-0.35631,-0.12691,1.86596,-0.32942,2.11538,-0.32942,2.11538,0.00000,0.00000,0,0.00037
22.1861,0.30520,-0.34441,0.30520,-0.34441,0.30030,-0.34728,-0.13283,1.87298,-0.34304,2.11608,-0.34304,2.11608,0.00000,0.00000,0,0.00205
22.2849,0.30922,-0.33851,0.30922,-0.33851,0.30680,-0.34069,-0.13892,1.87983,-0.35368,2.11831,-0.35368,2.11831,0.00000,0.00000,0,0.00048
22.3866,0.30988,-0.33556,0.30988,-0.33556,0.30895,-0.33686,-0.14508,1.88660,-0.36135,2.12240,-0.36135,2.12240,0.00000,0.00000,0,0.00054
22.4880,0.30774,-0.33584,0.30774,-0.33584,0.30785,-0.33626,-0.15125,1.89332,-0.36675,2.12870,-0.36675,2.12870,0.00000,0.00000,0,0.00031
22.5900,0.31481,-0.33173,0.31481,-0.33173,0.31164,-0.33365,-0.15744,1.90002,-0.37559,2.13358,-0.37559,2.13358,0.00000,0.00000,0,0.00029
22.6920,0.31952,-0.32591,0.31952,-0.32591,0.31656,-0.32819,-0.16372,1.90663,-0.38532,2.13636,-0.38532,2.13636,0.00000,0.00000,0,0.00039
22.7930,0.32518,-0.32154,0.32518,-0.32154,0.32201,-0.32381,-0.17012,1.91314,-0.39553,2.13980,-0.39553,2.13980,0.00000,0.00000,0,0.00030
22.8941,0.34605,-0.30736,0.34605,-0.30736,0.33521,-0.31430,-0.17669,1.91952,-0.41134,2.13953,-0.41134,2.13953,0.00000,0.00000,0,0.00025
22.9970,0.38589,-0.27783,0.38589,-0.27783,0.37285,-0.28703,-0.18385,1.92549,-0.44484,2.12641,-0.44484,2.12641,0.00000,0.00000,0,0.00289
23.0959,0.38677,-0.27276,0.38677,-0.27276,0.38539,-0.27652,-0.19150,1.93109,-0.46127,2.12465,-0.46127,2.12465,0.00000,0.00000,0,0.00029
23.1971,0.38982,-0.26795,0.38982,-0.26795,0.38830,-0.26957,-0.19925,1.93652,-0.47106,2.12522,-0.47106,2.12522,0.00000,0.00000,0,0.00026
23.2999,0.38877,-0.26253,0.38877,-0.26253,0.38950,-0.26498,-0.20704,1.94186,-0.47969,2.12734,-0.47969,2.12734,0.00000,0.00000,0,0.00095
23.3996,0.39218,-0.25065,0.39218,-0.25065,0.39094,-0.25562,-0.21484,1.94706,-0.48850,2.12599,-0.48850,2.12599,0.00000,0.00000,0,0.00026
23.5026,0.39285,-0.23485,0.39285,-0.23485,0.39337,-0.24190,-0.22270,1.95201,-0.49806,2.12134,-0.49806,2.12134,0.00000,0.00000,0,0.00026
23.6049,0.39845,-0.22341,0.39845,-0.22341,0.39625,-0.22914,-0.23059,1.95669,-0.50796,2.11709,-0.50796,2.11709,0.00000,0.00000,0,0.00037
23.7078,0.39680,-0.21213,0.39680,-0.21213,0.39682,-0.21781,-0.23853,1.96114,-0.51630,2.11361,-0.51630,2.11361,0.00000,0.00000,0,0.00099
23.8075,0.39412,-0.20336,0.39412,-0.20336,0.39516,-0.20844,-0.24644,1.96539,-0.52305,2.11130,-0.52305,2.11130,0.00000,0.00000,0,0.00034
23.9081,0.39891,-0.18726,0.39891,-0.18726,0.39755,-0.19581,-0.25437,1.96942,-0.53266,2.10648,-0.53266,2.10648,0.00000,0.00000,0,0.00023
24.0104,0.40368,-0.15491,0.40368,-0.15491,0.40173,-0.17094,-0.26237,1.97306,-0.54359,2.09272,-0.54359,2.09272,0.00000,0.00000,0,0.00025
24.1122,0.42180,-0.09396,0.42180,-0.09396,0.41461,-0.11772,-0.27054,1.97587,-0.56077,2.05827,-0.56077,2.05827,0.00000,0.00000,0,0.00033
24.2142,0.42012,-0.07747,0.42012,-0.07747,0.41753,-0.08668,-0.27887,1.97781,-0.57114,2.03848,-0.57114,2.03848,0.00000,0.00000,0,0.00026
24.3146,0.41324,-0.06689,0.41324,-0.06689,0.41476,-0.07244,-0.28720,1.97936,-0.57753,2.03007,-0.57753,2.03007,0.00000,0.00000,0,0.00027
24.4162,0.41514,-0.05559,0.41514,-0.05559,0.41430,-0.06085,-0.29549,1.98066,-0.58550,2.02325,-0.58550,2.02325,0.00000,0.00000,0,0.00027
24.5167,0.41825,-0.04620,0.41825,-0.04620,0.41577,-0.05115,-0.30378,1.98176,-0.59482,2.01757,-0.59482,2.01757,0.00000,0.00000,0,0.00029
24.6176,0.42124,-0.03800,0.42124,-0.03800,0.42060,-0.04133,-0.31216,1.98176,-0.60658,2.01070,-0.60658,2.01070,0.00000,0.00000,32,0.00032
24.7182,0.42074,-0.03498,0.42074,-0.03498,0.42051,-0.03713,-0.32058,1.98176,-0.61493,2.00776,-0.61493,2.00776,0.00000,0.00000,32,0.00030
24.8201,0.41671,-0.03238,0.41671,-0.03238,0.41913,-0.03394,-0.32897,1.98176,-0.62236,2.00552,-0.62236,2.00552,0.00000,0.00000,32,0.00085
24.9219,0.41756,-0.03074,0.41756,-0.03074,0.41747,-0.03128,-0.33735,1.98176,-0.62957,2.00366,-0.62957,2.00366,0.00000,0.00000,32,0.00032
25.0245,0.41390,-0.03158,0.41390,-0.03158,0.41530,-0.03088,-0.34567,1.98176,-0.63638,2.00338,-0.63638,2.00338,0.00000,0.00000,32,0.00027
25.1260,0.41799,-0.02743,0.41799,-0.02743,0.41684,-0.02885,-0.35400,1.98176,-0.64579,2.00196,-0.64579,2.00196,0.00000,0.00000,32,0.00024
25.2280,0.41225,-0.02712,0.41225,-0.02712,0.41435,-0.02729,-0.36230,1.98176,-0.65235,2.00086,-0.65235,2.00086,0.00000,0.00000,32,0.00026
25.3304,0.41398,-0.02361,0.41398,-0.02361,0.41408,-0.02498,-0.37059,1.98176,-0.66044,1.99925,-0.66044,1.99925,0.00000,0.00000,32,0.00036
25.4328,0.41803,-0.01987,0.41803,-0.01987,0.41636,-0.02122,-0.37889,1.98176,-0.67034,1.99662,-0.67034,1.99662,0.00000,0.00000,32,0.00042
25.5338,0.41294,-0.01452,0.41294,-0.01452,0.41535,-0.01657,-0.38722,1.98176,-0.67796,1.99336,-0.67796,1.99336,0.00000,0.00000,32,0.00030
25.6383,0.41997,-0.00178,0.41997,-0.00178,0.41731,-0.00716,-0.39554,1.98176,-0.68765,1.98677,-0.68765,1.98677,0.00000,0.00000,32,0.00029
25.7394,0.41620,-0.00018,0.41620,-0.00018,0.41806,-0.00128,-0.40390,1.98176,-0.69655,1.98266,-0.69655,1.98266,0.00000,0.00000,32,0.00027
25.8424,0.41685,0.00094,0.41685,0.00094,0.41615,0.00021,-0.41224,1.98176,-0.70355,1.98162,-0.70355,1.98162,0.00000,0.00000,32,0.00039
25.9435,0.41329,0.00364,0.41329,0.00364,0.41435,0.00197,-0.42054,1.98176,-0.71059,1.98038,-0.71059,1.98038,0.00000,0.00000,32,0.00025
26.0455,0.41181,0.02414,-0.58819,0.02414,-0.09635,0.01375,-0.43526,1.98176,-0.36782,1.97214,-0.36782,1.97214,1.00000,0.00000,32,0.00024
26.1467,0.40091,0.03198,-0.59909,0.03198,-0.51025,0.03021,-0.42728,1.98176,-0.07011,1.96062,-0.07011,1.96062,1.00000,0.00000,32,0.00029
26.2509,0.38501,0.00840,-0.61499,0.00840,-0.59386,0.01676,-0.41589,1.98176,-0.00019,1.97003,-0.00019,1.97003,1.00000,0.00000,32,0.00187
26.3499,0.36918,-0.01180,-0.63082,-0.01180,-0.62126,-0.00212,-0.40366,1.98176,0.03122,1.98324,0.03122,1.98324,1.00000,0.00000,32,0.00027
26.4528,0.35063,-0.05649,-0.64937,-0.05649,-0.64013,-0.03408,-0.39101,1.98176,0.05708,2.00562,0.05708,2.00562,1.00000,0.00000,32,0.00030
26.5541,0.31571,-0.16511,-0.68429,-0.16511,-0.67645,-0.13766,-0.37778,1.98380,0.09573,2.08016,0.09573,2.08016,1.00000,0.00000,0,0.00025
26.6552,0.29116,-0.18873,-0.70884,-0.18873,-0.69421,-0.17578,-0.36411,1.98704,0.12183,2.11009,0.12183,2.11009,1.00000,0.00000,0,0.00029
26.7557,0.28186,-0.21115,-0.71814,-0.21115,-0.71012,-0.20097,-0.35004,1.99086,0.14705,2.13154,0.14705,2.13154,1.00000,0.00000,0,0.00026
26.8564,0.27757,-0.22934,-0.72243,-0.22934,-0.71923,-0.21954,-0.33571,1.99510,0.16775,2.14879,0.16775,2.14879,1.00000,0.00000,0,0.00037
26.9578,0.27678,-0.24236,-0.72322,-0.24236,-0.72166,-0.23521,-0.32130,1.99969,0.18386,2.16433,0.18386,2.16433,1.00000,0.00000,0,0.00031
27.0591,0.27624,-0.26081,-0.72376,-0.26081,-0.72365,-0.25281,-0.30684,2.00461,0.19972,2.18157,0.19972,2.18157,1.00000,0.00000,0,0.00029
27.1601,0.27466,-0.28211,-0.72534,-0.28211,-0.72367,-0.27040,-0.29237,2.00985,0.21420,2.19913,0.21420,2.19913,1.00000,0.00000,0,0.00028
27.2617,0.28063,-0.41931,-0.71937,-0.41931,-0.72596,-0.35534,-0.27784,2.01604,0.23033,2.26477,0.23033,2.26477,1.00000,0.00000,0,0.00046
27.3655,0.26285,-0.44120,-0.73715,-0.44120,-0.73211,-0.42205,-0.26330,2.02405,0.24918,2.31949,0.24918,2.31949,1.00000,0.00000,0,0.00031
27.4672,0.25929,-0.45670,-0.74071,-0.45670,-0.73756,-0.44663,-0.24862,2.03281,0.26768,2.34546,0.26768,2.34546,1.00000,0.00000,0,0.00037
27.5677,0.26231,-0.47438,-0.73769,-0.47438,-0.73764,-0.46515,-0.23386,2.04196,0.28249,2.36757,0.28249,2.36757,1.00000,0.00000,0,0.00030
27.6700,0.24027,-0.65026,-0.75973,-0.65026,-0.73888,-0.56068,-0.21918,2.05205,0.29804,2.44452,0.29804,2.44452,1.00000,0.00000,0,0.00032
27.7708,0.33898,-0.66896,-0.66102,-0.66896,-0.70295,-0.64471,-0.20456,2.06439,0.28751,2.51569,0.28751,2.51569,1.00000,0.00000,0,0.00029
27.8729,0.37341,-0.71335,-0.62659,-0.71335,-0.65026,-0.69582,-0.19116,2.07793,0.26403,2.56500,0.26403,2.56500,1.00000,0.00000,0,0.00028
27.9754,0.39510,-0.72134,-0.60490,-0.72134,-0.62079,-0.71503,-0.17853,2.09210,0.25602,2.59262,0.25602,2.59262,1.00000,0.00000,0,0.00029
28.0766,0.40195,-0.73050,-0.59805,-0.73050,-0.60409,-0.72587,-0.16635,2.10652,0.25651,2.61464,0.25651,2.61464,1.00000,0.00000,0,0.00027
28.1778,0.40856,-0.73673,-0.59144,-0.73673,-0.59625,-0.73338,-0.15437,2.12113,0.26300,2.63450,0.26300,2.63450,1.00000,0.00000,0,0.00028
28.2790,0.41790,-0.73739,-0.58210,-0.73739,-0.58720,-0.73711,-0.14255,2.13585,0.26850,2.65183,0.26850,2.65183,1.00000,0.00000,0,0.00027
28.3796,0.43235,-0.74111,-0.56765,-0.74111,-0.57409,-0.73914,-0.13095,2.15061,0.27091,2.66801,0.27091,2.66801,1.00000,0.00000,0,0.00025
28.4805,0.43749,-0.74670,-0.56251,-0.74670,-0.56558,-0.74414,-0.11958,2.16545,0.27633,2.68635,0.27633,2.68635,1.00000,0.00000,0,0.00027
28.5856,0.44860,-0.75184,-0.55140,-0.75184,-0.55614,-0.74938,-0.10837,2.18040,0.28093,2.70496,0.28093,2.70496,1.00000,0.00000,0,0.00153
28.6849,0.47156,-0.76411,-0.52844,-0.76411,-0.53854,-0.75970,-0.09745,2.19551,0.27953,2.72730,0.27953,2.72730,1.00000,0.00000,0,0.00041
28.7870,0.53835,-0.81019,-0.46165,-0.81019,-0.49460,-0.78689,-0.08711,2.21097,0.25911,2.76179,0.25911,2.76179,1.00000,0.00000,0,0.00029
28.8876,0.70754,-0.81400,-0.29246,-0.81400,-0.36485,-0.81742,-0.07860,2.22721,0.17679,2.79940,0.17679,2.79940,1.00000,0.00000,0,0.00033
28.9892,0.74327,-0.80785,-0.25673,-0.80785,-0.28137,-0.80718,-0.07246,2.24338,0.12450,2.80841,0.12450,2.80841,1.00000,0.00000,0,0.00040
29.0909,0.76196,-0.80544,0.76196,-0.80544,0.40707,-0.80629,-0.06041,2.25951,-0.34536,2.82391,-0.34536,2.82391,0.00000,0.00000,0,0.00036
29.1913,0.93563,-0.54192,0.93563,-0.54192,0.80382,-0.67251,-0.07391,2.27447,-0.63658,2.74523,-0.63658,2.74523,0.00000,0.00000,0,0.00034
29.2956,1.06644,-0.36874,1.06644,-0.36874,1.01352,-0.44517,-0.09282,2.28501,-0.80228,2.59662,-0.80228,2.59662,0.00000,0.00000,0,0.00068
29.3966,1.09387,-0.21267,1.09387,-0.21267,1.07279,-0.30044,-0.11386,2.29232,-0.86481,2.50263,-0.86481,2.50263,0.00000,0.00000,0,0.00029
29.5020,1.16992,-0.10219,1.16992,-0.10219,1.14071,-0.15122,-0.13608,2.29643,-0.93458,2.40228,-0.93458,2.40228,0.00000,0.00000,0,0.00029
29.6024,1.17560,-0.05938,1.17560,-0.05938,1.16869,-0.08154,-0.15931,2.29852,-0.97739,2.35559,-0.97739,2.35559,0.00000,0.00000,0,0.00026
29.7031,1.17737,-0.03381,1.17737,-0.03381,1.17620,-0.04770,-0.18280,2.29952,-1.00614,2.33291,-1.00614,2.33291,0.00000,0.00000,32,0.00025
29.8043,1.17522,-0.02162,1.17522,-0.02162,1.17719,-0.02950,-0.20635,2.29952,-1.03039,2.32017,-1.03039,2.32017,0.00000,0.00000,32,0.00047
29.9073,1.17660,-0.00632,1.17660,-0.00632,1.17611,-0.01324,-0.22987,2.29952,-1.05315,2.30879,-1.05315,2.30879,0.00000,0.00000,32,0.00029
30.0088,1.14252,0.06832,1.14252,0.06832,1.15574,0.03451,-0.25319,2.29952,-1.06221,2.27536,-1.06221,2.27536,0.00000,0.00000,32,0.00028
30.1099,1.11864,0.13694,1.11864,0.13694,1.13432,0.09969,-0.27607,2.29827,-1.07009,2.22849,-1.07009,2.22849,0.00000,0.00000,0,0.00026
30.2117,1.01877,0.23289,1.01877,0.23289,1.04742,0.18952,-0.29767,2.29513,-1.03087,2.16247,-1.03087,2.16247,0.00000,0.00000,0,0.00034
30.3147,0.95081,0.28278,0.95081,0.28278,0.98976,0.24786,-0.31803,2.29065,-1.01086,2.11715,-1.01086,2.11715,0.00000,0.00000,0,0.00101
30.4154,0.89907,0.31916,0.89907,0.31916,0.92599,0.30465,-0.33703,2.28487,-0.98522,2.07161,-0.98522,2.07161,0.00000,0.00000,0,0.00033
30.5199,0.87011,0.31917,0.87011,0.31917,0.88494,0.31759,-0.35502,2.27857,-0.97448,2.05626,-0.97448,2.05626,0.00000,0.00000,0,0.00029
30.6217,0.84620,0.31671,0.84620,0.31671,0.85707,0.31711,-0.37236,2.27221,-0.97231,2.05023,-0.97231,2.05023,0.00000,0.00000,0,0.00038
30.7233,0.82658,0.31470,0.82658,0.31470,0.83610,0.31603,-0.38925,2.26588,-0.97452,2.04466,-0.97452,2.04466,0.00000,0.00000,0,0.00026
30.8252,0.81516,0.31090,0.81516,0.31090,0.82106,0.31218,-0.40578,2.25961,-0.98052,2.04108,-0.98052,2.04108,0.00000,0.00000,0,0.00036
30.9255,0.80212,0.30611,0.80212,0.30611,0.80776,0.30750,-0.42204,2.25342,-0.98747,2.03817,-0.98747,2.03817,0.00000,0.00000,0,0.00026
31.0284,0.79449,0.30207,0.79449,0.30207,0.79856,0.30426,-0.43807,2.24731,-0.99707,2.03433,-0.99707,2.03433,0.00000,0.00000,0,0.00027
31.1304,0.78734,0.30212,0.78734,0.30212,0.78953,0.30248,-0.45392,2.24125,-1.00660,2.02952,-1.00660,2.02952,0.00000,0.00000,0,0.00080
31.2304,0.77886,0.30066,0.77886,0.30066,0.78197,0.30111,-0.46963,2.23522,-1.01701,2.02444,-1.01701,2.02444,0.00000,0.00000,0,0.00033
31.3323,0.77251,0.30389,0.77251,0.30389,0.77639,0.30287,-0.48520,2.22918,-1.02868,2.01717,-1.02868,2.01717,0.00000,0.00000,0,0.00034
31.4333,0.75780,0.30356,0.75780,0.30356,0.76412,0.30316,-0.50059,2.22312,-1.03547,2.01091,-1.03547,2.01091,0.00000,0.00000,0,0.00031
31.5355,0.75035,0.30332,0.75035,0.30332,0.75441,0.30355,-0.51575,2.21705,-1.04383,2.00456,-1.04383,2.00456,0.00000,0.00000,0,0.00037
31.6403,0.74256,0.30053,0.74256,0.30053,0.74612,0.30163,-0.53074,2.21100,-1.05302,1.99986,-1.05302,1.99986,0.00000,0.00000,0,0.00030
31.7451,0.74024,0.30059,0.74024,0.30059,0.74268,0.30160,-0.54562,2.20496,-1.06549,1.99384,-1.06549,1.99384,0.00000,0.00000,0,0.00095
31.8455,0.73475,0.30065,0.73475,0.30065,0.73730,0.30073,-0.56041,2.19894,-1.07652,1.98842,-1.07652,1.98842,0.00000,0.00000,0,0.00026
31.9478,0.72461,0.30311,0.72461,0.30311,0.72947,0.30226,-0.57506,2.19291,-1.08569,1.98133,-1.08569,1.98133,0.00000,0.00000,0,0.00028
32.0488,0.71861,0.31141,0.71861,0.31141,0.72289,0.30762,-0.58958,2.18681,-1.09560,1.97148,-1.09560,1.97148,0.00000,0.00000,0,0.00026
32.1506,0.67911,0.30720,-0.32089,0.30720,-0.13328,0.31143,-0.60212,2.18058,-0.50882,1.96258,-0.50882,1.96258,1.00000,0.00000,0,0.00030
32.2510,0.60945,0.27190,-0.39055,0.27190,-0.33341,0.28591,-0.59670,2.17463,-0.36331,1.97449,-0.36331,1.97449,1.00000,0.00000,0,0.00028
32.3525,0.57544,0.24957,-0.42456,0.24957,-0.40209,0.26059,-0.58912,2.16923,-0.30765,1.98681,-0.30765,1.98681,1.00000,0.00000,0,0.00025
32.4536,0.55189,0.23726,-0.44811,0.23726,-0.43595,0.24325,-0.58063,2.16425,-0.27546,1.99397,-0.27546,1.99397,1.00000,0.00000,0,0.00024
32.5574,0.53923,0.22653,-0.46077,0.22653,-0.45407,0.23184,-0.57169,2.15952,-0.25384,1.99723,-0.25384,1.99723,1.00000,0.00000,0,0.00041
32.6579,0.52872,0.21874,-0.47128,0.21874,-0.46586,0.22297,-0.56247,2.15499,-0.23637,1.99891,-0.23637,1.99891,1.00000,0.00000,0,0.00029
32.7590,0.52634,0.14423,-0.47366,0.14423,-0.47588,0.18197,-0.55301,2.15085,-0.21989,2.02348,-0.21989,2.02348,1.00000,0.00000,0,0.00027
32.8603,0.50940,0.12934,-0.49060,0.12934,-0.48325,0.13856,-0.54345,2.14782,-0.20518,2.05083,-0.20518,2.05083,1.00000,0.00000,0,0.00043
32.9637,0.50254,0.08864,-0.49746,0.08864,-0.49069,0.10651,-0.53371,2.14542,-0.19022,2.07087,-0.19022,2.07087,1.00000,0.00000,0,0.00100
33.0634,0.47409,0.01863,-0.52591,0.01863,-0.51239,0.04663,-0.52367,2.14415,-0.16500,2.11151,-0.16500,2.11151,1.00000,0.00000,32,0.00027
33.1646,0.41394,-0.05739,-0.58606,-0.05739,-0.55955,-0.01499,-0.51288,2.14415,-0.12120,2.15464,-0.12120,2.15464,1.00000,0.00000,32,0.00026
33.2668,0.34784,-0.16950,-0.65216,-0.16950,-0.63099,-0.13747,-0.50083,2.14591,-0.05913,2.24215,-0.05913,2.24215,1.00000,0.00000,0,0.00028
33.3675,0.33659,-0.19412,-0.66341,-0.19412,-0.65348,-0.18147,-0.48795,2.14924,-0.03051,2.27627,-0.03051,2.27627,1.00000,0.00000,0,0.00029
33.4684,0.33494,-0.20235,-0.66506,-0.20235,-0.66018,-0.19698,-0.47481,2.15308,-0.01268,2.29096,-0.01268,2.29096,1.00000,0.00000,0,0.00026
33.5694,0.33437,-0.21698,-0.66563,-0.21698,-0.66444,-0.20978,-0.46155,2.15716,0.00356,2.30401,0.00356,2.30401,1.00000,0.00000,0,0.00025
33.6709,0.33282,-0.26308,-0.66718,-0.26308,-0.66496,-0.23731,-0.44826,2.16161,0.01721,2.32773,0.01721,2.32773,1.00000,0.00000,0,0.00030
33.7727,0.35505,-0.36635,-0.64495,-0.36635,-0.65151,-0.33360,-0.43509,2.16755,0.02096,2.40107,0.02096,2.40107,1.00000,0.00000,0,0.00027
33.8732,0.36071,-0.37854,-0.63929,-0.37854,-0.64522,-0.36832,-0.42211,2.17471,0.02954,2.43253,0.02954,2.43253,1.00000,0.00000,0,0.00026
33.9741,0.36881,-0.38552,-0.63119,-0.38552,-0.63705,-0.38154,-0.40929,2.18225,0.03665,2.44933,0.03665,2.44933,1.00000,0.00000,0,0.00027
34.0750,0.37632,-0.39171,-0.62368,-0.39171,-0.62907,-0.38986,-0.39663,2.18999,0.04372,2.46289,0.04372,2.46289,1.00000,0.00000,0,0.00029
34.1764,0.38551,-0.40137,-0.61449,-0.40137,-0.61943,-0.39730,-0.38416,2.19787,0.04944,2.47598,0.04944,2.47598,1.00000,0.00000,0,0.00029
34.2782,0.39919,-0.40669,-0.60081,-0.40669,-0.60755,-0.40250,-0.37191,2.20587,0.05338,2.48762,0.05338,2.48762,1.00000,0.00000,0,0.00026
34.3812,0.42832,-0.42287,-0.57168,-0.42287,-0.58562,-0.41497,-0.35999,2.21406,0.04994,2.50453,0.04994,2.50453,1.00000,0.00000,0,0.00030
34.4853,0.45701,-0.44015,-0.54299,-0.44015,-0.55484,-0.43283,-0.34867,2.22257,0.03972,2.52555,0.03972,2.52555,1.00000,0.00000,0,0.00145
34.5847,0.47436,-0.45220,-0.52564,-0.45220,-0.53413,-0.44637,-0.33783,2.23140,0.03606,2.54386,0.03606,2.54386,1.00000,0.00000,0,0.00048
34.6853,0.49117,-0.45593,-0.50883,-0.45593,-0.51648,-0.45364,-0.32737,2.24042,0.03416,2.55797,0.03416,2.55797,1.00000,0.00000,0,0.00031
34.7880,0.49943,-0.46777,-0.50057,-0.46777,-0.50476,-0.46286,-0.31719,2.24959,0.03614,2.57360,0.03614,2.57360,1.00000,0.00000,0,0.00193
34.8920,0.51595,-0.47441,-0.48405,-0.47441,-0.49142,-0.47125,-0.30725,2.25895,0.03675,2.58882,0.03675,2.58882,1.00000,0.00000,0,0.00314
34.9900,0.53644,-0.47660,-0.46356,-0.47660,-0.47262,-0.47552,-0.29764,2.26844,0.03320,2.60130,0.03320,2.60130,1.00000,0.00000,0,0.00031
35.0914,0.60287,-0.44215,0.60287,-0.44215,0.08166,-0.45937,-0.27355,2.27782,-0.33072,2.59938,-0.33072,2.59938,0.00000,0.00000,0,0.00045
35.1956,0.74461,-0.39571,0.74461,-0.39571,0.60753,-0.41581,-0.28250,2.28648,-0.70777,2.57755,-0.70777,2.57755,0.00000,0.00000,0,0.00178
35.2955,0.78954,-0.33475,0.78954,-0.33475,0.75088,-0.35695,-0.29664,2.29407,-0.82226,2.54393,-0.82226,2.54393,0.00000,0.00000,0,0.00026
35.3971,0.80511,-0.29551,0.80511,-0.29551,0.79130,-0.31436,-0.31221,2.30066,-0.86611,2.52071,-0.86611,2.52071,0.00000,0.00000,0,0.00026
35.4982,0.83665,-0.25584,0.83665,-0.25584,0.82030,-0.27549,-0.32837,2.30649,-0.90258,2.49934,-0.90258,2.49934,0.00000,0.00000,0,0.00033
35.6003,0.89854,-0.19359,0.89854,-0.19359,0.87661,-0.21669,-0.34546,2.31130,-0.95909,2.46298,-0.95909,2.46298,0.00000,0.00000,0,0.00090
35.7042,0.92129,-0.15160,0.92129,-0.15160,0.90748,-0.17256,-0.36338,2.31511,-0.99862,2.43590,-0.99862,2.43590,0.00000,0.00000,0,0.00028
35.8055,1.01673,-0.08135,1.01673,-0.08135,0.98307,-0.11154,-0.38239,2.31783,-1.07054,2.39590,-1.07054,2.39590,0.00000,0.00000,0,0.00026
35.9066,1.06912,0.09548,1.06912,0.09548,1.03757,0.01165,-0.40270,2.31868,-1.12900,2.31053,-1.12900,2.31053,0.00000,0.00000,32,0.00038
36.0085,1.00864,0.25437,1.00864,0.25437,1.03847,0.19978,-0.42373,2.31596,-1.15066,2.17612,-1.15066,2.17612,0.00000,0.00000,0,0.00026
36.1107,1.00936,0.29594,1.00936,0.29594,1.01316,0.28366,-0.44410,2.31074,-1.15331,2.11218,-1.15331,2.11218,0.00000,0.00000,0,0.00030
36.2113,1.00101,0.30643,1.00101,0.30643,1.00329,0.30349,-0.46424,2.30478,-1.16654,2.09234,-1.16654,2.09234,0.00000,0.00000,0,0.00027
36.3132,1.00028,0.32029,1.00028,0.32029,0.99935,0.31389,-0.48426,2.29859,-1.18380,2.07886,-1.18380,2.07886,0.00000,0.00000,0,0.00027
36.4140,0.99603,0.32976,0.99603,0.32976,0.99737,0.32484,-0.50422,2.29217,-1.20238,2.06479,-1.20238,2.06479,0.00000,0.00000,0,0.00028
36.5155,0.95188,0.38924,0.95188,0.38924,0.96984,0.35919,-0.52391,2.28538,-1.20280,2.03394,-1.20280,2.03394,0.00000,0.00000,0,0.00031
36.6162,0.93386,0.41166,0.93386,0.41166,0.94205,0.39515,-0.54295,2.27772,-1.20238,2.00111,-1.20238,2.00111,0.00000,0.00000,0,0.00025
36.7182,0.91681,0.41787,0.91681,0.41787,0.92479,0.41161,-0.56157,2.26960,-1.20893,1.98147,-1.20893,1.98147,0.00000,0.00000,0,0.00028
36.8227,0.90551,0.42637,0.90551,0.42637,0.91120,0.42151,-0.57990,2.26125,-1.21774,1.96620,-1.21774,1.96620,0.00000,0.00000,0,0.00026
36.9248,0.88882,0.43212,0.88882,0.43212,0.89733,0.42910,-0.59796,2.25273,-1.22609,1.95236,-1.22609,1.95236,0.00000,0.00000,0,0.00106
37.0257,0.87401,0.44236,0.87401,0.44236,0.88112,0.43764,-0.61572,2.24405,-1.23251,1.93771,-1.23251,1.93771,0.00000,0.00000,0,0.00026
37.1263,0.84546,0.45777,0.84546,0.45777,0.85813,0.45028,-0.63308,2.23516,-1.23377,1.91997,-1.23377,1.91997,0.00000,0.00000,0,0.00028
37.2282,0.80568,0.47995,0.80568,0.47995,0.82535,0.46944,-0.64988,2.22594,-1.22762,1.89733,-1.22762,1.89733,0.00000,0.00000,0,0.00028
37.3299,0.68208,0.56275,0.68208,0.56275,0.74476,0.52194,-0.66562,2.21606,-1.18695,1.85070,-1.18695,1.85070,0.00000,0.00000,0,0.00029
37.4329,0.63804,0.55995,0.63804,0.55995,0.66282,0.55174,-0.67935,2.20527,-1.14333,1.81905,-1.14333,1.81905,0.00000,0.00000,0,0.00038
37.5348,0.60499,0.55036,0.60499,0.55036,0.61862,0.55102,-0.69201,2.19424,-1.12505,1.80853,-1.12505,1.80853,0.00000,0.00000,0,0.00050
37.6383,0.58586,0.54387,0.58586,0.54387,0.59580,0.54716,-0.70409,2.18327,-1.12115,1.80025,-1.12115,1.80025,0.00000,0.00000,0,0.00246
37.7384,0.57259,0.54146,0.57259,0.54146,0.57860,0.54239,-0.71579,2.17239,-1.12081,1.79272,-1.12081,1.79272,0.00000,0.00000,0,0.00028
37.8404,0.54979,0.53649,0.54979,0.53649,0.56007,0.53861,-0.72715,2.16158,-1.11920,1.78456,-1.11920,1.78456,0.00000,0.00000,0,0.00040
37.9407,0.51897,0.52354,0.51897,0.52354,0.53395,0.52928,-0.73806,2.15091,-1.11183,1.78041,-1.11183,1.78041,0.00000,0.00000,0,0.00029
38.0433,0.48766,0.51054,0.48766,0.51054,0.50302,0.51593,-0.74838,2.14049,-1.10049,1.77933,-1.10049,1.77933,0.00000,0.00000,0,0.00024
38.1460,0.45443,0.49291,-0.54557,0.49291,-0.28796,0.50248,-0.76326,2.13031,-0.56169,1.77858,-0.56169,1.77858,1.00000,0.00000,0,0.00073
38.2482,0.39404,0.46345,-0.60596,0.46345,-0.54274,0.47618,-0.75391,2.12056,-0.37399,1.78723,-0.37399,1.78723,1.00000,0.00000,0,0.00029
38.3498,0.36238,0.44752,-0.63762,0.44752,-0.61487,0.45614,-0.74208,2.11129,-0.31167,1.79199,-0.31167,1.79199,1.00000,0.00000,0,0.00027
38.4542,0.28079,0.41224,-0.71921,0.41224,-0.68193,0.42789,-0.72904,2.10249,-0.25169,1.80297,-0.25169,1.80297,1.00000,0.00000,0,0.00027
38.5554,0.22237,0.36337,-0.77763,0.36337,-0.75955,0.38500,-0.71434,2.09445,-0.18265,1.82495,-0.18265,1.82495,1.00000,0.00000,0,0.00031
38.6582,0.23592,0.30206,-0.76408,0.30206,-0.76488,0.33203,-0.69904,2.08736,-0.16362,1.85494,-0.16362,1.85494,1.00000,0.00000,0,0.00027
38.7603,0.25139,0.19333,-0.74861,0.19333,-0.75562,0.23082,-0.68380,2.08195,-0.15486,1.92038,-0.15486,1.92038,1.00000,0.00000,0,0.00030
38.8630,0.24806,0.16540,-0.75194,0.16540,-0.75512,0.18693,-0.66869,2.07790,-0.14011,1.94705,-0.14011,1.94705,1.00000,0.00000,0,0.00032
38.9645,0.25034,0.13869,-0.74966,0.13869,-0.75164,0.15331,-0.65365,2.07457,-0.12750,1.96725,-0.12750,1.96725,1.00000,0.00000,0,0.00026
39.0649,0.24697,0.06591,-0.75303,0.06591,-0.75001,0.09472,-0.63866,2.07216,-0.11365,2.00586,-0.11365,2.00586,1.00000,0.00000,0,0.00027
39.1668,0.25609,0.00726,-0.74391,0.00726,-0.74571,0.04097,-0.62371,2.07103,-0.10171,2.04235,-0.10171,2.04235,1.00000,0.00000,32,0.00103
39.2670,0.24310,-0.08285,-0.75690,-0.08285,-0.76036,-0.06031,-0.60859,2.07147,-0.07634,2.11369,-0.07634,2.11369,1.00000,0.00000,0,0.00027
39.3687,0.24508,-0.10377,-0.75492,-0.10377,-0.75577,-0.09328,-0.59349,2.07312,-0.06445,2.13842,-0.06445,2.13842,1.00000,0.00000,0,0.00028
39.4704,0.25290,-0.11023,-0.74710,-0.11023,-0.74842,-0.10595,-0.57849,2.07515,-0.05459,2.14932,-0.05459,2.14932,1.00000,0.00000,0,0.00095
39.5705,0.25622,-0.12184,-0.74378,-0.12184,-0.74502,-0.11690,-0.56357,2.07740,-0.04205,2.15923,-0.04205,2.15923,1.00000,0.00000,0,0.00026
39.6710,0.26512,-0.14163,-0.73488,-0.14163,-0.73846,-0.13245,-0.54874,2.07992,-0.03182,2.17263,-0.03182,2.17263,1.00000,0.00000,0,0.00030
39.7736,0.27504,-0.26373,-0.72496,-0.26373,-0.73287,-0.20644,-0.53402,2.08326,-0.02101,2.22777,-0.02101,2.22777,1.00000,0.00000,0,0.00024
39.8762,0.29325,-0.29317,-0.70675,-0.29317,-0.71507,-0.27394,-0.51961,2.08834,-0.01906,2.28010,-0.01906,2.28010,1.00000,0.00000,0,0.00025
39.9790,0.31915,-0.30648,-0.68085,-0.30648,-0.68979,-0.29860,-0.50561,2.09415,-0.02276,2.30317,-0.02276,2.30317,1.00000,0.00000,0,0.00112
40.0791,0.34596,-0.31923,-0.65404,-0.31923,-0.66633,-0.31239,-0.49210,2.10029,-0.02566,2.31897,-0.02566,2.31897,1.00000,0.00000,0,0.00026
40.1820,0.38546,-0.35605,-0.61454,-0.35605,-0.63226,-0.33910,-0.47916,2.10682,-0.03658,2.34419,-0.03658,2.34419,1.00000,0.00000,0,0.00053
40.2855,0.43826,-0.38761,-0.56174,-0.38761,-0.58504,-0.37359,-0.46706,2.11403,-0.05754,2.37555,-0.05754,2.37555,1.00000,0.00000,0,0.00227
40.3843,0.45539,-0.40582,-0.54461,-0.40582,-0.55351,-0.39715,-0.45579,2.12181,-0.06833,2.39981,-0.06833,2.39981,1.00000,0.00000,0,0.00043
40.4865,0.46650,-0.41371,-0.53350,-0.41371,-0.53893,-0.40981,-0.44491,2.12992,-0.06766,2.41679,-0.06766,2.41679,1.00000,0.00000,0,0.00031
40.5877,0.47117,-0.42499,-0.52883,-0.42499,-0.53156,-0.41967,-0.43423,2.13823,-0.06214,2.43199,-0.06214,2.43199,1.00000,0.00000,0,0.00032
40.6915,0.47786,-0.43136,-0.52214,-0.43136,-0.52575,-0.42875,-0.42366,2.14675,-0.05564,2.44687,-0.05564,2.44687,1.00000,0.00000,0,0.00032
40.7935,0.48581,-0.43614,-0.51419,-0.43614,-0.51845,-0.43394,-0.41323,2.15538,-0.05031,2.45914,-0.05031,2.45914,1.00000,0.00000,0,0.00071
40.8953,0.48889,-0.43828,-0.51111,-0.43828,-0.51287,-0.43715,-0.40293,2.16410,-0.04391,2.47011,-0.04391,2.47011,1.00000,0.00000,0,0.00040
40.9961,0.50494,-0.43904,-0.49506,-0.43904,-0.50111,-0.43817,-0.39280,2.17286,-0.04202,2.47958,-0.04202,2.47958,1.00000,0.00000,0,0.00024
41.0976,0.58453,-0.41502,0.58453,-0.41502,-0.16116,-0.42685,-0.36124,2.18155,-0.27149,2.48034,-0.24843,2.48034,0.00000,0.00000,1,0.00026
41.1999,0.66557,-0.37787,0.66557,-0.37787,0.49399,-0.40411,-0.36735,2.18994,-0.71314,2.47282,-0.71314,2.47282,0.00000,0.00000,0,0.00093
41.2998,0.74494,-0.28918,0.74494,-0.28918,0.69475,-0.31910,-0.38008,2.19695,-0.86641,2.42032,-0.86641,2.42032,0.00000,0.00000,0,0.00026
41.4040,0.75583,-0.25898,0.75583,-0.25898,0.74397,-0.27305,-0.39469,2.20271,-0.91547,2.39385,-0.91547,2.39385,0.00000,0.00000,0,0.00026
41.5067,0.75715,-0.23173,0.75715,-0.23173,0.75499,-0.24384,-0.40972,2.20780,-0.93821,2.37849,-0.93821,2.37849,0.00000,0.00000,0,0.00040
41.6083,0.76689,-0.20674,0.76689,-0.20674,0.76262,-0.21899,-0.42491,2.21238,-0.95875,2.36567,-0.95875,2.36567,0.00000,0.00000,0,0.00026
41.7108,0.76908,-0.17487,0.76908,-0.17487,0.76768,-0.19047,-0.44023,2.21644,-0.97760,2.34977,-0.97760,2.34977,0.00000,0.00000,0,0.00103
41.8121,0.77780,-0.12680,0.77780,-0.12680,0.77361,-0.15068,-0.45564,2.21981,-0.99717,2.32529,-0.99717,2.32529,0.00000,0.00000,0,0.00039
41.9132,0.80619,0.01836,0.80619,0.01836,0.79265,-0.04552,-0.47131,2.22152,-1.02616,2.25339,-1.02616,2.25339,0.00000,0.00000,32,0.00029
42.0143,0.75562,0.17283,0.75562,0.17283,0.77042,0.11302,-0.48695,2.22049,-1.02625,2.14137,-1.02625,2.14137,0.00000,0.00000,0,0.00025
42.1185,0.75603,0.19669,0.75603,0.19669,0.75850,0.17817,-0.50217,2.21733,-1.03312,2.09262,-1.03312,2.09262,0.00000,0.00000,0,0.00235
42.2170,0.75008,0.20882,0.75008,0.20882,0.75122,0.20099,-0.51724,2.21347,-1.04309,2.07278,-1.04309,2.07278,0.00000,0.00000,0,0.00041
42.3189,0.75040,0.21916,0.75040,0.21916,0.75024,0.21408,-0.53224,2.20929,-1.05742,2.05943,-1.05742,2.05943,0.00000,0.00000,0,0.00028
42.4207,0.74634,0.22884,0.74634,0.22884,0.74842,0.22360,-0.54724,2.20490,-1.07113,2.04837,-1.07113,2.04837,0.00000,0.00000,0,0.00037
42.5243,0.72468,0.26271,0.72468,0.26271,0.73136,0.25086,-0.56201,2.20014,-1.07396,2.02454,-1.07396,2.02454,0.00000,0.00000,0,0.00097
42.6266,0.71033,0.27885,0.71033,0.27885,0.71673,0.27049,-0.57645,2.19490,-1.07816,2.00555,-1.07816,2.00555,0.00000,0.00000,0,0.00031
42.7275,0.70574,0.28418,0.70574,0.28418,0.70832,0.28009,-0.59067,2.18937,-1.08649,1.99331,-1.08649,1.99331,0.00000,0.00000,0,0.00029
42.8285,0.70059,0.29197,0.70059,0.29197,0.70230,0.28794,-0.60476,2.18368,-1.09637,1.98212,-1.09637,1.98212,0.00000,0.00000,0,0.00031
42.9309,0.69171,0.29613,0.69171,0.29613,0.69583,0.29338,-0.61875,2.17785,-1.10583,1.97248,-1.10583,1.97248,0.00000,0.00000,0,0.00073
43.0331,0.68663,0.30157,0.68663,0.30157,0.68955,0.29953,-0.63259,2.17191,-1.11528,1.96224,-1.11528,1.96224,0.00000,0.00000,0,0.00049
43.1347,0.68244,0.30626,0.68244,0.30626,0.68481,0.30421,-0.64633,2.16586,-1.12570,1.95291,-1.12570,1.95291,0.00000,0.00000,0,0.00031
43.2360,0.67599,0.31316,0.67599,0.31316,0.67853,0.30948,-0.65995,2.15972,-1.13492,1.94308,-1.13492,1.94308,0.00000,0.00000,0,0.00029
43.3376,0.66686,0.31996,0.66686,0.31996,0.67012,0.31590,-0.67342,2.15345,-1.14250,1.93232,-1.14250,1.93232,0.00000,0.00000,0,0.00110
43.4387,0.64595,0.33809,0.64595,0.33809,0.65462,0.33023,-0.68665,2.14698,-1.14489,1.91582,-1.14489,1.91582,0.00000,0.00000,0,0.00028
43.5397,0.61309,0.36385,0.61309,0.36385,0.62742,0.35194,-0.69943,2.14013,-1.13862,1.89377,-1.13862,1.89377,0.00000,0.00000,0,0.00027
43.6410,0.48194,0.41438,0.48194,0.41438,0.53800,0.40438,-0.71111,2.13248,-1.08772,1.84941,-1.08772,1.84941,0.00000,0.00000,0,0.00033
43.7465,0.48293,0.44673,0.48293,0.44673,0.49391,0.44505,-0.72124,2.12377,-1.06697,1.81223,-1.06697,1.81223,0.00000,0.00000,0,0.00159
43.8462,0.48621,0.45460,0.48621,0.45460,0.48465,0.45530,-0.73097,2.11471,-1.07022,1.79600,-1.07022,1.79600,0.00000,0.00000,0,0.00034
43.9482,0.48302,0.46369,0.48302,0.46369,0.48306,0.46161,-0.74064,2.10550,-1.07878,1.78238,-1.07878,1.78238,0.00000,0.00000,0,0.00025
44.0500,0.48468,0.46909,0.48468,0.46909,0.48284,0.46710,-0.75029,2.09620,-1.08828,1.76923,-1.08828,1.76923,0.00000,0.00000,0,0.00026
44.1527,0.48154,0.47009,-0.51846,0.47009,-0.17450,0.46911,-0.76305,2.08684,-0.64090,1.75846,-0.64090,1.75846,1.00000,0.00000,0,0.00026
44.2552,0.46697,0.46032,-0.53303,0.46032,-0.46816,0.46513,-0.75529,2.07748,-0.42758,1.75189,-0.42758,1.75189,1.00000,0.00000,0,0.00100
44.3568,0.43736,0.44227,-0.56264,0.44227,-0.53971,0.45003,-0.74496,2.06835,-0.36716,1.75332,-0.36716,1.75332,1.00000,0.00000,0,0.00043
44.4573,0.41530,0.43090,-0.58470,0.43090,-0.57258,0.43712,-0.73374,2.05950,-0.33293,1.75352,-0.33293,1.75352,1.00000,0.00000,0,0.00043
44.5584,0.38764,0.40985,-0.61236,0.40985,-0.59852,0.41938,-0.72198,2.05097,-0.30301,1.75740,-0.30301,1.75740,1.00000,0.00000,0,0.00030
44.6596,0.37160,0.39395,-0.62840,0.39395,-0.62074,0.40113,-0.70972,2.04280,-0.27520,1.76201,-0.27520,1.76201,1.00000,0.00000,0,0.00028
44.7616,0.37046,0.37080,-0.62954,0.37080,-0.63026,0.38223,-0.69716,2.03500,-0.25597,1.76743,-0.25597,1.76743,1.00000,0.00000,0,0.00031
44.8633,0.39181,0.26375,-0.60819,0.26375,-0.62148,0.30818,-0.68462,2.02809,-0.24958,1.81237,-0.24958,1.81237,1.00000,0.00000,0,0.00025
44.9646,0.39268,0.24892,-0.60732,0.24892,-0.61032,0.26131,-0.67236,2.02259,-0.24514,1.83967,-0.24514,1.83967,1.00000,0.00000,0,0.00026
45.0672,0.39935,0.22034,-0.60065,0.22034,-0.60173,0.23448,-0.66028,2.01768,-0.23907,1.85355,-0.23907,1.85355,1.00000,0.00000,0,0.00029
45.1681,0.39608,0.16832,-0.60392,0.16832,-0.60100,0.19520,-0.64827,2.01340,-0.22757,1.87676,-0.22757,1.87676,1.00000,0.00000,0,0.00026
45.2696,0.34562,0.10253,-0.65438,0.10253,-0.63853,0.12837,-0.63581,2.01037,-0.18884,1.92050,-0.18884,1.92050,1.00000,0.00000,0,0.00025
45.3714,0.29101,-0.04720,-0.70899,-0.04720,-0.68184,0.03169,-0.62256,2.00887,-0.14527,1.98669,-0.14527,1.98669,1.00000,0.00000,32,0.00031
45.4735,0.28531,-0.08956,-0.71469,-0.08956,-0.71546,-0.06270,-0.60835,2.00933,-0.10752,2.05322,-0.10752,2.05322,1.00000,0.00000,0,0.00028
45.5739,0.28452,-0.10368,-0.71548,-0.10368,-0.71965,-0.09454,-0.59396,2.01102,-0.09020,2.07719,-0.09020,2.07719,1.00000,0.00000,0,0.00028
45.6757,0.28425,-0.10927,-0.71575,-0.10927,-0.71769,-0.10569,-0.57959,2.01305,-0.07721,2.08704,-0.07721,2.08704,1.00000,0.00000,0,0.00032
45.7780,0.28949,-0.12344,-0.71051,-0.12344,-0.71409,-0.11706,-0.56528,2.01530,-0.06541,2.09723,-0.06541,2.09723,1.00000,0.00000,0,0.00027
45.8795,0.28877,-0.13358,-0.71123,-0.13358,-0.71129,-0.12736,-0.55104,2.01775,-0.05313,2.10691,-0.05313,2.10691,1.00000,0.00000,0,0.00027
45.9827,0.29442,-0.23292,-0.70558,-0.23292,-0.71015,-0.18701,-0.53681,2.02084,-0.03970,2.15174,-0.03970,2.15174,1.00000,0.00000,0,0.00050
46.0854,0.29769,-0.27640,-0.70231,-0.27640,-0.70200,-0.25891,-0.52274,2.02559,-0.03134,2.20683,-0.03134,2.20683,1.00000,0.00000,0,0.00044
46.1869,0.31453,-0.28930,-0.68547,-0.28930,-0.68959,-0.28114,-0.50886,2.03106,-0.02615,2.22786,-0.02615,2.22786,1.00000,0.00000,0,0.00039
46.2876,0.34202,-0.30351,-0.65798,-0.30351,-0.66807,-0.29723,-0.49532,2.03689,-0.02767,2.24495,-0.02767,2.24495,1.00000,0.00000,0,0.00031
46.3908,0.35922,-0.31196,-0.64078,-0.31196,-0.64798,-0.30842,-0.48221,2.04298,-0.02862,2.25888,-0.02862,2.25888,1.00000,0.00000,0,0.00034
46.4934,0.38770,-0.32986,-0.61230,-0.32986,-0.62407,-0.32213,-0.46953,2.04930,-0.03268,2.27480,-0.03268,2.27480,1.00000,0.00000,0,0.00030
46.5948,0.42238,-0.35665,-0.57762,-0.35665,-0.59288,-0.34565,-0.45742,2.05602,-0.04240,2.29798,-0.04240,2.29798,1.00000,0.00000,0,0.00028
46.6960,0.46572,-0.38222,-0.53428,-0.38222,-0.55590,-0.36982,-0.44598,2.06322,-0.05685,2.32210,-0.05685,2.32210,1.00000,0.00000,0,0.00025
46.7977,0.49635,-0.39867,-0.50365,-0.39867,-0.51778,-0.39106,-0.43534,2.07089,-0.07290,2.34464,-0.07290,2.34464,1.00000,0.00000,0,0.00035
46.8983,0.51249,-0.40816,-0.48751,-0.40816,-0.49520,-0.40351,-0.42528,2.07888,-0.07863,2.36133,-0.07863,2.36133,1.00000,0.00000,0,0.00026
46.9999,0.52110,-0.41769,-0.47890,-0.41769,-0.48231,-0.41336,-0.41555,2.08707,-0.07793,2.37642,-0.07793,2.37642,1.00000,0.00000,0,0.00024
47.1008,0.51992,-0.42485,-0.48008,-0.42485,-0.47950,-0.42154,-0.40594,2.09544,-0.07029,2.39052,-0.07029,2.39052,1.00000,0.00000,0,0.00031
47.2041,0.52560,-0.43278,0.52560,-0.43278,0.35445,-0.42970,-0.39855,2.10396,-0.64666,2.40475,-0.64666,2.40475,0.00000,0.00000,0,0.00111
47.3036,0.60699,-0.37924,0.60699,-0.37924,0.54869,-0.39032,-0.40817,2.11217,-0.79226,2.38539,-0.79226,2.38539,0.00000,0.00000,0,0.00024
47.4059,0.66455,-0.31585,0.66455,-0.31585,0.63192,-0.33889,-0.42023,2.11936,-0.86258,2.35659,-0.86258,2.35659,0.00000,0.00000,0,0.00025
47.5080,0.68984,-0.27982,0.68984,-0.27982,0.67604,-0.29504,-0.43349,2.12556,-0.90671,2.33209,-0.90671,2.33209,0.00000,0.00000,0,0.00029
47.6097,0.69840,-0.25045,0.69840,-0.25045,0.69443,-0.26432,-0.44725,2.13108,-0.93335,2.31610,-0.93335,2.31610,0.00000,0.00000,0,0.00032
47.7119,0.71295,-0.21751,0.71295,-0.21751,0.70649,-0.23231,-0.46130,2.13598,-0.95584,2.29860,-0.95584,2.29860,0.00000,0.00000,0,0.00035
47.8137,0.72232,-0.17485,0.72232,-0.17485,0.71760,-0.19422,-0.47556,2.14018,-0.97788,2.27614,-0.97788,2.27614,0.00000,0.00000,0,0.00027
47.9158,0.73887,-0.05735,0.73887,-0.05735,0.73081,-0.11971,-0.49007,2.14334,-1.00163,2.22713,-1.00163,2.22713,0.00000,0.00000,0,0.00108
48.0163,0.74197,0.07341,0.74197,0.07341,0.73913,0.01239,-0.50478,2.14401,-1.02217,2.13533,-1.02217,2.13533,0.00000,0.00000,32,0.00027
48.1192,0.72221,0.15796,0.72221,0.15796,0.72837,0.11928,-0.51945,2.14254,-1.02931,2.05905,-1.02931,2.05905,0.00000,0.00000,0,0.00029
48.2199,0.71893,0.17911,0.71893,0.17911,0.72092,0.16598,-0.53391,2.13952,-1.03856,2.02334,-1.03856,2.02334,0.00000,0.00000,0,0.00028
48.3254,0.71405,0.18909,0.71405,0.18909,0.71660,0.18329,-0.54828,2.13597,-1.04990,2.00767,-1.04990,2.00767,0.00000,0.00000,0,0.00033
48.4267,0.69235,0.21153,0.69235,0.21153,0.69945,0.20411,-0.56239,2.13205,-1.05201,1.98917,-1.05201,1.98917,0.00000,0.00000,0,0.00038
48.5294,0.67803,0.22618,0.67803,0.22618,0.68631,0.21983,-0.57624,2.12777,-1.05666,1.97389,-1.05666,1.97389,0.00000,0.00000,0,0.00107
48.6296,0.66807,0.23299,0.66807,0.23299,0.67225,0.22990,-0.58979,2.12324,-1.06036,1.96231,-1.06036,1.96231,0.00000,0.00000,0,0.00028
48.7328,0.66008,0.24229,0.66008,0.24229,0.66451,0.23840,-0.60313,2.11853,-1.06829,1.95165,-1.06829,1.95165,0.00000,0.00000,0,0.00048
48.8331,0.65316,0.24254,0.65316,0.24254,0.65663,0.24141,-0.61633,2.11372,-1.07597,1.94474,-1.07597,1.94474,0.00000,0.00000,0,0.00031
48.9354,0.65490,0.24745,0.65490,0.24745,0.65397,0.24575,-0.62942,2.10884,-1.08720,1.93682,-1.08720,1.93682,0.00000,0.00000,0,0.00041
49.0363,0.64648,0.25301,0.64648,0.25301,0.64895,0.24990,-0.64244,2.10389,-1.09670,1.92895,-1.09670,1.92895,0.00000,0.00000,0,0.00033
49.1377,0.64544,0.26317,0.64544,0.26317,0.64628,0.25803,-0.65538,2.09880,-1.10777,1.91818,-1.10777,1.91818,0.00000,0.00000,0,0.00026
49.2405,0.64011,0.27303,0.64011,0.27303,0.64241,0.26828,-0.66826,2.09351,-1.11795,1.90572,-1.11795,1.90572,0.00000,0.00000,0,0.00027
49.3415,0.63160,0.28077,0.63160,0.28077,0.63509,0.27623,-0.68103,2.08806,-1.12559,1.89470,-1.12559,1.89470,0.00000,0.00000,0,0.00030
49.4447,0.60034,0.30052,0.60034,0.30052,0.61383,0.29285,-0.69351,2.08234,-1.12319,1.87735,-1.12319,1.87735,0.00000,0.00000,0,0.00033
49.5450,0.55330,0.34150,0.55330,0.34150,0.57722,0.32109,-0.70538,2.07618,-1.10943,1.85142,-1.10943,1.85142,0.00000,0.00000,0,0.00027
49.6465,0.45829,0.41197,0.45829,0.41197,0.48039,0.38041,-0.71564,2.06898,-1.05192,1.80269,-1.05192,1.80269,0.00000,0.00000,0,0.00028
49.7481,0.44642,0.40421,0.44642,0.40421,0.45271,0.39651,-0.72488,2.06113,-1.04178,1.78357,-1.04178,1.78357,0.00000,0.00000,0,0.00030
49.8499,0.44342,0.40501,0.44342,0.40501,0.44560,0.40007,-0.73384,2.05316,-1.04576,1.77311,-1.04576,1.77311,0.00000,0.00000,0,0.00025
49.9537,0.44661,0.40026,0.44661,0.40026,0.44726,0.40094,-0.74278,2.04515,-1.05586,1.76449,-1.05586,1.76449,0.00000,0.00000,0,0.00027
50.0547,0.44687,0.40163,0.44687,0.40163,0.44813,0.40196,-0.75174,2.03712,-1.06543,1.75575,-1.06543,1.75575,0.00000,0.00000,0,0.00025
50.1556,0.44617,0.39974,-0.55383,0.39974,-0.06294,0.40118,-0.76712,2.02908,-0.72306,1.74826,-0.72306,1.74826,1.00000,0.00000,0,0.00029
50.2597,0.44597,0.39788,-0.55403,0.39788,-0.47049,0.39900,-0.75988,2.02109,-0.43053,1.74178,-0.43053,1.74178,1.00000,0.00000,0,0.00107
50.3592,0.42512,0.39018,-0.57488,0.39018,-0.55317,0.39314,-0.74930,2.01318,-0.36209,1.73797,-0.36209,1.73797,1.00000,0.00000,0,0.00029
50.4609,0.41439,0.38118,-0.58561,0.38118,-0.57783,0.38510,-0.73790,2.00541,-0.33342,1.73584,-0.33342,1.73584,1.00000,0.00000,0,0.00027
50.5642,0.39626,0.37221,-0.60374,0.37221,-0.59487,0.37688,-0.72615,1.99780,-0.30974,1.73398,-0.30974,1.73398,1.00000,0.00000,0,0.00027
50.6666,0.38958,0.35990,-0.61042,0.35990,-0.60599,0.36523,-0.71411,1.99040,-0.28992,1.73474,-0.28992,1.73474,1.00000,0.00000,0,0.00117
50.7675,0.38475,0.33648,-0.61525,0.33648,-0.61381,0.34666,-0.70189,1.98330,-0.27222,1.74064,-0.27222,1.74064,1.00000,0.00000,0,0.00032
50.8689,0.40547,0.22990,-0.59453,0.22990,-0.60742,0.27467,-0.68964,1.97708,-0.26445,1.78481,-0.26445,1.78481,1.00000,0.00000,0,0.00028
50.9700,0.40398,0.21248,-0.59602,0.21248,-0.59875,0.22485,-0.67764,1.97229,-0.25851,1.81489,-0.25851,1.81489,1.00000,0.00000,0,0.00026
51.0724,0.41181,0.18488,-0.58819,0.18488,-0.58959,0.19869,-0.66579,1.96810,-0.25308,1.82902,-0.25308,1.82902,1.00000,0.00000,0,0.00033
51.1736,0.40086,0.14799,-0.59914,0.14799,-0.59191,0.16720,-0.65401,1.96447,-0.23968,1.84743,-0.23968,1.84743,1.00000,0.00000,0,0.00026
51.2739,0.35331,0.07435,-0.64669,0.07435,-0.62991,0.10082,-0.64173,1.96194,-0.20079,1.89137,-0.20079,1.89137,1.00000,0.00000,0,0.00024
51.3753,0.32741,-0.01846,-0.67259,-0.01846,-0.65885,0.03229,-0.62879,1.96077,-0.16760,1.93816,-0.16760,1.93816,1.00000,0.00000,32,0.00026
51.4771,0.29376,-0.10380,-0.70624,-0.10380,-0.69998,-0.07638,-0.61508,1.96133,-0.12509,2.01479,-0.12509,2.01479,1.00000,0.00000,0,0.00035
51.5791,0.29870,-0.12743,-0.70130,-0.12743,-0.70206,-0.11496,-0.60107,1.96337,-0.10963,2.04385,-0.10963,2.04385,1.00000,0.00000,0,0.00026
51.6806,0.30539,-0.13812,-0.69461,-0.13812,-0.69664,-0.13235,-0.58711,1.96591,-0.09946,2.05856,-0.09946,2.05856,1.00000,0.00000,0,0.00027
51.7853,0.31541,-0.14527,-0.68459,-0.14527,-0.68890,-0.14146,-0.57327,1.96867,-0.09104,2.06769,-0.09104,2.06769,1.00000,0.00000,0,0.00207
51.8883,0.32090,-0.15500,-0.67910,-0.15500,-0.68201,-0.15078,-0.55959,1.97161,-0.08218,2.07715,-0.08218,2.07715,1.00000,0.00000,0,0.00196
51.9893,0.32142,-0.17706,-0.67858,-0.17706,-0.67921,-0.16589,-0.54599,1.97478,-0.07054,2.09090,-0.07054,2.09090,1.00000,0.00000,0,0.00029
52.0910,0.32891,-0.29098,-0.67109,-0.29098,-0.67488,-0.24374,-0.53244,1.97889,-0.06002,2.14950,-0.06002,2.14950,1.00000,0.00000,0,0.00030
52.1928,0.33273,-0.30620,-0.66727,-0.30620,-0.67112,-0.29329,-0.51900,1.98447,-0.04922,2.18978,-0.04922,2.18978,1.00000,0.00000,0,0.00025
52.2943,0.35232,-0.32395,-0.64768,-0.32395,-0.65596,-0.31421,-0.50576,1.99060,-0.04658,2.21054,-0.04658,2.21054,1.00000,0.00000,0,0.00027
52.3957,0.36618,-0.33797,-0.63382,-0.33797,-0.64053,-0.33099,-0.49283,1.99709,-0.04445,2.22878,-0.04445,2.22878,1.00000,0.00000,0,0.00034
52.4969,0.38316,-0.35208,-0.61684,-0.35208,-0.62392,-0.34574,-0.48022,2.00389,-0.04347,2.24590,-0.04347,2.24590,1.00000,0.00000,0,0.00028
52.6025,0.40326,-0.36437,-0.59674,-0.36437,-0.60564,-0.35808,-0.46796,2.01095,-0.04401,2.26161,-0.04401,2.26161,1.00000,0.00000,0,0.00027
52.7048,0.43873,-0.39256,-0.56127,-0.39256,-0.57696,-0.37976,-0.45617,2.01835,-0.05230,2.28418,-0.05230,2.28418,1.00000,0.00000,0,0.00028
52.8063,0.46455,-0.41423,-0.53545,-0.41423,-0.54877,-0.40370,-0.44497,2.02624,-0.06084,2.30883,-0.06084,2.30883,1.00000,0.00000,0,0.00025
52.9091,0.50397,-0.43848,-0.49603,-0.43848,-0.51402,-0.42754,-0.43439,2.03460,-0.07457,2.33388,-0.07457,2.33388,1.00000,0.00000,0,0.00213
53.0086,0.52582,-0.45523,-0.47418,-0.45523,-0.48444,-0.44805,-0.42450,2.04341,-0.08539,2.35705,-0.08539,2.35705,1.00000,0.00000,0,0.00026
53.1096,0.53661,-0.46264,-0.46339,-0.46264,-0.46824,-0.45779,-0.41503,2.05249,-0.08726,2.37295,-0.08726,2.37295,1.00000,0.00000,0,0.00025
53.2143,0.54608,-0.47182,0.54608,-0.47182,0.30090,-0.46656,-0.40367,2.06175,-0.61430,2.38834,-0.61430,2.38834,0.00000,0.00000,0,0.00035
53.3160,0.63064,-0.42595,0.63064,-0.42595,0.54738,-0.43884,-0.41298,2.07086,-0.79615,2.37805,-0.79615,2.37805,0.00000,0.00000,0,0.00027
53.4206,0.64752,-0.37539,0.64752,-0.37539,0.62797,-0.39208,-0.42508,2.07906,-0.86466,2.35352,-0.86466,2.35352,0.00000,0.00000,0,0.00193
53.5201,0.70570,-0.32526,0.70570,-0.32526,0.68293,-0.34660,-0.43829,2.08641,-0.91634,2.32902,-0.91634,2.32902,0.00000,0.00000,0,0.00026
53.6234,0.71757,-0.29516,0.71757,-0.29516,0.71013,-0.31141,-0.45230,2.09291,-0.94939,2.31090,-0.94939,2.31090,0.00000,0.00000,0,0.00028
53.7254,0.73445,-0.25823,0.73445,-0.25823,0.72689,-0.27656,-0.46671,2.09874,-0.97553,2.29233,-0.97553,2.29233,0.00000,0.00000,0,0.00031
53.8273,0.74619,-0.21454,0.74619,-0.21454,0.74158,-0.23593,-0.48144,2.10379,-1.00054,2.26894,-1.00054,2.26894,0.00000,0.00000,0,0.00029
53.9309,0.76675,-0.08631,0.76675,-0.08631,0.75604,-0.14222,-0.49641,2.10754,-1.02564,2.20709,-1.02564,2.20709,0.00000,0.00000,0,0.00221
54.0305,0.75230,0.03699,0.75230,0.03699,0.75572,-0.01814,-0.51155,2.10864,-1.04056,2.12134,-1.04056,2.12134,0.00000,0.00000,32,0.00027
54.1327,0.73476,0.10984,0.73476,0.10984,0.73895,0.07679,-0.52644,2.10808,-1.04370,2.05432,-1.04370,2.05432,0.00000,0.00000,0,0.00041
54.2348,0.72964,0.12534,0.72964,0.12534,0.73144,0.11415,-0.54111,2.10604,-1.05312,2.02613,-1.05312,2.02613,0.00000,0.00000,0,0.00034
54.3366,0.71902,0.13903,0.71902,0.13903,0.72498,0.13177,-0.55568,2.10353,-1.06317,2.01129,-1.06317,2.01129,0.00000,0.00000,0,0.00030
54.4377,0.71101,0.16096,0.71101,0.16096,0.71459,0.15350,-0.57005,2.10061,-1.07026,1.99316,-1.07026,1.99316,0.00000,0.00000,0,0.00031
54.5392,0.69994,0.17624,0.69994,0.17624,0.70471,0.16943,-0.58422,2.09734,-1.07752,1.97874,-1.07752,1.97874,0.00000,0.00000,0,0.00027
54.6411,0.68788,0.18564,0.68788,0.18564,0.69374,0.18079,-0.59819,2.09381,-1.08381,1.96725,-1.08381,1.96725,0.00000,0.00000,0,0.00034
54.7432,0.68077,0.19301,0.68077,0.19301,0.68613,0.18934,-0.61198,2.09008,-1.09227,1.95755,-1.09227,1.95755,0.00000,0.00000,0,0.00034
54.8446,0.67820,0.19630,0.67820,0.19630,0.67950,0.19418,-0.62561,2.08624,-1.10126,1.95031,-1.10126,1.95031,0.00000,0.00000,0,0.00026
54.9451,0.67181,0.20282,0.67181,0.20282,0.67495,0.20074,-0.63915,2.08227,-1.11162,1.94175,-1.11162,1.94175,0.00000,0.00000,0,0.00024
55.0473,0.66705,0.20810,0.66705,0.20810,0.66970,0.20601,-0.65259,2.07819,-1.12138,1.93398,-1.12138,1.93398,0.00000,0.00000,0,0.00026
55.1494,0.65947,0.21755,0.65947,0.21755,0.66266,0.21315,-0.66590,2.07399,-1.12976,1.92479,-1.12976,1.92479,0.00000,0.00000,0,0.00031
55.2498,0.64945,0.22419,0.64945,0.22419,0.65378,0.22031,-0.67905,2.06965,-1.13670,1.91543,-1.13670,1.91543,0.00000,0.00000,0,0.00028
55.3521,0.63592,0.23567,0.63592,0.23567,0.64161,0.23084,-0.69198,2.06511,-1.14111,1.90352,-1.14111,1.90352,0.00000,0.00000,0,0.00033
55.4539,0.60241,0.25671,0.60241,0.25671,0.61864,0.24669,-0.70458,2.06032,-1.13763,1.88764,-1.13763,1.88764,0.00000,0.00000,0,0.00031
55.5573,0.54997,0.29868,0.54997,0.29868,0.57698,0.27608,-0.71651,2.05509,-1.12039,1.86183,-1.12039,1.86183,0.00000,0.00000,0,0.00029
55.6580,0.45592,0.36082,0.45592,0.36082,0.47970,0.33132,-0.72678,2.04885,-1.06257,1.81692,-1.06257,1.81692,0.00000,0.00000,0,0.00039
55.7594,0.45916,0.36308,0.45916,0.36308,0.45995,0.35082,-0.73608,2.04195,-1.05804,1.79638,-1.05804,1.79638,0.00000,0.00000,0,0.00028
55.8610,0.45162,0.36144,0.45162,0.36144,0.45511,0.35623,-0.74521,2.03488,-1.06379,1.78553,-1.06379,1.78553,0.00000,0.00000,0,0.00027
55.9657,0.45435,0.35787,0.45435,0.35787,0.45440,0.35838,-0.75431,2.02773,-1.07239,1.77686,-1.07239,1.77686,0.00000,0.00000,0,0.00028
56.0683,0.45029,0.36165,0.45029,0.36165,0.45269,0.36128,-0.76339,2.02052,-1.08027,1.76763,-1.08027,1.76763,0.00000,0.00000,0,0.00028
56.1689,0.45302,0.36332,-0.54698,0.36332,-0.05726,0.36285,-0.77861,2.01328,-0.73852,1.75928,-0.73852,1.75928,1.00000,0.00000,0,0.00027
56.2699,0.45185,0.36233,-0.54815,0.36233,-0.46438,0.36231,-0.77148,2.00603,-0.44641,1.75242,-0.44641,1.75242,1.00000,0.00000,0,0.00025
56.3722,0.43906,0.35728,-0.56094,0.35728,-0.54189,0.35944,-0.76108,1.99881,-0.38176,1.74720,-0.38176,1.74720,1.00000,0.00000,0,0.00034
56.4735,0.42922,0.34666,-0.57078,0.34666,-0.56467,0.35061,-0.74993,1.99172,-0.35466,1.74629,-0.35466,1.74629,1.00000,0.00000,0,0.00030
56.5745,0.41436,0.33948,-0.58564,0.33948,-0.57997,0.34290,-0.73845,1.98481,-0.33247,1.74478,-0.33247,1.74478,1.00000,0.00000,0,0.00026
56.6763,0.41000,0.32690,-0.59000,0.32690,-0.58719,0.33217,-0.72676,1.97807,-0.31573,1.74555,-0.31573,1.74555,1.00000,0.00000,0,0.00028
56.7783,0.40726,0.30424,-0.59274,0.30424,-0.59308,0.31538,-0.71492,1.97160,-0.29977,1.75084,-0.29977,1.75084,1.00000,0.00000,0,0.00029
56.8795,0.41550,0.24858,-0.58450,0.24858,-0.58641,0.27724,-0.70314,1.96567,-0.29265,1.77160,-0.29265,1.77160,1.00000,0.00000,0,0.00028
56.9808,0.42730,0.17444,-0.57270,0.17444,-0.57355,0.19805,-0.69158,1.96119,-0.29010,1.82255,-0.29010,1.82255,1.00000,0.00000,0,0.00040
57.0810,0.43208,0.15697,-0.56792,0.15697,-0.57114,0.16799,-0.68011,1.95761,-0.28031,1.84001,-0.28031,1.84001,1.00000,0.00000,0,0.00030
57.1821,0.42710,0.13160,-0.57290,0.13160,-0.57319,0.14309,-0.66866,1.95454,-0.26743,1.85438,-0.26743,1.85438,1.00000,0.00000,0,0.00046
57.2835,0.39543,0.05695,-0.60457,0.05695,-0.59007,0.09277,-0.65704,1.95219,-0.24399,1.88725,-0.24399,1.88725,1.00000,0.00000,0,0.00035
57.3846,0.37398,0.01604,-0.62602,0.01604,-0.61725,0.03885,-0.64486,1.95137,-0.21279,1.92417,-0.21279,1.92417,1.00000,0.00000,32,0.00031
57.4862,0.32045,-0.13039,-0.67955,-0.13039,-0.65109,-0.06042,-0.63219,1.95161,-0.17642,1.99390,-0.17642,1.99390,1.00000,0.00000,0,0.00030
57.5891,0.31988,-0.15361,-0.68012,-0.15361,-0.67857,-0.13236,-0.61869,1.95381,-0.14369,2.04647,-0.14369,2.04647,1.00000,0.00000,0,0.00031
57.6895,0.32096,-0.16674,-0.67904,-0.16674,-0.68244,-0.15843,-0.60502,1.95681,-0.12731,2.06771,-0.12731,2.06771,1.00000,0.00000,0,0.00030
57.7908,0.32056,-0.17995,-0.67944,-0.17995,-0.68100,-0.17282,-0.59138,1.96015,-0.11468,2.08112,-0.11468,2.08112,1.00000,0.00000,0,0.00027
57.8928,0.32119,-0.18336,-0.67881,-0.18336,-0.68106,-0.18036,-0.57774,1.96371,-0.10100,2.08997,-0.10100,2.08997,1.00000,0.00000,0,0.00027
57.9936,0.32218,-0.19358,-0.67782,-0.19358,-0.67824,-0.18930,-0.56415,1.96742,-0.08939,2.09993,-0.08939,2.09993,1.00000,0.00000,0,0.00024
58.0955,0.32725,-0.20646,-0.67275,-0.20646,-0.67431,-0.20043,-0.55064,1.97134,-0.07863,2.11164,-0.07863,2.11164,1.00000,0.00000,0,0.00033
58.1979,0.33232,-0.30831,-0.66768,-0.30831,-0.67370,-0.25746,-0.53715,1.97585,-0.06556,2.15607,-0.06556,2.15607,1.00000,0.00000,0,0.00043
58.2994,0.33873,-0.34147,-0.66127,-0.34147,-0.66366,-0.32433,-0.52382,1.98195,-0.05926,2.20898,-0.05926,2.20898,1.00000,0.00000,0,0.00025
58.4032,0.35831,-0.35432,-0.64169,-0.35432,-0.64731,-0.34723,-0.51075,1.98874,-0.05764,2.23180,-0.05764,2.23180,1.00000,0.00000,0,0.00165
58.5040,0.37830,-0.36482,-0.62170,-0.36482,-0.62783,-0.35958,-0.49805,1.99584,-0.05857,2.24754,-0.05857,2.24754,1.00000,0.00000,0,0.00026
58.6052,0.40415,-0.37549,-0.59585,-0.37549,-0.60567,-0.37058,-0.48576,2.00317,-0.06180,2.26257,-0.06180,2.26257,1.00000,0.00000,0,0.00025
58.7071,0.43538,-0.39526,-0.56462,-0.39526,-0.57807,-0.38543,-0.47397,2.01074,-0.06932,2.28054,-0.06932,2.28054,1.00000,0.00000,0,0.00029
58.8081,0.46338,-0.41620,-0.53662,-0.41620,-0.54982,-0.40782,-0.46275,2.01873,-0.07787,2.30421,-0.07787,2.30421,1.00000,0.00000,0,0.00032
58.9095,0.48496,-0.43114,-0.51504,-0.43114,-0.52510,-0.42386,-0.45206,2.02708,-0.08449,2.32378,-0.08449,2.32378,1.00000,0.00000,0,0.00026
59.0119,0.52853,-0.45585,-0.47147,-0.45585,-0.48827,-0.44544,-0.44199,2.03582,-0.10020,2.34762,-0.10020,2.34762,1.00000,0.00000,0,0.00031
59.1138,0.53733,-0.46748,-0.46267,-0.46748,-0.46810,-0.46091,-0.43250,2.04492,-0.10483,2.36756,-0.10483,2.36756,1.00000,0.00000,0,0.00026
59.2150,0.54670,-0.47340,0.54670,-0.47340,0.20041,-0.47043,-0.41820,2.05426,-0.55849,2.38357,-0.55849,2.38357,0.00000,0.00000,0,0.00026
59.3160,0.58228,-0.44497,0.58228,-0.44497,0.50370,-0.46371,-0.42656,2.06368,-0.77915,2.38828,-0.77915,2.38828,0.00000,0.00000,0,0.00025
59.4164,0.65224,-0.38235,0.65224,-0.38235,0.62078,-0.40886,-0.43831,2.07225,-0.87285,2.35845,-0.87285,2.35845,0.00000,0.00000,0,0.00023
59.5178,0.70447,-0.32930,0.70447,-0.32930,0.68061,-0.35656,-0.45144,2.07984,-0.92786,2.32943,-0.92786,2.32943,0.00000,0.00000,0,0.00029
59.6208,0.71290,-0.30944,0.71290,-0.30944,0.70741,-0.32397,-0.46542,2.08659,-0.96060,2.31337,-0.96060,2.31337,0.00000,0.00000,0,0.00029
59.7212,0.72424,-0.27717,0.72424,-0.27717,0.71897,-0.29225,-0.47970,2.09270,-0.98298,2.29728,-0.98298,2.29728,0.00000,0.00000,0,0.00026
59.8238,0.74324,-0.23398,0.74324,-0.23398,0.73572,-0.25390,-0.49428,2.09809,-1.00928,2.27583,-1.00928,2.27583,0.00000,0.00000,0,0.00027
59.9256,0.76657,-0.11759,0.76657,-0.11759,0.75460,-0.17103,-0.50920,2.10234,-1.03742,2.22206,-1.03742,2.22206,0.00000,0.00000,0,0.00112
60.0264,0.76191,-0.00728,0.76191,-0.00728,0.76224,-0.05482,-0.52444,2.10433,-1.05800,2.14270,-1.05800,2.14270,0.00000,0.00000,0,0.00028
60.1288,0.73910,0.08516,0.73910,0.08516,0.74557,0.04673,-0.53948,2.10433,-1.06138,2.07162,-1.06138,2.07162,0.00000,0.00000,32,0.00025
60.2296,0.73444,0.10696,0.73444,0.10696,0.73790,0.09242,-0.55430,2.10277,-1.07083,2.03808,-1.07083,2.03808,0.00000,0.00000,0,0.00027
60.3308,0.72728,0.11397,0.72728,0.11397,0.73078,0.10853,-0.56897,2.10071,-1.08051,2.02474,-1.08051,2.02474,0.00000,0.00000,0,0.00031
60.4330,0.70862,0.13469,0.70862,0.13469,0.71533,0.12851,-0.58339,2.09829,-1.08412,2.00833,-1.08412,2.00833,0.00000,0.00000,0,0.00120
60.5339,0.69680,0.14719,0.69680,0.14719,0.70361,0.14231,-0.59756,2.09554,-1.09008,1.99592,-1.09008,1.99592,0.00000,0.00000,0,0.00039
60.6349,0.68542,0.15814,0.68542,0.15814,0.69066,0.15317,-0.61146,2.09256,-1.09493,1.98535,-1.09493,1.98535,0.00000,0.00000,0,0.00029
60.7365,0.68099,0.16803,0.68099,0.16803,0.68259,0.16246,-0.62517,2.08939,-1.10298,1.97567,-1.10298,1.97567,0.00000,0.00000,0,0.00030
60.8377,0.67155,0.17441,0.67155,0.17441,0.67504,0.17115,-0.63873,2.08603,-1.11126,1.96623,-1.11126,1.96623,0.00000,0.00000,0,0.00035
60.9386,0.66523,0.18477,0.66523,0.18477,0.66922,0.18078,-0.65217,2.08249,-1.12063,1.95594,-1.12063,1.95594,0.00000,0.00000,0,0.00026
61.0401,0.66018,0.18863,0.66018,0.18863,0.66312,0.18675,-0.66548,2.07879,-1.12966,1.94807,-1.12966,1.94807,0.00000,0.00000,0,0.00103
61.1400,0.65565,0.19466,0.65565,0.19466,0.65845,0.19233,-0.67868,2.07499,-1.13960,1.94036,-1.13960,1.94036,0.00000,0.00000,0,0.00029
61.2414,0.65318,0.20250,0.65318,0.20250,0.65388,0.19895,-0.69179,2.07107,-1.14951,1.93180,-1.14951,1.93180,0.00000,0.00000,0,0.00041
61.3440,0.64321,0.21174,0.64321,0.21174,0.64770,0.20764,-0.70480,2.06698,-1.15819,1.92163,-1.15819,1.92163,0.00000,0.00000,0,0.00101
61.4451,0.62817,0.22755,0.62817,0.22755,0.63571,0.22003,-0.71763,2.06269,-1.16263,1.90867,-1.16263,1.90867,0.00000,0.00000,0,0.00029
61.5470,0.59317,0.25133,0.59317,0.25133,0.60848,0.24088,-0.73004,2.05805,-1.15597,1.88943,-1.15597,1.88943,0.00000,0.00000,0,0.00035
61.6476,0.46505,0.29178,0.46505,0.29178,0.52322,0.28918,-0.74139,2.05266,-1.10764,1.85023,-1.10764,1.85023,0.00000,0.00000,0,0.00024
61.7489,0.46376,0.32266,0.46376,0.32266,0.47703,0.32452,-0.75118,2.04632,-1.08510,1.81916,-1.08510,1.81916,0.00000,0.00000,0,0.00024
61.8506,0.46700,0.32924,0.46700,0.32924,0.46728,0.33150,-0.76057,2.03972,-1.08766,1.80767,-1.08766,1.80767,0.00000,0.00000,0,0.00027
61.9533,0.46894,0.33937,0.46894,0.33937,0.46689,0.33662,-0.76990,2.03302,-1.09673,1.79739,-1.09673,1.79739,0.00000,0.00000,0,0.00026
62.0539,0.46876,0.34017,0.46876,0.34017,0.46783,0.33961,-0.77924,2.02624,-1.10673,1.78852,-1.10673,1.78852,0.00000,0.00000,0,0.00025
62.1561,0.46459,0.33937,0.46459,0.33937,0.46499,0.33966,-0.78856,2.01945,-1.11405,1.78168,-1.11405,1.78168,0.00000,0.00000,0,0.00028
62.2587,0.46505,0.33642,-0.53495,0.33642,-0.36681,0.33770,-0.79541,2.01268,-0.53864,1.77629,-0.53864,1.77629,1.00000,0.00000,0,0.00031
62.3595,0.45742,0.33209,-0.54258,0.33209,-0.51113,0.33384,-0.78597,2.00596,-0.42818,1.77228,-0.42818,1.77228,1.00000,0.00000,0,0.00029
62.4607,0.44316,0.32761,-0.55684,0.32761,-0.54598,0.32987,-0.77528,1.99933,-0.39309,1.76842,-0.39309,1.76842,1.00000,0.00000,0,0.00026
62.5623,0.43127,0.32012,-0.56873,0.32012,-0.56201,0.32345,-0.76415,1.99281,-0.37075,1.76639,-0.37075,1.76639,1.00000,0.00000,0,0.00098
62.6627,0.42744,0.31704,-0.57256,0.31704,-0.57031,0.31873,-0.75280,1.98640,-0.35359,1.76329,-0.35359,1.76329,1.00000,0.00000,0,0.00029
62.7657,0.41983,0.30374,-0.58017,0.30374,-0.57707,0.30925,-0.74131,1.98013,-0.33736,1.76365,-0.33736,1.76365,1.00000,0.00000,0,0.00029
62.8660,0.43222,0.28355,-0.56778,0.28355,-0.57340,0.29188,-0.72978,1.97415,-0.32840,1.76984,-0.32840,1.76984,1.00000,0.00000,0,0.00028
62.9690,0.43693,0.24015,-0.56307,0.24015,-0.56415,0.26229,-0.71844,1.96862,-0.32354,1.78501,-0.32354,1.78501,1.00000,0.00000,0,0.00026
63.0698,0.45148,0.16237,-0.54852,0.16237,-0.55278,0.18778,-0.70727,1.96430,-0.32032,1.83286,-0.32032,1.83286,1.00000,0.00000,0,0.00030
63.1706,0.46056,0.14489,-0.53944,0.14489,-0.54707,0.15714,-0.69624,1.96095,-0.31329,1.85096,-0.31329,1.85096,1.00000,0.00000,0,0.00025
63.2751,0.45569,0.12898,-0.54431,0.12898,-0.54557,0.13847,-0.68532,1.95803,-0.30342,1.86110,-0.30342,1.86110,1.00000,0.00000,0,0.00026
63.3765,0.45656,0.07836,-0.54344,0.07836,-0.54441,0.10357,-0.67443,1.95564,-0.29334,1.88313,-0.29334,1.88313,1.00000,0.00000,0,0.00027
63.4807,0.43602,0.03207,-0.56398,0.03207,-0.55663,0.05067,-0.66342,1.95425,-0.27378,1.91878,-0.27378,1.91878,1.00000,0.00000,0,0.00111
63.5827,0.40726,-0.01001,-0.59274,-0.01001,-0.58140,0.01099,-0.65200,1.95425,-0.24502,1.94655,-0.24502,1.94655,1.00000,0.00000,32,0.00042
63.6839,0.35142,-0.13999,-0.64858,-0.13999,-0.62622,-0.10154,-0.63991,1.95524,-0.20156,2.02631,-0.20156,2.02631,1.00000,0.00000,0,0.00036
63.7843,0.34319,-0.15851,-0.65681,-0.15851,-0.64393,-0.14574,-0.62720,1.95785,-0.17645,2.05986,-0.17645,2.05986,1.00000,0.00000,0,0.00038
63.8871,0.33948,-0.16981,-0.66052,-0.16981,-0.65483,-0.16426,-0.61419,1.96101,-0.15581,2.07599,-0.15581,2.07599,1.00000,0.00000,0,0.00028
63.9892,0.34204,-0.17569,-0.65796,-0.17569,-0.65782,-0.17329,-0.60104,1.96441,-0.14057,2.08572,-0.14057,2.08572,1.00000,0.00000,0,0.00030
64.0900,0.34439,-0.18673,-0.65561,-0.18673,-0.65579,-0.18246,-0.58791,1.96799,-0.12886,2.09571,-0.12886,2.09571,1.00000,0.00000,0,0.00029
64.1915,0.34633,-0.19399,-0.65367,-0.19399,-0.65501,-0.19082,-0.57479,1.97175,-0.11629,2.10532,-0.11629,2.10532,1.00000,0.00000,0,0.00038
64.2942,0.35068,-0.20928,-0.64932,-0.20928,-0.65090,-0.20292,-0.56174,1.97570,-0.10611,2.11774,-0.10611,2.11774,1.00000,0.00000,0,0.00026
64.3959,0.35249,-0.23287,-0.64751,-0.23287,-0.64774,-0.22026,-0.54877,1.97994,-0.09536,2.13412,-0.09536,2.13412,1.00000,0.00000,0,0.00032
64.4976,0.37076,-0.34693,-0.62924,-0.34693,-0.63753,-0.30588,-0.53590,1.98529,-0.08963,2.19941,-0.08963,2.19941,1.00000,0.00000,0,0.00026
64.6024,0.38825,-0.35940,-0.61175,-0.35940,-0.62212,-0.34821,-0.52331,1.99199,-0.08783,2.23574,-0.08783,2.23574,1.00000,0.00000,0,0.00028
64.7035,0.41402,-0.37253,-0.58598,-0.37253,-0.59943,-0.36545,-0.51113,1.99918,-0.09153,2.25500,-0.09153,2.25500,1.00000,0.00000,0,0.00027
64.8053,0.43500,-0.38623,-0.56500,-0.38623,-0.57650,-0.37824,-0.49942,2.00663,-0.09587,2.27140,-0.09587,2.27140,1.00000,0.00000,0,0.00026
64.9064,0.46734,-0.41076,-0.53266,-0.41076,-0.54857,-0.39889,-0.48820,2.01442,-0.10420,2.29364,-0.10420,2.29364,1.00000,0.00000,0,0.00037
65.0081,0.48549,-0.42133,-0.51451,-0.42133,-0.52377,-0.41536,-0.47755,2.02261,-0.11091,2.31337,-0.11091,2.31337,1.00000,0.00000,0,0.00034
65.1094,0.51541,-0.43081,-0.48459,-0.43081,-0.49858,-0.42591,-0.46736,2.03105,-0.11835,2.32919,-0.11835,2.32919,1.00000,0.00000,0,0.00026
65.2108,0.55686,-0.44858,0.55686,-0.44858,0.04808,-0.44059,-0.44570,2.03974,-0.47935,2.34815,-0.47935,2.34815,0.00000,0.00000,16,0.00035
65.3122,0.56755,-0.45585,0.56755,-0.45585,0.47908,-0.45361,-0.45298,2.04873,-0.78833,2.36625,-0.78833,2.36625,0.00000,0.00000,0,0.00030
65.4144,0.63178,-0.41195,0.63178,-0.41195,0.59436,-0.42045,-0.46401,2.05744,-0.88006,2.35176,-0.88006,2.35176,0.00000,0.00000,0,0.00025
65.5160,0.65857,-0.36717,0.65857,-0.36717,0.64411,-0.38124,-0.47658,2.06535,-0.92746,2.33222,-0.92746,2.33222,0.00000,0.00000,0,0.00037
65.6176,0.70683,-0.31362,0.70683,-0.31362,0.69413,-0.33152,-0.49014,2.07236,-0.97603,2.30443,-0.97603,2.30443,0.00000,0.00000,0,0.00029
65.7214,0.71814,-0.26777,0.71814,-0.26777,0.71290,-0.28826,-0.50428,2.07849,-1.00331,2.28028,-1.00331,2.28028,0.00000,0.00000,0,0.00090
65.8238,0.73531,-0.21019,0.73531,-0.21019,0.72769,-0.23825,-0.51872,2.08370,-1.02810,2.25047,-1.02810,2.25047,0.00000,0.00000,0,0.00108
65.9242,0.75920,-0.07433,0.75920,-0.07433,0.74947,-0.13043,-0.53352,2.08722,-1.05815,2.17853,-1.05815,2.17853,0.00000,0.00000,0,0.00026
66.0246,0.75121,-0.00582,0.75121,-0.00582,0.75413,-0.04176,-0.54862,2.08852,-1.07651,2.11775,-1.07651,2.11775,0.00000,0.00000,32,0.00025
66.1284,0.74270,0.08728,0.74270,0.08728,0.74646,0.04504,-0.56362,2.08852,-1.08615,2.05699,-1.08615,2.05699,0.00000,0.00000,32,0.00030
66.2296,0.74288,0.11462,0.74288,0.11462,0.74444,0.09907,-0.57853,2.08688,-1.09963,2.01754,-1.09963,2.01754,0.00000,0.00000,0,0.00034
66.3307,0.73349,0.13799,0.73349,0.13799,0.73574,0.12626,-0.59331,2.08458,-1.10833,1.99619,-1.10833,1.99619,0.00000,0.00000,0,0.00029
66.4332,0.72094,0.15626,0.72094,0.15626,0.72637,0.14659,-0.60791,2.08181,-1.11638,1.97920,-1.11638,1.97920,0.00000,0.00000,0,0.00048
66.5343,0.71209,0.17152,0.71209,0.17152,0.71652,0.16395,-0.62233,2.07867,-1.12389,1.96391,-1.12389,1.96391,0.00000,0.00000,0,0.00033
66.6349,0.70031,0.18254,0.70031,0.18254,0.70532,0.17801,-0.63652,2.07520,-1.13024,1.95060,-1.13024,1.95060,0.00000,0.00000,0,0.00031
66.7360,0.69639,0.19255,0.69639,0.19255,0.69855,0.18866,-0.65054,2.07151,-1.13952,1.93944,-1.13952,1.93944,0.00000,0.00000,0,0.00038
66.8381,0.69147,0.19830,0.69147,0.19830,0.69317,0.19441,-0.66444,2.06767,-1.14966,1.93159,-1.14966,1.93159,0.00000,0.00000,0,0.00028
66.9401,0.68829,0.20591,0.68829,0.20591,0.69020,0.20210,-0.67827,2.06369,-1.16141,1.92222,-1.16141,1.92222,0.00000,0.00000,0,0.00028
67.0407,0.68439,0.21116,0.68439,0.21116,0.68645,0.20873,-0.69203,2.05957,-1.17255,1.91345,-1.17255,1.91345,0.00000,0.00000,0,0.00028
67.1431,0.67584,0.21789,0.67584,0.21789,0.67951,0.21388,-0.70568,2.05534,-1.18134,1.90563,-1.18134,1.90563,0.00000,0.00000,0,0.00026
67.2442,0.66408,0.23323,0.66408,0.23323,0.66940,0.22613,-0.71916,2.05093,-1.18774,1.89263,-1.18774,1.89263,0.00000,0.00000,0,0.00027
67.3462,0.64083,0.25119,0.64083,0.25119,0.65212,0.24310,-0.73236,2.04621,-1.18885,1.87604,-1.18885,1.87604,0.00000,0.00000,0,0.00028
67.4484,0.59990,0.28053,0.59990,0.28053,0.61822,0.26735,-0.74503,2.04107,-1.17778,1.85393,-1.17778,1.85393,0.00000,0.00000,0,0.00028
67.5546,0.47815,0.35067,0.47815,0.35067,0.51328,0.32300,-0.75612,2.03501,-1.11541,1.80890,-1.11541,1.80890,0.00000,0.00000,0,0.00128
67.6559,0.48605,0.35705,0.48605,0.35705,0.49079,0.34821,-0.76608,2.02814,-1.10964,1.78440,-1.10964,1.78440,0.00000,0.00000,0,0.00033
67.7563,0.48174,0.36684,0.48174,0.36684,0.48447,0.35831,-0.77581,2.02105,-1.11494,1.77023,-1.11494,1.77023,0.00000,0.00000,0,0.00027
67.8586,0.48441,0.35907,0.48441,0.35907,0.48447,0.35900,-0.78550,2.01387,-1.12463,1.76258,-1.12463,1.76258,0.00000,0.00000,0,0.00031
67.9607,0.48494,0.35904,0.48494,0.35904,0.48513,0.35912,-0.79519,2.00670,-1.13478,1.75531,-1.13478,1.75531,0.00000,0.00000,0,0.00030
68.0634,0.48810,0.36069,0.48810,0.36069,0.48791,0.36072,-0.80494,1.99950,-1.14647,1.74699,-1.14647,1.74699,0.00000,0.00000,0,0.00030
68.1650,0.49244,0.36984,0.49244,0.36984,0.49075,0.36687,-0.81472,1.99221,-1.15825,1.73540,-1.15825,1.73540,0.00000,0.00000,0,0.00030
68.2668,0.49475,0.37303,-0.50525,0.37303,-0.26654,0.37173,-0.82490,1.98481,-0.63832,1.72461,-0.63832,1.72461,1.00000,0.00000,0,0.00030
68.3690,0.48379,0.36123,-0.51621,0.36123,-0.47160,0.36635,-0.81660,1.97741,-0.48648,1.72097,-0.48648,1.72097,1.00000,0.00000,0,0.00031
68.4702,0.46381,0.35183,-0.53619,0.35183,-0.52151,0.35633,-0.80647,1.97021,-0.44142,1.72077,-0.44142,1.72077,1.00000,0.00000,0,0.00027
68.5736,0.45231,0.34243,-0.54769,0.34243,-0.54073,0.34649,-0.79579,1.96320,-0.41728,1.72066,-0.41728,1.72066,1.00000,0.00000,0,0.00026
68.6739,0.43562,0.33311,-0.56438,0.33311,-0.55749,0.33794,-0.78477,1.95638,-0.39452,1.71982,-0.39452,1.71982,1.00000,0.00000,0,0.00025
68.7754,0.42407,0.32048,-0.57593,0.32048,-0.56940,0.32666,-0.77348,1.94974,-0.37490,1.72108,-0.37490,1.72108,1.00000,0.00000,0,0.00028
68.8768,0.41999,0.30495,-0.58001,0.30495,-0.57910,0.31147,-0.76196,1.94339,-0.35658,1.72536,-0.35658,1.72536,1.00000,0.00000,0,0.00034
68.9780,0.43456,0.28033,-0.56544,0.28033,-0.56981,0.29207,-0.75048,1.93738,-0.35161,1.73293,-0.35161,1.73293,1.00000,0.00000,0,0.00047
69.0789,0.44478,0.22563,-0.55522,0.22563,-0.55817,0.25525,-0.73923,1.93191,-0.34851,1.75323,-0.34851,1.75323,1.00000,0.00000,0,0.00025
69.1836,0.45560,0.15943,-0.54440,0.15943,-0.54503,0.18106,-0.72822,1.92779,-0.34671,1.80104,-0.34671,1.80104,1.00000,0.00000,0,0.00045
69.2868,0.46149,0.14831,-0.53851,0.14831,-0.54271,0.15609,-0.71732,1.92448,-0.33743,1.81521,-0.33743,1.81521,1.00000,0.00000,0,0.00036
69.3874,0.45638,0.13038,-0.54362,0.13038,-0.54357,0.13851,-0.70645,1.92157,-0.32595,1.82461,-0.32595,1.82461,1.00000,0.00000,0,0.00030
69.4886,0.45466,0.09415,-0.54534,0.09415,-0.54482,0.11142,-0.69557,1.91910,-0.31420,1.84110,-0.31420,1.84110,1.00000,0.00000,0,0.00026
69.5899,0.42783,0.03560,-0.57217,0.03560,-0.56237,0.05642,-0.68450,1.91754,-0.29085,1.87804,-0.29085,1.87804,1.00000,0.00000,0,0.00030
69.6934,0.41841,0.00986,-0.58159,0.00986,-0.57452,0.02337,-0.67312,1.91754,-0.27095,1.90117,-0.27095,1.90117,1.00000,0.00000,32,0.00109
69.7940,0.39204,-0.12079,-0.60796,-0.12079,-0.59019,-0.06139,-0.66149,1.91778,-0.24836,1.96076,-0.24836,1.96076,1.00000,0.00000,0,0.00031
69.8951,0.39474,-0.13898,-0.60526,-0.13898,-0.60420,-0.12157,-0.64942,1.91986,-0.22648,2.00496,-0.22648,2.00496,1.00000,0.00000,0,0.00025
69.9961,0.39530,-0.14784,-0.60470,-0.14784,-0.60658,-0.14183,-0.63728,1.92257,-0.21267,2.02185,-0.21267,2.02185,1.00000,0.00000,0,0.00037
70.0971,0.39181,-0.15636,-0.60819,-0.15636,-0.60854,-0.15122,-0.62512,1.92552,-0.19914,2.03137,-0.19914,2.03137,1.00000,0.00000,0,0.00033
70.1976,0.39021,-0.16102,-0.60979,-0.16102,-0.60981,-0.15798,-0.61292,1.92862,-0.18605,2.03921,-0.18605,2.03921,1.00000,0.00000,0,0.00024
70.2994,0.39062,-0.16848,-0.60938,-0.16848,-0.61011,-0.16473,-0.60072,1.93186,-0.17364,2.04717,-0.17364,2.04717,1.00000,0.00000,0,0.00025
70.4010,0.39179,-0.17489,-0.60821,-0.17489,-0.60799,-0.17153,-0.58854,1.93523,-0.16295,2.05531,-0.16295,2.05531,1.00000,0.00000,0,0.00027
70.5027,0.39497,-0.18316,-0.60503,-0.18316,-0.60629,-0.17905,-0.57640,1.93876,-0.15200,2.06409,-0.15200,2.06409,1.00000,0.00000,0,0.00027
70.6067,0.39449,-0.19137,-0.60551,-0.19137,-0.60595,-0.18727,-0.56427,1.94244,-0.14010,2.07353,-0.14010,2.07353,1.00000,0.00000,0,0.00028
70.7088,0.40081,-0.20063,-0.59919,-0.20063,-0.60131,-0.19594,-0.55220,1.94628,-0.13129,2.08344,-0.13129,2.08344,1.00000,0.00000,0,0.00029
70.8116,0.39915,-0.27142,-0.60085,-0.27142,-0.60093,-0.23331,-0.54019,1.95051,-0.11954,2.11383,-0.11954,2.11383,1.00000,0.00000,0,0.00159
70.9125,0.41224,-0.32650,-0.58776,-0.32650,-0.59038,-0.30642,-0.52832,1.95615,-0.11506,2.17064,-0.11506,2.17064,1.00000,0.00000,0,0.00031
71.0153,0.42862,-0.34051,-0.57138,-0.34051,-0.57829,-0.33135,-0.51664,1.96260,-0.11183,2.19455,-0.11183,2.19455,1.00000,0.00000,0,0.00028
71.1160,0.44750,-0.35143,-0.55250,-0.35143,-0.56063,-0.34606,-0.50528,1.96942,-0.11284,2.21166,-0.11284,2.21166,1.00000,0.00000,0,0.00049
71.2193,0.46720,-0.36170,0.46720,-0.36170,-0.24132,-0.35703,-0.48391,1.97648,-0.32657,2.22640,-0.31498,2.22640,0.00000,0.00000,1,0.00027
71.3209,0.48277,-0.37275,0.48277,-0.37275,0.35934,-0.36869,-0.48798,1.98376,-0.73952,2.24184,-0.73952,2.24184,0.00000,0.00000,0,0.00028
71.4247,0.48467,-0.37166,0.48467,-0.37166,0.46264,-0.37193,-0.49669,1.99120,-0.82054,2.25155,-0.82054,2.25155,0.00000,0.00000,0,0.00027
71.5262,0.48068,-0.34606,0.48068,-0.34606,0.47938,-0.35589,-0.50620,1.99847,-0.84177,2.24760,-0.84177,2.24760,0.00000,0.00000,0,0.00026
71.6288,0.48213,-0.32903,0.48213,-0.32903,0.48081,-0.33746,-0.51581,2.00537,-0.85237,2.24159,-0.85237,2.24159,0.00000,0.00000,0,0.00041
71.7293,0.49456,-0.29858,0.49456,-0.29858,0.48576,-0.31675,-0.52545,2.01190,-0.86548,2.23363,-0.86548,2.23363,0.00000,0.00000,0,0.00022
71.8313,0.54913,-0.25079,0.54913,-0.25079,0.53174,-0.27640,-0.53578,2.01778,-0.90800,2.21126,-0.90800,2.21126,0.00000,0.00000,0,0.00030
71.9348,0.56266,-0.19254,0.56266,-0.19254,0.55299,-0.22615,-0.54666,2.02277,-0.93376,2.18108,-0.93376,2.18108,0.00000,0.00000,0,0.00042
72.0362,0.62763,-0.05241,0.62763,-0.05241,0.59958,-0.11076,-0.55819,2.02601,-0.97790,2.10354,-0.97790,2.10354,0.00000,0.00000,0,0.00032
72.1378,0.65020,0.01354,0.65020,0.01354,0.63916,-0.01432,-0.57073,2.02657,-1.01814,2.03660,-1.01814,2.03660,0.00000,0.00000,32,0.00026
72.2390,0.65461,0.03799,0.65461,0.03799,0.65108,0.02428,-0.58367,2.02657,-1.03942,2.00957,-1.03942,2.00957,0.00000,0.00000,32,0.00031
72.3448,0.65946,0.09127,0.65946,0.09127,0.65605,0.06200,-0.59674,2.02632,-1.05598,1.98292,-1.05598,1.98292,0.00000,0.00000,0,0.00027
72.4463,0.65653,0.15478,0.65653,0.15478,0.65673,0.12915,-0.60988,2.02424,-1.06959,1.93384,-1.06959,1.93384,0.00000,0.00000,0,0.00033
72.5467,0.65995,0.16677,0.65995,0.16677,0.65881,0.15834,-0.62305,2.02126,-1.08421,1.91042,-1.08421,1.91042,0.00000,0.00000,0,0.00026
72.6484,0.65415,0.17531,0.65415,0.17531,0.65646,0.17058,-0.63620,2.01793,-1.09572,1.89852,-1.09572,1.89852,0.00000,0.00000,0,0.00025
72.7506,0.65744,0.18258,0.65744,0.18258,0.65657,0.17892,-0.64933,2.01441,-1.10893,1.88917,-1.10893,1.88917,0.00000,0.00000,0,0.00029
72.8526,0.65326,0.19368,0.65326,0.19368,0.65540,0.18895,-0.66245,2.01072,-1.12123,1.87846,-1.12123,1.87846,0.00000,0.00000,0,0.00030
72.9538,0.65249,0.20105,0.65249,0.20105,0.65328,0.19703,-0.67553,2.00685,-1.13283,1.86893,-1.13283,1.86893,0.00000,0.00000,0,0.00026
73.0545,0.65087,0.20721,0.65087,0.20721,0.65231,0.20499,-0.68859,2.00280,-1.14521,1.85931,-1.14521,1.85931,0.00000,0.00000,0,0.00024
73.1560,0.64619,0.21565,0.64619,0.21565,0.64907,0.21171,-0.70161,1.99863,-1.15595,1.85043,-1.15595,1.85043,0.00000,0.00000,0,0.00041
73.2587,0.64923,0.22565,0.64923,0.22565,0.64882,0.22090,-0.71458,1.99428,-1.16876,1.83965,-1.16876,1.83965,0.00000,0.00000,0,0.00030
73.3590,0.64037,0.23079,0.64037,0.23079,0.64346,0.22826,-0.72750,1.98977,-1.17792,1.82999,-1.17792,1.82999,0.00000,0.00000,0,0.00026
73.4616,0.63151,0.23775,0.63151,0.23775,0.63523,0.23455,-0.74027,1.98513,-1.18493,1.82095,-1.18493,1.82095,0.00000,0.00000,0,0.00053
73.5652,0.60925,0.25524,0.60925,0.25524,0.61997,0.24699,-0.75282,1.98031,-1.18680,1.80741,-1.18680,1.80741,0.00000,0.00000,0,0.00025
73.6690,0.56022,0.29443,0.56022,0.29443,0.58465,0.27248,-0.76484,1.97512,-1.17410,1.78438,-1.17410,1.78438,0.00000,0.00000,0,0.00028
73.7708,0.47952,0.35840,0.47952,0.35840,0.49568,0.32917,-0.77532,1.96892,-1.12230,1.73851,-1.12230,1.73851,0.00000,0.00000,0,0.00028
73.8731,0.47561,0.35537,0.47561,0.35537,0.47699,0.34487,-0.78497,1.96213,-1.11887,1.72072,-1.11887,1.72072,0.00000,0.00000,0,0.00029
73.9740,0.46792,0.35440,0.46792,0.35440,0.47133,0.34890,-0.79443,1.95520,-1.12436,1.71097,-1.12436,1.71097,0.00000,0.00000,0,0.00029
74.0759,0.47107,0.35061,0.47107,0.35061,0.47086,0.35172,-0.80386,1.94818,-1.13346,1.70198,-1.13346,1.70198,0.00000,0.00000,0,0.00027
74.1770,0.47131,0.34938,0.47131,0.34938,0.47153,0.35068,-0.81329,1.94115,-1.14337,1.69568,-1.14337,1.69568,0.00000,0.00000,0,0.00105
