t_s,roll,pitch,err_r,err_p,err_r_filt,err_p_filt,integ_r,integ_p,pi_out_r,pi_out_p,corr_r,corr_p,target_roll,target_pitch,clip_flags,dt_actual
0.0000,0.02373,-0.15786,0.02373,-0.15786,0.01867,-0.15762,-0.50669,1.64757,-0.51976,1.75791,-0.51976,1.75791,0.00000,0.00000,16,0.00030
0.1041,0.02591,-0.15836,0.02591,-0.15836,0.02617,-0.15881,-0.50669,1.65074,-0.52501,1.76191,-0.52501,1.76191,0.00000,0.00000,16,0.00031
0.2061,0.03463,-0.15192,0.03463,-0.15192,0.03009,-0.15456,-0.50669,1.65388,-0.52776,1.76207,-0.52776,1.76207,0.00000,0.00000,16,0.00031
0.3095,0.03223,-0.15117,0.03223,-0.15117,0.03262,-0.15262,-0.50669,1.65694,-0.52953,1.76378,-0.52953,1.76378,0.00000,0.00000,16,0.00026
0.4101,0.03609,-0.14718,0.03609,-0.14718,0.03578,-0.14892,-0.50669,1.65995,-0.53174,1.76420,-0.53174,1.76420,0.00000,0.00000,16,0.00026
0.5111,0.03593,-0.14292,0.03593,-0.14292,0.03704,-0.14456,-0.50669,1.66288,-0.53262,1.76407,-0.53262,1.76407,0.00000,0.00000,16,0.00032
0.6126,0.03211,-0.13764,0.03211,-0.13764,0.03358,-0.14003,-0.50669,1.66572,-0.53020,1.76374,-0.53020,1.76374,0.00000,0.00000,16,0.00027
0.7154,0.03576,-0.13177,0.03576,-0.13177,0.03314,-0.13489,-0.50669,1.66846,-0.52989,1.76288,-0.52989,1.76288,0.00000,0.00000,16,0.00095
0.8156,0.03865,-0.11796,0.03865,-0.11796,0.03556,-0.12512,-0.50669,1.67106,-0.53158,1.75864,-0.53158,1.75864,0.00000,0.00000,16,0.00035
0.9187,0.07648,-0.04045,0.07648,-0.04045,0.06352,-0.08134,-0.50739,1.67316,-0.55185,1.73010,-0.55185,1.73010,0.00000,0.00000,0,0.00028
1.0194,0.07476,0.00065,0.07476,0.00065,0.06885,-0.01597,-0.50870,1.67341,-0.55690,1.68459,-0.55690,1.68459,0.00000,0.00000,32,0.00027
1.1221,0.07733,0.00807,0.07733,0.00807,0.07504,0.00255,-0.51016,1.67341,-0.56269,1.67163,-0.56269,1.67163,0.00000,0.00000,32,0.00035
1.2240,0.08134,0.01114,0.08134,0.01114,0.07874,0.00922,-0.51170,1.67341,-0.56682,1.66696,-0.56682,1.66696,0.00000,0.00000,32,0.00120
1.3246,0.07333,0.01132,0.07333,0.01132,0.07521,0.01027,-0.51323,1.67341,-0.56587,1.66622,-0.56587,1.66622,0.00000,0.00000,32,0.00030
1.4253,0.07277,0.00832,0.07277,0.00832,0.07326,0.00953,-0.51470,1.67341,-0.56599,1.66674,-0.56599,1.66674,0.00000,0.00000,32,0.00037
1.5295,0.07161,0.00957,0.07161,0.00957,0.07183,0.00921,-0.51614,1.67341,-0.56642,1.66696,-0.56642,1.66696,0.00000,0.00000,32,0.00097
1.6330,0.07353,0.00949,0.07353,0.00949,0.07343,0.01011,-0.51760,1.67341,-0.56900,1.66633,-0.56900,1.66633,0.00000,0.00000,32,0.00102
1.7332,0.07513,0.01014,0.07513,0.01014,0.07423,0.01021,-0.51908,1.67341,-0.57104,1.66626,-0.57104,1.66626,0.00000,0.00000,32,0.00026
1.8347,0.07768,0.01057,0.07768,0.01057,0.07601,0.01035,-0.52057,1.67341,-0.57378,1.66616,-0.57378,1.66616,0.00000,0.00000,32,0.00038
1.9367,0.08377,0.01485,0.08377,0.01485,0.08104,0.01303,-0.52216,1.67341,-0.57889,1.66429,-0.57889,1.66429,0.00000,0.00000,32,0.00028
2.0386,0.08565,0.01453,0.08565,0.01453,0.08403,0.01413,-0.52382,1.67341,-0.58263,1.66352,-0.58263,1.66352,0.00000,0.00000,32,0.00028
2.1391,0.07661,0.01407,0.07661,0.01407,0.08186,0.01446,-0.52549,1.67341,-0.58279,1.66329,-0.58279,1.66329,0.00000,0.00000,32,0.00027
2.2398,0.07818,0.01910,0.07818,0.01910,0.07851,0.01680,-0.52708,1.67341,-0.58204,1.66165,-0.58204,1.66165,0.00000,0.00000,32,0.00027
2.3420,0.07113,0.01893,0.07113,0.01893,0.07455,0.01891,-0.52860,1.67341,-0.58079,1.66017,-0.58079,1.66017,0.00000,0.00000,32,0.00033
2.4450,0.06983,0.02248,0.06983,0.02248,0.07084,0.02127,-0.53005,1.67341,-0.57964,1.65852,-0.57964,1.65852,0.00000,0.00000,32,0.00107
2.5450,0.07090,0.02332,0.07090,0.02332,0.07026,0.02277,-0.53145,1.67341,-0.58064,1.65747,-0.58064,1.65747,0.00000,0.00000,32,0.00031
2.6456,0.07214,0.02552,0.07214,0.02552,0.07131,0.02429,-0.53286,1.67341,-0.58278,1.65641,-0.58278,1.65641,0.00000,0.00000,32,0.00031
2.7473,0.07585,0.02983,0.07585,0.02983,0.07380,0.02755,-0.53431,1.67341,-0.58598,1.65413,-0.58598,1.65413,0.00000,0.00000,32,0.00028
2.8485,0.07556,0.03100,0.07556,0.03100,0.07384,0.02977,-0.53578,1.67341,-0.58747,1.65257,-0.58747,1.65257,0.00000,0.00000,32,0.00034
2.9503,0.07793,0.03320,0.07793,0.03320,0.07696,0.03214,-0.53730,1.67341,-0.59117,1.65091,-0.59117,1.65091,0.00000,0.00000,32,0.00034
3.0516,0.07954,0.03483,0.07954,0.03483,0.07799,0.03388,-0.53885,1.67341,-0.59344,1.64970,-0.59344,1.64970,0.00000,0.00000,32,0.00029
3.1562,0.07779,0.03562,0.07779,0.03562,0.07907,0.03531,-0.54043,1.67341,-0.59578,1.64869,-0.59578,1.64869,0.00000,0.00000,32,0.00177
3.2558,0.08341,0.03676,0.08341,0.03676,0.08175,0.03651,-0.54204,1.67341,-0.59927,1.64785,-0.59927,1.64785,0.00000,0.00000,32,0.00038
3.3570,0.08265,0.03881,0.08265,0.03881,0.08232,0.03791,-0.54368,1.67341,-0.60131,1.64687,-0.60131,1.64687,0.00000,0.00000,32,0.00030
3.4586,0.07941,0.03782,0.07941,0.03782,0.08159,0.03909,-0.54534,1.67341,-0.60245,1.64605,-0.60245,1.64605,0.00000,0.00000,32,0.00025
3.5609,0.07363,0.03694,0.07363,0.03694,0.07674,0.03749,-0.54691,1.67341,-0.60063,1.64717,-0.60063,1.64717,0.00000,0.00000,32,0.00028
3.6620,0.07290,0.04063,0.07290,0.04063,0.07565,0.03899,-0.54844,1.67341,-0.60139,1.64612,-0.60139,1.64612,0.00000,0.00000,32,0.00029
3.7629,0.07569,0.04411,0.07569,0.04411,0.07430,0.04228,-0.54992,1.67341,-0.60193,1.64381,-0.60193,1.64381,0.00000,0.00000,32,0.00024
3.8649,0.07152,0.04572,0.07152,0.04572,0.07338,0.04391,-0.55140,1.67341,-0.60277,1.64267,-0.60277,1.64267,0.00000,0.00000,32,0.00031
3.9672,0.07483,0.04314,0.07483,0.04314,0.07237,0.04340,-0.55284,1.67341,-0.60350,1.64303,-0.60350,1.64303,0.00000,0.00000,32,0.00028
4.0686,0.07452,0.04322,0.07452,0.04322,0.07500,0.04338,-0.55432,1.67341,-0.60683,1.64305,-0.60683,1.64305,0.00000,0.00000,32,0.00025
4.1695,0.07569,0.04461,0.07569,0.04461,0.07650,0.04474,-0.55585,1.67341,-0.60940,1.64209,-0.60940,1.64209,0.00000,0.00000,32,0.00032
4.2719,0.07527,0.04664,0.07527,0.04664,0.07575,0.04574,-0.55737,1.67341,-0.61040,1.64139,-0.61040,1.64139,0.00000,0.00000,32,0.00026
4.3728,0.07033,0.04803,0.07033,0.04803,0.07316,0.04752,-0.55886,1.67341,-0.61007,1.64015,-0.61007,1.64015,0.00000,0.00000,32,0.00035
4.4738,0.07139,0.04875,0.07139,0.04875,0.07194,0.04854,-0.56030,1.67341,-0.61066,1.63943,-0.61066,1.63943,0.00000,0.00000,32,0.00026
4.5748,0.06713,0.04677,0.06713,0.04677,0.06868,0.04774,-0.56170,1.67341,-0.60978,1.64000,-0.60978,1.64000,0.00000,0.00000,32,0.00027
4.6764,0.06669,0.04898,0.06669,0.04898,0.06821,0.04925,-0.56307,1.67341,-0.61082,1.63893,-0.61082,1.63893,0.00000,0.00000,32,0.00027
4.7772,0.06515,0.04979,0.06515,0.04979,0.06524,0.04946,-0.56440,1.67341,-0.61007,1.63879,-0.61007,1.63879,0.00000,0.00000,32,0.00026
4.8828,0.06352,0.05041,0.06352,0.05041,0.06417,0.04957,-0.56569,1.67341,-0.61060,1.63871,-0.61060,1.63871,0.00000,0.00000,32,0.00029
4.9831,0.06626,0.05555,0.06626,0.05555,0.06590,0.05356,-0.56699,1.67237,-0.61312,1.63488,-0.61312,1.63488,0.00000,0.00000,0,0.00027
5.0854,0.06591,0.05628,0.06591,0.05628,0.06666,0.05552,-0.56833,1.67127,-0.61499,1.63241,-0.61499,1.63241,0.00000,0.00000,0,0.00029
5.1890,0.07151,0.06011,0.07151,0.06011,0.06971,0.05953,-0.56970,1.67011,-0.61849,1.62844,-0.61849,1.62844,0.00000,0.00000,0,0.00027
5.2898,0.07448,0.05554,0.07448,0.05554,0.07322,0.05700,-0.57113,1.66894,-0.62239,1.62904,-0.62239,1.62904,0.00000,0.00000,0,0.00033
5.3915,0.07419,0.05640,0.07419,0.05640,0.07438,0.05677,-0.57262,1.66781,-0.62468,1.62807,-0.62468,1.62807,0.00000,0.00000,0,0.00026
5.4918,0.07197,0.05639,0.07197,0.05639,0.07205,0.05591,-0.57407,1.66669,-0.62450,1.62755,-0.62450,1.62755,0.00000,0.00000,0,0.00026
5.5946,0.07267,0.05949,0.07267,0.05949,0.07237,0.05726,-0.57551,1.66557,-0.62617,1.62548,-0.62617,1.62548,0.00000,0.00000,0,0.00068
5.6971,0.06857,0.07046,0.06857,0.07046,0.06942,0.06489,-0.57692,1.66435,-0.62552,1.61892,-0.62552,1.61892,0.00000,0.00000,0,0.00030
5.7981,0.06302,0.07438,0.06302,0.07438,0.06601,0.07196,-0.57827,1.66296,-0.62448,1.61259,-0.62448,1.61259,0.00000,0.00000,0,0.00037
5.8997,0.06177,0.07376,0.06177,0.07376,0.06235,0.07380,-0.57955,1.66149,-0.62319,1.60983,-0.62319,1.60983,0.00000,0.00000,0,0.00057
6.0024,0.06020,0.08069,0.06020,0.08069,0.06142,0.07845,-0.58079,1.65996,-0.62378,1.60504,-0.62378,1.60504,0.00000,0.00000,0,0.00159
6.1024,0.06299,0.08451,0.06299,0.08451,0.06239,0.08252,-0.58202,1.65834,-0.62569,1.60058,-0.62569,1.60058,0.00000,0.00000,0,0.00037
6.2040,0.06375,0.08387,0.06375,0.08387,0.06358,0.08358,-0.58328,1.65667,-0.62779,1.59817,-0.62779,1.59817,0.00000,0.00000,0,0.00028
6.3057,0.06670,0.08694,0.06670,0.08694,0.06544,0.08579,-0.58457,1.65498,-0.63038,1.59493,-0.63038,1.59493,0.00000,0.00000,0,0.00029
6.4096,0.06917,0.08764,0.06917,0.08764,0.06792,0.08672,-0.58591,1.65325,-0.63346,1.59254,-0.63346,1.59254,0.00000,0.00000,0,0.00027
6.5118,0.07625,0.09201,0.07625,0.09201,0.07335,0.09025,-0.58733,1.65148,-0.63867,1.58830,-0.63867,1.58830,0.00000,0.00000,0,0.00032
6.6128,0.08098,0.09515,0.08098,0.09515,0.07820,0.09357,-0.58885,1.64963,-0.64359,1.58414,-0.64359,1.58414,0.00000,0.00000,0,0.00028
6.7141,0.08078,0.09826,0.08078,0.09826,0.08030,0.09673,-0.59044,1.64772,-0.64665,1.58001,-0.64665,1.58001,0.00000,0.00000,0,0.00027
6.8153,0.08391,0.09894,0.08391,0.09894,0.08198,0.09853,-0.59206,1.64577,-0.64945,1.57680,-0.64945,1.57680,0.00000,0.00000,0,0.00024
6.9185,0.08149,0.09788,0.08149,0.09788,0.08117,0.09767,-0.59369,1.64381,-0.65050,1.57544,-0.65050,1.57544,0.00000,0.00000,0,0.00100
7.0199,0.07679,0.09265,0.07679,0.09265,0.07907,0.09465,-0.59529,1.64189,-0.65065,1.57564,-0.65065,1.57564,0.00000,0.00000,0,0.00032
7.1207,0.07855,0.08952,0.07855,0.08952,0.07876,0.09085,-0.59688,1.64004,-0.65201,1.57644,-0.65201,1.57644,0.00000,0.00000,0,0.00026
7.2225,0.07305,0.08764,0.07305,0.08764,0.07536,0.08820,-0.59841,1.63826,-0.65116,1.57652,-0.65116,1.57652,0.00000,0.00000,0,0.00033
7.3259,0.07342,0.08831,0.07342,0.08831,0.07270,0.08853,-0.59988,1.63649,-0.65076,1.57452,-0.65076,1.57452,0.00000,0.00000,0,0.00027
7.4271,0.06641,0.08895,0.06641,0.08895,0.06942,0.08904,-0.60130,1.63470,-0.64989,1.57238,-0.64989,1.57238,0.00000,0.00000,0,0.00031
7.5302,0.06778,0.09097,0.06778,0.09097,0.06817,0.09044,-0.60267,1.63291,-0.65039,1.56961,-0.65039,1.56961,0.00000,0.00000,0,0.00026
7.6305,0.06499,0.08678,0.06499,0.08678,0.06581,0.08836,-0.60400,1.63112,-0.65007,1.56927,-0.65007,1.56927,0.00000,0.00000,0,0.00025
7.7327,0.06431,0.08817,0.06431,0.08817,0.06516,0.08815,-0.60531,1.62936,-0.65092,1.56766,-0.65092,1.56766,0.00000,0.00000,0,0.00030
7.8362,0.06251,0.08410,0.06251,0.08410,0.06263,0.08575,-0.60657,1.62762,-0.65041,1.56760,-0.65041,1.56760,0.00000,0.00000,0,0.00028
7.9387,0.06243,0.08114,0.06243,0.08114,0.06315,0.08240,-0.60783,1.62595,-0.65204,1.56827,-0.65204,1.56827,0.00000,0.00000,0,0.00030
8.0400,0.06751,0.07820,0.06751,0.07820,0.06653,0.07945,-0.60915,1.62434,-0.65572,1.56872,-0.65572,1.56872,0.00000,0.00000,0,0.00030
8.1415,0.06445,0.07749,0.06445,0.07749,0.06571,0.07800,-0.61047,1.62277,-0.65646,1.56817,-0.65646,1.56817,0.00000,0.00000,0,0.00024
8.2443,0.06996,0.07974,0.06996,0.07974,0.06785,0.07903,-0.61180,1.62120,-0.65930,1.56588,-0.65930,1.56588,0.00000,0.00000,0,0.00153
8.3452,0.06934,0.08125,0.06934,0.08125,0.06809,0.08087,-0.61315,1.61960,-0.66082,1.56299,-0.66082,1.56299,0.00000,0.00000,0,0.00030
8.4483,0.07088,0.07901,0.07088,0.07901,0.07027,0.07899,-0.61455,1.61801,-0.66373,1.56271,-0.66373,1.56271,0.00000,0.00000,0,0.00036
8.5487,0.07334,0.07676,0.07334,0.07676,0.07201,0.07726,-0.61597,1.61645,-0.66638,1.56236,-0.66638,1.56236,0.00000,0.00000,0,0.00034
8.6506,0.07026,0.07513,0.07026,0.07513,0.07254,0.07572,-0.61743,1.61492,-0.66821,1.56192,-0.66821,1.56192,0.00000,0.00000,0,0.00032
8.7529,0.07429,0.07777,0.07429,0.07777,0.07314,0.07668,-0.61889,1.61340,-0.67008,1.55973,-0.67008,1.55973,0.00000,0.00000,0,0.00029
8.8540,0.07537,0.07832,0.07537,0.07832,0.07409,0.07778,-0.62035,1.61185,-0.67221,1.55740,-0.67221,1.55740,0.00000,0.00000,0,0.00028
8.9580,0.07208,0.07719,0.07208,0.07719,0.07275,0.07740,-0.62182,1.61030,-0.67275,1.55612,-0.67275,1.55612,0.00000,0.00000,0,0.00028
9.0586,0.07224,0.07656,0.07224,0.07656,0.07232,0.07675,-0.62327,1.60876,-0.67389,1.55504,-0.67389,1.55504,0.00000,0.00000,0,0.00026
9.1606,0.07449,0.07590,0.07449,0.07590,0.07423,0.07579,-0.62474,1.60724,-0.67671,1.55419,-0.67671,1.55419,0.00000,0.00000,0,0.00108
9.2610,0.07639,0.07428,0.07639,0.07428,0.07623,0.07470,-0.62625,1.60574,-0.67961,1.55345,-0.67961,1.55345,0.00000,0.00000,0,0.00036
9.3626,0.07610,0.07490,0.07610,0.07490,0.07568,0.07419,-0.62777,1.60426,-0.68075,1.55232,-0.68075,1.55232,0.00000,0.00000,0,0.00047
9.4637,0.07810,0.07624,0.07810,0.07624,0.07641,0.07559,-0.62929,1.60275,-0.68278,1.54984,-0.68278,1.54984,0.00000,0.00000,0,0.00026
9.5651,0.07442,0.07428,0.07442,0.07428,0.07587,0.07491,-0.63082,1.60125,-0.68393,1.54881,-0.68393,1.54881,0.00000,0.00000,0,0.00093
9.6652,0.07329,0.07320,0.07329,0.07320,0.07463,0.07358,-0.63233,1.59977,-0.68457,1.54826,-0.68457,1.54826,0.00000,0.00000,0,0.00035
9.7685,0.07256,0.06863,0.07256,0.06863,0.07298,0.07087,-0.63380,1.59832,-0.68488,1.54872,-0.68488,1.54872,0.00000,0.00000,0,0.00026
9.8696,0.06911,0.06776,0.06911,0.06776,0.07010,0.06812,-0.63522,1.59695,-0.68429,1.54926,-0.68429,1.54926,0.00000,0.00000,0,0.00031
9.9711,0.06462,0.06754,0.06462,0.06754,0.06612,0.06752,-0.63658,1.59559,-0.68287,1.54832,-0.68287,1.54832,0.00000,0.00000,0,0.00031
10.0726,0.05921,0.06620,0.05921,0.06620,0.06163,0.06630,-0.63785,1.59426,-0.68099,1.54784,-0.68099,1.54784,0.00000,0.00000,0,0.00035
10.1745,0.05706,0.06595,0.05706,0.06595,0.05821,0.06704,-0.63904,1.59292,-0.67978,1.54599,-0.67978,1.54599,0.00000,0.00000,0,0.00024
10.2768,0.05547,0.06365,0.05547,0.06365,0.05721,0.06442,-0.64019,1.59161,-0.68024,1.54651,-0.68024,1.54651,0.00000,0.00000,0,0.00038
10.3786,0.05462,0.06103,0.05462,0.06103,0.05526,0.06243,-0.64132,1.59034,-0.68000,1.54663,-0.68000,1.54663,0.00000,0.00000,0,0.00028
10.4799,0.05402,0.06131,0.05402,0.06131,0.05381,0.06149,-0.64240,1.58910,-0.68007,1.54606,-0.68007,1.54606,0.00000,0.00000,0,0.00030
10.5803,0.05761,0.06336,0.05761,0.06336,0.05640,0.06242,-0.64351,1.58786,-0.68299,1.54417,-0.68299,1.54417,0.00000,0.00000,0,0.00031
10.6820,0.06066,0.06030,0.06066,0.06030,0.05933,0.06141,-0.64467,1.58662,-0.68620,1.54363,-0.68620,1.54363,0.00000,0.00000,0,0.00027
10.7830,0.06298,0.05716,0.06298,0.05716,0.06141,0.05888,-0.64588,1.58542,-0.68886,1.54421,-0.68886,1.54421,0.00000,0.00000,0,0.00033
10.8845,0.06439,0.05544,0.06439,0.05544,0.06327,0.05678,-0.64713,1.58427,-0.69142,1.54452,-0.69142,1.54452,0.00000,0.00000,0,0.00029
10.9887,0.06272,0.05641,0.06272,0.05641,0.06219,0.05602,-0.64837,1.58315,-0.69191,1.54394,-0.69191,1.54394,0.00000,0.00000,0,0.00024
11.0907,0.06098,0.05026,0.06098,0.05026,0.06142,0.05218,-0.64961,1.58207,-0.69261,1.54554,-0.69261,1.54554,0.00000,0.00000,0,0.00025
11.1924,0.05885,0.04482,0.05885,0.04482,0.05971,0.04677,-0.65082,1.58186,-0.69261,1.54912,-0.69261,1.54912,0.00000,0.00000,32,0.00028
11.2940,0.05378,0.04399,0.05378,0.04399,0.05686,0.04450,-0.65199,1.58186,-0.69179,1.55072,-0.69179,1.55072,0.00000,0.00000,32,0.00024
11.3951,0.05367,0.04112,0.05367,0.04112,0.05412,0.04214,-0.65309,1.58186,-0.69098,1.55236,-0.69098,1.55236,0.00000,0.00000,32,0.00042
11.4984,0.05087,0.04174,0.05087,0.04174,0.05331,0.04203,-0.65417,1.58186,-0.69149,1.55244,-0.69149,1.55244,0.00000,0.00000,32,0.00036
11.6019,0.05263,0.04027,0.05263,0.04027,0.05203,0.04090,-0.65522,1.58186,-0.69164,1.55323,-0.69164,1.55323,0.00000,0.00000,32,0.00111
11.7048,0.04809,0.04224,0.04809,0.04224,0.04959,0.04119,-0.65603,1.58186,-0.69074,1.55303,-0.69074,1.55303,0.00000,0.00000,48,0.00170
11.8040,0.05063,0.03953,0.05063,0.03953,0.05026,0.03978,-0.65643,1.58186,-0.69161,1.55402,-0.69161,1.55402,0.00000,0.00000,32,0.00029
11.9049,0.04963,0.04165,0.04963,0.04165,0.04894,0.04094,-0.65663,1.58186,-0.69089,1.55321,-0.69089,1.55321,0.00000,0.00000,48,0.00040
12.0056,0.04714,0.04203,0.04714,0.04203,0.04862,0.04144,-0.65663,1.58186,-0.69066,1.55286,-0.69066,1.55286,0.00000,0.00000,48,0.00033
12.1060,0.04736,0.03961,0.04736,0.03961,0.04822,0.04083,-0.65663,1.58186,-0.69038,1.55328,-0.69038,1.55328,0.00000,0.00000,48,0.00028
12.2084,0.05032,0.03668,0.05032,0.03668,0.04916,0.03810,-0.65663,1.58186,-0.69105,1.55519,-0.69105,1.55519,0.00000,0.00000,48,0.00024
12.3100,0.04863,0.03473,0.04863,0.03473,0.04901,0.03581,-0.65663,1.58186,-0.69093,1.55679,-0.69093,1.55679,0.00000,0.00000,48,0.00032
12.4142,0.04559,0.03334,0.04559,0.03334,0.04631,0.03406,-0.65663,1.58186,-0.68905,1.55802,-0.68905,1.55802,0.00000,0.00000,48,0.00028
12.5177,0.04546,0.03088,0.04546,0.03088,0.04628,0.03178,-0.65663,1.58186,-0.68903,1.55962,-0.68903,1.55962,0.00000,0.00000,48,0.00093
12.6191,0.04285,0.02876,0.04285,0.02876,0.04449,0.03023,-0.65663,1.58186,-0.68777,1.56070,-0.68777,1.56070,0.00000,0.00000,48,0.00028
12.7201,0.03539,0.02505,0.03539,0.02505,0.03875,0.02693,-0.65663,1.58186,-0.68375,1.56301,-0.68375,1.56301,0.00000,0.00000,48,0.00027
12.8216,0.03777,0.02207,0.03777,0.02207,0.03747,0.02373,-0.65663,1.58186,-0.68286,1.56525,-0.68286,1.56525,0.00000,0.00000,48,0.00026
12.9242,0.03720,0.01951,0.03720,0.01951,0.03793,0.02103,-0.65663,1.58186,-0.68318,1.56714,-0.68318,1.56714,0.00000,0.00000,48,0.00027
13.0263,0.03674,0.01591,0.03674,0.01591,0.03800,0.01759,-0.65663,1.58186,-0.68323,1.56955,-0.68323,1.56955,0.00000,0.00000,48,0.00029
13.1268,0.03798,0.01468,0.03798,0.01468,0.03846,0.01542,-0.65663,1.58186,-0.68355,1.57107,-0.68355,1.57107,0.00000,0.00000,48,0.00044
13.2284,0.03734,0.01190,0.03734,0.01190,0.03774,0.01333,-0.65663,1.58186,-0.68305,1.57253,-0.68305,1.57253,0.00000,0.00000,48,0.00026
13.3309,0.04019,0.01150,0.04019,0.01150,0.03976,0.01165,-0.65663,1.58186,-0.68446,1.57371,-0.68446,1.57371,0.00000,0.00000,48,0.00186
13.4312,0.04044,0.01330,0.04044,0.01330,0.04019,0.01293,-0.65663,1.58186,-0.68477,1.57281,-0.68477,1.57281,0.00000,0.00000,48,0.00027
13.5350,0.03309,0.01077,0.03309,0.01077,0.03553,0.01163,-0.65663,1.58186,-0.68150,1.57372,-0.68150,1.57372,0.00000,0.00000,48,0.00034
13.6355,0.03072,0.00708,0.03072,0.00708,0.03263,0.00917,-0.65663,1.58186,-0.67947,1.57545,-0.67947,1.57545,0.00000,0.00000,48,0.00029
13.7391,0.02743,0.00330,0.02743,0.00330,0.02960,0.00497,-0.65663,1.58186,-0.67735,1.57838,-0.67735,1.57838,0.00000,0.00000,48,0.00025
13.8426,0.02898,0.00507,0.02898,0.00507,0.02827,0.00470,-0.65663,1.58186,-0.67642,1.57857,-0.67642,1.57857,0.00000,0.00000,48,0.00158
13.9429,0.03143,0.00420,0.03143,0.00420,0.02921,0.00424,-0.65663,1.58186,-0.67708,1.57890,-0.67708,1.57890,0.00000,0.00000,48,0.00027
14.0434,0.02496,0.00359,0.02496,0.00359,0.02714,0.00392,-0.65663,1.58186,-0.67563,1.57912,-0.67563,1.57912,0.00000,0.00000,48,0.00024
14.1488,0.02832,0.00440,0.02832,0.00440,0.02787,0.00381,-0.65663,1.58186,-0.67614,1.57920,-0.67614,1.57920,0.00000,0.00000,48,0.00045
14.2506,0.02698,0.00689,0.02698,0.00689,0.02857,0.00546,-0.65663,1.58186,-0.67663,1.57804,-0.67663,1.57804,0.00000,0.00000,48,0.00050
14.3520,0.02861,0.00479,0.02861,0.00479,0.02718,0.00526,-0.65663,1.58186,-0.67565,1.57818,-0.67565,1.57818,0.00000,0.00000,48,0.00032
14.4532,0.02420,0.00223,0.02420,0.00223,0.02484,0.00290,-0.65663,1.58186,-0.67402,1.57983,-0.67402,1.57983,0.00000,0.00000,48,0.00034
14.5541,0.02209,0.00412,0.02209,0.00412,0.02342,0.00381,-0.65663,1.58186,-0.67302,1.57920,-0.67302,1.57920,0.00000,0.00000,48,0.00034
14.6559,0.01995,0.00151,0.01995,0.00151,0.02089,0.00262,-0.65663,1.58186,-0.67125,1.58003,-0.67125,1.58003,0.00000,0.00000,48,0.00026
14.7581,0.01682,-0.00062,0.01682,-0.00062,0.01846,0.00049,-0.65663,1.58186,-0.66955,1.58152,-0.66955,1.58152,0.00000,0.00000,48,0.00030
14.8602,0.01649,0.00042,0.01649,0.00042,0.01635,-0.00016,-0.65663,1.58186,-0.66807,1.58197,-0.66807,1.58197,0.00000,0.00000,48,0.00035
14.9614,0.01552,0.00203,0.01552,0.00203,0.01500,0.00168,-0.65663,1.58186,-0.66713,1.58069,-0.66713,1.58069,0.00000,0.00000,48,0.00025
15.0638,0.01532,-0.00241,0.01532,-0.00241,0.01463,-0.00058,-0.65663,1.58186,-0.66687,1.58227,-0.66687,1.58227,0.00000,0.00000,48,0.00026
15.1669,0.01130,-0.00733,0.01130,-0.00733,0.01299,-0.00569,-0.65663,1.58186,-0.66572,1.58584,-0.66572,1.58584,0.00000,0.00000,48,0.00036
15.2690,0.00776,-0.00832,0.00776,-0.00832,0.01035,-0.00750,-0.65663,1.58186,-0.66387,1.58711,-0.66387,1.58711,0.00000,0.00000,48,0.00030
15.3700,0.00728,-0.01240,0.00728,-0.01240,0.00776,-0.01119,-0.65663,1.58186,-0.66206,1.58970,-0.66206,1.58970,0.00000,0.00000,48,0.00027
15.4706,0.00169,-0.01590,0.00169,-0.01590,0.00474,-0.01387,-0.65663,1.58186,-0.65995,1.59157,-0.65995,1.59157,0.00000,0.00000,48,0.00024
15.5746,0.00213,-0.01754,0.00213,-0.01754,0.00254,-0.01623,-0.65663,1.58186,-0.65841,1.59323,-0.65841,1.59323,0.00000,0.00000,48,0.00069
15.6768,-0.00322,-0.01830,-0.00322,-0.01830,-0.00028,-0.01750,-0.65663,1.58186,-0.65644,1.59411,-0.65644,1.59411,0.00000,0.00000,48,0.00033
15.7794,-0.00201,-0.02237,-0.00201,-0.02237,-0.00201,-0.02127,-0.65663,1.58186,-0.65522,1.59675,-0.65522,1.59675,0.00000,0.00000,48,0.00028
15.8816,-0.00279,-0.02144,-0.00279,-0.02144,-0.00311,-0.02147,-0.65663,1.58186,-0.65445,1.59689,-0.65445,1.59689,0.00000,0.00000,48,0.00026
15.9833,-0.00432,-0.02294,-0.00432,-0.02294,-0.00390,-0.02297,-0.65663,1.58186,-0.65390,1.59794,-0.65390,1.59794,0.00000,0.00000,48,0.00036
16.0846,-0.00287,-0.02434,-0.00287,-0.02434,-0.00409,-0.02374,-0.65663,1.58186,-0.65377,1.59848,-0.65377,1.59848,0.00000,0.00000,48,0.00026
16.1856,-0.00652,-0.02483,-0.00652,-0.02483,-0.00520,-0.02460,-0.65663,1.58186,-0.65299,1.59908,-0.65299,1.59908,0.00000,0.00000,48,0.00032
16.2873,-0.00574,-0.02367,-0.00574,-0.02367,-0.00598,-0.02428,-0.65663,1.58186,-0.65244,1.59886,-0.65244,1.59886,0.00000,0.00000,48,0.00028
16.3894,-0.00694,-0.02772,-0.00694,-0.02772,-0.00765,-0.02593,-0.65663,1.58186,-0.65128,1.60001,-0.65128,1.60001,0.00000,0.00000,48,0.00040
16.4913,-0.00877,-0.02588,-0.00877,-0.02588,-0.00855,-0.02594,-0.65663,1.58186,-0.65065,1.60002,-0.65065,1.60002,0.00000,0.00000,48,0.00030
16.5923,-0.01029,-0.02640,-0.01029,-0.02640,-0.01032,-0.02626,-0.65663,1.58186,-0.64941,1.60025,-0.64941,1.60025,0.00000,0.00000,48,0.00031
16.6935,-0.00871,-0.02946,-0.00871,-0.02946,-0.00957,-0.02794,-0.65663,1.58186,-0.64993,1.60142,-0.64993,1.60142,0.00000,0.00000,48,0.00026
16.7943,-0.00696,-0.02928,-0.00696,-0.02928,-0.00746,-0.02913,-0.65663,1.58186,-0.65141,1.60226,-0.65141,1.60226,0.00000,0.00000,48,0.00024
16.8964,-0.00523,-0.03133,-0.00523,-0.03133,-0.00627,-0.03019,-0.65663,1.58186,-0.65224,1.60299,-0.65224,1.60299,0.00000,0.00000,48,0.00034
16.9980,-0.00571,-0.03313,-0.00571,-0.03313,-0.00627,-0.03269,-0.65663,1.58186,-0.65224,1.60475,-0.65224,1.60475,0.00000,0.00000,48,0.00034
17.0989,-0.00786,-0.03673,-0.00786,-0.03673,-0.00661,-0.03525,-0.65663,1.58186,-0.65200,1.60654,-0.65200,1.60654,0.00000,0.00000,48,0.00036
17.1999,-0.00820,-0.04009,-0.00820,-0.04009,-0.00758,-0.03774,-0.65663,1.58186,-0.65133,1.60828,-0.65133,1.60828,0.00000,0.00000,48,0.00032
17.3040,-0.00508,-0.03909,-0.00508,-0.03909,-0.00589,-0.03852,-0.65663,1.58186,-0.65251,1.60883,-0.65251,1.60883,0.00000,0.00000,48,0.00297
17.4032,-0.00291,-0.03764,-0.00291,-0.03764,-0.00317,-0.03841,-0.65663,1.58186,-0.65441,1.60875,-0.65441,1.60875,0.00000,0.00000,48,0.00029
17.5064,0.00022,-0.03978,0.00022,-0.03978,-0.00071,-0.03932,-0.65663,1.58186,-0.65614,1.60939,-0.65614,1.60939,0.00000,0.00000,48,0.00036
17.6071,0.00044,-0.04050,0.00044,-0.04050,-0.00014,-0.04037,-0.65663,1.58186,-0.65653,1.61012,-0.65653,1.61012,0.00000,0.00000,48,0.00025
17.7101,-0.00342,-0.04580,-0.00342,-0.04580,-0.00283,-0.04357,-0.65663,1.58186,-0.65465,1.61236,-0.65465,1.61236,0.00000,0.00000,48,0.00094
17.8104,-0.00780,-0.04798,-0.00780,-0.04798,-0.00617,-0.04740,-0.65663,1.58186,-0.65231,1.61504,-0.65231,1.61504,0.00000,0.00000,48,0.00024
17.9115,-0.00962,-0.04953,-0.00962,-0.04953,-0.00815,-0.04903,-0.65663,1.58186,-0.65092,1.61618,-0.65092,1.61618,0.00000,0.00000,48,0.00029
18.0131,-0.01560,-0.04975,-0.01560,-0.04975,-0.01358,-0.05023,-0.65663,1.58247,-0.64712,1.61763,-0.64712,1.61763,0.00000,0.00000,16,0.00024
18.1154,-0.01908,-0.05221,-0.01908,-0.05221,-0.01719,-0.05125,-0.65663,1.58348,-0.64460,1.61936,-0.64460,1.61936,0.00000,0.00000,16,0.00036
18.2159,-0.01621,-0.05153,-0.01621,-0.05153,-0.01772,-0.05227,-0.65663,1.58452,-0.64423,1.62111,-0.64423,1.62111,0.00000,0.00000,16,0.00033
18.3182,-0.01755,-0.05231,-0.01755,-0.05231,-0.01731,-0.05235,-0.65663,1.58557,-0.64451,1.62222,-0.64451,1.62222,0.00000,0.00000,16,0.00025
18.4201,-0.01184,-0.05345,-0.01184,-0.05345,-0.01362,-0.05276,-0.65663,1.58662,-0.64710,1.62356,-0.64710,1.62356,0.00000,0.00000,16,0.00028
18.5226,-0.01223,-0.05403,-0.01223,-0.05403,-0.01243,-0.05359,-0.65663,1.58769,-0.64793,1.62520,-0.64793,1.62520,0.00000,0.00000,16,0.00039
18.6236,-0.01239,-0.05162,-0.01239,-0.05162,-0.01215,-0.05249,-0.65663,1.58875,-0.64813,1.62549,-0.64813,1.62549,0.00000,0.00000,16,0.00028
18.7284,-0.01444,-0.05525,-0.01444,-0.05525,-0.01396,-0.05383,-0.65663,1.58981,-0.64686,1.62749,-0.64686,1.62749,0.00000,0.00000,16,0.00029
18.8289,-0.02037,-0.05725,-0.02037,-0.05725,-0.01701,-0.05614,-0.65663,1.59091,-0.64473,1.63021,-0.64473,1.63021,0.00000,0.00000,16,0.00025
18.9327,-0.02148,-0.05469,-0.02148,-0.05469,-0.02142,-0.05610,-0.65663,1.59204,-0.64164,1.63131,-0.64164,1.63131,0.00000,0.00000,16,0.00030
19.0341,-0.02477,-0.05743,-0.02477,-0.05743,-0.02298,-0.05654,-0.65663,1.59316,-0.64054,1.63274,-0.64054,1.63274,0.00000,0.00000,16,0.00028
19.1349,-0.02418,-0.05704,-0.02418,-0.05704,-0.02458,-0.05678,-0.65663,1.59430,-0.63942,1.63404,-0.63942,1.63404,0.00000,0.00000,16,0.00031
19.2362,-0.02126,-0.05669,-0.02126,-0.05669,-0.02243,-0.05673,-0.65663,1.59543,-0.64093,1.63514,-0.64093,1.63514,0.00000,0.00000,16,0.00029
19.3414,-0.01792,-0.05474,-0.01792,-0.05474,-0.01899,-0.05534,-0.65663,1.59655,-0.64334,1.63528,-0.64334,1.63528,0.00000,0.00000,16,0.00042
19.4448,-0.01642,-0.05257,-0.01642,-0.05257,-0.01795,-0.05360,-0.65663,1.59763,-0.64406,1.63515,-0.64406,1.63515,0.00000,0.00000,16,0.00029
19.5464,-0.01705,-0.05510,-0.01705,-0.05510,-0.01702,-0.05377,-0.65663,1.59870,-0.64472,1.63634,-0.64472,1.63634,0.00000,0.00000,16,0.00030
19.6487,-0.01881,-0.05490,-0.01881,-0.05490,-0.01822,-0.05480,-0.65663,1.59979,-0.64388,1.63815,-0.64388,1.63815,0.00000,0.00000,16,0.00177
19.7489,-0.02207,-0.05567,-0.02207,-0.05567,-0.02040,-0.05530,-0.65663,1.60090,-0.64235,1.63961,-0.64235,1.63961,0.00000,0.00000,16,0.00040
19.8492,-0.02604,-0.05658,-0.02604,-0.05658,-0.02352,-0.05578,-0.65663,1.60201,-0.64016,1.64105,-0.64016,1.64105,0.00000,0.00000,16,0.00029
19.9524,-0.03240,-0.05596,-0.03240,-0.05596,-0.02952,-0.05611,-0.65663,1.60313,-0.63597,1.64241,-0.63597,1.64241,0.00000,0.00000,16,0.00029
20.0540,-0.02976,-0.05421,-0.02976,-0.05421,-0.03022,-0.05486,-0.65663,1.60424,-0.63548,1.64264,-0.63548,1.64264,0.00000,0.00000,16,0.00029
20.1551,-0.02802,-0.05339,-0.02802,-0.05339,-0.02866,-0.05401,-0.65663,1.60532,-0.63657,1.64313,-0.63657,1.64313,0.00000,0.00000,16,0.00029
20.2592,-0.03301,-0.05562,-0.03301,-0.05562,-0.03115,-0.05497,-0.65663,1.60641,-0.63483,1.64489,-0.63483,1.64489,0.00000,0.00000,16,0.00027
20.3605,-0.03792,-0.05130,-0.03792,-0.05130,-0.03486,-0.05253,-0.65663,1.60748,-0.63223,1.64426,-0.63223,1.64426,0.00000,0.00000,16,0.00030
20.4643,-0.03833,-0.05308,-0.03833,-0.05308,-0.03706,-0.05236,-0.65663,1.60853,-0.63069,1.64518,-0.63069,1.64518,0.00000,0.00000,16,0.00029
20.5674,-0.04103,-0.05437,-0.04103,-0.05437,-0.04017,-0.05394,-0.65663,1.60959,-0.62851,1.64735,-0.62851,1.64735,0.00000,0.00000,16,0.00158
20.6692,-0.03923,-0.05129,-0.03923,-0.05129,-0.03991,-0.05277,-0.65663,1.61066,-0.62870,1.64760,-0.62870,1.64760,0.00000,0.00000,16,0.00027
20.7698,-0.03622,-0.04917,-0.03622,-0.04917,-0.03828,-0.05093,-0.65663,1.61169,-0.62984,1.64734,-0.62984,1.64734,0.00000,0.00000,16,0.00030
20.8702,-0.03684,-0.04906,-0.03684,-0.04906,-0.03645,-0.04987,-0.65663,1.61250,-0.63111,1.64741,-0.63111,1.64741,0.00000,0.00000,48,0.00025
20.9735,-0.03577,-0.04884,-0.03577,-0.04884,-0.03562,-0.04920,-0.65663,1.61250,-0.63170,1.64695,-0.63170,1.64695,0.00000,0.00000,48,0.00097
21.0731,-0.03680,-0.04637,-0.03680,-0.04637,-0.03663,-0.04684,-0.65663,1.61250,-0.63099,1.64530,-0.63099,1.64530,0.00000,0.00000,48,0.00025
21.1741,-0.04088,-0.04542,-0.04088,-0.04542,-0.03967,-0.04633,-0.65663,1.61250,-0.62886,1.64494,-0.62886,1.64494,0.00000,0.00000,48,0.00023
21.2750,-0.04466,-0.04753,-0.04466,-0.04753,-0.04336,-0.04656,-0.65663,1.61250,-0.62628,1.64510,-0.62628,1.64510,0.00000,0.00000,48,0.00029
21.3761,-0.04980,-0.04916,-0.04980,-0.04916,-0.04730,-0.04832,-0.65663,1.61250,-0.62352,1.64633,-0.62352,1.64633,0.00000,0.00000,48,0.00030
21.4778,-0.05044,-0.04689,-0.05044,-0.04689,-0.04953,-0.04742,-0.65663,1.61250,-0.62196,1.64570,-0.62196,1.64570,0.00000,0.00000,48,0.00026
21.5803,-0.05381,-0.04395,-0.05381,-0.04395,-0.05193,-0.04548,-0.65581,1.61250,-0.61946,1.64434,-0.61946,1.64434,0.00000,0.00000,32,0.00029
21.6821,-0.04921,-0.04020,-0.04921,-0.04020,-0.05121,-0.04178,-0.65477,1.61250,-0.61892,1.64175,-0.61892,1.64175,0.00000,0.00000,32,0.00027
21.7828,-0.04729,-0.03557,-0.04729,-0.03557,-0.04909,-0.03693,-0.65437,1.61250,-0.62000,1.63836,-0.62000,1.63836,0.00000,0.00000,48,0.00032
21.8830,-0.04914,-0.03729,-0.04914,-0.03729,-0.04760,-0.03677,-0.65437,1.61250,-0.62104,1.63824,-0.62104,1.63824,0.00000,0.00000,48,0.00026
21.9848,-0.04725,-0.03120,-0.04725,-0.03120,-0.04734,-0.03343,-0.65437,1.61250,-0.62123,1.63590,-0.62123,1.63590,0.00000,0.00000,48,0.00027
22.0873,-0.01472,-0.02805,-0.01472,-0.02805,-0.02238,-0.02964,-0.65437,1.61250,-0.63870,1.63326,-0.63870,1.63326,0.00000,0.00000,48,0.00120
22.1868,-0.01090,-0.02922,-0.01090,-0.02922,-0.01316,-0.02867,-0.65437,1.61250,-0.64515,1.63257,-0.64515,1.63257,0.00000,0.00000,48,0.00040
22.2905,-0.01237,-0.03051,-0.01237,-0.03051,-0.01261,-0.02985,-0.65437,1.61250,-0.64554,1.63340,-0.64554,1.63340,0.00000,0.00000,48,0.00027
22.3920,-0.01412,-0.03409,-0.01412,-0.03409,-0.01357,-0.03254,-0.65437,1.61250,-0.64487,1.63529,-0.64487,1.63529,0.00000,0.00000,48,0.00035
22.4956,-0.01846,-0.03345,-0.01846,-0.03345,-0.01712,-0.03345,-0.65437,1.61250,-0.64238,1.63592,-0.64238,1.63592,0.00000,0.00000,48,0.00104
22.5961,-0.01945,-0.03489,-0.01945,-0.03489,-0.01864,-0.03422,-0.65437,1.61250,-0.64132,1.63646,-0.64132,1.63646,0.00000,0.00000,48,0.00038
22.6989,-0.01867,-0.03250,-0.01867,-0.03250,-0.01853,-0.03373,-0.65437,1.61250,-0.64140,1.63612,-0.64140,1.63612,0.00000,0.00000,48,0.00037
22.8015,-0.01692,-0.03155,-0.01692,-0.03155,-0.01714,-0.03152,-0.65437,1.61250,-0.64237,1.63457,-0.64237,1.63457,0.00000,0.00000,48,0.00136
22.9016,-0.01759,-0.03050,-0.01759,-0.03050,-0.01698,-0.03102,-0.65437,1.61250,-0.64248,1.63422,-0.64248,1.63422,0.00000,0.00000,48,0.00029
23.0046,-0.01424,-0.02917,-0.01424,-0.02917,-0.01595,-0.03041,-0.65437,1.61250,-0.64320,1.63379,-0.64320,1.63379,0.00000,0.00000,48,0.00095
23.1050,-0.01636,-0.02821,-0.01636,-0.02821,-0.01624,-0.02912,-0.65437,1.61250,-0.64300,1.63289,-0.64300,1.63289,0.00000,0.00000,48,0.00033
23.2058,-0.01465,-0.02754,-0.01465,-0.02754,-0.01544,-0.02763,-0.65437,1.61250,-0.64356,1.63185,-0.64356,1.63185,0.00000,0.00000,48,0.00031
23.3077,-0.01679,-0.02217,-0.01679,-0.02217,-0.01603,-0.02471,-0.65437,1.61250,-0.64314,1.62980,-0.64314,1.62980,0.00000,0.00000,48,0.00030
23.4093,-0.01657,-0.02535,-0.01657,-0.02535,-0.01569,-0.02442,-0.65437,1.61250,-0.64339,1.62960,-0.64339,1.62960,0.00000,0.00000,48,0.00031
23.5105,-0.01453,-0.02347,-0.01453,-0.02347,-0.01525,-0.02445,-0.65437,1.61250,-0.64369,1.62962,-0.64369,1.62962,0.00000,0.00000,48,0.00026
23.6141,-0.01360,-0.02095,-0.01360,-0.02095,-0.01423,-0.02233,-0.65437,1.61250,-0.64440,1.62813,-0.64440,1.62813,0.00000,0.00000,48,0.00028
23.7167,-0.01236,-0.02030,-0.01236,-0.02030,-0.01330,-0.02076,-0.65437,1.61250,-0.64506,1.62704,-0.64506,1.62704,0.00000,0.00000,48,0.00028
23.8209,-0.01636,-0.02205,-0.01636,-0.02205,-0.01534,-0.02117,-0.65437,1.61250,-0.64363,1.62732,-0.64363,1.62732,0.00000,0.00000,48,0.00026
23.9228,-0.01681,-0.01858,-0.01681,-0.01858,-0.01738,-0.01998,-0.65437,1.61250,-0.64220,1.62649,-0.64220,1.62649,0.00000,0.00000,48,0.00031
24.0250,-0.01598,-0.02029,-0.01598,-0.02029,-0.01685,-0.01982,-0.65437,1.61250,-0.64257,1.62638,-0.64257,1.62638,0.00000,0.00000,48,0.00043
24.1257,-0.01764,-0.02239,-0.01764,-0.02239,-0.01753,-0.02136,-0.65437,1.61250,-0.64210,1.62746,-0.64210,1.62746,0.00000,0.00000,48,0.00032
24.2280,-0.01344,-0.01934,-0.01344,-0.01934,-0.01623,-0.02082,-0.65437,1.61250,-0.64301,1.62708,-0.64301,1.62708,0.00000,0.00000,48,0.00081
24.3295,-0.01484,-0.01861,-0.01484,-0.01861,-0.01434,-0.01924,-0.65437,1.61250,-0.64433,1.62597,-0.64433,1.62597,0.00000,0.00000,48,0.00027
24.4302,-0.01346,-0.01479,-0.01346,-0.01479,-0.01384,-0.01568,-0.65437,1.61250,-0.64468,1.62348,-0.64468,1.62348,0.00000,0.00000,48,0.00026
24.5351,-0.01633,-0.01537,-0.01633,-0.01537,-0.01519,-0.01615,-0.65437,1.61250,-0.64374,1.62381,-0.64374,1.62381,0.00000,0.00000,48,0.00049
24.6352,-0.01600,-0.01753,-0.01600,-0.01753,-0.01564,-0.01716,-0.65437,1.61250,-0.64342,1.62451,-0.64342,1.62451,0.00000,0.00000,48,0.00026
24.7395,-0.01592,-0.01574,-0.01592,-0.01574,-0.01682,-0.01664,-0.65437,1.61250,-0.64259,1.62415,-0.64259,1.62415,0.00000,0.00000,48,0.00031
24.8417,-0.01312,-0.01528,-0.01312,-0.01528,-0.01460,-0.01524,-0.65437,1.61250,-0.64414,1.62317,-0.64414,1.62317,0.00000,0.00000,48,0.00028
24.9453,-0.01052,-0.01515,-0.01052,-0.01515,-0.01274,-0.01560,-0.65437,1.61250,-0.64545,1.62342,-0.64545,1.62342,0.00000,0.00000,48,0.00038
25.0509,-0.01213,-0.01541,-0.01213,-0.01541,-0.01160,-0.01529,-0.65437,1.61250,-0.64625,1.62321,-0.64625,1.62321,0.00000,0.00000,48,0.00034
25.1518,-0.00857,-0.01553,-0.00857,-0.01553,-0.01014,-0.01582,-0.65437,1.61250,-0.64727,1.62358,-0.64727,1.62358,0.00000,0.00000,48,0.00031
25.2521,-0.01576,-0.01399,-0.01576,-0.01399,-0.01326,-0.01524,-0.65437,1.61250,-0.64509,1.62317,-0.64509,1.62317,0.00000,0.00000,48,0.00029
25.3528,-0.01945,-0.01325,-0.01945,-0.01325,-0.01744,-0.01384,-0.65437,1.61250,-0.64216,1.62219,-0.64216,1.62219,0.00000,0.00000,48,0.00037
25.4540,-0.01678,-0.01012,-0.01678,-0.01012,-0.01783,-0.01146,-0.65437,1.61250,-0.64188,1.62053,-0.64188,1.62053,0.00000,0.00000,48,0.00028
25.5547,-0.01808,-0.01009,-0.01808,-0.01009,-0.01682,-0.01083,-0.65437,1.61250,-0.64259,1.62009,-0.64259,1.62009,0.00000,0.00000,48,0.00031
25.6567,-0.01168,-0.00588,-0.01168,-0.00588,-0.01435,-0.00781,-0.65437,1.61250,-0.64432,1.61797,-0.64432,1.61797,0.00000,0.00000,48,0.00101
25.7589,-0.01164,-0.00585,-0.01164,-0.00585,-0.01136,-0.00684,-0.65437,1.61250,-0.64642,1.61729,-0.64642,1.61729,0.00000,0.00000,48,0.00028
25.8610,-0.00797,-0.00378,-0.00797,-0.00378,-0.00899,-0.00482,-0.65437,1.61250,-0.64807,1.61588,-0.64807,1.61588,0.00000,0.00000,48,0.00035
25.9615,-0.00517,-0.00081,-0.00517,-0.00081,-0.00733,-0.00121,-0.65437,1.61250,-0.64924,1.61335,-0.64924,1.61335,0.00000,0.00000,48,0.00027
26.0639,-0.00863,-0.00143,-0.00863,-0.00143,-0.00781,-0.00140,-0.65437,1.61250,-0.64890,1.61349,-0.64890,1.61349,0.00000,0.00000,48,0.00025
26.1652,-0.00665,-0.00057,-0.00665,-0.00057,-0.00829,-0.00154,-0.65437,1.61250,-0.64856,1.61358,-0.64856,1.61358,0.00000,0.00000,48,0.00034
26.2697,-0.00911,0.00130,-0.00911,0.00130,-0.00867,-0.00024,-0.65437,1.61250,-0.64830,1.61267,-0.64830,1.61267,0.00000,0.00000,48,0.00093
26.3704,-0.00278,0.00355,-0.00278,0.00355,-0.00484,0.00186,-0.65437,1.61250,-0.65098,1.61120,-0.65098,1.61120,0.00000,0.00000,48,0.00026
26.4712,-0.00503,0.00685,-0.00503,0.00685,-0.00439,0.00552,-0.65437,1.61250,-0.65130,1.60864,-0.65130,1.60864,0.00000,0.00000,48,0.00033
26.5742,0.00258,0.01124,0.00258,0.01124,0.00088,0.00906,-0.65437,1.61250,-0.65498,1.60617,-0.65498,1.60617,0.00000,0.00000,48,0.00030
26.6764,0.00405,0.01001,0.00405,0.01001,0.00311,0.00963,-0.65437,1.61250,-0.65655,1.60576,-0.65655,1.60576,0.00000,0.00000,48,0.00104
26.7770,0.00236,0.00916,0.00236,0.00916,0.00363,0.00939,-0.65437,1.61250,-0.65691,1.60593,-0.65691,1.60593,0.00000,0.00000,48,0.00032
26.8789,0.00486,0.01353,0.00486,0.01353,0.00448,0.01189,-0.65437,1.61250,-0.65750,1.60418,-0.65750,1.60418,0.00000,0.00000,48,0.00025
26.9839,0.00226,0.01365,0.00226,0.01365,0.00342,0.01336,-0.65437,1.61250,-0.65676,1.60315,-0.65676,1.60315,0.00000,0.00000,48,0.00027
27.0851,0.00361,0.01243,0.00361,0.01243,0.00327,0.01313,-0.65437,1.61250,-0.65666,1.60332,-0.65666,1.60332,0.00000,0.00000,48,0.00027
27.1869,0.00340,0.01130,0.00340,0.01130,0.00326,0.01185,-0.65437,1.61250,-0.65665,1.60421,-0.65665,1.60421,0.00000,0.00000,48,0.00115
27.2871,0.00029,0.00921,0.00029,0.00921,0.00127,0.00966,-0.65437,1.61250,-0.65526,1.60574,-0.65526,1.60574,0.00000,0.00000,48,0.00026
27.3899,0.00210,0.01289,0.00210,0.01289,0.00121,0.01153,-0.65437,1.61250,-0.65521,1.60443,-0.65521,1.60443,0.00000,0.00000,48,0.00032
27.4914,0.00438,0.01509,0.00438,0.01509,0.00365,0.01420,-0.65437,1.61250,-0.65692,1.60257,-0.65692,1.60257,0.00000,0.00000,48,0.00067
27.5931,0.00833,0.01784,0.00833,0.01784,0.00657,0.01665,-0.65437,1.61250,-0.65896,1.60085,-0.65896,1.60085,0.00000,0.00000,48,0.00103
27.6951,0.00795,0.01748,0.00795,0.01748,0.00792,0.01767,-0.65437,1.61250,-0.65991,1.60013,-0.65991,1.60013,0.00000,0.00000,48,0.00045
27.7953,0.00787,0.01773,0.00787,0.01773,0.00796,0.01791,-0.65437,1.61250,-0.65994,1.59997,-0.65994,1.59997,0.00000,0.00000,48,0.00032
27.8987,0.00530,0.02091,0.00530,0.02091,0.00642,0.01895,-0.65437,1.61250,-0.65886,1.59924,-0.65886,1.59924,0.00000,0.00000,48,0.00083
27.9995,0.00315,0.02251,0.00315,0.02251,0.00434,0.02153,-0.65437,1.61250,-0.65741,1.59743,-0.65741,1.59743,0.00000,0.00000,48,0.00035
28.0999,0.00423,0.01983,0.00423,0.01983,0.00443,0.02079,-0.65437,1.61250,-0.65747,1.59795,-0.65747,1.59795,0.00000,0.00000,48,0.00048
28.2003,0.00243,0.02030,0.00243,0.02030,0.00386,0.02063,-0.65437,1.61250,-0.65707,1.59806,-0.65707,1.59806,0.00000,0.00000,48,0.00034
28.3032,0.00286,0.02133,-0.99714,0.02133,-0.29808,0.02117,-0.66409,1.61250,-0.44452,1.59769,-0.45543,1.59769,1.00000,0.00000,33,0.00033
28.4037,-0.02134,-0.06351,-1.02134,-0.06351,-0.88567,-0.00901,-0.64955,1.61250,-0.02958,1.61881,-0.02958,1.61881,1.00000,0.00000,32,0.00031
28.5052,-0.00561,-0.14063,-1.00561,-0.14063,-0.98255,-0.11068,-0.63038,1.61394,0.05740,1.69142,0.05740,1.69142,1.00000,0.00000,0,0.00042
28.6068,-0.00203,-0.13709,-1.00203,-0.13709,-1.00531,-0.13040,-0.61032,1.61636,0.09340,1.70764,0.09340,1.70764,1.00000,0.00000,0,0.00035
28.7090,-0.01106,-0.13918,-1.01106,-0.13918,-1.01106,-0.13659,-0.59013,1.61907,0.11761,1.71468,0.11761,1.71468,1.00000,0.00000,0,0.00028
28.8096,-0.01260,-0.15728,-1.01260,-0.15728,-1.01287,-0.15081,-0.56990,1.62198,0.13911,1.72754,0.13911,1.72754,1.00000,0.00000,0,0.00025
28.9114,-0.00491,-0.17944,-1.00491,-0.17944,-1.00863,-0.17031,-0.54967,1.62522,0.15637,1.74444,0.15637,1.74444,1.00000,0.00000,0,0.00031
29.0120,0.00270,-0.20574,-0.99730,-0.20574,-1.00062,-0.19347,-0.52960,1.62890,0.17084,1.76433,0.17084,1.76433,1.00000,0.00000,0,0.00025
29.1130,0.00358,-0.25399,-0.99642,-0.25399,-0.99748,-0.23071,-0.50963,1.63317,0.18861,1.79467,0.18861,1.79467,1.00000,0.00000,0,0.00028
29.2139,-0.03377,-0.40287,-1.03377,-0.40287,-1.01838,-0.36453,-0.48952,1.63943,0.22335,1.89460,0.22335,1.89460,1.00000,0.00000,0,0.00024
29.3148,-0.00702,-0.43357,-1.00702,-0.43357,-1.00241,-0.41735,-0.46940,1.64745,0.23229,1.93960,0.23229,1.93960,1.00000,0.00000,0,0.00023
29.4175,0.00987,-0.43865,-0.99013,-0.43865,-0.99205,-0.43474,-0.44944,1.65605,0.24499,1.96037,0.24499,1.96037,1.00000,0.00000,0,0.00117
29.5188,0.01379,-0.44437,-0.98621,-0.44437,-0.98886,-0.44102,-0.42962,1.66483,0.26258,1.97354,0.26258,1.97354,1.00000,0.00000,0,0.00028
29.6210,0.01534,-0.45320,-0.98466,-0.45320,-0.98557,-0.44996,-0.40987,1.67376,0.28002,1.98874,0.28002,1.98874,1.00000,0.00000,0,0.00027
29.7224,0.02405,-0.45709,-0.97595,-0.45709,-0.97998,-0.45525,-0.39021,1.68283,0.29577,2.00150,0.29577,2.00150,1.00000,0.00000,0,0.00033
29.8255,0.02977,-0.47058,-0.97023,-0.47058,-0.97303,-0.46478,-0.37070,1.69204,0.31043,2.01738,0.31043,2.01738,1.00000,0.00000,0,0.00037
29.9281,0.03110,-0.52141,-0.96890,-0.52141,-0.97084,-0.49679,-0.35127,1.70163,0.32832,2.04938,0.32832,2.04938,1.00000,0.00000,0,0.00027
30.0322,0.03462,-0.53829,-0.96538,-0.53829,-0.96761,-0.52857,-0.33190,1.71199,0.34542,2.08199,0.34542,2.08199,1.00000,0.00000,0,0.00135
30.1320,0.04419,-0.55261,-0.95581,-0.55261,-0.95907,-0.54613,-0.31266,1.72279,0.35869,2.10509,0.35869,2.10509,1.00000,0.00000,0,0.00024
30.2343,0.06332,-0.56411,-0.93668,-0.56411,-0.94496,-0.55792,-0.29364,1.73385,0.36783,2.12440,0.36783,2.12440,1.00000,0.00000,0,0.00025
30.3357,0.07514,-0.58434,-0.92486,-0.58434,-0.93138,-0.57619,-0.27490,1.74523,0.37706,2.14856,0.37706,2.14856,1.00000,0.00000,0,0.00099
30.4354,0.10307,-0.60827,-0.89693,-0.60827,-0.90973,-0.59762,-0.25651,1.75700,0.38030,2.17534,0.38030,2.17534,1.00000,0.00000,0,0.00029
30.5375,0.13284,-0.63375,-0.86716,-0.63375,-0.87966,-0.62278,-0.23869,1.76927,0.37707,2.20521,0.37707,2.20521,1.00000,0.00000,0,0.00027
30.6390,0.15561,-0.64941,-0.84439,-0.64941,-0.85527,-0.64190,-0.22139,1.78196,0.37730,2.23130,0.37730,2.23130,1.00000,0.00000,0,0.00033
30.7424,0.17890,-0.66401,-0.82110,-0.66401,-0.83216,-0.65714,-0.20457,1.79498,0.37794,2.25498,0.37794,2.25498,1.00000,0.00000,0,0.00105
30.8437,0.19913,-0.67897,-0.80087,-0.67897,-0.81072,-0.67256,-0.18818,1.80832,0.37933,2.27911,0.37933,2.27911,1.00000,0.00000,0,0.00027
30.9490,0.24320,-0.70962,-0.75680,-0.70962,-0.77697,-0.69525,-0.17234,1.82201,0.37154,2.30869,0.37154,2.30869,1.00000,0.00000,0,0.00115
31.0493,0.31002,-0.75850,-0.68998,-0.75850,-0.71970,-0.73751,-0.15747,1.83641,0.34632,2.35267,0.34632,2.35267,1.00000,0.00000,0,0.00037
31.1506,0.37853,-0.80605,-0.62147,-0.80605,-0.65428,-0.78380,-0.14386,1.85172,0.31414,2.40038,0.31414,2.40038,1.00000,0.00000,0,0.00033
31.2525,0.46416,-0.84828,-0.53584,-0.84828,-0.57334,-0.82966,-0.13171,1.86795,0.26962,2.44871,0.26962,2.44871,1.00000,0.00000,0,0.00034
31.3529,0.54295,-0.82972,0.54295,-0.82972,0.16220,-0.83744,-0.10543,1.88474,-0.21896,2.47095,-0.21896,2.47095,0.00000,0.00000,0,0.00044
31.4542,0.59602,-0.80703,0.59602,-0.80703,0.51931,-0.81369,-0.11384,1.90119,-0.47736,2.47077,-0.47736,2.47077,0.00000,0.00000,0,0.00026
31.5552,0.60835,-0.80025,0.60835,-0.80025,0.59170,-0.80276,-0.12528,1.91731,-0.53947,2.47925,-0.53947,2.47925,0.00000,0.00000,0,0.00031
31.6556,0.61921,-0.78818,0.61921,-0.78818,0.61093,-0.79514,-0.13736,1.93330,-0.56501,2.48990,-0.56501,2.48990,0.00000,0.00000,0,0.00030
31.7576,0.67479,-0.75007,0.67479,-0.75007,0.65114,-0.76710,-0.15001,1.94890,-0.60580,2.48587,-0.60580,2.48587,0.00000,0.00000,0,0.00026
31.8588,0.70915,-0.68562,0.70915,-0.68562,0.69031,-0.71577,-0.16351,1.96367,-0.64673,2.46471,-0.64673,2.46471,0.00000,0.00000,0,0.00028
31.9600,0.79946,-0.61032,0.79946,-0.61032,0.76552,-0.64062,-0.17814,1.97708,-0.71400,2.42551,-0.71400,2.42551,0.00000,0.00000,0,0.00047
32.0612,0.90734,-0.40543,0.90734,-0.40543,0.85511,-0.49495,-0.19445,1.98837,-0.79302,2.33484,-0.79302,2.33484,0.00000,0.00000,0,0.00026
32.1619,0.85882,-0.31585,0.85882,-0.31585,0.89319,-0.35147,-0.21245,1.99642,-0.83768,2.24245,-0.83768,2.24245,0.00000,0.00000,0,0.00026
32.2650,0.88020,-0.27074,0.88020,-0.27074,0.88545,-0.27776,-0.23016,2.00236,-0.84998,2.19679,-0.84998,2.19679,0.00000,0.00000,0,0.00029
32.3688,0.88311,-0.23885,0.88311,-0.23885,0.88218,-0.24750,-0.24783,2.00752,-0.86536,2.18077,-0.86536,2.18077,0.00000,0.00000,0,0.00035
32.4694,0.88213,-0.20591,0.88213,-0.20591,0.88137,-0.22196,-0.26547,2.01219,-0.88243,2.16756,-0.88243,2.16756,0.00000,0.00000,0,0.00026
32.5703,0.85929,-0.09028,0.85929,-0.09028,0.87259,-0.12949,-0.28307,2.01551,-0.89389,2.10616,-0.89389,2.10616,0.00000,0.00000,0,0.00036
32.6750,0.84042,-0.05977,0.84042,-0.05977,0.85482,-0.07741,-0.30035,2.01740,-0.89872,2.07158,-0.89872,2.07158,0.00000,0.00000,0,0.00029
32.7773,0.82211,-0.02656,0.82211,-0.02656,0.83181,-0.04338,-0.31716,2.01836,-0.89942,2.04873,-0.89942,2.04873,0.00000,0.00000,32,0.00028
32.8804,0.80642,0.00260,0.80642,0.00260,0.81370,-0.01290,-0.33357,2.01836,-0.90315,2.02740,-0.90315,2.02740,0.00000,0.00000,32,0.00029
32.9835,0.79739,0.03282,0.79739,0.03282,0.80225,0.01874,-0.34970,2.01836,-0.91127,2.00525,-0.91127,2.00525,0.00000,0.00000,32,0.00210
33.0822,0.77793,0.06554,0.77793,0.06554,0.78618,0.04956,-0.36555,2.01836,-0.91588,1.98367,-0.91588,1.98367,0.00000,0.00000,32,0.00028
33.1854,0.78400,0.23144,0.78400,0.23144,0.77826,0.14817,-0.38113,2.01649,-0.92591,1.91277,-0.92591,1.91277,0.00000,0.00000,0,0.00027
33.2893,0.74224,0.28683,0.74224,0.28683,0.76447,0.24933,-0.39666,2.01220,-0.93178,1.83767,-0.93178,1.83767,0.00000,0.00000,0,0.00025
33.3933,0.65867,0.34068,0.65867,0.34068,0.68622,0.31342,-0.41099,2.00635,-0.89134,1.78696,-0.89134,1.78696,0.00000,0.00000,0,0.00031
33.4953,0.64388,0.33350,0.64388,0.33350,0.65361,0.33066,-0.42429,1.99980,-0.88182,1.76834,-0.88182,1.76834,0.00000,0.00000,0,0.00097
33.5955,0.63760,0.33874,0.63760,0.33874,0.64068,0.33684,-0.43718,1.99309,-0.88566,1.75730,-0.88566,1.75730,0.00000,0.00000,0,0.00034
33.6992,0.63095,0.34357,0.63095,0.34357,0.63308,0.34045,-0.44989,1.98632,-0.89305,1.74801,-0.89305,1.74801,0.00000,0.00000,0,0.00043
33.7997,0.62183,0.34739,0.62183,0.34739,0.62542,0.34474,-0.46246,1.97947,-0.90026,1.73815,-0.90026,1.73815,0.00000,0.00000,0,0.00036
33.9024,0.60573,0.35676,0.60573,0.35676,0.61256,0.35235,-0.47483,1.97249,-0.90362,1.72584,-0.90362,1.72584,0.00000,0.00000,0,0.00129
34.0021,0.59291,0.35943,0.59291,0.35943,0.59869,0.35799,-0.48691,1.96536,-0.90599,1.71477,-0.90599,1.71477,0.00000,0.00000,0,0.00033
34.1040,0.57689,0.36817,0.57689,0.36817,0.58374,0.36455,-0.49870,1.95813,-0.90732,1.70294,-0.90732,1.70294,0.00000,0.00000,0,0.00082
34.2077,0.56230,0.37057,0.56230,0.37057,0.57020,0.36949,-0.51022,1.95077,-0.90937,1.69212,-0.90937,1.69212,0.00000,0.00000,0,0.00026
34.3092,0.50807,0.39521,0.50807,0.39521,0.53893,0.38116,-0.52135,1.94329,-0.89860,1.67648,-0.89860,1.67648,0.00000,0.00000,0,0.00027
34.4112,0.41834,0.40442,-0.58166,0.40442,-0.36819,0.41561,-0.54001,1.93507,-0.28228,1.64414,-0.28228,1.64414,1.00000,0.00000,0,0.00029
34.5121,0.28562,0.33931,-0.71438,0.33931,-0.62817,0.36947,-0.52915,1.92722,-0.08943,1.66859,-0.08943,1.66859,1.00000,0.00000,0,0.00025
34.6125,0.17922,0.22026,-0.82078,0.22026,-0.76537,0.27758,-0.51486,1.92084,0.02090,1.72654,0.02090,1.72654,1.00000,0.00000,0,0.00027
34.7135,0.02671,0.03394,-0.97329,0.03394,-0.90338,0.09529,-0.49802,1.91756,0.13434,1.85086,0.13434,1.85086,1.00000,0.00000,0,0.00029
34.8165,0.00450,-0.06538,-0.99550,-0.06538,-0.96344,-0.00779,-0.47926,1.91700,0.19515,1.92245,0.19515,1.92245,1.00000,0.00000,32,0.00026
34.9198,0.02182,-0.15490,-0.97818,-0.15490,-0.96884,-0.11617,-0.45993,1.91843,0.21826,1.99975,0.21826,1.99975,1.00000,0.00000,0,0.00031
35.0213,0.03777,-0.19936,-0.96223,-0.19936,-0.96728,-0.17058,-0.44049,1.92137,0.23660,2.04077,0.23660,2.04077,1.00000,0.00000,0,0.00026
35.1231,0.04552,-0.37027,-0.95448,-0.37027,-0.95924,-0.27443,-0.42123,1.92577,0.25024,2.11787,0.25024,2.11787,1.00000,0.00000,0,0.00026
35.2246,0.05826,-0.43329,-0.94174,-0.43329,-0.96153,-0.40024,-0.40188,1.93301,0.27120,2.21317,0.27120,2.21317,1.00000,0.00000,0,0.00031
35.3250,0.06671,-0.46602,-0.93329,-0.46602,-0.94180,-0.45040,-0.38294,1.94168,0.27632,2.25695,0.27632,2.25695,1.00000,0.00000,0,0.00037
35.4269,0.07665,-0.47371,-0.92335,-0.47371,-0.92702,-0.46725,-0.36432,1.95090,0.28459,2.27798,0.28459,2.27798,1.00000,0.00000,0,0.00027
35.5297,0.09458,-0.48608,-0.90542,-0.48608,-0.91229,-0.47939,-0.34596,1.96038,0.29264,2.29596,0.29264,2.29596,1.00000,0.00000,0,0.00030
35.6303,0.10257,-0.49914,-0.89743,-0.49914,-0.90116,-0.49322,-0.32787,1.97014,0.30294,2.31539,0.30294,2.31539,1.00000,0.00000,0,0.00029
35.7306,0.11949,-0.51779,-0.88051,-0.51779,-0.88791,-0.50936,-0.30999,1.98020,0.31155,2.33675,0.31155,2.33675,1.00000,0.00000,0,0.00028
35.8317,0.13620,-0.54064,-0.86380,-0.54064,-0.87205,-0.53026,-0.29243,1.99063,0.31801,2.36181,0.31801,2.36181,1.00000,0.00000,0,0.00035
35.9362,0.15040,-0.56285,-0.84960,-0.56285,-0.85578,-0.55285,-0.27519,2.00151,0.32386,2.38850,0.32386,2.38850,1.00000,0.00000,0,0.00028
36.0394,0.17747,-0.58538,-0.82253,-0.58538,-0.83449,-0.57458,-0.25831,2.01282,0.32583,2.41502,0.32583,2.41502,1.00000,0.00000,0,0.00026
36.1421,0.19801,-0.60487,-0.80199,-0.60487,-0.81263,-0.59520,-0.24187,2.02455,0.32697,2.44120,0.32697,2.44120,1.00000,0.00000,0,0.00028
36.2435,0.24705,-0.62010,-0.75295,-0.62010,-0.77414,-0.61291,-0.22606,2.03669,0.31584,2.46572,0.31584,2.46572,1.00000,0.00000,0,0.00027
36.3454,0.35943,-0.62265,-0.64057,-0.62265,-0.69277,-0.62256,-0.21145,2.04910,0.27349,2.48489,0.27349,2.48489,1.00000,0.00000,0,0.00034
36.4483,0.43247,-0.64741,-0.56753,-0.64741,-0.60285,-0.63859,-0.19874,2.06172,0.22326,2.50873,0.22326,2.50873,1.00000,0.00000,0,0.00035
36.5503,0.48397,-0.66045,-0.51603,-0.66045,-0.54432,-0.65409,-0.18738,2.07468,0.19364,2.53254,0.19364,2.53254,1.00000,0.00000,0,0.00035
36.6516,0.57700,-0.68800,-0.42300,-0.68800,-0.46051,-0.67678,-0.17749,2.08800,0.14487,2.56175,0.14487,2.56175,1.00000,0.00000,0,0.00040
36.7524,0.63403,-0.70388,-0.36597,-0.70388,-0.39016,-0.69991,-0.16920,2.10186,0.10391,2.59180,0.10391,2.59180,1.00000,0.00000,0,0.00035
36.8544,0.68953,-0.69808,-0.31047,-0.69808,-0.33402,-0.69931,-0.16207,2.11587,0.07174,2.60539,0.07174,2.60539,1.00000,0.00000,0,0.00029
36.9551,0.70575,-0.69241,-0.29425,-0.69241,-0.30332,-0.69431,-0.15580,2.12979,0.05652,2.61581,0.05652,2.61581,1.00000,0.00000,0,0.00045
37.0575,0.72529,-0.68586,-0.27471,-0.68586,-0.28431,-0.68876,-0.14996,2.14361,0.04906,2.62574,0.04906,2.62574,1.00000,0.00000,0,0.00028
37.1614,0.80095,-0.66567,-0.19905,-0.66567,-0.23284,-0.66919,-0.14478,2.15716,0.01821,2.62560,0.01821,2.62560,1.00000,0.00000,0,0.00030
37.2646,0.80443,-0.65745,-0.19557,-0.65745,-0.20404,-0.65853,-0.14054,2.17038,0.00228,2.63136,0.00228,2.63136,1.00000,0.00000,0,0.00029
37.3661,0.80829,-0.65739,0.80829,-0.65739,0.31709,-0.65660,-0.12946,2.18352,-0.35143,2.64314,-0.35143,2.64314,0.00000,0.00000,0,0.00026
37.4677,1.00301,-0.56172,1.00301,-0.56172,0.83445,-0.60705,-0.14269,2.19624,-0.72680,2.62118,-0.72680,2.62118,0.00000,0.00000,0,0.00029
37.5683,1.04469,-0.48693,1.04469,-0.48693,1.00588,-0.50788,-0.16185,2.20701,-0.86596,2.56253,-0.86596,2.56253,0.00000,0.00000,0,0.00025
37.6690,1.08435,-0.34650,1.08435,-0.34650,1.06066,-0.39366,-0.18269,2.21585,-0.92515,2.49141,-0.92515,2.49141,0.00000,0.00000,0,0.00026
37.7697,1.08457,-0.30191,1.08457,-0.30191,1.08075,-0.32920,-0.20424,2.22288,-0.96076,2.45332,-0.96076,2.45332,0.00000,0.00000,0,0.00028
37.8718,1.00113,-0.25007,1.00113,-0.25007,1.02641,-0.27810,-0.22531,2.22882,-0.94380,2.42349,-0.94380,2.42349,0.00000,0.00000,0,0.00032
37.9726,1.01552,-0.22235,1.01552,-0.22235,1.01502,-0.23594,-0.24566,2.23374,-0.95618,2.39889,-0.95618,2.39889,0.00000,0.00000,0,0.00027
38.0736,1.00891,-0.20182,1.00891,-0.20182,1.00938,-0.21418,-0.26589,2.23818,-0.97245,2.38811,-0.97245,2.38811,0.00000,0.00000,0,0.00025
38.1755,1.01072,-0.16234,1.01072,-0.16234,1.00842,-0.18244,-0.28604,2.24212,-0.99194,2.36983,-0.99194,2.36983,0.00000,0.00000,0,0.00104
38.2763,1.00200,-0.03497,1.00200,-0.03497,1.00576,-0.08200,-0.30622,2.24463,-1.01025,2.30203,-1.01025,2.30203,0.00000,0.00000,0,0.00028
38.3787,0.99317,-0.00109,0.99317,-0.00109,1.00193,-0.02215,-0.32631,2.24510,-1.02766,2.26061,-1.02766,2.26061,0.00000,0.00000,32,0.00027
38.4792,0.99084,0.05722,0.99084,0.05722,0.99481,0.03179,-0.34626,2.24510,-1.04263,2.22285,-1.04263,2.22285,0.00000,0.00000,32,0.00026
38.5802,0.99687,0.23122,0.99687,0.23122,0.99080,0.15725,-0.36606,2.24339,-1.05962,2.13331,-1.05962,2.13331,0.00000,0.00000,0,0.00034
38.6832,0.94961,0.28947,0.94961,0.28947,0.96846,0.25560,-0.38571,2.23897,-1.06363,2.06005,-1.06363,2.06005,0.00000,0.00000,0,0.00026
38.7856,0.92821,0.30594,0.92821,0.30594,0.93991,0.29249,-0.40473,2.23336,-1.06267,2.02862,-1.06267,2.02862,0.00000,0.00000,0,0.00045
38.8868,0.90758,0.31984,0.90758,0.31984,0.91754,0.31100,-0.42325,2.22728,-1.06552,2.00958,-1.06552,2.00958,0.00000,0.00000,0,0.00041
38.9898,0.88356,0.33372,0.88356,0.33372,0.89474,0.32645,-0.44133,2.22087,-1.06765,1.99236,-1.06765,1.99236,0.00000,0.00000,0,0.00030
39.0910,0.86394,0.35829,0.86394,0.35829,0.87480,0.34677,-0.45899,2.21412,-1.07135,1.97138,-1.07135,1.97138,0.00000,0.00000,0,0.00027
39.1919,0.77878,0.43986,0.77878,0.43986,0.80558,0.40497,-0.47570,2.20650,-1.03960,1.92303,-1.03960,1.92303,0.00000,0.00000,0,0.00040
39.2928,0.78081,0.44879,0.78081,0.44879,0.78518,0.43930,-0.49151,2.19787,-1.04114,1.89036,-1.04114,1.89036,0.00000,0.00000,0,0.00027
39.3953,0.77747,0.45997,0.77747,0.45997,0.77863,0.45363,-0.50713,2.18889,-1.05217,1.87135,-1.05217,1.87135,0.00000,0.00000,0,0.00094
39.4952,0.76681,0.46779,0.76681,0.46779,0.77057,0.46353,-0.52260,2.17969,-1.06200,1.85521,-1.06200,1.85521,0.00000,0.00000,0,0.00036
39.5964,0.74113,0.46421,0.74113,0.46421,0.75425,0.46552,-0.53785,2.17038,-1.06582,1.84451,-1.06582,1.84451,0.00000,0.00000,0,0.00031
39.7000,0.70060,0.45570,0.70060,0.45570,0.71755,0.45885,-0.55250,2.16114,-1.05478,1.83995,-1.05478,1.83995,0.00000,0.00000,0,0.00044
39.8019,0.68463,0.45708,0.68463,0.45708,0.69218,0.45660,-0.56651,2.15201,-1.05103,1.83239,-1.05103,1.83239,0.00000,0.00000,0,0.00034
39.9029,0.67347,0.46164,0.67347,0.46164,0.67776,0.46018,-0.58016,2.14283,-1.05459,1.82071,-1.05459,1.82071,0.00000,0.00000,0,0.00038
40.0046,0.66675,0.46122,0.66675,0.46122,0.66984,0.46085,-0.59362,2.13361,-1.06251,1.81101,-1.06251,1.81101,0.00000,0.00000,0,0.00025
40.1072,0.65525,0.46762,0.65525,0.46762,0.65991,0.46537,-0.60690,2.12434,-1.06883,1.79858,-1.06883,1.79858,0.00000,0.00000,0,0.00027
40.2094,0.62642,0.47836,0.62642,0.47836,0.64119,0.47172,-0.61991,2.11498,-1.06874,1.78478,-1.06874,1.78478,0.00000,0.00000,0,0.00037
40.3114,0.55700,0.52617,0.55700,0.52617,0.58141,0.51907,-0.63199,2.10495,-1.03897,1.74160,-1.03897,1.74160,0.00000,0.00000,0,0.00117
40.4131,0.53566,0.52289,-0.46434,0.52289,-0.21061,0.52456,-0.64770,2.09447,-0.50028,1.72728,-0.50028,1.72728,1.00000,0.00000,0,0.00032
40.5164,0.42587,0.46647,-0.57413,0.46647,-0.48240,0.49454,-0.63981,2.08426,-0.30213,1.73808,-0.30213,1.73808,1.00000,0.00000,0,0.00029
40.6201,0.34154,0.39726,-0.65846,0.39726,-0.61197,0.43072,-0.62846,2.07510,-0.20008,1.77359,-0.20008,1.77359,1.00000,0.00000,0,0.00032
40.7229,0.25655,0.28947,-0.74345,0.28947,-0.70329,0.34046,-0.61510,2.06751,-0.12279,1.82918,-0.12279,1.82918,1.00000,0.00000,0,0.00030
40.8258,0.17482,0.08875,-0.82518,0.08875,-0.78306,0.16079,-0.60015,2.06273,-0.05201,1.95018,-0.05201,1.95018,1.00000,0.00000,0,0.00119
40.9272,0.20940,-0.07665,-0.79060,-0.07665,-0.80279,-0.00565,-0.58406,2.06141,-0.02210,2.06536,-0.02210,2.06536,1.00000,0.00000,32,0.00032
41.0295,0.18301,-0.08996,-0.81699,-0.08996,-0.81936,-0.07378,-0.56777,2.06220,0.00579,2.11385,0.00579,2.11385,1.00000,0.00000,0,0.00028
41.1299,0.20424,-0.12452,-0.79576,-0.12452,-0.80207,-0.11036,-0.55163,2.06418,0.00982,2.14143,0.00982,2.14143,1.00000,0.00000,0,0.00035
41.2310,0.22143,-0.14072,-0.77857,-0.14072,-0.78294,-0.13396,-0.53582,2.06669,0.01224,2.16046,0.01224,2.16046,1.00000,0.00000,0,0.00026
41.3322,0.23701,-0.16443,-0.76299,-0.16443,-0.76911,-0.15486,-0.52032,2.06961,0.01806,2.17802,0.01806,2.17802,1.00000,0.00000,0,0.00025
41.4330,0.24994,-0.18985,-0.75006,-0.18985,-0.75625,-0.17809,-0.50509,2.07299,0.02429,2.19765,0.02429,2.19765,1.00000,0.00000,0,0.00042
41.5343,0.24974,-0.24052,-0.75026,-0.24052,-0.75140,-0.21589,-0.49003,2.07695,0.03594,2.22807,0.03594,2.22807,1.00000,0.00000,0,0.00030
41.6349,0.21227,-0.38250,-0.78773,-0.38250,-0.77210,-0.33971,-0.47487,2.08269,0.06560,2.32049,0.06560,2.32049,1.00000,0.00000,0,0.00028
41.7356,0.24588,-0.41475,-0.75412,-0.41475,-0.75241,-0.39550,-0.45966,2.09024,0.06703,2.36709,0.06703,2.36709,1.00000,0.00000,0,0.00025
41.8374,0.27505,-0.43004,-0.72495,-0.43004,-0.73309,-0.42127,-0.44481,2.09850,0.06836,2.39339,0.06836,2.39339,1.00000,0.00000,0,0.00028
41.9398,0.29183,-0.44611,-0.70817,-0.44611,-0.71661,-0.43908,-0.43032,2.10715,0.07131,2.41450,0.07131,2.41450,1.00000,0.00000,0,0.00028
42.0418,0.30280,-0.46025,-0.69720,-0.46025,-0.70358,-0.45436,-0.41614,2.11612,0.07637,2.43417,0.07637,2.43417,1.00000,0.00000,0,0.00027
42.1432,0.31966,-0.47486,-0.68034,-0.47486,-0.68849,-0.46819,-0.40224,2.12537,0.07971,2.45310,0.07971,2.45310,1.00000,0.00000,0,0.00035
42.2445,0.37477,-0.46658,-0.62523,-0.46658,-0.65207,-0.47024,-0.38883,2.13479,0.06762,2.46396,0.06762,2.46396,1.00000,0.00000,0,0.00029
42.3482,0.43323,-0.45877,-0.56677,-0.45877,-0.59124,-0.45972,-0.37655,2.14404,0.03732,2.46584,0.03732,2.46584,1.00000,0.00000,0,0.00033
42.4500,0.45396,-0.46596,-0.54604,-0.46596,-0.55759,-0.46320,-0.36516,2.15326,0.02515,2.47750,0.02515,2.47750,1.00000,0.00000,0,0.00039
42.5517,0.47072,-0.48082,-0.52928,-0.48082,-0.53795,-0.47483,-0.35425,2.16266,0.02231,2.49504,0.02231,2.49504,1.00000,0.00000,0,0.00041
42.6526,0.50767,-0.50529,-0.49233,-0.50529,-0.50931,-0.49405,-0.34382,2.17237,0.01270,2.51820,0.01270,2.51820,1.00000,0.00000,0,0.00025
42.7552,0.54827,-0.52772,-0.45173,-0.52772,-0.46972,-0.51842,-0.33410,2.18255,-0.00530,2.54544,-0.00530,2.54544,1.00000,0.00000,0,0.00028
42.8584,0.56962,-0.54033,-0.43038,-0.54033,-0.44177,-0.53455,-0.32506,2.19313,-0.01582,2.56731,-0.01582,2.56731,1.00000,0.00000,0,0.00028
42.9614,0.59594,-0.55382,-0.40406,-0.55382,-0.41612,-0.54800,-0.31653,2.20398,-0.02524,2.58758,-0.02524,2.58758,1.00000,0.00000,0,0.00202
43.0617,0.62821,-0.57117,-0.37179,-0.57117,-0.38584,-0.56314,-0.30857,2.21511,-0.03848,2.60931,-0.03848,2.60931,1.00000,0.00000,0,0.00033
43.1627,0.68076,-0.59954,-0.31924,-0.59954,-0.34716,-0.58574,-0.30126,2.22662,-0.05825,2.63664,-0.05825,2.63664,1.00000,0.00000,0,0.00033
43.2644,0.74391,-0.62088,-0.25609,-0.62088,-0.28306,-0.61123,-0.29510,2.23866,-0.09696,2.66652,-0.09696,2.66652,1.00000,0.00000,0,0.00028
43.3682,0.77212,-0.61833,0.77212,-0.61833,0.26731,-0.61860,-0.27756,2.25101,-0.46468,2.68403,-0.46468,2.68403,0.00000,0.00000,0,0.00276
43.4665,1.10596,-0.42003,1.10596,-0.42003,0.83948,-0.52105,-0.29015,2.26266,-0.87778,2.62739,-0.87778,2.62739,0.00000,0.00000,0,0.00026
43.5692,1.13397,-0.26743,1.13397,-0.26743,1.08379,-0.31271,-0.31040,2.27026,-1.06905,2.48915,-1.06905,2.48915,0.00000,0.00000,0,0.00027
43.6718,1.13896,-0.24131,1.13896,-0.24131,1.12592,-0.25069,-0.33267,2.27565,-1.12081,2.45113,-1.12081,2.45113,0.00000,0.00000,0,0.00071
43.7718,1.13676,-0.21855,1.13676,-0.21855,1.13620,-0.22953,-0.35536,2.28040,-1.15070,2.44107,-1.15070,2.44107,0.00000,0.00000,0,0.00030
43.8743,1.07545,-0.12400,1.07545,-0.12400,1.11463,-0.17151,-0.37798,2.28444,-1.15822,2.40450,-1.15822,2.40450,0.00000,0.00000,0,0.00025
43.9754,1.05682,0.02185,1.05682,0.02185,1.06855,-0.04055,-0.39960,2.28633,-1.14758,2.31471,-1.14758,2.31471,0.00000,0.00000,32,0.00027
44.0785,1.08493,0.20418,1.08493,0.20418,1.07375,0.11664,-0.42094,2.28555,-1.17256,2.20390,-1.17256,2.20390,0.00000,0.00000,0,0.00122
44.1809,1.04868,0.25123,1.04868,0.25123,1.06340,0.21267,-0.44242,2.28201,-1.18680,2.13314,-1.18680,2.13314,0.00000,0.00000,0,0.00032
44.2819,1.03563,0.26950,1.03563,0.26950,1.04697,0.25333,-0.46351,2.27722,-1.19639,2.09989,-1.19639,2.09989,0.00000,0.00000,0,0.00033
44.3838,1.00664,0.31094,1.00664,0.31094,1.02041,0.29380,-0.48412,2.27165,-1.19841,2.06599,-1.19841,2.06599,0.00000,0.00000,0,0.00026
44.4852,0.97481,0.36518,0.97481,0.36518,0.98930,0.34193,-0.50415,2.26521,-1.19666,2.02585,-1.19666,2.02585,0.00000,0.00000,0,0.00027
44.5870,0.94607,0.39904,0.94607,0.39904,0.95971,0.38213,-0.52359,2.25788,-1.19538,1.99039,-1.19538,1.99039,0.00000,0.00000,0,0.00032
44.6883,0.92012,0.42378,0.92012,0.42378,0.93349,0.41178,-0.54247,2.24986,-1.19592,1.96161,-1.19592,1.96161,0.00000,0.00000,0,0.00026
44.7900,0.87645,0.46651,0.87645,0.46651,0.89940,0.44541,-0.56076,2.24125,-1.19034,1.92946,-1.19034,1.92946,0.00000,0.00000,0,0.00048
44.8925,0.79904,0.52379,0.79904,0.52379,0.81910,0.49746,-0.57770,2.23167,-1.15107,1.88345,-1.15107,1.88345,0.00000,0.00000,0,0.00080
44.9938,0.79312,0.52758,0.79312,0.52758,0.79744,0.51816,-0.59379,2.22143,-1.15200,1.85872,-1.15200,1.85872,0.00000,0.00000,0,0.00033
45.0954,0.78471,0.53363,0.78471,0.53363,0.78877,0.52747,-0.60963,2.21096,-1.16177,1.84172,-1.16177,1.84172,0.00000,0.00000,0,0.00027
45.1989,0.77759,0.54143,0.77759,0.54143,0.78150,0.53590,-0.62533,2.20033,-1.17238,1.82520,-1.17238,1.82520,0.00000,0.00000,0,0.00035
45.3029,0.75749,0.55514,0.75749,0.55514,0.76743,0.54958,-0.64081,2.18944,-1.17802,1.80474,-1.17802,1.80474,0.00000,0.00000,0,0.00155
45.4032,0.73718,0.56570,0.73718,0.56570,0.74744,0.56109,-0.65593,2.17830,-1.17914,1.78554,-1.17914,1.78554,0.00000,0.00000,0,0.00042
45.5058,0.68903,0.55694,0.68903,0.55694,0.70989,0.55963,-0.67047,2.16707,-1.16740,1.77533,-1.16740,1.77533,0.00000,0.00000,0,0.00125
45.6053,0.64965,0.56790,0.64965,0.56790,0.66789,0.56214,-0.68415,2.15588,-1.15168,1.76239,-1.15168,1.76239,0.00000,0.00000,0,0.00031
45.7080,0.57533,0.62750,0.57533,0.62750,0.60037,0.61285,-0.69665,2.14406,-1.11691,1.71507,-1.11691,1.71507,0.00000,0.00000,0,0.00026
45.8123,0.55588,0.62632,0.55588,0.62632,0.56663,0.62296,-0.70818,2.13168,-1.10482,1.69560,-1.10482,1.69560,0.00000,0.00000,0,0.00027
45.9145,0.55615,0.62735,0.55615,0.62735,0.55754,0.62652,-0.71937,2.11917,-1.10965,1.68060,-1.10965,1.68060,0.00000,0.00000,0,0.00101
46.0155,0.54529,0.62778,0.54529,0.62778,0.55033,0.62794,-0.73044,2.10661,-1.11567,1.66706,-1.11567,1.66706,0.00000,0.00000,0,0.00032
46.1190,0.53858,0.62553,0.53858,0.62553,0.54229,0.62626,-0.74135,2.09408,-1.12095,1.65570,-1.12095,1.65570,0.00000,0.00000,0,0.00026
46.2196,0.52749,0.62198,0.52749,0.62198,0.53241,0.62434,-0.75207,2.08157,-1.12476,1.64453,-1.12476,1.64453,0.00000,0.00000,0,0.00027
46.3211,0.51425,0.61747,0.51425,0.61747,0.52116,0.62026,-0.76260,2.06912,-1.12741,1.63494,-1.12741,1.63494,0.00000,0.00000,0,0.00028
46.4221,0.46984,0.59718,-0.53016,0.59718,-0.33496,0.60950,-0.77114,2.05681,-0.53667,1.63016,-0.53667,1.63016,1.00000,0.00000,0,0.00029
46.5245,0.32801,0.49508,-0.67199,0.49508,-0.59322,0.53546,-0.76097,2.04542,-0.34571,1.67060,-0.34571,1.67060,1.00000,0.00000,0,0.00027
46.6262,0.22314,0.40940,-0.77686,0.40940,-0.72989,0.44897,-0.74732,2.03579,-0.23640,1.72150,-0.23640,1.72150,1.00000,0.00000,0,0.00025
46.7283,0.17155,0.32667,-0.82845,0.32667,-0.80222,0.36657,-0.73179,2.02780,-0.17024,1.77120,-0.17024,1.77120,1.00000,0.00000,0,0.00081
46.8290,0.14999,0.10828,-0.85001,0.10828,-0.84417,0.20560,-0.71518,2.02207,-0.12426,1.87815,-0.12426,1.87815,1.00000,0.00000,0,0.00028
46.9293,0.06555,-0.02311,-0.93445,-0.02311,-0.91320,0.01711,-0.69755,2.02078,-0.05831,2.00881,-0.05831,2.00881,1.00000,0.00000,32,0.00029
47.0298,0.07443,-0.04347,-0.92557,-0.04347,-0.91536,-0.03578,-0.67936,2.02078,-0.03861,2.04583,-0.03861,2.04583,1.00000,0.00000,32,0.00029
47.1310,0.08954,-0.06908,-0.91046,-0.06908,-0.90987,-0.06052,-0.66109,2.02146,-0.02418,2.06382,-0.02418,2.06382,1.00000,0.00000,0,0.00029
47.2322,0.11850,-0.09389,-0.88150,-0.09389,-0.89494,-0.08100,-0.64301,2.02288,-0.01655,2.07958,-0.01655,2.07958,1.00000,0.00000,0,0.00027
47.3333,0.14754,-0.11602,-0.85246,-0.11602,-0.86604,-0.10490,-0.62546,2.02479,-0.01923,2.09822,-0.01923,2.09822,1.00000,0.00000,0,0.00030
47.4353,0.15909,-0.13734,-0.84091,-0.13734,-0.85002,-0.12635,-0.60833,2.02714,-0.01331,2.11558,-0.01331,2.11558,1.00000,0.00000,0,0.00075
47.5387,0.16589,-0.15660,-0.83411,-0.15660,-0.83834,-0.14609,-0.59148,2.02990,-0.00464,2.13216,-0.00464,2.13216,1.00000,0.00000,0,0.00079
47.6386,0.17002,-0.18784,-0.82998,-0.18784,-0.83173,-0.17278,-0.57481,2.03312,0.00741,2.15407,0.00741,2.15407,1.00000,0.00000,0,0.00026
47.7409,0.17509,-0.27524,-0.82491,-0.27524,-0.82988,-0.22808,-0.55818,2.03712,0.02274,2.19678,0.02274,2.19678,1.00000,0.00000,0,0.00025
47.8421,0.17166,-0.39246,-0.82834,-0.39246,-0.84117,-0.35569,-0.54137,2.04345,0.04744,2.29243,0.04744,2.29243,1.00000,0.00000,0,0.00025
47.9449,0.18729,-0.41461,-0.81271,-0.41461,-0.82211,-0.39898,-0.52482,2.05113,0.05066,2.33041,0.05066,2.33041,1.00000,0.00000,0,0.00100
48.0457,0.20246,-0.42786,-0.79754,-0.42786,-0.80207,-0.41949,-0.50865,2.05936,0.05279,2.35300,0.05279,2.35300,1.00000,0.00000,0,0.00030
48.1462,0.22974,-0.43639,-0.77026,-0.43639,-0.78123,-0.43184,-0.49286,2.06791,0.05400,2.37019,0.05400,2.37019,1.00000,0.00000,0,0.00027
48.2471,0.28545,-0.42736,-0.71455,-0.42736,-0.73965,-0.43181,-0.47769,2.07658,0.04006,2.37885,0.04006,2.37885,1.00000,0.00000,0,0.00027
48.3492,0.34146,-0.40424,-0.65854,-0.40424,-0.67916,-0.41022,-0.46366,2.08494,0.01175,2.37209,0.01175,2.37209,1.00000,0.00000,0,0.00032
48.4502,0.36370,-0.41380,-0.63630,-0.41380,-0.64707,-0.41085,-0.45051,2.09313,0.00244,2.38073,0.00244,2.38073,1.00000,0.00000,0,0.00044
48.5523,0.37352,-0.42397,-0.62648,-0.42397,-0.63253,-0.41843,-0.43775,2.10143,0.00503,2.39434,0.00503,2.39434,1.00000,0.00000,0,0.00032
48.6546,0.38914,-0.43103,-0.61086,-0.43103,-0.61789,-0.42741,-0.42528,2.10992,0.00725,2.40910,0.00725,2.40910,1.00000,0.00000,0,0.00032
48.7550,0.40019,-0.44123,-0.59981,-0.44123,-0.60610,-0.43719,-0.41306,2.11858,0.01121,2.42461,0.01121,2.42461,1.00000,0.00000,0,0.00028
48.8557,0.42180,-0.45116,-0.57820,-0.45116,-0.58721,-0.44696,-0.40116,2.12745,0.00989,2.44032,0.00989,2.44032,1.00000,0.00000,0,0.00033
48.9566,0.45390,-0.46946,-0.54610,-0.46946,-0.56323,-0.46067,-0.38966,2.13654,0.00460,2.45900,0.00460,2.45900,1.00000,0.00000,0,0.00023
49.0591,0.50560,-0.48383,-0.49440,-0.48383,-0.51707,-0.47859,-0.37893,2.14598,-0.01698,2.48099,-0.01698,2.48099,1.00000,0.00000,0,0.00029
49.1599,0.55515,-0.47932,-0.44485,-0.47932,-0.46334,-0.48046,-0.36927,2.15558,-0.04494,2.49191,-0.04494,2.49191,1.00000,0.00000,0,0.00031
49.2614,0.58508,-0.47730,-0.41492,-0.47730,-0.42993,-0.47802,-0.36041,2.16516,-0.05946,2.49977,-0.05946,2.49977,1.00000,0.00000,0,0.00024
49.3634,0.60961,-0.48795,0.60961,-0.48795,-0.10172,-0.48326,-0.34038,2.17476,-0.28217,2.51304,-0.26918,2.51304,0.00000,0.00000,1,0.00028
49.4667,0.79908,-0.38440,0.79908,-0.38440,0.57986,-0.43893,-0.34768,2.18419,-0.75358,2.49144,-0.75358,2.49144,0.00000,0.00000,0,0.00030
49.5687,0.92241,-0.18579,0.92241,-0.18579,0.83940,-0.28030,-0.36284,2.19135,-0.95042,2.38756,-0.95042,2.38756,0.00000,0.00000,0,0.00027
49.6693,0.95150,-0.14528,0.95150,-0.14528,0.93713,-0.17652,-0.38111,2.19553,-1.03710,2.31909,-1.03710,2.31909,0.00000,0.00000,0,0.00026
49.7705,0.96239,-0.14247,0.96239,-0.14247,0.95923,-0.14907,-0.40018,2.19867,-1.07164,2.30302,-1.07164,2.30302,0.00000,0.00000,0,0.00025
49.8717,0.96326,-0.11517,0.96326,-0.11517,0.96166,-0.12635,-0.41940,2.20137,-1.09256,2.28981,-1.09256,2.28981,0.00000,0.00000,0,0.00030
49.9724,0.96914,-0.09395,0.96914,-0.09395,0.96586,-0.10615,-0.43867,2.20367,-1.11477,2.27797,-1.11477,2.27797,0.00000,0.00000,0,0.00026
50.0730,0.97213,0.06445,0.97213,0.06445,0.97322,-0.01503,-0.45809,2.20473,-1.13934,2.21525,-1.13934,2.21525,0.00000,0.00000,32,0.00026
50.1773,1.00786,0.26030,1.00786,0.26030,0.98673,0.17699,-0.47761,2.20309,-1.16832,2.07920,-1.16832,2.07920,0.00000,0.00000,0,0.00081
50.2791,0.96006,0.32375,0.96006,0.32375,0.98064,0.28391,-0.49746,2.19814,-1.18391,1.99940,-1.18391,1.99940,0.00000,0.00000,0,0.00101
50.3819,0.94103,0.35187,0.94103,0.35187,0.95279,0.33368,-0.51674,2.19179,-1.18369,1.95821,-1.18369,1.95821,0.00000,0.00000,0,0.00031
50.4828,0.92844,0.38340,0.92844,0.38340,0.93373,0.36917,-0.53554,2.18468,-1.18915,1.92626,-1.18915,1.92626,0.00000,0.00000,0,0.00028
50.5849,0.91459,0.41325,0.91459,0.41325,0.92073,0.39910,-0.55405,2.17693,-1.19856,1.89755,-1.19856,1.89755,0.00000,0.00000,0,0.00031
50.6867,0.90348,0.43501,0.90348,0.43501,0.90818,0.42509,-0.57231,2.16861,-1.20803,1.87105,-1.20803,1.87105,0.00000,0.00000,0,0.00029
50.7909,0.88147,0.46093,0.88147,0.46093,0.89037,0.45002,-0.59027,2.15982,-1.21353,1.84480,-1.21353,1.84480,0.00000,0.00000,0,0.00186
50.8921,0.85364,0.48773,0.85364,0.48773,0.86610,0.47600,-0.60780,2.15051,-1.21407,1.81731,-1.21407,1.81731,0.00000,0.00000,0,0.00032
50.9935,0.74854,0.52321,0.74854,0.52321,0.79463,0.51813,-0.62441,2.14048,-1.18066,1.77779,-1.18066,1.77779,0.00000,0.00000,0,0.00024
51.0956,0.73064,0.55738,0.73064,0.55738,0.74673,0.55467,-0.63965,2.12958,-1.16236,1.74131,-1.16236,1.74131,0.00000,0.00000,0,0.00040
51.1991,0.70209,0.56655,0.70209,0.56655,0.71666,0.56497,-0.65423,2.11835,-1.15589,1.72287,-1.15589,1.72287,0.00000,0.00000,0,0.00035
51.3015,0.67534,0.57498,0.67534,0.57498,0.68817,0.57252,-0.66820,2.10696,-1.14992,1.70619,-1.14992,1.70619,0.00000,0.00000,0,0.00058
51.4032,0.59918,0.61039,0.59918,0.61039,0.63922,0.59105,-0.68150,2.09536,-1.12895,1.68162,-1.12895,1.68162,0.00000,0.00000,0,0.00029
51.5045,0.54962,0.64030,0.54962,0.64030,0.57484,0.63570,-0.69344,2.08283,-1.09583,1.63784,-1.09583,1.63784,0.00000,0.00000,0,0.00027
51.6069,0.54452,0.63968,0.54452,0.63968,0.55154,0.64056,-0.70462,2.07002,-1.09070,1.62163,-1.09070,1.62163,0.00000,0.00000,0,0.00072
51.7100,0.53286,0.63711,0.53286,0.63711,0.53783,0.63859,-0.71547,2.05723,-1.09195,1.61021,-1.09195,1.61021,0.00000,0.00000,0,0.00075
51.8100,0.52846,0.63166,0.52846,0.63166,0.53182,0.63333,-0.72616,2.04452,-1.09844,1.60119,-1.09844,1.60119,0.00000,0.00000,0,0.00029
51.9133,0.51894,0.62717,0.51894,0.62717,0.52291,0.62876,-0.73669,2.03190,-1.10273,1.59177,-1.10273,1.59177,0.00000,0.00000,0,0.00032
52.0157,0.50562,0.62456,0.50562,0.62456,0.51178,0.62624,-0.74703,2.01935,-1.10527,1.58098,-1.10527,1.58098,0.00000,0.00000,0,0.00032
52.1193,0.48942,0.61686,0.48942,0.61686,0.49758,0.62060,-0.75710,2.00689,-1.10541,1.57247,-1.10541,1.57247,0.00000,0.00000,0,0.00032
52.2218,0.47525,0.61197,0.47525,0.61197,0.48279,0.61439,-0.76688,1.99455,-1.10483,1.56448,-1.10483,1.56448,0.00000,0.00000,0,0.00035
52.3254,0.45016,0.59993,0.45016,0.59993,0.46235,0.60574,-0.77631,1.98236,-1.09996,1.55834,-1.09996,1.55834,0.00000,0.00000,0,0.00292
52.4247,0.40669,0.58543,-0.59331,0.58543,-0.23239,0.59119,-0.79441,1.97042,-0.63173,1.55659,-0.63173,1.55659,1.00000,0.00000,0,0.00027
52.5250,0.26473,0.43717,-0.73527,0.43717,-0.62121,0.50467,-0.78445,1.95935,-0.34961,1.60609,-0.34961,1.60609,1.00000,0.00000,0,0.00026
52.6283,0.15521,0.35217,-0.84479,0.35217,-0.78754,0.39261,-0.76983,1.95073,-0.21854,1.67590,-0.21854,1.67590,1.00000,0.00000,0,0.00026
52.7314,0.09680,0.13426,-0.90320,0.13426,-0.88014,0.22085,-0.75288,1.94469,-0.13678,1.79010,-0.13678,1.79010,1.00000,0.00000,0,0.00101
52.8321,0.05397,0.03024,-0.94603,0.03024,-0.92940,0.10037,-0.73467,1.94169,-0.08409,1.87144,-0.08409,1.87144,1.00000,0.00000,0,0.00028
52.9347,0.03250,-0.07418,-0.96750,-0.07418,-0.96934,-0.04116,-0.71550,1.94169,-0.03696,1.97050,-0.03696,1.97050,1.00000,0.00000,32,0.00028
53.0358,0.02903,-0.09081,-0.97097,-0.09081,-0.96933,-0.08111,-0.69615,1.94310,-0.01762,1.99988,-0.01762,1.99988,1.00000,0.00000,0,0.00028
53.1396,0.04251,-0.10660,-0.95749,-0.10660,-0.95891,-0.09967,-0.67691,1.94497,-0.00567,2.01474,-0.00567,2.01474,1.00000,0.00000,0,0.00069
53.2401,0.05822,-0.12525,-0.94178,-0.12525,-0.94673,-0.11659,-0.65787,1.94716,0.00484,2.02878,0.00484,2.02878,1.00000,0.00000,0,0.00034
53.3414,0.08783,-0.15498,-0.91217,-0.15498,-0.92628,-0.14210,-0.63914,1.94979,0.00926,2.04926,0.00926,2.04926,1.00000,0.00000,0,0.00028
53.4427,0.11812,-0.18482,-0.88188,-0.18482,-0.89598,-0.17177,-0.62098,1.95299,0.00620,2.07323,0.00620,2.07323,1.00000,0.00000,0,0.00027
53.5449,0.13622,-0.20751,-0.86378,-0.20751,-0.87278,-0.19591,-0.60336,1.95672,0.00759,2.09386,0.00759,2.09386,1.00000,0.00000,0,0.00073
53.6462,0.14250,-0.24253,-0.85750,-0.24253,-0.86158,-0.22563,-0.58605,1.96097,0.01706,2.11891,0.01706,2.11891,1.00000,0.00000,0,0.00037
53.7485,0.13373,-0.41066,-0.86627,-0.41066,-0.85672,-0.32572,-0.56892,1.96640,0.03078,2.19440,0.03078,2.19440,1.00000,0.00000,0,0.00033
53.8500,0.15907,-0.43443,-0.84093,-0.43443,-0.85707,-0.41166,-0.55161,1.97412,0.04835,2.26228,0.04835,2.26228,1.00000,0.00000,0,0.00032
53.9520,0.17251,-0.44910,-0.82749,-0.44910,-0.84161,-0.44236,-0.53461,1.98277,0.05452,2.29243,0.05452,2.29243,1.00000,0.00000,0,0.00039
54.0546,0.17941,-0.46265,-0.82059,-0.46265,-0.82753,-0.45637,-0.51796,1.99178,0.06130,2.31124,0.06130,2.31124,1.00000,0.00000,0,0.00155
54.1546,0.19663,-0.47562,-0.80337,-0.47562,-0.81258,-0.46941,-0.50159,2.00106,0.06722,2.32965,0.06722,2.32965,1.00000,0.00000,0,0.00029
54.2551,0.22973,-0.47422,-0.77027,-0.47422,-0.78629,-0.47308,-0.48564,2.01050,0.06477,2.34166,0.06477,2.34166,1.00000,0.00000,0,0.00025
54.3576,0.30925,-0.43917,-0.69075,-0.43917,-0.72477,-0.45447,-0.47058,2.01980,0.03676,2.33793,0.03676,2.33793,1.00000,0.00000,0,0.00112
54.4594,0.33545,-0.44371,-0.66455,-0.44371,-0.67848,-0.44447,-0.45670,2.02873,0.01824,2.33985,0.01824,2.33985,1.00000,0.00000,0,0.00030
54.5599,0.36016,-0.44417,-0.63984,-0.44417,-0.65298,-0.44341,-0.44342,2.03760,0.01366,2.34799,0.01366,2.34799,1.00000,0.00000,0,0.00030
54.6619,0.37751,-0.44709,-0.62249,-0.44709,-0.63134,-0.44538,-0.43064,2.04649,0.01130,2.35825,0.01130,2.35825,1.00000,0.00000,0,0.00034
54.7634,0.39542,-0.45162,-0.60458,-0.45162,-0.61366,-0.44985,-0.41822,2.05546,0.01134,2.37035,0.01134,2.37035,1.00000,0.00000,0,0.00031
54.8646,0.41190,-0.45565,-0.58810,-0.45565,-0.59651,-0.45414,-0.40615,2.06451,0.01140,2.38241,0.01140,2.38241,1.00000,0.00000,0,0.00026
54.9655,0.43180,-0.46185,-0.56820,-0.46185,-0.57776,-0.45921,-0.39445,2.07365,0.00998,2.39509,0.00998,2.39509,1.00000,0.00000,0,0.00028
55.0686,0.46944,-0.47179,-0.53056,-0.47179,-0.54850,-0.46847,-0.38321,2.08295,0.00074,2.41088,0.00074,2.41088,1.00000,0.00000,0,0.00027
55.1718,0.52008,-0.48273,-0.47992,-0.48273,-0.50247,-0.47710,-0.37279,2.09241,-0.02106,2.42638,-0.02106,2.42638,1.00000,0.00000,0,0.00029
55.2739,0.54829,-0.49386,-0.45171,-0.49386,-0.46542,-0.48903,-0.36320,2.10210,-0.03741,2.44442,-0.03741,2.44442,1.00000,0.00000,0,0.00031
55.3755,0.56865,-0.49773,0.56865,-0.49773,-0.14106,-0.49521,-0.34305,2.11196,-0.25666,2.45861,-0.24431,2.45861,0.00000,0.00000,1,0.00033
55.4788,0.75626,-0.38169,0.75626,-0.38169,0.53841,-0.43775,-0.34954,2.12145,-0.72643,2.42788,-0.72643,2.42788,0.00000,0.00000,0,0.00028
55.5801,0.83764,-0.21229,0.83764,-0.21229,0.77624,-0.28899,-0.36369,2.12865,-0.90706,2.33094,-0.90706,2.33094,0.00000,0.00000,0,0.00047
55.6840,0.83236,-0.20021,0.83236,-0.20021,0.82915,-0.21992,-0.38005,2.13351,-0.96046,2.28745,-0.96046,2.28745,0.00000,0.00000,0,0.00030
55.7858,0.83619,-0.19836,0.83619,-0.19836,0.83851,-0.20282,-0.39678,2.13769,-0.98374,2.27966,-0.98374,2.27966,0.00000,0.00000,0,0.00038
55.8895,0.84080,-0.17851,0.84080,-0.17851,0.83926,-0.18551,-0.41356,2.14152,-1.00104,2.27138,-1.00104,2.27138,0.00000,0.00000,0,0.00192
55.9888,0.84366,-0.15834,0.84366,-0.15834,0.84172,-0.16776,-0.43037,2.14504,-1.01958,2.26247,-1.01958,2.26247,0.00000,0.00000,0,0.00028
56.0900,0.88329,-0.10863,0.88329,-0.10863,0.86255,-0.13223,-0.44740,2.14801,-1.05118,2.24057,-1.05118,2.24057,0.00000,0.00000,0,0.00027
56.1919,0.93181,0.05955,0.93181,0.05955,0.91649,-0.01748,-0.46535,2.14942,-1.10689,2.16165,-1.10689,2.16165,0.00000,0.00000,32,0.00032
56.2935,0.96016,0.27776,0.96016,0.27776,0.94232,0.20205,-0.48394,2.14721,-1.14357,2.00578,-1.14357,2.00578,0.00000,0.00000,0,0.00032
56.3950,0.91272,0.34666,0.91272,0.34666,0.92496,0.31360,-0.50268,2.14169,-1.15016,1.92217,-1.15016,1.92217,0.00000,0.00000,0,0.00030
56.4964,0.90354,0.36000,0.90354,0.36000,0.91002,0.34635,-0.52101,2.13499,-1.15802,1.89255,-1.15802,1.89255,0.00000,0.00000,0,0.00027
56.6001,0.90244,0.37281,0.90244,0.37281,0.90417,0.36375,-0.53913,2.12786,-1.17204,1.87323,-1.17204,1.87323,0.00000,0.00000,0,0.00031
56.7013,0.88963,0.41383,0.88963,0.41383,0.89471,0.39927,-0.55710,2.12016,-1.18340,1.84067,-1.18340,1.84067,0.00000,0.00000,0,0.00042
56.8027,0.87649,0.44253,0.87649,0.44253,0.88295,0.42914,-0.57486,2.11181,-1.19292,1.81141,-1.19292,1.81141,0.00000,0.00000,0,0.00037
56.9044,0.84932,0.46992,0.84932,0.46992,0.86095,0.45685,-0.59227,2.10289,-1.19493,1.78310,-1.19493,1.78310,0.00000,0.00000,0,0.00027
57.0069,0.76666,0.53828,0.76666,0.53828,0.81280,0.50031,-0.60905,2.09334,-1.17801,1.74312,-1.17801,1.74312,0.00000,0.00000,0,0.00029
57.1098,0.74449,0.54948,0.74449,0.54948,0.75674,0.53438,-0.62449,2.08297,-1.15421,1.70891,-1.15421,1.70891,0.00000,0.00000,0,0.00029
57.2107,0.71688,0.55813,0.71688,0.55813,0.72759,0.55097,-0.63924,2.07209,-1.14855,1.68641,-1.14855,1.68641,0.00000,0.00000,0,0.00028
57.3135,0.67635,0.56651,0.67635,0.56651,0.69514,0.56183,-0.65344,2.06094,-1.14004,1.66766,-1.14004,1.66766,0.00000,0.00000,0,0.00026
57.4146,0.58697,0.64794,0.58697,0.64794,0.61694,0.61541,-0.66641,2.04920,-1.09826,1.61841,-1.09826,1.61841,0.00000,0.00000,0,0.00027
57.5158,0.56673,0.63794,0.56673,0.63794,0.57450,0.63218,-0.67816,2.03667,-1.08031,1.59415,-1.08031,1.59415,0.00000,0.00000,0,0.00031
57.6220,0.55052,0.63619,0.55052,0.63619,0.55717,0.63618,-0.68942,2.02396,-1.07944,1.57864,-1.07944,1.57864,0.00000,0.00000,0,0.00029
57.7232,0.54788,0.63357,0.54788,0.63357,0.55033,0.63416,-0.70047,2.01127,-1.08570,1.56736,-1.08570,1.56736,0.00000,0.00000,0,0.00030
57.8239,0.53366,0.63201,0.53366,0.63201,0.53893,0.63300,-0.71134,1.99860,-1.08859,1.55550,-1.08859,1.55550,0.00000,0.00000,0,0.00025
57.9272,0.51607,0.62710,0.51607,0.62710,0.52391,0.62897,-0.72195,1.98599,-1.08868,1.54571,-1.08868,1.54571,0.00000,0.00000,0,0.00027
58.0293,0.49968,0.62673,0.49968,0.62673,0.50608,0.62677,-0.73220,1.97344,-1.08645,1.53471,-1.08645,1.53471,0.00000,0.00000,0,0.00027
58.1333,0.47581,0.61894,0.47581,0.61894,0.48728,0.62283,-0.74211,1.96094,-1.08321,1.52496,-1.08321,1.52496,0.00000,0.00000,0,0.00121
58.2342,0.42493,0.60322,0.42493,0.60322,0.44676,0.60908,-0.75143,1.94864,-1.06416,1.52228,-1.06416,1.52228,0.00000,0.00000,0,0.00028
58.3370,0.39656,0.59163,0.39656,0.59163,0.40893,0.59665,-0.75986,1.93661,-1.04612,1.51895,-1.04612,1.51895,0.00000,0.00000,0,0.00028
58.4409,0.36997,0.58438,-0.63003,0.58438,-0.27404,0.58856,-0.77492,1.92477,-0.58309,1.51278,-0.58309,1.51278,1.00000,0.00000,0,0.00027
58.5428,0.21702,0.42192,-0.78298,0.42192,-0.66904,0.48478,-0.76403,1.91402,-0.29570,1.57468,-0.29570,1.57468,1.00000,0.00000,0,0.00026
58.6444,0.06668,0.26509,-0.93332,0.26509,-0.85337,0.34363,-0.74837,1.90600,-0.15101,1.66547,-0.15101,1.66547,1.00000,0.00000,0,0.00026
58.7466,0.04287,0.10816,-0.95713,0.10816,-0.92947,0.16687,-0.73023,1.90147,-0.07960,1.78467,-0.07960,1.78467,1.00000,0.00000,0,0.00030
58.8487,-0.01645,-0.06558,-1.01645,-0.06558,-0.98792,-0.00818,-0.71095,1.90019,-0.01941,1.90592,-0.01941,1.90592,1.00000,0.00000,32,0.00035
58.9501,-0.00703,-0.08701,-1.00703,-0.08701,-1.00199,-0.06784,-0.69096,1.90070,0.01043,1.94819,0.01043,1.94819,1.00000,0.00000,0,0.00038
59.0509,0.01131,-0.09745,-0.98869,-0.09745,-0.99838,-0.08880,-0.67090,1.90230,0.02797,1.96446,0.02797,1.96446,1.00000,0.00000,0,0.00032
59.1521,0.00789,-0.10531,-0.99211,-0.10531,-0.99633,-0.10157,-0.65093,1.90424,0.04651,1.97534,0.04651,1.97534,1.00000,0.00000,0,0.00046
59.2532,0.02350,-0.13330,-0.97650,-0.13330,-0.98393,-0.12167,-0.63115,1.90650,0.05761,1.99167,0.05761,1.99167,1.00000,0.00000,0,0.00031
59.3539,0.05355,-0.17436,-0.94645,-0.17436,-0.96132,-0.15506,-0.61170,1.90930,0.06123,2.01785,0.06123,2.01785,1.00000,0.00000,0,0.00028
59.4565,0.08585,-0.21511,-0.91415,-0.21511,-0.92882,-0.19740,-0.59287,1.91292,0.05731,2.05109,0.05731,2.05109,1.00000,0.00000,0,0.00031
59.5586,0.09719,-0.26612,-0.90281,-0.26612,-0.90934,-0.24290,-0.57455,1.91739,0.06198,2.08742,0.06198,2.08742,1.00000,0.00000,0,0.00034
59.6590,0.07258,-0.40782,-0.92742,-0.40782,-0.92008,-0.36948,-0.55632,1.92380,0.08774,2.18244,0.08774,2.18244,1.00000,0.00000,0,0.00026
59.7621,0.09542,-0.43200,-0.90458,-0.43200,-0.89985,-0.41676,-0.53824,1.93183,0.09165,2.22356,0.09165,2.22356,1.00000,0.00000,0,0.00039
59.8643,0.12241,-0.44845,-0.87759,-0.44845,-0.88301,-0.43978,-0.52043,1.94048,0.09768,2.24833,0.09768,2.24833,1.00000,0.00000,0,0.00027
59.9674,0.13806,-0.45316,-0.86194,-0.45316,-0.86871,-0.45017,-0.50291,1.94943,0.10519,2.26454,0.10519,2.26454,1.00000,0.00000,0,0.00030
60.0694,0.15047,-0.46245,-0.84953,-0.46245,-0.85616,-0.45936,-0.48566,1.95855,0.11365,2.28010,0.11365,2.28010,1.00000,0.00000,0,0.00027
60.1703,0.16213,-0.47440,-0.83787,-0.47440,-0.84432,-0.46986,-0.46868,1.96787,0.12234,2.29677,0.12234,2.29677,1.00000,0.00000,0,0.00029
60.2719,0.18458,-0.47823,-0.81542,-0.47823,-0.82620,-0.47651,-0.45198,1.97735,0.12636,2.31090,0.12636,2.31090,1.00000,0.00000,0,0.00096
60.3730,0.23003,-0.47262,-0.76997,-0.47262,-0.78964,-0.47544,-0.43586,1.98689,0.11689,2.31970,0.11689,2.31970,1.00000,0.00000,0,0.00037
60.4742,0.31344,-0.43735,-0.68656,-0.43735,-0.71921,-0.44891,-0.42090,1.99610,0.08255,2.31034,0.08255,2.31034,1.00000,0.00000,0,0.00027
60.5748,0.37506,-0.43108,-0.62494,-0.43108,-0.65201,-0.43528,-0.40732,2.00491,0.04909,2.30960,0.04909,2.30960,1.00000,0.00000,0,0.00028
60.6770,0.39123,-0.43228,-0.60877,-0.43228,-0.62113,-0.43279,-0.39469,2.01358,0.04010,2.31653,0.04010,2.31653,1.00000,0.00000,0,0.00030
60.7811,0.40356,-0.43025,-0.59644,-0.43025,-0.60399,-0.43136,-0.38248,2.02222,0.04031,2.32417,0.04031,2.32417,1.00000,0.00000,0,0.00101
60.8818,0.41256,-0.43346,-0.58744,-0.43346,-0.59227,-0.43285,-0.37055,2.03086,0.04404,2.33385,0.04404,2.33385,1.00000,0.00000,0,0.00027
60.9823,0.44875,-0.43171,-0.55125,-0.43171,-0.56848,-0.43273,-0.35895,2.03953,0.03899,2.34243,0.03899,2.34243,1.00000,0.00000,0,0.00026
61.0850,0.47845,-0.42999,-0.52155,-0.42999,-0.53416,-0.43010,-0.34802,2.04814,0.02589,2.34922,0.02589,2.34922,1.00000,0.00000,0,0.00025
61.1865,0.49847,-0.43781,-0.50153,-0.43781,-0.51220,-0.43518,-0.33760,2.05680,0.02094,2.36142,0.02094,2.36142,1.00000,0.00000,0,0.00030
61.2873,0.51758,-0.44694,-0.48242,-0.44694,-0.49162,-0.44271,-0.32761,2.06559,0.01653,2.37548,0.01653,2.37548,1.00000,0.00000,0,0.00035
61.3931,0.54577,-0.46557,-0.45423,-0.46557,-0.46574,-0.45827,-0.31809,2.07462,0.00793,2.39541,0.00793,2.39541,1.00000,0.00000,0,0.00027
61.4940,0.66821,-0.38656,0.66821,-0.38656,0.42558,-0.43766,-0.30876,2.08377,-0.60666,2.39014,-0.60666,2.39014,0.00000,0.00000,0,0.00027
61.5958,0.79976,-0.22577,0.79976,-0.22577,0.72798,-0.32230,-0.32159,2.09132,-0.83118,2.31693,-0.83118,2.31693,0.00000,0.00000,0,0.00028
61.7006,0.81081,-0.18153,0.81081,-0.18153,0.80213,-0.21577,-0.33719,2.09627,-0.89868,2.24730,-0.89868,2.24730,0.00000,0.00000,0,0.00035
61.8034,0.82166,-0.18319,0.82166,-0.18319,0.81463,-0.18503,-0.35337,2.10010,-0.92361,2.22962,-0.92361,2.22962,0.00000,0.00000,0,0.00043
61.9057,0.82110,-0.17024,0.82110,-0.17024,0.81946,-0.17365,-0.36972,2.10367,-0.94335,2.22523,-0.94335,2.22523,0.00000,0.00000,0,0.00050
62.0066,0.82210,-0.15229,0.82210,-0.15229,0.82219,-0.15982,-0.38615,2.10699,-0.96168,2.21886,-0.96168,2.21886,0.00000,0.00000,0,0.00027
62.1090,0.82827,-0.12639,0.82827,-0.12639,0.82587,-0.13715,-0.40263,2.10992,-0.98074,2.20592,-0.98074,2.20592,0.00000,0.00000,0,0.00026
62.2095,0.83184,-0.09776,0.83184,-0.09776,0.83043,-0.11121,-0.41921,2.11235,-1.00051,2.19020,-1.00051,2.19020,0.00000,0.00000,0,0.00027
62.3101,0.84207,-0.03633,0.84207,-0.03633,0.83733,-0.06724,-0.43589,2.11413,-1.02202,2.16119,-1.02202,2.16119,0.00000,0.00000,0,0.00029
62.4115,0.83729,0.21034,0.83729,0.21034,0.83879,0.09963,-0.45269,2.11352,-1.03984,2.04377,-1.03984,2.04377,0.00000,0.00000,0,0.00027
62.5136,0.82407,0.32845,0.82407,0.32845,0.84054,0.26904,-0.46962,2.10923,-1.05799,1.92090,-1.05799,1.92090,0.00000,0.00000,0,0.00068
62.6165,0.81555,0.33461,0.81555,0.33461,0.81726,0.31996,-0.48607,2.10310,-1.05815,1.87912,-1.05815,1.87912,0.00000,0.00000,0,0.00098
62.7206,0.80234,0.34571,0.80234,0.34571,0.80436,0.34038,-0.50223,2.09642,-1.06528,1.85815,-1.06528,1.85815,0.00000,0.00000,0,0.00030
62.8212,0.79289,0.35041,0.79289,0.35041,0.79802,0.34825,-0.51826,2.08951,-1.07687,1.84574,-1.07687,1.84574,0.00000,0.00000,0,0.00028
62.9229,0.78811,0.36194,0.78811,0.36194,0.79156,0.35763,-0.53414,2.08244,-1.08823,1.83210,-1.08823,1.83210,0.00000,0.00000,0,0.00033
63.0243,0.77436,0.37571,0.77436,0.37571,0.78216,0.36795,-0.54988,2.07518,-1.09740,1.81762,-1.09740,1.81762,0.00000,0.00000,0,0.00032
63.1268,0.74922,0.40207,0.74922,0.40207,0.75953,0.39013,-0.56527,2.06758,-1.09694,1.79448,-1.09694,1.79448,0.00000,0.00000,0,0.00029
63.2290,0.66100,0.45151,0.66100,0.45151,0.69991,0.43885,-0.57988,2.05922,-1.06982,1.75203,-1.06982,1.75203,0.00000,0.00000,0,0.00027
63.3300,0.64671,0.48923,0.64671,0.48923,0.66046,0.48142,-0.59335,2.04986,-1.05567,1.71286,-1.05567,1.71286,0.00000,0.00000,0,0.00032
63.4310,0.62973,0.50438,0.62973,0.50438,0.63918,0.50120,-0.60629,2.03997,-1.05372,1.68913,-1.05372,1.68913,0.00000,0.00000,0,0.00035
63.5323,0.61502,0.52057,0.61502,0.52057,0.62142,0.51475,-0.61886,2.02979,-1.05385,1.66947,-1.05385,1.66947,0.00000,0.00000,0,0.00030
63.6350,0.54226,0.60815,0.54226,0.60815,0.56951,0.56405,-0.63078,2.01907,-1.02944,1.62423,-1.02944,1.62423,0.00000,0.00000,0,0.00026
63.7360,0.51979,0.59991,0.51979,0.59991,0.52989,0.58928,-0.64163,2.00742,-1.01255,1.59492,-1.01255,1.59492,0.00000,0.00000,0,0.00028
63.8403,0.51762,0.59980,0.51762,0.59980,0.51966,0.59496,-0.65208,1.99557,-1.01584,1.57910,-1.01584,1.57910,0.00000,0.00000,0,0.00027
63.9429,0.50696,0.59282,0.50696,0.59282,0.51281,0.59422,-0.66240,1.98368,-1.02137,1.56772,-1.02137,1.56772,0.00000,0.00000,0,0.00025
64.0445,0.50139,0.59111,0.50139,0.59111,0.50469,0.59261,-0.67256,1.97181,-1.02584,1.55698,-1.02584,1.55698,0.00000,0.00000,0,0.00029
64.1455,0.47767,0.58387,0.47767,0.58387,0.48815,0.58683,-0.68248,1.96002,-1.02419,1.54924,-1.02419,1.54924,0.00000,0.00000,0,0.00036
64.2490,0.43449,0.57281,0.43449,0.57281,0.45120,0.57741,-0.69181,1.94839,-1.00765,1.54420,-1.00765,1.54420,0.00000,0.00000,0,0.00035
64.3496,0.42189,0.56906,0.42189,0.56906,0.42973,0.57074,-0.70056,1.93694,-1.00137,1.53742,-1.00137,1.53742,0.00000,0.00000,0,0.00035
64.4515,0.41634,0.57409,-0.58365,0.57409,-0.09008,0.57241,-0.71630,1.92551,-0.65325,1.52482,-0.65325,1.52482,1.00000,0.00000,0,0.00035
64.5522,0.35343,0.52601,-0.64657,0.52601,-0.53293,0.55252,-0.70822,1.91419,-0.33517,1.52743,-0.33517,1.52743,1.00000,0.00000,0,0.00038
64.6528,0.27534,0.45915,-0.72466,0.45915,-0.67331,0.49310,-0.69569,1.90381,-0.22437,1.55864,-0.22437,1.55864,1.00000,0.00000,0,0.00027
64.7566,0.18552,0.34673,-0.81448,0.34673,-0.77420,0.39917,-0.68095,1.89504,-0.13901,1.61562,-0.13901,1.61562,1.00000,0.00000,0,0.00025
64.8591,0.06480,0.02314,-0.93520,0.02314,-0.87737,0.16027,-0.66438,1.88951,-0.05022,1.77732,-0.05022,1.77732,1.00000,0.00000,0,0.00028
64.9603,0.06235,-0.02976,-0.93765,-0.02976,-0.91604,0.01896,-0.64629,1.88840,-0.00507,1.87512,-0.00507,1.87512,1.00000,0.00000,32,0.00044
65.0610,0.06648,-0.03938,-0.93352,-0.03938,-0.93291,-0.02185,-0.62768,1.88840,0.02536,1.90369,0.02536,1.90369,1.00000,0.00000,32,0.00027
65.1627,0.06582,-0.05831,-0.93418,-0.05831,-0.93817,-0.04575,-0.60891,1.88840,0.04781,1.92042,0.04781,1.92042,1.00000,0.00000,32,0.00028
65.2655,0.06940,-0.07511,-0.93060,-0.07511,-0.93449,-0.06593,-0.59017,1.88936,0.06398,1.93551,0.06398,1.93551,1.00000,0.00000,0,0.00034
65.3659,0.08435,-0.11265,-0.91565,-0.11265,-0.92334,-0.09563,-0.57160,1.89100,0.07474,1.95794,0.07474,1.95794,1.00000,0.00000,0,0.00028
65.4702,0.12001,-0.18707,-0.87999,-0.18707,-0.89353,-0.15363,-0.55348,1.89356,0.07199,2.00111,0.07199,2.00111,1.00000,0.00000,0,0.00035
65.5706,0.10281,-0.34146,-0.89719,-0.34146,-0.89347,-0.29471,-0.53571,1.89839,0.08972,2.10469,0.08972,2.10469,1.00000,0.00000,0,0.00049
65.6725,0.13333,-0.36901,-0.86667,-0.36901,-0.86851,-0.35252,-0.51820,1.90507,0.08975,2.15184,0.08975,2.15184,1.00000,0.00000,0,0.00031
65.7737,0.14824,-0.37980,-0.85176,-0.37980,-0.85509,-0.37299,-0.50098,1.91241,0.09758,2.17351,0.09758,2.17351,1.00000,0.00000,0,0.00042
65.8741,0.16484,-0.38475,-0.83516,-0.38475,-0.84030,-0.38192,-0.48404,1.91999,0.10417,2.18734,0.10417,2.18734,1.00000,0.00000,0,0.00029
65.9752,0.17603,-0.39752,-0.82397,-0.39752,-0.82956,-0.39226,-0.46736,1.92776,0.11333,2.20235,0.11333,2.20235,1.00000,0.00000,0,0.00037
66.0781,0.18571,-0.40876,-0.81429,-0.40876,-0.81842,-0.40412,-0.45090,1.93575,0.12200,2.21864,0.12200,2.21864,1.00000,0.00000,0,0.00169
66.1799,0.19830,-0.42311,-0.80170,-0.42311,-0.80680,-0.41702,-0.43467,1.94398,0.13009,2.23590,0.13009,2.23590,1.00000,0.00000,0,0.00027
66.2805,0.20798,-0.43382,-0.79202,-0.43382,-0.79697,-0.42859,-0.41865,1.95247,0.13923,2.25248,0.13923,2.25248,1.00000,0.00000,0,0.00041
66.3823,0.22515,-0.44436,-0.77485,-0.44436,-0.78250,-0.43939,-0.40288,1.96117,0.14487,2.26875,0.14487,2.26875,1.00000,0.00000,0,0.00027
66.4850,0.23740,-0.45986,-0.76260,-0.45986,-0.76894,-0.45355,-0.38739,1.97013,0.15087,2.28761,0.15087,2.28761,1.00000,0.00000,0,0.00027
66.5891,0.26301,-0.47072,-0.73699,-0.47072,-0.74774,-0.46527,-0.37225,1.97934,0.15117,2.30503,0.15117,2.30503,1.00000,0.00000,0,0.00141
66.6890,0.31966,-0.46558,-0.68034,-0.46558,-0.71128,-0.46954,-0.35765,1.98873,0.14025,2.31741,0.14025,2.31741,1.00000,0.00000,0,0.00027
66.7893,0.35561,-0.46641,-0.64439,-0.46641,-0.66258,-0.46946,-0.34406,1.99816,0.11974,2.32678,0.11974,2.32678,1.00000,0.00000,0,0.00025
66.8905,0.41025,-0.45388,-0.58975,-0.45388,-0.61376,-0.45845,-0.33140,2.00742,0.09824,2.32834,0.09824,2.32834,1.00000,0.00000,0,0.00033
66.9915,0.43662,-0.45550,-0.56338,-0.45550,-0.57799,-0.45553,-0.31958,2.01654,0.08502,2.33541,0.08502,2.33541,1.00000,0.00000,0,0.00027
67.0924,0.46905,-0.45039,-0.53095,-0.45039,-0.54683,-0.45301,-0.30839,2.02563,0.07439,2.34273,0.07439,2.34273,1.00000,0.00000,0,0.00031
67.1953,0.51164,-0.45256,-0.48836,-0.45256,-0.50566,-0.45197,-0.29797,2.03466,0.05600,2.35104,0.05600,2.35104,1.00000,0.00000,0,0.00036
67.2983,0.53300,-0.46696,-0.46700,-0.46696,-0.47763,-0.46175,-0.28820,2.04380,0.04613,2.36703,0.04613,2.36703,1.00000,0.00000,0,0.00038
67.4010,0.56187,-0.48256,-0.43813,-0.48256,-0.45040,-0.47581,-0.27899,2.05320,0.03630,2.38627,0.03630,2.38627,1.00000,0.00000,0,0.00030
67.5026,0.60571,-0.47373,0.60571,-0.47373,0.33991,-0.48193,-0.26583,2.06284,-0.50376,2.40019,-0.50376,2.40019,0.00000,0.00000,0,0.00030
67.6034,0.82166,-0.35999,0.82166,-0.35999,0.71494,-0.40056,-0.27766,2.07146,-0.77812,2.35186,-0.77812,2.35186,0.00000,0.00000,0,0.00039
67.7056,0.86076,-0.23525,0.86076,-0.23525,0.81947,-0.27666,-0.29335,2.07792,-0.86698,2.27158,-0.86698,2.27158,0.00000,0.00000,0,0.00036
67.8091,0.84095,-0.20513,0.84095,-0.20513,0.83895,-0.21867,-0.31010,2.08260,-0.89736,2.23567,-0.89736,2.23567,0.00000,0.00000,0,0.00095
67.9095,0.84800,-0.19646,0.84800,-0.19646,0.84688,-0.20708,-0.32702,2.08684,-0.91984,2.23180,-0.91984,2.23180,0.00000,0.00000,0,0.00026
68.0106,0.84313,-0.19695,0.84313,-0.19695,0.84302,-0.19938,-0.34388,2.09087,-0.93400,2.23044,-0.93400,2.23044,0.00000,0.00000,0,0.00031
68.1130,0.84973,-0.17480,0.84973,-0.17480,0.84602,-0.18482,-0.36076,2.09470,-0.95297,2.22408,-0.95297,2.22408,0.00000,0.00000,0,0.00026
68.2162,0.85078,-0.14761,0.85078,-0.14761,0.84918,-0.16012,-0.37771,2.09812,-0.97214,2.21020,-0.97214,2.21020,0.00000,0.00000,0,0.00109
68.3192,0.85726,-0.12399,0.85726,-0.12399,0.85465,-0.13581,-0.39476,2.10103,-0.99301,2.19609,-0.99301,2.19609,0.00000,0.00000,0,0.00028
68.4202,0.86800,-0.04960,0.86800,-0.04960,0.86155,-0.08747,-0.41192,2.10327,-1.01500,2.16449,-1.01500,2.16449,0.00000,0.00000,0,0.00034
68.5206,0.85661,0.13476,0.85661,0.13476,0.86045,0.06062,-0.42917,2.10326,-1.03148,2.06083,-1.03148,2.06083,0.00000,0.00000,0,0.00031
68.6222,0.85206,0.28404,0.85206,0.28404,0.86264,0.23372,-0.44645,2.09975,-1.05029,1.93615,-1.05029,1.93615,0.00000,0.00000,0,0.00030
68.7242,0.84017,0.30405,0.84017,0.30405,0.84090,0.29463,-0.46336,2.09420,-1.05199,1.88796,-1.05199,1.88796,0.00000,0.00000,0,0.00032
68.8267,0.82686,0.32185,0.82686,0.32185,0.82988,0.31463,-0.48005,2.08805,-1.06097,1.86781,-1.06097,1.86781,0.00000,0.00000,0,0.00027
68.9291,0.82465,0.32833,0.82465,0.32833,0.82577,0.32436,-0.49660,2.08164,-1.07464,1.85459,-1.07464,1.85459,0.00000,0.00000,0,0.00026
69.0308,0.81225,0.34173,0.81225,0.34173,0.81942,0.33468,-0.51306,2.07504,-1.08666,1.84076,-1.08666,1.84076,0.00000,0.00000,0,0.00026
69.1334,0.80236,0.35816,0.80236,0.35816,0.80704,0.35040,-0.52930,2.06816,-1.09423,1.82289,-1.09423,1.82289,0.00000,0.00000,0,0.00119
69.2339,0.77640,0.38276,0.77640,0.38276,0.78640,0.37186,-0.54520,2.06091,-1.09568,1.80061,-1.09568,1.80061,0.00000,0.00000,0,0.00033
69.3352,0.68511,0.43525,0.68511,0.43525,0.72544,0.42455,-0.56034,2.05285,-1.06815,1.75567,-1.06815,1.75567,0.00000,0.00000,0,0.00030
69.4371,0.67084,0.47498,0.67084,0.47498,0.68582,0.46649,-0.57431,2.04378,-1.05439,1.71724,-1.05439,1.71724,0.00000,0.00000,0,0.00027
69.5396,0.66152,0.49160,0.66152,0.49160,0.66684,0.48835,-0.58778,2.03416,-1.05456,1.69231,-1.05456,1.69231,0.00000,0.00000,0,0.00101
69.6400,0.64258,0.51197,0.64258,0.51197,0.65120,0.50437,-0.60094,2.02421,-1.05678,1.67115,-1.05678,1.67115,0.00000,0.00000,0,0.00024
69.7420,0.56422,0.60009,0.56422,0.60009,0.58897,0.56429,-0.61327,2.01353,-1.02555,1.61853,-1.02555,1.61853,0.00000,0.00000,0,0.00027
69.8428,0.54763,0.58814,0.54763,0.58814,0.55419,0.58192,-0.62454,2.00202,-1.01248,1.59468,-1.01248,1.59468,0.00000,0.00000,0,0.00026
69.9446,0.53789,0.58551,0.53789,0.58551,0.54236,0.58534,-0.63547,1.99034,-1.01512,1.58060,-1.01512,1.58060,0.00000,0.00000,0,0.00030
70.0518,0.53225,0.58308,0.53225,0.58308,0.53555,0.58419,-0.64624,1.97865,-1.02113,1.56971,-1.02113,1.56971,0.00000,0.00000,0,0.00035
70.1545,0.52032,0.58135,0.52032,0.58135,0.52542,0.58217,-0.65683,1.96698,-1.02463,1.55946,-1.02463,1.55946,0.00000,0.00000,0,0.00116
70.2555,0.49746,0.57347,0.49746,0.57347,0.50865,0.57709,-0.66717,1.95539,-1.02322,1.55143,-1.02322,1.55143,0.00000,0.00000,0,0.00030
70.3590,0.45813,0.56464,0.45813,0.56464,0.47255,0.56847,-0.67690,1.94395,-1.00769,1.54603,-1.00769,1.54603,0.00000,0.00000,0,0.00027
70.4602,0.44827,0.56504,-0.55173,0.56504,0.15381,0.56481,-0.69595,1.93264,-0.79257,1.53727,-0.80362,1.53727,1.00000,0.00000,1,0.00030
70.5648,0.39661,0.54164,-0.60339,0.54164,-0.45437,0.55556,-0.69027,1.92140,-0.37221,1.53251,-0.37221,1.53251,1.00000,0.00000,0,0.00077
70.6665,0.32283,0.47555,-0.67717,0.47555,-0.62477,0.50231,-0.67887,1.91092,-0.24153,1.55930,-0.24153,1.55930,1.00000,0.00000,0,0.00032
70.7709,0.23754,0.38934,-0.76246,0.38934,-0.71814,0.42867,-0.66527,1.90169,-0.16257,1.60162,-0.16257,1.60162,1.00000,0.00000,0,0.00116
70.8704,0.16053,0.11376,-0.83947,0.11376,-0.79861,0.25977,-0.64992,1.89473,-0.09089,1.71289,-0.09089,1.71289,1.00000,0.00000,0,0.00027
70.9737,0.13318,-0.01021,-0.86682,-0.01021,-0.86094,0.05240,-0.63290,1.89239,-0.03024,1.85571,-0.03024,1.85571,1.00000,0.00000,0,0.00033
71.0747,0.09468,-0.02955,-0.90532,-0.02955,-0.90178,-0.00985,-0.61509,1.89239,0.01615,1.89928,0.01615,1.89928,1.00000,0.00000,32,0.00027
71.1764,0.08278,-0.04878,-0.91722,-0.04878,-0.91210,-0.03939,-0.59696,1.89239,0.04151,1.91996,0.04151,1.91996,1.00000,0.00000,32,0.00037
71.2778,0.08856,-0.07331,-0.91144,-0.07331,-0.91069,-0.06266,-0.57875,1.89309,0.05873,1.93695,0.05873,1.93695,1.00000,0.00000,0,0.00027
71.3820,0.09979,-0.10997,-0.90021,-0.10997,-0.90423,-0.09390,-0.56060,1.89469,0.07236,1.96043,0.07236,1.96043,1.00000,0.00000,0,0.00026
71.4823,0.13201,-0.17585,-0.86799,-0.17585,-0.88111,-0.14657,-0.54277,1.89717,0.07400,1.99977,0.07400,1.99977,1.00000,0.00000,0,0.00027
71.5849,0.12037,-0.35057,-0.87963,-0.35057,-0.86899,-0.27272,-0.52539,1.90134,0.08291,2.09225,0.08291,2.09225,1.00000,0.00000,0,0.00082
71.6856,0.16942,-0.37059,-0.83058,-0.37059,-0.84760,-0.34890,-0.50814,1.90784,0.08518,2.15207,0.08518,2.15207,1.00000,0.00000,0,0.00027
71.7863,0.18216,-0.38493,-0.81784,-0.38493,-0.83152,-0.37888,-0.49132,1.91524,0.09074,2.18045,0.09074,2.18045,1.00000,0.00000,0,0.00027
71.8886,0.18829,-0.39317,-0.81171,-0.39317,-0.82112,-0.39055,-0.47479,1.92297,0.09999,2.19636,0.09999,2.19636,1.00000,0.00000,0,0.00026
71.9919,0.19237,-0.40250,-0.80763,-0.40250,-0.81266,-0.39842,-0.45847,1.93087,0.11040,2.20976,0.11040,2.20976,1.00000,0.00000,0,0.00226
72.0916,0.19748,-0.41286,-0.80252,-0.41286,-0.80563,-0.40774,-0.44230,1.93894,0.12164,2.22436,0.12164,2.22436,1.00000,0.00000,0,0.00026
72.1923,0.21026,-0.42818,-0.78974,-0.42818,-0.79630,-0.42156,-0.42629,1.94726,0.13112,2.24235,0.13112,2.24235,1.00000,0.00000,0,0.00042
72.2950,0.21950,-0.43716,-0.78050,-0.43716,-0.78552,-0.43178,-0.41049,1.95582,0.13937,2.25806,0.13937,2.25806,1.00000,0.00000,0,0.00025
72.3961,0.23543,-0.44668,-0.76457,-0.44668,-0.77133,-0.44210,-0.39494,1.96457,0.14499,2.27404,0.14499,2.27404,1.00000,0.00000,0,0.00035
72.4988,0.25186,-0.46016,-0.74814,-0.46016,-0.75604,-0.45511,-0.37970,1.97357,0.14953,2.29215,0.14953,2.29215,1.00000,0.00000,0,0.00048
72.5991,0.26455,-0.47623,-0.73545,-0.47623,-0.74276,-0.46942,-0.36473,1.98284,0.15520,2.31143,0.15520,2.31143,1.00000,0.00000,0,0.00032
72.7005,0.28508,-0.48464,-0.71492,-0.48464,-0.72467,-0.48020,-0.35009,1.99237,0.15718,2.32851,0.15718,2.32851,1.00000,0.00000,0,0.00040
72.8025,0.34084,-0.48403,-0.65916,-0.48403,-0.67893,-0.48200,-0.33610,2.00199,0.13915,2.33939,0.13915,2.33939,1.00000,0.00000,0,0.00033
72.9044,0.37995,-0.48207,-0.62005,-0.48207,-0.64070,-0.48346,-0.32296,2.01166,0.12553,2.35008,0.12553,2.35008,1.00000,0.00000,0,0.00029
73.0065,0.41901,-0.47677,-0.58099,-0.47677,-0.59967,-0.47882,-0.31064,2.02127,0.10913,2.35645,0.10913,2.35645,1.00000,0.00000,0,0.00030
73.1076,0.45668,-0.47490,-0.54332,-0.47490,-0.56149,-0.47546,-0.29911,2.03080,0.09393,2.36362,0.09393,2.36362,1.00000,0.00000,0,0.00032
73.2094,0.51492,-0.47564,-0.48508,-0.47564,-0.51094,-0.47482,-0.28845,2.04029,0.06921,2.37267,0.06921,2.37267,1.00000,0.00000,0,0.00027
73.3104,0.55236,-0.48632,-0.44764,-0.48632,-0.46513,-0.48182,-0.27880,2.04986,0.04679,2.38713,0.04679,2.38713,1.00000,0.00000,0,0.00033
73.4138,0.57498,-0.49143,-0.42502,-0.49143,-0.43584,-0.48904,-0.26988,2.05959,0.03521,2.40192,0.03521,2.40192,1.00000,0.00000,0,0.00035
73.5159,0.61839,-0.47418,0.61839,-0.47418,0.34964,-0.48752,-0.25806,2.06941,-0.50280,2.41068,-0.50280,2.41068,0.00000,0.00000,0,0.00027
73.6194,0.81904,-0.36233,0.81904,-0.36233,0.72082,-0.40572,-0.27013,2.07812,-0.77470,2.36212,-0.77470,2.36212,0.00000,0.00000,0,0.00025
73.7213,0.85464,-0.24683,0.85464,-0.24683,0.81372,-0.29176,-0.28578,2.08485,-0.85538,2.28908,-0.85538,2.28908,0.00000,0.00000,0,0.00034
73.8253,0.82749,-0.21298,0.82749,-0.21298,0.82946,-0.23262,-0.30238,2.08984,-0.88301,2.25268,-0.88301,2.25268,0.00000,0.00000,0,0.00103
73.9272,0.84204,-0.21252,0.84204,-0.21252,0.83969,-0.22208,-0.31912,2.09437,-0.90690,2.24982,-0.90690,2.24982,0.00000,0.00000,0,0.00031
74.0286,0.84057,-0.21185,0.84057,-0.21185,0.83940,-0.21280,-0.33589,2.09867,-0.92347,2.24763,-0.92347,2.24763,0.00000,0.00000,0,0.00027
74.1299,0.84293,-0.18880,0.84293,-0.18880,0.84097,-0.19911,-0.35269,2.10279,-0.94137,2.24217,-0.94137,2.24217,0.00000,0.00000,0,0.00037
74.2325,0.84356,-0.16591,0.84356,-0.16591,0.84217,-0.17674,-0.36952,2.10651,-0.95904,2.23022,-0.95904,2.23022,0.00000,0.00000,0,0.00028
74.3331,0.84628,-0.14323,0.84628,-0.14323,0.84581,-0.15363,-0.38641,2.10977,-0.97848,2.21731,-0.97848,2.21731,0.00000,0.00000,0,0.00025
74.4342,0.85204,-0.09757,0.85204,-0.09757,0.84941,-0.12061,-0.40337,2.11249,-0.99796,2.19691,-0.99796,2.19691,0.00000,0.00000,0,0.00025
74.5366,0.83834,0.06184,0.83834,0.06184,0.84344,0.00380,-0.42032,2.11319,-1.01073,2.11053,-1.01073,2.11053,0.00000,0.00000,32,0.00025
74.6389,0.84734,0.26397,0.84734,0.26397,0.84112,0.16158,-0.43713,2.11179,-1.02591,1.99869,-1.02591,1.99869,0.00000,0.00000,0,0.00096
74.7395,0.81680,0.29994,0.81680,0.29994,0.82933,0.26636,-0.45391,2.10716,-1.03444,1.92071,-1.03444,1.92071,0.00000,0.00000,0,0.00027
74.8406,0.81369,0.30522,0.81369,0.30522,0.82129,0.29526,-0.47040,2.10144,-1.04530,1.89475,-1.04530,1.89475,0.00000,0.00000,0,0.00027
74.9419,0.81309,0.31043,0.81309,0.31043,0.81433,0.30797,-0.48672,2.09535,-1.05675,1.87977,-1.05675,1.87977,0.00000,0.00000,0,0.00025
75.0453,0.80071,0.31625,0.80071,0.31625,0.80584,0.31399,-0.50291,2.08912,-1.06700,1.86933,-1.06700,1.86933,0.00000,0.00000,0,0.00029
75.1482,0.78537,0.33050,0.78537,0.33050,0.79162,0.32501,-0.51887,2.08271,-1.07300,1.85520,-1.07300,1.85520,0.00000,0.00000,0,0.00174
75.2488,0.76503,0.34432,0.76503,0.34432,0.77384,0.33767,-0.53449,2.07606,-1.07618,1.83970,-1.07618,1.83970,0.00000,0.00000,0,0.00109
75.3505,0.74319,0.37201,0.74319,0.37201,0.75384,0.35957,-0.54973,2.06906,-1.07742,1.81736,-1.07742,1.81736,0.00000,0.00000,0,0.00036
75.4526,0.66158,0.42444,0.66158,0.42444,0.69274,0.40677,-0.56419,2.06131,-1.04911,1.77657,-1.04911,1.77657,0.00000,0.00000,0,0.00106
75.5532,0.64292,0.45924,0.64292,0.45924,0.65602,0.45015,-0.57755,2.05255,-1.03677,1.73745,-1.03677,1.73745,0.00000,0.00000,0,0.00034
75.6540,0.63439,0.47133,0.63439,0.47133,0.63932,0.46804,-0.59046,2.04330,-1.03798,1.71567,-1.03798,1.71567,0.00000,0.00000,0,0.00036
75.7557,0.61610,0.49360,0.61610,0.49360,0.62354,0.48471,-0.60305,2.03374,-1.03953,1.69444,-1.03953,1.69444,0.00000,0.00000,0,0.00034
75.8590,0.55067,0.58304,0.55067,0.58304,0.57437,0.53788,-0.61504,2.02358,-1.01710,1.64707,-1.01710,1.64707,0.00000,0.00000,0,0.00033
75.9595,0.52243,0.57029,0.52243,0.57029,0.53393,0.56101,-0.62600,2.01248,-0.99975,1.61977,-0.99975,1.61977,0.00000,0.00000,0,0.00025
76.0619,0.50879,0.56856,0.50879,0.56856,0.51647,0.56429,-0.63645,2.00123,-0.99798,1.60623,-0.99798,1.60623,0.00000,0.00000,0,0.00029
76.1644,0.49827,0.56667,0.49827,0.56667,0.50339,0.56603,-0.64661,1.98992,-0.99898,1.59370,-0.99898,1.59370,0.00000,0.00000,0,0.00026
76.2670,0.49350,0.56840,0.49350,0.56840,0.49776,0.56722,-0.65662,1.97859,-1.00505,1.58153,-1.00505,1.58153,0.00000,0.00000,0,0.00166
76.3694,0.47218,0.55946,0.47218,0.55946,0.48329,0.56329,-0.66643,1.96727,-1.00474,1.57297,-1.00474,1.57297,0.00000,0.00000,0,0.00028
