t_s,roll,pitch,err_r,err_p,err_r_filt,err_p_filt,integ_r,integ_p,pi_out_r,pi_out_p,corr_r,corr_p,target_roll,target_pitch,clip_flags,dt_actual
0.0000,-0.08897,-0.14417,-0.08897,-0.14417,-0.09149,-0.14124,-0.41890,1.61588,-0.35486,1.71475,-0.35486,1.71475,0.00000,0.00000,0,0.00171
0.0992,-0.08244,-0.14833,-0.08244,-0.14833,-0.08612,-0.14631,-0.41713,1.61877,-0.35684,1.72119,-0.35684,1.72119,0.00000,0.00000,0,0.00027
0.2019,-0.07937,-0.14780,-0.07937,-0.14780,-0.08078,-0.14756,-0.41547,1.62171,-0.35893,1.72500,-0.35893,1.72500,0.00000,0.00000,0,0.00029
0.3029,-0.07682,-0.14656,-0.07682,-0.14656,-0.07820,-0.14680,-0.41390,1.62465,-0.35916,1.72741,-0.35916,1.72741,0.00000,0.00000,0,0.00027
0.4066,-0.08087,-0.14460,-0.08087,-0.14460,-0.07944,-0.14602,-0.41232,1.62758,-0.35672,1.72980,-0.35672,1.72980,0.00000,0.00000,0,0.00025
0.5070,-0.07973,-0.14339,-0.07973,-0.14339,-0.07927,-0.14438,-0.41074,1.63049,-0.35525,1.73156,-0.35525,1.73156,0.00000,0.00000,0,0.00031
0.6107,-0.03089,-0.10869,-0.03089,-0.10869,-0.06155,-0.13001,-0.40925,1.63328,-0.36616,1.72429,-0.36616,1.72429,0.00000,0.00000,0,0.00028
0.7134,0.00881,-0.10690,0.00881,-0.10690,-0.00177,-0.11360,-0.40925,1.63572,-0.40801,1.71524,-0.40801,1.71524,0.00000,0.00000,16,0.00028
0.8155,0.01467,-0.10775,0.01467,-0.10775,0.01355,-0.10845,-0.40925,1.63792,-0.41873,1.71383,-0.41873,1.71383,0.00000,0.00000,16,0.00029
0.9164,0.02170,-0.10667,0.02170,-0.10667,0.01894,-0.10620,-0.40925,1.64006,-0.42251,1.71440,-0.42251,1.71440,0.00000,0.00000,16,0.00027
1.0185,0.02550,-0.10095,0.02550,-0.10095,0.02368,-0.10296,-0.40925,1.64214,-0.42582,1.71420,-0.42582,1.71420,0.00000,0.00000,16,0.00029
1.1215,0.03370,-0.09639,0.03370,-0.09639,0.03077,-0.09819,-0.40925,1.64414,-0.43078,1.71288,-0.43078,1.71288,0.00000,0.00000,16,0.00031
1.2238,0.09156,-0.04311,0.09156,-0.04311,0.06844,-0.07079,-0.40975,1.64589,-0.45766,1.69545,-0.45766,1.69545,0.00000,0.00000,0,0.00030
1.3255,0.10364,-0.05006,0.10364,-0.05006,0.09456,-0.05701,-0.41146,1.64712,-0.47765,1.68703,-0.47765,1.68703,0.00000,0.00000,0,0.00029
1.4264,0.09947,-0.05246,0.09947,-0.05246,0.09814,-0.05346,-0.41337,1.64823,-0.48207,1.68565,-0.48207,1.68565,0.00000,0.00000,0,0.00031
1.5283,0.09838,-0.05508,0.09838,-0.05508,0.09776,-0.05317,-0.41533,1.64928,-0.48376,1.68650,-0.48376,1.68650,0.00000,0.00000,0,0.00070
1.6294,0.10075,-0.04970,0.10075,-0.04970,0.10006,-0.04991,-0.41731,1.65010,-0.48735,1.68504,-0.48735,1.68504,0.00000,0.00000,32,0.00031
1.7309,0.10335,-0.04580,0.10335,-0.04580,0.10235,-0.04756,-0.41933,1.65010,-0.49098,1.68339,-0.49098,1.68339,0.00000,0.00000,32,0.00026
1.8323,0.10523,-0.04999,0.10523,-0.04999,0.10474,-0.04872,-0.42141,1.65010,-0.49473,1.68420,-0.49473,1.68420,0.00000,0.00000,32,0.00027
1.9357,0.10159,-0.05225,0.10159,-0.05225,0.10266,-0.05084,-0.42348,1.65050,-0.49534,1.68609,-0.49534,1.68609,0.00000,0.00000,0,0.00032
2.0366,0.09760,-0.05089,0.09760,-0.05089,0.09941,-0.05091,-0.42550,1.65152,-0.49509,1.68716,-0.49509,1.68716,0.00000,0.00000,0,0.00034
2.1375,0.09979,-0.05196,0.09979,-0.05196,0.09943,-0.05193,-0.42748,1.65256,-0.49708,1.68891,-0.49708,1.68891,0.00000,0.00000,0,0.00034
2.2388,0.09932,-0.05203,0.09932,-0.05203,0.09917,-0.05199,-0.42947,1.65360,-0.49888,1.69000,-0.49888,1.69000,0.00000,0.00000,0,0.00028
2.3400,0.10126,-0.04928,0.10126,-0.04928,0.10102,-0.04972,-0.43148,1.65421,-0.50219,1.68901,-0.50219,1.68901,0.00000,0.00000,32,0.00047
2.4414,0.10364,-0.04373,0.10364,-0.04373,0.10189,-0.04594,-0.43350,1.65421,-0.50482,1.68637,-0.50482,1.68637,0.00000,0.00000,32,0.00041
2.5434,0.10714,-0.04400,0.10714,-0.04400,0.10557,-0.04414,-0.43558,1.65421,-0.50948,1.68511,-0.50948,1.68511,0.00000,0.00000,32,0.00028
2.6455,0.10569,-0.04152,0.10569,-0.04152,0.10550,-0.04238,-0.43769,1.65421,-0.51154,1.68388,-0.51154,1.68388,0.00000,0.00000,32,0.00025
2.7463,0.10608,-0.04227,0.10608,-0.04227,0.10606,-0.04255,-0.43981,1.65421,-0.51405,1.68400,-0.51405,1.68400,0.00000,0.00000,32,0.00038
2.8498,0.11085,-0.04049,0.11085,-0.04049,0.10883,-0.04143,-0.44196,1.65421,-0.51814,1.68321,-0.51814,1.68321,0.00000,0.00000,32,0.00028
2.9559,0.11376,-0.03722,0.11376,-0.03722,0.11187,-0.03856,-0.44417,1.65421,-0.52248,1.68120,-0.52248,1.68120,0.00000,0.00000,32,0.00260
3.0559,0.11730,-0.03061,0.11730,-0.03061,0.11489,-0.03438,-0.44644,1.65421,-0.52687,1.67828,-0.52687,1.67828,0.00000,0.00000,32,0.00026
3.1568,0.12158,-0.02137,0.12158,-0.02137,0.11948,-0.02501,-0.44879,1.65421,-0.53242,1.67172,-0.53242,1.67172,0.00000,0.00000,32,0.00029
3.2586,0.12308,-0.01326,0.12308,-0.01326,0.12207,-0.01731,-0.45121,1.65421,-0.53666,1.66633,-0.53666,1.66633,0.00000,0.00000,32,0.00033
3.3597,0.12497,-0.00756,0.12497,-0.00756,0.12393,-0.01030,-0.45368,1.65421,-0.54043,1.66142,-0.54043,1.66142,0.00000,0.00000,32,0.00029
3.4619,0.12015,-0.00234,0.12015,-0.00234,0.12201,-0.00390,-0.45614,1.65421,-0.54155,1.65694,-0.54155,1.65694,0.00000,0.00000,32,0.00030
3.5626,0.11637,-0.00310,0.11637,-0.00310,0.11881,-0.00338,-0.45855,1.65421,-0.54172,1.65658,-0.54172,1.65658,0.00000,0.00000,32,0.00040
3.6660,0.11500,0.00524,0.11500,0.00524,0.11610,0.00168,-0.46089,1.65421,-0.54216,1.65303,-0.54216,1.65303,0.00000,0.00000,32,0.00026
3.7692,0.11500,0.01879,0.11500,0.01879,0.11516,0.01172,-0.46319,1.65421,-0.54381,1.64601,-0.54381,1.64601,0.00000,0.00000,32,0.00026
3.8738,0.11247,0.04656,0.11247,0.04656,0.11399,0.03432,-0.46549,1.65421,-0.54528,1.63019,-0.54528,1.63019,0.00000,0.00000,32,0.00098
3.9767,0.11176,0.07644,0.11176,0.07644,0.11178,0.06221,-0.46773,1.65374,-0.54598,1.61019,-0.54598,1.61019,0.00000,0.00000,0,0.00027
4.0779,0.11093,0.10272,0.11093,0.10272,0.11117,0.09118,-0.46997,1.65214,-0.54779,1.58831,-0.54779,1.58831,0.00000,0.00000,0,0.00026
4.1792,0.10630,0.10863,0.10630,0.10863,0.10902,0.10505,-0.47217,1.65013,-0.54849,1.57659,-0.54849,1.57659,0.00000,0.00000,0,0.00033
4.2802,0.10775,0.11110,0.10775,0.11110,0.10797,0.11011,-0.47433,1.64795,-0.54991,1.57088,-0.54991,1.57088,0.00000,0.00000,0,0.00030
4.3820,0.10528,0.11181,0.10528,0.11181,0.10543,0.11137,-0.47646,1.64573,-0.55026,1.56777,-0.55026,1.56777,0.00000,0.00000,0,0.00032
4.4828,0.10227,0.11154,0.10227,0.11154,0.10373,0.11153,-0.47855,1.64350,-0.55116,1.56543,-0.55116,1.56543,0.00000,0.00000,0,0.00028
4.5850,0.10551,0.11413,0.10551,0.11413,0.10436,0.11318,-0.48063,1.64125,-0.55368,1.56203,-0.55368,1.56203,0.00000,0.00000,0,0.00036
4.6875,0.10503,0.11240,0.10503,0.11240,0.10561,0.11328,-0.48274,1.63898,-0.55666,1.55968,-0.55666,1.55968,0.00000,0.00000,0,0.00030
4.7906,0.11043,0.11497,0.11043,0.11497,0.10925,0.11411,-0.48489,1.63671,-0.56137,1.55684,-0.56137,1.55684,0.00000,0.00000,0,0.00034
4.8920,0.11465,0.11537,0.11465,0.11537,0.11226,0.11578,-0.48711,1.63440,-0.56569,1.55335,-0.56569,1.55335,0.00000,0.00000,0,0.00035
4.9938,0.11217,0.11423,0.11217,0.11423,0.11226,0.11485,-0.48936,1.63209,-0.56794,1.55169,-0.56794,1.55169,0.00000,0.00000,0,0.00037
5.0957,0.11287,0.11322,0.11287,0.11322,0.11264,0.11384,-0.49161,1.62981,-0.57046,1.55012,-0.57046,1.55012,0.00000,0.00000,0,0.00025
5.1982,0.11037,0.11471,0.11037,0.11471,0.11158,0.11396,-0.49385,1.62753,-0.57196,1.54776,-0.57196,1.54776,0.00000,0.00000,0,0.00029
5.2997,0.11323,0.11652,0.11323,0.11652,0.11257,0.11617,-0.49609,1.62522,-0.57489,1.54390,-0.57489,1.54390,0.00000,0.00000,0,0.00031
5.4008,0.11501,0.11954,0.11501,0.11954,0.11424,0.11844,-0.49836,1.62287,-0.57833,1.53996,-0.57833,1.53996,0.00000,0.00000,0,0.00027
5.5016,0.11570,0.12167,0.11570,0.12167,0.11515,0.12107,-0.50065,1.62047,-0.58125,1.53572,-0.58125,1.53572,0.00000,0.00000,0,0.00035
5.6044,0.12085,0.12412,0.12085,0.12412,0.11863,0.12324,-0.50300,1.61802,-0.58604,1.53176,-0.58604,1.53176,0.00000,0.00000,0,0.00034
5.7086,0.12052,0.12563,0.12052,0.12563,0.12110,0.12510,-0.50541,1.61553,-0.59018,1.52796,-0.59018,1.52796,0.00000,0.00000,0,0.00183
5.8084,0.11757,0.12840,0.11757,0.12840,0.11955,0.12699,-0.50782,1.61301,-0.59150,1.52412,-0.59150,1.52412,0.00000,0.00000,0,0.00027
5.9091,0.10898,0.12944,0.10898,0.12944,0.11203,0.12841,-0.51012,1.61045,-0.58854,1.52057,-0.58854,1.52057,0.00000,0.00000,0,0.00027
6.0117,0.10202,0.12851,0.10202,0.12851,0.10573,0.12795,-0.51229,1.60790,-0.58629,1.51833,-0.58629,1.51833,0.00000,0.00000,0,0.00082
6.1120,0.09845,0.12685,0.09845,0.12685,0.09988,0.12753,-0.51433,1.60534,-0.58424,1.51607,-0.58424,1.51607,0.00000,0.00000,0,0.00027
6.2145,0.09537,0.12747,0.09537,0.12747,0.09730,0.12693,-0.51630,1.60280,-0.58441,1.51395,-0.58441,1.51395,0.00000,0.00000,0,0.00030
6.3157,0.09561,0.13201,0.09561,0.13201,0.09656,0.13027,-0.51823,1.60023,-0.58583,1.50904,-0.58583,1.50904,0.00000,0.00000,0,0.00027
6.4166,0.09844,0.13262,0.09844,0.13262,0.09686,0.13197,-0.52016,1.59760,-0.58796,1.50522,-0.58796,1.50522,0.00000,0.00000,0,0.00026
6.5204,0.09647,0.13128,0.09647,0.13128,0.09755,0.13191,-0.52211,1.59495,-0.59039,1.50262,-0.59039,1.50262,0.00000,0.00000,0,0.00029
6.6225,0.09486,0.13296,0.09486,0.13296,0.09531,0.13205,-0.52404,1.59232,-0.59075,1.49988,-0.59075,1.49988,0.00000,0.00000,0,0.00034
6.7229,0.08627,0.13729,0.08627,0.13729,0.08889,0.13506,-0.52586,1.58965,-0.58808,1.49511,-0.58808,1.49511,0.00000,0.00000,0,0.00026
6.8314,0.09162,0.13896,0.09162,0.13896,0.08966,0.13804,-0.52764,1.58691,-0.59040,1.49028,-0.59040,1.49028,0.00000,0.00000,0,0.00032
6.9318,0.09129,0.14169,0.09129,0.14169,0.09127,0.14037,-0.52945,1.58412,-0.59334,1.48586,-0.59334,1.48586,0.00000,0.00000,0,0.00031
7.0331,0.09836,0.14202,0.09836,0.14202,0.09610,0.14162,-0.53132,1.58130,-0.59859,1.48216,-0.59859,1.48216,0.00000,0.00000,0,0.00032
7.1368,0.09509,0.14785,0.09509,0.14785,0.09476,0.14611,-0.53323,1.57841,-0.59957,1.47614,-0.59957,1.47614,0.00000,0.00000,0,0.00232
7.2358,0.08884,0.15043,0.08884,0.15043,0.09136,0.14967,-0.53509,1.57544,-0.59904,1.47067,-0.59904,1.47067,0.00000,0.00000,0,0.00034
7.3371,0.09149,0.14949,0.09149,0.14949,0.09020,0.14992,-0.53689,1.57244,-0.60003,1.46749,-0.60003,1.46749,0.00000,0.00000,0,0.00035
7.4385,0.09387,0.15075,0.09387,0.15075,0.09377,0.15136,-0.53874,1.56942,-0.60438,1.46346,-0.60438,1.46346,0.00000,0.00000,0,0.00036
7.5410,0.09266,0.15030,0.09266,0.15030,0.09342,0.15114,-0.54062,1.56639,-0.60601,1.46059,-0.60601,1.46059,0.00000,0.00000,0,0.00153
7.6409,0.09224,0.15139,0.09224,0.15139,0.09147,0.15106,-0.54245,1.56337,-0.60648,1.45763,-0.60648,1.45763,0.00000,0.00000,0,0.00039
7.7423,0.08940,0.15293,0.08940,0.15293,0.09032,0.15190,-0.54427,1.56034,-0.60750,1.45401,-0.60750,1.45401,0.00000,0.00000,0,0.00038
7.8442,0.08935,0.15505,0.08935,0.15505,0.08982,0.15470,-0.54608,1.55727,-0.60896,1.44898,-0.60896,1.44898,0.00000,0.00000,0,0.00031
7.9459,0.09020,0.15606,0.09020,0.15606,0.08989,0.15581,-0.54788,1.55416,-0.61080,1.44509,-0.61080,1.44509,0.00000,0.00000,0,0.00026
8.0462,0.09200,0.15997,0.09200,0.15997,0.09177,0.15907,-0.54970,1.55101,-0.61394,1.43966,-0.61394,1.43966,0.00000,0.00000,0,0.00025
8.1475,0.08952,0.15998,0.08952,0.15998,0.09039,0.15958,-0.55153,1.54782,-0.61480,1.43612,-0.61480,1.43612,0.00000,0.00000,0,0.00030
8.2483,0.08342,0.15818,0.08342,0.15818,0.08621,0.15827,-0.55329,1.54465,-0.61364,1.43386,-0.61364,1.43386,0.00000,0.00000,0,0.00027
8.3513,0.08225,0.16211,0.08225,0.16211,0.08294,0.16069,-0.55497,1.54146,-0.61303,1.42897,-0.61303,1.42897,0.00000,0.00000,0,0.00027
8.4527,0.07877,0.16630,0.07877,0.16630,0.08052,0.16457,-0.55661,1.53820,-0.61297,1.42300,-0.61297,1.42300,0.00000,0.00000,0,0.00027
8.5554,0.07869,0.16623,0.07869,0.16623,0.07847,0.16557,-0.55819,1.53489,-0.61312,1.41899,-0.61312,1.41899,0.00000,0.00000,0,0.00030
8.6576,0.07242,0.17031,0.07242,0.17031,0.07538,0.16810,-0.55973,1.53156,-0.61250,1.41389,-0.61250,1.41389,0.00000,0.00000,0,0.00107
8.7616,-0.00444,0.21828,-0.00444,0.21828,0.03727,0.19507,-0.56080,1.52798,-0.58688,1.39143,-0.58688,1.39143,0.00000,0.00000,16,0.00109
8.8613,-0.01421,0.22603,-0.01421,0.22603,-0.00651,0.21972,-0.56080,1.52377,-0.55624,1.36997,-0.55624,1.36997,0.00000,0.00000,16,0.00029
8.9637,-0.01586,0.22329,-0.01586,0.22329,-0.01414,0.22340,-0.56080,1.51933,-0.55090,1.36295,-0.55090,1.36295,0.00000,0.00000,16,0.00034
9.0679,-0.01711,0.22815,-0.01711,0.22815,-0.01676,0.22675,-0.56080,1.51482,-0.54906,1.35609,-0.54906,1.35609,0.00000,0.00000,16,0.00034
9.1695,-0.01712,0.22647,-0.01712,0.22647,-0.01835,0.22718,-0.56080,1.51027,-0.54796,1.35124,-0.54796,1.35124,0.00000,0.00000,16,0.00030
9.2704,-0.02078,0.22443,-0.02078,0.22443,-0.02008,0.22496,-0.56080,1.50575,-0.54674,1.34829,-0.54674,1.34829,0.00000,0.00000,16,0.00033
9.3741,-0.02930,0.21946,-0.02930,0.21946,-0.02499,0.22174,-0.56080,1.50129,-0.54331,1.34607,-0.54331,1.34607,0.00000,0.00000,16,0.00027
9.4765,-0.05314,0.21602,-0.05314,0.21602,-0.04544,0.21865,-0.56080,1.49689,-0.52899,1.34383,-0.52899,1.34383,0.00000,0.00000,16,0.00028
9.5775,-0.05633,0.21493,-0.05633,0.21493,-0.05349,0.21547,-0.56017,1.49256,-0.52273,1.34173,-0.52273,1.34173,0.00000,0.00000,0,0.00025
9.6793,-0.05676,0.21313,-0.05676,0.21313,-0.05616,0.21375,-0.55907,1.48827,-0.51975,1.33864,-0.51975,1.33864,0.00000,0.00000,0,0.00034
9.7836,-0.06119,0.21178,-0.06119,0.21178,-0.05846,0.21215,-0.55791,1.48402,-0.51699,1.33552,-0.51699,1.33552,0.00000,0.00000,0,0.00103
9.8852,-0.06072,0.21415,-0.06072,0.21415,-0.06054,0.21312,-0.55672,1.47977,-0.51434,1.33058,-0.51434,1.33058,0.00000,0.00000,0,0.00041
9.9870,-0.06532,0.21199,-0.06532,0.21199,-0.06297,0.21296,-0.55548,1.47550,-0.51140,1.32643,-0.51140,1.32643,0.00000,0.00000,0,0.00043
10.0878,-0.06760,0.20803,-0.06760,0.20803,-0.06611,0.21010,-0.55418,1.47127,-0.50791,1.32420,-0.50791,1.32420,0.00000,0.00000,0,0.00032
10.1907,-0.07098,0.19355,-0.07098,0.19355,-0.07037,0.20068,-0.55280,1.46717,-0.50354,1.32669,-0.50354,1.32669,0.00000,0.00000,0,0.00154
10.2914,-0.07957,0.16541,-0.07957,0.16541,-0.07412,0.17323,-0.55136,1.46352,-0.49948,1.34226,-0.49948,1.34226,0.00000,0.00000,0,0.00030
10.3923,-0.07495,0.15994,-0.07495,0.15994,-0.07544,0.16361,-0.54985,1.46017,-0.49704,1.34565,-0.49704,1.34565,0.00000,0.00000,0,0.00032
10.4936,-0.06849,0.15171,-0.06849,0.15171,-0.07015,0.15536,-0.54840,1.45700,-0.49929,1.34825,-0.49929,1.34825,0.00000,0.00000,0,0.00025
10.5965,-0.05331,0.15155,-0.05331,0.15155,-0.05978,0.15160,-0.54711,1.45395,-0.50526,1.34783,-0.50526,1.34783,0.00000,0.00000,0,0.00028
10.6969,-0.04738,0.15239,-0.04738,0.15239,-0.05169,0.15225,-0.54601,1.45091,-0.50982,1.34434,-0.50982,1.34434,0.00000,0.00000,0,0.00027
10.7975,-0.04469,0.15537,-0.04469,0.15537,-0.04543,0.15400,-0.54601,1.44785,-0.51421,1.34005,-0.51421,1.34005,0.00000,0.00000,16,0.00025
10.8984,-0.03964,0.15396,-0.03964,0.15396,-0.04269,0.15458,-0.54601,1.44475,-0.51613,1.33655,-0.51613,1.33655,0.00000,0.00000,16,0.00029
10.9995,-0.04016,0.15754,-0.04016,0.15754,-0.04107,0.15602,-0.54601,1.44165,-0.51726,1.33244,-0.51726,1.33244,0.00000,0.00000,16,0.00027
11.1021,-0.03558,0.15825,-0.03558,0.15825,-0.03681,0.15768,-0.54601,1.43851,-0.52024,1.32813,-0.52024,1.32813,0.00000,0.00000,16,0.00027
11.2034,-0.04108,0.15860,-0.04108,0.15860,-0.03899,0.15809,-0.54601,1.43535,-0.51871,1.32468,-0.51871,1.32468,0.00000,0.00000,16,0.00028
11.3057,-0.04382,0.15963,-0.04382,0.15963,-0.04123,0.15889,-0.54601,1.43218,-0.51715,1.32096,-0.51715,1.32096,0.00000,0.00000,16,0.00027
11.4068,-0.04257,0.15662,-0.04257,0.15662,-0.04241,0.15720,-0.54601,1.42901,-0.51632,1.31897,-0.51632,1.31897,0.00000,0.00000,16,0.00026
11.5090,-0.04401,0.15667,-0.04401,0.15667,-0.04273,0.15706,-0.54601,1.42587,-0.51609,1.31593,-0.51609,1.31593,0.00000,0.00000,16,0.00028
11.6116,-0.03632,0.15917,-0.03632,0.15917,-0.03941,0.15907,-0.54601,1.42271,-0.51842,1.31135,-0.51842,1.31135,0.00000,0.00000,16,0.00033
11.7135,-0.03858,0.16090,-0.03858,0.16090,-0.03735,0.15973,-0.54601,1.41952,-0.51986,1.30771,-0.51986,1.30771,0.00000,0.00000,16,0.00035
11.8179,-0.03151,0.16458,-0.03151,0.16458,-0.03499,0.16253,-0.54601,1.41630,-0.52152,1.30253,-0.52152,1.30253,0.00000,0.00000,16,0.00117
11.9185,-0.03058,0.16365,-0.03058,0.16365,-0.03230,0.16339,-0.54601,1.41303,-0.52340,1.29866,-0.52340,1.29866,0.00000,0.00000,16,0.00031
12.0194,-0.03409,0.16398,-0.03409,0.16398,-0.03259,0.16342,-0.54601,1.40977,-0.52320,1.29537,-0.52320,1.29537,0.00000,0.00000,16,0.00032
12.1215,-0.03546,0.16400,-0.03546,0.16400,-0.03444,0.16323,-0.54601,1.40650,-0.52190,1.29224,-0.52190,1.29224,0.00000,0.00000,16,0.00028
12.2238,-0.03537,0.16578,-0.03537,0.16578,-0.03543,0.16530,-0.54601,1.40320,-0.52121,1.28749,-0.52121,1.28749,0.00000,0.00000,16,0.00213
12.3252,-0.03333,0.16456,-0.03333,0.16456,-0.03460,0.16483,-0.54601,1.39990,-0.52179,1.28452,-0.52179,1.28452,0.00000,0.00000,16,0.00025
12.4266,-0.03129,0.16855,-0.03129,0.16855,-0.03339,0.16708,-0.54601,1.39658,-0.52264,1.27963,-0.52264,1.27963,0.00000,0.00000,16,0.00027
12.5274,-0.03003,0.17115,-0.03003,0.17115,-0.03013,0.17014,-0.54601,1.39320,-0.52492,1.27411,-0.52492,1.27411,0.00000,0.00000,16,0.00028
12.6308,-0.02763,0.17261,-0.02763,0.17261,-0.02922,0.17136,-0.54601,1.38979,-0.52555,1.26983,-0.52555,1.26983,0.00000,0.00000,16,0.00173
12.7309,-0.03052,0.17498,-0.03052,0.17498,-0.02965,0.17441,-0.54601,1.38632,-0.52526,1.26423,-0.52526,1.26423,0.00000,0.00000,16,0.00031
12.8318,-0.03113,0.17703,-0.03113,0.17703,-0.03078,0.17605,-0.54601,1.38281,-0.52446,1.25957,-0.52446,1.25957,0.00000,0.00000,16,0.00025
12.9346,-0.02704,0.17759,-0.02704,0.17759,-0.02867,0.17744,-0.54601,1.37927,-0.52594,1.25507,-0.52594,1.25507,0.00000,0.00000,16,0.00033
13.0382,-0.02569,0.17958,-0.02569,0.17958,-0.02606,0.17913,-0.54601,1.37570,-0.52776,1.25031,-0.52776,1.25031,0.00000,0.00000,16,0.00132
13.1377,-0.02736,0.17622,-0.02736,0.17622,-0.02664,0.17737,-0.54601,1.37214,-0.52736,1.24797,-0.52736,1.24797,0.00000,0.00000,16,0.00029
13.2388,-0.03223,0.17699,-0.03223,0.17699,-0.03075,0.17700,-0.54601,1.36860,-0.52449,1.24470,-0.52449,1.24470,0.00000,0.00000,16,0.00027
13.3426,-0.03298,0.17777,-0.03298,0.17777,-0.03328,0.17688,-0.54601,1.36507,-0.52271,1.24125,-0.52271,1.24125,0.00000,0.00000,16,0.00257
13.4413,-0.02952,0.18085,-0.02952,0.18085,-0.03100,0.17947,-0.54601,1.36150,-0.52431,1.23587,-0.52431,1.23587,0.00000,0.00000,16,0.00033
13.5446,-0.02865,0.18212,-0.02865,0.18212,-0.02915,0.18214,-0.54601,1.35787,-0.52560,1.23037,-0.52560,1.23037,0.00000,0.00000,16,0.00039
13.6458,-0.02847,0.18231,-0.02847,0.18231,-0.02880,0.18173,-0.54601,1.35424,-0.52585,1.22702,-0.52585,1.22702,0.00000,0.00000,16,0.00025
13.7475,-0.02380,0.17983,-0.02380,0.17983,-0.02620,0.18088,-0.54601,1.35060,-0.52767,1.22399,-0.52767,1.22399,0.00000,0.00000,16,0.00031
13.8504,-0.02622,0.17802,-0.02622,0.17802,-0.02573,0.17876,-0.54601,1.34701,-0.52800,1.22188,-0.52800,1.22188,0.00000,0.00000,16,0.00092
13.9515,-0.02523,0.17659,-0.02523,0.17659,-0.02530,0.17762,-0.54601,1.34345,-0.52830,1.21912,-0.52830,1.21912,0.00000,0.00000,16,0.00037
14.0532,-0.02547,0.17440,-0.02547,0.17440,-0.02519,0.17517,-0.54601,1.33993,-0.52837,1.21731,-0.52837,1.21731,0.00000,0.00000,16,0.00029
14.1548,-0.02690,0.17495,-0.02690,0.17495,-0.02548,0.17449,-0.54601,1.33643,-0.52817,1.21429,-0.52817,1.21429,0.00000,0.00000,16,0.00025
14.2580,-0.02941,0.17251,-0.02941,0.17251,-0.02808,0.17316,-0.54601,1.33296,-0.52635,1.21175,-0.52635,1.21175,0.00000,0.00000,16,0.00098
14.3576,-0.08267,0.19330,-0.08267,0.19330,-0.05937,0.18540,-0.54577,1.32937,-0.50421,1.19959,-0.50421,1.19959,0.00000,0.00000,0,0.00026
14.4588,-0.08292,0.19560,-0.08292,0.19560,-0.07823,0.19447,-0.54431,1.32553,-0.48955,1.18940,-0.48955,1.18940,0.00000,0.00000,0,0.00028
14.5596,-0.08222,0.19550,-0.08222,0.19550,-0.08104,0.19488,-0.54270,1.32162,-0.48597,1.18521,-0.48597,1.18521,0.00000,0.00000,0,0.00031
14.6604,-0.07987,0.19616,-0.07987,0.19616,-0.07963,0.19607,-0.54110,1.31771,-0.48536,1.18046,-0.48536,1.18046,0.00000,0.00000,0,0.00027
14.7610,-0.07442,0.19892,-0.07442,0.19892,-0.07625,0.19774,-0.53954,1.31377,-0.48617,1.17535,-0.48617,1.17535,0.00000,0.00000,0,0.00027
14.8618,-0.07764,0.19511,-0.07764,0.19511,-0.07567,0.19587,-0.53804,1.30984,-0.48507,1.17273,-0.48507,1.17273,0.00000,0.00000,0,0.00025
14.9642,-0.07959,0.19183,-0.07959,0.19183,-0.07887,0.19282,-0.53649,1.30596,-0.48128,1.17098,-0.48128,1.17098,0.00000,0.00000,0,0.00038
15.0666,-0.08167,0.19037,-0.08167,0.19037,-0.08061,0.19100,-0.53489,1.30213,-0.47846,1.16843,-0.47846,1.16843,0.00000,0.00000,0,0.00027
15.1673,-0.07687,0.19161,-0.07687,0.19161,-0.07804,0.19136,-0.53331,1.29830,-0.47868,1.16435,-0.47868,1.16435,0.00000,0.00000,0,0.00029
15.2680,-0.07391,0.19098,-0.07391,0.19098,-0.07540,0.19082,-0.53178,1.29449,-0.47900,1.16091,-0.47900,1.16091,0.00000,0.00000,0,0.00028
15.3737,-0.07871,0.18934,-0.07871,0.18934,-0.07713,0.18940,-0.53026,1.29069,-0.47626,1.15811,-0.47626,1.15811,0.00000,0.00000,0,0.00139
15.4765,-0.07909,0.18539,-0.07909,0.18539,-0.07860,0.18657,-0.52870,1.28693,-0.47368,1.15633,-0.47368,1.15633,0.00000,0.00000,0,0.00110
15.5767,-0.08275,0.18120,-0.08275,0.18120,-0.08083,0.18350,-0.52711,1.28323,-0.47053,1.15478,-0.47053,1.15478,0.00000,0.00000,0,0.00025
15.6775,-0.08129,0.18299,-0.08129,0.18299,-0.08055,0.18312,-0.52550,1.27957,-0.46912,1.15139,-0.46912,1.15139,0.00000,0.00000,0,0.00027
15.7807,-0.07948,0.18307,-0.07948,0.18307,-0.08075,0.18307,-0.52388,1.27591,-0.46735,1.14775,-0.46735,1.14775,0.00000,0.00000,0,0.00086
15.8814,-0.08227,0.18045,-0.08227,0.18045,-0.08077,0.18151,-0.52227,1.27226,-0.46573,1.14521,-0.46573,1.14521,0.00000,0.00000,0,0.00033
15.9816,-0.08487,0.17552,-0.08487,0.17552,-0.08373,0.17773,-0.52062,1.26868,-0.46201,1.14427,-0.46201,1.14427,0.00000,0.00000,0,0.00026
16.0826,-0.09182,0.17048,-0.09182,0.17048,-0.08890,0.17392,-0.51889,1.26516,-0.45666,1.14341,-0.45666,1.14341,0.00000,0.00000,0,0.00033
16.1871,-0.09197,0.16723,-0.09197,0.16723,-0.09157,0.16876,-0.51707,1.26175,-0.45297,1.14362,-0.45297,1.14362,0.00000,0.00000,0,0.00180
16.2874,-0.09307,0.16566,-0.09307,0.16566,-0.09245,0.16648,-0.51523,1.25840,-0.45052,1.14187,-0.45052,1.14187,0.00000,0.00000,0,0.00040
16.3880,-0.08997,0.16357,-0.08997,0.16357,-0.09084,0.16433,-0.51340,1.25510,-0.44981,1.14007,-0.44981,1.14007,0.00000,0.00000,0,0.00035
16.4899,-0.08750,0.19380,-0.08750,0.19380,-0.09050,0.17230,-0.51158,1.25180,-0.44822,1.13118,-0.44822,1.13118,0.00000,0.00000,0,0.00027
16.5924,-0.08833,0.19104,-0.08833,0.19104,-0.08921,0.18834,-0.50979,1.24810,-0.44734,1.11627,-0.44734,1.11627,0.00000,0.00000,0,0.00115
16.6937,-0.09412,0.19080,-0.09412,0.19080,-0.09210,0.19078,-0.50797,1.24430,-0.44350,1.11076,-0.44350,1.11076,0.00000,0.00000,0,0.00037
16.7942,-0.08950,0.19373,-0.08950,0.19373,-0.09116,0.19262,-0.50614,1.24047,-0.44233,1.10563,-0.44233,1.10563,0.00000,0.00000,0,0.00027
16.8964,-0.09397,0.19053,-0.09397,0.19053,-0.09236,0.19206,-0.50430,1.23662,-0.43965,1.10217,-0.43965,1.10217,0.00000,0.00000,0,0.00072
16.9974,-0.09776,0.18949,-0.09776,0.18949,-0.09515,0.19035,-0.50243,1.23279,-0.43582,1.09955,-0.43582,1.09955,0.00000,0.00000,0,0.00042
17.0990,-0.09627,0.18706,-0.09627,0.18706,-0.09694,0.18828,-0.50050,1.22901,-0.43264,1.09721,-0.43264,1.09721,0.00000,0.00000,0,0.00027
17.2010,-0.10006,0.18575,-0.10006,0.18575,-0.09866,0.18649,-0.49854,1.22526,-0.42948,1.09472,-0.42948,1.09472,0.00000,0.00000,0,0.00046
17.3016,-0.09455,0.18805,-0.09455,0.18805,-0.09650,0.18717,-0.49659,1.22153,-0.42904,1.09051,-0.42904,1.09051,0.00000,0.00000,0,0.00025
17.4058,-0.09209,0.18733,-0.09209,0.18733,-0.09338,0.18727,-0.49469,1.21778,-0.42932,1.08669,-0.42932,1.08669,0.00000,0.00000,0,0.00029
17.5092,-0.08968,0.18705,-0.08968,0.18705,-0.09070,0.18703,-0.49285,1.21404,-0.42937,1.08312,-0.42937,1.08312,0.00000,0.00000,0,0.00031
17.6098,-0.09025,0.18146,-0.09025,0.18146,-0.09090,0.18339,-0.49104,1.21034,-0.42741,1.08197,-0.42741,1.08197,0.00000,0.00000,0,0.00033
17.7113,-0.09701,0.17549,-0.09701,0.17549,-0.09340,0.17757,-0.48920,1.20675,-0.42382,1.08245,-0.42382,1.08245,0.00000,0.00000,0,0.00030
17.8127,-0.09754,0.17311,-0.09754,0.17311,-0.09660,0.17454,-0.48729,1.20324,-0.41967,1.08106,-0.41967,1.08106,0.00000,0.00000,0,0.00031
17.9141,-0.10245,0.16794,-0.10245,0.16794,-0.10053,0.16988,-0.48531,1.19980,-0.41494,1.08088,-0.41494,1.08088,0.00000,0.00000,0,0.00032
18.0163,-0.10308,0.16613,-0.10308,0.16613,-0.10293,0.16686,-0.48326,1.19644,-0.41121,1.07964,-0.41121,1.07964,0.00000,0.00000,0,0.00028
18.1174,-0.10162,0.16861,-0.10162,0.16861,-0.10276,0.16745,-0.48120,1.19310,-0.40927,1.07588,-0.40927,1.07588,0.00000,0.00000,0,0.00034
18.2186,-0.09821,0.16610,-0.09821,0.16610,-0.09911,0.16781,-0.47919,1.18973,-0.40981,1.07226,-0.40981,1.07226,0.00000,0.00000,0,0.00024
18.3194,-0.09212,0.16848,-0.09212,0.16848,-0.09478,0.16753,-0.47726,1.18639,-0.41091,1.06912,-0.41091,1.06912,0.00000,0.00000,0,0.00036
18.4199,-0.09355,0.16881,-0.09355,0.16881,-0.09315,0.16904,-0.47539,1.18302,-0.41018,1.06469,-0.41018,1.06469,0.00000,0.00000,0,0.00026
18.5227,-0.09687,0.16796,-0.09687,0.16796,-0.09530,0.16897,-0.47351,1.17963,-0.40680,1.06135,-0.40680,1.06135,0.00000,0.00000,0,0.00030
18.6261,-0.09907,0.16922,-0.09907,0.16922,-0.09783,0.16947,-0.47158,1.17625,-0.40310,1.05762,-0.40310,1.05762,0.00000,0.00000,0,0.00072
18.7275,-0.10216,0.16688,-0.10216,0.16688,-0.09994,0.16809,-0.46960,1.17287,-0.39965,1.05521,-0.39965,1.05521,0.00000,0.00000,0,0.00026
18.8291,-0.10268,0.16284,-0.10268,0.16284,-0.10216,0.16513,-0.46758,1.16954,-0.39607,1.05395,-0.39607,1.05395,0.00000,0.00000,0,0.00027
18.9298,-0.10934,0.16317,-0.10934,0.16317,-0.10591,0.16360,-0.46550,1.16626,-0.39136,1.05174,-0.39136,1.05174,0.00000,0.00000,0,0.00026
19.0314,-0.11137,0.16250,-0.11137,0.16250,-0.11024,0.16291,-0.46333,1.16300,-0.38616,1.04896,-0.38616,1.04896,0.00000,0.00000,0,0.00028
19.1347,-0.11851,0.16325,-0.11851,0.16325,-0.11544,0.16288,-0.46106,1.15974,-0.38026,1.04573,-0.38026,1.04573,0.00000,0.00000,0,0.00044
19.2361,-0.12587,0.15529,-0.12587,0.15529,-0.12166,0.15807,-0.45869,1.15653,-0.37353,1.04589,-0.37353,1.04589,0.00000,0.00000,0,0.00032
19.3373,-0.12545,0.15536,-0.12545,0.15536,-0.12506,0.15579,-0.45621,1.15341,-0.36866,1.04435,-0.36866,1.04435,0.00000,0.00000,0,0.00039
19.4386,-0.13143,0.15142,-0.13143,0.15142,-0.12859,0.15284,-0.45367,1.15032,-0.36366,1.04333,-0.36366,1.04333,0.00000,0.00000,0,0.00028
19.5404,-0.12892,0.14413,-0.12892,0.14413,-0.12960,0.14812,-0.45107,1.14731,-0.36035,1.04363,-0.36035,1.04363,0.00000,0.00000,0,0.00147
19.6401,-0.13427,0.12363,-0.13427,0.12363,-0.13544,0.12716,-0.44841,1.14463,-0.35360,1.05562,-0.35360,1.05562,0.00000,0.00000,0,0.00028
19.7420,-0.14046,0.11969,-0.14046,0.11969,-0.13832,0.12220,-0.44568,1.14215,-0.34886,1.05661,-0.34886,1.05661,0.00000,0.00000,0,0.00028
19.8451,-0.14606,0.11571,-0.14606,0.11571,-0.14351,0.11753,-0.44286,1.13976,-0.34240,1.05749,-0.34240,1.05749,0.00000,0.00000,0,0.00115
19.9456,-0.14955,0.11735,-0.14955,0.11735,-0.14832,0.11720,-0.43993,1.13742,-0.33610,1.05538,-0.33610,1.05538,0.00000,0.00000,0,0.00029
20.0465,-0.15161,0.11806,-0.15161,0.11806,-0.15146,0.11767,-0.43692,1.13507,-0.33089,1.05271,-0.33089,1.05271,0.00000,0.00000,0,0.00031
20.1483,-0.15293,0.11747,-0.15293,0.11747,-0.15277,0.11776,-0.43387,1.13272,-0.32693,1.05029,-0.32693,1.05029,0.00000,0.00000,0,0.00030
20.2507,-0.15596,0.11341,-0.15596,0.11341,-0.15457,0.11531,-0.43080,1.13038,-0.32260,1.04967,-0.32260,1.04967,0.00000,0.00000,0,0.00030
20.3516,-0.15978,0.10982,-0.15978,0.10982,-0.15703,0.11212,-0.42768,1.12811,-0.31776,1.04963,-0.31776,1.04963,0.00000,0.00000,0,0.00027
20.4534,-0.16262,0.10849,-0.16262,0.10849,-0.16051,0.10898,-0.42450,1.12591,-0.31214,1.04963,-0.31214,1.04963,0.00000,0.00000,0,0.00034
20.5553,-0.16700,0.11024,-0.16700,0.11024,-0.16582,0.10954,-0.42122,1.12373,-0.30514,1.04705,-0.30514,1.04705,0.00000,0.00000,0,0.00026
20.6571,-0.16164,0.11297,-0.16164,0.11297,-0.16342,0.11169,-0.41793,1.12152,-0.30354,1.04333,-0.30354,1.04333,0.00000,0.00000,0,0.00033
20.7601,-0.16564,0.11350,-0.16564,0.11350,-0.16437,0.11318,-0.41466,1.11926,-0.29960,1.04004,-0.29960,1.04004,0.00000,0.00000,0,0.00140
20.8612,-0.16963,0.10875,-0.16963,0.10875,-0.16720,0.11092,-0.41134,1.11702,-0.29430,1.03938,-0.29430,1.03938,0.00000,0.00000,0,0.00030
20.9621,-0.17829,0.10743,-0.17829,0.10743,-0.17501,0.10784,-0.40790,1.11484,-0.28540,1.03936,-0.28540,1.03936,0.00000,0.00000,0,0.00026
21.0652,-0.18258,0.10779,-0.18258,0.10779,-0.17925,0.10710,-0.40435,1.11270,-0.27888,1.03773,-0.27888,1.03773,0.00000,0.00000,0,0.00106
21.1667,-0.17782,0.11016,-0.17782,0.11016,-0.17937,0.10977,-0.40076,1.11053,-0.27520,1.03369,-0.27520,1.03369,0.00000,0.00000,0,0.00035
21.2669,-0.18209,0.10828,-0.18209,0.10828,-0.18167,0.10923,-0.39714,1.10834,-0.26997,1.03187,-0.26997,1.03187,0.00000,0.00000,0,0.00026
21.3682,-0.18279,0.10760,-0.18279,0.10760,-0.18169,0.10780,-0.39352,1.10617,-0.26633,1.03071,-0.26633,1.03071,0.00000,0.00000,0,0.00025
21.4707,-0.18845,0.10282,-0.18845,0.10282,-0.18598,0.10496,-0.38984,1.10404,-0.25965,1.03057,-0.25965,1.03057,0.00000,0.00000,0,0.00101
21.5718,-0.19481,0.09993,-0.19481,0.09993,-0.19148,0.10153,-0.38605,1.10199,-0.25201,1.03092,-0.25201,1.03092,0.00000,0.00000,0,0.00026
21.6736,-0.19423,0.09656,-0.19423,0.09656,-0.19416,0.09830,-0.38218,1.09999,-0.24627,1.03118,-0.24627,1.03118,0.00000,0.00000,0,0.00037
21.7764,-0.20306,0.09299,-0.20306,0.09299,-0.19889,0.09541,-0.37826,1.09805,-0.23903,1.03127,-0.23903,1.03127,0.00000,0.00000,0,0.00029
21.8768,-0.20859,0.08620,-0.20859,0.08620,-0.20636,0.08953,-0.37419,1.09621,-0.22974,1.03354,-0.22974,1.03354,0.00000,0.00000,0,0.00027
21.9790,-0.21432,0.08026,-0.21432,0.08026,-0.21228,0.08279,-0.36999,1.09450,-0.22139,1.03655,-0.22139,1.03655,0.00000,0.00000,0,0.00027
22.0798,-0.22559,0.07495,-0.22559,0.07495,-0.22070,0.07733,-0.36564,1.09292,-0.21115,1.03879,-0.21115,1.03879,0.00000,0.00000,0,0.00027
22.1817,-0.23039,0.07075,-0.23039,0.07075,-0.22853,0.07315,-0.36112,1.09142,-0.20115,1.04022,-0.20115,1.04022,0.00000,0.00000,0,0.00036
22.2837,-0.23925,0.06849,-0.23925,0.06849,-0.23536,0.06928,-0.35647,1.09001,-0.19172,1.04152,-0.19172,1.04152,0.00000,0.00000,0,0.00119
22.3865,-0.24063,0.06525,-0.24063,0.06525,-0.23939,0.06657,-0.35172,1.08865,-0.18415,1.04205,-0.18415,1.04205,0.00000,0.00000,0,0.00037
22.4872,-0.24456,0.05939,-0.24456,0.05939,-0.24242,0.06166,-0.34689,1.08738,-0.17720,1.04422,-0.17720,1.04422,0.00000,0.00000,0,0.00033
22.5879,-0.24699,0.05420,-0.24699,0.05420,-0.24518,0.05632,-0.34201,1.08622,-0.17038,1.04679,-0.17038,1.04679,0.00000,0.00000,0,0.00030
22.6897,-0.25086,0.05154,-0.25086,0.05154,-0.24999,0.05288,-0.33704,1.08514,-0.16205,1.04812,-0.16205,1.04812,0.00000,0.00000,0,0.00033
22.7908,-0.25806,0.04464,-0.25806,0.04464,-0.25558,0.04736,-0.33197,1.08472,-0.15307,1.05157,-0.15307,1.05157,0.00000,0.00000,32,0.00037
22.8930,-0.25551,0.03928,-0.25551,0.03928,-0.25639,0.04230,-0.32684,1.08472,-0.14737,1.05511,-0.14737,1.05511,0.00000,0.00000,32,0.00033
22.9939,-0.26078,0.03265,-0.26078,0.03265,-0.25865,0.03600,-0.32169,1.08472,-0.14064,1.05953,-0.14064,1.05953,0.00000,0.00000,32,0.00029
23.0964,-0.26161,0.02921,-0.26161,0.02921,-0.25990,0.03139,-0.31650,1.08472,-0.13458,1.06275,-0.13458,1.06275,0.00000,0.00000,32,0.00030
23.1970,-0.26329,0.02267,-0.26329,0.02267,-0.26266,0.02521,-0.31127,1.08472,-0.12741,1.06708,-0.12741,1.06708,0.00000,0.00000,32,0.00026
23.3008,-0.26944,0.01624,-0.26944,0.01624,-0.26813,0.01867,-0.30594,1.08472,-0.11826,1.07166,-0.11826,1.07166,0.00000,0.00000,32,0.00031
23.4022,-0.26888,0.00453,-0.26888,0.00453,-0.26864,0.00989,-0.30058,1.08472,-0.11253,1.07780,-0.11253,1.07780,0.00000,0.00000,32,0.00025
23.5053,-0.27312,-0.01650,-0.27312,-0.01650,-0.27074,-0.00499,-0.29518,1.08472,-0.10567,1.08822,-0.10567,1.08822,0.00000,0.00000,32,0.00027
23.6069,-0.28064,-0.07187,-0.28064,-0.07187,-0.28089,-0.05509,-0.28965,1.08494,-0.09303,1.12351,-0.09303,1.12351,0.00000,0.00000,0,0.00027
23.7107,-0.28817,-0.07867,-0.28817,-0.07867,-0.28481,-0.07326,-0.28401,1.08629,-0.08464,1.13758,-0.08464,1.13758,0.00000,0.00000,0,0.00028
23.8114,-0.29223,-0.08298,-0.29223,-0.08298,-0.28882,-0.07961,-0.27828,1.08784,-0.07610,1.14357,-0.07610,1.14357,0.00000,0.00000,0,0.00027
23.9124,-0.29205,-0.08647,-0.29205,-0.08647,-0.29177,-0.08498,-0.27247,1.08950,-0.06822,1.14899,-0.06822,1.14899,0.00000,0.00000,0,0.00033
24.0158,-0.29272,-0.08926,-0.29272,-0.08926,-0.29165,-0.08776,-0.26664,1.09124,-0.06248,1.15267,-0.06248,1.15267,0.00000,0.00000,0,0.00028
24.1185,-0.28759,-0.09506,-0.28759,-0.09506,-0.28938,-0.09255,-0.26082,1.09305,-0.05826,1.15784,-0.05826,1.15784,0.00000,0.00000,0,0.00029
24.2191,-0.28484,-0.09988,-0.28484,-0.09988,-0.28644,-0.09652,-0.25506,1.09494,-0.05456,1.16251,-0.05456,1.16251,0.00000,0.00000,0,0.00027
24.3200,-0.28043,-0.10827,-0.28043,-0.10827,-0.28257,-0.10495,-0.24938,1.09698,-0.05158,1.17045,-0.05158,1.17045,0.00000,0.00000,0,0.00026
24.4222,-0.27766,-0.11865,-0.27766,-0.11865,-0.27932,-0.11411,-0.24377,1.09919,-0.04824,1.17906,-0.04824,1.17906,0.00000,0.00000,0,0.00028
24.5248,-0.27542,-0.12468,-0.27542,-0.12468,-0.27594,-0.12120,-0.23822,1.10155,-0.04507,1.18639,-0.04507,1.18639,0.00000,0.00000,0,0.00031
24.6261,-0.27275,-0.12643,-0.27275,-0.12643,-0.27299,-0.12428,-0.23274,1.10401,-0.04165,1.19101,-0.04165,1.19101,0.00000,0.00000,0,0.00027
24.7282,-0.26622,-0.12865,-0.26622,-0.12865,-0.26919,-0.12704,-0.22733,1.10653,-0.03889,1.19546,-0.03889,1.19546,0.00000,0.00000,0,0.00030
24.8292,-0.26218,-0.13340,-0.26218,-0.13340,-0.26371,-0.13144,-0.22201,1.10912,-0.03741,1.20113,-0.03741,1.20113,0.00000,0.00000,0,0.00028
24.9336,-0.25957,-0.13530,-0.25957,-0.13530,-0.26076,-0.13477,-0.21678,1.11179,-0.03425,1.20613,-0.03425,1.20613,0.00000,0.00000,0,0.00075
25.0358,-0.25994,-0.13659,-0.25994,-0.13659,-0.25994,-0.13570,-0.21157,1.11450,-0.02962,1.20949,-0.02962,1.20949,0.00000,0.00000,0,0.00031
25.1373,-0.25816,-0.13898,-0.25816,-0.13898,-0.25820,-0.13768,-0.20640,1.11723,-0.02566,1.21361,-0.02566,1.21361,0.00000,0.00000,0,0.00045
25.2383,-0.25516,-0.14425,-0.25516,-0.14425,-0.25703,-0.14234,-0.20124,1.12004,-0.02132,1.21968,-0.02132,1.21968,0.00000,0.00000,0,0.00031
25.3404,-0.25647,-0.14484,-0.25647,-0.14484,-0.25661,-0.14440,-0.19611,1.12292,-0.01648,1.22400,-0.01648,1.22400,0.00000,0.00000,0,0.00030
25.4427,-0.25695,-0.14853,-0.25695,-0.14853,-0.25674,-0.14705,-0.19098,1.12584,-0.01126,1.22878,-0.01126,1.22878,0.00000,0.00000,0,0.00029
25.5438,-0.25956,-0.15309,-0.25956,-0.15309,-0.25748,-0.15121,-0.18584,1.12883,-0.00561,1.23467,-0.00561,1.23467,0.00000,0.00000,0,0.00027
25.6466,-0.25536,-0.15561,-0.25536,-0.15561,-0.25642,-0.15466,-0.18070,1.13189,-0.00120,1.24016,-0.00120,1.24016,0.00000,0.00000,0,0.00028
25.7477,-0.25356,-0.16248,-0.25356,-0.16248,-0.25421,-0.16042,-0.17560,1.13506,0.00235,1.24735,0.00235,1.24735,0.00000,0.00000,0,0.00033
25.8515,-0.25467,-0.16649,-0.25467,-0.16649,-0.25403,-0.16453,-0.17052,1.13832,0.00730,1.25349,0.00730,1.25349,0.00000,0.00000,0,0.00027
25.9528,-0.25630,-0.17278,-0.25630,-0.17278,-0.25666,-0.17024,-0.16540,1.14167,0.01426,1.26084,0.01426,1.26084,0.00000,0.00000,0,0.00032
26.0540,-0.26019,-0.17552,-0.26019,-0.17552,-0.25916,-0.17405,-0.16023,1.14513,0.02118,1.26697,0.02118,1.26697,0.00000,0.00000,0,0.00027
26.1565,-0.25835,-0.18101,-0.25835,-0.18101,-0.25902,-0.17820,-0.15505,1.14865,0.02626,1.27339,0.02626,1.27339,0.00000,0.00000,0,0.00027
26.2575,-0.25851,-0.18787,-0.25851,-0.18787,-0.25805,-0.18338,-0.14988,1.15227,0.03076,1.28064,0.03076,1.28064,0.00000,0.00000,0,0.00030
26.3606,-0.25360,-0.22720,-0.25360,-0.22720,-0.25619,-0.20696,-0.14473,1.15615,0.03460,1.30103,0.03460,1.30103,0.00000,0.00000,0,0.00029
26.4616,-0.24778,-0.31368,-0.24778,-0.31368,-0.25299,-0.27407,-0.13965,1.16100,0.03745,1.35285,0.03745,1.35285,0.00000,0.00000,0,0.00028
26.5627,-0.25679,-0.31601,-0.25679,-0.31601,-0.25283,-0.31051,-0.13463,1.16704,0.04235,1.38440,0.04235,1.38440,0.00000,0.00000,0,0.00039
26.6641,-0.24940,-0.32388,-0.24940,-0.32388,-0.24906,-0.32257,-0.12963,1.17342,0.04472,1.39922,0.04472,1.39922,0.00000,0.00000,0,0.00026
26.7665,-0.24791,-0.32917,-0.24791,-0.32917,-0.24748,-0.32739,-0.12466,1.17994,0.04857,1.40911,0.04857,1.40911,0.00000,0.00000,0,0.00029
26.8678,-0.24617,-0.33333,-0.24617,-0.33333,-0.24644,-0.33149,-0.11972,1.18653,0.05279,1.41858,0.05279,1.41858,0.00000,0.00000,0,0.00034
26.9697,-0.24310,-0.33399,-0.24310,-0.33399,-0.24450,-0.33353,-0.11481,1.19319,0.05634,1.42666,0.05634,1.42666,0.00000,0.00000,0,0.00038
27.0719,-0.23906,-0.33730,-0.23906,-0.33730,-0.24093,-0.33616,-0.10996,1.19990,0.05869,1.43521,0.05869,1.43521,0.00000,0.00000,0,0.00029
27.1740,-0.23733,-0.33765,-0.23733,-0.33765,-0.23801,-0.33756,-0.10518,1.20664,0.06143,1.44293,0.06143,1.44293,0.00000,0.00000,0,0.00030
27.2755,-0.23362,-0.33842,-0.23362,-0.33842,-0.23522,-0.33806,-0.10044,1.21340,0.06421,1.45004,0.06421,1.45004,0.00000,0.00000,0,0.00028
27.3761,-0.23681,-0.33956,-0.23681,-0.33956,-0.23674,-0.33955,-0.09572,1.22018,0.07000,1.45787,0.07000,1.45787,0.00000,0.00000,0,0.00028
27.4797,-0.23086,-0.34094,-0.23086,-0.34094,-0.23334,-0.34024,-0.09102,1.22698,0.07232,1.46515,0.07232,1.46515,0.00000,0.00000,0,0.00037
27.5814,-0.22512,-0.34336,-0.22512,-0.34336,-0.22807,-0.34258,-0.08641,1.23381,0.07324,1.47362,0.07324,1.47362,0.00000,0.00000,0,0.00026
27.6827,-0.22005,-0.34204,-0.22005,-0.34204,-0.22211,-0.34214,-0.08192,1.24066,0.07355,1.48016,0.07355,1.48016,0.00000,0.00000,0,0.00039
27.7849,-0.20834,-0.34401,-1.20834,-0.34401,-0.72278,-0.34370,-0.08534,1.24752,0.42060,1.48811,0.42060,1.48811,1.00000,0.00000,0,0.00040
27.8864,-0.17985,-0.42638,-1.17985,-0.42638,-1.10884,-0.39065,-0.06511,1.25477,0.71108,1.52822,0.71108,1.52822,1.00000,0.00000,0,0.00033
27.9872,-0.06547,-0.48938,-1.06547,-0.48938,-1.09851,-0.46235,-0.04272,1.26343,0.72623,1.58708,0.72623,1.58708,1.00000,0.00000,0,0.00037
28.0878,-0.05003,-0.51039,-1.05003,-0.51039,-1.06340,-0.49928,-0.02122,1.27317,0.72316,1.62267,0.72316,1.62267,1.00000,0.00000,0,0.00036
28.1895,-0.04531,-0.52476,-1.04531,-0.52476,-1.04815,-0.51724,-0.00017,1.28339,0.73353,1.64546,0.73353,1.64546,1.00000,0.00000,0,0.00034
28.2919,-0.03393,-0.54490,-1.03393,-0.54490,-1.03860,-0.53510,0.02068,1.29394,0.74769,1.66851,0.74769,1.66851,1.00000,0.00000,0,0.00093
28.3924,-0.03009,-0.56730,-1.03009,-0.56730,-1.03110,-0.55624,0.04135,1.30489,0.76312,1.69426,0.76312,1.69426,1.00000,0.00000,0,0.00031
28.4935,-0.02487,-0.58930,-1.02487,-0.58930,-1.02617,-0.57870,0.06191,1.31630,0.78023,1.72139,0.78023,1.72139,1.00000,0.00000,0,0.00028
28.5957,-0.02995,-0.61859,-1.02995,-0.61859,-1.02860,-0.60554,0.08246,1.32819,0.80248,1.75206,0.80248,1.75206,1.00000,0.00000,0,0.00025
28.6968,-0.02633,-0.66298,-1.02633,-0.66298,-1.02715,-0.64272,0.10301,1.34073,0.82202,1.79063,0.82202,1.79063,1.00000,0.00000,0,0.00026
28.7974,-0.01740,-0.71586,-1.01740,-0.71586,-1.02178,-0.68880,0.12350,1.35410,0.83874,1.83625,0.83874,1.83625,1.00000,0.00000,0,0.00040
28.8982,-0.05343,-0.86913,-1.05343,-0.86913,-1.04319,-0.82711,0.14412,1.36966,0.87435,1.94863,0.87435,1.94863,1.00000,0.00000,0,0.00027
29.0013,-0.01370,-0.89521,-1.01370,-0.89521,-1.01619,-0.87925,0.16458,1.38690,0.87591,2.00238,0.87591,2.00238,1.00000,0.00000,0,0.00028
29.1021,0.00860,-0.90801,-0.99140,-0.90801,-0.99698,-0.90019,0.18468,1.40477,0.88256,2.03491,0.88256,2.03491,1.00000,0.00000,0,0.00028
29.2067,0.02440,-0.91624,-0.97560,-0.91624,-0.98271,-0.91122,0.20447,1.42292,0.89237,2.06077,0.89237,2.06077,1.00000,0.00000,0,0.00027
29.3101,0.02615,-0.97402,-0.97385,-0.97402,-0.97364,-0.93951,0.22399,1.44137,0.90554,2.09903,0.90554,2.09903,1.00000,0.00000,0,0.00034
29.4124,0.04748,-1.04388,-0.95252,-1.04388,-0.95423,-1.02097,0.24322,1.46129,0.91119,2.17597,0.91119,2.17597,1.00000,0.00000,0,0.00030
29.5131,0.07721,-1.04621,-0.92279,-1.04621,-0.93270,-1.03969,0.26209,1.48194,0.91498,2.20972,0.91498,2.20972,1.00000,0.00000,0,0.00026
29.6137,0.11342,-1.06222,-0.88658,-1.06222,-0.90494,-1.05204,0.28045,1.50286,0.91391,2.23928,0.91391,2.23928,1.00000,0.00000,0,0.00025
29.7168,0.15909,-1.06828,-0.84091,-1.06828,-0.86364,-1.06352,0.29807,1.52404,0.90261,2.26850,0.90261,2.26850,1.00000,0.00000,0,0.00029
29.8175,0.22834,-1.09043,-0.77166,-1.09043,-0.80753,-1.07898,0.31473,1.54547,0.88000,2.30075,0.88000,2.30075,1.00000,0.00000,0,0.00035
29.9187,0.40531,-1.16817,-0.59469,-1.16817,-0.67240,-1.13505,0.32938,1.56765,0.80006,2.36219,0.80006,2.36219,1.00000,0.00000,0,0.00026
30.0208,0.52928,-1.15730,-0.47072,-1.15730,-0.51809,-1.14683,0.34075,1.59053,0.70341,2.39332,0.70341,2.39332,1.00000,0.00000,0,0.00031
30.1217,0.54592,-1.16159,-0.45408,-1.16159,-0.46578,-1.15892,0.35035,1.61367,0.67639,2.42491,0.67639,2.42491,1.00000,0.00000,0,0.00027
30.2231,0.57519,-1.16645,-0.42481,-1.16645,-0.43367,-1.16524,0.35924,1.63694,0.66281,2.45261,0.66281,2.45261,1.00000,0.00000,0,0.00026
30.3269,0.60704,-1.16551,-0.39296,-1.16551,-0.40629,-1.16594,0.36760,1.66026,0.65200,2.47642,0.65200,2.47642,1.00000,0.00000,0,0.00028
30.4283,0.74408,-1.13415,-0.25592,-1.13415,-0.32470,-1.14195,0.37499,1.68335,0.60228,2.48272,0.60228,2.48272,1.00000,0.00000,0,0.00026
30.5312,0.74689,-1.11712,-0.25311,-1.11712,-0.26098,-1.12242,0.38053,1.70596,0.56322,2.49165,0.56322,2.49165,1.00000,0.00000,0,0.00176
30.6320,0.75523,-1.11965,-0.24477,-1.11965,-0.24393,-1.11899,0.38549,1.72836,0.55624,2.51165,0.55624,2.51165,1.00000,0.00000,0,0.00026
30.7332,0.76347,-1.08325,-0.23653,-1.08325,-0.23764,-1.10115,0.39028,1.75058,0.55663,2.52138,0.55663,2.52138,1.00000,0.00000,0,0.00030
30.8350,0.77435,-1.03839,0.77435,-1.03839,0.52601,-1.06609,0.39553,1.77220,0.02732,2.51847,0.02732,2.51847,0.00000,0.00000,0,0.00037
30.9398,1.02526,-0.53536,1.02526,-0.53536,0.87081,-0.76817,0.38070,1.79062,-0.22886,2.32834,-0.22886,2.32834,0.00000,0.00000,0,0.00078
31.0415,1.02245,-0.45438,1.02245,-0.45438,1.00599,-0.51669,0.36127,1.80250,-0.34292,2.16418,-0.34292,2.16418,0.00000,0.00000,0,0.00029
31.1429,1.03732,-0.43514,1.03732,-0.43514,1.03397,-0.44904,0.34074,1.81189,-0.38304,2.12622,-0.38304,2.12622,0.00000,0.00000,0,0.00032
31.2439,1.04870,-0.40298,1.04870,-0.40298,1.04363,-0.41577,0.31995,1.82044,-0.41060,2.11147,-0.41060,2.11147,0.00000,0.00000,0,0.00028
31.3462,0.95598,-0.34825,0.95598,-0.34825,1.00762,-0.36702,0.29926,1.82822,-0.40608,2.08513,-0.40608,2.08513,0.00000,0.00000,0,0.00025
31.4467,0.97227,-0.28814,0.97227,-0.28814,0.97783,-0.30499,0.27958,1.83480,-0.40490,2.04829,-0.40490,2.04829,0.00000,0.00000,0,0.00027
31.5499,0.96857,-0.25344,0.96857,-0.25344,0.97301,-0.26657,0.26007,1.84041,-0.42104,2.02701,-0.42104,2.02701,0.00000,0.00000,0,0.00046
31.6506,0.97044,-0.22081,0.97044,-0.22081,0.97099,-0.23630,0.24062,1.84537,-0.43908,2.01078,-0.43908,2.01078,0.00000,0.00000,0,0.00025
31.7519,0.96669,-0.18306,0.96669,-0.18306,0.96935,-0.19964,0.22121,1.84964,-0.45734,1.98939,-0.45734,1.98939,0.00000,0.00000,0,0.00025
31.8547,0.91171,-0.13836,0.91171,-0.13836,0.94323,-0.16557,0.20201,1.85328,-0.45825,1.96918,-0.45825,1.96918,0.00000,0.00000,0,0.00093
31.9564,0.89950,-0.12144,0.89950,-0.12144,0.91056,-0.12789,0.18357,1.85600,-0.45382,1.94553,-0.45382,1.94553,0.00000,0.00000,0,0.00026
32.0580,0.89535,-0.10769,0.89535,-0.10769,0.89866,-0.11308,0.16552,1.85835,-0.46355,1.93751,-0.46355,1.93751,0.00000,0.00000,0,0.00027
32.1592,0.88717,-0.10142,0.88717,-0.10142,0.89056,-0.10518,0.14765,1.86051,-0.47574,1.93414,-0.47574,1.93414,0.00000,0.00000,0,0.00025
32.2611,0.88650,-0.09373,0.88650,-0.09373,0.88790,-0.09721,0.12987,1.86252,-0.49166,1.93057,-0.49166,1.93057,0.00000,0.00000,0,0.00039
32.3621,0.88669,-0.07778,0.88669,-0.07778,0.88612,-0.08545,0.11214,1.86434,-0.50814,1.92416,-0.50814,1.92416,0.00000,0.00000,0,0.00025
32.4632,0.87637,-0.01646,0.87637,-0.01646,0.88090,-0.04483,0.09447,1.86546,-0.52216,1.89685,-0.52216,1.89685,0.00000,0.00000,32,0.00036
32.5655,0.85678,0.03508,0.85678,0.03508,0.86619,0.01445,0.07700,1.86546,-0.52933,1.85535,-0.52933,1.85535,0.00000,0.00000,32,0.00029
32.6683,0.76741,0.08533,0.76741,0.08533,0.81149,0.05956,0.06019,1.86523,-0.50785,1.82354,-0.50785,1.82354,0.00000,0.00000,0,0.00103
32.7698,0.70320,0.11800,0.70320,0.11800,0.72616,0.10193,0.04511,1.86348,-0.46321,1.79213,-0.46321,1.79213,0.00000,0.00000,0,0.00032
32.8711,0.67784,0.11380,0.67784,0.11380,0.69044,0.11162,0.03104,1.86129,-0.45227,1.78315,-0.45227,1.78315,0.00000,0.00000,0,0.00029
32.9741,0.62239,0.10080,0.62239,0.10080,0.64190,0.10411,0.01783,1.85915,-0.43150,1.78628,-0.43150,1.78628,0.00000,0.00000,0,0.00025
33.0764,0.62179,0.10117,0.62179,0.10117,0.62461,0.10072,0.00523,1.85713,-0.43200,1.78663,-0.43200,1.78663,0.00000,0.00000,0,0.00026
33.1796,0.61429,0.10214,0.61429,0.10214,0.61881,0.10185,-0.00721,1.85510,-0.44037,1.78381,-0.44037,1.78381,0.00000,0.00000,0,0.00028
33.2811,0.61114,0.10164,0.61114,0.10164,0.61279,0.10157,-0.01952,1.85307,-0.44847,1.78197,-0.44847,1.78197,0.00000,0.00000,0,0.00036
33.3821,0.60382,0.10654,0.60382,0.10654,0.60656,0.10401,-0.03170,1.85102,-0.45629,1.77822,-0.45629,1.77822,0.00000,0.00000,0,0.00027
33.4853,0.59824,0.11077,0.59824,0.11077,0.60186,0.10936,-0.04378,1.84887,-0.46508,1.77232,-0.46508,1.77232,0.00000,0.00000,0,0.00054
33.5878,0.56909,0.13355,0.56909,0.13355,0.58204,0.12238,-0.05561,1.84657,-0.46304,1.76090,-0.46304,1.76090,0.00000,0.00000,0,0.00036
33.6918,0.54146,0.14641,0.54146,0.14641,0.55435,0.14006,-0.06693,1.84388,-0.45497,1.74584,-0.45497,1.74584,0.00000,0.00000,0,0.00177
33.7913,0.51694,0.16694,-0.48306,0.16694,0.22972,0.15751,-0.08945,1.84088,-0.23734,1.73062,-0.25025,1.73062,1.00000,0.00000,1,0.00031
33.8923,0.45232,0.16217,-0.54768,0.16217,-0.39613,0.17163,-0.08498,1.83744,0.19231,1.71730,0.19231,1.71730,1.00000,0.00000,0,0.00026
33.9954,0.40499,0.00507,-0.59501,0.00507,-0.54982,0.05822,-0.07488,1.83534,0.30999,1.79458,0.30999,1.79458,1.00000,0.00000,0,0.00028
34.0985,0.30072,-0.14499,-0.69928,-0.14499,-0.64518,-0.06496,-0.06275,1.83560,0.38887,1.88107,0.38887,1.88107,1.00000,0.00000,0,0.00072
34.1990,0.23800,-0.19799,-0.76200,-0.19799,-0.73532,-0.16605,-0.04863,1.83825,0.46609,1.95448,0.46609,1.95448,1.00000,0.00000,0,0.00035
34.2996,0.22489,-0.22371,-0.77511,-0.22371,-0.76851,-0.20971,-0.03346,1.84215,0.50450,1.98895,0.50450,1.98895,1.00000,0.00000,0,0.00026
34.4003,0.22112,-0.24743,-0.77888,-0.24743,-0.77667,-0.23574,-0.01798,1.84667,0.52569,2.01169,0.52569,2.01169,1.00000,0.00000,0,0.00028
34.5035,0.23157,-0.28176,-0.76843,-0.28176,-0.77125,-0.26664,-0.00250,1.85174,0.53737,2.03839,0.53737,2.03839,1.00000,0.00000,0,0.00175
34.6032,0.22697,-0.33179,-0.77303,-0.33179,-0.77031,-0.30570,0.01289,1.85750,0.55211,2.07149,0.55211,2.07149,1.00000,0.00000,0,0.00027
34.7051,0.22235,-0.51049,-0.77765,-0.51049,-0.77997,-0.44186,0.02843,1.86510,0.57442,2.17440,0.57442,2.17440,1.00000,0.00000,0,0.00026
34.8083,0.18642,-0.54196,-0.81358,-0.54196,-0.80699,-0.52151,0.04438,1.87506,0.60927,2.24011,0.60927,2.24011,1.00000,0.00000,0,0.00028
34.9115,0.19163,-0.57449,-0.80837,-0.57449,-0.80642,-0.56070,0.06050,1.88603,0.62500,2.27852,0.62500,2.27852,1.00000,0.00000,0,0.00025
35.0138,0.19555,-0.59488,-0.80445,-0.59488,-0.80467,-0.58478,0.07661,1.89754,0.63988,2.30688,0.63988,2.30688,1.00000,0.00000,0,0.00028
35.1199,0.20047,-0.62500,-0.79953,-0.62500,-0.80147,-0.61132,0.09268,1.90954,0.65371,2.33746,0.65371,2.33746,1.00000,0.00000,0,0.00029
35.2204,0.21373,-0.64611,-0.78627,-0.64611,-0.79188,-0.63659,0.10860,1.92208,0.66292,2.36769,0.66292,2.36769,1.00000,0.00000,0,0.00027
35.3214,0.21802,-0.67397,-0.78198,-0.67397,-0.78488,-0.66067,0.12435,1.93509,0.67376,2.39755,0.67376,2.39755,1.00000,0.00000,0,0.00030
35.4232,0.20753,-0.85677,-0.79247,-0.85677,-0.77916,-0.75841,0.13991,1.94911,0.68533,2.48000,0.68533,2.48000,1.00000,0.00000,0,0.00036
35.5262,0.27814,-0.88073,-0.72186,-0.88073,-0.75793,-0.84855,0.15550,1.96547,0.68605,2.55946,0.68605,2.55946,1.00000,0.00000,0,0.00029
35.6270,0.33931,-0.95941,-0.66069,-0.95941,-0.69443,-0.92918,0.16991,1.98341,0.65601,2.63384,0.65601,2.63384,1.00000,0.00000,0,0.00026
35.7283,0.39155,-0.98673,-0.60845,-0.98673,-0.63308,-0.96933,0.18301,2.00249,0.62616,2.68102,0.62616,2.68102,1.00000,0.00000,0,0.00028
35.8317,0.46271,-1.01999,-0.53729,-1.01999,-0.57294,-1.00341,0.19498,2.02228,0.59604,2.72467,0.59604,2.72467,1.00000,0.00000,0,0.00026
35.9333,0.70299,-0.98238,-0.29701,-0.98238,-0.39972,-0.99588,0.20469,2.04242,0.48450,2.73953,0.48450,2.73953,1.00000,0.00000,0,0.00075
36.0384,0.72730,-0.98122,-0.27270,-0.98122,-0.30262,-0.98493,0.21136,2.06219,0.42320,2.75164,0.42320,2.75164,1.00000,0.00000,0,0.00034
36.1390,0.74972,-0.98424,-0.25028,-0.98424,-0.26385,-0.98406,0.21689,2.08187,0.40158,2.77072,0.40158,2.77072,1.00000,0.00000,0,0.00036
36.2394,0.77048,-0.98039,-0.22952,-0.98039,-0.23952,-0.98218,0.22186,2.10153,0.38953,2.78905,0.38953,2.78905,1.00000,0.00000,0,0.00031
36.3415,0.80712,-0.97148,-0.19288,-0.97148,-0.21019,-0.97640,0.22631,2.12112,0.37345,2.80460,0.37345,2.80460,1.00000,0.00000,0,0.00032
36.4440,0.97126,-0.92834,-0.02874,-0.92834,-0.10518,-0.94262,0.22951,2.14026,0.30313,2.80009,0.30313,2.80009,1.00000,0.00000,0,0.00025
36.5462,0.97823,-0.91055,-0.02177,-0.91055,-0.04006,-0.91836,0.23033,2.15883,0.25838,2.80168,0.25838,2.80168,1.00000,0.00000,16,0.00029
36.6472,0.99364,-0.89962,-0.00636,-0.89962,-0.01553,-0.90338,0.23033,2.17701,0.24120,2.80937,0.24120,2.80937,1.00000,0.00000,16,0.00033
36.7501,1.04437,-0.87327,0.04437,-0.87327,0.01765,-0.88681,0.23033,2.19491,0.21798,2.81568,0.21798,2.81568,1.00000,0.00000,16,0.00038
36.8511,1.10997,-0.71419,1.10997,-0.71419,0.83938,-0.80185,0.24176,2.21182,-0.34581,2.77312,-0.34581,2.77312,0.00000,0.00000,0,0.00028
36.9548,1.19398,-0.30722,1.19398,-0.30722,1.12973,-0.44559,0.22084,2.22341,-0.56997,2.53532,-0.56997,2.53532,0.00000,0.00000,0,0.00116
37.0550,1.21909,-0.19879,1.21909,-0.19879,1.19803,-0.25718,0.19730,2.22975,-0.64131,2.40978,-0.64131,2.40978,0.00000,0.00000,0,0.00028
37.1567,1.21977,-0.18641,1.21977,-0.18641,1.21364,-0.20072,0.17312,2.23410,-0.67643,2.37461,-0.67643,2.37461,0.00000,0.00000,0,0.00029
37.2579,1.21596,-0.17044,1.21596,-0.17044,1.21692,-0.18061,0.14879,2.23787,-0.70306,2.36429,-0.70306,2.36429,0.00000,0.00000,0,0.00029
37.3601,1.11648,-0.13159,1.11648,-0.13159,1.15447,-0.14498,0.12500,2.24105,-0.68313,2.34254,-0.68313,2.34254,0.00000,0.00000,0,0.00035
37.4631,1.12219,-0.11930,1.12219,-0.11930,1.12933,-0.11849,0.10228,2.24350,-0.68825,2.32644,-0.68825,2.32644,0.00000,0.00000,0,0.00030
37.5656,1.12118,-0.09875,1.12118,-0.09875,1.12107,-0.10259,0.07980,2.24565,-0.70495,2.31746,-0.70495,2.31746,0.00000,0.00000,0,0.00026
37.6665,1.11407,-0.02961,1.11407,-0.02961,1.11688,-0.06292,0.05742,2.24733,-0.72439,2.29138,-0.72439,2.29138,0.00000,0.00000,0,0.00025
37.7697,1.10208,0.02323,1.10208,0.02323,1.10477,0.00489,0.03524,2.24733,-0.73810,2.24391,-0.73810,2.24391,0.00000,0.00000,32,0.00026
37.8721,1.08510,0.04066,1.08510,0.04066,1.09582,0.03041,0.01320,2.24733,-0.75387,2.22604,-0.75387,2.22604,0.00000,0.00000,32,0.00029
37.9735,1.02043,0.12304,1.02043,0.12304,1.04114,0.09268,-0.00808,2.24640,-0.73687,2.18152,-0.73687,2.18152,0.00000,0.00000,0,0.00040
38.0747,1.00986,0.12018,1.00986,0.12018,1.01447,0.11178,-0.02851,2.24433,-0.73864,2.16608,-0.73864,2.16608,0.00000,0.00000,0,0.00029
38.1762,1.00181,0.12179,1.00181,0.12179,1.00461,0.11875,-0.04866,2.24202,-0.75189,2.15890,-0.75189,2.15890,0.00000,0.00000,0,0.00030
38.2778,1.00061,0.12182,1.00061,0.12182,1.00089,0.12108,-0.06870,2.23961,-0.76933,2.15486,-0.76933,2.15486,0.00000,0.00000,0,0.00079
38.3792,0.99656,0.12760,0.99656,0.12760,0.99837,0.12591,-0.08870,2.23713,-0.78756,2.14899,-0.78756,2.14899,0.00000,0.00000,0,0.00026
38.4801,0.99262,0.13525,0.99262,0.13525,0.99427,0.13118,-0.10861,2.23456,-0.80460,2.14273,-0.80460,2.14273,0.00000,0.00000,0,0.00028
38.5819,0.97938,0.14187,0.97938,0.14187,0.98623,0.13919,-0.12842,2.23183,-0.81879,2.13439,-0.81879,2.13439,0.00000,0.00000,0,0.00026
38.6852,0.96729,0.15248,0.96729,0.15248,0.97343,0.14776,-0.14799,2.22895,-0.82939,2.12552,-0.82939,2.12552,0.00000,0.00000,0,0.00036
38.7869,0.91296,0.18646,0.91296,0.18646,0.93900,0.17122,-0.16713,2.22576,-0.82443,2.10590,-0.82443,2.10590,0.00000,0.00000,0,0.00040
38.8876,0.82583,0.22886,0.82583,0.22886,0.85222,0.21301,-0.18481,2.22178,-0.78137,2.07267,-0.78137,2.07267,0.00000,0.00000,0,0.00034
38.9904,0.82008,0.23530,0.82008,0.23530,0.82930,0.23166,-0.20157,2.21723,-0.78208,2.05506,-0.78208,2.05506,0.00000,0.00000,0,0.00033
39.0921,0.81234,0.24103,0.81234,0.24103,0.81784,0.23771,-0.21801,2.21252,-0.79050,2.04612,-0.79050,2.04612,0.00000,0.00000,0,0.00106
39.1922,0.80963,0.24024,0.80963,0.24024,0.81208,0.23974,-0.23429,2.20773,-0.80275,2.03991,-0.80275,2.03991,0.00000,0.00000,0,0.00027
39.2944,0.80219,0.23982,0.80219,0.23982,0.80551,0.23917,-0.25046,2.20294,-0.81431,2.03553,-0.81431,2.03553,0.00000,0.00000,0,0.00027
39.3973,0.79740,0.23877,0.79740,0.23877,0.79984,0.23886,-0.26650,2.19816,-0.82639,2.03096,-0.82639,2.03096,0.00000,0.00000,0,0.00030
39.4999,0.78177,0.23687,0.78177,0.23687,0.78985,0.23738,-0.28240,2.19340,-0.83529,2.02723,-0.83529,2.02723,0.00000,0.00000,0,0.00088
39.6031,0.77736,0.23482,0.77736,0.23482,0.78001,0.23642,-0.29807,2.18866,-0.84408,2.02317,-0.84408,2.02317,0.00000,0.00000,0,0.00109
39.7029,0.76334,0.23373,0.76334,0.23373,0.76859,0.23395,-0.31353,2.18396,-0.85155,2.02020,-0.85155,2.02020,0.00000,0.00000,0,0.00029
39.8091,0.75676,0.23432,-0.24324,0.23432,0.45987,0.23423,-0.33669,2.17928,-0.64951,2.01532,-0.65860,2.01532,1.00000,0.00000,1,0.00030
39.9102,0.73139,0.22693,-0.26861,0.22693,-0.13843,0.23257,-0.33719,2.17459,-0.24030,2.01179,-0.24030,2.01179,1.00000,0.00000,0,0.00038
40.0114,0.71505,0.21812,-0.28495,0.21812,-0.25703,0.22226,-0.33273,2.17007,-0.15281,2.01449,-0.15281,2.01449,1.00000,0.00000,0,0.00028
40.1122,0.70445,0.21029,-0.29555,0.21029,-0.28689,0.21418,-0.32718,2.16572,-0.12636,2.01579,-0.12636,2.01579,1.00000,0.00000,0,0.00032
40.2126,0.68880,0.20434,-0.31120,0.20434,-0.30389,0.20759,-0.32123,2.16151,-0.10851,2.01620,-0.10851,2.01620,1.00000,0.00000,0,0.00029
40.3138,0.67341,0.19736,-0.32659,0.19736,-0.31840,0.20075,-0.31499,2.15744,-0.09211,2.01691,-0.09211,2.01691,1.00000,0.00000,0,0.00029
40.4142,0.61215,0.16898,-0.38785,0.16898,-0.36227,0.18018,-0.30817,2.15364,-0.05458,2.02751,-0.05458,2.02751,1.00000,0.00000,0,0.00034
40.5172,0.59149,0.14136,-0.40851,0.14136,-0.39755,0.15249,-0.30044,2.15037,-0.02216,2.04363,-0.02216,2.04363,1.00000,0.00000,0,0.00025
40.6183,0.58395,0.11599,-0.41605,0.11599,-0.41301,0.12895,-0.29227,2.14760,-0.00316,2.05734,-0.00316,2.05734,1.00000,0.00000,0,0.00032
40.7213,0.57688,0.01432,-0.42312,0.01432,-0.41911,0.06845,-0.28394,2.14560,0.00943,2.09768,0.00943,2.09768,1.00000,0.00000,0,0.00029
40.8226,0.56189,-0.05400,-0.43811,-0.05400,-0.42472,-0.01663,-0.27559,2.14540,0.02171,2.15704,0.02171,2.15704,1.00000,0.00000,32,0.00031
40.9262,0.57958,-0.12346,-0.42042,-0.12346,-0.42286,-0.08103,-0.26706,2.14597,0.02894,2.20269,0.02894,2.20269,1.00000,0.00000,0,0.00028
41.0267,0.57634,-0.17644,-0.42366,-0.17644,-0.43433,-0.15728,-0.25837,2.14866,0.04567,2.25875,0.04567,2.25875,1.00000,0.00000,0,0.00025
41.1285,0.57426,-0.18538,-0.42574,-0.18538,-0.43201,-0.18124,-0.24970,2.15214,0.05271,2.27901,0.05271,2.27901,1.00000,0.00000,0,0.00026
41.2294,0.57676,-0.19356,-0.42324,-0.19356,-0.42545,-0.19001,-0.24115,2.15588,0.05666,2.28888,0.05666,2.28888,1.00000,0.00000,0,0.00030
41.3310,0.57920,-0.19907,-0.42080,-0.19907,-0.42350,-0.19663,-0.23267,2.15976,0.06378,2.29740,0.06378,2.29740,1.00000,0.00000,0,0.00033
41.4323,0.58251,-0.20940,-0.41749,-0.20940,-0.41862,-0.20499,-0.22427,2.16379,0.06876,2.30728,0.06876,2.30728,1.00000,0.00000,0,0.00026
41.5352,0.59151,-0.21521,-0.40849,-0.21521,-0.41182,-0.21125,-0.21598,2.16796,0.07229,2.31584,0.07229,2.31584,1.00000,0.00000,0,0.00033
41.6367,0.59276,-0.22328,-0.40724,-0.22328,-0.40817,-0.22019,-0.20779,2.17230,0.07793,2.32644,0.07793,2.32644,1.00000,0.00000,0,0.00029
41.7390,0.58758,-0.22389,-0.41242,-0.22389,-0.41025,-0.22265,-0.19961,2.17674,0.08756,2.33260,0.08756,2.33260,1.00000,0.00000,0,0.00029
41.8398,0.59181,-0.22867,-0.40819,-0.22867,-0.41087,-0.22667,-0.19139,2.18124,0.09622,2.33991,0.09622,2.33991,1.00000,0.00000,0,0.00029
41.9415,0.58813,-0.23445,-0.41187,-0.23445,-0.41139,-0.23254,-0.18317,2.18585,0.10480,2.34863,0.10480,2.34863,1.00000,0.00000,0,0.00032
42.0469,0.59016,-0.24351,-0.40984,-0.24351,-0.41044,-0.23898,-0.17495,2.19057,0.11236,2.35786,0.11236,2.35786,1.00000,0.00000,0,0.00025
42.1488,0.59072,-0.25017,-0.40928,-0.25017,-0.40981,-0.24697,-0.16675,2.19545,0.12012,2.36833,0.12012,2.36833,1.00000,0.00000,0,0.00026
42.2524,0.59410,-0.25582,-0.40590,-0.25582,-0.40827,-0.25256,-0.15856,2.20046,0.12723,2.37725,0.12723,2.37725,1.00000,0.00000,0,0.00025
42.3549,0.59024,-0.26365,-0.40976,-0.26365,-0.40890,-0.26034,-0.15039,2.20560,0.13585,2.38784,0.13585,2.38784,1.00000,0.00000,0,0.00035
42.4555,0.59125,-0.27233,-0.40875,-0.27233,-0.40862,-0.26931,-0.14221,2.21092,0.14383,2.39944,0.14383,2.39944,1.00000,0.00000,0,0.00026
42.5558,0.59394,-0.27588,-0.40606,-0.27588,-0.40718,-0.27381,-0.13405,2.21637,0.15097,2.40803,0.15097,2.40803,1.00000,0.00000,0,0.00025
42.6580,0.59774,-0.28127,-0.40226,-0.28127,-0.40463,-0.27927,-0.12593,2.22191,0.15731,2.41740,0.15731,2.41740,1.00000,0.00000,0,0.00031
42.7591,0.60248,-0.28968,-0.39752,-0.28968,-0.40020,-0.28588,-0.11788,2.22757,0.16225,2.42769,0.16225,2.42769,1.00000,0.00000,0,0.00026
42.8594,0.60420,-0.29876,0.60420,-0.29876,0.36290,-0.29373,-0.10885,2.23338,-0.36288,2.43899,-0.36288,2.43899,0.00000,0.00000,0,0.00025
42.9610,0.60779,-0.30322,0.60779,-0.30322,0.56625,-0.30100,-0.11909,2.23935,-0.51547,2.45005,-0.51547,2.45005,0.00000,0.00000,0,0.00029
43.0654,0.61284,-0.30001,0.61284,-0.30001,0.60468,-0.30058,-0.13097,2.24538,-0.55424,2.45578,-0.55424,2.45578,0.00000,0.00000,0,0.00079
43.1676,0.61635,-0.29583,0.61635,-0.29583,0.61331,-0.29714,-0.14318,2.25135,-0.57249,2.45935,-0.57249,2.45935,0.00000,0.00000,0,0.00101
43.2695,0.61305,-0.28908,0.61305,-0.28908,0.61358,-0.29129,-0.15544,2.25722,-0.58495,2.46112,-0.58495,2.46112,0.00000,0.00000,0,0.00027
43.3721,0.61645,-0.27238,0.61645,-0.27238,0.61528,-0.27999,-0.16773,2.26292,-0.59843,2.45892,-0.59843,2.45892,0.00000,0.00000,0,0.00028
43.4748,0.61355,-0.25789,0.61355,-0.25789,0.61404,-0.26481,-0.18003,2.26834,-0.60986,2.45371,-0.60986,2.45371,0.00000,0.00000,0,0.00033
43.5773,0.62709,-0.19616,0.62709,-0.19616,0.62054,-0.22333,-0.19237,2.27321,-0.62674,2.42954,-0.62674,2.42954,0.00000,0.00000,0,0.00032
43.6804,0.63920,-0.14749,0.63920,-0.14749,0.63031,-0.17547,-0.20489,2.27712,-0.64610,2.39995,-0.64610,2.39995,0.00000,0.00000,0,0.00101
43.7800,0.69598,-0.09619,0.69598,-0.09619,0.67564,-0.12172,-0.21803,2.27997,-0.69098,2.36518,-0.69098,2.36518,0.00000,0.00000,0,0.00027
43.8817,0.72854,-0.07341,0.72854,-0.07341,0.71622,-0.08910,-0.23210,2.28200,-0.73345,2.34437,-0.73345,2.34437,0.00000,0.00000,0,0.00027
43.9861,0.73213,-0.06147,0.73213,-0.06147,0.72896,-0.06935,-0.24658,2.28354,-0.75686,2.33209,-0.75686,2.33209,0.00000,0.00000,0,0.00045
44.0867,0.74520,-0.04858,0.74520,-0.04858,0.73905,-0.05421,-0.26127,2.28474,-0.77861,2.32268,-0.77861,2.32268,0.00000,0.00000,0,0.00035
44.1872,0.79704,0.00396,0.79704,0.00396,0.77599,-0.01881,-0.27644,2.28494,-0.81963,2.29811,-0.81963,2.29811,0.00000,0.00000,32,0.00033
44.2897,0.80669,0.03398,0.80669,0.03398,0.80081,0.01561,-0.29231,2.28494,-0.85287,2.27401,-0.85287,2.27401,0.00000,0.00000,32,0.00045
44.3913,0.80256,0.13537,0.80256,0.13537,0.80261,0.09448,-0.30837,2.28402,-0.87019,2.21789,-0.87019,2.21789,0.00000,0.00000,0,0.00111
44.4937,0.80450,0.14733,0.80450,0.14733,0.80544,0.13617,-0.32446,2.28155,-0.88827,2.18623,-0.88827,2.18623,0.00000,0.00000,0,0.00038
44.5965,0.81249,0.15506,0.81249,0.15506,0.80836,0.14981,-0.34059,2.27866,-0.90644,2.17379,-0.90644,2.17379,0.00000,0.00000,0,0.00030
44.6967,0.81012,0.15851,0.81012,0.15851,0.80860,0.15646,-0.35675,2.27557,-0.92277,2.16606,-0.92277,2.16606,0.00000,0.00000,0,0.00025
44.7973,0.80958,0.16277,0.80958,0.16277,0.80976,0.16103,-0.37293,2.27239,-0.93976,2.15967,-0.93976,2.15967,0.00000,0.00000,0,0.00026
44.8996,0.80959,0.16925,0.80959,0.16925,0.80765,0.16587,-0.38909,2.26912,-0.95444,2.15301,-0.95444,2.15301,0.00000,0.00000,0,0.00092
44.9996,0.81044,0.17811,0.81044,0.17811,0.81051,0.17377,-0.40528,2.26571,-0.97264,2.14408,-0.97264,2.14408,0.00000,0.00000,0,0.00027
45.1010,0.81635,0.19100,0.81635,0.19100,0.81381,0.18478,-0.42153,2.26211,-0.99120,2.13277,-0.99120,2.13277,0.00000,0.00000,0,0.00026
45.2024,0.81409,0.20392,0.81409,0.20392,0.81493,0.19777,-0.43783,2.25827,-1.00828,2.11983,-1.00828,2.11983,0.00000,0.00000,0,0.00032
45.3040,0.81582,0.22017,0.81582,0.22017,0.81593,0.21267,-0.45414,2.25414,-1.02529,2.10527,-1.02529,2.10527,0.00000,0.00000,0,0.00046
45.4091,0.81892,0.26416,0.81892,0.26416,0.81828,0.24434,-0.47049,2.24955,-1.04329,2.07851,-1.04329,2.07851,0.00000,0.00000,0,0.00107
45.5092,0.75893,0.37657,0.75893,0.37657,0.78881,0.32692,-0.48660,2.24377,-1.03877,2.01493,-1.03877,2.01493,0.00000,0.00000,0,0.00029
45.6105,0.75003,0.42548,0.75003,0.42548,0.75931,0.39937,-0.50196,2.23631,-1.03348,1.95675,-1.03348,1.95675,0.00000,0.00000,0,0.00035
45.7129,0.74726,0.49155,0.74726,0.49155,0.74936,0.46105,-0.51700,2.22762,-1.04155,1.90489,-1.04155,1.90489,0.00000,0.00000,0,0.00030
45.8134,0.73464,0.52072,-0.26536,0.52072,0.44099,0.50450,-0.54085,2.21784,-0.83941,1.86469,-0.84955,1.86469,1.00000,0.00000,1,0.00028
45.9153,0.72636,0.53474,-0.27364,0.53474,-0.15224,0.52876,-0.54107,2.20741,-0.43450,1.83728,-0.43450,1.83728,1.00000,0.00000,0,0.00030
46.0177,0.70370,0.51861,-0.29630,0.51861,-0.26761,0.52385,-0.53638,2.19687,-0.34906,1.83017,-0.34906,1.83017,1.00000,0.00000,0,0.00030
46.1199,0.69220,0.50870,-0.30780,0.50870,-0.29899,0.51375,-0.53060,2.18651,-0.32131,1.82688,-0.32131,1.82688,1.00000,0.00000,0,0.00028
46.2204,0.67950,0.42489,-0.32050,0.42489,-0.31334,0.46723,-0.52444,2.17662,-0.30510,1.84956,-0.30510,1.84956,1.00000,0.00000,0,0.00034
46.3233,0.66296,0.35353,-0.33704,0.35353,-0.34146,0.37725,-0.51773,2.16854,-0.27871,1.90446,-0.27871,1.90446,1.00000,0.00000,0,0.00027
46.4282,0.64240,0.31274,-0.35760,0.31274,-0.35412,0.33146,-0.51076,2.16155,-0.26288,1.92953,-0.26288,1.92953,1.00000,0.00000,0,0.00026
46.5285,0.63494,0.27973,-0.36506,0.27973,-0.35991,0.29570,-0.50364,2.15537,-0.25170,1.94838,-0.25170,1.94838,1.00000,0.00000,0,0.00026
46.6300,0.62420,0.25692,-0.37580,0.25692,-0.37024,0.26837,-0.49632,2.14979,-0.23715,1.96193,-0.23715,1.96193,1.00000,0.00000,0,0.00035
46.7306,0.61750,0.23223,-0.38250,0.23223,-0.37839,0.24422,-0.48881,2.14470,-0.22393,1.97375,-0.22393,1.97375,1.00000,0.00000,0,0.00026
46.8321,0.61091,0.17649,-0.38909,0.17649,-0.38665,0.20200,-0.48114,2.14028,-0.21048,1.99888,-0.21048,1.99888,1.00000,0.00000,0,0.00026
46.9347,0.56786,0.07413,-0.43214,0.07413,-0.40769,0.12720,-0.47324,2.13705,-0.18786,2.04801,-0.18786,2.04801,1.00000,0.00000,0,0.00041
47.0363,0.53885,-0.03663,-0.46115,-0.03663,-0.44057,0.00982,-0.46470,2.13613,-0.15630,2.12925,-0.15630,2.12925,1.00000,0.00000,32,0.00036
47.1376,0.54923,-0.08964,-0.45077,-0.08964,-0.45131,-0.05516,-0.45566,2.13635,-0.13974,2.17496,-0.13974,2.17496,1.00000,0.00000,0,0.00052
47.2393,0.54585,-0.15301,-0.45415,-0.15301,-0.46458,-0.13338,-0.44638,2.13853,-0.12118,2.23190,-0.12118,2.23190,1.00000,0.00000,0,0.00033
47.3418,0.55554,-0.16561,-0.44446,-0.16561,-0.45196,-0.15878,-0.43726,2.14155,-0.12089,2.25269,-0.12089,2.25269,1.00000,0.00000,0,0.00038
47.4438,0.56054,-0.16850,-0.43946,-0.16850,-0.44278,-0.16733,-0.42836,2.14484,-0.11841,2.26197,-0.11841,2.26197,1.00000,0.00000,0,0.00030
47.5467,0.56347,-0.16930,-0.43653,-0.16930,-0.43815,-0.16805,-0.41956,2.14818,-0.11286,2.26582,-0.11286,2.26582,1.00000,0.00000,0,0.00100
47.6467,0.56787,-0.16687,-0.43213,-0.16687,-0.43355,-0.16739,-0.41087,2.15154,-0.10738,2.26871,-0.10738,2.26871,1.00000,0.00000,0,0.00030
47.7493,0.56879,-0.16606,-0.43121,-0.16606,-0.43277,-0.16672,-0.40220,2.15488,-0.09926,2.27158,-0.09926,2.27158,1.00000,0.00000,0,0.00025
47.8506,0.56815,-0.17051,-0.43185,-0.17051,-0.43200,-0.16909,-0.39356,2.15824,-0.09116,2.27660,-0.09116,2.27660,1.00000,0.00000,0,0.00033
47.9532,0.57189,-0.17298,-0.42811,-0.17298,-0.42993,-0.17199,-0.38494,2.16166,-0.08399,2.28205,-0.08399,2.28205,1.00000,0.00000,0,0.00027
48.0549,0.57038,-0.17871,-0.42962,-0.17871,-0.42915,-0.17648,-0.37636,2.16515,-0.07595,2.28868,-0.07595,2.28868,1.00000,0.00000,0,0.00031
48.1575,0.57090,-0.18252,-0.42910,-0.18252,-0.42925,-0.18060,-0.36777,2.16873,-0.06729,2.29515,-0.06729,2.29515,1.00000,0.00000,0,0.00039
48.2589,0.56567,-0.18766,-0.43433,-0.18766,-0.43179,-0.18516,-0.35916,2.17240,-0.05690,2.30201,-0.05690,2.30201,1.00000,0.00000,0,0.00030
48.3608,0.56660,-0.19083,-0.43340,-0.19083,-0.43442,-0.18928,-0.35048,2.17616,-0.04639,2.30865,-0.04639,2.30865,1.00000,0.00000,0,0.00032
48.4620,0.56621,-0.19597,-0.43379,-0.19597,-0.43494,-0.19355,-0.34178,2.17999,-0.03732,2.31547,-0.03732,2.31547,1.00000,0.00000,0,0.00026
48.5634,0.56345,-0.20125,-0.43655,-0.20125,-0.43517,-0.19828,-0.33308,2.18391,-0.02846,2.32270,-0.02846,2.32270,1.00000,0.00000,0,0.00043
48.6651,0.56679,-0.20570,-0.43321,-0.20570,-0.43448,-0.20349,-0.32437,2.18794,-0.02023,2.33039,-0.02023,2.33039,1.00000,0.00000,0,0.00026
48.7663,0.56770,-0.20864,-0.43230,-0.20864,-0.43259,-0.20679,-0.31571,2.19205,-0.01290,2.33681,-0.01290,2.33681,1.00000,0.00000,0,0.00028
48.8685,0.57061,-0.21055,0.57061,-0.21055,0.32917,-0.20983,-0.30625,2.19623,-0.53667,2.34311,-0.53667,2.34311,0.00000,0.00000,0,0.00030
48.9697,0.57516,-0.19006,0.57516,-0.19006,0.53295,-0.19852,-0.31582,2.20032,-0.68888,2.33929,-0.68888,2.33929,0.00000,0.00000,0,0.00032
49.0710,0.57627,-0.17083,0.57627,-0.17083,0.56815,-0.18140,-0.32699,2.20410,-0.72469,2.33107,-0.72469,2.33107,0.00000,0.00000,0,0.00028
49.1723,0.58993,-0.11899,0.58993,-0.11899,0.58273,-0.14013,-0.33853,2.20728,-0.74644,2.30537,-0.74644,2.30537,0.00000,0.00000,0,0.00032
49.2746,0.58686,-0.07538,0.58686,-0.07538,0.58525,-0.09643,-0.35021,2.20956,-0.75989,2.27706,-0.75989,2.27706,0.00000,0.00000,0,0.00028
49.3762,0.59334,-0.03508,0.59334,-0.03508,0.59203,-0.04959,-0.36201,2.21067,-0.77643,2.24538,-0.77643,2.24538,0.00000,0.00000,32,0.00026
49.4768,0.59249,-0.02633,0.59249,-0.02633,0.59266,-0.03210,-0.37386,2.21067,-0.78872,2.23314,-0.78872,2.23314,0.00000,0.00000,32,0.00026
49.5793,0.59375,-0.02052,0.59375,-0.02052,0.59311,-0.02395,-0.38571,2.21067,-0.80089,2.22743,-0.80089,2.22743,0.00000,0.00000,32,0.00097
49.6814,0.59621,-0.01074,0.59621,-0.01074,0.59506,-0.01510,-0.39759,2.21067,-0.81414,2.22123,-0.81414,2.22123,0.00000,0.00000,32,0.00031
49.7816,0.61983,0.01196,0.61983,0.01196,0.61140,0.00116,-0.40968,2.21067,-0.83766,2.20986,-0.83766,2.20986,0.00000,0.00000,32,0.00026
49.8851,0.64050,0.05785,0.64050,0.05785,0.62923,0.03292,-0.42210,2.21067,-0.86256,2.18762,-0.86256,2.18762,0.00000,0.00000,32,0.00034
49.9864,0.66378,0.13954,0.66378,0.13954,0.65613,0.10562,-0.43504,2.20935,-0.89433,2.13541,-0.89433,2.13541,0.00000,0.00000,0,0.00035
50.0867,0.66888,0.14983,0.66888,0.14983,0.66647,0.14112,-0.44830,2.20674,-0.91483,2.10795,-0.91483,2.10795,0.00000,0.00000,0,0.00032
50.1879,0.66492,0.15935,0.66492,0.15935,0.66540,0.15518,-0.46161,2.20372,-0.92739,2.09509,-0.92739,2.09509,0.00000,0.00000,0,0.00030
50.2911,0.66507,0.16519,0.66507,0.16519,0.66475,0.16207,-0.47491,2.20054,-0.94023,2.08709,-0.94023,2.08709,0.00000,0.00000,0,0.00100
50.3930,0.66064,0.17035,0.66064,0.17035,0.66200,0.16796,-0.48818,2.19722,-0.95157,2.07964,-0.95157,2.07964,0.00000,0.00000,0,0.00031
50.4939,0.66267,0.17593,0.66267,0.17593,0.66221,0.17316,-0.50141,2.19380,-0.96496,2.07259,-0.96496,2.07259,0.00000,0.00000,0,0.00027
50.5964,0.66345,0.18697,0.66345,0.18697,0.66290,0.18258,-0.51466,2.19023,-0.97869,2.06242,-0.97869,2.06242,0.00000,0.00000,0,0.00028
50.6969,0.64735,0.20799,0.64735,0.20799,0.65598,0.19741,-0.52787,2.18641,-0.98706,2.04822,-0.98706,2.04822,0.00000,0.00000,0,0.00056
50.7980,0.62271,0.23314,0.62271,0.23314,0.62817,0.22064,-0.54063,2.18219,-0.98035,2.02774,-0.98035,2.02774,0.00000,0.00000,0,0.00029
50.8999,0.61534,0.24437,0.61534,0.24437,0.61822,0.23656,-0.55305,2.17759,-0.98580,2.01200,-0.98580,2.01200,0.00000,0.00000,0,0.00039
51.0017,0.61776,0.26044,0.61776,0.26044,0.61784,0.25226,-0.56541,2.17267,-0.99790,1.99609,-0.99790,1.99609,0.00000,0.00000,0,0.00024
51.1055,0.61612,0.28875,0.61612,0.28875,0.61623,0.27522,-0.57774,2.16737,-1.00910,1.97472,-1.00910,1.97472,0.00000,0.00000,0,0.00027
51.2078,0.62002,0.34575,0.62002,0.34575,0.61882,0.31984,-0.59010,2.16137,-1.02327,1.93748,-1.02327,1.93748,0.00000,0.00000,0,0.00084
51.3120,0.61270,0.39606,0.61270,0.39606,0.61700,0.37152,-0.60247,2.15436,-1.03437,1.89429,-1.03437,1.89429,0.00000,0.00000,0,0.00029
51.4147,0.57121,0.45303,0.57121,0.45303,0.59042,0.42439,-0.61455,2.14633,-1.02785,1.84925,-1.02785,1.84925,0.00000,0.00000,0,0.00031
51.5158,0.51103,0.53515,0.51103,0.53515,0.53851,0.49613,-0.62579,2.13700,-1.00275,1.78971,-1.00275,1.78971,0.00000,0.00000,0,0.00026
51.6161,0.49265,0.55790,0.49265,0.55790,0.50556,0.54290,-0.63613,2.12642,-0.99002,1.74639,-0.99002,1.74639,0.00000,0.00000,0,0.00026
51.7173,0.48615,0.56595,0.48615,0.56595,0.49048,0.56029,-0.64604,2.11533,-0.98938,1.72312,-0.98938,1.72312,0.00000,0.00000,0,0.00037
51.8187,0.47766,0.57150,-0.52234,0.57150,0.18090,0.56798,-0.66478,2.10402,-0.78116,1.70643,-0.79140,1.70643,1.00000,0.00000,1,0.00027
51.9193,0.47002,0.57151,-0.52998,0.57151,-0.40924,0.57077,-0.65986,2.09262,-0.37339,1.69308,-0.37339,1.69308,1.00000,0.00000,0,0.00025
52.0214,0.46582,0.56671,-0.53418,0.56671,-0.51253,0.57021,-0.65018,2.08120,-0.29141,1.68205,-0.29141,1.68205,1.00000,0.00000,0,0.00026
52.1254,0.43617,0.45127,-0.56383,0.45127,-0.54650,0.50034,-0.63953,2.07047,-0.25699,1.72023,-0.25699,1.72023,1.00000,0.00000,0,0.00099
52.2273,0.43469,0.44512,-0.56531,0.44512,-0.56070,0.45699,-0.62838,2.06109,-0.23589,1.74119,-0.23589,1.74119,1.00000,0.00000,0,0.00059
52.3290,0.39982,0.40332,-0.60018,0.40332,-0.58905,0.42055,-0.61683,2.05239,-0.20449,1.75800,-0.20449,1.75800,1.00000,0.00000,0,0.00029
52.4318,0.38876,0.36715,-0.61124,0.36715,-0.60480,0.38338,-0.60484,2.04444,-0.18148,1.77608,-0.18148,1.77608,1.00000,0.00000,0,0.00026
52.5327,0.38395,0.34285,-0.61605,0.34285,-0.61421,0.35479,-0.59261,2.03713,-0.16267,1.78878,-0.16267,1.78878,1.00000,0.00000,0,0.00025
52.6372,0.37849,0.29473,-0.62151,0.29473,-0.61937,0.31863,-0.58027,2.03041,-0.14671,1.80737,-0.14671,1.80737,1.00000,0.00000,0,0.00259
52.7365,0.37111,0.20778,-0.62889,0.20778,-0.62234,0.25077,-0.56787,2.02478,-0.13224,1.84924,-0.13224,1.84924,1.00000,0.00000,0,0.00033
52.8374,0.36352,0.10579,-0.63648,0.10579,-0.62695,0.15447,-0.55541,2.02098,-0.11654,1.91285,-0.11654,1.91285,1.00000,0.00000,0,0.00030
52.9387,0.36219,0.08509,-0.63781,0.08509,-0.63952,0.09923,-0.54262,2.01866,-0.09496,1.94920,-0.09496,1.94920,1.00000,0.00000,0,0.00028
53.0399,0.33987,-0.00638,-0.66013,-0.00638,-0.64970,0.03646,-0.52975,2.01743,-0.07496,1.99191,-0.07496,1.99191,1.00000,0.00000,32,0.00038
53.1403,0.34929,-0.02361,-0.65071,-0.02361,-0.65319,-0.00999,-0.51665,2.01743,-0.05941,2.02443,-0.05941,2.02443,1.00000,0.00000,32,0.00032
53.2435,0.36498,-0.04002,-0.63502,-0.04002,-0.64273,-0.03128,-0.50367,2.01743,-0.05376,2.03933,-0.05376,2.03933,1.00000,0.00000,32,0.00037
53.3465,0.38305,-0.05734,-0.61695,-0.05734,-0.62643,-0.05030,-0.49100,2.01763,-0.05250,2.05285,-0.05250,2.05285,1.00000,0.00000,0,0.00032
53.4475,0.40405,-0.07205,-0.59595,-0.07205,-0.60629,-0.06543,-0.47870,2.01882,-0.05430,2.06463,-0.05430,2.06463,1.00000,0.00000,0,0.00037
53.5489,0.42447,-0.08395,-0.57553,-0.08395,-0.58565,-0.07865,-0.46682,2.02030,-0.05686,2.07536,-0.05686,2.07536,1.00000,0.00000,0,0.00026
53.6512,0.44065,-0.09860,-0.55935,-0.09860,-0.56673,-0.09222,-0.45534,2.02204,-0.05864,2.08660,-0.05864,2.08660,1.00000,0.00000,0,0.00040
53.7526,0.44528,-0.11035,-0.55472,-0.11035,-0.55778,-0.10546,-0.44412,2.02405,-0.05367,2.09788,-0.05367,2.09788,1.00000,0.00000,0,0.00026
53.8553,0.45361,-0.11633,-0.54639,-0.11633,-0.55025,-0.11304,-0.43306,2.02625,-0.04788,2.10537,-0.04788,2.10537,1.00000,0.00000,0,0.00031
53.9562,0.45810,-0.11921,-0.54190,-0.11921,-0.54476,-0.11754,-0.42212,2.02857,-0.04079,2.11085,-0.04079,2.11085,1.00000,0.00000,0,0.00034
54.0564,0.46466,-0.12716,-0.53534,-0.12716,-0.53938,-0.12379,-0.41128,2.03100,-0.03372,2.11765,-0.03372,2.11765,1.00000,0.00000,0,0.00026
54.1576,0.46526,-0.13575,-0.53474,-0.13575,-0.53584,-0.13179,-0.40055,2.03356,-0.02546,2.12582,-0.02546,2.12582,1.00000,0.00000,0,0.00034
54.2623,0.46897,-0.14407,-0.53103,-0.14407,-0.53253,-0.14036,-0.38987,2.03630,-0.01710,2.13455,-0.01710,2.13455,1.00000,0.00000,0,0.00246
54.3605,0.47271,-0.14956,-0.52729,-0.14956,-0.52916,-0.14680,-0.37926,2.03919,-0.00885,2.14195,-0.00885,2.14195,1.00000,0.00000,0,0.00030
54.4614,0.47003,-0.15578,-0.52997,-0.15578,-0.52981,-0.15352,-0.36867,2.04221,0.00219,2.14968,0.00219,2.14968,1.00000,0.00000,0,0.00027
54.5630,0.46972,-0.15971,-0.53028,-0.15971,-0.53006,-0.15766,-0.35808,2.04533,0.01296,2.15569,0.01296,2.15569,1.00000,0.00000,0,0.00030
54.6635,0.47405,-0.16531,-0.52595,-0.16531,-0.52815,-0.16332,-0.34749,2.04855,0.02221,2.16288,0.02221,2.16288,1.00000,0.00000,0,0.00027
54.7676,0.47640,-0.16833,-0.52360,-0.16833,-0.52491,-0.16664,-0.33696,2.05186,0.03048,2.16851,0.03048,2.16851,1.00000,0.00000,0,0.00026
54.8695,0.48334,-0.17379,0.48334,-0.17379,-0.00875,-0.17067,-0.32013,2.05524,-0.31400,2.17470,-0.31400,2.17470,0.00000,0.00000,16,0.00027
54.9707,0.48807,-0.16848,0.48807,-0.16848,0.40358,-0.17186,-0.32599,2.05869,-0.60850,2.17899,-0.60850,2.17899,0.00000,0.00000,0,0.00033
55.0742,0.49071,-0.15431,0.49071,-0.15431,0.47427,-0.16062,-0.33511,2.06200,-0.66710,2.17443,-0.66710,2.17443,0.00000,0.00000,0,0.00030
55.1749,0.48928,-0.13552,0.48928,-0.13552,0.48692,-0.14543,-0.34478,2.06505,-0.68562,2.16685,-0.68562,2.16685,0.00000,0.00000,0,0.00027
55.2779,0.49993,-0.07752,0.49993,-0.07752,0.49775,-0.09697,-0.35465,2.06737,-0.70308,2.13524,-0.70308,2.13524,0.00000,0.00000,0,0.00027
55.3800,0.50743,-0.02568,0.50743,-0.02568,0.50214,-0.05087,-0.36464,2.06878,-0.71614,2.10438,-0.71614,2.10438,0.00000,0.00000,0,0.00028
55.4809,0.50256,-0.00726,0.50256,-0.00726,0.50541,-0.01658,-0.37475,2.06878,-0.72854,2.08038,-0.72854,2.08038,0.00000,0.00000,32,0.00033
55.5819,0.50633,-0.00135,0.50633,-0.00135,0.50564,-0.00484,-0.38486,2.06878,-0.73881,2.07216,-0.73881,2.07216,0.00000,0.00000,32,0.00035
55.6849,0.50618,0.00684,0.50618,0.00684,0.50539,0.00299,-0.39496,2.06878,-0.74873,2.06668,-0.74873,2.06668,0.00000,0.00000,32,0.00037
55.7883,0.50916,0.01501,0.50916,0.01501,0.50919,0.01131,-0.40513,2.06878,-0.76156,2.06086,-0.76156,2.06086,0.00000,0.00000,32,0.00058
55.8891,0.51077,0.02181,0.51077,0.02181,0.50977,0.01894,-0.41532,2.06878,-0.77215,2.05552,-0.77215,2.05552,0.00000,0.00000,32,0.00030
55.9911,0.51046,0.02954,0.51046,0.02954,0.51115,0.02607,-0.42553,2.06878,-0.78334,2.05052,-0.78334,2.05052,0.00000,0.00000,32,0.00032
56.0933,0.51239,0.04487,0.51239,0.04487,0.51204,0.03849,-0.43577,2.06878,-0.79420,2.04183,-0.79420,2.04183,0.00000,0.00000,32,0.00048
56.1950,0.50916,0.08935,0.50916,0.08935,0.51009,0.06840,-0.44598,2.06805,-0.80305,2.02017,-0.80305,2.02017,0.00000,0.00000,0,0.00026
56.2958,0.49932,0.14858,0.49932,0.14858,0.50346,0.12609,-0.45612,2.06598,-0.80854,1.97772,-0.80854,1.97772,0.00000,0.00000,0,0.00024
56.3978,0.49737,0.15523,0.49737,0.15523,0.50089,0.14920,-0.46617,2.06314,-0.81679,1.95869,-0.81679,1.95869,0.00000,0.00000,0,0.00029
56.4986,0.48094,0.16355,0.48094,0.16355,0.48952,0.15916,-0.47607,2.06003,-0.81873,1.94862,-0.81873,1.94862,0.00000,0.00000,0,0.00026
56.5992,0.46184,0.18567,0.46184,0.18567,0.46499,0.17575,-0.48552,2.05665,-0.81102,1.93362,-0.81102,1.93362,0.00000,0.00000,0,0.00026
56.7011,0.45247,0.18353,0.45247,0.18353,0.45715,0.18213,-0.49473,2.05304,-0.81473,1.92555,-0.81473,1.92555,0.00000,0.00000,0,0.00102
56.8021,0.45214,0.18274,0.45214,0.18274,0.45327,0.18307,-0.50382,2.04938,-0.82111,1.92123,-0.82111,1.92123,0.00000,0.00000,0,0.00027
56.9060,0.45347,0.18428,0.45347,0.18428,0.45331,0.18381,-0.51289,2.04571,-0.83021,1.91704,-0.83021,1.91704,0.00000,0.00000,0,0.00030
57.0067,0.45274,0.18817,0.45274,0.18817,0.45310,0.18641,-0.52195,2.04201,-0.83912,1.91152,-0.83912,1.91152,0.00000,0.00000,0,0.00030
57.1078,0.44867,0.18911,0.44867,0.18911,0.45007,0.18805,-0.53098,2.03826,-0.84603,1.90662,-0.84603,1.90662,0.00000,0.00000,0,0.00025
57.2097,0.44219,0.18705,0.44219,0.18705,0.44519,0.18733,-0.53993,2.03450,-0.85156,1.90337,-0.85156,1.90337,0.00000,0.00000,0,0.00030
57.3104,0.44096,0.18923,0.44096,0.18923,0.44129,0.18853,-0.54878,2.03074,-0.85768,1.89877,-0.85768,1.89877,0.00000,0.00000,0,0.00029
57.4132,0.43992,0.19561,0.43992,0.19561,0.43978,0.19307,-0.55758,2.02692,-0.86542,1.89177,-0.86542,1.89177,0.00000,0.00000,0,0.00027
57.5147,0.44272,0.20029,0.44272,0.20029,0.44168,0.19807,-0.56639,2.02300,-0.87556,1.88435,-0.87556,1.88435,0.00000,0.00000,0,0.00031
57.6174,0.46469,0.22197,0.46469,0.22197,0.45187,0.21233,-0.57528,2.01891,-0.89159,1.87029,-0.89159,1.87029,0.00000,0.00000,0,0.00030
57.7191,0.44632,0.25271,0.44632,0.25271,0.45115,0.24046,-0.58436,2.01435,-0.90017,1.84602,-0.90017,1.84602,0.00000,0.00000,0,0.00026
57.8228,0.41317,0.29238,0.41317,0.29238,0.42943,0.27292,-0.59317,2.00918,-0.89378,1.81814,-0.89378,1.81814,0.00000,0.00000,0,0.00033
57.9258,0.39984,0.30822,-0.60016,0.30822,-0.35180,0.29973,-0.60562,2.00335,-0.35936,1.79354,-0.35936,1.79354,1.00000,0.00000,0,0.00028
58.0268,0.39514,0.30880,-0.60486,0.30880,-0.56112,0.30683,-0.59551,1.99725,-0.20273,1.78247,-0.20273,1.78247,1.00000,0.00000,0,0.00028
58.1288,0.39142,0.30856,-0.60858,0.30856,-0.59996,0.30808,-0.58373,1.99109,-0.16376,1.77544,-0.16376,1.77544,1.00000,0.00000,0,0.00027
58.2301,0.38774,0.30468,-0.61226,0.30468,-0.60924,0.30661,-0.57161,1.98494,-0.14514,1.77031,-0.14514,1.77031,1.00000,0.00000,0,0.00027
58.3311,0.38879,0.29823,-0.61121,0.29823,-0.61158,0.30126,-0.55938,1.97887,-0.13128,1.76799,-0.13128,1.76799,1.00000,0.00000,0,0.00025
58.4326,0.38778,0.29198,-0.61222,0.29198,-0.61197,0.29508,-0.54715,1.97292,-0.11877,1.76636,-0.11877,1.76636,1.00000,0.00000,0,0.00028
58.5355,0.38591,0.28060,-0.61409,0.28060,-0.61314,0.28530,-0.53490,1.96713,-0.10570,1.76742,-0.10570,1.76742,1.00000,0.00000,0,0.00038
58.6367,0.37656,0.26745,-0.62344,0.26745,-0.62026,0.27370,-0.52256,1.96156,-0.08837,1.76997,-0.08837,1.76997,1.00000,0.00000,0,0.00050
58.7383,0.36535,0.22165,-0.63465,0.22165,-0.63010,0.24237,-0.51003,1.95641,-0.06896,1.78675,-0.06896,1.78675,1.00000,0.00000,0,0.00034
58.8398,0.36652,0.13551,-0.63348,0.13551,-0.63611,0.16609,-0.49732,1.95245,-0.05204,1.83618,-0.05204,1.83618,1.00000,0.00000,0,0.00028
58.9437,0.34734,0.06432,-0.65266,0.06432,-0.64739,0.10461,-0.48447,1.94981,-0.03130,1.87659,-0.03130,1.87659,1.00000,0.00000,0,0.00040
59.0460,0.34428,0.03735,-0.65572,0.03735,-0.65627,0.05709,-0.47136,1.94834,-0.01197,1.90838,-0.01197,1.90838,1.00000,0.00000,0,0.00027
59.1498,0.32164,-0.05549,-0.67836,-0.05549,-0.67311,-0.02515,-0.45807,1.94834,0.01311,1.96594,0.01311,1.96594,1.00000,0.00000,32,0.00034
59.2504,0.33202,-0.07559,-0.66798,-0.07559,-0.66756,-0.06122,-0.44470,1.94880,0.02259,1.99166,0.02259,1.99166,1.00000,0.00000,0,0.00030
59.3510,0.35114,-0.09451,-0.64886,-0.09451,-0.65445,-0.08459,-0.43151,1.95032,0.02660,2.00953,0.02660,2.00953,1.00000,0.00000,0,0.00030
59.4525,0.36304,-0.10625,-0.63696,-0.10625,-0.64072,-0.09996,-0.41860,1.95221,0.02991,2.02218,0.02991,2.02218,1.00000,0.00000,0,0.00028
59.5536,0.37648,-0.11993,-0.62352,-0.11993,-0.62866,-0.11343,-0.40592,1.95437,0.03414,2.03376,0.03414,2.03376,1.00000,0.00000,0,0.00026
59.6557,0.38569,-0.13300,-0.61431,-0.13300,-0.61817,-0.12613,-0.39348,1.95678,0.03924,2.04507,0.03924,2.04507,1.00000,0.00000,0,0.00029
59.7565,0.38823,-0.13991,-0.61177,-0.13991,-0.61276,-0.13654,-0.38119,1.95944,0.04774,2.05502,0.04774,2.05502,1.00000,0.00000,0,0.00031
59.8587,0.39092,-0.14941,-0.60908,-0.14941,-0.61002,-0.14465,-0.36898,1.96226,0.05804,2.06352,0.05804,2.06352,1.00000,0.00000,0,0.00127
59.9581,0.39192,-0.15474,-0.60808,-0.15474,-0.60913,-0.15272,-0.35678,1.96527,0.06961,2.07217,0.06961,2.07217,1.00000,0.00000,0,0.00028
60.0599,0.38993,-0.16633,-0.61007,-0.16633,-0.60974,-0.16104,-0.34460,1.96841,0.08222,2.08114,0.08222,2.08114,1.00000,0.00000,0,0.00073
60.1618,0.39179,-0.17348,-0.60821,-0.17348,-0.60840,-0.16994,-0.33242,1.97174,0.09346,2.09070,0.09346,2.09070,1.00000,0.00000,0,0.00099
60.2654,0.39443,-0.18423,-0.60557,-0.18423,-0.60720,-0.17936,-0.32026,1.97525,0.10478,2.10081,0.10478,2.10081,1.00000,0.00000,0,0.00029
60.3667,0.39545,-0.19097,-0.60455,-0.19097,-0.60538,-0.18686,-0.30814,1.97893,0.11563,2.10973,0.11563,2.10973,1.00000,0.00000,0,0.00050
60.4678,0.39601,-0.19866,-0.60399,-0.19866,-0.60337,-0.19576,-0.29606,1.98277,0.12630,2.11980,0.12630,2.11980,1.00000,0.00000,0,0.00030
60.5688,0.40097,-0.20751,-0.59903,-0.20751,-0.60148,-0.20344,-0.28401,1.98678,0.13703,2.12918,0.13703,2.12918,1.00000,0.00000,0,0.00029
60.6697,0.40526,-0.21510,-0.59474,-0.21510,-0.59706,-0.21152,-0.27203,1.99094,0.14592,2.13901,0.14592,2.13901,1.00000,0.00000,0,0.00038
60.7704,0.41080,-0.22121,-0.58920,-0.22121,-0.59147,-0.21837,-0.26016,1.99526,0.15387,2.14812,0.15387,2.14812,1.00000,0.00000,0,0.00026
60.8729,0.41496,-0.22517,0.41496,-0.22517,-0.07737,-0.22250,-0.24234,1.99968,-0.18818,2.15542,-0.18818,2.15542,0.00000,0.00000,0,0.00035
60.9769,0.41816,-0.22719,0.41816,-0.22719,0.33437,-0.22644,-0.24684,2.00418,-0.48089,2.16269,-0.48089,2.16269,0.00000,0.00000,0,0.00186
61.0784,0.42355,-0.22306,0.42355,-0.22306,0.40709,-0.22514,-0.25458,2.00870,-0.53954,2.16630,-0.53954,2.16630,0.00000,0.00000,0,0.00179
61.1780,0.42427,-0.22028,0.42427,-0.22028,0.42122,-0.22179,-0.26292,2.01317,-0.55778,2.16842,-0.55778,2.16842,0.00000,0.00000,0,0.00027
61.2785,0.42609,-0.21105,0.42609,-0.21105,0.42476,-0.21520,-0.27140,2.01753,-0.56873,2.16817,-0.56873,2.16817,0.00000,0.00000,0,0.00024
61.3823,0.42518,-0.20243,0.42518,-0.20243,0.42630,-0.20680,-0.27993,2.02173,-0.57834,2.16649,-0.57834,2.16649,0.00000,0.00000,0,0.00085
61.4823,0.42244,-0.18928,0.42244,-0.18928,0.42387,-0.19573,-0.28843,2.02575,-0.58513,2.16276,-0.58513,2.16276,0.00000,0.00000,0,0.00027
61.5863,0.42953,-0.13302,0.42953,-0.13302,0.42550,-0.15927,-0.29690,2.02930,-0.59475,2.14079,-0.59475,2.14079,0.00000,0.00000,0,0.00064
61.6863,0.43123,-0.09021,0.43123,-0.09021,0.42984,-0.11139,-0.30548,2.03189,-0.60636,2.10986,-0.60636,2.10986,0.00000,0.00000,0,0.00030
61.7884,0.44030,-0.05123,0.44030,-0.05123,0.43628,-0.06731,-0.31414,2.03357,-0.61953,2.08068,-0.61953,2.08068,0.00000,0.00000,0,0.00036
61.8890,0.43786,-0.04329,0.43786,-0.04329,0.43784,-0.04863,-0.32289,2.03446,-0.62938,2.06851,-0.62938,2.06851,0.00000,0.00000,32,0.00030
61.9907,0.43888,-0.03950,0.43888,-0.03950,0.43824,-0.04248,-0.33165,2.03446,-0.63841,2.06420,-0.63841,2.06420,0.00000,0.00000,32,0.00036
62.0921,0.43792,-0.03342,0.43792,-0.03342,0.43793,-0.03654,-0.34040,2.03446,-0.64695,2.06004,-0.64695,2.06004,0.00000,0.00000,32,0.00026
62.1940,0.44020,-0.03002,0.44020,-0.03002,0.43975,-0.03160,-0.34919,2.03446,-0.65701,2.05658,-0.65701,2.05658,0.00000,0.00000,32,0.00036
62.2955,0.44459,-0.02682,0.44459,-0.02682,0.44300,-0.02822,-0.35803,2.03446,-0.66813,2.05421,-0.66813,2.05421,0.00000,0.00000,32,0.00029
62.3967,0.44433,-0.01854,0.44433,-0.01854,0.44376,-0.02220,-0.36689,2.03446,-0.67753,2.05000,-0.67753,2.05000,0.00000,0.00000,32,0.00030
62.4994,0.44543,-0.00942,0.44543,-0.00942,0.44463,-0.01414,-0.37578,2.03446,-0.68702,2.04436,-0.68702,2.04436,0.00000,0.00000,32,0.00039
62.6013,0.44222,-0.00090,0.44222,-0.00090,0.44383,-0.00511,-0.38466,2.03446,-0.69534,2.03804,-0.69534,2.03804,0.00000,0.00000,32,0.00029
62.7070,0.44080,0.02625,0.44080,0.02625,0.44047,0.01239,-0.39349,2.03446,-0.70182,2.02579,-0.70182,2.02579,0.00000,0.00000,32,0.00133
62.8073,0.43409,0.09782,0.43409,0.09782,0.43586,0.06724,-0.40225,2.03398,-0.70735,1.98691,-0.70735,1.98691,0.00000,0.00000,0,0.00027
62.9084,0.42797,0.11346,0.42797,0.11346,0.43071,0.10321,-0.41089,2.03213,-0.71239,1.95988,-0.71239,1.95988,0.00000,0.00000,0,0.00032
63.0098,0.41128,0.13596,0.41128,0.13596,0.41887,0.12284,-0.41937,2.02984,-0.71259,1.94385,-0.71259,1.94385,0.00000,0.00000,0,0.00100
63.1107,0.39434,0.14543,0.39434,0.14543,0.39819,0.13888,-0.42745,2.02719,-0.70618,1.92997,-0.70618,1.92997,0.00000,0.00000,0,0.00036
63.2120,0.39162,0.14366,0.39162,0.14366,0.39302,0.14324,-0.43534,2.02435,-0.71045,1.92408,-0.71045,1.92408,0.00000,0.00000,0,0.00026
63.3124,0.39326,0.14521,0.39326,0.14521,0.39259,0.14509,-0.44319,2.02145,-0.71800,1.91989,-0.71800,1.91989,0.00000,0.00000,0,0.00032
63.4156,0.39552,0.14680,0.39552,0.14680,0.39432,0.14603,-0.45106,2.01854,-0.72708,1.91632,-0.72708,1.91632,0.00000,0.00000,0,0.00025
63.5180,0.39697,0.14511,0.39697,0.14511,0.39590,0.14595,-0.45897,2.01562,-0.73610,1.91345,-0.73610,1.91345,0.00000,0.00000,0,0.00028
63.6188,0.39941,0.14529,0.39941,0.14529,0.39760,0.14537,-0.46690,2.01271,-0.74521,1.91095,-0.74521,1.91095,0.00000,0.00000,0,0.00026
63.7212,0.39868,0.14740,0.39868,0.14740,0.39839,0.14716,-0.47486,2.00977,-0.75374,1.90676,-0.75374,1.90676,0.00000,0.00000,0,0.00025
63.8225,0.39447,0.14922,0.39447,0.14922,0.39571,0.14841,-0.48280,2.00682,-0.75980,1.90293,-0.75980,1.90293,0.00000,0.00000,0,0.00028
63.9259,0.39248,0.14951,-0.60752,0.14951,-0.36576,0.14926,-0.49147,2.00384,-0.23544,1.89936,-0.23544,1.89936,1.00000,0.00000,0,0.00093
64.0272,0.39326,0.14828,-0.60674,0.14828,-0.56748,0.14847,-0.48118,2.00087,-0.08394,1.89694,-0.08394,1.89694,1.00000,0.00000,0,0.00029
64.1281,0.38880,0.14196,-0.61120,0.14196,-0.60287,0.14463,-0.46932,1.99794,-0.04731,1.89670,-0.04731,1.89670,1.00000,0.00000,0,0.00028
64.2288,0.38671,0.13937,-0.61329,0.13937,-0.61071,0.14169,-0.45716,1.99508,-0.02966,1.89589,-0.02966,1.89589,1.00000,0.00000,0,0.00026
64.3305,0.38168,0.13049,-0.61832,0.13049,-0.61542,0.13455,-0.44488,1.99232,-0.01409,1.89814,-0.01409,1.89814,1.00000,0.00000,0,0.00097
64.4363,0.38051,0.12118,-0.61949,0.12118,-0.61822,0.12603,-0.43254,1.98973,0.00021,1.90150,0.00021,1.90150,1.00000,0.00000,0,0.00122
64.5366,0.37864,0.07051,-0.62136,0.07051,-0.61993,0.09654,-0.42015,1.98749,0.01380,1.91991,0.01380,1.91991,1.00000,0.00000,0,0.00036
64.6384,0.37756,-0.03205,-0.62244,-0.03205,-0.61686,0.01025,-0.40782,1.98697,0.02399,1.97979,0.02399,1.97979,1.00000,0.00000,32,0.00030
64.7401,0.38239,-0.05547,-0.61761,-0.05547,-0.62321,-0.03822,-0.39531,1.98697,0.04094,2.01372,0.04094,2.01372,1.00000,0.00000,32,0.00032
64.8435,0.35248,-0.14736,-0.64752,-0.14736,-0.63868,-0.11728,-0.38273,1.98867,0.06435,2.07077,0.06435,2.07077,1.00000,0.00000,0,0.00029
64.9456,0.36571,-0.16129,-0.63429,-0.16129,-0.63260,-0.15044,-0.37008,1.99145,0.07274,2.09676,0.07274,2.09676,1.00000,0.00000,0,0.00034
65.0473,0.37568,-0.17688,-0.62432,-0.17688,-0.62487,-0.16911,-0.35753,1.99470,0.07988,2.11308,0.07988,2.11308,1.00000,0.00000,0,0.00027
65.1485,0.38192,-0.18339,-0.61808,-0.18339,-0.61906,-0.17928,-0.34511,1.99821,0.08823,2.12371,0.08823,2.12371,1.00000,0.00000,0,0.00026
65.2508,0.38628,-0.19144,-0.61372,-0.19144,-0.61460,-0.18702,-0.33278,2.00189,0.09744,2.13280,0.09744,2.13280,1.00000,0.00000,0,0.00027
65.3531,0.39002,-0.20129,-0.60998,-0.20129,-0.61186,-0.19694,-0.32053,2.00574,0.10778,2.14360,0.10778,2.14360,1.00000,0.00000,0,0.00027
65.4566,0.39693,-0.20755,-0.60307,-0.20755,-0.60584,-0.20493,-0.30835,2.00979,0.11573,2.15324,0.11573,2.15324,1.00000,0.00000,0,0.00123
65.5562,0.39865,-0.21391,-0.60135,-0.21391,-0.60180,-0.21113,-0.29629,2.01396,0.12496,2.16175,0.12496,2.16175,1.00000,0.00000,0,0.00027
65.6577,0.39813,-0.22118,-0.60187,-0.22118,-0.60247,-0.21816,-0.28425,2.01827,0.13748,2.17098,0.13748,2.17098,1.00000,0.00000,0,0.00032
65.7590,0.39620,-0.23315,-0.60380,-0.23315,-0.60268,-0.22791,-0.27220,2.02274,0.14967,2.18227,0.14967,2.18227,1.00000,0.00000,0,0.00030
65.8622,0.39589,-0.23623,-0.60411,-0.23623,-0.60419,-0.23368,-0.26013,2.02737,0.16280,2.19095,0.16280,2.19095,1.00000,0.00000,0,0.00029
65.9633,0.39736,-0.24045,-0.60264,-0.24045,-0.60328,-0.23761,-0.24805,2.03208,0.17425,2.19841,0.17425,2.19841,1.00000,0.00000,0,0.00029
66.0666,0.40462,-0.24368,-0.59538,-0.24368,-0.59823,-0.24152,-0.23604,2.03688,0.18272,2.20594,0.18272,2.20594,1.00000,0.00000,0,0.00028
66.1687,0.40474,-0.24496,-0.59526,-0.24496,-0.59481,-0.24339,-0.22413,2.04173,0.19224,2.21210,0.19224,2.21210,1.00000,0.00000,0,0.00069
66.2711,0.41050,-0.24932,-0.58950,-0.24932,-0.59218,-0.24711,-0.21226,2.04664,0.20227,2.21962,0.20227,2.21962,1.00000,0.00000,0,0.00100
66.3752,0.40879,-0.25836,-0.59121,-0.25836,-0.59118,-0.25445,-0.20043,2.05166,0.21339,2.22978,0.21339,2.22978,1.00000,0.00000,0,0.00028
66.4759,0.41019,-0.27216,-0.58981,-0.27216,-0.58938,-0.26567,-0.18863,2.05688,0.22393,2.24285,0.22393,2.24285,1.00000,0.00000,0,0.00029
66.5775,0.41665,-0.32594,-0.58335,-0.32594,-0.58723,-0.29899,-0.17686,2.06251,0.23420,2.27180,0.23420,2.27180,1.00000,0.00000,0,0.00025
66.6797,0.42869,-0.42847,-0.57131,-0.42847,-0.57770,-0.39524,-0.16520,2.06966,0.23919,2.34633,0.23919,2.34633,1.00000,0.00000,0,0.00026
66.7809,0.43190,-0.43599,-0.56810,-0.43599,-0.57473,-0.42507,-0.15366,2.07798,0.24865,2.37553,0.24865,2.37553,1.00000,0.00000,0,0.00031
66.8823,0.43470,-0.44125,0.43470,-0.44125,-0.26818,-0.43781,-0.13367,2.08667,0.04427,2.39314,0.05406,2.39314,0.00000,0.00000,1,0.00030
66.9859,0.44064,-0.44434,0.44064,-0.44434,0.32179,-0.44402,-0.13698,2.09551,-0.36223,2.40633,-0.36223,2.40633,0.00000,0.00000,0,0.00031
67.0875,0.44275,-0.44783,0.44275,-0.44783,0.42176,-0.44736,-0.14488,2.10444,-0.44011,2.41759,-0.44011,2.41759,0.00000,0.00000,0,0.00035
67.1903,0.44759,-0.43854,0.44759,-0.43854,0.44231,-0.44284,-0.15360,2.11335,-0.46322,2.42333,-0.46322,2.42333,0.00000,0.00000,0,0.00035
67.2917,0.44722,-0.40614,0.44722,-0.40614,0.44551,-0.42254,-0.16250,2.12201,-0.47436,2.41779,-0.47436,2.41779,0.00000,0.00000,0,0.00034
67.3920,0.44481,-0.35115,0.44481,-0.35115,0.44491,-0.37125,-0.17141,2.12983,-0.48285,2.38970,-0.48285,2.38970,0.00000,0.00000,0,0.00027
67.4937,0.44950,-0.33181,0.44950,-0.33181,0.44861,-0.34259,-0.18036,2.13688,-0.49439,2.37669,-0.49439,2.37669,0.00000,0.00000,0,0.00026
67.5948,0.45401,-0.29996,0.45401,-0.29996,0.45239,-0.31341,-0.18938,2.14339,-0.50605,2.36278,-0.50605,2.36278,0.00000,0.00000,0,0.00029
67.6953,0.45909,-0.27189,0.45909,-0.27189,0.45781,-0.28504,-0.19849,2.14932,-0.51896,2.34885,-0.51896,2.34885,0.00000,0.00000,0,0.00027
67.7956,0.46931,-0.23266,0.46931,-0.23266,0.46435,-0.25238,-0.20771,2.15466,-0.53276,2.33133,-0.53276,2.33133,0.00000,0.00000,0,0.00023
67.8986,0.48306,-0.16502,0.48306,-0.16502,0.47735,-0.19076,-0.21714,2.15897,-0.55129,2.29250,-0.55129,2.29250,0.00000,0.00000,0,0.00028
67.9993,0.48968,-0.11301,0.48968,-0.11301,0.48536,-0.13790,-0.22679,2.16217,-0.56654,2.25869,-0.56654,2.25869,0.00000,0.00000,0,0.00037
68.1023,0.49321,-0.08141,0.49321,-0.08141,0.49224,-0.09527,-0.23659,2.16436,-0.58116,2.23105,-0.58116,2.23105,0.00000,0.00000,0,0.00041
68.2026,0.52472,-0.05129,0.52472,-0.05129,0.50585,-0.06941,-0.24653,2.16598,-0.60062,2.21457,-0.60062,2.21457,0.00000,0.00000,0,0.00037
68.3069,0.55258,-0.03591,0.55258,-0.03591,0.53953,-0.04729,-0.25708,2.16694,-0.63476,2.20004,-0.63476,2.20004,0.00000,0.00000,32,0.00025
68.4086,0.57783,-0.01273,0.57783,-0.01273,0.57075,-0.02440,-0.26832,2.16694,-0.66784,2.18402,-0.66784,2.18402,0.00000,0.00000,32,0.00032
68.5101,0.57884,0.03958,0.57884,0.03958,0.57640,0.01424,-0.27980,2.16694,-0.68328,2.15697,-0.68328,2.15697,0.00000,0.00000,32,0.00040
68.6114,0.57258,0.11367,0.57258,0.11367,0.57415,0.08931,-0.29132,2.16600,-0.69322,2.10348,-0.69322,2.10348,0.00000,0.00000,0,0.00036
68.7145,0.57617,0.12090,0.57617,0.12090,0.57714,0.11387,-0.30285,2.16388,-0.70685,2.08417,-0.70685,2.08417,0.00000,0.00000,0,0.00030
68.8159,0.57613,0.12705,0.57613,0.12705,0.57702,0.12323,-0.31439,2.16149,-0.71831,2.07522,-0.71831,2.07522,0.00000,0.00000,0,0.00032
68.9194,0.57828,0.12851,0.57828,0.12851,0.57820,0.12678,-0.32595,2.15897,-0.73070,2.07023,-0.73070,2.07023,0.00000,0.00000,0,0.00031
69.0205,0.58094,0.13001,0.58094,0.13001,0.57994,0.12945,-0.33754,2.15640,-0.74350,2.06579,-0.74350,2.06579,0.00000,0.00000,0,0.00027
69.1208,0.58452,0.13485,0.58452,0.13485,0.58278,0.13264,-0.34916,2.15378,-0.75711,2.06093,-0.75711,2.06093,0.00000,0.00000,0,0.00024
69.2263,0.58640,0.13597,0.58640,0.13597,0.58565,0.13490,-0.36086,2.15109,-0.77081,2.05666,-0.77081,2.05666,0.00000,0.00000,0,0.00030
69.3282,0.59015,0.13661,0.59015,0.13661,0.58792,0.13565,-0.37259,2.14839,-0.78413,2.05344,-0.78413,2.05344,0.00000,0.00000,0,0.00025
69.4290,0.58904,0.14084,0.58904,0.14084,0.58871,0.13941,-0.38436,2.14564,-0.79646,2.04805,-0.79646,2.04805,0.00000,0.00000,0,0.00031
69.5299,0.58796,0.14572,0.58796,0.14572,0.58812,0.14356,-0.39613,2.14280,-0.80782,2.04230,-0.80782,2.04230,0.00000,0.00000,0,0.00037
69.6303,0.58738,0.14572,0.58738,0.14572,0.58905,0.14554,-0.40791,2.13990,-0.82025,2.03802,-0.82025,2.03802,0.00000,0.00000,0,0.00033
69.7332,0.58043,0.15879,0.58043,0.15879,0.58450,0.15317,-0.41965,2.13692,-0.82880,2.02970,-0.82880,2.02970,0.00000,0.00000,0,0.00028
69.8348,0.54873,0.18270,0.54873,0.18270,0.56377,0.17124,-0.43114,2.13367,-0.82577,2.01380,-0.82577,2.01380,0.00000,0.00000,0,0.00042
69.9353,0.53689,0.19091,-0.46311,0.19091,-0.11515,0.18751,-0.44756,2.13003,-0.36696,1.99877,-0.36696,1.99877,1.00000,0.00000,0,0.00040
70.0373,0.53373,0.19174,-0.46627,0.19174,-0.40661,0.19181,-0.44098,2.12621,-0.15635,1.99194,-0.15635,1.99194,1.00000,0.00000,0,0.00028
70.1401,0.53249,0.19075,-0.46751,0.19075,-0.45797,0.19145,-0.43209,2.12237,-0.11152,1.98835,-0.11152,1.98835,1.00000,0.00000,0,0.00184
70.2399,0.52657,0.18935,-0.47343,0.18935,-0.46925,0.18947,-0.42278,2.11857,-0.09430,1.98594,-0.09430,1.98594,1.00000,0.00000,0,0.00038
70.3410,0.52264,0.18411,-0.47736,0.18411,-0.47499,0.18618,-0.41333,2.11481,-0.08083,1.98449,-0.08083,1.98449,1.00000,0.00000,0,0.00037
70.4436,0.51356,0.17087,-0.48644,0.17087,-0.48232,0.17633,-0.40374,2.11120,-0.06612,1.98777,-0.06612,1.98777,1.00000,0.00000,0,0.00027
70.5464,0.49923,0.15336,-0.50077,0.15336,-0.49260,0.16184,-0.39399,2.10784,-0.04917,1.99455,-0.04917,1.99455,1.00000,0.00000,0,0.00159
70.6460,0.45756,0.12277,-0.54244,0.12277,-0.52791,0.13769,-0.38373,2.10487,-0.01419,2.00848,-0.01419,2.00848,1.00000,0.00000,0,0.00029
70.7479,0.45578,-0.00356,-0.54422,-0.00356,-0.54559,0.05454,-0.37291,2.10294,0.00900,2.06476,0.00900,2.06476,1.00000,0.00000,0,0.00028
70.8488,0.43843,-0.05236,-0.56157,-0.05236,-0.55838,-0.02664,-0.36187,2.10294,0.02900,2.12159,0.02900,2.12159,1.00000,0.00000,32,0.00028
70.9524,0.41989,-0.15433,-0.58011,-0.15433,-0.56592,-0.11100,-0.35072,2.10424,0.04543,2.18194,0.04543,2.18194,1.00000,0.00000,0,0.00031
71.0555,0.44263,-0.16794,-0.55737,-0.16794,-0.55713,-0.15426,-0.33950,2.10706,0.05049,2.21504,0.05049,2.21504,1.00000,0.00000,0,0.00130
71.1554,0.44916,-0.17652,-0.55084,-0.17652,-0.55167,-0.17062,-0.32841,2.11037,0.05776,2.22980,0.05776,2.22980,1.00000,0.00000,0,0.00027
71.2562,0.45529,-0.18522,-0.54471,-0.18522,-0.54735,-0.18008,-0.31741,2.11390,0.06573,2.23995,0.06573,2.23995,1.00000,0.00000,0,0.00025
71.3578,0.45602,-0.19178,-0.54398,-0.19178,-0.54470,-0.18756,-0.30650,2.11759,0.07480,2.24888,0.07480,2.24888,1.00000,0.00000,0,0.00028
71.4590,0.45335,-0.20138,-0.54665,-0.20138,-0.54533,-0.19682,-0.29560,2.12145,0.08613,2.25923,0.08613,2.25923,1.00000,0.00000,0,0.00027
71.5593,0.45647,-0.20990,-0.54353,-0.20990,-0.54475,-0.20573,-0.28469,2.12549,0.09663,2.26950,0.09663,2.26950,1.00000,0.00000,0,0.00026
71.6613,0.45623,-0.21667,-0.54377,-0.21667,-0.54336,-0.21340,-0.27382,2.12970,0.10654,2.27908,0.10654,2.27908,1.00000,0.00000,0,0.00033
71.7634,0.45833,-0.22303,-0.54167,-0.22303,-0.54245,-0.22078,-0.26296,2.13406,0.11676,2.28861,0.11676,2.28861,1.00000,0.00000,0,0.00037
71.8656,0.45929,-0.23044,-0.54071,-0.23044,-0.54157,-0.22668,-0.25212,2.13854,0.12698,2.29721,0.12698,2.29721,1.00000,0.00000,0,0.00029
71.9669,0.46266,-0.23614,-0.53734,-0.23614,-0.53877,-0.23368,-0.24131,2.14316,0.13582,2.30674,0.13582,2.30674,1.00000,0.00000,0,0.00029
72.0679,0.46649,-0.23977,-0.53351,-0.23977,-0.53562,-0.23758,-0.23058,2.14788,0.14435,2.31419,0.14435,2.31419,1.00000,0.00000,0,0.00028
72.1723,0.46550,-0.24474,-0.53450,-0.24474,-0.53379,-0.24226,-0.21989,2.15268,0.15376,2.32227,0.15376,2.32227,1.00000,0.00000,0,0.00106
72.2733,0.46624,-0.25435,-0.53376,-0.25435,-0.53432,-0.25028,-0.20921,2.15762,0.16481,2.33281,0.16481,2.33281,1.00000,0.00000,0,0.00029
72.3757,0.46601,-0.26176,-0.53399,-0.26176,-0.53399,-0.25824,-0.19853,2.16272,0.17527,2.34350,0.17527,2.34350,1.00000,0.00000,0,0.00040
72.4760,0.46965,-0.26546,-0.53035,-0.26546,-0.53135,-0.26325,-0.18788,2.16795,0.18406,2.35223,0.18406,2.35223,1.00000,0.00000,0,0.00026
72.5783,0.46760,-0.27181,-0.53240,-0.27181,-0.53143,-0.26917,-0.17726,2.17329,0.19474,2.36171,0.19474,2.36171,1.00000,0.00000,0,0.00026
72.6828,0.47378,-0.28026,-0.52622,-0.28026,-0.52824,-0.27568,-0.16666,2.17874,0.20311,2.37172,0.20311,2.37172,1.00000,0.00000,0,0.00126
72.7821,0.47959,-0.28893,-0.52041,-0.28893,-0.52320,-0.28441,-0.15616,2.18436,0.21008,2.38345,0.21008,2.38345,1.00000,0.00000,0,0.00028
72.8854,0.48405,-0.31166,-0.51595,-0.31166,-0.51874,-0.29971,-0.14574,2.19020,0.21737,2.40000,0.21737,2.40000,1.00000,0.00000,0,0.00041
72.9865,0.50745,-0.37486,0.50745,-0.37486,0.32962,-0.35457,-0.13737,2.19685,-0.36811,2.44505,-0.36811,2.44505,0.00000,0.00000,0,0.00034
73.0873,0.51168,-0.37900,0.51168,-0.37900,0.47880,-0.37426,-0.14613,2.20422,-0.48130,2.46620,-0.48130,2.46620,0.00000,0.00000,0,0.00046
73.1887,0.51549,-0.38131,0.51549,-0.38131,0.50711,-0.38087,-0.15611,2.21180,-0.51109,2.47841,-0.51109,2.47841,0.00000,0.00000,0,0.00032
73.2903,0.51652,-0.37628,0.51652,-0.37628,0.51271,-0.37865,-0.16633,2.21940,-0.52522,2.48445,-0.52522,2.48445,0.00000,0.00000,0,0.00034
73.3947,0.51798,-0.36515,0.51798,-0.36515,0.51610,-0.37067,-0.17662,2.22689,-0.53789,2.48636,-0.53789,2.48636,0.00000,0.00000,0,0.00027
73.4971,0.51639,-0.34153,0.51639,-0.34153,0.51627,-0.35286,-0.18695,2.23411,-0.54834,2.48111,-0.54834,2.48111,0.00000,0.00000,0,0.00024
73.5988,0.51853,-0.32319,0.51853,-0.32319,0.51856,-0.33221,-0.19730,2.24091,-0.56029,2.47346,-0.56029,2.47346,0.00000,0.00000,0,0.00029
73.6991,0.52167,-0.29683,0.52167,-0.29683,0.52070,-0.30945,-0.20770,2.24730,-0.57219,2.46391,-0.57219,2.46391,0.00000,0.00000,0,0.00026
73.7999,0.53694,-0.21638,0.53694,-0.21638,0.52803,-0.25358,-0.21816,2.25291,-0.58779,2.43042,-0.58779,2.43042,0.00000,0.00000,0,0.00033
73.9040,0.54748,-0.15674,0.54748,-0.15674,0.54112,-0.18945,-0.22890,2.25722,-0.60769,2.38983,-0.60769,2.38983,0.00000,0.00000,0,0.00026
74.0087,0.58466,-0.10598,0.58466,-0.10598,0.56688,-0.12670,-0.23997,2.26021,-0.63679,2.34890,-0.63679,2.34890,0.00000,0.00000,0,0.00190
74.1115,0.59412,-0.08820,0.59412,-0.08820,0.58794,-0.09759,-0.25159,2.26236,-0.66315,2.33067,-0.66315,2.33067,0.00000,0.00000,0,0.00109
74.2124,0.65177,-0.05856,0.65177,-0.05856,0.62521,-0.07099,-0.26372,2.26401,-0.70137,2.31371,-0.70137,2.31371,0.00000,0.00000,0,0.00029
74.3135,0.69871,-0.00938,0.69871,-0.00938,0.67494,-0.03511,-0.27680,2.26474,-0.74925,2.28932,-0.74925,2.28932,0.00000,0.00000,32,0.00028
74.4156,0.71950,0.01938,0.71950,0.01938,0.70850,0.00340,-0.29075,2.26474,-0.78670,2.26236,-0.78670,2.26236,0.00000,0.00000,32,0.00025
74.5180,0.71865,0.10424,0.71865,0.10424,0.71752,0.06278,-0.30504,2.26449,-0.80730,2.22054,-0.80730,2.22054,0.00000,0.00000,0,0.00027
74.6187,0.71703,0.14726,0.71703,0.14726,0.71666,0.13027,-0.31938,2.26231,-0.82104,2.17112,-0.82104,2.17112,0.00000,0.00000,0,0.00028
74.7211,0.71585,0.15166,0.71585,0.15166,0.71569,0.14755,-0.33371,2.25945,-0.83469,2.15617,-0.83469,2.15617,0.00000,0.00000,0,0.00029
74.8237,0.71354,0.15827,0.71354,0.15827,0.71403,0.15562,-0.34801,2.25639,-0.84783,2.14746,-0.84783,2.14746,0.00000,0.00000,0,0.00027
74.9267,0.71715,0.15769,0.71715,0.15769,0.71504,0.15717,-0.36229,2.25326,-0.86281,2.14324,-0.86281,2.14324,0.00000,0.00000,0,0.00028
75.0287,0.71722,0.16024,0.71722,0.16024,0.71794,0.15928,-0.37663,2.25009,-0.87919,2.13859,-0.87919,2.13859,0.00000,0.00000,0,0.00101
75.1293,0.71992,0.16799,0.71992,0.16799,0.71838,0.16431,-0.39099,2.24686,-0.89386,2.13184,-0.89386,2.13184,0.00000,0.00000,0,0.00028
75.2346,0.72184,0.17483,0.72184,0.17483,0.72205,0.17220,-0.40542,2.24347,-0.91085,2.12293,-0.91085,2.12293,0.00000,0.00000,0,0.00035
75.3359,0.72697,0.18562,0.72697,0.18562,0.72533,0.18114,-0.41990,2.23992,-0.92763,2.11312,-0.92763,2.11312,0.00000,0.00000,0,0.00037
75.4373,0.73173,0.19330,0.73173,0.19330,0.72984,0.18941,-0.43445,2.23620,-0.94534,2.10361,-0.94534,2.10361,0.00000,0.00000,0,0.00033
75.5390,0.72971,0.20413,0.72971,0.20413,0.73036,0.19907,-0.44907,2.23230,-0.96033,2.09295,-0.96033,2.09295,0.00000,0.00000,0,0.00035
75.6404,0.73128,0.21817,0.73128,0.21817,0.73120,0.21253,-0.46369,2.22815,-0.97553,2.07938,-0.97553,2.07938,0.00000,0.00000,0,0.00030
75.7410,0.71950,0.24576,0.71950,0.24576,0.72629,0.23359,-0.47828,2.22367,-0.98668,2.06015,-0.98668,2.06015,0.00000,0.00000,0,0.00037
75.8431,0.67039,0.29510,0.67039,0.29510,0.69123,0.27628,-0.49244,2.21852,-0.97630,2.02512,-0.97630,2.02512,0.00000,0.00000,0,0.00123
